{"type":"FeatureCollection","name":"Cầu (đường xã)","metadata":{"source":"https://hatang.vinhlong.gov.vn/","downloaded_at":"2026-07-20T01:11:16+00:00","layer_id":158,"layer_name":"Cầu (đường xã)","catalog_endpoints":["/map/publicLayers2?inputs=sgtvt"],"requested_bbox":[104.0,8.0,108.0,12.0],"tile_size":0.0,"tile_count":1,"tile_errors":[],"feature_count":330,"coordinate_order":"x,y (thường là longitude,latitude theo cấu hình EPSG:4326 của WebGIS)"},"features":[{"type":"Feature","geometry":{"type":"Point","coordinates":[106.083142995,10.010833063]},"properties":{"Tên cầu":"Cầu Hiếu Thọ (Rạch Tòng)","Tên đường":"ĐH66","Lý trình":"2 + 200","Địa chỉ":"Vũng Liêm - Vĩnh Long","Đối tượng vượt":"Sông","Dạng kết cấu chính":"Dầm, mạng dầm","Sơ đồ nhịp":"Nhá»p giáº£n ÄÆ¡n","Khổ xe chạy":"4.0","Bề rộng cầu":"6.0","Tải trọng thiết kế":"5","Tĩnh không thông thuyền (chiều đứng)":"","Tĩnh không thông thuyền (chiều ngang)":"","Giá trị xây dựng cầu":"","Năm khởi công":"2001","Năm hoàn thành":"","Đơn vị quản lý":"Phòng Kinh tế & Hạ tầng H.Vũng Liêm","Tình trạng cầu":"Trung bình","layer_id":158,"fid":188,"label":"Cầu Hiếu Thọ (Rạch Tòng)"}},{"type":"Feature","geometry":{"type":"Point","coordinates":[105.864204,10.057679]},"properties":{"Tên cầu":"Cầu trường MG Đông Thạnh","Tên đường":"","Lý trình":"","Địa chỉ":"Bình Minh - Vĩnh Long","Đối tượng vượt":"Sông","Dạng kết cấu chính":"Dầm, mạng dầm","Sơ đồ nhịp":"","Khổ xe chạy":"0","Bề rộng cầu":"0","Tải trọng thiết kế":"3","Tĩnh không thông thuyền (chiều đứng)":"","Tĩnh không thông thuyền (chiều ngang)":"","Giá trị xây dựng cầu":"","Năm khởi công":"","Năm hoàn thành":"","Đơn vị quản lý":"Phòng QLĐT TX.Bình Minh","Tình trạng cầu":"","layer_id":158,"fid":309,"label":"Cầu trường MG Đông Thạnh"}},{"type":"Feature","geometry":{"type":"Point","coordinates":[106.12671,10.149004]},"properties":{"Tên cầu":"Cầu Quang Diệu - ĐLX","Tên đường":"","Lý trình":"","Địa chỉ":"Vũng Liêm - Vĩnh Long","Đối tượng vượt":"Rạch(kênh,mương)","Dạng kết cấu chính":"Dầm, mạng dầm","Sơ đồ nhịp":"","Khổ xe chạy":"0","Bề rộng cầu":"0","Tải trọng thiết kế":"","Tĩnh không thông thuyền (chiều đứng)":"","Tĩnh không thông thuyền (chiều ngang)":"","Giá trị xây dựng cầu":"","Năm khởi công":"","Năm hoàn thành":"","Đơn vị quản lý":"Phòng Kinh tế & Hạ tầng H.Vũng Liêm","Tình trạng cầu":"Tốt","layer_id":158,"fid":171,"label":"Cầu Quang Diệu - ĐLX"}},{"type":"Feature","geometry":{"type":"Point","coordinates":[0.0,0.0]},"properties":{"Tên cầu":"Cần Súc","Tên đường":"","Lý trình":"","Địa chỉ":"Tam Bình - Vĩnh Long","Đối tượng vượt":"Rạch(kênh,mương)","Dạng kết cấu chính":"","Sơ đồ nhịp":"","Khổ xe chạy":"0","Bề rộng cầu":"0","Tải trọng thiết kế":"","Tĩnh không thông thuyền (chiều đứng)":"","Tĩnh không thông thuyền (chiều ngang)":"","Giá trị xây dựng cầu":"","Năm khởi công":"","Năm hoàn thành":"","Đơn vị quản lý":"Ban QLDA ĐTXD các CTGT","Tình trạng cầu":"","layer_id":158,"fid":2,"label":"Cần Súc"}},{"type":"Feature","geometry":{"type":"Point","coordinates":[0.0,0.0]},"properties":{"Tên cầu":"Cầu Bông vải","Tên đường":null,"Lý trình":null,"Địa chỉ":"Bình Tân - Vĩnh Long","Đối tượng vượt":"Rạch(kênh,mương)","Dạng kết cấu chính":"","Sơ đồ nhịp":"","Khổ xe chạy":"0","Bề rộng cầu":"0","Tải trọng thiết kế":"","Tĩnh không thông thuyền (chiều đứng)":"","Tĩnh không thông thuyền (chiều ngang)":"","Giá trị xây dựng cầu":"","Năm khởi công":"2010","Năm hoàn thành":"","Đơn vị quản lý":"Tân","Tình trạng cầu":"","layer_id":158,"fid":49,"label":"Cầu Bông vải"}},{"type":"Feature","geometry":{"type":"Point","coordinates":[0.0,0.0]},"properties":{"Tên cầu":"Thuận Nghĩa","Tên đường":"","Lý trình":"4 + 450","Địa chỉ":"Bình Minh - Vĩnh Long","Đối tượng vượt":"Sông","Dạng kết cấu chính":"Dầm, mạng dầm","Sơ đồ nhịp":"","Khổ xe chạy":"0","Bề rộng cầu":"0","Tải trọng thiết kế":"1","Tĩnh không thông thuyền (chiều đứng)":"","Tĩnh không thông thuyền (chiều ngang)":"","Giá trị xây dựng cầu":"","Năm khởi công":"","Năm hoàn thành":"","Đơn vị quản lý":"Phòng QLĐT TX.Bình Minh","Tình trạng cầu":"","layer_id":158,"fid":312,"label":"Thuận Nghĩa"}},{"type":"Feature","geometry":{"type":"Point","coordinates":[105.76595,10.112038]},"properties":{"Tên cầu":"Cầu nga can","Tên đường":"ĐH80","Lý trình":"1 + 304","Địa chỉ":"Bình Tân - Vĩnh Long","Đối tượng vượt":"Rạch(kênh,mương)","Dạng kết cấu chính":"Bản đặc","Sơ đồ nhịp":"","Khổ xe chạy":"0","Bề rộng cầu":"0","Tải trọng thiết kế":"","Tĩnh không thông thuyền (chiều đứng)":"","Tĩnh không thông thuyền (chiều ngang)":"","Giá trị xây dựng cầu":"","Năm khởi công":"2007","Năm hoàn thành":"","Đơn vị quản lý":"Phòng Kinh tế & Hạ tầng H.Bình Tân","Tình trạng cầu":"Trung bình","layer_id":158,"fid":50,"label":"Cầu nga can"}},{"type":"Feature","geometry":{"type":"Point","coordinates":[0.0,0.0]},"properties":{"Tên cầu":"Tư Nguyên","Tên đường":"","Lý trình":"","Địa chỉ":"Trà Ôn - Vĩnh Long","Đối tượng vượt":"Rạch(kênh,mươn","Dạng kết cấu chính":"","Sơ đồ nhịp":"","Khổ xe chạy":"0","Bề rộng cầu":"0","Tải trọng thiết kế":"","Tĩnh không thông thuyền (chiều đứng)":"","Tĩnh không thông thuyền (chiều ngang)":"","Giá trị xây dựng cầu":"","Năm khởi công":"","Năm hoàn thành":"","Đơn vị quản lý":"Ban QLDA ĐTXD các ","Tình trạng cầu":"","layer_id":158,"fid":9,"label":"Tư Nguyên"}},{"type":"Feature","geometry":{"type":"Point","coordinates":[0.0,0.0]},"properties":{"Tên cầu":"Ba So","Tên đường":"","Lý trình":"","Địa chỉ":"Trà Ôn - Vĩnh Long","Đối tượng vượt":"Rạch(kênh,mương)","Dạng kết cấu chính":"","Sơ đồ nhịp":"","Khổ xe chạy":"0","Bề rộng cầu":"0","Tải trọng thiết kế":"","Tĩnh không thông thuyền (chiều đứng)":"","Tĩnh không thông thuyền (chiều ngang)":"","Giá trị xây dựng cầu":"","Năm khởi công":"","Năm hoàn thành":"","Đơn vị quản lý":"Ban QLDA ĐTXD các CTGT","Tình trạng cầu":"","layer_id":158,"fid":11,"label":"Ba So"}},{"type":"Feature","geometry":{"type":"Point","coordinates":[0.0,0.0]},"properties":{"Tên cầu":"An Thành Đông","Tên đường":"","Lý trình":"","Địa chỉ":"Vũng Liêm - Vĩnh Long","Đối tượng vượt":"Rạch(kênh,mương)","Dạng kết cấu chính":"","Sơ đồ nhịp":"","Khổ xe chạy":"0","Bề rộng cầu":"0","Tải trọng thiết kế":"","Tĩnh không thông thuyền (chiều đứng)":"","Tĩnh không thông thuyền (chiều ngang)":"","Giá trị xây dựng cầu":"","Năm khởi công":"","Năm hoàn thành":"","Đơn vị quản lý":"Ban QLDA ĐTXD các CTGT","Tình trạng cầu":"","layer_id":158,"fid":12,"label":"An Thành Đông"}},{"type":"Feature","geometry":{"type":"Point","coordinates":[0.0,0.0]},"properties":{"Tên cầu":"Xẽo Tràm 2","Tên đường":"","Lý trình":"","Địa chỉ":"Trà Ôn - Vĩnh Long","Đối tượng vượt":"Rạch(kênh,mương)","Dạng kết cấu chính":"","Sơ đồ nhịp":"","Khổ xe chạy":"0","Bề rộng cầu":"0","Tải trọng thiết kế":"","Tĩnh không thông thuyền (chiều đứng)":"","Tĩnh không thông thuyền (chiều ngang)":"","Giá trị xây dựng cầu":"","Năm khởi công":"","Năm hoàn thành":"","Đơn vị quản lý":"Ban QLDA ĐTXD các CTGT","Tình trạng cầu":"","layer_id":158,"fid":13,"label":"Xẽo Tràm 2"}},{"type":"Feature","geometry":{"type":"Point","coordinates":[0.0,0.0]},"properties":{"Tên cầu":"Kênh 19/5","Tên đường":"","Lý trình":"","Địa chỉ":"Tam Bình - Vĩnh Long","Đối tượng vượt":"Rạch(kênh,mương)","Dạng kết cấu chính":"","Sơ đồ nhịp":"","Khổ xe chạy":"0","Bề rộng cầu":"0","Tải trọng thiết kế":"","Tĩnh không thông thuyền (chiều đứng)":"","Tĩnh không thông thuyền (chiều ngang)":"","Giá trị xây dựng cầu":"","Năm khởi công":"","Năm hoàn thành":"","Đơn vị quản lý":"Ban QLDA ĐTXD các CTGT","Tình trạng cầu":"","layer_id":158,"fid":14,"label":"Kênh 19/5"}},{"type":"Feature","geometry":{"type":"Point","coordinates":[0.0,0.0]},"properties":{"Tên cầu":"Tư Nguyên","Tên đường":null,"Lý trình":null,"Địa chỉ":"Trà Ôn - Vĩnh Long","Đối tượng vượt":"g)","Dạng kết cấu chính":"","Sơ đồ nhịp":"","Khổ xe chạy":"0","Bề rộng cầu":"0","Tải trọng thiết kế":"","Tĩnh không thông thuyền (chiều đứng)":"","Tĩnh không thông thuyền (chiều ngang)":"","Giá trị xây dựng cầu":"","Năm khởi công":"","Năm hoàn thành":"","Đơn vị quản lý":"CTGT","Tình trạng cầu":"","layer_id":158,"fid":10,"label":"Tư Nguyên"}},{"type":"Feature","geometry":{"type":"Point","coordinates":[106.257645,10.083078]},"properties":{"Tên cầu":"Cầu Đình - ĐLX","Tên đường":"","Lý trình":"","Địa chỉ":"Vũng Liêm - Vĩnh Long","Đối tượng vượt":"Rạch(kênh,mương)","Dạng kết cấu chính":"Dầm, mạng dầm","Sơ đồ nhịp":"Nhá»p giáº£n ÄÆ¡n","Khổ xe chạy":"1.5","Bề rộng cầu":"1.7","Tải trọng thiết kế":"1","Tĩnh không thông thuyền (chiều đứng)":"","Tĩnh không thông thuyền (chiều ngang)":"","Giá trị xây dựng cầu":"","Năm khởi công":"","Năm hoàn thành":"","Đơn vị quản lý":"Phòng Kinh tế & Hạ tầng H.Vũng ","Tình trạng cầu":"Yếu","layer_id":158,"fid":161,"label":"Cầu Đình - ĐLX"}},{"type":"Feature","geometry":{"type":"Point","coordinates":[0.0,0.0]},"properties":{"Tên cầu":"Ngã Con","Tên đường":"","Lý trình":"","Địa chỉ":"Bình Minh - Vĩnh Long","Đối tượng vượt":"Rạch(kênh,mương)","Dạng kết cấu chính":"","Sơ đồ nhịp":"","Khổ xe chạy":"0","Bề rộng cầu":"0","Tải trọng thiết kế":"","Tĩnh không thông thuyền (chiều đứng)":"","Tĩnh không thông thuyền (chiều ngang)":"","Giá trị xây dựng cầu":"","Năm khởi công":"","Năm hoàn thành":"","Đơn vị quản lý":"Ban QLDA ĐTXD các CTGT","Tình trạng cầu":"","layer_id":158,"fid":15,"label":"Ngã Con"}},{"type":"Feature","geometry":{"type":"Point","coordinates":[0.0,0.0]},"properties":{"Tên cầu":"Rạch Sung","Tên đường":"","Lý trình":"","Địa chỉ":"Trà Ôn - Vĩnh Long","Đối tượng vượt":"Rạch(kênh,mương)","Dạng kết cấu chính":"Dầm, mạng dầm","Sơ đồ nhịp":"","Khổ xe chạy":"0","Bề rộng cầu":"0","Tải trọng thiết kế":"","Tĩnh không thông thuyền (chiều đứng)":"","Tĩnh không thông thuyền (chiều ngang)":"","Giá trị xây dựng cầu":"","Năm khởi công":"","Năm hoàn thành":"","Đơn vị quản lý":"Ban QLDA ĐTXD các CTGT","Tình trạng cầu":"","layer_id":158,"fid":16,"label":"Rạch Sung"}},{"type":"Feature","geometry":{"type":"Point","coordinates":[5009.38,9992.722]},"properties":{"Tên cầu":"Cống Đông Thành A","Tên đường":"Liên xã Đông Thành-Đông Thạnh","Lý trình":"","Địa chỉ":"Bình Minh - Vĩnh Long","Đối tượng vượt":"Rạch(kênh,mương)","Dạng kết cấu chính":"Khung","Sơ đồ nhịp":"2+2+2","Khổ xe chạy":"3.0","Bề rộng cầu":"3.5","Tải trọng thiết kế":"0.65HL93","Tĩnh không thông thuyền (chiều đứng)":"1.0","Tĩnh không thông thuyền (chiều ngang)":"2.0","Giá trị xây dựng cầu":"923.0","Năm khởi công":"2017","Năm hoàn thành":"2018","Đơn vị quản lý":"Ban QLDA ĐTXD các CTGT","Tình trạng cầu":"Rất tốt","layer_id":158,"fid":17,"label":"Cống Đông Thành A"}},{"type":"Feature","geometry":{"type":"Point","coordinates":[4997.908,9989.366]},"properties":{"Tên cầu":"Ấp Giữa","Tên đường":"Liên ấp  Giữa-Cần Súc, xã Loan Mỹ","Lý trình":"","Địa chỉ":"Tam Bình - Vĩnh Long","Đối tượng vượt":"Rạch(kênh,mương)","Dạng kết cấu chính":"Dầm, mạng dầm","Sơ đồ nhịp":"6+8+6","Khổ xe chạy":"2.0","Bề rộng cầu":"2.5","Tải trọng thiết kế":"0.45HL93","Tĩnh không thông thuyền (chiều đứng)":"2.2","Tĩnh không thông thuyền (chiều ngang)":"6.0","Giá trị xây dựng cầu":"957.0","Năm khởi công":"2017","Năm hoàn thành":"2018","Đơn vị quản lý":"Ban QLDA ĐTXD các CTGT","Tình trạng cầu":"Rất tốt","layer_id":158,"fid":18,"label":"Ấp Giữa"}},{"type":"Feature","geometry":{"type":"Point","coordinates":[552205.1,1105106.5]},"properties":{"Tên cầu":"Chùa Cần Thay","Tên đường":"Liên ấp Cần Thay- Trà Mòn,xã Tân Mỹ","Lý trình":"","Địa chỉ":"Trà Ôn - Vĩnh Long","Đối tượng vượt":"Rạch(kênh,mương)","Dạng kết cấu chính":"Dầm, mạng dầm","Sơ đồ nhịp":"8+10+8","Khổ xe chạy":"3.0","Bề rộng cầu":"3.5","Tải trọng thiết kế":"5KN","Tĩnh không thông thuyền (chiều đứng)":"2.0","Tĩnh không thông thuyền (chiều ngang)":"8.0","Giá trị xây dựng cầu":"2.0","Năm khởi công":"2018","Năm hoàn thành":"","Đơn vị quản lý":"Ban QLDA ĐTXD các CTGT","Tình trạng cầu":"","layer_id":158,"fid":19,"label":"Chùa Cần Thay"}},{"type":"Feature","geometry":{"type":"Point","coordinates":[1000.0,1000.0]},"properties":{"Tên cầu":"Cống Cây Điệp","Tên đường":"Liên ấp  Đục Dong-Cây Điệp, xã Thiện ","Lý trình":"","Địa chỉ":"Trà Ôn - Vĩnh Long","Đối tượng vượt":"Rạch(kênh,mương)","Dạng kết cấu chính":"Khung","Sơ đồ nhịp":"1X5m","Khổ xe chạy":"3.0","Bề rộng cầu":"3.5","Tải trọng thiết kế":"0,45HL93","Tĩnh không thông thuyền (chiều đứng)":"1.45","Tĩnh không thông thuyền (chiều ngang)":"4.0","Giá trị xây dựng cầu":"1.0","Năm khởi công":"2019","Năm hoàn thành":"2019","Đơn vị quản lý":"Ban QLDA ĐTXD các CTGT","Tình trạng cầu":"","layer_id":158,"fid":20,"label":"Cống Cây Điệp"}},{"type":"Feature","geometry":{"type":"Point","coordinates":[1000.0,1000.0]},"properties":{"Tên cầu":"Cống Cây Điệp","Tên đường":"Mỹ","Lý trình":null,"Địa chỉ":"Trà Ôn - Vĩnh Long","Đối tượng vượt":"Rạch(kênh,mương)","Dạng kết cấu chính":"Khung","Sơ đồ nhịp":"1X5m","Khổ xe chạy":"3.0","Bề rộng cầu":"3.5","Tải trọng thiết kế":"0,45HL93","Tĩnh không thông thuyền (chiều đứng)":"1.45","Tĩnh không thông thuyền (chiều ngang)":"4.0","Giá trị xây dựng cầu":"1.0","Năm khởi công":"2019","Năm hoàn thành":"2019","Đơn vị quản lý":"Ban QLDA ĐTXD các CTGT","Tình trạng cầu":"","layer_id":158,"fid":21,"label":"Cống Cây Điệp"}},{"type":"Feature","geometry":{"type":"Point","coordinates":[1000.0,1000.0]},"properties":{"Tên cầu":"Kênh Giữa Đồng","Tên đường":"Liên ấp  Đông Hòa 1-Đông Hòa 2,xã Đông Thành","Lý trình":"","Địa chỉ":"Bình Minh - Vĩnh Long","Đối tượng vượt":"Rạch(kênh,mương)","Dạng kết cấu chính":"Dầm, mạng dầm","Sơ đồ nhịp":"8+8+8","Khổ xe chạy":"3.0","Bề rộng cầu":"3.5","Tải trọng thiết kế":"0.45HL93","Tĩnh không thông thuyền (chiều đứng)":"2.0","Tĩnh không thông thuyền (chiều ngang)":"6.0","Giá trị xây dựng cầu":"2.0","Năm khởi công":"2019","Năm hoàn thành":"2019","Đơn vị quản lý":"Ban QLDA ĐTXD các CTGT","Tình trạng cầu":"","layer_id":158,"fid":22,"label":"Kênh Giữa Đồng"}},{"type":"Feature","geometry":{"type":"Point","coordinates":[1000.0,1000.0]},"properties":{"Tên cầu":"Mương Ngang","Tên đường":"Liên ấp Đông Hưng 1-Hóa Thành 2, xã  Đông Thành","Lý trình":"","Địa chỉ":"Bình Minh - Vĩnh Long","Đối tượng vượt":"Rạch(kênh,mương)","Dạng kết cấu chính":"Dầm, mạng dầm","Sơ đồ nhịp":"6+6+6","Khổ xe chạy":"3.0","Bề rộng cầu":"3.5","Tải trọng thiết kế":"5KN","Tĩnh không thông thuyền (chiều đứng)":"2.0","Tĩnh không thông thuyền (chiều ngang)":"4.5","Giá trị xây dựng cầu":"1.0","Năm khởi công":"2019","Năm hoàn thành":"2019","Đơn vị quản lý":"Ban QLDA ĐTXD các CTGT","Tình trạng cầu":"","layer_id":158,"fid":23,"label":"Mương Ngang"}},{"type":"Feature","geometry":{"type":"Point","coordinates":[4995.04,9993.752]},"properties":{"Tên cầu":"Trà Xiết","Tên đường":"Liên ấp  Gia Kiết, xã Tân Mỹ","Lý trình":"","Địa chỉ":"Trà Ôn - Vĩnh Long","Đối tượng vượt":"Rạch(kênh,mương)","Dạng kết cấu chính":"Dầm, mạng dầm","Sơ đồ nhịp":"6+6+6","Khổ xe chạy":"2.0","Bề rộng cầu":"2.5","Tải trọng thiết kế":"5KN","Tĩnh không thông thuyền (chiều đứng)":"2.0","Tĩnh không thông thuyền (chiều ngang)":"4.0","Giá trị xây dựng cầu":"999.0","Năm khởi công":"2017","Năm hoàn thành":"2018","Đơn vị quản lý":"Ban QLDA ĐTXD các CTGT","Tình trạng cầu":"Rất tốt","layer_id":158,"fid":24,"label":"Trà Xiết"}},{"type":"Feature","geometry":{"type":"Point","coordinates":[4996.681,10006.136]},"properties":{"Tên cầu":"Hai Liêm","Tên đường":"ĐHLA,MH-MH,TM","Lý trình":"","Địa chỉ":"Trà Ôn - Vĩnh Long","Đối tượng vượt":"Rạch(kênh,mương)","Dạng kết cấu chính":"Dầm, mạng dầm","Sơ đồ nhịp":"8+10+8","Khổ xe chạy":"3.0","Bề rộng cầu":"3.5","Tải trọng thiết kế":"0.45HL93","Tĩnh không thông thuyền (chiều đứng)":"2.5","Tĩnh không thông thuyền (chiều ngang)":"8.0","Giá trị xây dựng cầu":"2.0","Năm khởi công":"2017","Năm hoàn thành":"2018","Đơn vị quản lý":"Ban QLDA ĐTXD các CTGT","Tình trạng cầu":"Rất tốt","layer_id":158,"fid":25,"label":"Hai Liêm"}},{"type":"Feature","geometry":{"type":"Point","coordinates":[5012.249,10000.352]},"properties":{"Tên cầu":"Chùa Ông","Tên đường":"ĐHLA,MH-MH,TM","Lý trình":"","Địa chỉ":"Bình Minh - Vĩnh Long","Đối tượng vượt":"Rạch(kênh,mương)","Dạng kết cấu chính":"Dầm, mạng dầm","Sơ đồ nhịp":"6+8+6","Khổ xe chạy":"3.0","Bề rộng cầu":"3.5","Tải trọng thiết kế":"5KN","Tĩnh không thông thuyền (chiều đứng)":"1.5","Tĩnh không thông thuyền (chiều ngang)":"6.0","Giá trị xây dựng cầu":"1.0","Năm khởi công":"2017","Năm hoàn thành":"","Đơn vị quản lý":"Ban QLDA ĐTXD các CTGT","Tình trạng cầu":"Rất tốt","layer_id":158,"fid":26,"label":"Chùa Ông"}},{"type":"Feature","geometry":{"type":"Point","coordinates":[106.22165,10.082464]},"properties":{"Tên cầu":"Cầu Tám Nhuận","Tên đường":"Trung Thành - Trung Thành Đông","Lý trình":"0 + 840","Địa chỉ":"Vũng Liêm - Vĩnh Long","Đối tượng vượt":"Rạch(kênh,mương)","Dạng kết cấu chính":"Dầm, mạng dầm","Sơ đồ nhịp":"Nhá»p giáº£n ÄÆ¡n","Khổ xe chạy":"3.5","Bề rộng cầu":"5.5","Tải trọng thiết kế":"5","Tĩnh không thông thuyền (chiều đứng)":"","Tĩnh không thông thuyền (chiều ngang)":"","Giá trị xây dựng cầu":"","Năm khởi công":"","Năm hoàn thành":"","Đơn vị quản lý":"Phòng Kinh tế & Hạ tầng H.Vũng Liêm","Tình trạng cầu":"Tốt","layer_id":158,"fid":183,"label":"Cầu Tám Nhuận"}},{"type":"Feature","geometry":{"type":"Point","coordinates":[105.84942,10.043718]},"properties":{"Tên cầu":"Cầu Trường học Phù Ly","Tên đường":"ĐH53","Lý trình":"","Địa chỉ":"Bình Minh - Vĩnh Long","Đối tượng vượt":"","Dạng kết cấu chính":"Dầm, mạng dầm","Sơ đồ nhịp":"","Khổ xe chạy":"0","Bề rộng cầu":"0","Tải trọng thiết kế":"5","Tĩnh không thông thuyền (chiều đứng)":"","Tĩnh không thông thuyền (chiều ngang)":"","Giá trị xây dựng cầu":"","Năm khởi công":"2010","Năm hoàn thành":"","Đơn vị quản lý":"Phòng QLĐT TX.Bình Minh","Tình trạng cầu":"","layer_id":158,"fid":317,"label":"Cầu Trường học Phù Ly"}},{"type":"Feature","geometry":{"type":"Point","coordinates":[105.84723,10.041329]},"properties":{"Tên cầu":"Bờ Đai","Tên đường":"ĐH54","Lý trình":"0 + 350","Địa chỉ":"Bình Minh - Vĩnh Long","Đối tượng vượt":"Sông","Dạng kết cấu chính":"Dầm, mạng dầm","Sơ đồ nhịp":"","Khổ xe chạy":"0","Bề rộng cầu":"0","Tải trọng thiết kế":"8","Tĩnh không thông thuyền (chiều đứng)":"","Tĩnh không thông thuyền (chiều ngang)":"","Giá trị xây dựng cầu":"","Năm khởi công":"","Năm hoàn thành":"","Đơn vị quản lý":"Phòng QLĐT TX.Bình Minh","Tình trạng cầu":"","layer_id":158,"fid":322,"label":"Bờ Đai"}},{"type":"Feature","geometry":{"type":"Point","coordinates":[0.0,0.0]},"properties":{"Tên cầu":"Tám Khánh","Tên đường":"","Lý trình":"","Địa chỉ":"Trà Ôn - Vĩnh Long","Đối tượng vượt":"Rạch(kênh,mương)","Dạng kết cấu chính":"Dầm, mạng dầm","Sơ đồ nhịp":"","Khổ xe chạy":"0","Bề rộng cầu":"0","Tải trọng thiết kế":"","Tĩnh không thông thuyền (chiều đứng)":"","Tĩnh không thông thuyền (chiều ngang)":"","Giá trị xây dựng cầu":"","Năm khởi công":"2017","Năm hoàn thành":"","Đơn vị quản lý":"Ban QLDA ĐTXD các CTGT","Tình trạng cầu":"Rất tốt","layer_id":158,"fid":1,"label":"Tám Khánh"}},{"type":"Feature","geometry":{"type":"Point","coordinates":[0.0,0.0]},"properties":{"Tên cầu":"Tám Suông","Tên đường":"","Lý trình":"","Địa chỉ":"Trà Ôn - Vĩnh Long","Đối tượng vượt":"Rạch(kênh,mương)","Dạng kết cấu chính":"","Sơ đồ nhịp":"","Khổ xe chạy":"0","Bề rộng cầu":"0","Tải trọng thiết kế":"","Tĩnh không thông thuyền (chiều đứng)":"","Tĩnh không thông thuyền (chiều ngang)":"","Giá trị xây dựng cầu":"","Năm khởi công":"","Năm hoàn thành":"","Đơn vị quản lý":"Ban QLDA ĐTXD các CTGT","Tình trạng cầu":"","layer_id":158,"fid":3,"label":"Tám Suông"}},{"type":"Feature","geometry":{"type":"Point","coordinates":[0.0,0.0]},"properties":{"Tên cầu":"Cống Cây Điệp","Tên đường":"","Lý trình":"","Địa chỉ":" - Vĩnh Long","Đối tượng vượt":"Rạch(kênh,mương)","Dạng kết cấu chính":"Dầm, mạng dầm","Sơ đồ nhịp":"6+8+8","Khổ xe chạy":"2.0","Bề rộng cầu":"2.5","Tải trọng thiết kế":"5KN","Tĩnh không thông thuyền (chiều đứng)":"2.0","Tĩnh không thông thuyền (chiều ngang)":"","Giá trị xây dựng cầu":"","Năm khởi công":"","Năm hoàn thành":"2019","Đơn vị quản lý":"Ban QLDA ĐTXD các CTGT","Tình trạng cầu":"","layer_id":158,"fid":4,"label":"Cống Cây Điệp"}},{"type":"Feature","geometry":{"type":"Point","coordinates":[0.0,0.0]},"properties":{"Tên cầu":"Rạch Múc","Tên đường":"","Lý trình":"","Địa chỉ":"Bình Minh - Vĩnh Long","Đối tượng vượt":"Rạch(kênh,mương)","Dạng kết cấu chính":"","Sơ đồ nhịp":"","Khổ xe chạy":"0","Bề rộng cầu":"0","Tải trọng thiết kế":"","Tĩnh không thông thuyền (chiều đứng)":"","Tĩnh không thông thuyền (chiều ngang)":"","Giá trị xây dựng cầu":"","Năm khởi công":"","Năm hoàn thành":"","Đơn vị quản lý":"Ban QLDA ĐTXD các CTGT","Tình trạng cầu":"","layer_id":158,"fid":5,"label":"Rạch Múc"}},{"type":"Feature","geometry":{"type":"Point","coordinates":[0.0,0.0]},"properties":{"Tên cầu":"Phạm Thị mến 1","Tên đường":"","Lý trình":"","Địa chỉ":"Trà Ôn - Vĩnh Long","Đối tượng vượt":"Rạch(kênh,mương)","Dạng kết cấu chính":"","Sơ đồ nhịp":"","Khổ xe chạy":"0","Bề rộng cầu":"0","Tải trọng thiết kế":"","Tĩnh không thông thuyền (chiều đứng)":"","Tĩnh không thông thuyền (chiều ngang)":"","Giá trị xây dựng cầu":"","Năm khởi công":"","Năm hoàn thành":"","Đơn vị quản lý":"Ban QLDA ĐTXD các CTGT","Tình trạng cầu":"","layer_id":158,"fid":6,"label":"Phạm Thị mến 1"}},{"type":"Feature","geometry":{"type":"Point","coordinates":[0.0,0.0]},"properties":{"Tên cầu":"Rạch Tra","Tên đường":"","Lý trình":"","Địa chỉ":"Trà Ôn - Vĩnh Long","Đối tượng vượt":"Rạch(kênh,mương)","Dạng kết cấu chính":"","Sơ đồ nhịp":"","Khổ xe chạy":"0","Bề rộng cầu":"0","Tải trọng thiết kế":"","Tĩnh không thông thuyền (chiều đứng)":"","Tĩnh không thông thuyền (chiều ngang)":"","Giá trị xây dựng cầu":"","Năm khởi công":"","Năm hoàn thành":"","Đơn vị quản lý":"Ban QLDA ĐTXD các CTGT","Tình trạng cầu":"","layer_id":158,"fid":7,"label":"Rạch Tra"}},{"type":"Feature","geometry":{"type":"Point","coordinates":[0.0,0.0]},"properties":{"Tên cầu":"Bảy Thửa","Tên đường":"","Lý trình":"","Địa chỉ":"Bình Minh - Vĩnh Long","Đối tượng vượt":"Rạch(kênh,mương)","Dạng kết cấu chính":"","Sơ đồ nhịp":"","Khổ xe chạy":"0","Bề rộng cầu":"0","Tải trọng thiết kế":"","Tĩnh không thông thuyền (chiều đứng)":"","Tĩnh không thông thuyền (chiều ngang)":"","Giá trị xây dựng cầu":"","Năm khởi công":"","Năm hoàn thành":"","Đơn vị quản lý":"Ban QLDA ĐTXD các CTGT","Tình trạng cầu":"","layer_id":158,"fid":8,"label":"Bảy Thửa"}},{"type":"Feature","geometry":{"type":"Point","coordinates":[552074.1,1102905.8]},"properties":{"Tên cầu":"Chùa Bà Héc","Tên đường":"Liên ấp Mỹ Thuận- Trà Mòn-Gia Kiết, xã Tân Mỹ","Lý trình":"","Địa chỉ":"Trà Ôn - Vĩnh Long","Đối tượng vượt":"Rạch(kênh,mương)","Dạng kết cấu chính":"Dầm, mạng dầm","Sơ đồ nhịp":"8+10+8","Khổ xe chạy":"2.0","Bề rộng cầu":"2.5","Tải trọng thiết kế":"5KN","Tĩnh không thông thuyền (chiều đứng)":"2.0","Tĩnh không thông thuyền (chiều ngang)":"8.0","Giá trị xây dựng cầu":"2.0","Năm khởi công":"2018","Năm hoàn thành":"","Đơn vị quản lý":"Ban QLDA ĐTXD các CTGT","Tình trạng cầu":"","layer_id":158,"fid":27,"label":"Chùa Bà Héc"}},{"type":"Feature","geometry":{"type":"Point","coordinates":[1035.282,1000.0]},"properties":{"Tên cầu":"Vàm Ban Chan","Tên đường":"Liên ấp  Ông Tấn-Xẻo Tràm, xã Trà Côn","Lý trình":"","Địa chỉ":"Trà Ôn - Vĩnh Long","Đối tượng vượt":"Rạch(kênh,mương)","Dạng kết cấu chính":"Dầm, mạng dầm","Sơ đồ nhịp":"10+12+10","Khổ xe chạy":"3.0","Bề rộng cầu":"3.5","Tải trọng thiết kế":"0,45HL93","Tĩnh không thông thuyền (chiều đứng)":"2.5","Tĩnh không thông thuyền (chiều ngang)":"8.0","Giá trị xây dựng cầu":"2.0","Năm khởi công":"2019","Năm hoàn thành":"2019","Đơn vị quản lý":"Ban QLDA ĐTXD các CTGT","Tình trạng cầu":"","layer_id":158,"fid":28,"label":"Vàm Ban Chan"}},{"type":"Feature","geometry":{"type":"Point","coordinates":[5003.015,10033.946]},"properties":{"Tên cầu":"Thuận Nghĩa","Tên đường":"ĐHLA,TAA-B,TA","Lý trình":"","Địa chỉ":"Bình Minh - Vĩnh Long","Đối tượng vượt":"Rạch(kênh,mương)","Dạng kết cấu chính":"Dầm, mạng dầm","Sơ đồ nhịp":"10+10+10","Khổ xe chạy":"3.0","Bề rộng cầu":"3.5","Tải trọng thiết kế":"0.45HL93","Tĩnh không thông thuyền (chiều đứng)":"2.5","Tĩnh không thông thuyền (chiều ngang)":"8.0","Giá trị xây dựng cầu":"2.0","Năm khởi công":"2017","Năm hoàn thành":"2018","Đơn vị quản lý":"Ban QLDA ĐTXD các CTGT","Tình trạng cầu":"Rất tốt","layer_id":158,"fid":29,"label":"Thuận Nghĩa"}},{"type":"Feature","geometry":{"type":"Point","coordinates":[425137.0,1111148.0]},"properties":{"Tên cầu":"Gò Găng","Tên đường":"Liên ấp  Tổng Hưng-Bình Hòa,xã Loan Mỹ","Lý trình":"","Địa chỉ":"Trà Ôn - Vĩnh Long","Đối tượng vượt":"Rạch(kênh,mương)","Dạng kết cấu chính":"Dầm, mạng dầm","Sơ đồ nhịp":"1x14","Khổ xe chạy":"2.0","Bề rộng cầu":"2.5","Tải trọng thiết kế":"5KN","Tĩnh không thông thuyền (chiều đứng)":"1.5","Tĩnh không thông thuyền (chiều ngang)":"6.0","Giá trị xây dựng cầu":"569.0","Năm khởi công":"2017","Năm hoàn thành":"2018","Đơn vị quản lý":"Ban QLDA ĐTXD các CTGT","Tình trạng cầu":"Rất tốt","layer_id":158,"fid":30,"label":"Gò Găng"}},{"type":"Feature","geometry":{"type":"Point","coordinates":[550396.0,1099540.0]},"properties":{"Tên cầu":"Kim Liên","Tên đường":"Liên ấp Tích Khánh- Đục Dong,xã Thiện Mỹ","Lý trình":"","Địa chỉ":"Trà Ôn - Vĩnh Long","Đối tượng vượt":"Rạch(kênh,mương)","Dạng kết cấu chính":"Dầm, mạng dầm","Sơ đồ nhịp":"12+20+12","Khổ xe chạy":"3.0","Bề rộng cầu":"3.5","Tải trọng thiết kế":"0.45HL93","Tĩnh không thông thuyền (chiều đứng)":"3.37","Tĩnh không thông thuyền (chiều ngang)":"16.0","Giá trị xây dựng cầu":"3.0","Năm khởi công":"2018","Năm hoàn thành":"","Đơn vị quản lý":"Ban QLDA ĐTXD các CTGT","Tình trạng cầu":"","layer_id":158,"fid":31,"label":"Kim Liên"}},{"type":"Feature","geometry":{"type":"Point","coordinates":[552875.1,1103881.6]},"properties":{"Tên cầu":"Năm Ninh","Tên đường":"ĐHLA,TM-GK,TM","Lý trình":"","Địa chỉ":"Trà Ôn - Vĩnh Long","Đối tượng vượt":"Rạch(kênh,mương)","Dạng kết cấu chính":"Dầm, mạng dầm","Sơ đồ nhịp":"6+8+6","Khổ xe chạy":"3.0","Bề rộng cầu":"3.5","Tải trọng thiết kế":"5KN","Tĩnh không thông thuyền (chiều đứng)":"2.0","Tĩnh không thông thuyền (chiều ngang)":"6.0","Giá trị xây dựng cầu":"2.0","Năm khởi công":"2018","Năm hoàn thành":"","Đơn vị quản lý":"Ban QLDA ĐTXD các CTGT","Tình trạng cầu":"","layer_id":158,"fid":32,"label":"Năm Ninh"}},{"type":"Feature","geometry":{"type":"Point","coordinates":[533193.0,1115200.0]},"properties":{"Tên cầu":"Đường Trâu","Tên đường":"Liên ấp  Thuận Tân A-B, xã Thuận An","Lý trình":"","Địa chỉ":"Bình Minh - Vĩnh Long","Đối tượng vượt":"Rạch(kênh,mương)","Dạng kết cấu chính":"Dầm, mạng dầm","Sơ đồ nhịp":"6+8+6","Khổ xe chạy":"2.0","Bề rộng cầu":"2.5","Tải trọng thiết kế":"5KN","Tĩnh không thông thuyền (chiều đứng)":"2.15","Tĩnh không thông thuyền (chiều ngang)":"4.0","Giá trị xây dựng cầu":"3.0","Năm khởi công":"2018","Năm hoàn thành":"","Đơn vị quản lý":"Ban QLDA ĐTXD các CTGT","Tình trạng cầu":"","layer_id":158,"fid":33,"label":"Đường Trâu"}},{"type":"Feature","geometry":{"type":"Point","coordinates":[5012.154,9994.395]},"properties":{"Tên cầu":"Cà Ná","Tên đường":"Liên xã  Loan Mỹ-Bình Ninh","Lý trình":"","Địa chỉ":"Tam Bình - Vĩnh Long","Đối tượng vượt":"Rạch(kênh,mương)","Dạng kết cấu chính":"Dầm, mạng dầm","Sơ đồ nhịp":"10+10+10","Khổ xe chạy":"2.0","Bề rộng cầu":"2.5","Tải trọng thiết kế":"5KN","Tĩnh không thông thuyền (chiều đứng)":"1.5","Tĩnh không thông thuyền (chiều ngang)":"8.0","Giá trị xây dựng cầu":"1.0","Năm khởi công":"2017","Năm hoàn thành":"2018","Đơn vị quản lý":"Ban QLDA ĐTXD các CTGT","Tình trạng cầu":"Rất tốt","layer_id":158,"fid":34,"label":"Cà Ná"}},{"type":"Feature","geometry":{"type":"Point","coordinates":[1000.0,1000.0]},"properties":{"Tên cầu":"Ngọn Đuôi Ma","Tên đường":"Liên xóm,  ấp Đông Bình, xã Đông Bình","Lý trình":"","Địa chỉ":"Bình Minh - Vĩnh Long","Đối tượng vượt":"Rạch(kênh,mương)","Dạng kết cấu chính":"Dầm, mạng dầm","Sơ đồ nhịp":"6+8+6","Khổ xe chạy":"3.0","Bề rộng cầu":"3.5","Tải trọng thiết kế":"0.45HL93","Tĩnh không thông thuyền (chiều đứng)":"2.0","Tĩnh không thông thuyền (chiều ngang)":"6.0","Giá trị xây dựng cầu":"2.0","Năm khởi công":"2019","Năm hoàn thành":"2019","Đơn vị quản lý":"Ban QLDA ĐTXD các CTGT","Tình trạng cầu":"","layer_id":158,"fid":35,"label":"Ngọn Đuôi Ma"}},{"type":"Feature","geometry":{"type":"Point","coordinates":[1000.0,1000.0]},"properties":{"Tên cầu":"Vĩnh Hội","Tên đường":"Liên xã  Hựu Thành-Thuận Thới","Lý trình":"","Địa chỉ":"Trà Ôn - Vĩnh Long","Đối tượng vượt":"Rạch(kênh,mương)","Dạng kết cấu chính":"Dầm, mạng dầm","Sơ đồ nhịp":"10+10+10","Khổ xe chạy":"3.0","Bề rộng cầu":"3.5","Tải trọng thiết kế":"5KN","Tĩnh không thông thuyền (chiều đứng)":"2.0","Tĩnh không thông thuyền (chiều ngang)":"8.0","Giá trị xây dựng cầu":"2.0","Năm khởi công":"2019","Năm hoàn thành":"2019","Đơn vị quản lý":"Ban QLDA ĐTXD các CTGT","Tình trạng cầu":"","layer_id":158,"fid":36,"label":"Vĩnh Hội"}},{"type":"Feature","geometry":{"type":"Point","coordinates":[1000.0,1000.0]},"properties":{"Tên cầu":"Kênh Đầu Đất","Tên đường":"Liên xã  Hựu Thành-Thuận Thới","Lý trình":"","Địa chỉ":"Trà Ôn - Vĩnh Long","Đối tượng vượt":"Rạch(kênh,mương)","Dạng kết cấu chính":"Bản đặc","Sơ đồ nhịp":"4+6+4","Khổ xe chạy":"3.0","Bề rộng cầu":"3.5","Tải trọng thiết kế":"5KN","Tĩnh không thông thuyền (chiều đứng)":"2.5","Tĩnh không thông thuyền (chiều ngang)":"4.0","Giá trị xây dựng cầu":"1.0","Năm khởi công":"2019","Năm hoàn thành":"2019","Đơn vị quản lý":"Ban QLDA ĐTXD các CTGT","Tình trạng cầu":"","layer_id":158,"fid":37,"label":"Kênh Đầu Đất"}},{"type":"Feature","geometry":{"type":"Point","coordinates":[4988.404,9998.424]},"properties":{"Tên cầu":"Phạm Thị Mến","Tên đường":"Liên xã  Loan Mỹ-Ngãi Tứ","Lý trình":"","Địa chỉ":"Trà Ôn - Vĩnh Long","Đối tượng vượt":"Rạch(kênh,mương)","Dạng kết cấu chính":"Dầm, mạng dầm","Sơ đồ nhịp":"6+10+6","Khổ xe chạy":"2.0","Bề rộng cầu":"2.5","Tải trọng thiết kế":"5KN","Tĩnh không thông thuyền (chiều đứng)":"2.0","Tĩnh không thông thuyền (chiều ngang)":"8.0","Giá trị xây dựng cầu":"1.0","Năm khởi công":"2017","Năm hoàn thành":"2018","Đơn vị quản lý":"Ban QLDA ĐTXD các CTGT","Tình trạng cầu":"","layer_id":158,"fid":38,"label":"Phạm Thị Mến"}},{"type":"Feature","geometry":{"type":"Point","coordinates":[5010.675,9997.548]},"properties":{"Tên cầu":"Kênh Nối","Tên đường":"Liên xã  Loan Mỹ-Ngãi Tứ","Lý trình":"","Địa chỉ":"Tam Bình - Vĩnh Long","Đối tượng vượt":"Rạch(kênh,mương)","Dạng kết cấu chính":"Dầm, mạng dầm","Sơ đồ nhịp":"1x14","Khổ xe chạy":"3.0","Bề rộng cầu":"3.5","Tải trọng thiết kế":"5KN","Tĩnh không thông thuyền (chiều đứng)":"1.5","Tĩnh không thông thuyền (chiều ngang)":"6.0","Giá trị xây dựng cầu":"862.0","Năm khởi công":"2017","Năm hoàn thành":"2018","Đơn vị quản lý":"Ban QLDA ĐTXD các CTGT","Tình trạng cầu":"Rất tốt","layer_id":158,"fid":39,"label":"Kênh Nối"}},{"type":"Feature","geometry":{"type":"Point","coordinates":[4990.39,10010.676]},"properties":{"Tên cầu":"Vàm Sài Gòn Mới","Tên đường":"Liên xã Trà Côn, Nhơn Bình & Hòa Bình","Lý trình":"","Địa chỉ":"Trà Ôn - Vĩnh Long","Đối tượng vượt":"Rạch(kênh,mương)","Dạng kết cấu chính":"Dầm, mạng dầm","Sơ đồ nhịp":"6+8+6","Khổ xe chạy":"3.0","Bề rộng cầu":"3.5","Tải trọng thiết kế":"0.45HL93","Tĩnh không thông thuyền (chiều đứng)":"2.5","Tĩnh không thông thuyền (chiều ngang)":"6.0","Giá trị xây dựng cầu":"2.0","Năm khởi công":"2017","Năm hoàn thành":"2018","Đơn vị quản lý":"Ban QLDA ĐTXD các CTGT","Tình trạng cầu":"Rất tốt","layer_id":158,"fid":40,"label":"Vàm Sài Gòn Mới"}},{"type":"Feature","geometry":{"type":"Point","coordinates":[1000.0,1000.0]},"properties":{"Tên cầu":"Ngọn Ban Chan","Tên đường":"Liên xã  Trà Côn-Vĩnh Xuân","Lý trình":"","Địa chỉ":"Trà Ôn - Vĩnh Long","Đối tượng vượt":"Rạch(kênh,mương)","Dạng kết cấu chính":"Dầm, mạng dầm","Sơ đồ nhịp":"6+8+6","Khổ xe chạy":"2.0","Bề rộng cầu":"2.5","Tải trọng thiết kế":"5KN","Tĩnh không thông thuyền (chiều đứng)":"2.0","Tĩnh không thông thuyền (chiều ngang)":"6.0","Giá trị xây dựng cầu":"1.0","Năm khởi công":"2019","Năm hoàn thành":"2019","Đơn vị quản lý":"Ban QLDA ĐTXD các CTGT","Tình trạng cầu":"","layer_id":158,"fid":41,"label":"Ngọn Ban Chan"}},{"type":"Feature","geometry":{"type":"Point","coordinates":[536589.94,1114492.0]},"properties":{"Tên cầu":"Đuôi Lá","Tên đường":"Liên Xóm,  ấp Thuận Tiến B, xã Thuận An","Lý trình":"","Địa chỉ":"Bình Minh - Vĩnh Long","Đối tượng vượt":"Rạch(kênh,mương)","Dạng kết cấu chính":"Bản đặc","Sơ đồ nhịp":"5+6+5","Khổ xe chạy":"2.0","Bề rộng cầu":"2.5","Tải trọng thiết kế":"5KN","Tĩnh không thông thuyền (chiều đứng)":"1.5","Tĩnh không thông thuyền (chiều ngang)":"4.0","Giá trị xây dựng cầu":"1.0","Năm khởi công":"2018","Năm hoàn thành":"","Đơn vị quản lý":"Ban QLDA ĐTXD các CTGT","Tình trạng cầu":"","layer_id":158,"fid":42,"label":"Đuôi Lá"}},{"type":"Feature","geometry":{"type":"Point","coordinates":[4983.73,9999.258]},"properties":{"Tên cầu":"Cầu Xoay","Tên đường":"Liên xã Trung Thành-Trung Ngãi","Lý trình":"","Địa chỉ":"Vũng Liêm - Vĩnh Long","Đối tượng vượt":"Rạch(kênh,mương)","Dạng kết cấu chính":"Dầm, mạng dầm","Sơ đồ nhịp":"6+10+6","Khổ xe chạy":"3.0","Bề rộng cầu":"3.5","Tải trọng thiết kế":"0.45HL93","Tĩnh không thông thuyền (chiều đứng)":"2.0","Tĩnh không thông thuyền (chiều ngang)":"8.0","Giá trị xây dựng cầu":"2.0","Năm khởi công":"","Năm hoàn thành":"2018","Đơn vị quản lý":"Ban QLDA ĐTXD các CTGT","Tình trạng cầu":"Rất tốt","layer_id":158,"fid":43,"label":"Cầu Xoay"}},{"type":"Feature","geometry":{"type":"Point","coordinates":[1000.0,1000.0]},"properties":{"Tên cầu":"Kênh 2","Tên đường":"Liên xóm,  ấp Vĩnh Hựu, xã Hựu Thành","Lý trình":"","Địa chỉ":"Trà Ôn - Vĩnh Long","Đối tượng vượt":"Rạch(kênh,mương)","Dạng kết cấu chính":"Dầm, mạng dầm","Sơ đồ nhịp":"3+6+3","Khổ xe chạy":"3.0","Bề rộng cầu":"3.5","Tải trọng thiết kế":"0,45HL93","Tĩnh không thông thuyền (chiều đứng)":"2.0","Tĩnh không thông thuyền (chiều ngang)":"4.0","Giá trị xây dựng cầu":"1.0","Năm khởi công":"2018","Năm hoàn thành":"2019","Đơn vị quản lý":"Ban QLDA ĐTXD các CTGT","Tình trạng cầu":"","layer_id":158,"fid":44,"label":"Kênh 2"}},{"type":"Feature","geometry":{"type":"Point","coordinates":[1000.0,1000.0]},"properties":{"Tên cầu":"Vĩnh Thiện","Tên đường":"ĐHLX,VT,HT","Lý trình":"","Địa chỉ":"Trà Ôn - Vĩnh Long","Đối tượng vượt":"Rạch(kênh,mương)","Dạng kết cấu chính":"Dầm, mạng dầm","Sơ đồ nhịp":"6+8+6","Khổ xe chạy":"3.0","Bề rộng cầu":"3.5","Tải trọng thiết kế":"5KN","Tĩnh không thông thuyền (chiều đứng)":"2.0","Tĩnh không thông thuyền (chiều ngang)":"6.0","Giá trị xây dựng cầu":"1.0","Năm khởi công":"2019","Năm hoàn thành":"2019","Đơn vị quản lý":"Ban QLDA ĐTXD các CTGT","Tình trạng cầu":"","layer_id":158,"fid":45,"label":"Vĩnh Thiện"}},{"type":"Feature","geometry":{"type":"Point","coordinates":[558419.6,1104582.6]},"properties":{"Tên cầu":"La Ghì","Tên đường":"ĐHLX,VT,HT","Lý trình":"","Địa chỉ":"Trà Ôn - Vĩnh Long","Đối tượng vượt":"Rạch(kênh,mương)","Dạng kết cấu chính":"Dầm, mạng dầm","Sơ đồ nhịp":"1X10","Khổ xe chạy":"2.0","Bề rộng cầu":"2.5","Tải trọng thiết kế":"5KN","Tĩnh không thông thuyền (chiều đứng)":"2.0","Tĩnh không thông thuyền (chiều ngang)":"7.0","Giá trị xây dựng cầu":"1.0","Năm khởi công":"2018","Năm hoàn thành":"2019","Đơn vị quản lý":"Ban QLDA ĐTXD các CTGT","Tình trạng cầu":"","layer_id":158,"fid":46,"label":"La Ghì"}},{"type":"Feature","geometry":{"type":"Point","coordinates":[0.0,0.0]},"properties":{"Tên cầu":"Bình Hòa Phước","Tên đường":"Bình Hòa Phước","Lý trình":"1 + 30","Địa chỉ":"Long Hồ - Vĩnh Long","Đối tượng vượt":"Rạch(kênh,mương)","Dạng kết cấu chính":"Dầm, mạng dầm","Sơ đồ nhịp":"8+8+8","Khổ xe chạy":"4.0","Bề rộng cầu":"4.0","Tải trọng thiết kế":"5","Tĩnh không thông thuyền (chiều đứng)":"4.0","Tĩnh không thông thuyền (chiều ngang)":"8.0","Giá trị xây dựng cầu":"","Năm khởi công":"2005","Năm hoàn thành":"2005","Đơn vị quản lý":"Phòng Kinh tế & Hạ tầng H.Long Hồ","Tình trạng cầu":"Tốt","layer_id":158,"fid":61,"label":"Bình Hòa Phước"}},{"type":"Feature","geometry":{"type":"Point","coordinates":[4990.035,9999.368]},"properties":{"Tên cầu":"Tám Khánh","Tên đường":"Đường Mỹ An-Gia Kiết, xã  Tân Mỹ","Lý trình":"","Địa chỉ":"Trà Ôn - Vĩnh Long","Đối tượng vượt":"Rạch(kênh,mương)","Dạng kết cấu chính":"Dầm, mạng dầm","Sơ đồ nhịp":"8+10+8","Khổ xe chạy":"2.5","Bề rộng cầu":"3.5","Tải trọng thiết kế":"5KN","Tĩnh không thông thuyền (chiều đứng)":"2.0","Tĩnh không thông thuyền (chiều ngang)":"8.0","Giá trị xây dựng cầu":"2.0","Năm khởi công":"2017","Năm hoàn thành":"2018","Đơn vị quản lý":"Ban QLDA ĐTXD các CTGT","Tình trạng cầu":"Rất tốt","layer_id":158,"fid":47,"label":"Tám Khánh"}},{"type":"Feature","geometry":{"type":"Point","coordinates":[0.0,0.0]},"properties":{"Tên cầu":"Cầu Bông vải","Tên đường":"ĐH80","Lý trình":"","Địa chỉ":"Bình Tân - Vĩnh Long","Đối tượng vượt":"Rạch(kênh,mương)","Dạng kết cấu chính":"","Sơ đồ nhịp":"","Khổ xe chạy":"0","Bề rộng cầu":"0","Tải trọng thiết kế":"","Tĩnh không thông thuyền (chiều đứng)":"","Tĩnh không thông thuyền (chiều ngang)":"","Giá trị xây dựng cầu":"","Năm khởi công":"2010","Năm hoàn thành":"","Đơn vị quản lý":"Phòng Kinh tế & Hạ tầng H.Bình ","Tình trạng cầu":"","layer_id":158,"fid":48,"label":"Cầu Bông vải"}},{"type":"Feature","geometry":{"type":"Point","coordinates":[105.77365,10.121943]},"properties":{"Tên cầu":"Cầu câu Dụng","Tên đường":"ĐH80","Lý trình":"2 + 791","Địa chỉ":"Bình Tân - Vĩnh Long","Đối tượng vượt":"Sông","Dạng kết cấu chính":"Dầm, mạng dầm","Sơ đồ nhịp":"","Khổ xe chạy":"0","Bề rộng cầu":"0","Tải trọng thiết kế":"","Tĩnh không thông thuyền (chiều đứng)":"","Tĩnh không thông thuyền (chiều ngang)":"","Giá trị xây dựng cầu":"","Năm khởi công":"2013","Năm hoàn thành":"","Đơn vị quản lý":"Phòng Kinh tế & Hạ tầng H.Bình Tân","Tình trạng cầu":"","layer_id":158,"fid":51,"label":"Cầu câu Dụng"}},{"type":"Feature","geometry":{"type":"Point","coordinates":[105.78571,10.1314745]},"properties":{"Tên cầu":"Cầu Kênh Đào","Tên đường":"ĐH80","Lý trình":"4 + 654","Địa chỉ":"Bình Tân - Vĩnh Long","Đối tượng vượt":"Rạch(kênh,mương)","Dạng kết cấu chính":"Dầm, mạng dầm","Sơ đồ nhịp":"","Khổ xe chạy":"0","Bề rộng cầu":"0","Tải trọng thiết kế":"","Tĩnh không thông thuyền (chiều đứng)":"","Tĩnh không thông thuyền (chiều ngang)":"","Giá trị xây dựng cầu":"","Năm khởi công":"2013","Năm hoàn thành":"","Đơn vị quản lý":"Phòng Kinh tế & Hạ tầng H.Bình Tân","Tình trạng cầu":"","layer_id":158,"fid":52,"label":"Cầu Kênh Đào"}},{"type":"Feature","geometry":{"type":"Point","coordinates":[105.795845,10.146238]},"properties":{"Tên cầu":"cau kenh 3 thang 2","Tên đường":"ĐH80","Lý trình":"6 + 900","Địa chỉ":"Bình Tân - Vĩnh Long","Đối tượng vượt":"Rạch(kênh,mương)","Dạng kết cấu chính":"Dầm, mạng dầm","Sơ đồ nhịp":"","Khổ xe chạy":"0","Bề rộng cầu":"0","Tải trọng thiết kế":"","Tĩnh không thông thuyền (chiều đứng)":"","Tĩnh không thông thuyền (chiều ngang)":"","Giá trị xây dựng cầu":"","Năm khởi công":"20130","Năm hoàn thành":"","Đơn vị quản lý":"Phòng Kinh tế & Hạ tầng H.Bình Tân","Tình trạng cầu":"","layer_id":158,"fid":53,"label":"cau kenh 3 thang 2"}},{"type":"Feature","geometry":{"type":"Point","coordinates":[105.96635,10.207512]},"properties":{"Tên cầu":"Cống Ranh","Tên đường":"","Lý trình":"","Địa chỉ":"Long Hồ - Vĩnh Long","Đối tượng vượt":"Sông","Dạng kết cấu chính":"Dầm, mạng dầm","Sơ đồ nhịp":"12+12+12","Khổ xe chạy":"4.0","Bề rộng cầu":"4.4","Tải trọng thiết kế":"8","Tĩnh không thông thuyền (chiều đứng)":"3.0","Tĩnh không thông thuyền (chiều ngang)":"12.0","Giá trị xây dựng cầu":"","Năm khởi công":"2014","Năm hoàn thành":"2014","Đơn vị quản lý":"Phòng Kinh tế & Hạ tầng H.Long Hồ","Tình trạng cầu":"Tốt","layer_id":158,"fid":54,"label":"Cống Ranh"}},{"type":"Feature","geometry":{"type":"Point","coordinates":[105.99047,10.238378]},"properties":{"Tên cầu":"Long Thanh","Tên đường":"ĐH20","Lý trình":"","Địa chỉ":"Long Hồ - Vĩnh Long","Đối tượng vượt":"Rạch(kênh,mương)","Dạng kết cấu chính":"Dầm, mạng dầm","Sơ đồ nhịp":"12+12+12","Khổ xe chạy":"5.0","Bề rộng cầu":"6.0","Tải trọng thiết kế":"13","Tĩnh không thông thuyền (chiều đứng)":"4.0","Tĩnh không thông thuyền (chiều ngang)":"12.0","Giá trị xây dựng cầu":"","Năm khởi công":"2010","Năm hoàn thành":"2010","Đơn vị quản lý":"Phòng Kinh tế & Hạ tầng H.Long Hồ","Tình trạng cầu":"Tốt","layer_id":158,"fid":55,"label":"Long Thanh"}},{"type":"Feature","geometry":{"type":"Point","coordinates":[105.99705,10.280422]},"properties":{"Tên cầu":"rạch dầu","Tên đường":"ĐH21","Lý trình":"1 + 200","Địa chỉ":"Long Hồ - Vĩnh Long","Đối tượng vượt":"Rạch(kênh,mương)","Dạng kết cấu chính":"Dầm, mạng dầm","Sơ đồ nhịp":"12+12+12","Khổ xe chạy":"4.0","Bề rộng cầu":"4.0","Tải trọng thiết kế":"5","Tĩnh không thông thuyền (chiều đứng)":"4.0","Tĩnh không thông thuyền (chiều ngang)":"12.0","Giá trị xây dựng cầu":"","Năm khởi công":"2012","Năm hoàn thành":"2012","Đơn vị quản lý":"Phòng Kinh tế & Hạ tầng H.Long Hồ","Tình trạng cầu":"Tốt","layer_id":158,"fid":56,"label":"rạch dầu"}},{"type":"Feature","geometry":{"type":"Point","coordinates":[105.99251,10.285348]},"properties":{"Tên cầu":"Hòa Ninh 2","Tên đường":"ĐH21","Lý trình":"2 + 300","Địa chỉ":"Long Hồ - Vĩnh Long","Đối tượng vượt":"Rạch(kênh,mương)","Dạng kết cấu chính":"Dầm, mạng dầm","Sơ đồ nhịp":"14+12+14","Khổ xe chạy":"4.0","Bề rộng cầu":"4.0","Tải trọng thiết kế":"5","Tĩnh không thông thuyền (chiều đứng)":"4.0","Tĩnh không thông thuyền (chiều ngang)":"12.0","Giá trị xây dựng cầu":"","Năm khởi công":"2012","Năm hoàn thành":"2012","Đơn vị quản lý":"Phòng Kinh tế & Hạ tầng H.Long Hồ","Tình trạng cầu":"Tốt","layer_id":158,"fid":57,"label":"Hòa Ninh 2"}},{"type":"Feature","geometry":{"type":"Point","coordinates":[105.993324,10.287432]},"properties":{"Tên cầu":"Rạch Vinh","Tên đường":"ĐH21","Lý trình":"3 + 100","Địa chỉ":"Long Hồ - Vĩnh Long","Đối tượng vượt":"Rạch(kênh,mương)","Dạng kết cấu chính":"Dầm, mạng dầm","Sơ đồ nhịp":"14+12+14","Khổ xe chạy":"4.0","Bề rộng cầu":"4.0","Tải trọng thiết kế":"5","Tĩnh không thông thuyền (chiều đứng)":"4.0","Tĩnh không thông thuyền (chiều ngang)":"12.0","Giá trị xây dựng cầu":"","Năm khởi công":"2012","Năm hoàn thành":"2012","Đơn vị quản lý":"Phòng Kinh tế & Hạ tầng H.Long Hồ","Tình trạng cầu":"Tốt","layer_id":158,"fid":58,"label":"Rạch Vinh"}},{"type":"Feature","geometry":{"type":"Point","coordinates":[105.99759,10.3085165]},"properties":{"Tên cầu":"Đồng Phú 1","Tên đường":"ĐH21","Lý trình":"4 + 400","Địa chỉ":"Long Hồ - Vĩnh Long","Đối tượng vượt":"Rạch(kênh,mương)","Dạng kết cấu chính":"Dầm, mạng dầm","Sơ đồ nhịp":"12+12+12+12+12","Khổ xe chạy":"4.0","Bề rộng cầu":"4.0","Tải trọng thiết kế":"5","Tĩnh không thông thuyền (chiều đứng)":"4.0","Tĩnh không thông thuyền (chiều ngang)":"12.0","Giá trị xây dựng cầu":"","Năm khởi công":"2012","Năm hoàn thành":"2012","Đơn vị quản lý":"Phòng Kinh tế & Hạ tầng H.Long Hồ","Tình trạng cầu":"Tốt","layer_id":158,"fid":59,"label":"Đồng Phú 1"}},{"type":"Feature","geometry":{"type":"Point","coordinates":[106.00077,10.313668]},"properties":{"Tên cầu":"Đồng Phú 2","Tên đường":"ĐH21","Lý trình":"5 + 100","Địa chỉ":"Long Hồ - Vĩnh Long","Đối tượng vượt":"Rạch(kênh,mương)","Dạng kết cấu chính":"Dầm, mạng dầm","Sơ đồ nhịp":"10+12+10","Khổ xe chạy":"4.0","Bề rộng cầu":"4.0","Tải trọng thiết kế":"5","Tĩnh không thông thuyền (chiều đứng)":"4.0","Tĩnh không thông thuyền (chiều ngang)":"12.0","Giá trị xây dựng cầu":"","Năm khởi công":"2012","Năm hoàn thành":"2012","Đơn vị quản lý":"Phòng Kinh tế & Hạ tầng H.Long Hồ","Tình trạng cầu":"Tốt","layer_id":158,"fid":60,"label":"Đồng Phú 2"}},{"type":"Feature","geometry":{"type":"Point","coordinates":[0.0,0.0]},"properties":{"Tên cầu":"Chùa Ông","Tên đường":"","Lý trình":"0 + 350","Địa chỉ":"Bình Minh - Vĩnh Long","Đối tượng vượt":"Khe","Dạng kết cấu chính":"Dầm, mạng dầm","Sơ đồ nhịp":"","Khổ xe chạy":"0","Bề rộng cầu":"0","Tải trọng thiết kế":"1","Tĩnh không thông thuyền (chiều đứng)":"","Tĩnh không thông thuyền (chiều ngang)":"","Giá trị xây dựng cầu":"2.0","Năm khởi công":"2018","Năm hoàn thành":"","Đơn vị quản lý":"Phòng QLĐT TX.Bình Minh","Tình trạng cầu":"Tốt","layer_id":158,"fid":310,"label":"Chùa Ông"}},{"type":"Feature","geometry":{"type":"Point","coordinates":[105.97586,10.191584]},"properties":{"Tên cầu":"Miễu Ông","Tên đường":"ĐH22","Lý trình":"","Địa chỉ":"Long Hồ - Vĩnh Long","Đối tượng vượt":"Rạch(kênh,mương)","Dạng kết cấu chính":"Dầm, mạng dầm","Sơ đồ nhịp":"11+8.5+11","Khổ xe chạy":"4.0","Bề rộng cầu":"4.4","Tải trọng thiết kế":"5","Tĩnh không thông thuyền (chiều đứng)":"3.0","Tĩnh không thông thuyền (chiều ngang)":"8.5","Giá trị xây dựng cầu":"","Năm khởi công":"2008","Năm hoàn thành":"2009","Đơn vị quản lý":"Phòng Kinh tế & Hạ tầng H.Long Hồ","Tình trạng cầu":"Tốt","layer_id":158,"fid":62,"label":"Miễu Ông"}},{"type":"Feature","geometry":{"type":"Point","coordinates":[105.97615,10.1914625]},"properties":{"Tên cầu":"Bến Xe","Tên đường":"ĐH22","Lý trình":"","Địa chỉ":"Long Hồ - Vĩnh Long","Đối tượng vượt":"Rạch(kênh,mương)","Dạng kết cấu chính":"Dầm, mạng dầm","Sơ đồ nhịp":"12+12+12","Khổ xe chạy":"4.0","Bề rộng cầu":"4.4","Tải trọng thiết kế":"5","Tĩnh không thông thuyền (chiều đứng)":"3.0","Tĩnh không thông thuyền (chiều ngang)":"12.0","Giá trị xây dựng cầu":"","Năm khởi công":"2013","Năm hoàn thành":"2013","Đơn vị quản lý":"Phòng Kinh tế & Hạ tầng H.Long Hồ","Tình trạng cầu":"Tốt","layer_id":158,"fid":63,"label":"Bến Xe"}},{"type":"Feature","geometry":{"type":"Point","coordinates":[105.972046,10.184508]},"properties":{"Tên cầu":"Ba tầng","Tên đường":"ĐH22","Lý trình":"","Địa chỉ":"Long Hồ - Vĩnh Long","Đối tượng vượt":"Rạch(kênh,mương)","Dạng kết cấu chính":"Dầm, mạng dầm","Sơ đồ nhịp":"12+12+12","Khổ xe chạy":"4.0","Bề rộng cầu":"4.4","Tải trọng thiết kế":"5","Tĩnh không thông thuyền (chiều đứng)":"3.0","Tĩnh không thông thuyền (chiều ngang)":"12.0","Giá trị xây dựng cầu":"","Năm khởi công":"2012","Năm hoàn thành":"2012","Đơn vị quản lý":"Phòng Kinh tế & Hạ tầng H.Long Hồ","Tình trạng cầu":"Tốt","layer_id":158,"fid":64,"label":"Ba tầng"}},{"type":"Feature","geometry":{"type":"Point","coordinates":[105.97204,10.183507]},"properties":{"Tên cầu":"Chợ cũ Lộc Hòa","Tên đường":"ĐH22","Lý trình":"3 + 850","Địa chỉ":"Long Hồ - Vĩnh Long","Đối tượng vượt":"Rạch(kênh,mương)","Dạng kết cấu chính":"Dầm, mạng dầm","Sơ đồ nhịp":"6+8+6","Khổ xe chạy":"4.0","Bề rộng cầu":"4.0","Tải trọng thiết kế":"5","Tĩnh không thông thuyền (chiều đứng)":"3.0","Tĩnh không thông thuyền (chiều ngang)":"8.0","Giá trị xây dựng cầu":"","Năm khởi công":"2003","Năm hoàn thành":"2003","Đơn vị quản lý":"Phòng Kinh tế & Hạ tầng H.Long Hồ","Tình trạng cầu":"Tốt","layer_id":158,"fid":65,"label":"Chợ cũ Lộc Hòa"}},{"type":"Feature","geometry":{"type":"Point","coordinates":[105.982,10.177356]},"properties":{"Tên cầu":"Xã Sĩ","Tên đường":"ĐH22","Lý trình":"5 + 110","Địa chỉ":"Long Hồ - Vĩnh Long","Đối tượng vượt":"Rạch(kênh,mương)","Dạng kết cấu chính":"Dầm, mạng dầm","Sơ đồ nhịp":"10+10+12+10+10","Khổ xe chạy":"4.0","Bề rộng cầu":"4.0","Tải trọng thiết kế":"5","Tĩnh không thông thuyền (chiều đứng)":"4.0","Tĩnh không thông thuyền (chiều ngang)":"12.0","Giá trị xây dựng cầu":"","Năm khởi công":"2005","Năm hoàn thành":"2005","Đơn vị quản lý":"Phòng Kinh tế & Hạ tầng H.Long Hồ","Tình trạng cầu":"Rất tốt","layer_id":158,"fid":66,"label":"Xã Sĩ"}},{"type":"Feature","geometry":{"type":"Point","coordinates":[0.0,0.0]},"properties":{"Tên cầu":"Cầu Kho","Tên đường":"ĐH22B","Lý trình":"1 + 270","Địa chỉ":"Long Hồ - Vĩnh Long","Đối tượng vượt":"Rạch(kênh,mương)","Dạng kết cấu chính":"Dầm, mạng dầm","Sơ đồ nhịp":"","Khổ xe chạy":"4.0","Bề rộng cầu":"4.0","Tải trọng thiết kế":"5","Tĩnh không thông thuyền (chiều đứng)":"4.0","Tĩnh không thông thuyền (chiều ngang)":"12.0","Giá trị xây dựng cầu":"","Năm khởi công":"2011","Năm hoàn thành":"2011","Đơn vị quản lý":"Phòng Kinh tế & Hạ tầng H.Long Hồ","Tình trạng cầu":"Rất tốt","layer_id":158,"fid":67,"label":"Cầu Kho"}},{"type":"Feature","geometry":{"type":"Point","coordinates":[0.0,0.0]},"properties":{"Tên cầu":"Hai Voi","Tên đường":"ĐH22B","Lý trình":"4 + 950","Địa chỉ":"Long Hồ - Vĩnh Long","Đối tượng vượt":"Rạch(kênh,mương)","Dạng kết cấu chính":"Dầm, mạng dầm","Sơ đồ nhịp":"8+8+12+8+8","Khổ xe chạy":"4.0","Bề rộng cầu":"4.0","Tải trọng thiết kế":"5","Tĩnh không thông thuyền (chiều đứng)":"4.0","Tĩnh không thông thuyền (chiều ngang)":"12.0","Giá trị xây dựng cầu":"","Năm khởi công":"2011","Năm hoàn thành":"2011","Đơn vị quản lý":"Phòng Kinh tế & Hạ tầng H.Long Hồ","Tình trạng cầu":"Tốt","layer_id":158,"fid":68,"label":"Hai Voi"}},{"type":"Feature","geometry":{"type":"Point","coordinates":[105.919716,10.16365]},"properties":{"Tên cầu":"Ba Dung","Tên đường":"ĐH22B","Lý trình":"7 + 13","Địa chỉ":"Long Hồ - Vĩnh Long","Đối tượng vượt":"Rạch(kênh,mương)","Dạng kết cấu chính":"Dầm, mạng dầm","Sơ đồ nhịp":"12+12+12+12+12","Khổ xe chạy":"4.0","Bề rộng cầu":"4.0","Tải trọng thiết kế":"5","Tĩnh không thông thuyền (chiều đứng)":"4.0","Tĩnh không thông thuyền (chiều ngang)":"12.0","Giá trị xây dựng cầu":"","Năm khởi công":"2011","Năm hoàn thành":"2011","Đơn vị quản lý":"Phòng Kinh tế & Hạ tầng H.Long Hồ","Tình trạng cầu":"Tốt","layer_id":158,"fid":69,"label":"Ba Dung"}},{"type":"Feature","geometry":{"type":"Point","coordinates":[105.920616,10.162293]},"properties":{"Tên cầu":"Phú Thạnh","Tên đường":"ĐH23","Lý trình":"0 + 724","Địa chỉ":"Long Hồ - Vĩnh Long","Đối tượng vượt":"Rạch(kênh,mương)","Dạng kết cấu chính":"Dầm, mạng dầm","Sơ đồ nhịp":"12+12+12","Khổ xe chạy":"4.0","Bề rộng cầu":"4.0","Tải trọng thiết kế":"5","Tĩnh không thông thuyền (chiều đứng)":"4.0","Tĩnh không thông thuyền (chiều ngang)":"12.0","Giá trị xây dựng cầu":"","Năm khởi công":"2012","Năm hoàn thành":"2012","Đơn vị quản lý":"Phòng Kinh tế & Hạ tầng H.Long Hồ","Tình trạng cầu":"Tốt","layer_id":158,"fid":70,"label":"Phú Thạnh"}},{"type":"Feature","geometry":{"type":"Point","coordinates":[105.89539,10.169352]},"properties":{"Tên cầu":"Cái Muồng","Tên đường":"ĐH23","Lý trình":"3 + 860","Địa chỉ":"Long Hồ - Vĩnh Long","Đối tượng vượt":"Rạch(kênh,mương)","Dạng kết cấu chính":"Dầm, mạng dầm","Sơ đồ nhịp":"12+12+12","Khổ xe chạy":"4.0","Bề rộng cầu":"4.0","Tải trọng thiết kế":"5","Tĩnh không thông thuyền (chiều đứng)":"4.0","Tĩnh không thông thuyền (chiều ngang)":"12.0","Giá trị xây dựng cầu":"","Năm khởi công":"2003","Năm hoàn thành":"2003","Đơn vị quản lý":"Phòng Kinh tế & Hạ tầng H.Long Hồ","Tình trạng cầu":"Tốt","layer_id":158,"fid":71,"label":"Cái Muồng"}},{"type":"Feature","geometry":{"type":"Point","coordinates":[105.95104,10.156242]},"properties":{"Tên cầu":"Còng Cọc","Tên đường":"ĐH23B","Lý trình":"2 + 880","Địa chỉ":"Long Hồ - Vĩnh Long","Đối tượng vượt":"Rạch(kênh,mương)","Dạng kết cấu chính":"Dầm, mạng dầm","Sơ đồ nhịp":"8+8+11+8+8","Khổ xe chạy":"2.3","Bề rộng cầu":"2.5","Tải trọng thiết kế":"5","Tĩnh không thông thuyền (chiều đứng)":"6.0","Tĩnh không thông thuyền (chiều ngang)":"11.0","Giá trị xây dựng cầu":"","Năm khởi công":"2004","Năm hoàn thành":"2004","Đơn vị quản lý":"Phòng Kinh tế & Hạ tầng H.Long Hồ","Tình trạng cầu":"Yếu","layer_id":158,"fid":72,"label":"Còng Cọc"}},{"type":"Feature","geometry":{"type":"Point","coordinates":[0.0,0.0]},"properties":{"Tên cầu":"Long Cong","Tên đường":"ĐH24","Lý trình":"2 + 880","Địa chỉ":"Long Hồ - Vĩnh Long","Đối tượng vượt":"Rạch(kênh,mương)","Dạng kết cấu chính":"Dầm, mạng dầm","Sơ đồ nhịp":"8+8+12+8+8","Khổ xe chạy":"4.0","Bề rộng cầu":"4.0","Tải trọng thiết kế":"5","Tĩnh không thông thuyền (chiều đứng)":"4.0","Tĩnh không thông thuyền (chiều ngang)":"12.0","Giá trị xây dựng cầu":"","Năm khởi công":"2011","Năm hoàn thành":"2011","Đơn vị quản lý":"Phòng Kinh tế & Hạ tầng H.Long Hồ","Tình trạng cầu":"Tốt","layer_id":158,"fid":73,"label":"Long Cong"}},{"type":"Feature","geometry":{"type":"Point","coordinates":[105.940285,10.237874]},"properties":{"Tên cầu":"Xẻo Lá","Tên đường":"ĐH25","Lý trình":"0 + 400","Địa chỉ":"Long Hồ - Vĩnh Long","Đối tượng vượt":"Rạch(kênh,mương)","Dạng kết cấu chính":"Dầm, mạng dầm","Sơ đồ nhịp":"9+10+9","Khổ xe chạy":"4.0","Bề rộng cầu":"4.4","Tải trọng thiết kế":"5","Tĩnh không thông thuyền (chiều đứng)":"3.0","Tĩnh không thông thuyền (chiều ngang)":"10.0","Giá trị xây dựng cầu":"","Năm khởi công":"2011","Năm hoàn thành":"2011","Đơn vị quản lý":"Phòng Kinh tế & Hạ tầng H.Long Hồ","Tình trạng cầu":"Tốt","layer_id":158,"fid":74,"label":"Xẻo Lá"}},{"type":"Feature","geometry":{"type":"Point","coordinates":[105.93764,10.235]},"properties":{"Tên cầu":"Tân Hạnh","Tên đường":"ĐH25","Lý trình":"0 + 800","Địa chỉ":"Long Hồ - Vĩnh Long","Đối tượng vượt":"Sông","Dạng kết cấu chính":"Dầm, mạng dầm","Sơ đồ nhịp":"12+12+12+12+12","Khổ xe chạy":"40.0","Bề rộng cầu":"4.4","Tải trọng thiết kế":"30","Tĩnh không thông thuyền (chiều đứng)":"6.0","Tĩnh không thông thuyền (chiều ngang)":"6.0","Giá trị xây dựng cầu":"","Năm khởi công":"2016","Năm hoàn thành":"2016","Đơn vị quản lý":"Phòng Kinh tế & Hạ tầng H.Long Hồ","Tình trạng cầu":"Rất tốt","layer_id":158,"fid":75,"label":"Tân Hạnh"}},{"type":"Feature","geometry":{"type":"Point","coordinates":[105.92695,10.240209]},"properties":{"Tên cầu":"Tân Nhơn","Tên đường":"ĐH25","Lý trình":"2 + 750","Địa chỉ":"Long Hồ - Vĩnh Long","Đối tượng vượt":"Sông","Dạng kết cấu chính":"Dầm, mạng dầm","Sơ đồ nhịp":"8+8+11+8+8","Khổ xe chạy":"4.0","Bề rộng cầu":"4.4","Tải trọng thiết kế":"5","Tĩnh không thông thuyền (chiều đứng)":"4.0","Tĩnh không thông thuyền (chiều ngang)":"11.0","Giá trị xây dựng cầu":"","Năm khởi công":"2011","Năm hoàn thành":"2011","Đơn vị quản lý":"Phòng Kinh tế & Hạ tầng H.Long Hồ","Tình trạng cầu":"Tốt","layer_id":158,"fid":76,"label":"Tân Nhơn"}},{"type":"Feature","geometry":{"type":"Point","coordinates":[105.9301,10.237802]},"properties":{"Tên cầu":"Bà Trại","Tên đường":"ĐH25","Lý trình":"3 + 50","Địa chỉ":"Long Hồ - Vĩnh Long","Đối tượng vượt":"Rạch(kênh,mương)","Dạng kết cấu chính":"Dầm, mạng dầm","Sơ đồ nhịp":"8+8+11+8+8","Khổ xe chạy":"4.0","Bề rộng cầu":"4.4","Tải trọng thiết kế":"5","Tĩnh không thông thuyền (chiều đứng)":"4.0","Tĩnh không thông thuyền (chiều ngang)":"11.0","Giá trị xây dựng cầu":"","Năm khởi công":"2011","Năm hoàn thành":"2011","Đơn vị quản lý":"Phòng Kinh tế & Hạ tầng H.Long Hồ","Tình trạng cầu":"Tốt","layer_id":158,"fid":77,"label":"Bà Trại"}},{"type":"Feature","geometry":{"type":"Point","coordinates":[0.0,0.0]},"properties":{"Tên cầu":"Phước Thạnh","Tên đường":"ĐH26","Lý trình":"1 + 0","Địa chỉ":"Long Hồ - Vĩnh Long","Đối tượng vượt":"Rạch(kênh,mương)","Dạng kết cấu chính":"Dầm, mạng dầm","Sơ đồ nhịp":"12+12+12","Khổ xe chạy":"4.0","Bề rộng cầu":"4.4","Tải trọng thiết kế":"5","Tĩnh không thông thuyền (chiều đứng)":"4.0","Tĩnh không thông thuyền (chiều ngang)":"12.0","Giá trị xây dựng cầu":"","Năm khởi công":"2012","Năm hoàn thành":"2001","Đơn vị quản lý":"Phòng Kinh tế & Hạ tầng H.Long Hồ","Tình trạng cầu":"Tốt","layer_id":158,"fid":78,"label":"Phước Thạnh"}},{"type":"Feature","geometry":{"type":"Point","coordinates":[0.0,0.0]},"properties":{"Tên cầu":"Phước Hòa","Tên đường":"ĐH26","Lý trình":"2 + 500","Địa chỉ":"Long Hồ - Vĩnh Long","Đối tượng vượt":"Rạch(kênh,mương)","Dạng kết cấu chính":"Dầm, mạng dầm","Sơ đồ nhịp":"10+12+10","Khổ xe chạy":"4.0","Bề rộng cầu":"4.4","Tải trọng thiết kế":"5","Tĩnh không thông thuyền (chiều đứng)":"4.0","Tĩnh không thông thuyền (chiều ngang)":"12.0","Giá trị xây dựng cầu":"","Năm khởi công":"2012","Năm hoàn thành":"2012","Đơn vị quản lý":"Phòng Kinh tế & Hạ tầng H.Long Hồ","Tình trạng cầu":"Tốt","layer_id":158,"fid":79,"label":"Phước Hòa"}},{"type":"Feature","geometry":{"type":"Point","coordinates":[105.970566,10.215106]},"properties":{"Tên cầu":"Đìa Chuối","Tên đường":"ĐH27","Lý trình":"2 + 100","Địa chỉ":"Long Hồ - Vĩnh Long","Đối tượng vượt":"Sông","Dạng kết cấu chính":"Dầm, mạng dầm","Sơ đồ nhịp":"10+8+10+8+10","Khổ xe chạy":"4.0","Bề rộng cầu":"4.4","Tải trọng thiết kế":"5.0","Tĩnh không thông thuyền (chiều đứng)":"4.0","Tĩnh không thông thuyền (chiều ngang)":"10.0","Giá trị xây dựng cầu":"","Năm khởi công":"2005","Năm hoàn thành":"2005","Đơn vị quản lý":"Phòng Kinh tế & Hạ tầng H.Long Hồ","Tình trạng cầu":"Tốt","layer_id":158,"fid":80,"label":"Đìa Chuối"}},{"type":"Feature","geometry":{"type":"Point","coordinates":[0.0,0.0]},"properties":{"Tên cầu":"Bà Vú","Tên đường":"ĐH28","Lý trình":"1 + 200","Địa chỉ":"Long Hồ - Vĩnh Long","Đối tượng vượt":"Sông","Dạng kết cấu chính":"Dầm, mạng dầm","Sơ đồ nhịp":"","Khổ xe chạy":"4.0","Bề rộng cầu":"4.4","Tải trọng thiết kế":"5.0","Tĩnh không thông thuyền (chiều đứng)":"4.0","Tĩnh không thông thuyền (chiều ngang)":"12.0","Giá trị xây dựng cầu":"","Năm khởi công":"2005","Năm hoàn thành":"205","Đơn vị quản lý":"Phòng Kinh tế & Hạ tầng H.Long Hồ","Tình trạng cầu":"Tốt","layer_id":158,"fid":81,"label":"Bà Vú"}},{"type":"Feature","geometry":{"type":"Point","coordinates":[0.0,0.0]},"properties":{"Tên cầu":"Tân Tạo","Tên đường":"ĐH28","Lý trình":"2 + 600","Địa chỉ":"Long Hồ - Vĩnh Long","Đối tượng vượt":"Sông","Dạng kết cấu chính":"Dầm, mạng dầm","Sơ đồ nhịp":"","Khổ xe chạy":"4.0","Bề rộng cầu":"4.4","Tải trọng thiết kế":"10","Tĩnh không thông thuyền (chiều đứng)":"4.0","Tĩnh không thông thuyền (chiều ngang)":"6.0","Giá trị xây dựng cầu":"","Năm khởi công":"2013","Năm hoàn thành":"2013","Đơn vị quản lý":"Phòng Kinh tế & Hạ tầng H.Long Hồ","Tình trạng cầu":"Tốt","layer_id":158,"fid":82,"label":"Tân Tạo"}},{"type":"Feature","geometry":{"type":"Point","coordinates":[105.98779,10.285936]},"properties":{"Tên cầu":"Bà Sở","Tên đường":"ĐH28","Lý trình":"5 + 800","Địa chỉ":"Long Hồ - Vĩnh Long","Đối tượng vượt":"Rạch(kênh,mương)","Dạng kết cấu chính":"Dầm, mạng dầm","Sơ đồ nhịp":"12+12+12","Khổ xe chạy":"4.0","Bề rộng cầu":"4.4","Tải trọng thiết kế":"5","Tĩnh không thông thuyền (chiều đứng)":"3.0","Tĩnh không thông thuyền (chiều ngang)":"8.0","Giá trị xây dựng cầu":"","Năm khởi công":"","Năm hoàn thành":"2005","Đơn vị quản lý":"Phòng Kinh tế & Hạ tầng H.Long Hồ","Tình trạng cầu":"Trung bình","layer_id":158,"fid":83,"label":"Bà Sở"}},{"type":"Feature","geometry":{"type":"Point","coordinates":[105.991936,10.284941]},"properties":{"Tên cầu":"Hòa Ninh 1","Tên đường":"ĐH28","Lý trình":"6 + 400","Địa chỉ":"Long Hồ - Vĩnh Long","Đối tượng vượt":"Rạch(kênh,mương)","Dạng kết cấu chính":"Dầm, mạng dầm","Sơ đồ nhịp":"12+12+12+12+12","Khổ xe chạy":"4.0","Bề rộng cầu":"4.4","Tải trọng thiết kế":"5","Tĩnh không thông thuyền (chiều đứng)":"4.0","Tĩnh không thông thuyền (chiều ngang)":"4.0","Giá trị xây dựng cầu":"","Năm khởi công":"2005","Năm hoàn thành":"2005","Đơn vị quản lý":"Phòng Kinh tế & Hạ tầng H.Long Hồ","Tình trạng cầu":"","layer_id":158,"fid":84,"label":"Hòa Ninh 1"}},{"type":"Feature","geometry":{"type":"Point","coordinates":[105.9647,10.271809]},"properties":{"Tên cầu":"An Bình","Tên đường":"ĐH28B","Lý trình":"0 + 400","Địa chỉ":"Long Hồ - Vĩnh Long","Đối tượng vượt":"Rạch(kênh,mương)","Dạng kết cấu chính":"Dầm, mạng dầm","Sơ đồ nhịp":"12+12+12","Khổ xe chạy":"4.0","Bề rộng cầu":"4.4","Tải trọng thiết kế":"5","Tĩnh không thông thuyền (chiều đứng)":"4.0","Tĩnh không thông thuyền (chiều ngang)":"8.0","Giá trị xây dựng cầu":"","Năm khởi công":"2005","Năm hoàn thành":"2005","Đơn vị quản lý":"Phòng Kinh tế & Hạ tầng H.Long Hồ","Tình trạng cầu":"Tốt","layer_id":158,"fid":85,"label":"An Bình"}},{"type":"Feature","geometry":{"type":"Point","coordinates":[105.98365,10.222187]},"properties":{"Tên cầu":"Long Phước","Tên đường":"ĐH29","Lý trình":"1 + 0","Địa chỉ":"Long Hồ - Vĩnh Long","Đối tượng vượt":"Sông","Dạng kết cấu chính":"Dầm, mạng dầm","Sơ đồ nhịp":"10+12+10","Khổ xe chạy":"4.0","Bề rộng cầu":"4.4","Tải trọng thiết kế":"5","Tĩnh không thông thuyền (chiều đứng)":"4.0","Tĩnh không thông thuyền (chiều ngang)":"12.0","Giá trị xây dựng cầu":"","Năm khởi công":"2007","Năm hoàn thành":"2007","Đơn vị quản lý":"Phòng Kinh tế & Hạ tầng H.Long Hồ","Tình trạng cầu":"Tốt","layer_id":158,"fid":86,"label":"Long Phước"}},{"type":"Feature","geometry":{"type":"Point","coordinates":[0.0,0.0]},"properties":{"Tên cầu":"Sông Bô Kê","Tên đường":"nhánh rẽ Lộc Hòa Phú Quới","Lý trình":"","Địa chỉ":"Long Hồ - Vĩnh Long","Đối tượng vượt":"Sông","Dạng kết cấu chính":"Dầm, mạng dầm","Sơ đồ nhịp":"12+12+12+12+12","Khổ xe chạy":"4.0","Bề rộng cầu":"4.4","Tải trọng thiết kế":"10","Tĩnh không thông thuyền (chiều đứng)":"4.0","Tĩnh không thông thuyền (chiều ngang)":"12.0","Giá trị xây dựng cầu":"","Năm khởi công":"2013","Năm hoàn thành":"2014","Đơn vị quản lý":"Phòng Kinh tế & Hạ tầng H.Long Hồ","Tình trạng cầu":"Tốt","layer_id":158,"fid":87,"label":"Sông Bô Kê"}},{"type":"Feature","geometry":{"type":"Point","coordinates":[105.852295,21.027822]},"properties":{"Tên cầu":"Cầu Rạch Chanh","Tên đường":"ĐH30","Lý trình":"1 + 700","Địa chỉ":"Mang Thít - Vĩnh Long","Đối tượng vượt":"Sông","Dạng kết cấu chính":"Dầm, mạng dầm","Sơ đồ nhịp":"12+12+12","Khổ xe chạy":"4.0","Bề rộng cầu":"4.4","Tải trọng thiết kế":"10","Tĩnh không thông thuyền (chiều đứng)":"","Tĩnh không thông thuyền (chiều ngang)":"","Giá trị xây dựng cầu":"3033.0","Năm khởi công":"2008","Năm hoàn thành":"2008","Đơn vị quản lý":"Phòng Kinh tế & Hạ tầng H.Mang Thít","Tình trạng cầu":"Tốt","layer_id":158,"fid":88,"label":"Cầu Rạch Chanh"}},{"type":"Feature","geometry":{"type":"Point","coordinates":[106.00404,10.215045]},"properties":{"Tên cầu":"Cầu Chợ Long Mỹ","Tên đường":"ĐH30","Lý trình":"3 + 200","Địa chỉ":"Mang Thít - Vĩnh Long","Đối tượng vượt":"Sông","Dạng kết cấu chính":"Dầm, mạng dầm","Sơ đồ nhịp":"","Khổ xe chạy":"4.0","Bề rộng cầu":"4.4","Tải trọng thiết kế":"10","Tĩnh không thông thuyền (chiều đứng)":"","Tĩnh không thông thuyền (chiều ngang)":"","Giá trị xây dựng cầu":"4011.0","Năm khởi công":"2008","Năm hoàn thành":"2008","Đơn vị quản lý":"Phòng Kinh tế & Hạ tầng H.Mang Thít","Tình trạng cầu":"Tốt","layer_id":158,"fid":89,"label":"Cầu Chợ Long Mỹ"}},{"type":"Feature","geometry":{"type":"Point","coordinates":[106.003784,10.216366]},"properties":{"Tên cầu":"Cầu Cái Chuối","Tên đường":"ĐH30","Lý trình":"3 + 200","Địa chỉ":"Mang Thít - Vĩnh Long","Đối tượng vượt":"Sông","Dạng kết cấu chính":"Dầm, mạng dầm","Sơ đồ nhịp":"","Khổ xe chạy":"0","Bề rộng cầu":"4.4","Tải trọng thiết kế":"10","Tĩnh không thông thuyền (chiều đứng)":"","Tĩnh không thông thuyền (chiều ngang)":"","Giá trị xây dựng cầu":"5014.0","Năm khởi công":"2008","Năm hoàn thành":"2008","Đơn vị quản lý":"Phòng Kinh tế & Hạ tầng H.Mang Thít","Tình trạng cầu":"Tốt","layer_id":158,"fid":90,"label":"Cầu Cái Chuối"}},{"type":"Feature","geometry":{"type":"Point","coordinates":[106.06629,10.170253]},"properties":{"Tên cầu":"Cầu Ông Du","Tên đường":"Đường 26/3","Lý trình":"1 + 0","Địa chỉ":"Mang Thít - Vĩnh Long","Đối tượng vượt":"Sông","Dạng kết cấu chính":"Dầm, mạng dầm","Sơ đồ nhịp":"9+9+15+9+9","Khổ xe chạy":"4.0","Bề rộng cầu":"4.0","Tải trọng thiết kế":"8","Tĩnh không thông thuyền (chiều đứng)":"2.0","Tĩnh không thông thuyền (chiều ngang)":"15.0","Giá trị xây dựng cầu":"1747.0","Năm khởi công":"2010","Năm hoàn thành":"2010","Đơn vị quản lý":"Phòng Kinh tế & Hạ tầng H.Mang Thít","Tình trạng cầu":"Trung bình","layer_id":158,"fid":91,"label":"Cầu Ông Du"}},{"type":"Feature","geometry":{"type":"Point","coordinates":[106.07088,10.180677]},"properties":{"Tên cầu":"Cầu Dừa","Tên đường":"Đường 26/3","Lý trình":"1 + 600","Địa chỉ":"Mang Thít - Vĩnh Long","Đối tượng vượt":"Sông","Dạng kết cấu chính":"Dầm, mạng dầm","Sơ đồ nhịp":"15+15+15","Khổ xe chạy":"4.0","Bề rộng cầu":"4.0","Tải trọng thiết kế":"8","Tĩnh không thông thuyền (chiều đứng)":"3.1","Tĩnh không thông thuyền (chiều ngang)":"15.0","Giá trị xây dựng cầu":"1642.0","Năm khởi công":"2010","Năm hoàn thành":"2010","Đơn vị quản lý":"Phòng Kinh tế & Hạ tầng H.Mang Thít","Tình trạng cầu":"Trung bình","layer_id":158,"fid":92,"label":"Cầu Dừa"}},{"type":"Feature","geometry":{"type":"Point","coordinates":[106.06897,10.191914]},"properties":{"Tên cầu":"Cầu Bà Nữ","Tên đường":"Đường 26/3","Lý trình":"4 + 2","Địa chỉ":"Mang Thít - Vĩnh Long","Đối tượng vượt":"Sông","Dạng kết cấu chính":"Dầm, mạng dầm","Sơ đồ nhịp":"15+18+15","Khổ xe chạy":"4.0","Bề rộng cầu":"4.0","Tải trọng thiết kế":"8","Tĩnh không thông thuyền (chiều đứng)":"3.1","Tĩnh không thông thuyền (chiều ngang)":"18.0","Giá trị xây dựng cầu":"1500.0","Năm khởi công":"2010","Năm hoàn thành":"2010","Đơn vị quản lý":"Phòng Kinh tế & Hạ tầng H.Mang Thít","Tình trạng cầu":"Yếu","layer_id":158,"fid":93,"label":"Cầu Bà Nữ"}},{"type":"Feature","geometry":{"type":"Point","coordinates":[106.08841,10.20957]},"properties":{"Tên cầu":"Cầu xã Nhơn Phú","Tên đường":"Đường 26/3","Lý trình":"6 + 500","Địa chỉ":"Mang Thít - Vĩnh Long","Đối tượng vượt":"Sông","Dạng kết cấu chính":"Dầm, mạng dầm","Sơ đồ nhịp":"","Khổ xe chạy":"4.0","Bề rộng cầu":"4.0","Tải trọng thiết kế":"8","Tĩnh không thông thuyền (chiều đứng)":"","Tĩnh không thông thuyền (chiều ngang)":"","Giá trị xây dựng cầu":"4180.0","Năm khởi công":"2011","Năm hoàn thành":"2011","Đơn vị quản lý":"Phòng Kinh tế & Hạ tầng H.Mang Thít","Tình trạng cầu":"Tốt","layer_id":158,"fid":94,"label":"Cầu xã Nhơn Phú"}},{"type":"Feature","geometry":{"type":"Point","coordinates":[106.08021,10.158449]},"properties":{"Tên cầu":"Cầu Ba Cò","Tên đường":"ĐH32","Lý trình":"2 + 0","Địa chỉ":"Mang Thít - Vĩnh Long","Đối tượng vượt":"Sông","Dạng kết cấu chính":"Dầm, mạng dầm","Sơ đồ nhịp":"15+15+15","Khổ xe chạy":"4.0","Bề rộng cầu":"4.0","Tải trọng thiết kế":"5","Tĩnh không thông thuyền (chiều đứng)":"3.1","Tĩnh không thông thuyền (chiều ngang)":"15.0","Giá trị xây dựng cầu":"1600.0","Năm khởi công":"2010","Năm hoàn thành":"2010","Đơn vị quản lý":"Phòng Kinh tế & Hạ tầng H.Mang Thít","Tình trạng cầu":"Tốt","layer_id":158,"fid":95,"label":"Cầu Ba Cò"}},{"type":"Feature","geometry":{"type":"Point","coordinates":[106.09632,10.194112]},"properties":{"Tên cầu":"Cầu Mù U","Tên đường":"ĐH32B","Lý trình":"3 + 0","Địa chỉ":"Mang Thít - Vĩnh Long","Đối tượng vượt":"Sông","Dạng kết cấu chính":"Dầm, mạng dầm","Sơ đồ nhịp":"15+15+15","Khổ xe chạy":"4.0","Bề rộng cầu":"4.0","Tải trọng thiết kế":"5","Tĩnh không thông thuyền (chiều đứng)":"3.0","Tĩnh không thông thuyền (chiều ngang)":"15.0","Giá trị xây dựng cầu":"1656.0","Năm khởi công":"2011","Năm hoàn thành":"2011","Đơn vị quản lý":"Phòng Kinh tế & Hạ tầng H.Mang Thít","Tình trạng cầu":"Tốt","layer_id":158,"fid":96,"label":"Cầu Mù U"}},{"type":"Feature","geometry":{"type":"Point","coordinates":[106.08889,10.205761]},"properties":{"Tên cầu":"Cầu Rạch Ranh","Tên đường":"ĐH32B","Lý trình":"4 + 0","Địa chỉ":"Mang Thít - Vĩnh Long","Đối tượng vượt":"Sông","Dạng kết cấu chính":"Dầm, mạng dầm","Sơ đồ nhịp":"","Khổ xe chạy":"4.0","Bề rộng cầu":"4.0","Tải trọng thiết kế":"5","Tĩnh không thông thuyền (chiều đứng)":"","Tĩnh không thông thuyền (chiều ngang)":"","Giá trị xây dựng cầu":"2191.0","Năm khởi công":"2011","Năm hoàn thành":"2011","Đơn vị quản lý":"Phòng Kinh tế & Hạ tầng H.Mang Thít","Tình trạng cầu":"Tốt","layer_id":158,"fid":97,"label":"Cầu Rạch Ranh"}},{"type":"Feature","geometry":{"type":"Point","coordinates":[106.08756,10.207409]},"properties":{"Tên cầu":"cầu Cái Mới","Tên đường":"ĐH32B","Lý trình":"4 + 500","Địa chỉ":"Mang Thít - Vĩnh Long","Đối tượng vượt":"Sông","Dạng kết cấu chính":"Dầm, mạng dầm","Sơ đồ nhịp":"12+12+12+12+12","Khổ xe chạy":"4.0","Bề rộng cầu":"4.0","Tải trọng thiết kế":"5","Tĩnh không thông thuyền (chiều đứng)":"3.0","Tĩnh không thông thuyền (chiều ngang)":"12.0","Giá trị xây dựng cầu":"1030.0","Năm khởi công":"2002","Năm hoàn thành":"2002","Đơn vị quản lý":"Phòng Kinh tế & Hạ tầng H.Mang Thít","Tình trạng cầu":"Tốt","layer_id":158,"fid":98,"label":"cầu Cái Mới"}},{"type":"Feature","geometry":{"type":"Point","coordinates":[106.12128,10.17781]},"properties":{"Tên cầu":"Cầu Rạch Đôi","Tên đường":"ĐH33","Lý trình":"1 + 500","Địa chỉ":"Mang Thít - Vĩnh Long","Đối tượng vượt":"Sông","Dạng kết cấu chính":"Dầm, mạng dầm","Sơ đồ nhịp":"","Khổ xe chạy":"2.5","Bề rộng cầu":"2.5","Tải trọng thiết kế":"3.5","Tĩnh không thông thuyền (chiều đứng)":"","Tĩnh không thông thuyền (chiều ngang)":"","Giá trị xây dựng cầu":"","Năm khởi công":"1998","Năm hoàn thành":"1998","Đơn vị quản lý":"Phòng Kinh tế & Hạ tầng H.Mang Thít","Tình trạng cầu":"Yếu","layer_id":158,"fid":99,"label":"Cầu Rạch Đôi"}},{"type":"Feature","geometry":{"type":"Point","coordinates":[106.1263,10.176778]},"properties":{"Tên cầu":"Cầu Bà Hóa","Tên đường":"ĐH33","Lý trình":"2 + 300","Địa chỉ":"Mang Thít - Vĩnh Long","Đối tượng vượt":"Rạch(kênh,mương)","Dạng kết cấu chính":"Dầm, mạng dầm","Sơ đồ nhịp":"","Khổ xe chạy":"4.0","Bề rộng cầu":"4.0","Tải trọng thiết kế":"5","Tĩnh không thông thuyền (chiều đứng)":"","Tĩnh không thông thuyền (chiều ngang)":"","Giá trị xây dựng cầu":"","Năm khởi công":"2000","Năm hoàn thành":"2000","Đơn vị quản lý":"Phòng Kinh tế & Hạ tầng H.Mang Thít","Tình trạng cầu":"Tốt","layer_id":158,"fid":100,"label":"Cầu Bà Hóa"}},{"type":"Feature","geometry":{"type":"Point","coordinates":[106.13722,10.173015]},"properties":{"Tên cầu":"Cầu Rạch Chùa","Tên đường":"ĐH33","Lý trình":"2 + 700","Địa chỉ":"Mang Thít - Vĩnh Long","Đối tượng vượt":"Rạch(kênh,mương)","Dạng kết cấu chính":"Dầm, mạng dầm","Sơ đồ nhịp":"","Khổ xe chạy":"4.0","Bề rộng cầu":"4.0","Tải trọng thiết kế":"5","Tĩnh không thông thuyền (chiều đứng)":"","Tĩnh không thông thuyền (chiều ngang)":"","Giá trị xây dựng cầu":"","Năm khởi công":"2000","Năm hoàn thành":"2000","Đơn vị quản lý":"Phòng Kinh tế & Hạ tầng H.Mang Thít","Tình trạng cầu":"Tốt","layer_id":158,"fid":101,"label":"Cầu Rạch Chùa"}},{"type":"Feature","geometry":{"type":"Point","coordinates":[106.15588,10.167194]},"properties":{"Tên cầu":"Cầu Kinh Mới","Tên đường":"ĐH33","Lý trình":"3 + 200","Địa chỉ":"Mang Thít - Vĩnh Long","Đối tượng vượt":"Rạch(kênh,mương)","Dạng kết cấu chính":"Dầm, mạng dầm","Sơ đồ nhịp":"10+12+10","Khổ xe chạy":"4.0","Bề rộng cầu":"4.0","Tải trọng thiết kế":"10","Tĩnh không thông thuyền (chiều đứng)":"3.74","Tĩnh không thông thuyền (chiều ngang)":"15.0","Giá trị xây dựng cầu":"4267.0","Năm khởi công":"2018","Năm hoàn thành":"2019","Đơn vị quản lý":"Phòng Kinh tế & Hạ tầng H.Mang Thít","Tình trạng cầu":"Rất tốt","layer_id":158,"fid":102,"label":"Cầu Kinh Mới"}},{"type":"Feature","geometry":{"type":"Point","coordinates":[106.13722,10.173011]},"properties":{"Tên cầu":"Cầu Bảy Giang","Tên đường":"ĐH33","Lý trình":"3 + 700","Địa chỉ":"Mang Thít - Vĩnh Long","Đối tượng vượt":"Rạch(kênh,mương)","Dạng kết cấu chính":"Dầm, mạng dầm","Sơ đồ nhịp":"","Khổ xe chạy":"4.0","Bề rộng cầu":"4.0","Tải trọng thiết kế":"5","Tĩnh không thông thuyền (chiều đứng)":"","Tĩnh không thông thuyền (chiều ngang)":"","Giá trị xây dựng cầu":"","Năm khởi công":"2000","Năm hoàn thành":"2000","Đơn vị quản lý":"Phòng Kinh tế & Hạ tầng H.Mang Thít","Tình trạng cầu":"Tốt","layer_id":158,"fid":103,"label":"Cầu Bảy Giang"}},{"type":"Feature","geometry":{"type":"Point","coordinates":[106.15588,10.1671915]},"properties":{"Tên cầu":"Cầu Rạch Rừng","Tên đường":"ĐH33","Lý trình":"4 + 400","Địa chỉ":"Mang Thít - Vĩnh Long","Đối tượng vượt":"Sông","Dạng kết cấu chính":"Dầm, mạng dầm","Sơ đồ nhịp":"15+15+15","Khổ xe chạy":"4.0","Bề rộng cầu":"4.0","Tải trọng thiết kế":"10","Tĩnh không thông thuyền (chiều đứng)":"3.64","Tĩnh không thông thuyền (chiều ngang)":"15.0","Giá trị xây dựng cầu":"4086.0","Năm khởi công":"2018","Năm hoàn thành":"2019","Đơn vị quản lý":"Phòng Kinh tế & Hạ tầng H.Mang Thít","Tình trạng cầu":"Rất tốt","layer_id":158,"fid":104,"label":"Cầu Rạch Rừng"}},{"type":"Feature","geometry":{"type":"Point","coordinates":[106.11532,10.202463]},"properties":{"Tên cầu":"Cầu Quao","Tên đường":"ĐH33B","Lý trình":"1 + 600","Địa chỉ":"Mang Thít - Vĩnh Long","Đối tượng vượt":"Rạch(kênh,mương)","Dạng kết cấu chính":"Dầm, mạng dầm","Sơ đồ nhịp":"","Khổ xe chạy":"4.0","Bề rộng cầu":"4.0","Tải trọng thiết kế":"5","Tĩnh không thông thuyền (chiều đứng)":"","Tĩnh không thông thuyền (chiều ngang)":"","Giá trị xây dựng cầu":"","Năm khởi công":"2005","Năm hoàn thành":"2005","Đơn vị quản lý":"Phòng Kinh tế & Hạ tầng H.Mang Thít","Tình trạng cầu":"Tốt","layer_id":158,"fid":105,"label":"Cầu Quao"}},{"type":"Feature","geometry":{"type":"Point","coordinates":[106.10939,10.209036]},"properties":{"Tên cầu":"Cầu Tràm","Tên đường":"ĐH33B","Lý trình":"3 + 100","Địa chỉ":"Mang Thít - Vĩnh Long","Đối tượng vượt":"Rạch(kênh,mương)","Dạng kết cấu chính":"Dầm, mạng dầm","Sơ đồ nhịp":"","Khổ xe chạy":"4.0","Bề rộng cầu":"4.0","Tải trọng thiết kế":"5","Tĩnh không thông thuyền (chiều đứng)":"","Tĩnh không thông thuyền (chiều ngang)":"","Giá trị xây dựng cầu":"","Năm khởi công":"2005","Năm hoàn thành":"2005","Đơn vị quản lý":"Phòng Kinh tế & Hạ tầng H.Mang Thít","Tình trạng cầu":"Trung bình","layer_id":158,"fid":106,"label":"Cầu Tràm"}},{"type":"Feature","geometry":{"type":"Point","coordinates":[106.10255,10.219768]},"properties":{"Tên cầu":"Cầu Sông Lưu","Tên đường":"ĐH33B","Lý trình":"4 + 200","Địa chỉ":"Mang Thít - Vĩnh Long","Đối tượng vượt":"Sông","Dạng kết cấu chính":"Dầm, mạng dầm","Sơ đồ nhịp":"","Khổ xe chạy":"4.0","Bề rộng cầu":"4.0","Tải trọng thiết kế":"5","Tĩnh không thông thuyền (chiều đứng)":"","Tĩnh không thông thuyền (chiều ngang)":"","Giá trị xây dựng cầu":"2134.0","Năm khởi công":"2011","Năm hoàn thành":"2011","Đơn vị quản lý":"Phòng Kinh tế & Hạ tầng H.Mang Thít","Tình trạng cầu":"Trung bình","layer_id":158,"fid":107,"label":"Cầu Sông Lưu"}},{"type":"Feature","geometry":{"type":"Point","coordinates":[106.07064,10.118392]},"properties":{"Tên cầu":"Cầu Học Trò","Tên đường":"ĐH35","Lý trình":"0 + 800","Địa chỉ":"Mang Thít - Vĩnh Long","Đối tượng vượt":"Sông","Dạng kết cấu chính":"Dầm, mạng dầm","Sơ đồ nhịp":"","Khổ xe chạy":"4.0","Bề rộng cầu":"4.0","Tải trọng thiết kế":"8","Tĩnh không thông thuyền (chiều đứng)":"","Tĩnh không thông thuyền (chiều ngang)":"","Giá trị xây dựng cầu":"","Năm khởi công":"2007","Năm hoàn thành":"2007","Đơn vị quản lý":"Phòng Kinh tế & Hạ tầng H.Mang Thít","Tình trạng cầu":"Trung bình","layer_id":158,"fid":108,"label":"Cầu Học Trò"}},{"type":"Feature","geometry":{"type":"Point","coordinates":[106.07085,10.125185]},"properties":{"Tên cầu":"Cầu Sao Phong","Tên đường":"ĐH35","Lý trình":"1 + 700","Địa chỉ":"Mang Thít - Vĩnh Long","Đối tượng vượt":"Sông","Dạng kết cấu chính":"Dầm, mạng dầm","Sơ đồ nhịp":"","Khổ xe chạy":"4.0","Bề rộng cầu":"4.0","Tải trọng thiết kế":"8","Tĩnh không thông thuyền (chiều đứng)":"","Tĩnh không thông thuyền (chiều ngang)":"","Giá trị xây dựng cầu":"","Năm khởi công":"2007","Năm hoàn thành":"2007","Đơn vị quản lý":"Phòng Kinh tế & Hạ tầng H.Mang Thít","Tình trạng cầu":"Trung bình","layer_id":158,"fid":109,"label":"Cầu Sao Phong"}},{"type":"Feature","geometry":{"type":"Point","coordinates":[106.07086,10.125181]},"properties":{"Tên cầu":"Cầu Tân Qui","Tên đường":"ĐH35","Lý trình":"2 + 700","Địa chỉ":"Mang Thít - Vĩnh Long","Đối tượng vượt":"Sông","Dạng kết cấu chính":"Dầm, mạng dầm","Sơ đồ nhịp":"","Khổ xe chạy":"4.0","Bề rộng cầu":"4.0","Tải trọng thiết kế":"8","Tĩnh không thông thuyền (chiều đứng)":"","Tĩnh không thông thuyền (chiều ngang)":"","Giá trị xây dựng cầu":"","Năm khởi công":"2004","Năm hoàn thành":"2004","Đơn vị quản lý":"Phòng Kinh tế & Hạ tầng H.Mang Thít","Tình trạng cầu":"Trung bình","layer_id":158,"fid":110,"label":"Cầu Tân Qui"}},{"type":"Feature","geometry":{"type":"Point","coordinates":[106.09767,10.158968]},"properties":{"Tên cầu":"Cầu Ngọc Sơn Quang","Tên đường":"ĐH35","Lý trình":"8 + 700","Địa chỉ":"Mang Thít - Vĩnh Long","Đối tượng vượt":"Sông","Dạng kết cấu chính":"Dầm, mạng dầm","Sơ đồ nhịp":"","Khổ xe chạy":"4.0","Bề rộng cầu":"4.4","Tải trọng thiết kế":"8","Tĩnh không thông thuyền (chiều đứng)":"","Tĩnh không thông thuyền (chiều ngang)":"","Giá trị xây dựng cầu":"","Năm khởi công":"2007","Năm hoàn thành":"2007","Đơn vị quản lý":"Phòng Kinh tế & Hạ tầng H.Mang Thít","Tình trạng cầu":"Tốt","layer_id":158,"fid":111,"label":"Cầu Ngọc Sơn Quang"}},{"type":"Feature","geometry":{"type":"Point","coordinates":[106.04952,10.158241]},"properties":{"Tên cầu":"Cầu Đình","Tên đường":"ĐH36","Lý trình":"0 + 600","Địa chỉ":"Mang Thít - Vĩnh Long","Đối tượng vượt":"Rạch(kênh,mương)","Dạng kết cấu chính":"Dầm, mạng dầm","Sơ đồ nhịp":"","Khổ xe chạy":"4.0","Bề rộng cầu":"4.0","Tải trọng thiết kế":"5","Tĩnh không thông thuyền (chiều đứng)":"3.1","Tĩnh không thông thuyền (chiều ngang)":"","Giá trị xây dựng cầu":"454.0","Năm khởi công":"2011","Năm hoàn thành":"2011","Đơn vị quản lý":"Phòng Kinh tế & Hạ tầng H.Mang Thít","Tình trạng cầu":"Tốt","layer_id":158,"fid":112,"label":"Cầu Đình"}},{"type":"Feature","geometry":{"type":"Point","coordinates":[106.04479,10.148601]},"properties":{"Tên cầu":"Cầu Sông Lung","Tên đường":"ĐH36","Lý trình":"2 + 700","Địa chỉ":"Mang Thít - Vĩnh Long","Đối tượng vượt":"Sông","Dạng kết cấu chính":"Dầm, mạng dầm","Sơ đồ nhịp":"12+12+18+12+12","Khổ xe chạy":"4.0","Bề rộng cầu":"0","Tải trọng thiết kế":"5","Tĩnh không thông thuyền (chiều đứng)":"2.5","Tĩnh không thông thuyền (chiều ngang)":"18.0","Giá trị xây dựng cầu":"2135.0","Năm khởi công":"2008","Năm hoàn thành":"2009","Đơn vị quản lý":"Phòng Kinh tế & Hạ tầng H.Mang Thít","Tình trạng cầu":"Tốt","layer_id":158,"fid":113,"label":"Cầu Sông Lung"}},{"type":"Feature","geometry":{"type":"Point","coordinates":[106.02084,10.201658]},"properties":{"Tên cầu":"Cầu xã Hòa Tịnh","Tên đường":"ĐH37","Lý trình":"0 + 50","Địa chỉ":"Mang Thít - Vĩnh Long","Đối tượng vượt":"Sông","Dạng kết cấu chính":"Dầm, mạng dầm","Sơ đồ nhịp":"","Khổ xe chạy":"5.0","Bề rộng cầu":"6.3","Tải trọng thiết kế":"10","Tĩnh không thông thuyền (chiều đứng)":"","Tĩnh không thông thuyền (chiều ngang)":"","Giá trị xây dựng cầu":"5981.0","Năm khởi công":"2009","Năm hoàn thành":"2008","Đơn vị quản lý":"Phòng Kinh tế & Hạ tầng H.Mang Thít","Tình trạng cầu":"Tốt","layer_id":158,"fid":114,"label":"Cầu xã Hòa Tịnh"}},{"type":"Feature","geometry":{"type":"Point","coordinates":[105.83169,10.041383]},"properties":{"Tên cầu":"Mỹ Hòa ","Tên đường":"ĐH55","Lý trình":"0 + 293","Địa chỉ":"Bình Minh - Vĩnh Long","Đối tượng vượt":"Sông","Dạng kết cấu chính":"Dầm, mạng dầm","Sơ đồ nhịp":"","Khổ xe chạy":"4.5","Bề rộng cầu":"5.5","Tải trọng thiết kế":"8","Tĩnh không thông thuyền (chiều đứng)":"","Tĩnh không thông thuyền (chiều ngang)":"","Giá trị xây dựng cầu":"","Năm khởi công":"","Năm hoàn thành":"","Đơn vị quản lý":"Phòng QLĐT TX.Bình Minh","Tình trạng cầu":"","layer_id":158,"fid":327,"label":"Mỹ Hòa "}},{"type":"Feature","geometry":{"type":"Point","coordinates":[105.953804,9.936461]},"properties":{"Tên cầu":"Cầu Bang Chang","Tên đường":"ĐH70","Lý trình":"3 + 7","Địa chỉ":"Trà Ôn - Vĩnh Long","Đối tượng vượt":"Rạch(kênh,mương)","Dạng kết cấu chính":"Dầm, mạng dầm","Sơ đồ nhịp":"9+12+9","Khổ xe chạy":"4.0","Bề rộng cầu":"4.0","Tải trọng thiết kế":"5","Tĩnh không thông thuyền (chiều đứng)":"2.0","Tĩnh không thông thuyền (chiều ngang)":"10.0","Giá trị xây dựng cầu":"1250.0","Năm khởi công":"2005","Năm hoàn thành":"2005","Đơn vị quản lý":"Phòng Kinh tế & Hạ tầng H.Trà Ôn","Tình trạng cầu":"Trung bình","layer_id":158,"fid":115,"label":"Cầu Bang Chang"}},{"type":"Feature","geometry":{"type":"Point","coordinates":[0.0,0.0]},"properties":{"Tên cầu":"Bình An","Tên đường":"ĐH.48","Lý trình":"1 + 100","Địa chỉ":"Tam Bình - Vĩnh Long","Đối tượng vượt":"Rạch(kênh,mương)","Dạng kết cấu chính":"Dầm, mạng dầm","Sơ đồ nhịp":"","Khổ xe chạy":"0","Bề rộng cầu":"0","Tải trọng thiết kế":"","Tĩnh không thông thuyền (chiều đứng)":"","Tĩnh không thông thuyền (chiều ngang)":"","Giá trị xây dựng cầu":"","Năm khởi công":"","Năm hoàn thành":"","Đơn vị quản lý":"Phòng Kinh tế & Hạ tầng H.Tam Bình","Tình trạng cầu":"","layer_id":158,"fid":280,"label":"Bình An"}},{"type":"Feature","geometry":{"type":"Point","coordinates":[105.957054,9.933298]},"properties":{"Tên cầu":"Cầu Rạch Tra","Tên đường":"ĐH70","Lý trình":"5 + 59","Địa chỉ":"Trà Ôn - Vĩnh Long","Đối tượng vượt":"Rạch(kênh,mương)","Dạng kết cấu chính":"Dầm, mạng dầm","Sơ đồ nhịp":"10+10+10+10+10+10","Khổ xe chạy":"2.5","Bề rộng cầu":"2.5","Tải trọng thiết kế":"3,5","Tĩnh không thông thuyền (chiều đứng)":"2.5","Tĩnh không thông thuyền (chiều ngang)":"8.0","Giá trị xây dựng cầu":"1250.0","Năm khởi công":"1998","Năm hoàn thành":"1998","Đơn vị quản lý":"Phòng Kinh tế & Hạ tầng H.Trà Ôn","Tình trạng cầu":"Yếu","layer_id":158,"fid":116,"label":"Cầu Rạch Tra"}},{"type":"Feature","geometry":{"type":"Point","coordinates":[105.9624,9.928436]},"properties":{"Tên cầu":"Cầu Rạch Ranh","Tên đường":"ĐH70","Lý trình":"6 + 27","Địa chỉ":"Trà Ôn - Vĩnh Long","Đối tượng vượt":"Rạch(kênh,mương)","Dạng kết cấu chính":"Dầm, mạng dầm","Sơ đồ nhịp":"9+12+9","Khổ xe chạy":"3.5","Bề rộng cầu":"3.5","Tải trọng thiết kế":"5","Tĩnh không thông thuyền (chiều đứng)":"2.5","Tĩnh không thông thuyền (chiều ngang)":"10.0","Giá trị xây dựng cầu":"1500.0","Năm khởi công":"2002","Năm hoàn thành":"2002","Đơn vị quản lý":"Phòng Kinh tế & Hạ tầng H.Trà Ôn","Tình trạng cầu":"Trung bình","layer_id":158,"fid":117,"label":"Cầu Rạch Ranh"}},{"type":"Feature","geometry":{"type":"Point","coordinates":[105.96819,9.923518]},"properties":{"Tên cầu":"Cầu Mương Điều","Tên đường":"ĐH70","Lý trình":"6 + 716","Địa chỉ":"Trà Ôn - Vĩnh Long","Đối tượng vượt":"Rạch(kênh,mương)","Dạng kết cấu chính":"Dầm, mạng dầm","Sơ đồ nhịp":"8+8+12+8+8","Khổ xe chạy":"2.5","Bề rộng cầu":"2.5","Tải trọng thiết kế":"3.5","Tĩnh không thông thuyền (chiều đứng)":"2.5","Tĩnh không thông thuyền (chiều ngang)":"10.0","Giá trị xây dựng cầu":"1250.0","Năm khởi công":"1999","Năm hoàn thành":"1999","Đơn vị quản lý":"Phòng Kinh tế & Hạ tầng H.Trà Ôn","Tình trạng cầu":"Yếu","layer_id":158,"fid":118,"label":"Cầu Mương Điều"}},{"type":"Feature","geometry":{"type":"Point","coordinates":[105.9797,9.965611]},"properties":{"Tên cầu":"Cầu Nhà Thí (Cầu số 1)","Tên đường":"ĐH71","Lý trình":"0 + 641","Địa chỉ":"Trà Ôn - Vĩnh Long","Đối tượng vượt":"Rạch(kênh,mương)","Dạng kết cấu chính":"Dầm, mạng dầm","Sơ đồ nhịp":"8+10+8","Khổ xe chạy":"5.2","Bề rộng cầu":"6.2","Tải trọng thiết kế":"10","Tĩnh không thông thuyền (chiều đứng)":"2.5","Tĩnh không thông thuyền (chiều ngang)":"8.0","Giá trị xây dựng cầu":"5500.0","Năm khởi công":"2013","Năm hoàn thành":"2013","Đơn vị quản lý":"Phòng Kinh tế & Hạ tầng H.Trà Ôn","Tình trạng cầu":"Tốt","layer_id":158,"fid":119,"label":"Cầu Nhà Thí (Cầu số 1)"}},{"type":"Feature","geometry":{"type":"Point","coordinates":[105.98283,9.976583]},"properties":{"Tên cầu":"Cầu Gia Kiết (Cầu số 2)","Tên đường":"ĐH71","Lý trình":"1 + 893","Địa chỉ":"Trà Ôn - Vĩnh Long","Đối tượng vượt":"Rạch(kênh,mương)","Dạng kết cấu chính":"Dầm, mạng dầm","Sơ đồ nhịp":"6+9+6","Khổ xe chạy":"5.2","Bề rộng cầu":"6.2","Tải trọng thiết kế":"10","Tĩnh không thông thuyền (chiều đứng)":"2.5","Tĩnh không thông thuyền (chiều ngang)":"7.0","Giá trị xây dựng cầu":"4500.0","Năm khởi công":"2013","Năm hoàn thành":"2013","Đơn vị quản lý":"Phòng Kinh tế & Hạ tầng H.Trà Ôn","Tình trạng cầu":"Tốt","layer_id":158,"fid":120,"label":"Cầu Gia Kiết (Cầu số 2)"}},{"type":"Feature","geometry":{"type":"Point","coordinates":[105.98697,9.992537]},"properties":{"Tên cầu":"Cầu Tầm Vu (Cầu số 3)","Tên đường":"ĐH71","Lý trình":"3 + 720","Địa chỉ":"Trà Ôn - Vĩnh Long","Đối tượng vượt":"Rạch(kênh,mương)","Dạng kết cấu chính":"Dầm, mạng dầm","Sơ đồ nhịp":"8+10+8","Khổ xe chạy":"5.2","Bề rộng cầu":"6.2","Tải trọng thiết kế":"10","Tĩnh không thông thuyền (chiều đứng)":"2.5","Tĩnh không thông thuyền (chiều ngang)":"8.0","Giá trị xây dựng cầu":"6000.0","Năm khởi công":"2013","Năm hoàn thành":"2013","Đơn vị quản lý":"Phòng Kinh tế & Hạ tầng H.Trà Ôn","Tình trạng cầu":"Tốt","layer_id":158,"fid":121,"label":"Cầu Tầm Vu (Cầu số 3)"}},{"type":"Feature","geometry":{"type":"Point","coordinates":[105.99095,10.008378]},"properties":{"Tên cầu":"Cầu Đình (Cầu số 4)","Tên đường":"ĐH71","Lý trình":"5 + 545","Địa chỉ":"Trà Ôn - Vĩnh Long","Đối tượng vượt":"Rạch(kênh,mương)","Dạng kết cấu chính":"Dầm, mạng dầm","Sơ đồ nhịp":"8+8+12+8+8","Khổ xe chạy":"5.2","Bề rộng cầu":"6.2","Tải trọng thiết kế":"10","Tĩnh không thông thuyền (chiều đứng)":"2.5","Tĩnh không thông thuyền (chiều ngang)":"10.0","Giá trị xây dựng cầu":"8860.0","Năm khởi công":"2013","Năm hoàn thành":"2013","Đơn vị quản lý":"Phòng Kinh tế & Hạ tầng H.Trà Ôn","Tình trạng cầu":"Tốt","layer_id":158,"fid":122,"label":"Cầu Đình (Cầu số 4)"}},{"type":"Feature","geometry":{"type":"Point","coordinates":[106.052124,9.954339]},"properties":{"Tên cầu":"Cống hở Nhà Thờ 2","Tên đường":"ĐH72","Lý trình":"0 + 944","Địa chỉ":"Trà Ôn - Vĩnh Long","Đối tượng vượt":"Rạch(kênh,mương)","Dạng kết cấu chính":"Dầm, mạng dầm","Sơ đồ nhịp":"10+4+10","Khổ xe chạy":"4.0","Bề rộng cầu":"5.0","Tải trọng thiết kế":"8","Tĩnh không thông thuyền (chiều đứng)":"2.0","Tĩnh không thông thuyền (chiều ngang)":"3.0","Giá trị xây dựng cầu":"1580.0","Năm khởi công":"2016","Năm hoàn thành":"2016","Đơn vị quản lý":"Phòng Kinh tế & Hạ tầng H.Trà Ôn","Tình trạng cầu":"Tốt","layer_id":158,"fid":123,"label":"Cống hở Nhà Thờ 2"}},{"type":"Feature","geometry":{"type":"Point","coordinates":[106.02882,9.97728]},"properties":{"Tên cầu":"Cống hở Kinh Đào 2","Tên đường":"ĐH72","Lý trình":"4 + 609","Địa chỉ":"Trà Ôn - Vĩnh Long","Đối tượng vượt":"Rạch(kênh,mương)","Dạng kết cấu chính":"Dầm, mạng dầm","Sơ đồ nhịp":"10+4+10","Khổ xe chạy":"4.0","Bề rộng cầu":"4.0","Tải trọng thiết kế":"8","Tĩnh không thông thuyền (chiều đứng)":"2.5","Tĩnh không thông thuyền (chiều ngang)":"3.0","Giá trị xây dựng cầu":"2150.0","Năm khởi công":"2017","Năm hoàn thành":"2017","Đơn vị quản lý":"Phòng Kinh tế & Hạ tầng H.Trà Ôn","Tình trạng cầu":"Tốt","layer_id":158,"fid":124,"label":"Cống hở Kinh Đào 2"}},{"type":"Feature","geometry":{"type":"Point","coordinates":[106.04711,10.0365305]},"properties":{"Tên cầu":"Cầu Cửa Khẩu","Tên đường":"ĐH74","Lý trình":"0 + 152","Địa chỉ":"Trà Ôn - Vĩnh Long","Đối tượng vượt":"Rạch(kênh,mương)","Dạng kết cấu chính":"Dầm, mạng dầm","Sơ đồ nhịp":"12","Khổ xe chạy":"4.0","Bề rộng cầu":"4.5","Tải trọng thiết kế":"5","Tĩnh không thông thuyền (chiều đứng)":"2.0","Tĩnh không thông thuyền (chiều ngang)":"10.0","Giá trị xây dựng cầu":"1250.0","Năm khởi công":"1998","Năm hoàn thành":"1998","Đơn vị quản lý":"Phòng Kinh tế & Hạ tầng H.Trà Ôn","Tình trạng cầu":"Yếu","layer_id":158,"fid":125,"label":"Cầu Cửa Khẩu"}},{"type":"Feature","geometry":{"type":"Point","coordinates":[0.0,0.0]},"properties":{"Tên cầu":"Bình Điền","Tên đường":"ĐH.48","Lý trình":"0 + 200","Địa chỉ":"Tam Bình - Vĩnh Long","Đối tượng vượt":"Rạch(kênh,mương)","Dạng kết cấu chính":"Dầm, mạng dầm","Sơ đồ nhịp":"","Khổ xe chạy":"0","Bề rộng cầu":"0","Tải trọng thiết kế":"","Tĩnh không thông thuyền (chiều đứng)":"","Tĩnh không thông thuyền (chiều ngang)":"","Giá trị xây dựng cầu":"","Năm khởi công":"","Năm hoàn thành":"","Đơn vị quản lý":"Phòng Kinh tế & Hạ tầng H.Tam Bình","Tình trạng cầu":"","layer_id":158,"fid":279,"label":"Bình Điền"}},{"type":"Feature","geometry":{"type":"Point","coordinates":[106.03106,10.0419445]},"properties":{"Tên cầu":"Cầu Rạch Rừng","Tên đường":"ĐH74","Lý trình":"2 + 280","Địa chỉ":"Trà Ôn - Vĩnh Long","Đối tượng vượt":"Rạch(kênh,mương)","Dạng kết cấu chính":"Dầm, mạng dầm","Sơ đồ nhịp":"9+9+10+9+9","Khổ xe chạy":"4.0","Bề rộng cầu":"4.5","Tải trọng thiết kế":"5","Tĩnh không thông thuyền (chiều đứng)":"2.5","Tĩnh không thông thuyền (chiều ngang)":"8.0","Giá trị xây dựng cầu":"1350.0","Năm khởi công":"1998","Năm hoàn thành":"1998","Đơn vị quản lý":"Phòng Kinh tế & Hạ tầng H.Trà Ôn","Tình trạng cầu":"Trung bình","layer_id":158,"fid":126,"label":"Cầu Rạch Rừng"}},{"type":"Feature","geometry":{"type":"Point","coordinates":[106.02548,10.04156]},"properties":{"Tên cầu":"Cầu Xẻo Nhiên","Tên đường":"ĐH74","Lý trình":"2 + 932","Địa chỉ":"Trà Ôn - Vĩnh Long","Đối tượng vượt":"Rạch(kênh,mương)","Dạng kết cấu chính":"Dầm, mạng dầm","Sơ đồ nhịp":"9+9+10+9+9","Khổ xe chạy":"4.0","Bề rộng cầu":"4.0","Tải trọng thiết kế":"5","Tĩnh không thông thuyền (chiều đứng)":"2.5","Tĩnh không thông thuyền (chiều ngang)":"8.0","Giá trị xây dựng cầu":"1650.0","Năm khởi công":"1998","Năm hoàn thành":"1998","Đơn vị quản lý":"Phòng Kinh tế & Hạ tầng H.Trà Ôn","Tình trạng cầu":"Trung bình","layer_id":158,"fid":127,"label":"Cầu Xẻo Nhiên"}},{"type":"Feature","geometry":{"type":"Point","coordinates":[105.91172,9.953651]},"properties":{"Tên cầu":"Cầu Cái Bần","Tên đường":"ĐH75","Lý trình":"0 + 844","Địa chỉ":"Trà Ôn - Vĩnh Long","Đối tượng vượt":"Rạch(kênh,mương)","Dạng kết cấu chính":"Dầm, mạng dầm","Sơ đồ nhịp":"10+10+10","Khổ xe chạy":"2.5","Bề rộng cầu":"2.5","Tải trọng thiết kế":"5","Tĩnh không thông thuyền (chiều đứng)":"2.5","Tĩnh không thông thuyền (chiều ngang)":"8.0","Giá trị xây dựng cầu":"1150.0","Năm khởi công":"2003","Năm hoàn thành":"2003","Đơn vị quản lý":"Phòng Kinh tế & Hạ tầng H.Trà Ôn","Tình trạng cầu":"Yếu","layer_id":158,"fid":128,"label":"Cầu Cái Bần"}},{"type":"Feature","geometry":{"type":"Point","coordinates":[105.863525,10.04624]},"properties":{"Tên cầu":"Cầu cống Càng Cua","Tên đường":"Đường từ Chùa Dưới đến Cụm DC Đông Thạnh","Lý trình":"","Địa chỉ":"Bình Minh - Vĩnh Long","Đối tượng vượt":"Đường bộ","Dạng kết cấu chính":"Dầm, mạng dầm","Sơ đồ nhịp":"12+15+12","Khổ xe chạy":"0","Bề rộng cầu":"0","Tải trọng thiết kế":"8","Tĩnh không thông thuyền (chiều đứng)":"","Tĩnh không thông thuyền (chiều ngang)":"","Giá trị xây dựng cầu":"","Năm khởi công":"","Năm hoàn thành":"","Đơn vị quản lý":"Phòng QLĐT TX.Bình Minh","Tình trạng cầu":"","layer_id":158,"fid":318,"label":"Cầu cống Càng Cua"}},{"type":"Feature","geometry":{"type":"Point","coordinates":[105.90807,9.960109]},"properties":{"Tên cầu":"Cầu Chữ Y","Tên đường":"ĐH75","Lý trình":"1 + 805","Địa chỉ":"Trà Ôn - Vĩnh Long","Đối tượng vượt":"Rạch(kênh,mương)","Dạng kết cấu chính":"Dầm, mạng dầm","Sơ đồ nhịp":"8+8+10+8","Khổ xe chạy":"2.5","Bề rộng cầu":"2.5","Tải trọng thiết kế":"2.5","Tĩnh không thông thuyền (chiều đứng)":"2.5","Tĩnh không thông thuyền (chiều ngang)":"8.0","Giá trị xây dựng cầu":"1250.0","Năm khởi công":"1997","Năm hoàn thành":"1997","Đơn vị quản lý":"Phòng Kinh tế & Hạ tầng H.Trà Ôn","Tình trạng cầu":"Yếu","layer_id":158,"fid":129,"label":"Cầu Chữ Y"}},{"type":"Feature","geometry":{"type":"Point","coordinates":[105.89501,9.972829]},"properties":{"Tên cầu":"Cầu Phước Mỹ","Tên đường":"ĐH75","Lý trình":"3 + 974","Địa chỉ":"Trà Ôn - Vĩnh Long","Đối tượng vượt":"Rạch(kênh,mương)","Dạng kết cấu chính":"Dầm, mạng dầm","Sơ đồ nhịp":"10","Khổ xe chạy":"2.5","Bề rộng cầu":"2.5","Tải trọng thiết kế":"5","Tĩnh không thông thuyền (chiều đứng)":"2.5","Tĩnh không thông thuyền (chiều ngang)":"8.0","Giá trị xây dựng cầu":"850.0","Năm khởi công":"2003","Năm hoàn thành":"2003","Đơn vị quản lý":"Phòng Kinh tế & Hạ tầng H.Trà Ôn","Tình trạng cầu":"Yếu","layer_id":158,"fid":130,"label":"Cầu Phước Mỹ"}},{"type":"Feature","geometry":{"type":"Point","coordinates":[105.88303,9.980509]},"properties":{"Tên cầu":"Cầu Thuộc Nhàn","Tên đường":"ĐH75","Lý trình":"5 + 515","Địa chỉ":"Trà Ôn - Vĩnh Long","Đối tượng vượt":"Rạch(kênh,mương)","Dạng kết cấu chính":"Dầm, mạng dầm","Sơ đồ nhịp":"10+10+10","Khổ xe chạy":"2.5","Bề rộng cầu":"2.5","Tải trọng thiết kế":"5","Tĩnh không thông thuyền (chiều đứng)":"2.5","Tĩnh không thông thuyền (chiều ngang)":"8.0","Giá trị xây dựng cầu":"1350.0","Năm khởi công":"1997","Năm hoàn thành":"1997","Đơn vị quản lý":"Phòng Kinh tế & Hạ tầng H.Trà Ôn","Tình trạng cầu":"Yếu","layer_id":158,"fid":131,"label":"Cầu Thuộc Nhàn"}},{"type":"Feature","geometry":{"type":"Point","coordinates":[106.05094,10.075658]},"properties":{"Tên cầu":"Cầu Bà Huề","Tên đường":"ĐH77","Lý trình":"0 + 419","Địa chỉ":"Trà Ôn - Vĩnh Long","Đối tượng vượt":"Rạch(kênh,mương)","Dạng kết cấu chính":"Dầm, mạng dầm","Sơ đồ nhịp":"8+10+10+8+8+8","Khổ xe chạy":"3.5","Bề rộng cầu":"3.5","Tải trọng thiết kế":"5","Tĩnh không thông thuyền (chiều đứng)":"2.5","Tĩnh không thông thuyền (chiều ngang)":"8.0","Giá trị xây dựng cầu":"1250.0","Năm khởi công":"1995","Năm hoàn thành":"1995","Đơn vị quản lý":"Phòng Kinh tế & Hạ tầng H.Trà Ôn","Tình trạng cầu":"Yếu","layer_id":158,"fid":132,"label":"Cầu Bà Huề"}},{"type":"Feature","geometry":{"type":"Point","coordinates":[106.0574,10.073803]},"properties":{"Tên cầu":"Cầu Bà Soi","Tên đường":"ĐH77","Lý trình":"1 + 413","Địa chỉ":"Trà Ôn - Vĩnh Long","Đối tượng vượt":"Rạch(kênh,mương)","Dạng kết cấu chính":"Dầm, mạng dầm","Sơ đồ nhịp":"8+10+10+10+8","Khổ xe chạy":"3.5","Bề rộng cầu":"3.5","Tải trọng thiết kế":"5","Tĩnh không thông thuyền (chiều đứng)":"2.5","Tĩnh không thông thuyền (chiều ngang)":"8.0","Giá trị xây dựng cầu":"1250.0","Năm khởi công":"1995","Năm hoàn thành":"1995","Đơn vị quản lý":"Phòng Kinh tế & Hạ tầng H.Trà Ôn","Tình trạng cầu":"Yếu","layer_id":158,"fid":133,"label":"Cầu Bà Soi"}},{"type":"Feature","geometry":{"type":"Point","coordinates":[106.08577,10.0576]},"properties":{"Tên cầu":"Cầu Bưng Sẩm","Tên đường":"ĐH77","Lý trình":"5 + 299","Địa chỉ":"Trà Ôn - Vĩnh Long","Đối tượng vượt":"Rạch(kênh,mương)","Dạng kết cấu chính":"Dầm, mạng dầm","Sơ đồ nhịp":"9+12+9","Khổ xe chạy":"4.0","Bề rộng cầu":"4.0","Tải trọng thiết kế":"5","Tĩnh không thông thuyền (chiều đứng)":"2.5","Tĩnh không thông thuyền (chiều ngang)":"10.0","Giá trị xây dựng cầu":"1350.0","Năm khởi công":"2010","Năm hoàn thành":"2010","Đơn vị quản lý":"Phòng Kinh tế & Hạ tầng H.Trà Ôn","Tình trạng cầu":"Trung bình","layer_id":158,"fid":134,"label":"Cầu Bưng Sẩm"}},{"type":"Feature","geometry":{"type":"Point","coordinates":[106.08736,10.053177]},"properties":{"Tên cầu":"Cầu Tám Sâm","Tên đường":"ĐH77","Lý trình":"5 + 853","Địa chỉ":"Trà Ôn - Vĩnh Long","Đối tượng vượt":"Rạch(kênh,mương)","Dạng kết cấu chính":"Dầm, mạng dầm","Sơ đồ nhịp":"12+15+12","Khổ xe chạy":"4.0","Bề rộng cầu":"4.0","Tải trọng thiết kế":"8","Tĩnh không thông thuyền (chiều đứng)":"2.5","Tĩnh không thông thuyền (chiều ngang)":"13.0","Giá trị xây dựng cầu":"3502.0","Năm khởi công":"2013","Năm hoàn thành":"2013","Đơn vị quản lý":"Phòng Kinh tế & Hạ tầng H.Trà Ôn","Tình trạng cầu":"Tốt","layer_id":158,"fid":135,"label":"Cầu Tám Sâm"}},{"type":"Feature","geometry":{"type":"Point","coordinates":[106.06386,10.02503]},"properties":{"Tên cầu":"Cầu Kinh Mới 3","Tên đường":"ĐH77","Lý trình":"10 + 800","Địa chỉ":"Trà Ôn - Vĩnh Long","Đối tượng vượt":"Rạch(kênh,mương)","Dạng kết cấu chính":"Dầm, mạng dầm","Sơ đồ nhịp":"15+15+15","Khổ xe chạy":"4.0","Bề rộng cầu":"4.5","Tải trọng thiết kế":"8","Tĩnh không thông thuyền (chiều đứng)":"2.5","Tĩnh không thông thuyền (chiều ngang)":"13.0","Giá trị xây dựng cầu":"5134.0","Năm khởi công":"2014","Năm hoàn thành":"","Đơn vị quản lý":"Phòng Kinh tế & Hạ tầng H.Trà Ôn","Tình trạng cầu":"Tốt","layer_id":158,"fid":136,"label":"Cầu Kinh Mới 3"}},{"type":"Feature","geometry":{"type":"Point","coordinates":[106.067314,10.0150385]},"properties":{"Tên cầu":"Cầu Rạch Bần","Tên đường":"ĐH77","Lý trình":"12 + 30","Địa chỉ":"Trà Ôn - Vĩnh Long","Đối tượng vượt":"Rạch(kênh,mương)","Dạng kết cấu chính":"Dầm, mạng dầm","Sơ đồ nhịp":"9+18+9","Khổ xe chạy":"4.0","Bề rộng cầu":"4.5","Tải trọng thiết kế":"8","Tĩnh không thông thuyền (chiều đứng)":"2.0","Tĩnh không thông thuyền (chiều ngang)":"16.0","Giá trị xây dựng cầu":"3539.0","Năm khởi công":"2016","Năm hoàn thành":"2016","Đơn vị quản lý":"Phòng Kinh tế & Hạ tầng H.Trà Ôn","Tình trạng cầu":"Tốt","layer_id":158,"fid":137,"label":"Cầu Rạch Bần"}},{"type":"Feature","geometry":{"type":"Point","coordinates":[106.068985,10.073577]},"properties":{"Tên cầu":"Cầu Mương Khai","Tên đường":"ĐH78","Lý trình":"2 + 400","Địa chỉ":"Trà Ôn - Vĩnh Long","Đối tượng vượt":"Rạch(kênh,mương)","Dạng kết cấu chính":"Dầm, mạng dầm","Sơ đồ nhịp":"10+10+18+10+10","Khổ xe chạy":"4.0","Bề rộng cầu":"4.5","Tải trọng thiết kế":"8","Tĩnh không thông thuyền (chiều đứng)":"2.5","Tĩnh không thông thuyền (chiều ngang)":"16.0","Giá trị xây dựng cầu":"5762.0","Năm khởi công":"2018","Năm hoàn thành":"2019","Đơn vị quản lý":"Phòng Kinh tế & Hạ tầng H.Trà Ôn","Tình trạng cầu":"Tốt","layer_id":158,"fid":138,"label":"Cầu Mương Khai"}},{"type":"Feature","geometry":{"type":"Point","coordinates":[106.01213,9.923926]},"properties":{"Tên cầu":"Cầu Ông Chua","Tên đường":"Đường liên ấp Vĩnh Trinh - Tích Lộc, xã Vĩnh Xuân, Tích Thiện.","Lý trình":"3 + 400","Địa chỉ":"Trà Ôn - Vĩnh Long","Đối tượng vượt":"Rạch(kênh,mương)","Dạng kết cấu chính":"Dầm, mạng dầm","Sơ đồ nhịp":"12+12+12","Khổ xe chạy":"4.0","Bề rộng cầu":"4.0","Tải trọng thiết kế":"8","Tĩnh không thông thuyền (chiều đứng)":"2.5","Tĩnh không thông thuyền (chiều ngang)":"10.0","Giá trị xây dựng cầu":"3148.0","Năm khởi công":"2013","Năm hoàn thành":"2013","Đơn vị quản lý":"Phòng Kinh tế & Hạ tầng H.Trà Ôn","Tình trạng cầu":"Tốt","layer_id":158,"fid":139,"label":"Cầu Ông Chua"}},{"type":"Feature","geometry":{"type":"Point","coordinates":[105.9784,9.913978]},"properties":{"Tên cầu":"Cầu Rạch Chiết","Tên đường":"Đường liên ấp Vĩnh Trinh - Tích Lộc, xã Vĩnh Xuân, Tích Thiện.","Lý trình":"9 + 351","Địa chỉ":"Trà Ôn - Vĩnh Long","Đối tượng vượt":"Rạch(kênh,mương)","Dạng kết cấu chính":"Dầm, mạng dầm","Sơ đồ nhịp":"15+15+15","Khổ xe chạy":"4.0","Bề rộng cầu":"4.0","Tải trọng thiết kế":"8","Tĩnh không thông thuyền (chiều đứng)":"2.5","Tĩnh không thông thuyền (chiều ngang)":"13.0","Giá trị xây dựng cầu":"2820.0","Năm khởi công":"2012","Năm hoàn thành":"2012","Đơn vị quản lý":"Phòng Kinh tế & Hạ tầng H.Trà Ôn","Tình trạng cầu":"Tốt","layer_id":158,"fid":140,"label":"Cầu Rạch Chiết"}},{"type":"Feature","geometry":{"type":"Point","coordinates":[105.881424,9.978494]},"properties":{"Tên cầu":"Cầu Bảy Bèn","Tên đường":"Đường liên ấp Thuộc Nhàn - ","Lý trình":"0 + 380","Địa chỉ":"Trà Ôn - Vĩnh Long","Đối tượng vượt":"Rạch(kênh,mương)","Dạng kết cấu chính":"Dầm, mạng dầm","Sơ đồ nhịp":"8+8+8","Khổ xe chạy":"4.0","Bề rộng cầu":"4.0","Tải trọng thiết kế":"8","Tĩnh không thông thuyền (chiều đứng)":"2.5","Tĩnh không thông thuyền (chiều ngang)":"6.0","Giá trị xây dựng cầu":"1850.0","Năm khởi công":"2018","Năm hoàn thành":"2019","Đơn vị quản lý":"Phòng Kinh tế & Hạ tầng H.Trà Ôn","Tình trạng cầu":"Tốt","layer_id":158,"fid":141,"label":"Cầu Bảy Bèn"}},{"type":"Feature","geometry":{"type":"Point","coordinates":[105.881424,9.978494]},"properties":{"Tên cầu":"Cầu Bảy Bèn","Tên đường":"Lộ Hoang, xã Phú Thành Thành","Lý trình":null,"Địa chỉ":"Trà Ôn - Vĩnh Long","Đối tượng vượt":"Rạch(kênh,mương)","Dạng kết cấu chính":"Dầm, mạng dầm","Sơ đồ nhịp":"8+8+8","Khổ xe chạy":"4.0","Bề rộng cầu":"4.0","Tải trọng thiết kế":"8","Tĩnh không thông thuyền (chiều đứng)":"2.5","Tĩnh không thông thuyền (chiều ngang)":"6.0","Giá trị xây dựng cầu":"1850.0","Năm khởi công":"2018","Năm hoàn thành":"2019","Đơn vị quản lý":"Phòng Kinh tế & Hạ tầng H.Trà Ôn","Tình trạng cầu":"Tốt","layer_id":158,"fid":142,"label":"Cầu Bảy Bèn"}},{"type":"Feature","geometry":{"type":"Point","coordinates":[105.975174,9.981901]},"properties":{"Tên cầu":"Cầu Trà Mòn","Tên đường":"Đường liên ấp Mỹ An - Gia Kiết, xã Tân Mỹ","Lý trình":"2 + 270","Địa chỉ":"Trà Ôn - Vĩnh Long","Đối tượng vượt":"Rạch(kênh,mương)","Dạng kết cấu chính":"Dầm, mạng dầm","Sơ đồ nhịp":"12+12+12","Khổ xe chạy":"4.0","Bề rộng cầu":"4.0","Tải trọng thiết kế":"8","Tĩnh không thông thuyền (chiều đứng)":"1.5","Tĩnh không thông thuyền (chiều ngang)":"10.0","Giá trị xây dựng cầu":"2701.0","Năm khởi công":"2018","Năm hoàn thành":"2019","Đơn vị quản lý":"Phòng Kinh tế & Hạ tầng H.Trà Ôn","Tình trạng cầu":"Rất tốt","layer_id":158,"fid":143,"label":"Cầu Trà Mòn"}},{"type":"Feature","geometry":{"type":"Point","coordinates":[106.04323,10.004986]},"properties":{"Tên cầu":"Cầu chữ L","Tên đường":"Đường liên ấp Tường Tín - Tường Hưng, xã Thới Hòa","Lý trình":"2 + 960","Địa chỉ":"Trà Ôn - Vĩnh Long","Đối tượng vượt":"Rạch(kênh,mương)","Dạng kết cấu chính":"Dầm, mạng dầm","Sơ đồ nhịp":"6","Khổ xe chạy":"4.0","Bề rộng cầu":"4.0","Tải trọng thiết kế":"8","Tĩnh không thông thuyền (chiều đứng)":"1.2","Tĩnh không thông thuyền (chiều ngang)":"4.0","Giá trị xây dựng cầu":"1588.0","Năm khởi công":"2017","Năm hoàn thành":"2018","Đơn vị quản lý":"Phòng Kinh tế & Hạ tầng H.Trà Ôn","Tình trạng cầu":"Rất tốt","layer_id":158,"fid":144,"label":"Cầu chữ L"}},{"type":"Feature","geometry":{"type":"Point","coordinates":[105.985176,9.994806]},"properties":{"Tên cầu":"Cầu Ba Giang","Tên đường":"Đường liên ấp Mỹ An - Mỹ Yên, xã Tân Mỹ","Lý trình":"2 + 270","Địa chỉ":"Trà Ôn - Vĩnh Long","Đối tượng vượt":"Rạch(kênh,mương)","Dạng kết cấu chính":"Dầm, mạng dầm","Sơ đồ nhịp":"12+12+12","Khổ xe chạy":"4.0","Bề rộng cầu":"4.0","Tải trọng thiết kế":"8","Tĩnh không thông thuyền (chiều đứng)":"2.2","Tĩnh không thông thuyền (chiều ngang)":"10.0","Giá trị xây dựng cầu":"3323.0","Năm khởi công":"2018","Năm hoàn thành":"2019","Đơn vị quản lý":"Phòng Kinh tế & Hạ tầng H.Trà Ôn","Tình trạng cầu":"Rất tốt","layer_id":158,"fid":145,"label":"Cầu Ba Giang"}},{"type":"Feature","geometry":{"type":"Point","coordinates":[106.006065,9.991028]},"properties":{"Tên cầu":"Cầu Xẻo Tràm","Tên đường":"Đường liên ấp Tầm Vu - Ban Chan - Xẻo Tràm, xã Trà Côn","Lý trình":"1 + 400","Địa chỉ":"Trà Ôn - Vĩnh Long","Đối tượng vượt":"Rạch(kênh,mương)","Dạng kết cấu chính":"Dầm, mạng dầm","Sơ đồ nhịp":"10+12+10","Khổ xe chạy":"4.0","Bề rộng cầu":"4.0","Tải trọng thiết kế":"8","Tĩnh không thông thuyền (chiều đứng)":"2.0","Tĩnh không thông thuyền (chiều ngang)":"10.0","Giá trị xây dựng cầu":"2046.0","Năm khởi công":"2017","Năm hoàn thành":"2018","Đơn vị quản lý":"Phòng Kinh tế & Hạ tầng H.Trà Ôn","Tình trạng cầu":"Rất tốt","layer_id":158,"fid":146,"label":"Cầu Xẻo Tràm"}},{"type":"Feature","geometry":{"type":"Point","coordinates":[106.00294,9.9878845]},"properties":{"Tên cầu":"Cầu Ban Chan","Tên đường":"Đường liên ấp Tầm Vu - Ban Chan - Xẻo Tràm, xã Trà Côn","Lý trình":"2 + 190","Địa chỉ":"Trà Ôn - Vĩnh Long","Đối tượng vượt":"Rạch(kênh,mương)","Dạng kết cấu chính":"Dầm, mạng dầm","Sơ đồ nhịp":"10+12+10","Khổ xe chạy":"4.0","Bề rộng cầu":"4.0","Tải trọng thiết kế":"8","Tĩnh không thông thuyền (chiều đứng)":"2.0","Tĩnh không thông thuyền (chiều ngang)":"10.0","Giá trị xây dựng cầu":"2014.0","Năm khởi công":"2017","Năm hoàn thành":"2018","Đơn vị quản lý":"Phòng Kinh tế & Hạ tầng H.Trà Ôn","Tình trạng cầu":"Rất tốt","layer_id":158,"fid":147,"label":"Cầu Ban Chan"}},{"type":"Feature","geometry":{"type":"Point","coordinates":[106.014244,9.990774]},"properties":{"Tên cầu":"Cầu Ông Tín","Tên đường":"Đường liên ấp Vĩnh Hòa - Cầu Đình xã Hựu Thành, Trà Côn","Lý trình":"0 + 276","Địa chỉ":"Trà Ôn - Vĩnh Long","Đối tượng vượt":"Rạch(kênh,mương)","Dạng kết cấu chính":"Dầm, mạng dầm","Sơ đồ nhịp":"10+10+10","Khổ xe chạy":"3.5","Bề rộng cầu":"3.5","Tải trọng thiết kế":"5","Tĩnh không thông thuyền (chiều đứng)":"2.5","Tĩnh không thông thuyền (chiều ngang)":"8.0","Giá trị xây dựng cầu":"1350.0","Năm khởi công":"2000","Năm hoàn thành":"2000","Đơn vị quản lý":"Phòng Kinh tế & Hạ tầng H.Trà Ôn","Tình trạng cầu":"Trung bình","layer_id":158,"fid":148,"label":"Cầu Ông Tín"}},{"type":"Feature","geometry":{"type":"Point","coordinates":[105.84887,10.0464]},"properties":{"Tên cầu":"Tám Bạc","Tên đường":"Đường từ Chùa Dưới đến Cụm DC Đông Thạnh","Lý trình":"","Địa chỉ":"Bình Minh - Vĩnh Long","Đối tượng vượt":"Sông","Dạng kết cấu chính":"Dầm, mạng dầm","Sơ đồ nhịp":"12+18+12","Khổ xe chạy":"0","Bề rộng cầu":"0","Tải trọng thiết kế":"5","Tĩnh không thông thuyền (chiều đứng)":"","Tĩnh không thông thuyền (chiều ngang)":"","Giá trị xây dựng cầu":"","Năm khởi công":"","Năm hoàn thành":"","Đơn vị quản lý":"Phòng QLĐT TX.Bình Minh","Tình trạng cầu":"","layer_id":158,"fid":319,"label":"Tám Bạc"}},{"type":"Feature","geometry":{"type":"Point","coordinates":[105.995476,10.004658]},"properties":{"Tên cầu":"Cầu Đập Ấu","Tên đường":"Đường liên ấp Vĩnh Hòa - Cầu Đình xã Hựu Thành, Trà Côn","Lý trình":"2 + 916","Địa chỉ":"Trà Ôn - Vĩnh Long","Đối tượng vượt":"Rạch(kênh,mương)","Dạng kết cấu chính":"Dầm, mạng dầm","Sơ đồ nhịp":"9+12+9","Khổ xe chạy":"3.0","Bề rộng cầu":"3.0","Tải trọng thiết kế":"5","Tĩnh không thông thuyền (chiều đứng)":"2.0","Tĩnh không thông thuyền (chiều ngang)":"10.0","Giá trị xây dựng cầu":"1250.0","Năm khởi công":"2011","Năm hoàn thành":"2011","Đơn vị quản lý":"Phòng Kinh tế & Hạ tầng H.Trà Ôn","Tình trạng cầu":"Trung bình","layer_id":158,"fid":149,"label":"Cầu Đập Ấu"}},{"type":"Feature","geometry":{"type":"Point","coordinates":[106.03944,10.074996]},"properties":{"Tên cầu":"Cầu Lý Nho","Tên đường":"Đường Liên ấp Hồi Xuân - Tường Nhơn, xã Xuân Hiệp - Nhơn Bình","Lý trình":"0 + 854","Địa chỉ":"Trà Ôn - Vĩnh Long","Đối tượng vượt":"Rạch(kênh,mương)","Dạng kết cấu chính":"Dầm, mạng dầm","Sơ đồ nhịp":"10+10+11+10+10","Khổ xe chạy":"2.5","Bề rộng cầu":"2.5","Tải trọng thiết kế":"5","Tĩnh không thông thuyền (chiều đứng)":"2.5","Tĩnh không thông thuyền (chiều ngang)":"9.0","Giá trị xây dựng cầu":"1350.0","Năm khởi công":"1996","Năm hoàn thành":"1996","Đơn vị quản lý":"Phòng Kinh tế & Hạ tầng H.Trà Ôn","Tình trạng cầu":"Yếu","layer_id":158,"fid":150,"label":"Cầu Lý Nho"}},{"type":"Feature","geometry":{"type":"Point","coordinates":[106.03606,10.073761]},"properties":{"Tên cầu":"Cầu Rạch Chùa","Tên đường":"Đường Liên ấp Hồi Xuân - Tường Nhơn, xã Xuân Hiệp - Nhơn Bình","Lý trình":"1 + 257","Địa chỉ":"Trà Ôn - Vĩnh Long","Đối tượng vượt":"Rạch(kênh,mương)","Dạng kết cấu chính":"Dầm, mạng dầm","Sơ đồ nhịp":"8+10+11+10+8","Khổ xe chạy":"2.5","Bề rộng cầu":"2.5","Tải trọng thiết kế":"5","Tĩnh không thông thuyền (chiều đứng)":"2.5","Tĩnh không thông thuyền (chiều ngang)":"9.0","Giá trị xây dựng cầu":"1260.0","Năm khởi công":"1996","Năm hoàn thành":"1996","Đơn vị quản lý":"Phòng Kinh tế & Hạ tầng H.Trà Ôn","Tình trạng cầu":"Yếu","layer_id":158,"fid":151,"label":"Cầu Rạch Chùa"}},{"type":"Feature","geometry":{"type":"Point","coordinates":[106.02492,10.076484]},"properties":{"Tên cầu":"Cầu Ông Chiêu","Tên đường":"Đường Liên ấp Hồi Xuân - Tường Nhơn, xã Xuân Hiệp - Nhơn Bình","Lý trình":"2 + 715","Địa chỉ":"Trà Ôn - Vĩnh Long","Đối tượng vượt":"Rạch(kênh,mương)","Dạng kết cấu chính":"Dầm, mạng dầm","Sơ đồ nhịp":"9+9+9","Khổ xe chạy":"3.5","Bề rộng cầu":"3.5","Tải trọng thiết kế":"5","Tĩnh không thông thuyền (chiều đứng)":"2.5","Tĩnh không thông thuyền (chiều ngang)":"7.0","Giá trị xây dựng cầu":"1350.0","Năm khởi công":"2011","Năm hoàn thành":"2011","Đơn vị quản lý":"Phòng Kinh tế & Hạ tầng H.Trà Ôn","Tình trạng cầu":"Trung bình","layer_id":158,"fid":152,"label":"Cầu Ông Chiêu"}},{"type":"Feature","geometry":{"type":"Point","coordinates":[106.04805,10.0407505]},"properties":{"Tên cầu":"Cầu Cái Dứa","Tên đường":"Đường liên ấp Tân Thuận - Hiệp Lợi, xã Hòa Bình","Lý trình":"0 + 287","Địa chỉ":"Trà Ôn - Vĩnh Long","Đối tượng vượt":"Rạch(kênh,mương)","Dạng kết cấu chính":"Dầm, mạng dầm","Sơ đồ nhịp":"18+18+18","Khổ xe chạy":"4.0","Bề rộng cầu":"4.0","Tải trọng thiết kế":"8","Tĩnh không thông thuyền (chiều đứng)":"2.5","Tĩnh không thông thuyền (chiều ngang)":"16.0","Giá trị xây dựng cầu":"3476.0","Năm khởi công":"2012","Năm hoàn thành":"2012","Đơn vị quản lý":"Phòng Kinh tế & Hạ tầng H.Trà Ôn","Tình trạng cầu":"Tốt","layer_id":158,"fid":153,"label":"Cầu Cái Dứa"}},{"type":"Feature","geometry":{"type":"Point","coordinates":[106.06778,9.97743]},"properties":{"Tên cầu":"Cầu Ranh Tổng","Tên đường":"Đường liên ấp Tường Thịnh - Ninh Hòa, xã Thới Hòa.","Lý trình":"3 + 662","Địa chỉ":"Trà Ôn - Vĩnh Long","Đối tượng vượt":"Rạch(kênh,mương)","Dạng kết cấu chính":"Dầm, mạng dầm","Sơ đồ nhịp":"12+15+12","Khổ xe chạy":"4.0","Bề rộng cầu":"4.0","Tải trọng thiết kế":"8","Tĩnh không thông thuyền (chiều đứng)":"2.5","Tĩnh không thông thuyền (chiều ngang)":"13.0","Giá trị xây dựng cầu":"3227.0","Năm khởi công":"2013","Năm hoàn thành":"2013","Đơn vị quản lý":"Phòng Kinh tế & Hạ tầng H.Trà Ôn","Tình trạng cầu":"Tốt","layer_id":158,"fid":154,"label":"Cầu Ranh Tổng"}},{"type":"Feature","geometry":{"type":"Point","coordinates":[106.22145,10.078812]},"properties":{"Tên cầu":"Cầu Ranh xã - ĐLX","Tên đường":"","Lý trình":"","Địa chỉ":"Vũng Liêm - Vĩnh Long","Đối tượng vượt":"Rạch(kênh,mương)","Dạng kết cấu chính":"Dầm, mạng dầm","Sơ đồ nhịp":"Nhá»p giáº£n ÄÆ¡n","Khổ xe chạy":"1.2","Bề rộng cầu":"1.4","Tải trọng thiết kế":"1","Tĩnh không thông thuyền (chiều đứng)":"","Tĩnh không thông thuyền (chiều ngang)":"","Giá trị xây dựng cầu":"","Năm khởi công":"","Năm hoàn thành":"","Đơn vị quản lý":"Phòng Kinh tế & Hạ tầng H.Vũng Liêm","Tình trạng cầu":"Yếu","layer_id":158,"fid":168,"label":"Cầu Ranh xã - ĐLX"}},{"type":"Feature","geometry":{"type":"Point","coordinates":[105.93282,9.978697]},"properties":{"Tên cầu":"Cầu Rạch Cống","Tên đường":"Đường liên ấp thị trấn Trà Ôn - Mỹ Hưng, thị trấn Trà Ôn, xã Thiện Mỹ","Lý trình":"1 + 300","Địa chỉ":"Trà Ôn - Vĩnh Long","Đối tượng vượt":"Rạch(kênh,mương)","Dạng kết cấu chính":"Dầm, mạng dầm","Sơ đồ nhịp":"10+10+10","Khổ xe chạy":"4.0","Bề rộng cầu":"4.0","Tải trọng thiết kế":"5","Tĩnh không thông thuyền (chiều đứng)":"2.5","Tĩnh không thông thuyền (chiều ngang)":"8.0","Giá trị xây dựng cầu":"1250.0","Năm khởi công":"2000","Năm hoàn thành":"2000","Đơn vị quản lý":"Phòng Kinh tế & Hạ tầng H.Trà Ôn","Tình trạng cầu":"Yếu","layer_id":158,"fid":155,"label":"Cầu Rạch Cống"}},{"type":"Feature","geometry":{"type":"Point","coordinates":[105.934814,9.981235]},"properties":{"Tên cầu":"Cầu Bà Tam","Tên đường":"Đường liên ấp thị trấn Trà Ôn - Mỹ Hưng, thị trấn Trà Ôn, xã Thiện Mỹ","Lý trình":"1 + 665","Địa chỉ":"Trà Ôn - Vĩnh Long","Đối tượng vượt":"Rạch(kênh,mương)","Dạng kết cấu chính":"Dầm, mạng dầm","Sơ đồ nhịp":"18","Khổ xe chạy":"4.0","Bề rộng cầu":"4.0","Tải trọng thiết kế":"8","Tĩnh không thông thuyền (chiều đứng)":"2.0","Tĩnh không thông thuyền (chiều ngang)":"16.0","Giá trị xây dựng cầu":"1350.0","Năm khởi công":"2000","Năm hoàn thành":"2012","Đơn vị quản lý":"Phòng Kinh tế & Hạ tầng H.Trà Ôn","Tình trạng cầu":"Yếu","layer_id":158,"fid":156,"label":"Cầu Bà Tam"}},{"type":"Feature","geometry":{"type":"Point","coordinates":[105.91463,9.955978]},"properties":{"Tên cầu":"Cầu Hãng Nước Mắm","Tên đường":"Đường liên ấp An Thành - Kinh Đào, xã Lục Sĩ Thành","Lý trình":"0 + 402","Địa chỉ":"Trà Ôn - Vĩnh Long","Đối tượng vượt":"Rạch(kênh,mương)","Dạng kết cấu chính":"Dầm, mạng dầm","Sơ đồ nhịp":"9+12+9","Khổ xe chạy":"3.5","Bề rộng cầu":"3.5","Tải trọng thiết kế":"5","Tĩnh không thông thuyền (chiều đứng)":"2.5","Tĩnh không thông thuyền (chiều ngang)":"10.0","Giá trị xây dựng cầu":"1260.0","Năm khởi công":"2011","Năm hoàn thành":"2012","Đơn vị quản lý":"Phòng Kinh tế & Hạ tầng H.Trà Ôn","Tình trạng cầu":"Trung bình","layer_id":158,"fid":157,"label":"Cầu Hãng Nước Mắm"}},{"type":"Feature","geometry":{"type":"Point","coordinates":[105.92982,9.942222]},"properties":{"Tên cầu":"Cầu Rạch Bà","Tên đường":"Đường liên ấp An Thành - Kinh Đào, xã Lục Sĩ Thành","Lý trình":"2 + 383","Địa chỉ":"Trà Ôn - Vĩnh Long","Đối tượng vượt":"Rạch(kênh,mương)","Dạng kết cấu chính":"Dầm, mạng dầm","Sơ đồ nhịp":"7+7+7","Khổ xe chạy":"3.5","Bề rộng cầu":"3.5","Tải trọng thiết kế":"","Tĩnh không thông thuyền (chiều đứng)":"2.0","Tĩnh không thông thuyền (chiều ngang)":"5.0","Giá trị xây dựng cầu":"1020.0","Năm khởi công":"2011","Năm hoàn thành":"","Đơn vị quản lý":"Phòng Kinh tế & Hạ tầng H.Trà Ôn","Tình trạng cầu":"Trung bình","layer_id":158,"fid":158,"label":"Cầu Rạch Bà"}},{"type":"Feature","geometry":{"type":"Point","coordinates":[106.119514,10.15386]},"properties":{"Tên cầu":"Cầu Nhà Thờ - ĐLX","Tên đường":"","Lý trình":"","Địa chỉ":"Vũng Liêm - Vĩnh Long","Đối tượng vượt":"Rạch(kênh,mương)","Dạng kết cấu chính":"Dầm, mạng dầm","Sơ đồ nhịp":"","Khổ xe chạy":"0","Bề rộng cầu":"0","Tải trọng thiết kế":"","Tĩnh không thông thuyền (chiều đứng)":"","Tĩnh không thông thuyền (chiều ngang)":"","Giá trị xây dựng cầu":"","Năm khởi công":"1997","Năm hoàn thành":"","Đơn vị quản lý":"Phòng Kinh tế & Hạ tầng H.Vũng Liêm","Tình trạng cầu":"Trung bình","layer_id":158,"fid":159,"label":"Cầu Nhà Thờ - ĐLX"}},{"type":"Feature","geometry":{"type":"Point","coordinates":[106.09314,10.08135]},"properties":{"Tên cầu":"Cầu Trường Định - ĐLX","Tên đường":"","Lý trình":"","Địa chỉ":"Vũng Liêm - Vĩnh Long","Đối tượng vượt":"Rạch(kênh,mương)","Dạng kết cấu chính":"Dầm, mạng dầm","Sơ đồ nhịp":"Nhá»p giáº£n ÄÆ¡n","Khổ xe chạy":"2.0","Bề rộng cầu":"2.2","Tải trọng thiết kế":"3","Tĩnh không thông thuyền (chiều đứng)":"","Tĩnh không thông thuyền (chiều ngang)":"","Giá trị xây dựng cầu":"","Năm khởi công":"","Năm hoàn thành":"","Đơn vị quản lý":"Phòng Kinh tế & Hạ tầng H.Vũng Liêm","Tình trạng cầu":"Trung bình","layer_id":158,"fid":160,"label":"Cầu Trường Định - ĐLX"}},{"type":"Feature","geometry":{"type":"Point","coordinates":[106.257645,10.083078]},"properties":{"Tên cầu":"Cầu Đình - ĐLX","Tên đường":null,"Lý trình":null,"Địa chỉ":"Vũng Liêm - Vĩnh Long","Đối tượng vượt":"Rạch(kênh,mương)","Dạng kết cấu chính":"Dầm, mạng dầm","Sơ đồ nhịp":"Nhá»p giáº£n ÄÆ¡n","Khổ xe chạy":"1.5","Bề rộng cầu":"1.7","Tải trọng thiết kế":"1","Tĩnh không thông thuyền (chiều đứng)":"","Tĩnh không thông thuyền (chiều ngang)":"","Giá trị xây dựng cầu":"","Năm khởi công":"","Năm hoàn thành":"","Đơn vị quản lý":"Liêm","Tình trạng cầu":"Yếu","layer_id":158,"fid":162,"label":"Cầu Đình - ĐLX"}},{"type":"Feature","geometry":{"type":"Point","coordinates":[106.11632,10.144854]},"properties":{"Tên cầu":"Cầu Tư Niệm - ĐLX","Tên đường":"","Lý trình":"","Địa chỉ":"Vũng Liêm - Vĩnh Long","Đối tượng vượt":"Rạch(kênh,mương)","Dạng kết cấu chính":"Dầm, mạng dầm","Sơ đồ nhịp":"","Khổ xe chạy":"0","Bề rộng cầu":"0","Tải trọng thiết kế":"","Tĩnh không thông thuyền (chiều đứng)":"","Tĩnh không thông thuyền (chiều ngang)":"","Giá trị xây dựng cầu":"","Năm khởi công":"1998","Năm hoàn thành":"","Đơn vị quản lý":"Phòng Kinh tế & Hạ tầng H.Vũng Liêm","Tình trạng cầu":"","layer_id":158,"fid":163,"label":"Cầu Tư Niệm - ĐLX"}},{"type":"Feature","geometry":{"type":"Point","coordinates":[106.20813,10.150551]},"properties":{"Tên cầu":"Cầu Rạch Vọp","Tên đường":"","Lý trình":"","Địa chỉ":"Vũng Liêm - Vĩnh Long","Đối tượng vượt":"Rạch(kênh,mương)","Dạng kết cấu chính":"Dầm, mạng dầm","Sơ đồ nhịp":"","Khổ xe chạy":"0","Bề rộng cầu":"0","Tải trọng thiết kế":"","Tĩnh không thông thuyền (chiều đứng)":"","Tĩnh không thông thuyền (chiều ngang)":"","Giá trị xây dựng cầu":"","Năm khởi công":"1982","Năm hoàn thành":"","Đơn vị quản lý":"Phòng Kinh tế & Hạ tầng H.Vũng Liêm","Tình trạng cầu":"Trung bình","layer_id":158,"fid":164,"label":"Cầu Rạch Vọp"}},{"type":"Feature","geometry":{"type":"Point","coordinates":[106.106804,9.969611]},"properties":{"Tên cầu":"Cầu Bình Minh 2 - ĐLX","Tên đường":"","Lý trình":"","Địa chỉ":"Vũng Liêm - Vĩnh Long","Đối tượng vượt":"Rạch(kênh,mương)","Dạng kết cấu chính":"Dầm, mạng dầm","Sơ đồ nhịp":"Nhá»p giáº£n ÄÆ¡n","Khổ xe chạy":"2.0","Bề rộng cầu":"2.2","Tải trọng thiết kế":"1","Tĩnh không thông thuyền (chiều đứng)":"","Tĩnh không thông thuyền (chiều ngang)":"","Giá trị xây dựng cầu":"","Năm khởi công":"2018","Năm hoàn thành":"","Đơn vị quản lý":"Phòng Kinh tế & Hạ tầng H.Vũng Liêm","Tình trạng cầu":"Rất tốt","layer_id":158,"fid":165,"label":"Cầu Bình Minh 2 - ĐLX"}},{"type":"Feature","geometry":{"type":"Point","coordinates":[106.12853,10.145883]},"properties":{"Tên cầu":"Cầu Bảy Nhành - ĐLX","Tên đường":"","Lý trình":"","Địa chỉ":"Vũng Liêm - Vĩnh Long","Đối tượng vượt":"Rạch(kênh,mương)","Dạng kết cấu chính":"Dầm, mạng dầm","Sơ đồ nhịp":"","Khổ xe chạy":"0","Bề rộng cầu":"0","Tải trọng thiết kế":"","Tĩnh không thông thuyền (chiều đứng)":"","Tĩnh không thông thuyền (chiều ngang)":"","Giá trị xây dựng cầu":"","Năm khởi công":"","Năm hoàn thành":"","Đơn vị quản lý":"Phòng Kinh tế & Hạ tầng H.Vũng Liêm","Tình trạng cầu":"","layer_id":158,"fid":166,"label":"Cầu Bảy Nhành - ĐLX"}},{"type":"Feature","geometry":{"type":"Point","coordinates":[106.07048,10.0917]},"properties":{"Tên cầu":"Cầu Bảy Ở - ĐLX","Tên đường":"","Lý trình":"","Địa chỉ":"Vũng Liêm - Vĩnh Long","Đối tượng vượt":"Rạch(kênh,mương)","Dạng kết cấu chính":"Dầm, mạng dầm","Sơ đồ nhịp":"","Khổ xe chạy":"0","Bề rộng cầu":"0","Tải trọng thiết kế":"","Tĩnh không thông thuyền (chiều đứng)":"","Tĩnh không thông thuyền (chiều ngang)":"","Giá trị xây dựng cầu":"","Năm khởi công":"1998","Năm hoàn thành":"","Đơn vị quản lý":"Phòng Kinh tế & Hạ tầng H.Vũng Liêm","Tình trạng cầu":"","layer_id":158,"fid":167,"label":"Cầu Bảy Ở - ĐLX"}},{"type":"Feature","geometry":{"type":"Point","coordinates":[106.09353,10.038127]},"properties":{"Tên cầu":"Cầu Ngã Chánh -  ĐLX","Tên đường":"","Lý trình":"","Địa chỉ":"Vũng Liêm - Vĩnh Long","Đối tượng vượt":"Rạch(kênh,mương)","Dạng kết cấu chính":"Dầm, mạng dầm","Sơ đồ nhịp":"Nhá»p giáº£n ÄÆ¡n","Khổ xe chạy":"1.0","Bề rộng cầu":"1.2","Tải trọng thiết kế":"1","Tĩnh không thông thuyền (chiều đứng)":"","Tĩnh không thông thuyền (chiều ngang)":"","Giá trị xây dựng cầu":"","Năm khởi công":"","Năm hoàn thành":"","Đơn vị quản lý":"Phòng Kinh tế & Hạ tầng H.Vũng Liêm","Tình trạng cầu":"Yếu","layer_id":158,"fid":169,"label":"Cầu Ngã Chánh -  ĐLX"}},{"type":"Feature","geometry":{"type":"Point","coordinates":[106.250046,10.091878]},"properties":{"Tên cầu":"Cầu Tám Cay - ĐLX","Tên đường":"","Lý trình":"","Địa chỉ":"Vũng Liêm - Vĩnh Long","Đối tượng vượt":"Rạch(kênh,mương)","Dạng kết cấu chính":"Dầm, mạng dầm","Sơ đồ nhịp":"Nhá»p giáº£n ÄÆ¡n","Khổ xe chạy":"1.4","Bề rộng cầu":"1.6","Tải trọng thiết kế":"1","Tĩnh không thông thuyền (chiều đứng)":"","Tĩnh không thông thuyền (chiều ngang)":"","Giá trị xây dựng cầu":"","Năm khởi công":"1989","Năm hoàn thành":"","Đơn vị quản lý":"Phòng Kinh tế & Hạ tầng H.Vũng Liêm","Tình trạng cầu":"Trung bình","layer_id":158,"fid":172,"label":"Cầu Tám Cay - ĐLX"}},{"type":"Feature","geometry":{"type":"Point","coordinates":[106.18962,10.103361]},"properties":{"Tên cầu":"Cầu Rạch Lá","Tên đường":"Trung Thành Tây - Bến Phà","Lý trình":"1 + 200","Địa chỉ":"Vũng Liêm - Vĩnh Long","Đối tượng vượt":"Sông","Dạng kết cấu chính":"","Sơ đồ nhịp":"Nhá»p giáº£n ÄÆ¡n","Khổ xe chạy":"5.0","Bề rộng cầu":"7.0","Tải trọng thiết kế":"10","Tĩnh không thông thuyền (chiều đứng)":"","Tĩnh không thông thuyền (chiều ngang)":"","Giá trị xây dựng cầu":"","Năm khởi công":"","Năm hoàn thành":"","Đơn vị quản lý":"Phòng Kinh tế & Hạ tầng H.Vũng Liêm","Tình trạng cầu":"Tốt","layer_id":158,"fid":186,"label":"Cầu Rạch Lá"}},{"type":"Feature","geometry":{"type":"Point","coordinates":[106.201096,10.142749]},"properties":{"Tên cầu":"Cầu Ông cò - ĐLX","Tên đường":"","Lý trình":"","Địa chỉ":"Vũng Liêm - Vĩnh Long","Đối tượng vượt":"Rạch(kênh,mương)","Dạng kết cấu chính":"Dầm, mạng dầm","Sơ đồ nhịp":"Nhá»p giáº£n ÄÆ¡n","Khổ xe chạy":"1.5","Bề rộng cầu":"1.7","Tải trọng thiết kế":"1","Tĩnh không thông thuyền (chiều đứng)":"","Tĩnh không thông thuyền (chiều ngang)":"","Giá trị xây dựng cầu":"","Năm khởi công":"","Năm hoàn thành":"","Đơn vị quản lý":"Phòng Kinh tế & Hạ tầng H.Vũng Liêm","Tình trạng cầu":"Trung bình","layer_id":158,"fid":173,"label":"Cầu Ông cò - ĐLX"}},{"type":"Feature","geometry":{"type":"Point","coordinates":[106.107704,9.970023]},"properties":{"Tên cầu":"Cầu Bình Minh 1 - ĐLX","Tên đường":"","Lý trình":"","Địa chỉ":"Vũng Liêm - Vĩnh Long","Đối tượng vượt":"Rạch(kênh,mương)","Dạng kết cấu chính":"Dầm, mạng dầm","Sơ đồ nhịp":"Nhá»p giáº£n ÄÆ¡n","Khổ xe chạy":"2.0","Bề rộng cầu":"2.2","Tải trọng thiết kế":"1","Tĩnh không thông thuyền (chiều đứng)":"","Tĩnh không thông thuyền (chiều ngang)":"","Giá trị xây dựng cầu":"","Năm khởi công":"1998","Năm hoàn thành":"","Đơn vị quản lý":"Phòng Kinh tế & Hạ tầng H.Vũng Liêm","Tình trạng cầu":"Tốt","layer_id":158,"fid":174,"label":"Cầu Bình Minh 1 - ĐLX"}},{"type":"Feature","geometry":{"type":"Point","coordinates":[106.19649,10.058987]},"properties":{"Tên cầu":"Cầu Nhà Tròn - ĐLA","Tên đường":"","Lý trình":"0 + 50","Địa chỉ":"Vũng Liêm - Vĩnh Long","Đối tượng vượt":"Rạch(kênh,mương)","Dạng kết cấu chính":"Dầm, mạng dầm","Sơ đồ nhịp":"Nháº­p giáº£n ÄÆ¡n","Khổ xe chạy":"4.0","Bề rộng cầu":"4.2","Tải trọng thiết kế":"5","Tĩnh không thông thuyền (chiều đứng)":"","Tĩnh không thông thuyền (chiều ngang)":"","Giá trị xây dựng cầu":"","Năm khởi công":"","Năm hoàn thành":"","Đơn vị quản lý":"Phòng Kinh tế & Hạ tầng H.Vũng Liêm","Tình trạng cầu":"Tốt","layer_id":158,"fid":175,"label":"Cầu Nhà Tròn - ĐLA"}},{"type":"Feature","geometry":{"type":"Point","coordinates":[106.18873,10.070452]},"properties":{"Tên cầu":"Cầu Xuân Minh 2 - ĐLA","Tên đường":"","Lý trình":"0 + 200","Địa chỉ":"Vũng Liêm - Vĩnh Long","Đối tượng vượt":"Rạch(kênh,mương)","Dạng kết cấu chính":"Dầm, mạng dầm","Sơ đồ nhịp":"","Khổ xe chạy":"0","Bề rộng cầu":"0","Tải trọng thiết kế":"","Tĩnh không thông thuyền (chiều đứng)":"","Tĩnh không thông thuyền (chiều ngang)":"","Giá trị xây dựng cầu":"","Năm khởi công":"","Năm hoàn thành":"","Đơn vị quản lý":"Phòng Kinh tế & Hạ tầng H.Vũng Liêm","Tình trạng cầu":"Trung bình","layer_id":158,"fid":176,"label":"Cầu Xuân Minh 2 - ĐLA"}},{"type":"Feature","geometry":{"type":"Point","coordinates":[106.228745,10.109511]},"properties":{"Tên cầu":"Cầu Thanh Bình 2 - ĐH.67C","Tên đường":"","Lý trình":"0 + 600","Địa chỉ":"Vũng Liêm - Vĩnh Long","Đối tượng vượt":"Rạch(kênh,mương)","Dạng kết cấu chính":"Dầm, mạng dầm","Sơ đồ nhịp":"","Khổ xe chạy":"0","Bề rộng cầu":"0","Tải trọng thiết kế":"","Tĩnh không thông thuyền (chiều đứng)":"","Tĩnh không thông thuyền (chiều ngang)":"","Giá trị xây dựng cầu":"","Năm khởi công":"","Năm hoàn thành":"","Đơn vị quản lý":"Phòng Kinh tế & Hạ tầng H.Vũng Liêm","Tình trạng cầu":"Trung bình","layer_id":158,"fid":177,"label":"Cầu Thanh Bình 2 - ĐH.67C"}},{"type":"Feature","geometry":{"type":"Point","coordinates":[106.12456,10.029967]},"properties":{"Tên cầu":"Cầu Thầy Tim ĐLX","Tên đường":"","Lý trình":"1 + 400","Địa chỉ":"Vũng Liêm - Vĩnh Long","Đối tượng vượt":"Rạch(kênh,mương)","Dạng kết cấu chính":"Dầm, mạng dầm","Sơ đồ nhịp":"Nhá»p giáº£n ÄÆ¡n","Khổ xe chạy":"0","Bề rộng cầu":"3.7","Tải trọng thiết kế":"5","Tĩnh không thông thuyền (chiều đứng)":"","Tĩnh không thông thuyền (chiều ngang)":"","Giá trị xây dựng cầu":"","Năm khởi công":"","Năm hoàn thành":"","Đơn vị quản lý":"Phòng Kinh tế & Hạ tầng H.Vũng Liêm","Tình trạng cầu":"Tốt","layer_id":158,"fid":178,"label":"Cầu Thầy Tim ĐLX"}},{"type":"Feature","geometry":{"type":"Point","coordinates":[106.1048,10.106444]},"properties":{"Tên cầu":" Cầu Cả Kiểu","Tên đường":"ĐH60","Lý trình":"4 + 0","Địa chỉ":"Vũng Liêm - Vĩnh Long","Đối tượng vượt":"Sông","Dạng kết cấu chính":"Dầm, mạng dầm","Sơ đồ nhịp":"Nhá»p giáº£n ÄÆ¡n","Khổ xe chạy":"5.0","Bề rộng cầu":"7.0","Tải trọng thiết kế":"10","Tĩnh không thông thuyền (chiều đứng)":"","Tĩnh không thông thuyền (chiều ngang)":"","Giá trị xây dựng cầu":"","Năm khởi công":"","Năm hoàn thành":"","Đơn vị quản lý":"Phòng Kinh tế & Hạ tầng H.Vũng Liêm","Tình trạng cầu":"Tốt","layer_id":158,"fid":179,"label":" Cầu Cả Kiểu"}},{"type":"Feature","geometry":{"type":"Point","coordinates":[106.15346,10.082672]},"properties":{"Tên cầu":"Cầu Bình Phụng","Tên đường":"ĐH61B","Lý trình":"1 + 600","Địa chỉ":"Vũng Liêm - Vĩnh Long","Đối tượng vượt":"Sông","Dạng kết cấu chính":"","Sơ đồ nhịp":"Nhá»p giáº£n ÄÆ¡n","Khổ xe chạy":"3.5","Bề rộng cầu":"3.5","Tải trọng thiết kế":"3.5","Tĩnh không thông thuyền (chiều đứng)":"","Tĩnh không thông thuyền (chiều ngang)":"","Giá trị xây dựng cầu":"","Năm khởi công":"","Năm hoàn thành":"","Đơn vị quản lý":"Phòng Kinh tế & Hạ tầng H.Vũng Liêm","Tình trạng cầu":"","layer_id":158,"fid":180,"label":"Cầu Bình Phụng"}},{"type":"Feature","geometry":{"type":"Point","coordinates":[106.14236,10.096222]},"properties":{"Tên cầu":"Cầu Xẹo","Tên đường":"ĐH61B","Lý trình":"3 + 200","Địa chỉ":"Vũng Liêm - Vĩnh Long","Đối tượng vượt":"Sông","Dạng kết cấu chính":"","Sơ đồ nhịp":"Nhá»p giáº£n ÄÆ¡n","Khổ xe chạy":"3.5","Bề rộng cầu":"5.5","Tải trọng thiết kế":"3.5","Tĩnh không thông thuyền (chiều đứng)":"","Tĩnh không thông thuyền (chiều ngang)":"","Giá trị xây dựng cầu":"","Năm khởi công":"1989","Năm hoàn thành":"","Đơn vị quản lý":"Phòng Kinh tế & Hạ tầng H.Vũng Liêm","Tình trạng cầu":"Trung bình","layer_id":158,"fid":181,"label":"Cầu Xẹo"}},{"type":"Feature","geometry":{"type":"Point","coordinates":[0.0,0.0]},"properties":{"Tên cầu":"Ông Đệ","Tên đường":"Đường Hòa Hiệp - Hòa Thạnh","Lý trình":"0 + 250","Địa chỉ":"Tam Bình - Vĩnh Long","Đối tượng vượt":"Rạch(kênh,mương)","Dạng kết cấu chính":"Dầm, mạng dầm","Sơ đồ nhịp":"","Khổ xe chạy":"0","Bề rộng cầu":"0","Tải trọng thiết kế":"","Tĩnh không thông thuyền (chiều đứng)":"","Tĩnh không thông thuyền (chiều ngang)":"","Giá trị xây dựng cầu":"","Năm khởi công":"","Năm hoàn thành":"","Đơn vị quản lý":"Phòng Kinh tế & Hạ tầng H.Tam Bình","Tình trạng cầu":"","layer_id":158,"fid":262,"label":"Ông Đệ"}},{"type":"Feature","geometry":{"type":"Point","coordinates":[0.0,0.0]},"properties":{"Tên cầu":"Kênh 19/5","Tên đường":"ĐH.48","Lý trình":"3 + 200","Địa chỉ":"Tam Bình - Vĩnh Long","Đối tượng vượt":"Sông","Dạng kết cấu chính":"Dầm, mạng dầm","Sơ đồ nhịp":"","Khổ xe chạy":"0","Bề rộng cầu":"0","Tải trọng thiết kế":"","Tĩnh không thông thuyền (chiều đứng)":"","Tĩnh không thông thuyền (chiều ngang)":"","Giá trị xây dựng cầu":"","Năm khởi công":"","Năm hoàn thành":"","Đơn vị quản lý":"Phòng Kinh tế & Hạ tầng H.Tam Bình","Tình trạng cầu":"","layer_id":158,"fid":281,"label":"Kênh 19/5"}},{"type":"Feature","geometry":{"type":"Point","coordinates":[106.1531,10.082742]},"properties":{"Tên cầu":"Cầu Ruột Ngựa 2","Tên đường":"ĐH61B","Lý trình":"3 + 205","Địa chỉ":"Vũng Liêm - Vĩnh Long","Đối tượng vượt":"Rạch(kênh,mương)","Dạng kết cấu chính":"","Sơ đồ nhịp":"Nhá»p giáº£n ÄÆ¡n","Khổ xe chạy":"4.0","Bề rộng cầu":"6.0","Tải trọng thiết kế":"10","Tĩnh không thông thuyền (chiều đứng)":"","Tĩnh không thông thuyền (chiều ngang)":"","Giá trị xây dựng cầu":"","Năm khởi công":"2018","Năm hoàn thành":"","Đơn vị quản lý":"Phòng Kinh tế & Hạ tầng H.Vũng Liêm","Tình trạng cầu":"","layer_id":158,"fid":182,"label":"Cầu Ruột Ngựa 2"}},{"type":"Feature","geometry":{"type":"Point","coordinates":[0.0,0.0]},"properties":{"Tên cầu":"Kênh Sau","Tên đường":"Đường Kênh Sau","Lý trình":"0 + 640","Địa chỉ":"Tam Bình - Vĩnh Long","Đối tượng vượt":"Rạch(kênh,mương)","Dạng kết cấu chính":"Dầm, mạng dầm","Sơ đồ nhịp":"","Khổ xe chạy":"0","Bề rộng cầu":"0","Tải trọng thiết kế":"","Tĩnh không thông thuyền (chiều đứng)":"","Tĩnh không thông thuyền (chiều ngang)":"","Giá trị xây dựng cầu":"","Năm khởi công":"","Năm hoàn thành":"","Đơn vị quản lý":"Phòng Kinh tế & Hạ tầng H.Tam Bình","Tình trạng cầu":"","layer_id":158,"fid":278,"label":"Kênh Sau"}},{"type":"Feature","geometry":{"type":"Point","coordinates":[106.22135,10.08232]},"properties":{"Tên cầu":"Cầu Đại Hoà","Tên đường":"Trung Thành - Trung Thành Đông","Lý trình":"3 + 900","Địa chỉ":"Vũng Liêm - Vĩnh Long","Đối tượng vượt":"Rạch(kênh,mương)","Dạng kết cấu chính":"Dầm, mạng dầm","Sơ đồ nhịp":"Nhá»p giáº£n ÄÆ¡n","Khổ xe chạy":"3.5","Bề rộng cầu":"5.5","Tải trọng thiết kế":"5","Tĩnh không thông thuyền (chiều đứng)":"","Tĩnh không thông thuyền (chiều ngang)":"","Giá trị xây dựng cầu":"","Năm khởi công":"1994","Năm hoàn thành":"","Đơn vị quản lý":"Phòng Kinh tế & Hạ tầng H.Vũng Liêm","Tình trạng cầu":"Trung bình","layer_id":158,"fid":184,"label":"Cầu Đại Hoà"}},{"type":"Feature","geometry":{"type":"Point","coordinates":[106.224174,10.080691]},"properties":{"Tên cầu":"Cầu Cả Sửu","Tên đường":"Trung Thành - Trung Thành Đông","Lý trình":"4 + 300","Địa chỉ":"Vũng Liêm - Vĩnh Long","Đối tượng vượt":"Rạch(kênh,mương)","Dạng kết cấu chính":"Dầm, mạng dầm","Sơ đồ nhịp":"nhá»p giáº£n ÄÆ¡n","Khổ xe chạy":"4.0","Bề rộng cầu":"6.0","Tải trọng thiết kế":"5","Tĩnh không thông thuyền (chiều đứng)":"","Tĩnh không thông thuyền (chiều ngang)":"","Giá trị xây dựng cầu":"","Năm khởi công":"1998","Năm hoàn thành":"","Đơn vị quản lý":"Phòng Kinh tế & Hạ tầng H.Vũng Liêm","Tình trạng cầu":"Trung bình","layer_id":158,"fid":185,"label":"Cầu Cả Sửu"}},{"type":"Feature","geometry":{"type":"Point","coordinates":[106.10017,10.003557]},"properties":{"Tên cầu":"Cầu Đình Đôi 2","Tên đường":"ĐH66","Lý trình":"0 + 100","Địa chỉ":"Vũng Liêm - Vĩnh Long","Đối tượng vượt":"Rạch(kênh,mương)","Dạng kết cấu chính":"Dầm, mạng dầm","Sơ đồ nhịp":"Nhá»p giáº£n ÄÆ¡n","Khổ xe chạy":"4.0","Bề rộng cầu":"2.0","Tải trọng thiết kế":"5","Tĩnh không thông thuyền (chiều đứng)":"","Tĩnh không thông thuyền (chiều ngang)":"","Giá trị xây dựng cầu":"","Năm khởi công":"2002","Năm hoàn thành":"","Đơn vị quản lý":"Phòng Kinh tế & Hạ tầng H.Vũng Liêm","Tình trạng cầu":"Trung bình","layer_id":158,"fid":187,"label":"Cầu Đình Đôi 2"}},{"type":"Feature","geometry":{"type":"Point","coordinates":[106232840.0,10.111653]},"properties":{"Tên cầu":"Cầu xã Thanh Bình","Tên đường":"ĐH67","Lý trình":"0 + 600","Địa chỉ":"Vũng Liêm - Vĩnh Long","Đối tượng vượt":"Sông","Dạng kết cấu chính":"Dầm, mạng dầm","Sơ đồ nhịp":"Nhá»p giáº£n ÄÆ¡n","Khổ xe chạy":"5.5","Bề rộng cầu":"7.5","Tải trọng thiết kế":"8","Tĩnh không thông thuyền (chiều đứng)":"","Tĩnh không thông thuyền (chiều ngang)":"","Giá trị xây dựng cầu":"","Năm khởi công":"2018","Năm hoàn thành":"","Đơn vị quản lý":"Phòng Kinh tế & Hạ tầng H.Vũng Liêm","Tình trạng cầu":"Tốt","layer_id":158,"fid":189,"label":"Cầu xã Thanh Bình"}},{"type":"Feature","geometry":{"type":"Point","coordinates":[106.23152,10.108957]},"properties":{"Tên cầu":"Cầu Đình Thái Bình","Tên đường":"ĐH67","Lý trình":"3 + 0","Địa chỉ":"Vũng Liêm - Vĩnh Long","Đối tượng vượt":"Sông","Dạng kết cấu chính":"Dầm, mạng dầm","Sơ đồ nhịp":"Nhá»p giáº£n ÄÆ¡n","Khổ xe chạy":"4.0","Bề rộng cầu":"6.0","Tải trọng thiết kế":"5","Tĩnh không thông thuyền (chiều đứng)":"","Tĩnh không thông thuyền (chiều ngang)":"","Giá trị xây dựng cầu":"","Năm khởi công":"1990","Năm hoàn thành":"","Đơn vị quản lý":"Phòng Kinh tế & Hạ tầng H.Vũng Liêm","Tình trạng cầu":"Yếu","layer_id":158,"fid":190,"label":"Cầu Đình Thái Bình"}},{"type":"Feature","geometry":{"type":"Point","coordinates":[106.2058,10.14233]},"properties":{"Tên cầu":"Cầu Nghĩa Trang","Tên đường":"ĐH67","Lý trình":"6 + 200","Địa chỉ":"Vũng Liêm - Vĩnh Long","Đối tượng vượt":"Sông","Dạng kết cấu chính":"","Sơ đồ nhịp":"Nhá»p ÄÆ¡n giáº£n","Khổ xe chạy":"3.5","Bề rộng cầu":"5.5","Tải trọng thiết kế":"5","Tĩnh không thông thuyền (chiều đứng)":"","Tĩnh không thông thuyền (chiều ngang)":"","Giá trị xây dựng cầu":"","Năm khởi công":"1992","Năm hoàn thành":"","Đơn vị quản lý":"Phòng Kinh tế & Hạ tầng H.Vũng Liêm","Tình trạng cầu":"Trung bình","layer_id":158,"fid":191,"label":"Cầu Nghĩa Trang"}},{"type":"Feature","geometry":{"type":"Point","coordinates":[106.156624,10.126362]},"properties":{"Tên cầu":"Cầu Ván Quang Bình","Tên đường":"ĐH69","Lý trình":"3 + 0","Địa chỉ":"Vũng Liêm - Vĩnh Long","Đối tượng vượt":"Sông","Dạng kết cấu chính":"Dầm, mạng dầm","Sơ đồ nhịp":"Nhá»p giáº£n ÄÆ¡n","Khổ xe chạy":"3.5","Bề rộng cầu":"5.5","Tải trọng thiết kế":"5","Tĩnh không thông thuyền (chiều đứng)":"","Tĩnh không thông thuyền (chiều ngang)":"","Giá trị xây dựng cầu":"","Năm khởi công":"2000","Năm hoàn thành":"","Đơn vị quản lý":"Phòng Kinh tế & Hạ tầng H.Vũng Liêm","Tình trạng cầu":"","layer_id":158,"fid":192,"label":"Cầu Ván Quang Bình"}},{"type":"Feature","geometry":{"type":"Point","coordinates":[0.0,0.0]},"properties":{"Tên cầu":"Đường Trâu ","Tên đường":"","Lý trình":"3 + 630","Địa chỉ":"Bình Minh - Vĩnh Long","Đối tượng vượt":"Đường dân sinh","Dạng kết cấu chính":"Dầm, mạng dầm","Sơ đồ nhịp":"","Khổ xe chạy":"0","Bề rộng cầu":"0","Tải trọng thiết kế":"1","Tĩnh không thông thuyền (chiều đứng)":"","Tĩnh không thông thuyền (chiều ngang)":"","Giá trị xây dựng cầu":"2.0","Năm khởi công":"2019","Năm hoàn thành":"","Đơn vị quản lý":"Phòng QLĐT TX.Bình Minh","Tình trạng cầu":"","layer_id":158,"fid":311,"label":"Đường Trâu "}},{"type":"Feature","geometry":{"type":"Point","coordinates":[106.13842,10.13982]},"properties":{"Tên cầu":"Cầu Công Ty","Tên đường":"ĐH69","Lý trình":"4 + 700","Địa chỉ":"Vũng Liêm - Vĩnh Long","Đối tượng vượt":"Rạch(kênh,mương)","Dạng kết cấu chính":"Dầm, mạng dầm","Sơ đồ nhịp":"Nhá»p giáº£n ÄÆ¡n","Khổ xe chạy":"3.5","Bề rộng cầu":"5.5","Tải trọng thiết kế":"5","Tĩnh không thông thuyền (chiều đứng)":"","Tĩnh không thông thuyền (chiều ngang)":"","Giá trị xây dựng cầu":"","Năm khởi công":"2000","Năm hoàn thành":"","Đơn vị quản lý":"Phòng Kinh tế & Hạ tầng H.Vũng Liêm","Tình trạng cầu":"Trung bình","layer_id":158,"fid":193,"label":"Cầu Công Ty"}},{"type":"Feature","geometry":{"type":"Point","coordinates":[106.186775,10.08645]},"properties":{"Tên cầu":"Cầu Rạch Trúc 1","Tên đường":"ĐHĐNÔ","Lý trình":"","Địa chỉ":"Vũng Liêm - Vĩnh Long","Đối tượng vượt":"Rạch(kênh,mương)","Dạng kết cấu chính":"Dầm, mạng dầm","Sơ đồ nhịp":"","Khổ xe chạy":"5.0","Bề rộng cầu":"7.0","Tải trọng thiết kế":"5","Tĩnh không thông thuyền (chiều đứng)":"","Tĩnh không thông thuyền (chiều ngang)":"","Giá trị xây dựng cầu":"","Năm khởi công":"1997","Năm hoàn thành":"","Đơn vị quản lý":"Phòng Kinh tế & Hạ tầng H.Vũng Liêm","Tình trạng cầu":"Trung bình","layer_id":158,"fid":251,"label":"Cầu Rạch Trúc 1"}},{"type":"Feature","geometry":{"type":"Point","coordinates":[106.19225,10.165116]},"properties":{"Tên cầu":"Cầu Rạch Sâu - ĐLX","Tên đường":"ĐHĐLA","Lý trình":"","Địa chỉ":"Vũng Liêm - Vĩnh Long","Đối tượng vượt":"Rạch(kênh,mương)","Dạng kết cấu chính":"Dầm, mạng dầm","Sơ đồ nhịp":"Nhá»p giáº£n ÄÆ¡n","Khổ xe chạy":"2.0","Bề rộng cầu":"2.2","Tải trọng thiết kế":"1.5","Tĩnh không thông thuyền (chiều đứng)":"","Tĩnh không thông thuyền (chiều ngang)":"","Giá trị xây dựng cầu":"","Năm khởi công":"","Năm hoàn thành":"","Đơn vị quản lý":"Phòng Kinh tế & Hạ tầng H.Vũng Liêm","Tình trạng cầu":"Trung bình","layer_id":158,"fid":194,"label":"Cầu Rạch Sâu - ĐLX"}},{"type":"Feature","geometry":{"type":"Point","coordinates":[106.18896,10.07412]},"properties":{"Tên cầu":"Cầu Xoay 2 - ĐLX","Tên đường":"ĐHĐLA","Lý trình":"","Địa chỉ":"Vũng Liêm - Vĩnh Long","Đối tượng vượt":"Rạch(kênh,mương)","Dạng kết cấu chính":"Dầm, mạng dầm","Sơ đồ nhịp":"Nhá»p giáº£n ÄÆ¡n","Khổ xe chạy":"2.0","Bề rộng cầu":"2.2","Tải trọng thiết kế":"3","Tĩnh không thông thuyền (chiều đứng)":"","Tĩnh không thông thuyền (chiều ngang)":"","Giá trị xây dựng cầu":"","Năm khởi công":"2018","Năm hoàn thành":"","Đơn vị quản lý":"Phòng Kinh tế & Hạ tầng H.Vũng Liêm","Tình trạng cầu":"Tốt","layer_id":158,"fid":195,"label":"Cầu Xoay 2 - ĐLX"}},{"type":"Feature","geometry":{"type":"Point","coordinates":[106.221985,10.107019]},"properties":{"Tên cầu":"Cầu Kinh - ĐLX","Tên đường":"ĐHĐLA","Lý trình":"","Địa chỉ":"Vũng Liêm - Vĩnh Long","Đối tượng vượt":"Rạch(kênh,mương)","Dạng kết cấu chính":"Dầm, mạng dầm","Sơ đồ nhịp":"Nhá»p giáº£n ÄÆ¡n","Khổ xe chạy":"1.2","Bề rộng cầu":"1.4","Tải trọng thiết kế":"1","Tĩnh không thông thuyền (chiều đứng)":"","Tĩnh không thông thuyền (chiều ngang)":"","Giá trị xây dựng cầu":"","Năm khởi công":"","Năm hoàn thành":"","Đơn vị quản lý":"Phòng Kinh tế & Hạ tầng H.Vũng Liêm","Tình trạng cầu":"Trung bình","layer_id":158,"fid":196,"label":"Cầu Kinh - ĐLX"}},{"type":"Feature","geometry":{"type":"Point","coordinates":[106.190384,10.070899]},"properties":{"Tên cầu":"Cầu Xoay 1 - ĐLX","Tên đường":"ĐHĐLA","Lý trình":"","Địa chỉ":"Vũng Liêm - Vĩnh Long","Đối tượng vượt":"Rạch(kênh,mương)","Dạng kết cấu chính":"Dầm, mạng dầm","Sơ đồ nhịp":"Nhá»p giáº£n ÄÆ¡n","Khổ xe chạy":"2.0","Bề rộng cầu":"2.2","Tải trọng thiết kế":"3","Tĩnh không thông thuyền (chiều đứng)":"","Tĩnh không thông thuyền (chiều ngang)":"","Giá trị xây dựng cầu":"","Năm khởi công":"","Năm hoàn thành":"","Đơn vị quản lý":"Phòng Kinh tế & Hạ tầng H.Vũng Liêm","Tình trạng cầu":"Trung bình","layer_id":158,"fid":197,"label":"Cầu Xoay 1 - ĐLX"}},{"type":"Feature","geometry":{"type":"Point","coordinates":[106.19262,10.06638]},"properties":{"Tên cầu":"Cầu Trà Khang - ĐLX","Tên đường":"ĐHĐLA","Lý trình":"","Địa chỉ":"Vũng Liêm - Vĩnh Long","Đối tượng vượt":"Rạch(kênh,mương)","Dạng kết cấu chính":"Dầm, mạng dầm","Sơ đồ nhịp":"Nhá»p giáº£n ÄÆ¡n","Khổ xe chạy":"2.0","Bề rộng cầu":"2.2","Tải trọng thiết kế":"3","Tĩnh không thông thuyền (chiều đứng)":"","Tĩnh không thông thuyền (chiều ngang)":"","Giá trị xây dựng cầu":"","Năm khởi công":"","Năm hoàn thành":"","Đơn vị quản lý":"Phòng Kinh tế & Hạ tầng H.Vũng Liêm","Tình trạng cầu":"Tốt","layer_id":158,"fid":198,"label":"Cầu Trà Khang - ĐLX"}},{"type":"Feature","geometry":{"type":"Point","coordinates":[106.221794,10.135316]},"properties":{"Tên cầu":"Cầu Tân Bình - ĐLA","Tên đường":"ĐHĐLA","Lý trình":"","Địa chỉ":"Vũng Liêm - Vĩnh Long","Đối tượng vượt":"Rạch(kênh,mương)","Dạng kết cấu chính":"Dầm, mạng dầm","Sơ đồ nhịp":"Nhá»p giáº£n ÄÆ¡n","Khổ xe chạy":"3.5","Bề rộng cầu":"3.7","Tải trọng thiết kế":"3","Tĩnh không thông thuyền (chiều đứng)":"","Tĩnh không thông thuyền (chiều ngang)":"","Giá trị xây dựng cầu":"","Năm khởi công":"","Năm hoàn thành":"","Đơn vị quản lý":"Phòng Kinh tế & Hạ tầng H.Vũng Liêm","Tình trạng cầu":"Tốt","layer_id":158,"fid":199,"label":"Cầu Tân Bình - ĐLA"}},{"type":"Feature","geometry":{"type":"Point","coordinates":[106.21834,10.047356]},"properties":{"Tên cầu":"Cầu ấp 6 Phú Nhuận - ĐLA","Tên đường":"ĐHĐLA","Lý trình":"","Địa chỉ":"Vũng Liêm - Vĩnh Long","Đối tượng vượt":"Rạch(kênh,mương)","Dạng kết cấu chính":"Dầm, mạng dầm","Sơ đồ nhịp":"Nhá»p giáº£n ÄÆ¡n","Khổ xe chạy":"3.5","Bề rộng cầu":"0","Tải trọng thiết kế":"5","Tĩnh không thông thuyền (chiều đứng)":"","Tĩnh không thông thuyền (chiều ngang)":"","Giá trị xây dựng cầu":"","Năm khởi công":"","Năm hoàn thành":"","Đơn vị quản lý":"Phòng Kinh tế & Hạ tầng H.Vũng Liêm","Tình trạng cầu":"Yếu","layer_id":158,"fid":200,"label":"Cầu ấp 6 Phú Nhuận - ĐLA"}},{"type":"Feature","geometry":{"type":"Point","coordinates":[106.209435,10.149201]},"properties":{"Tên cầu":"Cầu chợ Rạch Vọp - ĐLX","Tên đường":"ĐHĐLA","Lý trình":"","Địa chỉ":"Vũng Liêm - Vĩnh Long","Đối tượng vượt":"Rạch(kênh,mương)","Dạng kết cấu chính":"Dầm, mạng dầm","Sơ đồ nhịp":"Nhá»p giáº£n ÄÆ¡n","Khổ xe chạy":"1.0","Bề rộng cầu":"1.2","Tải trọng thiết kế":".05","Tĩnh không thông thuyền (chiều đứng)":"","Tĩnh không thông thuyền (chiều ngang)":"","Giá trị xây dựng cầu":"","Năm khởi công":"1988","Năm hoàn thành":"","Đơn vị quản lý":"Phòng Kinh tế & Hạ tầng H.Vũng Liêm","Tình trạng cầu":"Trung bình","layer_id":158,"fid":201,"label":"Cầu chợ Rạch Vọp - ĐLX"}},{"type":"Feature","geometry":{"type":"Point","coordinates":[106.264015,10.082897]},"properties":{"Tên cầu":"Cầu Phong Lưu - ĐLX","Tên đường":"ĐHĐLA","Lý trình":"","Địa chỉ":"Vũng Liêm - Vĩnh Long","Đối tượng vượt":"Rạch(kênh,mương)","Dạng kết cấu chính":"Dầm, mạng dầm","Sơ đồ nhịp":"Nhá»p giáº£n ÄÆ¡n","Khổ xe chạy":"1.0","Bề rộng cầu":"1.2","Tải trọng thiết kế":"1","Tĩnh không thông thuyền (chiều đứng)":"","Tĩnh không thông thuyền (chiều ngang)":"","Giá trị xây dựng cầu":"","Năm khởi công":"","Năm hoàn thành":"","Đơn vị quản lý":"Phòng Kinh tế & Hạ tầng H.Vũng Liêm","Tình trạng cầu":"Yếu","layer_id":158,"fid":202,"label":"Cầu Phong Lưu - ĐLX"}},{"type":"Feature","geometry":{"type":"Point","coordinates":[106.091286,9.977758]},"properties":{"Tên cầu":"Cầu Hiếu Văn ĐLX","Tên đường":"ĐHĐLA","Lý trình":"","Địa chỉ":"Vũng Liêm - Vĩnh Long","Đối tượng vượt":"Rạch(kênh,mương)","Dạng kết cấu chính":"Dầm, mạng dầm","Sơ đồ nhịp":"Nhá»p giáº£n ÄÆ¡n","Khổ xe chạy":"1.0","Bề rộng cầu":"1.2","Tải trọng thiết kế":"1","Tĩnh không thông thuyền (chiều đứng)":"","Tĩnh không thông thuyền (chiều ngang)":"","Giá trị xây dựng cầu":"","Năm khởi công":"1990","Năm hoàn thành":"","Đơn vị quản lý":"Phòng Kinh tế & Hạ tầng H.Vũng Liêm","Tình trạng cầu":"","layer_id":158,"fid":203,"label":"Cầu Hiếu Văn ĐLX"}},{"type":"Feature","geometry":{"type":"Point","coordinates":[106.18243,10.160754]},"properties":{"Tên cầu":"Cầu Kinh - ĐLX","Tên đường":"ĐHĐLA","Lý trình":"","Địa chỉ":"Vũng Liêm - Vĩnh Long","Đối tượng vượt":"Rạch(kênh,mương)","Dạng kết cấu chính":"Dầm, mạng dầm","Sơ đồ nhịp":"","Khổ xe chạy":"0","Bề rộng cầu":"0","Tải trọng thiết kế":"","Tĩnh không thông thuyền (chiều đứng)":"","Tĩnh không thông thuyền (chiều ngang)":"","Giá trị xây dựng cầu":"","Năm khởi công":"","Năm hoàn thành":"","Đơn vị quản lý":"Phòng Kinh tế & Hạ tầng H.Vũng Liêm","Tình trạng cầu":"Tốt","layer_id":158,"fid":204,"label":"Cầu Kinh - ĐLX"}},{"type":"Feature","geometry":{"type":"Point","coordinates":[106.08438,10.012987]},"properties":{"Tên cầu":"Cầu Rạch Tòng - ĐLX","Tên đường":"ĐHĐLA","Lý trình":"","Địa chỉ":"Vũng Liêm - Vĩnh Long","Đối tượng vượt":"Rạch(kênh,mương)","Dạng kết cấu chính":"Dầm, mạng dầm","Sơ đồ nhịp":"Nhá»p giáº£n ÄÆ¡n","Khổ xe chạy":"1.0","Bề rộng cầu":"1.2","Tải trọng thiết kế":"1","Tĩnh không thông thuyền (chiều đứng)":"","Tĩnh không thông thuyền (chiều ngang)":"","Giá trị xây dựng cầu":"","Năm khởi công":"","Năm hoàn thành":"","Đơn vị quản lý":"Phòng Kinh tế & Hạ tầng H.Vũng Liêm","Tình trạng cầu":"Yếu","layer_id":158,"fid":205,"label":"Cầu Rạch Tòng - ĐLX"}},{"type":"Feature","geometry":{"type":"Point","coordinates":[106.09888,10.004866]},"properties":{"Tên cầu":"Cầu Hiếu Hoà B - ĐLX","Tên đường":"ĐHĐLA","Lý trình":"","Địa chỉ":"Vũng Liêm - Vĩnh Long","Đối tượng vượt":"Rạch(kênh,mương)","Dạng kết cấu chính":"Dầm, mạng dầm","Sơ đồ nhịp":"Nhá»p giáº£n ÄÆ¡n","Khổ xe chạy":"2.0","Bề rộng cầu":"2.2","Tải trọng thiết kế":"1","Tĩnh không thông thuyền (chiều đứng)":"","Tĩnh không thông thuyền (chiều ngang)":"","Giá trị xây dựng cầu":"","Năm khởi công":"","Năm hoàn thành":"","Đơn vị quản lý":"Phòng Kinh tế & Hạ tầng H.Vũng Liêm","Tình trạng cầu":"Trung bình","layer_id":158,"fid":206,"label":"Cầu Hiếu Hoà B - ĐLX"}},{"type":"Feature","geometry":{"type":"Point","coordinates":[106.06838,9.972368]},"properties":{"Tên cầu":"Cầu Liên xã (nhà thờ) - ĐLX","Tên đường":"ĐHĐLA","Lý trình":"","Địa chỉ":"Vũng Liêm - Vĩnh Long","Đối tượng vượt":"Rạch(kênh,mương)","Dạng kết cấu chính":"Dầm, mạng dầm","Sơ đồ nhịp":"Nhá»p giáº£n ÄÆ¡n","Khổ xe chạy":"3.0","Bề rộng cầu":"0","Tải trọng thiết kế":"1","Tĩnh không thông thuyền (chiều đứng)":"","Tĩnh không thông thuyền (chiều ngang)":"","Giá trị xây dựng cầu":"","Năm khởi công":"2019","Năm hoàn thành":"","Đơn vị quản lý":"Phòng Kinh tế & Hạ tầng H.Vũng Liêm","Tình trạng cầu":"Tốt","layer_id":158,"fid":207,"label":"Cầu Liên xã (nhà thờ) - ĐLX"}},{"type":"Feature","geometry":{"type":"Point","coordinates":[106.11734,9.98807]},"properties":{"Tên cầu":"Cầu Ngã Phú - ĐLX","Tên đường":"ĐHĐLA","Lý trình":"","Địa chỉ":"Vũng Liêm - Vĩnh Long","Đối tượng vượt":"Rạch(kênh,mương)","Dạng kết cấu chính":"Dầm, mạng dầm","Sơ đồ nhịp":"Nhá»p giáº£n ÄÆ¡n","Khổ xe chạy":"12.0","Bề rộng cầu":"0","Tải trọng thiết kế":"1","Tĩnh không thông thuyền (chiều đứng)":"","Tĩnh không thông thuyền (chiều ngang)":"","Giá trị xây dựng cầu":"","Năm khởi công":"1990","Năm hoàn thành":"","Đơn vị quản lý":"Phòng Kinh tế & Hạ tầng H.Vũng Liêm","Tình trạng cầu":"Trung bình","layer_id":158,"fid":208,"label":"Cầu Ngã Phú - ĐLX"}},{"type":"Feature","geometry":{"type":"Point","coordinates":[106.08543,9.960812]},"properties":{"Tên cầu":"Cầu Đình - ĐLX","Tên đường":"ĐHĐLA","Lý trình":"","Địa chỉ":"Vũng Liêm - Vĩnh Long","Đối tượng vượt":"Rạch(kênh,mương)","Dạng kết cấu chính":"Dầm, mạng dầm","Sơ đồ nhịp":"Nhá»p giáº£n ÄÆ¡n","Khổ xe chạy":"1.0","Bề rộng cầu":"1.2","Tải trọng thiết kế":"1","Tĩnh không thông thuyền (chiều đứng)":"","Tĩnh không thông thuyền (chiều ngang)":"","Giá trị xây dựng cầu":"","Năm khởi công":"","Năm hoàn thành":"","Đơn vị quản lý":"Phòng Kinh tế & Hạ tầng H.Vũng Liêm","Tình trạng cầu":"Yếu","layer_id":158,"fid":209,"label":"Cầu Đình - ĐLX"}},{"type":"Feature","geometry":{"type":"Point","coordinates":[106.1964,10.136139]},"properties":{"Tên cầu":"Cầu Phước Thạnh - ĐLX","Tên đường":"ĐHĐLA","Lý trình":"","Địa chỉ":"Vũng Liêm - Vĩnh Long","Đối tượng vượt":"Rạch(kênh,mương)","Dạng kết cấu chính":"Dầm, mạng dầm","Sơ đồ nhịp":"Nhá»p giáº£n ÄÆ¡n","Khổ xe chạy":"2.0","Bề rộng cầu":"2.2","Tải trọng thiết kế":"1","Tĩnh không thông thuyền (chiều đứng)":"","Tĩnh không thông thuyền (chiều ngang)":"","Giá trị xây dựng cầu":"","Năm khởi công":"1988","Năm hoàn thành":"","Đơn vị quản lý":"Phòng Kinh tế & Hạ tầng H.Vũng Liêm","Tình trạng cầu":"Trung bình","layer_id":158,"fid":210,"label":"Cầu Phước Thạnh - ĐLX"}},{"type":"Feature","geometry":{"type":"Point","coordinates":[106.13365,10.055647]},"properties":{"Tên cầu":"Cầu 10 Ròng - ĐLX","Tên đường":"ĐHĐLA","Lý trình":"","Địa chỉ":"Vũng Liêm - Vĩnh Long","Đối tượng vượt":"Rạch(kênh,mương)","Dạng kết cấu chính":"Dầm, mạng dầm","Sơ đồ nhịp":"Nhá»p giáº£n ÄÆ¡n","Khổ xe chạy":"2.0","Bề rộng cầu":"2.2","Tải trọng thiết kế":"3","Tĩnh không thông thuyền (chiều đứng)":"","Tĩnh không thông thuyền (chiều ngang)":"","Giá trị xây dựng cầu":"","Năm khởi công":"","Năm hoàn thành":"","Đơn vị quản lý":"Phòng Kinh tế & Hạ tầng H.Vũng Liêm","Tình trạng cầu":"Trung bình","layer_id":158,"fid":211,"label":"Cầu 10 Ròng - ĐLX"}},{"type":"Feature","geometry":{"type":"Point","coordinates":[106.22736,10.060838]},"properties":{"Tên cầu":"Cầu Rạch Rừng - ĐLA","Tên đường":"ĐHĐLA","Lý trình":"","Địa chỉ":"Vũng Liêm - Vĩnh Long","Đối tượng vượt":"Rạch(kênh,mương)","Dạng kết cấu chính":"Dầm, mạng dầm","Sơ đồ nhịp":"Nhá»p giáº£n ÄÆ¡n","Khổ xe chạy":"5.5","Bề rộng cầu":"7.5","Tải trọng thiết kế":"5","Tĩnh không thông thuyền (chiều đứng)":"","Tĩnh không thông thuyền (chiều ngang)":"","Giá trị xây dựng cầu":"","Năm khởi công":"","Năm hoàn thành":"","Đơn vị quản lý":"Phòng Kinh tế & Hạ tầng H.Vũng Liêm","Tình trạng cầu":"Tốt","layer_id":158,"fid":212,"label":"Cầu Rạch Rừng - ĐLA"}},{"type":"Feature","geometry":{"type":"Point","coordinates":[106.0831,10.010636]},"properties":{"Tên cầu":"Cầu Hiếu Thọ - ĐLX","Tên đường":"ĐHĐLA","Lý trình":"","Địa chỉ":"Vũng Liêm - Vĩnh Long","Đối tượng vượt":"Rạch(kênh,mương)","Dạng kết cấu chính":"Dầm, mạng dầm","Sơ đồ nhịp":"Nhá»p giáº£n ÄÆ¡n","Khổ xe chạy":"2.0","Bề rộng cầu":"2.2","Tải trọng thiết kế":"3","Tĩnh không thông thuyền (chiều đứng)":"","Tĩnh không thông thuyền (chiều ngang)":"","Giá trị xây dựng cầu":"","Năm khởi công":"1989","Năm hoàn thành":"","Đơn vị quản lý":"Phòng Kinh tế & Hạ tầng H.Vũng Liêm","Tình trạng cầu":"Trung bình","layer_id":158,"fid":213,"label":"Cầu Hiếu Thọ - ĐLX"}},{"type":"Feature","geometry":{"type":"Point","coordinates":[106.22145,10.078812]},"properties":{"Tên cầu":"Cầu  Chín Đùm - ĐLX","Tên đường":"ĐHĐLA","Lý trình":"","Địa chỉ":"Vũng Liêm - Vĩnh Long","Đối tượng vượt":"Rạch(kênh,mương)","Dạng kết cấu chính":"Dầm, mạng dầm","Sơ đồ nhịp":"Nhá»p giáº£n dÆ¡n","Khổ xe chạy":"1.2","Bề rộng cầu":"0","Tải trọng thiết kế":"1.5","Tĩnh không thông thuyền (chiều đứng)":"","Tĩnh không thông thuyền (chiều ngang)":"","Giá trị xây dựng cầu":"","Năm khởi công":"","Năm hoàn thành":"","Đơn vị quản lý":"Phòng Kinh tế & Hạ tầng H.Vũng Liêm","Tình trạng cầu":"Trung bình","layer_id":158,"fid":214,"label":"Cầu  Chín Đùm - ĐLX"}},{"type":"Feature","geometry":{"type":"Point","coordinates":[106.213036,10.075225]},"properties":{"Tên cầu":"Cầu Đình - ĐLX","Tên đường":"ĐHĐLA","Lý trình":"","Địa chỉ":"Vũng Liêm - Vĩnh Long","Đối tượng vượt":"Rạch(kênh,mương)","Dạng kết cấu chính":"Dầm, mạng dầm","Sơ đồ nhịp":"Nhip giáº£n ÄÆ¡n","Khổ xe chạy":"2.0","Bề rộng cầu":"2.2","Tải trọng thiết kế":"1.5","Tĩnh không thông thuyền (chiều đứng)":"","Tĩnh không thông thuyền (chiều ngang)":"","Giá trị xây dựng cầu":"","Năm khởi công":"","Năm hoàn thành":"","Đơn vị quản lý":"Phòng Kinh tế & Hạ tầng H.Vũng Liêm","Tình trạng cầu":"Trung bình","layer_id":158,"fid":215,"label":"Cầu Đình - ĐLX"}},{"type":"Feature","geometry":{"type":"Point","coordinates":[0.0,0.0]},"properties":{"Tên cầu":"Cầu Rạch Rẫy","Tên đường":"HƯƠNG LỘ 15 XÃ TÂN NGÃI","Lý trình":"","Địa chỉ":"Vĩnh Long - Vĩnh Long","Đối tượng vượt":"Sông","Dạng kết cấu chính":"Dầm, mạng dầm","Sơ đồ nhịp":"","Khổ xe chạy":"4.0","Bề rộng cầu":"4.0","Tải trọng thiết kế":"5","Tĩnh không thông thuyền (chiều đứng)":"3.0","Tĩnh không thông thuyền (chiều ngang)":"","Giá trị xây dựng cầu":"","Năm khởi công":"2005","Năm hoàn thành":"2005","Đơn vị quản lý":"Phòng QLĐT TP.Vĩnh Long","Tình trạng cầu":"","layer_id":158,"fid":291,"label":"Cầu Rạch Rẫy"}},{"type":"Feature","geometry":{"type":"Point","coordinates":[106.21766,10.051508]},"properties":{"Tên cầu":"Cầu Hai Thành - ĐLX","Tên đường":"ĐHĐLA","Lý trình":"","Địa chỉ":"Vũng Liêm - Vĩnh Long","Đối tượng vượt":"Rạch(kênh,mương)","Dạng kết cấu chính":"Dầm, mạng dầm","Sơ đồ nhịp":"Nhiá»p giáº£n ÄÆ¡n","Khổ xe chạy":"1.0","Bề rộng cầu":"1.2","Tải trọng thiết kế":"1","Tĩnh không thông thuyền (chiều đứng)":"","Tĩnh không thông thuyền (chiều ngang)":"","Giá trị xây dựng cầu":"","Năm khởi công":"","Năm hoàn thành":"","Đơn vị quản lý":"Phòng Kinh tế & Hạ tầng H.Vũng Liêm","Tình trạng cầu":"Trung bình","layer_id":158,"fid":216,"label":"Cầu Hai Thành - ĐLX"}},{"type":"Feature","geometry":{"type":"Point","coordinates":[106.14303,10.160229]},"properties":{"Tên cầu":"Cầu Rạch Lớn - ĐLX","Tên đường":"ĐHĐLA","Lý trình":"","Địa chỉ":"Vũng Liêm - Vĩnh Long","Đối tượng vượt":"Rạch(kênh,mương)","Dạng kết cấu chính":"Dầm, mạng dầm","Sơ đồ nhịp":"Nhá»p giáº£n ÄÆ¡n","Khổ xe chạy":"1.0","Bề rộng cầu":"1.0","Tải trọng thiết kế":"0.5","Tĩnh không thông thuyền (chiều đứng)":"","Tĩnh không thông thuyền (chiều ngang)":"","Giá trị xây dựng cầu":"","Năm khởi công":"","Năm hoàn thành":"","Đơn vị quản lý":"Phòng Kinh tế & Hạ tầng H.Vũng Liêm","Tình trạng cầu":"Rất yếu","layer_id":158,"fid":217,"label":"Cầu Rạch Lớn - ĐLX"}},{"type":"Feature","geometry":{"type":"Point","coordinates":[106.14498,10.050911]},"properties":{"Tên cầu":"Cầu An Lạc Tây - ĐLX","Tên đường":"ĐHĐLA","Lý trình":"","Địa chỉ":"Vũng Liêm - Vĩnh Long","Đối tượng vượt":"Rạch(kênh,mương)","Dạng kết cấu chính":"Dầm, mạng dầm","Sơ đồ nhịp":"Nhá»p giáº£n ÄÆ¡n","Khổ xe chạy":"2.5","Bề rộng cầu":"2.7","Tải trọng thiết kế":"5","Tĩnh không thông thuyền (chiều đứng)":"","Tĩnh không thông thuyền (chiều ngang)":"","Giá trị xây dựng cầu":"","Năm khởi công":"2000","Năm hoàn thành":"","Đơn vị quản lý":"Phòng Kinh tế & Hạ tầng H.Vũng Liêm","Tình trạng cầu":"Trung bình","layer_id":158,"fid":218,"label":"Cầu An Lạc Tây - ĐLX"}},{"type":"Feature","geometry":{"type":"Point","coordinates":[106.22752,10.121821]},"properties":{"Tên cầu":"Cầu Chùa Tân Bình - ĐLX","Tên đường":"ĐHĐLA","Lý trình":"","Địa chỉ":"Vũng Liêm - Vĩnh Long","Đối tượng vượt":"Rạch(kênh,mương)","Dạng kết cấu chính":"Dầm, mạng dầm","Sơ đồ nhịp":"Nhá»p giáº£n ÄÆ¡n","Khổ xe chạy":"1.2","Bề rộng cầu":"1.4","Tải trọng thiết kế":"3","Tĩnh không thông thuyền (chiều đứng)":"","Tĩnh không thông thuyền (chiều ngang)":"","Giá trị xây dựng cầu":"","Năm khởi công":"","Năm hoàn thành":"","Đơn vị quản lý":"Phòng Kinh tế & Hạ tầng H.Vũng Liêm","Tình trạng cầu":"Trung bình","layer_id":158,"fid":219,"label":"Cầu Chùa Tân Bình - ĐLX"}},{"type":"Feature","geometry":{"type":"Point","coordinates":[106.11479,9.989386]},"properties":{"Tên cầu":"Cầu hiếu Kinh A - ĐLX","Tên đường":"ĐHĐLA","Lý trình":"","Địa chỉ":"Vũng Liêm - Vĩnh Long","Đối tượng vượt":"Rạch(kênh,mương)","Dạng kết cấu chính":"Dầm, mạng dầm","Sơ đồ nhịp":"Nhá»p giáº£n ÄÆ¡n","Khổ xe chạy":"1.5","Bề rộng cầu":"1.7","Tải trọng thiết kế":"1","Tĩnh không thông thuyền (chiều đứng)":"","Tĩnh không thông thuyền (chiều ngang)":"","Giá trị xây dựng cầu":"","Năm khởi công":"2018","Năm hoàn thành":"","Đơn vị quản lý":"Phòng Kinh tế & Hạ tầng H.Vũng Liêm","Tình trạng cầu":"Tốt","layer_id":158,"fid":220,"label":"Cầu hiếu Kinh A - ĐLX"}},{"type":"Feature","geometry":{"type":"Point","coordinates":[106.119316,10.013329]},"properties":{"Tên cầu":"Cầu Liên Tổ - ĐLX","Tên đường":"ĐHĐLA","Lý trình":"","Địa chỉ":"Vũng Liêm - Vĩnh Long","Đối tượng vượt":"Rạch(kênh,mương)","Dạng kết cấu chính":"Dầm, mạng dầm","Sơ đồ nhịp":"Nhá»p giáº£n ÄÆ¡n","Khổ xe chạy":"2.5","Bề rộng cầu":"0","Tải trọng thiết kế":"1","Tĩnh không thông thuyền (chiều đứng)":"","Tĩnh không thông thuyền (chiều ngang)":"","Giá trị xây dựng cầu":"","Năm khởi công":"2018","Năm hoàn thành":"","Đơn vị quản lý":"Phòng Kinh tế & Hạ tầng H.Vũng Liêm","Tình trạng cầu":"Tốt","layer_id":158,"fid":221,"label":"Cầu Liên Tổ - ĐLX"}},{"type":"Feature","geometry":{"type":"Point","coordinates":[106.086716,9.962762]},"properties":{"Tên cầu":"Cầu Hiếu Nghĩa - ĐLA","Tên đường":"ĐHĐLA","Lý trình":"0 + 10","Địa chỉ":"Vũng Liêm - Vĩnh Long","Đối tượng vượt":"Rạch(kênh,mương)","Dạng kết cấu chính":"Dầm, mạng dầm","Sơ đồ nhịp":"Nhá»p giáº£n ÄÆ¡n","Khổ xe chạy":"2.5","Bề rộng cầu":"2.7","Tải trọng thiết kế":"5","Tĩnh không thông thuyền (chiều đứng)":"","Tĩnh không thông thuyền (chiều ngang)":"","Giá trị xây dựng cầu":"","Năm khởi công":"","Năm hoàn thành":"","Đơn vị quản lý":"Phòng Kinh tế & Hạ tầng H.Vũng Liêm","Tình trạng cầu":"Tốt","layer_id":158,"fid":222,"label":"Cầu Hiếu Nghĩa - ĐLA"}},{"type":"Feature","geometry":{"type":"Point","coordinates":[106.083786,9.96137]},"properties":{"Tên cầu":"Cầu Chợ - ĐLX","Tên đường":"ĐHĐLA","Lý trình":"0 + 10","Địa chỉ":"Vũng Liêm - Vĩnh Long","Đối tượng vượt":"Rạch(kênh,mương)","Dạng kết cấu chính":"Dầm, mạng dầm","Sơ đồ nhịp":"Nhá»p giáº£n ÄÆ¡n","Khổ xe chạy":"1.2","Bề rộng cầu":"1.4","Tải trọng thiết kế":"1","Tĩnh không thông thuyền (chiều đứng)":"","Tĩnh không thông thuyền (chiều ngang)":"","Giá trị xây dựng cầu":"","Năm khởi công":"","Năm hoàn thành":"","Đơn vị quản lý":"Phòng Kinh tế & Hạ tầng H.Vũng Liêm","Tình trạng cầu":"Trung bình","layer_id":158,"fid":223,"label":"Cầu Chợ - ĐLX"}},{"type":"Feature","geometry":{"type":"Point","coordinates":[106.185234,10.090816]},"properties":{"Tên cầu":"Cầu Rạch Trúc 3","Tên đường":"ĐHĐNÔ","Lý trình":"","Địa chỉ":"Vũng Liêm - Vĩnh Long","Đối tượng vượt":"Sông","Dạng kết cấu chính":"Dầm, mạng dầm","Sơ đồ nhịp":"Nhá»p giáº£n ÄÆ¡n","Khổ xe chạy":"5.0","Bề rộng cầu":"7.0","Tải trọng thiết kế":"5","Tĩnh không thông thuyền (chiều đứng)":"","Tĩnh không thông thuyền (chiều ngang)":"","Giá trị xây dựng cầu":"","Năm khởi công":"","Năm hoàn thành":"","Đơn vị quản lý":"Phòng Kinh tế & Hạ tầng H.Vũng Liêm","Tình trạng cầu":"Trung bình","layer_id":158,"fid":245,"label":"Cầu Rạch Trúc 3"}},{"type":"Feature","geometry":{"type":"Point","coordinates":[106.1172,9.96331]},"properties":{"Tên cầu":"Cầu Hiếu Xuân Đông - ĐLX","Tên đường":"ĐHĐLA","Lý trình":"0 + 10","Địa chỉ":"Vũng Liêm - Vĩnh Long","Đối tượng vượt":"Rạch(kênh,mương)","Dạng kết cấu chính":"Dầm, mạng dầm","Sơ đồ nhịp":"Nhá»p giáº£n ÄÆ¡n","Khổ xe chạy":"1.0","Bề rộng cầu":"1.2","Tải trọng thiết kế":"1","Tĩnh không thông thuyền (chiều đứng)":"","Tĩnh không thông thuyền (chiều ngang)":"","Giá trị xây dựng cầu":"","Năm khởi công":"1990","Năm hoàn thành":"","Đơn vị quản lý":"Phòng Kinh tế & Hạ tầng H.Vũng Liêm","Tình trạng cầu":"Trung bình","layer_id":158,"fid":224,"label":"Cầu Hiếu Xuân Đông - ĐLX"}},{"type":"Feature","geometry":{"type":"Point","coordinates":[106.23284,10.111653]},"properties":{"Tên cầu":"Cầu Chợ Thanh Bình - ĐLA","Tên đường":"ĐHĐLA","Lý trình":"0 + 60","Địa chỉ":"Vũng Liêm - Vĩnh Long","Đối tượng vượt":"Rạch(kênh,mương)","Dạng kết cấu chính":"Dầm, mạng dầm","Sơ đồ nhịp":"Nhá»p giáº£n ÄÆ¡n","Khổ xe chạy":"5.5","Bề rộng cầu":"5.7","Tải trọng thiết kế":"5","Tĩnh không thông thuyền (chiều đứng)":"","Tĩnh không thông thuyền (chiều ngang)":"","Giá trị xây dựng cầu":"","Năm khởi công":"","Năm hoàn thành":"","Đơn vị quản lý":"Phòng Kinh tế & Hạ tầng H.Vũng Liêm","Tình trạng cầu":"Tốt","layer_id":158,"fid":225,"label":"Cầu Chợ Thanh Bình - ĐLA"}},{"type":"Feature","geometry":{"type":"Point","coordinates":[105.82084,10.066803]},"properties":{"Tên cầu":"Phan Văn Năm","Tên đường":"","Lý trình":"","Địa chỉ":"Bình Minh - Vĩnh Long","Đối tượng vượt":"Sông","Dạng kết cấu chính":"Dầm, mạng dầm","Sơ đồ nhịp":"","Khổ xe chạy":"0","Bề rộng cầu":"0","Tải trọng thiết kế":"8","Tĩnh không thông thuyền (chiều đứng)":"","Tĩnh không thông thuyền (chiều ngang)":"","Giá trị xây dựng cầu":"","Năm khởi công":"","Năm hoàn thành":"","Đơn vị quản lý":"Phòng QLĐT TX.Bình Minh","Tình trạng cầu":"","layer_id":158,"fid":306,"label":"Phan Văn Năm"}},{"type":"Feature","geometry":{"type":"Point","coordinates":[106109824.0,10.033959]},"properties":{"Tên cầu":"Cầu Hiếu Thủ - ĐLA","Tên đường":"ĐHĐLA","Lý trình":"0 + 70","Địa chỉ":"Vũng Liêm - Vĩnh Long","Đối tượng vượt":"Rạch(kênh,mương)","Dạng kết cấu chính":"Dầm, mạng dầm","Sơ đồ nhịp":"Nhá»p giáº£n ÄÆ¡n","Khổ xe chạy":"2.5","Bề rộng cầu":"2.5","Tải trọng thiết kế":"2.5","Tĩnh không thông thuyền (chiều đứng)":"","Tĩnh không thông thuyền (chiều ngang)":"","Giá trị xây dựng cầu":"","Năm khởi công":"","Năm hoàn thành":"","Đơn vị quản lý":"Phòng Kinh tế & Hạ tầng H.Vũng Liêm","Tình trạng cầu":"Yếu","layer_id":158,"fid":226,"label":"Cầu Hiếu Thủ - ĐLA"}},{"type":"Feature","geometry":{"type":"Point","coordinates":[106.093704,9.985526]},"properties":{"Tên cầu":"Cầu Trạm Y Tế - ĐLX","Tên đường":"ĐHĐLA","Lý trình":"0 + 100","Địa chỉ":"Vũng Liêm - Vĩnh Long","Đối tượng vượt":"Rạch(kênh,mương)","Dạng kết cấu chính":"Dầm, mạng dầm","Sơ đồ nhịp":"Nhá»p giáº£n ÄÆ¡n","Khổ xe chạy":"4.0","Bề rộng cầu":"4.2","Tải trọng thiết kế":"13","Tĩnh không thông thuyền (chiều đứng)":"","Tĩnh không thông thuyền (chiều ngang)":"","Giá trị xây dựng cầu":"","Năm khởi công":"2004","Năm hoàn thành":"","Đơn vị quản lý":"Phòng Kinh tế & Hạ tầng H.Vũng Liêm","Tình trạng cầu":"Tốt","layer_id":158,"fid":227,"label":"Cầu Trạm Y Tế - ĐLX"}},{"type":"Feature","geometry":{"type":"Point","coordinates":[106.11775,9.98523]},"properties":{"Tên cầu":"Cầu Liên Xã - ĐLX","Tên đường":"ĐHĐLA","Lý trình":"0 + 200","Địa chỉ":"Vũng Liêm - Vĩnh Long","Đối tượng vượt":"Rạch(kênh,mương)","Dạng kết cấu chính":"Dầm, mạng dầm","Sơ đồ nhịp":"Nhá»p giáº£n ÄÆ¡n","Khổ xe chạy":"2.0","Bề rộng cầu":"2.2","Tải trọng thiết kế":"1","Tĩnh không thông thuyền (chiều đứng)":"","Tĩnh không thông thuyền (chiều ngang)":"","Giá trị xây dựng cầu":"","Năm khởi công":"2018","Năm hoàn thành":"","Đơn vị quản lý":"Phòng Kinh tế & Hạ tầng H.Vũng Liêm","Tình trạng cầu":"Tốt","layer_id":158,"fid":228,"label":"Cầu Liên Xã - ĐLX"}},{"type":"Feature","geometry":{"type":"Point","coordinates":[106.20081,10.056869]},"properties":{"Tên cầu":"Cầu Ba Tiên -  ĐLA","Tên đường":"ĐHĐLA","Lý trình":"0 + 650","Địa chỉ":"Vũng Liêm - Vĩnh Long","Đối tượng vượt":"Rạch(kênh,mương)","Dạng kết cấu chính":"Dầm, mạng dầm","Sơ đồ nhịp":"Nhá»p giáº£n ÄÆ¡n","Khổ xe chạy":"3.0","Bề rộng cầu":"3.2","Tải trọng thiết kế":"5","Tĩnh không thông thuyền (chiều đứng)":"","Tĩnh không thông thuyền (chiều ngang)":"","Giá trị xây dựng cầu":"","Năm khởi công":"2014","Năm hoàn thành":"","Đơn vị quản lý":"Phòng Kinh tế & Hạ tầng H.Vũng Liêm","Tình trạng cầu":"Trung bình","layer_id":158,"fid":229,"label":"Cầu Ba Tiên -  ĐLA"}},{"type":"Feature","geometry":{"type":"Point","coordinates":[106.23539,10.104019]},"properties":{"Tên cầu":"Cầu Rạch Lá - ĐLA","Tên đường":"ĐHĐLA","Lý trình":"0 + 800","Địa chỉ":"Vũng Liêm - Vĩnh Long","Đối tượng vượt":"Rạch(kênh,mương)","Dạng kết cấu chính":"Dầm, mạng dầm","Sơ đồ nhịp":"Nhá»p giáº£n ÄÆ¡n","Khổ xe chạy":"3.5","Bề rộng cầu":"3.7","Tải trọng thiết kế":"5","Tĩnh không thông thuyền (chiều đứng)":"","Tĩnh không thông thuyền (chiều ngang)":"","Giá trị xây dựng cầu":"","Năm khởi công":"","Năm hoàn thành":"","Đơn vị quản lý":"Phòng Kinh tế & Hạ tầng H.Vũng Liêm","Tình trạng cầu":"Trung bình","layer_id":158,"fid":230,"label":"Cầu Rạch Lá - ĐLA"}},{"type":"Feature","geometry":{"type":"Point","coordinates":[0.0,0.0]},"properties":{"Tên cầu":"Cầu Rạch Lá - ĐLA","Tên đường":"ĐHĐLA","Lý trình":"0 + 800","Địa chỉ":"Vũng Liêm - Vĩnh Long","Đối tượng vượt":"Rạch(kênh,mương)","Dạng kết cấu chính":"Dầm, mạng dầm","Sơ đồ nhịp":"nhá»p giáº£n ÄÆ¡n","Khổ xe chạy":"3.5","Bề rộng cầu":"3.5","Tải trọng thiết kế":"5","Tĩnh không thông thuyền (chiều đứng)":"","Tĩnh không thông thuyền (chiều ngang)":"","Giá trị xây dựng cầu":"","Năm khởi công":"","Năm hoàn thành":"","Đơn vị quản lý":"Phòng Kinh tế & Hạ tầng H.Vũng Liêm","Tình trạng cầu":"Tốt","layer_id":158,"fid":231,"label":"Cầu Rạch Lá - ĐLA"}},{"type":"Feature","geometry":{"type":"Point","coordinates":[0.0,0.0]},"properties":{"Tên cầu":"Cầu Ba Đậm ĐLA ","Tên đường":"ĐHĐLA","Lý trình":"0 + 800","Địa chỉ":"Vũng Liêm - Vĩnh Long","Đối tượng vượt":"Rạch(kênh,mương)","Dạng kết cấu chính":"Dầm, mạng dầm","Sơ đồ nhịp":"nhá»p giáº£n ÄÆ¡n","Khổ xe chạy":"3.5","Bề rộng cầu":"3.5","Tải trọng thiết kế":"5","Tĩnh không thông thuyền (chiều đứng)":"","Tĩnh không thông thuyền (chiều ngang)":"","Giá trị xây dựng cầu":"","Năm khởi công":"","Năm hoàn thành":"","Đơn vị quản lý":"Phòng Kinh tế & Hạ tầng H.Vũng Liêm","Tình trạng cầu":"Trung bình","layer_id":158,"fid":232,"label":"Cầu Ba Đậm ĐLA "}},{"type":"Feature","geometry":{"type":"Point","coordinates":[106.23152,10.108957]},"properties":{"Tên cầu":"Cầu Đình Thái Bình - ĐLX","Tên đường":"ĐHĐLA","Lý trình":"0 + 950","Địa chỉ":"Vũng Liêm - Vĩnh Long","Đối tượng vượt":"Rạch(kênh,mương)","Dạng kết cấu chính":"Dầm, mạng dầm","Sơ đồ nhịp":"Nhá»p giáº£n ÄÆ¡n","Khổ xe chạy":"2.0","Bề rộng cầu":"2.2","Tải trọng thiết kế":"3","Tĩnh không thông thuyền (chiều đứng)":"","Tĩnh không thông thuyền (chiều ngang)":"","Giá trị xây dựng cầu":"","Năm khởi công":"1990","Năm hoàn thành":"","Đơn vị quản lý":"Phòng Kinh tế & Hạ tầng H.Vũng Liêm","Tình trạng cầu":"Trung bình","layer_id":158,"fid":233,"label":"Cầu Đình Thái Bình - ĐLX"}},{"type":"Feature","geometry":{"type":"Point","coordinates":[0.0,0.0]},"properties":{"Tên cầu":"Cầu Hiếu Minh A - ĐLA","Tên đường":"ĐHĐLA","Lý trình":"1 + 50","Địa chỉ":"Vũng Liêm - Vĩnh Long","Đối tượng vượt":"Rạch(kênh,mương)","Dạng kết cấu chính":"Dầm, mạng dầm","Sơ đồ nhịp":"Nhá»p giáº£n ÄÆ¡n","Khổ xe chạy":"3.5","Bề rộng cầu":"3.5","Tải trọng thiết kế":"5","Tĩnh không thông thuyền (chiều đứng)":"","Tĩnh không thông thuyền (chiều ngang)":"","Giá trị xây dựng cầu":"","Năm khởi công":"1997","Năm hoàn thành":"","Đơn vị quản lý":"Phòng Kinh tế & Hạ tầng H.Vũng Liêm","Tình trạng cầu":"Trung bình","layer_id":158,"fid":234,"label":"Cầu Hiếu Minh A - ĐLA"}},{"type":"Feature","geometry":{"type":"Point","coordinates":[106.1189,10.009279]},"properties":{"Tên cầu":"Cầu Hiếu Minh A - ĐLA","Tên đường":"ĐHĐLA","Lý trình":"1 + 50","Địa chỉ":"Vũng Liêm - Vĩnh Long","Đối tượng vượt":"Rạch(kênh,mương)","Dạng kết cấu chính":"Dầm, mạng dầm","Sơ đồ nhịp":"Nhá»p giáº£n ÄÆ¡n","Khổ xe chạy":"3.5","Bề rộng cầu":"3.7","Tải trọng thiết kế":"5","Tĩnh không thông thuyền (chiều đứng)":"","Tĩnh không thông thuyền (chiều ngang)":"","Giá trị xây dựng cầu":"","Năm khởi công":"","Năm hoàn thành":"","Đơn vị quản lý":"Phòng Kinh tế & Hạ tầng H.Vũng Liêm","Tình trạng cầu":"Trung bình","layer_id":158,"fid":235,"label":"Cầu Hiếu Minh A - ĐLA"}},{"type":"Feature","geometry":{"type":"Point","coordinates":[0.0,0.0]},"properties":{"Tên cầu":"Cầu Thanh Lương - ĐLA","Tên đường":"ĐHĐLA","Lý trình":"1 + 100","Địa chỉ":"Vũng Liêm - Vĩnh Long","Đối tượng vượt":"Rạch(kênh,mương)","Dạng kết cấu chính":"Dầm, mạng dầm","Sơ đồ nhịp":"Nhá»p giáº£n ÄÆ¡n","Khổ xe chạy":"3.5","Bề rộng cầu":"3.5","Tải trọng thiết kế":"5","Tĩnh không thông thuyền (chiều đứng)":"","Tĩnh không thông thuyền (chiều ngang)":"","Giá trị xây dựng cầu":"","Năm khởi công":"2012","Năm hoàn thành":"","Đơn vị quản lý":"Phòng Kinh tế & Hạ tầng H.Vũng Liêm","Tình trạng cầu":"Tốt","layer_id":158,"fid":236,"label":"Cầu Thanh Lương - ĐLA"}},{"type":"Feature","geometry":{"type":"Point","coordinates":[106.24437,10.102702]},"properties":{"Tên cầu":"Cầu Vàm Bình Thuỹ - ĐLX","Tên đường":"ĐHĐLA","Lý trình":"1 + 200","Địa chỉ":"Vũng Liêm - Vĩnh Long","Đối tượng vượt":"Rạch(kênh,mương)","Dạng kết cấu chính":"Dầm, mạng dầm","Sơ đồ nhịp":"Nhá»p giáº£n ÄÆ¡n","Khổ xe chạy":"3.0","Bề rộng cầu":"3.2","Tải trọng thiết kế":"3","Tĩnh không thông thuyền (chiều đứng)":"","Tĩnh không thông thuyền (chiều ngang)":"","Giá trị xây dựng cầu":"","Năm khởi công":"","Năm hoàn thành":"","Đơn vị quản lý":"Phòng Kinh tế & Hạ tầng H.Vũng Liêm","Tình trạng cầu":"Tốt","layer_id":158,"fid":237,"label":"Cầu Vàm Bình Thuỹ - ĐLX"}},{"type":"Feature","geometry":{"type":"Point","coordinates":[106210672.0,10.12833]},"properties":{"Tên cầu":"Cầu ranh xã số 1 - ĐLX","Tên đường":"ĐHĐLA","Lý trình":"1 + 350","Địa chỉ":"Vũng Liêm - Vĩnh Long","Đối tượng vượt":"Rạch(kênh,mương)","Dạng kết cấu chính":"Dầm, mạng dầm","Sơ đồ nhịp":"Nhá»p giáº£n ÄÆ¡n","Khổ xe chạy":"3.0","Bề rộng cầu":"3.2","Tải trọng thiết kế":"3","Tĩnh không thông thuyền (chiều đứng)":"","Tĩnh không thông thuyền (chiều ngang)":"","Giá trị xây dựng cầu":"","Năm khởi công":"","Năm hoàn thành":"","Đơn vị quản lý":"Phòng Kinh tế & Hạ tầng H.Vũng Liêm","Tình trạng cầu":"Trung bình","layer_id":158,"fid":238,"label":"Cầu ranh xã số 1 - ĐLX"}},{"type":"Feature","geometry":{"type":"Point","coordinates":[106.21354,10.0505]},"properties":{"Tên cầu":"Cầu Tám Dùng ấp 7 - ĐLX","Tên đường":"ĐHĐLA","Lý trình":"1 + 450","Địa chỉ":"Vũng Liêm - Vĩnh Long","Đối tượng vượt":"Rạch(kênh,mương)","Dạng kết cấu chính":"Dầm, mạng dầm","Sơ đồ nhịp":"Nhá»p giáº£n ÄÆ¡n","Khổ xe chạy":"2.0","Bề rộng cầu":"2.2","Tải trọng thiết kế":"3","Tĩnh không thông thuyền (chiều đứng)":"","Tĩnh không thông thuyền (chiều ngang)":"","Giá trị xây dựng cầu":"","Năm khởi công":"","Năm hoàn thành":"","Đơn vị quản lý":"Phòng Kinh tế & Hạ tầng H.Vũng Liêm","Tình trạng cầu":"Tốt","layer_id":158,"fid":239,"label":"Cầu Tám Dùng ấp 7 - ĐLX"}},{"type":"Feature","geometry":{"type":"Point","coordinates":[0.0,0.0]},"properties":{"Tên cầu":"Cầu Cò - ĐLA","Tên đường":"ĐHĐLA","Lý trình":"1 + 850","Địa chỉ":"Vũng Liêm - Vĩnh Long","Đối tượng vượt":"Rạch(kênh,mương)","Dạng kết cấu chính":"Dầm, mạng dầm","Sơ đồ nhịp":"","Khổ xe chạy":"0","Bề rộng cầu":"0","Tải trọng thiết kế":"","Tĩnh không thông thuyền (chiều đứng)":"","Tĩnh không thông thuyền (chiều ngang)":"","Giá trị xây dựng cầu":"","Năm khởi công":"","Năm hoàn thành":"","Đơn vị quản lý":"Phòng Kinh tế & Hạ tầng H.Vũng Liêm","Tình trạng cầu":"","layer_id":158,"fid":240,"label":"Cầu Cò - ĐLA"}},{"type":"Feature","geometry":{"type":"Point","coordinates":[106.24312,10.09858]},"properties":{"Tên cầu":"Cầu Cò - ĐLA","Tên đường":"ĐHĐLA","Lý trình":"1 + 850","Địa chỉ":"Vũng Liêm - Vĩnh Long","Đối tượng vượt":"Rạch(kênh,mương)","Dạng kết cấu chính":"Dầm, mạng dầm","Sơ đồ nhịp":"Nhá»p giáº£n ÄÆ¡n","Khổ xe chạy":"3.5","Bề rộng cầu":"3.7","Tải trọng thiết kế":"5","Tĩnh không thông thuyền (chiều đứng)":"","Tĩnh không thông thuyền (chiều ngang)":"","Giá trị xây dựng cầu":"","Năm khởi công":"","Năm hoàn thành":"","Đơn vị quản lý":"Phòng Kinh tế & Hạ tầng H.Vũng Liêm","Tình trạng cầu":"Tốt","layer_id":158,"fid":241,"label":"Cầu Cò - ĐLA"}},{"type":"Feature","geometry":{"type":"Point","coordinates":[106.18714,10.080254]},"properties":{"Tên cầu":"Cầu Trung Xuân - ĐLX","Tên đường":"ĐHĐLA","Lý trình":"1 + 980","Địa chỉ":"Vũng Liêm - Vĩnh Long","Đối tượng vượt":"Rạch(kênh,mương)","Dạng kết cấu chính":"Dầm, mạng dầm","Sơ đồ nhịp":"Nhá»p giáº£n ÄÆ¡n","Khổ xe chạy":"2.0","Bề rộng cầu":"2.2","Tải trọng thiết kế":"3","Tĩnh không thông thuyền (chiều đứng)":"","Tĩnh không thông thuyền (chiều ngang)":"","Giá trị xây dựng cầu":"","Năm khởi công":"","Năm hoàn thành":"","Đơn vị quản lý":"Phòng Kinh tế & Hạ tầng H.Vũng Liêm","Tình trạng cầu":"","layer_id":158,"fid":242,"label":"Cầu Trung Xuân - ĐLX"}},{"type":"Feature","geometry":{"type":"Point","coordinates":[106.221794,10.135316]},"properties":{"Tên cầu":"Cầu Tân Bình - ĐLA","Tên đường":"ĐHĐLA","Lý trình":"2 + 0","Địa chỉ":"Vũng Liêm - Vĩnh Long","Đối tượng vượt":"Rạch(kênh,mương)","Dạng kết cấu chính":"Dầm, mạng dầm","Sơ đồ nhịp":"Nhá»p giáº£n ÄÆ¡n","Khổ xe chạy":"3.5","Bề rộng cầu":"3.5","Tải trọng thiết kế":"5","Tĩnh không thông thuyền (chiều đứng)":"","Tĩnh không thông thuyền (chiều ngang)":"","Giá trị xây dựng cầu":"","Năm khởi công":"2017","Năm hoàn thành":"","Đơn vị quản lý":"Phòng Kinh tế & Hạ tầng H.Vũng Liêm","Tình trạng cầu":"Tốt","layer_id":158,"fid":243,"label":"Cầu Tân Bình - ĐLA"}},{"type":"Feature","geometry":{"type":"Point","coordinates":[106.11226,9.982383]},"properties":{"Tên cầu":"Cầu Kênh Tỉnh - ĐLA","Tên đường":"ĐHĐLA","Lý trình":"2 + 262","Địa chỉ":"Vũng Liêm - Vĩnh Long","Đối tượng vượt":"Rạch(kênh,mương)","Dạng kết cấu chính":"Dầm, mạng dầm","Sơ đồ nhịp":"Nhá»p giáº£n ÄÆ¡n","Khổ xe chạy":"3.5","Bề rộng cầu":"3.5","Tải trọng thiết kế":"3.5","Tĩnh không thông thuyền (chiều đứng)":"","Tĩnh không thông thuyền (chiều ngang)":"","Giá trị xây dựng cầu":"","Năm khởi công":"1996","Năm hoàn thành":"","Đơn vị quản lý":"Phòng Kinh tế & Hạ tầng H.Vũng Liêm","Tình trạng cầu":"","layer_id":158,"fid":244,"label":"Cầu Kênh Tỉnh - ĐLA"}},{"type":"Feature","geometry":{"type":"Point","coordinates":[106.189705,10.09671]},"properties":{"Tên cầu":"Cầu Phong Thới","Tên đường":"ĐHĐNÔ","Lý trình":"","Địa chỉ":"Vũng Liêm - Vĩnh Long","Đối tượng vượt":"Sông","Dạng kết cấu chính":"Dầm, mạng dầm","Sơ đồ nhịp":"Nhá»p giáº£n ÄÆ¡n","Khổ xe chạy":"5.0","Bề rộng cầu":"7.0","Tải trọng thiết kế":"15","Tĩnh không thông thuyền (chiều đứng)":"","Tĩnh không thông thuyền (chiều ngang)":"","Giá trị xây dựng cầu":"","Năm khởi công":"2017","Năm hoàn thành":"","Đơn vị quản lý":"Phòng Kinh tế & Hạ tầng H.Vũng Liêm","Tình trạng cầu":"Tốt","layer_id":158,"fid":246,"label":"Cầu Phong Thới"}},{"type":"Feature","geometry":{"type":"Point","coordinates":[106.1862,10.090003]},"properties":{"Tên cầu":"Cầu Rạch trúc 2","Tên đường":"ĐHĐNÔ","Lý trình":"","Địa chỉ":"Vũng Liêm - Vĩnh Long","Đối tượng vượt":"Rạch(kênh,mương)","Dạng kết cấu chính":"Dầm, mạng dầm","Sơ đồ nhịp":"Nhá»p ÄÆ¡n giáº£n","Khổ xe chạy":"5.0","Bề rộng cầu":"7.0","Tải trọng thiết kế":"5","Tĩnh không thông thuyền (chiều đứng)":"","Tĩnh không thông thuyền (chiều ngang)":"","Giá trị xây dựng cầu":"","Năm khởi công":"","Năm hoàn thành":"","Đơn vị quản lý":"Phòng Kinh tế & Hạ tầng H.Vũng Liêm","Tình trạng cầu":"Trung bình","layer_id":158,"fid":247,"label":"Cầu Rạch trúc 2"}},{"type":"Feature","geometry":{"type":"Point","coordinates":[106.18402,10.095957]},"properties":{"Tên cầu":"Cầu Công Xi","Tên đường":"ĐHĐNÔ","Lý trình":"","Địa chỉ":"Vũng Liêm - Vĩnh Long","Đối tượng vượt":"Sông","Dạng kết cấu chính":"Dầm, mạng dầm","Sơ đồ nhịp":"Nhá»p ÄÆ¡n giáº£n","Khổ xe chạy":"4.0","Bề rộng cầu":"6.0","Tải trọng thiết kế":"5","Tĩnh không thông thuyền (chiều đứng)":"","Tĩnh không thông thuyền (chiều ngang)":"","Giá trị xây dựng cầu":"","Năm khởi công":"","Năm hoàn thành":"","Đơn vị quản lý":"Phòng Kinh tế & Hạ tầng H.Vũng Liêm","Tình trạng cầu":"Yếu","layer_id":158,"fid":248,"label":"Cầu Công Xi"}},{"type":"Feature","geometry":{"type":"Point","coordinates":[106.185005,10.097931]},"properties":{"Tên cầu":"Cầu Chợ Vũng Liêm","Tên đường":"ĐHĐNÔ","Lý trình":"","Địa chỉ":"Vũng Liêm - Vĩnh Long","Đối tượng vượt":"Sông","Dạng kết cấu chính":"Dầm, mạng dầm","Sơ đồ nhịp":"","Khổ xe chạy":"5.2","Bề rộng cầu":"7.2","Tải trọng thiết kế":"15","Tĩnh không thông thuyền (chiều đứng)":"","Tĩnh không thông thuyền (chiều ngang)":"","Giá trị xây dựng cầu":"","Năm khởi công":"","Năm hoàn thành":"2017","Đơn vị quản lý":"Phòng Kinh tế & Hạ tầng H.Vũng Liêm","Tình trạng cầu":"Tốt","layer_id":158,"fid":249,"label":"Cầu Chợ Vũng Liêm"}},{"type":"Feature","geometry":{"type":"Point","coordinates":[106.18513,10.098054]},"properties":{"Tên cầu":"Cầu Vũng Liêm","Tên đường":"ĐHĐNÔ","Lý trình":"","Địa chỉ":"Vũng Liêm - Vĩnh Long","Đối tượng vượt":"Sông","Dạng kết cấu chính":"Dầm, mạng dầm","Sơ đồ nhịp":"Nhá»p giáº£n ÄÆ¡n","Khổ xe chạy":"7.0","Bề rộng cầu":"9.0","Tải trọng thiết kế":"13","Tĩnh không thông thuyền (chiều đứng)":"","Tĩnh không thông thuyền (chiều ngang)":"","Giá trị xây dựng cầu":"","Năm khởi công":"","Năm hoàn thành":"","Đơn vị quản lý":"Phòng Kinh tế & Hạ tầng H.Vũng Liêm","Tình trạng cầu":"Tốt","layer_id":158,"fid":250,"label":"Cầu Vũng Liêm"}},{"type":"Feature","geometry":{"type":"Point","coordinates":[106.18515,10.092724]},"properties":{"Tên cầu":"Cầu Rạch Trúc 4","Tên đường":"ĐHĐNÔ","Lý trình":"0 + 300","Địa chỉ":"Vũng Liêm - Vĩnh Long","Đối tượng vượt":"Sông","Dạng kết cấu chính":"Dầm, mạng dầm","Sơ đồ nhịp":"Nhá»p giáº£n ÄÆ¡n","Khổ xe chạy":"7.0","Bề rộng cầu":"9.0","Tải trọng thiết kế":"5","Tĩnh không thông thuyền (chiều đứng)":"","Tĩnh không thông thuyền (chiều ngang)":"","Giá trị xây dựng cầu":"","Năm khởi công":"1994","Năm hoàn thành":"","Đơn vị quản lý":"Phòng Kinh tế & Hạ tầng H.Vũng Liêm","Tình trạng cầu":"Trung bình","layer_id":158,"fid":252,"label":"Cầu Rạch Trúc 4"}},{"type":"Feature","geometry":{"type":"Point","coordinates":[105.852295,21.027822]},"properties":{"Tên cầu":"Xẻo Bứa","Tên đường":"Đường Phú Lộc - Bầu Gốc","Lý trình":"1 + 802","Địa chỉ":"Tam Bình - Vĩnh Long","Đối tượng vượt":"Rạch(kênh,mương)","Dạng kết cấu chính":"Dầm, mạng dầm","Sơ đồ nhịp":"19+19+19","Khổ xe chạy":"4.0","Bề rộng cầu":"5.5","Tải trọng thiết kế":"10","Tĩnh không thông thuyền (chiều đứng)":"2.8","Tĩnh không thông thuyền (chiều ngang)":"19.0","Giá trị xây dựng cầu":"","Năm khởi công":"2010","Năm hoàn thành":"2010","Đơn vị quản lý":"Phòng Kinh tế & Hạ tầng H.Tam Bình","Tình trạng cầu":"Trung bình","layer_id":158,"fid":253,"label":"Xẻo Bứa"}},{"type":"Feature","geometry":{"type":"Point","coordinates":[105.852295,21.027822]},"properties":{"Tên cầu":"Tư Sở","Tên đường":"Đường Phú Lộc - Bầu Gốc","Lý trình":"2 + 93","Địa chỉ":"Tam Bình - Vĩnh Long","Đối tượng vượt":"Rạch(kênh,mương)","Dạng kết cấu chính":"Dầm, mạng dầm","Sơ đồ nhịp":"19+19+19","Khổ xe chạy":"4.0","Bề rộng cầu":"5.5","Tải trọng thiết kế":"10","Tĩnh không thông thuyền (chiều đứng)":"2.8","Tĩnh không thông thuyền (chiều ngang)":"19.0","Giá trị xây dựng cầu":"","Năm khởi công":"2010","Năm hoàn thành":"2010","Đơn vị quản lý":"Phòng Kinh tế & Hạ tầng H.Tam Bình","Tình trạng cầu":"","layer_id":158,"fid":254,"label":"Tư Sở"}},{"type":"Feature","geometry":{"type":"Point","coordinates":[105.852295,21.027822]},"properties":{"Tên cầu":"Lung Đồng","Tên đường":"Đường Phú Lộc - Bầu Gốc","Lý trình":"3 + 300","Địa chỉ":"Tam Bình - Vĩnh Long","Đối tượng vượt":"Rạch(kênh,mương)","Dạng kết cấu chính":"Dầm, mạng dầm","Sơ đồ nhịp":"7.5 + 15 + 7.5","Khổ xe chạy":"4.0","Bề rộng cầu":"4.4","Tải trọng thiết kế":"8","Tĩnh không thông thuyền (chiều đứng)":"2.8","Tĩnh không thông thuyền (chiều ngang)":"15.0","Giá trị xây dựng cầu":"","Năm khởi công":"","Năm hoàn thành":"","Đơn vị quản lý":"Phòng Kinh tế & Hạ tầng H.Tam Bình","Tình trạng cầu":"","layer_id":158,"fid":255,"label":"Lung Đồng"}},{"type":"Feature","geometry":{"type":"Point","coordinates":[105.852295,21.027822]},"properties":{"Tên cầu":"Thủ Cù","Tên đường":"Đường Cái Ngang","Lý trình":"2 + 300","Địa chỉ":"Tam Bình - Vĩnh Long","Đối tượng vượt":"Rạch(kênh,mương)","Dạng kết cấu chính":"Dầm, mạng dầm","Sơ đồ nhịp":"15+24+15","Khổ xe chạy":"8.4","Bề rộng cầu":"9.0","Tải trọng thiết kế":"30","Tĩnh không thông thuyền (chiều đứng)":"3.5","Tĩnh không thông thuyền (chiều ngang)":"24.0","Giá trị xây dựng cầu":"","Năm khởi công":"2011","Năm hoàn thành":"2011","Đơn vị quản lý":"Phòng Kinh tế & Hạ tầng H.Tam Bình","Tình trạng cầu":"","layer_id":158,"fid":256,"label":"Thủ Cù"}},{"type":"Feature","geometry":{"type":"Point","coordinates":[105.852295,21.027822]},"properties":{"Tên cầu":"Long Cong","Tên đường":"Đường Cái Ngang","Lý trình":"8 + 500","Địa chỉ":"Tam Bình - Vĩnh Long","Đối tượng vượt":"Rạch(kênh,mương)","Dạng kết cấu chính":"Dầm, mạng dầm","Sơ đồ nhịp":"15+24+15","Khổ xe chạy":"8.4","Bề rộng cầu":"9.0","Tải trọng thiết kế":"30","Tĩnh không thông thuyền (chiều đứng)":"3.5","Tĩnh không thông thuyền (chiều ngang)":"24.0","Giá trị xây dựng cầu":"","Năm khởi công":"2011","Năm hoàn thành":"2011","Đơn vị quản lý":"Phòng Kinh tế & Hạ tầng H.Tam Bình","Tình trạng cầu":"","layer_id":158,"fid":257,"label":"Long Cong"}},{"type":"Feature","geometry":{"type":"Point","coordinates":[105.964775,10.11375]},"properties":{"Tên cầu":"Cái Ngang","Tên đường":"Đường Cái Ngang","Lý trình":"9 + 50","Địa chỉ":"Tam Bình - Vĩnh Long","Đối tượng vượt":"Sông","Dạng kết cấu chính":"Dạng khác","Sơ đồ nhịp":"","Khổ xe chạy":"4.0","Bề rộng cầu":"4.6","Tải trọng thiết kế":"5","Tĩnh không thông thuyền (chiều đứng)":"3.0","Tĩnh không thông thuyền (chiều ngang)":"11.6","Giá trị xây dựng cầu":"","Năm khởi công":"","Năm hoàn thành":"","Đơn vị quản lý":"Phòng Kinh tế & Hạ tầng H.Tam Bình","Tình trạng cầu":"","layer_id":158,"fid":258,"label":"Cái Ngang"}},{"type":"Feature","geometry":{"type":"Point","coordinates":[0.0,0.0]},"properties":{"Tên cầu":"Bản Đồng","Tên đường":"Đường Cái Ngang","Lý trình":"12 + 50","Địa chỉ":"Tam Bình - Vĩnh Long","Đối tượng vượt":"Rạch(kênh,mương)","Dạng kết cấu chính":"Dầm, mạng dầm","Sơ đồ nhịp":"","Khổ xe chạy":"5.0","Bề rộng cầu":"5.3","Tải trọng thiết kế":"8","Tĩnh không thông thuyền (chiều đứng)":"2.8","Tĩnh không thông thuyền (chiều ngang)":"","Giá trị xây dựng cầu":"","Năm khởi công":"","Năm hoàn thành":"","Đơn vị quản lý":"Phòng Kinh tế & Hạ tầng H.Tam Bình","Tình trạng cầu":"","layer_id":158,"fid":259,"label":"Bản Đồng"}},{"type":"Feature","geometry":{"type":"Point","coordinates":[0.0,0.0]},"properties":{"Tên cầu":"Ông Kế","Tên đường":"Đường Phú Thịnh","Lý trình":"3 + 777","Địa chỉ":"Tam Bình - Vĩnh Long","Đối tượng vượt":"Rạch(kênh,mương)","Dạng kết cấu chính":"Dầm, mạng dầm","Sơ đồ nhịp":"9+15+9","Khổ xe chạy":"5.2","Bề rộng cầu":"6.5","Tải trọng thiết kế":"H.10","Tĩnh không thông thuyền (chiều đứng)":"1.5","Tĩnh không thông thuyền (chiều ngang)":"15.0","Giá trị xây dựng cầu":"","Năm khởi công":"2014","Năm hoàn thành":"2014","Đơn vị quản lý":"Phòng Kinh tế & Hạ tầng H.Tam Bình","Tình trạng cầu":"","layer_id":158,"fid":260,"label":"Ông Kế"}},{"type":"Feature","geometry":{"type":"Point","coordinates":[0.0,0.0]},"properties":{"Tên cầu":"Ông Nam","Tên đường":"Đường Hòa Thạnh","Lý trình":"1 + 200","Địa chỉ":"Tam Bình - Vĩnh Long","Đối tượng vượt":"Rạch(kênh,mương)","Dạng kết cấu chính":"Dầm, mạng dầm","Sơ đồ nhịp":"","Khổ xe chạy":"4.0","Bề rộng cầu":"4.4","Tải trọng thiết kế":"5","Tĩnh không thông thuyền (chiều đứng)":"","Tĩnh không thông thuyền (chiều ngang)":"","Giá trị xây dựng cầu":"","Năm khởi công":"","Năm hoàn thành":"","Đơn vị quản lý":"Phòng Kinh tế & Hạ tầng H.Tam Bình","Tình trạng cầu":"Yếu","layer_id":158,"fid":261,"label":"Ông Nam"}},{"type":"Feature","geometry":{"type":"Point","coordinates":[0.0,0.0]},"properties":{"Tên cầu":"Cai Hóa","Tên đường":"Đường Hậu Lộc - Hòa Lộc","Lý trình":"2 + 540","Địa chỉ":"Tam Bình - Vĩnh Long","Đối tượng vượt":"Rạch(kênh,mương)","Dạng kết cấu chính":"Dầm, mạng dầm","Sơ đồ nhịp":"12+15+18+15+12","Khổ xe chạy":"5.2","Bề rộng cầu":"6.5","Tải trọng thiết kế":"8","Tĩnh không thông thuyền (chiều đứng)":"2.8","Tĩnh không thông thuyền (chiều ngang)":"18.0","Giá trị xây dựng cầu":"","Năm khởi công":"2012","Năm hoàn thành":"2012","Đơn vị quản lý":"Phòng Kinh tế & Hạ tầng H.Tam Bình","Tình trạng cầu":"","layer_id":158,"fid":263,"label":"Cai Hóa"}},{"type":"Feature","geometry":{"type":"Point","coordinates":[0.0,0.0]},"properties":{"Tên cầu":"Danh Tấm","Tên đường":"Đường Hậu Lộc - Hòa Lộc","Lý trình":"3 + 600","Địa chỉ":"Tam Bình - Vĩnh Long","Đối tượng vượt":"Rạch(kênh,mương)","Dạng kết cấu chính":"Dầm, mạng dầm","Sơ đồ nhịp":"15+18+18+15","Khổ xe chạy":"5.2","Bề rộng cầu":"6.5","Tải trọng thiết kế":"8","Tĩnh không thông thuyền (chiều đứng)":"2.8","Tĩnh không thông thuyền (chiều ngang)":"18.0","Giá trị xây dựng cầu":"","Năm khởi công":"2012","Năm hoàn thành":"2012","Đơn vị quản lý":"Phòng Kinh tế & Hạ tầng H.Tam Bình","Tình trạng cầu":"Trung bình","layer_id":158,"fid":264,"label":"Danh Tấm"}},{"type":"Feature","geometry":{"type":"Point","coordinates":[0.0,0.0]},"properties":{"Tên cầu":"Rạch Gỗ","Tên đường":"Đường Hậu Lộc - Hòa Lộc","Lý trình":"4 + 600","Địa chỉ":"Tam Bình - Vĩnh Long","Đối tượng vượt":"Rạch(kênh,mương)","Dạng kết cấu chính":"Dầm, mạng dầm","Sơ đồ nhịp":"12+12+12","Khổ xe chạy":"4.0","Bề rộng cầu":"4.4","Tải trọng thiết kế":"5","Tĩnh không thông thuyền (chiều đứng)":"2.0","Tĩnh không thông thuyền (chiều ngang)":"12.0","Giá trị xây dựng cầu":"","Năm khởi công":"2001","Năm hoàn thành":"2001","Đơn vị quản lý":"Phòng Kinh tế & Hạ tầng H.Tam Bình","Tình trạng cầu":"Yếu","layer_id":158,"fid":265,"label":"Rạch Gỗ"}},{"type":"Feature","geometry":{"type":"Point","coordinates":[0.0,0.0]},"properties":{"Tên cầu":"Cái Cui","Tên đường":"Đường Hòa Hiệp","Lý trình":"0 + 500","Địa chỉ":"Tam Bình - Vĩnh Long","Đối tượng vượt":"Rạch(kênh,mương)","Dạng kết cấu chính":"Dầm, mạng dầm","Sơ đồ nhịp":"","Khổ xe chạy":"0","Bề rộng cầu":"0","Tải trọng thiết kế":"","Tĩnh không thông thuyền (chiều đứng)":"","Tĩnh không thông thuyền (chiều ngang)":"","Giá trị xây dựng cầu":"","Năm khởi công":"","Năm hoàn thành":"","Đơn vị quản lý":"Phòng Kinh tế & Hạ tầng H.Tam Bình","Tình trạng cầu":"","layer_id":158,"fid":266,"label":"Cái Cui"}},{"type":"Feature","geometry":{"type":"Point","coordinates":[0.0,0.0]},"properties":{"Tên cầu":"Kỳ Son","Tên đường":"Đường D9T - Loan Mỹ","Lý trình":"2 + 900","Địa chỉ":"Tam Bình - Vĩnh Long","Đối tượng vượt":"Rạch(kênh,mương)","Dạng kết cấu chính":"Dầm, mạng dầm","Sơ đồ nhịp":"","Khổ xe chạy":"0","Bề rộng cầu":"0","Tải trọng thiết kế":"","Tĩnh không thông thuyền (chiều đứng)":"","Tĩnh không thông thuyền (chiều ngang)":"","Giá trị xây dựng cầu":"","Năm khởi công":"","Năm hoàn thành":"","Đơn vị quản lý":"Phòng Kinh tế & Hạ tầng H.Tam Bình","Tình trạng cầu":"","layer_id":158,"fid":267,"label":"Kỳ Son"}},{"type":"Feature","geometry":{"type":"Point","coordinates":[0.0,0.0]},"properties":{"Tên cầu":"Cầu Chợ Loan Mỹ","Tên đường":"Đường D9T - Loan Mỹ","Lý trình":"3 + 0","Địa chỉ":"Tam Bình - Vĩnh Long","Đối tượng vượt":"Rạch(kênh,mương)","Dạng kết cấu chính":"Dầm, mạng dầm","Sơ đồ nhịp":"","Khổ xe chạy":"0","Bề rộng cầu":"0","Tải trọng thiết kế":"","Tĩnh không thông thuyền (chiều đứng)":"","Tĩnh không thông thuyền (chiều ngang)":"","Giá trị xây dựng cầu":"","Năm khởi công":"2017","Năm hoàn thành":"","Đơn vị quản lý":"Phòng Kinh tế & Hạ tầng H.Tam Bình","Tình trạng cầu":"","layer_id":158,"fid":268,"label":"Cầu Chợ Loan Mỹ"}},{"type":"Feature","geometry":{"type":"Point","coordinates":[0.0,0.0]},"properties":{"Tên cầu":"An Hoaâ","Tên đường":"Đường An Thạnh - An Hòa","Lý trình":"0 + 200","Địa chỉ":"Tam Bình - Vĩnh Long","Đối tượng vượt":"Đường bộ","Dạng kết cấu chính":"Dầm, mạng dầm","Sơ đồ nhịp":"","Khổ xe chạy":"4.0","Bề rộng cầu":"0","Tải trọng thiết kế":"5","Tĩnh không thông thuyền (chiều đứng)":"","Tĩnh không thông thuyền (chiều ngang)":"","Giá trị xây dựng cầu":"","Năm khởi công":"","Năm hoàn thành":"","Đơn vị quản lý":"Phòng Kinh tế & Hạ tầng H.Tam Bình","Tình trạng cầu":"","layer_id":158,"fid":269,"label":"An Hoaâ"}},{"type":"Feature","geometry":{"type":"Point","coordinates":[0.0,0.0]},"properties":{"Tên cầu":"Kênh Xáng","Tên đường":"Đường 26/3","Lý trình":"0 + 20","Địa chỉ":"Tam Bình - Vĩnh Long","Đối tượng vượt":"Rạch(kênh,mương)","Dạng kết cấu chính":"Dầm, mạng dầm","Sơ đồ nhịp":"","Khổ xe chạy":"0","Bề rộng cầu":"0","Tải trọng thiết kế":"","Tĩnh không thông thuyền (chiều đứng)":"","Tĩnh không thông thuyền (chiều ngang)":"","Giá trị xây dựng cầu":"","Năm khởi công":"","Năm hoàn thành":"","Đơn vị quản lý":"Phòng Kinh tế & Hạ tầng H.Tam Bình","Tình trạng cầu":"","layer_id":158,"fid":270,"label":"Kênh Xáng"}},{"type":"Feature","geometry":{"type":"Point","coordinates":[0.0,0.0]},"properties":{"Tên cầu":"Bình Phú","Tên đường":"Đường 26/3","Lý trình":"4 + 100","Địa chỉ":"Tam Bình - Vĩnh Long","Đối tượng vượt":"Rạch(kênh,mương)","Dạng kết cấu chính":"Dầm, mạng dầm","Sơ đồ nhịp":"","Khổ xe chạy":"0","Bề rộng cầu":"0","Tải trọng thiết kế":"","Tĩnh không thông thuyền (chiều đứng)":"","Tĩnh không thông thuyền (chiều ngang)":"","Giá trị xây dựng cầu":"","Năm khởi công":"","Năm hoàn thành":"","Đơn vị quản lý":"Phòng Kinh tế & Hạ tầng H.Tam Bình","Tình trạng cầu":"","layer_id":158,"fid":271,"label":"Bình Phú"}},{"type":"Feature","geometry":{"type":"Point","coordinates":[0.0,0.0]},"properties":{"Tên cầu":"An Hòa","Tên đường":"Đường 26/3","Lý trình":"7 + 200","Địa chỉ":"Tam Bình - Vĩnh Long","Đối tượng vượt":"Rạch(kênh,mương)","Dạng kết cấu chính":"Dầm, mạng dầm","Sơ đồ nhịp":"","Khổ xe chạy":"0","Bề rộng cầu":"0","Tải trọng thiết kế":"","Tĩnh không thông thuyền (chiều đứng)":"","Tĩnh không thông thuyền (chiều ngang)":"","Giá trị xây dựng cầu":"","Năm khởi công":"","Năm hoàn thành":"","Đơn vị quản lý":"Phòng Kinh tế & Hạ tầng H.Tam Bình","Tình trạng cầu":"","layer_id":158,"fid":272,"label":"An Hòa"}},{"type":"Feature","geometry":{"type":"Point","coordinates":[0.0,0.0]},"properties":{"Tên cầu":"Cầu Nông Trường","Tên đường":"Đường Mỹ Thạnh Trung","Lý trình":"","Địa chỉ":"Tam Bình - Vĩnh Long","Đối tượng vượt":"Rạch(kênh,mương)","Dạng kết cấu chính":"Dầm, mạng dầm","Sơ đồ nhịp":"","Khổ xe chạy":"0","Bề rộng cầu":"0","Tải trọng thiết kế":"","Tĩnh không thông thuyền (chiều đứng)":"","Tĩnh không thông thuyền (chiều ngang)":"","Giá trị xây dựng cầu":"","Năm khởi công":"","Năm hoàn thành":"","Đơn vị quản lý":"Phòng Kinh tế & Hạ tầng H.Tam Bình","Tình trạng cầu":"","layer_id":158,"fid":273,"label":"Cầu Nông Trường"}},{"type":"Feature","geometry":{"type":"Point","coordinates":[0.0,0.0]},"properties":{"Tên cầu":"Mỹ Thành","Tên đường":"Đường Mỹ Thạnh Trung","Lý trình":"0 + 200","Địa chỉ":"Tam Bình - Vĩnh Long","Đối tượng vượt":"Rạch(kênh,mương)","Dạng kết cấu chính":"Dầm, mạng dầm","Sơ đồ nhịp":"","Khổ xe chạy":"0","Bề rộng cầu":"0","Tải trọng thiết kế":"","Tĩnh không thông thuyền (chiều đứng)":"","Tĩnh không thông thuyền (chiều ngang)":"","Giá trị xây dựng cầu":"","Năm khởi công":"","Năm hoàn thành":"","Đơn vị quản lý":"Phòng Kinh tế & Hạ tầng H.Tam Bình","Tình trạng cầu":"","layer_id":158,"fid":274,"label":"Mỹ Thành"}},{"type":"Feature","geometry":{"type":"Point","coordinates":[0.0,0.0]},"properties":{"Tên cầu":"Kênh Xáng","Tên đường":"Đường ĐT 905 - Loan Mỹ","Lý trình":"0 + 20","Địa chỉ":"Tam Bình - Vĩnh Long","Đối tượng vượt":"Rạch(kênh,mương)","Dạng kết cấu chính":"Dầm, mạng dầm","Sơ đồ nhịp":"","Khổ xe chạy":"0","Bề rộng cầu":"0","Tải trọng thiết kế":"","Tĩnh không thông thuyền (chiều đứng)":"","Tĩnh không thông thuyền (chiều ngang)":"","Giá trị xây dựng cầu":"","Năm khởi công":"","Năm hoàn thành":"","Đơn vị quản lý":"Phòng Kinh tế & Hạ tầng H.Tam Bình","Tình trạng cầu":"","layer_id":158,"fid":275,"label":"Kênh Xáng"}},{"type":"Feature","geometry":{"type":"Point","coordinates":[105.8052,10.065937]},"properties":{"Tên cầu":"Cầu Dầu","Tên đường":"","Lý trình":"","Địa chỉ":"Bình Minh - Vĩnh Long","Đối tượng vượt":"Sông","Dạng kết cấu chính":"Dầm, mạng dầm","Sơ đồ nhịp":"","Khổ xe chạy":"9.5","Bề rộng cầu":"10.5","Tải trọng thiết kế":"30","Tĩnh không thông thuyền (chiều đứng)":"","Tĩnh không thông thuyền (chiều ngang)":"","Giá trị xây dựng cầu":"","Năm khởi công":"","Năm hoàn thành":"","Đơn vị quản lý":"Phòng QLĐT TX.Bình Minh","Tình trạng cầu":"","layer_id":158,"fid":307,"label":"Cầu Dầu"}},{"type":"Feature","geometry":{"type":"Point","coordinates":[0.0,0.0]},"properties":{"Tên cầu":"Cầu 3/2","Tên đường":"Đường Tường Lộc - Hòa Hiệp","Lý trình":"0 + 10","Địa chỉ":"Tam Bình - Vĩnh Long","Đối tượng vượt":"Rạch(kênh,mương)","Dạng kết cấu chính":"Dầm, mạng dầm","Sơ đồ nhịp":"","Khổ xe chạy":"0","Bề rộng cầu":"0","Tải trọng thiết kế":"","Tĩnh không thông thuyền (chiều đứng)":"","Tĩnh không thông thuyền (chiều ngang)":"","Giá trị xây dựng cầu":"","Năm khởi công":"","Năm hoàn thành":"","Đơn vị quản lý":"Phòng Kinh tế & Hạ tầng H.Tam Bình","Tình trạng cầu":"","layer_id":158,"fid":276,"label":"Cầu 3/2"}},{"type":"Feature","geometry":{"type":"Point","coordinates":[0.0,0.0]},"properties":{"Tên cầu":"Rạch Sấu","Tên đường":"Đường Tường Lộc - Hòa Hiệp","Lý trình":"1 + 500","Địa chỉ":"Tam Bình - Vĩnh Long","Đối tượng vượt":"Rạch(kênh,mương)","Dạng kết cấu chính":"Dầm, mạng dầm","Sơ đồ nhịp":"","Khổ xe chạy":"0","Bề rộng cầu":"0","Tải trọng thiết kế":"","Tĩnh không thông thuyền (chiều đứng)":"","Tĩnh không thông thuyền (chiều ngang)":"","Giá trị xây dựng cầu":"","Năm khởi công":"","Năm hoàn thành":"","Đơn vị quản lý":"Phòng Kinh tế & Hạ tầng H.Tam Bình","Tình trạng cầu":"","layer_id":158,"fid":277,"label":"Rạch Sấu"}},{"type":"Feature","geometry":{"type":"Point","coordinates":[0.0,0.0]},"properties":{"Tên cầu":"Cần Súc","Tên đường":"ĐH.48B","Lý trình":"0 + 900","Địa chỉ":"Tam Bình - Vĩnh Long","Đối tượng vượt":"Rạch(kênh,mương)","Dạng kết cấu chính":"Dầm, mạng dầm","Sơ đồ nhịp":"","Khổ xe chạy":"0","Bề rộng cầu":"0","Tải trọng thiết kế":"","Tĩnh không thông thuyền (chiều đứng)":"","Tĩnh không thông thuyền (chiều ngang)":"","Giá trị xây dựng cầu":"","Năm khởi công":"","Năm hoàn thành":"","Đơn vị quản lý":"Phòng Kinh tế & Hạ tầng H.Tam Bình","Tình trạng cầu":"","layer_id":158,"fid":282,"label":"Cần Súc"}},{"type":"Feature","geometry":{"type":"Point","coordinates":[0.0,0.0]},"properties":{"Tên cầu":"Tổng Hưng","Tên đường":"ĐH.48B","Lý trình":"4 + 200","Địa chỉ":"Tam Bình - Vĩnh Long","Đối tượng vượt":"Rạch(kênh,mương)","Dạng kết cấu chính":"Dầm, mạng dầm","Sơ đồ nhịp":"","Khổ xe chạy":"0","Bề rộng cầu":"0","Tải trọng thiết kế":"","Tĩnh không thông thuyền (chiều đứng)":"","Tĩnh không thông thuyền (chiều ngang)":"","Giá trị xây dựng cầu":"","Năm khởi công":"","Năm hoàn thành":"","Đơn vị quản lý":"Phòng Kinh tế & Hạ tầng H.Tam Bình","Tình trạng cầu":"","layer_id":158,"fid":283,"label":"Tổng Hưng"}},{"type":"Feature","geometry":{"type":"Point","coordinates":[0.0,0.0]},"properties":{"Tên cầu":"Giáp Nước","Tên đường":"ĐH.49","Lý trình":"0 + 150","Địa chỉ":"Tam Bình - Vĩnh Long","Đối tượng vượt":"Rạch(kênh,mương)","Dạng kết cấu chính":"Dầm, mạng dầm","Sơ đồ nhịp":"15+15+27+15+15","Khổ xe chạy":"0","Bề rộng cầu":"0","Tải trọng thiết kế":"8","Tĩnh không thông thuyền (chiều đứng)":"","Tĩnh không thông thuyền (chiều ngang)":"","Giá trị xây dựng cầu":"","Năm khởi công":"","Năm hoàn thành":"","Đơn vị quản lý":"Phòng Kinh tế & Hạ tầng H.Tam Bình","Tình trạng cầu":"Trung bình","layer_id":158,"fid":284,"label":"Giáp Nước"}},{"type":"Feature","geometry":{"type":"Point","coordinates":[0.0,0.0]},"properties":{"Tên cầu":"Còng Cọc","Tên đường":"ĐH.49","Lý trình":"2 + 200","Địa chỉ":"Tam Bình - Vĩnh Long","Đối tượng vượt":"Rạch(kênh,mương)","Dạng kết cấu chính":"Dầm, mạng dầm","Sơ đồ nhịp":"12+12+12","Khổ xe chạy":"4.0","Bề rộng cầu":"4.4","Tải trọng thiết kế":"5","Tĩnh không thông thuyền (chiều đứng)":"2.8","Tĩnh không thông thuyền (chiều ngang)":"12.0","Giá trị xây dựng cầu":"","Năm khởi công":"2000","Năm hoàn thành":"2000","Đơn vị quản lý":"Phòng Kinh tế & Hạ tầng H.Tam Bình","Tình trạng cầu":"Yếu","layer_id":158,"fid":285,"label":"Còng Cọc"}},{"type":"Feature","geometry":{"type":"Point","coordinates":[0.0,0.0]},"properties":{"Tên cầu":"cầu ông sung","Tên đường":"HƯƠNG LỘ 15 XÃ TÂN NGÃI","Lý trình":"","Địa chỉ":"Vĩnh Long - Vĩnh Long","Đối tượng vượt":"Sông","Dạng kết cấu chính":"Dầm, mạng dầm","Sơ đồ nhịp":"10+13+10","Khổ xe chạy":"4.0","Bề rộng cầu":"0","Tải trọng thiết kế":"8","Tĩnh không thông thuyền (chiều đứng)":"3.0","Tĩnh không thông thuyền (chiều ngang)":"","Giá trị xây dựng cầu":"","Năm khởi công":"","Năm hoàn thành":"2005","Đơn vị quản lý":"Phòng QLĐT TP.Vĩnh Long","Tình trạng cầu":"","layer_id":158,"fid":286,"label":"cầu ông sung"}},{"type":"Feature","geometry":{"type":"Point","coordinates":[0.0,0.0]},"properties":{"Tên cầu":"Cầu Bà Giáo","Tên đường":"HƯƠNG LỘ 15 XÃ TÂN NGÃI","Lý trình":"","Địa chỉ":"Vĩnh Long - Vĩnh Long","Đối tượng vượt":"Sông","Dạng kết cấu chính":"Dầm, mạng dầm","Sơ đồ nhịp":"15+25+15","Khổ xe chạy":"4.0","Bề rộng cầu":"4.0","Tải trọng thiết kế":"5","Tĩnh không thông thuyền (chiều đứng)":"3.0","Tĩnh không thông thuyền (chiều ngang)":"","Giá trị xây dựng cầu":"","Năm khởi công":"2004","Năm hoàn thành":"2004","Đơn vị quản lý":"Phòng QLĐT TP.Vĩnh Long","Tình trạng cầu":"","layer_id":158,"fid":287,"label":"Cầu Bà Giáo"}},{"type":"Feature","geometry":{"type":"Point","coordinates":[0.0,0.0]},"properties":{"Tên cầu":"cầu Rạch Rô","Tên đường":"HƯƠNG LỘ 15 XÃ TÂN NGÃI","Lý trình":"","Địa chỉ":"Vĩnh Long - Vĩnh Long","Đối tượng vượt":"Sông","Dạng kết cấu chính":"Dầm, mạng dầm","Sơ đồ nhịp":"12+15+12","Khổ xe chạy":"4.0","Bề rộng cầu":"4.0","Tải trọng thiết kế":"5","Tĩnh không thông thuyền (chiều đứng)":"3.0","Tĩnh không thông thuyền (chiều ngang)":"","Giá trị xây dựng cầu":"","Năm khởi công":"","Năm hoàn thành":"2004","Đơn vị quản lý":"Phòng QLĐT TP.Vĩnh Long","Tình trạng cầu":"","layer_id":158,"fid":288,"label":"cầu Rạch Rô"}},{"type":"Feature","geometry":{"type":"Point","coordinates":[0.0,0.0]},"properties":{"Tên cầu":"cầu Rạch Nguyệt","Tên đường":"HƯƠNG LỘ 15 XÃ TÂN NGÃI","Lý trình":"","Địa chỉ":"Vĩnh Long - Vĩnh Long","Đối tượng vượt":"Sông","Dạng kết cấu chính":"Dầm, mạng dầm","Sơ đồ nhịp":"12+15+12","Khổ xe chạy":"4.0","Bề rộng cầu":"4.0","Tải trọng thiết kế":"8","Tĩnh không thông thuyền (chiều đứng)":"3.0","Tĩnh không thông thuyền (chiều ngang)":"","Giá trị xây dựng cầu":"","Năm khởi công":"2004","Năm hoàn thành":"2004","Đơn vị quản lý":"Phòng QLĐT TP.Vĩnh Long","Tình trạng cầu":"","layer_id":158,"fid":289,"label":"cầu Rạch Nguyệt"}},{"type":"Feature","geometry":{"type":"Point","coordinates":[0.0,0.0]},"properties":{"Tên cầu":"cầu ông tôm","Tên đường":"HƯƠNG LỘ 15 XÃ TÂN NGÃI","Lý trình":"","Địa chỉ":"Vĩnh Long - Vĩnh Long","Đối tượng vượt":"Sông","Dạng kết cấu chính":"Dầm, mạng dầm","Sơ đồ nhịp":"10+13+10","Khổ xe chạy":"4.0","Bề rộng cầu":"4.0","Tải trọng thiết kế":"8","Tĩnh không thông thuyền (chiều đứng)":"3.0","Tĩnh không thông thuyền (chiều ngang)":"","Giá trị xây dựng cầu":"","Năm khởi công":"","Năm hoàn thành":"2005","Đơn vị quản lý":"Phòng QLĐT TP.Vĩnh Long","Tình trạng cầu":"","layer_id":158,"fid":290,"label":"cầu ông tôm"}},{"type":"Feature","geometry":{"type":"Point","coordinates":[105.82018,10.070483]},"properties":{"Tên cầu":"Bình Minh","Tên đường":"","Lý trình":"","Địa chỉ":"Bình Minh - Vĩnh Long","Đối tượng vượt":"","Dạng kết cấu chính":"","Sơ đồ nhịp":"","Khổ xe chạy":"0","Bề rộng cầu":"0","Tải trọng thiết kế":"30","Tĩnh không thông thuyền (chiều đứng)":"","Tĩnh không thông thuyền (chiều ngang)":"","Giá trị xây dựng cầu":"","Năm khởi công":"","Năm hoàn thành":"","Đơn vị quản lý":"Phòng QLĐT TX.Bình Minh","Tình trạng cầu":"","layer_id":158,"fid":308,"label":"Bình Minh"}},{"type":"Feature","geometry":{"type":"Point","coordinates":[0.0,0.0]},"properties":{"Tên cầu":"Cấu Bà Thảo","Tên đường":"HƯƠNG LỘ 15 XÃ TÂN NGÃI","Lý trình":"","Địa chỉ":"Vĩnh Long - Vĩnh Long","Đối tượng vượt":"Sông","Dạng kết cấu chính":"Dầm, mạng dầm","Sơ đồ nhịp":"15+12+15","Khổ xe chạy":"4.0","Bề rộng cầu":"4.0","Tải trọng thiết kế":"5","Tĩnh không thông thuyền (chiều đứng)":"3.0","Tĩnh không thông thuyền (chiều ngang)":"","Giá trị xây dựng cầu":"","Năm khởi công":"2005","Năm hoàn thành":"2005","Đơn vị quản lý":"Phòng QLĐT TP.Vĩnh Long","Tình trạng cầu":"","layer_id":158,"fid":292,"label":"Cấu Bà Thảo"}},{"type":"Feature","geometry":{"type":"Point","coordinates":[0.0,0.0]},"properties":{"Tên cầu":"cầu rạch ranh","Tên đường":"HƯƠNG LỘ 15 XÃ TÂN NGÃI","Lý trình":"","Địa chỉ":"Vĩnh Long - Vĩnh Long","Đối tượng vượt":"Rạch(kênh,mương)","Dạng kết cấu chính":"Dầm, mạng dầm","Sơ đồ nhịp":"10+12+10","Khổ xe chạy":"4.0","Bề rộng cầu":"4.0","Tải trọng thiết kế":"8","Tĩnh không thông thuyền (chiều đứng)":"3.0","Tĩnh không thông thuyền (chiều ngang)":"","Giá trị xây dựng cầu":"","Năm khởi công":"","Năm hoàn thành":"2005","Đơn vị quản lý":"Phòng QLĐT TP.Vĩnh Long","Tình trạng cầu":"","layer_id":158,"fid":293,"label":"cầu rạch ranh"}},{"type":"Feature","geometry":{"type":"Point","coordinates":[105.82749,10.063971]},"properties":{"Tên cầu":"Cống Chùa Dưới","Tên đường":"ĐH53","Lý trình":"","Địa chỉ":"Bình Minh - Vĩnh Long","Đối tượng vượt":"Sông","Dạng kết cấu chính":"Dầm, mạng dầm","Sơ đồ nhịp":"7+8+7","Khổ xe chạy":"0","Bề rộng cầu":"0","Tải trọng thiết kế":"5","Tĩnh không thông thuyền (chiều đứng)":"","Tĩnh không thông thuyền (chiều ngang)":"","Giá trị xây dựng cầu":"","Năm khởi công":"2010","Năm hoàn thành":"","Đơn vị quản lý":"Phòng QLĐT TX.Bình Minh","Tình trạng cầu":"","layer_id":158,"fid":316,"label":"Cống Chùa Dưới"}},{"type":"Feature","geometry":{"type":"Point","coordinates":[0.0,0.0]},"properties":{"Tên cầu":"cầu bà hai","Tên đường":"HƯƠNG LỘ 15 XÃ TÂN NGÃI","Lý trình":"","Địa chỉ":"Vĩnh Long - Vĩnh Long","Đối tượng vượt":"Sông","Dạng kết cấu chính":"Dầm, mạng dầm","Sơ đồ nhịp":"10+12+10","Khổ xe chạy":"4.0","Bề rộng cầu":"4.0","Tải trọng thiết kế":"8","Tĩnh không thông thuyền (chiều đứng)":"3.0","Tĩnh không thông thuyền (chiều ngang)":"","Giá trị xây dựng cầu":"","Năm khởi công":"","Năm hoàn thành":"2005","Đơn vị quản lý":"Phòng QLĐT TP.Vĩnh Long","Tình trạng cầu":"","layer_id":158,"fid":294,"label":"cầu bà hai"}},{"type":"Feature","geometry":{"type":"Point","coordinates":[0.0,0.0]},"properties":{"Tên cầu":"Cầu Bà Bóng","Tên đường":"HƯƠNG LỘ 18 XÃ TÂN HỘI","Lý trình":"","Địa chỉ":"Vĩnh Long - Vĩnh Long","Đối tượng vượt":"Sông","Dạng kết cấu chính":"Dầm, mạng dầm","Sơ đồ nhịp":"10+10+10","Khổ xe chạy":"4.0","Bề rộng cầu":"4.0","Tải trọng thiết kế":"8","Tĩnh không thông thuyền (chiều đứng)":"3.0","Tĩnh không thông thuyền (chiều ngang)":"","Giá trị xây dựng cầu":"","Năm khởi công":"1998","Năm hoàn thành":"1998","Đơn vị quản lý":"Phòng QLĐT TP.Vĩnh Long","Tình trạng cầu":"","layer_id":158,"fid":295,"label":"Cầu Bà Bóng"}},{"type":"Feature","geometry":{"type":"Point","coordinates":[0.0,0.0]},"properties":{"Tên cầu":"cầu tập đoàn 7/4","Tên đường":"HƯƠNG LỘ 18 XÃ TÂN HỘI","Lý trình":"","Địa chỉ":"Vĩnh Long - Vĩnh Long","Đối tượng vượt":"Sông","Dạng kết cấu chính":"Dầm, mạng dầm","Sơ đồ nhịp":"8+10+8","Khổ xe chạy":"4.0","Bề rộng cầu":"4.0","Tải trọng thiết kế":"8","Tĩnh không thông thuyền (chiều đứng)":"3.0","Tĩnh không thông thuyền (chiều ngang)":"","Giá trị xây dựng cầu":"","Năm khởi công":"1997","Năm hoàn thành":"1997","Đơn vị quản lý":"Phòng QLĐT TP.Vĩnh Long","Tình trạng cầu":"","layer_id":158,"fid":296,"label":"cầu tập đoàn 7/4"}},{"type":"Feature","geometry":{"type":"Point","coordinates":[0.0,0.0]},"properties":{"Tên cầu":"cầu Giáo Canh","Tên đường":"HƯƠNG LỘ TRƯỜNG AN XÃ TRƯỜNG AN","Lý trình":"","Địa chỉ":"Vĩnh Long - Vĩnh Long","Đối tượng vượt":"Sông","Dạng kết cấu chính":"Dầm, mạng dầm","Sơ đồ nhịp":"10+10+10","Khổ xe chạy":"4.0","Bề rộng cầu":"4.0","Tải trọng thiết kế":"8","Tĩnh không thông thuyền (chiều đứng)":"3.0","Tĩnh không thông thuyền (chiều ngang)":"","Giá trị xây dựng cầu":"","Năm khởi công":"2005","Năm hoàn thành":"2005","Đơn vị quản lý":"Phòng QLĐT TP.Vĩnh Long","Tình trạng cầu":"","layer_id":158,"fid":297,"label":"cầu Giáo Canh"}},{"type":"Feature","geometry":{"type":"Point","coordinates":[0.0,0.0]},"properties":{"Tên cầu":"Cầu Ông Hội","Tên đường":"ĐƯỜNG KHU VƯỢT LŨ XÃ TÂN HỘI","Lý trình":"","Địa chỉ":"Vĩnh Long - Vĩnh Long","Đối tượng vượt":"Sông","Dạng kết cấu chính":"Dầm, mạng dầm","Sơ đồ nhịp":"12+12+12","Khổ xe chạy":"4.0","Bề rộng cầu":"4.0","Tải trọng thiết kế":"5","Tĩnh không thông thuyền (chiều đứng)":"","Tĩnh không thông thuyền (chiều ngang)":"","Giá trị xây dựng cầu":"","Năm khởi công":"2014","Năm hoàn thành":"2014","Đơn vị quản lý":"Phòng QLĐT TP.Vĩnh Long","Tình trạng cầu":"","layer_id":158,"fid":298,"label":"Cầu Ông Hội"}},{"type":"Feature","geometry":{"type":"Point","coordinates":[0.0,0.0]},"properties":{"Tên cầu":"Cầu Bảo Tháp","Tên đường":"ĐƯỜNG RẠCH RẪY","Lý trình":"","Địa chỉ":"Vĩnh Long - Vĩnh Long","Đối tượng vượt":"Sông","Dạng kết cấu chính":"Dầm, mạng dầm","Sơ đồ nhịp":"10+10+10","Khổ xe chạy":"2.5","Bề rộng cầu":"2.5","Tải trọng thiết kế":"","Tĩnh không thông thuyền (chiều đứng)":"","Tĩnh không thông thuyền (chiều ngang)":"","Giá trị xây dựng cầu":"","Năm khởi công":"2008","Năm hoàn thành":"2008","Đơn vị quản lý":"Phòng QLĐT TP.Vĩnh Long","Tình trạng cầu":"","layer_id":158,"fid":299,"label":"Cầu Bảo Tháp"}},{"type":"Feature","geometry":{"type":"Point","coordinates":[0.0,0.0]},"properties":{"Tên cầu":"CẦU CHÙA","Tên đường":"ĐƯỜNGCAIDABABONG","Lý trình":"","Địa chỉ":"Vĩnh Long - Vĩnh Long","Đối tượng vượt":"Rạch(kênh,mương)","Dạng kết cấu chính":"Dầm, mạng dầm","Sơ đồ nhịp":"12+15+12","Khổ xe chạy":"4.0","Bề rộng cầu":"4.0","Tải trọng thiết kế":"8","Tĩnh không thông thuyền (chiều đứng)":"3.0","Tĩnh không thông thuyền (chiều ngang)":"","Giá trị xây dựng cầu":"","Năm khởi công":"2012","Năm hoàn thành":"2012","Đơn vị quản lý":"Phòng QLĐT TP.Vĩnh Long","Tình trạng cầu":"","layer_id":158,"fid":300,"label":"CẦU CHÙA"}},{"type":"Feature","geometry":{"type":"Point","coordinates":[0.0,0.0]},"properties":{"Tên cầu":"CẦU KHÓM 3 PHƯỜNG 8","Tên đường":"ĐƯỜNG KHU VƯỢT LŨ P8","Lý trình":"","Địa chỉ":"Vĩnh Long - Vĩnh Long","Đối tượng vượt":"Sông","Dạng kết cấu chính":"Dầm, mạng dầm","Sơ đồ nhịp":"6+6+6","Khổ xe chạy":"4.0","Bề rộng cầu":"4.0","Tải trọng thiết kế":"5","Tĩnh không thông thuyền (chiều đứng)":"3.0","Tĩnh không thông thuyền (chiều ngang)":"","Giá trị xây dựng cầu":"","Năm khởi công":"2016","Năm hoàn thành":"2016","Đơn vị quản lý":"Phòng QLĐT TP.Vĩnh Long","Tình trạng cầu":"","layer_id":158,"fid":301,"label":"CẦU KHÓM 3 PHƯỜNG 8"}},{"type":"Feature","geometry":{"type":"Point","coordinates":[0.0,0.0]},"properties":{"Tên cầu":"cầu rạch rô 2","Tên đường":"ĐƯỜNG RẠCH RÔ","Lý trình":"","Địa chỉ":"Vĩnh Long - Vĩnh Long","Đối tượng vượt":"Sông","Dạng kết cấu chính":"Dầm, mạng dầm","Sơ đồ nhịp":"12+12+12","Khổ xe chạy":"4.0","Bề rộng cầu":"4.0","Tải trọng thiết kế":"5","Tĩnh không thông thuyền (chiều đứng)":"3.0","Tĩnh không thông thuyền (chiều ngang)":"","Giá trị xây dựng cầu":"","Năm khởi công":"2014","Năm hoàn thành":"2014","Đơn vị quản lý":"Phòng QLĐT TP.Vĩnh Long","Tình trạng cầu":"","layer_id":158,"fid":302,"label":"cầu rạch rô 2"}},{"type":"Feature","geometry":{"type":"Point","coordinates":[0.0,0.0]},"properties":{"Tên cầu":"Cầu Bạch Đằng","Tên đường":"NGUYỄN CHÍ THANH-30/4","Lý trình":"","Địa chỉ":"Vĩnh Long - Vĩnh Long","Đối tượng vượt":"Sông","Dạng kết cấu chính":"Treo dây văng","Sơ đồ nhịp":"21+42+21","Khổ xe chạy":"3.0","Bề rộng cầu":"3.0","Tải trọng thiết kế":"0.5","Tĩnh không thông thuyền (chiều đứng)":"4.0","Tĩnh không thông thuyền (chiều ngang)":"","Giá trị xây dựng cầu":"","Năm khởi công":"2012","Năm hoàn thành":"2012","Đơn vị quản lý":"Phòng QLĐT TP.Vĩnh Long","Tình trạng cầu":"","layer_id":158,"fid":303,"label":"Cầu Bạch Đằng"}},{"type":"Feature","geometry":{"type":"Point","coordinates":[0.0,0.0]},"properties":{"Tên cầu":"cầu ngang sông cái côn","Tên đường":"ĐƯỜNG TÂN VĨNH","Lý trình":"","Địa chỉ":"Vĩnh Long - Vĩnh Long","Đối tượng vượt":"Sông","Dạng kết cấu chính":"Dầm, mạng dầm","Sơ đồ nhịp":"10+10+10","Khổ xe chạy":"2.5","Bề rộng cầu":"2.5","Tải trọng thiết kế":"2","Tĩnh không thông thuyền (chiều đứng)":"","Tĩnh không thông thuyền (chiều ngang)":"","Giá trị xây dựng cầu":"","Năm khởi công":"2002","Năm hoàn thành":"2002","Đơn vị quản lý":"Phòng QLĐT TP.Vĩnh Long","Tình trạng cầu":"","layer_id":158,"fid":304,"label":"cầu ngang sông cái côn"}},{"type":"Feature","geometry":{"type":"Point","coordinates":[0.0,0.0]},"properties":{"Tên cầu":"Cầu BÀ BÔNG","Tên đường":"ĐƯỜNG TÂN QƯỚI ĐÔNG-TÂN QƯỚI TÂY","Lý trình":"","Địa chỉ":"Vĩnh Long - Vĩnh Long","Đối tượng vượt":"Sông","Dạng kết cấu chính":"Dầm, mạng dầm","Sơ đồ nhịp":"10+10+10","Khổ xe chạy":"3.0","Bề rộng cầu":"3.0","Tải trọng thiết kế":"5","Tĩnh không thông thuyền (chiều đứng)":"2.5","Tĩnh không thông thuyền (chiều ngang)":"","Giá trị xây dựng cầu":"","Năm khởi công":"2001","Năm hoàn thành":"2001","Đơn vị quản lý":"Phòng QLĐT TP.Vĩnh Long","Tình trạng cầu":"","layer_id":158,"fid":305,"label":"Cầu BÀ BÔNG"}},{"type":"Feature","geometry":{"type":"Point","coordinates":[105.8245,10.067852]},"properties":{"Tên cầu":"Cái Vồn Nhỏ","Tên đường":"","Lý trình":"51 + 255","Địa chỉ":"Bình Minh - Vĩnh Long","Đối tượng vượt":"Sông","Dạng kết cấu chính":"Dầm, mạng dầm","Sơ đồ nhịp":"","Khổ xe chạy":"0","Bề rộng cầu":"0","Tải trọng thiết kế":"30","Tĩnh không thông thuyền (chiều đứng)":"","Tĩnh không thông thuyền (chiều ngang)":"","Giá trị xây dựng cầu":"","Năm khởi công":"","Năm hoàn thành":"","Đơn vị quản lý":"Phòng QLĐT TX.Bình Minh","Tình trạng cầu":"","layer_id":158,"fid":313,"label":"Cái Vồn Nhỏ"}},{"type":"Feature","geometry":{"type":"Point","coordinates":[105.83257,10.081338]},"properties":{"Tên cầu":"Rạch Múc","Tên đường":"ĐH50","Lý trình":"0 + 941","Địa chỉ":"Bình Minh - Vĩnh Long","Đối tượng vượt":"Sông","Dạng kết cấu chính":"Dầm, mạng dầm","Sơ đồ nhịp":"3x18.6","Khổ xe chạy":"0","Bề rộng cầu":"0","Tải trọng thiết kế":"8","Tĩnh không thông thuyền (chiều đứng)":"","Tĩnh không thông thuyền (chiều ngang)":"","Giá trị xây dựng cầu":"2.0","Năm khởi công":"2010","Năm hoàn thành":"","Đơn vị quản lý":"Phòng QLĐT TX.Bình Minh","Tình trạng cầu":"","layer_id":158,"fid":314,"label":"Rạch Múc"}},{"type":"Feature","geometry":{"type":"Point","coordinates":[105.83145,10.097126]},"properties":{"Tên cầu":"Khoán Tiết","Tên đường":"ĐH50","Lý trình":"2 + 765","Địa chỉ":"Bình Minh - Vĩnh Long","Đối tượng vượt":"Sông","Dạng kết cấu chính":"Dầm, mạng dầm","Sơ đồ nhịp":"2*15","Khổ xe chạy":"0","Bề rộng cầu":"0","Tải trọng thiết kế":"","Tĩnh không thông thuyền (chiều đứng)":"","Tĩnh không thông thuyền (chiều ngang)":"","Giá trị xây dựng cầu":"","Năm khởi công":"2010","Năm hoàn thành":"","Đơn vị quản lý":"Phòng QLĐT TX.Bình Minh","Tình trạng cầu":"","layer_id":158,"fid":315,"label":"Khoán Tiết"}},{"type":"Feature","geometry":{"type":"Point","coordinates":[105.84892,10.043554]},"properties":{"Tên cầu":"Chà Và Nhỏ","Tên đường":"Đường từ Chùa Dưới đến Cụm DC Đông Thạnh","Lý trình":"1 + 300","Địa chỉ":"Bình Minh - Vĩnh Long","Đối tượng vượt":"Rạch(kênh,mương)","Dạng kết cấu chính":"Dầm, mạng dầm","Sơ đồ nhịp":"","Khổ xe chạy":"0","Bề rộng cầu":"0","Tải trọng thiết kế":"8","Tĩnh không thông thuyền (chiều đứng)":"","Tĩnh không thông thuyền (chiều ngang)":"","Giá trị xây dựng cầu":"","Năm khởi công":"","Năm hoàn thành":"","Đơn vị quản lý":"Phòng QLĐT TX.Bình Minh","Tình trạng cầu":"","layer_id":158,"fid":320,"label":"Chà Và Nhỏ"}},{"type":"Feature","geometry":{"type":"Point","coordinates":[105.8464,10.05096]},"properties":{"Tên cầu":"cầu Đông Hậu","Tên đường":"Đường từ Chùa Dưới đến Cụm DC Đông Thạnh","Lý trình":"1 + 500","Địa chỉ":"Bình Minh - Vĩnh Long","Đối tượng vượt":"Rạch(kênh,mương)","Dạng kết cấu chính":"Dầm, mạng dầm","Sơ đồ nhịp":"","Khổ xe chạy":"0","Bề rộng cầu":"0","Tải trọng thiết kế":"8","Tĩnh không thông thuyền (chiều đứng)":"","Tĩnh không thông thuyền (chiều ngang)":"","Giá trị xây dựng cầu":"","Năm khởi công":"2018","Năm hoàn thành":"","Đơn vị quản lý":"Phòng QLĐT TX.Bình Minh","Tình trạng cầu":"","layer_id":158,"fid":321,"label":"cầu Đông Hậu"}},{"type":"Feature","geometry":{"type":"Point","coordinates":[105.82706,10.063988]},"properties":{"Tên cầu":"cầu Bờ Đai 2","Tên đường":"ĐH54","Lý trình":"0 + 350","Địa chỉ":"Bình Minh - Vĩnh Long","Đối tượng vượt":"Sông","Dạng kết cấu chính":"Dầm, mạng dầm","Sơ đồ nhịp":"","Khổ xe chạy":"5.0","Bề rộng cầu":"5.5","Tải trọng thiết kế":"5","Tĩnh không thông thuyền (chiều đứng)":"","Tĩnh không thông thuyền (chiều ngang)":"","Giá trị xây dựng cầu":"1.0","Năm khởi công":"2014","Năm hoàn thành":"2014","Đơn vị quản lý":"Phòng QLĐT TX.Bình Minh","Tình trạng cầu":"","layer_id":158,"fid":323,"label":"cầu Bờ Đai 2"}},{"type":"Feature","geometry":{"type":"Point","coordinates":[105.865944,10.044571]},"properties":{"Tên cầu":"cầu cống Cây Gòn","Tên đường":"ĐH54","Lý trình":"1 + 385","Địa chỉ":"Bình Minh - Vĩnh Long","Đối tượng vượt":"Đường bộ","Dạng kết cấu chính":"Dầm, mạng dầm","Sơ đồ nhịp":"","Khổ xe chạy":"0","Bề rộng cầu":"0","Tải trọng thiết kế":"8","Tĩnh không thông thuyền (chiều đứng)":"","Tĩnh không thông thuyền (chiều ngang)":"","Giá trị xây dựng cầu":"","Năm khởi công":"","Năm hoàn thành":"","Đơn vị quản lý":"Phòng QLĐT TX.Bình Minh","Tình trạng cầu":"","layer_id":158,"fid":324,"label":"cầu cống Cây Gòn"}},{"type":"Feature","geometry":{"type":"Point","coordinates":[105.86686,10.047931]},"properties":{"Tên cầu":"Phù Ly Nhỏ","Tên đường":"ĐH54","Lý trình":"3 + 300","Địa chỉ":"Bình Minh - Vĩnh Long","Đối tượng vượt":"Sông","Dạng kết cấu chính":"Dầm, mạng dầm","Sơ đồ nhịp":"","Khổ xe chạy":"5.0","Bề rộng cầu":"5.5","Tải trọng thiết kế":"8","Tĩnh không thông thuyền (chiều đứng)":"","Tĩnh không thông thuyền (chiều ngang)":"","Giá trị xây dựng cầu":"","Năm khởi công":"2018","Năm hoàn thành":"2018","Đơn vị quản lý":"Phòng QLĐT TX.Bình Minh","Tình trạng cầu":"","layer_id":158,"fid":325,"label":"Phù Ly Nhỏ"}},{"type":"Feature","geometry":{"type":"Point","coordinates":[105.87185,10.038915]},"properties":{"Tên cầu":"Chủ kiểng","Tên đường":"ĐH54B","Lý trình":"2 + 100","Địa chỉ":"Bình Minh - Vĩnh Long","Đối tượng vượt":"Sông","Dạng kết cấu chính":"Dầm, mạng dầm","Sơ đồ nhịp":"","Khổ xe chạy":"0","Bề rộng cầu":"0","Tải trọng thiết kế":"","Tĩnh không thông thuyền (chiều đứng)":"","Tĩnh không thông thuyền (chiều ngang)":"","Giá trị xây dựng cầu":"","Năm khởi công":"","Năm hoàn thành":"","Đơn vị quản lý":"Phòng QLĐT TX.Bình Minh","Tình trạng cầu":"","layer_id":158,"fid":326,"label":"Chủ kiểng"}},{"type":"Feature","geometry":{"type":"Point","coordinates":[105.88148,10.005604]},"properties":{"Tên cầu":"Chòm Tre","Tên đường":"ĐH56","Lý trình":"0 + 400","Địa chỉ":"Bình Minh - Vĩnh Long","Đối tượng vượt":"Sông","Dạng kết cấu chính":"Dầm, mạng dầm","Sơ đồ nhịp":"","Khổ xe chạy":"0","Bề rộng cầu":"0","Tải trọng thiết kế":"3,5","Tĩnh không thông thuyền (chiều đứng)":"","Tĩnh không thông thuyền (chiều ngang)":"","Giá trị xây dựng cầu":"","Năm khởi công":"","Năm hoàn thành":"","Đơn vị quản lý":"Phòng QLĐT TX.Bình Minh","Tình trạng cầu":"","layer_id":158,"fid":328,"label":"Chòm Tre"}},{"type":"Feature","geometry":{"type":"Point","coordinates":[105.88759,10.014575]},"properties":{"Tên cầu":"Hóa Thành","Tên đường":"ĐH56B","Lý trình":"","Địa chỉ":"Bình Minh - Vĩnh Long","Đối tượng vượt":"Sông","Dạng kết cấu chính":"Dầm, mạng dầm","Sơ đồ nhịp":"","Khổ xe chạy":"0","Bề rộng cầu":"0","Tải trọng thiết kế":"8","Tĩnh không thông thuyền (chiều đứng)":"","Tĩnh không thông thuyền (chiều ngang)":"","Giá trị xây dựng cầu":"","Năm khởi công":"2017","Năm hoàn thành":"","Đơn vị quản lý":"Phòng QLĐT TX.Bình Minh","Tình trạng cầu":"","layer_id":158,"fid":329,"label":"Hóa Thành"}},{"type":"Feature","geometry":{"type":"Point","coordinates":[105.83785,10.075994]},"properties":{"Tên cầu":"Kênh Ông Ó","Tên đường":"ĐH57","Lý trình":"2 + 700","Địa chỉ":"Bình Minh - Vĩnh Long","Đối tượng vượt":"Sông","Dạng kết cấu chính":"Dầm, mạng dầm","Sơ đồ nhịp":"","Khổ xe chạy":"0","Bề rộng cầu":"0","Tải trọng thiết kế":"5","Tĩnh không thông thuyền (chiều đứng)":"","Tĩnh không thông thuyền (chiều ngang)":"","Giá trị xây dựng cầu":"","Năm khởi công":"2017","Năm hoàn thành":"","Đơn vị quản lý":"Phòng QLĐT TX.Bình Minh","Tình trạng cầu":"","layer_id":158,"fid":330,"label":"Kênh Ông Ó"}},{"type":"Feature","geometry":{"type":"Point","coordinates":[105.82954,10.03817]},"properties":{"Tên cầu":"Tắc Ông Phò","Tên đường":"ĐH59","Lý trình":"1 + 100","Địa chỉ":"Bình Minh - Vĩnh Long","Đối tượng vượt":"Sông","Dạng kết cấu chính":"Dầm, mạng dầm","Sơ đồ nhịp":"","Khổ xe chạy":"0","Bề rộng cầu":"0","Tải trọng thiết kế":"8","Tĩnh không thông thuyền (chiều đứng)":"","Tĩnh không thông thuyền (chiều ngang)":"","Giá trị xây dựng cầu":"","Năm khởi công":"2015","Năm hoàn thành":"","Đơn vị quản lý":"Phòng QLĐT TX.Bình Minh","Tình trạng cầu":"","layer_id":158,"fid":331,"label":"Tắc Ông Phò"}}]}
