{"type":"FeatureCollection","name":"Trạm BTS  3G","metadata":{"source":"https://hatang.vinhlong.gov.vn/","downloaded_at":"2026-07-20T01:11:24+00:00","layer_id":165,"layer_name":"Trạm BTS  3G","catalog_endpoints":["/map/publicLayers2?inputs=bcvt"],"requested_bbox":[104.0,8.0,108.0,12.0],"tile_size":0.0,"tile_count":1,"tile_errors":[],"feature_count":2525,"coordinate_order":"x,y (thường là longitude,latitude theo cấu hình EPSG:4326 của WebGIS)"},"features":[{"type":"Feature","geometry":{"type":"Point","coordinates":[105.8211006,10.0688004]},"properties":{"Tên doanh nghiệp":"MobiFone Vĩnh Long","Tên trạm BTS":"VLBM01","Địa chỉ lắp đặt":"Đài Viễn Thông Bình Minh, số 127/15 khóm 1, phường Bình Minh, tỉnh Vĩnh Long","Trạm 3G":"3G","Số giấy chứng nhận kiểm định":"A00655120122TG05","Có giá trị đến":"1/12/27 12:00:00 AM","layer_id":165,"fid":9948,"label":"MobiFone Vĩnh Long"}},{"type":"Feature","geometry":{"type":"Point","coordinates":[105.8292,10.058]},"properties":{"Tên doanh nghiệp":"MobiFone Vĩnh Long","Tên trạm BTS":"VLBM02","Địa chỉ lắp đặt":"Ấp Đông Bình, phường Đông Thành, tỉnh Vĩnh Long","Trạm 3G":"3G","Số giấy chứng nhận kiểm định":"3110VTTG2025VLBM02","Có giá trị đến":"10/31/30 12:00:00 AM","layer_id":165,"fid":9949,"label":"MobiFone Vĩnh Long"}},{"type":"Feature","geometry":{"type":"Point","coordinates":[105.8344,10.079]},"properties":{"Tên doanh nghiệp":"MobiFone Vĩnh Long","Tên trạm BTS":"VLBM03","Địa chỉ lắp đặt":"Ấp Thuận Tiến B, phường Bình Minh, tỉnh Vĩnh Long","Trạm 3G":"3G","Số giấy chứng nhận kiểm định":"A03114100222TG05","Có giá trị đến":"2/10/27 12:00:00 AM","layer_id":165,"fid":9950,"label":"MobiFone Vĩnh Long"}},{"type":"Feature","geometry":{"type":"Point","coordinates":[105.867,10.0459]},"properties":{"Tên doanh nghiệp":"MobiFone Vĩnh Long","Tên trạm BTS":"VLBM04","Địa chỉ lắp đặt":"Ấp Đông Thạnh A, phường Đông Thành, tỉnh Vĩnh Long","Trạm 3G":"3G","Số giấy chứng nhận kiểm định":"3110VTTG2025VLBM04","Có giá trị đến":"10/31/30 12:00:00 AM","layer_id":165,"fid":9951,"label":"MobiFone Vĩnh Long"}},{"type":"Feature","geometry":{"type":"Point","coordinates":[105.8411,10.026]},"properties":{"Tên doanh nghiệp":"MobiFone Vĩnh Long","Tên trạm BTS":"VLBM05","Địa chỉ lắp đặt":"Ấp Đông Hưng 1, phường Đông Thành, tỉnh Vĩnh Long","Trạm 3G":"3G","Số giấy chứng nhận kiểm định":"3110VTTG2025VLBM05","Có giá trị đến":"10/31/30 12:00:00 AM","layer_id":165,"fid":9952,"label":"MobiFone Vĩnh Long"}},{"type":"Feature","geometry":{"type":"Point","coordinates":[105.8825,9.9935]},"properties":{"Tên doanh nghiệp":"MobiFone Vĩnh Long","Tên trạm BTS":"VLBM06","Địa chỉ lắp đặt":"Ấp Đông Hoà 2, phường Đông Thành, tỉnh Vĩnh Long","Trạm 3G":"3G","Số giấy chứng nhận kiểm định":"3110VTTG2025VLBM06","Có giá trị đến":"10/31/30 12:00:00 AM","layer_id":165,"fid":9953,"label":"MobiFone Vĩnh Long"}},{"type":"Feature","geometry":{"type":"Point","coordinates":[105.7999,10.057]},"properties":{"Tên doanh nghiệp":"MobiFone Vĩnh Long","Tên trạm BTS":"VLBM07","Địa chỉ lắp đặt":"Khóm 3, phường Bình Minh, tỉnh Vĩnh Long","Trạm 3G":"3G","Số giấy chứng nhận kiểm định":"3110VTTG2025VLBM07","Có giá trị đến":"10/31/30 12:00:00 AM","layer_id":165,"fid":9954,"label":"MobiFone Vĩnh Long"}},{"type":"Feature","geometry":{"type":"Point","coordinates":[105.8618,10.0087]},"properties":{"Tên doanh nghiệp":"MobiFone Vĩnh Long","Tên trạm BTS":"VLBM09","Địa chỉ lắp đặt":"Số 767, Tổ 4, ấp Đông Hưng 3, phường Đông Thành, tỉnh Vĩnh Long","Trạm 3G":"3G","Số giấy chứng nhận kiểm định":"3110VTTG2025VLBM09","Có giá trị đến":"10/31/30 12:00:00 AM","layer_id":165,"fid":9955,"label":"MobiFone Vĩnh Long"}},{"type":"Feature","geometry":{"type":"Point","coordinates":[105.839,10.0441]},"properties":{"Tên doanh nghiệp":"MobiFone Vĩnh Long","Tên trạm BTS":"VLBM10","Địa chỉ lắp đặt":"Số 765, Phù Ly 1, khóm Đông Bình, phường Đông Thành, tỉnh Vĩnh Long","Trạm 3G":"3G","Số giấy chứng nhận kiểm định":"3110VTTG2025VLBM10","Có giá trị đến":"10/31/30 12:00:00 AM","layer_id":165,"fid":9956,"label":"MobiFone Vĩnh Long"}},{"type":"Feature","geometry":{"type":"Point","coordinates":[105.888,10.0139]},"properties":{"Tên doanh nghiệp":"MobiFone Vĩnh Long","Tên trạm BTS":"VLBM11","Địa chỉ lắp đặt":"Ấp Hòa Thành 1, phường Đông Thành, tỉnh Vĩnh Long","Trạm 3G":"3G","Số giấy chứng nhận kiểm định":"3110VTTG2025VLBM11","Có giá trị đến":"10/31/30 12:00:00 AM","layer_id":165,"fid":9957,"label":"MobiFone Vĩnh Long"}},{"type":"Feature","geometry":{"type":"Point","coordinates":[105.8123347,10.0655275]},"properties":{"Tên doanh nghiệp":"MobiFone Vĩnh Long","Tên trạm BTS":"VLBM12","Địa chỉ lắp đặt":"Số 1018, tổ 1, khóm 2, phường Bình Minh, tỉnh Vĩnh Long","Trạm 3G":"3G","Số giấy chứng nhận kiểm định":"A00489120122TG05","Có giá trị đến":"1/12/27 12:00:00 AM","layer_id":165,"fid":9958,"label":"MobiFone Vĩnh Long"}},{"type":"Feature","geometry":{"type":"Point","coordinates":[105.82,10.0642]},"properties":{"Tên doanh nghiệp":"MobiFone Vĩnh Long","Tên trạm BTS":"VLBM13","Địa chỉ lắp đặt":"Số 253/11 Phan Văn Năm, tổ 6, khóm 3, phường Bình Minh, tỉnh Vĩnh Long","Trạm 3G":"3G","Số giấy chứng nhận kiểm định":"3110VTTG2025VLBM13","Có giá trị đến":"10/31/30 12:00:00 AM","layer_id":165,"fid":9959,"label":"MobiFone Vĩnh Long"}},{"type":"Feature","geometry":{"type":"Point","coordinates":[105.8212,10.074]},"properties":{"Tên doanh nghiệp":"MobiFone Vĩnh Long","Tên trạm BTS":"VLBM14","Địa chỉ lắp đặt":"Ấp Thuận Thới, phường Bình Minh, tỉnh Vĩnh Long","Trạm 3G":"3G","Số giấy chứng nhận kiểm định":"3110VTTG2025VLBM14","Có giá trị đến":"10/31/30 12:00:00 AM","layer_id":165,"fid":9960,"label":"MobiFone Vĩnh Long"}},{"type":"Feature","geometry":{"type":"Point","coordinates":[105.8095,10.0897]},"properties":{"Tên doanh nghiệp":"MobiFone Vĩnh Long","Tên trạm BTS":"VLBM15","Địa chỉ lắp đặt":"Ấp Thuận Nghĩa A, phường Bình Minh, tỉnh Vĩnh Long","Trạm 3G":"3G","Số giấy chứng nhận kiểm định":"3110VTTG2025VLBM15","Có giá trị đến":"10/31/30 12:00:00 AM","layer_id":165,"fid":9961,"label":"MobiFone Vĩnh Long"}},{"type":"Feature","geometry":{"type":"Point","coordinates":[105.8266,10.0657]},"properties":{"Tên doanh nghiệp":"MobiFone Vĩnh Long","Tên trạm BTS":"VLBM16","Địa chỉ lắp đặt":"Số 1814, Tổ 45, ấp Đông Bình A, phường Đông Thành, tỉnh Vĩnh Long","Trạm 3G":"3G","Số giấy chứng nhận kiểm định":"3110VTTG2025VLBM16","Có giá trị đến":"10/31/30 12:00:00 AM","layer_id":165,"fid":9962,"label":"MobiFone Vĩnh Long"}},{"type":"Feature","geometry":{"type":"Point","coordinates":[105.8513,10.096]},"properties":{"Tên doanh nghiệp":"MobiFone Vĩnh Long","Tên trạm BTS":"VLBM17","Địa chỉ lắp đặt":"Số 2143, Tổ 4, ấp Thuận Phú C, phường Bình Minh, tỉnh Vĩnh Long","Trạm 3G":"3G","Số giấy chứng nhận kiểm định":"3110VTTG2025VLBM17","Có giá trị đến":"10/31/30 12:00:00 AM","layer_id":165,"fid":9963,"label":"MobiFone Vĩnh Long"}},{"type":"Feature","geometry":{"type":"Point","coordinates":[105.8873,10.0323]},"properties":{"Tên doanh nghiệp":"MobiFone Vĩnh Long","Tên trạm BTS":"VLBM18","Địa chỉ lắp đặt":"Ấp Thạnh Hòa, phường Đông Thành, tỉnh Vĩnh Long","Trạm 3G":"3G","Số giấy chứng nhận kiểm định":"3110VTTG2025VLBM18","Có giá trị đến":"10/31/30 12:00:00 AM","layer_id":165,"fid":9964,"label":"MobiFone Vĩnh Long"}},{"type":"Feature","geometry":{"type":"Point","coordinates":[105.8255,10.0707]},"properties":{"Tên doanh nghiệp":"MobiFone Vĩnh Long","Tên trạm BTS":"VLBM19","Địa chỉ lắp đặt":"Tổ 19, khóm 5, phường Bình Minh, tỉnh Vĩnh Long","Trạm 3G":"3G","Số giấy chứng nhận kiểm định":"A14454261124TG05","Có giá trị đến":"12/2/29 12:00:00 AM","layer_id":165,"fid":9965,"label":"MobiFone Vĩnh Long"}},{"type":"Feature","geometry":{"type":"Point","coordinates":[105.8484,10.0781]},"properties":{"Tên doanh nghiệp":"MobiFone Vĩnh Long","Tên trạm BTS":"VLBM20","Địa chỉ lắp đặt":"Ấp Thuận Tiến, phường Bình Minh, tỉnh Vĩnh Long","Trạm 3G":"3G","Số giấy chứng nhận kiểm định":"3110VTTG2025VLBM20","Có giá trị đến":"10/31/30 12:00:00 AM","layer_id":165,"fid":9966,"label":"MobiFone Vĩnh Long"}},{"type":"Feature","geometry":{"type":"Point","coordinates":[105.8297,10.038]},"properties":{"Tên doanh nghiệp":"MobiFone Vĩnh Long","Tên trạm BTS":"VLBM21","Địa chỉ lắp đặt":"Lô C2-08, Khu Dân Cư Bình Minh, ấp Mỹ Lợi, phường Cái Vồn, tỉnh Vĩnh Long","Trạm 3G":"3G","Số giấy chứng nhận kiểm định":"A03118100222TG05","Có giá trị đến":"2/10/27 12:00:00 AM","layer_id":165,"fid":9967,"label":"MobiFone Vĩnh Long"}},{"type":"Feature","geometry":{"type":"Point","coordinates":[105.846,10.0023]},"properties":{"Tên doanh nghiệp":"MobiFone Vĩnh Long","Tên trạm BTS":"VLBM22","Địa chỉ lắp đặt":"Ấp Mỹ Phước 1, phường Cái Vồn, tỉnh Vĩnh Long","Trạm 3G":"3G","Số giấy chứng nhận kiểm định":"3110VTTG2025VLBM22","Có giá trị đến":"10/31/30 12:00:00 AM","layer_id":165,"fid":9968,"label":"MobiFone Vĩnh Long"}},{"type":"Feature","geometry":{"type":"Point","coordinates":[105.8152,10.0563]},"properties":{"Tên doanh nghiệp":"MobiFone Vĩnh Long","Tên trạm BTS":"VLBM23","Địa chỉ lắp đặt":"Ấp Mỹ Khánh 1, phường Cái Vồn, tỉnh Vĩnh Long","Trạm 3G":"3G","Số giấy chứng nhận kiểm định":"3110VTTG2025VLBM23","Có giá trị đến":"10/31/30 12:00:00 AM","layer_id":165,"fid":9969,"label":"MobiFone Vĩnh Long"}},{"type":"Feature","geometry":{"type":"Point","coordinates":[105.8225,10.0298]},"properties":{"Tên doanh nghiệp":"MobiFone Vĩnh Long","Tên trạm BTS":"VLBM24","Địa chỉ lắp đặt":"Ấp Mỹ Hưng 2, phường Cái Vồn, tỉnh Vĩnh Long","Trạm 3G":"3G","Số giấy chứng nhận kiểm định":"3110VTTG2025VLBM24","Có giá trị đến":"10/31/30 12:00:00 AM","layer_id":165,"fid":9970,"label":"MobiFone Vĩnh Long"}},{"type":"Feature","geometry":{"type":"Point","coordinates":[105.8311,10.0908]},"properties":{"Tên doanh nghiệp":"MobiFone Vĩnh Long","Tên trạm BTS":"VLBM25","Địa chỉ lắp đặt":"Ấp Thuận Thành A, phường Bình Minh, tỉnh Vĩnh Long","Trạm 3G":"3G","Số giấy chứng nhận kiểm định":"A05749150321TG05","Có giá trị đến":"3/15/26 12:00:00 AM","layer_id":165,"fid":9971,"label":"MobiFone Vĩnh Long"}},{"type":"Feature","geometry":{"type":"Point","coordinates":[105.8392,10.0529]},"properties":{"Tên doanh nghiệp":"MobiFone Vĩnh Long","Tên trạm BTS":"VLBM27","Địa chỉ lắp đặt":"Ấp Phù Ly 2, phường Đông Thành, tỉnh Vĩnh Long","Trạm 3G":"3G","Số giấy chứng nhận kiểm định":"0107VTTG2025VLBM27","Có giá trị đến":"7/1/30 12:00:00 AM","layer_id":165,"fid":9972,"label":"MobiFone Vĩnh Long"}},{"type":"Feature","geometry":{"type":"Point","coordinates":[105.8111,10.0749]},"properties":{"Tên doanh nghiệp":"MobiFone Vĩnh Long","Tên trạm BTS":"VLBM29","Địa chỉ lắp đặt":"Số 3278, tổ 28, ấp Thuận Tân A, phường Bình Minh, tỉnh Vĩnh Long","Trạm 3G":"3G","Số giấy chứng nhận kiểm định":"A05750150321TG05","Có giá trị đến":"3/15/26 12:00:00 AM","layer_id":165,"fid":9973,"label":"MobiFone Vĩnh Long"}},{"type":"Feature","geometry":{"type":"Point","coordinates":[105.799,10.0777]},"properties":{"Tên doanh nghiệp":"MobiFone Vĩnh Long","Tên trạm BTS":"VLBM30","Địa chỉ lắp đặt":"Số 4678 Tổ 9, khóm 5, phường Bình Minh, tỉnh Vĩnh Long","Trạm 3G":"3G","Số giấy chứng nhận kiểm định":"3110VTTG2025VLBM30","Có giá trị đến":"10/31/30 12:00:00 AM","layer_id":165,"fid":9974,"label":"MobiFone Vĩnh Long"}},{"type":"Feature","geometry":{"type":"Point","coordinates":[105.8276,10.0479]},"properties":{"Tên doanh nghiệp":"MobiFone Vĩnh Long","Tên trạm BTS":"VLBM31","Địa chỉ lắp đặt":"Số 776/1 tổ 1, ấp Mỹ Lợi, phường Cái Vồn, tỉnh Vĩnh Long","Trạm 3G":"3G","Số giấy chứng nhận kiểm định":"A14455261124TG05","Có giá trị đến":"12/2/29 12:00:00 AM","layer_id":165,"fid":9975,"label":"MobiFone Vĩnh Long"}},{"type":"Feature","geometry":{"type":"Point","coordinates":[105.7978,10.0636]},"properties":{"Tên doanh nghiệp":"MobiFone Vĩnh Long","Tên trạm BTS":"VLBM34","Địa chỉ lắp đặt":"Tổ 12, khóm 1, phường Bình Minh, tỉnh Vĩnh Long","Trạm 3G":"3G","Số giấy chứng nhận kiểm định":"3110VTTG2025VLBM34","Có giá trị đến":"10/31/30 12:00:00 AM","layer_id":165,"fid":9976,"label":"MobiFone Vĩnh Long"}},{"type":"Feature","geometry":{"type":"Point","coordinates":[105.8112,10.0441]},"properties":{"Tên doanh nghiệp":"MobiFone Vĩnh Long","Tên trạm BTS":"VLBM35","Địa chỉ lắp đặt":"Ấp Mỹ Hưng 1, phường Cái Vồn, tỉnh Vĩnh Long","Trạm 3G":"3G","Số giấy chứng nhận kiểm định":"3110VTTG2025VLBM35","Có giá trị đến":"10/31/30 12:00:00 AM","layer_id":165,"fid":9977,"label":"MobiFone Vĩnh Long"}},{"type":"Feature","geometry":{"type":"Point","coordinates":[105.798,10.0957]},"properties":{"Tên doanh nghiệp":"MobiFone Vĩnh Long","Tên trạm BTS":"VLBM36","Địa chỉ lắp đặt":"Ấp Thuận Nghĩa B, phường Bình Minh, tỉnh Vĩnh Long","Trạm 3G":"3G","Số giấy chứng nhận kiểm định":"3110VTTG2025VLBM36","Có giá trị đến":"10/31/30 12:00:00 AM","layer_id":165,"fid":9978,"label":"MobiFone Vĩnh Long"}},{"type":"Feature","geometry":{"type":"Point","coordinates":[105.86194,10.06017]},"properties":{"Tên doanh nghiệp":"MobiFone Vĩnh Long","Tên trạm BTS":"VLBM37","Địa chỉ lắp đặt":"Ấp Đông Thạnh B, phường Đông Thành, tỉnh Vĩnh Long","Trạm 3G":"3G","Số giấy chứng nhận kiểm định":"3110VTTG2025VLBM37","Có giá trị đến":"10/31/30 12:00:00 AM","layer_id":165,"fid":9979,"label":"MobiFone Vĩnh Long"}},{"type":"Feature","geometry":{"type":"Point","coordinates":[105.836087,10.014344]},"properties":{"Tên doanh nghiệp":"MobiFone Vĩnh Long","Tên trạm BTS":"VLBM38","Địa chỉ lắp đặt":"Ấp Mỹ An, phường Cái Vồn, tỉnh Vĩnh Long","Trạm 3G":"3G","Số giấy chứng nhận kiểm định":"3110VTTG2025VLBM38","Có giá trị đến":"10/31/30 12:00:00 AM","layer_id":165,"fid":9980,"label":"MobiFone Vĩnh Long"}},{"type":"Feature","geometry":{"type":"Point","coordinates":[105.86262,10.02803]},"properties":{"Tên doanh nghiệp":"MobiFone Vĩnh Long","Tên trạm BTS":"VLBM39","Địa chỉ lắp đặt":"Thửa Đất 483, tờ Bđ Số 6, phường Đông Thành, tỉnh Vĩnh Long","Trạm 3G":"3G","Số giấy chứng nhận kiểm định":"3110VTTG2025VLBM39","Có giá trị đến":"10/31/30 12:00:00 AM","layer_id":165,"fid":9981,"label":"MobiFone Vĩnh Long"}},{"type":"Feature","geometry":{"type":"Point","coordinates":[105.86188,9.99418]},"properties":{"Tên doanh nghiệp":"MobiFone Vĩnh Long","Tên trạm BTS":"VLBM40","Địa chỉ lắp đặt":"Ấp Mỹ Phước 2, phường Cái Vồn, tỉnh Vĩnh Long","Trạm 3G":"3G","Số giấy chứng nhận kiểm định":"3110VTTG2025VLBM40","Có giá trị đến":"10/31/30 12:00:00 AM","layer_id":165,"fid":9982,"label":"MobiFone Vĩnh Long"}},{"type":"Feature","geometry":{"type":"Point","coordinates":[105.818601,10.042051]},"properties":{"Tên doanh nghiệp":"MobiFone Vĩnh Long","Tên trạm BTS":"VLBM42","Địa chỉ lắp đặt":"Ấp Mỹ Hưng 2, phường Cái Vồn, tỉnh Vĩnh Long","Trạm 3G":"3G","Số giấy chứng nhận kiểm định":"3110VTTG2025VLBM42","Có giá trị đến":"10/31/30 12:00:00 AM","layer_id":165,"fid":9983,"label":"MobiFone Vĩnh Long"}},{"type":"Feature","geometry":{"type":"Point","coordinates":[105.8342,10.0738]},"properties":{"Tên doanh nghiệp":"MobiFone Vĩnh Long","Tên trạm BTS":"VLBM43","Địa chỉ lắp đặt":"Thửa Đất Số 13, TBĐ số 50, phường Bình Minh, tỉnh Vĩnh Long","Trạm 3G":"3G","Số giấy chứng nhận kiểm định":"3110VTTG2025VLBM43","Có giá trị đến":"10/31/30 12:00:00 AM","layer_id":165,"fid":9984,"label":"MobiFone Vĩnh Long"}},{"type":"Feature","geometry":{"type":"Point","coordinates":[105.87831,10.00097]},"properties":{"Tên doanh nghiệp":"MobiFone Vĩnh Long","Tên trạm BTS":"VLBM46","Địa chỉ lắp đặt":"Thửa Đất Số 2, TBĐ số 23, phường Đông Thành, tỉnh Vĩnh Long","Trạm 3G":"3G","Số giấy chứng nhận kiểm định":null,"Có giá trị đến":null,"layer_id":165,"fid":9985,"label":"MobiFone Vĩnh Long"}},{"type":"Feature","geometry":{"type":"Point","coordinates":[105.82615,10.03398]},"properties":{"Tên doanh nghiệp":"MobiFone Vĩnh Long","Tên trạm BTS":"VLBMX0","Địa chỉ lắp đặt":"Khu Công Nghiệp Bình Minh, phường Cái Vồn, tỉnh Vĩnh Long","Trạm 3G":"3G","Số giấy chứng nhận kiểm định":"3110VTTG2025VLBMX0","Có giá trị đến":"10/31/30 12:00:00 AM","layer_id":165,"fid":9986,"label":"MobiFone Vĩnh Long"}},{"type":"Feature","geometry":{"type":"Point","coordinates":[105.7748365,10.1738201]},"properties":{"Tên doanh nghiệp":"MobiFone Vĩnh Long","Tên trạm BTS":"VLBT01","Địa chỉ lắp đặt":"Ấp Tân Lập, xã Tân Lược, tỉnh Vĩnh Long","Trạm 3G":"3G","Số giấy chứng nhận kiểm định":"3110VTTG2025VLBT01","Có giá trị đến":"10/31/30 12:00:00 AM","layer_id":165,"fid":9987,"label":"MobiFone Vĩnh Long"}},{"type":"Feature","geometry":{"type":"Point","coordinates":[105.7588,10.1413]},"properties":{"Tên doanh nghiệp":"MobiFone Vĩnh Long","Tên trạm BTS":"VLBT02","Địa chỉ lắp đặt":"Ấp Tân Dương, xã Tân Lược, tỉnh Vĩnh Long","Trạm 3G":"3G","Số giấy chứng nhận kiểm định":"3110VTTG2025VLBT02","Có giá trị đến":"10/31/30 12:00:00 AM","layer_id":165,"fid":9988,"label":"MobiFone Vĩnh Long"}},{"type":"Feature","geometry":{"type":"Point","coordinates":[105.7537,10.1022]},"properties":{"Tên doanh nghiệp":"MobiFone Vĩnh Long","Tên trạm BTS":"VLBT03","Địa chỉ lắp đặt":"Ấp Tân Thuận, xã Tân Quới, tỉnh Vĩnh Long","Trạm 3G":"3G","Số giấy chứng nhận kiểm định":"A03122100222TG05","Có giá trị đến":"2/10/27 12:00:00 AM","layer_id":165,"fid":9989,"label":"MobiFone Vĩnh Long"}},{"type":"Feature","geometry":{"type":"Point","coordinates":[105.7172168,10.1399537]},"properties":{"Tên doanh nghiệp":"MobiFone Vĩnh Long","Tên trạm BTS":"VLBT04","Địa chỉ lắp đặt":"Ấp Tân Lộc, xã Tân Lược, tỉnh Vĩnh Long","Trạm 3G":"3G","Số giấy chứng nhận kiểm định":"A03123100222TG05","Có giá trị đến":"2/10/27 12:00:00 AM","layer_id":165,"fid":9990,"label":"MobiFone Vĩnh Long"}},{"type":"Feature","geometry":{"type":"Point","coordinates":[105.8226989,10.1348915]},"properties":{"Tên doanh nghiệp":"MobiFone Vĩnh Long","Tên trạm BTS":"VLBT05","Địa chỉ lắp đặt":"Ấp Hòa Thới, xã Mỹ Thuận, tỉnh Vĩnh Long","Trạm 3G":"3G","Số giấy chứng nhận kiểm định":"B04073210720TG05","Có giá trị đến":"7/21/25 12:00:00 AM","layer_id":165,"fid":9991,"label":"MobiFone Vĩnh Long"}},{"type":"Feature","geometry":{"type":"Point","coordinates":[105.7728427,10.1183805]},"properties":{"Tên doanh nghiệp":"MobiFone Vĩnh Long","Tên trạm BTS":"VLBT06","Địa chỉ lắp đặt":"Ấp Thành An, xã Tân Quới, tỉnh Vĩnh Long","Trạm 3G":"3G","Số giấy chứng nhận kiểm định":"3110VTTG2025VLBT06","Có giá trị đến":"10/31/30 12:00:00 AM","layer_id":165,"fid":9992,"label":"MobiFone Vĩnh Long"}},{"type":"Feature","geometry":{"type":"Point","coordinates":[105.7386,10.1802]},"properties":{"Tên doanh nghiệp":"MobiFone Vĩnh Long","Tên trạm BTS":"VLBT07","Địa chỉ lắp đặt":"Ấp Hưng Hoà, xã Tân Lược, tỉnh Vĩnh Long","Trạm 3G":"3G","Số giấy chứng nhận kiểm định":"3110VTTG2025VLBT07","Có giá trị đến":"10/31/30 12:00:00 AM","layer_id":165,"fid":9993,"label":"MobiFone Vĩnh Long"}},{"type":"Feature","geometry":{"type":"Point","coordinates":[105.8586682,10.1178483]},"properties":{"Tên doanh nghiệp":"MobiFone Vĩnh Long","Tên trạm BTS":"VLBT08","Địa chỉ lắp đặt":"Ấp Kinh Mới, xã Mỹ Thuận, tỉnh Vĩnh Long","Trạm 3G":"3G","Số giấy chứng nhận kiểm định":"3110VTTG2025VLBT08","Có giá trị đến":"10/31/30 12:00:00 AM","layer_id":165,"fid":9994,"label":"MobiFone Vĩnh Long"}},{"type":"Feature","geometry":{"type":"Point","coordinates":[105.8574797,10.1476512]},"properties":{"Tên doanh nghiệp":"MobiFone Vĩnh Long","Tên trạm BTS":"VLBT09","Địa chỉ lắp đặt":"Ấp Hòa Hiệp, xã Mỹ Thuận, tỉnh Vĩnh Long","Trạm 3G":"3G","Số giấy chứng nhận kiểm định":"3110VTTG2025VLBT09","Có giá trị đến":"10/31/30 12:00:00 AM","layer_id":165,"fid":9995,"label":"MobiFone Vĩnh Long"}},{"type":"Feature","geometry":{"type":"Point","coordinates":[105.7758,10.0894]},"properties":{"Tên doanh nghiệp":"MobiFone Vĩnh Long","Tên trạm BTS":"VLBT10","Địa chỉ lắp đặt":"Ấp Thành Công, xã Tân Quới, tỉnh Vĩnh Long","Trạm 3G":"3G","Số giấy chứng nhận kiểm định":"3110VTTG2025VLBT10","Có giá trị đến":"10/31/30 12:00:00 AM","layer_id":165,"fid":9996,"label":"MobiFone Vĩnh Long"}},{"type":"Feature","geometry":{"type":"Point","coordinates":[105.7984,10.1437]},"properties":{"Tên doanh nghiệp":"MobiFone Vĩnh Long","Tên trạm BTS":"VLBT11","Địa chỉ lắp đặt":"Ấp Hòa An, xã Mỹ Thuận, tỉnh Vĩnh Long","Trạm 3G":"3G","Số giấy chứng nhận kiểm định":"3110VTTG2025VLBT11","Có giá trị đến":"10/31/30 12:00:00 AM","layer_id":165,"fid":9997,"label":"MobiFone Vĩnh Long"}},{"type":"Feature","geometry":{"type":"Point","coordinates":[105.798086,10.110988]},"properties":{"Tên doanh nghiệp":"MobiFone Vĩnh Long","Tên trạm BTS":"VLBT12","Địa chỉ lắp đặt":"Ấp Mỹ Tân, xã Mỹ Thuận, tỉnh Vĩnh Long","Trạm 3G":"3G","Số giấy chứng nhận kiểm định":"3110VTTG2025VLBT12","Có giá trị đến":"10/31/30 12:00:00 AM","layer_id":165,"fid":9998,"label":"MobiFone Vĩnh Long"}},{"type":"Feature","geometry":{"type":"Point","coordinates":[105.8276,10.1249]},"properties":{"Tên doanh nghiệp":"MobiFone Vĩnh Long","Tên trạm BTS":"VLBT13","Địa chỉ lắp đặt":"Ấp Hòa Thạnh, xã Mỹ Thuận, tỉnh Vĩnh Long","Trạm 3G":"3G","Số giấy chứng nhận kiểm định":"3110VTTG2025VLBT13","Có giá trị đến":"10/31/30 12:00:00 AM","layer_id":165,"fid":9999,"label":"MobiFone Vĩnh Long"}},{"type":"Feature","geometry":{"type":"Point","coordinates":[105.7282,10.124]},"properties":{"Tên doanh nghiệp":"MobiFone Vĩnh Long","Tên trạm BTS":"VLBT14","Địa chỉ lắp đặt":"Tổ 2, Ấp Tân Hậu, xã Tân Quới, tỉnh Vĩnh Long","Trạm 3G":"3G","Số giấy chứng nhận kiểm định":"3110VTTG2025VLBT14","Có giá trị đến":"10/31/30 12:00:00 AM","layer_id":165,"fid":10000,"label":"MobiFone Vĩnh Long"}},{"type":"Feature","geometry":{"type":"Point","coordinates":[105.7124,10.1456]},"properties":{"Tên doanh nghiệp":"MobiFone Vĩnh Long","Tên trạm BTS":"VLBT15","Địa chỉ lắp đặt":"Ấp An Khánh, xã Tân Lược, tỉnh Vĩnh Long","Trạm 3G":"3G","Số giấy chứng nhận kiểm định":"3110VTTG2025VLBT15","Có giá trị đến":"10/31/30 12:00:00 AM","layer_id":165,"fid":10001,"label":"MobiFone Vĩnh Long"}},{"type":"Feature","geometry":{"type":"Point","coordinates":[105.7608,10.1011]},"properties":{"Tên doanh nghiệp":"MobiFone Vĩnh Long","Tên trạm BTS":"VLBT16","Địa chỉ lắp đặt":"Số 2051, khóm Thành Nhân, xã Tân Quới, tỉnh Vĩnh Long","Trạm 3G":"3G","Số giấy chứng nhận kiểm định":"3110VTTG2025VLBT16","Có giá trị đến":"10/31/30 12:00:00 AM","layer_id":165,"fid":10002,"label":"MobiFone Vĩnh Long"}},{"type":"Feature","geometry":{"type":"Point","coordinates":[105.7263968,10.1584047]},"properties":{"Tên doanh nghiệp":"MobiFone Vĩnh Long","Tên trạm BTS":"VLBT17","Địa chỉ lắp đặt":"Ấp Tân Tiến, xã Tân Lược, tỉnh Vĩnh Long","Trạm 3G":"3G","Số giấy chứng nhận kiểm định":"3110VTTG2025VLBT17","Có giá trị đến":"10/31/30 12:00:00 AM","layer_id":165,"fid":10003,"label":"MobiFone Vĩnh Long"}},{"type":"Feature","geometry":{"type":"Point","coordinates":[105.7897,10.0705]},"properties":{"Tên doanh nghiệp":"MobiFone Vĩnh Long","Tên trạm BTS":"VLBT18","Địa chỉ lắp đặt":"Ấp Thành Phú, xã Tân Quới, tỉnh Vĩnh Long","Trạm 3G":"3G","Số giấy chứng nhận kiểm định":"3110VTTG2025VLBT18","Có giá trị đến":"10/31/30 12:00:00 AM","layer_id":165,"fid":10004,"label":"MobiFone Vĩnh Long"}},{"type":"Feature","geometry":{"type":"Point","coordinates":[105.7871,10.1587]},"properties":{"Tên doanh nghiệp":"MobiFone Vĩnh Long","Tên trạm BTS":"VLBT19","Địa chỉ lắp đặt":"Ấp Thành Hòa, xã Mỹ Thuận, tỉnh Vĩnh Long","Trạm 3G":"3G","Số giấy chứng nhận kiểm định":"3110VTTG2025VLBT19","Có giá trị đến":"10/31/30 12:00:00 AM","layer_id":165,"fid":10005,"label":"MobiFone Vĩnh Long"}},{"type":"Feature","geometry":{"type":"Point","coordinates":[105.7512,10.1602]},"properties":{"Tên doanh nghiệp":"MobiFone Vĩnh Long","Tên trạm BTS":"VLBT20","Địa chỉ lắp đặt":"Ấp Tân Cương, xã Tân Lược, tỉnh Vĩnh Long","Trạm 3G":"3G","Số giấy chứng nhận kiểm định":"3110VTTG2025VLBT20","Có giá trị đến":"10/31/30 12:00:00 AM","layer_id":165,"fid":10006,"label":"MobiFone Vĩnh Long"}},{"type":"Feature","geometry":{"type":"Point","coordinates":[105.8253436,10.1040456]},"properties":{"Tên doanh nghiệp":"MobiFone Vĩnh Long","Tên trạm BTS":"VLBT21","Địa chỉ lắp đặt":"Áp Mỹ Trung A, xã Mỹ Thuận, tỉnh Vĩnh Long","Trạm 3G":"3G","Số giấy chứng nhận kiểm định":"3110VTTG2025VLBT21","Có giá trị đến":"10/31/30 12:00:00 AM","layer_id":165,"fid":10007,"label":"MobiFone Vĩnh Long"}},{"type":"Feature","geometry":{"type":"Point","coordinates":[105.697,10.1553]},"properties":{"Tên doanh nghiệp":"MobiFone Vĩnh Long","Tên trạm BTS":"VLBT22","Địa chỉ lắp đặt":"Ấp An Thới, xã Tân Lược, tỉnh Vĩnh Long","Trạm 3G":"3G","Số giấy chứng nhận kiểm định":"3110VTTG2025VLBT22","Có giá trị đến":"10/31/30 12:00:00 AM","layer_id":165,"fid":10008,"label":"MobiFone Vĩnh Long"}},{"type":"Feature","geometry":{"type":"Point","coordinates":[105.7009,10.1343]},"properties":{"Tên doanh nghiệp":"MobiFone Vĩnh Long","Tên trạm BTS":"VLBT23","Địa chỉ lắp đặt":"Ấp An Thành, xã Tân Lược, tỉnh Vĩnh Long","Trạm 3G":"3G","Số giấy chứng nhận kiểm định":"3110VTTG2025VLBT23","Có giá trị đến":"10/31/30 12:00:00 AM","layer_id":165,"fid":10009,"label":"MobiFone Vĩnh Long"}},{"type":"Feature","geometry":{"type":"Point","coordinates":[105.748,10.1194]},"properties":{"Tên doanh nghiệp":"MobiFone Vĩnh Long","Tên trạm BTS":"VLBT24","Địa chỉ lắp đặt":"Ấp Tân Hữu, xã Tân Quới, tỉnh Vĩnh Long","Trạm 3G":"3G","Số giấy chứng nhận kiểm định":"3110VTTG2025VLBT24","Có giá trị đến":"10/31/30 12:00:00 AM","layer_id":165,"fid":10010,"label":"MobiFone Vĩnh Long"}},{"type":"Feature","geometry":{"type":"Point","coordinates":[105.7199,10.1479]},"properties":{"Tên doanh nghiệp":"MobiFone Vĩnh Long","Tên trạm BTS":"VLBT25","Địa chỉ lắp đặt":"Ấp Tân Vĩnh, xã Tân Lược, tỉnh Vĩnh Long","Trạm 3G":"3G","Số giấy chứng nhận kiểm định":"A04201180325TG05","Có giá trị đến":"3/18/30 12:00:00 AM","layer_id":165,"fid":10011,"label":"MobiFone Vĩnh Long"}},{"type":"Feature","geometry":{"type":"Point","coordinates":[105.7395772,10.1102148]},"properties":{"Tên doanh nghiệp":"MobiFone Vĩnh Long","Tên trạm BTS":"VLBT26","Địa chỉ lắp đặt":"Ấp Tân Phước, xã Tân Quới, tỉnh Vĩnh Long","Trạm 3G":"3G","Số giấy chứng nhận kiểm định":"0107VTTG2025VLBT26","Có giá trị đến":"7/1/30 12:00:00 AM","layer_id":165,"fid":10012,"label":"MobiFone Vĩnh Long"}},{"type":"Feature","geometry":{"type":"Point","coordinates":[105.7744,10.1452]},"properties":{"Tên doanh nghiệp":"MobiFone Vĩnh Long","Tên trạm BTS":"VLBT27","Địa chỉ lắp đặt":"Ấp Thành Lễ, xã Mỹ Thuận, tỉnh Vĩnh Long","Trạm 3G":"3G","Số giấy chứng nhận kiểm định":"3110VTTG2025VLBT27","Có giá trị đến":"10/31/30 12:00:00 AM","layer_id":165,"fid":10013,"label":"MobiFone Vĩnh Long"}},{"type":"Feature","geometry":{"type":"Point","coordinates":[105.7412,10.1377]},"properties":{"Tên doanh nghiệp":"MobiFone Vĩnh Long","Tên trạm BTS":"VLBT28","Địa chỉ lắp đặt":"Ấp Tân Biên, xã Tân Quới, tỉnh Vĩnh Long","Trạm 3G":"3G","Số giấy chứng nhận kiểm định":"3110VTTG2025VLBT28","Có giá trị đến":"10/31/30 12:00:00 AM","layer_id":165,"fid":10014,"label":"MobiFone Vĩnh Long"}},{"type":"Feature","geometry":{"type":"Point","coordinates":[105.762,10.1062]},"properties":{"Tên doanh nghiệp":"MobiFone Vĩnh Long","Tên trạm BTS":"VLBT29","Địa chỉ lắp đặt":"Ấp Thành Quới, xã Tân Quới, tỉnh Vĩnh Long","Trạm 3G":"3G","Số giấy chứng nhận kiểm định":"3110VTTG2025VLBT29","Có giá trị đến":"10/31/30 12:00:00 AM","layer_id":165,"fid":10015,"label":"MobiFone Vĩnh Long"}},{"type":"Feature","geometry":{"type":"Point","coordinates":[105.86255382,10.13425235]},"properties":{"Tên doanh nghiệp":"MobiFone Vĩnh Long","Tên trạm BTS":"VLBT30","Địa chỉ lắp đặt":"Ấp Hòa Hiệp, xã Mỹ Thuận, tỉnh Vĩnh Long","Trạm 3G":"3G","Số giấy chứng nhận kiểm định":"3110VTTG2025VLBT30","Có giá trị đến":"10/31/30 12:00:00 AM","layer_id":165,"fid":10016,"label":"MobiFone Vĩnh Long"}},{"type":"Feature","geometry":{"type":"Point","coordinates":[105.7980372,10.1291042]},"properties":{"Tên doanh nghiệp":"MobiFone Vĩnh Long","Tên trạm BTS":"VLBT31","Địa chỉ lắp đặt":"Ấp Mỹ Tân, xã Mỹ Thuận, tỉnh Vĩnh Long","Trạm 3G":"3G","Số giấy chứng nhận kiểm định":"3110VTTG2025VLBT31","Có giá trị đến":"10/31/30 12:00:00 AM","layer_id":165,"fid":10017,"label":"MobiFone Vĩnh Long"}},{"type":"Feature","geometry":{"type":"Point","coordinates":[105.7574204,10.178395]},"properties":{"Tên doanh nghiệp":"MobiFone Vĩnh Long","Tên trạm BTS":"VLBT32","Địa chỉ lắp đặt":"Ấp Hưng Lợi, xã Tân Lược, tỉnh Vĩnh Long","Trạm 3G":"3G","Số giấy chứng nhận kiểm định":"3110VTTG2025VLBT32","Có giá trị đến":"10/31/30 12:00:00 AM","layer_id":165,"fid":10018,"label":"MobiFone Vĩnh Long"}},{"type":"Feature","geometry":{"type":"Point","coordinates":[105.7693288,10.1585687]},"properties":{"Tên doanh nghiệp":"MobiFone Vĩnh Long","Tên trạm BTS":"VLBT33","Địa chỉ lắp đặt":"Ấp Tân Mỹ, xã Tân Lược, tỉnh Vĩnh Long","Trạm 3G":"3G","Số giấy chứng nhận kiểm định":"3110VTTG2025VLBT33","Có giá trị đến":"10/31/30 12:00:00 AM","layer_id":165,"fid":10019,"label":"MobiFone Vĩnh Long"}},{"type":"Feature","geometry":{"type":"Point","coordinates":[105.8410633,10.1068913]},"properties":{"Tên doanh nghiệp":"MobiFone Vĩnh Long","Tên trạm BTS":"VLBT34","Địa chỉ lắp đặt":"Ấp Mỹ Tú, xã Mỹ Thuận, tỉnh Vĩnh Long","Trạm 3G":"3G","Số giấy chứng nhận kiểm định":"3110VTTG2025VLBT34","Có giá trị đến":"10/31/30 12:00:00 AM","layer_id":165,"fid":10020,"label":"MobiFone Vĩnh Long"}},{"type":"Feature","geometry":{"type":"Point","coordinates":[105.78355,10.08087]},"properties":{"Tên doanh nghiệp":"MobiFone Vĩnh Long","Tên trạm BTS":"VLBT36","Địa chỉ lắp đặt":"Ấp Thành Trí, xã Tân Quới, tỉnh Vĩnh Long","Trạm 3G":"3G","Số giấy chứng nhận kiểm định":"3110VTTG2025VLBT36","Có giá trị đến":"10/31/30 12:00:00 AM","layer_id":165,"fid":10021,"label":"MobiFone Vĩnh Long"}},{"type":"Feature","geometry":{"type":"Point","coordinates":[105.746783,10.193002]},"properties":{"Tên doanh nghiệp":"MobiFone Vĩnh Long","Tên trạm BTS":"VLBT37","Địa chỉ lắp đặt":"Ấp Hưng Lợi, xã Tân Lược, tỉnh Vĩnh Long","Trạm 3G":"3G","Số giấy chứng nhận kiểm định":"3110VTTG2025VLBT37","Có giá trị đến":"10/31/30 12:00:00 AM","layer_id":165,"fid":10022,"label":"MobiFone Vĩnh Long"}},{"type":"Feature","geometry":{"type":"Point","coordinates":[105.7219302,10.1299129]},"properties":{"Tên doanh nghiệp":"MobiFone Vĩnh Long","Tên trạm BTS":"VLBTX0","Địa chỉ lắp đặt":"Ấp Tân Hậu, xã Tân Quới, tỉnh Vĩnh Long","Trạm 3G":"3G","Số giấy chứng nhận kiểm định":"3110VTTG2025VLBTX0","Có giá trị đến":"10/31/30 12:00:00 AM","layer_id":165,"fid":10023,"label":"MobiFone Vĩnh Long"}},{"type":"Feature","geometry":{"type":"Point","coordinates":[105.7071091,10.1484228]},"properties":{"Tên doanh nghiệp":"MobiFone Vĩnh Long","Tên trạm BTS":"VLBTX1","Địa chỉ lắp đặt":"Ấp An Thới, xã Tân Lược, tỉnh Vĩnh Long","Trạm 3G":"3G","Số giấy chứng nhận kiểm định":"3110VTTG2025VLBTX1","Có giá trị đến":"10/31/30 12:00:00 AM","layer_id":165,"fid":10024,"label":"MobiFone Vĩnh Long"}},{"type":"Feature","geometry":{"type":"Point","coordinates":[105.7693,10.0954]},"properties":{"Tên doanh nghiệp":"MobiFone Vĩnh Long","Tên trạm BTS":"VLBTX3","Địa chỉ lắp đặt":"Ấp Thành Nhân, xã Tân Quới, tỉnh Vĩnh Long","Trạm 3G":"3G","Số giấy chứng nhận kiểm định":"3110VTTG2025VLBTX3","Có giá trị đến":"10/31/30 12:00:00 AM","layer_id":165,"fid":10025,"label":"MobiFone Vĩnh Long"}},{"type":"Feature","geometry":{"type":"Point","coordinates":[106.0193,10.1875]},"properties":{"Tên doanh nghiệp":"MobiFone Vĩnh Long","Tên trạm BTS":"VLLH01","Địa chỉ lắp đặt":"Số 143, khóm 2, xã Long Hồ, tỉnh Vĩnh Long","Trạm 3G":"3G","Số giấy chứng nhận kiểm định":"3110VTTG2025VLLH01","Có giá trị đến":"10/31/30 12:00:00 AM","layer_id":165,"fid":10026,"label":"MobiFone Vĩnh Long"}},{"type":"Feature","geometry":{"type":"Point","coordinates":[105.9936,10.2144]},"properties":{"Tên doanh nghiệp":"MobiFone Vĩnh Long","Tên trạm BTS":"VLLH02","Địa chỉ lắp đặt":"Ấp Long Thuận A, xã Long Hồ, tỉnh Vĩnh Long","Trạm 3G":"3G","Số giấy chứng nhận kiểm định":"3110VTTG2025VLLH02","Có giá trị đến":"10/31/30 12:00:00 AM","layer_id":165,"fid":10027,"label":"MobiFone Vĩnh Long"}},{"type":"Feature","geometry":{"type":"Point","coordinates":[106.0133,10.1928]},"properties":{"Tên doanh nghiệp":"MobiFone Vĩnh Long","Tên trạm BTS":"VLLH03","Địa chỉ lắp đặt":"Khóm 1, xã Long Hồ, tỉnh Vĩnh Long","Trạm 3G":"3G","Số giấy chứng nhận kiểm định":"A15764161224TG05","Có giá trị đến":"12/2/29 12:00:00 AM","layer_id":165,"fid":10028,"label":"MobiFone Vĩnh Long"}},{"type":"Feature","geometry":{"type":"Point","coordinates":[105.928346,10.1661377]},"properties":{"Tên doanh nghiệp":"MobiFone Vĩnh Long","Tên trạm BTS":"VLLH04","Địa chỉ lắp đặt":"Ấp Phước Yên A, xã Phú Quới, tỉnh Vĩnh Long ","Trạm 3G":"3G","Số giấy chứng nhận kiểm định":"B02169150420TG05","Có giá trị đến":"4/15/25 12:00:00 AM","layer_id":165,"fid":10029,"label":"MobiFone Vĩnh Long"}},{"type":"Feature","geometry":{"type":"Point","coordinates":[105.9217,10.1622]},"properties":{"Tên doanh nghiệp":"MobiFone Vĩnh Long","Tên trạm BTS":"VLLH05","Địa chỉ lắp đặt":"Ấp Phú Long A, xã Phú Quới, tỉnh Vĩnh Long","Trạm 3G":"3G","Số giấy chứng nhận kiểm định":"A13081221122TG05","Có giá trị đến":"11/22/27 12:00:00 AM","layer_id":165,"fid":10030,"label":"MobiFone Vĩnh Long"}},{"type":"Feature","geometry":{"type":"Point","coordinates":[105.9594,10.1752]},"properties":{"Tên doanh nghiệp":"MobiFone Vĩnh Long","Tên trạm BTS":"VLLH06","Địa chỉ lắp đặt":"Ấp Long Bình, xã Phú Quới, tỉnh Vĩnh Long ","Trạm 3G":"3G","Số giấy chứng nhận kiểm định":"3110VTTG2025VLLH06","Có giá trị đến":"10/31/30 12:00:00 AM","layer_id":165,"fid":10031,"label":"MobiFone Vĩnh Long"}},{"type":"Feature","geometry":{"type":"Point","coordinates":[106.0243,10.1518]},"properties":{"Tên doanh nghiệp":"MobiFone Vĩnh Long","Tên trạm BTS":"VLLH07","Địa chỉ lắp đặt":"Ấp An Hiệp, xã Long Hồ, tỉnh Vĩnh Long","Trạm 3G":"3G","Số giấy chứng nhận kiểm định":"3110VTTG2025VLLH07","Có giá trị đến":"10/31/30 12:00:00 AM","layer_id":165,"fid":10032,"label":"MobiFone Vĩnh Long"}},{"type":"Feature","geometry":{"type":"Point","coordinates":[106.005673286,10.15403]},"properties":{"Tên doanh nghiệp":"MobiFone Vĩnh Long","Tên trạm BTS":"VLLH08","Địa chỉ lắp đặt":"Ấp Hậu Thành, xã Long Hồ, tỉnh Vĩnh Long","Trạm 3G":"3G","Số giấy chứng nhận kiểm định":"3110VTTG2025VLLH08","Có giá trị đến":"10/31/30 12:00:00 AM","layer_id":165,"fid":10033,"label":"MobiFone Vĩnh Long"}},{"type":"Feature","geometry":{"type":"Point","coordinates":[105.9545,10.2772]},"properties":{"Tên doanh nghiệp":"MobiFone Vĩnh Long","Tên trạm BTS":"VLLH09","Địa chỉ lắp đặt":"Ấp An Hưng, xã An Bình, tỉnh Vĩnh Long ","Trạm 3G":"3G","Số giấy chứng nhận kiểm định":"3110VTTG2025VLLH09","Có giá trị đến":"10/31/30 12:00:00 AM","layer_id":165,"fid":10034,"label":"MobiFone Vĩnh Long"}},{"type":"Feature","geometry":{"type":"Point","coordinates":[105.9724,10.2161]},"properties":{"Tên doanh nghiệp":"MobiFone Vĩnh Long","Tên trạm BTS":"VLLH10","Địa chỉ lắp đặt":"Ấp Phước Lợi A, phường Phước Hậu, tỉnh Vĩnh Long","Trạm 3G":"3G","Số giấy chứng nhận kiểm định":"3110VTTG2025VLLH10","Có giá trị đến":"10/31/30 12:00:00 AM","layer_id":165,"fid":10035,"label":"MobiFone Vĩnh Long"}},{"type":"Feature","geometry":{"type":"Point","coordinates":[105.9016,10.1668]},"properties":{"Tên doanh nghiệp":"MobiFone Vĩnh Long","Tên trạm BTS":"VLLH11","Địa chỉ lắp đặt":"Ấp Phú Thành B, xã Phú Quới, tỉnh Vĩnh Long ","Trạm 3G":"3G","Số giấy chứng nhận kiểm định":"3110VTTG2025VLLH11","Có giá trị đến":"10/31/30 12:00:00 AM","layer_id":165,"fid":10036,"label":"MobiFone Vĩnh Long"}},{"type":"Feature","geometry":{"type":"Point","coordinates":[105.9459236,10.2114866]},"properties":{"Tên doanh nghiệp":"MobiFone Vĩnh Long","Tên trạm BTS":"VLLH12","Địa chỉ lắp đặt":"Ấp Tân Hưng, phường Tân Hạnh, tỉnh Vĩnh Long ","Trạm 3G":"3G","Số giấy chứng nhận kiểm định":"3110VTTG2025VLLH12","Có giá trị đến":"10/31/30 12:00:00 AM","layer_id":165,"fid":10037,"label":"MobiFone Vĩnh Long"}},{"type":"Feature","geometry":{"type":"Point","coordinates":[105.9294,10.2239]},"properties":{"Tên doanh nghiệp":"MobiFone Vĩnh Long","Tên trạm BTS":"VLLH13","Địa chỉ lắp đặt":"Ấp Tân Thuận , phường Tân Hạnh, Vĩnh Long ","Trạm 3G":"3G","Số giấy chứng nhận kiểm định":"3110VTTG2025VLLH13","Có giá trị đến":"10/31/30 12:00:00 AM","layer_id":165,"fid":10038,"label":"MobiFone Vĩnh Long"}},{"type":"Feature","geometry":{"type":"Point","coordinates":[105.9324,10.1739]},"properties":{"Tên doanh nghiệp":"MobiFone Vĩnh Long","Tên trạm BTS":"VLLH14","Địa chỉ lắp đặt":"Ấp Phước Hòa, xã Phú Quới, tỉnh Vĩnh Long ","Trạm 3G":"3G","Số giấy chứng nhận kiểm định":"A00493120122TG05","Có giá trị đến":"1/12/27 12:00:00 AM","layer_id":165,"fid":10039,"label":"MobiFone Vĩnh Long"}},{"type":"Feature","geometry":{"type":"Point","coordinates":[105.9401,10.1946]},"properties":{"Tên doanh nghiệp":"MobiFone Vĩnh Long","Tên trạm BTS":"VLLH15","Địa chỉ lắp đặt":"Ấp Phước Long, xã Phú Quới, tỉnh Vĩnh Long ","Trạm 3G":"3G","Số giấy chứng nhận kiểm định":"A15806161224TG05","Có giá trị đến":"12/2/29 12:00:00 AM","layer_id":165,"fid":10040,"label":"MobiFone Vĩnh Long"}},{"type":"Feature","geometry":{"type":"Point","coordinates":[105.9936845,10.284815]},"properties":{"Tên doanh nghiệp":"MobiFone Vĩnh Long","Tên trạm BTS":"VLLH16","Địa chỉ lắp đặt":"Ấp Phú An 1, xã An Bình, tỉnh Vĩnh Long ","Trạm 3G":"3G","Số giấy chứng nhận kiểm định":"3110VTTG2025VLLH16","Có giá trị đến":"10/31/30 12:00:00 AM","layer_id":165,"fid":10041,"label":"MobiFone Vĩnh Long"}},{"type":"Feature","geometry":{"type":"Point","coordinates":[105.9946,10.2399]},"properties":{"Tên doanh nghiệp":"MobiFone Vĩnh Long","Tên trạm BTS":"VLLH17","Địa chỉ lắp đặt":"Ấp Thanh Hưng, phường Thanh Đức, tỉnh Vĩnh Long ","Trạm 3G":"3G","Số giấy chứng nhận kiểm định":"3110VTTG2025VLLH17","Có giá trị đến":"10/31/30 12:00:00 AM","layer_id":165,"fid":10042,"label":"MobiFone Vĩnh Long"}},{"type":"Feature","geometry":{"type":"Point","coordinates":[105.9982,10.2521]},"properties":{"Tên doanh nghiệp":"MobiFone Vĩnh Long","Tên trạm BTS":"VLLH18","Địa chỉ lắp đặt":"Ấp Thanh Mỹ 1, phường Thanh Đức, tỉnh Vĩnh Long ","Trạm 3G":"3G","Số giấy chứng nhận kiểm định":"A03152100222TG05","Có giá trị đến":"2/10/27 12:00:00 AM","layer_id":165,"fid":10043,"label":"MobiFone Vĩnh Long"}},{"type":"Feature","geometry":{"type":"Point","coordinates":[105.9149,10.1961]},"properties":{"Tên doanh nghiệp":"MobiFone Vĩnh Long","Tên trạm BTS":"VLLH19","Địa chỉ lắp đặt":"Ấp An Hiệp , xã Phú Quới, Vĩnh Long ","Trạm 3G":"3G","Số giấy chứng nhận kiểm định":"3110VTTG2025VLLH19","Có giá trị đến":"10/31/30 12:00:00 AM","layer_id":165,"fid":10044,"label":"MobiFone Vĩnh Long"}},{"type":"Feature","geometry":{"type":"Point","coordinates":[105.9767,10.192]},"properties":{"Tên doanh nghiệp":"MobiFone Vĩnh Long","Tên trạm BTS":"VLLH20","Địa chỉ lắp đặt":"Ấp Phước Trinh B, xã Long Hồ, tỉnh Vĩnh Long ","Trạm 3G":"3G","Số giấy chứng nhận kiểm định":"3110VTTG2025VLLH20","Có giá trị đến":"10/31/30 12:00:00 AM","layer_id":165,"fid":10045,"label":"MobiFone Vĩnh Long"}},{"type":"Feature","geometry":{"type":"Point","coordinates":[106.0212,10.2733]},"properties":{"Tên doanh nghiệp":"MobiFone Vĩnh Long","Tên trạm BTS":"VLLH21","Địa chỉ lắp đặt":"Ấp Bình Hòa 1, xã An Bình, tỉnh Vĩnh Long ","Trạm 3G":"3G","Số giấy chứng nhận kiểm định":"3110VTTG2025VLLH21","Có giá trị đến":"10/31/30 12:00:00 AM","layer_id":165,"fid":10046,"label":"MobiFone Vĩnh Long"}},{"type":"Feature","geometry":{"type":"Point","coordinates":[105.9955,10.3109]},"properties":{"Tên doanh nghiệp":"MobiFone Vĩnh Long","Tên trạm BTS":"VLLH22","Địa chỉ lắp đặt":"Âó Mỹ Phú 2, xã An Bình, tỉnh Vĩnh Long","Trạm 3G":"3G","Số giấy chứng nhận kiểm định":"3110VTTG2025VLLH22","Có giá trị đến":"10/31/30 12:00:00 AM","layer_id":165,"fid":10047,"label":"MobiFone Vĩnh Long"}},{"type":"Feature","geometry":{"type":"Point","coordinates":[106.0092,10.2515]},"properties":{"Tên doanh nghiệp":"MobiFone Vĩnh Long","Tên trạm BTS":"VLLH23","Địa chỉ lắp đặt":"Ấp Sơn Đông, phường Thanh Đức, tỉnh Vĩnh Long","Trạm 3G":"3G","Số giấy chứng nhận kiểm định":"3110VTTG2025VLLH23","Có giá trị đến":"10/31/30 12:00:00 AM","layer_id":165,"fid":10048,"label":"MobiFone Vĩnh Long"}},{"type":"Feature","geometry":{"type":"Point","coordinates":[106.0037,10.2693]},"properties":{"Tên doanh nghiệp":"MobiFone Vĩnh Long","Tên trạm BTS":"VLLH24","Địa chỉ lắp đặt":"Ấp Phước Định 1, xã An Bình, tỉnh Vĩnh Long","Trạm 3G":"3G","Số giấy chứng nhận kiểm định":"3110VTTG2025VLLH24","Có giá trị đến":"10/31/30 12:00:00 AM","layer_id":165,"fid":10049,"label":"MobiFone Vĩnh Long"}},{"type":"Feature","geometry":{"type":"Point","coordinates":[105.9494,10.1554]},"properties":{"Tên doanh nghiệp":"MobiFone Vĩnh Long","Tên trạm BTS":"VLLH25","Địa chỉ lắp đặt":"Ấp Hòa Hưng xã Phú Quới, tỉnh Vĩnh Long","Trạm 3G":"3G","Số giấy chứng nhận kiểm định":"3110VTTG2025VLLH25","Có giá trị đến":"10/31/30 12:00:00 AM","layer_id":165,"fid":10050,"label":"MobiFone Vĩnh Long"}},{"type":"Feature","geometry":{"type":"Point","coordinates":[106.0021,10.2004]},"properties":{"Tên doanh nghiệp":"MobiFone Vĩnh Long","Tên trạm BTS":"VLLH26","Địa chỉ lắp đặt":"Số 242/18 khóm 5, xã Long Hồ, tỉnh Vĩnh Long","Trạm 3G":"3G","Số giấy chứng nhận kiểm định":"3110VTTG2025VLLH26","Có giá trị đến":"10/31/30 12:00:00 AM","layer_id":165,"fid":10051,"label":"MobiFone Vĩnh Long"}},{"type":"Feature","geometry":{"type":"Point","coordinates":[105.997,10.1856]},"properties":{"Tên doanh nghiệp":"MobiFone Vĩnh Long","Tên trạm BTS":"VLLH27","Địa chỉ lắp đặt":"Ấp Phú An, XÃ Long Hồ, tỉnh Vĩnh Long","Trạm 3G":"3G","Số giấy chứng nhận kiểm định":"3110VTTG2025VLLH27","Có giá trị đến":"10/31/30 12:00:00 AM","layer_id":165,"fid":10052,"label":"MobiFone Vĩnh Long"}},{"type":"Feature","geometry":{"type":"Point","coordinates":[105.9832,10.2212]},"properties":{"Tên doanh nghiệp":"MobiFone Vĩnh Long","Tên trạm BTS":"VLLH28","Địa chỉ lắp đặt":"Ấp Phước Ngươn, xã Long Hồ, tỉnh Vĩnh Long","Trạm 3G":"3G","Số giấy chứng nhận kiểm định":"3110VTTG2025VLLH28","Có giá trị đến":"10/31/30 12:00:00 AM","layer_id":165,"fid":10053,"label":"MobiFone Vĩnh Long"}},{"type":"Feature","geometry":{"type":"Point","coordinates":[105.9812,10.1716]},"properties":{"Tên doanh nghiệp":"MobiFone Vĩnh Long","Tên trạm BTS":"VLLH29","Địa chỉ lắp đặt":"Ấp An Hòa, xã Long Hồ, tỉnh Vĩnh Long","Trạm 3G":"3G","Số giấy chứng nhận kiểm định":"3110VTTG2025VLLH29","Có giá trị đến":"10/31/30 12:00:00 AM","layer_id":165,"fid":10054,"label":"MobiFone Vĩnh Long"}},{"type":"Feature","geometry":{"type":"Point","coordinates":[105.889,10.1878]},"properties":{"Tên doanh nghiệp":"MobiFone Vĩnh Long","Tên trạm BTS":"VLLH30","Địa chỉ lắp đặt":"Ấp Hòa Thành, xã Phú Quới, Vĩnh Long ","Trạm 3G":"3G","Số giấy chứng nhận kiểm định":"3110VTTG2025VLLH30","Có giá trị đến":"10/31/30 12:00:00 AM","layer_id":165,"fid":10055,"label":"MobiFone Vĩnh Long"}},{"type":"Feature","geometry":{"type":"Point","coordinates":[106.014511,10.239934]},"properties":{"Tên doanh nghiệp":"MobiFone Vĩnh Long","Tên trạm BTS":"VLLH31","Địa chỉ lắp đặt":"So 176, Ấp Sơn Đông, phường Thanh Đức, tỉnh Vĩnh Long","Trạm 3G":"3G","Số giấy chứng nhận kiểm định":"3110VTTG2025VLLH31","Có giá trị đến":"10/31/30 12:00:00 AM","layer_id":165,"fid":10056,"label":"MobiFone Vĩnh Long"}},{"type":"Feature","geometry":{"type":"Point","coordinates":[105.932,10.1593]},"properties":{"Tên doanh nghiệp":"MobiFone Vĩnh Long","Tên trạm BTS":"VLLH32","Địa chỉ lắp đặt":"Ấp Phú Hưng, xã Phú Quới, tỉnh Vĩnh Long","Trạm 3G":"3G","Số giấy chứng nhận kiểm định":"3110VTTG2025VLLH32","Có giá trị đến":"10/31/30 12:00:00 AM","layer_id":165,"fid":10057,"label":"MobiFone Vĩnh Long"}},{"type":"Feature","geometry":{"type":"Point","coordinates":[106.0195,10.1711]},"properties":{"Tên doanh nghiệp":"MobiFone Vĩnh Long","Tên trạm BTS":"VLLH33","Địa chỉ lắp đặt":"Ấp An Phú A, xã Long Hồ, tỉnh Vĩnh Long","Trạm 3G":"3G","Số giấy chứng nhận kiểm định":"3110VTTG2025VLLH33","Có giá trị đến":"10/31/30 12:00:00 AM","layer_id":165,"fid":10058,"label":"MobiFone Vĩnh Long"}},{"type":"Feature","geometry":{"type":"Point","coordinates":[105.9387,10.2421]},"properties":{"Tên doanh nghiệp":"MobiFone Vĩnh Long","Tên trạm BTS":"VLLH34","Địa chỉ lắp đặt":"Ấp Tân An , phường Tân Hạnh, Vĩnh Long ","Trạm 3G":"3G","Số giấy chứng nhận kiểm định":"3110VTTG2025VLLH34","Có giá trị đến":"10/31/30 12:00:00 AM","layer_id":165,"fid":10059,"label":"MobiFone Vĩnh Long"}},{"type":"Feature","geometry":{"type":"Point","coordinates":[105.9437,10.2017]},"properties":{"Tên doanh nghiệp":"MobiFone Vĩnh Long","Tên trạm BTS":"VLLH35","Địa chỉ lắp đặt":"Ấp Tân Bình, phường Tân Hạnh, tỉnh Vĩnh Long ","Trạm 3G":"3G","Số giấy chứng nhận kiểm định":"3110VTTG2025VLLH35","Có giá trị đến":"10/31/30 12:00:00 AM","layer_id":165,"fid":10060,"label":"MobiFone Vĩnh Long"}},{"type":"Feature","geometry":{"type":"Point","coordinates":[105.9488,10.2178]},"properties":{"Tên doanh nghiệp":"MobiFone Vĩnh Long","Tên trạm BTS":"VLLH36","Địa chỉ lắp đặt":"Ấp Tân Hưng, phường Tân Hạnh, tỉnh Vĩnh Long ","Trạm 3G":"3G","Số giấy chứng nhận kiểm định":"A03134100222TG05","Có giá trị đến":"2/10/27 12:00:00 AM","layer_id":165,"fid":10061,"label":"MobiFone Vĩnh Long"}},{"type":"Feature","geometry":{"type":"Point","coordinates":[106.0205,10.2944]},"properties":{"Tên doanh nghiệp":"MobiFone Vĩnh Long","Tên trạm BTS":"VLLH37","Địa chỉ lắp đặt":"Ấp Phú An 2, xã An Bình, tỉnh Vĩnh Long ","Trạm 3G":"3G","Số giấy chứng nhận kiểm định":"3110VTTG2025VLLH37","Có giá trị đến":"10/31/30 12:00:00 AM","layer_id":165,"fid":10062,"label":"MobiFone Vĩnh Long"}},{"type":"Feature","geometry":{"type":"Point","coordinates":[105.9177,10.2155]},"properties":{"Tên doanh nghiệp":"MobiFone Vĩnh Long","Tên trạm BTS":"VLLH38","Địa chỉ lắp đặt":"Ấp Tân Nhơn, phường Tân Hạnh, tỉnh Vĩnh Long","Trạm 3G":"3G","Số giấy chứng nhận kiểm định":"3110VTTG2025VLLH38","Có giá trị đến":"10/31/30 12:00:00 AM","layer_id":165,"fid":10063,"label":"MobiFone Vĩnh Long"}},{"type":"Feature","geometry":{"type":"Point","coordinates":[105.9582,10.1912]},"properties":{"Tên doanh nghiệp":"MobiFone Vĩnh Long","Tên trạm BTS":"VLLH39","Địa chỉ lắp đặt":"Ấp Phước Tân, xã Phú Quới, tỉnh Vĩnh Long ","Trạm 3G":"3G","Số giấy chứng nhận kiểm định":"3110VTTG2025VLLH39","Có giá trị đến":"10/31/30 12:00:00 AM","layer_id":165,"fid":10064,"label":"MobiFone Vĩnh Long"}},{"type":"Feature","geometry":{"type":"Point","coordinates":[105.9613,10.2026]},"properties":{"Tên doanh nghiệp":"MobiFone Vĩnh Long","Tên trạm BTS":"VLLH40","Địa chỉ lắp đặt":"Ấp Phước Lợi B, phường Phước Hậu, tỉnh Vĩnh Long ","Trạm 3G":"3G","Số giấy chứng nhận kiểm định":"3110VTTG2025VLLH40","Có giá trị đến":"10/31/30 12:00:00 AM","layer_id":165,"fid":10065,"label":"MobiFone Vĩnh Long"}},{"type":"Feature","geometry":{"type":"Point","coordinates":[105.9233,10.1474]},"properties":{"Tên doanh nghiệp":"MobiFone Vĩnh Long","Tên trạm BTS":"VLLH41","Địa chỉ lắp đặt":"Ấp Phước Hưng, xã Hòa Phú, tỉnh Vĩnh Long","Trạm 3G":"3G","Số giấy chứng nhận kiểm định":"3110VTTG2025VLLH41","Có giá trị đến":"10/31/30 12:00:00 AM","layer_id":165,"fid":10066,"label":"MobiFone Vĩnh Long"}},{"type":"Feature","geometry":{"type":"Point","coordinates":[105.9998,10.2252]},"properties":{"Tên doanh nghiệp":"MobiFone Vĩnh Long","Tên trạm BTS":"VLLH42","Địa chỉ lắp đặt":"Ấp Hưng Quới, phường Thanh Đức, tỉnh Vĩnh Long","Trạm 3G":"3G","Số giấy chứng nhận kiểm định":"3110VTTG2025VLLH42","Có giá trị đến":"10/31/30 12:00:00 AM","layer_id":165,"fid":10067,"label":"MobiFone Vĩnh Long"}},{"type":"Feature","geometry":{"type":"Point","coordinates":[105.962,10.2895]},"properties":{"Tên doanh nghiệp":"MobiFone Vĩnh Long","Tên trạm BTS":"VLLH43","Địa chỉ lắp đặt":"Ấp An Thới, xã An Bình, tỉnh Vĩnh Long ","Trạm 3G":"3G","Số giấy chứng nhận kiểm định":"3110VTTG2025VLLH43","Có giá trị đến":"10/31/30 12:00:00 AM","layer_id":165,"fid":10068,"label":"MobiFone Vĩnh Long"}},{"type":"Feature","geometry":{"type":"Point","coordinates":[105.9225,10.1716]},"properties":{"Tên doanh nghiệp":"MobiFone Vĩnh Long","Tên trạm BTS":"VLLH44","Địa chỉ lắp đặt":"Ấp Phước Bình A , xã Phú Quới, Vĩnh Long ","Trạm 3G":"3G","Số giấy chứng nhận kiểm định":"3110VTTG2025VLLH44","Có giá trị đến":"10/31/30 12:00:00 AM","layer_id":165,"fid":10069,"label":"MobiFone Vĩnh Long"}},{"type":"Feature","geometry":{"type":"Point","coordinates":[105.9849,10.3099]},"properties":{"Tên doanh nghiệp":"MobiFone Vĩnh Long","Tên trạm BTS":"VLLH45","Địa chỉ lắp đặt":"Ấp Phú Hòa 2, xã An Bình, tỉnh Vĩnh Long ","Trạm 3G":"3G","Số giấy chứng nhận kiểm định":"3110VTTG2025VLLH45","Có giá trị đến":"10/31/30 12:00:00 AM","layer_id":165,"fid":10070,"label":"MobiFone Vĩnh Long"}},{"type":"Feature","geometry":{"type":"Point","coordinates":[105.9466,10.2412]},"properties":{"Tên doanh nghiệp":"MobiFone Vĩnh Long","Tên trạm BTS":"VLLH46","Địa chỉ lắp đặt":"Ấp Tân An, phường Tân Hạnh, tỉnh Vĩnh Long","Trạm 3G":"3G","Số giấy chứng nhận kiểm định":"3110VTTG2025VLLH46","Có giá trị đến":"10/31/30 12:00:00 AM","layer_id":165,"fid":10071,"label":"MobiFone Vĩnh Long"}},{"type":"Feature","geometry":{"type":"Point","coordinates":[105.9711,10.2671]},"properties":{"Tên doanh nghiệp":"MobiFone Vĩnh Long","Tên trạm BTS":"VLLH47","Địa chỉ lắp đặt":"Ấp  An Thành, xã An Bình, tỉnh Vĩnh Long ","Trạm 3G":"3G","Số giấy chứng nhận kiểm định":"3110VTTG2025VLLH47","Có giá trị đến":"10/31/30 12:00:00 AM","layer_id":165,"fid":10072,"label":"MobiFone Vĩnh Long"}},{"type":"Feature","geometry":{"type":"Point","coordinates":[105.9344,10.168875]},"properties":{"Tên doanh nghiệp":"MobiFone Vĩnh Long","Tên trạm BTS":"VLLH49","Địa chỉ lắp đặt":"Ấp Phước Hòa, xã Phú Quới, tỉnh Vĩnh Long","Trạm 3G":"3G","Số giấy chứng nhận kiểm định":null,"Có giá trị đến":null,"layer_id":165,"fid":10073,"label":"MobiFone Vĩnh Long"}},{"type":"Feature","geometry":{"type":"Point","coordinates":[105.938,10.1753]},"properties":{"Tên doanh nghiệp":"MobiFone Vĩnh Long","Tên trạm BTS":"VLLH50","Địa chỉ lắp đặt":"Ấp Phước Hòa, xã Phú Quới, tỉnh Vĩnh Long","Trạm 3G":"3G","Số giấy chứng nhận kiểm định":"A03135100222TG05","Có giá trị đến":"2/10/27 12:00:00 AM","layer_id":165,"fid":10074,"label":"MobiFone Vĩnh Long"}},{"type":"Feature","geometry":{"type":"Point","coordinates":[106.0019,10.2564]},"properties":{"Tên doanh nghiệp":"MobiFone Vĩnh Long","Tên trạm BTS":"VLLH51","Địa chỉ lắp đặt":"Ấp Thanh Mỹ 1, phường Thanh Đức, tỉnh Vĩnh Long","Trạm 3G":"3G","Số giấy chứng nhận kiểm định":"A03136100222TG05","Có giá trị đến":"2/10/27 12:00:00 AM","layer_id":165,"fid":10075,"label":"MobiFone Vĩnh Long"}},{"type":"Feature","geometry":{"type":"Point","coordinates":[105.92648,10.16814]},"properties":{"Tên doanh nghiệp":"MobiFone Vĩnh Long","Tên trạm BTS":"VLLH52","Địa chỉ lắp đặt":"Ấp Phước Yên B, xã Phú Quới, Vĩnh Long","Trạm 3G":"3G","Số giấy chứng nhận kiểm định":"A13078221122TG05","Có giá trị đến":"11/22/27 12:00:00 AM","layer_id":165,"fid":10076,"label":"MobiFone Vĩnh Long"}},{"type":"Feature","geometry":{"type":"Point","coordinates":[105.92836,10.17151]},"properties":{"Tên doanh nghiệp":"MobiFone Vĩnh Long","Tên trạm BTS":"VLLH54","Địa chỉ lắp đặt":"Ấp Phước Yên B , xã Phú Quới, Vĩnh Long ","Trạm 3G":"3G","Số giấy chứng nhận kiểm định":"A13079221122TG05","Có giá trị đến":"11/22/27 12:00:00 AM","layer_id":165,"fid":10077,"label":"MobiFone Vĩnh Long"}},{"type":"Feature","geometry":{"type":"Point","coordinates":[105.9421,10.1688]},"properties":{"Tên doanh nghiệp":"MobiFone Vĩnh Long","Tên trạm BTS":"VLLH55","Địa chỉ lắp đặt":"Ấp Phước Lộc, xã Phú Quới, tỉnh Vĩnh Long ","Trạm 3G":"3G","Số giấy chứng nhận kiểm định":"3110VTTG2025VLLH55","Có giá trị đến":"10/31/30 12:00:00 AM","layer_id":165,"fid":10078,"label":"MobiFone Vĩnh Long"}},{"type":"Feature","geometry":{"type":"Point","coordinates":[105.9363,10.1844]},"properties":{"Tên doanh nghiệp":"MobiFone Vĩnh Long","Tên trạm BTS":"VLLH56","Địa chỉ lắp đặt":"Ấp Long Hòa, xã Phú Quới, tỉnh Vĩnh Long ","Trạm 3G":"3G","Số giấy chứng nhận kiểm định":"A03138100222TG05","Có giá trị đến":"2/10/27 12:00:00 AM","layer_id":165,"fid":10079,"label":"MobiFone Vĩnh Long"}},{"type":"Feature","geometry":{"type":"Point","coordinates":[105.9776,10.2945]},"properties":{"Tên doanh nghiệp":"MobiFone Vĩnh Long","Tên trạm BTS":"VLLH57","Địa chỉ lắp đặt":"Ấp Hòa Thuận, xã An Bình, tỉnh Vĩnh Long ","Trạm 3G":"3G","Số giấy chứng nhận kiểm định":"3110VTTG2025VLLH57","Có giá trị đến":"10/31/30 12:00:00 AM","layer_id":165,"fid":10080,"label":"MobiFone Vĩnh Long"}},{"type":"Feature","geometry":{"type":"Point","coordinates":[105.9636,10.305]},"properties":{"Tên doanh nghiệp":"MobiFone Vĩnh Long","Tên trạm BTS":"VLLH59","Địa chỉ lắp đặt":"Ấp Phú Thuận 2, xã An Bình, tỉnh Vĩnh Long ","Trạm 3G":"3G","Số giấy chứng nhận kiểm định":"3110VTTG2025VLLH59","Có giá trị đến":"10/31/30 12:00:00 AM","layer_id":165,"fid":10081,"label":"MobiFone Vĩnh Long"}},{"type":"Feature","geometry":{"type":"Point","coordinates":[105.9474,10.1807]},"properties":{"Tên doanh nghiệp":"MobiFone Vĩnh Long","Tên trạm BTS":"VLLH61","Địa chỉ lắp đặt":"Ấp Phước Hòa, xã Phú Quới, tỉnh Vĩnh Long ","Trạm 3G":"3G","Số giấy chứng nhận kiểm định":"3110VTTG2025VLLH61","Có giá trị đến":"10/31/30 12:00:00 AM","layer_id":165,"fid":10082,"label":"MobiFone Vĩnh Long"}},{"type":"Feature","geometry":{"type":"Point","coordinates":[105.9651,10.2224]},"properties":{"Tên doanh nghiệp":"MobiFone Vĩnh Long","Tên trạm BTS":"VLLH62","Địa chỉ lắp đặt":"Ấp Phước Hanh A, phường Phước Hậu, tỉnh Vĩnh Long","Trạm 3G":"3G","Số giấy chứng nhận kiểm định":"A26550080621TG05","Có giá trị đến":"6/8/26 12:00:00 AM","layer_id":165,"fid":10083,"label":"MobiFone Vĩnh Long"}},{"type":"Feature","geometry":{"type":"Point","coordinates":[105.97062,10.1851]},"properties":{"Tên doanh nghiệp":"MobiFone Vĩnh Long","Tên trạm BTS":"VLLH65","Địa chỉ lắp đặt":"Ấp Phước Trinh A, xã Long Hồ, tỉnh Vĩnh Long ","Trạm 3G":"3G","Số giấy chứng nhận kiểm định":"3110VTTG2025VLLH65","Có giá trị đến":"10/31/30 12:00:00 AM","layer_id":165,"fid":10084,"label":"MobiFone Vĩnh Long"}},{"type":"Feature","geometry":{"type":"Point","coordinates":[105.997925,10.296547]},"properties":{"Tên doanh nghiệp":"MobiFone Vĩnh Long","Tên trạm BTS":"VLLH66","Địa chỉ lắp đặt":"Ấp Thuận Long, xã An Bình, tỉnh Vĩnh Long ","Trạm 3G":"3G","Số giấy chứng nhận kiểm định":"3110VTTG2025VLLH66","Có giá trị đến":"10/31/30 12:00:00 AM","layer_id":165,"fid":10085,"label":"MobiFone Vĩnh Long"}},{"type":"Feature","geometry":{"type":"Point","coordinates":[106.01653,10.2829]},"properties":{"Tên doanh nghiệp":"MobiFone Vĩnh Long","Tên trạm BTS":"VLLH67","Địa chỉ lắp đặt":"xã An Bình, tỉnh Vĩnh Long ","Trạm 3G":"3G","Số giấy chứng nhận kiểm định":"3110VTTG2025VLLH67","Có giá trị đến":"10/31/30 12:00:00 AM","layer_id":165,"fid":10086,"label":"MobiFone Vĩnh Long"}},{"type":"Feature","geometry":{"type":"Point","coordinates":[106.00175,10.24373]},"properties":{"Tên doanh nghiệp":"MobiFone Vĩnh Long","Tên trạm BTS":"VLLH68","Địa chỉ lắp đặt":"Ấp Long Hưng, phường Thanh Đức, tỉnh Vĩnh Long ","Trạm 3G":"3G","Số giấy chứng nhận kiểm định":"3110VTTG2025VLLH68","Có giá trị đến":"10/31/30 12:00:00 AM","layer_id":165,"fid":10087,"label":"MobiFone Vĩnh Long"}},{"type":"Feature","geometry":{"type":"Point","coordinates":[105.92685,10.17415]},"properties":{"Tên doanh nghiệp":"MobiFone Vĩnh Long","Tên trạm BTS":"VLLH70","Địa chỉ lắp đặt":"xã Phú Quới,  Huyện Long Hồ , Vĩnh Long ","Trạm 3G":"3G","Số giấy chứng nhận kiểm định":"A13080221122TG05","Có giá trị đến":"11/22/27 12:00:00 AM","layer_id":165,"fid":10088,"label":"MobiFone Vĩnh Long"}},{"type":"Feature","geometry":{"type":"Point","coordinates":[105.94525,10.29272]},"properties":{"Tên doanh nghiệp":"MobiFone Vĩnh Long","Tên trạm BTS":"VLLH72","Địa chỉ lắp đặt":"Ấp An Long, xã An Bình, tỉnh Vĩnh Long ","Trạm 3G":"3G","Số giấy chứng nhận kiểm định":"3110VTTG2025VLLH72","Có giá trị đến":"10/31/30 12:00:00 AM","layer_id":165,"fid":10089,"label":"MobiFone Vĩnh Long"}},{"type":"Feature","geometry":{"type":"Point","coordinates":[105.98679,10.32462]},"properties":{"Tên doanh nghiệp":"MobiFone Vĩnh Long","Tên trạm BTS":"VLLH73","Địa chỉ lắp đặt":"Ấp Phú Mỹ 1, xã An Bình, tỉnh Vĩnh Long ","Trạm 3G":"3G","Số giấy chứng nhận kiểm định":"3110VTTG2025VLLH73","Có giá trị đến":"10/31/30 12:00:00 AM","layer_id":165,"fid":10090,"label":"MobiFone Vĩnh Long"}},{"type":"Feature","geometry":{"type":"Point","coordinates":[105.92848,10.2029]},"properties":{"Tên doanh nghiệp":"MobiFone Vĩnh Long","Tên trạm BTS":"VLLH75","Địa chỉ lắp đặt":"Khóm Tân Hòa,  phường Tân Hạnh, tỉnh Vĩnh Long ","Trạm 3G":"3G","Số giấy chứng nhận kiểm định":"3110VTTG2025VLLH75","Có giá trị đến":"10/31/30 12:00:00 AM","layer_id":165,"fid":10091,"label":"MobiFone Vĩnh Long"}},{"type":"Feature","geometry":{"type":"Point","coordinates":[105.952138,10.1666073]},"properties":{"Tên doanh nghiệp":"MobiFone Vĩnh Long","Tên trạm BTS":"VLLH76","Địa chỉ lắp đặt":"xã Phú Quới, tỉnh Vĩnh Long ","Trạm 3G":"3G","Số giấy chứng nhận kiểm định":"3110VTTG2025VLLH76","Có giá trị đến":"10/31/30 12:00:00 AM","layer_id":165,"fid":10092,"label":"MobiFone Vĩnh Long"}},{"type":"Feature","geometry":{"type":"Point","coordinates":[105.98548,10.152295]},"properties":{"Tên doanh nghiệp":"MobiFone Vĩnh Long","Tên trạm BTS":"VLLH77","Địa chỉ lắp đặt":"Số 25 Ấp Thông Quan, xã Long Hồ, tỉnh Vĩnh Long","Trạm 3G":"3G","Số giấy chứng nhận kiểm định":"3110VTTG2025VLLH77","Có giá trị đến":"10/31/30 12:00:00 AM","layer_id":165,"fid":10093,"label":"MobiFone Vĩnh Long"}},{"type":"Feature","geometry":{"type":"Point","coordinates":[105.98668,10.27347]},"properties":{"Tên doanh nghiệp":"MobiFone Vĩnh Long","Tên trạm BTS":"VLLH78","Địa chỉ lắp đặt":"Ấp Hòa Quí, xã An Bình, tỉnh Vĩnh Long ","Trạm 3G":"3G","Số giấy chứng nhận kiểm định":"3110VTTG2025VLLH78","Có giá trị đến":"10/31/30 12:00:00 AM","layer_id":165,"fid":10094,"label":"MobiFone Vĩnh Long"}},{"type":"Feature","geometry":{"type":"Point","coordinates":[105.91014,10.18254]},"properties":{"Tên doanh nghiệp":"MobiFone Vĩnh Long","Tên trạm BTS":"VLLH79","Địa chỉ lắp đặt":"Ấp Phước Trinh B, xã Phú Quới, tỉnh Vĩnh Long ","Trạm 3G":"3G","Số giấy chứng nhận kiểm định":"3110VTTG2025VLLH79","Có giá trị đến":"10/31/30 12:00:00 AM","layer_id":165,"fid":10095,"label":"MobiFone Vĩnh Long"}},{"type":"Feature","geometry":{"type":"Point","coordinates":[105.97454,10.22356]},"properties":{"Tên doanh nghiệp":"MobiFone Vĩnh Long","Tên trạm BTS":"VLLH80","Địa chỉ lắp đặt":"Số 162, Ấp Phước Lợi A, phường Phước Hậu, tỉnh Vĩnh Long.","Trạm 3G":"3G","Số giấy chứng nhận kiểm định":"3110VTTG2025VLLH80","Có giá trị đến":"10/31/30 12:00:00 AM","layer_id":165,"fid":10096,"label":"MobiFone Vĩnh Long"}},{"type":"Feature","geometry":{"type":"Point","coordinates":[105.93939,10.22129]},"properties":{"Tên doanh nghiệp":"MobiFone Vĩnh Long","Tên trạm BTS":"VLLH81","Địa chỉ lắp đặt":"Ấp Tân Thới, phường Tân Ngãi, tỉnh Vĩnh Long ","Trạm 3G":"3G","Số giấy chứng nhận kiểm định":"3110VTTG2025VLLH81","Có giá trị đến":"10/31/30 12:00:00 AM","layer_id":165,"fid":10097,"label":"MobiFone Vĩnh Long"}},{"type":"Feature","geometry":{"type":"Point","coordinates":[105.92532,10.15925]},"properties":{"Tên doanh nghiệp":"MobiFone Vĩnh Long","Tên trạm BTS":"VLLH83","Địa chỉ lắp đặt":"Ấp Phú Long,  xã Phú Quới, Vĩnh Long ","Trạm 3G":"3G","Số giấy chứng nhận kiểm định":"3110VTTG2025VLLH83","Có giá trị đến":"10/31/30 12:00:00 AM","layer_id":165,"fid":10098,"label":"MobiFone Vĩnh Long"}},{"type":"Feature","geometry":{"type":"Point","coordinates":[105.96468,10.27154]},"properties":{"Tên doanh nghiệp":"MobiFone Vĩnh Long","Tên trạm BTS":"VLLH84","Địa chỉ lắp đặt":"Ấp An Thuận, xã An Bình, tỉnh Vĩnh Long","Trạm 3G":"3G","Số giấy chứng nhận kiểm định":null,"Có giá trị đến":null,"layer_id":165,"fid":10099,"label":"MobiFone Vĩnh Long"}},{"type":"Feature","geometry":{"type":"Point","coordinates":[105.94243,10.15889]},"properties":{"Tên doanh nghiệp":"MobiFone Vĩnh Long","Tên trạm BTS":"VLLH85","Địa chỉ lắp đặt":"Ấp Lộc Hưng, xã Phú Quới, tỉnh Vĩnh Long ","Trạm 3G":"3G","Số giấy chứng nhận kiểm định":"3110VTTG2025VLLH85","Có giá trị đến":"10/31/30 12:00:00 AM","layer_id":165,"fid":10100,"label":"MobiFone Vĩnh Long"}},{"type":"Feature","geometry":{"type":"Point","coordinates":[105.92428,10.19057]},"properties":{"Tên doanh nghiệp":"MobiFone Vĩnh Long","Tên trạm BTS":"VLLH86","Địa chỉ lắp đặt":"Ấp Phước Hiệp, xã Phú Quới, tỉnh Vĩnh Long","Trạm 3G":"3G","Số giấy chứng nhận kiểm định":"3110VTTG2025VLLH86","Có giá trị đến":"10/31/30 12:00:00 AM","layer_id":165,"fid":10101,"label":"MobiFone Vĩnh Long"}},{"type":"Feature","geometry":{"type":"Point","coordinates":[105.991091,10.222473]},"properties":{"Tên doanh nghiệp":"MobiFone Vĩnh Long","Tên trạm BTS":"VLLH87","Địa chỉ lắp đặt":"Ấp Long Thuận, xã Long Hồ, tỉnh Vĩnh Long","Trạm 3G":"3G","Số giấy chứng nhận kiểm định":"3110VTTG2025VLLH87","Có giá trị đến":"10/31/30 12:00:00 AM","layer_id":165,"fid":10102,"label":"MobiFone Vĩnh Long"}},{"type":"Feature","geometry":{"type":"Point","coordinates":[105.9739437,10.2837175]},"properties":{"Tên doanh nghiệp":"MobiFone Vĩnh Long","Tên trạm BTS":"VLLH88","Địa chỉ lắp đặt":"Ấp Hòa Lợi, xã An Bình, tỉnh Vĩnh Long ","Trạm 3G":"3G","Số giấy chứng nhận kiểm định":"3110VTTG2025VLLH88","Có giá trị đến":"10/31/30 12:00:00 AM","layer_id":165,"fid":10103,"label":"MobiFone Vĩnh Long"}},{"type":"Feature","geometry":{"type":"Point","coordinates":[105.95561,10.22153]},"properties":{"Tên doanh nghiệp":"MobiFone Vĩnh Long","Tên trạm BTS":"VLLH89","Địa chỉ lắp đặt":"Ấp Phước Hanh B, phường Phước Hậu, tỉnh Vĩnh Long","Trạm 3G":"3G","Số giấy chứng nhận kiểm định":"3110VTTG2025VLLH89","Có giá trị đến":"10/31/30 12:00:00 AM","layer_id":165,"fid":10104,"label":"MobiFone Vĩnh Long"}},{"type":"Feature","geometry":{"type":"Point","coordinates":[105.9325,10.1696]},"properties":{"Tên doanh nghiệp":"MobiFone Vĩnh Long","Tên trạm BTS":"VLLHC1","Địa chỉ lắp đặt":"Ấp Phước Hòa, xã Phú Quới, tỉnh Vĩnh Long","Trạm 3G":"3G","Số giấy chứng nhận kiểm định":"A16213191224TG05","Có giá trị đến":"12/2/29 12:00:00 AM","layer_id":165,"fid":10105,"label":"MobiFone Vĩnh Long"}},{"type":"Feature","geometry":{"type":"Point","coordinates":[105.9334,10.1703]},"properties":{"Tên doanh nghiệp":"MobiFone Vĩnh Long","Tên trạm BTS":"VLLHC2","Địa chỉ lắp đặt":"Ấp Phước Hòa, xã Phú Quới, tỉnh Vĩnh Long","Trạm 3G":"3G","Số giấy chứng nhận kiểm định":"A03139100222TG05","Có giá trị đến":"2/10/27 12:00:00 AM","layer_id":165,"fid":10106,"label":"MobiFone Vĩnh Long"}},{"type":"Feature","geometry":{"type":"Point","coordinates":[105.93284308,10.1681939]},"properties":{"Tên doanh nghiệp":"MobiFone Vĩnh Long","Tên trạm BTS":"VLLHC5","Địa chỉ lắp đặt":"Ấp Phước Hòa, xã Phú Quới, tỉnh Vĩnh Long","Trạm 3G":"3G","Số giấy chứng nhận kiểm định":"A06594210624TG05","Có giá trị đến":"6/21/29 12:00:00 AM","layer_id":165,"fid":10107,"label":"MobiFone Vĩnh Long"}},{"type":"Feature","geometry":{"type":"Point","coordinates":[105.9982,10.21]},"properties":{"Tên doanh nghiệp":"MobiFone Vĩnh Long","Tên trạm BTS":"VLLHC3","Địa chỉ lắp đặt":"Ấp Long Thuận B, xã Long Hồ, tỉnh Vĩnh Long","Trạm 3G":"3G","Số giấy chứng nhận kiểm định":"3110VTTG2025VLLHC3","Có giá trị đến":"10/31/30 12:00:00 AM","layer_id":165,"fid":10108,"label":"MobiFone Vĩnh Long"}},{"type":"Feature","geometry":{"type":"Point","coordinates":[105.9321236,10.2139102]},"properties":{"Tên doanh nghiệp":"MobiFone Vĩnh Long","Tên trạm BTS":"VLLHC4","Địa chỉ lắp đặt":"Ấp Tân Hòa , phường Tân Hạnh, tỉnh Vĩnh Long ","Trạm 3G":"3G","Số giấy chứng nhận kiểm định":"3110VTTG2025VLLHC4","Có giá trị đến":"10/31/30 12:00:00 AM","layer_id":165,"fid":10109,"label":"MobiFone Vĩnh Long"}},{"type":"Feature","geometry":{"type":"Point","coordinates":[105.922047,10.167471]},"properties":{"Tên doanh nghiệp":"MobiFone Vĩnh Long","Tên trạm BTS":"VLLHX1","Địa chỉ lắp đặt":"xã Phú Quới, Huyện Long Hồ , Vĩnh Long ","Trạm 3G":"3G","Số giấy chứng nhận kiểm định":"3110VTTG2025VLLHX1","Có giá trị đến":"10/31/30 12:00:00 AM","layer_id":165,"fid":10110,"label":"MobiFone Vĩnh Long"}},{"type":"Feature","geometry":{"type":"Point","coordinates":[105.9339134,10.23396683]},"properties":{"Tên doanh nghiệp":"MobiFone Vĩnh Long","Tên trạm BTS":"VLLHX2","Địa chỉ lắp đặt":"Ấp Tân Thuận , phường Tân Hạnh, Vĩnh Long ","Trạm 3G":"3G","Số giấy chứng nhận kiểm định":"3110VTTG2025VLLHX2","Có giá trị đến":"10/31/30 12:00:00 AM","layer_id":165,"fid":10111,"label":"MobiFone Vĩnh Long"}},{"type":"Feature","geometry":{"type":"Point","coordinates":[105.9367,10.1711]},"properties":{"Tên doanh nghiệp":"MobiFone Vĩnh Long","Tên trạm BTS":"VLLHX3","Địa chỉ lắp đặt":"KCN Hòa Phú, ấp Phước Hòa, xã Phú Quới, tỉnh Vĩnh Long ","Trạm 3G":"3G","Số giấy chứng nhận kiểm định":"0102VTTG2024VLLHX2","Có giá trị đến":"2/1/29 12:00:00 AM","layer_id":165,"fid":10112,"label":"MobiFone Vĩnh Long"}},{"type":"Feature","geometry":{"type":"Point","coordinates":[105.9372,10.1778]},"properties":{"Tên doanh nghiệp":"MobiFone Vĩnh Long","Tên trạm BTS":"VLLHX4","Địa chỉ lắp đặt":"KCN Hòa Phú, ấp Phước Hòa, xã Phú Quới, tỉnh Vĩnh Long ","Trạm 3G":"3G","Số giấy chứng nhận kiểm định":"0102VTTG2024VLLHX2","Có giá trị đến":"2/1/29 12:00:00 AM","layer_id":165,"fid":10113,"label":"MobiFone Vĩnh Long"}},{"type":"Feature","geometry":{"type":"Point","coordinates":[105.933768,10.166392]},"properties":{"Tên doanh nghiệp":"MobiFone Vĩnh Long","Tên trạm BTS":"VLLHX5","Địa chỉ lắp đặt":"KCN Hòa Phú, ấp Phước Hòa, xã Phú Quới, tỉnh Vĩnh Long ","Trạm 3G":"3G","Số giấy chứng nhận kiểm định":"A05690040523TG05","Có giá trị đến":"5/4/28 12:00:00 AM","layer_id":165,"fid":10114,"label":"MobiFone Vĩnh Long"}},{"type":"Feature","geometry":{"type":"Point","coordinates":[106.0494,10.2414]},"properties":{"Tên doanh nghiệp":"MobiFone Vĩnh Long","Tên trạm BTS":"VLMT01","Địa chỉ lắp đặt":"Ấp Hòa Long, xã Nhơn Phú, tỉnh Vĩnh Long","Trạm 3G":"3G","Số giấy chứng nhận kiểm định":"3110VTTG2025VLMT01","Có giá trị đến":"10/31/30 12:00:00 AM","layer_id":165,"fid":10115,"label":"MobiFone Vĩnh Long"}},{"type":"Feature","geometry":{"type":"Point","coordinates":[106.0752,10.2372]},"properties":{"Tên doanh nghiệp":"MobiFone Vĩnh Long","Tên trạm BTS":"VLMT02","Địa chỉ lắp đặt":"Ấp Mỹ Điền, xã Nhơn Phú, tỉnh Vĩnh Long","Trạm 3G":"3G","Số giấy chứng nhận kiểm định":"3110VTTG2025VLMT02","Có giá trị đến":"10/31/30 12:00:00 AM","layer_id":165,"fid":10116,"label":"MobiFone Vĩnh Long"}},{"type":"Feature","geometry":{"type":"Point","coordinates":[106.0365,10.2141]},"properties":{"Tên doanh nghiệp":"MobiFone Vĩnh Long","Tên trạm BTS":"VLMT03","Địa chỉ lắp đặt":"Ấp Bình Hòa 1, xã Bình Phước, tỉnh Vĩnh Long","Trạm 3G":"3G","Số giấy chứng nhận kiểm định":"3110VTTG2025VLMT03","Có giá trị đến":"10/31/30 12:00:00 AM","layer_id":165,"fid":10117,"label":"MobiFone Vĩnh Long"}},{"type":"Feature","geometry":{"type":"Point","coordinates":[106.039567,10.16656]},"properties":{"Tên doanh nghiệp":"MobiFone Vĩnh Long","Tên trạm BTS":"VLMT04","Địa chỉ lắp đặt":"Ấp Thân Bình, xã Tân Long Hội, tỉnh Vĩnh Long","Trạm 3G":"3G","Số giấy chứng nhận kiểm định":"B04047210720TG05","Có giá trị đến":"7/21/25 12:00:00 AM","layer_id":165,"fid":10118,"label":"MobiFone Vĩnh Long"}},{"type":"Feature","geometry":{"type":"Point","coordinates":[106.1552,10.1684]},"properties":{"Tên doanh nghiệp":"MobiFone Vĩnh Long","Tên trạm BTS":"VLMT05","Địa chỉ lắp đặt":"Tổ 19, Ấp Tân Mỹ A, xã Cái Nhum, tỉnh Vĩnh Long","Trạm 3G":"3G","Số giấy chứng nhận kiểm định":"3110VTTG2025VLMT05","Có giá trị đến":"10/31/30 12:00:00 AM","layer_id":165,"fid":10119,"label":"MobiFone Vĩnh Long"}},{"type":"Feature","geometry":{"type":"Point","coordinates":[106.1343,10.2054]},"properties":{"Tên doanh nghiệp":"MobiFone Vĩnh Long","Tên trạm BTS":"VLMT06","Địa chỉ lắp đặt":"Ấp Thủy Thuận, xã Cái Nhum, tỉnh Vĩnh Long","Trạm 3G":"3G","Số giấy chứng nhận kiểm định":"3110VTTG2025VLMT06","Có giá trị đến":"10/31/30 12:00:00 AM","layer_id":165,"fid":10120,"label":"MobiFone Vĩnh Long"}},{"type":"Feature","geometry":{"type":"Point","coordinates":[106.1095,10.1741]},"properties":{"Tên doanh nghiệp":"MobiFone Vĩnh Long","Tên trạm BTS":"VLMT07","Địa chỉ lắp đặt":"Khóm 1, xã Cái Nhum, tỉnh Vĩnh Long","Trạm 3G":"3G","Số giấy chứng nhận kiểm định":"A15765161224TG05","Có giá trị đến":"12/2/29 12:00:00 AM","layer_id":165,"fid":10121,"label":"MobiFone Vĩnh Long"}},{"type":"Feature","geometry":{"type":"Point","coordinates":[106.0823108,10.2034931]},"properties":{"Tên doanh nghiệp":"MobiFone Vĩnh Long","Tên trạm BTS":"VLMT08","Địa chỉ lắp đặt":"Ấp Chợ Mới, xã Nhơn Phú, tỉnh Vĩnh Long","Trạm 3G":"3G","Số giấy chứng nhận kiểm định":"3110VTTG2025VLMT08","Có giá trị đến":"10/31/30 12:00:00 AM","layer_id":165,"fid":10122,"label":"MobiFone Vĩnh Long"}},{"type":"Feature","geometry":{"type":"Point","coordinates":[106.0903,10.1309]},"properties":{"Tên doanh nghiệp":"MobiFone Vĩnh Long","Tên trạm BTS":"VLMT09","Địa chỉ lắp đặt":"Ấp Tân Hội, xã Tân Long Hội, tỉnh Vĩnh Long","Trạm 3G":"3G","Số giấy chứng nhận kiểm định":"3110VTTG2025VLMT09","Có giá trị đến":"10/31/30 12:00:00 AM","layer_id":165,"fid":10123,"label":"MobiFone Vĩnh Long"}},{"type":"Feature","geometry":{"type":"Point","coordinates":[106.1007,10.2196]},"properties":{"Tên doanh nghiệp":"MobiFone Vĩnh Long","Tên trạm BTS":"VLMT10","Địa chỉ lắp đặt":"Ấp Mỹ Phú, xã Nhơn Phú, tỉnh Vĩnh Long","Trạm 3G":"3G","Số giấy chứng nhận kiểm định":"3110VTTG2025VLMT10","Có giá trị đến":"10/31/30 12:00:00 AM","layer_id":165,"fid":10124,"label":"MobiFone Vĩnh Long"}},{"type":"Feature","geometry":{"type":"Point","coordinates":[106.0787,10.1654]},"properties":{"Tên doanh nghiệp":"MobiFone Vĩnh Long","Tên trạm BTS":"VLMT11","Địa chỉ lắp đặt":"Ấp Tân Qui 1, xã Tân Long Hội, tỉnh Vĩnh Long","Trạm 3G":"3G","Số giấy chứng nhận kiểm định":"3110VTTG2025VLMT11","Có giá trị đến":"10/31/30 12:00:00 AM","layer_id":165,"fid":10125,"label":"MobiFone Vĩnh Long"}},{"type":"Feature","geometry":{"type":"Point","coordinates":[106.0436,10.182]},"properties":{"Tên doanh nghiệp":"MobiFone Vĩnh Long","Tên trạm BTS":"VLMT12","Địa chỉ lắp đặt":"Ấp Phước Tường A, xã Bình Phước, tỉnh Vĩnh Long","Trạm 3G":"3G","Số giấy chứng nhận kiểm định":"3110VTTG2025VLMT12","Có giá trị đến":"10/31/30 12:00:00 AM","layer_id":165,"fid":10126,"label":"MobiFone Vĩnh Long"}},{"type":"Feature","geometry":{"type":"Point","coordinates":[106.0222,10.2026]},"properties":{"Tên doanh nghiệp":"MobiFone Vĩnh Long","Tên trạm BTS":"VLMT13","Địa chỉ lắp đặt":"Ấp Bình Tịnh B, xã Bình Phước, tỉnh Vĩnh Long","Trạm 3G":"3G","Số giấy chứng nhận kiểm định":"3110VTTG2025VLMT13","Có giá trị đến":"10/31/30 12:00:00 AM","layer_id":165,"fid":10127,"label":"MobiFone Vĩnh Long"}},{"type":"Feature","geometry":{"type":"Point","coordinates":[106.0044,10.2141]},"properties":{"Tên doanh nghiệp":"MobiFone Vĩnh Long","Tên trạm BTS":"VLMT14","Địa chỉ lắp đặt":"Ấp Long Hòa 1, xã Bình Phước, tỉnh Vĩnh Long","Trạm 3G":"3G","Số giấy chứng nhận kiểm định":"B04044210720TG05","Có giá trị đến":"7/21/25 12:00:00 AM","layer_id":165,"fid":10128,"label":"MobiFone Vĩnh Long"}},{"type":"Feature","geometry":{"type":"Point","coordinates":[106.1523,10.1867]},"properties":{"Tên doanh nghiệp":"MobiFone Vĩnh Long","Tên trạm BTS":"VLMT15","Địa chỉ lắp đặt":"Tổ 14, Ấp Mỹ Hạnh, xã Cái Nhum, tỉnh Vĩnh Long","Trạm 3G":"3G","Số giấy chứng nhận kiểm định":"3110VTTG2025VLMT15","Có giá trị đến":"10/31/30 12:00:00 AM","layer_id":165,"fid":10129,"label":"MobiFone Vĩnh Long"}},{"type":"Feature","geometry":{"type":"Point","coordinates":[106.1264,10.1912]},"properties":{"Tên doanh nghiệp":"MobiFone Vĩnh Long","Tên trạm BTS":"VLMT16","Địa chỉ lắp đặt":"Ấp Phước Thuỷ, xã Cái Nhum, tỉnh Vĩnh Long","Trạm 3G":"3G","Số giấy chứng nhận kiểm định":"A05751150321TG05","Có giá trị đến":"3/15/26 12:00:00 AM","layer_id":165,"fid":10130,"label":"MobiFone Vĩnh Long"}},{"type":"Feature","geometry":{"type":"Point","coordinates":[106.098,10.1929]},"properties":{"Tên doanh nghiệp":"MobiFone Vĩnh Long","Tên trạm BTS":"VLMT17","Địa chỉ lắp đặt":"Ấp Nhì A, xã Cái Nhum, tỉnh Vĩnh Long","Trạm 3G":"3G","Số giấy chứng nhận kiểm định":"A03154100222TG05","Có giá trị đến":"2/10/27 12:00:00 AM","layer_id":165,"fid":10131,"label":"MobiFone Vĩnh Long"}},{"type":"Feature","geometry":{"type":"Point","coordinates":[106.1062,10.1757]},"properties":{"Tên doanh nghiệp":"MobiFone Vĩnh Long","Tên trạm BTS":"VLMT18","Địa chỉ lắp đặt":"Đường 30/4, khóm 2, xã Cái Nhum, tỉnh Vĩnh Long","Trạm 3G":"3G","Số giấy chứng nhận kiểm định":"A26552080621TG05","Có giá trị đến":"6/8/26 12:00:00 AM","layer_id":165,"fid":10132,"label":"MobiFone Vĩnh Long"}},{"type":"Feature","geometry":{"type":"Point","coordinates":[106.1161,10.1779]},"properties":{"Tên doanh nghiệp":"MobiFone Vĩnh Long","Tên trạm BTS":"VLMT19","Địa chỉ lắp đặt":"Khóm 3, xã Cái Nhum, tỉnh Vĩnh Long","Trạm 3G":"3G","Số giấy chứng nhận kiểm định":"B04041210720TG05","Có giá trị đến":"7/21/25 12:00:00 AM","layer_id":165,"fid":10133,"label":"MobiFone Vĩnh Long"}},{"type":"Feature","geometry":{"type":"Point","coordinates":[106.069,10.2209]},"properties":{"Tên doanh nghiệp":"MobiFone Vĩnh Long","Tên trạm BTS":"VLMT20","Địa chỉ lắp đặt":"Ấp Phú Hoà, xã Nhơn Phú, tỉnh Vĩnh Long","Trạm 3G":"3G","Số giấy chứng nhận kiểm định":"A03153100222TG05","Có giá trị đến":"2/10/27 12:00:00 AM","layer_id":165,"fid":10134,"label":"MobiFone Vĩnh Long"}},{"type":"Feature","geometry":{"type":"Point","coordinates":[106.0614,10.2398]},"properties":{"Tên doanh nghiệp":"MobiFone Vĩnh Long","Tên trạm BTS":"VLMT21","Địa chỉ lắp đặt":"Ấp Cái Cạn, xã Nhơn Phú, tỉnh Vĩnh Long","Trạm 3G":"3G","Số giấy chứng nhận kiểm định":"3110VTTG2025VLMT21","Có giá trị đến":"10/31/30 12:00:00 AM","layer_id":165,"fid":10135,"label":"MobiFone Vĩnh Long"}},{"type":"Feature","geometry":{"type":"Point","coordinates":[106.1203,10.2179]},"properties":{"Tên doanh nghiệp":"MobiFone Vĩnh Long","Tên trạm BTS":"VLMT22","Địa chỉ lắp đặt":"Ấp Định Thới B, xã Cái Nhum, tỉnh Vĩnh Long","Trạm 3G":"3G","Số giấy chứng nhận kiểm định":"3110VTTG2025VLMT22","Có giá trị đến":"10/31/30 12:00:00 AM","layer_id":165,"fid":10136,"label":"MobiFone Vĩnh Long"}},{"type":"Feature","geometry":{"type":"Point","coordinates":[106.072,10.1864]},"properties":{"Tên doanh nghiệp":"MobiFone Vĩnh Long","Tên trạm BTS":"VLMT23","Địa chỉ lắp đặt":"Ấp Phú Thạnh C, xã Nhơn Phú, tỉnh Vĩnh Long","Trạm 3G":"3G","Số giấy chứng nhận kiểm định":"3110VTTG2025VLMT23","Có giá trị đến":"10/31/30 12:00:00 AM","layer_id":165,"fid":10137,"label":"MobiFone Vĩnh Long"}},{"type":"Feature","geometry":{"type":"Point","coordinates":[106.0622,10.1529]},"properties":{"Tên doanh nghiệp":"MobiFone Vĩnh Long","Tên trạm BTS":"VLMT24","Địa chỉ lắp đặt":"Ấp Thanh Bình, xã Tân Long Hội, tỉnh Vĩnh Long","Trạm 3G":"3G","Số giấy chứng nhận kiểm định":"3110VTTG2025VLMT24","Có giá trị đến":"10/31/30 12:00:00 AM","layer_id":165,"fid":10138,"label":"MobiFone Vĩnh Long"}},{"type":"Feature","geometry":{"type":"Point","coordinates":[106.10303,10.231518]},"properties":{"Tên doanh nghiệp":"MobiFone Vĩnh Long","Tên trạm BTS":"VLMT25","Địa chỉ lắp đặt":"306, Tổ 18, Ấp Cái Kè, xã Mỹ Phước, tỉnh Vĩnh Long","Trạm 3G":"3G","Số giấy chứng nhận kiểm định":"3110VTTG2025VLMT25","Có giá trị đến":"10/31/30 12:00:00 AM","layer_id":165,"fid":10139,"label":"MobiFone Vĩnh Long"}},{"type":"Feature","geometry":{"type":"Point","coordinates":[106.1365,10.1739]},"properties":{"Tên doanh nghiệp":"MobiFone Vĩnh Long","Tên trạm BTS":"VLMT26","Địa chỉ lắp đặt":"Ấp Chánh Hòa, xã Cái Nhum, tỉnh Vĩnh Long","Trạm 3G":"3G","Số giấy chứng nhận kiểm định":"3110VTTG2025VLMT26","Có giá trị đến":"10/31/30 12:00:00 AM","layer_id":165,"fid":10140,"label":"MobiFone Vĩnh Long"}},{"type":"Feature","geometry":{"type":"Point","coordinates":[106.035,10.2439]},"properties":{"Tên doanh nghiệp":"MobiFone Vĩnh Long","Tên trạm BTS":"VLMT27","Địa chỉ lắp đặt":"Ấp An Hương 1, xã Nhơn Phú, tỉnh Vĩnh Long","Trạm 3G":"3G","Số giấy chứng nhận kiểm định":"3110VTTG2025VLMT27","Có giá trị đến":"10/31/30 12:00:00 AM","layer_id":165,"fid":10141,"label":"MobiFone Vĩnh Long"}},{"type":"Feature","geometry":{"type":"Point","coordinates":[106.0753,10.1215]},"properties":{"Tên doanh nghiệp":"MobiFone Vĩnh Long","Tên trạm BTS":"VLMT28","Địa chỉ lắp đặt":"Ấp Thanh Phong, xã Tân Long Hội, tỉnh Vĩnh Long","Trạm 3G":"3G","Số giấy chứng nhận kiểm định":"3110VTTG2025VLMT28","Có giá trị đến":"10/31/30 12:00:00 AM","layer_id":165,"fid":10142,"label":"MobiFone Vĩnh Long"}},{"type":"Feature","geometry":{"type":"Point","coordinates":[106.27399,10.308646]},"properties":{"Tên doanh nghiệp":"Viễn thông Vĩnh Long","Tên trạm BTS":"Phu-Tuc-BTE","Địa chỉ lắp đặt":"Phú Túc, Vĩnh Long","Trạm 3G":"3G","Số giấy chứng nhận kiểm định":null,"Có giá trị đến":"23/08/2029","layer_id":165,"fid":11320,"label":"Viễn thông Vĩnh Long"}},{"type":"Feature","geometry":{"type":"Point","coordinates":[106.0378,10.201]},"properties":{"Tên doanh nghiệp":"MobiFone Vĩnh Long","Tên trạm BTS":"VLMT29","Địa chỉ lắp đặt":"Ấp Thiềng Long 1, xã Bình Phước, tỉnh Vĩnh Long","Trạm 3G":"3G","Số giấy chứng nhận kiểm định":"3110VTTG2025VLMT29","Có giá trị đến":"10/31/30 12:00:00 AM","layer_id":165,"fid":10143,"label":"MobiFone Vĩnh Long"}},{"type":"Feature","geometry":{"type":"Point","coordinates":[106.1121,10.2044]},"properties":{"Tên doanh nghiệp":"MobiFone Vĩnh Long","Tên trạm BTS":"VLMT30","Địa chỉ lắp đặt":"Ấp Phú Hội, xã Cái Nhum, tỉnh Vĩnh Long","Trạm 3G":"3G","Số giấy chứng nhận kiểm định":"3110VTTG2025VLMT30","Có giá trị đến":"10/31/30 12:00:00 AM","layer_id":165,"fid":10144,"label":"MobiFone Vĩnh Long"}},{"type":"Feature","geometry":{"type":"Point","coordinates":[106.0593801,10.1726839]},"properties":{"Tên doanh nghiệp":"MobiFone Vĩnh Long","Tên trạm BTS":"VLMT31","Địa chỉ lắp đặt":"Ấp Phước Thới A, xã Bình Phước, tỉnh Vĩnh Long","Trạm 3G":"3G","Số giấy chứng nhận kiểm định":"3110VTTG2025VLMT31","Có giá trị đến":"10/31/30 12:00:00 AM","layer_id":165,"fid":10145,"label":"MobiFone Vĩnh Long"}},{"type":"Feature","geometry":{"type":"Point","coordinates":[106.0596,10.199]},"properties":{"Tên doanh nghiệp":"MobiFone Vĩnh Long","Tên trạm BTS":"VLMT32","Địa chỉ lắp đặt":"Tổ Ấp Phú Thạnh C, xã Nhơn Phú, tỉnh Vĩnh Long","Trạm 3G":"3G","Số giấy chứng nhận kiểm định":"3110VTTG2025VLMT32","Có giá trị đến":"10/31/30 12:00:00 AM","layer_id":165,"fid":10146,"label":"MobiFone Vĩnh Long"}},{"type":"Feature","geometry":{"type":"Point","coordinates":[106.65507,10.07421]},"properties":{"Tên doanh nghiệp":"Viễn thông Vĩnh Long","Tên trạm BTS":"Bao-Thanh-BTE","Địa chỉ lắp đặt":"Bảo Thạnh, Vĩnh Long","Trạm 3G":"3G","Số giấy chứng nhận kiểm định":null,"Có giá trị đến":"10/04/2028","layer_id":165,"fid":11273,"label":"Viễn thông Vĩnh Long"}},{"type":"Feature","geometry":{"type":"Point","coordinates":[106.0237,10.2496]},"properties":{"Tên doanh nghiệp":"MobiFone Vĩnh Long","Tên trạm BTS":"VLMT33","Địa chỉ lắp đặt":"Ấp Hưng Lợi, xã Nhơn Phú, tỉnh Vĩnh Long","Trạm 3G":"3G","Số giấy chứng nhận kiểm định":"3110VTTG2025VLMT33","Có giá trị đến":"10/31/30 12:00:00 AM","layer_id":165,"fid":10147,"label":"MobiFone Vĩnh Long"}},{"type":"Feature","geometry":{"type":"Point","coordinates":[106.022,10.2266]},"properties":{"Tên doanh nghiệp":"MobiFone Vĩnh Long","Tên trạm BTS":"VLMT34","Địa chỉ lắp đặt":"Ấp An Hưng, xã Nhơn Phú, tỉnh Vĩnh Long","Trạm 3G":"3G","Số giấy chứng nhận kiểm định":"3110VTTG2025VLMT34","Có giá trị đến":"10/31/30 12:00:00 AM","layer_id":165,"fid":10148,"label":"MobiFone Vĩnh Long"}},{"type":"Feature","geometry":{"type":"Point","coordinates":[106.075,10.143]},"properties":{"Tên doanh nghiệp":"MobiFone Vĩnh Long","Tên trạm BTS":"VLMT35","Địa chỉ lắp đặt":"Ấp Tân Qui, xã Tân Long Hội, tỉnh Vĩnh Long","Trạm 3G":"3G","Số giấy chứng nhận kiểm định":"3110VTTG2025VLMT35","Có giá trị đến":"10/31/30 12:00:00 AM","layer_id":165,"fid":10149,"label":"MobiFone Vĩnh Long"}},{"type":"Feature","geometry":{"type":"Point","coordinates":[106.0964,10.161]},"properties":{"Tên doanh nghiệp":"MobiFone Vĩnh Long","Tên trạm BTS":"VLMT36","Địa chỉ lắp đặt":"Ấp An Hội 1, xã Tân Long Hội, tỉnh Vĩnh Long","Trạm 3G":"3G","Số giấy chứng nhận kiểm định":"3110VTTG2025VLMT36","Có giá trị đến":"10/31/30 12:00:00 AM","layer_id":165,"fid":10150,"label":"MobiFone Vĩnh Long"}},{"type":"Feature","geometry":{"type":"Point","coordinates":[106.0286,10.1872]},"properties":{"Tên doanh nghiệp":"MobiFone Vĩnh Long","Tên trạm BTS":"VLMT37","Địa chỉ lắp đặt":"Ấp Phước Thọ, xã Bình Phước, tỉnh Vĩnh Long","Trạm 3G":"3G","Số giấy chứng nhận kiểm định":"3110VTTG2025VLMT37","Có giá trị đến":"10/31/30 12:00:00 AM","layer_id":165,"fid":10151,"label":"MobiFone Vĩnh Long"}},{"type":"Feature","geometry":{"type":"Point","coordinates":[106.04153,10.15236]},"properties":{"Tên doanh nghiệp":"MobiFone Vĩnh Long","Tên trạm BTS":"VLMT38","Địa chỉ lắp đặt":"Ấp Tân Bình, xã Tân Long Hội, tỉnh Vĩnh Long","Trạm 3G":"3G","Số giấy chứng nhận kiểm định":"3110VTTG2025VLMT38","Có giá trị đến":"10/31/30 12:00:00 AM","layer_id":165,"fid":10152,"label":"MobiFone Vĩnh Long"}},{"type":"Feature","geometry":{"type":"Point","coordinates":[106.04128,10.13945]},"properties":{"Tên doanh nghiệp":"MobiFone Vĩnh Long","Tên trạm BTS":"VLMT39","Địa chỉ lắp đặt":"Ấp Ngã Ngay, xã Tân Long Hội, tỉnh Vĩnh Long","Trạm 3G":"3G","Số giấy chứng nhận kiểm định":"3110VTTG2025VLMT39","Có giá trị đến":"10/31/30 12:00:00 AM","layer_id":165,"fid":10153,"label":"MobiFone Vĩnh Long"}},{"type":"Feature","geometry":{"type":"Point","coordinates":[106.0883616,10.2126434]},"properties":{"Tên doanh nghiệp":"MobiFone Vĩnh Long","Tên trạm BTS":"VLMT40","Địa chỉ lắp đặt":"Ấpp Phú Thọ, xã Nhơn Phú, tỉnh Vĩnh Long","Trạm 3G":"3G","Số giấy chứng nhận kiểm định":"3110VTTG2025VLMT40","Có giá trị đến":"10/31/30 12:00:00 AM","layer_id":165,"fid":10154,"label":"MobiFone Vĩnh Long"}},{"type":"Feature","geometry":{"type":"Point","coordinates":[106.09037,10.17531]},"properties":{"Tên doanh nghiệp":"MobiFone Vĩnh Long","Tên trạm BTS":"VLMT41","Địa chỉ lắp đặt":"Ấp Chánh Thuận, xã Nhơn Phú, tỉnh Vĩnh Long","Trạm 3G":"3G","Số giấy chứng nhận kiểm định":"3110VTTG2025VLMT41","Có giá trị đến":"10/31/30 12:00:00 AM","layer_id":165,"fid":10155,"label":"MobiFone Vĩnh Long"}},{"type":"Feature","geometry":{"type":"Point","coordinates":[106.05076,10.21364]},"properties":{"Tên doanh nghiệp":"MobiFone Vĩnh Long","Tên trạm BTS":"VLMT42","Địa chỉ lắp đặt":"Ấp Bình Hòa 1, xã Bình Phước, tỉnh Vĩnh Long","Trạm 3G":"3G","Số giấy chứng nhận kiểm định":"3110VTTG2025VLMT42","Có giá trị đến":"10/31/30 12:00:00 AM","layer_id":165,"fid":10156,"label":"MobiFone Vĩnh Long"}},{"type":"Feature","geometry":{"type":"Point","coordinates":[106.045286,10.23133]},"properties":{"Tên doanh nghiệp":"MobiFone Vĩnh Long","Tên trạm BTS":"VLMT43","Địa chỉ lắp đặt":"Ấp Hòa Long, xã Nhơn Phú, tỉnh Vĩnh Long","Trạm 3G":"3G","Số giấy chứng nhận kiểm định":"3110VTTG2025VLMT43","Có giá trị đến":"10/31/30 12:00:00 AM","layer_id":165,"fid":10157,"label":"MobiFone Vĩnh Long"}},{"type":"Feature","geometry":{"type":"Point","coordinates":[106.013206,10.219257]},"properties":{"Tên doanh nghiệp":"MobiFone Vĩnh Long","Tên trạm BTS":"VLMT44","Địa chỉ lắp đặt":"Ấp Long Hòa 2, xã Bình Phước, tỉnh Vĩnh Long","Trạm 3G":"3G","Số giấy chứng nhận kiểm định":"3110VTTG2025VLMT44","Có giá trị đến":"10/31/30 12:00:00 AM","layer_id":165,"fid":10158,"label":"MobiFone Vĩnh Long"}},{"type":"Feature","geometry":{"type":"Point","coordinates":[106.165511,10.176879]},"properties":{"Tên doanh nghiệp":"MobiFone Vĩnh Long","Tên trạm BTS":"VLMT45","Địa chỉ lắp đặt":"Ấp Vàm Lịch, xã Cái Nhum, tỉnh Vĩnh Long","Trạm 3G":"3G","Số giấy chứng nhận kiểm định":"3110VTTG2025VLMT45","Có giá trị đến":"10/31/30 12:00:00 AM","layer_id":165,"fid":10159,"label":"MobiFone Vĩnh Long"}},{"type":"Feature","geometry":{"type":"Point","coordinates":[10.1341,106.0654]},"properties":{"Tên doanh nghiệp":"MobiFone Vĩnh Long","Tên trạm BTS":"VLMT46","Địa chỉ lắp đặt":"Ấp Tân Phong 1, xã Tân Long Hội, tỉnh Vĩnh Long","Trạm 3G":"3G","Số giấy chứng nhận kiểm định":"3110VTTG2025VLMT46","Có giá trị đến":"10/31/30 12:00:00 AM","layer_id":165,"fid":10160,"label":"MobiFone Vĩnh Long"}},{"type":"Feature","geometry":{"type":"Point","coordinates":[105.893,10.1113]},"properties":{"Tên doanh nghiệp":"MobiFone Vĩnh Long","Tên trạm BTS":"VLTB01","Địa chỉ lắp đặt":"Ấp Phú Trường, xã Song Phú, tỉnh Vĩnh Long","Trạm 3G":"3G","Số giấy chứng nhận kiểm định":"A14457261124TG05","Có giá trị đến":"12/2/29 12:00:00 AM","layer_id":165,"fid":10161,"label":"MobiFone Vĩnh Long"}},{"type":"Feature","geometry":{"type":"Point","coordinates":[105.9319,10.1022]},"properties":{"Tên doanh nghiệp":"MobiFone Vĩnh Long","Tên trạm BTS":"VLTB02","Địa chỉ lắp đặt":"Ấp 5, xã Cái Ngang, tỉnh Vĩnh Long","Trạm 3G":"3G","Số giấy chứng nhận kiểm định":"3110VTTG2025VLTB02","Có giá trị đến":"10/31/30 12:00:00 AM","layer_id":165,"fid":10162,"label":"MobiFone Vĩnh Long"}},{"type":"Feature","geometry":{"type":"Point","coordinates":[105.900225,10.1197977]},"properties":{"Tên doanh nghiệp":"MobiFone Vĩnh Long","Tên trạm BTS":"VLTB03","Địa chỉ lắp đặt":"Ấp Phú Hòa, xã Song Phú, tỉnh Vĩnh Long","Trạm 3G":"3G","Số giấy chứng nhận kiểm định":"A04200180325TG05","Có giá trị đến":"3/18/30 12:00:00 AM","layer_id":165,"fid":10163,"label":"MobiFone Vĩnh Long"}},{"type":"Feature","geometry":{"type":"Point","coordinates":[106.0446,10.1214]},"properties":{"Tên doanh nghiệp":"MobiFone Vĩnh Long","Tên trạm BTS":"VLTB04","Địa chỉ lắp đặt":"Ấp Thạnh Trí, xã Hòa Hiệp, tỉnh Vĩnh Long","Trạm 3G":"3G","Số giấy chứng nhận kiểm định":"3110VTTG2025VLTB04","Có giá trị đến":"10/31/30 12:00:00 AM","layer_id":165,"fid":10164,"label":"MobiFone Vĩnh Long"}},{"type":"Feature","geometry":{"type":"Point","coordinates":[105.9097,10.08]},"properties":{"Tên doanh nghiệp":"MobiFone Vĩnh Long","Tên trạm BTS":"VLTB05","Địa chỉ lắp đặt":"Ấp Phú Sơn A, xã Song Phú, tỉnh Vĩnh Long","Trạm 3G":"3G","Số giấy chứng nhận kiểm định":"0107VTTG2025VLTB05","Có giá trị đến":"7/1/30 12:00:00 AM","layer_id":165,"fid":10165,"label":"MobiFone Vĩnh Long"}},{"type":"Feature","geometry":{"type":"Point","coordinates":[105.9566,10.057]},"properties":{"Tên doanh nghiệp":"MobiFone Vĩnh Long","Tên trạm BTS":"VLTB06","Địa chỉ lắp đặt":"Ấp Mỹ Phú 3, xã Tam Bình, tỉnh Vĩnh Long","Trạm 3G":"3G","Số giấy chứng nhận kiểm định":"3110VTTG2025VLTB06","Có giá trị đến":"10/31/30 12:00:00 AM","layer_id":165,"fid":10166,"label":"MobiFone Vĩnh Long"}},{"type":"Feature","geometry":{"type":"Point","coordinates":[105.9687,10.1499]},"properties":{"Tên doanh nghiệp":"MobiFone Vĩnh Long","Tên trạm BTS":"VLTB07","Địa chỉ lắp đặt":"Ấp 01, xã Cái Ngang, tỉnh Vĩnh Long","Trạm 3G":"3G","Số giấy chứng nhận kiểm định":"3110VTTG2025VLTB07","Có giá trị đến":"10/31/30 12:00:00 AM","layer_id":165,"fid":10167,"label":"MobiFone Vĩnh Long"}},{"type":"Feature","geometry":{"type":"Point","coordinates":[106.0016,10.085]},"properties":{"Tên doanh nghiệp":"MobiFone Vĩnh Long","Tên trạm BTS":"VLTB08","Địa chỉ lắp đặt":"Ấp Mỹ Hòa, xã Hòa Hiệp, tỉnh Vĩnh Long","Trạm 3G":"3G","Số giấy chứng nhận kiểm định":"3110VTTG2025VLTB08","Có giá trị đến":"10/31/30 12:00:00 AM","layer_id":165,"fid":10168,"label":"MobiFone Vĩnh Long"}},{"type":"Feature","geometry":{"type":"Point","coordinates":[105.9821,10.0222]},"properties":{"Tên doanh nghiệp":"MobiFone Vĩnh Long","Tên trạm BTS":"VLTB09","Địa chỉ lắp đặt":"Ấp Tân Nguyên, xã Ngãi Tứ, tỉnh Vĩnh Long","Trạm 3G":"3G","Số giấy chứng nhận kiểm định":"3110VTTG2025VLTB09","Có giá trị đến":"10/31/30 12:00:00 AM","layer_id":165,"fid":10169,"label":"MobiFone Vĩnh Long"}},{"type":"Feature","geometry":{"type":"Point","coordinates":[105.9667,10.1117]},"properties":{"Tên doanh nghiệp":"MobiFone Vĩnh Long","Tên trạm BTS":"VLTB10","Địa chỉ lắp đặt":"Ấp Mỹ Phú, xã Cái Ngang, tỉnh Vĩnh Long","Trạm 3G":"3G","Số giấy chứng nhận kiểm định":"B04063210720TG05","Có giá trị đến":"7/21/25 12:00:00 AM","layer_id":165,"fid":10170,"label":"MobiFone Vĩnh Long"}},{"type":"Feature","geometry":{"type":"Point","coordinates":[105.9556,10.0244]},"properties":{"Tên doanh nghiệp":"MobiFone Vĩnh Long","Tên trạm BTS":"VLTB11","Địa chỉ lắp đặt":"Ấp Kỳ Sơn, xã Ngãi Tứ, tỉnh Vĩnh Long","Trạm 3G":"3G","Số giấy chứng nhận kiểm định":"3110VTTG2025VLTB11","Có giá trị đến":"10/31/30 12:00:00 AM","layer_id":165,"fid":10171,"label":"MobiFone Vĩnh Long"}},{"type":"Feature","geometry":{"type":"Point","coordinates":[105.9121,10.0129]},"properties":{"Tên doanh nghiệp":"MobiFone Vĩnh Long","Tên trạm BTS":"VLTB12","Địa chỉ lắp đặt":"Ấp Nhất, xã Ngãi Tứ, tỉnh Vĩnh Long","Trạm 3G":"3G","Số giấy chứng nhận kiểm định":"3110VTTG2025VLTB12","Có giá trị đến":"10/31/30 12:00:00 AM","layer_id":165,"fid":10172,"label":"MobiFone Vĩnh Long"}},{"type":"Feature","geometry":{"type":"Point","coordinates":[105.9027,10.0471]},"properties":{"Tên doanh nghiệp":"MobiFone Vĩnh Long","Tên trạm BTS":"VLTB13","Địa chỉ lắp đặt":"Ấp Bình Ninh, xã Ngãi Tứ, tỉnh Vĩnh Long","Trạm 3G":"3G","Số giấy chứng nhận kiểm định":"3110VTTG2025VLTB13","Có giá trị đến":"10/31/30 12:00:00 AM","layer_id":165,"fid":10173,"label":"MobiFone Vĩnh Long"}},{"type":"Feature","geometry":{"type":"Point","coordinates":[106.0113,10.0648]},"properties":{"Tên doanh nghiệp":"MobiFone Vĩnh Long","Tên trạm BTS":"VLTB14","Địa chỉ lắp đặt":"Ấp Tường Nhơn B, xã Tam Bình, tỉnh Vĩnh Long","Trạm 3G":"3G","Số giấy chứng nhận kiểm định":"3110VTTG2025VLTB14","Có giá trị đến":"10/31/30 12:00:00 AM","layer_id":165,"fid":10174,"label":"MobiFone Vĩnh Long"}},{"type":"Feature","geometry":{"type":"Point","coordinates":[105.9996,10.0489]},"properties":{"Tên doanh nghiệp":"MobiFone Vĩnh Long","Tên trạm BTS":"VLTB15","Địa chỉ lắp đặt":"Khóm 3, xã Tam Bình, tỉnh Vĩnh Long","Trạm 3G":"3G","Số giấy chứng nhận kiểm định":"A00473120122TG05","Có giá trị đến":"1/12/27 12:00:00 AM","layer_id":165,"fid":10175,"label":"MobiFone Vĩnh Long"}},{"type":"Feature","geometry":{"type":"Point","coordinates":[105.9029,9.9786]},"properties":{"Tên doanh nghiệp":"MobiFone Vĩnh Long","Tên trạm BTS":"VLTB16","Địa chỉ lắp đặt":"Ấp Đông Hậu, xã Ngãi Tứ, tỉnh Vĩnh Long","Trạm 3G":"3G","Số giấy chứng nhận kiểm định":"3110VTTG2025VLTB16","Có giá trị đến":"10/31/30 12:00:00 AM","layer_id":165,"fid":10176,"label":"MobiFone Vĩnh Long"}},{"type":"Feature","geometry":{"type":"Point","coordinates":[105.88,10.0973]},"properties":{"Tên doanh nghiệp":"MobiFone Vĩnh Long","Tên trạm BTS":"VLTB17","Địa chỉ lắp đặt":"Ấp Phú Ninh, xã Song Phú, tỉnh Vĩnh Long","Trạm 3G":"3G","Số giấy chứng nhận kiểm định":"A03160100222TG05","Có giá trị đến":"2/10/27 12:00:00 AM","layer_id":165,"fid":10177,"label":"MobiFone Vĩnh Long"}},{"type":"Feature","geometry":{"type":"Point","coordinates":[105.9784,10.0773]},"properties":{"Tên doanh nghiệp":"MobiFone Vĩnh Long","Tên trạm BTS":"VLTB18","Địa chỉ lắp đặt":"Ấp Mỹ Hưng, xã Tam Bình, tỉnh Vĩnh Long","Trạm 3G":"3G","Số giấy chứng nhận kiểm định":"3110VTTG2025VLTB18","Có giá trị đến":"10/31/30 12:00:00 AM","layer_id":165,"fid":10178,"label":"MobiFone Vĩnh Long"}},{"type":"Feature","geometry":{"type":"Point","coordinates":[105.9159,10.1104]},"properties":{"Tên doanh nghiệp":"MobiFone Vĩnh Long","Tên trạm BTS":"VLTB19","Địa chỉ lắp đặt":"Ấp Phú Ninh, xã Song Phú, tỉnh Vĩnh Long","Trạm 3G":"3G","Số giấy chứng nhận kiểm định":"3110VTTG2025VLTB19","Có giá trị đến":"10/31/30 12:00:00 AM","layer_id":165,"fid":10179,"label":"MobiFone Vĩnh Long"}},{"type":"Feature","geometry":{"type":"Point","coordinates":[105.8839,10.1495]},"properties":{"Tên doanh nghiệp":"MobiFone Vĩnh Long","Tên trạm BTS":"VLTB20","Địa chỉ lắp đặt":"Ấp Phú Bình, xã Song Phú, tỉnh Vĩnh Long","Trạm 3G":"3G","Số giấy chứng nhận kiểm định":"3110VTTG2025VLTB20","Có giá trị đến":"10/31/30 12:00:00 AM","layer_id":165,"fid":10180,"label":"MobiFone Vĩnh Long"}},{"type":"Feature","geometry":{"type":"Point","coordinates":[105.994,10.1339]},"properties":{"Tên doanh nghiệp":"MobiFone Vĩnh Long","Tên trạm BTS":"VLTB21","Địa chỉ lắp đặt":"Ấp Tân Lợi, xã Cái Ngang, tỉnh Vĩnh Long","Trạm 3G":"3G","Số giấy chứng nhận kiểm định":"3110VTTG2025VLTB21","Có giá trị đến":"10/31/30 12:00:00 AM","layer_id":165,"fid":10181,"label":"MobiFone Vĩnh Long"}},{"type":"Feature","geometry":{"type":"Point","coordinates":[106.0457,10.0943]},"properties":{"Tên doanh nghiệp":"MobiFone Vĩnh Long","Tên trạm BTS":"VLTB22","Địa chỉ lắp đặt":"Ấp 6, xã Hòa Hiệp, tỉnh Vĩnh Long","Trạm 3G":"3G","Số giấy chứng nhận kiểm định":"3110VTTG2025VLTB22","Có giá trị đến":"10/31/30 12:00:00 AM","layer_id":165,"fid":10182,"label":"MobiFone Vĩnh Long"}},{"type":"Feature","geometry":{"type":"Point","coordinates":[106.0164,10.0942]},"properties":{"Tên doanh nghiệp":"MobiFone Vĩnh Long","Tên trạm BTS":"VLTB23","Địa chỉ lắp đặt":"Ấp Cái Cui, xã Hòa Hiệp, tỉnh Vĩnh Long","Trạm 3G":"3G","Số giấy chứng nhận kiểm định":"3110VTTG2025VLTB23","Có giá trị đến":"10/31/30 12:00:00 AM","layer_id":165,"fid":10183,"label":"MobiFone Vĩnh Long"}},{"type":"Feature","geometry":{"type":"Point","coordinates":[105.9368,10.0664]},"properties":{"Tên doanh nghiệp":"MobiFone Vĩnh Long","Tên trạm BTS":"VLTB25","Địa chỉ lắp đặt":"Ấp Mỹ Phú Tân, xã Tam Bình, tỉnh Vĩnh Long","Trạm 3G":"3G","Số giấy chứng nhận kiểm định":"3110VTTG2025VLTB25","Có giá trị đến":"10/31/30 12:00:00 AM","layer_id":165,"fid":10184,"label":"MobiFone Vĩnh Long"}},{"type":"Feature","geometry":{"type":"Point","coordinates":[105.9140431,9.9938813]},"properties":{"Tên doanh nghiệp":"MobiFone Vĩnh Long","Tên trạm BTS":"VLTB26","Địa chỉ lắp đặt":"Ấp Nhất, xã Ngãi Tứ, tỉnh Vĩnh Long","Trạm 3G":"3G","Số giấy chứng nhận kiểm định":"3110VTTG2025VLTB26","Có giá trị đến":"10/31/30 12:00:00 AM","layer_id":165,"fid":10185,"label":"MobiFone Vĩnh Long"}},{"type":"Feature","geometry":{"type":"Point","coordinates":[105.949,10.1347]},"properties":{"Tên doanh nghiệp":"MobiFone Vĩnh Long","Tên trạm BTS":"VLTB27","Địa chỉ lắp đặt":"Ấp 3B, xã Cái Ngang, tỉnh Vĩnh Long","Trạm 3G":"3G","Số giấy chứng nhận kiểm định":"3110VTTG2025VLTB27","Có giá trị đến":"10/31/30 12:00:00 AM","layer_id":165,"fid":10186,"label":"MobiFone Vĩnh Long"}},{"type":"Feature","geometry":{"type":"Point","coordinates":[105.9902,10.0578]},"properties":{"Tên doanh nghiệp":"MobiFone Vĩnh Long","Tên trạm BTS":"VLTB28","Địa chỉ lắp đặt":"Ấp Mỹ Trung 2, xã Tam Bình, tỉnh Vĩnh Long","Trạm 3G":"3G","Số giấy chứng nhận kiểm định":"3110VTTG2025VLTB28","Có giá trị đến":"10/31/30 12:00:00 AM","layer_id":165,"fid":10187,"label":"MobiFone Vĩnh Long"}},{"type":"Feature","geometry":{"type":"Point","coordinates":[105.9648,10.1305]},"properties":{"Tên doanh nghiệp":"MobiFone Vĩnh Long","Tên trạm BTS":"VLTB29","Địa chỉ lắp đặt":"Ấp Kinh Ngay, xã Cái Ngang, tỉnh Vĩnh Long","Trạm 3G":"3G","Số giấy chứng nhận kiểm định":"3110VTTG2025VLTB29","Có giá trị đến":"10/31/30 12:00:00 AM","layer_id":165,"fid":10188,"label":"MobiFone Vĩnh Long"}},{"type":"Feature","geometry":{"type":"Point","coordinates":[105.891,10.0888]},"properties":{"Tên doanh nghiệp":"MobiFone Vĩnh Long","Tên trạm BTS":"VLTB30","Địa chỉ lắp đặt":"Tổ 5, Ấp Phú Thọ, xã Song Phú, tỉnh Vĩnh Long","Trạm 3G":"3G","Số giấy chứng nhận kiểm định":"3110VTTG2025VLTB30","Có giá trị đến":"10/31/30 12:00:00 AM","layer_id":165,"fid":10189,"label":"MobiFone Vĩnh Long"}},{"type":"Feature","geometry":{"type":"Point","coordinates":[105.9654,10.0092]},"properties":{"Tên doanh nghiệp":"MobiFone Vĩnh Long","Tên trạm BTS":"VLTB31","Địa chỉ lắp đặt":"Ấp Đại Nghĩa, xã Ngãi Tứ, tỉnh Vĩnh Long","Trạm 3G":"3G","Số giấy chứng nhận kiểm định":"3110VTTG2025VLTB31","Có giá trị đến":"10/31/30 12:00:00 AM","layer_id":165,"fid":10190,"label":"MobiFone Vĩnh Long"}},{"type":"Feature","geometry":{"type":"Point","coordinates":[105.9166,10.1311]},"properties":{"Tên doanh nghiệp":"MobiFone Vĩnh Long","Tên trạm BTS":"VLTB32","Địa chỉ lắp đặt":"Số 79, Ấp Phú Lợi, xã Song Phú, tỉnh Vĩnh Long","Trạm 3G":"3G","Số giấy chứng nhận kiểm định":"3110VTTG2025VLTB32","Có giá trị đến":"10/31/30 12:00:00 AM","layer_id":165,"fid":10191,"label":"MobiFone Vĩnh Long"}},{"type":"Feature","geometry":{"type":"Point","coordinates":[105.9321,9.984]},"properties":{"Tên doanh nghiệp":"MobiFone Vĩnh Long","Tên trạm BTS":"VLTB33","Địa chỉ lắp đặt":"Ấp Mỹ An, xã Ngãi Tứ, tỉnh Vĩnh Long","Trạm 3G":"3G","Số giấy chứng nhận kiểm định":"3110VTTG2025VLTB33","Có giá trị đến":"10/31/30 12:00:00 AM","layer_id":165,"fid":10192,"label":"MobiFone Vĩnh Long"}},{"type":"Feature","geometry":{"type":"Point","coordinates":[105.996,10.0446]},"properties":{"Tên doanh nghiệp":"MobiFone Vĩnh Long","Tên trạm BTS":"VLTB34","Địa chỉ lắp đặt":"khóm 3, xã Tam Bình, tỉnh Vĩnh Long","Trạm 3G":"3G","Số giấy chứng nhận kiểm định":"3110VTTG2025VLTB34","Có giá trị đến":"10/31/30 12:00:00 AM","layer_id":165,"fid":10193,"label":"MobiFone Vĩnh Long"}},{"type":"Feature","geometry":{"type":"Point","coordinates":[105.9315,10.0158]},"properties":{"Tên doanh nghiệp":"MobiFone Vĩnh Long","Tên trạm BTS":"VLTB35","Địa chỉ lắp đặt":"Ấp An Hòa, xã Ngãi Tứ, tỉnh Vĩnh Long","Trạm 3G":"3G","Số giấy chứng nhận kiểm định":"3110VTTG2025VLTB35","Có giá trị đến":"10/31/30 12:00:00 AM","layer_id":165,"fid":10194,"label":"MobiFone Vĩnh Long"}},{"type":"Feature","geometry":{"type":"Point","coordinates":[105.943,10.0812]},"properties":{"Tên doanh nghiệp":"MobiFone Vĩnh Long","Tên trạm BTS":"VLTB36","Địa chỉ lắp đặt":"Ấp 11, xã Cái Ngang, tỉnh Vĩnh Long","Trạm 3G":"3G","Số giấy chứng nhận kiểm định":"3110VTTG2025VLTB36","Có giá trị đến":"10/31/30 12:00:00 AM","layer_id":165,"fid":10195,"label":"MobiFone Vĩnh Long"}},{"type":"Feature","geometry":{"type":"Point","coordinates":[105.9768,10.0474]},"properties":{"Tên doanh nghiệp":"MobiFone Vĩnh Long","Tên trạm BTS":"VLTB37","Địa chỉ lắp đặt":"Ấp Mỹ Phú 4, xã Tam Bình, tỉnh Vĩnh Long","Trạm 3G":"3G","Số giấy chứng nhận kiểm định":"3110VTTG2025VLTB37","Có giá trị đến":"10/31/30 12:00:00 AM","layer_id":165,"fid":10196,"label":"MobiFone Vĩnh Long"}},{"type":"Feature","geometry":{"type":"Point","coordinates":[105.9923,10.1091]},"properties":{"Tên doanh nghiệp":"MobiFone Vĩnh Long","Tên trạm BTS":"VLTB38","Địa chỉ lắp đặt":"Ấp 4, xã Cái Ngang, tỉnh Vĩnh Long","Trạm 3G":"3G","Số giấy chứng nhận kiểm định":"3110VTTG2025VLTB38","Có giá trị đến":"10/31/30 12:00:00 AM","layer_id":165,"fid":10197,"label":"MobiFone Vĩnh Long"}},{"type":"Feature","geometry":{"type":"Point","coordinates":[105.9223,10.0443]},"properties":{"Tên doanh nghiệp":"MobiFone Vĩnh Long","Tên trạm BTS":"VLTB39","Địa chỉ lắp đặt":"Ấp Bình Phú, xã Ngãi Tứ, tỉnh Vĩnh Long","Trạm 3G":"3G","Số giấy chứng nhận kiểm định":"3110VTTG2025VLTB39","Có giá trị đến":"10/31/30 12:00:00 AM","layer_id":165,"fid":10198,"label":"MobiFone Vĩnh Long"}},{"type":"Feature","geometry":{"type":"Point","coordinates":[105.8888,10.1318]},"properties":{"Tên doanh nghiệp":"MobiFone Vĩnh Long","Tên trạm BTS":"VLTB40","Địa chỉ lắp đặt":"Ấp Phú Thuận, xã Song Phú, tỉnh Vĩnh Long","Trạm 3G":"3G","Số giấy chứng nhận kiểm định":"3110VTTG2025VLTB40","Có giá trị đến":"10/31/30 12:00:00 AM","layer_id":165,"fid":10199,"label":"MobiFone Vĩnh Long"}},{"type":"Feature","geometry":{"type":"Point","coordinates":[105.8758,10.0688]},"properties":{"Tên doanh nghiệp":"MobiFone Vĩnh Long","Tên trạm BTS":"VLTB41","Địa chỉ lắp đặt":"Ấp Phú Long, xã Song Phú, tỉnh Vĩnh Long","Trạm 3G":"3G","Số giấy chứng nhận kiểm định":"3110VTTG2025VLTB41","Có giá trị đến":"10/31/30 12:00:00 AM","layer_id":165,"fid":10200,"label":"MobiFone Vĩnh Long"}},{"type":"Feature","geometry":{"type":"Point","coordinates":[105.8626,10.0833]},"properties":{"Tên doanh nghiệp":"MobiFone Vĩnh Long","Tên trạm BTS":"VLTB42","Địa chỉ lắp đặt":"Ấp Phú Mỹ, xã Song Phú, tỉnh Vĩnh Long","Trạm 3G":"3G","Số giấy chứng nhận kiểm định":"3110VTTG2025VLTB42","Có giá trị đến":"10/31/30 12:00:00 AM","layer_id":165,"fid":10201,"label":"MobiFone Vĩnh Long"}},{"type":"Feature","geometry":{"type":"Point","coordinates":[106.0207,10.1225]},"properties":{"Tên doanh nghiệp":"MobiFone Vĩnh Long","Tên trạm BTS":"VLTB43","Địa chỉ lắp đặt":"Ấp Hòa Phong, xã Hòa Hiệp, tỉnh Vĩnh Long","Trạm 3G":"3G","Số giấy chứng nhận kiểm định":"3110VTTG2025VLTB43","Có giá trị đến":"10/31/30 12:00:00 AM","layer_id":165,"fid":10202,"label":"MobiFone Vĩnh Long"}},{"type":"Feature","geometry":{"type":"Point","coordinates":[106.0498,10.131]},"properties":{"Tên doanh nghiệp":"MobiFone Vĩnh Long","Tên trạm BTS":"VLTB44","Địa chỉ lắp đặt":"Ấp Thạnh Trí, xã Hòa Hiệp, tỉnh Vĩnh Long","Trạm 3G":"3G","Số giấy chứng nhận kiểm định":"3110VTTG2025VLTB44","Có giá trị đến":"10/31/30 12:00:00 AM","layer_id":165,"fid":10203,"label":"MobiFone Vĩnh Long"}},{"type":"Feature","geometry":{"type":"Point","coordinates":[105.9531,10.0942]},"properties":{"Tên doanh nghiệp":"MobiFone Vĩnh Long","Tên trạm BTS":"VLTB45","Địa chỉ lắp đặt":"Ấp 10, xã Cái Ngang, tỉnh Vĩnh Long","Trạm 3G":"3G","Số giấy chứng nhận kiểm định":"3110VTTG2025VLTB45","Có giá trị đến":"10/31/30 12:00:00 AM","layer_id":165,"fid":10204,"label":"MobiFone Vĩnh Long"}},{"type":"Feature","geometry":{"type":"Point","coordinates":[105.9526,9.9988]},"properties":{"Tên doanh nghiệp":"MobiFone Vĩnh Long","Tên trạm BTS":"VLTB46","Địa chỉ lắp đặt":"Ấp Đại Thọ, xã Ngãi Tứ, tỉnh Vĩnh Long","Trạm 3G":"3G","Số giấy chứng nhận kiểm định":"3110VTTG2025VLTB46","Có giá trị đến":"10/31/30 12:00:00 AM","layer_id":165,"fid":10205,"label":"MobiFone Vĩnh Long"}},{"type":"Feature","geometry":{"type":"Point","coordinates":[106.0581,10.1057]},"properties":{"Tên doanh nghiệp":"MobiFone Vĩnh Long","Tên trạm BTS":"VLTB47","Địa chỉ lắp đặt":"Ấp Thạnh Hiệp, xã Hòa Hiệp, tỉnh Vĩnh Long","Trạm 3G":"3G","Số giấy chứng nhận kiểm định":"0107VTTG2025VLTB47","Có giá trị đến":"7/1/30 12:00:00 AM","layer_id":165,"fid":10206,"label":"MobiFone Vĩnh Long"}},{"type":"Feature","geometry":{"type":"Point","coordinates":[106.0357,10.1047]},"properties":{"Tên doanh nghiệp":"MobiFone Vĩnh Long","Tên trạm BTS":"VLTB48","Địa chỉ lắp đặt":"Ấp 4, xã Hòa Hiệp, tỉnh Vĩnh Long","Trạm 3G":"3G","Số giấy chứng nhận kiểm định":"3110VTTG2025VLTB48","Có giá trị đến":"10/31/30 12:00:00 AM","layer_id":165,"fid":10207,"label":"MobiFone Vĩnh Long"}},{"type":"Feature","geometry":{"type":"Point","coordinates":[105.919,10.0874]},"properties":{"Tên doanh nghiệp":"MobiFone Vĩnh Long","Tên trạm BTS":"VLTB49","Địa chỉ lắp đặt":"Cầu Số 3, Ấp 6, xã Cái Ngang, tỉnh Vĩnh Long","Trạm 3G":"3G","Số giấy chứng nhận kiểm định":"3110VTTG2025VLTB49","Có giá trị đến":"10/31/30 12:00:00 AM","layer_id":165,"fid":10208,"label":"MobiFone Vĩnh Long"}},{"type":"Feature","geometry":{"type":"Point","coordinates":[105.9871,10.0937]},"properties":{"Tên doanh nghiệp":"MobiFone Vĩnh Long","Tên trạm BTS":"VLTB50","Địa chỉ lắp đặt":"Ấp Mỹ Hòa, xã Hòa Hiệp, tỉnh Vĩnh Long","Trạm 3G":"3G","Số giấy chứng nhận kiểm định":"3110VTTG2025VLTB50","Có giá trị đến":"10/31/30 12:00:00 AM","layer_id":165,"fid":10209,"label":"MobiFone Vĩnh Long"}},{"type":"Feature","geometry":{"type":"Point","coordinates":[105.9364,10.1186]},"properties":{"Tên doanh nghiệp":"MobiFone Vĩnh Long","Tên trạm BTS":"VLTB51","Địa chỉ lắp đặt":"Ấp Phú Tân, xã Cái Ngang, tỉnh Vĩnh Long","Trạm 3G":"3G","Số giấy chứng nhận kiểm định":"3110VTTG2025VLTB51","Có giá trị đến":"10/31/30 12:00:00 AM","layer_id":165,"fid":10210,"label":"MobiFone Vĩnh Long"}},{"type":"Feature","geometry":{"type":"Point","coordinates":[105.9121,10.1466]},"properties":{"Tên doanh nghiệp":"MobiFone Vĩnh Long","Tên trạm BTS":"VLTB52","Địa chỉ lắp đặt":"Ấp Phú Tân, xã Song Phú, tỉnh Vĩnh Long","Trạm 3G":"3G","Số giấy chứng nhận kiểm định":"3110VTTG2025VLTB52","Có giá trị đến":"10/31/30 12:00:00 AM","layer_id":165,"fid":10211,"label":"MobiFone Vĩnh Long"}},{"type":"Feature","geometry":{"type":"Point","coordinates":[106.02989,10.08945]},"properties":{"Tên doanh nghiệp":"MobiFone Vĩnh Long","Tên trạm BTS":"VLTB53","Địa chỉ lắp đặt":"Ấp 8, xã Hòa Hiệp, tỉnh Vĩnh Long","Trạm 3G":"3G","Số giấy chứng nhận kiểm định":"3110VTTG2025VLTB53","Có giá trị đến":"10/31/30 12:00:00 AM","layer_id":165,"fid":10212,"label":"MobiFone Vĩnh Long"}},{"type":"Feature","geometry":{"type":"Point","coordinates":[105.94141,10.04136]},"properties":{"Tên doanh nghiệp":"MobiFone Vĩnh Long","Tên trạm BTS":"VLTB54","Địa chỉ lắp đặt":"Ấp Tống Hưng B, xã Ngãi Tứ, tỉnh Vĩnh Long","Trạm 3G":"3G","Số giấy chứng nhận kiểm định":"3110VTTG2025VLTB54","Có giá trị đến":"10/31/30 12:00:00 AM","layer_id":165,"fid":10213,"label":"MobiFone Vĩnh Long"}},{"type":"Feature","geometry":{"type":"Point","coordinates":[105.92373,10.07298]},"properties":{"Tên doanh nghiệp":"MobiFone Vĩnh Long","Tên trạm BTS":"VLTB55","Địa chỉ lắp đặt":"Ấp 6B, xã Song Phú, tỉnh Vĩnh Long","Trạm 3G":"3G","Số giấy chứng nhận kiểm định":"3110VTTG2025VLTB55","Có giá trị đến":"10/31/30 12:00:00 AM","layer_id":165,"fid":10214,"label":"MobiFone Vĩnh Long"}},{"type":"Feature","geometry":{"type":"Point","coordinates":[105.9183,9.9772]},"properties":{"Tên doanh nghiệp":"MobiFone Vĩnh Long","Tên trạm BTS":"VLTB56","Địa chỉ lắp đặt":"Ấp An Thới, xã Ngãi Tứ, tỉnh Vĩnh Long","Trạm 3G":"3G","Số giấy chứng nhận kiểm định":"3110VTTG2025VLTB56","Có giá trị đến":"10/31/30 12:00:00 AM","layer_id":165,"fid":10215,"label":"MobiFone Vĩnh Long"}},{"type":"Feature","geometry":{"type":"Point","coordinates":[105.98457,10.0382]},"properties":{"Tên doanh nghiệp":"MobiFone Vĩnh Long","Tên trạm BTS":"VLTB57","Địa chỉ lắp đặt":"Ấp Mỹ Phú 5, xã Tam Bình, tỉnh Vĩnh Long","Trạm 3G":"3G","Số giấy chứng nhận kiểm định":"3110VTTG2025VLTB57","Có giá trị đến":"10/31/30 12:00:00 AM","layer_id":165,"fid":10216,"label":"MobiFone Vĩnh Long"}},{"type":"Feature","geometry":{"type":"Point","coordinates":[105.93681,9.99804]},"properties":{"Tên doanh nghiệp":"MobiFone Vĩnh Long","Tên trạm BTS":"VLTB58","Địa chỉ lắp đặt":"Ấp An Thạnh A, xã Ngãi Tứ, tỉnh Vĩnh Long","Trạm 3G":"3G","Số giấy chứng nhận kiểm định":"3110VTTG2025VLTB58","Có giá trị đến":"10/31/30 12:00:00 AM","layer_id":165,"fid":10217,"label":"MobiFone Vĩnh Long"}},{"type":"Feature","geometry":{"type":"Point","coordinates":[105.90695,10.06378]},"properties":{"Tên doanh nghiệp":"MobiFone Vĩnh Long","Tên trạm BTS":"VLTB59","Địa chỉ lắp đặt":"Ấp Phú Sơn B, xã Song Phú, tỉnh Vĩnh Long","Trạm 3G":"3G","Số giấy chứng nhận kiểm định":"3110VTTG2025VLTB59","Có giá trị đến":"10/31/30 12:00:00 AM","layer_id":165,"fid":10218,"label":"MobiFone Vĩnh Long"}},{"type":"Feature","geometry":{"type":"Point","coordinates":[105.99654,10.07089]},"properties":{"Tên doanh nghiệp":"MobiFone Vĩnh Long","Tên trạm BTS":"VLTB60","Địa chỉ lắp đặt":"Ấp Mỹ Quới, xã Tam Bình, tỉnh Vĩnh Long","Trạm 3G":"3G","Số giấy chứng nhận kiểm định":"3110VTTG2025VLTB60","Có giá trị đến":"10/31/30 12:00:00 AM","layer_id":165,"fid":10219,"label":"MobiFone Vĩnh Long"}},{"type":"Feature","geometry":{"type":"Point","coordinates":[105.95854,10.07563]},"properties":{"Tên doanh nghiệp":"MobiFone Vĩnh Long","Tên trạm BTS":"VLTB61","Địa chỉ lắp đặt":"Ấp 11, xã Cái Ngang, tỉnh Vĩnh Long","Trạm 3G":"3G","Số giấy chứng nhận kiểm định":"3110VTTG2025VLTB61","Có giá trị đến":"10/31/30 12:00:00 AM","layer_id":165,"fid":10220,"label":"MobiFone Vĩnh Long"}},{"type":"Feature","geometry":{"type":"Point","coordinates":[105.90604801,10.03106765]},"properties":{"Tên doanh nghiệp":"MobiFone Vĩnh Long","Tên trạm BTS":"VLTB64","Địa chỉ lắp đặt":"Ấp Bình Quý, xã Ngãi Tứ, tỉnh Vĩnh Long","Trạm 3G":"3G","Số giấy chứng nhận kiểm định":"3110VTTG2025VLTB64","Có giá trị đến":"10/31/30 12:00:00 AM","layer_id":165,"fid":10221,"label":"MobiFone Vĩnh Long"}},{"type":"Feature","geometry":{"type":"Point","coordinates":[105.986698,10.044886]},"properties":{"Tên doanh nghiệp":"MobiFone Vĩnh Long","Tên trạm BTS":"VLTB65","Địa chỉ lắp đặt":"khóm Mỹ Phú 1, xã Tam Bình, tỉnh Vĩnh Long","Trạm 3G":"3G","Số giấy chứng nhận kiểm định":"3110VTTG2025VLTB65","Có giá trị đến":"10/31/30 12:00:00 AM","layer_id":165,"fid":10222,"label":"MobiFone Vĩnh Long"}},{"type":"Feature","geometry":{"type":"Point","coordinates":[105.919066,10.053022]},"properties":{"Tên doanh nghiệp":"MobiFone Vĩnh Long","Tên trạm BTS":"VLTBX0","Địa chỉ lắp đặt":"Ấp Bình Phú, xã Ngãi Tứ, tỉnh Vĩnh Long","Trạm 3G":"3G","Số giấy chứng nhận kiểm định":"3110VTTG2025VLTBX0","Có giá trị đến":"10/31/30 12:00:00 AM","layer_id":165,"fid":10223,"label":"MobiFone Vĩnh Long"}},{"type":"Feature","geometry":{"type":"Point","coordinates":[105.92,9.9655]},"properties":{"Tên doanh nghiệp":"MobiFone Vĩnh Long","Tên trạm BTS":"VLTO01","Địa chỉ lắp đặt":"Số 10A Khu 1, xã Trà Ôn, tỉnh Vĩnh Long","Trạm 3G":"3G","Số giấy chứng nhận kiểm định":"A15766161224TG05","Có giá trị đến":"12/2/29 12:00:00 AM","layer_id":165,"fid":10224,"label":"MobiFone Vĩnh Long"}},{"type":"Feature","geometry":{"type":"Point","coordinates":[106.0822,9.9598]},"properties":{"Tên doanh nghiệp":"MobiFone Vĩnh Long","Tên trạm BTS":"VLTO02","Địa chỉ lắp đặt":"Ấp Khu Phố, xã Vĩnh Xuân, tỉnh Vĩnh Long","Trạm 3G":"3G","Số giấy chứng nhận kiểm định":"A03161100222TG05","Có giá trị đến":"2/10/27 12:00:00 AM","layer_id":165,"fid":10225,"label":"MobiFone Vĩnh Long"}},{"type":"Feature","geometry":{"type":"Point","coordinates":[106.0098,9.9501]},"properties":{"Tên doanh nghiệp":"MobiFone Vĩnh Long","Tên trạm BTS":"VLTO03","Địa chỉ lắp đặt":"Trạm Vt Vĩnh Xuân, xã Vĩnh Xuân, tỉnh Vĩnh Long","Trạm 3G":"3G","Số giấy chứng nhận kiểm định":"A03162100222TG05","Có giá trị đến":"2/10/27 12:00:00 AM","layer_id":165,"fid":10226,"label":"MobiFone Vĩnh Long"}},{"type":"Feature","geometry":{"type":"Point","coordinates":[106.0366,9.9968]},"properties":{"Tên doanh nghiệp":"MobiFone Vĩnh Long","Tên trạm BTS":"VLTO04","Địa chỉ lắp đặt":"Ấp Vĩnh Sơn, xã Vĩnh Xuân, tỉnh Vĩnh Long","Trạm 3G":"3G","Số giấy chứng nhận kiểm định":"3110VTTG2025VLTO04","Có giá trị đến":"10/31/30 12:00:00 AM","layer_id":165,"fid":10227,"label":"MobiFone Vĩnh Long"}},{"type":"Feature","geometry":{"type":"Point","coordinates":[106.0688,10.0137]},"properties":{"Tên doanh nghiệp":"MobiFone Vĩnh Long","Tên trạm BTS":"VLTO05","Địa chỉ lắp đặt":"Ấp Tường Trí, xã Hòa Bình, tỉnh Vĩnh Long","Trạm 3G":"3G","Số giấy chứng nhận kiểm định":"3110VTTG2025VLTO05","Có giá trị đến":"10/31/30 12:00:00 AM","layer_id":165,"fid":10228,"label":"MobiFone Vĩnh Long"}},{"type":"Feature","geometry":{"type":"Point","coordinates":[106.0438,10.0382]},"properties":{"Tên doanh nghiệp":"MobiFone Vĩnh Long","Tên trạm BTS":"VLTO07","Địa chỉ lắp đặt":"Ấp Tường Thạnh, xã Hòa Bình, tỉnh Vĩnh Long","Trạm 3G":"3G","Số giấy chứng nhận kiểm định":"3110VTTG2025VLTO07","Có giá trị đến":"10/31/30 12:00:00 AM","layer_id":165,"fid":10229,"label":"MobiFone Vĩnh Long"}},{"type":"Feature","geometry":{"type":"Point","coordinates":[106.0858,10.0621]},"properties":{"Tên doanh nghiệp":"MobiFone Vĩnh Long","Tên trạm BTS":"VLTO08","Địa chỉ lắp đặt":"Ấp Hồi Phước, xã Hòa Bình, tỉnh Vĩnh Long","Trạm 3G":"3G","Số giấy chứng nhận kiểm định":"3110VTTG2025VLTO08","Có giá trị đến":"10/31/30 12:00:00 AM","layer_id":165,"fid":10230,"label":"MobiFone Vĩnh Long"}},{"type":"Feature","geometry":{"type":"Point","coordinates":[106.0499,10.0753]},"properties":{"Tên doanh nghiệp":"MobiFone Vĩnh Long","Tên trạm BTS":"VLTO09","Địa chỉ lắp đặt":"Ấp Hồi Xuân, xã Hòa Bình, tỉnh Vĩnh Long","Trạm 3G":"3G","Số giấy chứng nhận kiểm định":"3110VTTG2025VLTO09","Có giá trị đến":"10/31/30 12:00:00 AM","layer_id":165,"fid":10231,"label":"MobiFone Vĩnh Long"}},{"type":"Feature","geometry":{"type":"Point","coordinates":[105.978,9.9603]},"properties":{"Tên doanh nghiệp":"MobiFone Vĩnh Long","Tên trạm BTS":"VLTO10","Địa chỉ lắp đặt":"Ấp Vĩnh Khánh I, xã Vĩnh Xuân, tỉnh Vĩnh Long","Trạm 3G":"3G","Số giấy chứng nhận kiểm định":"3110VTTG2025VLTO10","Có giá trị đến":"10/31/30 12:00:00 AM","layer_id":165,"fid":10232,"label":"MobiFone Vĩnh Long"}},{"type":"Feature","geometry":{"type":"Point","coordinates":[105.9493,9.9402]},"properties":{"Tên doanh nghiệp":"MobiFone Vĩnh Long","Tên trạm BTS":"VLTO11","Địa chỉ lắp đặt":"Ấp Tích Khánh A, xã Trà Ôn, tỉnh Vĩnh Long","Trạm 3G":"3G","Số giấy chứng nhận kiểm định":"3110VTTG2025VLTO11","Có giá trị đến":"10/31/30 12:00:00 AM","layer_id":165,"fid":10233,"label":"MobiFone Vĩnh Long"}},{"type":"Feature","geometry":{"type":"Point","coordinates":[105.9793,9.9149]},"properties":{"Tên doanh nghiệp":"MobiFone Vĩnh Long","Tên trạm BTS":"VLTO12","Địa chỉ lắp đặt":"Ấp Tích Lộc, xã Trà Ôn, tỉnh Vĩnh Long","Trạm 3G":"3G","Số giấy chứng nhận kiểm định":"A03163100222TG05","Có giá trị đến":"2/10/27 12:00:00 AM","layer_id":165,"fid":10234,"label":"MobiFone Vĩnh Long"}},{"type":"Feature","geometry":{"type":"Point","coordinates":[106.0509,9.9448]},"properties":{"Tên doanh nghiệp":"MobiFone Vĩnh Long","Tên trạm BTS":"VLTO13","Địa chỉ lắp đặt":"Ấp Cống Đá, xã Vĩnh Xuân, tỉnh Vĩnh Long","Trạm 3G":"3G","Số giấy chứng nhận kiểm định":"3110VTTG2025VLTO13","Có giá trị đến":"10/31/30 12:00:00 AM","layer_id":165,"fid":10235,"label":"MobiFone Vĩnh Long"}},{"type":"Feature","geometry":{"type":"Point","coordinates":[105.8794,9.9777]},"properties":{"Tên doanh nghiệp":"MobiFone Vĩnh Long","Tên trạm BTS":"VLTO14","Địa chỉ lắp đặt":"Ấp Phú Thạnh, xã Lục Sỹ Thành, tỉnh Vĩnh Long","Trạm 3G":"3G","Số giấy chứng nhận kiểm định":"3110VTTG2025VLTO14","Có giá trị đến":"10/31/30 12:00:00 AM","layer_id":165,"fid":10236,"label":"MobiFone Vĩnh Long"}},{"type":"Feature","geometry":{"type":"Point","coordinates":[105.9867,9.9568]},"properties":{"Tên doanh nghiệp":"MobiFone Vĩnh Long","Tên trạm BTS":"VLTO15","Địa chỉ lắp đặt":"Ấp Vĩnh Khánh I, xã Vĩnh Xuân, tỉnh Vĩnh Long","Trạm 3G":"3G","Số giấy chứng nhận kiểm định":"A05752150321TG05","Có giá trị đến":"3/15/26 12:00:00 AM","layer_id":165,"fid":10237,"label":"MobiFone Vĩnh Long"}},{"type":"Feature","geometry":{"type":"Point","coordinates":[106.0288,9.9518]},"properties":{"Tên doanh nghiệp":"MobiFone Vĩnh Long","Tên trạm BTS":"VLTO16","Địa chỉ lắp đặt":"Ấp Vĩnh Thới, xã Vĩnh Xuân, tỉnh Vĩnh Long","Trạm 3G":"3G","Số giấy chứng nhận kiểm định":"3110VTTG2025VLTO16","Có giá trị đến":"10/31/30 12:00:00 AM","layer_id":165,"fid":10238,"label":"MobiFone Vĩnh Long"}},{"type":"Feature","geometry":{"type":"Point","coordinates":[105.9109,9.9501]},"properties":{"Tên doanh nghiệp":"MobiFone Vĩnh Long","Tên trạm BTS":"VLTO17","Địa chỉ lắp đặt":"Ấp Kinh Ngay, xã Lục Sỹ Thành, tỉnh Vĩnh Long","Trạm 3G":"3G","Số giấy chứng nhận kiểm định":"3110VTTG2025VLTO17","Có giá trị đến":"10/31/30 12:00:00 AM","layer_id":165,"fid":10239,"label":"MobiFone Vĩnh Long"}},{"type":"Feature","geometry":{"type":"Point","coordinates":[106.0165,9.9749]},"properties":{"Tên doanh nghiệp":"MobiFone Vĩnh Long","Tên trạm BTS":"VLTO18","Địa chỉ lắp đặt":"Ấp Vĩnh Lợi, xã Vĩnh Xuân, tỉnh Vĩnh Long","Trạm 3G":"3G","Số giấy chứng nhận kiểm định":"3110VTTG2025VLTO18","Có giá trị đến":"10/31/30 12:00:00 AM","layer_id":165,"fid":10240,"label":"MobiFone Vĩnh Long"}},{"type":"Feature","geometry":{"type":"Point","coordinates":[105.9503,9.9712]},"properties":{"Tên doanh nghiệp":"MobiFone Vĩnh Long","Tên trạm BTS":"VLTO19","Địa chỉ lắp đặt":"Ấp Mỹ Hoà, xã Trà Ôn, tỉnh Vĩnh Long","Trạm 3G":"3G","Số giấy chứng nhận kiểm định":"3110VTTG2025VLTO19","Có giá trị đến":"10/31/30 12:00:00 AM","layer_id":165,"fid":10241,"label":"MobiFone Vĩnh Long"}},{"type":"Feature","geometry":{"type":"Point","coordinates":[106.01,10.0081]},"properties":{"Tên doanh nghiệp":"MobiFone Vĩnh Long","Tên trạm BTS":"VLTO20","Địa chỉ lắp đặt":"Ấp Phạm Thị Mến, xã Trà Côn, tỉnh Vĩnh Long","Trạm 3G":"3G","Số giấy chứng nhận kiểm định":"3110VTTG2025VLTO20","Có giá trị đến":"10/31/30 12:00:00 AM","layer_id":165,"fid":10242,"label":"MobiFone Vĩnh Long"}},{"type":"Feature","geometry":{"type":"Point","coordinates":[105.992,9.9312]},"properties":{"Tên doanh nghiệp":"MobiFone Vĩnh Long","Tên trạm BTS":"VLTO21","Địa chỉ lắp đặt":"Ấp Cây Gòn, xã Trà Ôn, tỉnh Vĩnh Long","Trạm 3G":"3G","Số giấy chứng nhận kiểm định":"3110VTTG2025VLTO21","Có giá trị đến":"10/31/30 12:00:00 AM","layer_id":165,"fid":10243,"label":"MobiFone Vĩnh Long"}},{"type":"Feature","geometry":{"type":"Point","coordinates":[105.9278,9.9631]},"properties":{"Tên doanh nghiệp":"MobiFone Vĩnh Long","Tên trạm BTS":"VLTO22","Địa chỉ lắp đặt":"Số 41, Khu 3 đường Thống Chế Điều Bác, xã Trà Ôn, tỉnh Vĩnh Long","Trạm 3G":"3G","Số giấy chứng nhận kiểm định":"3110VTTG2025VLTO22","Có giá trị đến":"10/31/30 12:00:00 AM","layer_id":165,"fid":10244,"label":"MobiFone Vĩnh Long"}},{"type":"Feature","geometry":{"type":"Point","coordinates":[105.987,9.9901]},"properties":{"Tên doanh nghiệp":"MobiFone Vĩnh Long","Tên trạm BTS":"VLTO23","Địa chỉ lắp đặt":"Ấp Tầm Vu, xã Trà Côn, tỉnh Vĩnh Long","Trạm 3G":"3G","Số giấy chứng nhận kiểm định":"3110VTTG2025VLTO23","Có giá trị đến":"10/31/30 12:00:00 AM","layer_id":165,"fid":10245,"label":"MobiFone Vĩnh Long"}},{"type":"Feature","geometry":{"type":"Point","coordinates":[106.0597,9.976]},"properties":{"Tên doanh nghiệp":"MobiFone Vĩnh Long","Tên trạm BTS":"VLTO24","Địa chỉ lắp đặt":"Ấp Vĩnh Hựu, xã Vĩnh Xuân, tỉnh Vĩnh Long","Trạm 3G":"3G","Số giấy chứng nhận kiểm định":"3110VTTG2025VLTO24","Có giá trị đến":"10/31/30 12:00:00 AM","layer_id":165,"fid":10246,"label":"MobiFone Vĩnh Long"}},{"type":"Feature","geometry":{"type":"Point","coordinates":[105.9231,9.9625]},"properties":{"Tên doanh nghiệp":"MobiFone Vĩnh Long","Tên trạm BTS":"VLTO25","Địa chỉ lắp đặt":"Số 248/8A, Khu 4, xã Trà Ôn, tỉnh Vĩnh Long","Trạm 3G":"3G","Số giấy chứng nhận kiểm định":"A15767161224TG05","Có giá trị đến":"12/2/29 12:00:00 AM","layer_id":165,"fid":10247,"label":"MobiFone Vĩnh Long"}},{"type":"Feature","geometry":{"type":"Point","coordinates":[105.9238,9.9676]},"properties":{"Tên doanh nghiệp":"MobiFone Vĩnh Long","Tên trạm BTS":"VLTO26","Địa chỉ lắp đặt":"Số 7 B/1, Khu 6 Đốc Phủ Yên, xã Trà Ôn, tỉnh Vĩnh Long","Trạm 3G":"3G","Số giấy chứng nhận kiểm định":"B04053210720TG05","Có giá trị đến":"7/21/25 12:00:00 AM","layer_id":165,"fid":10248,"label":"MobiFone Vĩnh Long"}},{"type":"Feature","geometry":{"type":"Point","coordinates":[106.65222,10.05866]},"properties":{"Tên doanh nghiệp":"Viễn thông Vĩnh Long","Tên trạm BTS":"Xom-Cay-Me","Địa chỉ lắp đặt":"Bảo Thạnh, Vĩnh Long","Trạm 3G":"3G","Số giấy chứng nhận kiểm định":null,"Có giá trị đến":"10/04/2028","layer_id":165,"fid":11278,"label":"Viễn thông Vĩnh Long"}},{"type":"Feature","geometry":{"type":"Point","coordinates":[105.9641,9.987]},"properties":{"Tên doanh nghiệp":"MobiFone Vĩnh Long","Tên trạm BTS":"VLTO27","Địa chỉ lắp đặt":"Ấp Mỹ An, xã Trà Côn, tỉnh Vĩnh Long","Trạm 3G":"3G","Số giấy chứng nhận kiểm định":"3110VTTG2025VLTO27","Có giá trị đến":"10/31/30 12:00:00 AM","layer_id":165,"fid":10249,"label":"MobiFone Vĩnh Long"}},{"type":"Feature","geometry":{"type":"Point","coordinates":[106.0597,10.0587]},"properties":{"Tên doanh nghiệp":"MobiFone Vĩnh Long","Tên trạm BTS":"VLTO28","Địa chỉ lắp đặt":"Ấp Ngãi Hoà, xã Hòa Bình, tỉnh Vĩnh Long","Trạm 3G":"3G","Số giấy chứng nhận kiểm định":"3110VTTG2025VLTO28","Có giá trị đến":"10/31/30 12:00:00 AM","layer_id":165,"fid":10250,"label":"MobiFone Vĩnh Long"}},{"type":"Feature","geometry":{"type":"Point","coordinates":[105.9313,9.9269]},"properties":{"Tên doanh nghiệp":"MobiFone Vĩnh Long","Tên trạm BTS":"VLTO29","Địa chỉ lắp đặt":"Ấp Kinh Đào, xã Lục Sỹ Thành, tỉnh Vĩnh Long","Trạm 3G":"3G","Số giấy chứng nhận kiểm định":"3110VTTG2025VLTO29","Có giá trị đến":"10/31/30 12:00:00 AM","layer_id":165,"fid":10251,"label":"MobiFone Vĩnh Long"}},{"type":"Feature","geometry":{"type":"Point","coordinates":[106.0826,10.04]},"properties":{"Tên doanh nghiệp":"MobiFone Vĩnh Long","Tên trạm BTS":"VLTO30","Địa chỉ lắp đặt":"Ấp Hiệp Lợi, xã Hòa Bình, tỉnh Vĩnh Long","Trạm 3G":"3G","Số giấy chứng nhận kiểm định":"3110VTTG2025VLTO30","Có giá trị đến":"10/31/30 12:00:00 AM","layer_id":165,"fid":10252,"label":"MobiFone Vĩnh Long"}},{"type":"Feature","geometry":{"type":"Point","coordinates":[106.0162,9.9269]},"properties":{"Tên doanh nghiệp":"MobiFone Vĩnh Long","Tên trạm BTS":"VLTO31","Địa chỉ lắp đặt":"Ấp Gò Tranh, xã Vĩnh Xuân, tỉnh Vĩnh Long","Trạm 3G":"3G","Số giấy chứng nhận kiểm định":"3110VTTG2025VLTO31","Có giá trị đến":"10/31/30 12:00:00 AM","layer_id":165,"fid":10253,"label":"MobiFone Vĩnh Long"}},{"type":"Feature","geometry":{"type":"Point","coordinates":[106.0249,10.042]},"properties":{"Tên doanh nghiệp":"MobiFone Vĩnh Long","Tên trạm BTS":"VLTO32","Địa chỉ lắp đặt":"Ấp Tường Ngãi, xã Trà Côn, tỉnh Vĩnh Long","Trạm 3G":"3G","Số giấy chứng nhận kiểm định":"3110VTTG2025VLTO32","Có giá trị đến":"10/31/30 12:00:00 AM","layer_id":165,"fid":10254,"label":"MobiFone Vĩnh Long"}},{"type":"Feature","geometry":{"type":"Point","coordinates":[105.8913,9.9598]},"properties":{"Tên doanh nghiệp":"MobiFone Vĩnh Long","Tên trạm BTS":"VLTO33","Địa chỉ lắp đặt":"Ấp Phú Hưng, xã Lục Sỹ Thành, tỉnh Vĩnh Long","Trạm 3G":"3G","Số giấy chứng nhận kiểm định":"3110VTTG2025VLTO33","Có giá trị đến":"10/31/30 12:00:00 AM","layer_id":165,"fid":10255,"label":"MobiFone Vĩnh Long"}},{"type":"Feature","geometry":{"type":"Point","coordinates":[106.0276,9.9683]},"properties":{"Tên doanh nghiệp":"MobiFone Vĩnh Long","Tên trạm BTS":"VLTO34","Địa chỉ lắp đặt":"Ấp Vĩnh Thới, xã Vĩnh Xuân, tỉnh Vĩnh Long","Trạm 3G":"3G","Số giấy chứng nhận kiểm định":"3110VTTG2025VLTO34","Có giá trị đến":"10/31/30 12:00:00 AM","layer_id":165,"fid":10256,"label":"MobiFone Vĩnh Long"}},{"type":"Feature","geometry":{"type":"Point","coordinates":[106.0351,10.0216]},"properties":{"Tên doanh nghiệp":"MobiFone Vĩnh Long","Tên trạm BTS":"VLTO35","Địa chỉ lắp đặt":"Ấp Hiệp Thạnh, xã Hòa Bình, tỉnh Vĩnh Long","Trạm 3G":"3G","Số giấy chứng nhận kiểm định":"3110VTTG2025VLTO35","Có giá trị đến":"10/31/30 12:00:00 AM","layer_id":165,"fid":10257,"label":"MobiFone Vĩnh Long"}},{"type":"Feature","geometry":{"type":"Point","coordinates":[105.8594,9.9791]},"properties":{"Tên doanh nghiệp":"MobiFone Vĩnh Long","Tên trạm BTS":"VLTO36","Địa chỉ lắp đặt":"Ấp Phú Lợi, xã Lục Sỹ Thành, tỉnh Vĩnh Long","Trạm 3G":"3G","Số giấy chứng nhận kiểm định":"3110VTTG2025VLTO36","Có giá trị đến":"10/31/30 12:00:00 AM","layer_id":165,"fid":10258,"label":"MobiFone Vĩnh Long"}},{"type":"Feature","geometry":{"type":"Point","coordinates":[105.9649,9.9292]},"properties":{"Tên doanh nghiệp":"MobiFone Vĩnh Long","Tên trạm BTS":"VLTO37","Địa chỉ lắp đặt":"Ấp Tích Phước, xã Trà Ôn, tỉnh Vĩnh Long","Trạm 3G":"3G","Số giấy chứng nhận kiểm định":"3110VTTG2025VLTO37","Có giá trị đến":"10/31/30 12:00:00 AM","layer_id":165,"fid":10259,"label":"MobiFone Vĩnh Long"}},{"type":"Feature","geometry":{"type":"Point","coordinates":[106.024,10.0767]},"properties":{"Tên doanh nghiệp":"MobiFone Vĩnh Long","Tên trạm BTS":"VLTO38","Địa chỉ lắp đặt":"Ấp Hồi Trinh, xã Hòa Bình, tỉnh Vĩnh Long","Trạm 3G":"3G","Số giấy chứng nhận kiểm định":"3110VTTG2025VLTO38","Có giá trị đến":"10/31/30 12:00:00 AM","layer_id":165,"fid":10260,"label":"MobiFone Vĩnh Long"}},{"type":"Feature","geometry":{"type":"Point","coordinates":[106.0217,10.0035]},"properties":{"Tên doanh nghiệp":"MobiFone Vĩnh Long","Tên trạm BTS":"VLTO40","Địa chỉ lắp đặt":"Ấp Trà Sơn, xã Vĩnh Xuân, tỉnh Vĩnh Long","Trạm 3G":"3G","Số giấy chứng nhận kiểm định":"3110VTTG2025VLTO40","Có giá trị đến":"10/31/30 12:00:00 AM","layer_id":165,"fid":10261,"label":"MobiFone Vĩnh Long"}},{"type":"Feature","geometry":{"type":"Point","coordinates":[105.94,9.965]},"properties":{"Tên doanh nghiệp":"MobiFone Vĩnh Long","Tên trạm BTS":"VLTO41","Địa chỉ lắp đặt":"Ấp Giồng Thanh Bạch, xã Trà Ôn, tỉnh Vĩnh Long","Trạm 3G":"3G","Số giấy chứng nhận kiểm định":"3110VTTG2025VLTO41","Có giá trị đến":"10/31/30 12:00:00 AM","layer_id":165,"fid":10262,"label":"MobiFone Vĩnh Long"}},{"type":"Feature","geometry":{"type":"Point","coordinates":[106.0708,10.0464]},"properties":{"Tên doanh nghiệp":"MobiFone Vĩnh Long","Tên trạm BTS":"VLTO42","Địa chỉ lắp đặt":"Ấp Hiệp Hoà, xã Hòa Bình, tỉnh Vĩnh Long","Trạm 3G":"3G","Số giấy chứng nhận kiểm định":"3110VTTG2025VLTO42","Có giá trị đến":"10/31/30 12:00:00 AM","layer_id":165,"fid":10263,"label":"MobiFone Vĩnh Long"}},{"type":"Feature","geometry":{"type":"Point","coordinates":[106.045,10.0599]},"properties":{"Tên doanh nghiệp":"MobiFone Vĩnh Long","Tên trạm BTS":"VLTO43","Địa chỉ lắp đặt":"Ấp Hồi Xuân, xã Hòa Bình, tỉnh Vĩnh Long","Trạm 3G":"3G","Số giấy chứng nhận kiểm định":"3110VTTG2025VLTO43","Có giá trị đến":"10/31/30 12:00:00 AM","layer_id":165,"fid":10264,"label":"MobiFone Vĩnh Long"}},{"type":"Feature","geometry":{"type":"Point","coordinates":[105.9364,9.9508]},"properties":{"Tên doanh nghiệp":"MobiFone Vĩnh Long","Tên trạm BTS":"VLTO44","Địa chỉ lắp đặt":"Ấp Mỹ Lợi, xã Trà Ôn, tỉnh Vĩnh Long","Trạm 3G":"3G","Số giấy chứng nhận kiểm định":"3110VTTG2025VLTO44","Có giá trị đến":"10/31/30 12:00:00 AM","layer_id":165,"fid":10265,"label":"MobiFone Vĩnh Long"}},{"type":"Feature","geometry":{"type":"Point","coordinates":[106.043761,9.961342]},"properties":{"Tên doanh nghiệp":"MobiFone Vĩnh Long","Tên trạm BTS":"VLTO45","Địa chỉ lắp đặt":"Ấp Giồng Gòn, xã Vĩnh Xuân, tỉnh Vĩnh Long","Trạm 3G":"3G","Số giấy chứng nhận kiểm định":"3110VTTG2025VLTO45","Có giá trị đến":"10/31/30 12:00:00 AM","layer_id":165,"fid":10266,"label":"MobiFone Vĩnh Long"}},{"type":"Feature","geometry":{"type":"Point","coordinates":[105.992187,10.016201]},"properties":{"Tên doanh nghiệp":"MobiFone Vĩnh Long","Tên trạm BTS":"VLTO46","Địa chỉ lắp đặt":"Ấp Trà Ngoa, xã Trà Côn, tỉnh Vĩnh Long","Trạm 3G":"3G","Số giấy chứng nhận kiểm định":"3110VTTG2025VLTO46","Có giá trị đến":"10/31/30 12:00:00 AM","layer_id":165,"fid":10267,"label":"MobiFone Vĩnh Long"}},{"type":"Feature","geometry":{"type":"Point","coordinates":[105.95409,9.91216]},"properties":{"Tên doanh nghiệp":"MobiFone Vĩnh Long","Tên trạm BTS":"VLTO47","Địa chỉ lắp đặt":"Ấp Kinh Đào, xã Lục Sỹ Thành, tỉnh Vĩnh Long","Trạm 3G":"3G","Số giấy chứng nhận kiểm định":"3110VTTG2025VLTO47","Có giá trị đến":"10/31/30 12:00:00 AM","layer_id":165,"fid":10268,"label":"MobiFone Vĩnh Long"}},{"type":"Feature","geometry":{"type":"Point","coordinates":[106.01576,9.99053]},"properties":{"Tên doanh nghiệp":"MobiFone Vĩnh Long","Tên trạm BTS":"VLTO48","Địa chỉ lắp đặt":"Ấp Vĩnh Hoà, xã Vĩnh Xuân, tỉnh Vĩnh Long","Trạm 3G":"3G","Số giấy chứng nhận kiểm định":"3110VTTG2025VLTO48","Có giá trị đến":"10/31/30 12:00:00 AM","layer_id":165,"fid":10269,"label":"MobiFone Vĩnh Long"}},{"type":"Feature","geometry":{"type":"Point","coordinates":[106.06918,10.07273]},"properties":{"Tên doanh nghiệp":"MobiFone Vĩnh Long","Tên trạm BTS":"VLTO49","Địa chỉ lắp đặt":"Ấp Hồi Thọ, xã Hòa Bình, tỉnh Vĩnh Long","Trạm 3G":"3G","Số giấy chứng nhận kiểm định":"3110VTTG2025VLTO49","Có giá trị đến":"10/31/30 12:00:00 AM","layer_id":165,"fid":10270,"label":"MobiFone Vĩnh Long"}},{"type":"Feature","geometry":{"type":"Point","coordinates":[105.98257,9.97614]},"properties":{"Tên doanh nghiệp":"MobiFone Vĩnh Long","Tên trạm BTS":"VLTO50","Địa chỉ lắp đặt":"Ấp Gia Kiết, xã Trà Côn, tỉnh Vĩnh Long","Trạm 3G":"3G","Số giấy chứng nhận kiểm định":"3110VTTG2025VLTO50","Có giá trị đến":"10/31/30 12:00:00 AM","layer_id":165,"fid":10271,"label":"MobiFone Vĩnh Long"}},{"type":"Feature","geometry":{"type":"Point","coordinates":[106.00824,10.0321]},"properties":{"Tên doanh nghiệp":"MobiFone Vĩnh Long","Tên trạm BTS":"VLTO51","Địa chỉ lắp đặt":"Ấp Nhơn Trí, xã Trà Côn, tỉnh Vĩnh Long","Trạm 3G":"3G","Số giấy chứng nhận kiểm định":"3110VTTG2025VLTO51","Có giá trị đến":"10/31/30 12:00:00 AM","layer_id":165,"fid":10272,"label":"MobiFone Vĩnh Long"}},{"type":"Feature","geometry":{"type":"Point","coordinates":[106.0636,10.02733]},"properties":{"Tên doanh nghiệp":"MobiFone Vĩnh Long","Tên trạm BTS":"VLTO52","Địa chỉ lắp đặt":"Ấp Hiệp Thuận, xã Hòa Bình, tỉnh Vĩnh Long","Trạm 3G":"3G","Số giấy chứng nhận kiểm định":"3110VTTG2025VLTO52","Có giá trị đến":"10/31/30 12:00:00 AM","layer_id":165,"fid":10273,"label":"MobiFone Vĩnh Long"}},{"type":"Feature","geometry":{"type":"Point","coordinates":[105.96655,9.94769]},"properties":{"Tên doanh nghiệp":"MobiFone Vĩnh Long","Tên trạm BTS":"VLTO53","Địa chỉ lắp đặt":"Ấp Thiện Mỹ, xã Trà Ôn, tỉnh Vĩnh Long","Trạm 3G":"3G","Số giấy chứng nhận kiểm định":"3110VTTG2025VLTO53","Có giá trị đến":"10/31/30 12:00:00 AM","layer_id":165,"fid":10274,"label":"MobiFone Vĩnh Long"}},{"type":"Feature","geometry":{"type":"Point","coordinates":[106.07797,9.99726]},"properties":{"Tên doanh nghiệp":"MobiFone Vĩnh Long","Tên trạm BTS":"VLTO54","Địa chỉ lắp đặt":"Ấp Ninh Hoà, xã Hòa Bình, tỉnh Vĩnh Long","Trạm 3G":"3G","Số giấy chứng nhận kiểm định":"0107VTTG2025VLTO54","Có giá trị đến":"7/1/30 12:00:00 AM","layer_id":165,"fid":10275,"label":"MobiFone Vĩnh Long"}},{"type":"Feature","geometry":{"type":"Point","coordinates":[105.96349,9.96763]},"properties":{"Tên doanh nghiệp":"MobiFone Vĩnh Long","Tên trạm BTS":"VLTO55","Địa chỉ lắp đặt":"Thửa Đất 234, Tờ bản đồ số 11, xã Trà Ôn, tỉnh Vĩnh Long","Trạm 3G":"3G","Số giấy chứng nhận kiểm định":"3110VTTG2025VLTO55","Có giá trị đến":"10/31/30 12:00:00 AM","layer_id":165,"fid":10276,"label":"MobiFone Vĩnh Long"}},{"type":"Feature","geometry":{"type":"Point","coordinates":[105.90687,9.962121]},"properties":{"Tên doanh nghiệp":"MobiFone Vĩnh Long","Tên trạm BTS":"VLTO56","Địa chỉ lắp đặt":"Ấp Tân Thạnh, xã Lục Sỹ Thành, tỉnh Vĩnh Long","Trạm 3G":"3G","Số giấy chứng nhận kiểm định":"3110VTTG2025VLTO56","Có giá trị đến":"10/31/30 12:00:00 AM","layer_id":165,"fid":10277,"label":"MobiFone Vĩnh Long"}},{"type":"Feature","geometry":{"type":"Point","coordinates":[106.04105599,9.97910907]},"properties":{"Tên doanh nghiệp":"MobiFone Vĩnh Long","Tên trạm BTS":"VLTO57","Địa chỉ lắp đặt":"Ấp Vĩnh Tiến, xã Vĩnh Xuân, tỉnh Vĩnh Long","Trạm 3G":"3G","Số giấy chứng nhận kiểm định":"3110VTTG2025VLTO57","Có giá trị đến":"10/31/30 12:00:00 AM","layer_id":165,"fid":10278,"label":"MobiFone Vĩnh Long"}},{"type":"Feature","geometry":{"type":"Point","coordinates":[106.03270983,9.93606173]},"properties":{"Tên doanh nghiệp":"MobiFone Vĩnh Long","Tên trạm BTS":"VLTO58","Địa chỉ lắp đặt":"Ấp Ông Lãnh, xã Vĩnh Xuân, tỉnh Vĩnh Long","Trạm 3G":"3G","Số giấy chứng nhận kiểm định":"3110VTTG2025VLTO58","Có giá trị đến":"10/31/30 12:00:00 AM","layer_id":165,"fid":10279,"label":"MobiFone Vĩnh Long"}},{"type":"Feature","geometry":{"type":"Point","coordinates":[106.085418,10.019335]},"properties":{"Tên doanh nghiệp":"MobiFone Vĩnh Long","Tên trạm BTS":"VLTO59","Địa chỉ lắp đặt":"Ấp Tường Thọ, xã Hòa Bình, tỉnh Vĩnh Long","Trạm 3G":"3G","Số giấy chứng nhận kiểm định":"3110VTTG2025VLTO59","Có giá trị đến":"10/31/30 12:00:00 AM","layer_id":165,"fid":10280,"label":"MobiFone Vĩnh Long"}},{"type":"Feature","geometry":{"type":"Point","coordinates":[106.0236838,10.05642471]},"properties":{"Tên doanh nghiệp":"MobiFone Vĩnh Long","Tên trạm BTS":"VLTO60","Địa chỉ lắp đặt":"Thửa Đất Số 422, Tbđ Số 7, xã Trà Côn, tỉnh Vĩnh Long","Trạm 3G":"3G","Số giấy chứng nhận kiểm định":"3110VTTG2025VLTO60","Có giá trị đến":"10/31/30 12:00:00 AM","layer_id":165,"fid":10281,"label":"MobiFone Vĩnh Long"}},{"type":"Feature","geometry":{"type":"Point","coordinates":[106.07079,9.9677]},"properties":{"Tên doanh nghiệp":"MobiFone Vĩnh Long","Tên trạm BTS":"VLTOX0","Địa chỉ lắp đặt":"Ấp Vĩnh Thiện, xã Vĩnh Xuân, tỉnh Vĩnh Long","Trạm 3G":"3G","Số giấy chứng nhận kiểm định":"3110VTTG2025VLTOX0","Có giá trị đến":"10/31/30 12:00:00 AM","layer_id":165,"fid":10282,"label":"MobiFone Vĩnh Long"}},{"type":"Feature","geometry":{"type":"Point","coordinates":[105.9717,10.2534]},"properties":{"Tên doanh nghiệp":"MobiFone Vĩnh Long","Tên trạm BTS":"VLVL01","Địa chỉ lắp đặt":"Số 3, Trưng Nữ Vương, khóm Hưng Đạo Vương, phường Long Châu, tỉnh Vĩnh Long","Trạm 3G":"3G","Số giấy chứng nhận kiểm định":"A03141100222TG05","Có giá trị đến":"2/10/27 12:00:00 AM","layer_id":165,"fid":10283,"label":"MobiFone Vĩnh Long"}},{"type":"Feature","geometry":{"type":"Point","coordinates":[105.9687,10.2488]},"properties":{"Tên doanh nghiệp":"MobiFone Vĩnh Long","Tên trạm BTS":"VLVL02","Địa chỉ lắp đặt":"Số 23/23 khóm 1, phường Long Châu, tỉnh Vĩnh Long","Trạm 3G":"3G","Số giấy chứng nhận kiểm định":"A14460261124TG05","Có giá trị đến":"12/6/24 12:00:00 AM","layer_id":165,"fid":10284,"label":"MobiFone Vĩnh Long"}},{"type":"Feature","geometry":{"type":"Point","coordinates":[105.9537,10.2413]},"properties":{"Tên doanh nghiệp":"MobiFone Vĩnh Long","Tên trạm BTS":"VLVL03","Địa chỉ lắp đặt":"Đường Phan Văn Đáng, khóm 1, phường Tân Hạnh, tỉnh Vĩnh Long","Trạm 3G":"3G","Số giấy chứng nhận kiểm định":"A15807161224TG05","Có giá trị đến":"12/6/24 12:00:00 AM","layer_id":165,"fid":10285,"label":"MobiFone Vĩnh Long"}},{"type":"Feature","geometry":{"type":"Point","coordinates":[105.9637,10.2546]},"properties":{"Tên doanh nghiệp":"MobiFone Vĩnh Long","Tên trạm BTS":"VLVL04","Địa chỉ lắp đặt":"Số 210, Lê Thái Tổ, phường Long Châu, tỉnh Vĩnh Long","Trạm 3G":"3G","Số giấy chứng nhận kiểm định":"A00482120122TG05","Có giá trị đến":"1/12/27 12:00:00 AM","layer_id":165,"fid":10286,"label":"MobiFone Vĩnh Long"}},{"type":"Feature","geometry":{"type":"Point","coordinates":[105.9591,10.2461]},"properties":{"Tên doanh nghiệp":"MobiFone Vĩnh Long","Tên trạm BTS":"VLVL05","Địa chỉ lắp đặt":"Bưu Cục Nguyễn Huệ, đường Nguyễn Huệ, phường Long Châu, tỉnh Vĩnh Long","Trạm 3G":"3G","Số giấy chứng nhận kiểm định":"A03142100222TG05","Có giá trị đến":"2/10/27 12:00:00 AM","layer_id":165,"fid":10287,"label":"MobiFone Vĩnh Long"}},{"type":"Feature","geometry":{"type":"Point","coordinates":[105.951,10.2263]},"properties":{"Tên doanh nghiệp":"MobiFone Vĩnh Long","Tên trạm BTS":"VLVL06","Địa chỉ lắp đặt":"Số 32D, đường Đinh Tiên Hoàng, phường Tân Hạnh, tỉnh Vĩnh Long","Trạm 3G":"3G","Số giấy chứng nhận kiểm định":"B04029210720TG05","Có giá trị đến":"7/21/25 12:00:00 AM","layer_id":165,"fid":10288,"label":"MobiFone Vĩnh Long"}},{"type":"Feature","geometry":{"type":"Point","coordinates":[105.9426,10.2598]},"properties":{"Tên doanh nghiệp":"MobiFone Vĩnh Long","Tên trạm BTS":"VLVL07","Địa chỉ lắp đặt":"Số 60E, đường Phạm Hùng, phường Long Châu, tỉnh Vĩnh Long","Trạm 3G":"3G","Số giấy chứng nhận kiểm định":"A03150100222TG05","Có giá trị đến":"2/10/27 12:00:00 AM","layer_id":165,"fid":10289,"label":"MobiFone Vĩnh Long"}},{"type":"Feature","geometry":{"type":"Point","coordinates":[105.9592,10.2379]},"properties":{"Tên doanh nghiệp":"MobiFone Vĩnh Long","Tên trạm BTS":"VLVL08","Địa chỉ lắp đặt":"Số 02 Bis, đường Cao Thắng, phường Tân Hạnh, tỉnh Vĩnh Long","Trạm 3G":"3G","Số giấy chứng nhận kiểm định":"A00481120122TG05","Có giá trị đến":"1/12/27 12:00:00 AM","layer_id":165,"fid":10290,"label":"MobiFone Vĩnh Long"}},{"type":"Feature","geometry":{"type":"Point","coordinates":[105.9532,10.2571]},"properties":{"Tên doanh nghiệp":"MobiFone Vĩnh Long","Tên trạm BTS":"VLVL09","Địa chỉ lắp đặt":"Số 152/5 khóm 4, đường Phạm Hùng, phường Long Châu, tỉnh Vĩnh Long","Trạm 3G":"3G","Số giấy chứng nhận kiểm định":"A00479120122TG05","Có giá trị đến":"1/12/27 12:00:00 AM","layer_id":165,"fid":10291,"label":"MobiFone Vĩnh Long"}},{"type":"Feature","geometry":{"type":"Point","coordinates":[105.969,10.2387]},"properties":{"Tên doanh nghiệp":"MobiFone Vĩnh Long","Tên trạm BTS":"VLVL10","Địa chỉ lắp đặt":"Số 57/8A, đường Mậu Thân, khóm 3, phường Phước Hậu, tỉnh Vĩnh Long","Trạm 3G":"3G","Số giấy chứng nhận kiểm định":"A00480120122TG05","Có giá trị đến":"1/12/27 12:00:00 AM","layer_id":165,"fid":10292,"label":"MobiFone Vĩnh Long"}},{"type":"Feature","geometry":{"type":"Point","coordinates":[105.9722,10.2442]},"properties":{"Tên doanh nghiệp":"MobiFone Vĩnh Long","Tên trạm BTS":"VLVL11","Địa chỉ lắp đặt":"Số 42/5D đường Mậu Thân, khóm 2, phường Phước Hậu, tỉnh Vĩnh Long","Trạm 3G":"3G","Số giấy chứng nhận kiểm định":"A00475120122TG05","Có giá trị đến":"1/12/27 12:00:00 AM","layer_id":165,"fid":10293,"label":"MobiFone Vĩnh Long"}},{"type":"Feature","geometry":{"type":"Point","coordinates":[105.9759,10.2527]},"properties":{"Tên doanh nghiệp":"MobiFone Vĩnh Long","Tên trạm BTS":"VLVL12","Địa chỉ lắp đặt":"Số 83 đường Hùng Vương, phường Long Châu, tỉnh Vĩnh Long","Trạm 3G":"3G","Số giấy chứng nhận kiểm định":"A03421160222TG05","Có giá trị đến":"2/16/27 12:00:00 AM","layer_id":165,"fid":10294,"label":"MobiFone Vĩnh Long"}},{"type":"Feature","geometry":{"type":"Point","coordinates":[105.9876,10.2503]},"properties":{"Tên doanh nghiệp":"MobiFone Vĩnh Long","Tên trạm BTS":"VLVL13","Địa chỉ lắp đặt":"Số 89/102G khóm 5, phường Thanh Đức, tỉnh Vĩnh Long","Trạm 3G":"3G","Số giấy chứng nhận kiểm định":"B04027210720TG05","Có giá trị đến":"7/21/25 12:00:00 AM","layer_id":165,"fid":10295,"label":"MobiFone Vĩnh Long"}},{"type":"Feature","geometry":{"type":"Point","coordinates":[105.9734625,10.2569151]},"properties":{"Tên doanh nghiệp":"MobiFone Vĩnh Long","Tên trạm BTS":"VLVL14","Địa chỉ lắp đặt":"Số 50, đường 1/5, phường Long Châu, tỉnh Vinh Long","Trạm 3G":"3G","Số giấy chứng nhận kiểm định":"A00487120122TG05","Có giá trị đến":"1/12/27 12:00:00 AM","layer_id":165,"fid":10296,"label":"MobiFone Vĩnh Long"}},{"type":"Feature","geometry":{"type":"Point","coordinates":[105.9685,10.2315]},"properties":{"Tên doanh nghiệp":"MobiFone Vĩnh Long","Tên trạm BTS":"VLVL15","Địa chỉ lắp đặt":"Số 72/15, đường Phó Cơ Điều, khóm 4, phường Phước Hậu, tỉnh Vĩnh Long","Trạm 3G":"3G","Số giấy chứng nhận kiểm định":"B02163150420TG05","Có giá trị đến":"4/15/25 12:00:00 AM","layer_id":165,"fid":10297,"label":"MobiFone Vĩnh Long"}},{"type":"Feature","geometry":{"type":"Point","coordinates":[105.9384,10.2543]},"properties":{"Tên doanh nghiệp":"MobiFone Vĩnh Long","Tên trạm BTS":"VLVL16","Địa chỉ lắp đặt":"Khóm Tân Quới Hưng, phường Long Châu, tỉnh Vĩnh Long ","Trạm 3G":"3G","Số giấy chứng nhận kiểm định":"3110VTTG2025VLVL16","Có giá trị đến":"10/31/30 12:00:00 AM","layer_id":165,"fid":10298,"label":"MobiFone Vĩnh Long"}},{"type":"Feature","geometry":{"type":"Point","coordinates":[105.9273,10.2677]},"properties":{"Tên doanh nghiệp":"MobiFone Vĩnh Long","Tên trạm BTS":"VLVL17","Địa chỉ lắp đặt":"Khóm Tân Vĩnh Thuận, phường Tân Ngãi, tỉnh Vĩnh Long ","Trạm 3G":"3G","Số giấy chứng nhận kiểm định":"A03143100222TG05","Có giá trị đến":"2/10/27 12:00:00 AM","layer_id":165,"fid":10299,"label":"MobiFone Vĩnh Long"}},{"type":"Feature","geometry":{"type":"Point","coordinates":[105.9731,10.2514]},"properties":{"Tên doanh nghiệp":"MobiFone Vĩnh Long","Tên trạm BTS":"VLVL18","Địa chỉ lắp đặt":"Số 75A, đường Trung Nữ Vương, phường Long Châu, tỉnh Vĩnh Long","Trạm 3G":"3G","Số giấy chứng nhận kiểm định":"A03144100222TG05","Có giá trị đến":"2/10/27 12:00:00 AM","layer_id":165,"fid":10300,"label":"MobiFone Vĩnh Long"}},{"type":"Feature","geometry":{"type":"Point","coordinates":[105.9685,10.2546]},"properties":{"Tên doanh nghiệp":"MobiFone Vĩnh Long","Tên trạm BTS":"VLVL19","Địa chỉ lắp đặt":"Số 46, đường Nguyễn Thị Út, phường Long Châu, tỉnh Vĩnh Long","Trạm 3G":"3G","Số giấy chứng nhận kiểm định":"A11839251022TG05","Có giá trị đến":"10/25/27 12:00:00 AM","layer_id":165,"fid":10301,"label":"MobiFone Vĩnh Long"}},{"type":"Feature","geometry":{"type":"Point","coordinates":[105.9824,10.2562]},"properties":{"Tên doanh nghiệp":"MobiFone Vĩnh Long","Tên trạm BTS":"VLVL20","Địa chỉ lắp đặt":"Số 144/1A, đường 14/9, phường Thanh Đức, tỉnh Vĩnh Long","Trạm 3G":"3G","Số giấy chứng nhận kiểm định":"A13083221122TG05","Có giá trị đến":"11/22/27 12:00:00 AM","layer_id":165,"fid":10302,"label":"MobiFone Vĩnh Long"}},{"type":"Feature","geometry":{"type":"Point","coordinates":[105.975,10.2331]},"properties":{"Tên doanh nghiệp":"MobiFone Vĩnh Long","Tên trạm BTS":"VLVL21","Địa chỉ lắp đặt":"Số 68/18C, đường Phó Cơ Điều, phường Phước Hậu, tỉnh Vĩnh Long","Trạm 3G":"3G","Số giấy chứng nhận kiểm định":"A15808161224TG05","Có giá trị đến":"12/2/29 12:00:00 AM","layer_id":165,"fid":10303,"label":"MobiFone Vĩnh Long"}},{"type":"Feature","geometry":{"type":"Point","coordinates":[105.9813,10.2405]},"properties":{"Tên doanh nghiệp":"MobiFone Vĩnh Long","Tên trạm BTS":"VLVL22","Địa chỉ lắp đặt":"Số 179, đường Phạm Thái Bường, phường Phước Hậu, tỉnh Vĩnh Long","Trạm 3G":"3G","Số giấy chứng nhận kiểm định":"A03145100222TG05","Có giá trị đến":"2/10/27 12:00:00 AM","layer_id":165,"fid":10304,"label":"MobiFone Vĩnh Long"}},{"type":"Feature","geometry":{"type":"Point","coordinates":[105.9112,10.2662]},"properties":{"Tên doanh nghiệp":"MobiFone Vĩnh Long","Tên trạm BTS":"VLVL23","Địa chỉ lắp đặt":"khóm Tân Quới, phường Tân Ngãi, tỉnh Vĩnh Long ","Trạm 3G":"3G","Số giấy chứng nhận kiểm định":"A03146100222TG05","Có giá trị đến":"2/10/27 12:00:00 AM","layer_id":165,"fid":10305,"label":"MobiFone Vĩnh Long"}},{"type":"Feature","geometry":{"type":"Point","coordinates":[105.8904582,10.2651213]},"properties":{"Tên doanh nghiệp":"MobiFone Vĩnh Long","Tên trạm BTS":"VLVL24","Địa chỉ lắp đặt":"khóm Tân Thạnh, phường Tân Ngãi, tỉnh Vĩnh Long ","Trạm 3G":"3G","Số giấy chứng nhận kiểm định":"3110VTTG2025VLVL24","Có giá trị đến":"10/31/30 12:00:00 AM","layer_id":165,"fid":10306,"label":"MobiFone Vĩnh Long"}},{"type":"Feature","geometry":{"type":"Point","coordinates":[105.9179,10.2465]},"properties":{"Tên doanh nghiệp":"MobiFone Vĩnh Long","Tên trạm BTS":"VLVL25","Địa chỉ lắp đặt":"Khóm Vĩnh Phú, phường Tân Ngãi, tỉnh Vĩnh Long ","Trạm 3G":"3G","Số giấy chứng nhận kiểm định":"3110VTTG2025VLVL25","Có giá trị đến":"10/31/30 12:00:00 AM","layer_id":165,"fid":10307,"label":"MobiFone Vĩnh Long"}},{"type":"Feature","geometry":{"type":"Point","coordinates":[105.98123,10.23312]},"properties":{"Tên doanh nghiệp":"MobiFone Vĩnh Long","Tên trạm BTS":"VLVL26","Địa chỉ lắp đặt":"Số 76/32, đường Phó Cơ Điều, phường Phước Hậu, tỉnh Vĩnh Long","Trạm 3G":"3G","Số giấy chứng nhận kiểm định":"A03165100222TG05","Có giá trị đến":"2/10/27 12:00:00 AM","layer_id":165,"fid":10308,"label":"MobiFone Vĩnh Long"}},{"type":"Feature","geometry":{"type":"Point","coordinates":[105.9004,10.2648]},"properties":{"Tên doanh nghiệp":"MobiFone Vĩnh Long","Tên trạm BTS":"VLVL27","Địa chỉ lắp đặt":"Khóm Tân Thuận, phường Tân Ngãi, tỉnh Vĩnh Long ","Trạm 3G":"3G","Số giấy chứng nhận kiểm định":"3110VTTG2025VLVL27","Có giá trị đến":"10/31/30 12:00:00 AM","layer_id":165,"fid":10309,"label":"MobiFone Vĩnh Long"}},{"type":"Feature","geometry":{"type":"Point","coordinates":[105.9773,10.2447]},"properties":{"Tên doanh nghiệp":"MobiFone Vĩnh Long","Tên trạm BTS":"VLVL28","Địa chỉ lắp đặt":"Số 56/3 đường Phạm Thái Bường, phường Phước Hậu, tỉnh Vĩnh Long","Trạm 3G":"3G","Số giấy chứng nhận kiểm định":"A03149100222TG05","Có giá trị đến":"2/10/27 12:00:00 AM","layer_id":165,"fid":10310,"label":"MobiFone Vĩnh Long"}},{"type":"Feature","geometry":{"type":"Point","coordinates":[105.974,10.2544]},"properties":{"Tên doanh nghiệp":"MobiFone Vĩnh Long","Tên trạm BTS":"VLVL29","Địa chỉ lắp đặt":"Số 2A10 đường Hùng Vương, phường Long Châu, tỉnh Vĩnh Long","Trạm 3G":"3G","Số giấy chứng nhận kiểm định":"A05753150321TG05","Có giá trị đến":"3/15/26 12:00:00 AM","layer_id":165,"fid":10311,"label":"MobiFone Vĩnh Long"}},{"type":"Feature","geometry":{"type":"Point","coordinates":[105.879254,10.262614]},"properties":{"Tên doanh nghiệp":"MobiFone Vĩnh Long","Tên trạm BTS":"VLVL30","Địa chỉ lắp đặt":"Số 6, khóm Tân Thạnh, phường Tân Ngãi, tỉnh Vĩnh Long ","Trạm 3G":"3G","Số giấy chứng nhận kiểm định":"3110VTTG2025VLVL30","Có giá trị đến":"10/31/30 12:00:00 AM","layer_id":165,"fid":10312,"label":"MobiFone Vĩnh Long"}},{"type":"Feature","geometry":{"type":"Point","coordinates":[105.9405119,10.26154374]},"properties":{"Tên doanh nghiệp":"MobiFone Vĩnh Long","Tên trạm BTS":"VLVL69","Địa chỉ lắp đặt":"Số 68E đường Phạm Hùng, phường Long Châu, tỉnh Vĩnh Long","Trạm 3G":"3G","Số giấy chứng nhận kiểm định":null,"Có giá trị đến":null,"layer_id":165,"fid":10341,"label":"MobiFone Vĩnh Long"}},{"type":"Feature","geometry":{"type":"Point","coordinates":[105.9194,10.2574]},"properties":{"Tên doanh nghiệp":"MobiFone Vĩnh Long","Tên trạm BTS":"VLVL31","Địa chỉ lắp đặt":"Khóm Vĩnh Hòa, phường Tân Ngãi, tỉnh Vĩnh Long ","Trạm 3G":"3G","Số giấy chứng nhận kiểm định":"3110VTTG2025VLVL31","Có giá trị đến":"10/31/30 12:00:00 AM","layer_id":165,"fid":10313,"label":"MobiFone Vĩnh Long"}},{"type":"Feature","geometry":{"type":"Point","coordinates":[105.9483,10.2593]},"properties":{"Tên doanh nghiệp":"MobiFone Vĩnh Long","Tên trạm BTS":"VLVL32","Địa chỉ lắp đặt":"Số 222B đường Phạm Hùng, phường Long Châu, tỉnh Vĩnh Long","Trạm 3G":"3G","Số giấy chứng nhận kiểm định":"A03166100222TG05","Có giá trị đến":"2/10/27 12:00:00 AM","layer_id":165,"fid":10314,"label":"MobiFone Vĩnh Long"}},{"type":"Feature","geometry":{"type":"Point","coordinates":[105.9355,10.2613]},"properties":{"Tên doanh nghiệp":"MobiFone Vĩnh Long","Tên trạm BTS":"VLVL33","Địa chỉ lắp đặt":"Số 401, khóm Tân Quới Đông, phường Tân Ngãi, Vĩnh Long ","Trạm 3G":"3G","Số giấy chứng nhận kiểm định":"3110VTTG2025VLVL33","Có giá trị đến":"10/31/30 12:00:00 AM","layer_id":165,"fid":10315,"label":"MobiFone Vĩnh Long"}},{"type":"Feature","geometry":{"type":"Point","coordinates":[105.9876,10.2284]},"properties":{"Tên doanh nghiệp":"MobiFone Vĩnh Long","Tên trạm BTS":"VLVL34","Địa chỉ lắp đặt":"Số 34/29, đường Trần Phú, phường Phước Hậu, tỉnh Vĩnh Long","Trạm 3G":"3G","Số giấy chứng nhận kiểm định":"3110VTTG2025VLVL34","Có giá trị đến":"10/31/30 12:00:00 AM","layer_id":165,"fid":10316,"label":"MobiFone Vĩnh Long"}},{"type":"Feature","geometry":{"type":"Point","coordinates":[105.8949,10.2487]},"properties":{"Tên doanh nghiệp":"MobiFone Vĩnh Long","Tên trạm BTS":"VLVL35","Địa chỉ lắp đặt":"Khóm Tân Bình, phường Tân Ngãi, tỉnh Vĩnh Long ","Trạm 3G":"3G","Số giấy chứng nhận kiểm định":"3110VTTG2025VLVL35","Có giá trị đến":"10/31/30 12:00:00 AM","layer_id":165,"fid":10317,"label":"MobiFone Vĩnh Long"}},{"type":"Feature","geometry":{"type":"Point","coordinates":[105.9662,10.2457]},"properties":{"Tên doanh nghiệp":"MobiFone Vĩnh Long","Tên trạm BTS":"VLVL36","Địa chỉ lắp đặt":"Số 12/5, đường Mậu Thân, khóm 1, phường Phước Hậu, tỉnh Vĩnh Long","Trạm 3G":"3G","Số giấy chứng nhận kiểm định":"3110VTTG2025VLVL36","Có giá trị đến":"10/31/30 12:00:00 AM","layer_id":165,"fid":10318,"label":"MobiFone Vĩnh Long"}},{"type":"Feature","geometry":{"type":"Point","coordinates":[105.9597,10.2508]},"properties":{"Tên doanh nghiệp":"MobiFone Vĩnh Long","Tên trạm BTS":"VLVL37","Địa chỉ lắp đặt":"Số 52/84/36A, đường Nguyễn Huệ, phường Long Châu, tỉnh Vĩnh Long","Trạm 3G":"3G","Số giấy chứng nhận kiểm định":"A03147100222TG05","Có giá trị đến":"2/10/27 12:00:00 AM","layer_id":165,"fid":10319,"label":"MobiFone Vĩnh Long"}},{"type":"Feature","geometry":{"type":"Point","coordinates":[105.9599,10.2566]},"properties":{"Tên doanh nghiệp":"MobiFone Vĩnh Long","Tên trạm BTS":"VLVL38","Địa chỉ lắp đặt":"Số 253 đường Phạm Hùng, phường Long Châu, tỉnh Vĩnh Long","Trạm 3G":"3G","Số giấy chứng nhận kiểm định":"B02164150420TG05","Có giá trị đến":"4/15/25 12:00:00 AM","layer_id":165,"fid":10320,"label":"MobiFone Vĩnh Long"}},{"type":"Feature","geometry":{"type":"Point","coordinates":[105.9855,10.2383]},"properties":{"Tên doanh nghiệp":"MobiFone Vĩnh Long","Tên trạm BTS":"VLVL39","Địa chỉ lắp đặt":"Khóm 5, phường Phước Hậu, tỉnh Vĩnh Long","Trạm 3G":"3G","Số giấy chứng nhận kiểm định":"A14461261124TG05","Có giá trị đến":"12/6/24 12:00:00 AM","layer_id":165,"fid":10321,"label":"MobiFone Vĩnh Long"}},{"type":"Feature","geometry":{"type":"Point","coordinates":[105.987393,10.244433]},"properties":{"Tên doanh nghiệp":"MobiFone Vĩnh Long","Tên trạm BTS":"VLVL40","Địa chỉ lắp đặt":"Hẻm 77, đường 8/3, phường Thanh Đức, tỉnh Vĩnh Long","Trạm 3G":"3G","Số giấy chứng nhận kiểm định":"3110VTTG2025VLVL40","Có giá trị đến":"10/31/30 12:00:00 AM","layer_id":165,"fid":10322,"label":"MobiFone Vĩnh Long"}},{"type":"Feature","geometry":{"type":"Point","coordinates":[105.9655,10.2364]},"properties":{"Tên doanh nghiệp":"MobiFone Vĩnh Long","Tên trạm BTS":"VLVL41","Địa chỉ lắp đặt":"Khóm 3, phường Phước Hậu, tỉnh Vĩnh Long ","Trạm 3G":"3G","Số giấy chứng nhận kiểm định":"3110VTTG2025VLVL41","Có giá trị đến":"10/31/30 12:00:00 AM","layer_id":165,"fid":10323,"label":"MobiFone Vĩnh Long"}},{"type":"Feature","geometry":{"type":"Point","coordinates":[105.9547,10.2316]},"properties":{"Tên doanh nghiệp":"MobiFone Vĩnh Long","Tên trạm BTS":"VLVL42","Địa chỉ lắp đặt":"Số 144/150K, đường Đinh Tiên Hoàng, phường Tân Hạnh, tỉnh Vĩnh Long ","Trạm 3G":"3G","Số giấy chứng nhận kiểm định":"A15809161224TG05","Có giá trị đến":"12/6/24 12:00:00 AM","layer_id":165,"fid":10324,"label":"MobiFone Vĩnh Long"}},{"type":"Feature","geometry":{"type":"Point","coordinates":[105.9715,10.2357]},"properties":{"Tên doanh nghiệp":"MobiFone Vĩnh Long","Tên trạm BTS":"VLVL43","Địa chỉ lắp đặt":"Số C8, Biệt Thự Ngọc Vân, đường Phó Cơ Điều, phường Phước Hậu, tỉnh Vĩnh Long","Trạm 3G":"3G","Số giấy chứng nhận kiểm định":"A05754150321TG05","Có giá trị đến":"3/15/26 12:00:00 AM","layer_id":165,"fid":10325,"label":"MobiFone Vĩnh Long"}},{"type":"Feature","geometry":{"type":"Point","coordinates":[105.9511,10.2307]},"properties":{"Tên doanh nghiệp":"MobiFone Vĩnh Long","Tên trạm BTS":"VLVL45","Địa chỉ lắp đặt":"112/53A, đường Đinh Tiên Hoàng, phường Tân Hạnh, tỉnh Vĩnh Long ","Trạm 3G":"3G","Số giấy chứng nhận kiểm định":"A05755150321TG05","Có giá trị đến":"3/15/26 12:00:00 AM","layer_id":165,"fid":10326,"label":"MobiFone Vĩnh Long"}},{"type":"Feature","geometry":{"type":"Point","coordinates":[105.9279341,10.2717393]},"properties":{"Tên doanh nghiệp":"MobiFone Vĩnh Long","Tên trạm BTS":"VLVL49","Địa chỉ lắp đặt":"Khóm Thuận An, phường Tân Ngãi, tỉnh Vĩnh Long ","Trạm 3G":"3G","Số giấy chứng nhận kiểm định":"A00496120122TG05","Có giá trị đến":"1/12/27 12:00:00 AM","layer_id":165,"fid":10327,"label":"MobiFone Vĩnh Long"}},{"type":"Feature","geometry":{"type":"Point","coordinates":[105.9909,10.2331]},"properties":{"Tên doanh nghiệp":"MobiFone Vĩnh Long","Tên trạm BTS":"VLVL50","Địa chỉ lắp đặt":"Khóm 6, phường Phước Hậu, tỉnh Vĩnh Long","Trạm 3G":"3G","Số giấy chứng nhận kiểm định":"A03168100222TG05","Có giá trị đến":"2/10/27 12:00:00 AM","layer_id":165,"fid":10328,"label":"MobiFone Vĩnh Long"}},{"type":"Feature","geometry":{"type":"Point","coordinates":[105.9066,10.2316]},"properties":{"Tên doanh nghiệp":"MobiFone Vĩnh Long","Tên trạm BTS":"VLVL51","Địa chỉ lắp đặt":"Khóm Tân Nhơn, phường Tân Ngãi, tỉnh Vĩnh Long ","Trạm 3G":"3G","Số giấy chứng nhận kiểm định":"3110VTTG2025VLVL51","Có giá trị đến":"10/31/30 12:00:00 AM","layer_id":165,"fid":10329,"label":"MobiFone Vĩnh Long"}},{"type":"Feature","geometry":{"type":"Point","coordinates":[105.98899,10.232768]},"properties":{"Tên doanh nghiệp":"MobiFone Vĩnh Long","Tên trạm BTS":"VLVL53","Địa chỉ lắp đặt":"301, đường Trần Phú, phường Phước Hậu, tỉnh Vĩnh Long","Trạm 3G":"3G","Số giấy chứng nhận kiểm định":null,"Có giá trị đến":null,"layer_id":165,"fid":10330,"label":"MobiFone Vĩnh Long"}},{"type":"Feature","geometry":{"type":"Point","coordinates":[105.9805118,10.2469005]},"properties":{"Tên doanh nghiệp":"MobiFone Vĩnh Long","Tên trạm BTS":"VLVL54","Địa chỉ lắp đặt":"134/1, đường Trần Phú, phường Phước Hậu, tỉnh Vinh Long","Trạm 3G":"3G","Số giấy chứng nhận kiểm định":"A13069221122TG05","Có giá trị đến":"11/22/27 12:00:00 AM","layer_id":165,"fid":10331,"label":"MobiFone Vĩnh Long"}},{"type":"Feature","geometry":{"type":"Point","coordinates":[105.91946,10.26869]},"properties":{"Tên doanh nghiệp":"MobiFone Vĩnh Long","Tên trạm BTS":"VLVL55","Địa chỉ lắp đặt":"Khóm Tân Vĩnh Thuận, phường Tân Ngãi, tỉnh Vĩnh Long ","Trạm 3G":"3G","Số giấy chứng nhận kiểm định":"A13070221122TG05","Có giá trị đến":"11/22/27 12:00:00 AM","layer_id":165,"fid":10332,"label":"MobiFone Vĩnh Long"}},{"type":"Feature","geometry":{"type":"Point","coordinates":[105.94065,10.26586]},"properties":{"Tên doanh nghiệp":"MobiFone Vĩnh Long","Tên trạm BTS":"VLVL56","Địa chỉ lắp đặt":"Khóm Tân Vĩnh, phường Long Châu, tỉnh Vĩnh Long ","Trạm 3G":"3G","Số giấy chứng nhận kiểm định":"A13071221122TG05","Có giá trị đến":"11/22/27 12:00:00 AM","layer_id":165,"fid":10333,"label":"MobiFone Vĩnh Long"}},{"type":"Feature","geometry":{"type":"Point","coordinates":[105.91338,10.27296]},"properties":{"Tên doanh nghiệp":"MobiFone Vĩnh Long","Tên trạm BTS":"VLVL57","Địa chỉ lắp đặt":"Khóm Tân Vĩnh Thuận, phường Tân Ngãi, tỉnh Vĩnh Long ","Trạm 3G":"3G","Số giấy chứng nhận kiểm định":"A13072221122TG05","Có giá trị đến":"11/22/27 12:00:00 AM","layer_id":165,"fid":10334,"label":"MobiFone Vĩnh Long"}},{"type":"Feature","geometry":{"type":"Point","coordinates":[105.97723,10.24812]},"properties":{"Tên doanh nghiệp":"MobiFone Vĩnh Long","Tên trạm BTS":"VLVL58","Địa chỉ lắp đặt":"Số 27, khóm 1, phường Phước Hậu, tỉnh Vĩnh Long","Trạm 3G":"3G","Số giấy chứng nhận kiểm định":"A06476210624TG05","Có giá trị đến":"6/21/29 12:00:00 AM","layer_id":165,"fid":10335,"label":"MobiFone Vĩnh Long"}},{"type":"Feature","geometry":{"type":"Point","coordinates":[105.94792,10.25008]},"properties":{"Tên doanh nghiệp":"MobiFone Vĩnh Long","Tên trạm BTS":"VLVL59","Địa chỉ lắp đặt":"Số 110/2 khóm 3. phường Long Châu, tỉnh Vĩnh Long","Trạm 3G":"3G","Số giấy chứng nhận kiểm định":"A06477210624TG05","Có giá trị đến":"6/21/29 12:00:00 AM","layer_id":165,"fid":10336,"label":"MobiFone Vĩnh Long"}},{"type":"Feature","geometry":{"type":"Point","coordinates":[105.921992,10.26543]},"properties":{"Tên doanh nghiệp":"MobiFone Vĩnh Long","Tên trạm BTS":"VLVL60","Địa chỉ lắp đặt":"Khóm Tân Vĩnh Thuận, phường Tân Ngãi, tỉnh Vĩnh Long ","Trạm 3G":"3G","Số giấy chứng nhận kiểm định":"A13074221122TG05","Có giá trị đến":"11/22/27 12:00:00 AM","layer_id":165,"fid":10337,"label":"MobiFone Vĩnh Long"}},{"type":"Feature","geometry":{"type":"Point","coordinates":[105.92816,10.25071]},"properties":{"Tên doanh nghiệp":"MobiFone Vĩnh Long","Tên trạm BTS":"VLVL61","Địa chỉ lắp đặt":"Khóm Tân Quý Tây, phường Long Châu, tỉnh Vĩnh Long ","Trạm 3G":"3G","Số giấy chứng nhận kiểm định":"3110VTTG2025VLVL61","Có giá trị đến":"10/31/30 12:00:00 AM","layer_id":165,"fid":10338,"label":"MobiFone Vĩnh Long"}},{"type":"Feature","geometry":{"type":"Point","coordinates":[105.969633,10.255568]},"properties":{"Tên doanh nghiệp":"MobiFone Vĩnh Long","Tên trạm BTS":"VLVL65","Địa chỉ lắp đặt":"Số 26 đường Trưng Nữ Vương, phường Long Châu, tỉnh Vĩnh Long","Trạm 3G":"3G","Số giấy chứng nhận kiểm định":"A04202180325TG05","Có giá trị đến":"3/18/30 12:00:00 AM","layer_id":165,"fid":10339,"label":"MobiFone Vĩnh Long"}},{"type":"Feature","geometry":{"type":"Point","coordinates":[105.9833783,10.23415]},"properties":{"Tên doanh nghiệp":"MobiFone Vĩnh Long","Tên trạm BTS":"VLVL68","Địa chỉ lắp đặt":"Số 568 đường Phạm Thái Bường, phường Phước Hậu, tỉnh Vĩnh Long","Trạm 3G":"3G","Số giấy chứng nhận kiểm định":"A01319200324TG05","Có giá trị đến":"3/20/29 12:00:00 AM","layer_id":165,"fid":10340,"label":"MobiFone Vĩnh Long"}},{"type":"Feature","geometry":{"type":"Point","coordinates":[105.94955544,10.25402622]},"properties":{"Tên doanh nghiệp":"MobiFone Vĩnh Long","Tên trạm BTS":"VLVL70","Địa chỉ lắp đặt":"Số 9, đường D5, khóm 5, phường Long Châu, tỉnh Vĩnh Long ","Trạm 3G":"3G","Số giấy chứng nhận kiểm định":null,"Có giá trị đến":null,"layer_id":165,"fid":10342,"label":"MobiFone Vĩnh Long"}},{"type":"Feature","geometry":{"type":"Point","coordinates":[105.96424,10.250249]},"properties":{"Tên doanh nghiệp":"MobiFone Vĩnh Long","Tên trạm BTS":"VLVL75","Địa chỉ lắp đặt":"Số 13, khóm 6, phường Long Châu, tỉnh Vĩnh Long","Trạm 3G":"3G","Số giấy chứng nhận kiểm định":null,"Có giá trị đến":null,"layer_id":165,"fid":10343,"label":"MobiFone Vĩnh Long"}},{"type":"Feature","geometry":{"type":"Point","coordinates":[105.906372,10.25855]},"properties":{"Tên doanh nghiệp":"MobiFone Vĩnh Long","Tên trạm BTS":"VLVL79","Địa chỉ lắp đặt":"Khóm Tân Phú, phường Tân Ngãi, tỉnh Vĩnh Long ","Trạm 3G":"3G","Số giấy chứng nhận kiểm định":null,"Có giá trị đến":null,"layer_id":165,"fid":10346,"label":"MobiFone Vĩnh Long"}},{"type":"Feature","geometry":{"type":"Point","coordinates":[105.9611,10.23402]},"properties":{"Tên doanh nghiệp":"MobiFone Vĩnh Long","Tên trạm BTS":"VLVL77","Địa chỉ lắp đặt":"Số 16, khóm 4, phường Phước Hậu, tỉnh Vĩnh Long","Trạm 3G":"3G","Số giấy chứng nhận kiểm định":"3110VTTG2025VLVL77","Có giá trị đến":"10/31/30 12:00:00 AM","layer_id":165,"fid":10344,"label":"MobiFone Vĩnh Long"}},{"type":"Feature","geometry":{"type":"Point","coordinates":[105.926199,10.258267]},"properties":{"Tên doanh nghiệp":"MobiFone Vĩnh Long","Tên trạm BTS":"VLVL78","Địa chỉ lắp đặt":"Khóm Tân Xuân, phường Tân Ngãi, tỉnh Vĩnh Long ","Trạm 3G":"3G","Số giấy chứng nhận kiểm định":null,"Có giá trị đến":null,"layer_id":165,"fid":10345,"label":"MobiFone Vĩnh Long"}},{"type":"Feature","geometry":{"type":"Point","coordinates":[105.99082,10.25288]},"properties":{"Tên doanh nghiệp":"MobiFone Vĩnh Long","Tên trạm BTS":"VLVL80","Địa chỉ lắp đặt":"Số 35, khóm 5, phường Thanh Đức, tỉnh Vĩnh Long","Trạm 3G":"3G","Số giấy chứng nhận kiểm định":null,"Có giá trị đến":null,"layer_id":165,"fid":10347,"label":"MobiFone Vĩnh Long"}},{"type":"Feature","geometry":{"type":"Point","coordinates":[105.9926,10.2595]},"properties":{"Tên doanh nghiệp":"MobiFone Vĩnh Long","Tên trạm BTS":"VLVLC3","Địa chỉ lắp đặt":"Khóm 6, phường Thanh Đức, tỉnh Vĩnh Long","Trạm 3G":"3G","Số giấy chứng nhận kiểm định":"3110VTTG2025VLVLC3","Có giá trị đến":"10/31/30 12:00:00 AM","layer_id":165,"fid":10348,"label":"MobiFone Vĩnh Long"}},{"type":"Feature","geometry":{"type":"Point","coordinates":[105.90581,10.247626]},"properties":{"Tên doanh nghiệp":"MobiFone Vĩnh Long","Tên trạm BTS":"VLVLX0","Địa chỉ lắp đặt":"Thửa Đất Số 42 , Tờ bản đồ số 28, phường Tân Ngãi, tỉnh Vĩnh Long ","Trạm 3G":"3G","Số giấy chứng nhận kiểm định":"3110VTTG2025VLVLX0","Có giá trị đến":"10/31/30 12:00:00 AM","layer_id":165,"fid":10349,"label":"MobiFone Vĩnh Long"}},{"type":"Feature","geometry":{"type":"Point","coordinates":[106.185,10.0954]},"properties":{"Tên doanh nghiệp":"MobiFone Vĩnh Long","Tên trạm BTS":"VLVM01","Địa chỉ lắp đặt":"Khóm 1, xã Trung Thành, tỉnh Vĩnh Long","Trạm 3G":"3G","Số giấy chứng nhận kiểm định":"A04204180325TG05","Có giá trị đến":"3/18/30 12:00:00 AM","layer_id":165,"fid":10350,"label":"MobiFone Vĩnh Long"}},{"type":"Feature","geometry":{"type":"Point","coordinates":[106.18727,10.08351]},"properties":{"Tên doanh nghiệp":"MobiFone Vĩnh Long","Tên trạm BTS":"VLVM02","Địa chỉ lắp đặt":"Ấp Xuân Minh 1, xã Trung Thành, tỉnh Vĩnh Long","Trạm 3G":"3G","Số giấy chứng nhận kiểm định":"A15810161224TG05","Có giá trị đến":"12/2/29 12:00:00 AM","layer_id":165,"fid":10351,"label":"MobiFone Vĩnh Long"}},{"type":"Feature","geometry":{"type":"Point","coordinates":[106.10796,10.03205]},"properties":{"Tên doanh nghiệp":"MobiFone Vĩnh Long","Tên trạm BTS":"VLVM03","Địa chỉ lắp đặt":"Ấp Hiếu Thủ, xã Hiếu Thành, tỉnh Vĩnh Long","Trạm 3G":"3G","Số giấy chứng nhận kiểm định":"B04048210720TG05","Có giá trị đến":"7/21/25 12:00:00 AM","layer_id":165,"fid":10352,"label":"MobiFone Vĩnh Long"}},{"type":"Feature","geometry":{"type":"Point","coordinates":[106.2312,10.1094]},"properties":{"Tên doanh nghiệp":"MobiFone Vĩnh Long","Tên trạm BTS":"VLVM04","Địa chỉ lắp đặt":"Ấp Thái Bình, xã Thanh Bình, tỉnh Vĩnh Long","Trạm 3G":"3G","Số giấy chứng nhận kiểm định":"A03170100222TG05","Có giá trị đến":"2/10/27 12:00:00 AM","layer_id":165,"fid":10353,"label":"MobiFone Vĩnh Long"}},{"type":"Feature","geometry":{"type":"Point","coordinates":[106.1192,10.0782]},"properties":{"Tên doanh nghiệp":"MobiFone Vĩnh Long","Tên trạm BTS":"VLVM05","Địa chỉ lắp đặt":"Ấp Quang Thạnh, xã Hiếu Phụng, tỉnh Vĩnh Long","Trạm 3G":"3G","Số giấy chứng nhận kiểm định":"3110VTTG2025VLVM05","Có giá trị đến":"10/31/30 12:00:00 AM","layer_id":165,"fid":10354,"label":"MobiFone Vĩnh Long"}},{"type":"Feature","geometry":{"type":"Point","coordinates":[106.2051,10.1468]},"properties":{"Tên doanh nghiệp":"MobiFone Vĩnh Long","Tên trạm BTS":"VLVM06","Địa chỉ lắp đặt":"Ấp Rạch Vọp, xã Thanh Bình, tỉnh Vĩnh Long","Trạm 3G":"3G","Số giấy chứng nhận kiểm định":"3110VTTG2025VLVM06","Có giá trị đến":"10/31/30 12:00:00 AM","layer_id":165,"fid":10355,"label":"MobiFone Vĩnh Long"}},{"type":"Feature","geometry":{"type":"Point","coordinates":[106.1525,10.0771]},"properties":{"Tên doanh nghiệp":"MobiFone Vĩnh Long","Tên trạm BTS":"VLVM07","Địa chỉ lắp đặt":"Ấp Bình Thành, xã Trung Thành, tỉnh Vĩnh Long","Trạm 3G":"3G","Số giấy chứng nhận kiểm định":"3110VTTG2025VLVM07","Có giá trị đến":"10/31/30 12:00:00 AM","layer_id":165,"fid":10356,"label":"MobiFone Vĩnh Long"}},{"type":"Feature","geometry":{"type":"Point","coordinates":[106.1326,10.1152]},"properties":{"Tên doanh nghiệp":"MobiFone Vĩnh Long","Tên trạm BTS":"VLVM08","Địa chỉ lắp đặt":"Ấp Mướp Sát, xã Trung Hiệp, tỉnh Vĩnh Long","Trạm 3G":"3G","Số giấy chứng nhận kiểm định":"3110VTTG2025VLVM08","Có giá trị đến":"10/31/30 12:00:00 AM","layer_id":165,"fid":10357,"label":"MobiFone Vĩnh Long"}},{"type":"Feature","geometry":{"type":"Point","coordinates":[106.0808,10.1033]},"properties":{"Tên doanh nghiệp":"MobiFone Vĩnh Long","Tên trạm BTS":"VLVM09","Địa chỉ lắp đặt":"Ấp 8, xã Trung Hiệp, tỉnh Vĩnh Long","Trạm 3G":"3G","Số giấy chứng nhận kiểm định":"A04203180325TG05","Có giá trị đến":"3/18/30 12:00:00 AM","layer_id":165,"fid":10358,"label":"MobiFone Vĩnh Long"}},{"type":"Feature","geometry":{"type":"Point","coordinates":[106.1185,10.1581]},"properties":{"Tên doanh nghiệp":"MobiFone Vĩnh Long","Tên trạm BTS":"VLVM10","Địa chỉ lắp đặt":"Ấp Rạch Đôi, xã Quới An, tỉnh Vĩnh Long","Trạm 3G":"3G","Số giấy chứng nhận kiểm định":"3110VTTG2025VLVM10","Có giá trị đến":"10/31/30 12:00:00 AM","layer_id":165,"fid":10359,"label":"MobiFone Vĩnh Long"}},{"type":"Feature","geometry":{"type":"Point","coordinates":[106.0979,9.9914]},"properties":{"Tên doanh nghiệp":"MobiFone Vĩnh Long","Tên trạm BTS":"VLVM11","Địa chỉ lắp đặt":"Ấp Hiếu Xuân, xã Hiếu Thành, tỉnh Vĩnh Long","Trạm 3G":"3G","Số giấy chứng nhận kiểm định":"3110VTTG2025VLVM11","Có giá trị đến":"10/31/30 12:00:00 AM","layer_id":165,"fid":10360,"label":"MobiFone Vĩnh Long"}},{"type":"Feature","geometry":{"type":"Point","coordinates":[106.1695,10.1254]},"properties":{"Tên doanh nghiệp":"MobiFone Vĩnh Long","Tên trạm BTS":"VLVM12","Địa chỉ lắp đặt":"Ấp An Quới, xã Quới An, tỉnh Vĩnh Long","Trạm 3G":"3G","Số giấy chứng nhận kiểm định":"3110VTTG2025VLVM12","Có giá trị đến":"10/31/30 12:00:00 AM","layer_id":165,"fid":10361,"label":"MobiFone Vĩnh Long"}},{"type":"Feature","geometry":{"type":"Point","coordinates":[106.1456,10.0397]},"properties":{"Tên doanh nghiệp":"MobiFone Vĩnh Long","Tên trạm BTS":"VLVM13","Địa chỉ lắp đặt":"Ấp An Lạc 1, xã Hiếu Phụng, tỉnh Vĩnh Long","Trạm 3G":"3G","Số giấy chứng nhận kiểm định":"3110VTTG2025VLVM13","Có giá trị đến":"10/31/30 12:00:00 AM","layer_id":165,"fid":10362,"label":"MobiFone Vĩnh Long"}},{"type":"Feature","geometry":{"type":"Point","coordinates":[106.2016,10.0485]},"properties":{"Tên doanh nghiệp":"MobiFone Vĩnh Long","Tên trạm BTS":"VLVM14","Địa chỉ lắp đặt":"Ấp Phú Nhuận, xã Trung Ngãi, tỉnh Vĩnh Long","Trạm 3G":"3G","Số giấy chứng nhận kiểm định":"3110VTTG2025VLVM14","Có giá trị đến":"10/31/30 12:00:00 AM","layer_id":165,"fid":10363,"label":"MobiFone Vĩnh Long"}},{"type":"Feature","geometry":{"type":"Point","coordinates":[106.2054,10.0203]},"properties":{"Tên doanh nghiệp":"MobiFone Vĩnh Long","Tên trạm BTS":"VLVM15","Địa chỉ lắp đặt":"Ấp Trương Hội, xã Trung Ngãi, tỉnh Vĩnh Long","Trạm 3G":"3G","Số giấy chứng nhận kiểm định":"3110VTTG2025VLVM15","Có giá trị đến":"10/31/30 12:00:00 AM","layer_id":165,"fid":10364,"label":"MobiFone Vĩnh Long"}},{"type":"Feature","geometry":{"type":"Point","coordinates":[106.1647,10.1527]},"properties":{"Tên doanh nghiệp":"MobiFone Vĩnh Long","Tên trạm BTS":"VLVM16","Địa chỉ lắp đặt":"Ấp Phước Trường, xã Quới An, tỉnh Vĩnh Long","Trạm 3G":"3G","Số giấy chứng nhận kiểm định":"3110VTTG2025VLVM16","Có giá trị đến":"10/31/30 12:00:00 AM","layer_id":165,"fid":10365,"label":"MobiFone Vĩnh Long"}},{"type":"Feature","geometry":{"type":"Point","coordinates":[106.1153,10.0859]},"properties":{"Tên doanh nghiệp":"MobiFone Vĩnh Long","Tên trạm BTS":"VLVM17","Địa chỉ lắp đặt":"Ấp Tân Huy, xã Hiếu Phụng, tỉnh Vĩnh Long","Trạm 3G":"3G","Số giấy chứng nhận kiểm định":"A00488120122TG05","Có giá trị đến":"1/12/27 12:00:00 AM","layer_id":165,"fid":10366,"label":"MobiFone Vĩnh Long"}},{"type":"Feature","geometry":{"type":"Point","coordinates":[106.137,10.078]},"properties":{"Tên doanh nghiệp":"MobiFone Vĩnh Long","Tên trạm BTS":"VLVM18","Địa chỉ lắp đặt":"Ấp An Thành Đông, xã Trung Thành, tỉnh Vĩnh Long","Trạm 3G":"3G","Số giấy chứng nhận kiểm định":"A05756150321TG05","Có giá trị đến":"3/15/26 12:00:00 AM","layer_id":165,"fid":10367,"label":"MobiFone Vĩnh Long"}},{"type":"Feature","geometry":{"type":"Point","coordinates":[106.103,10.0115]},"properties":{"Tên doanh nghiệp":"MobiFone Vĩnh Long","Tên trạm BTS":"VLVM19","Địa chỉ lắp đặt":"Ấp Ngã Phú, xã Hiếu Thành, tỉnh Vĩnh Long","Trạm 3G":"3G","Số giấy chứng nhận kiểm định":"3110VTTG2025VLVM19","Có giá trị đến":"10/31/30 12:00:00 AM","layer_id":165,"fid":10368,"label":"MobiFone Vĩnh Long"}},{"type":"Feature","geometry":{"type":"Point","coordinates":[106.1144,10.0559]},"properties":{"Tên doanh nghiệp":"MobiFone Vĩnh Long","Tên trạm BTS":"VLVM20","Địa chỉ lắp đặt":"Ấp Quang Trường, xã Hiếu Phụng, tỉnh Vĩnh Long","Trạm 3G":"3G","Số giấy chứng nhận kiểm định":"3110VTTG2025VLVM20","Có giá trị đến":"10/31/30 12:00:00 AM","layer_id":165,"fid":10369,"label":"MobiFone Vĩnh Long"}},{"type":"Feature","geometry":{"type":"Point","coordinates":[106.1137,9.9411]},"properties":{"Tên doanh nghiệp":"MobiFone Vĩnh Long","Tên trạm BTS":"VLVM21","Địa chỉ lắp đặt":"Ấp Hiếu Hậu, xã Hiếu Thành, tỉnh Vĩnh Long","Trạm 3G":"3G","Số giấy chứng nhận kiểm định":"3110VTTG2025VLVM21","Có giá trị đến":"10/31/30 12:00:00 AM","layer_id":165,"fid":10370,"label":"MobiFone Vĩnh Long"}},{"type":"Feature","geometry":{"type":"Point","coordinates":[106.0954,10.0911]},"properties":{"Tên doanh nghiệp":"MobiFone Vĩnh Long","Tên trạm BTS":"VLVM22","Địa chỉ lắp đặt":"Ấp Quang Phú, xã Hiếu Phụng, tỉnh Vĩnh Long","Trạm 3G":"3G","Số giấy chứng nhận kiểm định":"3110VTTG2025VLVM22","Có giá trị đến":"10/31/30 12:00:00 AM","layer_id":165,"fid":10371,"label":"MobiFone Vĩnh Long"}},{"type":"Feature","geometry":{"type":"Point","coordinates":[106.0722,10.0908]},"properties":{"Tên doanh nghiệp":"MobiFone Vĩnh Long","Tên trạm BTS":"VLVM23","Địa chỉ lắp đặt":"Ấp Nước Xoáy, xã Trung Hiệp, tỉnh Vĩnh Long","Trạm 3G":"3G","Số giấy chứng nhận kiểm định":"3110VTTG2025VLVM23","Có giá trị đến":"10/31/30 12:00:00 AM","layer_id":165,"fid":10372,"label":"MobiFone Vĩnh Long"}},{"type":"Feature","geometry":{"type":"Point","coordinates":[106.1364,10.0255]},"properties":{"Tên doanh nghiệp":"MobiFone Vĩnh Long","Tên trạm BTS":"VLVM24","Địa chỉ lắp đặt":"Ấp An Phước, xã Hiếu Phụng, tỉnh Vĩnh Long","Trạm 3G":"3G","Số giấy chứng nhận kiểm định":"3110VTTG2025VLVM24","Có giá trị đến":"10/31/30 12:00:00 AM","layer_id":165,"fid":10373,"label":"MobiFone Vĩnh Long"}},{"type":"Feature","geometry":{"type":"Point","coordinates":[106.1244,10.1272]},"properties":{"Tên doanh nghiệp":"MobiFone Vĩnh Long","Tên trạm BTS":"VLVM25","Địa chỉ lắp đặt":"Ấp Rạch Rô, xã Trung Hiệp, tỉnh Vĩnh Long","Trạm 3G":"3G","Số giấy chứng nhận kiểm định":"3110VTTG2025VLVM25","Có giá trị đến":"10/31/30 12:00:00 AM","layer_id":165,"fid":10374,"label":"MobiFone Vĩnh Long"}},{"type":"Feature","geometry":{"type":"Point","coordinates":[106.1597,10.1089]},"properties":{"Tên doanh nghiệp":"MobiFone Vĩnh Long","Tên trạm BTS":"VLVM26","Địa chỉ lắp đặt":"Ấp Ruột Ngựa, xã Trung Hiệp, tỉnh Vĩnh Long","Trạm 3G":"3G","Số giấy chứng nhận kiểm định":"3110VTTG2025VLVM26","Có giá trị đến":"10/31/30 12:00:00 AM","layer_id":165,"fid":10375,"label":"MobiFone Vĩnh Long"}},{"type":"Feature","geometry":{"type":"Point","coordinates":[106.196,10.0625]},"properties":{"Tên doanh nghiệp":"MobiFone Vĩnh Long","Tên trạm BTS":"VLVM27","Địa chỉ lắp đặt":"Ấp An Trung, xã Quới An, tỉnh Vĩnh Long","Trạm 3G":"3G","Số giấy chứng nhận kiểm định":"3110VTTG2025VLVM27","Có giá trị đến":"10/31/30 12:00:00 AM","layer_id":165,"fid":10376,"label":"MobiFone Vĩnh Long"}},{"type":"Feature","geometry":{"type":"Point","coordinates":[106.2494,10.0881]},"properties":{"Tên doanh nghiệp":"MobiFone Vĩnh Long","Tên trạm BTS":"VLVM28","Địa chỉ lắp đặt":"Ấp Bình Thủy, xã Thanh Bình, tỉnh Vĩnh Long","Trạm 3G":"3G","Số giấy chứng nhận kiểm định":"3110VTTG2025VLVM28","Có giá trị đến":"10/31/30 12:00:00 AM","layer_id":165,"fid":10377,"label":"MobiFone Vĩnh Long"}},{"type":"Feature","geometry":{"type":"Point","coordinates":[106.1872,10.09]},"properties":{"Tên doanh nghiệp":"MobiFone Vĩnh Long","Tên trạm BTS":"VLVM29","Địa chỉ lắp đặt":"khóm 1, xã Trung Thành, tỉnh Vĩnh Long","Trạm 3G":"3G","Số giấy chứng nhận kiểm định":"A26553080621TG05","Có giá trị đến":"6/8/26 12:00:00 AM","layer_id":165,"fid":10378,"label":"MobiFone Vĩnh Long"}},{"type":"Feature","geometry":{"type":"Point","coordinates":[106.1932,10.0732]},"properties":{"Tên doanh nghiệp":"MobiFone Vĩnh Long","Tên trạm BTS":"VLVM30","Địa chỉ lắp đặt":"Ấp Trung Trạch, xã Trung Thành, tỉnh Vĩnh Long","Trạm 3G":"3G","Số giấy chứng nhận kiểm định":"A04205180325TG05","Có giá trị đến":"3/18/30 12:00:00 AM","layer_id":165,"fid":10379,"label":"MobiFone Vĩnh Long"}},{"type":"Feature","geometry":{"type":"Point","coordinates":[106.2173,10.0793]},"properties":{"Tên doanh nghiệp":"MobiFone Vĩnh Long","Tên trạm BTS":"VLVM31","Địa chỉ lắp đặt":"Ấp Đức Hoà, xã Trung Ngãi, tỉnh Vĩnh Long","Trạm 3G":"3G","Số giấy chứng nhận kiểm định":"3110VTTG2025VLVM31","Có giá trị đến":"10/31/30 12:00:00 AM","layer_id":165,"fid":10380,"label":"MobiFone Vĩnh Long"}},{"type":"Feature","geometry":{"type":"Point","coordinates":[106.2118,10.0966]},"properties":{"Tên doanh nghiệp":"MobiFone Vĩnh Long","Tên trạm BTS":"VLVM32","Địa chỉ lắp đặt":"Ấp Phú An, xã Trung Ngãi, tỉnh Vĩnh Long","Trạm 3G":"3G","Số giấy chứng nhận kiểm định":"3110VTTG2025VLVM32","Có giá trị đến":"10/31/30 12:00:00 AM","layer_id":165,"fid":10381,"label":"MobiFone Vĩnh Long"}},{"type":"Feature","geometry":{"type":"Point","coordinates":[106.1768,10.1117]},"properties":{"Tên doanh nghiệp":"MobiFone Vĩnh Long","Tên trạm BTS":"VLVM33","Địa chỉ lắp đặt":"Số 537, Ấp Qưới Hiệp, xã Quới An, tỉnh Vĩnh Long","Trạm 3G":"3G","Số giấy chứng nhận kiểm định":"3110VTTG2025VLVM33","Có giá trị đến":"10/31/30 12:00:00 AM","layer_id":165,"fid":10382,"label":"MobiFone Vĩnh Long"}},{"type":"Feature","geometry":{"type":"Point","coordinates":[106.1021,10.1451]},"properties":{"Tên doanh nghiệp":"MobiFone Vĩnh Long","Tên trạm BTS":"VLVM34","Địa chỉ lắp đặt":"Ấp Đập Thủ, xã Quới An, tỉnh Vĩnh Long","Trạm 3G":"3G","Số giấy chứng nhận kiểm định":"3110VTTG2025VLVM34","Có giá trị đến":"10/31/30 12:00:00 AM","layer_id":165,"fid":10383,"label":"MobiFone Vĩnh Long"}},{"type":"Feature","geometry":{"type":"Point","coordinates":[106.1709,10.0817]},"properties":{"Tên doanh nghiệp":"MobiFone Vĩnh Long","Tên trạm BTS":"VLVM35","Địa chỉ lắp đặt":"Ấp An Điền 1, xã Trung Thành, tỉnh Vĩnh Long","Trạm 3G":"3G","Số giấy chứng nhận kiểm định":"3110VTTG2025VLVM35","Có giá trị đến":"10/31/30 12:00:00 AM","layer_id":165,"fid":10384,"label":"MobiFone Vĩnh Long"}},{"type":"Feature","geometry":{"type":"Point","coordinates":[106.1371,10.1534]},"properties":{"Tên doanh nghiệp":"MobiFone Vĩnh Long","Tên trạm BTS":"VLVM36","Địa chỉ lắp đặt":"Ấp 1, xã Quới An, tỉnh Vĩnh Long","Trạm 3G":"3G","Số giấy chứng nhận kiểm định":"3110VTTG2025VLVM36","Có giá trị đến":"10/31/30 12:00:00 AM","layer_id":165,"fid":10385,"label":"MobiFone Vĩnh Long"}},{"type":"Feature","geometry":{"type":"Point","coordinates":[106.1897,10.1236]},"properties":{"Tên doanh nghiệp":"MobiFone Vĩnh Long","Tên trạm BTS":"VLVM37","Địa chỉ lắp đặt":"Ấp Trường Thọ, xã Quới An, tỉnh Vĩnh Long","Trạm 3G":"3G","Số giấy chứng nhận kiểm định":"3110VTTG2025VLVM37","Có giá trị đến":"10/31/30 12:00:00 AM","layer_id":165,"fid":10386,"label":"MobiFone Vĩnh Long"}},{"type":"Feature","geometry":{"type":"Point","coordinates":[106.175,10.0501]},"properties":{"Tên doanh nghiệp":"MobiFone Vĩnh Long","Tên trạm BTS":"VLVM38","Địa chỉ lắp đặt":"Ấp Phước Lộc, xã Quới An, tỉnh Vĩnh Long","Trạm 3G":"3G","Số giấy chứng nhận kiểm định":"3110VTTG2025VLVM38","Có giá trị đến":"10/31/30 12:00:00 AM","layer_id":165,"fid":10387,"label":"MobiFone Vĩnh Long"}},{"type":"Feature","geometry":{"type":"Point","coordinates":[106.1468,10.1327]},"properties":{"Tên doanh nghiệp":"MobiFone Vĩnh Long","Tên trạm BTS":"VLVM39","Địa chỉ lắp đặt":"Ấp Hiệp Trường, xã Quới An, tỉnh Vĩnh Long","Trạm 3G":"3G","Số giấy chứng nhận kiểm định":"3110VTTG2025VLVM39","Có giá trị đến":"10/31/30 12:00:00 AM","layer_id":165,"fid":10388,"label":"MobiFone Vĩnh Long"}},{"type":"Feature","geometry":{"type":"Point","coordinates":[106.1419,10.0969]},"properties":{"Tên doanh nghiệp":"MobiFone Vĩnh Long","Tên trạm BTS":"VLVM40","Địa chỉ lắp đặt":"Số 388, Ấp Mướp Sát,  xã Trung Hiệp, tỉnh Vĩnh Long","Trạm 3G":"3G","Số giấy chứng nhận kiểm định":"3110VTTG2025VLVM40","Có giá trị đến":"10/31/30 12:00:00 AM","layer_id":165,"fid":10389,"label":"MobiFone Vĩnh Long"}},{"type":"Feature","geometry":{"type":"Point","coordinates":[106.1082,10.1084]},"properties":{"Tên doanh nghiệp":"MobiFone Vĩnh Long","Tên trạm BTS":"VLVM41","Địa chỉ lắp đặt":"Ấp Chợ Mới, xã Trung Hiệp, tỉnh Vĩnh Long","Trạm 3G":"3G","Số giấy chứng nhận kiểm định":"3110VTTG2025VLVM41","Có giá trị đến":"10/31/30 12:00:00 AM","layer_id":165,"fid":10390,"label":"MobiFone Vĩnh Long"}},{"type":"Feature","geometry":{"type":"Point","coordinates":[106.2179,10.1288]},"properties":{"Tên doanh nghiệp":"MobiFone Vĩnh Long","Tên trạm BTS":"VLVM42","Địa chỉ lắp đặt":"Ấp Thanh Lương, xã Thanh Bình, tỉnh Vĩnh Long","Trạm 3G":"3G","Số giấy chứng nhận kiểm định":"3110VTTG2025VLVM42","Có giá trị đến":"10/31/30 12:00:00 AM","layer_id":165,"fid":10391,"label":"MobiFone Vĩnh Long"}},{"type":"Feature","geometry":{"type":"Point","coordinates":[106.1888,10.1614]},"properties":{"Tên doanh nghiệp":"MobiFone Vĩnh Long","Tên trạm BTS":"VLVM43","Địa chỉ lắp đặt":"Ấp Phước Lý 2, xã Thanh Bình, tỉnh Vĩnh Long","Trạm 3G":"3G","Số giấy chứng nhận kiểm định":"3110VTTG2025VLVM43","Có giá trị đến":"10/31/30 12:00:00 AM","layer_id":165,"fid":10392,"label":"MobiFone Vĩnh Long"}},{"type":"Feature","geometry":{"type":"Point","coordinates":[106.0939,9.9558]},"properties":{"Tên doanh nghiệp":"MobiFone Vĩnh Long","Tên trạm BTS":"VLVM44","Địa chỉ lắp đặt":"Ấp Hiếu Trung A, xã Hiếu Thành, tỉnh Vĩnh Long","Trạm 3G":"3G","Số giấy chứng nhận kiểm định":"3110VTTG2025VLVM44","Có giá trị đến":"10/31/30 12:00:00 AM","layer_id":165,"fid":10393,"label":"MobiFone Vĩnh Long"}},{"type":"Feature","geometry":{"type":"Point","coordinates":[106.0919,9.9747]},"properties":{"Tên doanh nghiệp":"MobiFone Vĩnh Long","Tên trạm BTS":"VLVM45","Địa chỉ lắp đặt":"Ấp Hiếu Văn, xã Hiếu Thành, tỉnh Vĩnh Long","Trạm 3G":"3G","Số giấy chứng nhận kiểm định":"3110VTTG2025VLVM45","Có giá trị đến":"10/31/30 12:00:00 AM","layer_id":165,"fid":10394,"label":"MobiFone Vĩnh Long"}},{"type":"Feature","geometry":{"type":"Point","coordinates":[106.1284,10.1451]},"properties":{"Tên doanh nghiệp":"MobiFone Vĩnh Long","Tên trạm BTS":"VLVM50","Địa chỉ lắp đặt":"Ấp Quang Diệu, xã Quới An, tỉnh Vĩnh Long","Trạm 3G":"3G","Số giấy chứng nhận kiểm định":"3110VTTG2025VLVM50","Có giá trị đến":"10/31/30 12:00:00 AM","layer_id":165,"fid":10395,"label":"MobiFone Vĩnh Long"}},{"type":"Feature","geometry":{"type":"Point","coordinates":[106.1514,10.0584]},"properties":{"Tên doanh nghiệp":"MobiFone Vĩnh Long","Tên trạm BTS":"VLVM51","Địa chỉ lắp đặt":"Ấp An Lạc Đông,xã Trung Thành, tỉnh Vĩnh Long","Trạm 3G":"3G","Số giấy chứng nhận kiểm định":"3110VTTG2025VLVM51","Có giá trị đến":"10/31/30 12:00:00 AM","layer_id":165,"fid":10396,"label":"MobiFone Vĩnh Long"}},{"type":"Feature","geometry":{"type":"Point","coordinates":[106.1519,10.1199]},"properties":{"Tên doanh nghiệp":"MobiFone Vĩnh Long","Tên trạm BTS":"VLVM52","Địa chỉ lắp đặt":"Ấp Quang Đức, xã Trung Hiệp, tỉnh Vĩnh Long","Trạm 3G":"3G","Số giấy chứng nhận kiểm định":"3110VTTG2025VLVM52","Có giá trị đến":"10/31/30 12:00:00 AM","layer_id":165,"fid":10397,"label":"MobiFone Vĩnh Long"}},{"type":"Feature","geometry":{"type":"Point","coordinates":[106.1701,10.1003]},"properties":{"Tên doanh nghiệp":"MobiFone Vĩnh Long","Tên trạm BTS":"VLVM53","Địa chỉ lắp đặt":"Áp Rạch Nưng, xã Trung Hiệp, tỉnh Vĩnh Long","Trạm 3G":"3G","Số giấy chứng nhận kiểm định":"3110VTTG2025VLVM53","Có giá trị đến":"10/31/30 12:00:00 AM","layer_id":165,"fid":10398,"label":"MobiFone Vĩnh Long"}},{"type":"Feature","geometry":{"type":"Point","coordinates":[106.1995,10.1301]},"properties":{"Tên doanh nghiệp":"MobiFone Vĩnh Long","Tên trạm BTS":"VLVM54","Địa chỉ lắp đặt":"Ấp Phước Thạnh, xã Thanh Bình, tỉnh Vĩnh Long","Trạm 3G":"3G","Số giấy chứng nhận kiểm định":"3110VTTG2025VLVM54","Có giá trị đến":"10/31/30 12:00:00 AM","layer_id":165,"fid":10399,"label":"MobiFone Vĩnh Long"}},{"type":"Feature","geometry":{"type":"Point","coordinates":[106.225,10.0529]},"properties":{"Tên doanh nghiệp":"MobiFone Vĩnh Long","Tên trạm BTS":"VLVM55","Địa chỉ lắp đặt":"Ấp Phú Khương, xã Trung Ngãi, tỉnh Vĩnh Long","Trạm 3G":"3G","Số giấy chứng nhận kiểm định":"3110VTTG2025VLVM55","Có giá trị đến":"10/31/30 12:00:00 AM","layer_id":165,"fid":10400,"label":"MobiFone Vĩnh Long"}},{"type":"Feature","geometry":{"type":"Point","coordinates":[106.1935,10.1039]},"properties":{"Tên doanh nghiệp":"MobiFone Vĩnh Long","Tên trạm BTS":"VLVM56","Địa chỉ lắp đặt":"Ấp Trung Hậu, xã Quới An, tỉnh Vĩnh Long","Trạm 3G":"3G","Số giấy chứng nhận kiểm định":"3110VTTG2025VLVM56","Có giá trị đến":"10/31/30 12:00:00 AM","layer_id":165,"fid":10401,"label":"MobiFone Vĩnh Long"}},{"type":"Feature","geometry":{"type":"Point","coordinates":[106.1046,10.1269]},"properties":{"Tên doanh nghiệp":"MobiFone Vĩnh Long","Tên trạm BTS":"VLVM57","Địa chỉ lắp đặt":"Ấp 4, xã Trung Hiệp, tỉnh Vĩnh Long","Trạm 3G":"3G","Số giấy chứng nhận kiểm định":"3110VTTG2025VLVM57","Có giá trị đến":"10/31/30 12:00:00 AM","layer_id":165,"fid":10402,"label":"MobiFone Vĩnh Long"}},{"type":"Feature","geometry":{"type":"Point","coordinates":[106.18858,10.14658]},"properties":{"Tên doanh nghiệp":"MobiFone Vĩnh Long","Tên trạm BTS":"VLVM58","Địa chỉ lắp đặt":"Ấp Phước Lý Nhất, xã Thanh Bình, tỉnh Vĩnh Long","Trạm 3G":"3G","Số giấy chứng nhận kiểm định":"3110VTTG2025VLVM58","Có giá trị đến":"10/31/30 12:00:00 AM","layer_id":165,"fid":10403,"label":"MobiFone Vĩnh Long"}},{"type":"Feature","geometry":{"type":"Point","coordinates":[106.15644,10.02247]},"properties":{"Tên doanh nghiệp":"MobiFone Vĩnh Long","Tên trạm BTS":"VLVM59","Địa chỉ lắp đặt":"Ấp Trung Hòa 2, xã Hiếu Phụng, tỉnh Vĩnh Long","Trạm 3G":"3G","Số giấy chứng nhận kiểm định":"3110VTTG2025VLVM59","Có giá trị đến":"10/31/30 12:00:00 AM","layer_id":165,"fid":10404,"label":"MobiFone Vĩnh Long"}},{"type":"Feature","geometry":{"type":"Point","coordinates":[106.13283,10.05092]},"properties":{"Tên doanh nghiệp":"MobiFone Vĩnh Long","Tên trạm BTS":"VLVM60","Địa chỉ lắp đặt":"Ấp An Hậu, xã Hiếu Phụng, tỉnh Vĩnh Long","Trạm 3G":"3G","Số giấy chứng nhận kiểm định":"3110VTTG2025VLVM60","Có giá trị đến":"10/31/30 12:00:00 AM","layer_id":165,"fid":10405,"label":"MobiFone Vĩnh Long"}},{"type":"Feature","geometry":{"type":"Point","coordinates":[106.11031,9.96919]},"properties":{"Tên doanh nghiệp":"MobiFone Vĩnh Long","Tên trạm BTS":"VLVM61","Địa chỉ lắp đặt":"Ấp Hiếu Bình, xã Hiếu Thành, tỉnh Vĩnh Long","Trạm 3G":"3G","Số giấy chứng nhận kiểm định":"3110VTTG2025VLVM61","Có giá trị đến":"10/31/30 12:00:00 AM","layer_id":165,"fid":10406,"label":"MobiFone Vĩnh Long"}},{"type":"Feature","geometry":{"type":"Point","coordinates":[106.21663,10.03657]},"properties":{"Tên doanh nghiệp":"MobiFone Vĩnh Long","Tên trạm BTS":"VLVM62","Địa chỉ lắp đặt":"Ấp Phú Tân, xã Trung Ngãi, tỉnh Vĩnh Long","Trạm 3G":"3G","Số giấy chứng nhận kiểm định":"3110VTTG2025VLVM62","Có giá trị đến":"10/31/30 12:00:00 AM","layer_id":165,"fid":10407,"label":"MobiFone Vĩnh Long"}},{"type":"Feature","geometry":{"type":"Point","coordinates":[106.242959,10.099954]},"properties":{"Tên doanh nghiệp":"MobiFone Vĩnh Long","Tên trạm BTS":"VLVM63","Địa chỉ lắp đặt":"Ấp Thanh Khê, xã Thanh Bình, tỉnh Vĩnh Long","Trạm 3G":"3G","Số giấy chứng nhận kiểm định":"3110VTTG2025VLVM63","Có giá trị đến":"10/31/30 12:00:00 AM","layer_id":165,"fid":10408,"label":"MobiFone Vĩnh Long"}},{"type":"Feature","geometry":{"type":"Point","coordinates":[106.16546,10.16303]},"properties":{"Tên doanh nghiệp":"MobiFone Vĩnh Long","Tên trạm BTS":"VLVM64","Địa chỉ lắp đặt":"Ấp Phước Trường, xã Quới An, tỉnh Vĩnh Long","Trạm 3G":"3G","Số giấy chứng nhận kiểm định":"3110VTTG2025VLVM64","Có giá trị đến":"10/31/30 12:00:00 AM","layer_id":165,"fid":10409,"label":"MobiFone Vĩnh Long"}},{"type":"Feature","geometry":{"type":"Point","coordinates":[106.099713,10.041519]},"properties":{"Tên doanh nghiệp":"MobiFone Vĩnh Long","Tên trạm BTS":"VLVM65","Địa chỉ lắp đặt":"Ấp Ngãi Thạnh, xã Trung Hiệp, tỉnh Vĩnh Long","Trạm 3G":"3G","Số giấy chứng nhận kiểm định":"3110VTTG2025VLVM65","Có giá trị đến":"10/31/30 12:00:00 AM","layer_id":165,"fid":10410,"label":"MobiFone Vĩnh Long"}},{"type":"Feature","geometry":{"type":"Point","coordinates":[106.11627,9.99564]},"properties":{"Tên doanh nghiệp":"MobiFone Vĩnh Long","Tên trạm BTS":"VLVMX0","Địa chỉ lắp đặt":"Ấp Hiếu Xuân Đông, xã Hiếu Thành, tỉnh Vĩnh Long","Trạm 3G":"3G","Số giấy chứng nhận kiểm định":"3110VTTG2025VLVMX0","Có giá trị đến":"10/31/30 12:00:00 AM","layer_id":165,"fid":10411,"label":"MobiFone Vĩnh Long"}},{"type":"Feature","geometry":{"type":"Point","coordinates":[106.05612,9.87253]},"properties":{"Tên doanh nghiệp":"MobiFone Vĩnh Long","Tên trạm BTS":"TVCK01","Địa chỉ lắp đặt":"Bưu điện Cầu Kè, Khóm 4, Xã Cầu Kè, Tỉnh Vĩnh Long","Trạm 3G":"3G","Số giấy chứng nhận kiểm định":"2204VTTG2024TVCK01","Có giá trị đến":"4/22/29 12:00:00 AM","layer_id":165,"fid":10412,"label":"MobiFone Vĩnh Long"}},{"type":"Feature","geometry":{"type":"Point","coordinates":[106.05901,9.87858]},"properties":{"Tên doanh nghiệp":"MobiFone Vĩnh Long","Tên trạm BTS":"TVCK02","Địa chỉ lắp đặt":"KHÓM 3, Xã Cầu Kè, Tỉnh Vĩnh Long","Trạm 3G":"3G","Số giấy chứng nhận kiểm định":"1612VTTG2024TVCK02","Có giá trị đến":"12/16/29 12:00:00 AM","layer_id":165,"fid":10413,"label":"MobiFone Vĩnh Long"}},{"type":"Feature","geometry":{"type":"Point","coordinates":[106.01552,9.87863]},"properties":{"Tên doanh nghiệp":"MobiFone Vĩnh Long","Tên trạm BTS":"TVCK03","Địa chỉ lắp đặt":"Ấp An Trại, Xã An Phú Tân, Tỉnh Vĩnh Long","Trạm 3G":"3G","Số giấy chứng nhận kiểm định":"0804VTTG2025TVCK03","Có giá trị đến":"4/8/30 12:00:00 AM","layer_id":165,"fid":10414,"label":"MobiFone Vĩnh Long"}},{"type":"Feature","geometry":{"type":"Point","coordinates":[106.07748,9.8016]},"properties":{"Tên doanh nghiệp":"MobiFone Vĩnh Long","Tên trạm BTS":"TVCK04","Địa chỉ lắp đặt":"Ấp Mỹ Văn, Xã Phong Thạnh, Tỉnh Vĩnh Long","Trạm 3G":"3G","Số giấy chứng nhận kiểm định":"0112VTTG2022TVCK04","Có giá trị đến":"12/1/27 12:00:00 AM","layer_id":165,"fid":10415,"label":"MobiFone Vĩnh Long"}},{"type":"Feature","geometry":{"type":"Point","coordinates":[106.0771,9.9278]},"properties":{"Tên doanh nghiệp":"MobiFone Vĩnh Long","Tên trạm BTS":"TVCK05","Địa chỉ lắp đặt":"Ấp Kinh Xuôi, Xã Tam Ngãi, Tỉnh Vĩnh Long","Trạm 3G":"3G","Số giấy chứng nhận kiểm định":"0112VTTG2022TVCK05","Có giá trị đến":"12/1/27 12:00:00 AM","layer_id":165,"fid":10416,"label":"MobiFone Vĩnh Long"}},{"type":"Feature","geometry":{"type":"Point","coordinates":[106.12296,9.84079]},"properties":{"Tên doanh nghiệp":"MobiFone Vĩnh Long","Tên trạm BTS":"TVCK06","Địa chỉ lắp đặt":"Bưu điện Phong Thạnh, Ấp 2, xã Phong Thạnh, Tỉnh Vĩnh Long","Trạm 3G":"3G","Số giấy chứng nhận kiểm định":"B04097210720TG05","Có giá trị đến":"7/21/25 12:00:00 AM","layer_id":165,"fid":10417,"label":"MobiFone Vĩnh Long"}},{"type":"Feature","geometry":{"type":"Point","coordinates":[106.02921,9.9051]},"properties":{"Tên doanh nghiệp":"MobiFone Vĩnh Long","Tên trạm BTS":"TVCK07","Địa chỉ lắp đặt":"Ấp Bưng Lớn, Xã Tam Ngãi, Tỉnh Vĩnh Long","Trạm 3G":"3G","Số giấy chứng nhận kiểm định":"0804VTTG2025TVCK07","Có giá trị đến":"4/8/30 12:00:00 AM","layer_id":165,"fid":10418,"label":"MobiFone Vĩnh Long"}},{"type":"Feature","geometry":{"type":"Point","coordinates":[106.12005,9.87998]},"properties":{"Tên doanh nghiệp":"MobiFone Vĩnh Long","Tên trạm BTS":"TVCK08","Địa chỉ lắp đặt":"Ấp Trà Bôn, Xã Cầu Kè, Tỉnh Vĩnh Long","Trạm 3G":"3G","Số giấy chứng nhận kiểm định":"0804VTTG2025TVCK08","Có giá trị đến":"4/8/30 12:00:00 AM","layer_id":165,"fid":10419,"label":"MobiFone Vĩnh Long"}},{"type":"Feature","geometry":{"type":"Point","coordinates":[106.0741,9.89948]},"properties":{"Tên doanh nghiệp":"MobiFone Vĩnh Long","Tên trạm BTS":"TVCK09","Địa chỉ lắp đặt":"Ấp Thông Thảo, Xã Cầu kè, Tỉnh Vĩnh Long","Trạm 3G":"3G","Số giấy chứng nhận kiểm định":"0804VTTG2025TVCK09","Có giá trị đến":"4/8/30 12:00:00 AM","layer_id":165,"fid":10420,"label":"MobiFone Vĩnh Long"}},{"type":"Feature","geometry":{"type":"Point","coordinates":[106.02886,9.85469]},"properties":{"Tên doanh nghiệp":"MobiFone Vĩnh Long","Tên trạm BTS":"TVCK10","Địa chỉ lắp đặt":"Ấp Chông Nô 3, Xã An Phú Tân, Tỉnh Vĩnh Long","Trạm 3G":"3G","Số giấy chứng nhận kiểm định":"0804VTTG2025TVCK10","Có giá trị đến":"4/8/30 12:00:00 AM","layer_id":165,"fid":10421,"label":"MobiFone Vĩnh Long"}},{"type":"Feature","geometry":{"type":"Point","coordinates":[106.05761,9.81266]},"properties":{"Tên doanh nghiệp":"MobiFone Vĩnh Long","Tên trạm BTS":"TVCK11","Địa chỉ lắp đặt":"Ấp Trà điệu, Xã Phong Thạnh, Tỉnh Vĩnh Long","Trạm 3G":"3G","Số giấy chứng nhận kiểm định":"0112VTTG2022TVCK11","Có giá trị đến":"12/1/27 12:00:00 AM","layer_id":165,"fid":10422,"label":"MobiFone Vĩnh Long"}},{"type":"Feature","geometry":{"type":"Point","coordinates":[106.05287,9.86681]},"properties":{"Tên doanh nghiệp":"MobiFone Vĩnh Long","Tên trạm BTS":"TVCK12","Địa chỉ lắp đặt":"Khóm 6, Xã An Phú Tân, Tỉnh Vĩnh Long","Trạm 3G":"3G","Số giấy chứng nhận kiểm định":"1612VTTG2024TVCK12","Có giá trị đến":"12/16/29 12:00:00 AM","layer_id":165,"fid":10423,"label":"MobiFone Vĩnh Long"}},{"type":"Feature","geometry":{"type":"Point","coordinates":[106.0951,9.81179]},"properties":{"Tên doanh nghiệp":"MobiFone Vĩnh Long","Tên trạm BTS":"TVCK13","Địa chỉ lắp đặt":"Ấp Tư Mỹ Văn, Xã Phong Thạnh, Tỉnh Vĩnh Long","Trạm 3G":"3G","Số giấy chứng nhận kiểm định":"0112VTTG2022TVCK13","Có giá trị đến":"12/1/27 12:00:00 AM","layer_id":165,"fid":10424,"label":"MobiFone Vĩnh Long"}},{"type":"Feature","geometry":{"type":"Point","coordinates":[106.15277,9.84396]},"properties":{"Tên doanh nghiệp":"MobiFone Vĩnh Long","Tên trạm BTS":"TVCK14","Địa chỉ lắp đặt":"Ấp Cây Gòn, Xã Phong Thạnh, Tỉnh Vĩnh Long","Trạm 3G":"3G","Số giấy chứng nhận kiểm định":"0804VTTG2025TVCK14","Có giá trị đến":"4/8/30 12:00:00 AM","layer_id":165,"fid":10425,"label":"MobiFone Vĩnh Long"}},{"type":"Feature","geometry":{"type":"Point","coordinates":[106.08244,9.85928]},"properties":{"Tên doanh nghiệp":"MobiFone Vĩnh Long","Tên trạm BTS":"TVCK15","Địa chỉ lắp đặt":"Số 35, Ấp Ô Tưng, Xã Cầu Kè, Tỉnh Vĩnh Long","Trạm 3G":"3G","Số giấy chứng nhận kiểm định":"0102VTTG2024TVCK15","Có giá trị đến":"2/1/29 12:00:00 AM","layer_id":165,"fid":10426,"label":"MobiFone Vĩnh Long"}},{"type":"Feature","geometry":{"type":"Point","coordinates":[106.07392,9.94111]},"properties":{"Tên doanh nghiệp":"MobiFone Vĩnh Long","Tên trạm BTS":"TVCK16","Địa chỉ lắp đặt":"Ấp Trà Mẹt, Xã Tam Ngãi, Tỉnh Vĩnh Long","Trạm 3G":"3G","Số giấy chứng nhận kiểm định":"0804VTTG2025TVCK16","Có giá trị đến":"4/8/30 12:00:00 AM","layer_id":165,"fid":10427,"label":"MobiFone Vĩnh Long"}},{"type":"Feature","geometry":{"type":"Point","coordinates":[106.10155,9.8612]},"properties":{"Tên doanh nghiệp":"MobiFone Vĩnh Long","Tên trạm BTS":"TVCK17","Địa chỉ lắp đặt":"Ấp Kinh Xáng, Xã Phong Thạnh, Tỉnh Vĩnh Long","Trạm 3G":"3G","Số giấy chứng nhận kiểm định":"0112VTTG2022TVCK17","Có giá trị đến":"12/1/27 12:00:00 AM","layer_id":165,"fid":10428,"label":"MobiFone Vĩnh Long"}},{"type":"Feature","geometry":{"type":"Point","coordinates":[106.06207,9.87123]},"properties":{"Tên doanh nghiệp":"MobiFone Vĩnh Long","Tên trạm BTS":"TVCK18","Địa chỉ lắp đặt":"Khóm 1, Xã Cầu Kè, Tỉnh Vĩnh Long","Trạm 3G":"3G","Số giấy chứng nhận kiểm định":"1612VTTG2024TVCK18","Có giá trị đến":"12/16/29 12:00:00 AM","layer_id":165,"fid":10429,"label":"MobiFone Vĩnh Long"}},{"type":"Feature","geometry":{"type":"Point","coordinates":[106.11292,9.90718]},"properties":{"Tên doanh nghiệp":"MobiFone Vĩnh Long","Tên trạm BTS":"TVCK19","Địa chỉ lắp đặt":"Ấp Trà Ốt, Xã Tam Ngãi, Tỉnh Vĩnh Long","Trạm 3G":"3G","Số giấy chứng nhận kiểm định":"0111VTTG2023TVCK19","Có giá trị đến":"11/1/28 12:00:00 AM","layer_id":165,"fid":10430,"label":"MobiFone Vĩnh Long"}},{"type":"Feature","geometry":{"type":"Point","coordinates":[106.13183,9.92272]},"properties":{"Tên doanh nghiệp":"MobiFone Vĩnh Long","Tên trạm BTS":"TVCK20","Địa chỉ lắp đặt":"Số 195, ấp 4, Xã Tam Ngãi, Tỉnh Vĩnh Long","Trạm 3G":"3G","Số giấy chứng nhận kiểm định":"0804VTTG2025TVCK20","Có giá trị đến":"4/8/30 12:00:00 AM","layer_id":165,"fid":10431,"label":"MobiFone Vĩnh Long"}},{"type":"Feature","geometry":{"type":"Point","coordinates":[106.0571,9.8961]},"properties":{"Tên doanh nghiệp":"MobiFone Vĩnh Long","Tên trạm BTS":"TVCK21","Địa chỉ lắp đặt":"Số 170K2, Ấp Bà My, xã Cầu Kè, Tỉnh Vĩnh Long","Trạm 3G":"3G","Số giấy chứng nhận kiểm định":"0804VTTG2025TVCK21","Có giá trị đến":"4/8/30 12:00:00 AM","layer_id":165,"fid":10432,"label":"MobiFone Vĩnh Long"}},{"type":"Feature","geometry":{"type":"Point","coordinates":[105.99222,9.88269]},"properties":{"Tên doanh nghiệp":"MobiFone Vĩnh Long","Tên trạm BTS":"TVCK22","Địa chỉ lắp đặt":"Ấp Tân Quy 2, xã An Phú Tân, Tỉnh Vĩnh Long","Trạm 3G":"3G","Số giấy chứng nhận kiểm định":"0804VTTG2025TVCK22","Có giá trị đến":"4/8/30 12:00:00 AM","layer_id":165,"fid":10433,"label":"MobiFone Vĩnh Long"}},{"type":"Feature","geometry":{"type":"Point","coordinates":[106.04887,9.92013]},"properties":{"Tên doanh nghiệp":"MobiFone Vĩnh Long","Tên trạm BTS":"TVCK23","Địa chỉ lắp đặt":"Ấp Ô Chích, xã Tam Ngãi, Tỉnh Vĩnh Long","Trạm 3G":"3G","Số giấy chứng nhận kiểm định":"0804VTTG2025TVCK23","Có giá trị đến":"4/8/30 12:00:00 AM","layer_id":165,"fid":10434,"label":"MobiFone Vĩnh Long"}},{"type":"Feature","geometry":{"type":"Point","coordinates":[106.08173,9.83527]},"properties":{"Tên doanh nghiệp":"MobiFone Vĩnh Long","Tên trạm BTS":"TVCK24","Địa chỉ lắp đặt":"Số 258, Ấp 2, xã Phong Thạnh, Tỉnh Vĩnh Long","Trạm 3G":"3G","Số giấy chứng nhận kiểm định":"0111VTTG2023TVCK24","Có giá trị đến":"11/1/28 12:00:00 AM","layer_id":165,"fid":10435,"label":"MobiFone Vĩnh Long"}},{"type":"Feature","geometry":{"type":"Point","coordinates":[106.03708,9.88436]},"properties":{"Tên doanh nghiệp":"MobiFone Vĩnh Long","Tên trạm BTS":"TVCK25","Địa chỉ lắp đặt":"Ấp Ngãi Nhì, xã Tam Ngãi, Tỉnh Vĩnh Long","Trạm 3G":"3G","Số giấy chứng nhận kiểm định":"0804VTTG2025TVCK25","Có giá trị đến":"4/8/30 12:00:00 AM","layer_id":165,"fid":10436,"label":"MobiFone Vĩnh Long"}},{"type":"Feature","geometry":{"type":"Point","coordinates":[106.11169,9.82255]},"properties":{"Tên doanh nghiệp":"MobiFone Vĩnh Long","Tên trạm BTS":"TVCK26","Địa chỉ lắp đặt":"Ấp 4, xã Phong Thạnh, Tỉnh Vĩnh Long","Trạm 3G":"3G","Số giấy chứng nhận kiểm định":"0112VTTG2022TVCK26","Có giá trị đến":"12/1/27 12:00:00 AM","layer_id":165,"fid":10437,"label":"MobiFone Vĩnh Long"}},{"type":"Feature","geometry":{"type":"Point","coordinates":[106.14106,9.86872]},"properties":{"Tên doanh nghiệp":"MobiFone Vĩnh Long","Tên trạm BTS":"TVCK27","Địa chỉ lắp đặt":"Ấp 3, xã Phong Thạnh,Tỉnh Vĩnh Long","Trạm 3G":"3G","Số giấy chứng nhận kiểm định":"0112VTTG2022TVCK27","Có giá trị đến":"12/1/27 12:00:00 AM","layer_id":165,"fid":10438,"label":"MobiFone Vĩnh Long"}},{"type":"Feature","geometry":{"type":"Point","coordinates":[106.0079,9.9014]},"properties":{"Tên doanh nghiệp":"MobiFone Vĩnh Long","Tên trạm BTS":"TVCK28","Địa chỉ lắp đặt":"ấp Giồng Nỗi, xã Tam Ngãi, Tỉnh Vĩnh Long","Trạm 3G":"3G","Số giấy chứng nhận kiểm định":"0112VTTG2022TVCK28","Có giá trị đến":"12/1/27 12:00:00 AM","layer_id":165,"fid":10439,"label":"MobiFone Vĩnh Long"}},{"type":"Feature","geometry":{"type":"Point","coordinates":[106.099252,9.924779]},"properties":{"Tên doanh nghiệp":"MobiFone Vĩnh Long","Tên trạm BTS":"TVCK30","Địa chỉ lắp đặt":"Ấp Kinh Xuôi, Xã Tam Ngãi, Tỉnh Vĩnh Long","Trạm 3G":"3G","Số giấy chứng nhận kiểm định":"A05798080523TG05","Có giá trị đến":"5/4/28 12:00:00 AM","layer_id":165,"fid":10440,"label":"MobiFone Vĩnh Long"}},{"type":"Feature","geometry":{"type":"Point","coordinates":[106.042668,9.838808]},"properties":{"Tên doanh nghiệp":"MobiFone Vĩnh Long","Tên trạm BTS":"TVCK31","Địa chỉ lắp đặt":"Ấp Hội An, Xã An Phú Tân, Tỉnh Vĩnh Long","Trạm 3G":"3G","Số giấy chứng nhận kiểm định":"A05799080523TG05","Có giá trị đến":"5/4/28 12:00:00 AM","layer_id":165,"fid":10441,"label":"MobiFone Vĩnh Long"}},{"type":"Feature","geometry":{"type":"Point","coordinates":[106.09361,9.84948]},"properties":{"Tên doanh nghiệp":"MobiFone Vĩnh Long","Tên trạm BTS":"TVCK32","Địa chỉ lắp đặt":"Ấp Kinh Xáng, Xã Phong Thạnh, Tỉnh Vĩnh Long","Trạm 3G":"3G","Số giấy chứng nhận kiểm định":"0112VTTG2022TVCK32","Có giá trị đến":"12/1/27 12:00:00 AM","layer_id":165,"fid":10442,"label":"MobiFone Vĩnh Long"}},{"type":"Feature","geometry":{"type":"Point","coordinates":[106.09352,9.7853]},"properties":{"Tên doanh nghiệp":"MobiFone Vĩnh Long","Tên trạm BTS":"TVCK36","Địa chỉ lắp đặt":"Ấp Xẻo Cạn, Xã Phong Thạnh, Tỉnh Vĩnh Long","Trạm 3G":"3G","Số giấy chứng nhận kiểm định":"0112VTTG2022TVCK36","Có giá trị đến":"12/1/27 12:00:00 AM","layer_id":165,"fid":10443,"label":"MobiFone Vĩnh Long"}},{"type":"Feature","geometry":{"type":"Point","coordinates":[106.06262,9.84772]},"properties":{"Tên doanh nghiệp":"MobiFone Vĩnh Long","Tên trạm BTS":"TVCK37","Địa chỉ lắp đặt":"Ấp Ô Mịch, Xã Cầu Kè, Tỉnh Vĩnh Long","Trạm 3G":"3G","Số giấy chứng nhận kiểm định":"0112VTTG2022TVCK37","Có giá trị đến":"12/1/27 12:00:00 AM","layer_id":165,"fid":10444,"label":"MobiFone Vĩnh Long"}},{"type":"Feature","geometry":{"type":"Point","coordinates":[106.08951,9.87935]},"properties":{"Tên doanh nghiệp":"MobiFone Vĩnh Long","Tên trạm BTS":"TVCK38","Địa chỉ lắp đặt":"Ấp Ô Tưng B, Xã Cầu Kè, Tỉnh Vĩnh Long","Trạm 3G":"3G","Số giấy chứng nhận kiểm định":"0107VTTG2022TVCK38","Có giá trị đến":"7/1/26 12:00:00 AM","layer_id":165,"fid":10445,"label":"MobiFone Vĩnh Long"}},{"type":"Feature","geometry":{"type":"Point","coordinates":[106.1306,9.85489]},"properties":{"Tên doanh nghiệp":"MobiFone Vĩnh Long","Tên trạm BTS":"TVCK39","Địa chỉ lắp đặt":"Thửa đất số 183 tờ bản đồ số 29, ấp III, xã Phong Thạnh, Tỉnh Vĩnh Long","Trạm 3G":"3G","Số giấy chứng nhận kiểm định":"0107VTTG2022TVCK39","Có giá trị đến":"7/1/27 12:00:00 AM","layer_id":165,"fid":10446,"label":"MobiFone Vĩnh Long"}},{"type":"Feature","geometry":{"type":"Point","coordinates":[106.07031,9.8863]},"properties":{"Tên doanh nghiệp":"MobiFone Vĩnh Long","Tên trạm BTS":"TVCK40","Địa chỉ lắp đặt":"Thửa đất số 121 tờ bản đồ số 42, ấp Giồng Lớn, xã Cầu Kè, Tỉnh Vĩnh Long","Trạm 3G":"3G","Số giấy chứng nhận kiểm định":"0107VTTG2022TVCK40","Có giá trị đến":"7/1/27 12:00:00 AM","layer_id":165,"fid":10447,"label":"MobiFone Vĩnh Long"}},{"type":"Feature","geometry":{"type":"Point","coordinates":[106.0649,9.828]},"properties":{"Tên doanh nghiệp":"MobiFone Vĩnh Long","Tên trạm BTS":"TVCK41","Địa chỉ lắp đặt":"Thửa đất số 26 tờ bản đồ số 61, ấp Rùm Sóc, xã Cầu Kè, Tỉnh Vĩnh Long","Trạm 3G":"3G","Số giấy chứng nhận kiểm định":"0107VTTG2022TVCK41","Có giá trị đến":"7/1/27 12:00:00 AM","layer_id":165,"fid":10448,"label":"MobiFone Vĩnh Long"}},{"type":"Feature","geometry":{"type":"Point","coordinates":[105.983185,9.898796]},"properties":{"Tên doanh nghiệp":"MobiFone Vĩnh Long","Tên trạm BTS":"TVCK42","Địa chỉ lắp đặt":"Thửa đất số 219, TBĐ số 02, xã An Phú Tân, Tỉnh Vĩnh Long","Trạm 3G":"3G","Số giấy chứng nhận kiểm định":"0107VTTG2025TVCK42","Có giá trị đến":"7/1/30 12:00:00 AM","layer_id":165,"fid":10449,"label":"MobiFone Vĩnh Long"}},{"type":"Feature","geometry":{"type":"Point","coordinates":[106.088165,9.9124]},"properties":{"Tên doanh nghiệp":"MobiFone Vĩnh Long","Tên trạm BTS":"TVCK43","Địa chỉ lắp đặt":"Thửa đất số 81, TBĐ số 28, ấp Thông Thảo, xã Cầu Kè, Tỉnh Vĩnh Long","Trạm 3G":"3G","Số giấy chứng nhận kiểm định":"0107VTTG2025TVCK43","Có giá trị đến":"7/1/30 12:00:00 AM","layer_id":165,"fid":10450,"label":"MobiFone Vĩnh Long"}},{"type":"Feature","geometry":{"type":"Point","coordinates":[106.03989,9.8599]},"properties":{"Tên doanh nghiệp":"MobiFone Vĩnh Long","Tên trạm BTS":"TVCK44","Địa chỉ lắp đặt":"Ấp Chông Nô 3, xã An Phú Tân, tỉnh Vĩnh Long","Trạm 3G":"3G","Số giấy chứng nhận kiểm định":"0107VTTG2025TVCK44","Có giá trị đến":"7/1/30 12:00:00 AM","layer_id":165,"fid":10451,"label":"MobiFone Vĩnh Long"}},{"type":"Feature","geometry":{"type":"Point","coordinates":[106.022224,9.89262]},"properties":{"Tên doanh nghiệp":"MobiFone Vĩnh Long","Tên trạm BTS":"TVCK45","Địa chỉ lắp đặt":"Thửa đất số 39, TBĐ số 1, ấp Ngọc Hồ, xã Tam Ngãi, tỉnh Vĩnh Long","Trạm 3G":"3G","Số giấy chứng nhận kiểm định":"0107VTTG2025TVCK45","Có giá trị đến":"7/1/30 12:00:00 AM","layer_id":165,"fid":10452,"label":"MobiFone Vĩnh Long"}},{"type":"Feature","geometry":{"type":"Point","coordinates":[106.20562,9.9943]},"properties":{"Tên doanh nghiệp":"MobiFone Vĩnh Long","Tên trạm BTS":"TVCL01","Địa chỉ lắp đặt":"Khóm 5, Xã Càng Long, Tỉnh Vĩnh Long","Trạm 3G":"3G","Số giấy chứng nhận kiểm định":"A15811161224TG05","Có giá trị đến":"12/2/29 12:00:00 AM","layer_id":165,"fid":10453,"label":"MobiFone Vĩnh Long"}},{"type":"Feature","geometry":{"type":"Point","coordinates":[106.20885,9.97774]},"properties":{"Tên doanh nghiệp":"MobiFone Vĩnh Long","Tên trạm BTS":"TVCL02","Địa chỉ lắp đặt":"Khóm 7, Xã Càng Long, Tỉnh Vĩnh Long","Trạm 3G":"3G","Số giấy chứng nhận kiểm định":"0102VTTG2024TVCL02","Có giá trị đến":"2/1/29 12:00:00 AM","layer_id":165,"fid":10454,"label":"MobiFone Vĩnh Long"}},{"type":"Feature","geometry":{"type":"Point","coordinates":[106.23898,9.95994]},"properties":{"Tên doanh nghiệp":"MobiFone Vĩnh Long","Tên trạm BTS":"TVCL03","Địa chỉ lắp đặt":"BĐVH Bình Phú. Ấp Nguyệt Lãng A, xã Bình Phú, Tỉnh Vĩnh Long","Trạm 3G":"3G","Số giấy chứng nhận kiểm định":"A01878240122TG05","Có giá trị đến":"1/24/27 12:00:00 AM","layer_id":165,"fid":10455,"label":"MobiFone Vĩnh Long"}},{"type":"Feature","geometry":{"type":"Point","coordinates":[106.15342,9.9098642]},"properties":{"Tên doanh nghiệp":"MobiFone Vĩnh Long","Tên trạm BTS":"TVCL04","Địa chỉ lắp đặt":"BĐVH Tân An. Ấp Tân An Chợ, xã Tân An, Tỉnh Vĩnh Long","Trạm 3G":"3G","Số giấy chứng nhận kiểm định":"A01880240122TG05","Có giá trị đến":"1/24/27 12:00:00 AM","layer_id":165,"fid":10456,"label":"MobiFone Vĩnh Long"}},{"type":"Feature","geometry":{"type":"Point","coordinates":[106.136083,10.000673]},"properties":{"Tên doanh nghiệp":"MobiFone Vĩnh Long","Tên trạm BTS":"TVCL05","Địa chỉ lắp đặt":"Ấp 9B, xã An Trường, Tỉnh Vĩnh Long","Trạm 3G":"3G","Số giấy chứng nhận kiểm định":"A01879240122TG05","Có giá trị đến":"1/24/27 12:00:00 AM","layer_id":165,"fid":10457,"label":"MobiFone Vĩnh Long"}},{"type":"Feature","geometry":{"type":"Point","coordinates":[106.18043,9.9532]},"properties":{"Tên doanh nghiệp":"MobiFone Vĩnh Long","Tên trạm BTS":"TVCL06","Địa chỉ lắp đặt":"Ấp 6, Xã An Trường, Tỉnh Vĩnh Long","Trạm 3G":"3G","Số giấy chứng nhận kiểm định":"B04098210720TG05","Có giá trị đến":"7/21/25 12:00:00 AM","layer_id":165,"fid":10458,"label":"MobiFone Vĩnh Long"}},{"type":"Feature","geometry":{"type":"Point","coordinates":[106.26776,10.00724]},"properties":{"Tên doanh nghiệp":"MobiFone Vĩnh Long","Tên trạm BTS":"TVCL07","Địa chỉ lắp đặt":"Ấp Đon, Xã Nhị Long, Tỉnh Vĩnh Long","Trạm 3G":"3G","Số giấy chứng nhận kiểm định":"0102VTTG2024TVCL07","Có giá trị đến":"2/1/29 12:00:00 AM","layer_id":165,"fid":10459,"label":"MobiFone Vĩnh Long"}},{"type":"Feature","geometry":{"type":"Point","coordinates":[106.27717,9.94188]},"properties":{"Tên doanh nghiệp":"MobiFone Vĩnh Long","Tên trạm BTS":"TVCL08","Địa chỉ lắp đặt":"Ấp Chợ, Xã Bình Phú, Tỉnh Vĩnh Long","Trạm 3G":"3G","Số giấy chứng nhận kiểm định":"0112VTTG2022TVCL08","Có giá trị đến":"12/1/27 12:00:00 AM","layer_id":165,"fid":10460,"label":"MobiFone Vĩnh Long"}},{"type":"Feature","geometry":{"type":"Point","coordinates":[106.24209,10.06416]},"properties":{"Tên doanh nghiệp":"MobiFone Vĩnh Long","Tên trạm BTS":"TVCL09","Địa chỉ lắp đặt":"Ấp Đại Đức, Xã Nhị Long, Tỉnh Vĩnh Long","Trạm 3G":"3G","Số giấy chứng nhận kiểm định":"0102VTTG2024TVCL09","Có giá trị đến":"2/1/29 12:00:00 AM","layer_id":165,"fid":10461,"label":"MobiFone Vĩnh Long"}},{"type":"Feature","geometry":{"type":"Point","coordinates":[106.23298,9.92524]},"properties":{"Tên doanh nghiệp":"MobiFone Vĩnh Long","Tên trạm BTS":"TVCL10","Địa chỉ lắp đặt":"Ấp Bình Hội, Xã Tân An, Tỉnh Vĩnh Long","Trạm 3G":"3G","Số giấy chứng nhận kiểm định":"0102VTTG2024TVCL10","Có giá trị đến":"2/1/29 12:00:00 AM","layer_id":165,"fid":10462,"label":"MobiFone Vĩnh Long"}},{"type":"Feature","geometry":{"type":"Point","coordinates":[106.28546,10.03868]},"properties":{"Tên doanh nghiệp":"MobiFone Vĩnh Long","Tên trạm BTS":"TVCL11","Địa chỉ lắp đặt":"BĐVH Chợ Cua 11. Ấp Đức Mỹ A, xã Nhị Long, Tỉnh Vĩnh Long","Trạm 3G":"3G","Số giấy chứng nhận kiểm định":"A04845200423TG05","Có giá trị đến":"4/20/28 12:00:00 AM","layer_id":165,"fid":10463,"label":"MobiFone Vĩnh Long"}},{"type":"Feature","geometry":{"type":"Point","coordinates":[106.23576,9.98496]},"properties":{"Tên doanh nghiệp":"MobiFone Vĩnh Long","Tên trạm BTS":"TVCL12","Địa chỉ lắp đặt":"Ấp Phú Đức 2, Xã Bình Phú, Tỉnh Vĩnh Long","Trạm 3G":"3G","Số giấy chứng nhận kiểm định":"0111VTTG2023TVCL12","Có giá trị đến":"11/1/28 12:00:00 AM","layer_id":165,"fid":10464,"label":"MobiFone Vĩnh Long"}},{"type":"Feature","geometry":{"type":"Point","coordinates":[106.20607,9.90103]},"properties":{"Tên doanh nghiệp":"MobiFone Vĩnh Long","Tên trạm BTS":"TVCL13","Địa chỉ lắp đặt":"Ấp Sóc, Xã Tân An, Tỉnh Vĩnh Long","Trạm 3G":"3G","Số giấy chứng nhận kiểm định":"0804VTTG2025TVCL13","Có giá trị đến":"4/8/30 12:00:00 AM","layer_id":165,"fid":10465,"label":"MobiFone Vĩnh Long"}},{"type":"Feature","geometry":{"type":"Point","coordinates":[106.2256,9.96533]},"properties":{"Tên doanh nghiệp":"MobiFone Vĩnh Long","Tên trạm BTS":"TVCL14","Địa chỉ lắp đặt":"Ấp Cây Cách, Xã Bình Phú, Tỉnh Vĩnh Long","Trạm 3G":"3G","Số giấy chứng nhận kiểm định":"0804VTTG2025TVCL14","Có giá trị đến":"4/8/30 12:00:00 AM","layer_id":165,"fid":10466,"label":"MobiFone Vĩnh Long"}},{"type":"Feature","geometry":{"type":"Point","coordinates":[106.26986,10.05118]},"properties":{"Tên doanh nghiệp":"MobiFone Vĩnh Long","Tên trạm BTS":"TVCL15","Địa chỉ lắp đặt":"Ấp Đức Mỹ, Xã Nhị Long, Tỉnh Vĩnh Long","Trạm 3G":"3G","Số giấy chứng nhận kiểm định":"0112VTTG2022TVCL15","Có giá trị đến":"12/1/27 12:00:00 AM","layer_id":165,"fid":10467,"label":"MobiFone Vĩnh Long"}},{"type":"Feature","geometry":{"type":"Point","coordinates":[106.26144,9.92423]},"properties":{"Tên doanh nghiệp":"MobiFone Vĩnh Long","Tên trạm BTS":"TVCL16","Địa chỉ lắp đặt":"Ấp Thiên chánh, Xã Bình Phú, Tỉnh Vĩnh Long","Trạm 3G":"3G","Số giấy chứng nhận kiểm định":"0102VTTG2024TVCL16","Có giá trị đến":"2/1/29 12:00:00 AM","layer_id":165,"fid":10468,"label":"MobiFone Vĩnh Long"}},{"type":"Feature","geometry":{"type":"Point","coordinates":[106.29392,9.9872]},"properties":{"Tên doanh nghiệp":"MobiFone Vĩnh Long","Tên trạm BTS":"TVCL17","Địa chỉ lắp đặt":"Ấp Tân Định, Xã Bình Phú, Tỉnh Vĩnh Long","Trạm 3G":"3G","Số giấy chứng nhận kiểm định":"0804VTTG2025TVCL17","Có giá trị đến":"4/8/30 12:00:00 AM","layer_id":165,"fid":10469,"label":"MobiFone Vĩnh Long"}},{"type":"Feature","geometry":{"type":"Point","coordinates":[106.20463,9.98698]},"properties":{"Tên doanh nghiệp":"MobiFone Vĩnh Long","Tên trạm BTS":"TVCL18","Địa chỉ lắp đặt":"Khóm 5, Xã Càng Long, Tỉnh Vĩnh Long","Trạm 3G":"3G","Số giấy chứng nhận kiểm định":"0804VTTG2025TVCL18","Có giá trị đến":"4/8/30 12:00:00 AM","layer_id":165,"fid":10470,"label":"MobiFone Vĩnh Long"}},{"type":"Feature","geometry":{"type":"Point","coordinates":[106.17403,10.02158]},"properties":{"Tên doanh nghiệp":"MobiFone Vĩnh Long","Tên trạm BTS":"TVCL19","Địa chỉ lắp đặt":"ẤP 3, Xã Càng Long, Tỉnh Vĩnh Long","Trạm 3G":"3G","Số giấy chứng nhận kiểm định":"0804VTTG2025TVCL19","Có giá trị đến":"4/8/30 12:00:00 AM","layer_id":165,"fid":10471,"label":"MobiFone Vĩnh Long"}},{"type":"Feature","geometry":{"type":"Point","coordinates":[106.17443,9.98658]},"properties":{"Tên doanh nghiệp":"MobiFone Vĩnh Long","Tên trạm BTS":"TVCL20","Địa chỉ lắp đặt":"Ấp Lo Co, Xã An Trường A, Tỉnh Vĩnh Long","Trạm 3G":"3G","Số giấy chứng nhận kiểm định":"0804VTTG2025TVCL20","Có giá trị đến":"4/8/30 12:00:00 AM","layer_id":165,"fid":10472,"label":"MobiFone Vĩnh Long"}},{"type":"Feature","geometry":{"type":"Point","coordinates":[106.23332,10.03173]},"properties":{"Tên doanh nghiệp":"MobiFone Vĩnh Long","Tên trạm BTS":"TVCL21","Địa chỉ lắp đặt":"Ấp Hiệp Phú, Xã Càng Long, Tỉnh Vĩnh Long","Trạm 3G":"3G","Số giấy chứng nhận kiểm định":"0804VTTG2025TVCL21","Có giá trị đến":"4/8/30 12:00:00 AM","layer_id":165,"fid":10473,"label":"MobiFone Vĩnh Long"}},{"type":"Feature","geometry":{"type":"Point","coordinates":[106.25669,9.98502]},"properties":{"Tên doanh nghiệp":"MobiFone Vĩnh Long","Tên trạm BTS":"TVCL22","Địa chỉ lắp đặt":"Ấp Phú Phong 3, Xã Bình Phú, Tỉnh Vĩnh Long","Trạm 3G":"3G","Số giấy chứng nhận kiểm định":"0804VTTG2025TVCL22","Có giá trị đến":"4/8/30 12:00:00 AM","layer_id":165,"fid":10474,"label":"MobiFone Vĩnh Long"}},{"type":"Feature","geometry":{"type":"Point","coordinates":[106.29478,10.02701]},"properties":{"Tên doanh nghiệp":"MobiFone Vĩnh Long","Tên trạm BTS":"TVCL23","Địa chỉ lắp đặt":"Ấp Thượng, Xã Nhị Long, Tỉnh Vĩnh Long","Trạm 3G":"3G","Số giấy chứng nhận kiểm định":"0112VTTG2022TVCL23","Có giá trị đến":"12/1/27 12:00:00 AM","layer_id":165,"fid":10475,"label":"MobiFone Vĩnh Long"}},{"type":"Feature","geometry":{"type":"Point","coordinates":[106.1339,9.96636]},"properties":{"Tên doanh nghiệp":"MobiFone Vĩnh Long","Tên trạm BTS":"TVCL24","Địa chỉ lắp đặt":"Ấp 9, Xã An Trường A, Tỉnh Vĩnh Long","Trạm 3G":"3G","Số giấy chứng nhận kiểm định":"0804VTTG2025TVCL24","Có giá trị đến":"4/8/30 12:00:00 AM","layer_id":165,"fid":10476,"label":"MobiFone Vĩnh Long"}},{"type":"Feature","geometry":{"type":"Point","coordinates":[106.29735,9.95506]},"properties":{"Tên doanh nghiệp":"MobiFone Vĩnh Long","Tên trạm BTS":"TVCL25","Địa chỉ lắp đặt":"Ấp Tân Phúc, Xã Bình Phú, Tỉnh Vĩnh Long","Trạm 3G":"3G","Số giấy chứng nhận kiểm định":"0804VTTG2025TVCL25","Có giá trị đến":"4/8/30 12:00:00 AM","layer_id":165,"fid":10477,"label":"MobiFone Vĩnh Long"}},{"type":"Feature","geometry":{"type":"Point","coordinates":[106.26424,9.95163]},"properties":{"Tên doanh nghiệp":"MobiFone Vĩnh Long","Tên trạm BTS":"TVCL26","Địa chỉ lắp đặt":"Ấp Phú Hòa, Xã Bình Phú, Tỉnh Vĩnh Long","Trạm 3G":"3G","Số giấy chứng nhận kiểm định":"0102VTTG2024TVCL26","Có giá trị đến":"2/1/29 12:00:00 AM","layer_id":165,"fid":10478,"label":"MobiFone Vĩnh Long"}},{"type":"Feature","geometry":{"type":"Point","coordinates":[106.19172,9.91753]},"properties":{"Tên doanh nghiệp":"MobiFone Vĩnh Long","Tên trạm BTS":"TVCL27","Địa chỉ lắp đặt":"Ấp Kinh B, Xã Tân An, Tỉnh Vĩnh Long","Trạm 3G":"3G","Số giấy chứng nhận kiểm định":"0111VTTG2023TVCL27","Có giá trị đến":"11/1/28 12:00:00 AM","layer_id":165,"fid":10479,"label":"MobiFone Vĩnh Long"}},{"type":"Feature","geometry":{"type":"Point","coordinates":[106.20391,10.00106]},"properties":{"Tên doanh nghiệp":"MobiFone Vĩnh Long","Tên trạm BTS":"TVCL28","Địa chỉ lắp đặt":"Khóm 3, Xã Càng Long, Tỉnh Vĩnh Long","Trạm 3G":"3G","Số giấy chứng nhận kiểm định":"0804VTTG2025TVCL28","Có giá trị đến":"4/8/30 12:00:00 AM","layer_id":165,"fid":10480,"label":"MobiFone Vĩnh Long"}},{"type":"Feature","geometry":{"type":"Point","coordinates":[106.16607,9.87232]},"properties":{"Tên doanh nghiệp":"MobiFone Vĩnh Long","Tên trạm BTS":"TVCL29","Địa chỉ lắp đặt":"Ấp Long Hội, xã Tân An, Tỉnh Vĩnh Long","Trạm 3G":"3G","Số giấy chứng nhận kiểm định":"0102VTTG2024TVCL29","Có giá trị đến":"2/1/29 12:00:00 AM","layer_id":165,"fid":10481,"label":"MobiFone Vĩnh Long"}},{"type":"Feature","geometry":{"type":"Point","coordinates":[106.19436,10.01793]},"properties":{"Tên doanh nghiệp":"MobiFone Vĩnh Long","Tên trạm BTS":"TVCL30","Địa chỉ lắp đặt":"Ấp 3, xã Càng Long, Tỉnh Vĩnh Long","Trạm 3G":"3G","Số giấy chứng nhận kiểm định":"0112VTTG2022TVCL30","Có giá trị đến":"12/1/27 12:00:00 AM","layer_id":165,"fid":10482,"label":"MobiFone Vĩnh Long"}},{"type":"Feature","geometry":{"type":"Point","coordinates":[106.16106,9.94009]},"properties":{"Tên doanh nghiệp":"MobiFone Vĩnh Long","Tên trạm BTS":"TVCL31","Địa chỉ lắp đặt":"Tổ 3, ấp An Định Giồng, xã An Trường, Tỉnh Vĩnh Long","Trạm 3G":"3G","Số giấy chứng nhận kiểm định":"0804VTTG2025TVCL31","Có giá trị đến":"4/8/30 12:00:00 AM","layer_id":165,"fid":10483,"label":"MobiFone Vĩnh Long"}},{"type":"Feature","geometry":{"type":"Point","coordinates":[106.19411,9.9617]},"properties":{"Tên doanh nghiệp":"MobiFone Vĩnh Long","Tên trạm BTS":"TVCL32","Địa chỉ lắp đặt":"Ấp 4, xã An Trường, Tỉnh Vĩnh Long","Trạm 3G":"3G","Số giấy chứng nhận kiểm định":"0102VTTG2024TVCL32","Có giá trị đến":"2/1/29 12:00:00 AM","layer_id":165,"fid":10484,"label":"MobiFone Vĩnh Long"}},{"type":"Feature","geometry":{"type":"Point","coordinates":[106.22627,10.00568]},"properties":{"Tên doanh nghiệp":"MobiFone Vĩnh Long","Tên trạm BTS":"TVCL33","Địa chỉ lắp đặt":"Khóm 9, Xã Càng Long, Tỉnh Vĩnh Long","Trạm 3G":"3G","Số giấy chứng nhận kiểm định":"0804VTTG2025TVCL33","Có giá trị đến":"4/8/30 12:00:00 AM","layer_id":165,"fid":10485,"label":"MobiFone Vĩnh Long"}},{"type":"Feature","geometry":{"type":"Point","coordinates":[106.28226,10.00646]},"properties":{"Tên doanh nghiệp":"MobiFone Vĩnh Long","Tên trạm BTS":"TVCL34","Địa chỉ lắp đặt":"Ấp Dừa Đỏ, Xã Nhị Long, Tỉnh Vĩnh Long","Trạm 3G":"3G","Số giấy chứng nhận kiểm định":"2204VTTG2024TVCL34","Có giá trị đến":"4/22/29 12:00:00 AM","layer_id":165,"fid":10486,"label":"MobiFone Vĩnh Long"}},{"type":"Feature","geometry":{"type":"Point","coordinates":[106.278497,10.025744]},"properties":{"Tên doanh nghiệp":"MobiFone Vĩnh Long","Tên trạm BTS":"TVCL36","Địa chỉ lắp đặt":"Ấp Rạch Sen, Xã Nhị Long, Tỉnh Vĩnh Long","Trạm 3G":"3G","Số giấy chứng nhận kiểm định":"0111VTTG2023TVCL36","Có giá trị đến":"11/1/28 12:00:00 AM","layer_id":165,"fid":10487,"label":"MobiFone Vĩnh Long"}},{"type":"Feature","geometry":{"type":"Point","coordinates":[106.272153,9.99587]},"properties":{"Tên doanh nghiệp":"MobiFone Vĩnh Long","Tên trạm BTS":"TVCL37","Địa chỉ lắp đặt":"Ấp Phú Phong, Xã Bình Phú, Tỉnh Vĩnh Long","Trạm 3G":"3G","Số giấy chứng nhận kiểm định":"0102VTTG2024TVCL37","Có giá trị đến":"2/1/29 12:00:00 AM","layer_id":165,"fid":10488,"label":"MobiFone Vĩnh Long"}},{"type":"Feature","geometry":{"type":"Point","coordinates":[106.211262,9.928383]},"properties":{"Tên doanh nghiệp":"MobiFone Vĩnh Long","Tên trạm BTS":"TVCL38","Địa chỉ lắp đặt":"Ấp Kinh A, Xã Tân An, Tỉnh Vĩnh Long","Trạm 3G":"3G","Số giấy chứng nhận kiểm định":"0102VTTG2024TVCL38","Có giá trị đến":"2/1/29 12:00:00 AM","layer_id":165,"fid":10489,"label":"MobiFone Vĩnh Long"}},{"type":"Feature","geometry":{"type":"Point","coordinates":[106.24799,9.973]},"properties":{"Tên doanh nghiệp":"MobiFone Vĩnh Long","Tên trạm BTS":"TVCL40","Địa chỉ lắp đặt":"Thửa đất số 1821, tờ bản đồ số 8, ấp Phú Hưng 1, xã Bình Phú, Tỉnh Vĩnh Long","Trạm 3G":"3G","Số giấy chứng nhận kiểm định":"0112VTTG2022TVCL40","Có giá trị đến":"12/1/27 12:00:00 AM","layer_id":165,"fid":10490,"label":"MobiFone Vĩnh Long"}},{"type":"Feature","geometry":{"type":"Point","coordinates":[106.271981,9.972591]},"properties":{"Tên doanh nghiệp":"MobiFone Vĩnh Long","Tên trạm BTS":"TVCL41","Địa chỉ lắp đặt":"Thửa đất số 137, tờ bản đồ số 1, ấp Hưng Nhượng B, xã Bình Phú, Tỉnh Vĩnh Long","Trạm 3G":"3G","Số giấy chứng nhận kiểm định":"0804VTTG2025TVCL41","Có giá trị đến":"4/8/30 12:00:00 AM","layer_id":165,"fid":10491,"label":"MobiFone Vĩnh Long"}},{"type":"Feature","geometry":{"type":"Point","coordinates":[106.25967,10.05974]},"properties":{"Tên doanh nghiệp":"MobiFone Vĩnh Long","Tên trạm BTS":"TVCL42","Địa chỉ lắp đặt":"Âp Mỹ Hiệp, Xã Nhị Long, Tỉnh Vĩnh Long","Trạm 3G":"3G","Số giấy chứng nhận kiểm định":"0112VTTG2022TVCL42","Có giá trị đến":"12/1/27 12:00:00 AM","layer_id":165,"fid":10492,"label":"MobiFone Vĩnh Long"}},{"type":"Feature","geometry":{"type":"Point","coordinates":[106.16285,9.89283]},"properties":{"Tên doanh nghiệp":"MobiFone Vĩnh Long","Tên trạm BTS":"TVCL43","Địa chỉ lắp đặt":"Ấp Tân Trung, Xã Tân An, Tỉnh Vĩnh Long","Trạm 3G":"3G","Số giấy chứng nhận kiểm định":"0112VTTG2022TVCL43","Có giá trị đến":"12/1/27 12:00:00 AM","layer_id":165,"fid":10493,"label":"MobiFone Vĩnh Long"}},{"type":"Feature","geometry":{"type":"Point","coordinates":[106.256475,10.025571]},"properties":{"Tên doanh nghiệp":"MobiFone Vĩnh Long","Tên trạm BTS":"TVCL44","Địa chỉ lắp đặt":"số 36, ĐH4, Ấp Dừa Đỏ 2, xã Càng Long, Tỉnh Vĩnh Long","Trạm 3G":"3G","Số giấy chứng nhận kiểm định":"0804VTTG2025TVCL44","Có giá trị đến":"4/8/30 12:00:00 AM","layer_id":165,"fid":10494,"label":"MobiFone Vĩnh Long"}},{"type":"Feature","geometry":{"type":"Point","coordinates":[106.293175,9.969941]},"properties":{"Tên doanh nghiệp":"MobiFone Vĩnh Long","Tên trạm BTS":"TVCL45","Địa chỉ lắp đặt":"Ấp Tân Định, Xã Bình Phú, Tỉnh Vĩnh Long","Trạm 3G":"3G","Số giấy chứng nhận kiểm định":"0107VTTG2022TVCL45","Có giá trị đến":"7/1/26 12:00:00 AM","layer_id":165,"fid":10495,"label":"MobiFone Vĩnh Long"}},{"type":"Feature","geometry":{"type":"Point","coordinates":[106.1521,9.92262]},"properties":{"Tên doanh nghiệp":"MobiFone Vĩnh Long","Tên trạm BTS":"TVCL46","Địa chỉ lắp đặt":"Thửa đất số 586, tờ bản đồ số 6, ấp An Định Cầu, xã An Trường, Tỉnh Vĩnh Long","Trạm 3G":"3G","Số giấy chứng nhận kiểm định":"0107VTTG2022TVCL46","Có giá trị đến":"7/1/27 12:00:00 AM","layer_id":165,"fid":10496,"label":"MobiFone Vĩnh Long"}},{"type":"Feature","geometry":{"type":"Point","coordinates":[106.13404,9.98277]},"properties":{"Tên doanh nghiệp":"MobiFone Vĩnh Long","Tên trạm BTS":"TVCL47","Địa chỉ lắp đặt":"Thửa đất số 1643, tờ bản đồ số 1, ấp 9C, xã An Trường A, Tỉnh Vĩnh Long","Trạm 3G":"3G","Số giấy chứng nhận kiểm định":"0107VTTG2022TVCL47","Có giá trị đến":"7/1/27 12:00:00 AM","layer_id":165,"fid":10497,"label":"MobiFone Vĩnh Long"}},{"type":"Feature","geometry":{"type":"Point","coordinates":[106.644935,10.181184]},"properties":{"Tên doanh nghiệp":"Viễn thông Vĩnh Long","Tên trạm BTS":"Lo-40-BTE","Địa chỉ lắp đặt":"Bình Đại, Vĩnh Long","Trạm 3G":"3G","Số giấy chứng nhận kiểm định":null,"Có giá trị đến":"09/10/2029","layer_id":165,"fid":11486,"label":"Viễn thông Vĩnh Long"}},{"type":"Feature","geometry":{"type":"Point","coordinates":[106.289055,9.944764]},"properties":{"Tên doanh nghiệp":"MobiFone Vĩnh Long","Tên trạm BTS":"TVCL48","Địa chỉ lắp đặt":"Thửa đất số 1046A, TBĐ số 4, xã Bình Phú, Tỉnh Vĩnh Long","Trạm 3G":"3G","Số giấy chứng nhận kiểm định":"0107VTTG2025TVCL48","Có giá trị đến":"7/1/30 12:00:00 AM","layer_id":165,"fid":10498,"label":"MobiFone Vĩnh Long"}},{"type":"Feature","geometry":{"type":"Point","coordinates":[106.3535,10.09977]},"properties":{"Tên doanh nghiệp":"Viễn thông Vĩnh Long","Tên trạm BTS":"Da-Phuoc-Hoi-BTE","Địa chỉ lắp đặt":"Mỏ Cày, Vĩnh Long","Trạm 3G":"3G","Số giấy chứng nhận kiểm định":null,"Có giá trị đến":"10/04/2028","layer_id":165,"fid":11996,"label":"Viễn thông Vĩnh Long"}},{"type":"Feature","geometry":{"type":"Point","coordinates":[106.2307,9.9038]},"properties":{"Tên doanh nghiệp":"MobiFone Vĩnh Long","Tên trạm BTS":"TVCL49","Địa chỉ lắp đặt":"Thửa đất số 245, TBĐ số 6, xã Tân An, Tỉnh Vĩnh Long","Trạm 3G":"3G","Số giấy chứng nhận kiểm định":"0107VTTG2025TVCL49","Có giá trị đến":"7/1/30 12:00:00 AM","layer_id":165,"fid":10499,"label":"MobiFone Vĩnh Long"}},{"type":"Feature","geometry":{"type":"Point","coordinates":[106.1913,9.8834]},"properties":{"Tên doanh nghiệp":"MobiFone Vĩnh Long","Tên trạm BTS":"TVCL50","Địa chỉ lắp đặt":"Thửa đất số 1187, TBĐ số 19, ấp Lò Ngò, xã Tập Ngãi, Tỉnh Vĩnh Long","Trạm 3G":"3G","Số giấy chứng nhận kiểm định":"0107VTTG2025TVCL50","Có giá trị đến":"7/1/30 12:00:00 AM","layer_id":165,"fid":10500,"label":"MobiFone Vĩnh Long"}},{"type":"Feature","geometry":{"type":"Point","coordinates":[106.18162,9.99997]},"properties":{"Tên doanh nghiệp":"MobiFone Vĩnh Long","Tên trạm BTS":"TVCL51","Địa chỉ lắp đặt":"Thửa đất số 822, TBĐ số 25, ấp số 7, xã Càng Long, Tỉnh Vĩnh Long","Trạm 3G":"3G","Số giấy chứng nhận kiểm định":"0107VTTG2025TVCL51","Có giá trị đến":"7/1/30 12:00:00 AM","layer_id":165,"fid":10501,"label":"MobiFone Vĩnh Long"}},{"type":"Feature","geometry":{"type":"Point","coordinates":[106.173996,9.911398]},"properties":{"Tên doanh nghiệp":"MobiFone Vĩnh Long","Tên trạm BTS":"TVCL52","Địa chỉ lắp đặt":"Thửa đất số 170, TBĐ số 2, xã Tân An, Tỉnh Vĩnh Long","Trạm 3G":"3G","Số giấy chứng nhận kiểm định":"0107VTTG2025TVCL52","Có giá trị đến":"7/1/30 12:00:00 AM","layer_id":165,"fid":10502,"label":"MobiFone Vĩnh Long"}},{"type":"Feature","geometry":{"type":"Point","coordinates":[106.15956,9.96679]},"properties":{"Tên doanh nghiệp":"MobiFone Vĩnh Long","Tên trạm BTS":"TVCL53","Địa chỉ lắp đặt":"Thửa đất số 639, TBĐ số 11, ấp 6A, xã An Trường, Tỉnh Vĩnh Long","Trạm 3G":"3G","Số giấy chứng nhận kiểm định":"0107VTTG2025TVCL53","Có giá trị đến":"7/1/30 12:00:00 AM","layer_id":165,"fid":10503,"label":"MobiFone Vĩnh Long"}},{"type":"Feature","geometry":{"type":"Point","coordinates":[106.23933,9.94682]},"properties":{"Tên doanh nghiệp":"MobiFone Vĩnh Long","Tên trạm BTS":"TVCL54","Địa chỉ lắp đặt":"Thửa đất số 872A, TBĐ số 10, ấp Nguyệt Lãng B, xã Bình Phú, Tỉnh Vĩnh Long","Trạm 3G":"3G","Số giấy chứng nhận kiểm định":"0107VTTG2025TVCL54","Có giá trị đến":"7/1/30 12:00:00 AM","layer_id":165,"fid":10504,"label":"MobiFone Vĩnh Long"}},{"type":"Feature","geometry":{"type":"Point","coordinates":[106.21761,9.91291]},"properties":{"Tên doanh nghiệp":"MobiFone Vĩnh Long","Tên trạm BTS":"TVCL55","Địa chỉ lắp đặt":"Thửa đất số 1332  tờ bản đồ số 07, ấp Giồng Bèn, xã Tân An, Tỉnh Vĩnh Long","Trạm 3G":"3G","Số giấy chứng nhận kiểm định":"0107VTTG2025TVCL55","Có giá trị đến":"7/1/30 12:00:00 AM","layer_id":165,"fid":10505,"label":"MobiFone Vĩnh Long"}},{"type":"Feature","geometry":{"type":"Point","coordinates":[106.45266,9.79544]},"properties":{"Tên doanh nghiệp":"MobiFone Vĩnh Long","Tên trạm BTS":"TVCN01","Địa chỉ lắp đặt":"Khóm Minh Thuận, Xã Cầu Ngang, Tỉnh Vĩnh Long","Trạm 3G":"3G","Số giấy chứng nhận kiểm định":"2204VTTG2024TVCN01","Có giá trị đến":"4/22/29 12:00:00 AM","layer_id":165,"fid":10506,"label":"MobiFone Vĩnh Long"}},{"type":"Feature","geometry":{"type":"Point","coordinates":[106.5076,9.80953]},"properties":{"Tên doanh nghiệp":"MobiFone Vĩnh Long","Tên trạm BTS":"TVCN02","Địa chỉ lắp đặt":"Khóm 2, Xã Mỹ Long, Tỉnh Vĩnh Long","Trạm 3G":"3G","Số giấy chứng nhận kiểm định":"A15812161224TG05","Có giá trị đến":"12/2/29 12:00:00 AM","layer_id":165,"fid":10507,"label":"MobiFone Vĩnh Long"}},{"type":"Feature","geometry":{"type":"Point","coordinates":[106.47707,9.73201]},"properties":{"Tên doanh nghiệp":"MobiFone Vĩnh Long","Tên trạm BTS":"TVCN03","Địa chỉ lắp đặt":"Ấp Chợ, Xã Hiệp Mỹ, Tỉnh Vĩnh Long","Trạm 3G":"3G","Số giấy chứng nhận kiểm định":"B04091210720TG05","Có giá trị đến":"7/21/25 12:00:00 AM","layer_id":165,"fid":10508,"label":"MobiFone Vĩnh Long"}},{"type":"Feature","geometry":{"type":"Point","coordinates":[106.40815,9.85772]},"properties":{"Tên doanh nghiệp":"MobiFone Vĩnh Long","Tên trạm BTS":"TVCN04","Địa chỉ lắp đặt":"Ấp Trà Cuôn, Xã Vinh Kim, Tỉnh Vĩnh Long","Trạm 3G":"3G","Số giấy chứng nhận kiểm định":"B04090210720TG05","Có giá trị đến":"7/21/25 12:00:00 AM","layer_id":165,"fid":10509,"label":"MobiFone Vĩnh Long"}},{"type":"Feature","geometry":{"type":"Point","coordinates":[106.38912,9.75618]},"properties":{"Tên doanh nghiệp":"MobiFone Vĩnh Long","Tên trạm BTS":"TVCN05","Địa chỉ lắp đặt":"Ấp Nô Lựa, Xã Nhị Trường, Tỉnh Vĩnh Long ","Trạm 3G":"3G","Số giấy chứng nhận kiểm định":"A05732150321TG05","Có giá trị đến":"3/15/26 12:00:00 AM","layer_id":165,"fid":10510,"label":"MobiFone Vĩnh Long"}},{"type":"Feature","geometry":{"type":"Point","coordinates":[106.44225,9.7524]},"properties":{"Tên doanh nghiệp":"MobiFone Vĩnh Long","Tên trạm BTS":"TVCN06","Địa chỉ lắp đặt":"Ấp Sơn Lang, Xã Hiệp Mỹ, Tỉnh Vĩnh Long ","Trạm 3G":"3G","Số giấy chứng nhận kiểm định":"0102VTTG2024TVCN06","Có giá trị đến":"2/1/29 12:00:00 AM","layer_id":165,"fid":10511,"label":"MobiFone Vĩnh Long"}},{"type":"Feature","geometry":{"type":"Point","coordinates":[106.45221,9.8518]},"properties":{"Tên doanh nghiệp":"MobiFone Vĩnh Long","Tên trạm BTS":"TVCN07","Địa chỉ lắp đặt":"Ấp Chà Và, Xã Vinh Kim, Tỉnh Vĩnh Long ","Trạm 3G":"3G","Số giấy chứng nhận kiểm định":"0111VTTG2023TVCN07","Có giá trị đến":"11/1/28 12:00:00 AM","layer_id":165,"fid":10512,"label":"MobiFone Vĩnh Long"}},{"type":"Feature","geometry":{"type":"Point","coordinates":[106.58627,10.08396]},"properties":{"Tên doanh nghiệp":"Viễn thông Vĩnh Long","Tên trạm BTS":"Nhon-Quoi","Địa chỉ lắp đặt":" Mỹ Chánh Hòa, Vĩnh Long","Trạm 3G":"3G","Số giấy chứng nhận kiểm định":null,"Có giá trị đến":"10/04/2028","layer_id":165,"fid":11288,"label":"Viễn thông Vĩnh Long"}},{"type":"Feature","geometry":{"type":"Point","coordinates":[106.28206,10.07377]},"properties":{"Tên doanh nghiệp":"Viễn thông Vĩnh Long","Tên trạm BTS":"pha-tra-vinh-2-BTE","Địa chỉ lắp đặt":"Thành Thới, Vĩnh Long","Trạm 3G":"3G","Số giấy chứng nhận kiểm định":null,"Có giá trị đến":"10/04/2028","layer_id":165,"fid":11997,"label":"Viễn thông Vĩnh Long"}},{"type":"Feature","geometry":{"type":"Point","coordinates":[106.52181,9.73285]},"properties":{"Tên doanh nghiệp":"MobiFone Vĩnh Long","Tên trạm BTS":"TVCN08","Địa chỉ lắp đặt":"Ấp 5, Xã Mỹ Long, Tỉnh Vĩnh Long","Trạm 3G":"3G","Số giấy chứng nhận kiểm định":"0112VTTG2022TVCN08","Có giá trị đến":"12/1/27 12:00:00 AM","layer_id":165,"fid":10513,"label":"MobiFone Vĩnh Long"}},{"type":"Feature","geometry":{"type":"Point","coordinates":[106.49141,9.76462]},"properties":{"Tên doanh nghiệp":"MobiFone Vĩnh Long","Tên trạm BTS":"TVCN09","Địa chỉ lắp đặt":"Ấp Cái Già, Xã Hiệp Mỹ, Tỉnh Vĩnh Long ","Trạm 3G":"3G","Số giấy chứng nhận kiểm định":"0804VTTG2025TVCN09","Có giá trị đến":"4/8/30 12:00:00 AM","layer_id":165,"fid":10514,"label":"MobiFone Vĩnh Long"}},{"type":"Feature","geometry":{"type":"Point","coordinates":[106.43412,9.72902]},"properties":{"Tên doanh nghiệp":"MobiFone Vĩnh Long","Tên trạm BTS":"TVCN10","Địa chỉ lắp đặt":"Ấp Long Hanh, Xã Hiệp Mỹ, Tỉnh Vĩnh Long ","Trạm 3G":"3G","Số giấy chứng nhận kiểm định":"0111VTTG2023TVCN10","Có giá trị đến":"11/1/28 12:00:00 AM","layer_id":165,"fid":10515,"label":"MobiFone Vĩnh Long"}},{"type":"Feature","geometry":{"type":"Point","coordinates":[106.43766,9.70166]},"properties":{"Tên doanh nghiệp":"MobiFone Vĩnh Long","Tên trạm BTS":"TVCN11","Địa chỉ lắp đặt":"Ấp Lạc Thạnh A, Xã Ngũ Lạc, Tỉnh Vĩnh Long ","Trạm 3G":"3G","Số giấy chứng nhận kiểm định":"0111VTTG2023TVCN11","Có giá trị đến":"11/1/28 12:00:00 AM","layer_id":165,"fid":10516,"label":"MobiFone Vĩnh Long"}},{"type":"Feature","geometry":{"type":"Point","coordinates":[106.40755,9.81111]},"properties":{"Tên doanh nghiệp":"MobiFone Vĩnh Long","Tên trạm BTS":"TVCN12","Địa chỉ lắp đặt":"Ấp Hoà Lục, Xã Nhị Trường, Tỉnh Vĩnh Long ","Trạm 3G":"3G","Số giấy chứng nhận kiểm định":"A05733150321TG05","Có giá trị đến":"3/15/26 12:00:00 AM","layer_id":165,"fid":10517,"label":"MobiFone Vĩnh Long"}},{"type":"Feature","geometry":{"type":"Point","coordinates":[106.46012,9.82426]},"properties":{"Tên doanh nghiệp":"MobiFone Vĩnh Long","Tên trạm BTS":"TVCN13","Địa chỉ lắp đặt":"Ấp Mai Hương, Xã Vinh Kim, Tỉnh Vĩnh Long ","Trạm 3G":"3G","Số giấy chứng nhận kiểm định":"0804VTTG2025TVCN13","Có giá trị đến":"4/8/30 12:00:00 AM","layer_id":165,"fid":10518,"label":"MobiFone Vĩnh Long"}},{"type":"Feature","geometry":{"type":"Point","coordinates":[106.44594,9.77334]},"properties":{"Tên doanh nghiệp":"MobiFone Vĩnh Long","Tên trạm BTS":"TVCN14","Địa chỉ lắp đặt":"Ấp Nô Công, Xã Cầu Ngang, Tỉnh Vĩnh Long ","Trạm 3G":"3G","Số giấy chứng nhận kiểm định":"0804VTTG2025TVCN14","Có giá trị đến":"4/8/30 12:00:00 AM","layer_id":165,"fid":10519,"label":"MobiFone Vĩnh Long"}},{"type":"Feature","geometry":{"type":"Point","coordinates":[106.51922,9.75297]},"properties":{"Tên doanh nghiệp":"MobiFone Vĩnh Long","Tên trạm BTS":"TVCN15","Địa chỉ lắp đặt":"Ấp 4, xã Mỹ Long, Tỉnh Vĩnh Long ","Trạm 3G":"3G","Số giấy chứng nhận kiểm định":"0804VTTG2025TVCN15","Có giá trị đến":"4/8/30 12:00:00 AM","layer_id":165,"fid":10520,"label":"MobiFone Vĩnh Long"}},{"type":"Feature","geometry":{"type":"Point","coordinates":[106.47588,9.70967]},"properties":{"Tên doanh nghiệp":"MobiFone Vĩnh Long","Tên trạm BTS":"TVCN16","Địa chỉ lắp đặt":"Ấp Giồng Dài, Xã Hiệp Mỹ, Tỉnh Vĩnh Long ","Trạm 3G":"3G","Số giấy chứng nhận kiểm định":"0804VTTG2025TVCN16","Có giá trị đến":"4/8/30 12:00:00 AM","layer_id":165,"fid":10521,"label":"MobiFone Vĩnh Long"}},{"type":"Feature","geometry":{"type":"Point","coordinates":[106.4517925,9.7899649]},"properties":{"Tên doanh nghiệp":"MobiFone Vĩnh Long","Tên trạm BTS":"TVCN17","Địa chỉ lắp đặt":"Ấp Thủy Hoà, Xã Cầu Ngang, Tỉnh Vĩnh Long ","Trạm 3G":"3G","Số giấy chứng nhận kiểm định":"0112VTTG2022TVCN17","Có giá trị đến":"12/1/27 12:00:00 AM","layer_id":165,"fid":10522,"label":"MobiFone Vĩnh Long"}},{"type":"Feature","geometry":{"type":"Point","coordinates":[106.36922,9.73544]},"properties":{"Tên doanh nghiệp":"MobiFone Vĩnh Long","Tên trạm BTS":"TVCN18","Địa chỉ lắp đặt":"Ấp Là Ca B, Xã Nhị Trường, Tỉnh Vĩnh Long ","Trạm 3G":"3G","Số giấy chứng nhận kiểm định":"A05800080523TG05","Có giá trị đến":"5/4/28 12:00:00 AM","layer_id":165,"fid":10523,"label":"MobiFone Vĩnh Long"}},{"type":"Feature","geometry":{"type":"Point","coordinates":[106.36769,9.77128]},"properties":{"Tên doanh nghiệp":"MobiFone Vĩnh Long","Tên trạm BTS":"TVCN19","Địa chỉ lắp đặt":"Ấp Sóc Cụt, Xã Nhị Trường, Tỉnh Vĩnh Long ","Trạm 3G":"3G","Số giấy chứng nhận kiểm định":"0112VTTG2022TVCN19","Có giá trị đến":"12/1/27 12:00:00 AM","layer_id":165,"fid":10524,"label":"MobiFone Vĩnh Long"}},{"type":"Feature","geometry":{"type":"Point","coordinates":[106.40324,9.78158]},"properties":{"Tên doanh nghiệp":"MobiFone Vĩnh Long","Tên trạm BTS":"TVCN20","Địa chỉ lắp đặt":"Ấp Tri Liêm, Xã Nhị Trường, Tỉnh Vĩnh Long ","Trạm 3G":"3G","Số giấy chứng nhận kiểm định":"0804VTTG2025TVCN20","Có giá trị đến":"4/8/30 12:00:00 AM","layer_id":165,"fid":10525,"label":"MobiFone Vĩnh Long"}},{"type":"Feature","geometry":{"type":"Point","coordinates":[106.40666,9.68651]},"properties":{"Tên doanh nghiệp":"MobiFone Vĩnh Long","Tên trạm BTS":"TVCN21","Địa chỉ lắp đặt":"Ấp Lạc Sơn, Xã Ngũ Lạc, Tỉnh Vĩnh Long ","Trạm 3G":"3G","Số giấy chứng nhận kiểm định":"0111VTTG2023TVCN21","Có giá trị đến":"11/1/28 12:00:00 AM","layer_id":165,"fid":10526,"label":"MobiFone Vĩnh Long"}},{"type":"Feature","geometry":{"type":"Point","coordinates":[106.50261,9.73416]},"properties":{"Tên doanh nghiệp":"MobiFone Vĩnh Long","Tên trạm BTS":"TVCN22","Địa chỉ lắp đặt":"Ấp Khúc Ngay, Xã Hiệp Mỹ, Tỉnh Vĩnh Long ","Trạm 3G":"3G","Số giấy chứng nhận kiểm định":"0112VTTG2022TVCN22","Có giá trị đến":"12/1/27 12:00:00 AM","layer_id":165,"fid":10527,"label":"MobiFone Vĩnh Long"}},{"type":"Feature","geometry":{"type":"Point","coordinates":[106.4900616,9.825747]},"properties":{"Tên doanh nghiệp":"MobiFone Vĩnh Long","Tên trạm BTS":"TVCN23","Địa chỉ lắp đặt":"Ấp Bến Cát, Xã Mỹ Long, Tỉnh Vĩnh Long ","Trạm 3G":"3G","Số giấy chứng nhận kiểm định":"0112VTTG2022TVCN23","Có giá trị đến":"12/1/27 12:00:00 AM","layer_id":165,"fid":10528,"label":"MobiFone Vĩnh Long"}},{"type":"Feature","geometry":{"type":"Point","coordinates":[106.44717,9.86763]},"properties":{"Tên doanh nghiệp":"MobiFone Vĩnh Long","Tên trạm BTS":"TVCN24","Địa chỉ lắp đặt":"Ấp Rẩy, Xã Vinh Kim, Tỉnh Vĩnh Long ","Trạm 3G":"3G","Số giấy chứng nhận kiểm định":"0112VTTG2022TVCN24","Có giá trị đến":"12/1/27 12:00:00 AM","layer_id":165,"fid":10529,"label":"MobiFone Vĩnh Long"}},{"type":"Feature","geometry":{"type":"Point","coordinates":[106.4524347,9.8067203]},"properties":{"Tên doanh nghiệp":"MobiFone Vĩnh Long","Tên trạm BTS":"TVCN25","Địa chỉ lắp đặt":"Khóm Mỹ Cẩm A, Xã Cầu Ngang, Tỉnh Vĩnh Long ","Trạm 3G":"3G","Số giấy chứng nhận kiểm định":"0111VTTG2023TVCN25","Có giá trị đến":"11/1/28 12:00:00 AM","layer_id":165,"fid":10530,"label":"MobiFone Vĩnh Long"}},{"type":"Feature","geometry":{"type":"Point","coordinates":[106.40904,9.83486]},"properties":{"Tên doanh nghiệp":"MobiFone Vĩnh Long","Tên trạm BTS":"TVCN26","Địa chỉ lắp đặt":"Ấp Giữa, Xã Vinh Kim, Tỉnh Vĩnh Long ","Trạm 3G":"3G","Số giấy chứng nhận kiểm định":"0112VTTG2022TVCN26","Có giá trị đến":"12/1/27 12:00:00 AM","layer_id":165,"fid":10531,"label":"MobiFone Vĩnh Long"}},{"type":"Feature","geometry":{"type":"Point","coordinates":[106.47507,9.79288]},"properties":{"Tên doanh nghiệp":"MobiFone Vĩnh Long","Tên trạm BTS":"TVCN27","Địa chỉ lắp đặt":"Ấp Bào Sen, Xã Cầu Ngang, Tỉnh Vĩnh Long ","Trạm 3G":"3G","Số giấy chứng nhận kiểm định":"0804VTTG2025TVCN27","Có giá trị đến":"4/8/30 12:00:00 AM","layer_id":165,"fid":10532,"label":"MobiFone Vĩnh Long"}},{"type":"Feature","geometry":{"type":"Point","coordinates":[106.4293178,9.8164508]},"properties":{"Tên doanh nghiệp":"MobiFone Vĩnh Long","Tên trạm BTS":"TVCN28","Địa chỉ lắp đặt":"Ấp Kim Hoà, Xã Vinh Kim, Tỉnh Vĩnh Long ","Trạm 3G":"3G","Số giấy chứng nhận kiểm định":"0112VTTG2022TVCN28","Có giá trị đến":"12/1/27 12:00:00 AM","layer_id":165,"fid":10533,"label":"MobiFone Vĩnh Long"}},{"type":"Feature","geometry":{"type":"Point","coordinates":[106.47956,9.81333]},"properties":{"Tên doanh nghiệp":"MobiFone Vĩnh Long","Tên trạm BTS":"TVCN30","Địa chỉ lắp đặt":"Ấp Mỹ Thập, Xã Mỹ Long, Tỉnh Vĩnh Long ","Trạm 3G":"3G","Số giấy chứng nhận kiểm định":"0804VTTG2025TVCN30","Có giá trị đến":"4/8/30 12:00:00 AM","layer_id":165,"fid":10534,"label":"MobiFone Vĩnh Long"}},{"type":"Feature","geometry":{"type":"Point","coordinates":[106.50668,9.77764]},"properties":{"Tên doanh nghiệp":"MobiFone Vĩnh Long","Tên trạm BTS":"TVCN31","Địa chỉ lắp đặt":"Ấp Nhứt B, Xã Mỹ Long, Tỉnh Vĩnh Long ","Trạm 3G":"3G","Số giấy chứng nhận kiểm định":"0804VTTG2025TVCN31","Có giá trị đến":"4/8/30 12:00:00 AM","layer_id":165,"fid":10535,"label":"MobiFone Vĩnh Long"}},{"type":"Feature","geometry":{"type":"Point","coordinates":[106.43703,9.8358]},"properties":{"Tên doanh nghiệp":"MobiFone Vĩnh Long","Tên trạm BTS":"TVCN32","Địa chỉ lắp đặt":"Ấp Cà Tum, Xã Vinh Kim, Tỉnh Vĩnh Long ","Trạm 3G":"3G","Số giấy chứng nhận kiểm định":"0112VTTG2022TVCN32","Có giá trị đến":"12/1/27 12:00:00 AM","layer_id":165,"fid":10536,"label":"MobiFone Vĩnh Long"}},{"type":"Feature","geometry":{"type":"Point","coordinates":[106.42637,9.86041]},"properties":{"Tên doanh nghiệp":"MobiFone Vĩnh Long","Tên trạm BTS":"TVCN33","Địa chỉ lắp đặt":"Ấp Trà Cuôn, Xã Vinh Kim, Tỉnh Vĩnh Long ","Trạm 3G":"3G","Số giấy chứng nhận kiểm định":"0112VTTG2022TVCN33","Có giá trị đến":"12/1/27 12:00:00 AM","layer_id":165,"fid":10537,"label":"MobiFone Vĩnh Long"}},{"type":"Feature","geometry":{"type":"Point","coordinates":[106.42577,9.69254]},"properties":{"Tên doanh nghiệp":"MobiFone Vĩnh Long","Tên trạm BTS":"TVCN34","Địa chỉ lắp đặt":"Ấp Lạc Thạnh B, Xã Ngũ Lạc, Tỉnh Vĩnh Long ","Trạm 3G":"3G","Số giấy chứng nhận kiểm định":"0112VTTG2022TVCN34","Có giá trị đến":"12/1/27 12:00:00 AM","layer_id":165,"fid":10538,"label":"MobiFone Vĩnh Long"}},{"type":"Feature","geometry":{"type":"Point","coordinates":[106.4593279,9.742724]},"properties":{"Tên doanh nghiệp":"MobiFone Vĩnh Long","Tên trạm BTS":"TVCN35","Địa chỉ lắp đặt":"Ấp Lồ Ồ, Xã Hiệp Mỹ, Tỉnh Vĩnh Long ","Trạm 3G":"3G","Số giấy chứng nhận kiểm định":"0112VTTG2022TVCN35","Có giá trị đến":"12/1/27 12:00:00 AM","layer_id":165,"fid":10539,"label":"MobiFone Vĩnh Long"}},{"type":"Feature","geometry":{"type":"Point","coordinates":[106.409865,9.733905]},"properties":{"Tên doanh nghiệp":"MobiFone Vĩnh Long","Tên trạm BTS":"TVCN36","Địa chỉ lắp đặt":"Ấp Bào Mốt, Xã Hiệp Mỹ, Tỉnh Vĩnh Long ","Trạm 3G":"3G","Số giấy chứng nhận kiểm định":"0107VTTG2022TVCN36","Có giá trị đến":"7/1/26 12:00:00 AM","layer_id":165,"fid":10540,"label":"MobiFone Vĩnh Long"}},{"type":"Feature","geometry":{"type":"Point","coordinates":[106.41522,9.75327]},"properties":{"Tên doanh nghiệp":"MobiFone Vĩnh Long","Tên trạm BTS":"TVCN37","Địa chỉ lắp đặt":"Ấp Ô Răng, Xã Hiệp Mỹ, Tỉnh Vĩnh Long ","Trạm 3G":"3G","Số giấy chứng nhận kiểm định":"0107VTTG2022TVCN37","Có giá trị đến":"7/1/27 12:00:00 AM","layer_id":165,"fid":10541,"label":"MobiFone Vĩnh Long"}},{"type":"Feature","geometry":{"type":"Point","coordinates":[106.48296,9.74694]},"properties":{"Tên doanh nghiệp":"MobiFone Vĩnh Long","Tên trạm BTS":"TVCN38","Địa chỉ lắp đặt":"Ấp Cái Già Bến, Xã Hiệp Mỹ, Tỉnh Vĩnh Long ","Trạm 3G":"3G","Số giấy chứng nhận kiểm định":"0107VTTG2022TVCN38","Có giá trị đến":"7/1/27 12:00:00 AM","layer_id":165,"fid":10542,"label":"MobiFone Vĩnh Long"}},{"type":"Feature","geometry":{"type":"Point","coordinates":[106.49483,9.70971]},"properties":{"Tên doanh nghiệp":"MobiFone Vĩnh Long","Tên trạm BTS":"TVCN39","Địa chỉ lắp đặt":"Ấp Bào Bèo, Xã Hiệp Mỹ, Tỉnh Vĩnh Long ","Trạm 3G":"3G","Số giấy chứng nhận kiểm định":"0107VTTG2022TVCN39","Có giá trị đến":"7/1/27 12:00:00 AM","layer_id":165,"fid":10543,"label":"MobiFone Vĩnh Long"}},{"type":"Feature","geometry":{"type":"Point","coordinates":[106.42954,9.791]},"properties":{"Tên doanh nghiệp":"MobiFone Vĩnh Long","Tên trạm BTS":"TVCN40","Địa chỉ lắp đặt":"Ấp Bình Tân, Xã Nhị Trường, Tỉnh Vĩnh Long ","Trạm 3G":"3G","Số giấy chứng nhận kiểm định":"0107VTTG2022TVCN40","Có giá trị đến":"7/1/27 12:00:00 AM","layer_id":165,"fid":10544,"label":"MobiFone Vĩnh Long"}},{"type":"Feature","geometry":{"type":"Point","coordinates":[106.4275,9.8753]},"properties":{"Tên doanh nghiệp":"MobiFone Vĩnh Long","Tên trạm BTS":"TVCN41","Địa chỉ lắp đặt":"Ấp Vang Nhứt, Xã Hưng Mỹ, Tỉnh Vĩnh Long ","Trạm 3G":"3G","Số giấy chứng nhận kiểm định":"0107VTTG2025TVCN41","Có giá trị đến":"7/1/30 12:00:00 AM","layer_id":165,"fid":10545,"label":"MobiFone Vĩnh Long"}},{"type":"Feature","geometry":{"type":"Point","coordinates":[106.30548,10.12727]},"properties":{"Tên doanh nghiệp":"Viễn thông Vĩnh Long","Tên trạm BTS":"Mo-Cay-5-BTE","Địa chỉ lắp đặt":"Mỏ Cày, Vĩnh Long","Trạm 3G":"3G","Số giấy chứng nhận kiểm định":"A08991160822TG05","Có giá trị đến":"8/16/27 12:00:00 AM","layer_id":165,"fid":11998,"label":"Viễn thông Vĩnh Long"}},{"type":"Feature","geometry":{"type":"Point","coordinates":[106.385,9.771984]},"properties":{"Tên doanh nghiệp":"MobiFone Vĩnh Long","Tên trạm BTS":"TVCN42","Địa chỉ lắp đặt":"Ấp Bông Ven, Xã Nhị Trường, Tỉnh Vĩnh Long ","Trạm 3G":"3G","Số giấy chứng nhận kiểm định":"0107VTTG2025TVCN42","Có giá trị đến":"7/1/30 12:00:00 AM","layer_id":165,"fid":10546,"label":"MobiFone Vĩnh Long"}},{"type":"Feature","geometry":{"type":"Point","coordinates":[106.37784,9.789685]},"properties":{"Tên doanh nghiệp":"MobiFone Vĩnh Long","Tên trạm BTS":"TVCN43","Địa chỉ lắp đặt":"Ấp Căn Nom, Xã Nhị Trường, Tỉnh Vĩnh Long ","Trạm 3G":"3G","Số giấy chứng nhận kiểm định":"0107VTTG2025TVCN43","Có giá trị đến":"7/1/30 12:00:00 AM","layer_id":165,"fid":10547,"label":"MobiFone Vĩnh Long"}},{"type":"Feature","geometry":{"type":"Point","coordinates":[106.46799,9.80353]},"properties":{"Tên doanh nghiệp":"MobiFone Vĩnh Long","Tên trạm BTS":"TVCNX0","Địa chỉ lắp đặt":"Ấp Cẩm Hương, Xã Cầu Ngang, Tỉnh Vĩnh Long ","Trạm 3G":"3G","Số giấy chứng nhận kiểm định":"0107VTTG2025TVCTX0","Có giá trị đến":"7/1/30 12:00:00 AM","layer_id":165,"fid":10548,"label":"MobiFone Vĩnh Long"}},{"type":"Feature","geometry":{"type":"Point","coordinates":[106.3485,9.8703]},"properties":{"Tên doanh nghiệp":"MobiFone Vĩnh Long","Tên trạm BTS":"TVCT01","Địa chỉ lắp đặt":"BĐVH Châu Thành. Đường 3/2, khóm 2, xã Châu Thành, tỉnh Vĩnh Long","Trạm 3G":"3G","Số giấy chứng nhận kiểm định":"A15813161224TG05","Có giá trị đến":"12/2/29 12:00:00 AM","layer_id":165,"fid":10549,"label":"MobiFone Vĩnh Long"}},{"type":"Feature","geometry":{"type":"Point","coordinates":[106.47108,9.90607]},"properties":{"Tên doanh nghiệp":"MobiFone Vĩnh Long","Tên trạm BTS":"TVCT02","Địa chỉ lắp đặt":"BĐVH Hòa Minh. Ấp Đại Thôn A, xã Hòa Minh, tỉnh Vĩnh Long","Trạm 3G":"3G","Số giấy chứng nhận kiểm định":"B04088210720TG05","Có giá trị đến":"7/21/25 12:00:00 AM","layer_id":165,"fid":10550,"label":"MobiFone Vĩnh Long"}},{"type":"Feature","geometry":{"type":"Point","coordinates":[106.34877,9.82411]},"properties":{"Tên doanh nghiệp":"MobiFone Vĩnh Long","Tên trạm BTS":"TVCT03","Địa chỉ lắp đặt":"Ấp Đầu Giồng A, xã Châu Thành, tỉnh Vĩnh Long","Trạm 3G":"3G","Số giấy chứng nhận kiểm định":"B04086210720TG05","Có giá trị đến":"7/21/25 12:00:00 AM","layer_id":165,"fid":10551,"label":"MobiFone Vĩnh Long"}},{"type":"Feature","geometry":{"type":"Point","coordinates":[106.31926,9.90258]},"properties":{"Tên doanh nghiệp":"MobiFone Vĩnh Long","Tên trạm BTS":"TVCT04","Địa chỉ lắp đặt":"Trạm VT Lương Hòa. Ấp Tân Ngãi, Xã Song Lộc, tỉnh Vĩnh Long","Trạm 3G":"3G","Số giấy chứng nhận kiểm định":"A05734150321TG05","Có giá trị đến":"3/15/26 12:00:00 AM","layer_id":165,"fid":10552,"label":"MobiFone Vĩnh Long"}},{"type":"Feature","geometry":{"type":"Point","coordinates":[106.34558,9.88941]},"properties":{"Tên doanh nghiệp":"MobiFone Vĩnh Long","Tên trạm BTS":"TVCT05","Địa chỉ lắp đặt":"khóm 4, xã Châu Thành, tỉnh Vĩnh Long","Trạm 3G":"3G","Số giấy chứng nhận kiểm định":"B02141150420TG05","Có giá trị đến":"4/15/25 12:00:00 AM","layer_id":165,"fid":10553,"label":"MobiFone Vĩnh Long"}},{"type":"Feature","geometry":{"type":"Point","coordinates":[106.361039,9.939239]},"properties":{"Tên doanh nghiệp":"MobiFone Vĩnh Long","Tên trạm BTS":"TVCT06","Địa chỉ lắp đặt":"ấp Bích Trì, phường Hòa Thuận, tỉnh Vĩnh Long","Trạm 3G":"3G","Số giấy chứng nhận kiểm định":"A04844200423TG05","Có giá trị đến":"4/20/28 12:00:00 AM","layer_id":165,"fid":10554,"label":"MobiFone Vĩnh Long"}},{"type":"Feature","geometry":{"type":"Point","coordinates":[106.28221,9.86085]},"properties":{"Tên doanh nghiệp":"MobiFone Vĩnh Long","Tên trạm BTS":"TVCT07","Địa chỉ lắp đặt":"Ấp Hòa Lạc C, Xã Song Lộc, tỉnh Vĩnh Long","Trạm 3G":"3G","Số giấy chứng nhận kiểm định":"B04089210720TG05","Có giá trị đến":"7/21/25 12:00:00 AM","layer_id":165,"fid":10555,"label":"MobiFone Vĩnh Long"}},{"type":"Feature","geometry":{"type":"Point","coordinates":[106.37938,9.9111]},"properties":{"Tên doanh nghiệp":"MobiFone Vĩnh Long","Tên trạm BTS":"TVCT08","Địa chỉ lắp đặt":"Ấp Uy Nông A, xã Hưng Mỹ, tỉnh Vĩnh Long","Trạm 3G":"3G","Số giấy chứng nhận kiểm định":"B04087210720TG05","Có giá trị đến":"7/21/25 12:00:00 AM","layer_id":165,"fid":10556,"label":"MobiFone Vĩnh Long"}},{"type":"Feature","geometry":{"type":"Point","coordinates":[106.42366,9.90273]},"properties":{"Tên doanh nghiệp":"MobiFone Vĩnh Long","Tên trạm BTS":"TVCT09","Địa chỉ lắp đặt":"Ấp Rạch Vồn, Xã Hưng Mỹ, tỉnh Vĩnh Long","Trạm 3G":"3G","Số giấy chứng nhận kiểm định":"0112VTTG2022TVCT09","Có giá trị đến":"12/1/27 12:00:00 AM","layer_id":165,"fid":10557,"label":"MobiFone Vĩnh Long"}},{"type":"Feature","geometry":{"type":"Point","coordinates":[106.26644,9.89625]},"properties":{"Tên doanh nghiệp":"MobiFone Vĩnh Long","Tên trạm BTS":"TVCT10","Địa chỉ lắp đặt":"BĐVH xã Song Lộc. Ấp Phú Lân, xã Song Lộc, tỉnh Vĩnh Long","Trạm 3G":"3G","Số giấy chứng nhận kiểm định":"A15814161224TG05","Có giá trị đến":"12/2/29 12:00:00 AM","layer_id":165,"fid":10558,"label":"MobiFone Vĩnh Long"}},{"type":"Feature","geometry":{"type":"Point","coordinates":[106.5045,9.88148]},"properties":{"Tên doanh nghiệp":"MobiFone Vĩnh Long","Tên trạm BTS":"TVCT11","Địa chỉ lắp đặt":"Ấp Rạch Ngựa, Xã Long Hoà, tỉnh Vĩnh Long","Trạm 3G":"3G","Số giấy chứng nhận kiểm định":"0102VTTG2024TVCT11","Có giá trị đến":"2/1/29 12:00:00 AM","layer_id":165,"fid":10559,"label":"MobiFone Vĩnh Long"}},{"type":"Feature","geometry":{"type":"Point","coordinates":[106.29321,9.90409]},"properties":{"Tên doanh nghiệp":"MobiFone Vĩnh Long","Tên trạm BTS":"TVCT12","Địa chỉ lắp đặt":"Ấp Sam Bua, Xã Song Lộc, tỉnh Vĩnh Long","Trạm 3G":"3G","Số giấy chứng nhận kiểm định":"0112VTTG2022TVCT12","Có giá trị đến":"12/1/27 12:00:00 AM","layer_id":165,"fid":10560,"label":"MobiFone Vĩnh Long"}},{"type":"Feature","geometry":{"type":"Point","coordinates":[106.34791,9.8754]},"properties":{"Tên doanh nghiệp":"MobiFone Vĩnh Long","Tên trạm BTS":"TVCT13","Địa chỉ lắp đặt":"Đường Mậu Thân, xã Châu Thành, tỉnh Vĩnh Long","Trạm 3G":"3G","Số giấy chứng nhận kiểm định":"0112VTTG2022TVCT13","Có giá trị đến":"12/1/27 12:00:00 AM","layer_id":165,"fid":10561,"label":"MobiFone Vĩnh Long"}},{"type":"Feature","geometry":{"type":"Point","coordinates":[106.23785,9.88434]},"properties":{"Tên doanh nghiệp":"MobiFone Vĩnh Long","Tên trạm BTS":"TVCT14","Địa chỉ lắp đặt":"Ấp Lò, Xã Song Lộc, tỉnh Vĩnh Long","Trạm 3G":"3G","Số giấy chứng nhận kiểm định":"0112VTTG2022TVCT14","Có giá trị đến":"12/1/27 12:00:00 AM","layer_id":165,"fid":10562,"label":"MobiFone Vĩnh Long"}},{"type":"Feature","geometry":{"type":"Point","coordinates":[106.32891,9.85215]},"properties":{"Tên doanh nghiệp":"MobiFone Vĩnh Long","Tên trạm BTS":"TVCT15","Địa chỉ lắp đặt":"Ấp Phú Nhiêu, xã Châu Thành, tỉnh Vĩnh Long","Trạm 3G":"3G","Số giấy chứng nhận kiểm định":"0112VTTG2022TVCT15","Có giá trị đến":"12/1/27 12:00:00 AM","layer_id":165,"fid":10563,"label":"MobiFone Vĩnh Long"}},{"type":"Feature","geometry":{"type":"Point","coordinates":[106.359286,9.938876]},"properties":{"Tên doanh nghiệp":"MobiFone Vĩnh Long","Tên trạm BTS":"TVCT16","Địa chỉ lắp đặt":"Ấp Rạch Kinh, phường Hòa Thuận, tỉnh Vĩnh Long","Trạm 3G":"3G","Số giấy chứng nhận kiểm định":"2204VTTG2024TVCT16","Có giá trị đến":"4/22/29 12:00:00 AM","layer_id":165,"fid":10564,"label":"MobiFone Vĩnh Long"}},{"type":"Feature","geometry":{"type":"Point","coordinates":[106.43338,9.93081]},"properties":{"Tên doanh nghiệp":"MobiFone Vĩnh Long","Tên trạm BTS":"TVCT17","Địa chỉ lắp đặt":"Ấp Long Hưng 1, Xã Hòa Minh, tỉnh Vĩnh Long","Trạm 3G":"3G","Số giấy chứng nhận kiểm định":"0804VTTG2025TVCT17","Có giá trị đến":"4/8/30 12:00:00 AM","layer_id":165,"fid":10565,"label":"MobiFone Vĩnh Long"}},{"type":"Feature","geometry":{"type":"Point","coordinates":[106.39019,9.9327]},"properties":{"Tên doanh nghiệp":"MobiFone Vĩnh Long","Tên trạm BTS":"TVCT18","Địa chỉ lắp đặt":"Ấp Bà Trầm, Xã Hưng Mỹ, tỉnh Vĩnh Long","Trạm 3G":"3G","Số giấy chứng nhận kiểm định":"2204VTTG2024TVCT18","Có giá trị đến":"4/22/29 12:00:00 AM","layer_id":165,"fid":10566,"label":"MobiFone Vĩnh Long"}},{"type":"Feature","geometry":{"type":"Point","coordinates":[106.35738,9.87339]},"properties":{"Tên doanh nghiệp":"MobiFone Vĩnh Long","Tên trạm BTS":"TVCT19","Địa chỉ lắp đặt":"Khóm 1, xã Châu Thành, tỉnh Vĩnh Long","Trạm 3G":"3G","Số giấy chứng nhận kiểm định":"0112VTTG2022TVCT19","Có giá trị đến":"12/1/27 12:00:00 AM","layer_id":165,"fid":10567,"label":"MobiFone Vĩnh Long"}},{"type":"Feature","geometry":{"type":"Point","coordinates":[106.35152,9.84422]},"properties":{"Tên doanh nghiệp":"MobiFone Vĩnh Long","Tên trạm BTS":"TVCT20","Địa chỉ lắp đặt":"Ấp Thanh Nguyên B, Xã Châu Thành, tỉnh Vĩnh Long","Trạm 3G":"3G","Số giấy chứng nhận kiểm định":"0102VTTG2024TVCT20","Có giá trị đến":"2/1/29 12:00:00 AM","layer_id":165,"fid":10568,"label":"MobiFone Vĩnh Long"}},{"type":"Feature","geometry":{"type":"Point","coordinates":[106.31491,9.8158]},"properties":{"Tên doanh nghiệp":"MobiFone Vĩnh Long","Tên trạm BTS":"TVCT21","Địa chỉ lắp đặt":"Ấp Kinh Xuôi, xã Châu Thành, tỉnh Vĩnh Long","Trạm 3G":"3G","Số giấy chứng nhận kiểm định":"0804VTTG2025TVCT21","Có giá trị đến":"4/8/30 12:00:00 AM","layer_id":165,"fid":10569,"label":"MobiFone Vĩnh Long"}},{"type":"Feature","geometry":{"type":"Point","coordinates":[106.34594,9.80315]},"properties":{"Tên doanh nghiệp":"MobiFone Vĩnh Long","Tên trạm BTS":"TVCT22","Địa chỉ lắp đặt":"Ấp Giồng Trôm, xã Châu Thành, tỉnh Vĩnh Long","Trạm 3G":"3G","Số giấy chứng nhận kiểm định":"1612VTTG2024TVCT22","Có giá trị đến":"12/16/29 12:00:00 AM","layer_id":165,"fid":10570,"label":"MobiFone Vĩnh Long"}},{"type":"Feature","geometry":{"type":"Point","coordinates":[106.30069,9.88396]},"properties":{"Tên doanh nghiệp":"MobiFone Vĩnh Long","Tên trạm BTS":"TVCT23","Địa chỉ lắp đặt":"Ấp Hòa Lạc A, Xã Song Lộc, tỉnh Vĩnh Long","Trạm 3G":"3G","Số giấy chứng nhận kiểm định":"0111VTTG2023TVCT23","Có giá trị đến":"11/1/28 12:00:00 AM","layer_id":165,"fid":10571,"label":"MobiFone Vĩnh Long"}},{"type":"Feature","geometry":{"type":"Point","coordinates":[106.37134,9.922158]},"properties":{"Tên doanh nghiệp":"MobiFone Vĩnh Long","Tên trạm BTS":"TVCT24","Địa chỉ lắp đặt":"Ấp Truôn, xã Hưng Mỹ, tỉnh Vĩnh Long","Trạm 3G":"3G","Số giấy chứng nhận kiểm định":"0804VTTG2025TVCT24","Có giá trị đến":"4/8/30 12:00:00 AM","layer_id":165,"fid":10572,"label":"MobiFone Vĩnh Long"}},{"type":"Feature","geometry":{"type":"Point","coordinates":[106.39801,9.87888]},"properties":{"Tên doanh nghiệp":"MobiFone Vĩnh Long","Tên trạm BTS":"TVCT25","Địa chỉ lắp đặt":"Ấp Đại Thôn, xã Hưng Mỹ, tỉnh Vĩnh Long","Trạm 3G":"3G","Số giấy chứng nhận kiểm định":"0804VTTG2025TVCT25","Có giá trị đến":"4/8/30 12:00:00 AM","layer_id":165,"fid":10573,"label":"MobiFone Vĩnh Long"}},{"type":"Feature","geometry":{"type":"Point","coordinates":[106.29883,9.92695]},"properties":{"Tên doanh nghiệp":"MobiFone Vĩnh Long","Tên trạm BTS":"TVCT26","Địa chỉ lắp đặt":"Ấp Bến Có, Phường Nguyệt Hóa, tỉnh Vĩnh Long","Trạm 3G":"3G","Số giấy chứng nhận kiểm định":"2204VTTG2024TVCT26","Có giá trị đến":"4/22/29 12:00:00 AM","layer_id":165,"fid":10574,"label":"MobiFone Vĩnh Long"}},{"type":"Feature","geometry":{"type":"Point","coordinates":[106.36115,9.92661]},"properties":{"Tên doanh nghiệp":"MobiFone Vĩnh Long","Tên trạm BTS":"TVCT28","Địa chỉ lắp đặt":"Ấp Trì Phong, xã Hưng Mỹ, tỉnh Vĩnh Long","Trạm 3G":"3G","Số giấy chứng nhận kiểm định":"0804VTTG2025TVCT28","Có giá trị đến":"4/8/30 12:00:00 AM","layer_id":165,"fid":10575,"label":"MobiFone Vĩnh Long"}},{"type":"Feature","geometry":{"type":"Point","coordinates":[106.43627,9.89283]},"properties":{"Tên doanh nghiệp":"MobiFone Vĩnh Long","Tên trạm BTS":"TVCT29","Địa chỉ lắp đặt":"Ấp Bãi Vàng, Xã Hưng Mỹ, tỉnh Vĩnh Long","Trạm 3G":"3G","Số giấy chứng nhận kiểm định":"0112VTTG2022TVCT29","Có giá trị đến":"12/1/27 12:00:00 AM","layer_id":165,"fid":10576,"label":"MobiFone Vĩnh Long"}},{"type":"Feature","geometry":{"type":"Point","coordinates":[106.45068,9.91987]},"properties":{"Tên doanh nghiệp":"MobiFone Vĩnh Long","Tên trạm BTS":"TVCT31","Địa chỉ lắp đặt":"Thửa đất số 1073, tờ bản đồ số 04, ấp Ông Uyển, xã Hòa Minh, tỉnh Vĩnh Long","Trạm 3G":"3G","Số giấy chứng nhận kiểm định":"0112VTTG2022TVCT31","Có giá trị đến":"12/1/27 12:00:00 AM","layer_id":165,"fid":10577,"label":"MobiFone Vĩnh Long"}},{"type":"Feature","geometry":{"type":"Point","coordinates":[106.359383,9.955246]},"properties":{"Tên doanh nghiệp":"MobiFone Vĩnh Long","Tên trạm BTS":"TVCT34","Địa chỉ lắp đặt":"Thửa đất số 465, tờ bản đồ số 2, ấp Vĩnh Trường, phường Hòa Thuận, tỉnh Vĩnh Long","Trạm 3G":"3G","Số giấy chứng nhận kiểm định":"0107VTTG2022TVCT34","Có giá trị đến":"7/1/27 12:00:00 AM","layer_id":165,"fid":10578,"label":"MobiFone Vĩnh Long"}},{"type":"Feature","geometry":{"type":"Point","coordinates":[106.31731,9.92565]},"properties":{"Tên doanh nghiệp":"MobiFone Vĩnh Long","Tên trạm BTS":"TVCT35","Địa chỉ lắp đặt":"Thửa đất số 56, tờ bản đồ số 21, ấp Xóm Trảng, Phường Nguyệt Hóa, tỉnh Vĩnh Long","Trạm 3G":"3G","Số giấy chứng nhận kiểm định":"B04080210720TG05","Có giá trị đến":"7/21/25 12:00:00 AM","layer_id":165,"fid":10579,"label":"MobiFone Vĩnh Long"}},{"type":"Feature","geometry":{"type":"Point","coordinates":[106.35332,9.96863]},"properties":{"Tên doanh nghiệp":"MobiFone Vĩnh Long","Tên trạm BTS":"TVCT37","Địa chỉ lắp đặt":"Số 112, ấp Vĩnh Bảo, phường Hòa Thuận, tỉnh Vĩnh Long","Trạm 3G":"3G","Số giấy chứng nhận kiểm định":"0107VTTG2021TVCT37","Có giá trị đến":"7/1/26 12:00:00 AM","layer_id":165,"fid":10580,"label":"MobiFone Vĩnh Long"}},{"type":"Feature","geometry":{"type":"Point","coordinates":[106.37366,9.85914]},"properties":{"Tên doanh nghiệp":"MobiFone Vĩnh Long","Tên trạm BTS":"TVCT38","Địa chỉ lắp đặt":"Ấp Hương Phụ A, xã Châu Thành, tỉnh Vĩnh Long","Trạm 3G":"3G","Số giấy chứng nhận kiểm định":"0107VTTG2021TVCT38","Có giá trị đến":"7/1/26 12:00:00 AM","layer_id":165,"fid":10581,"label":"MobiFone Vĩnh Long"}},{"type":"Feature","geometry":{"type":"Point","coordinates":[106.37891,9.81782]},"properties":{"Tên doanh nghiệp":"MobiFone Vĩnh Long","Tên trạm BTS":"TVCT39","Địa chỉ lắp đặt":"Ấp Giồng Lức, Xã Châu Thành, tỉnh Vĩnh Long","Trạm 3G":"3G","Số giấy chứng nhận kiểm định":"0107VTTG2021TVCT39","Có giá trị đến":"7/1/26 12:00:00 AM","layer_id":165,"fid":10582,"label":"MobiFone Vĩnh Long"}},{"type":"Feature","geometry":{"type":"Point","coordinates":[106.24154,9.85464]},"properties":{"Tên doanh nghiệp":"MobiFone Vĩnh Long","Tên trạm BTS":"TVCT40","Địa chỉ lắp đặt":"Thửa đất số 1673, tờ bản đồ số 06,Trà Nóc, Xã Song Lộc, tỉnh Vĩnh Long","Trạm 3G":"3G","Số giấy chứng nhận kiểm định":"0107VTTG2021TVCT40","Có giá trị đến":"7/1/26 12:00:00 AM","layer_id":165,"fid":10583,"label":"MobiFone Vĩnh Long"}},{"type":"Feature","geometry":{"type":"Point","coordinates":[106.28375,9.83141]},"properties":{"Tên doanh nghiệp":"MobiFone Vĩnh Long","Tên trạm BTS":"TVCT41","Địa chỉ lắp đặt":"Ấp Phú Thọ, Xã Châu Thành, tỉnh Vĩnh Long","Trạm 3G":"3G","Số giấy chứng nhận kiểm định":"0107VTTG2022TVCT41","Có giá trị đến":"7/1/26 12:00:00 AM","layer_id":165,"fid":10584,"label":"MobiFone Vĩnh Long"}},{"type":"Feature","geometry":{"type":"Point","coordinates":[106.38817,9.89637]},"properties":{"Tên doanh nghiệp":"MobiFone Vĩnh Long","Tên trạm BTS":"TVCT42","Địa chỉ lắp đặt":"Thửa đất số 10, tờ bản đồ số 571, ấp Đa Hòa Nam, xã Hưng Mỹ, tỉnh Vĩnh Long","Trạm 3G":"3G","Số giấy chứng nhận kiểm định":"0112VTTG2022TVCT42","Có giá trị đến":"12/1/27 12:00:00 AM","layer_id":165,"fid":10585,"label":"MobiFone Vĩnh Long"}},{"type":"Feature","geometry":{"type":"Point","coordinates":[106.3218,9.88632]},"properties":{"Tên doanh nghiệp":"MobiFone Vĩnh Long","Tên trạm BTS":"TVCT43","Địa chỉ lắp đặt":"Thửa đất số 1420, tờ bản đồ số 26, ấp Tân Ngại, xã Song Lộc, tỉnh Vĩnh Long","Trạm 3G":"3G","Số giấy chứng nhận kiểm định":"0107VTTG2022TVCT43","Có giá trị đến":"7/1/27 12:00:00 AM","layer_id":165,"fid":10586,"label":"MobiFone Vĩnh Long"}},{"type":"Feature","geometry":{"type":"Point","coordinates":[106.26937,9.87317]},"properties":{"Tên doanh nghiệp":"MobiFone Vĩnh Long","Tên trạm BTS":"TVCT44","Địa chỉ lắp đặt":"Thửa đất số 665 tờ bản đồ số 5, ấp Nê Có, xã Song Lộc, tỉnh Vĩnh Long","Trạm 3G":"3G","Số giấy chứng nhận kiểm định":"0107VTTG2022TVCT44","Có giá trị đến":"7/1/27 12:00:00 AM","layer_id":165,"fid":10587,"label":"MobiFone Vĩnh Long"}},{"type":"Feature","geometry":{"type":"Point","coordinates":[106.3083,9.8621]},"properties":{"Tên doanh nghiệp":"MobiFone Vĩnh Long","Tên trạm BTS":"TVCT45","Địa chỉ lắp đặt":"Thửa đất số 490 tờ bản đồ số 10, ấp Hòa Lạc B, xã Song Lộc, tỉnh Vĩnh Long","Trạm 3G":"3G","Số giấy chứng nhận kiểm định":"0107VTTG2022TVCT45","Có giá trị đến":"7/1/27 12:00:00 AM","layer_id":165,"fid":10588,"label":"MobiFone Vĩnh Long"}},{"type":"Feature","geometry":{"type":"Point","coordinates":[106.25534,9.90991]},"properties":{"Tên doanh nghiệp":"MobiFone Vĩnh Long","Tên trạm BTS":"TVCT46","Địa chỉ lắp đặt":"Thửa đất số 775, tờ bản đồ số 14, ấp Khánh Lộc, xã Song Lộc, tỉnh Vĩnh Long","Trạm 3G":"3G","Số giấy chứng nhận kiểm định":"0107VTTG2022TVCT46","Có giá trị đến":"7/1/27 12:00:00 AM","layer_id":165,"fid":10589,"label":"MobiFone Vĩnh Long"}},{"type":"Feature","geometry":{"type":"Point","coordinates":[106.4053957,9.8971202]},"properties":{"Tên doanh nghiệp":"MobiFone Vĩnh Long","Tên trạm BTS":"TVCT47","Địa chỉ lắp đặt":"Thửa đất số 196, TBĐ số 51, ấp Ngãi Hiệp, xã Hưng Mỹ, tỉnh Vĩnh Long","Trạm 3G":"3G","Số giấy chứng nhận kiểm định":"0107VTTG2022TVCT47","Có giá trị đến":"7/1/27 12:00:00 AM","layer_id":165,"fid":10590,"label":"MobiFone Vĩnh Long"}},{"type":"Feature","geometry":{"type":"Point","coordinates":[106.371,10.2472]},"properties":{"Tên doanh nghiệp":"MobiFone Vĩnh Long","Tên trạm BTS":"BTBT57","Địa chỉ lắp đặt":"177B3, đường Nguyễn Văn Khước, KP5, Phường Phú Khương, tỉnh Vĩnh Long","Trạm 3G":"3G","Số giấy chứng nhận kiểm định":"","Có giá trị đến":null,"layer_id":165,"fid":10932,"label":"MobiFone Vĩnh Long"}},{"type":"Feature","geometry":{"type":"Point","coordinates":[106.4108,9.9461]},"properties":{"Tên doanh nghiệp":"MobiFone Vĩnh Long","Tên trạm BTS":"TVCT48","Địa chỉ lắp đặt":"Thửa đất số 134, TBĐ số 1, ấp Long Hưng 2, xã Hòa Minh, tỉnh Vĩnh Long","Trạm 3G":"3G","Số giấy chứng nhận kiểm định":"0107VTTG2025TVCT48","Có giá trị đến":"7/1/30 12:00:00 AM","layer_id":165,"fid":10591,"label":"MobiFone Vĩnh Long"}},{"type":"Feature","geometry":{"type":"Point","coordinates":[106.4903,9.8952]},"properties":{"Tên doanh nghiệp":"MobiFone Vĩnh Long","Tên trạm BTS":"TVCT49","Địa chỉ lắp đặt":"Thửa đất số 490, TBĐ số 2, ấp Xẻo Ranh, xã Long Hòa, tỉnh Vĩnh Long","Trạm 3G":"3G","Số giấy chứng nhận kiểm định":"0107VTTG2025TVCT49","Có giá trị đến":"7/1/30 12:00:00 AM","layer_id":165,"fid":10592,"label":"MobiFone Vĩnh Long"}},{"type":"Feature","geometry":{"type":"Point","coordinates":[106.533,9.8423]},"properties":{"Tên doanh nghiệp":"MobiFone Vĩnh Long","Tên trạm BTS":"TVCT50","Địa chỉ lắp đặt":"Thửa đất số 120, TBĐ số 10, Ấp Hai Thủ, Xã Long Hòa, tỉnh Vĩnh Long","Trạm 3G":"3G","Số giấy chứng nhận kiểm định":"0107VTTG2025TVCT50","Có giá trị đến":"7/1/30 12:00:00 AM","layer_id":165,"fid":10593,"label":"MobiFone Vĩnh Long"}},{"type":"Feature","geometry":{"type":"Point","coordinates":[106.3806,9.8787]},"properties":{"Tên doanh nghiệp":"MobiFone Vĩnh Long","Tên trạm BTS":"TVCT51","Địa chỉ lắp đặt":"Thửa đất số 490, TBĐ số 48, ấp Bàu Sơn, xã Châu Thành, tỉnh Vĩnh Long","Trạm 3G":"3G","Số giấy chứng nhận kiểm định":"0107VTTG2025TVCT51","Có giá trị đến":"7/1/30 12:00:00 AM","layer_id":165,"fid":10594,"label":"MobiFone Vĩnh Long"}},{"type":"Feature","geometry":{"type":"Point","coordinates":[106.3667,9.903062]},"properties":{"Tên doanh nghiệp":"MobiFone Vĩnh Long","Tên trạm BTS":"TVCT52","Địa chỉ lắp đặt":"Thửa đất số 1688, TBĐ số 7, phường Hòa Thuận, tỉnh Vĩnh Long","Trạm 3G":"3G","Số giấy chứng nhận kiểm định":"0107VTTG2025TVCT52","Có giá trị đến":"7/1/30 12:00:00 AM","layer_id":165,"fid":10595,"label":"MobiFone Vĩnh Long"}},{"type":"Feature","geometry":{"type":"Point","coordinates":[106.3319,9.8676]},"properties":{"Tên doanh nghiệp":"MobiFone Vĩnh Long","Tên trạm BTS":"TVCT53","Địa chỉ lắp đặt":"Thửa đất số 392, TBĐ số 32, ấp Thanh Trì A, xã Châu Thành, tỉnh Vĩnh Long","Trạm 3G":"3G","Số giấy chứng nhận kiểm định":"0107VTTG2025TVCT53","Có giá trị đến":"7/1/30 12:00:00 AM","layer_id":165,"fid":10596,"label":"MobiFone Vĩnh Long"}},{"type":"Feature","geometry":{"type":"Point","coordinates":[106.40828,9.914141]},"properties":{"Tên doanh nghiệp":"MobiFone Vĩnh Long","Tên trạm BTS":"TVCT54","Địa chỉ lắp đặt":"Thửa đất số 833, TBĐ số 4, xã Hưng Mỹ, tỉnh Vĩnh Long","Trạm 3G":"3G","Số giấy chứng nhận kiểm định":"0107VTTG2025TVCT54","Có giá trị đến":"7/1/30 12:00:00 AM","layer_id":165,"fid":10597,"label":"MobiFone Vĩnh Long"}},{"type":"Feature","geometry":{"type":"Point","coordinates":[106.30817,9.89417]},"properties":{"Tên doanh nghiệp":"MobiFone Vĩnh Long","Tên trạm BTS":"TVCT55","Địa chỉ lắp đặt":"Thửa đất số 147,  tờ bản đồ số 09, ấp Hòa Lạc A, xã Song Lộc, tỉnh Vĩnh Long","Trạm 3G":"3G","Số giấy chứng nhận kiểm định":"0107VTTG2025TVCT55","Có giá trị đến":"7/1/30 12:00:00 AM","layer_id":165,"fid":10598,"label":"MobiFone Vĩnh Long"}},{"type":"Feature","geometry":{"type":"Point","coordinates":[106.30855,9.943163]},"properties":{"Tên doanh nghiệp":"MobiFone Vĩnh Long","Tên trạm BTS":"TVCTX0","Địa chỉ lắp đặt":"Thửa đất số 150, TBĐ số 31, ấp Cổ Tháp B, phường Nguyệt Hóa, tỉnh Vĩnh Long","Trạm 3G":"3G","Số giấy chứng nhận kiểm định":"0107VTTG2025TVCTX0","Có giá trị đến":"7/1/30 12:00:00 AM","layer_id":165,"fid":10599,"label":"MobiFone Vĩnh Long"}},{"type":"Feature","geometry":{"type":"Point","coordinates":[106.334015,9.896257]},"properties":{"Tên doanh nghiệp":"MobiFone Vĩnh Long","Tên trạm BTS":"TVCTX1","Địa chỉ lắp đặt":"Thửa đất số 547, TBĐ số 8, ấp Tân Ngại, xã Song Lộc, tỉnh Vĩnh Long","Trạm 3G":"3G","Số giấy chứng nhận kiểm định":"A06440210624TG05","Có giá trị đến":"6/21/29 12:00:00 AM","layer_id":165,"fid":10600,"label":"MobiFone Vĩnh Long"}},{"type":"Feature","geometry":{"type":"Point","coordinates":[106.446619,9.683599]},"properties":{"Tên doanh nghiệp":"MobiFone Vĩnh Long","Tên trạm BTS":"TVDH01","Địa chỉ lắp đặt":"Ấp Bổn Thanh, Xã Ngũ Lạc, Tỉnh Vĩnh Long","Trạm 3G":"3G","Số giấy chứng nhận kiểm định":"0112VTTG2022TVDH01","Có giá trị đến":"12/1/27 12:00:00 AM","layer_id":165,"fid":10601,"label":"MobiFone Vĩnh Long"}},{"type":"Feature","geometry":{"type":"Point","coordinates":[106.44028,9.60874]},"properties":{"Tên doanh nghiệp":"MobiFone Vĩnh Long","Tên trạm BTS":"TVDH02","Địa chỉ lắp đặt":"Khóm 5, Xã Long Thành, Tỉnh Vĩnh Long","Trạm 3G":"3G","Số giấy chứng nhận kiểm định":"A05736150321TG05","Có giá trị đến":"3/15/26 12:00:00 AM","layer_id":165,"fid":10602,"label":"MobiFone Vĩnh Long"}},{"type":"Feature","geometry":{"type":"Point","coordinates":[106.35421,9.604]},"properties":{"Tên doanh nghiệp":"MobiFone Vĩnh Long","Tên trạm BTS":"TVDH04","Địa chỉ lắp đặt":"Ấp Kênh Đào, Xã Long Vĩnh, Tỉnh Vĩnh Long","Trạm 3G":"3G","Số giấy chứng nhận kiểm định":"A05737150321TG05","Có giá trị đến":"3/15/26 12:00:00 AM","layer_id":165,"fid":10603,"label":"MobiFone Vĩnh Long"}},{"type":"Feature","geometry":{"type":"Point","coordinates":[106.47063,9.56876]},"properties":{"Tên doanh nghiệp":"MobiFone Vĩnh Long","Tên trạm BTS":"TVDH05","Địa chỉ lắp đặt":"Ấp Cồn Cù, Xã Đông Hải, Tỉnh Vĩnh Long","Trạm 3G":"3G","Số giấy chứng nhận kiểm định":"0106VTTG2023TVDH05","Có giá trị đến":"6/1/28 12:00:00 AM","layer_id":165,"fid":10604,"label":"MobiFone Vĩnh Long"}},{"type":"Feature","geometry":{"type":"Point","coordinates":[106.4351,9.55209]},"properties":{"Tên doanh nghiệp":"MobiFone Vĩnh Long","Tên trạm BTS":"TVDH07","Địa chỉ lắp đặt":"Ấp Định An, Xã Đông Hải, Tỉnh Vĩnh Long","Trạm 3G":"3G","Số giấy chứng nhận kiểm định":"0111VTTG2023TVDH07","Có giá trị đến":"11/1/28 12:00:00 AM","layer_id":165,"fid":10605,"label":"MobiFone Vĩnh Long"}},{"type":"Feature","geometry":{"type":"Point","coordinates":[106.42715,9.66896]},"properties":{"Tên doanh nghiệp":"MobiFone Vĩnh Long","Tên trạm BTS":"TVDH09","Địa chỉ lắp đặt":"Ấp Rọ Say, Xã Ngũ Lạc, Tỉnh Vĩnh Long","Trạm 3G":"3G","Số giấy chứng nhận kiểm định":"0102VTTG2024TVDH09","Có giá trị đến":"2/1/29 12:00:00 AM","layer_id":165,"fid":10606,"label":"MobiFone Vĩnh Long"}},{"type":"Feature","geometry":{"type":"Point","coordinates":[106.3693,9.55814]},"properties":{"Tên doanh nghiệp":"MobiFone Vĩnh Long","Tên trạm BTS":"TVDH12","Địa chỉ lắp đặt":"Ấp Vàm Rạch Cỏ, Xã Long Vĩnh, Tỉnh Vĩnh Long","Trạm 3G":"3G","Số giấy chứng nhận kiểm định":"0112VTTG2022TVDH12","Có giá trị đến":"12/1/27 12:00:00 AM","layer_id":165,"fid":10607,"label":"MobiFone Vĩnh Long"}},{"type":"Feature","geometry":{"type":"Point","coordinates":[106.39887,9.54279]},"properties":{"Tên doanh nghiệp":"MobiFone Vĩnh Long","Tên trạm BTS":"TVDH14","Địa chỉ lắp đặt":"Ấp Hồ Tàu, Xã Đông Hải, Tỉnh Vĩnh Long","Trạm 3G":"3G","Số giấy chứng nhận kiểm định":"0112VTTG2022TVDH14","Có giá trị đến":"12/1/27 12:00:00 AM","layer_id":165,"fid":10608,"label":"MobiFone Vĩnh Long"}},{"type":"Feature","geometry":{"type":"Point","coordinates":[106.46645,9.61583]},"properties":{"Tên doanh nghiệp":"MobiFone Vĩnh Long","Tên trạm BTS":"TVDH16","Địa chỉ lắp đặt":"Khóm 1, xã Long Thành, tỉnh Vĩnh Long","Trạm 3G":"3G","Số giấy chứng nhận kiểm định":"0102VTTG2024TVDH16","Có giá trị đến":"2/1/29 12:00:00 AM","layer_id":165,"fid":10609,"label":"MobiFone Vĩnh Long"}},{"type":"Feature","geometry":{"type":"Point","coordinates":[106.31943,9.59524]},"properties":{"Tên doanh nghiệp":"MobiFone Vĩnh Long","Tên trạm BTS":"TVDH17","Địa chỉ lắp đặt":"Ấp Cái Cối, Xã Long Vĩnh, Tỉnh Vĩnh Long","Trạm 3G":"3G","Số giấy chứng nhận kiểm định":"0112VTTG2022TVDH17","Có giá trị đến":"12/1/27 12:00:00 AM","layer_id":165,"fid":10610,"label":"MobiFone Vĩnh Long"}},{"type":"Feature","geometry":{"type":"Point","coordinates":[106.39301,9.60273]},"properties":{"Tên doanh nghiệp":"MobiFone Vĩnh Long","Tên trạm BTS":"TVDH22","Địa chỉ lắp đặt":"Ấp Cái Có, Xã Long Vĩnh, Tỉnh Vĩnh Long","Trạm 3G":"3G","Số giấy chứng nhận kiểm định":"0804VTTG2025TVDH22","Có giá trị đến":"4/8/30 12:00:00 AM","layer_id":165,"fid":10611,"label":"MobiFone Vĩnh Long"}},{"type":"Feature","geometry":{"type":"Point","coordinates":[106.46049,9.5445]},"properties":{"Tên doanh nghiệp":"MobiFone Vĩnh Long","Tên trạm BTS":"TVDH23","Địa chỉ lắp đặt":"Ấp Hồ Thùng, Xã Đông Hải, Tỉnh Vĩnh Long","Trạm 3G":"3G","Số giấy chứng nhận kiểm định":"0112VTTG2022TVDH23","Có giá trị đến":"12/1/27 12:00:00 AM","layer_id":165,"fid":10612,"label":"MobiFone Vĩnh Long"}},{"type":"Feature","geometry":{"type":"Point","coordinates":[106.38284,9.6568]},"properties":{"Tên doanh nghiệp":"MobiFone Vĩnh Long","Tên trạm BTS":"TVDH29","Địa chỉ lắp đặt":"Ấp La Bang Chợ, Xã  Đôn Châu, Tỉnh Vĩnh Long","Trạm 3G":"3G","Số giấy chứng nhận kiểm định":"A05738150321TG05","Có giá trị đến":"3/15/26 12:00:00 AM","layer_id":165,"fid":10613,"label":"MobiFone Vĩnh Long"}},{"type":"Feature","geometry":{"type":"Point","coordinates":[106.34934,9.64742]},"properties":{"Tên doanh nghiệp":"MobiFone Vĩnh Long","Tên trạm BTS":"TVDH30","Địa chỉ lắp đặt":"Ấp Cây Da, Xã Đôn Châu, Tỉnh Vĩnh Long ","Trạm 3G":"3G","Số giấy chứng nhận kiểm định":"A05739150321TG05","Có giá trị đến":"3/15/26 12:00:00 AM","layer_id":165,"fid":10614,"label":"MobiFone Vĩnh Long"}},{"type":"Feature","geometry":{"type":"Point","coordinates":[106.35942,9.67122]},"properties":{"Tên doanh nghiệp":"MobiFone Vĩnh Long","Tên trạm BTS":"TVDH31","Địa chỉ lắp đặt":"Ấp Ba Sát, Xã Đôn châu, Tỉnh Vĩnh Long ","Trạm 3G":"3G","Số giấy chứng nhận kiểm định":"0112VTTG2022TVDH31","Có giá trị đến":"12/1/27 12:00:00 AM","layer_id":165,"fid":10615,"label":"MobiFone Vĩnh Long"}},{"type":"Feature","geometry":{"type":"Point","coordinates":[106.4501,9.6674]},"properties":{"Tên doanh nghiệp":"MobiFone Vĩnh Long","Tên trạm BTS":"TVDH35","Địa chỉ lắp đặt":"Ấp Đường Liếu, Xã Ngũ Lạc, Tỉnh Vĩnh Long","Trạm 3G":"3G","Số giấy chứng nhận kiểm định":"0804VTTG2025TVDH35","Có giá trị đến":"4/8/30 12:00:00 AM","layer_id":165,"fid":10616,"label":"MobiFone Vĩnh Long"}},{"type":"Feature","geometry":{"type":"Point","coordinates":[106.32833,9.64172]},"properties":{"Tên doanh nghiệp":"MobiFone Vĩnh Long","Tên trạm BTS":"TVDH37","Địa chỉ lắp đặt":"Ấp Lộ Sỏi B, Xã Đôn Châu, Tỉnh Vĩnh Long ","Trạm 3G":"3G","Số giấy chứng nhận kiểm định":"0112VTTG2022TVDH37","Có giá trị đến":"12/1/27 12:00:00 AM","layer_id":165,"fid":10617,"label":"MobiFone Vĩnh Long"}},{"type":"Feature","geometry":{"type":"Point","coordinates":[106.31236,9.61347]},"properties":{"Tên doanh nghiệp":"MobiFone Vĩnh Long","Tên trạm BTS":"TVDH38","Địa chỉ lắp đặt":"Ấp Cái Cối, xã Long Vĩnh, tỉnh Vĩnh Long","Trạm 3G":"3G","Số giấy chứng nhận kiểm định":"0107VTTG2022TVDH38","Có giá trị đến":"7/1/26 12:00:00 AM","layer_id":165,"fid":10618,"label":"MobiFone Vĩnh Long"}},{"type":"Feature","geometry":{"type":"Point","coordinates":[106.43558,9.64267]},"properties":{"Tên doanh nghiệp":"MobiFone Vĩnh Long","Tên trạm BTS":"TVDH39","Địa chỉ lắp đặt":"Ấp Mé Láng, Xã Ngũ Lạc, Tỉnh Vĩnh Long","Trạm 3G":"3G","Số giấy chứng nhận kiểm định":"A01870240122TG05","Có giá trị đến":"1/24/27 12:00:00 AM","layer_id":165,"fid":10619,"label":"MobiFone Vĩnh Long"}},{"type":"Feature","geometry":{"type":"Point","coordinates":[106.46818,9.64871]},"properties":{"Tên doanh nghiệp":"MobiFone Vĩnh Long","Tên trạm BTS":"TVDH40","Địa chỉ lắp đặt":"Ấp Giồng Trôm, Phường Duyên Hải, Tỉnh Vĩnh Long","Trạm 3G":"3G","Số giấy chứng nhận kiểm định":"0107VTTG2022TVDH40","Có giá trị đến":"7/1/26 12:00:00 AM","layer_id":165,"fid":10620,"label":"MobiFone Vĩnh Long"}},{"type":"Feature","geometry":{"type":"Point","coordinates":[106.328647,10.070555]},"properties":{"Tên doanh nghiệp":"Viễn thông Vĩnh Long","Tên trạm BTS":"Cầu Bình Thới ATI","Địa chỉ lắp đặt":"Thành Thới, Vĩnh Long","Trạm 3G":"3G","Số giấy chứng nhận kiểm định":null,"Có giá trị đến":"10/04/2028","layer_id":165,"fid":11999,"label":"Viễn thông Vĩnh Long"}},{"type":"Feature","geometry":{"type":"Point","coordinates":[106.41649,9.60179]},"properties":{"Tên doanh nghiệp":"MobiFone Vĩnh Long","Tên trạm BTS":"TVDH41","Địa chỉ lắp đặt":"Ấp Vĩnh Khánh, Xã Long Thành, Tỉnh Vĩnh Long","Trạm 3G":"3G","Số giấy chứng nhận kiểm định":"0107VTTG2022TVDH41","Có giá trị đến":"7/1/26 12:00:00 AM","layer_id":165,"fid":10621,"label":"MobiFone Vĩnh Long"}},{"type":"Feature","geometry":{"type":"Point","coordinates":[106.38243,9.68157]},"properties":{"Tên doanh nghiệp":"MobiFone Vĩnh Long","Tên trạm BTS":"TVDH42","Địa chỉ lắp đặt":"Ấp Bào Môn, Xã Đôn Châu, Tỉnh Vĩnh Long ","Trạm 3G":"3G","Số giấy chứng nhận kiểm định":"0107VTTG2022TVDH42","Có giá trị đến":"7/1/27 12:00:00 AM","layer_id":165,"fid":10622,"label":"MobiFone Vĩnh Long"}},{"type":"Feature","geometry":{"type":"Point","coordinates":[106.40532,9.66285]},"properties":{"Tên doanh nghiệp":"MobiFone Vĩnh Long","Tên trạm BTS":"TVDH43","Địa chỉ lắp đặt":"Ấp Rọ Say, Xã Ngũ Lạc, Tỉnh Vĩnh Long","Trạm 3G":"3G","Số giấy chứng nhận kiểm định":"0107VTTG2022TVDH43","Có giá trị đến":"7/1/27 12:00:00 AM","layer_id":165,"fid":10623,"label":"MobiFone Vĩnh Long"}},{"type":"Feature","geometry":{"type":"Point","coordinates":[106.4643,9.69251]},"properties":{"Tên doanh nghiệp":"MobiFone Vĩnh Long","Tên trạm BTS":"TVDH44","Địa chỉ lắp đặt":"Ấp Bổn Thanh, Xã Ngũ Lạc, Tỉnh Vĩnh Long","Trạm 3G":"3G","Số giấy chứng nhận kiểm định":"0107VTTG2022TVDH44","Có giá trị đến":"7/1/27 12:00:00 AM","layer_id":165,"fid":10624,"label":"MobiFone Vĩnh Long"}},{"type":"Feature","geometry":{"type":"Point","coordinates":[106.56168,9.62886]},"properties":{"Tên doanh nghiệp":"MobiFone Vĩnh Long","Tên trạm BTS":"TVDI01","Địa chỉ lắp đặt":"Ấp Cồn Trứng, Phường Trường Long Hòa, Tỉnh Vĩnh Long","Trạm 3G":"3G","Số giấy chứng nhận kiểm định":"0804VTTG2025TVDI01","Có giá trị đến":"4/8/30 12:00:00 AM","layer_id":165,"fid":10625,"label":"MobiFone Vĩnh Long"}},{"type":"Feature","geometry":{"type":"Point","coordinates":[106.5576754,9.6741789]},"properties":{"Tên doanh nghiệp":"MobiFone Vĩnh Long","Tên trạm BTS":"TVDI02","Địa chỉ lắp đặt":"Ấp Ba Động, Phường Trường Long Hòa, Tỉnh Vĩnh Long","Trạm 3G":"3G","Số giấy chứng nhận kiểm định":"0804VTTG2025TVDI02","Có giá trị đến":"4/8/30 12:00:00 AM","layer_id":165,"fid":10626,"label":"MobiFone Vĩnh Long"}},{"type":"Feature","geometry":{"type":"Point","coordinates":[106.50111,9.69351]},"properties":{"Tên doanh nghiệp":"MobiFone Vĩnh Long","Tên trạm BTS":"TVDI03","Địa chỉ lắp đặt":"Khóm 1 , Phường Trường Long Hòa, Tỉnh Vĩnh Long","Trạm 3G":"3G","Số giấy chứng nhận kiểm định":"0102VTTG2024TVDI03","Có giá trị đến":"2/1/29 12:00:00 AM","layer_id":165,"fid":10627,"label":"MobiFone Vĩnh Long"}},{"type":"Feature","geometry":{"type":"Point","coordinates":[106.52003,9.59874]},"properties":{"Tên doanh nghiệp":"MobiFone Vĩnh Long","Tên trạm BTS":"TVDI05","Địa chỉ lắp đặt":"Ấp Giồng Giếng, Phường Duyên Hải, Tỉnh Vĩnh Long","Trạm 3G":"3G","Số giấy chứng nhận kiểm định":"A01871240122TG05","Có giá trị đến":"1/24/27 12:00:00 AM","layer_id":165,"fid":10628,"label":"MobiFone Vĩnh Long"}},{"type":"Feature","geometry":{"type":"Point","coordinates":[106.50828,9.6818]},"properties":{"Tên doanh nghiệp":"MobiFone Vĩnh Long","Tên trạm BTS":"TVDI06","Địa chỉ lắp đặt":"Khóm 2, Phường Trường Long Hòa, Tỉnh Vĩnh Long","Trạm 3G":"3G","Số giấy chứng nhận kiểm định":"0102VTTG2024TVDI06","Có giá trị đến":"2/1/29 12:00:00 AM","layer_id":165,"fid":10629,"label":"MobiFone Vĩnh Long"}},{"type":"Feature","geometry":{"type":"Point","coordinates":[106.51364,9.66415]},"properties":{"Tên doanh nghiệp":"MobiFone Vĩnh Long","Tên trạm BTS":"TVDI07","Địa chỉ lắp đặt":"Khóm Phước Bình, Phường Duyên Hải, Tỉnh Vĩnh Long","Trạm 3G":"3G","Số giấy chứng nhận kiểm định":"A01872240122TG05","Có giá trị đến":"1/24/27 12:00:00 AM","layer_id":165,"fid":10630,"label":"MobiFone Vĩnh Long"}},{"type":"Feature","geometry":{"type":"Point","coordinates":[106.50209,9.63879]},"properties":{"Tên doanh nghiệp":"MobiFone Vĩnh Long","Tên trạm BTS":"TVDI08","Địa chỉ lắp đặt":"Khóm 3, Phường Duyên Hải, Tỉnh Vĩnh Long","Trạm 3G":"3G","Số giấy chứng nhận kiểm định":"2204VTTG2024TVDI08","Có giá trị đến":"4/22/29 12:00:00 AM","layer_id":165,"fid":10631,"label":"MobiFone Vĩnh Long"}},{"type":"Feature","geometry":{"type":"Point","coordinates":[106.52007,9.71437]},"properties":{"Tên doanh nghiệp":"MobiFone Vĩnh Long","Tên trạm BTS":"TVDI09","Địa chỉ lắp đặt":"Ấp 11, Xã Long Hữu, Tỉnh Vỉnh Long","Trạm 3G":"3G","Số giấy chứng nhận kiểm định":"0112VTTG2022TVDI09","Có giá trị đến":"12/1/27 12:00:00 AM","layer_id":165,"fid":10632,"label":"MobiFone Vĩnh Long"}},{"type":"Feature","geometry":{"type":"Point","coordinates":[106.49172,9.63604]},"properties":{"Tên doanh nghiệp":"MobiFone Vĩnh Long","Tên trạm BTS":"TVDI10","Địa chỉ lắp đặt":"Khóm 2, Phường Duyên Hải, Tỉnh Vĩnh Long","Trạm 3G":"3G","Số giấy chứng nhận kiểm định":"A01873240122TG05","Có giá trị đến":"1/24/27 12:00:00 AM","layer_id":165,"fid":10633,"label":"MobiFone Vĩnh Long"}},{"type":"Feature","geometry":{"type":"Point","coordinates":[106.46927,9.6717]},"properties":{"Tên doanh nghiệp":"MobiFone Vĩnh Long","Tên trạm BTS":"TVDI11","Địa chỉ lắp đặt":"Ấp 15, Xã Long Hữu, Tỉnh Vĩnh Long","Trạm 3G":"3G","Số giấy chứng nhận kiểm định":"0111VTTG2023TVDI11","Có giá trị đến":"11/1/28 12:00:00 AM","layer_id":165,"fid":10634,"label":"MobiFone Vĩnh Long"}},{"type":"Feature","geometry":{"type":"Point","coordinates":[106.5136762,9.5853528]},"properties":{"Tên doanh nghiệp":"MobiFone Vĩnh Long","Tên trạm BTS":"TVDI12","Địa chỉ lắp đặt":"Ấp Mù U, Phường Duyên Hải, Tỉnh Vĩnh Long","Trạm 3G":"3G","Số giấy chứng nhận kiểm định":"0112VTTG2022TVDI12","Có giá trị đến":"12/1/27 12:00:00 AM","layer_id":165,"fid":10635,"label":"MobiFone Vĩnh Long"}},{"type":"Feature","geometry":{"type":"Point","coordinates":[106.55457,9.73798]},"properties":{"Tên doanh nghiệp":"MobiFone Vĩnh Long","Tên trạm BTS":"TVDI13","Địa chỉ lắp đặt":"Ấp Cây Da, Xã Long Hữu, Tỉnh Vĩnh Long","Trạm 3G":"3G","Số giấy chứng nhận kiểm định":"0804VTTG2025TVDI13","Có giá trị đến":"4/8/30 12:00:00 AM","layer_id":165,"fid":10636,"label":"MobiFone Vĩnh Long"}},{"type":"Feature","geometry":{"type":"Point","coordinates":[106.4978,9.61449]},"properties":{"Tên doanh nghiệp":"MobiFone Vĩnh Long","Tên trạm BTS":"TVDI14","Địa chỉ lắp đặt":"Ấp Thống Nhất, Phường Duyên Hải, Tỉnh Vĩnh Long","Trạm 3G":"3G","Số giấy chứng nhận kiểm định":"0804VTTG2025TVDI14","Có giá trị đến":"4/8/30 12:00:00 AM","layer_id":165,"fid":10637,"label":"MobiFone Vĩnh Long"}},{"type":"Feature","geometry":{"type":"Point","coordinates":[106.52628,9.59136]},"properties":{"Tên doanh nghiệp":"MobiFone Vĩnh Long","Tên trạm BTS":"TVDI15","Địa chỉ lắp đặt":"Ấp Láng Cháo, Phường Duyên Hải, Tỉnh Vĩnh Long","Trạm 3G":"3G","Số giấy chứng nhận kiểm định":"2009VTTG2024TVDI15","Có giá trị đến":"9/20/29 12:00:00 AM","layer_id":165,"fid":10638,"label":"MobiFone Vĩnh Long"}},{"type":"Feature","geometry":{"type":"Point","coordinates":[106.53963,9.61622]},"properties":{"Tên doanh nghiệp":"MobiFone Vĩnh Long","Tên trạm BTS":"TVDI17","Địa chỉ lắp đặt":"Ấp Cồn Ông, Phường Duyên Hải, Tỉnh Vĩnh Long","Trạm 3G":"3G","Số giấy chứng nhận kiểm định":"0107VTTG2021TVDI17","Có giá trị đến":"7/1/26 12:00:00 AM","layer_id":165,"fid":10639,"label":"MobiFone Vĩnh Long"}},{"type":"Feature","geometry":{"type":"Point","coordinates":[106.57371,9.67331]},"properties":{"Tên doanh nghiệp":"MobiFone Vĩnh Long","Tên trạm BTS":"TVDI18","Địa chỉ lắp đặt":"Ấp Nhà Mát, Phường Trường Long Hòa, Tỉnh Vĩnh Long","Trạm 3G":"3G","Số giấy chứng nhận kiểm định":"0107VTTG2021TVDI18","Có giá trị đến":"7/1/26 12:00:00 AM","layer_id":165,"fid":10640,"label":"MobiFone Vĩnh Long"}},{"type":"Feature","geometry":{"type":"Point","coordinates":[106.56972,9.64984]},"properties":{"Tên doanh nghiệp":"MobiFone Vĩnh Long","Tên trạm BTS":"TVDI19","Địa chỉ lắp đặt":"Ấp Nhà Mát, Phường Trường Long Hòa, Tỉnh Vĩnh Long","Trạm 3G":"3G","Số giấy chứng nhận kiểm định":"0107VTTG2021TVDI19","Có giá trị đến":"7/1/26 12:00:00 AM","layer_id":165,"fid":10641,"label":"MobiFone Vĩnh Long"}},{"type":"Feature","geometry":{"type":"Point","coordinates":[106.487,9.68022]},"properties":{"Tên doanh nghiệp":"MobiFone Vĩnh Long","Tên trạm BTS":"TVDI20","Địa chỉ lắp đặt":"Ấp 17, Xã Long Hữu, Tỉnh Vĩnh Long","Trạm 3G":"3G","Số giấy chứng nhận kiểm định":"0107VTTG2021TVDI20","Có giá trị đến":"7/1/26 12:00:00 AM","layer_id":165,"fid":10642,"label":"MobiFone Vĩnh Long"}},{"type":"Feature","geometry":{"type":"Point","coordinates":[106.52975,9.68202]},"properties":{"Tên doanh nghiệp":"MobiFone Vĩnh Long","Tên trạm BTS":"TVDI21","Địa chỉ lắp đặt":"Khóm 30/4 , Phường Trường Long Hòa, Tỉnh Vĩnh Long","Trạm 3G":"3G","Số giấy chứng nhận kiểm định":"0107VTTG2022TVDI21","Có giá trị đến":"7/1/26 12:00:00 AM","layer_id":165,"fid":10643,"label":"MobiFone Vĩnh Long"}},{"type":"Feature","geometry":{"type":"Point","coordinates":[106.4859,9.6264]},"properties":{"Tên doanh nghiệp":"MobiFone Vĩnh Long","Tên trạm BTS":"TVDI22","Địa chỉ lắp đặt":"Ấp Bào Sen, Phường Duyên Hải, Tỉnh Vĩnh Long","Trạm 3G":"3G","Số giấy chứng nhận kiểm định":"3110VTTG2025TVDI22","Có giá trị đến":"10/31/30 12:00:00 AM","layer_id":165,"fid":10644,"label":"MobiFone Vĩnh Long"}},{"type":"Feature","geometry":{"type":"Point","coordinates":[106.569,9.7056]},"properties":{"Tên doanh nghiệp":"MobiFone Vĩnh Long","Tên trạm BTS":"TVDI23","Địa chỉ lắp đặt":"Ấp Bào, Xã Long Hữu, Tỉnh Vĩnh Long","Trạm 3G":"3G","Số giấy chứng nhận kiểm định":"3110VTTG2025TVDI23","Có giá trị đến":"10/31/30 12:00:00 AM","layer_id":165,"fid":10645,"label":"MobiFone Vĩnh Long"}},{"type":"Feature","geometry":{"type":"Point","coordinates":[106.18933,9.81259]},"properties":{"Tên doanh nghiệp":"MobiFone Vĩnh Long","Tên trạm BTS":"TVTC01","Địa chỉ lắp đặt":"Khóm 1, Xã Tiểu Cần, Tỉnh Vĩnh Long","Trạm 3G":"3G","Số giấy chứng nhận kiểm định":"2204VTTG2024TVTC01","Có giá trị đến":"4/22/29 12:00:00 AM","layer_id":165,"fid":10646,"label":"MobiFone Vĩnh Long"}},{"type":"Feature","geometry":{"type":"Point","coordinates":[106.19529,9.81966]},"properties":{"Tên doanh nghiệp":"MobiFone Vĩnh Long","Tên trạm BTS":"TVTC02","Địa chỉ lắp đặt":"Khóm 2, Xã Tiểu Cần, Tỉnh Vĩnh Long","Trạm 3G":"3G","Số giấy chứng nhận kiểm định":"B04095210720TG05","Có giá trị đến":"7/21/25 12:00:00 AM","layer_id":165,"fid":10647,"label":"MobiFone Vĩnh Long"}},{"type":"Feature","geometry":{"type":"Point","coordinates":[106.13176,9.76953]},"properties":{"Tên doanh nghiệp":"MobiFone Vĩnh Long","Tên trạm BTS":"TVTC03","Địa chỉ lắp đặt":"Bưu điện Cầu Quan, khóm 1, Xã Tân Hòa, Tỉnh Vĩnh Long","Trạm 3G":"3G","Số giấy chứng nhận kiểm định":"A05740150321TG05","Có giá trị đến":"3/15/26 12:00:00 AM","layer_id":165,"fid":10648,"label":"MobiFone Vĩnh Long"}},{"type":"Feature","geometry":{"type":"Point","coordinates":[106.28163,9.80711]},"properties":{"Tên doanh nghiệp":"MobiFone Vĩnh Long","Tên trạm BTS":"TVTC04","Địa chỉ lắp đặt":"BĐVH Ngãi Hùng. Ấp Ngã Tư 1, Xã Hùng Hòa, Tỉnh Vĩnh Long","Trạm 3G":"3G","Số giấy chứng nhận kiểm định":"A05741150321TG05","Có giá trị đến":"3/15/26 12:00:00 AM","layer_id":165,"fid":10649,"label":"MobiFone Vĩnh Long"}},{"type":"Feature","geometry":{"type":"Point","coordinates":[106.26586,9.81187]},"properties":{"Tên doanh nghiệp":"MobiFone Vĩnh Long","Tên trạm BTS":"TVTC05","Địa chỉ lắp đặt":"Ấp Lê Văn Quới, Xã Tập Ngãi, Tỉnh Vĩnh Long","Trạm 3G":"3G","Số giấy chứng nhận kiểm định":"A05804080523TG05","Có giá trị đến":"5/4/28 12:00:00 AM","layer_id":165,"fid":10650,"label":"MobiFone Vĩnh Long"}},{"type":"Feature","geometry":{"type":"Point","coordinates":[106.20612,9.85774]},"properties":{"Tên doanh nghiệp":"MobiFone Vĩnh Long","Tên trạm BTS":"TVTC06","Địa chỉ lắp đặt":"BĐ Hiếu Tử. Ấp Tân Đại, xã Tập Ngãi, Tỉnh Vĩnh Long","Trạm 3G":"3G","Số giấy chứng nhận kiểm định":"A15815161224TG05","Có giá trị đến":"12/2/29 12:00:00 AM","layer_id":165,"fid":10651,"label":"MobiFone Vĩnh Long"}},{"type":"Feature","geometry":{"type":"Point","coordinates":[106.1839681,9.85679179]},"properties":{"Tên doanh nghiệp":"MobiFone Vĩnh Long","Tên trạm BTS":"TVTC07","Địa chỉ lắp đặt":"Ấp Tân Trung Dòng A, Xã Tiểu Cầu, Tỉnh Vĩnh Long","Trạm 3G":"3G","Số giấy chứng nhận kiểm định":"A26546080621TG05","Có giá trị đến":"6/8/26 12:00:00 AM","layer_id":165,"fid":10652,"label":"MobiFone Vĩnh Long"}},{"type":"Feature","geometry":{"type":"Point","coordinates":[106.23433,9.77432]},"properties":{"Tên doanh nghiệp":"MobiFone Vĩnh Long","Tên trạm BTS":"TVTC08","Địa chỉ lắp đặt":"Ấp Te Te 1, Xã Hùng Hòa, Tỉnh Vĩnh Long","Trạm 3G":"3G","Số giấy chứng nhận kiểm định":"0112VTTG2022TVTC08","Có giá trị đến":"12/1/27 12:00:00 AM","layer_id":165,"fid":10653,"label":"MobiFone Vĩnh Long"}},{"type":"Feature","geometry":{"type":"Point","coordinates":[106.15794,9.78624]},"properties":{"Tên doanh nghiệp":"MobiFone Vĩnh Long","Tên trạm BTS":"TVTC09","Địa chỉ lắp đặt":"Ấp Cầu Tre, Xã Tân Hòa, Tỉnh Vĩnh Long","Trạm 3G":"3G","Số giấy chứng nhận kiểm định":"0804VTTG2025TVTC09","Có giá trị đến":"4/8/30 12:00:00 AM","layer_id":165,"fid":10654,"label":"MobiFone Vĩnh Long"}},{"type":"Feature","geometry":{"type":"Point","coordinates":[106.2361,9.8092]},"properties":{"Tên doanh nghiệp":"MobiFone Vĩnh Long","Tên trạm BTS":"TVTC10","Địa chỉ lắp đặt":"Ấp Ngãi Hoà, Xã Tập Ngãi, Tỉnh Vĩnh Long","Trạm 3G":"3G","Số giấy chứng nhận kiểm định":"0804VTTG2025TVTC10","Có giá trị đến":"4/8/30 12:00:00 AM","layer_id":165,"fid":10655,"label":"MobiFone Vĩnh Long"}},{"type":"Feature","geometry":{"type":"Point","coordinates":[106.26301,9.8427]},"properties":{"Tên doanh nghiệp":"MobiFone Vĩnh Long","Tên trạm BTS":"TVTC11","Địa chỉ lắp đặt":"Ấp Giồng tranh, Xã Tập Ngãi, Tỉnh Vĩnh Long","Trạm 3G":"3G","Số giấy chứng nhận kiểm định":"2002VTTG2023TVTC11","Có giá trị đến":"2/20/28 12:00:00 AM","layer_id":165,"fid":10656,"label":"MobiFone Vĩnh Long"}},{"type":"Feature","geometry":{"type":"Point","coordinates":[106.13694,9.80829]},"properties":{"Tên doanh nghiệp":"MobiFone Vĩnh Long","Tên trạm BTS":"TVTC12","Địa chỉ lắp đặt":"Ấp Định Phú B, Xã Tân Hòa, Tỉnh Vĩnh Long","Trạm 3G":"3G","Số giấy chứng nhận kiểm định":"0112VTTG2022TVTC12","Có giá trị đến":"12/1/27 12:00:00 AM","layer_id":165,"fid":10657,"label":"MobiFone Vĩnh Long"}},{"type":"Feature","geometry":{"type":"Point","coordinates":[106.13379,9.77306]},"properties":{"Tên doanh nghiệp":"MobiFone Vĩnh Long","Tên trạm BTS":"TVTC13","Địa chỉ lắp đặt":"Ấp Định Phú B, Xã Tân Hòa, Tỉnh Vĩnh Long","Trạm 3G":"3G","Số giấy chứng nhận kiểm định":"0112VTTG2022TVTC13","Có giá trị đến":"12/1/27 12:00:00 AM","layer_id":165,"fid":10658,"label":"MobiFone Vĩnh Long"}},{"type":"Feature","geometry":{"type":"Point","coordinates":[106.16502,9.7641]},"properties":{"Tên doanh nghiệp":"MobiFone Vĩnh Long","Tên trạm BTS":"TVTC14","Địa chỉ lắp đặt":"Ấp Cao 1, Xã Tân Hòa, Tỉnh Vĩnh Long","Trạm 3G":"3G","Số giấy chứng nhận kiểm định":"2002VTTG2023TVTC14","Có giá trị đến":"2/20/28 12:00:00 AM","layer_id":165,"fid":10659,"label":"MobiFone Vĩnh Long"}},{"type":"Feature","geometry":{"type":"Point","coordinates":[106.20303,9.79169]},"properties":{"Tên doanh nghiệp":"MobiFone Vĩnh Long","Tên trạm BTS":"TVTC15","Địa chỉ lắp đặt":"Ấp Chợ, Xã Hùng Hoà, Tỉnh Vĩnh Long","Trạm 3G":"3G","Số giấy chứng nhận kiểm định":"0102VTTG2024TVTC15","Có giá trị đến":"2/1/29 12:00:00 AM","layer_id":165,"fid":10660,"label":"MobiFone Vĩnh Long"}},{"type":"Feature","geometry":{"type":"Point","coordinates":[106.18613,9.81034]},"properties":{"Tên doanh nghiệp":"MobiFone Vĩnh Long","Tên trạm BTS":"TVTC16","Địa chỉ lắp đặt":"Khóm 3, Xã Tiểu Cần, Tỉnh Vĩnh Long","Trạm 3G":"3G","Số giấy chứng nhận kiểm định":"1612VTTG2024TVTC16","Có giá trị đến":"12/16/29 12:00:00 AM","layer_id":165,"fid":10661,"label":"MobiFone Vĩnh Long"}},{"type":"Feature","geometry":{"type":"Point","coordinates":[106.21547,9.83892]},"properties":{"Tên doanh nghiệp":"MobiFone Vĩnh Long","Tên trạm BTS":"TVTC17","Địa chỉ lắp đặt":"Ấp Ô Trao, Xã Tập Ngãi, Tỉnh Vĩnh Long","Trạm 3G":"3G","Số giấy chứng nhận kiểm định":"0112VTTG2022TVTC17","Có giá trị đến":"12/1/27 12:00:00 AM","layer_id":165,"fid":10662,"label":"MobiFone Vĩnh Long"}},{"type":"Feature","geometry":{"type":"Point","coordinates":[106.25134,9.78264]},"properties":{"Tên doanh nghiệp":"MobiFone Vĩnh Long","Tên trạm BTS":"TVTC18","Địa chỉ lắp đặt":"Ấp Trà Mềm, Xã Hùng Hòa, Tỉnh Vĩnh Long","Trạm 3G":"3G","Số giấy chứng nhận kiểm định":"0112VTTG2022TVTC18","Có giá trị đến":"12/1/27 12:00:00 AM","layer_id":165,"fid":10663,"label":"MobiFone Vĩnh Long"}},{"type":"Feature","geometry":{"type":"Point","coordinates":[106.21386,9.75379]},"properties":{"Tên doanh nghiệp":"MobiFone Vĩnh Long","Tên trạm BTS":"TVTC19","Địa chỉ lắp đặt":"Ấp Ông Rùm 1, Xã Hùng Hòa, Tỉnh Vĩnh Long","Trạm 3G":"3G","Số giấy chứng nhận kiểm định":"0112VTTG2022TVTC19","Có giá trị đến":"12/1/27 12:00:00 AM","layer_id":165,"fid":10664,"label":"MobiFone Vĩnh Long"}},{"type":"Feature","geometry":{"type":"Point","coordinates":[106.17961,9.80201]},"properties":{"Tên doanh nghiệp":"MobiFone Vĩnh Long","Tên trạm BTS":"TVTC20","Địa chỉ lắp đặt":"Ấp Cầu Tre, Xã Tiểu Cần, Tỉnh Vĩnh Long","Trạm 3G":"3G","Số giấy chứng nhận kiểm định":"0102VTTG2024TVTC20","Có giá trị đến":"2/1/29 12:00:00 AM","layer_id":165,"fid":10665,"label":"MobiFone Vĩnh Long"}},{"type":"Feature","geometry":{"type":"Point","coordinates":[106.19147,9.80648]},"properties":{"Tên doanh nghiệp":"MobiFone Vĩnh Long","Tên trạm BTS":"TVTC21","Địa chỉ lắp đặt":"24 Khóm 6, Xã Tiểu Cần, Tỉnh Vĩnh Long","Trạm 3G":"3G","Số giấy chứng nhận kiểm định":"1612VTTG2024TVTC21","Có giá trị đến":"12/16/29 12:00:00 AM","layer_id":165,"fid":10666,"label":"MobiFone Vĩnh Long"}},{"type":"Feature","geometry":{"type":"Point","coordinates":[106.12063,9.77044]},"properties":{"Tên doanh nghiệp":"MobiFone Vĩnh Long","Tên trạm BTS":"TVTC22","Địa chỉ lắp đặt":"Khóm 4, Xã Tân Hòa, Tỉnh Vĩnh Long","Trạm 3G":"3G","Số giấy chứng nhận kiểm định":"A01876240122TG05","Có giá trị đến":"1/24/27 12:00:00 AM","layer_id":165,"fid":10667,"label":"MobiFone Vĩnh Long"}},{"type":"Feature","geometry":{"type":"Point","coordinates":[106.15157,9.82333]},"properties":{"Tên doanh nghiệp":"MobiFone Vĩnh Long","Tên trạm BTS":"TVTC23","Địa chỉ lắp đặt":"Ấp Đại Trường, Xã Tiểu Cần, Tỉnh Vĩnh Long","Trạm 3G":"3G","Số giấy chứng nhận kiểm định":"0111VTTG2023TVTC23","Có giá trị đến":"11/1/28 12:00:00 AM","layer_id":165,"fid":10668,"label":"MobiFone Vĩnh Long"}},{"type":"Feature","geometry":{"type":"Point","coordinates":[106.33859,10.11841]},"properties":{"Tên doanh nghiệp":"Viễn thông Vĩnh Long","Tên trạm BTS":"Cau-Muong-Dieu-BTE","Địa chỉ lắp đặt":"Mỏ Cày, Vĩnh Long","Trạm 3G":"3G","Số giấy chứng nhận kiểm định":null,"Có giá trị đến":"09/10/2029","layer_id":165,"fid":12000,"label":"Viễn thông Vĩnh Long"}},{"type":"Feature","geometry":{"type":"Point","coordinates":[106.19185,9.83653]},"properties":{"Tên doanh nghiệp":"MobiFone Vĩnh Long","Tên trạm BTS":"TVTC24","Địa chỉ lắp đặt":"Ấp Tân Đại, Xã Tập Ngãi, Tỉnh Vĩnh Long","Trạm 3G":"3G","Số giấy chứng nhận kiểm định":"2204VTTG2024TVTC24","Có giá trị đến":"4/22/29 12:00:00 AM","layer_id":165,"fid":10669,"label":"MobiFone Vĩnh Long"}},{"type":"Feature","geometry":{"type":"Point","coordinates":[106.11081,9.79069]},"properties":{"Tên doanh nghiệp":"MobiFone Vĩnh Long","Tên trạm BTS":"TVTC25","Địa chỉ lắp đặt":"Ấp Đinh Phú A, Xã Tân Hòa, Tỉnh Vĩnh Long","Trạm 3G":"3G","Số giấy chứng nhận kiểm định":"0804VTTG2025TVTC25","Có giá trị đến":"4/8/30 12:00:00 AM","layer_id":165,"fid":10670,"label":"MobiFone Vĩnh Long"}},{"type":"Feature","geometry":{"type":"Point","coordinates":[106.29224,9.78465]},"properties":{"Tên doanh nghiệp":"MobiFone Vĩnh Long","Tên trạm BTS":"TVTC26","Địa chỉ lắp đặt":"Ấp Chánh Hội B, Xã Hùng Hòa, Tỉnh Vĩnh Long","Trạm 3G":"3G","Số giấy chứng nhận kiểm định":"0112VTTG2022TVTC26","Có giá trị đến":"12/1/27 12:00:00 AM","layer_id":165,"fid":10671,"label":"MobiFone Vĩnh Long"}},{"type":"Feature","geometry":{"type":"Point","coordinates":[106.1801,9.75459]},"properties":{"Tên doanh nghiệp":"MobiFone Vĩnh Long","Tên trạm BTS":"TVTC27","Địa chỉ lắp đặt":"Ấp Sóc Cầu, Xã Hùng Hòa, Tỉnh Vĩnh Long","Trạm 3G":"3G","Số giấy chứng nhận kiểm định":"0112VTTG2022TVTC27","Có giá trị đến":"12/1/27 12:00:00 AM","layer_id":165,"fid":10672,"label":"MobiFone Vĩnh Long"}},{"type":"Feature","geometry":{"type":"Point","coordinates":[106.133036,9.778476]},"properties":{"Tên doanh nghiệp":"MobiFone Vĩnh Long","Tên trạm BTS":"TVTC29","Địa chỉ lắp đặt":"Ấp Đinh Phú A, xã Tân Hòa, Tỉnh Vĩnh Long","Trạm 3G":"3G","Số giấy chứng nhận kiểm định":"A04191180325TG05","Có giá trị đến":"3/18/30 12:00:00 AM","layer_id":165,"fid":10673,"label":"MobiFone Vĩnh Long"}},{"type":"Feature","geometry":{"type":"Point","coordinates":[106.22111,9.87202]},"properties":{"Tên doanh nghiệp":"MobiFone Vĩnh Long","Tên trạm BTS":"TVTC30","Địa chỉ lắp đặt":"Ấp Kinh Sáng, Xã Tập Ngãi, Tỉnh Vĩnh Long","Trạm 3G":"3G","Số giấy chứng nhận kiểm định":"0102VTTG2024TVTC30","Có giá trị đến":"2/1/29 12:00:00 AM","layer_id":165,"fid":10674,"label":"MobiFone Vĩnh Long"}},{"type":"Feature","geometry":{"type":"Point","coordinates":[106.14794,9.77967]},"properties":{"Tên doanh nghiệp":"MobiFone Vĩnh Long","Tên trạm BTS":"TVTC31","Địa chỉ lắp đặt":"Ấp Trinh phụ, Xã Tân Hòa, Tỉnh Vĩnh Long","Trạm 3G":"3G","Số giấy chứng nhận kiểm định":"0107VTTG2022TVTC31","Có giá trị đến":"7/1/27 12:00:00 AM","layer_id":165,"fid":10675,"label":"MobiFone Vĩnh Long"}},{"type":"Feature","geometry":{"type":"Point","coordinates":[106.14205,9.75522]},"properties":{"Tên doanh nghiệp":"MobiFone Vĩnh Long","Tên trạm BTS":"TVTC32","Địa chỉ lắp đặt":"Ấp Tân Thành Đông, Xã Tân Hòa, Tỉnh Vĩnh Long","Trạm 3G":"3G","Số giấy chứng nhận kiểm định":"0804VTTG2025TVTC32","Có giá trị đến":"4/8/30 12:00:00 AM","layer_id":165,"fid":10676,"label":"MobiFone Vĩnh Long"}},{"type":"Feature","geometry":{"type":"Point","coordinates":[106.18813,9.84465]},"properties":{"Tên doanh nghiệp":"MobiFone Vĩnh Long","Tên trạm BTS":"TVTC35","Địa chỉ lắp đặt":"ấp Phú Thọ 1, xã Tiểu Cần, Tỉnh Vĩnh Long","Trạm 3G":"3G","Số giấy chứng nhận kiểm định":"B02142150420TG05","Có giá trị đến":"7/21/25 12:00:00 AM","layer_id":165,"fid":10677,"label":"MobiFone Vĩnh Long"}},{"type":"Feature","geometry":{"type":"Point","coordinates":[106.21522,9.80454]},"properties":{"Tên doanh nghiệp":"MobiFone Vĩnh Long","Tên trạm BTS":"TVTC36","Địa chỉ lắp đặt":"Ấp Đại Sư, Xã Tập Ngãi, Tỉnh Vĩnh Long","Trạm 3G":"3G","Số giấy chứng nhận kiểm định":"0112VTTG2022TVTC36","Có giá trị đến":"12/1/27 12:00:00 AM","layer_id":165,"fid":10678,"label":"MobiFone Vĩnh Long"}},{"type":"Feature","geometry":{"type":"Point","coordinates":[106.18144,9.78173]},"properties":{"Tên doanh nghiệp":"MobiFone Vĩnh Long","Tên trạm BTS":"TVTC37","Địa chỉ lắp đặt":"Ấp Nhơn Hòa, Xã Tân Hòa, Tỉnh Vĩnh Long","Trạm 3G":"3G","Số giấy chứng nhận kiểm định":"0112VTTG2022TVTC37","Có giá trị đến":"12/1/27 12:00:00 AM","layer_id":165,"fid":10679,"label":"MobiFone Vĩnh Long"}},{"type":"Feature","geometry":{"type":"Point","coordinates":[106.17131,9.82898]},"properties":{"Tên doanh nghiệp":"MobiFone Vĩnh Long","Tên trạm BTS":"TVTC38","Địa chỉ lắp đặt":"Ấp Phú Thọ 1, Xã Tiểu Cần ,Tỉnh Vĩnh Long","Trạm 3G":"3G","Số giấy chứng nhận kiểm định":"0107VTTG2022TVTC38","Có giá trị đến":"7/1/26 12:00:00 AM","layer_id":165,"fid":10680,"label":"MobiFone Vĩnh Long"}},{"type":"Feature","geometry":{"type":"Point","coordinates":[106.14358,9.73359]},"properties":{"Tên doanh nghiệp":"MobiFone Vĩnh Long","Tên trạm BTS":"TVTC39","Địa chỉ lắp đặt":"Thửa đất số 576, tờ bản đồ số 74, ấp Trẹm, xã Tân Hòa,Tỉnh Vĩnh Long","Trạm 3G":"3G","Số giấy chứng nhận kiểm định":"0107VTTG2022TVTC39","Có giá trị đến":"7/1/27 12:00:00 AM","layer_id":165,"fid":10681,"label":"MobiFone Vĩnh Long"}},{"type":"Feature","geometry":{"type":"Point","coordinates":[106.27155,9.78636]},"properties":{"Tên doanh nghiệp":"MobiFone Vĩnh Long","Tên trạm BTS":"TVTC40","Địa chỉ lắp đặt":"Thửa đất số 560, tờ bản đồ số5, ấp Chánh Hội A, xã Hùng Hòa, Tỉnh Vĩnh Long","Trạm 3G":"3G","Số giấy chứng nhận kiểm định":"0107VTTG2022TVTC40","Có giá trị đến":"7/1/27 12:00:00 AM","layer_id":165,"fid":10682,"label":"MobiFone Vĩnh Long"}},{"type":"Feature","geometry":{"type":"Point","coordinates":[106.2379,9.83356]},"properties":{"Tên doanh nghiệp":"MobiFone Vĩnh Long","Tên trạm BTS":"TVTC41","Địa chỉ lắp đặt":"Thửa đất số 38 tờ bản đồ số 47, ấp Cây Ổi, Xã Tập Ngãi, Tỉnh Vĩnh Long","Trạm 3G":"3G","Số giấy chứng nhận kiểm định":"0107VTTG2022TVTC41","Có giá trị đến":"7/1/27 12:00:00 AM","layer_id":165,"fid":10683,"label":"MobiFone Vĩnh Long"}},{"type":"Feature","geometry":{"type":"Point","coordinates":[106.1678,9.7924]},"properties":{"Tên doanh nghiệp":"MobiFone Vĩnh Long","Tên trạm BTS":"TVTC42","Địa chỉ lắp đặt":"Thửa đất số 1376, tờ bản đồ số 11, ấp Cầu Tre, xã Tiểu Cần, Tỉnh Vĩnh Long","Trạm 3G":"3G","Số giấy chứng nhận kiểm định":"0107VTTG2022TVTC42","Có giá trị đến":"7/1/27 12:00:00 AM","layer_id":165,"fid":10684,"label":"MobiFone Vĩnh Long"}},{"type":"Feature","geometry":{"type":"Point","coordinates":[106.25935,9.68921]},"properties":{"Tên doanh nghiệp":"MobiFone Vĩnh Long","Tên trạm BTS":"TVTU01","Địa chỉ lắp đặt":"Viễn thông Trà Cú, Khóm 4, Xã Trà Cú, Tỉnh Vĩnh Long ","Trạm 3G":"3G","Số giấy chứng nhận kiểm định":"A15816161224TG05","Có giá trị đến":"12/2/29 12:00:00 AM","layer_id":165,"fid":10685,"label":"MobiFone Vĩnh Long"}},{"type":"Feature","geometry":{"type":"Point","coordinates":[106.30242,9.63911]},"properties":{"Tên doanh nghiệp":"MobiFone Vĩnh Long","Tên trạm BTS":"TVTU02","Địa chỉ lắp đặt":"Bưu điện Đại An, Ấp chợ, Xã Đại An, Tỉnh Vĩnh Long ","Trạm 3G":"3G","Số giấy chứng nhận kiểm định":"A05802080523TG05","Có giá trị đến":"5/8/28 12:00:00 AM","layer_id":165,"fid":10686,"label":"MobiFone Vĩnh Long"}},{"type":"Feature","geometry":{"type":"Point","coordinates":[106.31111,9.76085]},"properties":{"Tên doanh nghiệp":"MobiFone Vĩnh Long","Tên trạm BTS":"TVTU03","Địa chỉ lắp đặt":"Bưu điện Phước Hưng, Ấp Chợ, Xã Tập Sơn, Tỉnh Vĩnh Long","Trạm 3G":"3G","Số giấy chứng nhận kiểm định":"A01881240122TG05","Có giá trị đến":"1/24/27 12:00:00 AM","layer_id":165,"fid":10687,"label":"MobiFone Vĩnh Long"}},{"type":"Feature","geometry":{"type":"Point","coordinates":[106.28788,9.61568]},"properties":{"Tên doanh nghiệp":"MobiFone Vĩnh Long","Tên trạm BTS":"TVTU04","Địa chỉ lắp đặt":"Bưu điện Định An, Ấp Chợ, Xã Đại An, Tỉnh Vĩnh Long ","Trạm 3G":"3G","Số giấy chứng nhận kiểm định":"B04093210720TG05","Có giá trị đến":"7/21/25 12:00:00 AM","layer_id":165,"fid":10688,"label":"MobiFone Vĩnh Long"}},{"type":"Feature","geometry":{"type":"Point","coordinates":[106.18921,9.72681]},"properties":{"Tên doanh nghiệp":"MobiFone Vĩnh Long","Tên trạm BTS":"TVTU06","Địa chỉ lắp đặt":"Ấp Phố, Xã Lưu Nghiệp Anh, Tỉnh Vĩnh Long ","Trạm 3G":"3G","Số giấy chứng nhận kiểm định":"0804VTTG2025TVTU06","Có giá trị đến":"4/8/30 12:00:00 AM","layer_id":165,"fid":10689,"label":"MobiFone Vĩnh Long"}},{"type":"Feature","geometry":{"type":"Point","coordinates":[106.259,9.73754]},"properties":{"Tên doanh nghiệp":"MobiFone Vĩnh Long","Tên trạm BTS":"TVTU07","Địa chỉ lắp đặt":"Số 65, Ấp Chợ, Xã Tập Sơn, Tỉnh Vĩnh Long ","Trạm 3G":"3G","Số giấy chứng nhận kiểm định":"B04094210720TG05 ","Có giá trị đến":"7/21/25 12:00:00 AM","layer_id":165,"fid":10690,"label":"MobiFone Vĩnh Long"}},{"type":"Feature","geometry":{"type":"Point","coordinates":[106.38677,9.7102]},"properties":{"Tên doanh nghiệp":"MobiFone Vĩnh Long","Tên trạm BTS":"TVTU08","Địa chỉ lắp đặt":"Ấp Rạch Bót, Xã Long Hiệp, Tỉnh Vĩnh Long ","Trạm 3G":"3G","Số giấy chứng nhận kiểm định":"0112VTTG2022TVTU08","Có giá trị đến":"12/1/27 12:00:00 AM","layer_id":165,"fid":10691,"label":"MobiFone Vĩnh Long"}},{"type":"Feature","geometry":{"type":"Point","coordinates":[106.29232,9.6904]},"properties":{"Tên doanh nghiệp":"MobiFone Vĩnh Long","Tên trạm BTS":"TVTU09","Địa chỉ lắp đặt":"Ấp Ba Tục A, Xã Trà Cú, Tỉnh Vĩnh Long ","Trạm 3G":"3G","Số giấy chứng nhận kiểm định":"0112VTTG2022TVTU09","Có giá trị đến":"12/1/27 12:00:00 AM","layer_id":165,"fid":10692,"label":"MobiFone Vĩnh Long"}},{"type":"Feature","geometry":{"type":"Point","coordinates":[106.22054,9.66913]},"properties":{"Tên doanh nghiệp":"MobiFone Vĩnh Long","Tên trạm BTS":"TVTU10","Địa chỉ lắp đặt":"Ấp Bảy Xào Giữa, Xã Hàm Giang, Tỉnh Vĩnh Long ","Trạm 3G":"3G","Số giấy chứng nhận kiểm định":"A05803080523TG05","Có giá trị đến":"5/8/28 12:00:00 AM","layer_id":165,"fid":10693,"label":"MobiFone Vĩnh Long"}},{"type":"Feature","geometry":{"type":"Point","coordinates":[106.23228,9.6982]},"properties":{"Tên doanh nghiệp":"MobiFone Vĩnh Long","Tên trạm BTS":"TVTU11","Địa chỉ lắp đặt":"Ấp Chợ, Xã Lưu Nghiệp Anh, Tỉnh Vĩnh Long ","Trạm 3G":"3G","Số giấy chứng nhận kiểm định":"0804VTTG2025TVTU11","Có giá trị đến":"4/8/30 12:00:00 AM","layer_id":165,"fid":10694,"label":"MobiFone Vĩnh Long"}},{"type":"Feature","geometry":{"type":"Point","coordinates":[106.34695,9.69394]},"properties":{"Tên doanh nghiệp":"MobiFone Vĩnh Long","Tên trạm BTS":"TVTU12","Địa chỉ lắp đặt":"Ấp Sà Vần B, Xã Long Hiệp, Tỉnh Vĩnh Long ","Trạm 3G":"3G","Số giấy chứng nhận kiểm định":"0107VTTG2022TVTU12","Có giá trị đến":"7/1/27 12:00:00 AM","layer_id":165,"fid":10695,"label":"MobiFone Vĩnh Long"}},{"type":"Feature","geometry":{"type":"Point","coordinates":[106.32586,9.72514]},"properties":{"Tên doanh nghiệp":"MobiFone Vĩnh Long","Tên trạm BTS":"TVTU13","Địa chỉ lắp đặt":"Ấp Nô Đùng, Xã Long Hiệp, Tỉnh Vĩnh Long ","Trạm 3G":"3G","Số giấy chứng nhận kiểm định":"0107VTTG2022TVTU29","Có giá trị đến":"7/1/27 12:00:00 AM","layer_id":165,"fid":10696,"label":"MobiFone Vĩnh Long"}},{"type":"Feature","geometry":{"type":"Point","coordinates":[106.29646,9.66596]},"properties":{"Tên doanh nghiệp":"MobiFone Vĩnh Long","Tên trạm BTS":"TVTU15","Địa chỉ lắp đặt":"Ấp Chợ, Xã Hàm Giang, Tỉnh Vĩnh Long ","Trạm 3G":"3G","Số giấy chứng nhận kiểm định":"A26548080621TG05","Có giá trị đến":"6/8/26 12:00:00 AM","layer_id":165,"fid":10697,"label":"MobiFone Vĩnh Long"}},{"type":"Feature","geometry":{"type":"Point","coordinates":[106.15488,9.71837]},"properties":{"Tên doanh nghiệp":"MobiFone Vĩnh Long","Tên trạm BTS":"TVTU16","Địa chỉ lắp đặt":"Ấp Vàm, Xã Lưu Nghiệp Anh, Tỉnh Vĩnh Long ","Trạm 3G":"3G","Số giấy chứng nhận kiểm định":"2002VTTG2023TVTU16","Có giá trị đến":"2/20/28 12:00:00 AM","layer_id":165,"fid":10698,"label":"MobiFone Vĩnh Long"}},{"type":"Feature","geometry":{"type":"Point","coordinates":[106.32725,9.65946]},"properties":{"Tên doanh nghiệp":"MobiFone Vĩnh Long","Tên trạm BTS":"TVTU17","Địa chỉ lắp đặt":"Ấp Nhuệ Tứ, Xã Hàm Giang, Tỉnh Vĩnh Long ","Trạm 3G":"3G","Số giấy chứng nhận kiểm định":"0112VTTG2022TVTU17","Có giá trị đến":"12/1/27 12:00:00 AM","layer_id":165,"fid":10699,"label":"MobiFone Vĩnh Long"}},{"type":"Feature","geometry":{"type":"Point","coordinates":[106.2352,9.65015]},"properties":{"Tên doanh nghiệp":"MobiFone Vĩnh Long","Tên trạm BTS":"TVTU18","Địa chỉ lắp đặt":"Ấp Bến Bạ, Xã Hàm Giang, Tỉnh Vĩnh Long ","Trạm 3G":"3G","Số giấy chứng nhận kiểm định":"0112VTTG2022TVTU18","Có giá trị đến":"12/1/27 12:00:00 AM","layer_id":165,"fid":10700,"label":"MobiFone Vĩnh Long"}},{"type":"Feature","geometry":{"type":"Point","coordinates":[106.270417,9.632927]},"properties":{"Tên doanh nghiệp":"MobiFone Vĩnh Long","Tên trạm BTS":"TVTU19","Địa chỉ lắp đặt":"Ấp Giồng Giữa, Xã Đại An, Tỉnh Vĩnh Long ","Trạm 3G":"3G","Số giấy chứng nhận kiểm định":"2002VTTG2023TVTU19","Có giá trị đến":"2/20/28 12:00:00 AM","layer_id":165,"fid":10701,"label":"MobiFone Vĩnh Long"}},{"type":"Feature","geometry":{"type":"Point","coordinates":[106.32992,9.77273]},"properties":{"Tên doanh nghiệp":"MobiFone Vĩnh Long","Tên trạm BTS":"TVTU20","Địa chỉ lắp đặt":"Ấp Đầu Giồng A, Xã Tập Sơn, Tỉnh Vĩnh Long ","Trạm 3G":"3G","Số giấy chứng nhận kiểm định":"0102VTTG2024TVTU20","Có giá trị đến":"2/1/29 12:00:00 AM","layer_id":165,"fid":10702,"label":"MobiFone Vĩnh Long"}},{"type":"Feature","geometry":{"type":"Point","coordinates":[106.32406,9.68795]},"properties":{"Tên doanh nghiệp":"MobiFone Vĩnh Long","Tên trạm BTS":"TVTU21","Địa chỉ lắp đặt":"Số 43, Ấp Trà Tro B, Xã Hàm Giang, Tỉnh Vĩnh Long ","Trạm 3G":"3G","Số giấy chứng nhận kiểm định":"0112VTTG2022TVTU21","Có giá trị đến":"12/1/27 12:00:00 AM","layer_id":165,"fid":10703,"label":"MobiFone Vĩnh Long"}},{"type":"Feature","geometry":{"type":"Point","coordinates":[106.1881,9.68343]},"properties":{"Tên doanh nghiệp":"MobiFone Vĩnh Long","Tên trạm BTS":"TVTU22","Địa chỉ lắp đặt":"Ấp Vàm, Xã Lưu Nghiệp Anh, Tỉnh Vĩnh Long ","Trạm 3G":"3G","Số giấy chứng nhận kiểm định":"0111VTTG2023TVTU22","Có giá trị đến":"11/1/28 12:00:00 AM","layer_id":165,"fid":10704,"label":"MobiFone Vĩnh Long"}},{"type":"Feature","geometry":{"type":"Point","coordinates":[106.56292,10.01182]},"properties":{"Tên doanh nghiệp":"Viễn thông Vĩnh Long","Tên trạm BTS":"Ben-Pha-An-Duc-BTE","Địa chỉ lắp đặt":"Ba Tri, Vĩnh long","Trạm 3G":"3G","Số giấy chứng nhận kiểm định":null,"Có giá trị đến":"10/04/2028","layer_id":165,"fid":11257,"label":"Viễn thông Vĩnh Long"}},{"type":"Feature","geometry":{"type":"Point","coordinates":[106.27255,9.67409]},"properties":{"Tên doanh nghiệp":"MobiFone Vĩnh Long","Tên trạm BTS":"TVTU23","Địa chỉ lắp đặt":"Ấp Kosla, Xã Trà Cú, Tỉnh Vĩnh Long ","Trạm 3G":"3G","Số giấy chứng nhận kiểm định":"0804VTTG2025TVTU23","Có giá trị đến":"4/8/30 12:00:00 AM","layer_id":165,"fid":10705,"label":"MobiFone Vĩnh Long"}},{"type":"Feature","geometry":{"type":"Point","coordinates":[106.29681,9.70736]},"properties":{"Tên doanh nghiệp":"MobiFone Vĩnh Long","Tên trạm BTS":"TVTU24","Địa chỉ lắp đặt":"Ấp Giồng Tranh, Xã Trà Cú, Tỉnh Vĩnh Long ","Trạm 3G":"3G","Số giấy chứng nhận kiểm định":"0112VTTG2022TVTU24","Có giá trị đến":"12/1/27 12:00:00 AM","layer_id":165,"fid":10706,"label":"MobiFone Vĩnh Long"}},{"type":"Feature","geometry":{"type":"Point","coordinates":[106.21153,9.69851]},"properties":{"Tên doanh nghiệp":"MobiFone Vĩnh Long","Tên trạm BTS":"TVTU26","Địa chỉ lắp đặt":"Ấp Chợ, Xã Lưu Nghiệp Anh, Tỉnh Vĩnh Long ","Trạm 3G":"3G","Số giấy chứng nhận kiểm định":"0804VTTG2025TVTU26","Có giá trị đến":"4/8/30 12:00:00 AM","layer_id":165,"fid":10707,"label":"MobiFone Vĩnh Long"}},{"type":"Feature","geometry":{"type":"Point","coordinates":[106.21674,9.73277]},"properties":{"Tên doanh nghiệp":"MobiFone Vĩnh Long","Tên trạm BTS":"TVTU27","Địa chỉ lắp đặt":"Ấp Chợ, Xã Tập Sơn, Tỉnh Vĩnh Long ","Trạm 3G":"3G","Số giấy chứng nhận kiểm định":"0804VTTG2025TVTU27","Có giá trị đến":"4/8/30 12:00:00 AM","layer_id":165,"fid":10708,"label":"MobiFone Vĩnh Long"}},{"type":"Feature","geometry":{"type":"Point","coordinates":[106.18274,9.70397]},"properties":{"Tên doanh nghiệp":"MobiFone Vĩnh Long","Tên trạm BTS":"TVTU28","Địa chỉ lắp đặt":"Ấp Xoài Lơ, Xã Lưu Nghiệp Anh, Tỉnh Vĩnh Long ","Trạm 3G":"3G","Số giấy chứng nhận kiểm định":"0112VTTG2022TVTU28","Có giá trị đến":"12/1/27 12:00:00 AM","layer_id":165,"fid":10709,"label":"MobiFone Vĩnh Long"}},{"type":"Feature","geometry":{"type":"Point","coordinates":[106.23867,9.75157]},"properties":{"Tên doanh nghiệp":"MobiFone Vĩnh Long","Tên trạm BTS":"TVTU29","Địa chỉ lắp đặt":"Ấp Bến Thế, Xã Tập Sơn, Tỉnh Vĩnh Long ","Trạm 3G":"3G","Số giấy chứng nhận kiểm định":"0111VTTG2023TVTU29","Có giá trị đến":"11/1/28 12:00:00 AM","layer_id":165,"fid":10710,"label":"MobiFone Vĩnh Long"}},{"type":"Feature","geometry":{"type":"Point","coordinates":[106.26418,9.68151]},"properties":{"Tên doanh nghiệp":"MobiFone Vĩnh Long","Tên trạm BTS":"TVTU30","Địa chỉ lắp đặt":"Khóm 1, Xã Trà Cú, Tỉnh Vĩnh Long ","Trạm 3G":"3G","Số giấy chứng nhận kiểm định":"0804VTTG2025TVTU30","Có giá trị đến":"4/8/30 12:00:00 AM","layer_id":165,"fid":10711,"label":"MobiFone Vĩnh Long"}},{"type":"Feature","geometry":{"type":"Point","coordinates":[106.26019,9.70256]},"properties":{"Tên doanh nghiệp":"MobiFone Vĩnh Long","Tên trạm BTS":"TVTU31","Địa chỉ lắp đặt":"Số 135, Ấp Xoài Xiêm, Xã Trà Cú, Tỉnh Vĩnh Long ","Trạm 3G":"3G","Số giấy chứng nhận kiểm định":"0804VTTG2025TVTU31","Có giá trị đến":"4/8/30 12:00:00 AM","layer_id":165,"fid":10712,"label":"MobiFone Vĩnh Long"}},{"type":"Feature","geometry":{"type":"Point","coordinates":[106.30304,9.63228]},"properties":{"Tên doanh nghiệp":"MobiFone Vĩnh Long","Tên trạm BTS":"TVTU32","Địa chỉ lắp đặt":"Ấp Giồng Đình, Xã Đại An, Tỉnh Vĩnh Long ","Trạm 3G":"3G","Số giấy chứng nhận kiểm định":"0102VTTG2024TVTU32","Có giá trị đến":"2/1/29 12:00:00 AM","layer_id":165,"fid":10713,"label":"MobiFone Vĩnh Long"}},{"type":"Feature","geometry":{"type":"Point","coordinates":[106.27229,9.65558]},"properties":{"Tên doanh nghiệp":"MobiFone Vĩnh Long","Tên trạm BTS":"TVTU33","Địa chỉ lắp đặt":"Ấp Vàm Ray, Xã Hàm Giang, Tỉnh Vĩnh Long ","Trạm 3G":"3G","Số giấy chứng nhận kiểm định":"0112VTTG2022TVTU33","Có giá trị đến":"12/1/27 12:00:00 AM","layer_id":165,"fid":10714,"label":"MobiFone Vĩnh Long"}},{"type":"Feature","geometry":{"type":"Point","coordinates":[106.342,9.70601]},"properties":{"Tên doanh nghiệp":"MobiFone Vĩnh Long","Tên trạm BTS":"TVTU34","Địa chỉ lắp đặt":"Ấp Trà Sất Chợ, Xã Long Hiệp, Tỉnh Vĩnh Long ","Trạm 3G":"3G","Số giấy chứng nhận kiểm định":"0111VTTG2023TVTU34","Có giá trị đến":"11/1/28 12:00:00 AM","layer_id":165,"fid":10715,"label":"MobiFone Vĩnh Long"}},{"type":"Feature","geometry":{"type":"Point","coordinates":[106.25909,9.72361]},"properties":{"Tên doanh nghiệp":"MobiFone Vĩnh Long","Tên trạm BTS":"TVTU35","Địa chỉ lắp đặt":"Ấp Chợ, Xã Tập Sơn, Tỉnh Vĩnh Long ","Trạm 3G":"3G","Số giấy chứng nhận kiểm định":"0112VTTG2022TVTU35","Có giá trị đến":"12/1/27 12:00:00 AM","layer_id":165,"fid":10716,"label":"MobiFone Vĩnh Long"}},{"type":"Feature","geometry":{"type":"Point","coordinates":[106.2843,9.7465]},"properties":{"Tên doanh nghiệp":"MobiFone Vĩnh Long","Tên trạm BTS":"TVTU36","Địa chỉ lắp đặt":"Số 83, Ấp Bến Chùa, Xã Tập Sơn, Tỉnh Vĩnh Long ","Trạm 3G":"3G","Số giấy chứng nhận kiểm định":"0804VTTG2025TVTU36","Có giá trị đến":"4/8/30 12:00:00 AM","layer_id":165,"fid":10717,"label":"MobiFone Vĩnh Long"}},{"type":"Feature","geometry":{"type":"Point","coordinates":[106.36392,9.70095]},"properties":{"Tên doanh nghiệp":"MobiFone Vĩnh Long","Tên trạm BTS":"TVTU37","Địa chỉ lắp đặt":"Ấp Sà Vần A, Xã Long Hiệp, Tỉnh Vĩnh Long ","Trạm 3G":"3G","Số giấy chứng nhận kiểm định":"0112VTTG2022TVTU37","Có giá trị đến":"12/1/27 12:00:00 AM","layer_id":165,"fid":10718,"label":"MobiFone Vĩnh Long"}},{"type":"Feature","geometry":{"type":"Point","coordinates":[106.24454,9.67489]},"properties":{"Tên doanh nghiệp":"MobiFone Vĩnh Long","Tên trạm BTS":"TVTU38","Địa chỉ lắp đặt":"Ấp Trà Cú A, Xã Hàm Giang, Tỉnh Vĩnh Long ","Trạm 3G":"3G","Số giấy chứng nhận kiểm định":"0112VTTG2022TVTU38","Có giá trị đến":"12/1/27 12:00:00 AM","layer_id":165,"fid":10719,"label":"MobiFone Vĩnh Long"}},{"type":"Feature","geometry":{"type":"Point","coordinates":[106.33086,9.74683]},"properties":{"Tên doanh nghiệp":"MobiFone Vĩnh Long","Tên trạm BTS":"TVTU39","Địa chỉ lắp đặt":"Ấp Sóc Ruộng, Xã Long Hiệp, Tỉnh Vĩnh Long ","Trạm 3G":"3G","Số giấy chứng nhận kiểm định":"0112VTTG2022TVTU39","Có giá trị đến":"12/1/27 12:00:00 AM","layer_id":165,"fid":10720,"label":"MobiFone Vĩnh Long"}},{"type":"Feature","geometry":{"type":"Point","coordinates":[106.29404,9.72708]},"properties":{"Tên doanh nghiệp":"MobiFone Vĩnh Long","Tên trạm BTS":"TVTU40","Địa chỉ lắp đặt":"Ấp Con Lộp, Xã Long Hiệp, Tỉnh Vĩnh Long ","Trạm 3G":"3G","Số giấy chứng nhận kiểm định":"0112VTTG2022TVTU40","Có giá trị đến":"12/1/27 12:00:00 AM","layer_id":165,"fid":10721,"label":"MobiFone Vĩnh Long"}},{"type":"Feature","geometry":{"type":"Point","coordinates":[106.27777,9.70695]},"properties":{"Tên doanh nghiệp":"MobiFone Vĩnh Long","Tên trạm BTS":"TVTU41","Địa chỉ lắp đặt":"Ấp Cầu Hanh, Xã Trà Cú, Tỉnh Vĩnh Long ","Trạm 3G":"3G","Số giấy chứng nhận kiểm định":"0107VTTG2022TVTU41","Có giá trị đến":"7/1/27 12:00:00 AM","layer_id":165,"fid":10722,"label":"MobiFone Vĩnh Long"}},{"type":"Feature","geometry":{"type":"Point","coordinates":[106.2607,9.76362]},"properties":{"Tên doanh nghiệp":"MobiFone Vĩnh Long","Tên trạm BTS":"TVTU42","Địa chỉ lắp đặt":"Ấp Trà Mềm, Xã Tập Sơn, Tỉnh Vĩnh Long ","Trạm 3G":"3G","Số giấy chứng nhận kiểm định":"0107VTTG2022TVTU42","Có giá trị đến":"7/1/27 12:00:00 AM","layer_id":165,"fid":10723,"label":"MobiFone Vĩnh Long"}},{"type":"Feature","geometry":{"type":"Point","coordinates":[106.23931,9.73162]},"properties":{"Tên doanh nghiệp":"MobiFone Vĩnh Long","Tên trạm BTS":"TVTU43","Địa chỉ lắp đặt":"Ấp Đồn Điền A, Xã Tập Sơn, Tỉnh Vĩnh Long ","Trạm 3G":"3G","Số giấy chứng nhận kiểm định":"0106VITG2023TVTU43","Có giá trị đến":"6/1/28 12:00:00 AM","layer_id":165,"fid":10724,"label":"MobiFone Vĩnh Long"}},{"type":"Feature","geometry":{"type":"Point","coordinates":[106.173,9.72302]},"properties":{"Tên doanh nghiệp":"MobiFone Vĩnh Long","Tên trạm BTS":"TVTU44","Địa chỉ lắp đặt":"Ấp Dầu Đôi, Xã Lưu Nghiệp Anh, Tỉnh Vĩnh Long ","Trạm 3G":"3G","Số giấy chứng nhận kiểm định":"0107VTTG2025TVTU44","Có giá trị đến":"7/1/30 12:00:00 AM","layer_id":165,"fid":10725,"label":"MobiFone Vĩnh Long"}},{"type":"Feature","geometry":{"type":"Point","coordinates":[106.1679,9.70558]},"properties":{"Tên doanh nghiệp":"MobiFone Vĩnh Long","Tên trạm BTS":"TVTU45","Địa chỉ lắp đặt":"Ấp Xoài Lơ, Xã Lưu Nghiệp Anh, Tỉnh Vĩnh Long ","Trạm 3G":"3G","Số giấy chứng nhận kiểm định":"0107VTTG2025TVTU45","Có giá trị đến":"7/1/30 12:00:00 AM","layer_id":165,"fid":10726,"label":"MobiFone Vĩnh Long"}},{"type":"Feature","geometry":{"type":"Point","coordinates":[106.27839,9.6849]},"properties":{"Tên doanh nghiệp":"MobiFone Vĩnh Long","Tên trạm BTS":"TVTUX0","Địa chỉ lắp đặt":"Ấp Sóc Chà B, Xã Trà Cú, Tỉnh Vĩnh Long ","Trạm 3G":"3G","Số giấy chứng nhận kiểm định":"0107VTTG2025TVTUX0","Có giá trị đến":"7/1/30 12:00:00 AM","layer_id":165,"fid":10727,"label":"MobiFone Vĩnh Long"}},{"type":"Feature","geometry":{"type":"Point","coordinates":[106.34177,9.93797]},"properties":{"Tên doanh nghiệp":"MobiFone Vĩnh Long","Tên trạm BTS":"TVTV01","Địa chỉ lắp đặt":"Tòa nhà VN Post, số 70A Hùng Vương, phường Long Đức, tỉnh Vĩnh Long","Trạm 3G":"3G","Số giấy chứng nhận kiểm định":"A15817161224TG05","Có giá trị đến":"12/2/29 12:00:00 AM","layer_id":165,"fid":10728,"label":"MobiFone Vĩnh Long"}},{"type":"Feature","geometry":{"type":"Point","coordinates":[106.33394,9.91198]},"properties":{"Tên doanh nghiệp":"MobiFone Vĩnh Long","Tên trạm BTS":"TVTV02","Địa chỉ lắp đặt":"Đường mậu thân,Khóm 10, phường Trà Vinh, tỉnh Vĩnh Long","Trạm 3G":"3G","Số giấy chứng nhận kiểm định":"A05742150321TG05","Có giá trị đến":"3/15/26 12:00:00 AM","layer_id":165,"fid":10729,"label":"MobiFone Vĩnh Long"}},{"type":"Feature","geometry":{"type":"Point","coordinates":[106.33957,9.95393]},"properties":{"Tên doanh nghiệp":"MobiFone Vĩnh Long","Tên trạm BTS":"TVTV03","Địa chỉ lắp đặt":"Ấp Sa Bình, phường Long Đức, tỉnh Vĩnh Long","Trạm 3G":"3G","Số giấy chứng nhận kiểm định":"A15818161224TG05","Có giá trị đến":"12/2/29 12:00:00 AM","layer_id":165,"fid":10730,"label":"MobiFone Vĩnh Long"}},{"type":"Feature","geometry":{"type":"Point","coordinates":[106.3112105,9.91806447]},"properties":{"Tên doanh nghiệp":"MobiFone Vĩnh Long","Tên trạm BTS":"TVTV04","Địa chỉ lắp đặt":"Bưu Điện P. 8, Khóm 1, Phường Nguyệt Hóa, tỉnh Vĩnh Long","Trạm 3G":"3G","Số giấy chứng nhận kiểm định":"A15819161224TG05","Có giá trị đến":"12/2/29 12:00:00 AM","layer_id":165,"fid":10731,"label":"MobiFone Vĩnh Long"}},{"type":"Feature","geometry":{"type":"Point","coordinates":[106.331839,9.987544]},"properties":{"Tên doanh nghiệp":"MobiFone Vĩnh Long","Tên trạm BTS":"TVTV05","Địa chỉ lắp đặt":"Ấp Vĩnh Hội, phường Long Đức, tỉnh Vĩnh Long","Trạm 3G":"3G","Số giấy chứng nhận kiểm định":"B02143150420TG05","Có giá trị đến":"4/15/25 12:00:00 AM","layer_id":165,"fid":10732,"label":"MobiFone Vĩnh Long"}},{"type":"Feature","geometry":{"type":"Point","coordinates":[106.33874,9.92947]},"properties":{"Tên doanh nghiệp":"MobiFone Vĩnh Long","Tên trạm BTS":"TVTV06","Địa chỉ lắp đặt":"Số 12, đường Phan Đình Phùng, phường Trà Vinh, tỉnh Vĩnh Long","Trạm 3G":"3G","Số giấy chứng nhận kiểm định":"A15820161224TG05","Có giá trị đến":"12/2/29 12:00:00 AM","layer_id":165,"fid":10733,"label":"MobiFone Vĩnh Long"}},{"type":"Feature","geometry":{"type":"Point","coordinates":[106.350989,9.924039]},"properties":{"Tên doanh nghiệp":"MobiFone Vĩnh Long","Tên trạm BTS":"TVTV07","Địa chỉ lắp đặt":"Đường Tránh - QL53, khóm 4, phường Hòa Thuận, tỉnh Vĩnh Long","Trạm 3G":"3G","Số giấy chứng nhận kiểm định":"A01882240122TG05","Có giá trị đến":"1/24/27 12:00:00 AM","layer_id":165,"fid":10734,"label":"MobiFone Vĩnh Long"}},{"type":"Feature","geometry":{"type":"Point","coordinates":[106.34327,9.93309]},"properties":{"Tên doanh nghiệp":"MobiFone Vĩnh Long","Tên trạm BTS":"TVTV08","Địa chỉ lắp đặt":"Số 38 Trần Phú, phường Trà Vinh, tỉnh Vĩnh Long","Trạm 3G":"3G","Số giấy chứng nhận kiểm định":"A15821161224TG05","Có giá trị đến":"12/2/29 12:00:00 AM","layer_id":165,"fid":10735,"label":"MobiFone Vĩnh Long"}},{"type":"Feature","geometry":{"type":"Point","coordinates":[106.34834,9.94466]},"properties":{"Tên doanh nghiệp":"MobiFone Vĩnh Long","Tên trạm BTS":"TVTV09","Địa chỉ lắp đặt":"Số 18A, Lò Hột, khóm 1, phường Hòa Thuận, tỉnh Vĩnh Long","Trạm 3G":"3G","Số giấy chứng nhận kiểm định":"A05743150321TG05","Có giá trị đến":"3/15/26 12:00:00 AM","layer_id":165,"fid":10736,"label":"MobiFone Vĩnh Long"}},{"type":"Feature","geometry":{"type":"Point","coordinates":[106.3402,9.9423]},"properties":{"Tên doanh nghiệp":"MobiFone Vĩnh Long","Tên trạm BTS":"TVTV10","Địa chỉ lắp đặt":"Số 111B, Quang Trung, Khóm 1, phường Trà Vinh, tỉnh Vĩnh Long","Trạm 3G":"3G","Số giấy chứng nhận kiểm định":"A15822161224TG05","Có giá trị đến":"12/2/29 12:00:00 AM","layer_id":165,"fid":10737,"label":"MobiFone Vĩnh Long"}},{"type":"Feature","geometry":{"type":"Point","coordinates":[106.33142,9.93097]},"properties":{"Tên doanh nghiệp":"MobiFone Vĩnh Long","Tên trạm BTS":"TVTV11","Địa chỉ lắp đặt":"Số 416/7 K7, phường Nguyệt Hóa, tỉnh Vĩnh Long","Trạm 3G":"3G","Số giấy chứng nhận kiểm định":"A15823161224TG05","Có giá trị đến":"12/2/29 12:00:00 AM","layer_id":165,"fid":10738,"label":"MobiFone Vĩnh Long"}},{"type":"Feature","geometry":{"type":"Point","coordinates":[106.32557,9.91857]},"properties":{"Tên doanh nghiệp":"MobiFone Vĩnh Long","Tên trạm BTS":"TVTV12","Địa chỉ lắp đặt":"Đường Sơn Thông, Khóm 10, Phường Nguyệt Hóa, Tỉnh Vĩnh Long","Trạm 3G":"3G","Số giấy chứng nhận kiểm định":"A15824161224TG05","Có giá trị đến":"12/2/29 12:00:00 AM","layer_id":165,"fid":10739,"label":"MobiFone Vĩnh Long"}},{"type":"Feature","geometry":{"type":"Point","coordinates":[106.345964,9.972055]},"properties":{"Tên doanh nghiệp":"MobiFone Vĩnh Long","Tên trạm BTS":"TVTV13","Địa chỉ lắp đặt":"Bưu điện Long Đức, ấp Vĩnh Yên, phường Long Đức, tỉnh Vĩnh Long","Trạm 3G":"3G","Số giấy chứng nhận kiểm định":"A04192180325TG05","Có giá trị đến":"3/18/30 12:00:00 AM","layer_id":165,"fid":10740,"label":"MobiFone Vĩnh Long"}},{"type":"Feature","geometry":{"type":"Point","coordinates":[106.33927,9.92323]},"properties":{"Tên doanh nghiệp":"MobiFone Vĩnh Long","Tên trạm BTS":"TVTV15","Địa chỉ lắp đặt":"Bưu điện Trà Vinh mới 577, Mậu thận, k3, phường Trà Vinh, tỉnh Vĩnh Long","Trạm 3G":"3G","Số giấy chứng nhận kiểm định":"A15825161224TG05","Có giá trị đến":"12/2/29 12:00:00 AM","layer_id":165,"fid":10741,"label":"MobiFone Vĩnh Long"}},{"type":"Feature","geometry":{"type":"Point","coordinates":[106.32511,9.95517]},"properties":{"Tên doanh nghiệp":"MobiFone Vĩnh Long","Tên trạm BTS":"TVTV16","Địa chỉ lắp đặt":"Ấp Phú Hòa, phường Long Đức, tỉnh Vĩnh Long","Trạm 3G":"3G","Số giấy chứng nhận kiểm định":"1612VTTG2024TVTV16","Có giá trị đến":"12/16/29 12:00:00 AM","layer_id":165,"fid":10742,"label":"MobiFone Vĩnh Long"}},{"type":"Feature","geometry":{"type":"Point","coordinates":[106.33588,9.93448]},"properties":{"Tên doanh nghiệp":"MobiFone Vĩnh Long","Tên trạm BTS":"TVTV17","Địa chỉ lắp đặt":"Số 31A, Nguyễn Thị Minh Khai, khóm 1, phường Trà Vinh, tỉnh Vĩnh Long","Trạm 3G":"3G","Số giấy chứng nhận kiểm định":"A15826161224TG05","Có giá trị đến":"12/2/29 12:00:00 AM","layer_id":165,"fid":10743,"label":"MobiFone Vĩnh Long"}},{"type":"Feature","geometry":{"type":"Point","coordinates":[106.34751,9.95308]},"properties":{"Tên doanh nghiệp":"MobiFone Vĩnh Long","Tên trạm BTS":"TVTV18","Địa chỉ lắp đặt":"Số 81, đường Bạch Đằng, phường Long Đức, tỉnh Vĩnh Long","Trạm 3G":"3G","Số giấy chứng nhận kiểm định":"B04078210720TG05","Có giá trị đến":"7/21/25 12:00:00 AM","layer_id":165,"fid":10744,"label":"MobiFone Vĩnh Long"}},{"type":"Feature","geometry":{"type":"Point","coordinates":[106.33633,9.93719]},"properties":{"Tên doanh nghiệp":"MobiFone Vĩnh Long","Tên trạm BTS":"TVTV19","Địa chỉ lắp đặt":"Số 12/11, đường Lê Thánh Tôn nối dài, K.2, phường Trà Vinh, tỉnh Vĩnh Long","Trạm 3G":"3G","Số giấy chứng nhận kiểm định":"A15827161224TG05","Có giá trị đến":"12/2/29 12:00:00 AM","layer_id":165,"fid":10745,"label":"MobiFone Vĩnh Long"}},{"type":"Feature","geometry":{"type":"Point","coordinates":[106.33324,9.93493]},"properties":{"Tên doanh nghiệp":"MobiFone Vĩnh Long","Tên trạm BTS":"TVTV20","Địa chỉ lắp đặt":"Số 13, khóm 8, phường Nguyệt Hóa, tỉnh Vĩnh Long","Trạm 3G":"3G","Số giấy chứng nhận kiểm định":"B04081210720TG05","Có giá trị đến":"7/21/25 12:00:00 AM","layer_id":165,"fid":10746,"label":"MobiFone Vĩnh Long"}},{"type":"Feature","geometry":{"type":"Point","coordinates":[106.35178,9.93674]},"properties":{"Tên doanh nghiệp":"MobiFone Vĩnh Long","Tên trạm BTS":"TVTV21","Địa chỉ lắp đặt":"Số 207A, đường Hùng Vương, phường Hòa Thuận, tỉnh Vĩnh Long","Trạm 3G":"3G","Số giấy chứng nhận kiểm định":"B04079210720TG05","Có giá trị đến":"7/21/25 12:00:00 AM","layer_id":165,"fid":10747,"label":"MobiFone Vĩnh Long"}},{"type":"Feature","geometry":{"type":"Point","coordinates":[106.3459,9.9355]},"properties":{"Tên doanh nghiệp":"MobiFone Vĩnh Long","Tên trạm BTS":"TVTV22","Địa chỉ lắp đặt":"Khóm 3, phường Hòa Thuận, tỉnh Vĩnh Long","Trạm 3G":"3G","Số giấy chứng nhận kiểm định":"A01874240122TG05","Có giá trị đến":"1/24/27 12:00:00 AM","layer_id":165,"fid":10748,"label":"MobiFone Vĩnh Long"}},{"type":"Feature","geometry":{"type":"Point","coordinates":[106.34385,9.94112]},"properties":{"Tên doanh nghiệp":"MobiFone Vĩnh Long","Tên trạm BTS":"TVTV23","Địa chỉ lắp đặt":"Số 51/1, khóm 5, phường Long Đức, tỉnh Vĩnh Long","Trạm 3G":"3G","Số giấy chứng nhận kiểm định":"A15828161224TG05","Có giá trị đến":"12/2/29 12:00:00 AM","layer_id":165,"fid":10749,"label":"MobiFone Vĩnh Long"}},{"type":"Feature","geometry":{"type":"Point","coordinates":[106.34323,9.92675]},"properties":{"Tên doanh nghiệp":"MobiFone Vĩnh Long","Tên trạm BTS":"TVTV24","Địa chỉ lắp đặt":"Số 132, khóm 8, phường Trà Vinh, tỉnh Vĩnh Long","Trạm 3G":"3G","Số giấy chứng nhận kiểm định":"A01875240122TG05","Có giá trị đến":"1/24/27 12:00:00 AM","layer_id":165,"fid":10750,"label":"MobiFone Vĩnh Long"}},{"type":"Feature","geometry":{"type":"Point","coordinates":[106.34021,9.93282]},"properties":{"Tên doanh nghiệp":"MobiFone Vĩnh Long","Tên trạm BTS":"TVTV25","Địa chỉ lắp đặt":"Số 76, Phan Đình Phùng, K.1, phường Trà Vinh, tỉnh Vĩnh Long","Trạm 3G":"3G","Số giấy chứng nhận kiểm định":"A15829161224TG05","Có giá trị đến":"12/2/29 12:00:00 AM","layer_id":165,"fid":10751,"label":"MobiFone Vĩnh Long"}},{"type":"Feature","geometry":{"type":"Point","coordinates":[106.31323,9.90707]},"properties":{"Tên doanh nghiệp":"MobiFone Vĩnh Long","Tên trạm BTS":"TVTV26","Địa chỉ lắp đặt":"Khóm 7, phường Nguyệt Hóa, tỉnh Vĩnh Long","Trạm 3G":"3G","Số giấy chứng nhận kiểm định":"B04082210720TG05","Có giá trị đến":"7/21/25 12:00:00 AM","layer_id":165,"fid":10752,"label":"MobiFone Vĩnh Long"}},{"type":"Feature","geometry":{"type":"Point","coordinates":[106.34172,9.9025]},"properties":{"Tên doanh nghiệp":"MobiFone Vĩnh Long","Tên trạm BTS":"TVTV27","Địa chỉ lắp đặt":"Đường Nguyễn chí Thanh, khóm 6, phường Trà Vinh, tỉnh Vĩnh Long","Trạm 3G":"3G","Số giấy chứng nhận kiểm định":"B04083210720TG05","Có giá trị đến":"7/21/25 12:00:00 AM","layer_id":165,"fid":10753,"label":"MobiFone Vĩnh Long"}},{"type":"Feature","geometry":{"type":"Point","coordinates":[106.34327,9.94767]},"properties":{"Tên doanh nghiệp":"MobiFone Vĩnh Long","Tên trạm BTS":"TVTV28","Địa chỉ lắp đặt":"số 486, đường Lê Lợi, khóm 4, phường  Trà Vinh, tỉnh Vĩnh Long","Trạm 3G":"3G","Số giấy chứng nhận kiểm định":"A05744150321TG05","Có giá trị đến":"3/15/26 12:00:00 AM","layer_id":165,"fid":10754,"label":"MobiFone Vĩnh Long"}},{"type":"Feature","geometry":{"type":"Point","coordinates":[106.3446,9.92212]},"properties":{"Tên doanh nghiệp":"MobiFone Vĩnh Long","Tên trạm BTS":"TVTV29","Địa chỉ lắp đặt":"Đường Kho Dầu, phường Hòa Thuận, tỉnh Vĩnh Long","Trạm 3G":"3G","Số giấy chứng nhận kiểm định":"A01883240122TG05","Có giá trị đến":"1/24/27 12:00:00 AM","layer_id":165,"fid":10755,"label":"MobiFone Vĩnh Long"}},{"type":"Feature","geometry":{"type":"Point","coordinates":[106.3106,10.01013]},"properties":{"Tên doanh nghiệp":"MobiFone Vĩnh Long","Tên trạm BTS":"TVTV30","Địa chỉ lắp đặt":"Ấp Long Đại, phường Long Đức, tỉnh Vĩnh Long","Trạm 3G":"3G","Số giấy chứng nhận kiểm định":"A05745150321TG05","Có giá trị đến":"3/15/26 12:00:00 AM","layer_id":165,"fid":10756,"label":"MobiFone Vĩnh Long"}},{"type":"Feature","geometry":{"type":"Point","coordinates":[106.33042,9.94508]},"properties":{"Tên doanh nghiệp":"MobiFone Vĩnh Long","Tên trạm BTS":"TVTV31","Địa chỉ lắp đặt":"Số 45 Phú Hòa, khóm 1, phường Trà Vinh, tỉnh Vĩnh Long","Trạm 3G":"3G","Số giấy chứng nhận kiểm định":"A05746150321TG05","Có giá trị đến":"3/15/26 12:00:00 AM","layer_id":165,"fid":10757,"label":"MobiFone Vĩnh Long"}},{"type":"Feature","geometry":{"type":"Point","coordinates":[106.299522,9.915279]},"properties":{"Tên doanh nghiệp":"MobiFone Vĩnh Long","Tên trạm BTS":"TVTV38","Địa chỉ lắp đặt":"Thửa đất số 07, tờ bản đồ số 05, Nguyễn Du, khóm 4, Phường Nguyệt Hóa, Tỉnh Vĩnh Long","Trạm 3G":"3G","Số giấy chứng nhận kiểm định":"B02145150420TG05","Có giá trị đến":"4/15/25 12:00:00 AM","layer_id":165,"fid":10758,"label":"MobiFone Vĩnh Long"}},{"type":"Feature","geometry":{"type":"Point","coordinates":[106.342227,9.986084]},"properties":{"Tên doanh nghiệp":"MobiFone Vĩnh Long","Tên trạm BTS":"TVTV40","Địa chỉ lắp đặt":"Ấp Vĩnh Hưng, phường Long Đức, tỉnh Vĩnh Long","Trạm 3G":"3G","Số giấy chứng nhận kiểm định":"0804VTTG2025TVTV40","Có giá trị đến":"4/8/30 12:00:00 AM","layer_id":165,"fid":10759,"label":"MobiFone Vĩnh Long"}},{"type":"Feature","geometry":{"type":"Point","coordinates":[106.33392,9.92361]},"properties":{"Tên doanh nghiệp":"MobiFone Vĩnh Long","Tên trạm BTS":"TVTV43","Địa chỉ lắp đặt":"Số 27, đường Sơn Thông, khóm 10, phường Trà Vinh, tỉnh Vĩnh Long","Trạm 3G":"3G","Số giấy chứng nhận kiểm định":"B02146150420TG05","Có giá trị đến":"4/15/25 12:00:00 AM","layer_id":165,"fid":10760,"label":"MobiFone Vĩnh Long"}},{"type":"Feature","geometry":{"type":"Point","coordinates":[106.3122,9.96981]},"properties":{"Tên doanh nghiệp":"MobiFone Vĩnh Long","Tên trạm BTS":"TVTV46","Địa chỉ lắp đặt":"Thửa đất số 237, tờ bản đồ số 10, ấp Huệ Sanh, phường Long Đức, tỉnh Vĩnh Long","Trạm 3G":"3G","Số giấy chứng nhận kiểm định":"A05801080523TG05","Có giá trị đến":"5/4/28 12:00:00 AM","layer_id":165,"fid":10761,"label":"MobiFone Vĩnh Long"}},{"type":"Feature","geometry":{"type":"Point","coordinates":[106.31256,9.98376]},"properties":{"Tên doanh nghiệp":"MobiFone Vĩnh Long","Tên trạm BTS":"TVTV47","Địa chỉ lắp đặt":"Ấp Sa Bình, phường Long Đức, tỉnh Vĩnh Long","Trạm 3G":"3G","Số giấy chứng nhận kiểm định":"0804VTTG2025TVTV47","Có giá trị đến":"4/8/30 12:00:00 AM","layer_id":165,"fid":10762,"label":"MobiFone Vĩnh Long"}},{"type":"Feature","geometry":{"type":"Point","coordinates":[106.33704,9.9668]},"properties":{"Tên doanh nghiệp":"MobiFone Vĩnh Long","Tên trạm BTS":"TVTV49","Địa chỉ lắp đặt":"Ấp Sa Bình, phường Long Đức, tỉnh Vĩnh Long","Trạm 3G":"3G","Số giấy chứng nhận kiểm định":"B04085210720TG05","Có giá trị đến":"7/21/25 12:00:00 AM","layer_id":165,"fid":10763,"label":"MobiFone Vĩnh Long"}},{"type":"Feature","geometry":{"type":"Point","coordinates":[106.34351,9.91332]},"properties":{"Tên doanh nghiệp":"MobiFone Vĩnh Long","Tên trạm BTS":"TVTV50","Địa chỉ lắp đặt":"Khóm 1, phường Trà Vinh, tỉnh Vĩnh Long","Trạm 3G":"3G","Số giấy chứng nhận kiểm định":"B04084210720TG05","Có giá trị đến":"7/21/25 12:00:00 AM","layer_id":165,"fid":10764,"label":"MobiFone Vĩnh Long"}},{"type":"Feature","geometry":{"type":"Point","coordinates":[106.32516,9.92891]},"properties":{"Tên doanh nghiệp":"MobiFone Vĩnh Long","Tên trạm BTS":"TVTV51","Địa chỉ lắp đặt":"252, Khóm 10, Phường Nguyệt Hóa, Tỉnh Vĩnh Long","Trạm 3G":"3G","Số giấy chứng nhận kiểm định":"A26549080621TG05","Có giá trị đến":"6/8/26 12:00:00 AM","layer_id":165,"fid":10765,"label":"MobiFone Vĩnh Long"}},{"type":"Feature","geometry":{"type":"Point","coordinates":[106.32642,9.90825]},"properties":{"Tên doanh nghiệp":"MobiFone Vĩnh Long","Tên trạm BTS":"TVTV52","Địa chỉ lắp đặt":"Thửa đất số 24 tờ bản đồ số 21, Khóm 9, phường Trà Vinh, tỉnh Vĩnh Long","Trạm 3G":"3G","Số giấy chứng nhận kiểm định":"0107VTTG2022TVTV52","Có giá trị đến":"7/1/27 12:00:00 AM","layer_id":165,"fid":10766,"label":"MobiFone Vĩnh Long"}},{"type":"Feature","geometry":{"type":"Point","coordinates":[106.34186,9.96048]},"properties":{"Tên doanh nghiệp":"MobiFone Vĩnh Long","Tên trạm BTS":"TVTV53","Địa chỉ lắp đặt":"ấp Sa Bình, phường Long Đức, tỉnh Vĩnh Long","Trạm 3G":"3G","Số giấy chứng nhận kiểm định":"A04847200423TG05","Có giá trị đến":"4/20/28 12:00:00 AM","layer_id":165,"fid":10767,"label":"MobiFone Vĩnh Long"}},{"type":"Feature","geometry":{"type":"Point","coordinates":[106.326278,9.923799]},"properties":{"Tên doanh nghiệp":"MobiFone Vĩnh Long","Tên trạm BTS":"TVTV55","Địa chỉ lắp đặt":"Thửa đất số 166 và 167, TBĐ số 20, khóm 9, phường Nguyệt Hóa, tỉnh Vĩnh Long","Trạm 3G":"3G","Số giấy chứng nhận kiểm định":null,"Có giá trị đến":null,"layer_id":165,"fid":10768,"label":"MobiFone Vĩnh Long"}},{"type":"Feature","geometry":{"type":"Point","coordinates":[106.34788,9.98013]},"properties":{"Tên doanh nghiệp":"MobiFone Vĩnh Long","Tên trạm BTS":"TVTV56","Địa chỉ lắp đặt":"Thửa đất số 39, TBĐ số 16, ấp Vĩnh Hưng, phường Long Đức, tỉnh Vĩnh Long","Trạm 3G":"3G","Số giấy chứng nhận kiểm định":"0107VTTG2025TVTV56","Có giá trị đến":"7/1/30 12:00:00 AM","layer_id":165,"fid":10769,"label":"MobiFone Vĩnh Long"}},{"type":"Feature","geometry":{"type":"Point","coordinates":[106.348648,9.921058]},"properties":{"Tên doanh nghiệp":"MobiFone Vĩnh Long","Tên trạm BTS":"TVTV57","Địa chỉ lắp đặt":"Số 126 Nguyễn Thiện Thành, khóm 4, phường Hòa Thuận, tỉnh Vĩnh Long","Trạm 3G":"3G","Số giấy chứng nhận kiểm định":null,"Có giá trị đến":null,"layer_id":165,"fid":10770,"label":"MobiFone Vĩnh Long"}},{"type":"Feature","geometry":{"type":"Point","coordinates":[106.32291,9.93463]},"properties":{"Tên doanh nghiệp":"MobiFone Vĩnh Long","Tên trạm BTS":"TVTV58","Địa chỉ lắp đặt":"Thửa đất số 354, TBĐ số 8, khóm 7, phường Nguyệt Hóa, tỉnh Vĩnh Long","Trạm 3G":"3G","Số giấy chứng nhận kiểm định":null,"Có giá trị đến":null,"layer_id":165,"fid":10771,"label":"MobiFone Vĩnh Long"}},{"type":"Feature","geometry":{"type":"Point","coordinates":[106.6916764,10.18926817]},"properties":{"Tên doanh nghiệp":"MobiFone Vĩnh Long","Tên trạm BTS":"BTBD01","Địa chỉ lắp đặt":"01, Huỳnh Tấn Phát, KP1, Xã Bình Đại, tỉnh Vĩnh Long","Trạm 3G":"3G","Số giấy chứng nhận kiểm định":"A14995021224TG05","Có giá trị đến":"12/2/29 12:00:00 AM","layer_id":165,"fid":10772,"label":"MobiFone Vĩnh Long"}},{"type":"Feature","geometry":{"type":"Point","coordinates":[106.4964716,10.2523098]},"properties":{"Tên doanh nghiệp":"MobiFone Vĩnh Long","Tên trạm BTS":"BTBD02","Địa chỉ lắp đặt":"Ấp Hưng Chánh, Xã Châu Hưng, tỉnh Vĩnh Long","Trạm 3G":"3G","Số giấy chứng nhận kiểm định":"A13040221122TG05","Có giá trị đến":"11/22/27 12:00:00 AM","layer_id":165,"fid":10773,"label":"MobiFone Vĩnh Long"}},{"type":"Feature","geometry":{"type":"Point","coordinates":[106.6335258,10.1964449]},"properties":{"Tên doanh nghiệp":"MobiFone Vĩnh Long","Tên trạm BTS":"BTBD03","Địa chỉ lắp đặt":"Thửa đất 92, tờ bản đồ số 37, ấp Cây Trôm, Xã Bình Đại, tỉnh Vĩnh Long","Trạm 3G":"3G","Số giấy chứng nhận kiểm định":"A05602150321TG05","Có giá trị đến":"3/15/26 12:00:00 AM","layer_id":165,"fid":10774,"label":"MobiFone Vĩnh Long"}},{"type":"Feature","geometry":{"type":"Point","coordinates":[106.58276,10.220651]},"properties":{"Tên doanh nghiệp":"MobiFone Vĩnh Long","Tên trạm BTS":"BTBD04","Địa chỉ lắp đặt":"Ấp 8, Xã Lộc Thuận, tỉnh Vĩnh Long","Trạm 3G":"3G","Số giấy chứng nhận kiểm định":"A13041221122TG05","Có giá trị đến":"11/22/27 12:00:00 AM","layer_id":165,"fid":10775,"label":"MobiFone Vĩnh Long"}},{"type":"Feature","geometry":{"type":"Point","coordinates":[106.31918,10.10821]},"properties":{"Tên doanh nghiệp":"Viễn thông Vĩnh Long","Tên trạm BTS":"An-Nhon-BTE","Địa chỉ lắp đặt":"Mỏ Cày, Vĩnh Long","Trạm 3G":"3G","Số giấy chứng nhận kiểm định":"A34203301121TG05","Có giá trị đến":"30/11/2026","layer_id":165,"fid":12008,"label":"Viễn thông Vĩnh Long"}},{"type":"Feature","geometry":{"type":"Point","coordinates":[106.458753,10.274679]},"properties":{"Tên doanh nghiệp":"MobiFone Vĩnh Long","Tên trạm BTS":"BTBD05","Địa chỉ lắp đặt":"ấp Long An, Xã Châu Hưng, tỉnh Vĩnh Long","Trạm 3G":"3G","Số giấy chứng nhận kiểm định":"B002154150420TG05","Có giá trị đến":"4/15/25 12:00:00 AM","layer_id":165,"fid":10776,"label":"MobiFone Vĩnh Long"}},{"type":"Feature","geometry":{"type":"Point","coordinates":[106.6909861,10.11888589]},"properties":{"Tên doanh nghiệp":"MobiFone Vĩnh Long","Tên trạm BTS":"BTBD06","Địa chỉ lắp đặt":"Ấp Tân Long, Xã Thạnh Phước, tỉnh Vĩnh Long","Trạm 3G":"3G","Số giấy chứng nhận kiểm định":"A26519080621TG05","Có giá trị đến":"6/8/26 12:00:00 AM","layer_id":165,"fid":10777,"label":"MobiFone Vĩnh Long"}},{"type":"Feature","geometry":{"type":"Point","coordinates":[106.76259,10.1651]},"properties":{"Tên doanh nghiệp":"MobiFone Vĩnh Long","Tên trạm BTS":"BTBD07","Địa chỉ lắp đặt":"Ấp Thừa Trung, Xã Thới Thuận, tỉnh Vĩnh Long","Trạm 3G":"3G","Số giấy chứng nhận kiểm định":"A05603150321TG05","Có giá trị đến":"3/15/26 12:00:00 AM","layer_id":165,"fid":10778,"label":"MobiFone Vĩnh Long"}},{"type":"Feature","geometry":{"type":"Point","coordinates":[106.6118372,10.21239037]},"properties":{"Tên doanh nghiệp":"MobiFone Vĩnh Long","Tên trạm BTS":"BTBD08","Địa chỉ lắp đặt":"Thửa đât số 181, tờ bản đồ số 30, số nhà 285, ấp Tân Định, Xã Thạnh Trị, tỉnh Vĩnh Long","Trạm 3G":"3G","Số giấy chứng nhận kiểm định":"0804VTTG2025BTBD08","Có giá trị đến":"4/8/30 12:00:00 AM","layer_id":165,"fid":10779,"label":"MobiFone Vĩnh Long"}},{"type":"Feature","geometry":{"type":"Point","coordinates":[106.52998,10.23418]},"properties":{"Tên doanh nghiệp":"MobiFone Vĩnh Long","Tên trạm BTS":"BTBD09","Địa chỉ lắp đặt":"thửa đất số 750 và 751, tờ bản đồ số 1, ấp Giồng Bông, Xã Châu Hưng, tỉnh Vĩnh Long","Trạm 3G":"3G","Số giấy chứng nhận kiểm định":"B03801230625TG05","Có giá trị đến":"6/23/25 12:00:00 AM","layer_id":165,"fid":10780,"label":"MobiFone Vĩnh Long"}},{"type":"Feature","geometry":{"type":"Point","coordinates":[106.55164,10.25057]},"properties":{"Tên doanh nghiệp":"MobiFone Vĩnh Long","Tên trạm BTS":"BTBD10","Địa chỉ lắp đặt":"ấp 2, Xã Lộc Thuận, tỉnh Vĩnh Long","Trạm 3G":"3G","Số giấy chứng nhận kiểm định":"0107VTTG2022BTBD10","Có giá trị đến":"7/1/27 12:00:00 AM","layer_id":165,"fid":10781,"label":"MobiFone Vĩnh Long"}},{"type":"Feature","geometry":{"type":"Point","coordinates":[106.64246,10.15098]},"properties":{"Tên doanh nghiệp":"MobiFone Vĩnh Long","Tên trạm BTS":"BTBD11","Địa chỉ lắp đặt":"Ấp Bình Thạnh 3, Xã Thạnh Trị, tỉnh Vĩnh Long","Trạm 3G":"3G","Số giấy chứng nhận kiểm định":"A05604150321TG05","Có giá trị đến":"3/15/26 12:00:00 AM","layer_id":165,"fid":10782,"label":"MobiFone Vĩnh Long"}},{"type":"Feature","geometry":{"type":"Point","coordinates":[106.7104085,10.14679068]},"properties":{"Tên doanh nghiệp":"MobiFone Vĩnh Long","Tên trạm BTS":"BTBD12","Địa chỉ lắp đặt":"Thửa đất số 89, tờ bản đồ số 12, ấp Phước Hòa, Xã Thạnh Phước, tỉnh Vĩnh Long","Trạm 3G":"3G","Số giấy chứng nhận kiểm định":"A05605150321TG05","Có giá trị đến":"3/15/26 12:00:00 AM","layer_id":165,"fid":10783,"label":"MobiFone Vĩnh Long"}},{"type":"Feature","geometry":{"type":"Point","coordinates":[106.66976,10.2193]},"properties":{"Tên doanh nghiệp":"MobiFone Vĩnh Long","Tên trạm BTS":"BTBD13","Địa chỉ lắp đặt":"Ấp Giồng Sầm, Xã Bình Đại, tỉnh Vĩnh Long","Trạm 3G":"3G","Số giấy chứng nhận kiểm định":"2909VTTG2021BTBD13","Có giá trị đến":"9/29/26 12:00:00 AM","layer_id":165,"fid":10784,"label":"MobiFone Vĩnh Long"}},{"type":"Feature","geometry":{"type":"Point","coordinates":[106.66908,10.14618]},"properties":{"Tên doanh nghiệp":"MobiFone Vĩnh Long","Tên trạm BTS":"BTBD14","Địa chỉ lắp đặt":"Thửa đất số 517, tờ bản đồ số 23, ấp Bình Lộc, Xã Thạnh Phước, tỉnh Vĩnh Long","Trạm 3G":"3G","Số giấy chứng nhận kiểm định":"A05606150321TG05","Có giá trị đến":"3/15/26 12:00:00 AM","layer_id":165,"fid":10785,"label":"MobiFone Vĩnh Long"}},{"type":"Feature","geometry":{"type":"Point","coordinates":[106.72239,10.05702]},"properties":{"Tên doanh nghiệp":"MobiFone Vĩnh Long","Tên trạm BTS":"BTBD15","Địa chỉ lắp đặt":"Ấp Thới Lợi 1, Xã Thới Thuận, tỉnh Vĩnh Long","Trạm 3G":"3G","Số giấy chứng nhận kiểm định":"A05607150321TG05","Có giá trị đến":"3/15/26 12:00:00 AM","layer_id":165,"fid":10786,"label":"MobiFone Vĩnh Long"}},{"type":"Feature","geometry":{"type":"Point","coordinates":[106.53393,10.25953]},"properties":{"Tên doanh nghiệp":"MobiFone Vĩnh Long","Tên trạm BTS":"BTBD16","Địa chỉ lắp đặt":"Thửa đất số 406, tờ bản đồ số 09, ấp Vinh Hội, Xã Lộc Thuận, tỉnh Vĩnh Long","Trạm 3G":"3G","Số giấy chứng nhận kiểm định":"A05608150321TG05","Có giá trị đến":"3/15/26 12:00:00 AM","layer_id":165,"fid":10787,"label":"MobiFone Vĩnh Long"}},{"type":"Feature","geometry":{"type":"Point","coordinates":[106.76581,10.14165]},"properties":{"Tên doanh nghiệp":"MobiFone Vĩnh Long","Tên trạm BTS":"BTBD17","Địa chỉ lắp đặt":"Số nhà 295, tổ 12, ấp Thừa Thạnh, Xã Thới Thuận, tỉnh Vĩnh Long","Trạm 3G":"3G","Số giấy chứng nhận kiểm định":"A05609150321TG05","Có giá trị đến":"3/15/26 12:00:00 AM","layer_id":165,"fid":10788,"label":"MobiFone Vĩnh Long"}},{"type":"Feature","geometry":{"type":"Point","coordinates":[106.491191,10.272329]},"properties":{"Tên doanh nghiệp":"MobiFone Vĩnh Long","Tên trạm BTS":"BTBD18","Địa chỉ lắp đặt":"Số nhà 271, tổ 14, ấp Phú Thạnh, Xã Phú Thuận, tỉnh Vĩnh Long","Trạm 3G":"3G","Số giấy chứng nhận kiểm định":"A26520080621TG05","Có giá trị đến":"6/8/26 12:00:00 AM","layer_id":165,"fid":10789,"label":"MobiFone Vĩnh Long"}},{"type":"Feature","geometry":{"type":"Point","coordinates":[106.66392,10.18007]},"properties":{"Tên doanh nghiệp":"MobiFone Vĩnh Long","Tên trạm BTS":"BTBD19","Địa chỉ lắp đặt":"Thửa đất số 833, tờ bản đồ số 01, ấp Bình Thạnh 2, Xã Thạnh Trị, tỉnh Vĩnh Long","Trạm 3G":"3G","Số giấy chứng nhận kiểm định":"B03800230620TG05","Có giá trị đến":"6/23/25 12:00:00 AM","layer_id":165,"fid":10790,"label":"MobiFone Vĩnh Long"}},{"type":"Feature","geometry":{"type":"Point","coordinates":[106.575818,10.193983]},"properties":{"Tên doanh nghiệp":"MobiFone Vĩnh Long","Tên trạm BTS":"BTBD20","Địa chỉ lắp đặt":"Ấp Giồng Kiến, Xã Thạnh Trị, tỉnh Vĩnh Long","Trạm 3G":"3G","Số giấy chứng nhận kiểm định":"0107VTTG2022BTBD20","Có giá trị đến":"7/1/27 12:00:00 AM","layer_id":165,"fid":10791,"label":"MobiFone Vĩnh Long"}},{"type":"Feature","geometry":{"type":"Point","coordinates":[106.602657,10.238213]},"properties":{"Tên doanh nghiệp":"MobiFone Vĩnh Long","Tên trạm BTS":"BTBD21","Địa chỉ lắp đặt":"Ấp 5, Xã Lộc Thuận, tỉnh Vĩnh Long","Trạm 3G":"3G","Số giấy chứng nhận kiểm định":"2909VTTG2021BTBD21","Có giá trị đến":"9/29/26 12:00:00 AM","layer_id":165,"fid":10792,"label":"MobiFone Vĩnh Long"}},{"type":"Feature","geometry":{"type":"Point","coordinates":[106.64733,10.22372]},"properties":{"Tên doanh nghiệp":"MobiFone Vĩnh Long","Tên trạm BTS":"BTBD22","Địa chỉ lắp đặt":"Thửa đất số 1563, tờ bản đồ số 03, ấp Bình Trung, Xã Thạnh Trị, tỉnh Vĩnh Long","Trạm 3G":"3G","Số giấy chứng nhận kiểm định":"0804VTTG2025BTBD22","Có giá trị đến":"4/8/30 12:00:00 AM","layer_id":165,"fid":10793,"label":"MobiFone Vĩnh Long"}},{"type":"Feature","geometry":{"type":"Point","coordinates":[106.7028321,10.16901428]},"properties":{"Tên doanh nghiệp":"MobiFone Vĩnh Long","Tên trạm BTS":"BTBD23","Địa chỉ lắp đặt":"Ấp Bình Chiến, Xã Bình Đại, tỉnh Vĩnh Long","Trạm 3G":"3G","Số giấy chứng nhận kiểm định":"A26521080621TG05","Có giá trị đến":"6/8/26 12:00:00 AM","layer_id":165,"fid":10794,"label":"MobiFone Vĩnh Long"}},{"type":"Feature","geometry":{"type":"Point","coordinates":[106.68016,10.20643]},"properties":{"Tên doanh nghiệp":"MobiFone Vĩnh Long","Tên trạm BTS":"BTBD24","Địa chỉ lắp đặt":"Thử đất số 115, tờ bản đồ số 03, ấp Bình Thới 3, Xã Bình Đại, tỉnh Vĩnh Long","Trạm 3G":"3G","Số giấy chứng nhận kiểm định":"0804VTTG2025BTBD24","Có giá trị đến":"4/8/30 12:00:00 AM","layer_id":165,"fid":10795,"label":"MobiFone Vĩnh Long"}},{"type":"Feature","geometry":{"type":"Point","coordinates":[106.70583,10.09037]},"properties":{"Tên doanh nghiệp":"MobiFone Vĩnh Long","Tên trạm BTS":"BTBD25","Địa chỉ lắp đặt":"Ấp Phước Bình, Xã Thạnh Phước, tỉnh Vĩnh Long","Trạm 3G":"3G","Số giấy chứng nhận kiểm định":"2909VTTG2021BTBD25","Có giá trị đến":"9/29/26 12:00:00 AM","layer_id":165,"fid":10796,"label":"MobiFone Vĩnh Long"}},{"type":"Feature","geometry":{"type":"Point","coordinates":[106.62039,10.17642]},"properties":{"Tên doanh nghiệp":"MobiFone Vĩnh Long","Tên trạm BTS":"BTBD26","Địa chỉ lắp đặt":"Ấp Rạch Gừa, Xã Thạnh Trị, tỉnh Vĩnh Long","Trạm 3G":"3G","Số giấy chứng nhận kiểm định":"A05610150321TG05","Có giá trị đến":"3/15/26 12:00:00 AM","layer_id":165,"fid":10797,"label":"MobiFone Vĩnh Long"}},{"type":"Feature","geometry":{"type":"Point","coordinates":[106.5995856,10.19119309]},"properties":{"Tên doanh nghiệp":"MobiFone Vĩnh Long","Tên trạm BTS":"BTBD27","Địa chỉ lắp đặt":"Số nhà 236, ấp Ao Vuông, Xã Thạnh Trị, tỉnh Vĩnh Long","Trạm 3G":"3G","Số giấy chứng nhận kiểm định":"A05611150321TG05","Có giá trị đến":"3/15/26 12:00:00 AM","layer_id":165,"fid":10798,"label":"MobiFone Vĩnh Long"}},{"type":"Feature","geometry":{"type":"Point","coordinates":[106.55917,10.22947]},"properties":{"Tên doanh nghiệp":"MobiFone Vĩnh Long","Tên trạm BTS":"BTBD28","Địa chỉ lắp đặt":"thửa đất số 1203, tờ bản đồ số 02, ấp 1, Xã Lộc Thuận, tỉnh Vĩnh Long","Trạm 3G":"3G","Số giấy chứng nhận kiểm định":"0804VTTG2025BTBD28","Có giá trị đến":"4/8/30 12:00:00 AM","layer_id":165,"fid":10799,"label":"MobiFone Vĩnh Long"}},{"type":"Feature","geometry":{"type":"Point","coordinates":[106.416674,10.148267]},"properties":{"Tên doanh nghiệp":"Viễn thông Vĩnh Long","Tên trạm BTS":"Phước Long 3","Địa chỉ lắp đặt":"Phước Long, Vĩnh Long","Trạm 3G":"3G","Số giấy chứng nhận kiểm định":null,"Có giá trị đến":"23/08/2029","layer_id":165,"fid":11814,"label":"Viễn thông Vĩnh Long"}},{"type":"Feature","geometry":{"type":"Point","coordinates":[106.468988,10.254675]},"properties":{"Tên doanh nghiệp":"MobiFone Vĩnh Long","Tên trạm BTS":"BTBD29","Địa chỉ lắp đặt":"Số nhà 146, ấp Tân Hưng, Xã Châu Hưng, tỉnh Vĩnh Long","Trạm 3G":"3G","Số giấy chứng nhận kiểm định":"0804VTTG2025BTBD29","Có giá trị đến":"4/8/30 12:00:00 AM","layer_id":165,"fid":10800,"label":"MobiFone Vĩnh Long"}},{"type":"Feature","geometry":{"type":"Point","coordinates":[106.68242,10.17408]},"properties":{"Tên doanh nghiệp":"MobiFone Vĩnh Long","Tên trạm BTS":"BTBD30","Địa chỉ lắp đặt":"Ấp Mắc Miễu, Xã Thạnh Phước, tỉnh Vĩnh Long","Trạm 3G":"3G","Số giấy chứng nhận kiểm định":"0804VTTG2025BTBD30","Có giá trị đến":"4/8/30 12:00:00 AM","layer_id":165,"fid":10801,"label":"MobiFone Vĩnh Long"}},{"type":"Feature","geometry":{"type":"Point","coordinates":[106.70625,10.20121]},"properties":{"Tên doanh nghiệp":"MobiFone Vĩnh Long","Tên trạm BTS":"BTBD31","Địa chỉ lắp đặt":"Số nhà 251, ấp 4, Xã Bình Đại, tỉnh Vĩnh Long","Trạm 3G":"3G","Số giấy chứng nhận kiểm định":"A14996021224TG05","Có giá trị đến":"12/2/29 12:00:00 AM","layer_id":165,"fid":10802,"label":"MobiFone Vĩnh Long"}},{"type":"Feature","geometry":{"type":"Point","coordinates":[106.48428,10.29063]},"properties":{"Tên doanh nghiệp":"MobiFone Vĩnh Long","Tên trạm BTS":"BTBD32","Địa chỉ lắp đặt":"Ấp 2, Xã Phú Thuận, tỉnh Vĩnh Long","Trạm 3G":"3G","Số giấy chứng nhận kiểm định":"A05612150321TG05","Có giá trị đến":"3/15/26 12:00:00 AM","layer_id":165,"fid":10803,"label":"MobiFone Vĩnh Long"}},{"type":"Feature","geometry":{"type":"Point","coordinates":[106.59111,10.16186]},"properties":{"Tên doanh nghiệp":"Viễn thông Vĩnh Long","Tên trạm BTS":"Tan-My-BTE","Địa chỉ lắp đặt":"Mỹ Chánh Hòa, Vĩnh Long","Trạm 3G":"3G","Số giấy chứng nhận kiểm định":null,"Có giá trị đến":"10/04/2028","layer_id":165,"fid":11258,"label":"Viễn thông Vĩnh Long"}},{"type":"Feature","geometry":{"type":"Point","coordinates":[106.5753,10.2427]},"properties":{"Tên doanh nghiệp":"MobiFone Vĩnh Long","Tên trạm BTS":"BTBD33","Địa chỉ lắp đặt":"Ấp Phú Hưng, Xã Lộc Thuận, tỉnh Vĩnh Long","Trạm 3G":"3G","Số giấy chứng nhận kiểm định":"0804VTTG2025BTBD33","Có giá trị đến":"4/8/30 12:00:00 AM","layer_id":165,"fid":10804,"label":"MobiFone Vĩnh Long"}},{"type":"Feature","geometry":{"type":"Point","coordinates":[106.73824,10.17335]},"properties":{"Tên doanh nghiệp":"MobiFone Vĩnh Long","Tên trạm BTS":"BTBD34","Địa chỉ lắp đặt":"Ấp Thừa Long, Xã Thới Thuận, tỉnh Vĩnh Long","Trạm 3G":"3G","Số giấy chứng nhận kiểm định":"A05613150321TG05","Có giá trị đến":"3/15/26 12:00:00 AM","layer_id":165,"fid":10805,"label":"MobiFone Vĩnh Long"}},{"type":"Feature","geometry":{"type":"Point","coordinates":[106.469149,10.280795]},"properties":{"Tên doanh nghiệp":"MobiFone Vĩnh Long","Tên trạm BTS":"BTBD35","Địa chỉ lắp đặt":"Số nhà 12, tổ 01, ấp Long Hội, Xã Phú Thuận, tỉnh Vĩnh Long","Trạm 3G":"3G","Số giấy chứng nhận kiểm định":"2909VTTG2021BTBD35","Có giá trị đến":"9/29/26 12:00:00 AM","layer_id":165,"fid":10806,"label":"MobiFone Vĩnh Long"}},{"type":"Feature","geometry":{"type":"Point","coordinates":[106.781195,10.109185]},"properties":{"Tên doanh nghiệp":"MobiFone Vĩnh Long","Tên trạm BTS":"BTBD36","Địa chỉ lắp đặt":"Ấp Thừa Lợi, Xã Thới Thuận, tỉnh Vĩnh Long","Trạm 3G":"3G","Số giấy chứng nhận kiểm định":"A13042221122TG05","Có giá trị đến":"11/22/27 12:00:00 AM","layer_id":165,"fid":10807,"label":"MobiFone Vĩnh Long"}},{"type":"Feature","geometry":{"type":"Point","coordinates":[106.523899,10.220364]},"properties":{"Tên doanh nghiệp":"MobiFone Vĩnh Long","Tên trạm BTS":"BTBD37","Địa chỉ lắp đặt":"Số nhà 322 ,ấp 1 - Giồng Bông, Xã Châu Hưng, tỉnh Vĩnh Long","Trạm 3G":"3G","Số giấy chứng nhận kiểm định":"2909VTTG2021BTBD37","Có giá trị đến":"9/29/26 12:00:00 AM","layer_id":165,"fid":10808,"label":"MobiFone Vĩnh Long"}},{"type":"Feature","geometry":{"type":"Point","coordinates":[106.69451,10.04511]},"properties":{"Tên doanh nghiệp":"MobiFone Vĩnh Long","Tên trạm BTS":"BTBD38","Địa chỉ lắp đặt":"Ấp Thới Bình, Xã Thới Thuận, tỉnh Vĩnh Long","Trạm 3G":"3G","Số giấy chứng nhận kiểm định":"0107VTTG2022BTBD38","Có giá trị đến":"7/1/27 12:00:00 AM","layer_id":165,"fid":10809,"label":"MobiFone Vĩnh Long"}},{"type":"Feature","geometry":{"type":"Point","coordinates":[106.6234,10.23344]},"properties":{"Tên doanh nghiệp":"MobiFone Vĩnh Long","Tên trạm BTS":"BTBD39","Địa chỉ lắp đặt":"Ấp Bến Cát, Xã Thạnh Trị, tỉnh Vĩnh Long","Trạm 3G":"3G","Số giấy chứng nhận kiểm định":"0107VTTG2022BTBD39","Có giá trị đến":"7/1/27 12:00:00 AM","layer_id":165,"fid":10810,"label":"MobiFone Vĩnh Long"}},{"type":"Feature","geometry":{"type":"Point","coordinates":[106.69006,10.19346]},"properties":{"Tên doanh nghiệp":"MobiFone Vĩnh Long","Tên trạm BTS":"BTBD40","Địa chỉ lắp đặt":"Ấp Bình Hòa, Xã Bình Đại, tỉnh Vĩnh Long","Trạm 3G":"3G","Số giấy chứng nhận kiểm định":"A05614150321TG05","Có giá trị đến":"3/15/26 12:00:00 AM","layer_id":165,"fid":10811,"label":"MobiFone Vĩnh Long"}},{"type":"Feature","geometry":{"type":"Point","coordinates":[106.55536,10.20719]},"properties":{"Tên doanh nghiệp":"MobiFone Vĩnh Long","Tên trạm BTS":"BTBD41","Địa chỉ lắp đặt":"Thửa đất số 01, tờ bản đồ số 29, Xã Châu Hưng, tỉnh Vĩnh Long","Trạm 3G":"3G","Số giấy chứng nhận kiểm định":"0107VTTG2022BTBD41","Có giá trị đến":"7/1/27 12:00:00 AM","layer_id":165,"fid":10812,"label":"MobiFone Vĩnh Long"}},{"type":"Feature","geometry":{"type":"Point","coordinates":[106.4783,10.26227]},"properties":{"Tên doanh nghiệp":"MobiFone Vĩnh Long","Tên trạm BTS":"BTBD42","Địa chỉ lắp đặt":"Thửa đất số 1610, 1609, 1475, 1605, 1156 tờ bản đồ, ấp Phú Mỹ, Xã Phú Thuận, tỉnh Vĩnh Long","Trạm 3G":"3G","Số giấy chứng nhận kiểm định":"0107VTTG2022BTBD42","Có giá trị đến":"7/1/27 12:00:00 AM","layer_id":165,"fid":10813,"label":"MobiFone Vĩnh Long"}},{"type":"Feature","geometry":{"type":"Point","coordinates":[106.51032,10.24113]},"properties":{"Tên doanh nghiệp":"MobiFone Vĩnh Long","Tên trạm BTS":"BTBD43","Địa chỉ lắp đặt":"thửa đất số 37, tờ bản đồ số 24, âp Hưng Thạnh, Xã Châu Hưng, tỉnh Vĩnh Long","Trạm 3G":"3G","Số giấy chứng nhận kiểm định":"0107VTTG2022BTBD43","Có giá trị đến":"7/1/27 12:00:00 AM","layer_id":165,"fid":10814,"label":"MobiFone Vĩnh Long"}},{"type":"Feature","geometry":{"type":"Point","coordinates":[106.6512,10.1723]},"properties":{"Tên doanh nghiệp":"MobiFone Vĩnh Long","Tên trạm BTS":"BTBD44","Địa chỉ lắp đặt":"Ấp Bình Thạnh 3, Xã Thạnh Trị, tỉnh Vĩnh Long","Trạm 3G":"3G","Số giấy chứng nhận kiểm định":"0804VTTG2025BTBD44","Có giá trị đến":"4/8/30 12:00:00 AM","layer_id":165,"fid":10815,"label":"MobiFone Vĩnh Long"}},{"type":"Feature","geometry":{"type":"Point","coordinates":[106.6581,10.20041]},"properties":{"Tên doanh nghiệp":"MobiFone Vĩnh Long","Tên trạm BTS":"BTBD45","Địa chỉ lắp đặt":"Ấp Cầu Sắt, Xã Bình Đại, tỉnh Vĩnh Long","Trạm 3G":"3G","Số giấy chứng nhận kiểm định":"0107VTTG2022BTBD45","Có giá trị đến":"7/1/27 12:00:00 AM","layer_id":165,"fid":10816,"label":"MobiFone Vĩnh Long"}},{"type":"Feature","geometry":{"type":"Point","coordinates":[106.74961,10.07476]},"properties":{"Tên doanh nghiệp":"MobiFone Vĩnh Long","Tên trạm BTS":"BTBD46","Địa chỉ lắp đặt":"Thửa đất số 704, tờ bản đồ số 6, ấp Thới Hòa 2, Xã Thới Thuận, tỉnh Vĩnh Long","Trạm 3G":"3G","Số giấy chứng nhận kiểm định":"0107VTTG2022BTBD46","Có giá trị đến":"7/1/27 12:00:00 AM","layer_id":165,"fid":10817,"label":"MobiFone Vĩnh Long"}},{"type":"Feature","geometry":{"type":"Point","coordinates":[106.54582,10.23123]},"properties":{"Tên doanh nghiệp":"MobiFone Vĩnh Long","Tên trạm BTS":"BTBD47","Địa chỉ lắp đặt":"Ấp 2, Xã Châu Hưng, tỉnh Vĩnh Long","Trạm 3G":"3G","Số giấy chứng nhận kiểm định":"0107VTTG2022BTBD47","Có giá trị đến":"7/1/27 12:00:00 AM","layer_id":165,"fid":10818,"label":"MobiFone Vĩnh Long"}},{"type":"Feature","geometry":{"type":"Point","coordinates":[106.711535,10.071535]},"properties":{"Tên doanh nghiệp":"MobiFone Vĩnh Long","Tên trạm BTS":"BTBD49","Địa chỉ lắp đặt":"Ấp Thới An, Xã Thới Thuận, tỉnh Vĩnh Long","Trạm 3G":"3G","Số giấy chứng nhận kiểm định":"B03802230620TG05","Có giá trị đến":"6/23/25 12:00:00 AM","layer_id":165,"fid":10819,"label":"MobiFone Vĩnh Long"}},{"type":"Feature","geometry":{"type":"Point","coordinates":[106.5117,10.26496]},"properties":{"Tên doanh nghiệp":"MobiFone Vĩnh Long","Tên trạm BTS":"BTBD50","Địa chỉ lắp đặt":"Thửa đất số 2095 và thửa 2238, tờ bản đồ số 01, Xã Lộc Thuận, tỉnh Vĩnh Long","Trạm 3G":"3G","Số giấy chứng nhận kiểm định":"0107VTTG2022BTBD50","Có giá trị đến":"7/1/27 12:00:00 AM","layer_id":165,"fid":10820,"label":"MobiFone Vĩnh Long"}},{"type":"Feature","geometry":{"type":"Point","coordinates":[106.70703,10.12843]},"properties":{"Tên doanh nghiệp":"MobiFone Vĩnh Long","Tên trạm BTS":"BTBD51","Địa chỉ lắp đặt":"Ấp Phước Hòa, Xã Thạnh Phước, tỉnh Vĩnh Long","Trạm 3G":"3G","Số giấy chứng nhận kiểm định":"A13043221122TG05","Có giá trị đến":"11/22/27 12:00:00 AM","layer_id":165,"fid":10821,"label":"MobiFone Vĩnh Long"}},{"type":"Feature","geometry":{"type":"Point","coordinates":[106.6961,10.17846]},"properties":{"Tên doanh nghiệp":"MobiFone Vĩnh Long","Tên trạm BTS":"BTBD52","Địa chỉ lắp đặt":"Ấp Bình Chiến, Xã Bình Đại, tỉnh Vĩnh Long","Trạm 3G":"3G","Số giấy chứng nhận kiểm định":"0107VTTG2022BTBD52","Có giá trị đến":"7/1/27 12:00:00 AM","layer_id":165,"fid":10822,"label":"MobiFone Vĩnh Long"}},{"type":"Feature","geometry":{"type":"Point","coordinates":[106.595,10.2029]},"properties":{"Tên doanh nghiệp":"MobiFone Vĩnh Long","Tên trạm BTS":"BTBD53","Địa chỉ lắp đặt":"Thửa đất số 342, TBĐ số 01, ấp Giồng Kiến, Xã Thạnh Trị, tỉnh Vĩnh Long","Trạm 3G":"3G","Số giấy chứng nhận kiểm định":"0107VTTG2025BTBD53","Có giá trị đến":"7/1/30 12:00:00 AM","layer_id":165,"fid":10823,"label":"MobiFone Vĩnh Long"}},{"type":"Feature","geometry":{"type":"Point","coordinates":[106.5419,10.2149]},"properties":{"Tên doanh nghiệp":"MobiFone Vĩnh Long","Tên trạm BTS":"BTBD54","Địa chỉ lắp đặt":"Thửa đất số 60, TBĐ số 23, ấp Giồng Hổ, Xã Châu Hưng, tỉnh Vĩnh Long","Trạm 3G":"3G","Số giấy chứng nhận kiểm định":"0107VTTG2025BTBD54","Có giá trị đến":"7/1/30 12:00:00 AM","layer_id":165,"fid":10824,"label":"MobiFone Vĩnh Long"}},{"type":"Feature","geometry":{"type":"Point","coordinates":[106.540634,10.243741]},"properties":{"Tên doanh nghiệp":"MobiFone Vĩnh Long","Tên trạm BTS":"BTBD55","Địa chỉ lắp đặt":"Thửa đất số 294, tờ bản đồ số 12, ấp Vinh Tân, Xã Lộc Thuận, tỉnh Vĩnh Long","Trạm 3G":"3G","Số giấy chứng nhận kiểm định":"0107VTTG2025BTBD55","Có giá trị đến":"7/1/30 12:00:00 AM","layer_id":165,"fid":10825,"label":"MobiFone Vĩnh Long"}},{"type":"Feature","geometry":{"type":"Point","coordinates":[106.492,10.2413]},"properties":{"Tên doanh nghiệp":"MobiFone Vĩnh Long","Tên trạm BTS":"BTBD56","Địa chỉ lắp đặt":"Thửa số 2066 tờ số 2, ấp Hưng Chánh, Xã Châu Hưng, tỉnh Vĩnh Long","Trạm 3G":"3G","Số giấy chứng nhận kiểm định":"0107VTTG2025BTBD56","Có giá trị đến":"7/1/30 12:00:00 AM","layer_id":165,"fid":10826,"label":"MobiFone Vĩnh Long"}},{"type":"Feature","geometry":{"type":"Point","coordinates":[106.699,10.1959]},"properties":{"Tên doanh nghiệp":"MobiFone Vĩnh Long","Tên trạm BTS":"BTBD57","Địa chỉ lắp đặt":"Thửa đất số 503, TBĐ số 20, Khu Phố 3, Xã Bình Đại, tỉnh Vĩnh Long","Trạm 3G":"3G","Số giấy chứng nhận kiểm định":"0107VTTG2025BTBD57","Có giá trị đến":"7/1/30 12:00:00 AM","layer_id":165,"fid":10827,"label":"MobiFone Vĩnh Long"}},{"type":"Feature","geometry":{"type":"Point","coordinates":[106.684,10.1329]},"properties":{"Tên doanh nghiệp":"MobiFone Vĩnh Long","Tên trạm BTS":"BTBD58","Địa chỉ lắp đặt":"Thửa đất số 34, TBĐ số 26, ấp Tân Long, Xã Thạnh Phước, tỉnh Vĩnh Long","Trạm 3G":"3G","Số giấy chứng nhận kiểm định":"0107VTTG2025BTBD58","Có giá trị đến":"7/1/30 12:00:00 AM","layer_id":165,"fid":10828,"label":"MobiFone Vĩnh Long"}},{"type":"Feature","geometry":{"type":"Point","coordinates":[106.63,10.2142]},"properties":{"Tên doanh nghiệp":"MobiFone Vĩnh Long","Tên trạm BTS":"BTBD59","Địa chỉ lắp đặt":"Thửa đất số 322, TBĐ số 38, ấp Cả Nhỏ, Xã Thạnh Trị, tỉnh Vĩnh Long","Trạm 3G":"3G","Số giấy chứng nhận kiểm định":"0107VTTG2025BTBD59","Có giá trị đến":"7/1/30 12:00:00 AM","layer_id":165,"fid":10829,"label":"MobiFone Vĩnh Long"}},{"type":"Feature","geometry":{"type":"Point","coordinates":[106.591305,10.043549]},"properties":{"Tên doanh nghiệp":"MobiFone Vĩnh Long","Tên trạm BTS":"BTBI01","Địa chỉ lắp đặt":"số nhà 01, đường Trần Hưng Đạo, khu phố 01, Xã Ba Tri, tỉnh Vĩnh Long","Trạm 3G":"3G","Số giấy chứng nhận kiểm định":"A06549210624TG05","Có giá trị đến":"6/21/29 12:00:00 AM","layer_id":165,"fid":10830,"label":"MobiFone Vĩnh Long"}},{"type":"Feature","geometry":{"type":"Point","coordinates":[106.656279,10.08476279]},"properties":{"Tên doanh nghiệp":"MobiFone Vĩnh Long","Tên trạm BTS":"BTBI02","Địa chỉ lắp đặt":"ấp 4, Xã Bảo Thạnh, tỉnh Vĩnh Long","Trạm 3G":"3G","Số giấy chứng nhận kiểm định":"A05615150321TG05","Có giá trị đến":"3/15/26 12:00:00 AM","layer_id":165,"fid":10831,"label":"MobiFone Vĩnh Long"}},{"type":"Feature","geometry":{"type":"Point","coordinates":[106.6258246,9.99539939]},"properties":{"Tên doanh nghiệp":"MobiFone Vĩnh Long","Tên trạm BTS":"BTBI03","Địa chỉ lắp đặt":"ấp An Lợi, Xã Tân Thủy, tỉnh Vĩnh Long","Trạm 3G":"3G","Số giấy chứng nhận kiểm định":"B02155150420TG05","Có giá trị đến":"4/15/25 12:00:00 AM","layer_id":165,"fid":10832,"label":"MobiFone Vĩnh Long"}},{"type":"Feature","geometry":{"type":"Point","coordinates":[106.5921032,10.1615435]},"properties":{"Tên doanh nghiệp":"MobiFone Vĩnh Long","Tên trạm BTS":"BTBI04","Địa chỉ lắp đặt":"Ấp Tân Quý, Xã Mỹ Chánh Hòa, tỉnh Vĩnh Long","Trạm 3G":"3G","Số giấy chứng nhận kiểm định":"2909VTTG2021BTBI04","Có giá trị đến":"9/29/26 12:00:00 AM","layer_id":165,"fid":10833,"label":"MobiFone Vĩnh Long"}},{"type":"Feature","geometry":{"type":"Point","coordinates":[106.5826272,10.13037925]},"properties":{"Tên doanh nghiệp":"MobiFone Vĩnh Long","Tên trạm BTS":"BTBI05","Địa chỉ lắp đặt":"Số nhà 534,Ấp Xóm Mới, Xã Mỹ Chánh Hòa, tỉnh Vĩnh Long","Trạm 3G":"3G","Số giấy chứng nhận kiểm định":"0804VTTG2025BTBI05","Có giá trị đến":"4/8/30 12:00:00 AM","layer_id":165,"fid":10834,"label":"MobiFone Vĩnh Long"}},{"type":"Feature","geometry":{"type":"Point","coordinates":[106.6228,10.06911]},"properties":{"Tên doanh nghiệp":"MobiFone Vĩnh Long","Tên trạm BTS":"BTBI06","Địa chỉ lắp đặt":"số nhà 251, ấp Phú Long, Xã Tân Xuân, tỉnh Vĩnh Long","Trạm 3G":"3G","Số giấy chứng nhận kiểm định":"0804VTTG2025BTBI06","Có giá trị đến":"4/8/30 12:00:00 AM","layer_id":165,"fid":10835,"label":"MobiFone Vĩnh Long"}},{"type":"Feature","geometry":{"type":"Point","coordinates":[106.49731,10.05637]},"properties":{"Tên doanh nghiệp":"MobiFone Vĩnh Long","Tên trạm BTS":"BTBI07","Địa chỉ lắp đặt":"ấp Kinh Mới, Xã An Hiệp, tỉnh Vĩnh Long","Trạm 3G":"3G","Số giấy chứng nhận kiểm định":"A05616150321TG05","Có giá trị đến":"3/15/26 12:00:00 AM","layer_id":165,"fid":10836,"label":"MobiFone Vĩnh Long"}},{"type":"Feature","geometry":{"type":"Point","coordinates":[106.62658224,10.11967635]},"properties":{"Tên doanh nghiệp":"MobiFone Vĩnh Long","Tên trạm BTS":"BTBI08","Địa chỉ lắp đặt":"Ấp Tân Thị, Xã Tân Xuân, tỉnh Vĩnh Long","Trạm 3G":"3G","Số giấy chứng nhận kiểm định":"A04193180325TG05","Có giá trị đến":"3/18/30 12:00:00 AM","layer_id":165,"fid":10837,"label":"MobiFone Vĩnh Long"}},{"type":"Feature","geometry":{"type":"Point","coordinates":[106.588986,10.016329]},"properties":{"Tên doanh nghiệp":"MobiFone Vĩnh Long","Tên trạm BTS":"BTBI09","Địa chỉ lắp đặt":"ấp An Quới, Xã Ba Tri, tỉnh Vĩnh Long","Trạm 3G":"3G","Số giấy chứng nhận kiểm định":"0804VTTG2025BTBI09","Có giá trị đến":"4/8/30 12:00:00 AM","layer_id":165,"fid":10838,"label":"MobiFone Vĩnh Long"}},{"type":"Feature","geometry":{"type":"Point","coordinates":[106.65626569,10.05339602]},"properties":{"Tên doanh nghiệp":"MobiFone Vĩnh Long","Tên trạm BTS":"BTBI10","Địa chỉ lắp đặt":"số nhà 198, ấp 2, Xã Bảo Thạnh, tỉnh Vĩnh Long","Trạm 3G":"3G","Số giấy chứng nhận kiểm định":"0804VTTG2025BTBI10","Có giá trị đến":"4/8/30 12:00:00 AM","layer_id":165,"fid":10839,"label":"MobiFone Vĩnh Long"}},{"type":"Feature","geometry":{"type":"Point","coordinates":[106.5503,10.14102]},"properties":{"Tên doanh nghiệp":"MobiFone Vĩnh Long","Tên trạm BTS":"BTBI11","Địa chỉ lắp đặt":"Thửa đất số 93,tờ bản đồ số 1,ấp Cầu Vỹ, Xã Mỹ Chánh Hòa, tỉnh Vĩnh Long","Trạm 3G":"3G","Số giấy chứng nhận kiểm định":"0804VTTG2025BTBI11","Có giá trị đến":"4/8/30 12:00:00 AM","layer_id":165,"fid":10840,"label":"MobiFone Vĩnh Long"}},{"type":"Feature","geometry":{"type":"Point","coordinates":[106.626406,10.091584]},"properties":{"Tên doanh nghiệp":"MobiFone Vĩnh Long","Tên trạm BTS":"BTBI12","Địa chỉ lắp đặt":"Ấp Phước Thới, Xã Tân Xuân, tỉnh Vĩnh Long","Trạm 3G":"3G","Số giấy chứng nhận kiểm định":"0804VTTG2025BTBI12","Có giá trị đến":"4/8/30 12:00:00 AM","layer_id":165,"fid":10841,"label":"MobiFone Vĩnh Long"}},{"type":"Feature","geometry":{"type":"Point","coordinates":[106.65513,10.04614]},"properties":{"Tên doanh nghiệp":"Viễn thông Vĩnh Long","Tên trạm BTS":"Bao-Thuan-BTE","Địa chỉ lắp đặt":"Bảo Thạnh, Vĩnh Long","Trạm 3G":"3G","Số giấy chứng nhận kiểm định":null,"Có giá trị đến":"09/10/2029","layer_id":165,"fid":11264,"label":"Viễn thông Vĩnh Long"}},{"type":"Feature","geometry":{"type":"Point","coordinates":[106.58625,10.08398]},"properties":{"Tên doanh nghiệp":"MobiFone Vĩnh Long","Tên trạm BTS":"BTBI13","Địa chỉ lắp đặt":"Ấp Nhơn Quới, Xã Mỹ Chánh Hòa, tỉnh Vĩnh Long","Trạm 3G":"3G","Số giấy chứng nhận kiểm định":"0804VTTG2025BTBI13","Có giá trị đến":"4/8/30 12:00:00 AM","layer_id":165,"fid":10842,"label":"MobiFone Vĩnh Long"}},{"type":"Feature","geometry":{"type":"Point","coordinates":[106.618159,10.019011]},"properties":{"Tên doanh nghiệp":"MobiFone Vĩnh Long","Tên trạm BTS":"BTBI14","Địa chỉ lắp đặt":"ấp Vĩnh Lợi, Xã Ba Tri, tỉnh Vĩnh Long","Trạm 3G":"3G","Số giấy chứng nhận kiểm định":"B03810230620TG05","Có giá trị đến":"6/23/25 12:00:00 AM","layer_id":165,"fid":10843,"label":"MobiFone Vĩnh Long"}},{"type":"Feature","geometry":{"type":"Point","coordinates":[106.54864,10.03053]},"properties":{"Tên doanh nghiệp":"MobiFone Vĩnh Long","Tên trạm BTS":"BTBI15","Địa chỉ lắp đặt":"ấp Giồng Ao, Xã An Hiệp, tỉnh Vĩnh Long","Trạm 3G":"3G","Số giấy chứng nhận kiểm định":"0804VTTG2025BTBI15","Có giá trị đến":"4/8/30 12:00:00 AM","layer_id":165,"fid":10844,"label":"MobiFone Vĩnh Long"}},{"type":"Feature","geometry":{"type":"Point","coordinates":[106.541034,10.070704]},"properties":{"Tên doanh nghiệp":"MobiFone Vĩnh Long","Tên trạm BTS":"BTBI16","Địa chỉ lắp đặt":"ấp An Định 1, Xã An Ngãi Trung, tỉnh Vĩnh Long","Trạm 3G":"3G","Số giấy chứng nhận kiểm định":"B03806230620TG05","Có giá trị đến":"6/23/25 12:00:00 AM","layer_id":165,"fid":10845,"label":"MobiFone Vĩnh Long"}},{"type":"Feature","geometry":{"type":"Point","coordinates":[106.56562,10.09166]},"properties":{"Tên doanh nghiệp":"MobiFone Vĩnh Long","Tên trạm BTS":"BTBI17","Địa chỉ lắp đặt":"thửa đât số 630, tờ bản đồ số 13, ấp 3, Xã An Ngãi Trung, tỉnh Vĩnh Long","Trạm 3G":"3G","Số giấy chứng nhận kiểm định":"2909VTTG2021BTBI17","Có giá trị đến":"9/29/26 12:00:00 AM","layer_id":165,"fid":10846,"label":"MobiFone Vĩnh Long"}},{"type":"Feature","geometry":{"type":"Point","coordinates":[106.56113,10.11337]},"properties":{"Tên doanh nghiệp":"MobiFone Vĩnh Long","Tên trạm BTS":"BTBI18","Địa chỉ lắp đặt":"Thửa đất số 230, tờ bản đồ số 4, số nhà 194/MH, Ấp Mỹ Hòa, Xã An Ngãi Trung, tỉnh Vĩnh Long","Trạm 3G":"3G","Số giấy chứng nhận kiểm định":"2909VTTG2021BTBI18","Có giá trị đến":"9/29/26 12:00:00 AM","layer_id":165,"fid":10847,"label":"MobiFone Vĩnh Long"}},{"type":"Feature","geometry":{"type":"Point","coordinates":[106.657703,10.10824102]},"properties":{"Tên doanh nghiệp":"MobiFone Vĩnh Long","Tên trạm BTS":"BTBI19","Địa chỉ lắp đặt":"ấp Thạnh Quý, Xã Bảo Thạnh, tỉnh Vĩnh Long","Trạm 3G":"3G","Số giấy chứng nhận kiểm định":"2909VTTG2021BTBI19","Có giá trị đến":"9/29/26 12:00:00 AM","layer_id":165,"fid":10848,"label":"MobiFone Vĩnh Long"}},{"type":"Feature","geometry":{"type":"Point","coordinates":[106.52665,10.04781]},"properties":{"Tên doanh nghiệp":"MobiFone Vĩnh Long","Tên trạm BTS":"BTBI20","Địa chỉ lắp đặt":"số nhà 10/AH, ấp An Hòa, Xã An Hiệp, tỉnh Vĩnh Long","Trạm 3G":"3G","Số giấy chứng nhận kiểm định":"0804VTTG2025BTBI20","Có giá trị đến":"4/8/30 12:00:00 AM","layer_id":165,"fid":10849,"label":"MobiFone Vĩnh Long"}},{"type":"Feature","geometry":{"type":"Point","coordinates":[106.56955,10.05366]},"properties":{"Tên doanh nghiệp":"MobiFone Vĩnh Long","Tên trạm BTS":"BTBI21","Địa chỉ lắp đặt":"thửa đất số 377, tờ bản đồ số 14, số nhà 409, ấp 6, Xã Ba Tri, tỉnh Vĩnh Long","Trạm 3G":"3G","Số giấy chứng nhận kiểm định":"B03804230620TG05","Có giá trị đến":"6/23/25 12:00:00 AM","layer_id":165,"fid":10850,"label":"MobiFone Vĩnh Long"}},{"type":"Feature","geometry":{"type":"Point","coordinates":[106.54496,10.09026]},"properties":{"Tên doanh nghiệp":"MobiFone Vĩnh Long","Tên trạm BTS":"BTBI22","Địa chỉ lắp đặt":"số nhà 112, ấp An Hòa, Xã An Ngãi Trung, tỉnh Vĩnh Long","Trạm 3G":"3G","Số giấy chứng nhận kiểm định":"B03807230620TG05","Có giá trị đến":"6/23/25 12:00:00 AM","layer_id":165,"fid":10851,"label":"MobiFone Vĩnh Long"}},{"type":"Feature","geometry":{"type":"Point","coordinates":[106.6048,10.06052]},"properties":{"Tên doanh nghiệp":"MobiFone Vĩnh Long","Tên trạm BTS":"BTBI23","Địa chỉ lắp đặt":"ấp Phú Khương, Xã Tân Xuân, tỉnh Vĩnh Long","Trạm 3G":"3G","Số giấy chứng nhận kiểm định":"0804VTTG2025BTBI23","Có giá trị đến":"4/8/30 12:00:00 AM","layer_id":165,"fid":10852,"label":"MobiFone Vĩnh Long"}},{"type":"Feature","geometry":{"type":"Point","coordinates":[106.61163347,9.98148118]},"properties":{"Tên doanh nghiệp":"MobiFone Vĩnh Long","Tên trạm BTS":"BTBI24","Địa chỉ lắp đặt":"ấp 8, Xã Tân Thủy, tỉnh Vĩnh Long","Trạm 3G":"3G","Số giấy chứng nhận kiểm định":"B03808230620TG05","Có giá trị đến":"6/23/25 12:00:00 AM","layer_id":165,"fid":10853,"label":"MobiFone Vĩnh Long"}},{"type":"Feature","geometry":{"type":"Point","coordinates":[106.5847304,10.1044967]},"properties":{"Tên doanh nghiệp":"MobiFone Vĩnh Long","Tên trạm BTS":"BTBI25","Địa chỉ lắp đặt":"Ấp Nhơn Hòa, Xã Mỹ Chánh Hòa, tỉnh Vĩnh Long","Trạm 3G":"3G","Số giấy chứng nhận kiểm định":"0804VTTG2025BTBI25","Có giá trị đến":"4/8/30 12:00:00 AM","layer_id":165,"fid":10854,"label":"MobiFone Vĩnh Long"}},{"type":"Feature","geometry":{"type":"Point","coordinates":[106.56291,10.01174]},"properties":{"Tên doanh nghiệp":"MobiFone Vĩnh Long","Tên trạm BTS":"BTBI26","Địa chỉ lắp đặt":"thửa đất số 112, tờ bản đồ số 09, ấp Giồng Xoài, Xã Ba Tri, tỉnh Vĩnh Long","Trạm 3G":"3G","Số giấy chứng nhận kiểm định":"0804VTTG2025BTBI26","Có giá trị đến":"4/8/30 12:00:00 AM","layer_id":165,"fid":10855,"label":"MobiFone Vĩnh Long"}},{"type":"Feature","geometry":{"type":"Point","coordinates":[106.54098,10.1094]},"properties":{"Tên doanh nghiệp":"MobiFone Vĩnh Long","Tên trạm BTS":"BTBI27","Địa chỉ lắp đặt":"ấp An Thuận, Xã An Ngãi Trung, tỉnh Vĩnh Long","Trạm 3G":"3G","Số giấy chứng nhận kiểm định":"A05617150321TG05","Có giá trị đến":"3/15/26 12:00:00 AM","layer_id":165,"fid":10856,"label":"MobiFone Vĩnh Long"}},{"type":"Feature","geometry":{"type":"Point","coordinates":[106.66804,10.07102]},"properties":{"Tên doanh nghiệp":"MobiFone Vĩnh Long","Tên trạm BTS":"BTBI28","Địa chỉ lắp đặt":"ấp 9, Xã Bảo Thạnh, tỉnh Vĩnh Long","Trạm 3G":"3G","Số giấy chứng nhận kiểm định":"2909VTTG2021BTBI28","Có giá trị đến":"9/29/26 12:00:00 AM","layer_id":165,"fid":10857,"label":"MobiFone Vĩnh Long"}},{"type":"Feature","geometry":{"type":"Point","coordinates":[106.599076,10.041134]},"properties":{"Tên doanh nghiệp":"MobiFone Vĩnh Long","Tên trạm BTS":"BTBI29","Địa chỉ lắp đặt":"số nhà 124/3, tổ 3, Khu Phố 4, Xã Ba Tri, tỉnh Vĩnh Long","Trạm 3G":"3G","Số giấy chứng nhận kiểm định":"B03803230620TG05","Có giá trị đến":"6/23/25 12:00:00 AM","layer_id":165,"fid":10858,"label":"MobiFone Vĩnh Long"}},{"type":"Feature","geometry":{"type":"Point","coordinates":[106.50034,10.03929]},"properties":{"Tên doanh nghiệp":"MobiFone Vĩnh Long","Tên trạm BTS":"BTBI30","Địa chỉ lắp đặt":"ấp Giồng Trôm, Xã An Hiệp, tỉnh Vĩnh Long","Trạm 3G":"3G","Số giấy chứng nhận kiểm định":"2909VTTG2021BTBI30","Có giá trị đến":"9/29/26 12:00:00 AM","layer_id":165,"fid":10859,"label":"MobiFone Vĩnh Long"}},{"type":"Feature","geometry":{"type":"Point","coordinates":[106.60658,9.997645]},"properties":{"Tên doanh nghiệp":"MobiFone Vĩnh Long","Tên trạm BTS":"BTBI31","Địa chỉ lắp đặt":"ấp An Bình 2, Xã Tân Thủy, tỉnh Vĩnh Long","Trạm 3G":"3G","Số giấy chứng nhận kiểm định":"A04194180325TG05","Có giá trị đến":"3/18/30 12:00:00 AM","layer_id":165,"fid":10860,"label":"MobiFone Vĩnh Long"}},{"type":"Feature","geometry":{"type":"Point","coordinates":[106.610206,10.146958]},"properties":{"Tên doanh nghiệp":"MobiFone Vĩnh Long","Tên trạm BTS":"BTBI32","Địa chỉ lắp đặt":"Số nhà 240, Ấp Mỹ Quí, Xã Tân Xuân, tỉnh Vĩnh Long","Trạm 3G":"3G","Số giấy chứng nhận kiểm định":"2909VTTG2021BTBI32","Có giá trị đến":"9/29/26 12:00:00 AM","layer_id":165,"fid":10861,"label":"MobiFone Vĩnh Long"}},{"type":"Feature","geometry":{"type":"Point","coordinates":[106.67016,10.09967]},"properties":{"Tên doanh nghiệp":"MobiFone Vĩnh Long","Tên trạm BTS":"BTBI33","Địa chỉ lắp đặt":"số nhà 208/TT, ấp Thạnh Thọ, Xã Bảo Thạnh, tỉnh Vĩnh Long","Trạm 3G":"3G","Số giấy chứng nhận kiểm định":"2909VTTG2021BTBI33","Có giá trị đến":"9/29/26 12:00:00 AM","layer_id":165,"fid":10862,"label":"MobiFone Vĩnh Long"}},{"type":"Feature","geometry":{"type":"Point","coordinates":[106.582864,10.034852]},"properties":{"Tên doanh nghiệp":"MobiFone Vĩnh Long","Tên trạm BTS":"BTBI34","Địa chỉ lắp đặt":"số nhà 245/GC, ấp Giồng Cục, Xã Ba Tri, tỉnh Vĩnh Long","Trạm 3G":"3G","Số giấy chứng nhận kiểm định":"B03805230620TG05","Có giá trị đến":"6/23/25 12:00:00 AM","layer_id":165,"fid":10863,"label":"MobiFone Vĩnh Long"}},{"type":"Feature","geometry":{"type":"Point","coordinates":[106.62582,10.04308]},"properties":{"Tên doanh nghiệp":"MobiFone Vĩnh Long","Tên trạm BTS":"BTBI35","Địa chỉ lắp đặt":"số nhà 111/BT, ấp Bảo Hòa, Xã Ba Tri, tỉnh Vĩnh Long","Trạm 3G":"3G","Số giấy chứng nhận kiểm định":"A05618150321TG05","Có giá trị đến":"3/15/26 12:00:00 AM","layer_id":165,"fid":10864,"label":"MobiFone Vĩnh Long"}},{"type":"Feature","geometry":{"type":"Point","coordinates":[106.663,10.02415]},"properties":{"Tên doanh nghiệp":"MobiFone Vĩnh Long","Tên trạm BTS":"BTBI36","Địa chỉ lắp đặt":"số nhà 236, ấp Thạnh Bình, Xã Bảo Thạnh, tỉnh Vĩnh Long","Trạm 3G":"3G","Số giấy chứng nhận kiểm định":"2909VTTG2021BTBI36","Có giá trị đến":"9/29/26 12:00:00 AM","layer_id":165,"fid":10865,"label":"MobiFone Vĩnh Long"}},{"type":"Feature","geometry":{"type":"Point","coordinates":[106.62645,9.9816]},"properties":{"Tên doanh nghiệp":"MobiFone Vĩnh Long","Tên trạm BTS":"BTBI37","Địa chỉ lắp đặt":"ấp 4, Xã Tân Thủy, tỉnh Vĩnh Long","Trạm 3G":"3G","Số giấy chứng nhận kiểm định":"B03809230620TG05","Có giá trị đến":"6/23/25 12:00:00 AM","layer_id":165,"fid":10866,"label":"MobiFone Vĩnh Long"}},{"type":"Feature","geometry":{"type":"Point","coordinates":[106.58309,9.99757]},"properties":{"Tên doanh nghiệp":"MobiFone Vĩnh Long","Tên trạm BTS":"BTBI38","Địa chỉ lắp đặt":"ấp An quý, Xã Tân Thủy, tỉnh Vĩnh Long","Trạm 3G":"3G","Số giấy chứng nhận kiểm định":"2909VTTG2021BTBI38","Có giá trị đến":"9/29/26 12:00:00 AM","layer_id":165,"fid":10867,"label":"MobiFone Vĩnh Long"}},{"type":"Feature","geometry":{"type":"Point","coordinates":[106.58487,10.06746]},"properties":{"Tên doanh nghiệp":"MobiFone Vĩnh Long","Tên trạm BTS":"BTBI39","Địa chỉ lắp đặt":"ấp An Thạnh, Xã Ba Tri, tỉnh Vĩnh Long","Trạm 3G":"3G","Số giấy chứng nhận kiểm định":"2909VTTG2021BTBI39","Có giá trị đến":"9/29/26 12:00:00 AM","layer_id":165,"fid":10868,"label":"MobiFone Vĩnh Long"}},{"type":"Feature","geometry":{"type":"Point","coordinates":[106.580877,10.047836]},"properties":{"Tên doanh nghiệp":"MobiFone Vĩnh Long","Tên trạm BTS":"BTBI40","Địa chỉ lắp đặt":"ấp 1, Xã Ba Tri, tỉnh Vĩnh Long","Trạm 3G":"3G","Số giấy chứng nhận kiểm định":"A15047021224TG05","Có giá trị đến":"12/2/29 12:00:00 AM","layer_id":165,"fid":10869,"label":"MobiFone Vĩnh Long"}},{"type":"Feature","geometry":{"type":"Point","coordinates":[106.55641,10.06099]},"properties":{"Tên doanh nghiệp":"MobiFone Vĩnh Long","Tên trạm BTS":"BTBI41","Địa chỉ lắp đặt":"thửa đất số 250, tờ bản đồ số 03, ấp An Hòa, Xã Ba Tri, tỉnh Vĩnh Long","Trạm 3G":"3G","Số giấy chứng nhận kiểm định":"0107VTTG2022BTBI41","Có giá trị đến":"7/1/27 12:00:00 AM","layer_id":165,"fid":10870,"label":"MobiFone Vĩnh Long"}},{"type":"Feature","geometry":{"type":"Point","coordinates":[106.57163,10.01984]},"properties":{"Tên doanh nghiệp":"MobiFone Vĩnh Long","Tên trạm BTS":"BTBI42","Địa chỉ lắp đặt":"thửa đất số 188, tờ bản đồ số 08, ấp 8, Xã Ba Tri, tỉnh Vĩnh Long","Trạm 3G":"3G","Số giấy chứng nhận kiểm định":"0107VTTG2022BTBI42","Có giá trị đến":"7/1/27 12:00:00 AM","layer_id":165,"fid":10871,"label":"MobiFone Vĩnh Long"}},{"type":"Feature","geometry":{"type":"Point","coordinates":[106.63066,10.13267]},"properties":{"Tên doanh nghiệp":"MobiFone Vĩnh Long","Tên trạm BTS":"BTBI43","Địa chỉ lắp đặt":"Ấp Tân An, Xã Tân Xuân, tỉnh Vĩnh Long","Trạm 3G":"3G","Số giấy chứng nhận kiểm định":"A04195180325TG05","Có giá trị đến":"3/18/30 12:00:00 AM","layer_id":165,"fid":10872,"label":"MobiFone Vĩnh Long"}},{"type":"Feature","geometry":{"type":"Point","coordinates":[106.55128,10.04592]},"properties":{"Tên doanh nghiệp":"MobiFone Vĩnh Long","Tên trạm BTS":"BTBI44","Địa chỉ lắp đặt":"ấp 7, Xã An Hiệp, tỉnh Vĩnh Long","Trạm 3G":"3G","Số giấy chứng nhận kiểm định":"0107VTTG2022BTBI44","Có giá trị đến":"7/1/27 12:00:00 AM","layer_id":165,"fid":10873,"label":"MobiFone Vĩnh Long"}},{"type":"Feature","geometry":{"type":"Point","coordinates":[106.56544,10.03982]},"properties":{"Tên doanh nghiệp":"MobiFone Vĩnh Long","Tên trạm BTS":"BTBI45","Địa chỉ lắp đặt":"thửa đất số 275, tờ bản đồ số 14, ấp An Thuận, Xã Ba Tri, tỉnh Vĩnh Long","Trạm 3G":"3G","Số giấy chứng nhận kiểm định":"0107VTTG2022BTBI45","Có giá trị đến":"7/1/27 12:00:00 AM","layer_id":165,"fid":10874,"label":"MobiFone Vĩnh Long"}},{"type":"Feature","geometry":{"type":"Point","coordinates":[106.512436,10.068932]},"properties":{"Tên doanh nghiệp":"MobiFone Vĩnh Long","Tên trạm BTS":"BTBI46","Địa chỉ lắp đặt":"thửa đất số 31, tờ bản đồ số 1, Xã An Hiệp, tỉnh Vĩnh Long","Trạm 3G":"3G","Số giấy chứng nhận kiểm định":"0107VTTG2025BTBI46","Có giá trị đến":"7/1/30 12:00:00 AM","layer_id":165,"fid":10875,"label":"MobiFone Vĩnh Long"}},{"type":"Feature","geometry":{"type":"Point","coordinates":[106.56829,10.15936]},"properties":{"Tên doanh nghiệp":"MobiFone Vĩnh Long","Tên trạm BTS":"BTBI47","Địa chỉ lắp đặt":"Thửa đất số 9, TBĐ số 10, Ấp Mỹ Hòa, Xã Mỹ Chánh Hòa, tỉnh Vĩnh Long","Trạm 3G":"3G","Số giấy chứng nhận kiểm định":"0107VTTG2025BTBI47","Có giá trị đến":"7/1/30 12:00:00 AM","layer_id":165,"fid":10876,"label":"MobiFone Vĩnh Long"}},{"type":"Feature","geometry":{"type":"Point","coordinates":[106.63012,10.05402]},"properties":{"Tên doanh nghiệp":"Viễn thông Vĩnh Long","Tên trạm BTS":"Ben-Vua-BTE","Địa chỉ lắp đặt":"Ba Tri, Vĩnh Long","Trạm 3G":"3G","Số giấy chứng nhận kiểm định":null,"Có giá trị đến":"23/08/2029","layer_id":165,"fid":11294,"label":"Viễn thông Vĩnh Long"}},{"type":"Feature","geometry":{"type":"Point","coordinates":[106.604,10.1268]},"properties":{"Tên doanh nghiệp":"MobiFone Vĩnh Long","Tên trạm BTS":"BTBI48","Địa chỉ lắp đặt":"Thửa đất số 344, TBĐ số 17, Xã Tân Xuân, tỉnh Vĩnh Long","Trạm 3G":"3G","Số giấy chứng nhận kiểm định":"0107VTTG2025BTBI48","Có giá trị đến":"7/1/30 12:00:00 AM","layer_id":165,"fid":10877,"label":"MobiFone Vĩnh Long"}},{"type":"Feature","geometry":{"type":"Point","coordinates":[106.612,10.0756]},"properties":{"Tên doanh nghiệp":"MobiFone Vĩnh Long","Tên trạm BTS":"BTBI50","Địa chỉ lắp đặt":"thửa đất số 235, TBĐ số 07, Xã Tân Xuân, tỉnh Vĩnh Long","Trạm 3G":"3G","Số giấy chứng nhận kiểm định":"0107VTTG2025BTBI50","Có giá trị đến":"7/1/30 12:00:00 AM","layer_id":165,"fid":10878,"label":"MobiFone Vĩnh Long"}},{"type":"Feature","geometry":{"type":"Point","coordinates":[106.601,10.1092]},"properties":{"Tên doanh nghiệp":"MobiFone Vĩnh Long","Tên trạm BTS":"BTBI51","Địa chỉ lắp đặt":"Thửa đất 412, TBĐ số 24, Ấp Tân Điểm, Xã Tân Xuân, tỉnh Vĩnh Long","Trạm 3G":"3G","Số giấy chứng nhận kiểm định":"0107VTTG2025BTBI51","Có giá trị đến":"7/1/30 12:00:00 AM","layer_id":165,"fid":10879,"label":"MobiFone Vĩnh Long"}},{"type":"Feature","geometry":{"type":"Point","coordinates":[106.63,10.054]},"properties":{"Tên doanh nghiệp":"MobiFone Vĩnh Long","Tên trạm BTS":"BTBI52","Địa chỉ lắp đặt":"thửa đất số 765, TBĐ số 05, Xã Ba Tri, tỉnh Vĩnh Long","Trạm 3G":"3G","Số giấy chứng nhận kiểm định":"0107VTTG2025BTBI52","Có giá trị đến":"7/1/30 12:00:00 AM","layer_id":165,"fid":10880,"label":"MobiFone Vĩnh Long"}},{"type":"Feature","geometry":{"type":"Point","coordinates":[106.521,10.0308]},"properties":{"Tên doanh nghiệp":"MobiFone Vĩnh Long","Tên trạm BTS":"BTBI53","Địa chỉ lắp đặt":"thửa đất số 255, TBĐ số 20, ấp Giồng Sao, Xã An Hiệp, tỉnh Vĩnh Long","Trạm 3G":"3G","Số giấy chứng nhận kiểm định":"0107VTTG2025BTBI53","Có giá trị đến":"7/1/30 12:00:00 AM","layer_id":165,"fid":10881,"label":"MobiFone Vĩnh Long"}},{"type":"Feature","geometry":{"type":"Point","coordinates":[106.375816,10.235545]},"properties":{"Tên doanh nghiệp":"MobiFone Vĩnh Long","Tên trạm BTS":"BTBT01","Địa chỉ lắp đặt":"Số 1 , đường Cách Mạng Tháng 8, Phường An Hội, tỉnh Vĩnh Long","Trạm 3G":"3G","Số giấy chứng nhận kiểm định":"A13044221122TG05","Có giá trị đến":"11/22/27 12:00:00 AM","layer_id":165,"fid":10882,"label":"MobiFone Vĩnh Long"}},{"type":"Feature","geometry":{"type":"Point","coordinates":[106.36617,10.23948]},"properties":{"Tên doanh nghiệp":"MobiFone Vĩnh Long","Tên trạm BTS":"BTBT02","Địa chỉ lắp đặt":"155S1,Đường Đoàn Hoàng Minh., Phường An Hội, tỉnh Vĩnh Long","Trạm 3G":"3G","Số giấy chứng nhận kiểm định":"A15019021224TG05","Có giá trị đến":"12/2/29 12:00:00 AM","layer_id":165,"fid":10883,"label":"MobiFone Vĩnh Long"}},{"type":"Feature","geometry":{"type":"Point","coordinates":[106.3622305,10.259288]},"properties":{"Tên doanh nghiệp":"MobiFone Vĩnh Long","Tên trạm BTS":"BTBT03","Địa chỉ lắp đặt":"193A đường Đồng Khởi, khu phố 3, Phường Phú Tân, tỉnh Vĩnh Long","Trạm 3G":"3G","Số giấy chứng nhận kiểm định":"A14429261124TG05","Có giá trị đến":"12/2/29 12:00:00 AM","layer_id":165,"fid":10884,"label":"MobiFone Vĩnh Long"}},{"type":"Feature","geometry":{"type":"Point","coordinates":[106.35939,10.23528]},"properties":{"Tên doanh nghiệp":"MobiFone Vĩnh Long","Tên trạm BTS":"BTBT04","Địa chỉ lắp đặt":"20E4 đường số 4, Khu  dân cư Sao Mai., Phường Bến Tre, tỉnh Vĩnh Long","Trạm 3G":"3G","Số giấy chứng nhận kiểm định":"A15048021224TG05","Có giá trị đến":"12/2/29 12:00:00 AM","layer_id":165,"fid":10885,"label":"MobiFone Vĩnh Long"}},{"type":"Feature","geometry":{"type":"Point","coordinates":[106.3934685,10.2403941]},"properties":{"Tên doanh nghiệp":"MobiFone Vĩnh Long","Tên trạm BTS":"BTBT05","Địa chỉ lắp đặt":"ấp Phú Chiến, Phường Phú Khương, tỉnh Vĩnh Long","Trạm 3G":"3G","Số giấy chứng nhận kiểm định":"A15020021224TG05","Có giá trị đến":"12/2/29 12:00:00 AM","layer_id":165,"fid":10886,"label":"MobiFone Vĩnh Long"}},{"type":"Feature","geometry":{"type":"Point","coordinates":[106.382585,10.257021]},"properties":{"Tên doanh nghiệp":"MobiFone Vĩnh Long","Tên trạm BTS":"BTBT06","Địa chỉ lắp đặt":"Số nhà 11 đường Nguyễn Huệ, khu phố 6, Phường Phú Khương, tỉnh Vĩnh Long","Trạm 3G":"3G","Số giấy chứng nhận kiểm định":"A14430261124TG05","Có giá trị đến":"12/2/29 12:00:00 AM","layer_id":165,"fid":10887,"label":"MobiFone Vĩnh Long"}},{"type":"Feature","geometry":{"type":"Point","coordinates":[106.41368,10.23097]},"properties":{"Tên doanh nghiệp":"MobiFone Vĩnh Long","Tên trạm BTS":"BTBT07","Địa chỉ lắp đặt":"số nhà 425, ấp Phú Hoà, Phường Phú Khương, tỉnh Vĩnh Long","Trạm 3G":"3G","Số giấy chứng nhận kiểm định":"A02763080222TG05","Có giá trị đến":"2/8/27 12:00:00 AM","layer_id":165,"fid":10888,"label":"MobiFone Vĩnh Long"}},{"type":"Feature","geometry":{"type":"Point","coordinates":[106.3870629,10.23806335]},"properties":{"Tên doanh nghiệp":"MobiFone Vĩnh Long","Tên trạm BTS":"BTBT08","Địa chỉ lắp đặt":"số nhà 124C đường Nguyễn Định Chiểu, khu phố 2, Phường Phú Khương, tỉnh Vĩnh Long","Trạm 3G":"3G","Số giấy chứng nhận kiểm định":"A05619150321TG05","Có giá trị đến":"3/15/26 12:00:00 AM","layer_id":165,"fid":10889,"label":"MobiFone Vĩnh Long"}},{"type":"Feature","geometry":{"type":"Point","coordinates":[106.37639,10.24655]},"properties":{"Tên doanh nghiệp":"MobiFone Vĩnh Long","Tên trạm BTS":"BTBT09","Địa chỉ lắp đặt":"số nhà 406C4 Đồng Khởi, khu phố 6, Phường Phú Khương, tỉnh Vĩnh Long","Trạm 3G":"3G","Số giấy chứng nhận kiểm định":"A15021021224TG05","Có giá trị đến":"12/2/29 12:00:00 AM","layer_id":165,"fid":10890,"label":"MobiFone Vĩnh Long"}},{"type":"Feature","geometry":{"type":"Point","coordinates":[106.37727,10.20149]},"properties":{"Tên doanh nghiệp":"MobiFone Vĩnh Long","Tên trạm BTS":"BTBT10","Địa chỉ lắp đặt":"153 H, Ấp 1., Phường An Hội, tỉnh Vĩnh Long","Trạm 3G":"3G","Số giấy chứng nhận kiểm định":"A05620150321TG05","Có giá trị đến":"3/15/26 12:00:00 AM","layer_id":165,"fid":10891,"label":"MobiFone Vĩnh Long"}},{"type":"Feature","geometry":{"type":"Point","coordinates":[106.34611,10.26446]},"properties":{"Tên doanh nghiệp":"MobiFone Vĩnh Long","Tên trạm BTS":"BTBT11","Địa chỉ lắp đặt":"Ấp 2, Phường Sơn Đông, tỉnh Vĩnh Long","Trạm 3G":"3G","Số giấy chứng nhận kiểm định":"A14431261124TG05","Có giá trị đến":"12/2/29 12:00:00 AM","layer_id":165,"fid":10892,"label":"MobiFone Vĩnh Long"}},{"type":"Feature","geometry":{"type":"Point","coordinates":[106.37557,10.25573]},"properties":{"Tên doanh nghiệp":"MobiFone Vĩnh Long","Tên trạm BTS":"BTBT12","Địa chỉ lắp đặt":"thửa đất số 15, tờ bản đồ số 25, số nhà 122A1 đường Nguyễn Thị Định, khu phố 2, Phường Phú Tân, tỉnh Vĩnh Long","Trạm 3G":"3G","Số giấy chứng nhận kiểm định":"A14432261124TG05","Có giá trị đến":"12/2/29 12:00:00 AM","layer_id":165,"fid":10893,"label":"MobiFone Vĩnh Long"}},{"type":"Feature","geometry":{"type":"Point","coordinates":[106.3651421,10.2464452]},"properties":{"Tên doanh nghiệp":"MobiFone Vĩnh Long","Tên trạm BTS":"BTBT13","Địa chỉ lắp đặt":"thửa đất số 64, tờ bản đồ số 13, số nhà 4B1, tổ 1, khu phố Bình Nghĩa, Phường Sơn Đông, tỉnh Vĩnh Long","Trạm 3G":"3G","Số giấy chứng nhận kiểm định":"A15022021224TG05","Có giá trị đến":"12/2/29 12:00:00 AM","layer_id":165,"fid":10894,"label":"MobiFone Vĩnh Long"}},{"type":"Feature","geometry":{"type":"Point","coordinates":[106.3874149,10.21535876]},"properties":{"Tên doanh nghiệp":"MobiFone Vĩnh Long","Tên trạm BTS":"BTBT15","Địa chỉ lắp đặt":"90A, Ấp 1, Phường Phú Khương, tỉnh Vĩnh Long","Trạm 3G":"3G","Số giấy chứng nhận kiểm định":"A05621150321TG05","Có giá trị đến":"3/15/26 12:00:00 AM","layer_id":165,"fid":10895,"label":"MobiFone Vĩnh Long"}},{"type":"Feature","geometry":{"type":"Point","coordinates":[106.3704959,10.23843191]},"properties":{"Tên doanh nghiệp":"MobiFone Vĩnh Long","Tên trạm BTS":"BTBT16","Địa chỉ lắp đặt":"thửa đất số 158, tờ bản đồ số 06, số nhà 163A đường Đoàn Hoàng Minh, khu phố 1, Phường An Hội, tỉnh Vĩnh Long","Trạm 3G":"3G","Số giấy chứng nhận kiểm định":"A15030021224TG05","Có giá trị đến":"12/2/29 12:00:00 AM","layer_id":165,"fid":10896,"label":"MobiFone Vĩnh Long"}},{"type":"Feature","geometry":{"type":"Point","coordinates":[106.4024,10.23743]},"properties":{"Tên doanh nghiệp":"MobiFone Vĩnh Long","Tên trạm BTS":"BTBT17","Địa chỉ lắp đặt":"thửa đất số 61, tờ bản đồ số 40, số nhà 28, ấp Phú Chiến, Phường Phú Khương, tỉnh Vĩnh Long","Trạm 3G":"3G","Số giấy chứng nhận kiểm định":"A15023021224TG05","Có giá trị đến":"12/2/29 12:00:00 AM","layer_id":165,"fid":10897,"label":"MobiFone Vĩnh Long"}},{"type":"Feature","geometry":{"type":"Point","coordinates":[106.3961554,10.25081629]},"properties":{"Tên doanh nghiệp":"MobiFone Vĩnh Long","Tên trạm BTS":"BTBT18","Địa chỉ lắp đặt":"thửa đất số 72, tờ bản đồ số 18 đường Lộ Thầy Cay, ấp Phú Thành, Phường Phú Khương, tỉnh Vĩnh Long","Trạm 3G":"3G","Số giấy chứng nhận kiểm định":"A15024021224TG05","Có giá trị đến":"12/2/29 12:00:00 AM","layer_id":165,"fid":10898,"label":"MobiFone Vĩnh Long"}},{"type":"Feature","geometry":{"type":"Point","coordinates":[106.37809,10.23097]},"properties":{"Tên doanh nghiệp":"MobiFone Vĩnh Long","Tên trạm BTS":"BTBT19","Địa chỉ lắp đặt":"100E, Ấp An Thuận B, Phường An Hội, tỉnh Vĩnh Long","Trạm 3G":"3G","Số giấy chứng nhận kiểm định":"A15049021224TG05","Có giá trị đến":"12/2/29 12:00:00 AM","layer_id":165,"fid":10899,"label":"MobiFone Vĩnh Long"}},{"type":"Feature","geometry":{"type":"Point","coordinates":[106.35704,10.22902]},"properties":{"Tên doanh nghiệp":"MobiFone Vĩnh Long","Tên trạm BTS":"BTBT20","Địa chỉ lắp đặt":"251C1 Đường Nguyễn Văn Tư, Phường Bến Tre, tỉnh Vĩnh Long","Trạm 3G":"3G","Số giấy chứng nhận kiểm định":"A15050021224TG05","Có giá trị đến":"12/2/29 12:00:00 AM","layer_id":165,"fid":10900,"label":"MobiFone Vĩnh Long"}},{"type":"Feature","geometry":{"type":"Point","coordinates":[106.36876,10.21058]},"properties":{"Tên doanh nghiệp":"MobiFone Vĩnh Long","Tên trạm BTS":"BTBT21","Địa chỉ lắp đặt":"34B2, Ấp 2, Phường An Hội, tỉnh Vĩnh Long","Trạm 3G":"3G","Số giấy chứng nhận kiểm định":"A15051021224TG05","Có giá trị đến":"12/2/29 12:00:00 AM","layer_id":165,"fid":10901,"label":"MobiFone Vĩnh Long"}},{"type":"Feature","geometry":{"type":"Point","coordinates":[106.3514712,10.23996969]},"properties":{"Tên doanh nghiệp":"MobiFone Vĩnh Long","Tên trạm BTS":"BTBT22","Địa chỉ lắp đặt":"số nhà 90, tổ 15, ấp Bình Thành, Phường Bến Tre, tỉnh Vĩnh Long","Trạm 3G":"3G","Số giấy chứng nhận kiểm định":"A15025021224TG05","Có giá trị đến":"12/2/29 12:00:00 AM","layer_id":165,"fid":10902,"label":"MobiFone Vĩnh Long"}},{"type":"Feature","geometry":{"type":"Point","coordinates":[106.367193,10.2569]},"properties":{"Tên doanh nghiệp":"MobiFone Vĩnh Long","Tên trạm BTS":"BTBT23","Địa chỉ lắp đặt":"số nhà 71A, khu phố 3, Phường Phú Tân, tỉnh Vĩnh Long","Trạm 3G":"3G","Số giấy chứng nhận kiểm định":"A02764080222TG05","Có giá trị đến":"2/8/27 12:00:00 AM","layer_id":165,"fid":10903,"label":"MobiFone Vĩnh Long"}},{"type":"Feature","geometry":{"type":"Point","coordinates":[106.367282,10.236702]},"properties":{"Tên doanh nghiệp":"MobiFone Vĩnh Long","Tên trạm BTS":"BTBT24","Địa chỉ lắp đặt":"163A2 Đường Nguyễn Văn Tư, Phường An Hội, tỉnh Vĩnh Long","Trạm 3G":"3G","Số giấy chứng nhận kiểm định":"B02147150420TG05","Có giá trị đến":"4/15/25 12:00:00 AM","layer_id":165,"fid":10904,"label":"MobiFone Vĩnh Long"}},{"type":"Feature","geometry":{"type":"Point","coordinates":[106.38177,10.24183]},"properties":{"Tên doanh nghiệp":"MobiFone Vĩnh Long","Tên trạm BTS":"BTBT25","Địa chỉ lắp đặt":"số nhà 234/6 đường Nguyễn Huệ, Phường An Hội, tỉnh Vĩnh Long","Trạm 3G":"3G","Số giấy chứng nhận kiểm định":"A15026021224TG05","Có giá trị đến":"12/2/29 12:00:00 AM","layer_id":165,"fid":10905,"label":"MobiFone Vĩnh Long"}},{"type":"Feature","geometry":{"type":"Point","coordinates":[106.37096,10.24312]},"properties":{"Tên doanh nghiệp":"MobiFone Vĩnh Long","Tên trạm BTS":"BTBT26","Địa chỉ lắp đặt":"số nhà 430B đường Đồng Khởi, khu phố 5, Phường An Hội, tỉnh Vĩnh Long","Trạm 3G":"3G","Số giấy chứng nhận kiểm định":"A15027021224TG05","Có giá trị đến":"12/2/29 12:00:00 AM","layer_id":165,"fid":10906,"label":"MobiFone Vĩnh Long"}},{"type":"Feature","geometry":{"type":"Point","coordinates":[106.378038,10.243874]},"properties":{"Tên doanh nghiệp":"MobiFone Vĩnh Long","Tên trạm BTS":"BTBT27","Địa chỉ lắp đặt":"số nhà 54/2 đường Phan Đình Phùng, khu phố 2, Phường An Hội, tỉnh Vĩnh Long","Trạm 3G":"3G","Số giấy chứng nhận kiểm định":"B02148150420TG05","Có giá trị đến":"4/15/25 12:00:00 AM","layer_id":165,"fid":10907,"label":"MobiFone Vĩnh Long"}},{"type":"Feature","geometry":{"type":"Point","coordinates":[106.3553873,10.25132738]},"properties":{"Tên doanh nghiệp":"MobiFone Vĩnh Long","Tên trạm BTS":"BTBT28","Địa chỉ lắp đặt":"thửa đất số 126, tờ bản đồ số 19 Quốc Lộ 60, ấp 1, Phường Sơn Đông, tỉnh Vĩnh Long","Trạm 3G":"3G","Số giấy chứng nhận kiểm định":"A14433261124TG05","Có giá trị đến":"12/2/29 12:00:00 AM","layer_id":165,"fid":10908,"label":"MobiFone Vĩnh Long"}},{"type":"Feature","geometry":{"type":"Point","coordinates":[106.38033,10.249102]},"properties":{"Tên doanh nghiệp":"MobiFone Vĩnh Long","Tên trạm BTS":"BTBT29","Địa chỉ lắp đặt":"số nhà 495/C1 đường Nguyễn Huệ, Khu Phố 06, Phường Phú Khương, tỉnh Vĩnh Long","Trạm 3G":"3G","Số giấy chứng nhận kiểm định":"A14434261124TG05","Có giá trị đến":"12/2/29 12:00:00 AM","layer_id":165,"fid":10909,"label":"MobiFone Vĩnh Long"}},{"type":"Feature","geometry":{"type":"Point","coordinates":[106.35666,10.24258]},"properties":{"Tên doanh nghiệp":"MobiFone Vĩnh Long","Tên trạm BTS":"BTBT30","Địa chỉ lắp đặt":"số nhà 109A1, ấp Bình Thành, Phường Bến Tre, tỉnh Vĩnh Long","Trạm 3G":"3G","Số giấy chứng nhận kiểm định":"A05622150321TG05","Có giá trị đến":"3/15/26 12:00:00 AM","layer_id":165,"fid":10910,"label":"MobiFone Vĩnh Long"}},{"type":"Feature","geometry":{"type":"Point","coordinates":[106.428095,10.241452]},"properties":{"Tên doanh nghiệp":"MobiFone Vĩnh Long","Tên trạm BTS":"BTBT31","Địa chỉ lắp đặt":"ấp Phú Tự, Phường Phú Khương, tỉnh Vĩnh Long","Trạm 3G":"3G","Số giấy chứng nhận kiểm định":"A26522080621TG05","Có giá trị đến":"6/8/26 12:00:00 AM","layer_id":165,"fid":10911,"label":"MobiFone Vĩnh Long"}},{"type":"Feature","geometry":{"type":"Point","coordinates":[106.37013,10.25206]},"properties":{"Tên doanh nghiệp":"MobiFone Vĩnh Long","Tên trạm BTS":"BTBT32","Địa chỉ lắp đặt":"số nhà 27B3 đường Đoàn Hoàng Minh, khu phố 4, Phường Phú Khương, tỉnh Vĩnh Long","Trạm 3G":"3G","Số giấy chứng nhận kiểm định":"A14451261124TG05","Có giá trị đến":"12/2/29 12:00:00 AM","layer_id":165,"fid":10912,"label":"MobiFone Vĩnh Long"}},{"type":"Feature","geometry":{"type":"Point","coordinates":[106.37365,10.24004]},"properties":{"Tên doanh nghiệp":"MobiFone Vĩnh Long","Tên trạm BTS":"BTBT33","Địa chỉ lắp đặt":"số nhà 74/1 , khu phố 1, Phường An Hội, tỉnh Vĩnh Long","Trạm 3G":"3G","Số giấy chứng nhận kiểm định":"A02765080222TG05","Có giá trị đến":"2/8/27 12:00:00 AM","layer_id":165,"fid":10913,"label":"MobiFone Vĩnh Long"}},{"type":"Feature","geometry":{"type":"Point","coordinates":[106.35598,10.2154]},"properties":{"Tên doanh nghiệp":"MobiFone Vĩnh Long","Tên trạm BTS":"BTBT34","Địa chỉ lắp đặt":"27B1, Ấp Mỹ An, Phường An Hội, tỉnh Vĩnh Long","Trạm 3G":"3G","Số giấy chứng nhận kiểm định":"A26523080621TG05","Có giá trị đến":"6/8/26 12:00:00 AM","layer_id":165,"fid":10914,"label":"MobiFone Vĩnh Long"}},{"type":"Feature","geometry":{"type":"Point","coordinates":[106.38303,10.23783]},"properties":{"Tên doanh nghiệp":"MobiFone Vĩnh Long","Tên trạm BTS":"BTBT35","Địa chỉ lắp đặt":"số nhà 547D, khu phố 3, Phường Phú Khương, tỉnh Vĩnh Long","Trạm 3G":"3G","Số giấy chứng nhận kiểm định":"A15029021224TG05","Có giá trị đến":"12/2/29 12:00:00 AM","layer_id":165,"fid":10915,"label":"MobiFone Vĩnh Long"}},{"type":"Feature","geometry":{"type":"Point","coordinates":[106.38708,10.24675]},"properties":{"Tên doanh nghiệp":"MobiFone Vĩnh Long","Tên trạm BTS":"BTBT36","Địa chỉ lắp đặt":"số nhà 153A , khu phố 4, Phường Phú Khương, tỉnh Vĩnh Long","Trạm 3G":"3G","Số giấy chứng nhận kiểm định":"A15028021224TG05","Có giá trị đến":"12/2/29 12:00:00 AM","layer_id":165,"fid":10916,"label":"MobiFone Vĩnh Long"}},{"type":"Feature","geometry":{"type":"Point","coordinates":[106.3304011,10.2443227]},"properties":{"Tên doanh nghiệp":"MobiFone Vĩnh Long","Tên trạm BTS":"BTBT37","Địa chỉ lắp đặt":"số nhà 155, ấp Mỹ Đức, Phường Bến Tre, tỉnh Vĩnh Long","Trạm 3G":"3G","Số giấy chứng nhận kiểm định":"A26524080621TG05","Có giá trị đến":"6/8/26 12:00:00 AM","layer_id":165,"fid":10917,"label":"MobiFone Vĩnh Long"}},{"type":"Feature","geometry":{"type":"Point","coordinates":[106.37745,10.23557]},"properties":{"Tên doanh nghiệp":"MobiFone Vĩnh Long","Tên trạm BTS":"BTBT38","Địa chỉ lắp đặt":"số nhà 7 đường Nguyễn Bỉnh Khiêm, Phường An Hội, tỉnh Vĩnh Long","Trạm 3G":"3G","Số giấy chứng nhận kiểm định":"A05679040523TG05","Có giá trị đến":"5/4/28 12:00:00 AM","layer_id":165,"fid":10918,"label":"MobiFone Vĩnh Long"}},{"type":"Feature","geometry":{"type":"Point","coordinates":[106.35284,10.26339]},"properties":{"Tên doanh nghiệp":"MobiFone Vĩnh Long","Tên trạm BTS":"BTBT39","Địa chỉ lắp đặt":"ấp 1, Phường Sơn Đông, tỉnh Vĩnh Long","Trạm 3G":"3G","Số giấy chứng nhận kiểm định":"B02150150420TG05","Có giá trị đến":"4/15/25 12:00:00 AM","layer_id":165,"fid":10919,"label":"MobiFone Vĩnh Long"}},{"type":"Feature","geometry":{"type":"Point","coordinates":[106.39897,10.20937]},"properties":{"Tên doanh nghiệp":"MobiFone Vĩnh Long","Tên trạm BTS":"BTBT40","Địa chỉ lắp đặt":"Thừa đất số 449,tờ bản đồ số 10, Ấp 1, Phường Phú Khương, tỉnh Vĩnh Long","Trạm 3G":"3G","Số giấy chứng nhận kiểm định":"B02151150420TG05","Có giá trị đến":"4/15/25 12:00:00 AM","layer_id":165,"fid":10920,"label":"MobiFone Vĩnh Long"}},{"type":"Feature","geometry":{"type":"Point","coordinates":[106.39574,10.22756]},"properties":{"Tên doanh nghiệp":"MobiFone Vĩnh Long","Tên trạm BTS":"BTBT41","Địa chỉ lắp đặt":"126G, Ấp An Thuận B., Phường An Hội, tỉnh Vĩnh Long","Trạm 3G":"3G","Số giấy chứng nhận kiểm định":"B03791230620TG05","Có giá trị đến":"6/23/25 12:00:00 AM","layer_id":165,"fid":10921,"label":"MobiFone Vĩnh Long"}},{"type":"Feature","geometry":{"type":"Point","coordinates":[106.40876,10.24553]},"properties":{"Tên doanh nghiệp":"MobiFone Vĩnh Long","Tên trạm BTS":"BTBT44","Địa chỉ lắp đặt":"Số 61, ấp Phú Hưng, Phường Phú Khương, tỉnh Vĩnh Long","Trạm 3G":"3G","Số giấy chứng nhận kiểm định":"B03792230620TG05","Có giá trị đến":"6/23/25 12:00:00 AM","layer_id":165,"fid":10922,"label":"MobiFone Vĩnh Long"}},{"type":"Feature","geometry":{"type":"Point","coordinates":[106.387916,10.260274]},"properties":{"Tên doanh nghiệp":"MobiFone Vĩnh Long","Tên trạm BTS":"BTBT45","Địa chỉ lắp đặt":"thửa đất số 1343, tờ bản đồ số 11,kp2, Phường Phú Khương, tỉnh Vĩnh Long","Trạm 3G":"3G","Số giấy chứng nhận kiểm định":"B03789230620TG05","Có giá trị đến":"6/23/25 12:00:00 AM","layer_id":165,"fid":10923,"label":"MobiFone Vĩnh Long"}},{"type":"Feature","geometry":{"type":"Point","coordinates":[106.35788,10.26752]},"properties":{"Tên doanh nghiệp":"MobiFone Vĩnh Long","Tên trạm BTS":"BTBT46","Địa chỉ lắp đặt":"số nhà 198/1, ấp 1, Phường Sơn Đông, tỉnh Vĩnh Long","Trạm 3G":"3G","Số giấy chứng nhận kiểm định":"A26525080621TG05","Có giá trị đến":"6/8/26 12:00:00 AM","layer_id":165,"fid":10924,"label":"MobiFone Vĩnh Long"}},{"type":"Feature","geometry":{"type":"Point","coordinates":[106.33169,10.26953]},"properties":{"Tên doanh nghiệp":"MobiFone Vĩnh Long","Tên trạm BTS":"BTBT49","Địa chỉ lắp đặt":"Thửa đất 476.477 tờ bản đồ số 8, Phường Sơn Đông, tỉnh Vĩnh Long","Trạm 3G":"3G","Số giấy chứng nhận kiểm định":"A13045221122TG05","Có giá trị đến":"11/22/27 12:00:00 AM","layer_id":165,"fid":10925,"label":"MobiFone Vĩnh Long"}},{"type":"Feature","geometry":{"type":"Point","coordinates":[106.35935,10.24729]},"properties":{"Tên doanh nghiệp":"MobiFone Vĩnh Long","Tên trạm BTS":"BTBT50","Địa chỉ lắp đặt":"Thửa đất 310, TBĐ số 08, 151A13 Bình Khởi, Phường Sơn Đông, tỉnh Vĩnh Long","Trạm 3G":"3G","Số giấy chứng nhận kiểm định":"A13046221122TG05","Có giá trị đến":"11/22/27 12:00:00 AM","layer_id":165,"fid":10926,"label":"MobiFone Vĩnh Long"}},{"type":"Feature","geometry":{"type":"Point","coordinates":[106.37108,10.2277]},"properties":{"Tên doanh nghiệp":"MobiFone Vĩnh Long","Tên trạm BTS":"BTBT51","Địa chỉ lắp đặt":"Thửa đất 798, TBD số 2, Phường An Hội, tỉnh Vĩnh Long","Trạm 3G":"3G","Số giấy chứng nhận kiểm định":"A13047221122TG05","Có giá trị đến":"11/22/27 12:00:00 AM","layer_id":165,"fid":10927,"label":"MobiFone Vĩnh Long"}},{"type":"Feature","geometry":{"type":"Point","coordinates":[106.33728,10.23789]},"properties":{"Tên doanh nghiệp":"MobiFone Vĩnh Long","Tên trạm BTS":"BTBT52","Địa chỉ lắp đặt":"Thửa đất số 306, tờ bản đồ số 08, Phường Bến Tre, tỉnh Vĩnh Long","Trạm 3G":"3G","Số giấy chứng nhận kiểm định":"A13048221122TG05","Có giá trị đến":"11/22/27 12:00:00 AM","layer_id":165,"fid":10928,"label":"MobiFone Vĩnh Long"}},{"type":"Feature","geometry":{"type":"Point","coordinates":[106.36437,10.22063]},"properties":{"Tên doanh nghiệp":"MobiFone Vĩnh Long","Tên trạm BTS":"BTBT54","Địa chỉ lắp đặt":"Ấp An Thuận A, Phường An Hội, tỉnh Vĩnh Long","Trạm 3G":"3G","Số giấy chứng nhận kiểm định":"A05680040523TG05","Có giá trị đến":"5/4/28 12:00:00 AM","layer_id":165,"fid":10929,"label":"MobiFone Vĩnh Long"}},{"type":"Feature","geometry":{"type":"Point","coordinates":[106.348686,10.225163]},"properties":{"Tên doanh nghiệp":"MobiFone Vĩnh Long","Tên trạm BTS":"BTBT55","Địa chỉ lắp đặt":"Thửa đất số 32, TBD số 15, Phường Bến Tre, tỉnh Vĩnh Long","Trạm 3G":"3G","Số giấy chứng nhận kiểm định":"A05681040523TG05","Có giá trị đến":"5/4/28 12:00:00 AM","layer_id":165,"fid":10930,"label":"MobiFone Vĩnh Long"}},{"type":"Feature","geometry":{"type":"Point","coordinates":[106.373,10.238]},"properties":{"Tên doanh nghiệp":"MobiFone Vĩnh Long","Tên trạm BTS":"BTBT56","Địa chỉ lắp đặt":" 38/1, đường Tán Kế, KP6, Phường An Hội, tỉnh Vĩnh Long","Trạm 3G":"3G","Số giấy chứng nhận kiểm định":"","Có giá trị đến":null,"layer_id":165,"fid":10931,"label":"MobiFone Vĩnh Long"}},{"type":"Feature","geometry":{"type":"Point","coordinates":[106.33935,10.215358]},"properties":{"Tên doanh nghiệp":"MobiFone Vĩnh Long","Tên trạm BTS":"BTBT58","Địa chỉ lắp đặt":"Thửa đất số 278, TBĐ số 4, ấp Thanh sơn 2, Phường Bến Tre, tỉnh Vĩnh Long","Trạm 3G":"3G","Số giấy chứng nhận kiểm định":"","Có giá trị đến":null,"layer_id":165,"fid":10933,"label":"MobiFone Vĩnh Long"}},{"type":"Feature","geometry":{"type":"Point","coordinates":[106.37765,10.24065]},"properties":{"Tên doanh nghiệp":"MobiFone Vĩnh Long","Tên trạm BTS":"BTBTX0","Địa chỉ lắp đặt":"1/3 Đường Trần Quốc Tuấn, Phường An Hội, tỉnh Vĩnh Long","Trạm 3G":"3G","Số giấy chứng nhận kiểm định":"A05682040523TG05","Có giá trị đến":"5/4/28 12:00:00 AM","layer_id":165,"fid":10934,"label":"MobiFone Vĩnh Long"}},{"type":"Feature","geometry":{"type":"Point","coordinates":[106.359752,10.255124]},"properties":{"Tên doanh nghiệp":"MobiFone Vĩnh Long","Tên trạm BTS":"BTBTX1","Địa chỉ lắp đặt":"Thửa đất số 159, TBĐ số 20, Phường Sơn Đông, tỉnh Vĩnh Long","Trạm 3G":"3G","Số giấy chứng nhận kiểm định":"A05683040523TG05","Có giá trị đến":"5/4/28 12:00:00 AM","layer_id":165,"fid":10935,"label":"MobiFone Vĩnh Long"}},{"type":"Feature","geometry":{"type":"Point","coordinates":[106.1208445,10.25803413]},"properties":{"Tên doanh nghiệp":"MobiFone Vĩnh Long","Tên trạm BTS":"BTCL01","Địa chỉ lắp đặt":"Khu Phố 1, Xã Chợ Lách, tỉnh Vĩnh Long","Trạm 3G":"3G","Số giấy chứng nhận kiểm định":"A06550210624TG05","Có giá trị đến":"6/21/29 12:00:00 AM","layer_id":165,"fid":10936,"label":"MobiFone Vĩnh Long"}},{"type":"Feature","geometry":{"type":"Point","coordinates":[106.17141,10.24238]},"properties":{"Tên doanh nghiệp":"MobiFone Vĩnh Long","Tên trạm BTS":"BTCL02","Địa chỉ lắp đặt":"Thửa đất số 152,tờ bản đồ số 10,289/67 Ấp Long Huê, Xã Chợ Lách, tỉnh Vĩnh Long","Trạm 3G":"3G","Số giấy chứng nhận kiểm định":"B03255291015TG05","Có giá trị đến":"6/23/25 12:00:00 AM","layer_id":165,"fid":10937,"label":"MobiFone Vĩnh Long"}},{"type":"Feature","geometry":{"type":"Point","coordinates":[106.0466422,10.27527306]},"properties":{"Tên doanh nghiệp":"MobiFone Vĩnh Long","Tên trạm BTS":"BTCL03","Địa chỉ lắp đặt":"Ấp Chợ, Xã Phú Phụng, tỉnh Vĩnh Long","Trạm 3G":"3G","Số giấy chứng nhận kiểm định":"0102VTTG2024BTCL03","Có giá trị đến":"2/1/29 12:00:00 AM","layer_id":165,"fid":10938,"label":"MobiFone Vĩnh Long"}},{"type":"Feature","geometry":{"type":"Point","coordinates":[106.21571,10.20673]},"properties":{"Tên doanh nghiệp":"MobiFone Vĩnh Long","Tên trạm BTS":"BTCL04","Địa chỉ lắp đặt":"Ấp Vĩnh Hưng, Xã Vĩnh Thành, tỉnh Vĩnh Long","Trạm 3G":"3G","Số giấy chứng nhận kiểm định":"A06551210624TG05","Có giá trị đến":"6/21/29 12:00:00 AM","layer_id":165,"fid":10939,"label":"MobiFone Vĩnh Long"}},{"type":"Feature","geometry":{"type":"Point","coordinates":[106.08835,10.26709]},"properties":{"Tên doanh nghiệp":"MobiFone Vĩnh Long","Tên trạm BTS":"BTCL05","Địa chỉ lắp đặt":"Ấp Lộc Hiệp, Xã Phú Phụng, tỉnh Vĩnh Long","Trạm 3G":"3G","Số giấy chứng nhận kiểm định":"A15031021224TG05","Có giá trị đến":"12/2/29 12:00:00 AM","layer_id":165,"fid":10940,"label":"MobiFone Vĩnh Long"}},{"type":"Feature","geometry":{"type":"Point","coordinates":[106.239527,10.180274]},"properties":{"Tên doanh nghiệp":"MobiFone Vĩnh Long","Tên trạm BTS":"BTCL07","Địa chỉ lắp đặt":"Số nhà 35/41, Tổ 2, ấp Phú Long, Xã Hưng Khánh Trung, tỉnh Vĩnh Long","Trạm 3G":"3G","Số giấy chứng nhận kiểm định":"A15032021224TG05","Có giá trị đến":"12/2/29 12:00:00 AM","layer_id":165,"fid":10941,"label":"MobiFone Vĩnh Long"}},{"type":"Feature","geometry":{"type":"Point","coordinates":[106.187499,10.231793]},"properties":{"Tên doanh nghiệp":"MobiFone Vĩnh Long","Tên trạm BTS":"BTCL08","Địa chỉ lắp đặt":"Số nhà 194/84, Ấp An Qui, Xã Chợ Lách, tỉnh Vĩnh Long","Trạm 3G":"3G","Số giấy chứng nhận kiểm định":"0102VTTG2024BTCL08","Có giá trị đến":"2/1/29 12:00:00 AM","layer_id":165,"fid":10942,"label":"MobiFone Vĩnh Long"}},{"type":"Feature","geometry":{"type":"Point","coordinates":[106.11122,10.28133]},"properties":{"Tên doanh nghiệp":"MobiFone Vĩnh Long","Tên trạm BTS":"BTCL09","Địa chỉ lắp đặt":"Số nhà 238/76, Ấp Tân Thới, Xã Phú Phụng, tỉnh Vĩnh Long","Trạm 3G":"3G","Số giấy chứng nhận kiểm định":"2909VTTG2021BTCL09","Có giá trị đến":"9/29/26 12:00:00 AM","layer_id":165,"fid":10943,"label":"MobiFone Vĩnh Long"}},{"type":"Feature","geometry":{"type":"Point","coordinates":[106.1492854,10.22626267]},"properties":{"Tên doanh nghiệp":"MobiFone Vĩnh Long","Tên trạm BTS":"BTCL10","Địa chỉ lắp đặt":"Thửa đất số 46, tờ bản đồ số 22, Ấp Bình Thanh, Xã Chợ Lách, tỉnh Vĩnh Long","Trạm 3G":"3G","Số giấy chứng nhận kiểm định":"2909VTTG2021BTCL10","Có giá trị đến":"9/29/26 12:00:00 AM","layer_id":165,"fid":10944,"label":"MobiFone Vĩnh Long"}},{"type":"Feature","geometry":{"type":"Point","coordinates":[106.1279657,10.27616749]},"properties":{"Tên doanh nghiệp":"MobiFone Vĩnh Long","Tên trạm BTS":"BTCL11","Địa chỉ lắp đặt":"Số nhà 367/11, Ấp Sơn Qui, Xã Chợ Lách, tỉnh Vĩnh Long","Trạm 3G":"3G","Số giấy chứng nhận kiểm định":"0804VTTG2025BTCL11","Có giá trị đến":"4/8/30 12:00:00 AM","layer_id":165,"fid":10945,"label":"MobiFone Vĩnh Long"}},{"type":"Feature","geometry":{"type":"Point","coordinates":[106.1743112,10.20213678]},"properties":{"Tên doanh nghiệp":"MobiFone Vĩnh Long","Tên trạm BTS":"BTCL12","Địa chỉ lắp đặt":"Số nhà 466/71, Ấp Thiện Lương, Xã Vĩnh Thành, tỉnh Vĩnh Long","Trạm 3G":"3G","Số giấy chứng nhận kiểm định":"2909VTTG2021BTCL12","Có giá trị đến":"9/29/26 12:00:00 AM","layer_id":165,"fid":10946,"label":"MobiFone Vĩnh Long"}},{"type":"Feature","geometry":{"type":"Point","coordinates":[106.15274,10.24729]},"properties":{"Tên doanh nghiệp":"MobiFone Vĩnh Long","Tên trạm BTS":"BTCL13","Địa chỉ lắp đặt":"Thửa đất số 3629, tờ bản đồ số 02, Ấp Long Hiệp, Xã Chợ Lách, tỉnh Vĩnh Long","Trạm 3G":"3G","Số giấy chứng nhận kiểm định":"2003VTTG2023BTCL13","Có giá trị đến":"3/20/28 12:00:00 AM","layer_id":165,"fid":10947,"label":"MobiFone Vĩnh Long"}},{"type":"Feature","geometry":{"type":"Point","coordinates":[106.23485,10.23177]},"properties":{"Tên doanh nghiệp":"MobiFone Vĩnh Long","Tên trạm BTS":"BTCL14","Địa chỉ lắp đặt":"Số nhà 170/88, ấp Phú Hiệp, Xã Vĩnh Thành, tỉnh Vĩnh Long","Trạm 3G":"3G","Số giấy chứng nhận kiểm định":"0804VTTG2025BTCL14","Có giá trị đến":"4/8/30 12:00:00 AM","layer_id":165,"fid":10948,"label":"MobiFone Vĩnh Long"}},{"type":"Feature","geometry":{"type":"Point","coordinates":[106.11098,10.26246]},"properties":{"Tên doanh nghiệp":"MobiFone Vĩnh Long","Tên trạm BTS":"BTCL15","Địa chỉ lắp đặt":"Thửa đất số 41, tờ bản đồ số 29, Ấp Sơn Lân, Xã Phú Phụng, tỉnh Vĩnh Long","Trạm 3G":"3G","Số giấy chứng nhận kiểm định":"2204VTTG2024BTCL15","Có giá trị đến":"4/22/29 12:00:00 AM","layer_id":165,"fid":10949,"label":"MobiFone Vĩnh Long"}},{"type":"Feature","geometry":{"type":"Point","coordinates":[106.20136,10.17713]},"properties":{"Tên doanh nghiệp":"MobiFone Vĩnh Long","Tên trạm BTS":"BTCL16","Địa chỉ lắp đặt":"Thửa đất số 13, tờ bản đồ số 39, số nhà 191/27, Ấp Thanh Yên, Xã Vĩnh Thành, tỉnh Vĩnh Long","Trạm 3G":"3G","Số giấy chứng nhận kiểm định":"0804VTTG2025BTCL16","Có giá trị đến":"4/8/30 12:00:00 AM","layer_id":165,"fid":10950,"label":"MobiFone Vĩnh Long"}},{"type":"Feature","geometry":{"type":"Point","coordinates":[106.226246,10.163877]},"properties":{"Tên doanh nghiệp":"MobiFone Vĩnh Long","Tên trạm BTS":"BTCL17","Địa chỉ lắp đặt":"Ấp Tân Trung, Xã Hưng Khánh Trung, tỉnh Vĩnh Long","Trạm 3G":"3G","Số giấy chứng nhận kiểm định":"0804VTTG2025BTCL17","Có giá trị đến":"4/8/30 12:00:00 AM","layer_id":165,"fid":10951,"label":"MobiFone Vĩnh Long"}},{"type":"Feature","geometry":{"type":"Point","coordinates":[106.193914,10.20529]},"properties":{"Tên doanh nghiệp":"MobiFone Vĩnh Long","Tên trạm BTS":"BTCL18","Địa chỉ lắp đặt":"Ấp Tân Thạnh, Xã Vĩnh Thành, tỉnh Vĩnh Long","Trạm 3G":"3G","Số giấy chứng nhận kiểm định":"2204VTTG2024BTCL18","Có giá trị đến":"4/22/29 12:00:00 AM","layer_id":165,"fid":10952,"label":"MobiFone Vĩnh Long"}},{"type":"Feature","geometry":{"type":"Point","coordinates":[106.25447,10.20882]},"properties":{"Tên doanh nghiệp":"MobiFone Vĩnh Long","Tên trạm BTS":"BTCL19","Địa chỉ lắp đặt":"Ấp Hòa Hai\n, Xã Hưng Khánh Trung, tỉnh Vĩnh Long","Trạm 3G":"3G","Số giấy chứng nhận kiểm định":"2909VTTG2021BTCL19","Có giá trị đến":"9/29/26 12:00:00 AM","layer_id":165,"fid":10953,"label":"MobiFone Vĩnh Long"}},{"type":"Feature","geometry":{"type":"Point","coordinates":[106.14726,10.26982]},"properties":{"Tên doanh nghiệp":"MobiFone Vĩnh Long","Tên trạm BTS":"BTCL20","Địa chỉ lắp đặt":"Ấp Định Bình, Xã Chợ Lách, tỉnh Vĩnh Long","Trạm 3G":"3G","Số giấy chứng nhận kiểm định":"0102VTTG2024BTCL20","Có giá trị đến":"2/1/29 12:00:00 AM","layer_id":165,"fid":10954,"label":"MobiFone Vĩnh Long"}},{"type":"Feature","geometry":{"type":"Point","coordinates":[106.12866,10.243587]},"properties":{"Tên doanh nghiệp":"MobiFone Vĩnh Long","Tên trạm BTS":"BTCL21","Địa chỉ lắp đặt":"Ấp Đại An, Xã Chợ Lách, tỉnh Vĩnh Long","Trạm 3G":"3G","Số giấy chứng nhận kiểm định":"A26526080621TG05","Có giá trị đến":"6/8/26 12:00:00 AM","layer_id":165,"fid":10955,"label":"MobiFone Vĩnh Long"}},{"type":"Feature","geometry":{"type":"Point","coordinates":[106.20996,10.23467]},"properties":{"Tên doanh nghiệp":"MobiFone Vĩnh Long","Tên trạm BTS":"BTCL22","Địa chỉ lắp đặt":"Ấp Lân Tây, Xã Vĩnh Thành, tỉnh Vĩnh Long","Trạm 3G":"3G","Số giấy chứng nhận kiểm định":"0804VTTG2025BTCL22","Có giá trị đến":"4/8/30 12:00:00 AM","layer_id":165,"fid":10956,"label":"MobiFone Vĩnh Long"}},{"type":"Feature","geometry":{"type":"Point","coordinates":[106.0604,10.26256]},"properties":{"Tên doanh nghiệp":"MobiFone Vĩnh Long","Tên trạm BTS":"BTCL23","Địa chỉ lắp đặt":"Ấp Cống, Xã Phú Phụng, tỉnh Vĩnh Long","Trạm 3G":"3G","Số giấy chứng nhận kiểm định":"2909VTTG2021BTCL23","Có giá trị đến":"9/29/26 12:00:00 AM","layer_id":165,"fid":10957,"label":"MobiFone Vĩnh Long"}},{"type":"Feature","geometry":{"type":"Point","coordinates":[106.20502,10.21779]},"properties":{"Tên doanh nghiệp":"MobiFone Vĩnh Long","Tên trạm BTS":"BTCL24","Địa chỉ lắp đặt":"Ấp An Thạnh, Xã Chợ Lách, tỉnh Vĩnh Long","Trạm 3G":"3G","Số giấy chứng nhận kiểm định":"0804VTTG2025BTCL24","Có giá trị đến":"4/8/30 12:00:00 AM","layer_id":165,"fid":10958,"label":"MobiFone Vĩnh Long"}},{"type":"Feature","geometry":{"type":"Point","coordinates":[106.23362,10.21172]},"properties":{"Tên doanh nghiệp":"MobiFone Vĩnh Long","Tên trạm BTS":"BTCL25","Địa chỉ lắp đặt":"Ấp Bình Tây, Xã Vĩnh Thành, tỉnh Vĩnh Long","Trạm 3G":"3G","Số giấy chứng nhận kiểm định":"0804VTTG2025BTCL25","Có giá trị đến":"4/8/30 12:00:00 AM","layer_id":165,"fid":10959,"label":"MobiFone Vĩnh Long"}},{"type":"Feature","geometry":{"type":"Point","coordinates":[106.22418,10.19012]},"properties":{"Tên doanh nghiệp":"MobiFone Vĩnh Long","Tên trạm BTS":"BTCL26","Địa chỉ lắp đặt":"Thửa Đất Số 2926 Và 2927, Tờ Bản Đồ Số 10, Ấp Vĩnh Chính, Xã Vĩnh Thành, tỉnh Vĩnh Long","Trạm 3G":"3G","Số giấy chứng nhận kiểm định":"0804VTTG2025BTCL26","Có giá trị đến":"4/8/30 12:00:00 AM","layer_id":165,"fid":10960,"label":"MobiFone Vĩnh Long"}},{"type":"Feature","geometry":{"type":"Point","coordinates":[106.16801,10.22384]},"properties":{"Tên doanh nghiệp":"MobiFone Vĩnh Long","Tên trạm BTS":"BTCL27","Địa chỉ lắp đặt":"Ấp Long Vân, Xã Vĩnh Thành, tỉnh Vĩnh Long","Trạm 3G":"3G","Số giấy chứng nhận kiểm định":"0804VTTG2025BTCL27","Có giá trị đến":"4/8/30 12:00:00 AM","layer_id":165,"fid":10961,"label":"MobiFone Vĩnh Long"}},{"type":"Feature","geometry":{"type":"Point","coordinates":[106.1295,10.2544]},"properties":{"Tên doanh nghiệp":"MobiFone Vĩnh Long","Tên trạm BTS":"BTCL29","Địa chỉ lắp đặt":"Ấp Bình An A, Xã Chợ Lách, tỉnh Vĩnh Long","Trạm 3G":"3G","Số giấy chứng nhận kiểm định":"2909VTTG2021BTCL29","Có giá trị đến":"9/29/26 12:00:00 AM","layer_id":165,"fid":10962,"label":"MobiFone Vĩnh Long"}},{"type":"Feature","geometry":{"type":"Point","coordinates":[106.07793,10.27111]},"properties":{"Tên doanh nghiệp":"MobiFone Vĩnh Long","Tên trạm BTS":"BTCL30","Địa chỉ lắp đặt":"Thửa Đất Số 43, Tờ Bản Đồ Số 6, Ấp Lộc Hiệp, Xã Phú Phụng, tỉnh Vĩnh Long","Trạm 3G":"3G","Số giấy chứng nhận kiểm định":"0107VTTG2022BTCL30","Có giá trị đến":"7/1/27 12:00:00 AM","layer_id":165,"fid":10963,"label":"MobiFone Vĩnh Long"}},{"type":"Feature","geometry":{"type":"Point","coordinates":[106.056279,10.274883]},"properties":{"Tên doanh nghiệp":"MobiFone Vĩnh Long","Tên trạm BTS":"BTCL31","Địa chỉ lắp đặt":"Thửa Đất Số 516, Tờ Bản Đồ Số 6, Ấp Chợ, Xã Phú Phụng, tỉnh Vĩnh Long","Trạm 3G":"3G","Số giấy chứng nhận kiểm định":"0107VTTG2022BTCL31","Có giá trị đến":"7/1/27 12:00:00 AM","layer_id":165,"fid":10964,"label":"MobiFone Vĩnh Long"}},{"type":"Feature","geometry":{"type":"Point","coordinates":[106.065545,10.270259]},"properties":{"Tên doanh nghiệp":"MobiFone Vĩnh Long","Tên trạm BTS":"BTCL32","Địa chỉ lắp đặt":"Thửa Đất Số 53, Tờ Bản Đồ Số 5, Ấp Phú Hiệp, Xã Phú Phụng, tỉnh Vĩnh Long","Trạm 3G":"3G","Số giấy chứng nhận kiểm định":"0804VTTG2025BTCL32","Có giá trị đến":"4/8/30 12:00:00 AM","layer_id":165,"fid":10965,"label":"MobiFone Vĩnh Long"}},{"type":"Feature","geometry":{"type":"Point","coordinates":[106.18481,10.18738]},"properties":{"Tên doanh nghiệp":"MobiFone Vĩnh Long","Tên trạm BTS":"BTCL39","Địa chỉ lắp đặt":"Ấp Tân Thanh, Xã Vĩnh Thành, tỉnh Vĩnh Long","Trạm 3G":"3G","Số giấy chứng nhận kiểm định":"A13049221122TG05","Có giá trị đến":"11/22/27 12:00:00 AM","layer_id":165,"fid":10972,"label":"MobiFone Vĩnh Long"}},{"type":"Feature","geometry":{"type":"Point","coordinates":[106.141122,10.257545]},"properties":{"Tên doanh nghiệp":"MobiFone Vĩnh Long","Tên trạm BTS":"BTCL33","Địa chỉ lắp đặt":"Thửa Đất Số 1362, Tờ Bản Đồ Số 5, Ấp Hưng Nhơn, Xã Chợ Lách, tỉnh Vĩnh Long","Trạm 3G":"3G","Số giấy chứng nhận kiểm định":"0107VTTG2022BTCL33","Có giá trị đến":"7/1/27 12:00:00 AM","layer_id":165,"fid":10966,"label":"MobiFone Vĩnh Long"}},{"type":"Feature","geometry":{"type":"Point","coordinates":[106.164993,10.211043]},"properties":{"Tên doanh nghiệp":"MobiFone Vĩnh Long","Tên trạm BTS":"BTCL34","Địa chỉ lắp đặt":"Thửa Đất Số 281, Tờ Bản Đồ Số 06, Ấp Long Khánh, Xã Vĩnh Thành, tỉnh Vĩnh Long","Trạm 3G":"3G","Số giấy chứng nhận kiểm định":"0107VTTG2022BTCL34","Có giá trị đến":"7/1/27 12:00:00 AM","layer_id":165,"fid":10967,"label":"MobiFone Vĩnh Long"}},{"type":"Feature","geometry":{"type":"Point","coordinates":[106.200556,10.225728]},"properties":{"Tên doanh nghiệp":"MobiFone Vĩnh Long","Tên trạm BTS":"BTCL35","Địa chỉ lắp đặt":"Thửa Đất Số 31, Tờ Bản Đồ Số 28, Ấp An Qui, Xã Chợ Lách, tỉnh Vĩnh Long","Trạm 3G":"3G","Số giấy chứng nhận kiểm định":"0107VTTG2022BTCL35","Có giá trị đến":"7/1/27 12:00:00 AM","layer_id":165,"fid":10968,"label":"MobiFone Vĩnh Long"}},{"type":"Feature","geometry":{"type":"Point","coordinates":[106.10913,10.247284]},"properties":{"Tên doanh nghiệp":"MobiFone Vĩnh Long","Tên trạm BTS":"BTCL36","Địa chỉ lắp đặt":"Thửa Đất Số 313, Tờ Bản Đồ Số 17, Ấp Sơn Châu, Xã Phú Phụng, tỉnh Vĩnh Long","Trạm 3G":"3G","Số giấy chứng nhận kiểm định":"0107VTTG2022BTCL36","Có giá trị đến":"7/1/27 12:00:00 AM","layer_id":165,"fid":10969,"label":"MobiFone Vĩnh Long"}},{"type":"Feature","geometry":{"type":"Point","coordinates":[106.122909,10.267134]},"properties":{"Tên doanh nghiệp":"MobiFone Vĩnh Long","Tên trạm BTS":"BTCL37","Địa chỉ lắp đặt":"Thửa Đất Số 49, Tờ Bản Đồ Số 3 , Khu Phố 3, Xã Chợ Lách, tỉnh Vĩnh Long","Trạm 3G":"3G","Số giấy chứng nhận kiểm định":"1503VTTG2023BTCL37","Có giá trị đến":"3/15/28 12:00:00 AM","layer_id":165,"fid":10970,"label":"MobiFone Vĩnh Long"}},{"type":"Feature","geometry":{"type":"Point","coordinates":[106.0653,10.252513]},"properties":{"Tên doanh nghiệp":"MobiFone Vĩnh Long","Tên trạm BTS":"BTCL38","Địa chỉ lắp đặt":"Thửa Đất Số 65, Tờ Bản Đồ Số 21, Ấp Phú Bình, Xã Phú Phụng, tỉnh Vĩnh Long","Trạm 3G":"3G","Số giấy chứng nhận kiểm định":"0107VTTG2025BTCL38","Có giá trị đến":"7/1/30 12:00:00 AM","layer_id":165,"fid":10971,"label":"MobiFone Vĩnh Long"}},{"type":"Feature","geometry":{"type":"Point","coordinates":[106.21809,10.22603]},"properties":{"Tên doanh nghiệp":"MobiFone Vĩnh Long","Tên trạm BTS":"BTCL40","Địa chỉ lắp đặt":"Ấp Lân Tây, Xã Vĩnh Thành, tỉnh Vĩnh Long","Trạm 3G":"3G","Số giấy chứng nhận kiểm định":"B03817230620TG05","Có giá trị đến":"6/23/25 12:00:00 AM","layer_id":165,"fid":10973,"label":"MobiFone Vĩnh Long"}},{"type":"Feature","geometry":{"type":"Point","coordinates":[106.15849,10.23375]},"properties":{"Tên doanh nghiệp":"MobiFone Vĩnh Long","Tên trạm BTS":"BTCL42","Địa chỉ lắp đặt":"Thửa Đất Số 78, Tờ Bản Đồ Số 16, ẤP Long Hòa, Xã Chợ Lách, tỉnh Vĩnh Long","Trạm 3G":"3G","Số giấy chứng nhận kiểm định":"0107VTTG2022BTCL42","Có giá trị đến":"7/1/27 12:00:00 AM","layer_id":165,"fid":10974,"label":"MobiFone Vĩnh Long"}},{"type":"Feature","geometry":{"type":"Point","coordinates":[106.23984,10.19766]},"properties":{"Tên doanh nghiệp":"MobiFone Vĩnh Long","Tên trạm BTS":"BTCL43","Địa chỉ lắp đặt":"Thửa Đất Số 74, Tờ Bản Đồ Số 17, Ấp Vĩnh Nam, Xã Vĩnh Thành, tỉnh Vĩnh Long","Trạm 3G":"3G","Số giấy chứng nhận kiểm định":"0107VTTG2022BTCL43","Có giá trị đến":"7/1/27 12:00:00 AM","layer_id":165,"fid":10975,"label":"MobiFone Vĩnh Long"}},{"type":"Feature","geometry":{"type":"Point","coordinates":[106.33283,10.12928]},"properties":{"Tên doanh nghiệp":"Viễn thông Vĩnh Long","Tên trạm BTS":"Mo-Cay-BTE","Địa chỉ lắp đặt":"Mỏ Cày, Vĩnh Long","Trạm 3G":"3G","Số giấy chứng nhận kiểm định":"A16023311025TG05","Có giá trị đến":"10/31/30 12:00:00 AM","layer_id":165,"fid":12001,"label":"Viễn thông Vĩnh Long"}},{"type":"Feature","geometry":{"type":"Point","coordinates":[106.08969,10.2558]},"properties":{"Tên doanh nghiệp":"MobiFone Vĩnh Long","Tên trạm BTS":"BTCL44","Địa chỉ lắp đặt":"Thửa Đất Số 171, Tờ Bản Đồ Số 16, Ấp Hòa Thuận, Xã Phú Phụng, tỉnh Vĩnh Long","Trạm 3G":"3G","Số giấy chứng nhận kiểm định":"0107VTTG2025BTCL44","Có giá trị đến":"7/1/30 12:00:00 AM","layer_id":165,"fid":10976,"label":"MobiFone Vĩnh Long"}},{"type":"Feature","geometry":{"type":"Point","coordinates":[106.18381,10.21466]},"properties":{"Tên doanh nghiệp":"MobiFone Vĩnh Long","Tên trạm BTS":"BTCL45","Địa chỉ lắp đặt":"Thửa Đất Số 158, Tờ Bản Đồ Số 31, Ấp An Qui, Xã Chợ Lách, tỉnh Vĩnh Long","Trạm 3G":"3G","Số giấy chứng nhận kiểm định":"0107VTTG2022BTCL45","Có giá trị đến":"7/1/27 12:00:00 AM","layer_id":165,"fid":10977,"label":"MobiFone Vĩnh Long"}},{"type":"Feature","geometry":{"type":"Point","coordinates":[106.20721,10.19198]},"properties":{"Tên doanh nghiệp":"MobiFone Vĩnh Long","Tên trạm BTS":"BTCL46","Địa chỉ lắp đặt":"Thửa Đất Số 584, Tờ Bản Đồ Số 04, Ấp Vĩnh Hiệp, Xã Vĩnh Thành, tỉnh Vĩnh Long","Trạm 3G":"3G","Số giấy chứng nhận kiểm định":"0107VTTG2022BTCL46","Có giá trị đến":"7/1/27 12:00:00 AM","layer_id":165,"fid":10978,"label":"MobiFone Vĩnh Long"}},{"type":"Feature","geometry":{"type":"Point","coordinates":[106.257,10.2782]},"properties":{"Tên doanh nghiệp":"MobiFone Vĩnh Long","Tên trạm BTS":"BTCL48","Địa chỉ lắp đặt":"Thửa đất 81 Tbđ số 13 , Xã Tiên Thủy, tỉnh Vĩnh Long","Trạm 3G":"3G","Số giấy chứng nhận kiểm định":"0107VTTG2025BTCL48","Có giá trị đến":"7/1/30 12:00:00 AM","layer_id":165,"fid":10979,"label":"MobiFone Vĩnh Long"}},{"type":"Feature","geometry":{"type":"Point","coordinates":[106.3618163,10.30877245]},"properties":{"Tên doanh nghiệp":"MobiFone Vĩnh Long","Tên trạm BTS":"BTCT01","Địa chỉ lắp đặt":"Số nhà 407B. Khu phố 2, Xã Phú Túc, tỉnh Vĩnh Long","Trạm 3G":"3G","Số giấy chứng nhận kiểm định":"A14452261124TG05","Có giá trị đến":"12/2/29 12:00:00 AM","layer_id":165,"fid":10980,"label":"MobiFone Vĩnh Long"}},{"type":"Feature","geometry":{"type":"Point","coordinates":[106.29201,10.277592]},"properties":{"Tên doanh nghiệp":"MobiFone Vĩnh Long","Tên trạm BTS":"BTCT02","Địa chỉ lắp đặt":"437A ấp Thuận Điền, Xã Phú Túc, tỉnh Vĩnh Long","Trạm 3G":"3G","Số giấy chứng nhận kiểm định":"0102VTTG2024BTCT02","Có giá trị đến":"2/1/29 12:00:00 AM","layer_id":165,"fid":10981,"label":"MobiFone Vĩnh Long"}},{"type":"Feature","geometry":{"type":"Point","coordinates":[106.420394,10.293638]},"properties":{"Tên doanh nghiệp":"MobiFone Vĩnh Long","Tên trạm BTS":"BTCT03","Địa chỉ lắp đặt":"ấp Long Hòa, Xã Giao Long, tỉnh Vĩnh Long","Trạm 3G":"3G","Số giấy chứng nhận kiểm định":"A15033021224TG05","Có giá trị đến":"12/2/29 12:00:00 AM","layer_id":165,"fid":10982,"label":"MobiFone Vĩnh Long"}},{"type":"Feature","geometry":{"type":"Point","coordinates":[106.3278208,10.31273689]},"properties":{"Tên doanh nghiệp":"MobiFone Vĩnh Long","Tên trạm BTS":"BTCT04","Địa chỉ lắp đặt":"Ấp 2, Xã Phú Túc, tỉnh Vĩnh Long","Trạm 3G":"3G","Số giấy chứng nhận kiểm định":"B03793230620TG05","Có giá trị đến":"6/23/25 12:00:00 AM","layer_id":165,"fid":10983,"label":"MobiFone Vĩnh Long"}},{"type":"Feature","geometry":{"type":"Point","coordinates":[106.27421381,10.30863794]},"properties":{"Tên doanh nghiệp":"MobiFone Vĩnh Long","Tên trạm BTS":"BTCT08","Địa chỉ lắp đặt":"Ấp phú Hoà, Xã Phú Túc, tỉnh Vĩnh Long","Trạm 3G":"3G","Số giấy chứng nhận kiểm định":"0107VTTG2025BTCT08","Có giá trị đến":"7/1/30 12:00:00 AM","layer_id":165,"fid":10987,"label":"MobiFone Vĩnh Long"}},{"type":"Feature","geometry":{"type":"Point","coordinates":[106.356348,10.278687]},"properties":{"Tên doanh nghiệp":"MobiFone Vĩnh Long","Tên trạm BTS":"BTCT05","Địa chỉ lắp đặt":"thửa đất số 462, tờ bản đồ số 05, ấp 1, Phường Phú Tân, tỉnh Vĩnh Long","Trạm 3G":"3G","Số giấy chứng nhận kiểm định":"A14453261124TG05","Có giá trị đến":"11/26/29 12:00:00 AM","layer_id":165,"fid":10984,"label":"MobiFone Vĩnh Long"}},{"type":"Feature","geometry":{"type":"Point","coordinates":[106.36143962,10.29863404]},"properties":{"Tên doanh nghiệp":"MobiFone Vĩnh Long","Tên trạm BTS":"BTCT06","Địa chỉ lắp đặt":"Ấp Phú Ngãi, Xã Giao Long, tỉnh Vĩnh Long","Trạm 3G":"3G","Số giấy chứng nhận kiểm định":"2003VTTG2023BTCT06","Có giá trị đến":"3/20/28 12:00:00 AM","layer_id":165,"fid":10985,"label":"MobiFone Vĩnh Long"}},{"type":"Feature","geometry":{"type":"Point","coordinates":[106.38404671,10.30512917]},"properties":{"Tên doanh nghiệp":"MobiFone Vĩnh Long","Tên trạm BTS":"BTCT07","Địa chỉ lắp đặt":"thửa đất số 47, tờ bản đồ số 05, số nhà 119 tỉnh lộ 883, ấp Phước Hòa, Xã Giao Long, tỉnh Vĩnh Long","Trạm 3G":"3G","Số giấy chứng nhận kiểm định":"0107VTTG2022BTCT07","Có giá trị đến":"8/1/27 12:00:00 AM","layer_id":165,"fid":10986,"label":"MobiFone Vĩnh Long"}},{"type":"Feature","geometry":{"type":"Point","coordinates":[106.316057,10.27276654]},"properties":{"Tên doanh nghiệp":"MobiFone Vĩnh Long","Tên trạm BTS":"BTCT09","Địa chỉ lắp đặt":"Ấp Hoà Trung, Xã Phú Túc, tỉnh Vĩnh Long","Trạm 3G":"3G","Số giấy chứng nhận kiểm định":"A15034021224TG05","Có giá trị đến":"12/2/29 12:00:00 AM","layer_id":165,"fid":10988,"label":"MobiFone Vĩnh Long"}},{"type":"Feature","geometry":{"type":"Point","coordinates":[106.29502,10.31135]},"properties":{"Tên doanh nghiệp":"MobiFone Vĩnh Long","Tên trạm BTS":"BTCT10","Địa chỉ lắp đặt":"Ấp 2, Xã Phú Túc, tỉnh Vĩnh Long","Trạm 3G":"3G","Số giấy chứng nhận kiểm định":"A26515080621TG05","Có giá trị đến":"6/8/26 12:00:00 AM","layer_id":165,"fid":10989,"label":"MobiFone Vĩnh Long"}},{"type":"Feature","geometry":{"type":"Point","coordinates":[106.40424,10.30993]},"properties":{"Tên doanh nghiệp":"MobiFone Vĩnh Long","Tên trạm BTS":"BTCT11","Địa chỉ lắp đặt":"số nhà 53/7A, ấp 7 - Quới Thạnh Đông, Xã Giao Long, tỉnh Vĩnh Long","Trạm 3G":"3G","Số giấy chứng nhận kiểm định":"A02766080222TG05","Có giá trị đến":"2/8/27 12:00:00 AM","layer_id":165,"fid":10990,"label":"MobiFone Vĩnh Long"}},{"type":"Feature","geometry":{"type":"Point","coordinates":[106.2101532,10.29042994]},"properties":{"Tên doanh nghiệp":"MobiFone Vĩnh Long","Tên trạm BTS":"BTCT12","Địa chỉ lắp đặt":"Ấp Tân Đông, Xã Tân Phú, tỉnh Vĩnh Long","Trạm 3G":"3G","Số giấy chứng nhận kiểm định":"A15035021224TG05","Có giá trị đến":"12/2/29 12:00:00 AM","layer_id":165,"fid":10991,"label":"MobiFone Vĩnh Long"}},{"type":"Feature","geometry":{"type":"Point","coordinates":[106.36517,10.32329]},"properties":{"Tên doanh nghiệp":"MobiFone Vĩnh Long","Tên trạm BTS":"BTCT13","Địa chỉ lắp đặt":"Số nhà 62/1. Ấp 1, Xã Phú Túc, tỉnh Vĩnh Long","Trạm 3G":"3G","Số giấy chứng nhận kiểm định":"B03799230620TG05","Có giá trị đến":"6/23/25 12:00:00 AM","layer_id":165,"fid":10992,"label":"MobiFone Vĩnh Long"}},{"type":"Feature","geometry":{"type":"Point","coordinates":[106.242906,10.27244]},"properties":{"Tên doanh nghiệp":"MobiFone Vĩnh Long","Tên trạm BTS":"BTCT14","Địa chỉ lắp đặt":"Ấp Chánh, Xã Tiên Thủy, tỉnh Vĩnh Long","Trạm 3G":"3G","Số giấy chứng nhận kiểm định":"A15036021224TG05","Có giá trị đến":"12/2/29 12:00:00 AM","layer_id":165,"fid":10993,"label":"MobiFone Vĩnh Long"}},{"type":"Feature","geometry":{"type":"Point","coordinates":[106.3836,10.32422]},"properties":{"Tên doanh nghiệp":"MobiFone Vĩnh Long","Tên trạm BTS":"BTCT15","Địa chỉ lắp đặt":"số nhà 45, ấp 2, Xã Giao Long, tỉnh Vĩnh Long","Trạm 3G":"3G","Số giấy chứng nhận kiểm định":"0102VTTG2024BTCT15","Có giá trị đến":"2/1/29 12:00:00 AM","layer_id":165,"fid":10994,"label":"MobiFone Vĩnh Long"}},{"type":"Feature","geometry":{"type":"Point","coordinates":[106.40057,10.28628]},"properties":{"Tên doanh nghiệp":"MobiFone Vĩnh Long","Tên trạm BTS":"BTCT16","Địa chỉ lắp đặt":"số nhà 118, ấp 2 - Phước Hưng, Xã Giao Long, tỉnh Vĩnh Long","Trạm 3G":"3G","Số giấy chứng nhận kiểm định":"A26516080621TG05","Có giá trị đến":"6/8/26 12:00:00 AM","layer_id":165,"fid":10995,"label":"MobiFone Vĩnh Long"}},{"type":"Feature","geometry":{"type":"Point","coordinates":[106.42413,10.25853]},"properties":{"Tên doanh nghiệp":"MobiFone Vĩnh Long","Tên trạm BTS":"BTCT17","Địa chỉ lắp đặt":"tổ 61B, ấp 4, Phường Phú Tân, tỉnh Vĩnh Long","Trạm 3G":"3G","Số giấy chứng nhận kiểm định":"A26517080621TG05","Có giá trị đến":"6/8/26 12:00:00 AM","layer_id":165,"fid":10996,"label":"MobiFone Vĩnh Long"}},{"type":"Feature","geometry":{"type":"Point","coordinates":[106.16052,10.28253]},"properties":{"Tên doanh nghiệp":"MobiFone Vĩnh Long","Tên trạm BTS":"BTCT18","Địa chỉ lắp đặt":"Ấp Tân Tây, Xã Tân Phú, tỉnh Vĩnh Long","Trạm 3G":"3G","Số giấy chứng nhận kiểm định":"2003VTTG2023BTCT18","Có giá trị đến":"3/20/28 12:00:00 AM","layer_id":165,"fid":10997,"label":"MobiFone Vĩnh Long"}},{"type":"Feature","geometry":{"type":"Point","coordinates":[106.23629,10.31189]},"properties":{"Tên doanh nghiệp":"MobiFone Vĩnh Long","Tên trạm BTS":"BTCT19","Địa chỉ lắp đặt":"Thửa đất 157 tờ bản đồ số 2 Ấp phú Thành, Xã Tân Phú, tỉnh Vĩnh Long","Trạm 3G":"3G","Số giấy chứng nhận kiểm định":"A26518080621TG05","Có giá trị đến":"6/8/26 12:00:00 AM","layer_id":165,"fid":10998,"label":"MobiFone Vĩnh Long"}},{"type":"Feature","geometry":{"type":"Point","coordinates":[106.23140272,10.28893699]},"properties":{"Tên doanh nghiệp":"MobiFone Vĩnh Long","Tên trạm BTS":"BTCT20","Địa chỉ lắp đặt":"Thửa đất 82, tờ bản đồ số 5. Số nhà 116 Ấp Phú Phong, Xã Tiên Thủy, tỉnh Vĩnh Long","Trạm 3G":"3G","Số giấy chứng nhận kiểm định":"2909VTTG2021BTCT20","Có giá trị đến":"9/29/26 12:00:00 AM","layer_id":165,"fid":10999,"label":"MobiFone Vĩnh Long"}},{"type":"Feature","geometry":{"type":"Point","coordinates":[106.26984,10.2777]},"properties":{"Tên doanh nghiệp":"MobiFone Vĩnh Long","Tên trạm BTS":"BTCT21","Địa chỉ lắp đặt":"Số nhà 236, Ấp Tiên Đông Vàm, Xã Tiên Thủy, tỉnh Vĩnh Long","Trạm 3G":"3G","Số giấy chứng nhận kiểm định":"0102VTTG2024BTCT21","Có giá trị đến":"2/1/29 12:00:00 AM","layer_id":165,"fid":11000,"label":"MobiFone Vĩnh Long"}},{"type":"Feature","geometry":{"type":"Point","coordinates":[106.364003,10.3356]},"properties":{"Tên doanh nghiệp":"MobiFone Vĩnh Long","Tên trạm BTS":"BTCT22","Địa chỉ lắp đặt":"Thửa đất số 3, tờ bản đồ số 10, 11 ấp cồn phụng, Xã Phú Túc, tỉnh Vĩnh Long","Trạm 3G":"3G","Số giấy chứng nhận kiểm định":"A15037021224TG05","Có giá trị đến":"12/2/29 12:00:00 AM","layer_id":165,"fid":11001,"label":"MobiFone Vĩnh Long"}},{"type":"Feature","geometry":{"type":"Point","coordinates":[106.43994,10.27488]},"properties":{"Tên doanh nghiệp":"MobiFone Vĩnh Long","Tên trạm BTS":"BTCT23","Địa chỉ lắp đặt":"Ấp An Hòa, Xã Giao Long, tỉnh Vĩnh Long","Trạm 3G":"3G","Số giấy chứng nhận kiểm định":"0804VTTG2025BTCT23","Có giá trị đến":"4/8/30 12:00:00 AM","layer_id":165,"fid":11002,"label":"MobiFone Vĩnh Long"}},{"type":"Feature","geometry":{"type":"Point","coordinates":[106.35631,10.31649]},"properties":{"Tên doanh nghiệp":"MobiFone Vĩnh Long","Tên trạm BTS":"BTCT24","Địa chỉ lắp đặt":"Ấp 5, Xã Phú Túc, tỉnh Vĩnh Long","Trạm 3G":"3G","Số giấy chứng nhận kiểm định":"2909VTTG2021BTCT24","Có giá trị đến":"9/29/26 12:00:00 AM","layer_id":165,"fid":11003,"label":"MobiFone Vĩnh Long"}},{"type":"Feature","geometry":{"type":"Point","coordinates":[106.41679,10.2725]},"properties":{"Tên doanh nghiệp":"MobiFone Vĩnh Long","Tên trạm BTS":"BTCT25","Địa chỉ lắp đặt":"ấp 3, Phường Phú Tân, tỉnh Vĩnh Long","Trạm 3G":"3G","Số giấy chứng nhận kiểm định":"A05623150321TG05","Có giá trị đến":"3/15/26 12:00:00 AM","layer_id":165,"fid":11004,"label":"MobiFone Vĩnh Long"}},{"type":"Feature","geometry":{"type":"Point","coordinates":[106.30458,10.29935]},"properties":{"Tên doanh nghiệp":"MobiFone Vĩnh Long","Tên trạm BTS":"BTCT27","Địa chỉ lắp đặt":"Số nhà 17A Ấp Định Thọ, Xã Phú Túc, tỉnh Vĩnh Long","Trạm 3G":"3G","Số giấy chứng nhận kiểm định":"A26527080621TG05","Có giá trị đến":"6/8/26 12:00:00 AM","layer_id":165,"fid":11005,"label":"MobiFone Vĩnh Long"}},{"type":"Feature","geometry":{"type":"Point","coordinates":[106.21196,10.26452]},"properties":{"Tên doanh nghiệp":"MobiFone Vĩnh Long","Tên trạm BTS":"BTCT28","Địa chỉ lắp đặt":"Ấp Chánh, Xã Tân Phú, tỉnh Vĩnh Long","Trạm 3G":"3G","Số giấy chứng nhận kiểm định":"0804VTTG2025BTCT28","Có giá trị đến":"4/8/30 12:00:00 AM","layer_id":165,"fid":11006,"label":"MobiFone Vĩnh Long"}},{"type":"Feature","geometry":{"type":"Point","coordinates":[106.31829,10.25716]},"properties":{"Tên doanh nghiệp":"MobiFone Vĩnh Long","Tên trạm BTS":"BTCT29","Địa chỉ lắp đặt":"Ấp Hoà Chánh, Xã Phú Túc, tỉnh Vĩnh Long","Trạm 3G":"3G","Số giấy chứng nhận kiểm định":"A05624150321TG05","Có giá trị đến":"3/15/26 12:00:00 AM","layer_id":165,"fid":11007,"label":"MobiFone Vĩnh Long"}},{"type":"Feature","geometry":{"type":"Point","coordinates":[106.2597,10.29334]},"properties":{"Tên doanh nghiệp":"MobiFone Vĩnh Long","Tên trạm BTS":"BTCT30","Địa chỉ lắp đặt":"Ấp chợ, Xã Tiên Thủy, tỉnh Vĩnh Long","Trạm 3G":"3G","Số giấy chứng nhận kiểm định":"A26528080621TG05","Có giá trị đến":"6/8/26 12:00:00 AM","layer_id":165,"fid":11008,"label":"MobiFone Vĩnh Long"}},{"type":"Feature","geometry":{"type":"Point","coordinates":[106.18628,10.26671]},"properties":{"Tên doanh nghiệp":"MobiFone Vĩnh Long","Tên trạm BTS":"BTCT31","Địa chỉ lắp đặt":"35/1 Ấp Mỹ Phú, Xã Tân Phú, tỉnh Vĩnh Long","Trạm 3G":"3G","Số giấy chứng nhận kiểm định":"B03798230620TG05","Có giá trị đến":"6/23/25 12:00:00 AM","layer_id":165,"fid":11009,"label":"MobiFone Vĩnh Long"}},{"type":"Feature","geometry":{"type":"Point","coordinates":[106.19706,10.250041]},"properties":{"Tên doanh nghiệp":"MobiFone Vĩnh Long","Tên trạm BTS":"BTCT32","Địa chỉ lắp đặt":"82 Ấp Tiên Lợi, Xã Tân Phú, tỉnh Vĩnh Long","Trạm 3G":"3G","Số giấy chứng nhận kiểm định":"2909VTTG2021BTCT32","Có giá trị đến":"9/29/26 12:00:00 AM","layer_id":165,"fid":11010,"label":"MobiFone Vĩnh Long"}},{"type":"Feature","geometry":{"type":"Point","coordinates":[106.40232,10.26415]},"properties":{"Tên doanh nghiệp":"MobiFone Vĩnh Long","Tên trạm BTS":"BTCT33","Địa chỉ lắp đặt":"thửa đất số 277, tờ bản đồ số 17, ấp 2, Phường Phú Tân, tỉnh Vĩnh Long","Trạm 3G":"3G","Số giấy chứng nhận kiểm định":"B03794230620TG05","Có giá trị đến":"6/23/25 12:00:00 AM","layer_id":165,"fid":11011,"label":"MobiFone Vĩnh Long"}},{"type":"Feature","geometry":{"type":"Point","coordinates":[106.445912,10.292128]},"properties":{"Tên doanh nghiệp":"MobiFone Vĩnh Long","Tên trạm BTS":"BTCT34","Địa chỉ lắp đặt":"ấp 1, Xã Giao Long, tỉnh Vĩnh Long","Trạm 3G":"3G","Số giấy chứng nhận kiểm định":"2909VTTG2021BTCT34","Có giá trị đến":"9/29/26 12:00:00 AM","layer_id":165,"fid":11012,"label":"MobiFone Vĩnh Long"}},{"type":"Feature","geometry":{"type":"Point","coordinates":[106.326912,10.292317]},"properties":{"Tên doanh nghiệp":"MobiFone Vĩnh Long","Tên trạm BTS":"BTCT35","Địa chỉ lắp đặt":"66A/1 Ấp 1, Xã Phú Túc, tỉnh Vĩnh Long","Trạm 3G":"3G","Số giấy chứng nhận kiểm định":"B03796230620TG05","Có giá trị đến":"6/23/25 12:00:00 AM","layer_id":165,"fid":11013,"label":"MobiFone Vĩnh Long"}},{"type":"Feature","geometry":{"type":"Point","coordinates":[106.18438,10.2893]},"properties":{"Tên doanh nghiệp":"MobiFone Vĩnh Long","Tên trạm BTS":"BTCT36","Địa chỉ lắp đặt":"269 Ấp Tân Bắc, Xã Tân Phú, tỉnh Vĩnh Long","Trạm 3G":"3G","Số giấy chứng nhận kiểm định":"0107VTTG2022BTCT36","Có giá trị đến":"7/1/27 12:00:00 AM","layer_id":165,"fid":11014,"label":"MobiFone Vĩnh Long"}},{"type":"Feature","geometry":{"type":"Point","coordinates":[106.235374,10.252615]},"properties":{"Tên doanh nghiệp":"MobiFone Vĩnh Long","Tên trạm BTS":"BTCT37","Địa chỉ lắp đặt":"Ấp Khánh Hội Tây, Xã Tiên Thủy, tỉnh Vĩnh Long","Trạm 3G":"3G","Số giấy chứng nhận kiểm định":"2909VTTG2021BTCT37","Có giá trị đến":"9/29/26 12:00:00 AM","layer_id":165,"fid":11015,"label":"MobiFone Vĩnh Long"}},{"type":"Feature","geometry":{"type":"Point","coordinates":[106.34643,10.31025]},"properties":{"Tên doanh nghiệp":"MobiFone Vĩnh Long","Tên trạm BTS":"BTCT38","Địa chỉ lắp đặt":"128A Ấp 4, Xã Phú Túc, tỉnh Vĩnh Long","Trạm 3G":"3G","Số giấy chứng nhận kiểm định":"A08683050723TG05","Có giá trị đến":"7/5/28 12:00:00 AM","layer_id":165,"fid":11016,"label":"MobiFone Vĩnh Long"}},{"type":"Feature","geometry":{"type":"Point","coordinates":[106.40242,10.30141]},"properties":{"Tên doanh nghiệp":"MobiFone Vĩnh Long","Tên trạm BTS":"BTCT39","Địa chỉ lắp đặt":"ấp Phước Thới A, Xã Giao Long, tỉnh Vĩnh Long","Trạm 3G":"3G","Số giấy chứng nhận kiểm định":"A02768080222TG05","Có giá trị đến":"2/8/27 12:00:00 AM","layer_id":165,"fid":11017,"label":"MobiFone Vĩnh Long"}},{"type":"Feature","geometry":{"type":"Point","coordinates":[106.28052,10.27302]},"properties":{"Tên doanh nghiệp":"MobiFone Vĩnh Long","Tên trạm BTS":"BTCT40","Địa chỉ lắp đặt":"Ấp Tiên Tây Vàm, Xã Tiên Thủy, tỉnh Vĩnh Long","Trạm 3G":"3G","Số giấy chứng nhận kiểm định":"2909VTTG2021BTCT40","Có giá trị đến":"9/29/26 12:00:00 AM","layer_id":165,"fid":11018,"label":"MobiFone Vĩnh Long"}},{"type":"Feature","geometry":{"type":"Point","coordinates":[106.37139,10.27619]},"properties":{"Tên doanh nghiệp":"MobiFone Vĩnh Long","Tên trạm BTS":"BTCT41","Địa chỉ lắp đặt":"thửa đất số 130 , tờ bản đồ số 06, ấp Hữu Nhơn, Phường Phú Tân, tỉnh Vĩnh Long","Trạm 3G":"3G","Số giấy chứng nhận kiểm định":"0107VTTG2022BTCT41","Có giá trị đến":"7/1/27 12:00:00 AM","layer_id":165,"fid":11019,"label":"MobiFone Vĩnh Long"}},{"type":"Feature","geometry":{"type":"Point","coordinates":[106.3415,10.32486]},"properties":{"Tên doanh nghiệp":"MobiFone Vĩnh Long","Tên trạm BTS":"BTCT42","Địa chỉ lắp đặt":"Thửa đất 153, tờ bản đồ số 2 Ấp 6A, Xã Phú Túc, tỉnh Vĩnh Long","Trạm 3G":"3G","Số giấy chứng nhận kiểm định":"B02152150420TG05","Có giá trị đến":"4/15/25 12:00:00 AM","layer_id":165,"fid":11020,"label":"MobiFone Vĩnh Long"}},{"type":"Feature","geometry":{"type":"Point","coordinates":[106.31297,10.31571]},"properties":{"Tên doanh nghiệp":"MobiFone Vĩnh Long","Tên trạm BTS":"BTCT43","Địa chỉ lắp đặt":"Ấp 9, Xã Phú Túc, tỉnh Vĩnh Long","Trạm 3G":"3G","Số giấy chứng nhận kiểm định":"B02153150420TG05","Có giá trị đến":"4/15/25 12:00:00 AM","layer_id":165,"fid":11021,"label":"MobiFone Vĩnh Long"}},{"type":"Feature","geometry":{"type":"Point","coordinates":[106.3902,10.2958]},"properties":{"Tên doanh nghiệp":"MobiFone Vĩnh Long","Tên trạm BTS":"BTCT44","Địa chỉ lắp đặt":"ấp Phước Thới, Xã Giao Long, tỉnh Vĩnh Long","Trạm 3G":"3G","Số giấy chứng nhận kiểm định":"A02770080222TG05","Có giá trị đến":"2/8/27 12:00:00 AM","layer_id":165,"fid":11022,"label":"MobiFone Vĩnh Long"}},{"type":"Feature","geometry":{"type":"Point","coordinates":[106.38575,10.2711]},"properties":{"Tên doanh nghiệp":"MobiFone Vĩnh Long","Tên trạm BTS":"BTCT45","Địa chỉ lắp đặt":"thửa đất số 48, tờ bản đồ số 15, Phường Phú Tân, tỉnh Vĩnh Long","Trạm 3G":"3G","Số giấy chứng nhận kiểm định":"B03795230620TG05","Có giá trị đến":"6/23/25 12:00:00 AM","layer_id":165,"fid":11023,"label":"MobiFone Vĩnh Long"}},{"type":"Feature","geometry":{"type":"Point","coordinates":[106.22523,10.30241]},"properties":{"Tên doanh nghiệp":"MobiFone Vĩnh Long","Tên trạm BTS":"BTCT46","Địa chỉ lắp đặt":"Thửa đất 221, tờ bản đồ 16. ấp Phú Tường, Xã Tân Phú, tỉnh Vĩnh Long","Trạm 3G":"3G","Số giấy chứng nhận kiểm định":"0804VTTG2025BTCT46","Có giá trị đến":"4/8/30 12:00:00 AM","layer_id":165,"fid":11024,"label":"MobiFone Vĩnh Long"}},{"type":"Feature","geometry":{"type":"Point","coordinates":[106.28207,10.29633]},"properties":{"Tên doanh nghiệp":"MobiFone Vĩnh Long","Tên trạm BTS":"BTCT47","Địa chỉ lắp đặt":"Thửa đất 33, tờ bản đồ số 10 , Xã Tiên Thủy, tỉnh Vĩnh Long","Trạm 3G":"3G","Số giấy chứng nhận kiểm định":"0804VTTG2025BTCT47","Có giá trị đến":"4/8/30 12:00:00 AM","layer_id":165,"fid":11025,"label":"MobiFone Vĩnh Long"}},{"type":"Feature","geometry":{"type":"Point","coordinates":[106.34482,10.29402]},"properties":{"Tên doanh nghiệp":"MobiFone Vĩnh Long","Tên trạm BTS":"BTCT48","Địa chỉ lắp đặt":"Thửa đất 146 tờ bản đồ 06, Ấp Phước Hữu, Xã Phú Túc, tỉnh Vĩnh Long","Trạm 3G":"3G","Số giấy chứng nhận kiểm định":"0107VTTG2022BTCT48","Có giá trị đến":"7/1/27 12:00:00 AM","layer_id":165,"fid":11026,"label":"MobiFone Vĩnh Long"}},{"type":"Feature","geometry":{"type":"Point","coordinates":[106.423663,10.3014861]},"properties":{"Tên doanh nghiệp":"MobiFone Vĩnh Long","Tên trạm BTS":"BTCT49","Địa chỉ lắp đặt":"thửa đất số 448 và 449, tờ bản đồ số 03, ấp 5, Xã Giao Long, tỉnh Vĩnh Long","Trạm 3G":"3G","Số giấy chứng nhận kiểm định":"0107VTTG2022BTCT49","Có giá trị đến":"7/1/27 12:00:00 AM","layer_id":165,"fid":11027,"label":"MobiFone Vĩnh Long"}},{"type":"Feature","geometry":{"type":"Point","coordinates":[106.25281,10.30605]},"properties":{"Tên doanh nghiệp":"MobiFone Vĩnh Long","Tên trạm BTS":"BTCT51","Địa chỉ lắp đặt":"Thửa đất 1475 tờ bản đồ số 2. 219 ấp Phú khương, Xã Phú Túc, tỉnh Vĩnh Long","Trạm 3G":"3G","Số giấy chứng nhận kiểm định":"0102VTTG2024BTCT51","Có giá trị đến":"2/1/29 12:00:00 AM","layer_id":165,"fid":11028,"label":"MobiFone Vĩnh Long"}},{"type":"Feature","geometry":{"type":"Point","coordinates":[106.379396,10.284674]},"properties":{"Tên doanh nghiệp":"MobiFone Vĩnh Long","Tên trạm BTS":"BTCT53","Địa chỉ lắp đặt":"thửa đất số 154, tờ bản đồ số 04, ấp Phước Thiện, Phường Phú Tân, tỉnh Vĩnh Long","Trạm 3G":"3G","Số giấy chứng nhận kiểm định":"0107VTTG2022BTCT53","Có giá trị đến":"7/1/27 12:00:00 AM","layer_id":165,"fid":11029,"label":"MobiFone Vĩnh Long"}},{"type":"Feature","geometry":{"type":"Point","coordinates":[106.354095,10.289528]},"properties":{"Tên doanh nghiệp":"MobiFone Vĩnh Long","Tên trạm BTS":"BTCT54","Địa chỉ lắp đặt":"Ấp Thạnh Hựu, Xã Phú Túc, tỉnh Vĩnh Long","Trạm 3G":"3G","Số giấy chứng nhận kiểm định":"B03797230620TG05","Có giá trị đến":"6/23/25 12:00:00 AM","layer_id":165,"fid":11030,"label":"MobiFone Vĩnh Long"}},{"type":"Feature","geometry":{"type":"Point","coordinates":[106.40382,10.294081]},"properties":{"Tên doanh nghiệp":"MobiFone Vĩnh Long","Tên trạm BTS":"BTCT55","Địa chỉ lắp đặt":"thửa đất số 163, tờ bản đồ số 6, Xã Giao Long, tỉnh Vĩnh Long","Trạm 3G":"3G","Số giấy chứng nhận kiểm định":"A00622120122TG05","Có giá trị đến":"1/12/27 12:00:00 AM","layer_id":165,"fid":11031,"label":"MobiFone Vĩnh Long"}},{"type":"Feature","geometry":{"type":"Point","coordinates":[106.39024,10.30227]},"properties":{"Tên doanh nghiệp":"MobiFone Vĩnh Long","Tên trạm BTS":"BTCT57","Địa chỉ lắp đặt":"Thửa đất số 184, tờ bản đồ số 05, Xã Giao Long, tỉnh Vĩnh Long","Trạm 3G":"3G","Số giấy chứng nhận kiểm định":"A13050221122TG05","Có giá trị đến":"11/22/27 12:00:00 AM","layer_id":165,"fid":11032,"label":"MobiFone Vĩnh Long"}},{"type":"Feature","geometry":{"type":"Point","coordinates":[106.393962,10.316651]},"properties":{"Tên doanh nghiệp":"MobiFone Vĩnh Long","Tên trạm BTS":"BTCT58","Địa chỉ lắp đặt":"Thửa đất số 441, TBĐ số 9, Xã Giao Long, tỉnh Vĩnh Long","Trạm 3G":"3G","Số giấy chứng nhận kiểm định":"A13051221122TG05","Có giá trị đến":"11/22/27 12:00:00 AM","layer_id":165,"fid":11033,"label":"MobiFone Vĩnh Long"}},{"type":"Feature","geometry":{"type":"Point","coordinates":[106.36635,10.28742]},"properties":{"Tên doanh nghiệp":"MobiFone Vĩnh Long","Tên trạm BTS":"BTCT59","Địa chỉ lắp đặt":"Thửa đất số 91, TBĐ số 3, Phường Phú Tân, tỉnh Vĩnh Long","Trạm 3G":"3G","Số giấy chứng nhận kiểm định":"0107VTTG2025BTCT59","Có giá trị đến":"7/1/30 12:00:00 AM","layer_id":165,"fid":11034,"label":"MobiFone Vĩnh Long"}},{"type":"Feature","geometry":{"type":"Point","coordinates":[106.37491,10.316194]},"properties":{"Tên doanh nghiệp":"MobiFone Vĩnh Long","Tên trạm BTS":"BTCT60","Địa chỉ lắp đặt":"Thửa đất 44 tbd số 14 , Xã Giao Long, tỉnh Vĩnh Long","Trạm 3G":"3G","Số giấy chứng nhận kiểm định":"0107VTTG2025BTCT60","Có giá trị đến":"7/1/30 12:00:00 AM","layer_id":165,"fid":11035,"label":"MobiFone Vĩnh Long"}},{"type":"Feature","geometry":{"type":"Point","coordinates":[106.2375,10.2648]},"properties":{"Tên doanh nghiệp":"MobiFone Vĩnh Long","Tên trạm BTS":"BTCT61","Địa chỉ lắp đặt":"Thử đất 731 tbd số 3 Ấp Tiên Chánh, Xã Tiên Thủy, tỉnh Vĩnh Long","Trạm 3G":"3G","Số giấy chứng nhận kiểm định":"0107VTTG2025BTCT61","Có giá trị đến":"7/1/30 12:00:00 AM","layer_id":165,"fid":11036,"label":"MobiFone Vĩnh Long"}},{"type":"Feature","geometry":{"type":"Point","coordinates":[106.347275,10.321787]},"properties":{"Tên doanh nghiệp":"MobiFone Vĩnh Long","Tên trạm BTS":"BTCT62","Địa chỉ lắp đặt":"Ấp An Phú, Xã Phú Túc, tỉnh Vĩnh Long","Trạm 3G":"3G","Số giấy chứng nhận kiểm định":"0107VTTG2025BTCT62","Có giá trị đến":"7/1/30 12:00:00 AM","layer_id":165,"fid":11037,"label":"MobiFone Vĩnh Long"}},{"type":"Feature","geometry":{"type":"Point","coordinates":[106.244,10.2922]},"properties":{"Tên doanh nghiệp":"MobiFone Vĩnh Long","Tên trạm BTS":"BTCT63","Địa chỉ lắp đặt":"Thửa đất 29 tbd số 6, Xã Tiên Thủy, tỉnh Vĩnh Long","Trạm 3G":"3G","Số giấy chứng nhận kiểm định":"0107VTTG2025BTCT63","Có giá trị đến":"7/1/30 12:00:00 AM","layer_id":165,"fid":11038,"label":"MobiFone Vĩnh Long"}},{"type":"Feature","geometry":{"type":"Point","coordinates":[106.197,10.29]},"properties":{"Tên doanh nghiệp":"MobiFone Vĩnh Long","Tên trạm BTS":"BTCT64","Địa chỉ lắp đặt":"Thửa đất 256, tnd số 8 Ấp Tân Bắc, Xã Tân Phú, tỉnh Vĩnh Long","Trạm 3G":"3G","Số giấy chứng nhận kiểm định":"0107VTTG2025BTCT64","Có giá trị đến":"7/1/30 12:00:00 AM","layer_id":165,"fid":11039,"label":"MobiFone Vĩnh Long"}},{"type":"Feature","geometry":{"type":"Point","coordinates":[106.305786,10.288307]},"properties":{"Tên doanh nghiệp":"MobiFone Vĩnh Long","Tên trạm BTS":"BTCT65","Địa chỉ lắp đặt":"Thửa đất 62, tbd số 13 , Xã Phú Túc, tỉnh Vĩnh Long","Trạm 3G":"3G","Số giấy chứng nhận kiểm định":"0107VTTG2025BTCT65","Có giá trị đến":"7/1/30 12:00:00 AM","layer_id":165,"fid":11040,"label":"MobiFone Vĩnh Long"}},{"type":"Feature","geometry":{"type":"Point","coordinates":[106.3951,10.3003]},"properties":{"Tên doanh nghiệp":"MobiFone Vĩnh Long","Tên trạm BTS":"BTCTX0","Địa chỉ lắp đặt":"KCN Giao Long, Xã Giao Long, tỉnh Vĩnh Long","Trạm 3G":"3G","Số giấy chứng nhận kiểm định":"A15038021224TG05","Có giá trị đến":"12/2/29 12:00:00 AM","layer_id":165,"fid":11041,"label":"MobiFone Vĩnh Long"}},{"type":"Feature","geometry":{"type":"Point","coordinates":[106.348726,10.30089]},"properties":{"Tên doanh nghiệp":"MobiFone Vĩnh Long","Tên trạm BTS":"BTCTX1","Địa chỉ lắp đặt":"Thửa đất 740, tờ bản đồ số 9 Ấp phú Nhơn, Xã Phú Túc, tỉnh Vĩnh Long","Trạm 3G":"3G","Số giấy chứng nhận kiểm định":"0107VTTG2025BTCTX1","Có giá trị đến":"7/1/30 12:00:00 AM","layer_id":165,"fid":11042,"label":"MobiFone Vĩnh Long"}},{"type":"Feature","geometry":{"type":"Point","coordinates":[106.3735,10.2985]},"properties":{"Tên doanh nghiệp":"MobiFone Vĩnh Long","Tên trạm BTS":"BTCTX2","Địa chỉ lắp đặt":"Thửa đất số 667, TBĐ số 9, Xã Giao Long, tỉnh Vĩnh Long","Trạm 3G":"3G","Số giấy chứng nhận kiểm định":"0107VTTG2025BTCTX2","Có giá trị đến":"7/1/30 12:00:00 AM","layer_id":165,"fid":11043,"label":"MobiFone Vĩnh Long"}},{"type":"Feature","geometry":{"type":"Point","coordinates":[106.41079,10.30014]},"properties":{"Tên doanh nghiệp":"MobiFone Vĩnh Long","Tên trạm BTS":"BTCTX3","Địa chỉ lắp đặt":"Thửa đất số 227, TBĐ số 26, Xã Giao Long, tỉnh Vĩnh Long","Trạm 3G":"3G","Số giấy chứng nhận kiểm định":"A15039021224TG05","Có giá trị đến":"12/2/29 12:00:00 AM","layer_id":165,"fid":11044,"label":"MobiFone Vĩnh Long"}},{"type":"Feature","geometry":{"type":"Point","coordinates":[106.50633,10.15001]},"properties":{"Tên doanh nghiệp":"MobiFone Vĩnh Long","Tên trạm BTS":"BTGT01","Địa chỉ lắp đặt":"Tỉnh lộ 885, Khu Phố 1, Xã Giồng Trôm, tỉnh Vĩnh Long","Trạm 3G":"3G","Số giấy chứng nhận kiểm định":"A06552210624TG05","Có giá trị đến":"6/21/29 12:00:00 AM","layer_id":165,"fid":11045,"label":"MobiFone Vĩnh Long"}},{"type":"Feature","geometry":{"type":"Point","coordinates":[106.53476,10.19515]},"properties":{"Tên doanh nghiệp":"MobiFone Vĩnh Long","Tên trạm BTS":"BTGT02","Địa chỉ lắp đặt":"Ấp Bình Phú, Xã Châu Hòa, tỉnh Vĩnh Long","Trạm 3G":"3G","Số giấy chứng nhận kiểm định":"A26529080621TG05","Có giá trị đến":"6/8/26 12:00:00 AM","layer_id":165,"fid":11046,"label":"MobiFone Vĩnh Long"}},{"type":"Feature","geometry":{"type":"Point","coordinates":[106.49267,10.2196]},"properties":{"Tên doanh nghiệp":"MobiFone Vĩnh Long","Tên trạm BTS":"BTGT03","Địa chỉ lắp đặt":"Ấp Phú Trị, Xã Châu Hòa, tỉnh Vĩnh Long","Trạm 3G":"3G","Số giấy chứng nhận kiểm định":"0107VTTG2022BTGT03","Có giá trị đến":"7/1/27 12:00:00 AM","layer_id":165,"fid":11047,"label":"MobiFone Vĩnh Long"}},{"type":"Feature","geometry":{"type":"Point","coordinates":[106.501476,10.096864]},"properties":{"Tên doanh nghiệp":"MobiFone Vĩnh Long","Tên trạm BTS":"BTGT04","Địa chỉ lắp đặt":"Thửa đất số 76, TBĐ số 21, Ấp Hưng Hòa Tây, Xã Hưng Nhượng, tỉnh Vĩnh Long","Trạm 3G":"3G","Số giấy chứng nhận kiểm định":"B03813230620TG05","Có giá trị đến":"6/23/25 12:00:00 AM","layer_id":165,"fid":11048,"label":"MobiFone Vĩnh Long"}},{"type":"Feature","geometry":{"type":"Point","coordinates":[106.476186,10.202656]},"properties":{"Tên doanh nghiệp":"MobiFone Vĩnh Long","Tên trạm BTS":"BTGT05","Địa chỉ lắp đặt":"Ấp Phú Thuận, Xã Châu Hòa, tỉnh Vĩnh Long","Trạm 3G":"3G","Số giấy chứng nhận kiểm định":"0102VTTG2024BTGT05","Có giá trị đến":"2/1/29 12:00:00 AM","layer_id":165,"fid":11049,"label":"MobiFone Vĩnh Long"}},{"type":"Feature","geometry":{"type":"Point","coordinates":[106.497099,10.164344]},"properties":{"Tên doanh nghiệp":"MobiFone Vĩnh Long","Tên trạm BTS":"BTGT06","Địa chỉ lắp đặt":"Ấp 7, Xã Giồng Trôm, tỉnh Vĩnh Long","Trạm 3G":"3G","Số giấy chứng nhận kiểm định":"A15052021224TG05","Có giá trị đến":"12/2/29 12:00:00 AM","layer_id":165,"fid":11050,"label":"MobiFone Vĩnh Long"}},{"type":"Feature","geometry":{"type":"Point","coordinates":[106.392805,10.180876]},"properties":{"Tên doanh nghiệp":"MobiFone Vĩnh Long","Tên trạm BTS":"BTGT07","Địa chỉ lắp đặt":"Ấp 7, Phường An Hội, tỉnh Vĩnh Long","Trạm 3G":"3G","Số giấy chứng nhận kiểm định":"2003VTTG2023BTGT07","Có giá trị đến":"3/20/28 12:00:00 AM","layer_id":165,"fid":11051,"label":"MobiFone Vĩnh Long"}},{"type":"Feature","geometry":{"type":"Point","coordinates":[106.4368066,10.2205876]},"properties":{"Tên doanh nghiệp":"MobiFone Vĩnh Long","Tên trạm BTS":"BTGT08","Địa chỉ lắp đặt":"Ấp Phong Điền, Xã Lương Hòa, tỉnh Vĩnh Long","Trạm 3G":"3G","Số giấy chứng nhận kiểm định":"A15053021224TG05","Có giá trị đến":"12/2/29 12:00:00 AM","layer_id":165,"fid":11052,"label":"MobiFone Vĩnh Long"}},{"type":"Feature","geometry":{"type":"Point","coordinates":[106.45164,10.23673]},"properties":{"Tên doanh nghiệp":"MobiFone Vĩnh Long","Tên trạm BTS":"BTGT09","Địa chỉ lắp đặt":"Ấp Giồng Sậy, Xã Lương Hòa, tỉnh Vĩnh Long","Trạm 3G":"3G","Số giấy chứng nhận kiểm định":"0804VTTG2025BTGT09","Có giá trị đến":"4/8/30 12:00:00 AM","layer_id":165,"fid":11053,"label":"MobiFone Vĩnh Long"}},{"type":"Feature","geometry":{"type":"Point","coordinates":[106.41141,10.1675623]},"properties":{"Tên doanh nghiệp":"MobiFone Vĩnh Long","Tên trạm BTS":"BTGT10","Địa chỉ lắp đặt":"Ấp Long Điền, Xã Phước Long, tỉnh Vĩnh Long","Trạm 3G":"3G","Số giấy chứng nhận kiểm định":"B03814230620TG05","Có giá trị đến":"6/23/25 12:00:00 AM","layer_id":165,"fid":11054,"label":"MobiFone Vĩnh Long"}},{"type":"Feature","geometry":{"type":"Point","coordinates":[106.442605,10.106719]},"properties":{"Tên doanh nghiệp":"MobiFone Vĩnh Long","Tên trạm BTS":"BTGT11","Địa chỉ lắp đặt":"Số nhà 90,Ấp 2A, Xã Tân Hào, tỉnh Vĩnh Long","Trạm 3G":"3G","Số giấy chứng nhận kiểm định":"0804VTTG2025BTGT11","Có giá trị đến":"4/8/30 12:00:00 AM","layer_id":165,"fid":11055,"label":"MobiFone Vĩnh Long"}},{"type":"Feature","geometry":{"type":"Point","coordinates":[106.4678256,10.13933095]},"properties":{"Tên doanh nghiệp":"MobiFone Vĩnh Long","Tên trạm BTS":"BTGT12","Địa chỉ lắp đặt":"Ấp 1, Xã Tân Hào, tỉnh Vĩnh Long","Trạm 3G":"3G","Số giấy chứng nhận kiểm định":"2909VTTG2021BTGT12","Có giá trị đến":"9/29/26 12:00:00 AM","layer_id":165,"fid":11056,"label":"MobiFone Vĩnh Long"}},{"type":"Feature","geometry":{"type":"Point","coordinates":[106.47358,10.22724]},"properties":{"Tên doanh nghiệp":"MobiFone Vĩnh Long","Tên trạm BTS":"BTGT13","Địa chỉ lắp đặt":"Ấp Phong Phú, Xã Lương Hòa, tỉnh Vĩnh Long","Trạm 3G":"3G","Số giấy chứng nhận kiểm định":"2909VTTG2021BTGT13","Có giá trị đến":"9/29/26 12:00:00 AM","layer_id":165,"fid":11057,"label":"MobiFone Vĩnh Long"}},{"type":"Feature","geometry":{"type":"Point","coordinates":[106.45801,10.21158]},"properties":{"Tên doanh nghiệp":"MobiFone Vĩnh Long","Tên trạm BTS":"BTGT14","Địa chỉ lắp đặt":"Thửa đất số 211, TBĐ số 03, Âp 3, Xã Châu Hòa, tỉnh Vĩnh Long","Trạm 3G":"3G","Số giấy chứng nhận kiểm định":"0804VTTG2025BTGT14","Có giá trị đến":"4/8/30 12:00:00 AM","layer_id":165,"fid":11058,"label":"MobiFone Vĩnh Long"}},{"type":"Feature","geometry":{"type":"Point","coordinates":[106.605096,10.13138]},"properties":{"Tên doanh nghiệp":"Viễn thông Vĩnh Long","Tên trạm BTS":"Nga-3-My-Quy-BTE","Địa chỉ lắp đặt":"Tân Xuân, Vĩnh Long","Trạm 3G":"3G","Số giấy chứng nhận kiểm định":null,"Có giá trị đến":"09/10/2029","layer_id":165,"fid":11270,"label":"Viễn thông Vĩnh Long"}},{"type":"Feature","geometry":{"type":"Point","coordinates":[106.4108291,10.1940026]},"properties":{"Tên doanh nghiệp":"MobiFone Vĩnh Long","Tên trạm BTS":"BTGT15","Địa chỉ lắp đặt":"Ấp 4 , Xã Lương Phú, tỉnh Vĩnh Long","Trạm 3G":"3G","Số giấy chứng nhận kiểm định":"0804VTTG2025BTGT15","Có giá trị đến":"4/8/30 12:00:00 AM","layer_id":165,"fid":11059,"label":"MobiFone Vĩnh Long"}},{"type":"Feature","geometry":{"type":"Point","coordinates":[106.44131,10.15141]},"properties":{"Tên doanh nghiệp":"MobiFone Vĩnh Long","Tên trạm BTS":"BTGT16","Địa chỉ lắp đặt":"ẤP 2, Xã Phước Long, tỉnh Vĩnh Long","Trạm 3G":"3G","Số giấy chứng nhận kiểm định":"2003VTTG2023BTGT16","Có giá trị đến":"3/20/28 12:00:00 AM","layer_id":165,"fid":11060,"label":"MobiFone Vĩnh Long"}},{"type":"Feature","geometry":{"type":"Point","coordinates":[106.5024538,10.1184699]},"properties":{"Tên doanh nghiệp":"MobiFone Vĩnh Long","Tên trạm BTS":"BTGT17","Địa chỉ lắp đặt":"Ấp Tân Phước, Xã Hưng Nhượng, tỉnh Vĩnh Long","Trạm 3G":"3G","Số giấy chứng nhận kiểm định":"0102VTTG2024BTGT17","Có giá trị đến":"2/1/29 12:00:00 AM","layer_id":165,"fid":11061,"label":"MobiFone Vĩnh Long"}},{"type":"Feature","geometry":{"type":"Point","coordinates":[106.5431092,10.1691105]},"properties":{"Tên doanh nghiệp":"MobiFone Vĩnh Long","Tên trạm BTS":"BTGT18","Địa chỉ lắp đặt":"Ấp Bình Đông, Xã Châu Hòa, tỉnh Vĩnh Long","Trạm 3G":"3G","Số giấy chứng nhận kiểm định":"0804VTTG2025BTGT18","Có giá trị đến":"4/8/30 12:00:00 AM","layer_id":165,"fid":11062,"label":"MobiFone Vĩnh Long"}},{"type":"Feature","geometry":{"type":"Point","coordinates":[106.39703,10.15438]},"properties":{"Tên doanh nghiệp":"MobiFone Vĩnh Long","Tên trạm BTS":"BTGT19","Địa chỉ lắp đặt":"Số nhà 188, Ấp 8, Xã Phước Long, tỉnh Vĩnh Long","Trạm 3G":"3G","Số giấy chứng nhận kiểm định":"0804VTTG2025BTGT19","Có giá trị đến":"4/8/30 12:00:00 AM","layer_id":165,"fid":11063,"label":"MobiFone Vĩnh Long"}},{"type":"Feature","geometry":{"type":"Point","coordinates":[106.44387,10.19599]},"properties":{"Tên doanh nghiệp":"MobiFone Vĩnh Long","Tên trạm BTS":"BTGT20","Địa chỉ lắp đặt":"Thửa đất số 3371, TBĐ số 01, Ấp 2, Xã Lương Hòa, tỉnh Vĩnh Long","Trạm 3G":"3G","Số giấy chứng nhận kiểm định":"0107VTTG2022BTGT20","Có giá trị đến":"7/1/27 12:00:00 AM","layer_id":165,"fid":11064,"label":"MobiFone Vĩnh Long"}},{"type":"Feature","geometry":{"type":"Point","coordinates":[106.41656,10.12898]},"properties":{"Tên doanh nghiệp":"MobiFone Vĩnh Long","Tên trạm BTS":"BTGT21","Địa chỉ lắp đặt":"Số nhà 159,Ấp Hưng Phú B, Xã Tân Hào, tỉnh Vĩnh Long","Trạm 3G":"3G","Số giấy chứng nhận kiểm định":"2909VTTG2021BTGT21","Có giá trị đến":"9/29/26 12:00:00 AM","layer_id":165,"fid":11065,"label":"MobiFone Vĩnh Long"}},{"type":"Feature","geometry":{"type":"Point","coordinates":[106.46159,10.07924]},"properties":{"Tên doanh nghiệp":"MobiFone Vĩnh Long","Tên trạm BTS":"BTGT22","Địa chỉ lắp đặt":"Ấp 6, Xã Hưng Nhượng, tỉnh Vĩnh Long","Trạm 3G":"3G","Số giấy chứng nhận kiểm định":"0102VTTG2024BTGT22","Có giá trị đến":"2/1/29 12:00:00 AM","layer_id":165,"fid":11066,"label":"MobiFone Vĩnh Long"}},{"type":"Feature","geometry":{"type":"Point","coordinates":[106.4241337,10.2094817]},"properties":{"Tên doanh nghiệp":"MobiFone Vĩnh Long","Tên trạm BTS":"BTGT23","Địa chỉ lắp đặt":"Số nhà 157, Ấp 5, Xã Lương Phú, tỉnh Vĩnh Long","Trạm 3G":"3G","Số giấy chứng nhận kiểm định":"0804VTTG2025BTGT23","Có giá trị đến":"4/8/30 12:00:00 AM","layer_id":165,"fid":11067,"label":"MobiFone Vĩnh Long"}},{"type":"Feature","geometry":{"type":"Point","coordinates":[106.50776,10.20352]},"properties":{"Tên doanh nghiệp":"MobiFone Vĩnh Long","Tên trạm BTS":"BTGT24","Địa chỉ lắp đặt":"Thửa đất số 136, TBĐ số 20, số nhà 57, Ấp Thới Trị, Xã Châu Hòa, tỉnh Vĩnh Long","Trạm 3G":"3G","Số giấy chứng nhận kiểm định":"2909VTTG2021BTGT24","Có giá trị đến":"9/29/26 12:00:00 AM","layer_id":165,"fid":11068,"label":"MobiFone Vĩnh Long"}},{"type":"Feature","geometry":{"type":"Point","coordinates":[106.48078,10.11962]},"properties":{"Tên doanh nghiệp":"MobiFone Vĩnh Long","Tên trạm BTS":"BTGT25","Địa chỉ lắp đặt":"Thửa đất số 117, TBD 20, Ấp 12, Xã Tân Hào, tỉnh Vĩnh Long","Trạm 3G":"3G","Số giấy chứng nhận kiểm định":"2003VTTG2023BTGT25","Có giá trị đến":"3/20/28 12:00:00 AM","layer_id":165,"fid":11069,"label":"MobiFone Vĩnh Long"}},{"type":"Feature","geometry":{"type":"Point","coordinates":[106.43246,10.18298]},"properties":{"Tên doanh nghiệp":"MobiFone Vĩnh Long","Tên trạm BTS":"BTGT26","Địa chỉ lắp đặt":"Thửa đất số 199,TBD số 10,  Số nhà 85, Ấp 8, Xã Lương Phú, tỉnh Vĩnh Long","Trạm 3G":"3G","Số giấy chứng nhận kiểm định":"0804VTTG2025BTGT26","Có giá trị đến":"4/8/30 12:00:00 AM","layer_id":165,"fid":11070,"label":"MobiFone Vĩnh Long"}},{"type":"Feature","geometry":{"type":"Point","coordinates":[106.4577941,10.1210258]},"properties":{"Tên doanh nghiệp":"MobiFone Vĩnh Long","Tên trạm BTS":"BTGT28","Địa chỉ lắp đặt":"Thửa đất số 56,TBD số 17, Sô nhà 41, Ấp 5, Xã Tân Hào, tỉnh Vĩnh Long","Trạm 3G":"3G","Số giấy chứng nhận kiểm định":"0102VTTG2024BTGT28","Có giá trị đến":"2/1/29 12:00:00 AM","layer_id":165,"fid":11071,"label":"MobiFone Vĩnh Long"}},{"type":"Feature","geometry":{"type":"Point","coordinates":[106.50288,10.15734]},"properties":{"Tên doanh nghiệp":"MobiFone Vĩnh Long","Tên trạm BTS":"BTGT29","Địa chỉ lắp đặt":"Âp 6, Xã Giồng Trôm, tỉnh Vĩnh Long","Trạm 3G":"3G","Số giấy chứng nhận kiểm định":"B03811230620TG05","Có giá trị đến":"6/23/25 12:00:00 AM","layer_id":165,"fid":11072,"label":"MobiFone Vĩnh Long"}},{"type":"Feature","geometry":{"type":"Point","coordinates":[106.51996,10.14413]},"properties":{"Tên doanh nghiệp":"MobiFone Vĩnh Long","Tên trạm BTS":"BTGT30","Địa chỉ lắp đặt":"Ấp Bình Đông, Xã Giồng Trôm, tỉnh Vĩnh Long","Trạm 3G":"3G","Số giấy chứng nhận kiểm định":"0102VTTG2024BTGT30","Có giá trị đến":"2/1/29 12:00:00 AM","layer_id":165,"fid":11073,"label":"MobiFone Vĩnh Long"}},{"type":"Feature","geometry":{"type":"Point","coordinates":[106.467819,10.175566]},"properties":{"Tên doanh nghiệp":"MobiFone Vĩnh Long","Tên trạm BTS":"BTGT31","Địa chỉ lắp đặt":"Số nhà 128, Ấp Hòa Thạnh B, Xã Lương Hòa, tỉnh Vĩnh Long","Trạm 3G":"3G","Số giấy chứng nhận kiểm định":"0102VTTG2024BTGT31","Có giá trị đến":"2/1/29 12:00:00 AM","layer_id":165,"fid":11074,"label":"MobiFone Vĩnh Long"}},{"type":"Feature","geometry":{"type":"Point","coordinates":[106.51586,10.08625]},"properties":{"Tên doanh nghiệp":"MobiFone Vĩnh Long","Tên trạm BTS":"BTGT32","Địa chỉ lắp đặt":"Ấp Hưng Hòa Tây, Xã Hưng Nhượng, tỉnh Vĩnh Long","Trạm 3G":"3G","Số giấy chứng nhận kiểm định":"0804VTTG2025BTGT32","Có giá trị đến":"4/8/30 12:00:00 AM","layer_id":165,"fid":11075,"label":"MobiFone Vĩnh Long"}},{"type":"Feature","geometry":{"type":"Point","coordinates":[106.41116,10.14952]},"properties":{"Tên doanh nghiệp":"MobiFone Vĩnh Long","Tên trạm BTS":"BTGT33","Địa chỉ lắp đặt":"Ấp 4, Xã Phước Long, tỉnh Vĩnh Long","Trạm 3G":"3G","Số giấy chứng nhận kiểm định":"2909VTTG2021BTGT33","Có giá trị đến":"9/29/26 12:00:00 AM","layer_id":165,"fid":11076,"label":"MobiFone Vĩnh Long"}},{"type":"Feature","geometry":{"type":"Point","coordinates":[106.4849115,10.1849511]},"properties":{"Tên doanh nghiệp":"MobiFone Vĩnh Long","Tên trạm BTS":"BTGT34","Địa chỉ lắp đặt":"Thửa đất số 08, TBĐ số 13, Ấp Kinh Trong, Xã Giồng Trôm, tỉnh Vĩnh Long","Trạm 3G":"3G","Số giấy chứng nhận kiểm định":"B03812230620TG05","Có giá trị đến":"6/23/25 12:00:00 AM","layer_id":165,"fid":11077,"label":"MobiFone Vĩnh Long"}},{"type":"Feature","geometry":{"type":"Point","coordinates":[106.39888,10.13147]},"properties":{"Tên doanh nghiệp":"MobiFone Vĩnh Long","Tên trạm BTS":"BTGT39","Địa chỉ lắp đặt":"Thứa đất số 121,TBD số 12,Số nhà 201,Ấp 3 , Xã Phước Long, tỉnh Vĩnh Long","Trạm 3G":"3G","Số giấy chứng nhận kiểm định":"0107VTTG2022BTGT39","Có giá trị đến":"7/1/27 12:00:00 AM","layer_id":165,"fid":11078,"label":"MobiFone Vĩnh Long"}},{"type":"Feature","geometry":{"type":"Point","coordinates":[106.4860074,10.0815528]},"properties":{"Tên doanh nghiệp":"MobiFone Vĩnh Long","Tên trạm BTS":"BTGT40","Địa chỉ lắp đặt":"Ấp 4, Xã Hưng Nhượng, tỉnh Vĩnh Long","Trạm 3G":"3G","Số giấy chứng nhận kiểm định":"0107VTTG2022BTGT40","Có giá trị đến":"7/1/27 12:00:00 AM","layer_id":165,"fid":11079,"label":"MobiFone Vĩnh Long"}},{"type":"Feature","geometry":{"type":"Point","coordinates":[106.515968,10.177752]},"properties":{"Tên doanh nghiệp":"MobiFone Vĩnh Long","Tên trạm BTS":"BTGT41","Địa chỉ lắp đặt":"Thửa đất số 90, TBĐ số 201, Ấp Bình Tiên 1, Xã Giồng Trôm, tỉnh Vĩnh Long","Trạm 3G":"3G","Số giấy chứng nhận kiểm định":"0107VTTG2022BTGT41","Có giá trị đến":"7/1/27 12:00:00 AM","layer_id":165,"fid":11080,"label":"MobiFone Vĩnh Long"}},{"type":"Feature","geometry":{"type":"Point","coordinates":[106.4557,10.14129]},"properties":{"Tên doanh nghiệp":"MobiFone Vĩnh Long","Tên trạm BTS":"BTGT42","Địa chỉ lắp đặt":"Thửa đất số 63,TBD số 21, Ấp 1, Xã Phước Long, tỉnh Vĩnh Long","Trạm 3G":"3G","Số giấy chứng nhận kiểm định":"0107VTTG2022BTGT42","Có giá trị đến":"7/1/27 12:00:00 AM","layer_id":165,"fid":11081,"label":"MobiFone Vĩnh Long"}},{"type":"Feature","geometry":{"type":"Point","coordinates":[106.515779,10.111568]},"properties":{"Tên doanh nghiệp":"MobiFone Vĩnh Long","Tên trạm BTS":"BTGT43","Địa chỉ lắp đặt":"Ấp Tân Phước, Xã Hưng Nhượng, tỉnh Vĩnh Long","Trạm 3G":"3G","Số giấy chứng nhận kiểm định":"0107VTTG2022BTGT43","Có giá trị đến":"7/1/27 12:00:00 AM","layer_id":165,"fid":11082,"label":"MobiFone Vĩnh Long"}},{"type":"Feature","geometry":{"type":"Point","coordinates":[106.4904291,10.1329233]},"properties":{"Tên doanh nghiệp":"MobiFone Vĩnh Long","Tên trạm BTS":"BTGT44","Địa chỉ lắp đặt":"Thửa đất số 74, TBD số 10, Ấp Tân Lợi, Xã Hưng Nhượng, tỉnh Vĩnh Long","Trạm 3G":"3G","Số giấy chứng nhận kiểm định":"B03815230620TG05","Có giá trị đến":"6/23/25 12:00:00 AM","layer_id":165,"fid":11083,"label":"MobiFone Vĩnh Long"}},{"type":"Feature","geometry":{"type":"Point","coordinates":[106.47493,10.05222]},"properties":{"Tên doanh nghiệp":"MobiFone Vĩnh Long","Tên trạm BTS":"BTGT45","Địa chỉ lắp đặt":"thửa đất số 18, TBĐ số 74, ấp 12, Xã Hưng Nhượng, tỉnh Vĩnh Long","Trạm 3G":"3G","Số giấy chứng nhận kiểm định":"0107VTTG2022BTGT45","Có giá trị đến":"7/1/27 12:00:00 AM","layer_id":165,"fid":11084,"label":"MobiFone Vĩnh Long"}},{"type":"Feature","geometry":{"type":"Point","coordinates":[106.516879,10.129126]},"properties":{"Tên doanh nghiệp":"MobiFone Vĩnh Long","Tên trạm BTS":"BTGT46","Địa chỉ lắp đặt":"Thửa đất số 219, TBĐ số 42, Ấp Bình Phú, Xã Giồng Trôm, tỉnh Vĩnh Long","Trạm 3G":"3G","Số giấy chứng nhận kiểm định":"2909VTTG2021BTGT46","Có giá trị đến":"7/1/26 12:00:00 AM","layer_id":165,"fid":11085,"label":"MobiFone Vĩnh Long"}},{"type":"Feature","geometry":{"type":"Point","coordinates":[106.53571,10.12876]},"properties":{"Tên doanh nghiệp":"MobiFone Vĩnh Long","Tên trạm BTS":"BTGT47","Địa chỉ lắp đặt":"Ấp Bình Lợi, Xã Giồng Trôm, tỉnh Vĩnh Long","Trạm 3G":"3G","Số giấy chứng nhận kiểm định":"2909VTTG2021BTGT47","Có giá trị đến":"9/29/26 12:00:00 AM","layer_id":165,"fid":11086,"label":"MobiFone Vĩnh Long"}},{"type":"Feature","geometry":{"type":"Point","coordinates":[106.4534608,10.1630141]},"properties":{"Tên doanh nghiệp":"MobiFone Vĩnh Long","Tên trạm BTS":"BTGT48","Địa chỉ lắp đặt":"Thửa đất số 17,TBD số 09, Ấp 4, Xã Phước Long, tỉnh Vĩnh Long","Trạm 3G":"3G","Số giấy chứng nhận kiểm định":"2909VTTG2021BTGT48","Có giá trị đến":"9/29/26 12:00:00 AM","layer_id":165,"fid":11087,"label":"MobiFone Vĩnh Long"}},{"type":"Feature","geometry":{"type":"Point","coordinates":[106.42596,10.16069]},"properties":{"Tên doanh nghiệp":"MobiFone Vĩnh Long","Tên trạm BTS":"BTGT49","Địa chỉ lắp đặt":"Thửa đất số 214,TBD số 22, Ấp 3, Xã Phước Long, tỉnh Vĩnh Long","Trạm 3G":"3G","Số giấy chứng nhận kiểm định":"0112VTTG2022BTGT49","Có giá trị đến":"12/1/27 12:00:00 AM","layer_id":165,"fid":11088,"label":"MobiFone Vĩnh Long"}},{"type":"Feature","geometry":{"type":"Point","coordinates":[106.42879,10.11605]},"properties":{"Tên doanh nghiệp":"MobiFone Vĩnh Long","Tên trạm BTS":"BTGT50","Địa chỉ lắp đặt":"Thửa đất số 42,TBD số 11, Ấp 2A, Xã Tân Hào, tỉnh Vĩnh Long","Trạm 3G":"3G","Số giấy chứng nhận kiểm định":"0107VTTG2022BTGT50","Có giá trị đến":"7/1/27 12:00:00 AM","layer_id":165,"fid":11089,"label":"MobiFone Vĩnh Long"}},{"type":"Feature","geometry":{"type":"Point","coordinates":[106.42342,10.22462]},"properties":{"Tên doanh nghiệp":"MobiFone Vĩnh Long","Tên trạm BTS":"BTGT51","Địa chỉ lắp đặt":"Thửa đất số 99, TBĐ số 5, Ấp Nghĩa Huấn, Xã Lương Phú, tỉnh Vĩnh Long","Trạm 3G":"3G","Số giấy chứng nhận kiểm định":"0107VTTG2022BTGT51","Có giá trị đến":"7/1/27 12:00:00 AM","layer_id":165,"fid":11090,"label":"MobiFone Vĩnh Long"}},{"type":"Feature","geometry":{"type":"Point","coordinates":[106.377,10.1846]},"properties":{"Tên doanh nghiệp":"MobiFone Vĩnh Long","Tên trạm BTS":"BTGT53","Địa chỉ lắp đặt":"Thửa đất số 3,TBD số 10, Ấp 4 , Phường An Hội, tỉnh Vĩnh Long","Trạm 3G":"3G","Số giấy chứng nhận kiểm định":"0102VTTG2024BTGT53","Có giá trị đến":"2/1/29 12:00:00 AM","layer_id":165,"fid":11091,"label":"MobiFone Vĩnh Long"}},{"type":"Feature","geometry":{"type":"Point","coordinates":[106.463905,10.194441]},"properties":{"Tên doanh nghiệp":"MobiFone Vĩnh Long","Tên trạm BTS":"BTGT54","Địa chỉ lắp đặt":"Thửa đất số 38 và 46, TBĐ số 9, Ấp Lương Thuận, Xã Châu Hòa, tỉnh Vĩnh Long","Trạm 3G":"3G","Số giấy chứng nhận kiểm định":"0107VTTG2025BTGT54","Có giá trị đến":"7/1/30 12:00:00 AM","layer_id":165,"fid":11092,"label":"MobiFone Vĩnh Long"}},{"type":"Feature","geometry":{"type":"Point","coordinates":[106.569725,10.177499]},"properties":{"Tên doanh nghiệp":"MobiFone Vĩnh Long","Tên trạm BTS":"BTGT55","Địa chỉ lắp đặt":"Thửa đất số 231, TBĐ số 28, Ấp Bình khương, Xã Châu Hòa, tỉnh Vĩnh Long","Trạm 3G":"3G","Số giấy chứng nhận kiểm định":"0107VTTG2025BTGT55","Có giá trị đến":"7/1/30 12:00:00 AM","layer_id":165,"fid":11093,"label":"MobiFone Vĩnh Long"}},{"type":"Feature","geometry":{"type":"Point","coordinates":[106.529,10.1641]},"properties":{"Tên doanh nghiệp":"MobiFone Vĩnh Long","Tên trạm BTS":"BTGT56","Địa chỉ lắp đặt":"Thửa đất số 117, TBĐ số 38, Khu Phố 3, Xã Giồng Trôm, tỉnh Vĩnh Long","Trạm 3G":"3G","Số giấy chứng nhận kiểm định":"0107VTTG2025BTGT56","Có giá trị đến":"7/1/30 12:00:00 AM","layer_id":165,"fid":11094,"label":"MobiFone Vĩnh Long"}},{"type":"Feature","geometry":{"type":"Point","coordinates":[106.435,10.1011]},"properties":{"Tên doanh nghiệp":"MobiFone Vĩnh Long","Tên trạm BTS":"BTGT57","Địa chỉ lắp đặt":"Thửa đất 361,TBD số 16, Ấp 2B, Xã Tân Hào, tỉnh Vĩnh Long","Trạm 3G":"3G","Số giấy chứng nhận kiểm định":"0107VTTG2025BTGT57","Có giá trị đến":"7/1/30 12:00:00 AM","layer_id":165,"fid":11095,"label":"MobiFone Vĩnh Long"}},{"type":"Feature","geometry":{"type":"Point","coordinates":[106.5056,10.1862]},"properties":{"Tên doanh nghiệp":"MobiFone Vĩnh Long","Tên trạm BTS":"BTGT58","Địa chỉ lắp đặt":"Thửa đất số 231, TBĐ số 28, Ấp 4, Xã Giồng Trôm, tỉnh Vĩnh Long","Trạm 3G":"3G","Số giấy chứng nhận kiểm định":"0107VTTG2025BTGT58","Có giá trị đến":"7/1/30 12:00:00 AM","layer_id":165,"fid":11096,"label":"MobiFone Vĩnh Long"}},{"type":"Feature","geometry":{"type":"Point","coordinates":[106.4933,10.1455]},"properties":{"Tên doanh nghiệp":"MobiFone Vĩnh Long","Tên trạm BTS":"BTGT59","Địa chỉ lắp đặt":"Thửa đất số 1, TBĐ số 5, Ấp Bình Thuận, Xã Hưng Nhượng, tỉnh Vĩnh Long","Trạm 3G":"3G","Số giấy chứng nhận kiểm định":"0107VTTG2025BTGT59","Có giá trị đến":"7/1/30 12:00:00 AM","layer_id":165,"fid":11097,"label":"MobiFone Vĩnh Long"}},{"type":"Feature","geometry":{"type":"Point","coordinates":[106.5708,10.1868]},"properties":{"Tên doanh nghiệp":"MobiFone Vĩnh Long","Tên trạm BTS":"BTGTP1","Địa chỉ lắp đặt":"Ấp Bình khương, Xã Châu Hòa, tỉnh Vĩnh Long","Trạm 3G":"3G","Số giấy chứng nhận kiểm định":"","Có giá trị đến":null,"layer_id":165,"fid":11098,"label":"MobiFone Vĩnh Long"}},{"type":"Feature","geometry":{"type":"Point","coordinates":[106.274921,10.184443]},"properties":{"Tên doanh nghiệp":"MobiFone Vĩnh Long","Tên trạm BTS":"BTMB01","Địa chỉ lắp đặt":"Ấp Phước Khánh, Xã Phước Mỹ Trung, tỉnh Vĩnh Long","Trạm 3G":"3G","Số giấy chứng nhận kiểm định":"A15040021224TG05","Có giá trị đến":"12/2/29 12:00:00 AM","layer_id":165,"fid":11099,"label":"MobiFone Vĩnh Long"}},{"type":"Feature","geometry":{"type":"Point","coordinates":[106.33013,10.16325]},"properties":{"Tên doanh nghiệp":"MobiFone Vĩnh Long","Tên trạm BTS":"BTMB02","Địa chỉ lắp đặt":"Ấp Hoà Hưng, Xã Tân Thành Bình, tỉnh Vĩnh Long","Trạm 3G":"3G","Số giấy chứng nhận kiểm định":"A15054021224TG05","Có giá trị đến":"12/2/29 12:00:00 AM","layer_id":165,"fid":11100,"label":"MobiFone Vĩnh Long"}},{"type":"Feature","geometry":{"type":"Point","coordinates":[106.24851,10.12393]},"properties":{"Tên doanh nghiệp":"MobiFone Vĩnh Long","Tên trạm BTS":"BTMB03","Địa chỉ lắp đặt":"Số nhà 364, ấp Tân Nhuận, Xã Nhuận Phú Tân, tỉnh Vĩnh Long","Trạm 3G":"3G","Số giấy chứng nhận kiểm định":"B03818230620TG05","Có giá trị đến":"6/23/25 12:00:00 AM","layer_id":165,"fid":11101,"label":"MobiFone Vĩnh Long"}},{"type":"Feature","geometry":{"type":"Point","coordinates":[106.28773,10.16603]},"properties":{"Tên doanh nghiệp":"MobiFone Vĩnh Long","Tên trạm BTS":"BTMB04","Địa chỉ lắp đặt":"Ấp Tân Thanh, Xã Tân Thành Bình, tỉnh Vĩnh Long","Trạm 3G":"3G","Số giấy chứng nhận kiểm định":"A26530080621TG05","Có giá trị đến":"6/8/26 12:00:00 AM","layer_id":165,"fid":11102,"label":"MobiFone Vĩnh Long"}},{"type":"Feature","geometry":{"type":"Point","coordinates":[106.3326733,10.20244864]},"properties":{"Tên doanh nghiệp":"MobiFone Vĩnh Long","Tên trạm BTS":"BTMB05","Địa chỉ lắp đặt":"Ấp Chợ Xếp, Xã Tân Thành Bình, tỉnh Vĩnh Long","Trạm 3G":"3G","Số giấy chứng nhận kiểm định":"A15055021224TG05","Có giá trị đến":"12/2/29 12:00:00 AM","layer_id":165,"fid":11103,"label":"MobiFone Vĩnh Long"}},{"type":"Feature","geometry":{"type":"Point","coordinates":[106.3080378,10.18406926]},"properties":{"Tên doanh nghiệp":"MobiFone Vĩnh Long","Tên trạm BTS":"BTMB06","Địa chỉ lắp đặt":"Số nhà 862, ấp Đông Thạnh, Xã Tân Thành Bình, tỉnh Vĩnh Long","Trạm 3G":"3G","Số giấy chứng nhận kiểm định":"0804VTTG2025BTMB06","Có giá trị đến":"4/8/30 12:00:00 AM","layer_id":165,"fid":11104,"label":"MobiFone Vĩnh Long"}},{"type":"Feature","geometry":{"type":"Point","coordinates":[106.26602,10.1141]},"properties":{"Tên doanh nghiệp":"MobiFone Vĩnh Long","Tên trạm BTS":"BTMB07","Địa chỉ lắp đặt":"Số nhà 59, tổ 15, ấp Tích Khánh, Xã Nhuận Phú Tân, tỉnh Vĩnh Long","Trạm 3G":"3G","Số giấy chứng nhận kiểm định":"A05625150321TG05","Có giá trị đến":"3/15/26 12:00:00 AM","layer_id":165,"fid":11105,"label":"MobiFone Vĩnh Long"}},{"type":"Feature","geometry":{"type":"Point","coordinates":[106.27839,10.13227]},"properties":{"Tên doanh nghiệp":"MobiFone Vĩnh Long","Tên trạm BTS":"BTMB08","Địa chỉ lắp đặt":"Ấp Tân Hoà, Xã Tân Thành Bình, tỉnh Vĩnh Long","Trạm 3G":"3G","Số giấy chứng nhận kiểm định":"A26531080621TG05","Có giá trị đến":"6/8/26 12:00:00 AM","layer_id":165,"fid":11106,"label":"MobiFone Vĩnh Long"}},{"type":"Feature","geometry":{"type":"Point","coordinates":[106.29638325,10.20606234]},"properties":{"Tên doanh nghiệp":"MobiFone Vĩnh Long","Tên trạm BTS":"BTMB09","Địa chỉ lắp đặt":"Thửa đất số 85, tờ bản đồ số 10, ấp Tân Hoà Ngoài, Xã Phước Mỹ Trung, tỉnh Vĩnh Long","Trạm 3G":"3G","Số giấy chứng nhận kiểm định":"A15056021224TG05","Có giá trị đến":"12/2/29 12:00:00 AM","layer_id":165,"fid":11107,"label":"MobiFone Vĩnh Long"}},{"type":"Feature","geometry":{"type":"Point","coordinates":[106.25878,10.15279]},"properties":{"Tên doanh nghiệp":"MobiFone Vĩnh Long","Tên trạm BTS":"BTMB10","Địa chỉ lắp đặt":"Ấp Dòng Nâu, Xã Nhuận Phú Tân, tỉnh Vĩnh Long","Trạm 3G":"3G","Số giấy chứng nhận kiểm định":"0804VTTG2025BTMB10","Có giá trị đến":"4/8/30 12:00:00 AM","layer_id":165,"fid":11108,"label":"MobiFone Vĩnh Long"}},{"type":"Feature","geometry":{"type":"Point","coordinates":[106.30511,10.24137]},"properties":{"Tên doanh nghiệp":"MobiFone Vĩnh Long","Tên trạm BTS":"BTMB11","Địa chỉ lắp đặt":"Số nhà 33, tổ 2, ấp Tân Thông 2, Phường Bến Tre, tỉnh Vĩnh Long","Trạm 3G":"3G","Số giấy chứng nhận kiểm định":"A26532080621TG05","Có giá trị đến":"6/8/26 12:00:00 AM","layer_id":165,"fid":11109,"label":"MobiFone Vĩnh Long"}},{"type":"Feature","geometry":{"type":"Point","coordinates":[106.3267111,10.2276259]},"properties":{"Tên doanh nghiệp":"MobiFone Vĩnh Long","Tên trạm BTS":"BTMB12","Địa chỉ lắp đặt":"Số nhà 19, ấp Thanh Sơn 3, Phường Bến Tre, tỉnh Vĩnh Long","Trạm 3G":"3G","Số giấy chứng nhận kiểm định":"A15057021224TG05","Có giá trị đến":"12/2/29 12:00:00 AM","layer_id":165,"fid":11110,"label":"MobiFone Vĩnh Long"}},{"type":"Feature","geometry":{"type":"Point","coordinates":[106.356341,10.175931]},"properties":{"Tên doanh nghiệp":"MobiFone Vĩnh Long","Tên trạm BTS":"BTMB13","Địa chỉ lắp đặt":"Số nhà 351, ấp Thanh Bình 2, Xã Tân Thành Bình, tỉnh Vĩnh Long","Trạm 3G":"3G","Số giấy chứng nhận kiểm định":"0804VTTG2025BTMB13","Có giá trị đến":"4/8/30 12:00:00 AM","layer_id":165,"fid":11111,"label":"MobiFone Vĩnh Long"}},{"type":"Feature","geometry":{"type":"Point","coordinates":[106.295138,10.228952]},"properties":{"Tên doanh nghiệp":"MobiFone Vĩnh Long","Tên trạm BTS":"BTMB14","Địa chỉ lắp đặt":"Ấp Tân Ngãi, Xã Phước Mỹ Trung, tỉnh Vĩnh Long","Trạm 3G":"3G","Số giấy chứng nhận kiểm định":"0804VTTG2025BTMB14","Có giá trị đến":"4/8/30 12:00:00 AM","layer_id":165,"fid":11112,"label":"MobiFone Vĩnh Long"}},{"type":"Feature","geometry":{"type":"Point","coordinates":[106.302734,10.152333]},"properties":{"Tên doanh nghiệp":"MobiFone Vĩnh Long","Tên trạm BTS":"BTMB15","Địa chỉ lắp đặt":"Số nhà 166, ấp Tân An, Xã Tân Thành Bình, tỉnh Vĩnh Long","Trạm 3G":"3G","Số giấy chứng nhận kiểm định":"2909VTTG2021BTMB15","Có giá trị đến":"9/29/26 12:00:00 AM","layer_id":165,"fid":11113,"label":"MobiFone Vĩnh Long"}},{"type":"Feature","geometry":{"type":"Point","coordinates":[106.27519,10.25334]},"properties":{"Tên doanh nghiệp":"MobiFone Vĩnh Long","Tên trạm BTS":"BTMB16","Địa chỉ lắp đặt":"Ấp Tân Thông 5, Phường Bến Tre, tỉnh Vĩnh Long","Trạm 3G":"3G","Số giấy chứng nhận kiểm định":"2909VTTG2021BTMB16","Có giá trị đến":"9/29/26 12:00:00 AM","layer_id":165,"fid":11114,"label":"MobiFone Vĩnh Long"}},{"type":"Feature","geometry":{"type":"Point","coordinates":[106.267769,10.233824]},"properties":{"Tên doanh nghiệp":"MobiFone Vĩnh Long","Tên trạm BTS":"BTMB17","Địa chỉ lắp đặt":"Ấp Kinh Gãy, Xã Phước Mỹ Trung, tỉnh Vĩnh Long","Trạm 3G":"3G","Số giấy chứng nhận kiểm định":"A04196180325TG05","Có giá trị đến":"3/18/30 12:00:00 AM","layer_id":165,"fid":11115,"label":"MobiFone Vĩnh Long"}},{"type":"Feature","geometry":{"type":"Point","coordinates":[106.33043,10.18104]},"properties":{"Tên doanh nghiệp":"MobiFone Vĩnh Long","Tên trạm BTS":"BTMB18","Địa chỉ lắp đặt":"Ấp Thành Hoá 1, Xã Tân Thành Bình, tỉnh Vĩnh Long","Trạm 3G":"3G","Số giấy chứng nhận kiểm định":"2003VTTG2023BTMB18","Có giá trị đến":"3/20/28 12:00:00 AM","layer_id":165,"fid":11116,"label":"MobiFone Vĩnh Long"}},{"type":"Feature","geometry":{"type":"Point","coordinates":[106.27751,10.0838]},"properties":{"Tên doanh nghiệp":"MobiFone Vĩnh Long","Tên trạm BTS":"BTMB19","Địa chỉ lắp đặt":"Ấp Tân Hưng, Xã Nhuận Phú Tân, tỉnh Vĩnh Long","Trạm 3G":"3G","Số giấy chứng nhận kiểm định":"A15058021224TG05","Có giá trị đến":"12/2/29 12:00:00 AM","layer_id":165,"fid":11117,"label":"MobiFone Vĩnh Long"}},{"type":"Feature","geometry":{"type":"Point","coordinates":[106.27042,10.20002]},"properties":{"Tên doanh nghiệp":"MobiFone Vĩnh Long","Tên trạm BTS":"BTMB20","Địa chỉ lắp đặt":"Thửa đất số 362, tờ bản đồ số 04, ấp Phước Trung, Xã Phước Mỹ Trung, tỉnh Vĩnh Long","Trạm 3G":"3G","Số giấy chứng nhận kiểm định":"A15041021224TG05","Có giá trị đến":"12/2/29 12:00:00 AM","layer_id":165,"fid":11118,"label":"MobiFone Vĩnh Long"}},{"type":"Feature","geometry":{"type":"Point","coordinates":[106.32502,10.21055]},"properties":{"Tên doanh nghiệp":"MobiFone Vĩnh Long","Tên trạm BTS":"BTMB21","Địa chỉ lắp đặt":"Thửa đất số 667, tờ bản đồ số 01, ấp Tân Long 2, Xã Tân Thành Bình, tỉnh Vĩnh Long","Trạm 3G":"3G","Số giấy chứng nhận kiểm định":"B03819230620TG05","Có giá trị đến":"6/23/25 12:00:00 AM","layer_id":165,"fid":11119,"label":"MobiFone Vĩnh Long"}},{"type":"Feature","geometry":{"type":"Point","coordinates":[106.278929,10.153721]},"properties":{"Tên doanh nghiệp":"MobiFone Vĩnh Long","Tên trạm BTS":"BTMB22","Địa chỉ lắp đặt":"Thửa đất số 44, tờ bản đồ số 11, ấp Thanh Tây, Xã Nhuận Phú Tân, tỉnh Vĩnh Long","Trạm 3G":"3G","Số giấy chứng nhận kiểm định":"0107VTTG2022BTMB22","Có giá trị đến":"7/1/27 12:00:00 AM","layer_id":165,"fid":11120,"label":"MobiFone Vĩnh Long"}},{"type":"Feature","geometry":{"type":"Point","coordinates":[106.23737,10.14362]},"properties":{"Tên doanh nghiệp":"MobiFone Vĩnh Long","Tên trạm BTS":"BTMB23","Địa chỉ lắp đặt":"Thửa đất số 92, tờ bản đồ số 08, ấp Trung Xuân, Xã Nhuận Phú Tân, tỉnh Vĩnh Long","Trạm 3G":"3G","Số giấy chứng nhận kiểm định":"0107VTTG2022BTMB23","Có giá trị đến":"7/1/27 12:00:00 AM","layer_id":165,"fid":11121,"label":"MobiFone Vĩnh Long"}},{"type":"Feature","geometry":{"type":"Point","coordinates":[106.28092,10.11544]},"properties":{"Tên doanh nghiệp":"MobiFone Vĩnh Long","Tên trạm BTS":"BTMB24","Địa chỉ lắp đặt":"Thửa đất số 171, tờ bản đồ số 08, ấp Tài Đại, Xã Nhuận Phú Tân, tỉnh Vĩnh Long","Trạm 3G":"3G","Số giấy chứng nhận kiểm định":"0107VTTG2022BTMB24","Có giá trị đến":"7/1/27 12:00:00 AM","layer_id":165,"fid":11122,"label":"MobiFone Vĩnh Long"}},{"type":"Feature","geometry":{"type":"Point","coordinates":[106.29662,10.15692]},"properties":{"Tên doanh nghiệp":"MobiFone Vĩnh Long","Tên trạm BTS":"BTMB25","Địa chỉ lắp đặt":"Thửa đất số 347, tờ bản đồ số 04, ấp Tân An, Xã Tân Thành Bình, tỉnh Vĩnh Long","Trạm 3G":"3G","Số giấy chứng nhận kiểm định":"0107VTTG2022BTMB25","Có giá trị đến":"7/1/27 12:00:00 AM","layer_id":165,"fid":11123,"label":"MobiFone Vĩnh Long"}},{"type":"Feature","geometry":{"type":"Point","coordinates":[106.321892,10.218048]},"properties":{"Tên doanh nghiệp":"MobiFone Vĩnh Long","Tên trạm BTS":"BTMB26","Địa chỉ lắp đặt":"Số nhà 271, ấp Tân Long 2, Xã Tân Thành Bình, tỉnh Vĩnh Long","Trạm 3G":"3G","Số giấy chứng nhận kiểm định":"0107VTTG2022BTMB26","Có giá trị đến":"7/1/27 12:00:00 AM","layer_id":165,"fid":11124,"label":"MobiFone Vĩnh Long"}},{"type":"Feature","geometry":{"type":"Point","coordinates":[106.29115,10.2509]},"properties":{"Tên doanh nghiệp":"MobiFone Vĩnh Long","Tên trạm BTS":"BTMB27","Địa chỉ lắp đặt":"Thửa đất số 154, tờ bản đồ số 09, ấp Tân Thông 3, Phường Bến Tre, tỉnh Vĩnh Long","Trạm 3G":"3G","Số giấy chứng nhận kiểm định":"0107VTTG2022BTMB27","Có giá trị đến":"7/1/27 12:00:00 AM","layer_id":165,"fid":11125,"label":"MobiFone Vĩnh Long"}},{"type":"Feature","geometry":{"type":"Point","coordinates":[106.2489,10.17552]},"properties":{"Tên doanh nghiệp":"MobiFone Vĩnh Long","Tên trạm BTS":"BTMB28","Địa chỉ lắp đặt":"Thửa đất số 421, tờ bản đồ số 03, số nhà 84/820, ấp Cái Tắc, Xã Hưng Khánh Trung, tỉnh Vĩnh Long","Trạm 3G":"3G","Số giấy chứng nhận kiểm định":"0107VTTG2022BTMB28","Có giá trị đến":"7/1/27 12:00:00 AM","layer_id":165,"fid":11126,"label":"MobiFone Vĩnh Long"}},{"type":"Feature","geometry":{"type":"Point","coordinates":[106.2639,10.17384]},"properties":{"Tên doanh nghiệp":"MobiFone Vĩnh Long","Tên trạm BTS":"BTMB29","Địa chỉ lắp đặt":"Ấp Gia Khánh, Xã Hưng Khánh Trung, tỉnh Vĩnh Long","Trạm 3G":"3G","Số giấy chứng nhận kiểm định":"A00597120122TG05","Có giá trị đến":"1/12/27 12:00:00 AM","layer_id":165,"fid":11127,"label":"MobiFone Vĩnh Long"}},{"type":"Feature","geometry":{"type":"Point","coordinates":[106.265815,10.09731]},"properties":{"Tên doanh nghiệp":"MobiFone Vĩnh Long","Tên trạm BTS":"BTMB30","Địa chỉ lắp đặt":"Thửa đất số 295, tờ bản đồ số 17, ấp  Khánh Thạnh, Xã Nhuận Phú Tân, tỉnh Vĩnh Long","Trạm 3G":"3G","Số giấy chứng nhận kiểm định":"2909VTTG2021BTMB30","Có giá trị đến":"9/29/26 12:00:00 AM","layer_id":165,"fid":11128,"label":"MobiFone Vĩnh Long"}},{"type":"Feature","geometry":{"type":"Point","coordinates":[106.28291,10.21896]},"properties":{"Tên doanh nghiệp":"MobiFone Vĩnh Long","Tên trạm BTS":"BTMB31","Địa chỉ lắp đặt":"Thửa đất 294, tờ bản đồ số 01, ấp Tân Hoà Trong, Xã Phước Mỹ Trung, tỉnh Vĩnh Long","Trạm 3G":"3G","Số giấy chứng nhận kiểm định":"0107VTTG2022BTMB31","Có giá trị đến":"7/1/27 12:00:00 AM","layer_id":165,"fid":11129,"label":"MobiFone Vĩnh Long"}},{"type":"Feature","geometry":{"type":"Point","coordinates":[106.2911,10.09884]},"properties":{"Tên doanh nghiệp":"MobiFone Vĩnh Long","Tên trạm BTS":"BTMN03","Địa chỉ lắp đặt":"Ấp An Lộc Thị , Xã Mỏ Cày, tỉnh Vĩnh Long","Trạm 3G":"3G","Số giấy chứng nhận kiểm định":"A15046021224TG05","Có giá trị đến":"12/2/29 12:00:00 AM","layer_id":165,"fid":11150,"label":"MobiFone Vĩnh Long"}},{"type":"Feature","geometry":{"type":"Point","coordinates":[106.25413,10.13622]},"properties":{"Tên doanh nghiệp":"MobiFone Vĩnh Long","Tên trạm BTS":"BTMB32","Địa chỉ lắp đặt":"Thửa đất số 23, tờ bản đồ số 16, ấp Giồng Nâu,, Xã Nhuận Phú Tân, tỉnh Vĩnh Long","Trạm 3G":"3G","Số giấy chứng nhận kiểm định":"0107VTTG2022BTMB32","Có giá trị đến":"7/1/27 12:00:00 AM","layer_id":165,"fid":11130,"label":"MobiFone Vĩnh Long"}},{"type":"Feature","geometry":{"type":"Point","coordinates":[106.2705,10.1917]},"properties":{"Tên doanh nghiệp":"MobiFone Vĩnh Long","Tên trạm BTS":"BTMB33","Địa chỉ lắp đặt":"Thửa đất 567, tờ bản đồ số 08, ấp Phước Hậu, Xã Phước Mỹ Trung, tỉnh Vĩnh Long","Trạm 3G":"3G","Số giấy chứng nhận kiểm định":"1503VTTG2023BTMB33","Có giá trị đến":"3/15/28 12:00:00 AM","layer_id":165,"fid":11131,"label":"MobiFone Vĩnh Long"}},{"type":"Feature","geometry":{"type":"Point","coordinates":[106.29251,10.18071]},"properties":{"Tên doanh nghiệp":"MobiFone Vĩnh Long","Tên trạm BTS":"BTMB34","Địa chỉ lắp đặt":"Thửa đất số 81, tờ bản đồ số 18, ấp  Đông Thành, Xã Tân Thành Bình, tỉnh Vĩnh Long","Trạm 3G":"3G","Số giấy chứng nhận kiểm định":"0107VTTG2022BTMB34","Có giá trị đến":"7/1/27 12:00:00 AM","layer_id":165,"fid":11132,"label":"MobiFone Vĩnh Long"}},{"type":"Feature","geometry":{"type":"Point","coordinates":[106.225436,10.1485]},"properties":{"Tên doanh nghiệp":"MobiFone Vĩnh Long","Tên trạm BTS":"BTMB35","Địa chỉ lắp đặt":"Thửa đất số 43, TBĐ số 01, ấp Phú Mỹ, Xã Nhuận Phú Tân, tỉnh Vĩnh Long","Trạm 3G":"3G","Số giấy chứng nhận kiểm định":"0107VTTG2025BTMB35","Có giá trị đến":"7/1/30 12:00:00 AM","layer_id":165,"fid":11133,"label":"MobiFone Vĩnh Long"}},{"type":"Feature","geometry":{"type":"Point","coordinates":[106.25492,10.109632]},"properties":{"Tên doanh nghiệp":"MobiFone Vĩnh Long","Tên trạm BTS":"BTMB36","Địa chỉ lắp đặt":"Thửa đất số 399, TBĐ số 26, ấp Bến Xoài, Xã Nhuận Phú Tân, tỉnh Vĩnh Long","Trạm 3G":"3G","Số giấy chứng nhận kiểm định":"0107VTTG2025BTMB36","Có giá trị đến":"7/1/30 12:00:00 AM","layer_id":165,"fid":11134,"label":"MobiFone Vĩnh Long"}},{"type":"Feature","geometry":{"type":"Point","coordinates":[106.315,10.152]},"properties":{"Tên doanh nghiệp":"MobiFone Vĩnh Long","Tên trạm BTS":"BTMB37","Địa chỉ lắp đặt":"Thửa đất số 70, TBĐ số 16, ấp Phước Hoà, Xã Tân Thành Bình, tỉnh Vĩnh Long","Trạm 3G":"3G","Số giấy chứng nhận kiểm định":"0107VTTG2025BTMB37","Có giá trị đến":"7/1/30 12:00:00 AM","layer_id":165,"fid":11135,"label":"MobiFone Vĩnh Long"}},{"type":"Feature","geometry":{"type":"Point","coordinates":[106.317,10.2027]},"properties":{"Tên doanh nghiệp":"MobiFone Vĩnh Long","Tên trạm BTS":"BTMB38","Địa chỉ lắp đặt":"Thửa đất sô 93, tờ bản đồ số 1, ấp Đông Trị, Xã Tân Thành Bình, tỉnh Vĩnh Long","Trạm 3G":"3G","Số giấy chứng nhận kiểm định":"0107VTTG2025BTMB38","Có giá trị đến":"7/1/30 12:00:00 AM","layer_id":165,"fid":11136,"label":"MobiFone Vĩnh Long"}},{"type":"Feature","geometry":{"type":"Point","coordinates":[106.28181,10.233893]},"properties":{"Tên doanh nghiệp":"MobiFone Vĩnh Long","Tên trạm BTS":"BTMB39","Địa chỉ lắp đặt":"Thửa đất số 916, TBĐ số 2, ấp Ông Cốm, Xã Phước Mỹ Trung, tỉnh Vĩnh Long","Trạm 3G":"3G","Số giấy chứng nhận kiểm định":"0107VTTG2025BTMB39","Có giá trị đến":"7/1/30 12:00:00 AM","layer_id":165,"fid":11137,"label":"MobiFone Vĩnh Long"}},{"type":"Feature","geometry":{"type":"Point","coordinates":[106.274,10.1735]},"properties":{"Tên doanh nghiệp":"MobiFone Vĩnh Long","Tên trạm BTS":"BTMB40","Địa chỉ lắp đặt":"Thửa đất số 1901, TBĐ số 1, ấp Thanh Bắc, Xã Nhuận Phú Tân, tỉnh Vĩnh Long","Trạm 3G":"3G","Số giấy chứng nhận kiểm định":"0107VTTG2025BTMB40","Có giá trị đến":"7/1/30 12:00:00 AM","layer_id":165,"fid":11138,"label":"MobiFone Vĩnh Long"}},{"type":"Feature","geometry":{"type":"Point","coordinates":[106.26927,10.142033]},"properties":{"Tên doanh nghiệp":"MobiFone Vĩnh Long","Tên trạm BTS":"BTMB41","Địa chỉ lắp đặt":"Thửa đất số 116, TBĐ số 15, ấp Sùng Tân, Xã Nhuận Phú Tân, tỉnh Vĩnh Long","Trạm 3G":"3G","Số giấy chứng nhận kiểm định":"0107VTTG2025BTMB41","Có giá trị đến":"7/1/30 12:00:00 AM","layer_id":165,"fid":11139,"label":"MobiFone Vĩnh Long"}},{"type":"Feature","geometry":{"type":"Point","coordinates":[106.26701,10.211388]},"properties":{"Tên doanh nghiệp":"MobiFone Vĩnh Long","Tên trạm BTS":"BTMB42","Địa chỉ lắp đặt":"Thửa đất số 232, TBĐ số 1, ấp Phước Trung, Xã Phước Mỹ Trung, tỉnh Vĩnh Long","Trạm 3G":"3G","Số giấy chứng nhận kiểm định":"0107VTTG2025BTMB42","Có giá trị đến":"7/1/30 12:00:00 AM","layer_id":165,"fid":11140,"label":"MobiFone Vĩnh Long"}},{"type":"Feature","geometry":{"type":"Point","coordinates":[106.24057868,10.15858365]},"properties":{"Tên doanh nghiệp":"MobiFone Vĩnh Long","Tên trạm BTS":"BTMB43","Địa chỉ lắp đặt":"Thửa đất số 147, TBĐ số 20, ấp Thanh Điền, Xã Hưng Khánh Trung, tỉnh Vĩnh Long","Trạm 3G":"3G","Số giấy chứng nhận kiểm định":"0107VTTG2025BTMB43","Có giá trị đến":"7/1/30 12:00:00 AM","layer_id":165,"fid":11141,"label":"MobiFone Vĩnh Long"}},{"type":"Feature","geometry":{"type":"Point","coordinates":[106.26263,10.127882]},"properties":{"Tên doanh nghiệp":"MobiFone Vĩnh Long","Tên trạm BTS":"BTMB44","Địa chỉ lắp đặt":"Thửa đất số 362, TBĐ số 16, Ấp Giồng Chùa, Xã Nhuận Phú Tân, tỉnh Vĩnh Long","Trạm 3G":"3G","Số giấy chứng nhận kiểm định":"0107VTTG2025BTMB44","Có giá trị đến":"7/1/30 12:00:00 AM","layer_id":165,"fid":11142,"label":"MobiFone Vĩnh Long"}},{"type":"Feature","geometry":{"type":"Point","coordinates":[106.29281,10.122627]},"properties":{"Tên doanh nghiệp":"MobiFone Vĩnh Long","Tên trạm BTS":"BTMB45","Địa chỉ lắp đặt":"Thửa số 19, tờ bản đồ số 5, ấp Tích Phúc, Xã Nhuận Phú Tân, tỉnh Vĩnh Long","Trạm 3G":"3G","Số giấy chứng nhận kiểm định":"","Có giá trị đến":null,"layer_id":165,"fid":11143,"label":"MobiFone Vĩnh Long"}},{"type":"Feature","geometry":{"type":"Point","coordinates":[106.31383,10.171905]},"properties":{"Tên doanh nghiệp":"MobiFone Vĩnh Long","Tên trạm BTS":"BTMBX0","Địa chỉ lắp đặt":"Thửa đất số 122, TBĐ số 8, ấp Hoà Nghĩa, Xã Tân Thành Bình, tỉnh Vĩnh Long","Trạm 3G":"3G","Số giấy chứng nhận kiểm định":"0107VTTG2025BTMBX0","Có giá trị đến":"7/1/30 12:00:00 AM","layer_id":165,"fid":11144,"label":"MobiFone Vĩnh Long"}},{"type":"Feature","geometry":{"type":"Point","coordinates":[106.28289,10.202766]},"properties":{"Tên doanh nghiệp":"MobiFone Vĩnh Long","Tên trạm BTS":"BTMBX1","Địa chỉ lắp đặt":"Thửa đất sô 405 và 406, TBĐ số 9, ấp Tân Lợi, Xã Phước Mỹ Trung, tỉnh Vĩnh Long","Trạm 3G":"3G","Số giấy chứng nhận kiểm định":"0107VTTG2025BTMBX1","Có giá trị đến":"7/1/30 12:00:00 AM","layer_id":165,"fid":11145,"label":"MobiFone Vĩnh Long"}},{"type":"Feature","geometry":{"type":"Point","coordinates":[106.27768,10.103684]},"properties":{"Tên doanh nghiệp":"MobiFone Vĩnh Long","Tên trạm BTS":"BTMBX2","Địa chỉ lắp đặt":"Thửa đất số 265, TBĐ số 13, ấp Tân Lợi, Xã Nhuận Phú Tân, tỉnh Vĩnh Long","Trạm 3G":"3G","Số giấy chứng nhận kiểm định":"0107VTTG2025BTMBX2","Có giá trị đến":"7/1/30 12:00:00 AM","layer_id":165,"fid":11146,"label":"MobiFone Vĩnh Long"}},{"type":"Feature","geometry":{"type":"Point","coordinates":[106.305885,10.219243]},"properties":{"Tên doanh nghiệp":"MobiFone Vĩnh Long","Tên trạm BTS":"BTMBX3","Địa chỉ lắp đặt":"Thửa đất số 90, TBĐ số 4, ấp Tân Thuận Trong, Xã Phước Mỹ Trung, tỉnh Vĩnh Long","Trạm 3G":"3G","Số giấy chứng nhận kiểm định":"","Có giá trị đến":null,"layer_id":165,"fid":11147,"label":"MobiFone Vĩnh Long"}},{"type":"Feature","geometry":{"type":"Point","coordinates":[106.33288,10.1295]},"properties":{"Tên doanh nghiệp":"MobiFone Vĩnh Long","Tên trạm BTS":"BTMN01","Địa chỉ lắp đặt":"28903-kp2, Xã Mỏ Cày, tỉnh Vĩnh Long","Trạm 3G":"3G","Số giấy chứng nhận kiểm định":"A04197180325TG05","Có giá trị đến":"3/18/30 12:00:00 AM","layer_id":165,"fid":11148,"label":"MobiFone Vĩnh Long"}},{"type":"Feature","geometry":{"type":"Point","coordinates":[106.36129,10.160429]},"properties":{"Tên doanh nghiệp":"Viễn thông Vĩnh Long","Tên trạm BTS":"Dinh-Thuy-3-BTE","Địa chỉ lắp đặt":"Đồng Khởi, Vĩnh Long","Trạm 3G":"3G","Số giấy chứng nhận kiểm định":null,"Có giá trị đến":"05/10/2026","layer_id":165,"fid":12002,"label":"Viễn thông Vĩnh Long"}},{"type":"Feature","geometry":{"type":"Point","coordinates":[106.36131,10.02967]},"properties":{"Tên doanh nghiệp":"MobiFone Vĩnh Long","Tên trạm BTS":"BTMN02","Địa chỉ lắp đặt":"Ấp Thanh Sơn, Xã Hương Mỹ, tỉnh Vĩnh Long","Trạm 3G":"3G","Số giấy chứng nhận kiểm định":"0804VTTG2025BTMN02","Có giá trị đến":"4/8/30 12:00:00 AM","layer_id":165,"fid":11149,"label":"MobiFone Vĩnh Long"}},{"type":"Feature","geometry":{"type":"Point","coordinates":[106.4024215,10.0157492]},"properties":{"Tên doanh nghiệp":"MobiFone Vĩnh Long","Tên trạm BTS":"BTMN04","Địa chỉ lắp đặt":"28981-Ấp Thị , Xã Hương Mỹ, tỉnh Vĩnh Long","Trạm 3G":"3G","Số giấy chứng nhận kiểm định":"A05626150321TG05","Có giá trị đến":"3/15/26 12:00:00 AM","layer_id":165,"fid":11151,"label":"MobiFone Vĩnh Long"}},{"type":"Feature","geometry":{"type":"Point","coordinates":[106.36473,10.06536]},"properties":{"Tên doanh nghiệp":"MobiFone Vĩnh Long","Tên trạm BTS":"BTMN05","Địa chỉ lắp đặt":"28981-Ấp An Hòa, Xã Hương Mỹ, tỉnh Vĩnh Long","Trạm 3G":"3G","Số giấy chứng nhận kiểm định":"0107VTTG2022BTMN05","Có giá trị đến":"7/1/27 12:00:00 AM","layer_id":165,"fid":11152,"label":"MobiFone Vĩnh Long"}},{"type":"Feature","geometry":{"type":"Point","coordinates":[106.4061,10.07362]},"properties":{"Tên doanh nghiệp":"MobiFone Vĩnh Long","Tên trạm BTS":"BTMN06","Địa chỉ lắp đặt":"28957-Ấp Tân Lễ, Xã An Định, tỉnh Vĩnh Long","Trạm 3G":"3G","Số giấy chứng nhận kiểm định":"0804VTTG2025BTMN06","Có giá trị đến":"4/8/30 12:00:00 AM","layer_id":165,"fid":11153,"label":"MobiFone Vĩnh Long"}},{"type":"Feature","geometry":{"type":"Point","coordinates":[106.31921,10.1082]},"properties":{"Tên doanh nghiệp":"MobiFone Vĩnh Long","Tên trạm BTS":"BTMN07","Địa chỉ lắp đặt":"28903-Ấp An Bình, Xã Mỏ Cày, tỉnh Vĩnh Long","Trạm 3G":"3G","Số giấy chứng nhận kiểm định":"2003VTTG2023BTMN07","Có giá trị đến":"3/20/28 12:00:00 AM","layer_id":165,"fid":11154,"label":"MobiFone Vĩnh Long"}},{"type":"Feature","geometry":{"type":"Point","coordinates":[106.35034,10.10486]},"properties":{"Tên doanh nghiệp":"MobiFone Vĩnh Long","Tên trạm BTS":"BTMN08","Địa chỉ lắp đặt":"28903-Ấp An Nhơn 2, Xã Mỏ Cày, tỉnh Vĩnh Long","Trạm 3G":"3G","Số giấy chứng nhận kiểm định":"A26533080621TG05","Có giá trị đến":"6/8/26 12:00:00 AM","layer_id":165,"fid":11155,"label":"MobiFone Vĩnh Long"}},{"type":"Feature","geometry":{"type":"Point","coordinates":[106.31326,10.07863]},"properties":{"Tên doanh nghiệp":"MobiFone Vĩnh Long","Tên trạm BTS":"BTMN09","Địa chỉ lắp đặt":"28969-Ấp Thới Hòa , Xã Thành Thới, tỉnh Vĩnh Long","Trạm 3G":"3G","Số giấy chứng nhận kiểm định":"0804VTTG2025BTMN09","Có giá trị đến":"4/8/30 12:00:00 AM","layer_id":165,"fid":11156,"label":"MobiFone Vĩnh Long"}},{"type":"Feature","geometry":{"type":"Point","coordinates":[106.385797,10.04509457]},"properties":{"Tên doanh nghiệp":"MobiFone Vĩnh Long","Tên trạm BTS":"BTMN10","Địa chỉ lắp đặt":"28957-Ấp Tân Thành Hạ, Xã An Định, tỉnh Vĩnh Long","Trạm 3G":"3G","Số giấy chứng nhận kiểm định":"A26534080621TG05","Có giá trị đến":"6/8/26 12:00:00 AM","layer_id":165,"fid":11157,"label":"MobiFone Vĩnh Long"}},{"type":"Feature","geometry":{"type":"Point","coordinates":[106.38924,9.99202]},"properties":{"Tên doanh nghiệp":"MobiFone Vĩnh Long","Tên trạm BTS":"BTMN11","Địa chỉ lắp đặt":"Ấp Bình Đông, Xã Hương Mỹ, tỉnh Vĩnh Long","Trạm 3G":"3G","Số giấy chứng nhận kiểm định":"0804VTTG2025BTMN11","Có giá trị đến":"4/8/30 12:00:00 AM","layer_id":165,"fid":11158,"label":"MobiFone Vĩnh Long"}},{"type":"Feature","geometry":{"type":"Point","coordinates":[106.605983,10.050442]},"properties":{"Tên doanh nghiệp":"Viễn thông Vĩnh Long","Tên trạm BTS":"Giong-Nhan-BTE","Địa chỉ lắp đặt":"Ba Tri, Vĩnh long","Trạm 3G":"3G","Số giấy chứng nhận kiểm định":null,"Có giá trị đến":"09/10/2029","layer_id":165,"fid":11271,"label":"Viễn thông Vĩnh Long"}},{"type":"Feature","geometry":{"type":"Point","coordinates":[106.35877,10.14258]},"properties":{"Tên doanh nghiệp":"MobiFone Vĩnh Long","Tên trạm BTS":"BTMN12","Địa chỉ lắp đặt":"Ấp Định Nghĩa, Xã Đồng Khởi, tỉnh Vĩnh Long","Trạm 3G":"3G","Số giấy chứng nhận kiểm định":"A26535080621TG05","Có giá trị đến":"6/8/26 12:00:00 AM","layer_id":165,"fid":11159,"label":"MobiFone Vĩnh Long"}},{"type":"Feature","geometry":{"type":"Point","coordinates":[106.3866,10.11168]},"properties":{"Tên doanh nghiệp":"MobiFone Vĩnh Long","Tên trạm BTS":"BTMN13","Địa chỉ lắp đặt":"Ấp Phước Lý, Xã Đồng Khởi, tỉnh Vĩnh Long","Trạm 3G":"3G","Số giấy chứng nhận kiểm định":"2909VTTG2021BTMN13","Có giá trị đến":"9/29/26 12:00:00 AM","layer_id":165,"fid":11160,"label":"MobiFone Vĩnh Long"}},{"type":"Feature","geometry":{"type":"Point","coordinates":[106.305485,10.127292]},"properties":{"Tên doanh nghiệp":"MobiFone Vĩnh Long","Tên trạm BTS":"BTMN14","Địa chỉ lắp đặt":"Ấp Hội Thành, Xã Mỏ Cày, tỉnh Vĩnh Long","Trạm 3G":"3G","Số giấy chứng nhận kiểm định":"B03821230620TG05","Có giá trị đến":"6/23/25 12:00:00 AM","layer_id":165,"fid":11161,"label":"MobiFone Vĩnh Long"}},{"type":"Feature","geometry":{"type":"Point","coordinates":[106.33965,10.06221]},"properties":{"Tên doanh nghiệp":"MobiFone Vĩnh Long","Tên trạm BTS":"BTMN15","Địa chỉ lắp đặt":"Số nhà 25 ấp An Lộc, Xã Thành Thới, tỉnh Vĩnh Long","Trạm 3G":"3G","Số giấy chứng nhận kiểm định":"0804VTTG2025BTMN15","Có giá trị đến":"4/8/30 12:00:00 AM","layer_id":165,"fid":11162,"label":"MobiFone Vĩnh Long"}},{"type":"Feature","geometry":{"type":"Point","coordinates":[106.32079,10.04119]},"properties":{"Tên doanh nghiệp":"MobiFone Vĩnh Long","Tên trạm BTS":"BTMN16","Địa chỉ lắp đặt":"Ấp Tân Phong, Xã Thành Thới, tỉnh Vĩnh Long","Trạm 3G":"3G","Số giấy chứng nhận kiểm định":"A15045021224TG05","Có giá trị đến":"12/2/29 12:00:00 AM","layer_id":165,"fid":11163,"label":"MobiFone Vĩnh Long"}},{"type":"Feature","geometry":{"type":"Point","coordinates":[106.41324,10.03642]},"properties":{"Tên doanh nghiệp":"MobiFone Vĩnh Long","Tên trạm BTS":"BTMN17","Địa chỉ lắp đặt":"Ấp Tân Quới Đông, Xã An Định, tỉnh Vĩnh Long","Trạm 3G":"3G","Số giấy chứng nhận kiểm định":"2909VTTG2021BTMN17","Có giá trị đến":"9/29/26 12:00:00 AM","layer_id":165,"fid":11164,"label":"MobiFone Vĩnh Long"}},{"type":"Feature","geometry":{"type":"Point","coordinates":[106.36133,10.00635]},"properties":{"Tên doanh nghiệp":"MobiFone Vĩnh Long","Tên trạm BTS":"BTMN18","Địa chỉ lắp đặt":"Ấp Nhuận Trạch, Xã Hương Mỹ, tỉnh Vĩnh Long","Trạm 3G":"3G","Số giấy chứng nhận kiểm định":"2909VTTG2021BTMN18","Có giá trị đến":"9/29/26 12:00:00 AM","layer_id":165,"fid":11165,"label":"MobiFone Vĩnh Long"}},{"type":"Feature","geometry":{"type":"Point","coordinates":[106.41109,10.05751]},"properties":{"Tên doanh nghiệp":"MobiFone Vĩnh Long","Tên trạm BTS":"BTMN19","Địa chỉ lắp đặt":"Ấp Tân Quới Đông A, Xã An Định, tỉnh Vĩnh Long","Trạm 3G":"3G","Số giấy chứng nhận kiểm định":"A26536080621TG05","Có giá trị đến":"6/8/26 12:00:00 AM","layer_id":165,"fid":11166,"label":"MobiFone Vĩnh Long"}},{"type":"Feature","geometry":{"type":"Point","coordinates":[106.40563,9.97345]},"properties":{"Tên doanh nghiệp":"MobiFone Vĩnh Long","Tên trạm BTS":"BTMN20","Địa chỉ lắp đặt":"Ấp Mỹ Trạch xã Hương Mỹ, Xã Hương Mỹ, tỉnh Vĩnh Long","Trạm 3G":"3G","Số giấy chứng nhận kiểm định":"0107VTTG2022BTMN20","Có giá trị đến":"7/1/27 12:00:00 AM","layer_id":165,"fid":11167,"label":"MobiFone Vĩnh Long"}},{"type":"Feature","geometry":{"type":"Point","coordinates":[106.37565,10.07917]},"properties":{"Tên doanh nghiệp":"MobiFone Vĩnh Long","Tên trạm BTS":"BTMN21","Địa chỉ lắp đặt":"28957-Số nhà 321 ấp Phú Đông 1 , Xã An Định, tỉnh Vĩnh Long","Trạm 3G":"3G","Số giấy chứng nhận kiểm định":"0107VTTG2022BTMN21","Có giá trị đến":"7/1/27 12:00:00 AM","layer_id":165,"fid":11168,"label":"MobiFone Vĩnh Long"}},{"type":"Feature","geometry":{"type":"Point","coordinates":[106.33755,10.12106]},"properties":{"Tên doanh nghiệp":"MobiFone Vĩnh Long","Tên trạm BTS":"BTMN22","Địa chỉ lắp đặt":"28903-Ấp An Vĩnh , Xã Mỏ Cày, tỉnh Vĩnh Long","Trạm 3G":"3G","Số giấy chứng nhận kiểm định":"A15044021224TG05","Có giá trị đến":"12/2/29 12:00:00 AM","layer_id":165,"fid":11169,"label":"MobiFone Vĩnh Long"}},{"type":"Feature","geometry":{"type":"Point","coordinates":[106.3636,10.1248]},"properties":{"Tên doanh nghiệp":"MobiFone Vĩnh Long","Tên trạm BTS":"BTMN23","Địa chỉ lắp đặt":"Ấp 5, Xã Đồng Khởi, tỉnh Vĩnh Long","Trạm 3G":"3G","Số giấy chứng nhận kiểm định":"A05627150321TG05","Có giá trị đến":"3/15/26 12:00:00 AM","layer_id":165,"fid":11170,"label":"MobiFone Vĩnh Long"}},{"type":"Feature","geometry":{"type":"Point","coordinates":[106.3654,10.09643]},"properties":{"Tên doanh nghiệp":"MobiFone Vĩnh Long","Tên trạm BTS":"BTMN24","Địa chỉ lắp đặt":"Ấp An Hoà, Xã Đồng Khởi, tỉnh Vĩnh Long","Trạm 3G":"3G","Số giấy chứng nhận kiểm định":"0804VTTG2025BTMN24","Có giá trị đến":"4/8/30 12:00:00 AM","layer_id":165,"fid":11171,"label":"MobiFone Vĩnh Long"}},{"type":"Feature","geometry":{"type":"Point","coordinates":[106.29503,10.06167]},"properties":{"Tên doanh nghiệp":"MobiFone Vĩnh Long","Tên trạm BTS":"BTMN25","Địa chỉ lắp đặt":"Ấp Tân Điền, Xã Thành Thới, tỉnh Vĩnh Long","Trạm 3G":"3G","Số giấy chứng nhận kiểm định":"A15043021224TG05","Có giá trị đến":"12/2/29 12:00:00 AM","layer_id":165,"fid":11172,"label":"MobiFone Vĩnh Long"}},{"type":"Feature","geometry":{"type":"Point","coordinates":[106.35043,10.0494]},"properties":{"Tên doanh nghiệp":"MobiFone Vĩnh Long","Tên trạm BTS":"BTMN26","Địa chỉ lắp đặt":"Số nhà 123 ấp An Phước, Xã Thành Thới, tỉnh Vĩnh Long","Trạm 3G":"3G","Số giấy chứng nhận kiểm định":"0107VTTG2022BTMN26","Có giá trị đến":"7/1/27 12:00:00 AM","layer_id":165,"fid":11173,"label":"MobiFone Vĩnh Long"}},{"type":"Feature","geometry":{"type":"Point","coordinates":[106.331479,10.1439807]},"properties":{"Tên doanh nghiệp":"MobiFone Vĩnh Long","Tên trạm BTS":"BTMN27","Địa chỉ lắp đặt":"Ấp Tân Phước, Xã Mỏ Cày, tỉnh Vĩnh Long","Trạm 3G":"3G","Số giấy chứng nhận kiểm định":"2003VTTG2023BTMN27","Có giá trị đến":"3/20/28 12:00:00 AM","layer_id":165,"fid":11174,"label":"MobiFone Vĩnh Long"}},{"type":"Feature","geometry":{"type":"Point","coordinates":[106.41659,9.99155]},"properties":{"Tên doanh nghiệp":"MobiFone Vĩnh Long","Tên trạm BTS":"BTMN28","Địa chỉ lắp đặt":"Ấp Mỹ Đức, Xã Hương Mỹ, tỉnh Vĩnh Long","Trạm 3G":"3G","Số giấy chứng nhận kiểm định":"0107VTTG2022BTMN28","Có giá trị đến":"7/1/27 12:00:00 AM","layer_id":165,"fid":11175,"label":"MobiFone Vĩnh Long"}},{"type":"Feature","geometry":{"type":"Point","coordinates":[106.32534,10.12827]},"properties":{"Tên doanh nghiệp":"MobiFone Vĩnh Long","Tên trạm BTS":"BTMN29","Địa chỉ lắp đặt":"Ấp Tân Lộc, Xã Mỏ Cày, tỉnh Vĩnh Long","Trạm 3G":"3G","Số giấy chứng nhận kiểm định":"A13052221122TG05","Có giá trị đến":"11/22/27 12:00:00 AM","layer_id":165,"fid":11176,"label":"MobiFone Vĩnh Long"}},{"type":"Feature","geometry":{"type":"Point","coordinates":[106.33946,10.08483]},"properties":{"Tên doanh nghiệp":"MobiFone Vĩnh Long","Tên trạm BTS":"BTMN30","Địa chỉ lắp đặt":"Ấp An Qui, Xã Thành Thới, tỉnh Vĩnh Long","Trạm 3G":"3G","Số giấy chứng nhận kiểm định":"0804VTTG2025BTMN30","Có giá trị đến":"4/8/30 12:00:00 AM","layer_id":165,"fid":11177,"label":"MobiFone Vĩnh Long"}},{"type":"Feature","geometry":{"type":"Point","coordinates":[106.35872,10.08282]},"properties":{"Tên doanh nghiệp":"MobiFone Vĩnh Long","Tên trạm BTS":"BTMN31","Địa chỉ lắp đặt":"Ấp Phú Lộc Thượng, Xã An Định, tỉnh Vĩnh Long","Trạm 3G":"3G","Số giấy chứng nhận kiểm định":"0107VTTG2022BTMN31","Có giá trị đến":"7/1/27 12:00:00 AM","layer_id":165,"fid":11178,"label":"MobiFone Vĩnh Long"}},{"type":"Feature","geometry":{"type":"Point","coordinates":[106.30617,10.05379]},"properties":{"Tên doanh nghiệp":"MobiFone Vĩnh Long","Tên trạm BTS":"BTMN33","Địa chỉ lắp đặt":"Ấp Tân Điền , Xã Thành Thới, tỉnh Vĩnh Long","Trạm 3G":"3G","Số giấy chứng nhận kiểm định":"A04198180325TG05","Có giá trị đến":"3/18/30 12:00:00 AM","layer_id":165,"fid":11179,"label":"MobiFone Vĩnh Long"}},{"type":"Feature","geometry":{"type":"Point","coordinates":[106.34016,10.025935]},"properties":{"Tên doanh nghiệp":"MobiFone Vĩnh Long","Tên trạm BTS":"BTMN34","Địa chỉ lắp đặt":"Ấp Phú Hữu, Xã Hương Mỹ, tỉnh Vĩnh Long","Trạm 3G":"3G","Số giấy chứng nhận kiểm định":"0107VTTG2022BTMN34","Có giá trị đến":"7/1/27 12:00:00 AM","layer_id":165,"fid":11180,"label":"MobiFone Vĩnh Long"}},{"type":"Feature","geometry":{"type":"Point","coordinates":[106.30905,10.10215]},"properties":{"Tên doanh nghiệp":"MobiFone Vĩnh Long","Tên trạm BTS":"BTMN35","Địa chỉ lắp đặt":"Ấp An Phong , Xã Mỏ Cày, tỉnh Vĩnh Long","Trạm 3G":"3G","Số giấy chứng nhận kiểm định":"B03820230620TG05","Có giá trị đến":"6/23/25 12:00:00 AM","layer_id":165,"fid":11181,"label":"MobiFone Vĩnh Long"}},{"type":"Feature","geometry":{"type":"Point","coordinates":[106.36838,10.04692]},"properties":{"Tên doanh nghiệp":"MobiFone Vĩnh Long","Tên trạm BTS":"BTMN36","Địa chỉ lắp đặt":"Ấp Minh Nghĩa, Xã Hương Mỹ, tỉnh Vĩnh Long","Trạm 3G":"3G","Số giấy chứng nhận kiểm định":"0107VTTG2022BTMN36","Có giá trị đến":"7/1/27 12:00:00 AM","layer_id":165,"fid":11182,"label":"MobiFone Vĩnh Long"}},{"type":"Feature","geometry":{"type":"Point","coordinates":[106.33288,10.1295]},"properties":{"Tên doanh nghiệp":"MobiFone Vĩnh Long","Tên trạm BTS":"BTMN37","Địa chỉ lắp đặt":"Kp2, Xã Mỏ Cày, tỉnh Vĩnh Long","Trạm 3G":"3G","Số giấy chứng nhận kiểm định":"A04197180325TG05","Có giá trị đến":"3/18/30 12:00:00 AM","layer_id":165,"fid":11183,"label":"MobiFone Vĩnh Long"}},{"type":"Feature","geometry":{"type":"Point","coordinates":[106.328339,10.116211]},"properties":{"Tên doanh nghiệp":"MobiFone Vĩnh Long","Tên trạm BTS":"BTMN48","Địa chỉ lắp đặt":"Ấp An Vĩnh 2, Xã Mỏ Cày, tỉnh Vĩnh Long","Trạm 3G":"3G","Số giấy chứng nhận kiểm định":"2909VTTG2021BTMN48","Có giá trị đến":"9/29/26 12:00:00 AM","layer_id":165,"fid":11184,"label":"MobiFone Vĩnh Long"}},{"type":"Feature","geometry":{"type":"Point","coordinates":[106.408998,10.093106]},"properties":{"Tên doanh nghiệp":"MobiFone Vĩnh Long","Tên trạm BTS":"BTMN49","Địa chỉ lắp đặt":"Ấp Tân Ngãi , Xã An Định, tỉnh Vĩnh Long","Trạm 3G":"3G","Số giấy chứng nhận kiểm định":"2909VTTG2021BTMN49","Có giá trị đến":"9/29/26 12:00:00 AM","layer_id":165,"fid":11185,"label":"MobiFone Vĩnh Long"}},{"type":"Feature","geometry":{"type":"Point","coordinates":[106.34743,10.15975]},"properties":{"Tên doanh nghiệp":"MobiFone Vĩnh Long","Tên trạm BTS":"BTMN50","Địa chỉ lắp đặt":"Ấp Hòa Phú 2, Xã Đồng Khởi, tỉnh Vĩnh Long","Trạm 3G":"3G","Số giấy chứng nhận kiểm định":"A13053221122TG05","Có giá trị đến":"11/22/27 12:00:00 AM","layer_id":165,"fid":11186,"label":"MobiFone Vĩnh Long"}},{"type":"Feature","geometry":{"type":"Point","coordinates":[106.29925,10.11317]},"properties":{"Tên doanh nghiệp":"MobiFone Vĩnh Long","Tên trạm BTS":"BTMN51","Địa chỉ lắp đặt":"Ấp Vĩnh Hòa, Xã Mỏ Cày, tỉnh Vĩnh Long","Trạm 3G":"3G","Số giấy chứng nhận kiểm định":"0107VTTG2022BTMN51","Có giá trị đến":"7/1/27 12:00:00 AM","layer_id":165,"fid":11187,"label":"MobiFone Vĩnh Long"}},{"type":"Feature","geometry":{"type":"Point","coordinates":[106.32863,10.09577]},"properties":{"Tên doanh nghiệp":"MobiFone Vĩnh Long","Tên trạm BTS":"BTMN52","Địa chỉ lắp đặt":"Ấp An Hòa, Xã Mỏ Cày, tỉnh Vĩnh Long","Trạm 3G":"3G","Số giấy chứng nhận kiểm định":"0107VTTG2022BTMN52","Có giá trị đến":"7/1/27 12:00:00 AM","layer_id":165,"fid":11188,"label":"MobiFone Vĩnh Long"}},{"type":"Feature","geometry":{"type":"Point","coordinates":[106.2954,10.084]},"properties":{"Tên doanh nghiệp":"MobiFone Vĩnh Long","Tên trạm BTS":"BTMN53","Địa chỉ lắp đặt":"Ấp An Thiện, Xã Thành Thới, tỉnh Vĩnh Long","Trạm 3G":"3G","Số giấy chứng nhận kiểm định":"0107VTTG2022BTMN53","Có giá trị đến":"7/1/27 12:00:00 AM","layer_id":165,"fid":11189,"label":"MobiFone Vĩnh Long"}},{"type":"Feature","geometry":{"type":"Point","coordinates":[106.36911,10.1083]},"properties":{"Tên doanh nghiệp":"MobiFone Vĩnh Long","Tên trạm BTS":"BTMN54","Địa chỉ lắp đặt":"Ấp An Phước, Xã Đồng Khởi, tỉnh Vĩnh Long","Trạm 3G":"3G","Số giấy chứng nhận kiểm định":"A04199180325TG05","Có giá trị đến":"3/18/30 12:00:00 AM","layer_id":165,"fid":11190,"label":"MobiFone Vĩnh Long"}},{"type":"Feature","geometry":{"type":"Point","coordinates":[106.393,10.0667]},"properties":{"Tên doanh nghiệp":"MobiFone Vĩnh Long","Tên trạm BTS":"BTMN55","Địa chỉ lắp đặt":"Ấp Tân Thành Thượng, Xã An Định, tỉnh Vĩnh Long","Trạm 3G":"3G","Số giấy chứng nhận kiểm định":"0107VTTG2025BTMN55","Có giá trị đến":"7/1/30 12:00:00 AM","layer_id":165,"fid":11191,"label":"MobiFone Vĩnh Long"}},{"type":"Feature","geometry":{"type":"Point","coordinates":[106.34177,10.148123]},"properties":{"Tên doanh nghiệp":"MobiFone Vĩnh Long","Tên trạm BTS":"BTMN56","Địa chỉ lắp đặt":"Ấp An Quới, Xã Đồng Khởi, tỉnh Vĩnh Long","Trạm 3G":"3G","Số giấy chứng nhận kiểm định":"0107VTTG2025BTMN56","Có giá trị đến":"7/1/30 12:00:00 AM","layer_id":165,"fid":11192,"label":"MobiFone Vĩnh Long"}},{"type":"Feature","geometry":{"type":"Point","coordinates":[106.328,10.0791]},"properties":{"Tên doanh nghiệp":"MobiFone Vĩnh Long","Tên trạm BTS":"BTMN57","Địa chỉ lắp đặt":"Ấp Bình Thới, Xã Mỏ Cày, tỉnh Vĩnh Long","Trạm 3G":"3G","Số giấy chứng nhận kiểm định":"0107VTTG2025BTMN57","Có giá trị đến":"7/1/30 12:00:00 AM","layer_id":165,"fid":11193,"label":"MobiFone Vĩnh Long"}},{"type":"Feature","geometry":{"type":"Point","coordinates":[106.328,10.0556]},"properties":{"Tên doanh nghiệp":"MobiFone Vĩnh Long","Tên trạm BTS":"BTMN58","Địa chỉ lắp đặt":"Ấp Thới Đức, Xã Thành Thới, tỉnh Vĩnh Long","Trạm 3G":"3G","Số giấy chứng nhận kiểm định":"0107VTTG2025BTMN58","Có giá trị đến":"7/1/30 12:00:00 AM","layer_id":165,"fid":11194,"label":"MobiFone Vĩnh Long"}},{"type":"Feature","geometry":{"type":"Point","coordinates":[106.307,10.0912]},"properties":{"Tên doanh nghiệp":"MobiFone Vĩnh Long","Tên trạm BTS":"BTMN59","Địa chỉ lắp đặt":"Ấp An Hòa, Xã Mỏ Cày, tỉnh Vĩnh Long","Trạm 3G":"3G","Số giấy chứng nhận kiểm định":"0107VTTG2025BTMN59","Có giá trị đến":"7/1/30 12:00:00 AM","layer_id":165,"fid":11195,"label":"MobiFone Vĩnh Long"}},{"type":"Feature","geometry":{"type":"Point","coordinates":[106.62655,10.11971]},"properties":{"Tên doanh nghiệp":"Viễn thông Vĩnh Long","Tên trạm BTS":"Tan-Xuan-BTE","Địa chỉ lắp đặt":"Tân Xuân, Vĩnh Long","Trạm 3G":"3G","Số giấy chứng nhận kiểm định":null,"Có giá trị đến":"05/10/2026","layer_id":165,"fid":11272,"label":"Viễn thông Vĩnh Long"}},{"type":"Feature","geometry":{"type":"Point","coordinates":[106.32833,10.11621]},"properties":{"Tên doanh nghiệp":"Viễn thông Vĩnh Long","Tên trạm BTS":"An Vĩnh 1","Địa chỉ lắp đặt":"Mỏ Cày, Vĩnh Long","Trạm 3G":"3G","Số giấy chứng nhận kiểm định":null,"Có giá trị đến":"06/01/2031","layer_id":165,"fid":12003,"label":"Viễn thông Vĩnh Long"}},{"type":"Feature","geometry":{"type":"Point","coordinates":[106.294,10.1354]},"properties":{"Tên doanh nghiệp":"MobiFone Vĩnh Long","Tên trạm BTS":"BTMN60","Địa chỉ lắp đặt":"Thửa đất số 428, TBĐ số 16, ấp Tân Thuận, Xã Tân Thành Bình, tỉnh Vĩnh Long","Trạm 3G":"3G","Số giấy chứng nhận kiểm định":"0107VTTG2025BTMN60","Có giá trị đến":"7/1/30 12:00:00 AM","layer_id":165,"fid":11196,"label":"MobiFone Vĩnh Long"}},{"type":"Feature","geometry":{"type":"Point","coordinates":[106.332,10.0356]},"properties":{"Tên doanh nghiệp":"MobiFone Vĩnh Long","Tên trạm BTS":"BTMN61","Địa chỉ lắp đặt":"Ấp Tân Phong, Xã Thành Thới, tỉnh Vĩnh Long","Trạm 3G":"3G","Số giấy chứng nhận kiểm định":"0107VTTG2025BTMN61","Có giá trị đến":"7/1/30 12:00:00 AM","layer_id":165,"fid":11197,"label":"MobiFone Vĩnh Long"}},{"type":"Feature","geometry":{"type":"Point","coordinates":[106.306,10.0703]},"properties":{"Tên doanh nghiệp":"MobiFone Vĩnh Long","Tên trạm BTS":"BTMN62","Địa chỉ lắp đặt":"Ấp Bình Thạnh, Xã Thành Thới, tỉnh Vĩnh Long","Trạm 3G":"3G","Số giấy chứng nhận kiểm định":"0107VTTG2025BTMN62","Có giá trị đến":"7/1/30 12:00:00 AM","layer_id":165,"fid":11198,"label":"MobiFone Vĩnh Long"}},{"type":"Feature","geometry":{"type":"Point","coordinates":[106.31993,10.138051]},"properties":{"Tên doanh nghiệp":"MobiFone Vĩnh Long","Tên trạm BTS":"BTMN64","Địa chỉ lắp đặt":"Ấp Phú Quới, Xã Mỏ Cày, tỉnh Vĩnh Long","Trạm 3G":"3G","Số giấy chứng nhận kiểm định":"","Có giá trị đến":null,"layer_id":165,"fid":11199,"label":"MobiFone Vĩnh Long"}},{"type":"Feature","geometry":{"type":"Point","coordinates":[106.31287,10.034652]},"properties":{"Tên doanh nghiệp":"MobiFone Vĩnh Long","Tên trạm BTS":"BTMNX0","Địa chỉ lắp đặt":"Ấp Thành Long, Xã Thành Thới, tỉnh Vĩnh Long","Trạm 3G":"3G","Số giấy chứng nhận kiểm định":"0107VTTG2025BTMNX0","Có giá trị đến":"7/1/30 12:00:00 AM","layer_id":165,"fid":11200,"label":"MobiFone Vĩnh Long"}},{"type":"Feature","geometry":{"type":"Point","coordinates":[106.38677,10.028456]},"properties":{"Tên doanh nghiệp":"MobiFone Vĩnh Long","Tên trạm BTS":"BTMNX1","Địa chỉ lắp đặt":"Ấp Phú Trạch 2 , Xã Hương Mỹ, tỉnh Vĩnh Long","Trạm 3G":"3G","Số giấy chứng nhận kiểm định":"0107VTTG2025BTMNX1","Có giá trị đến":"7/1/30 12:00:00 AM","layer_id":165,"fid":11201,"label":"MobiFone Vĩnh Long"}},{"type":"Feature","geometry":{"type":"Point","coordinates":[106.3759,10.1355]},"properties":{"Tên doanh nghiệp":"MobiFone Vĩnh Long","Tên trạm BTS":"BTMNX2","Địa chỉ lắp đặt":"Ấp An Trường, Xã Đồng Khởi, tỉnh Vĩnh Long","Trạm 3G":"3G","Số giấy chứng nhận kiểm định":"0107VTTG2025BTMNX2","Có giá trị đến":"7/1/30 12:00:00 AM","layer_id":165,"fid":11202,"label":"MobiFone Vĩnh Long"}},{"type":"Feature","geometry":{"type":"Point","coordinates":[106.43366,10.065926]},"properties":{"Tên doanh nghiệp":"MobiFone Vĩnh Long","Tên trạm BTS":"BTMNX3","Địa chỉ lắp đặt":"Ấp Tân Phú Đông B , Xã An Định, tỉnh Vĩnh Long","Trạm 3G":"3G","Số giấy chứng nhận kiểm định":"0102VTTG2024BTMNX3","Có giá trị đến":"2/1/29 12:00:00 AM","layer_id":165,"fid":11203,"label":"MobiFone Vĩnh Long"}},{"type":"Feature","geometry":{"type":"Point","coordinates":[106.5169006,9.95160607]},"properties":{"Tên doanh nghiệp":"MobiFone Vĩnh Long","Tên trạm BTS":"BTTP01","Địa chỉ lắp đặt":"Ấp 10, Xã Thạnh Phú, tỉnh Vĩnh Long","Trạm 3G":"3G","Số giấy chứng nhận kiểm định":"A15042021224TG05","Có giá trị đến":"12/2/29 12:00:00 AM","layer_id":165,"fid":11204,"label":"MobiFone Vĩnh Long"}},{"type":"Feature","geometry":{"type":"Point","coordinates":[106.543278,9.913879]},"properties":{"Tên doanh nghiệp":"MobiFone Vĩnh Long","Tên trạm BTS":"BTTP02","Địa chỉ lắp đặt":"Ấp An Hội, Xã An Qui, tỉnh Vĩnh Long","Trạm 3G":"3G","Số giấy chứng nhận kiểm định":"0107VTTG2022BTTP02","Có giá trị đến":"7/1/27 12:00:00 AM","layer_id":165,"fid":11205,"label":"MobiFone Vĩnh Long"}},{"type":"Feature","geometry":{"type":"Point","coordinates":[106.60367,9.93137]},"properties":{"Tên doanh nghiệp":"MobiFone Vĩnh Long","Tên trạm BTS":"BTTP03","Địa chỉ lắp đặt":"Ấp An Điền, Xã Thạnh Hải, tỉnh Vĩnh Long","Trạm 3G":"3G","Số giấy chứng nhận kiểm định":"A05628150321TG05","Có giá trị đến":"3/15/26 12:00:00 AM","layer_id":165,"fid":11206,"label":"MobiFone Vĩnh Long"}},{"type":"Feature","geometry":{"type":"Point","coordinates":[106.6117854,9.8792644]},"properties":{"Tên doanh nghiệp":"MobiFone Vĩnh Long","Tên trạm BTS":"BTTP04","Địa chỉ lắp đặt":"Ấp 3, Xã Thạnh Phong, tỉnh Vĩnh Long","Trạm 3G":"3G","Số giấy chứng nhận kiểm định":"A13055221122TG05","Có giá trị đến":"11/22/27 12:00:00 AM","layer_id":165,"fid":11207,"label":"MobiFone Vĩnh Long"}},{"type":"Feature","geometry":{"type":"Point","coordinates":[106.4475484,10.045045]},"properties":{"Tên doanh nghiệp":"MobiFone Vĩnh Long","Tên trạm BTS":"BTTP05","Địa chỉ lắp đặt":"Ấp Phú Hoà, Xã Đại Điền, tỉnh Vĩnh Long","Trạm 3G":"3G","Số giấy chứng nhận kiểm định":"A05629150321TG05","Có giá trị đến":"3/15/26 12:00:00 AM","layer_id":165,"fid":11208,"label":"MobiFone Vĩnh Long"}},{"type":"Feature","geometry":{"type":"Point","coordinates":[106.4474931,10.00224188]},"properties":{"Tên doanh nghiệp":"MobiFone Vĩnh Long","Tên trạm BTS":"BTTP06","Địa chỉ lắp đặt":"Ấp Thạnh, Xã Đại Điền, tỉnh Vĩnh Long","Trạm 3G":"3G","Số giấy chứng nhận kiểm định":"A13056221122TG05","Có giá trị đến":"11/22/27 12:00:00 AM","layer_id":165,"fid":11209,"label":"MobiFone Vĩnh Long"}},{"type":"Feature","geometry":{"type":"Point","coordinates":[106.6603334,9.8921121]},"properties":{"Tên doanh nghiệp":"MobiFone Vĩnh Long","Tên trạm BTS":"BTTP07","Địa chỉ lắp đặt":"Ấp 1, Xã Thạnh Hải, tỉnh Vĩnh Long","Trạm 3G":"3G","Số giấy chứng nhận kiểm định":"0107VTTG2022BTTP07","Có giá trị đến":"7/1/27 12:00:00 AM","layer_id":165,"fid":11210,"label":"MobiFone Vĩnh Long"}},{"type":"Feature","geometry":{"type":"Point","coordinates":[106.48454,9.97896]},"properties":{"Tên doanh nghiệp":"MobiFone Vĩnh Long","Tên trạm BTS":"BTTP08","Địa chỉ lắp đặt":"Âp 6, Xã Quới Điền, tỉnh Vĩnh Long","Trạm 3G":"3G","Số giấy chứng nhận kiểm định":"2909VTTG2021BTTP08","Có giá trị đến":"9/29/26 12:00:00 AM","layer_id":165,"fid":11211,"label":"MobiFone Vĩnh Long"}},{"type":"Feature","geometry":{"type":"Point","coordinates":[106.36251,10.07163]},"properties":{"Tên doanh nghiệp":"Viễn thông Vĩnh Long","Tên trạm BTS":"Ap-An-Hoa-BTE","Địa chỉ lắp đặt":"Thành Thới, Vĩnh Long","Trạm 3G":"3G","Số giấy chứng nhận kiểm định":null,"Có giá trị đến":"05/10/2026","layer_id":165,"fid":12004,"label":"Viễn thông Vĩnh Long"}},{"type":"Feature","geometry":{"type":"Point","coordinates":[106.5526003,9.93714144]},"properties":{"Tên doanh nghiệp":"MobiFone Vĩnh Long","Tên trạm BTS":"BTTP09","Địa chỉ lắp đặt":"Ấp An Ninh, Xã An Qui, tỉnh Vĩnh Long","Trạm 3G":"3G","Số giấy chứng nhận kiểm định":"0107VTTG2025BTTP09","Có giá trị đến":"7/1/30 12:00:00 AM","layer_id":165,"fid":11212,"label":"MobiFone Vĩnh Long"}},{"type":"Feature","geometry":{"type":"Point","coordinates":[106.5791896,9.89589646]},"properties":{"Tên doanh nghiệp":"MobiFone Vĩnh Long","Tên trạm BTS":"BTTP10","Địa chỉ lắp đặt":"Ấp An Bình, Xã An Qui, tỉnh Vĩnh Long","Trạm 3G":"3G","Số giấy chứng nhận kiểm định":"A26537080621TG05","Có giá trị đến":"6/8/26 12:00:00 AM","layer_id":165,"fid":11213,"label":"MobiFone Vĩnh Long"}},{"type":"Feature","geometry":{"type":"Point","coordinates":[106.5808397,9.96287238]},"properties":{"Tên doanh nghiệp":"MobiFone Vĩnh Long","Tên trạm BTS":"BTTP11","Địa chỉ lắp đặt":"Ấp An Khương, Xã Thạnh Hải, tỉnh Vĩnh Long","Trạm 3G":"3G","Số giấy chứng nhận kiểm định":"2909VTTG2021BTTP11","Có giá trị đến":"9/29/26 12:00:00 AM","layer_id":165,"fid":11214,"label":"MobiFone Vĩnh Long"}},{"type":"Feature","geometry":{"type":"Point","coordinates":[106.609153,9.83871711]},"properties":{"Tên doanh nghiệp":"MobiFone Vĩnh Long","Tên trạm BTS":"BTTP12","Địa chỉ lắp đặt":"Ấp Thạnh Phước, Xã Thạnh Phong, tỉnh Vĩnh Long","Trạm 3G":"3G","Số giấy chứng nhận kiểm định":"A05630150321TG05","Có giá trị đến":"3/15/26 12:00:00 AM","layer_id":165,"fid":11215,"label":"MobiFone Vĩnh Long"}},{"type":"Feature","geometry":{"type":"Point","coordinates":[106.436667,9.969325]},"properties":{"Tên doanh nghiệp":"MobiFone Vĩnh Long","Tên trạm BTS":"BTTP13","Địa chỉ lắp đặt":"Ấp Xương Hoà 2, Xã Đại Điền, tỉnh Vĩnh Long","Trạm 3G":"3G","Số giấy chứng nhận kiểm định":"0107VTTG2022BTTP13","Có giá trị đến":"7/1/27 12:00:00 AM","layer_id":165,"fid":11216,"label":"MobiFone Vĩnh Long"}},{"type":"Feature","geometry":{"type":"Point","coordinates":[106.644185,9.86765]},"properties":{"Tên doanh nghiệp":"MobiFone Vĩnh Long","Tên trạm BTS":"BTTP14","Địa chỉ lắp đặt":"Ấp Thạnh Hưng A, Xã Thạnh Hải, tỉnh Vĩnh Long","Trạm 3G":"3G","Số giấy chứng nhận kiểm định":"2909VTTG2021BTTP14","Có giá trị đến":"9/29/26 12:00:00 AM","layer_id":165,"fid":11217,"label":"MobiFone Vĩnh Long"}},{"type":"Feature","geometry":{"type":"Point","coordinates":[106.5507727,9.86873585]},"properties":{"Tên doanh nghiệp":"MobiFone Vĩnh Long","Tên trạm BTS":"BTTP15","Địa chỉ lắp đặt":"Ấp 5, Xã An Qui, tỉnh Vĩnh Long","Trạm 3G":"3G","Số giấy chứng nhận kiểm định":"0107VTTG2022BTTP15","Có giá trị đến":"7/1/27 12:00:00 AM","layer_id":165,"fid":11218,"label":"MobiFone Vĩnh Long"}},{"type":"Feature","geometry":{"type":"Point","coordinates":[106.5295,9.8888]},"properties":{"Tên doanh nghiệp":"MobiFone Vĩnh Long","Tên trạm BTS":"BTTP16","Địa chỉ lắp đặt":"Ấp An Ninh, Xã An Qui, tỉnh Vĩnh Long","Trạm 3G":"3G","Số giấy chứng nhận kiểm định":"0804VTTG2025BTTP16","Có giá trị đến":"4/8/30 12:00:00 AM","layer_id":165,"fid":11219,"label":"MobiFone Vĩnh Long"}},{"type":"Feature","geometry":{"type":"Point","coordinates":[106.62971,9.85007]},"properties":{"Tên doanh nghiệp":"MobiFone Vĩnh Long","Tên trạm BTS":"BTTP17","Địa chỉ lắp đặt":"Âp Thạnh phước, Xã Thạnh Phong, tỉnh Vĩnh Long","Trạm 3G":"3G","Số giấy chứng nhận kiểm định":"0107VTTG2022BTTP17","Có giá trị đến":"7/1/27 12:00:00 AM","layer_id":165,"fid":11220,"label":"MobiFone Vĩnh Long"}},{"type":"Feature","geometry":{"type":"Point","coordinates":[106.66006,9.8397]},"properties":{"Tên doanh nghiệp":"MobiFone Vĩnh Long","Tên trạm BTS":"BTTP18","Địa chỉ lắp đặt":"Âp 8, Xã Thạnh Hải, tỉnh Vĩnh Long","Trạm 3G":"3G","Số giấy chứng nhận kiểm định":"0102VTTG2024BTTP18","Có giá trị đến":"2/1/29 12:00:00 AM","layer_id":165,"fid":11221,"label":"MobiFone Vĩnh Long"}},{"type":"Feature","geometry":{"type":"Point","coordinates":[106.51926,9.94273]},"properties":{"Tên doanh nghiệp":"MobiFone Vĩnh Long","Tên trạm BTS":"BTTP19","Địa chỉ lắp đặt":"Ấp 4, Xã Thạnh Phú, tỉnh Vĩnh Long","Trạm 3G":"3G","Số giấy chứng nhận kiểm định":"A02773080222TG05","Có giá trị đến":"2/8/27 12:00:00 AM","layer_id":165,"fid":11222,"label":"MobiFone Vĩnh Long"}},{"type":"Feature","geometry":{"type":"Point","coordinates":[106.58569,9.87246]},"properties":{"Tên doanh nghiệp":"MobiFone Vĩnh Long","Tên trạm BTS":"BTTP20","Địa chỉ lắp đặt":"Ấp An Ninh, Xã An Qui, tỉnh Vĩnh Long","Trạm 3G":"3G","Số giấy chứng nhận kiểm định":"0804VTTG2025BTTP20","Có giá trị đến":"4/8/30 12:00:00 AM","layer_id":165,"fid":11223,"label":"MobiFone Vĩnh Long"}},{"type":"Feature","geometry":{"type":"Point","coordinates":[106.42546,10.00938]},"properties":{"Tên doanh nghiệp":"MobiFone Vĩnh Long","Tên trạm BTS":"BTTP21","Địa chỉ lắp đặt":"Âp Phủ, Xã Đại Điền, tỉnh Vĩnh Long","Trạm 3G":"3G","Số giấy chứng nhận kiểm định":"0804VTTG2025BTTP21","Có giá trị đến":"4/8/30 12:00:00 AM","layer_id":165,"fid":11224,"label":"MobiFone Vĩnh Long"}},{"type":"Feature","geometry":{"type":"Point","coordinates":[106.540871,9.957293]},"properties":{"Tên doanh nghiệp":"MobiFone Vĩnh Long","Tên trạm BTS":"BTTP22","Địa chỉ lắp đặt":"Ấp An Ngãi B, Xã Thạnh Phú, tỉnh Vĩnh Long","Trạm 3G":"3G","Số giấy chứng nhận kiểm định":"0107VTTG2022BTTP22","Có giá trị đến":"7/1/27 12:00:00 AM","layer_id":165,"fid":11225,"label":"MobiFone Vĩnh Long"}},{"type":"Feature","geometry":{"type":"Point","coordinates":[106.46324,9.95495]},"properties":{"Tên doanh nghiệp":"MobiFone Vĩnh Long","Tên trạm BTS":"BTTP23","Địa chỉ lắp đặt":"Ấp Quí Hoà, Xã Quới Điền, tỉnh Vĩnh Long","Trạm 3G":"3G","Số giấy chứng nhận kiểm định":"0107VTTG2022BTTP23","Có giá trị đến":"7/1/27 12:00:00 AM","layer_id":165,"fid":11226,"label":"MobiFone Vĩnh Long"}},{"type":"Feature","geometry":{"type":"Point","coordinates":[106.482314,9.932096]},"properties":{"Tên doanh nghiệp":"MobiFone Vĩnh Long","Tên trạm BTS":"BTTP24","Địa chỉ lắp đặt":"Ấp Quí An, Xã Quới Điền, tỉnh Vĩnh Long","Trạm 3G":"3G","Số giấy chứng nhận kiểm định":"2909VTTG2021BTTP24","Có giá trị đến":"9/29/26 12:00:00 AM","layer_id":165,"fid":11227,"label":"MobiFone Vĩnh Long"}},{"type":"Feature","geometry":{"type":"Point","coordinates":[106.29925,10.11317]},"properties":{"Tên doanh nghiệp":"Viễn thông Vĩnh Long","Tên trạm BTS":"Cau-Sa-Ke-BTE","Địa chỉ lắp đặt":" Mỏ Cày, Vĩnh Long","Trạm 3G":"3G","Số giấy chứng nhận kiểm định":null,"Có giá trị đến":"05/10/2026","layer_id":165,"fid":12005,"label":"Viễn thông Vĩnh Long"}},{"type":"Feature","geometry":{"type":"Point","coordinates":[106.466,9.98997]},"properties":{"Tên doanh nghiệp":"MobiFone Vĩnh Long","Tên trạm BTS":"BTTP25","Địa chỉ lắp đặt":"Ấp Quý Khương, Xã Quới Điền, tỉnh Vĩnh Long","Trạm 3G":"3G","Số giấy chứng nhận kiểm định":"A26538080621TG05","Có giá trị đến":"6/8/26 12:00:00 AM","layer_id":165,"fid":11228,"label":"MobiFone Vĩnh Long"}},{"type":"Feature","geometry":{"type":"Point","coordinates":[106.48196,10.01211]},"properties":{"Tên doanh nghiệp":"MobiFone Vĩnh Long","Tên trạm BTS":"BTTP26","Địa chỉ lắp đặt":"Ấp Quí Thế, Xã Quới Điền, tỉnh Vĩnh Long","Trạm 3G":"3G","Số giấy chứng nhận kiểm định":"2909VTTG2021BTTP26","Có giá trị đến":"9/29/26 12:00:00 AM","layer_id":165,"fid":11229,"label":"MobiFone Vĩnh Long"}},{"type":"Feature","geometry":{"type":"Point","coordinates":[106.52784,9.98499]},"properties":{"Tên doanh nghiệp":"MobiFone Vĩnh Long","Tên trạm BTS":"BTTP27","Địa chỉ lắp đặt":"Ấp Thạnh Mỹ, Xã Thạnh Phú, tỉnh Vĩnh Long","Trạm 3G":"3G","Số giấy chứng nhận kiểm định":"A05631150321TG05","Có giá trị đến":"3/15/26 12:00:00 AM","layer_id":165,"fid":11230,"label":"MobiFone Vĩnh Long"}},{"type":"Feature","geometry":{"type":"Point","coordinates":[106.44607,10.02474]},"properties":{"Tên doanh nghiệp":"MobiFone Vĩnh Long","Tên trạm BTS":"BTTP28","Địa chỉ lắp đặt":"Ấp Quí Mỹ, Xã Đại Điền, tỉnh Vĩnh Long","Trạm 3G":"3G","Số giấy chứng nhận kiểm định":"A26539080621TG05","Có giá trị đến":"6/8/26 12:00:00 AM","layer_id":165,"fid":11231,"label":"MobiFone Vĩnh Long"}},{"type":"Feature","geometry":{"type":"Point","coordinates":[106.511897,9.91033]},"properties":{"Tên doanh nghiệp":"MobiFone Vĩnh Long","Tên trạm BTS":"BTTP29","Địa chỉ lắp đặt":"Ấp Thạnh An, Xã Thạnh Phú, tỉnh Vĩnh Long","Trạm 3G":"3G","Số giấy chứng nhận kiểm định":"2909VTTG2021BTTP29","Có giá trị đến":"9/29/26 12:00:00 AM","layer_id":165,"fid":11232,"label":"MobiFone Vĩnh Long"}},{"type":"Feature","geometry":{"type":"Point","coordinates":[106.645103,9.924956]},"properties":{"Tên doanh nghiệp":"MobiFone Vĩnh Long","Tên trạm BTS":"BTTP30","Địa chỉ lắp đặt":"Ấp 1B, Xã Thạnh Hải, tỉnh Vĩnh Long","Trạm 3G":"3G","Số giấy chứng nhận kiểm định":"2909VTTG2021BTTP30","Có giá trị đến":"9/29/26 12:00:00 AM","layer_id":165,"fid":11233,"label":"MobiFone Vĩnh Long"}},{"type":"Feature","geometry":{"type":"Point","coordinates":[106.5802,9.92615]},"properties":{"Tên doanh nghiệp":"MobiFone Vĩnh Long","Tên trạm BTS":"BTTP31","Địa chỉ lắp đặt":"Ấp An Thới, Xã An Qui, tỉnh Vĩnh Long","Trạm 3G":"3G","Số giấy chứng nhận kiểm định":"0804VTTG2025BTTP31","Có giá trị đến":"4/8/30 12:00:00 AM","layer_id":165,"fid":11234,"label":"MobiFone Vĩnh Long"}},{"type":"Feature","geometry":{"type":"Point","coordinates":[106.52552,9.9325]},"properties":{"Tên doanh nghiệp":"MobiFone Vĩnh Long","Tên trạm BTS":"BTTP32","Địa chỉ lắp đặt":"Ấp Thạnh Lợi, Xã Thạnh Phú, tỉnh Vĩnh Long","Trạm 3G":"3G","Số giấy chứng nhận kiểm định":"A26540080621TG05","Có giá trị đến":"6/8/26 12:00:00 AM","layer_id":165,"fid":11235,"label":"MobiFone Vĩnh Long"}},{"type":"Feature","geometry":{"type":"Point","coordinates":[106.505002,9.961935]},"properties":{"Tên doanh nghiệp":"MobiFone Vĩnh Long","Tên trạm BTS":"BTTP33","Địa chỉ lắp đặt":"Ấp Thạnh Hoà B, Xã Quới Điền, tỉnh Vĩnh Long","Trạm 3G":"3G","Số giấy chứng nhận kiểm định":"2909VTTG2021BTTP33","Có giá trị đến":"9/29/26 12:00:00 AM","layer_id":165,"fid":11236,"label":"MobiFone Vĩnh Long"}},{"type":"Feature","geometry":{"type":"Point","coordinates":[106.60801,9.89897]},"properties":{"Tên doanh nghiệp":"MobiFone Vĩnh Long","Tên trạm BTS":"BTTP34","Địa chỉ lắp đặt":"Ấp Giao Bình, Xã Thạnh Phong, tỉnh Vĩnh Long","Trạm 3G":"3G","Số giấy chứng nhận kiểm định":"0107VTTG2022BTTP34","Có giá trị đến":"7/1/27 12:00:00 AM","layer_id":165,"fid":11237,"label":"MobiFone Vĩnh Long"}},{"type":"Feature","geometry":{"type":"Point","coordinates":[106.5382,9.89963]},"properties":{"Tên doanh nghiệp":"MobiFone Vĩnh Long","Tên trạm BTS":"BTTP35","Địa chỉ lắp đặt":"Ấp An Ninh A, Xã An Qui, tỉnh Vĩnh Long","Trạm 3G":"3G","Số giấy chứng nhận kiểm định":"0107VTTG2022BTTP35","Có giá trị đến":"7/1/27 12:00:00 AM","layer_id":165,"fid":11238,"label":"MobiFone Vĩnh Long"}},{"type":"Feature","geometry":{"type":"Point","coordinates":[106.44361,9.98112]},"properties":{"Tên doanh nghiệp":"MobiFone Vĩnh Long","Tên trạm BTS":"BTTP38","Địa chỉ lắp đặt":"Ấp Xương Thới 1, Xã Đại Điền, tỉnh Vĩnh Long","Trạm 3G":"3G","Số giấy chứng nhận kiểm định":"0107VTTG2022BTTP38","Có giá trị đến":"7/1/27 12:00:00 AM","layer_id":165,"fid":11239,"label":"MobiFone Vĩnh Long"}},{"type":"Feature","geometry":{"type":"Point","coordinates":[106.62931,9.87502]},"properties":{"Tên doanh nghiệp":"MobiFone Vĩnh Long","Tên trạm BTS":"BTTP39","Địa chỉ lắp đặt":"Ấp Đại Thôn, Xã Thạnh Phong, tỉnh Vĩnh Long","Trạm 3G":"3G","Số giấy chứng nhận kiểm định":"0107VTTG2022BTTP39","Có giá trị đến":"7/1/27 12:00:00 AM","layer_id":165,"fid":11240,"label":"MobiFone Vĩnh Long"}},{"type":"Feature","geometry":{"type":"Point","coordinates":[106.60551,9.86019]},"properties":{"Tên doanh nghiệp":"MobiFone Vĩnh Long","Tên trạm BTS":"BTTP40","Địa chỉ lắp đặt":"Ấp Giao Hiệp, Xã Thạnh Phong, tỉnh Vĩnh Long","Trạm 3G":"3G","Số giấy chứng nhận kiểm định":"0107VTTG2022BTTP40","Có giá trị đến":"7/1/27 12:00:00 AM","layer_id":165,"fid":11241,"label":"MobiFone Vĩnh Long"}},{"type":"Feature","geometry":{"type":"Point","coordinates":[106.55871,9.90879]},"properties":{"Tên doanh nghiệp":"MobiFone Vĩnh Long","Tên trạm BTS":"BTTP41","Địa chỉ lắp đặt":"Ấp An Phú, Xã An Qui, tỉnh Vĩnh Long","Trạm 3G":"3G","Số giấy chứng nhận kiểm định":"0107VTTG2022BTTP41","Có giá trị đến":"7/1/27 12:00:00 AM","layer_id":165,"fid":11242,"label":"MobiFone Vĩnh Long"}},{"type":"Feature","geometry":{"type":"Point","coordinates":[106.6051,9.88931]},"properties":{"Tên doanh nghiệp":"MobiFone Vĩnh Long","Tên trạm BTS":"BTTP42","Địa chỉ lắp đặt":"Ấp Giao Hoà Chợ, Xã Thạnh Phong, tỉnh Vĩnh Long","Trạm 3G":"3G","Số giấy chứng nhận kiểm định":"0107VTTG2022BTTP42","Có giá trị đến":"7/1/27 12:00:00 AM","layer_id":165,"fid":11243,"label":"MobiFone Vĩnh Long"}},{"type":"Feature","geometry":{"type":"Point","coordinates":[106.4465,10.04143]},"properties":{"Tên doanh nghiệp":"MobiFone Vĩnh Long","Tên trạm BTS":"BTTP43","Địa chỉ lắp đặt":"Ấp Phú Hoà, Xã Đại Điền, tỉnh Vĩnh Long","Trạm 3G":"3G","Số giấy chứng nhận kiểm định":"0107VTTG2022BTTP43","Có giá trị đến":"7/1/27 12:00:00 AM","layer_id":165,"fid":11244,"label":"MobiFone Vĩnh Long"}},{"type":"Feature","geometry":{"type":"Point","coordinates":[106.50299,9.98747]},"properties":{"Tên doanh nghiệp":"MobiFone Vĩnh Long","Tên trạm BTS":"BTTP44","Địa chỉ lắp đặt":"Ấp Thạnh Mỹ, Xã Quới Điền, tỉnh Vĩnh Long","Trạm 3G":"3G","Số giấy chứng nhận kiểm định":"A13057221122TG05","Có giá trị đến":"11/22/27 12:00:00 AM","layer_id":165,"fid":11245,"label":"MobiFone Vĩnh Long"}},{"type":"Feature","geometry":{"type":"Point","coordinates":[106.65559,9.88115]},"properties":{"Tên doanh nghiệp":"MobiFone Vĩnh Long","Tên trạm BTS":"BTTP45","Địa chỉ lắp đặt":"Ấp 2, Xã Thạnh Hải, tỉnh Vĩnh Long","Trạm 3G":"3G","Số giấy chứng nhận kiểm định":"B03823230620TG05","Có giá trị đến":"6/23/25 12:00:00 AM","layer_id":165,"fid":11246,"label":"MobiFone Vĩnh Long"}},{"type":"Feature","geometry":{"type":"Point","coordinates":[106.62417,9.82626]},"properties":{"Tên doanh nghiệp":"MobiFone Vĩnh Long","Tên trạm BTS":"BTTP46","Địa chỉ lắp đặt":"Ấp Thạnh Lộc, Xã Thạnh Phong, tỉnh Vĩnh Long","Trạm 3G":"3G","Số giấy chứng nhận kiểm định":"1503VTTG2023BTTP46","Có giá trị đến":"3/15/28 12:00:00 AM","layer_id":165,"fid":11247,"label":"MobiFone Vĩnh Long"}},{"type":"Feature","geometry":{"type":"Point","coordinates":[106.59507,9.94633]},"properties":{"Tên doanh nghiệp":"MobiFone Vĩnh Long","Tên trạm BTS":"BTTP47","Địa chỉ lắp đặt":"Ấp An Điền, Xã Thạnh Hải, tỉnh Vĩnh Long","Trạm 3G":"3G","Số giấy chứng nhận kiểm định":"1503VTTG2023BTTP47","Có giá trị đến":"3/15/28 12:00:00 AM","layer_id":165,"fid":11248,"label":"MobiFone Vĩnh Long"}},{"type":"Feature","geometry":{"type":"Point","coordinates":[106.55452,9.88685]},"properties":{"Tên doanh nghiệp":"MobiFone Vĩnh Long","Tên trạm BTS":"BTTP48","Địa chỉ lắp đặt":"Ấp 2, Xã An Qui, tỉnh Vĩnh Long","Trạm 3G":"3G","Số giấy chứng nhận kiểm định":"0107VTTG2022BTTP48","Có giá trị đến":"7/1/27 12:00:00 AM","layer_id":165,"fid":11249,"label":"MobiFone Vĩnh Long"}},{"type":"Feature","geometry":{"type":"Point","coordinates":[106.50901,9.93197]},"properties":{"Tên doanh nghiệp":"MobiFone Vĩnh Long","Tên trạm BTS":"BTTP49","Địa chỉ lắp đặt":"Ấp 7, Xã Thạnh Phú, tỉnh Vĩnh Long","Trạm 3G":"3G","Số giấy chứng nhận kiểm định":"0107VTTG2022BTTP49","Có giá trị đến":"7/1/27 12:00:00 AM","layer_id":165,"fid":11250,"label":"MobiFone Vĩnh Long"}},{"type":"Feature","geometry":{"type":"Point","coordinates":[106.42789,9.956415]},"properties":{"Tên doanh nghiệp":"MobiFone Vĩnh Long","Tên trạm BTS":"BTTP50","Địa chỉ lắp đặt":"Ấp Xương Hoà 2, Xã Đại Điền, tỉnh Vĩnh Long","Trạm 3G":"3G","Số giấy chứng nhận kiểm định":"0107VTTG2025BTTP50","Có giá trị đến":"7/1/30 12:00:00 AM","layer_id":165,"fid":11251,"label":"MobiFone Vĩnh Long"}},{"type":"Feature","geometry":{"type":"Point","coordinates":[106.559,9.97707]},"properties":{"Tên doanh nghiệp":"MobiFone Vĩnh Long","Tên trạm BTS":"BTTP51","Địa chỉ lắp đặt":"Ấp An Hoà B, Xã Thạnh Phú, tỉnh Vĩnh Long","Trạm 3G":"3G","Số giấy chứng nhận kiểm định":"0107VTTG2025BTTP51","Có giá trị đến":"7/1/30 12:00:00 AM","layer_id":165,"fid":11252,"label":"MobiFone Vĩnh Long"}},{"type":"Feature","geometry":{"type":"Point","coordinates":[106.616,9.94017]},"properties":{"Tên doanh nghiệp":"MobiFone Vĩnh Long","Tên trạm BTS":"BTTP52","Địa chỉ lắp đặt":"Ấp Giang Hà, Xã Thạnh Hải, tỉnh Vĩnh Long","Trạm 3G":"3G","Số giấy chứng nhận kiểm định":"0107VTTG2025BTTP52","Có giá trị đến":"7/1/30 12:00:00 AM","layer_id":165,"fid":11253,"label":"MobiFone Vĩnh Long"}},{"type":"Feature","geometry":{"type":"Point","coordinates":[106.43,10.0281]},"properties":{"Tên doanh nghiệp":"MobiFone Vĩnh Long","Tên trạm BTS":"BTTP53","Địa chỉ lắp đặt":"Ấp Bình Khánh, Xã Đại Điền, tỉnh Vĩnh Long","Trạm 3G":"3G","Số giấy chứng nhận kiểm định":"0107VTTG2025BTTP53","Có giá trị đến":"7/1/30 12:00:00 AM","layer_id":165,"fid":11254,"label":"MobiFone Vĩnh Long"}},{"type":"Feature","geometry":{"type":"Point","coordinates":[106.58044,10.04818]},"properties":{"Tên doanh nghiệp":"Viễn thông Vĩnh Long","Tên trạm BTS":"An-Binh-Tay-BTE","Địa chỉ lắp đặt":"Ba Tri, Vĩnh Long","Trạm 3G":"3G","Số giấy chứng nhận kiểm định":"A14102301024TG05","Có giá trị đến":"10/30/29 12:00:00 AM","layer_id":165,"fid":11255,"label":"Viễn thông Vĩnh Long"}},{"type":"Feature","geometry":{"type":"Point","coordinates":[106.49722,10.05631]},"properties":{"Tên doanh nghiệp":"Viễn thông Vĩnh Long","Tên trạm BTS":"Tan-Hung-BTE","Địa chỉ lắp đặt":"An Hiệp, Vĩnh Long","Trạm 3G":"3G","Số giấy chứng nhận kiểm định":null,"Có giá trị đến":"23/08/2029","layer_id":165,"fid":11256,"label":"Viễn thông Vĩnh Long"}},{"type":"Feature","geometry":{"type":"Point","coordinates":[106.5993,10.04115]},"properties":{"Tên doanh nghiệp":"Viễn thông Vĩnh Long","Tên trạm BTS":"Ba-Tri-2-BTE","Địa chỉ lắp đặt":"Ba Tri, Vĩnh long","Trạm 3G":"3G","Số giấy chứng nhận kiểm định":"A14100301024TG05","Có giá trị đến":"10/30/29 12:00:00 AM","layer_id":165,"fid":11259,"label":"Viễn thông Vĩnh Long"}},{"type":"Feature","geometry":{"type":"Point","coordinates":[106.539716,10.032338]},"properties":{"Tên doanh nghiệp":"Viễn thông Vĩnh Long","Tên trạm BTS":"Giong-Nhut-BTE","Địa chỉ lắp đặt":"An Hiệp, Vĩnh Long","Trạm 3G":"3G","Số giấy chứng nhận kiểm định":null,"Có giá trị đến":"23/08/2029","layer_id":165,"fid":11260,"label":"Viễn thông Vĩnh Long"}},{"type":"Feature","geometry":{"type":"Point","coordinates":[106.6571,10.09063]},"properties":{"Tên doanh nghiệp":"Viễn thông Vĩnh Long","Tên trạm BTS":"Nha-Tho-Bao-Thanh-BTE","Địa chỉ lắp đặt":"Bảo Thạnh, Vĩnh Long","Trạm 3G":"3G","Số giấy chứng nhận kiểm định":null,"Có giá trị đến":"23/08/2029","layer_id":165,"fid":11261,"label":"Viễn thông Vĩnh Long"}},{"type":"Feature","geometry":{"type":"Point","coordinates":[106.62881,10.07805]},"properties":{"Tên doanh nghiệp":"Viễn thông Vĩnh Long","Tên trạm BTS":"Dinh-Phu-Ngai-BTE","Địa chỉ lắp đặt":"Tân Xuân, Vĩnh Long","Trạm 3G":"3G","Số giấy chứng nhận kiểm định":null,"Có giá trị đến":"23/08/2029","layer_id":165,"fid":11262,"label":"Viễn thông Vĩnh Long"}},{"type":"Feature","geometry":{"type":"Point","coordinates":[106.51991,10.01151]},"properties":{"Tên doanh nghiệp":"Viễn thông Vĩnh Long","Tên trạm BTS":"Con-Dat-BTE","Địa chỉ lắp đặt":"An Hiệp, Vĩnh Long","Trạm 3G":"3G","Số giấy chứng nhận kiểm định":"A34104301121TG05","Có giá trị đến":"30/11/2026","layer_id":165,"fid":11263,"label":"Viễn thông Vĩnh Long"}},{"type":"Feature","geometry":{"type":"Point","coordinates":[106.523943,10.085452]},"properties":{"Tên doanh nghiệp":"Viễn thông Vĩnh Long","Tên trạm BTS":"Cong-Lang-Sen-BTE","Địa chỉ lắp đặt":"An Ngãi Trung, Vĩnh Long","Trạm 3G":"3G","Số giấy chứng nhận kiểm định":null,"Có giá trị đến":"09/10/2029","layer_id":165,"fid":11265,"label":"Viễn thông Vĩnh Long"}},{"type":"Feature","geometry":{"type":"Point","coordinates":[106.59128,10.04378]},"properties":{"Tên doanh nghiệp":"Viễn thông Vĩnh Long","Tên trạm BTS":"Ba-Tri-BTE","Địa chỉ lắp đặt":"Ba Tri, Vĩnh long","Trạm 3G":"3G","Số giấy chứng nhận kiểm định":"A16022311025TG05","Có giá trị đến":"10/31/30 12:00:00 AM","layer_id":165,"fid":11266,"label":"Viễn thông Vĩnh Long"}},{"type":"Feature","geometry":{"type":"Point","coordinates":[106.59622,10.03829]},"properties":{"Tên doanh nghiệp":"Viễn thông Vĩnh Long","Tên trạm BTS":"Cau-Xay-BTE","Địa chỉ lắp đặt":"Ba Tri, Vĩnh long","Trạm 3G":"3G","Số giấy chứng nhận kiểm định":"A34134301121TG05","Có giá trị đến":"30/11/2026","layer_id":165,"fid":11267,"label":"Viễn thông Vĩnh Long"}},{"type":"Feature","geometry":{"type":"Point","coordinates":[106.60275,10.05807]},"properties":{"Tên doanh nghiệp":"Viễn thông Vĩnh Long","Tên trạm BTS":"An-Phu-BTE","Địa chỉ lắp đặt":"Ba Tri, Vĩnh Long","Trạm 3G":"3G","Số giấy chứng nhận kiểm định":"Đang hoàn thiện hồ sơ đo kiểm, Tự công bố sự phù hợp","Có giá trị đến":null,"layer_id":165,"fid":11268,"label":"Viễn thông Vĩnh Long"}},{"type":"Feature","geometry":{"type":"Point","coordinates":[106.6254,10.04327]},"properties":{"Tên doanh nghiệp":"Viễn thông Vĩnh Long","Tên trạm BTS":"Vinh-Hoa-2-BTE","Địa chỉ lắp đặt":"Ba Tri, Vĩnh Long","Trạm 3G":"3G","Số giấy chứng nhận kiểm định":null,"Có giá trị đến":"10/04/2028","layer_id":165,"fid":11269,"label":"Viễn thông Vĩnh Long"}},{"type":"Feature","geometry":{"type":"Point","coordinates":[106.59879,10.02642]},"properties":{"Tên doanh nghiệp":"Viễn thông Vĩnh Long","Tên trạm BTS":"Vinh-Duc-Trung-BTE","Địa chỉ lắp đặt":"Ba Tri, Vĩnh Long","Trạm 3G":"3G","Số giấy chứng nhận kiểm định":"Đang hoàn thiện hồ sơ đo kiểm, Tự công bố sự phù hợp","Có giá trị đến":null,"layer_id":165,"fid":11274,"label":"Viễn thông Vĩnh Long"}},{"type":"Feature","geometry":{"type":"Point","coordinates":[106.56557,10.09172]},"properties":{"Tên doanh nghiệp":"Viễn thông Vĩnh Long","Tên trạm BTS":"Cho-Dong-Cham-BTE","Địa chỉ lắp đặt":"An Ngãi Trung, Vĩnh Long","Trạm 3G":"3G","Số giấy chứng nhận kiểm định":null,"Có giá trị đến":"05/10/2026","layer_id":165,"fid":11275,"label":"Viễn thông Vĩnh Long"}},{"type":"Feature","geometry":{"type":"Point","coordinates":[106.58569,10.09299]},"properties":{"Tên doanh nghiệp":"Viễn thông Vĩnh Long","Tên trạm BTS":"Giong-Tram-BTE","Địa chỉ lắp đặt":" Mỹ Chánh Hòa, Vĩnh Long","Trạm 3G":"3G","Số giấy chứng nhận kiểm định":null,"Có giá trị đến":"05/10/2026","layer_id":165,"fid":11276,"label":"Viễn thông Vĩnh Long"}},{"type":"Feature","geometry":{"type":"Point","coordinates":[106.54529,10.09129]},"properties":{"Tên doanh nghiệp":"Viễn thông Vĩnh Long","Tên trạm BTS":"An-Hoa-APT","Địa chỉ lắp đặt":"An Ngãi Trung, Vĩnh Long","Trạm 3G":"3G","Số giấy chứng nhận kiểm định":null,"Có giá trị đến":"10/04/2028","layer_id":165,"fid":11277,"label":"Viễn thông Vĩnh Long"}},{"type":"Feature","geometry":{"type":"Point","coordinates":[106.575083,10.02954]},"properties":{"Tên doanh nghiệp":"Viễn thông Vĩnh Long","Tên trạm BTS":"Giong-Dinh-BTE","Địa chỉ lắp đặt":"Ba Tri, Vĩnh long","Trạm 3G":"3G","Số giấy chứng nhận kiểm định":"Đang hoàn thiện hồ sơ đo kiểm, Tự công bố sự phù hợp","Có giá trị đến":null,"layer_id":165,"fid":11279,"label":"Viễn thông Vĩnh Long"}},{"type":"Feature","geometry":{"type":"Point","coordinates":[106.55139,10.04797]},"properties":{"Tên doanh nghiệp":"Viễn thông Vĩnh Long","Tên trạm BTS":"Nha-Tho-An-Dien-BTE","Địa chỉ lắp đặt":"An Hiệp, Vĩnh Long","Trạm 3G":"3G","Số giấy chứng nhận kiểm định":"A34100301121TG05","Có giá trị đến":"30/11/2026","layer_id":165,"fid":11280,"label":"Viễn thông Vĩnh Long"}},{"type":"Feature","geometry":{"type":"Point","coordinates":[106.58263,10.11931]},"properties":{"Tên doanh nghiệp":"Viễn thông Vĩnh Long","Tên trạm BTS":"My-Chanh-BTE","Địa chỉ lắp đặt":"Mỹ Chánh Hòa, Vĩnh Long","Trạm 3G":"3G","Số giấy chứng nhận kiểm định":"A14096301024TG05","Có giá trị đến":"10/30/29 12:00:00 AM","layer_id":165,"fid":11281,"label":"Viễn thông Vĩnh Long"}},{"type":"Feature","geometry":{"type":"Point","coordinates":[106.62043,10.13924]},"properties":{"Tên doanh nghiệp":"Viễn thông Vĩnh Long","Tên trạm BTS":"Tan-An-TXN","Địa chỉ lắp đặt":"Tân Xuân, Vĩnh Long","Trạm 3G":"3G","Số giấy chứng nhận kiểm định":null,"Có giá trị đến":"23/08/2029","layer_id":165,"fid":11282,"label":"Viễn thông Vĩnh Long"}},{"type":"Feature","geometry":{"type":"Point","coordinates":[106.569866,10.054474]},"properties":{"Tên doanh nghiệp":"Viễn thông Vĩnh Long","Tên trạm BTS":"Cau-Nguyen-Tan-Man-BTE","Địa chỉ lắp đặt":"Ba Tri, Vĩnh Long","Trạm 3G":"3G","Số giấy chứng nhận kiểm định":null,"Có giá trị đến":"10/04/2028","layer_id":165,"fid":11283,"label":"Viễn thông Vĩnh Long"}},{"type":"Feature","geometry":{"type":"Point","coordinates":[106.62605,9.98187]},"properties":{"Tên doanh nghiệp":"Viễn thông Vĩnh Long","Tên trạm BTS":"Bai-Ngao-BTE","Địa chỉ lắp đặt":"Tân Thủy, Vĩnh Long","Trạm 3G":"3G","Số giấy chứng nhận kiểm định":null,"Có giá trị đến":"23/08/2029","layer_id":165,"fid":11284,"label":"Viễn thông Vĩnh Long"}},{"type":"Feature","geometry":{"type":"Point","coordinates":[106.65771,10.10824]},"properties":{"Tên doanh nghiệp":"Viễn thông Vĩnh Long","Tên trạm BTS":"Bao-Thanh-2-BTE","Địa chỉ lắp đặt":"Bảo Thạnh, Vĩnh Long","Trạm 3G":"3G","Số giấy chứng nhận kiểm định":null,"Có giá trị đến":"09/10/2029","layer_id":165,"fid":11285,"label":"Viễn thông Vĩnh Long"}},{"type":"Feature","geometry":{"type":"Point","coordinates":[106.61997,10.0669]},"properties":{"Tên doanh nghiệp":"Viễn thông Vĩnh Long","Tên trạm BTS":"Phu-Le-BTE","Địa chỉ lắp đặt":"Tân Xuân, Vĩnh Long","Trạm 3G":"3G","Số giấy chứng nhận kiểm định":null,"Có giá trị đến":"05/10/2026","layer_id":165,"fid":11286,"label":"Viễn thông Vĩnh Long"}},{"type":"Feature","geometry":{"type":"Point","coordinates":[106.55019,10.141118]},"properties":{"Tên doanh nghiệp":"Viễn thông Vĩnh Long","Tên trạm BTS":"Cau-Vy-BTE","Địa chỉ lắp đặt":"Mỹ Chánh Hòa, Vĩnh Long","Trạm 3G":"3G","Số giấy chứng nhận kiểm định":"A00454120122TG05","Có giá trị đến":"12/01/2027","layer_id":165,"fid":11287,"label":"Viễn thông Vĩnh Long"}},{"type":"Feature","geometry":{"type":"Point","coordinates":[106.54089,10.07057]},"properties":{"Tên doanh nghiệp":"Viễn thông Vĩnh Long","Tên trạm BTS":"An-Ngai-Trung-BTE","Địa chỉ lắp đặt":"An Ngãi Trung, Vĩnh Long","Trạm 3G":"3G","Số giấy chứng nhận kiểm định":"A04804190422TG05","Có giá trị đến":"19/04/2027","layer_id":165,"fid":11289,"label":"Viễn thông Vĩnh Long"}},{"type":"Feature","geometry":{"type":"Point","coordinates":[106.61212,9.98169]},"properties":{"Tên doanh nghiệp":"Viễn thông Vĩnh Long","Tên trạm BTS":"Tiem-Tom-BTE","Địa chỉ lắp đặt":"Tân Thủy, Vĩnh Long","Trạm 3G":"3G","Số giấy chứng nhận kiểm định":"A16032311025TG05","Có giá trị đến":"10/31/30 12:00:00 AM","layer_id":165,"fid":11290,"label":"Viễn thông Vĩnh Long"}},{"type":"Feature","geometry":{"type":"Point","coordinates":[106.621619,10.007099]},"properties":{"Tên doanh nghiệp":"Viễn thông Vĩnh Long","Tên trạm BTS":"BTE2023-011","Địa chỉ lắp đặt":"Tân Thủy, Vĩnh Long","Trạm 3G":"3G","Số giấy chứng nhận kiểm định":"A11732220725TG05","Có giá trị đến":"7/22/30 12:00:00 AM","layer_id":165,"fid":11291,"label":"Viễn thông Vĩnh Long"}},{"type":"Feature","geometry":{"type":"Point","coordinates":[106.584923,10.067548]},"properties":{"Tên doanh nghiệp":"Viễn thông Vĩnh Long","Tên trạm BTS":"Nam-Vo-BTE","Địa chỉ lắp đặt":"Ba Tri, Vĩnh Long","Trạm 3G":"3G","Số giấy chứng nhận kiểm định":"A14110301024TG05","Có giá trị đến":"10/30/29 12:00:00 AM","layer_id":165,"fid":11292,"label":"Viễn thông Vĩnh Long"}},{"type":"Feature","geometry":{"type":"Point","coordinates":[106.55668,10.06138]},"properties":{"Tên doanh nghiệp":"Viễn thông Vĩnh Long","Tên trạm BTS":"An-Dien-Ba-Tri-BTE","Địa chỉ lắp đặt":"Ba Tri, Vĩnh Long","Trạm 3G":"3G","Số giấy chứng nhận kiểm định":null,"Có giá trị đến":"09/10/2029","layer_id":165,"fid":11293,"label":"Viễn thông Vĩnh Long"}},{"type":"Feature","geometry":{"type":"Point","coordinates":[106.5912,10.00567]},"properties":{"Tên doanh nghiệp":"Viễn thông Vĩnh Long","Tên trạm BTS":"Cong-Giong-Quy-BTE","Địa chỉ lắp đặt":"Tân Thủy, Vĩnh Long","Trạm 3G":"3G","Số giấy chứng nhận kiểm định":null,"Có giá trị đến":"10/04/2028","layer_id":165,"fid":11295,"label":"Viễn thông Vĩnh Long"}},{"type":"Feature","geometry":{"type":"Point","coordinates":[106.560576,10.113387]},"properties":{"Tên doanh nghiệp":"Viễn thông Vĩnh Long","Tên trạm BTS":"My-Trung-BTE","Địa chỉ lắp đặt":"An Ngãi Trung, Vĩnh Long","Trạm 3G":"3G","Số giấy chứng nhận kiểm định":null,"Có giá trị đến":"10/04/2028","layer_id":165,"fid":11296,"label":"Viễn thông Vĩnh Long"}},{"type":"Feature","geometry":{"type":"Point","coordinates":[106.59373,9.98974]},"properties":{"Tên doanh nghiệp":"Viễn thông Vĩnh Long","Tên trạm BTS":"BTE2023-205","Địa chỉ lắp đặt":"Tân Thủy, Vĩnh Long","Trạm 3G":"3G","Số giấy chứng nhận kiểm định":null,"Có giá trị đến":"3/16/31 12:00:00 AM","layer_id":165,"fid":11297,"label":"Viễn thông Vĩnh Long"}},{"type":"Feature","geometry":{"type":"Point","coordinates":[106.54086,10.10928]},"properties":{"Tên doanh nghiệp":"Viễn thông Vĩnh Long","Tên trạm BTS":"Giong-Tre-BTE","Địa chỉ lắp đặt":" Mỹ Chánh Hòa, Vĩnh Long","Trạm 3G":"3G","Số giấy chứng nhận kiểm định":null,"Có giá trị đến":"10/04/2028","layer_id":165,"fid":11298,"label":"Viễn thông Vĩnh Long"}},{"type":"Feature","geometry":{"type":"Point","coordinates":[106.576919,10.140349]},"properties":{"Tên doanh nghiệp":"Viễn thông Vĩnh Long","Tên trạm BTS":"UBND-My-Hoa-BTE","Địa chỉ lắp đặt":"Mỹ Chánh Hòa, Vĩnh Long","Trạm 3G":"3G","Số giấy chứng nhận kiểm định":null,"Có giá trị đến":"23/08/2029","layer_id":165,"fid":11299,"label":"Viễn thông Vĩnh Long"}},{"type":"Feature","geometry":{"type":"Point","coordinates":[106.60677,9.99758]},"properties":{"Tên doanh nghiệp":"Viễn thông Vĩnh Long","Tên trạm BTS":"An-Hoa-Tay-BTE","Địa chỉ lắp đặt":"Tân Thủy, Vĩnh Long","Trạm 3G":"3G","Số giấy chứng nhận kiểm định":"A08120290321TG05","Có giá trị đến":"3/29/26 12:00:00 AM","layer_id":165,"fid":11300,"label":"Viễn thông Vĩnh Long"}},{"type":"Feature","geometry":{"type":"Point","coordinates":[106.6766,10.0238]},"properties":{"Tên doanh nghiệp":"Viễn thông Vĩnh Long","Tên trạm BTS":"Con-Nhan-BTE","Địa chỉ lắp đặt":"Bảo Thạnh, Vĩnh Long","Trạm 3G":"3G","Số giấy chứng nhận kiểm định":null,"Có giá trị đến":"23/08/2029","layer_id":165,"fid":11301,"label":"Viễn thông Vĩnh Long"}},{"type":"Feature","geometry":{"type":"Point","coordinates":[106.62571,9.99533]},"properties":{"Tên doanh nghiệp":"Viễn thông Vĩnh Long","Tên trạm BTS":"An-Thuy-BTE","Địa chỉ lắp đặt":"Tân Thủy, Vĩnh Long","Trạm 3G":"3G","Số giấy chứng nhận kiểm định":"A16031311025TG05","Có giá trị đến":"10/31/30 12:00:00 AM","layer_id":165,"fid":11302,"label":"Viễn thông Vĩnh Long"}},{"type":"Feature","geometry":{"type":"Point","coordinates":[106.592467,10.050712]},"properties":{"Tên doanh nghiệp":"Viễn thông Vĩnh Long","Tên trạm BTS":"Dinh-An-Binh-Tay-BTE","Địa chỉ lắp đặt":"Ba Tri, Vĩnh Long","Trạm 3G":"3G","Số giấy chứng nhận kiểm định":null,"Có giá trị đến":"09/10/2029","layer_id":165,"fid":11303,"label":"Viễn thông Vĩnh Long"}},{"type":"Feature","geometry":{"type":"Point","coordinates":[106.621041,10.028211]},"properties":{"Tên doanh nghiệp":"Viễn thông Vĩnh Long","Tên trạm BTS":"Cho-Vinh-Hoa-BTE","Địa chỉ lắp đặt":"Ba Tri, Vĩnh Long","Trạm 3G":"3G","Số giấy chứng nhận kiểm định":null,"Có giá trị đến":"23/08/2029","layer_id":165,"fid":11304,"label":"Viễn thông Vĩnh Long"}},{"type":"Feature","geometry":{"type":"Point","coordinates":[106.626674,10.090619]},"properties":{"Tên doanh nghiệp":"Viễn thông Vĩnh Long","Tên trạm BTS":"Phuoc-Tuy-BTE","Địa chỉ lắp đặt":"Tân Xuân, Vĩnh Long","Trạm 3G":"3G","Số giấy chứng nhận kiểm định":null,"Có giá trị đến":"09/10/2029","layer_id":165,"fid":11305,"label":"Viễn thông Vĩnh Long"}},{"type":"Feature","geometry":{"type":"Point","coordinates":[106.61444,10.01671]},"properties":{"Tên doanh nghiệp":"Viễn thông Vĩnh Long","Tên trạm BTS":"Xa-Dieu-BTE","Địa chỉ lắp đặt":"Tân Thủy, Vĩnh Long","Trạm 3G":"3G","Số giấy chứng nhận kiểm định":"A04805190422TG05","Có giá trị đến":"19/04/2027","layer_id":165,"fid":11306,"label":"Viễn thông Vĩnh Long"}},{"type":"Feature","geometry":{"type":"Point","coordinates":[106.58907,10.01649]},"properties":{"Tên doanh nghiệp":"Viễn thông Vĩnh Long","Tên trạm BTS":"Vinh-An-BTE","Địa chỉ lắp đặt":"Ba Tri, Vĩnh Long","Trạm 3G":"3G","Số giấy chứng nhận kiểm định":"A00453120122TG05","Có giá trị đến":"12/01/2027","layer_id":165,"fid":11307,"label":"Viễn thông Vĩnh Long"}},{"type":"Feature","geometry":{"type":"Point","coordinates":[106.665484,10.061347]},"properties":{"Tên doanh nghiệp":"Viễn thông Vĩnh Long","Tên trạm BTS":"Ap-9-Bao-Thanh-BTE","Địa chỉ lắp đặt":"Bảo Thạnh, Vĩnh Long","Trạm 3G":"3G","Số giấy chứng nhận kiểm định":"A34099301121TG05","Có giá trị đến":"30/11/2026","layer_id":165,"fid":11308,"label":"Viễn thông Vĩnh Long"}},{"type":"Feature","geometry":{"type":"Point","coordinates":[106.56045,10.03767]},"properties":{"Tên doanh nghiệp":"Viễn thông Vĩnh Long","Tên trạm BTS":"An-Hiep-Ba-Tri-BTE","Địa chỉ lắp đặt":"An Hiệp, Vĩnh Long","Trạm 3G":"3G","Số giấy chứng nhận kiểm định":null,"Có giá trị đến":"09/10/2029","layer_id":165,"fid":11309,"label":"Viễn thông Vĩnh Long"}},{"type":"Feature","geometry":{"type":"Point","coordinates":[106.53268,10.05887]},"properties":{"Tên doanh nghiệp":"Viễn thông Vĩnh Long","Tên trạm BTS":"BTE2023-026","Địa chỉ lắp đặt":"Xã An Hiệp tỉnh Vĩnh Long","Trạm 3G":"3G","Số giấy chứng nhận kiểm định":null,"Có giá trị đến":"3/16/31 12:00:00 AM","layer_id":165,"fid":11310,"label":"Viễn thông Vĩnh Long"}},{"type":"Feature","geometry":{"type":"Point","coordinates":[106.585645,10.03357]},"properties":{"Tên doanh nghiệp":"Viễn thông Vĩnh Long","Tên trạm BTS":"Giong-Ke-BTE","Địa chỉ lắp đặt":"Ba Tri, Vĩnh long","Trạm 3G":"3G","Số giấy chứng nhận kiểm định":"Đang hoàn thiện hồ sơ đo kiểm, Tự công bố sự phù hợp","Có giá trị đến":null,"layer_id":165,"fid":11311,"label":"Viễn thông Vĩnh Long"}},{"type":"Feature","geometry":{"type":"Point","coordinates":[106.52665,10.04781]},"properties":{"Tên doanh nghiệp":"Viễn thông Vĩnh Long","Tên trạm BTS":"An-Ngai-Tay-BTE","Địa chỉ lắp đặt":"An Hiệp, Vĩnh Long","Trạm 3G":"3G","Số giấy chứng nhận kiểm định":"A08119290321TG05","Có giá trị đến":"3/29/26 12:00:00 AM","layer_id":165,"fid":11312,"label":"Viễn thông Vĩnh Long"}},{"type":"Feature","geometry":{"type":"Point","coordinates":[106.33941,10.215577]},"properties":{"Tên doanh nghiệp":"Viễn thông Vĩnh Long","Tên trạm BTS":"Ben-Pha-Ham Luong-Cu-BTE","Địa chỉ lắp đặt":"Bến Tre, Vĩnh Long","Trạm 3G":"3G","Số giấy chứng nhận kiểm định":null,"Có giá trị đến":"05/10/2026","layer_id":165,"fid":11313,"label":"Viễn thông Vĩnh Long"}},{"type":"Feature","geometry":{"type":"Point","coordinates":[106.290199,10.252436]},"properties":{"Tên doanh nghiệp":"Viễn thông Vĩnh Long","Tên trạm BTS":"Thanh-Tan-2-BTE","Địa chỉ lắp đặt":"Bến Tre, Vĩnh Long","Trạm 3G":"3G","Số giấy chứng nhận kiểm định":null,"Có giá trị đến":"10/04/2028","layer_id":165,"fid":11314,"label":"Viễn thông Vĩnh Long"}},{"type":"Feature","geometry":{"type":"Point","coordinates":[106.30425,10.24016]},"properties":{"Tên doanh nghiệp":"Viễn thông Vĩnh Long","Tên trạm BTS":"Thanh-Tan-BTE","Địa chỉ lắp đặt":"Bến Tre, Vĩnh Long","Trạm 3G":"3G","Số giấy chứng nhận kiểm định":null,"Có giá trị đến":"05/10/2026","layer_id":165,"fid":11315,"label":"Viễn thông Vĩnh Long"}},{"type":"Feature","geometry":{"type":"Point","coordinates":[106.387062,10.255055]},"properties":{"Tên doanh nghiệp":"Viễn thông Vĩnh Long","Tên trạm BTS":"Hem-999-BTE","Địa chỉ lắp đặt":"Phú Khương, Vĩnh Long","Trạm 3G":"3G","Số giấy chứng nhận kiểm định":null,"Có giá trị đến":"09/10/2029","layer_id":165,"fid":11316,"label":"Viễn thông Vĩnh Long"}},{"type":"Feature","geometry":{"type":"Point","coordinates":[106.44339,10.282595]},"properties":{"Tên doanh nghiệp":"Viễn thông Vĩnh Long","Tên trạm BTS":"Cau-An-Hoa-BTE","Địa chỉ lắp đặt":"Giao Long, Vĩnh Long","Trạm 3G":"3G","Số giấy chứng nhận kiểm định":null,"Có giá trị đến":"09/10/2029","layer_id":165,"fid":11317,"label":"Viễn thông Vĩnh Long"}},{"type":"Feature","geometry":{"type":"Point","coordinates":[106.36535,10.21109]},"properties":{"Tên doanh nghiệp":"Viễn thông Vĩnh Long","Tên trạm BTS":"Hem-Cho-Phu-Nhuan-BTE","Địa chỉ lắp đặt":"An Hội, Vĩnh Long","Trạm 3G":"3G","Số giấy chứng nhận kiểm định":null,"Có giá trị đến":"09/10/2029","layer_id":165,"fid":11318,"label":"Viễn thông Vĩnh Long"}},{"type":"Feature","geometry":{"type":"Point","coordinates":[106.38802,10.27022]},"properties":{"Tên doanh nghiệp":"Viễn thông Vĩnh Long","Tên trạm BTS":"BTE2008-16-BTE","Địa chỉ lắp đặt":"Phú Tân, Vĩnh Long","Trạm 3G":"3G","Số giấy chứng nhận kiểm định":"A34200301121TG05","Có giá trị đến":"30/11/2026","layer_id":165,"fid":11319,"label":"Viễn thông Vĩnh Long"}},{"type":"Feature","geometry":{"type":"Point","coordinates":[106.367144,10.25699]},"properties":{"Tên doanh nghiệp":"Viễn thông Vĩnh Long","Tên trạm BTS":"Doi-Dien-Truong-NDC-BTE","Địa chỉ lắp đặt":"Phú Khương, Vĩnh Long","Trạm 3G":"3G","Số giấy chứng nhận kiểm định":"A16035311025TG05","Có giá trị đến":"10/31/30 12:00:00 AM","layer_id":165,"fid":11321,"label":"Viễn thông Vĩnh Long"}},{"type":"Feature","geometry":{"type":"Point","coordinates":[106.381703,10.241811]},"properties":{"Tên doanh nghiệp":"Viễn thông Vĩnh Long","Tên trạm BTS":"Ho-Boi-Thanh-Truc-BTE","Địa chỉ lắp đặt":"Phú Khương, Vĩnh Long","Trạm 3G":"3G","Số giấy chứng nhận kiểm định":"A14123040925TG05","Có giá trị đến":"9/4/30 12:00:00 AM","layer_id":165,"fid":11322,"label":"Viễn thông Vĩnh Long"}},{"type":"Feature","geometry":{"type":"Point","coordinates":[106.365797,10.237304]},"properties":{"Tên doanh nghiệp":"Viễn thông Vĩnh Long","Tên trạm BTS":"Hẻm-Hoa-Tiên-BTE","Địa chỉ lắp đặt":"Bến Tre, Vĩnh Long","Trạm 3G":"3G","Số giấy chứng nhận kiểm định":"A14124040925TG05","Có giá trị đến":"9/4/30 12:00:00 AM","layer_id":165,"fid":11323,"label":"Viễn thông Vĩnh Long"}},{"type":"Feature","geometry":{"type":"Point","coordinates":[106.37898,10.23567]},"properties":{"Tên doanh nghiệp":"Viễn thông Vĩnh Long","Tên trạm BTS":"Phuong-2-BTE","Địa chỉ lắp đặt":"An Hội, Vĩnh Long","Trạm 3G":"3G","Số giấy chứng nhận kiểm định":"A14125040925TG05","Có giá trị đến":"9/4/30 12:00:00 AM","layer_id":165,"fid":11324,"label":"Viễn thông Vĩnh Long"}},{"type":"Feature","geometry":{"type":"Point","coordinates":[106.20149,10.2501]},"properties":{"Tên doanh nghiệp":"Viễn thông Vĩnh Long","Tên trạm BTS":"Tien-Loi-BTE","Địa chỉ lắp đặt":"Tân Phú, Vĩnh Long","Trạm 3G":"3G","Số giấy chứng nhận kiểm định":"A34098301121TG05","Có giá trị đến":"30/11/2026","layer_id":165,"fid":11325,"label":"Viễn thông Vĩnh Long"}},{"type":"Feature","geometry":{"type":"Point","coordinates":[106.21011,10.29039]},"properties":{"Tên doanh nghiệp":"Viễn thông Vĩnh Long","Tên trạm BTS":"Tan-Phu-BTE","Địa chỉ lắp đặt":"Tân Phú, Vĩnh Long","Trạm 3G":"3G","Số giấy chứng nhận kiểm định":"A12643081122TG05","Có giá trị đến":"08/11/2027","layer_id":165,"fid":11326,"label":"Viễn thông Vĩnh Long"}},{"type":"Feature","geometry":{"type":"Point","coordinates":[106.16615,10.28598]},"properties":{"Tên doanh nghiệp":"Viễn thông Vĩnh Long","Tên trạm BTS":"Pha-Tan-Phu-BTE","Địa chỉ lắp đặt":"Tân Phú, Vĩnh Long","Trạm 3G":"3G","Số giấy chứng nhận kiểm định":null,"Có giá trị đến":"05/10/2026","layer_id":165,"fid":11327,"label":"Viễn thông Vĩnh Long"}},{"type":"Feature","geometry":{"type":"Point","coordinates":[106.37728,10.20143]},"properties":{"Tên doanh nghiệp":"Viễn thông Vĩnh Long","Tên trạm BTS":"Phu-Nhuan-BTE","Địa chỉ lắp đặt":"An Hội, Vĩnh Long","Trạm 3G":"3G","Số giấy chứng nhận kiểm định":null,"Có giá trị đến":"05/10/2026","layer_id":165,"fid":11328,"label":"Viễn thông Vĩnh Long"}},{"type":"Feature","geometry":{"type":"Point","coordinates":[106.18361,10.287794]},"properties":{"Tên doanh nghiệp":"Viễn thông Vĩnh Long","Tên trạm BTS":"Nga-4-Tan-Phu-BTE","Địa chỉ lắp đặt":"Tân Phú, Vĩnh Long","Trạm 3G":"3G","Số giấy chứng nhận kiểm định":null,"Có giá trị đến":"09/10/2029","layer_id":165,"fid":11329,"label":"Viễn thông Vĩnh Long"}},{"type":"Feature","geometry":{"type":"Point","coordinates":[106.43705,10.269194]},"properties":{"Tên doanh nghiệp":"Viễn thông Vĩnh Long","Tên trạm BTS":"An-Hoa-2-BTE","Địa chỉ lắp đặt":"Giao Long, Vĩnh Long","Trạm 3G":"3G","Số giấy chứng nhận kiểm định":null,"Có giá trị đến":"05/10/2026","layer_id":165,"fid":11330,"label":"Viễn thông Vĩnh Long"}},{"type":"Feature","geometry":{"type":"Point","coordinates":[106.39535,10.30061]},"properties":{"Tên doanh nghiệp":"Viễn thông Vĩnh Long","Tên trạm BTS":"Outdoor-KCN-Giao-Long-BTE","Địa chỉ lắp đặt":"Giao Long, Vĩnh Long","Trạm 3G":"3G","Số giấy chứng nhận kiểm định":"A16041311025TG05","Có giá trị đến":"10/31/30 12:00:00 AM","layer_id":165,"fid":11331,"label":"Viễn thông Vĩnh Long"}},{"type":"Feature","geometry":{"type":"Point","coordinates":[106.25276,10.30614]},"properties":{"Tên doanh nghiệp":"Viễn thông Vĩnh Long","Tên trạm BTS":"Lo-Hoi-BTE","Địa chỉ lắp đặt":"Phú Túc, Vĩnh Long","Trạm 3G":"3G","Số giấy chứng nhận kiểm định":"A34097301121TG05","Có giá trị đến":"30/11/2026","layer_id":165,"fid":11332,"label":"Viễn thông Vĩnh Long"}},{"type":"Feature","geometry":{"type":"Point","coordinates":[106.3251,10.31312]},"properties":{"Tên doanh nghiệp":"Viễn thông Vĩnh Long","Tên trạm BTS":"An-Khanh-BTE","Địa chỉ lắp đặt":"Phú Túc, Vĩnh Long","Trạm 3G":"3G","Số giấy chứng nhận kiểm định":null,"Có giá trị đến":"10/04/2028","layer_id":165,"fid":11333,"label":"Viễn thông Vĩnh Long"}},{"type":"Feature","geometry":{"type":"Point","coordinates":[106.35647,10.29639]},"properties":{"Tên doanh nghiệp":"Viễn thông Vĩnh Long","Tên trạm BTS":"Ba-Lai-BTE","Địa chỉ lắp đặt":"Phú Túc, Vĩnh Long","Trạm 3G":"3G","Số giấy chứng nhận kiểm định":"A16029311025TG05","Có giá trị đến":"10/31/30 12:00:00 AM","layer_id":165,"fid":11334,"label":"Viễn thông Vĩnh Long"}},{"type":"Feature","geometry":{"type":"Point","coordinates":[106.35938,10.24654]},"properties":{"Tên doanh nghiệp":"Viễn thông Vĩnh Long","Tên trạm BTS":"Bung-Binh-Phuong-6-BTE","Địa chỉ lắp đặt":"Sơn Đông, Vĩnh Long","Trạm 3G":"3G","Số giấy chứng nhận kiểm định":"A07655190724TG05","Có giá trị đến":"7/19/29 12:00:00 AM","layer_id":165,"fid":11335,"label":"Viễn thông Vĩnh Long"}},{"type":"Feature","geometry":{"type":"Point","coordinates":[106.35412,10.23595]},"properties":{"Tên doanh nghiệp":"Viễn thông Vĩnh Long","Tên trạm BTS":"Binh-Phu-BTE","Địa chỉ lắp đặt":"Bến Tre, Vĩnh Long","Trạm 3G":"3G","Số giấy chứng nhận kiểm định":"A14104301024TG05","Có giá trị đến":"10/30/29 12:00:00 AM","layer_id":165,"fid":11336,"label":"Viễn thông Vĩnh Long"}},{"type":"Feature","geometry":{"type":"Point","coordinates":[106.41136,10.24962]},"properties":{"Tên doanh nghiệp":"Viễn thông Vĩnh Long","Tên trạm BTS":"Phu-Hung-2-BTE","Địa chỉ lắp đặt":"Phú Khương, Vĩnh Long","Trạm 3G":"3G","Số giấy chứng nhận kiểm định":"A34095301121TG05","Có giá trị đến":"30/11/2026","layer_id":165,"fid":11337,"label":"Viễn thông Vĩnh Long"}},{"type":"Feature","geometry":{"type":"Point","coordinates":[106.36579,10.24193]},"properties":{"Tên doanh nghiệp":"Viễn thông Vĩnh Long","Tên trạm BTS":"Khi-Tuong-Thuy-Van-BTE","Địa chỉ lắp đặt":"Bến Tre, Vĩnh Long","Trạm 3G":"3G","Số giấy chứng nhận kiểm định":"A07656190724TG05","Có giá trị đến":"7/19/29 12:00:00 AM","layer_id":165,"fid":11338,"label":"Viễn thông Vĩnh Long"}},{"type":"Feature","geometry":{"type":"Point","coordinates":[106.25472,10.29425]},"properties":{"Tên doanh nghiệp":"Viễn thông Vĩnh Long","Tên trạm BTS":"Thanh-Trieu-BTE","Địa chỉ lắp đặt":"Tiên Thủy, Vĩnh Long","Trạm 3G":"3G","Số giấy chứng nhận kiểm định":null,"Có giá trị đến":"05/10/2026","layer_id":165,"fid":11339,"label":"Viễn thông Vĩnh Long"}},{"type":"Feature","geometry":{"type":"Point","coordinates":[106.18572,10.27497]},"properties":{"Tên doanh nghiệp":"Viễn thông Vĩnh Long","Tên trạm BTS":"Tien-Tay-Thuong-BTE","Địa chỉ lắp đặt":"Tân Phú, Vĩnh Long","Trạm 3G":"3G","Số giấy chứng nhận kiểm định":null,"Có giá trị đến":"05/10/2026","layer_id":165,"fid":11340,"label":"Viễn thông Vĩnh Long"}},{"type":"Feature","geometry":{"type":"Point","coordinates":[106.35587,10.21533]},"properties":{"Tên doanh nghiệp":"Viễn thông Vĩnh Long","Tên trạm BTS":"BTE2008-18-BTE","Địa chỉ lắp đặt":"An Hội, Vĩnh Long","Trạm 3G":"3G","Số giấy chứng nhận kiểm định":"A11728220725TG05","Có giá trị đến":"7/22/30 12:00:00 AM","layer_id":165,"fid":11341,"label":"Viễn thông Vĩnh Long"}},{"type":"Feature","geometry":{"type":"Point","coordinates":[106.36209,10.2693]},"properties":{"Tên doanh nghiệp":"Viễn thông Vĩnh Long","Tên trạm BTS":"PHDHQG-TpHCM-BTE","Địa chỉ lắp đặt":"Phú Tân, Vĩnh Long","Trạm 3G":"3G","Số giấy chứng nhận kiểm định":"A16040311025TG05","Có giá trị đến":"10/31/30 12:00:00 AM","layer_id":165,"fid":11342,"label":"Viễn thông Vĩnh Long"}},{"type":"Feature","geometry":{"type":"Point","coordinates":[106.38915,10.25986]},"properties":{"Tên doanh nghiệp":"Viễn thông Vĩnh Long","Tên trạm BTS":"BTE2008-10-BTE","Địa chỉ lắp đặt":"Phú Khương, Vĩnh Long","Trạm 3G":"3G","Số giấy chứng nhận kiểm định":"A04806190422TG05","Có giá trị đến":"19/04/2027","layer_id":165,"fid":11343,"label":"Viễn thông Vĩnh Long"}},{"type":"Feature","geometry":{"type":"Point","coordinates":[106.439156,10.295716]},"properties":{"Tên doanh nghiệp":"Viễn thông Vĩnh Long","Tên trạm BTS":"Giao-Hoa-BTE","Địa chỉ lắp đặt":"Giao Long, Vĩnh Long","Trạm 3G":"3G","Số giấy chứng nhận kiểm định":null,"Có giá trị đến":"05/10/2026","layer_id":165,"fid":11344,"label":"Viễn thông Vĩnh Long"}},{"type":"Feature","geometry":{"type":"Point","coordinates":[106.25297,10.27742]},"properties":{"Tên doanh nghiệp":"Viễn thông Vĩnh Long","Tên trạm BTS":"Xe-Minh-Hung","Địa chỉ lắp đặt":"Tiên Thủy, Vĩnh Long","Trạm 3G":"3G","Số giấy chứng nhận kiểm định":null,"Có giá trị đến":"06/01/2031","layer_id":165,"fid":11345,"label":"Viễn thông Vĩnh Long"}},{"type":"Feature","geometry":{"type":"Point","coordinates":[106.34414,10.325013]},"properties":{"Tên doanh nghiệp":"Viễn thông Vĩnh Long","Tên trạm BTS":"Du-Lich-MeKong-BTE","Địa chỉ lắp đặt":"Phú Túc, Vĩnh Long","Trạm 3G":"3G","Số giấy chứng nhận kiểm định":"A14105301024TG05","Có giá trị đến":"10/30/29 12:00:00 AM","layer_id":165,"fid":11346,"label":"Viễn thông Vĩnh Long"}},{"type":"Feature","geometry":{"type":"Point","coordinates":[106.42739,10.2568]},"properties":{"Tên doanh nghiệp":"Viễn thông Vĩnh Long","Tên trạm BTS":"Ap-4-Huu-Dinh-BTE","Địa chỉ lắp đặt":"Phú Tân, Vĩnh Long","Trạm 3G":"3G","Số giấy chứng nhận kiểm định":null,"Có giá trị đến":"10/04/2028","layer_id":165,"fid":11347,"label":"Viễn thông Vĩnh Long"}},{"type":"Feature","geometry":{"type":"Point","coordinates":[106.34664,10.25221]},"properties":{"Tên doanh nghiệp":"Viễn thông Vĩnh Long","Tên trạm BTS":"Binh-Phu-3-BTE","Địa chỉ lắp đặt":"Bến Tre, Vĩnh Long","Trạm 3G":"3G","Số giấy chứng nhận kiểm định":null,"Có giá trị đến":"05/10/2026","layer_id":165,"fid":11348,"label":"Viễn thông Vĩnh Long"}},{"type":"Feature","geometry":{"type":"Point","coordinates":[106.37142,10.22862]},"properties":{"Tên doanh nghiệp":"Viễn thông Vĩnh Long","Tên trạm BTS":"BTE2008-20-BTE","Địa chỉ lắp đặt":"An Hội, Vĩnh Long","Trạm 3G":"3G","Số giấy chứng nhận kiểm định":"A14119040925TG05","Có giá trị đến":"9/4/30 12:00:00 AM","layer_id":165,"fid":11349,"label":"Viễn thông Vĩnh Long"}},{"type":"Feature","geometry":{"type":"Point","coordinates":[106.35393,10.26418]},"properties":{"Tên doanh nghiệp":"Viễn thông Vĩnh Long","Tên trạm BTS":"Son-Dong-2-BTE","Địa chỉ lắp đặt":"Sơn Đông, Vĩnh Long","Trạm 3G":"3G","Số giấy chứng nhận kiểm định":"A14095301024TG05","Có giá trị đến":"10/30/29 12:00:00 AM","layer_id":165,"fid":11350,"label":"Viễn thông Vĩnh Long"}},{"type":"Feature","geometry":{"type":"Point","coordinates":[106.26401,10.2761]},"properties":{"Tên doanh nghiệp":"Viễn thông Vĩnh Long","Tên trạm BTS":"Tien-Dong-Vam-BTE","Địa chỉ lắp đặt":"Phú Túc, Vĩnh Long","Trạm 3G":"3G","Số giấy chứng nhận kiểm định":"A14098301024TG05","Có giá trị đến":"10/30/29 12:00:00 AM","layer_id":165,"fid":11351,"label":"Viễn thông Vĩnh Long"}},{"type":"Feature","geometry":{"type":"Point","coordinates":[106.37939,10.21631]},"properties":{"Tên doanh nghiệp":"Viễn thông Vĩnh Long","Tên trạm BTS":"Cau-Nha-Viet-BTE","Địa chỉ lắp đặt":"An Hội, Vĩnh Long","Trạm 3G":"3G","Số giấy chứng nhận kiểm định":"A14108301024TG05","Có giá trị đến":"10/30/29 12:00:00 AM","layer_id":165,"fid":11352,"label":"Viễn thông Vĩnh Long"}},{"type":"Feature","geometry":{"type":"Point","coordinates":[106.24298,10.27244]},"properties":{"Tên doanh nghiệp":"Viễn thông Vĩnh Long","Tên trạm BTS":"Tien-Thuy-BTE","Địa chỉ lắp đặt":"Tiên Thủy, Vĩnh Long","Trạm 3G":"3G","Số giấy chứng nhận kiểm định":"A12642081122TG05","Có giá trị đến":"08/11/2027","layer_id":165,"fid":11353,"label":"Viễn thông Vĩnh Long"}},{"type":"Feature","geometry":{"type":"Point","coordinates":[106.37317,10.28409]},"properties":{"Tên doanh nghiệp":"Viễn thông Vĩnh Long","Tên trạm BTS":"Phuoc-Thanh-2-BTE","Địa chỉ lắp đặt":"Phú Tân, Vĩnh Long","Trạm 3G":"3G","Số giấy chứng nhận kiểm định":null,"Có giá trị đến":"09/10/2029","layer_id":165,"fid":11354,"label":"Viễn thông Vĩnh Long"}},{"type":"Feature","geometry":{"type":"Point","coordinates":[106.34357,10.283857]},"properties":{"Tên doanh nghiệp":"Viễn thông Vĩnh Long","Tên trạm BTS":"Trai-Giong-BTE","Địa chỉ lắp đặt":"Sơn Đông, Vĩnh Long","Trạm 3G":"3G","Số giấy chứng nhận kiểm định":"A34136301121TG05","Có giá trị đến":"30/11/2026","layer_id":165,"fid":11355,"label":"Viễn thông Vĩnh Long"}},{"type":"Feature","geometry":{"type":"Point","coordinates":[106.40235,10.26416]},"properties":{"Tên doanh nghiệp":"Viễn thông Vĩnh Long","Tên trạm BTS":"Phu-Tan-BTE","Địa chỉ lắp đặt":"Phú Tân, Vĩnh Long","Trạm 3G":"3G","Số giấy chứng nhận kiểm định":"A10992111022TG05","Có giá trị đến":"11/10/2027","layer_id":165,"fid":11356,"label":"Viễn thông Vĩnh Long"}},{"type":"Feature","geometry":{"type":"Point","coordinates":[106.23131,10.28895]},"properties":{"Tên doanh nghiệp":"Viễn thông Vĩnh Long","Tên trạm BTS":"Quoi-Thanh-BTE","Địa chỉ lắp đặt":"Tiên Thủy, Vĩnh Long","Trạm 3G":"3G","Số giấy chứng nhận kiểm định":"A03991010422TG05","Có giá trị đến":"01/04/2027","layer_id":165,"fid":11357,"label":"Viễn thông Vĩnh Long"}},{"type":"Feature","geometry":{"type":"Point","coordinates":[106.357056,10.242042]},"properties":{"Tên doanh nghiệp":"Viễn thông Vĩnh Long","Tên trạm BTS":"BTE2008-5-BTE","Địa chỉ lắp đặt":"Bến Tre, Vĩnh Long","Trạm 3G":"3G","Số giấy chứng nhận kiểm định":"A04783190422TG05","Có giá trị đến":"19/04/2027","layer_id":165,"fid":11358,"label":"Viễn thông Vĩnh Long"}},{"type":"Feature","geometry":{"type":"Point","coordinates":[106.41362,10.231001]},"properties":{"Tên doanh nghiệp":"Viễn thông Vĩnh Long","Tên trạm BTS":"Ben-Tre-3-BTE","Địa chỉ lắp đặt":"Phú Khương, Vĩnh Long","Trạm 3G":"3G","Số giấy chứng nhận kiểm định":"A16025311025TG05","Có giá trị đến":"10/31/30 12:00:00 AM","layer_id":165,"fid":11359,"label":"Viễn thông Vĩnh Long"}},{"type":"Feature","geometry":{"type":"Point","coordinates":[106.4023,10.23747]},"properties":{"Tên doanh nghiệp":"Viễn thông Vĩnh Long","Tên trạm BTS":"Chua-Van-Quoc-BTE","Địa chỉ lắp đặt":"Phú Khương, Vĩnh Long","Trạm 3G":"3G","Số giấy chứng nhận kiểm định":"A07654190724TG05","Có giá trị đến":"7/19/29 12:00:00 AM","layer_id":165,"fid":11360,"label":"Viễn thông Vĩnh Long"}},{"type":"Feature","geometry":{"type":"Point","coordinates":[106.30596,10.275899]},"properties":{"Tên doanh nghiệp":"Viễn thông Vĩnh Long","Tên trạm BTS":"Cau-Cay-Da-BTE","Địa chỉ lắp đặt":"Phú Túc, Vĩnh Long","Trạm 3G":"3G","Số giấy chứng nhận kiểm định":"A34141301121TG05","Có giá trị đến":"30/11/2026","layer_id":165,"fid":11361,"label":"Viễn thông Vĩnh Long"}},{"type":"Feature","geometry":{"type":"Point","coordinates":[106.39134,10.29079]},"properties":{"Tên doanh nghiệp":"Viễn thông Vĩnh Long","Tên trạm BTS":"An-Phuoc-BTE","Địa chỉ lắp đặt":"Giao Long, Vĩnh Long","Trạm 3G":"3G","Số giấy chứng nhận kiểm định":"Đang hoàn thiện hồ sơ đo kiểm, Tự công bố sự phù hợp","Có giá trị đến":null,"layer_id":165,"fid":11362,"label":"Viễn thông Vĩnh Long"}},{"type":"Feature","geometry":{"type":"Point","coordinates":[106.34887,10.225266]},"properties":{"Tên doanh nghiệp":"Viễn thông Vĩnh Long","Tên trạm BTS":"Ben-Pha-Ham-Luong-BTE","Địa chỉ lắp đặt":"Sơn Đông, Vĩnh Long","Trạm 3G":"3G","Số giấy chứng nhận kiểm định":null,"Có giá trị đến":"09/10/2029","layer_id":165,"fid":11363,"label":"Viễn thông Vĩnh Long"}},{"type":"Feature","geometry":{"type":"Point","coordinates":[106.363293,10.233114]},"properties":{"Tên doanh nghiệp":"Viễn thông Vĩnh Long","Tên trạm BTS":"BTE2008-25-BTE","Địa chỉ lắp đặt":"Bến Tre, Vĩnh Long","Trạm 3G":"3G","Số giấy chứng nhận kiểm định":"A14113040925TG05","Có giá trị đến":"9/4/30 12:00:00 AM","layer_id":165,"fid":11364,"label":"Viễn thông Vĩnh Long"}},{"type":"Feature","geometry":{"type":"Point","coordinates":[106.3555,10.251182]},"properties":{"Tên doanh nghiệp":"Viễn thông Vĩnh Long","Tên trạm BTS":"BTE2008-4-BTE","Địa chỉ lắp đặt":"Sơn Đông, Vĩnh Long","Trạm 3G":"3G","Số giấy chứng nhận kiểm định":null,"Có giá trị đến":"10/04/2028","layer_id":165,"fid":11365,"label":"Viễn thông Vĩnh Long"}},{"type":"Feature","geometry":{"type":"Point","coordinates":[106.36514,10.32706]},"properties":{"Tên doanh nghiệp":"Viễn thông Vĩnh Long","Tên trạm BTS":"Pha-Rach-Mieu-BTE","Địa chỉ lắp đặt":"Phú Túc, Vĩnh Long","Trạm 3G":"3G","Số giấy chứng nhận kiểm định":"A14097301024TG05","Có giá trị đến":"10/30/29 12:00:00 AM","layer_id":165,"fid":11366,"label":"Viễn thông Vĩnh Long"}},{"type":"Feature","geometry":{"type":"Point","coordinates":[106.36385,10.33547]},"properties":{"Tên doanh nghiệp":"Viễn thông Vĩnh Long","Tên trạm BTS":"Con-Phung-BTE","Địa chỉ lắp đặt":"Phú Túc, Vĩnh Long","Trạm 3G":"3G","Số giấy chứng nhận kiểm định":"Đang hoàn thiện hồ sơ đo kiểm, Tự công bố sự phù hợp","Có giá trị đến":null,"layer_id":165,"fid":11367,"label":"Viễn thông Vĩnh Long"}},{"type":"Feature","geometry":{"type":"Point","coordinates":[106.36136,10.26224]},"properties":{"Tên doanh nghiệp":"Viễn thông Vĩnh Long","Tên trạm BTS":"BTE2008-6-BTE","Địa chỉ lắp đặt":"Sơn Đông, Vĩnh Long","Trạm 3G":"3G","Số giấy chứng nhận kiểm định":"A11730220725TG05","Có giá trị đến":"7/22/30 12:00:00 AM","layer_id":165,"fid":11368,"label":"Viễn thông Vĩnh Long"}},{"type":"Feature","geometry":{"type":"Point","coordinates":[106.37616,10.2549]},"properties":{"Tên doanh nghiệp":"Viễn thông Vĩnh Long","Tên trạm BTS":"Phu-Khuong-BTE","Địa chỉ lắp đặt":"Phú Khương, Vĩnh Long","Trạm 3G":"3G","Số giấy chứng nhận kiểm định":"A14121040925TG05","Có giá trị đến":"9/4/30 12:00:00 AM","layer_id":165,"fid":11369,"label":"Viễn thông Vĩnh Long"}},{"type":"Feature","geometry":{"type":"Point","coordinates":[106.38108,10.25072]},"properties":{"Tên doanh nghiệp":"Viễn thông Vĩnh Long","Tên trạm BTS":"Vuon-Uom-BTE","Địa chỉ lắp đặt":"Phú Khương, Vĩnh Long","Trạm 3G":"3G","Số giấy chứng nhận kiểm định":"A14122040925TG05","Có giá trị đến":"9/4/30 12:00:00 AM","layer_id":165,"fid":11370,"label":"Viễn thông Vĩnh Long"}},{"type":"Feature","geometry":{"type":"Point","coordinates":[106.20816,10.305974]},"properties":{"Tên doanh nghiệp":"Viễn thông Vĩnh Long","Tên trạm BTS":"Con-Doi-Phu-Ninh-BTE","Địa chỉ lắp đặt":"Tân Phú, Vĩnh Long","Trạm 3G":"3G","Số giấy chứng nhận kiểm định":null,"Có giá trị đến":"09/10/2029","layer_id":165,"fid":11371,"label":"Viễn thông Vĩnh Long"}},{"type":"Feature","geometry":{"type":"Point","coordinates":[106.18886,10.259264]},"properties":{"Tên doanh nghiệp":"Viễn thông Vĩnh Long","Tên trạm BTS":"Tien-Long-2-BTE","Địa chỉ lắp đặt":"Tân Phú, Vĩnh Long","Trạm 3G":"3G","Số giấy chứng nhận kiểm định":null,"Có giá trị đến":"05/10/2026","layer_id":165,"fid":11372,"label":"Viễn thông Vĩnh Long"}},{"type":"Feature","geometry":{"type":"Point","coordinates":[106.37013,10.25204]},"properties":{"Tên doanh nghiệp":"Viễn thông Vĩnh Long","Tên trạm BTS":"BTE2008-19-BTE","Địa chỉ lắp đặt":"Phú Khương, Vĩnh Long","Trạm 3G":"3G","Số giấy chứng nhận kiểm định":"A16027311025TG05","Có giá trị đến":"10/31/30 12:00:00 AM","layer_id":165,"fid":11373,"label":"Viễn thông Vĩnh Long"}},{"type":"Feature","geometry":{"type":"Point","coordinates":[106.23625,10.31175]},"properties":{"Tên doanh nghiệp":"Viễn thông Vĩnh Long","Tên trạm BTS":"Phu-Duc-BTE","Địa chỉ lắp đặt":"Tân Phú, Vĩnh Long","Trạm 3G":"3G","Số giấy chứng nhận kiểm định":"A12640081122TG05","Có giá trị đến":"08/11/2027","layer_id":165,"fid":11374,"label":"Viễn thông Vĩnh Long"}},{"type":"Feature","geometry":{"type":"Point","coordinates":[106.38698,10.32289]},"properties":{"Tên doanh nghiệp":"Viễn thông Vĩnh Long","Tên trạm BTS":"Cau-Chua-BTE","Địa chỉ lắp đặt":"Giao Long, Vĩnh Long","Trạm 3G":"3G","Số giấy chứng nhận kiểm định":null,"Có giá trị đến":"10/04/2028","layer_id":165,"fid":11375,"label":"Viễn thông Vĩnh Long"}},{"type":"Feature","geometry":{"type":"Point","coordinates":[106.33168,10.26951]},"properties":{"Tên doanh nghiệp":"Viễn thông Vĩnh Long","Tên trạm BTS":"Cay-Da-BTE","Địa chỉ lắp đặt":"Sơn Đông, Vĩnh Long","Trạm 3G":"3G","Số giấy chứng nhận kiểm định":null,"Có giá trị đến":"05/10/2026","layer_id":165,"fid":11376,"label":"Viễn thông Vĩnh Long"}},{"type":"Feature","geometry":{"type":"Point","coordinates":[106.37047,10.23835]},"properties":{"Tên doanh nghiệp":"Viễn thông Vĩnh Long","Tên trạm BTS":"BTE2008-22-BTE","Địa chỉ lắp đặt":"An Hội, Vĩnh Long","Trạm 3G":"3G","Số giấy chứng nhận kiểm định":"A11727220725TG05","Có giá trị đến":"7/22/30 12:00:00 AM","layer_id":165,"fid":11377,"label":"Viễn thông Vĩnh Long"}},{"type":"Feature","geometry":{"type":"Point","coordinates":[106.40594,10.29327]},"properties":{"Tên doanh nghiệp":"Viễn thông Vĩnh Long","Tên trạm BTS":"KCN-Giao-Long-3-BTE","Địa chỉ lắp đặt":"Giao Long, Vĩnh Long","Trạm 3G":"3G","Số giấy chứng nhận kiểm định":"A34133301121TG05","Có giá trị đến":"30/11/2026","layer_id":165,"fid":11378,"label":"Viễn thông Vĩnh Long"}},{"type":"Feature","geometry":{"type":"Point","coordinates":[106.38024,10.26509]},"properties":{"Tên doanh nghiệp":"Viễn thông Vĩnh Long","Tên trạm BTS":"Duong-vanh-dai-Phu-Tan-BTE","Địa chỉ lắp đặt":"Phú Tân, Vĩnh Long","Trạm 3G":"3G","Số giấy chứng nhận kiểm định":null,"Có giá trị đến":"23/08/2029","layer_id":165,"fid":11379,"label":"Viễn thông Vĩnh Long"}},{"type":"Feature","geometry":{"type":"Point","coordinates":[106.41079,10.30007]},"properties":{"Tên doanh nghiệp":"Viễn thông Vĩnh Long","Tên trạm BTS":"Quới-Sơn-2-KCN","Địa chỉ lắp đặt":"Giao Long, Vĩnh Long","Trạm 3G":"3G","Số giấy chứng nhận kiểm định":null,"Có giá trị đến":"23/08/2029","layer_id":165,"fid":11380,"label":"Viễn thông Vĩnh Long"}},{"type":"Feature","geometry":{"type":"Point","coordinates":[106.3473,10.2314]},"properties":{"Tên doanh nghiệp":"Viễn thông Vĩnh Long","Tên trạm BTS":"Hem-Thay-Thai-BTE","Địa chỉ lắp đặt":"Bến Tre, Vĩnh Long","Trạm 3G":"3G","Số giấy chứng nhận kiểm định":"A34142301121TG05","Có giá trị đến":"30/11/2026","layer_id":165,"fid":11381,"label":"Viễn thông Vĩnh Long"}},{"type":"Feature","geometry":{"type":"Point","coordinates":[106.39106,10.22753]},"properties":{"Tên doanh nghiệp":"Viễn thông Vĩnh Long","Tên trạm BTS":"Rach-Vong-BTE","Địa chỉ lắp đặt":"An Hội, Vĩnh Long","Trạm 3G":"3G","Số giấy chứng nhận kiểm định":null,"Có giá trị đến":"10/04/2028","layer_id":165,"fid":11382,"label":"Viễn thông Vĩnh Long"}},{"type":"Feature","geometry":{"type":"Point","coordinates":[106.39058,10.23957]},"properties":{"Tên doanh nghiệp":"Viễn thông Vĩnh Long","Tên trạm BTS":"Phuong-8-BTE","Địa chỉ lắp đặt":"Phú Khương, Vĩnh Long","Trạm 3G":"3G","Số giấy chứng nhận kiểm định":"A16028311025TG05","Có giá trị đến":"10/31/30 12:00:00 AM","layer_id":165,"fid":11383,"label":"Viễn thông Vĩnh Long"}},{"type":"Feature","geometry":{"type":"Point","coordinates":[106.3869,10.24671]},"properties":{"Tên doanh nghiệp":"Viễn thông Vĩnh Long","Tên trạm BTS":"Phuong-8-2-BTE","Địa chỉ lắp đặt":"Phú Khương, Vĩnh Long","Trạm 3G":"3G","Số giấy chứng nhận kiểm định":"A34199301121TG05","Có giá trị đến":"30/11/2026","layer_id":165,"fid":11384,"label":"Viễn thông Vĩnh Long"}},{"type":"Feature","geometry":{"type":"Point","coordinates":[106.37565,10.235609]},"properties":{"Tên doanh nghiệp":"Viễn thông Vĩnh Long","Tên trạm BTS":"Ben-Tre-BTE","Địa chỉ lắp đặt":"An Hội, Vĩnh Long","Trạm 3G":"3G","Số giấy chứng nhận kiểm định":"A16033311025TG05","Có giá trị đến":"10/31/30 12:00:00 AM","layer_id":165,"fid":11385,"label":"Viễn thông Vĩnh Long"}},{"type":"Feature","geometry":{"type":"Point","coordinates":[106.40245,10.30142]},"properties":{"Tên doanh nghiệp":"Viễn thông Vĩnh Long","Tên trạm BTS":"KCN-Giao-Long-BTE","Địa chỉ lắp đặt":"Giao Long, Vĩnh Long","Trạm 3G":"3G","Số giấy chứng nhận kiểm định":"A10993111022TG05","Có giá trị đến":"11/10/2027","layer_id":165,"fid":11386,"label":"Viễn thông Vĩnh Long"}},{"type":"Feature","geometry":{"type":"Point","coordinates":[106.2252,10.302576]},"properties":{"Tên doanh nghiệp":"Viễn thông Vĩnh Long","Tên trạm BTS":"Truong-TEKT-Da-Cam-BTE","Địa chỉ lắp đặt":"Tân Phú, Vĩnh Long","Trạm 3G":"3G","Số giấy chứng nhận kiểm định":null,"Có giá trị đến":"09/10/2029","layer_id":165,"fid":11387,"label":"Viễn thông Vĩnh Long"}},{"type":"Feature","geometry":{"type":"Point","coordinates":[106.3641,10.22163]},"properties":{"Tên doanh nghiệp":"Viễn thông Vĩnh Long","Tên trạm BTS":"My-Thanh-An-BTE","Địa chỉ lắp đặt":"An Hội, Vĩnh Long","Trạm 3G":"3G","Số giấy chứng nhận kiểm định":"A14115040925TG05","Có giá trị đến":"9/4/30 12:00:00 AM","layer_id":165,"fid":11388,"label":"Viễn thông Vĩnh Long"}},{"type":"Feature","geometry":{"type":"Point","coordinates":[106.4216,10.2413]},"properties":{"Tên doanh nghiệp":"Viễn thông Vĩnh Long","Tên trạm BTS":"Phu-Hung-BTE","Địa chỉ lắp đặt":"Phú Khương, Vĩnh Long","Trạm 3G":"3G","Số giấy chứng nhận kiểm định":"A04780190422TG05","Có giá trị đến":"19/04/2027","layer_id":165,"fid":11389,"label":"Viễn thông Vĩnh Long"}},{"type":"Feature","geometry":{"type":"Point","coordinates":[106.34635,10.310136]},"properties":{"Tên doanh nghiệp":"Viễn thông Vĩnh Long","Tên trạm BTS":"Cau-Rach-Mieu-BTE","Địa chỉ lắp đặt":"Phú Túc, Vĩnh Long","Trạm 3G":"3G","Số giấy chứng nhận kiểm định":"A12645081122TG05","Có giá trị đến":"08/11/2027","layer_id":165,"fid":11390,"label":"Viễn thông Vĩnh Long"}},{"type":"Feature","geometry":{"type":"Point","coordinates":[106.36136,10.30921]},"properties":{"Tên doanh nghiệp":"Viễn thông Vĩnh Long","Tên trạm BTS":"Chau-Thanh-BTE","Địa chỉ lắp đặt":"Phú Túc, Vĩnh Long","Trạm 3G":"3G","Số giấy chứng nhận kiểm định":"A16026311025TG05","Có giá trị đến":"10/31/30 12:00:00 AM","layer_id":165,"fid":11391,"label":"Viễn thông Vĩnh Long"}},{"type":"Feature","geometry":{"type":"Point","coordinates":[106.37809,10.22476]},"properties":{"Tên doanh nghiệp":"Viễn thông Vĩnh Long","Tên trạm BTS":"Hẽm Cầu Ông Lới  MTA","Địa chỉ lắp đặt":"An Hội, Vĩnh Long","Trạm 3G":"3G","Số giấy chứng nhận kiểm định":null,"Có giá trị đến":"23/08/2029","layer_id":165,"fid":11392,"label":"Viễn thông Vĩnh Long"}},{"type":"Feature","geometry":{"type":"Point","coordinates":[106.30246,10.29759]},"properties":{"Tên doanh nghiệp":"Viễn thông Vĩnh Long","Tên trạm BTS":"Tuong-Da-BTE","Địa chỉ lắp đặt":"Phú Túc, Vĩnh Long","Trạm 3G":"3G","Số giấy chứng nhận kiểm định":null,"Có giá trị đến":"10/04/2028","layer_id":165,"fid":11393,"label":"Viễn thông Vĩnh Long"}},{"type":"Feature","geometry":{"type":"Point","coordinates":[106.320794,10.272518]},"properties":{"Tên doanh nghiệp":"Viễn thông Vĩnh Long","Tên trạm BTS":"Son-Hoa-BTE","Địa chỉ lắp đặt":"Phú Túc, Vĩnh Long","Trạm 3G":"3G","Số giấy chứng nhận kiểm định":null,"Có giá trị đến":"05/10/2026","layer_id":165,"fid":11394,"label":"Viễn thông Vĩnh Long"}},{"type":"Feature","geometry":{"type":"Point","coordinates":[106.31741,10.25861]},"properties":{"Tên doanh nghiệp":"Viễn thông Vĩnh Long","Tên trạm BTS":"Cai-Nua-BTE","Địa chỉ lắp đặt":"Phú Túc, Vĩnh Long","Trạm 3G":"3G","Số giấy chứng nhận kiểm định":null,"Có giá trị đến":"10/04/2028","layer_id":165,"fid":11395,"label":"Viễn thông Vĩnh Long"}},{"type":"Feature","geometry":{"type":"Point","coordinates":[106.34623,10.26475]},"properties":{"Tên doanh nghiệp":"Viễn thông Vĩnh Long","Tên trạm BTS":"Son-Dong-BTE","Địa chỉ lắp đặt":"Sơn Đông, Vĩnh Long","Trạm 3G":"3G","Số giấy chứng nhận kiểm định":null,"Có giá trị đến":"10/04/2028","layer_id":165,"fid":11396,"label":"Viễn thông Vĩnh Long"}},{"type":"Feature","geometry":{"type":"Point","coordinates":[106.34698,10.244279]},"properties":{"Tên doanh nghiệp":"Viễn thông Vĩnh Long","Tên trạm BTS":"Doi-Dien-Sieu-Thi-Cho-Lon-BTE","Địa chỉ lắp đặt":"Bến Tre, Vĩnh Long","Trạm 3G":"3G","Số giấy chứng nhận kiểm định":null,"Có giá trị đến":"09/10/2029","layer_id":165,"fid":11397,"label":"Viễn thông Vĩnh Long"}},{"type":"Feature","geometry":{"type":"Point","coordinates":[106.37064,10.27258]},"properties":{"Tên doanh nghiệp":"Viễn thông Vĩnh Long","Tên trạm BTS":"Huu-Nhon-Huu-Dinh-BTE","Địa chỉ lắp đặt":"Phú Tân, Vĩnh Long","Trạm 3G":"3G","Số giấy chứng nhận kiểm định":"A34094301121TG05","Có giá trị đến":"30/11/2026","layer_id":165,"fid":11398,"label":"Viễn thông Vĩnh Long"}},{"type":"Feature","geometry":{"type":"Point","coordinates":[106.37077,10.243363]},"properties":{"Tên doanh nghiệp":"Viễn thông Vĩnh Long","Tên trạm BTS":"Lo-Hang-Keo-BTE","Địa chỉ lắp đặt":"Phú Khương, Vĩnh Long","Trạm 3G":"3G","Số giấy chứng nhận kiểm định":"A16037311025TG05","Có giá trị đến":"10/31/30 12:00:00 AM","layer_id":165,"fid":11399,"label":"Viễn thông Vĩnh Long"}},{"type":"Feature","geometry":{"type":"Point","coordinates":[106.38253,10.25711]},"properties":{"Tên doanh nghiệp":"Viễn thông Vĩnh Long","Tên trạm BTS":"Nga-4-Tu-Dien-BTE","Địa chỉ lắp đặt":"Phú Khương, Vĩnh Long","Trạm 3G":"3G","Số giấy chứng nhận kiểm định":"A16036311025TG05","Có giá trị đến":"10/31/30 12:00:00 AM","layer_id":165,"fid":11400,"label":"Viễn thông Vĩnh Long"}},{"type":"Feature","geometry":{"type":"Point","coordinates":[106.37597,10.2106]},"properties":{"Tên doanh nghiệp":"Viễn thông Vĩnh Long","Tên trạm BTS":"Lộ bờ dừa PN","Địa chỉ lắp đặt":"An Hội, Vĩnh Long","Trạm 3G":"3G","Số giấy chứng nhận kiểm định":null,"Có giá trị đến":"23/08/2029","layer_id":165,"fid":11401,"label":"Viễn thông Vĩnh Long"}},{"type":"Feature","geometry":{"type":"Point","coordinates":[106.337,10.238294]},"properties":{"Tên doanh nghiệp":"Viễn thông Vĩnh Long","Tên trạm BTS":"BTE2008-17-BTE","Địa chỉ lắp đặt":"Bến Tre, Vĩnh Long","Trạm 3G":"3G","Số giấy chứng nhận kiểm định":null,"Có giá trị đến":"05/10/2026","layer_id":165,"fid":11402,"label":"Viễn thông Vĩnh Long"}},{"type":"Feature","geometry":{"type":"Point","coordinates":[106.35696,10.22907]},"properties":{"Tên doanh nghiệp":"Viễn thông Vĩnh Long","Tên trạm BTS":"Tram-VT-Phuong-7-BTE","Địa chỉ lắp đặt":"Bến Tre, Vĩnh Long","Trạm 3G":"3G","Số giấy chứng nhận kiểm định":"A14110040925TG05","Có giá trị đến":"9/4/30 12:00:00 AM","layer_id":165,"fid":11403,"label":"Viễn thông Vĩnh Long"}},{"type":"Feature","geometry":{"type":"Point","coordinates":[106.397365,10.253956]},"properties":{"Tên doanh nghiệp":"Viễn thông Vĩnh Long","Tên trạm BTS":"Lo-Thay-Cai-BTE","Địa chỉ lắp đặt":"Phú Khương, Vĩnh Long","Trạm 3G":"3G","Số giấy chứng nhận kiểm định":"Đang hoàn thiện hồ sơ đo kiểm, Tự công bố sự phù hợp","Có giá trị đến":null,"layer_id":165,"fid":11404,"label":"Viễn thông Vĩnh Long"}},{"type":"Feature","geometry":{"type":"Point","coordinates":[106.377615,10.240642]},"properties":{"Tên doanh nghiệp":"Viễn thông Vĩnh Long","Tên trạm BTS":"Dai-Truyen-Hinh-BTE","Địa chỉ lắp đặt":"An Hội, Vĩnh Long","Trạm 3G":"3G","Số giấy chứng nhận kiểm định":"A16038311025TG05","Có giá trị đến":"10/31/30 12:00:00 AM","layer_id":165,"fid":11405,"label":"Viễn thông Vĩnh Long"}},{"type":"Feature","geometry":{"type":"Point","coordinates":[106.39588,10.29515]},"properties":{"Tên doanh nghiệp":"Viễn thông Vĩnh Long","Tên trạm BTS":"KCN-Giao-Long-2-BTE","Địa chỉ lắp đặt":"Giao Long, Vĩnh Long","Trạm 3G":"3G","Số giấy chứng nhận kiểm định":"Đang hoàn thiện hồ sơ đo kiểm, Tự công bố sự phù hợp","Có giá trị đến":null,"layer_id":165,"fid":11406,"label":"Viễn thông Vĩnh Long"}},{"type":"Feature","geometry":{"type":"Point","coordinates":[106.29657,10.312117]},"properties":{"Tên doanh nghiệp":"Viễn thông Vĩnh Long","Tên trạm BTS":"Cho-Phu-My-BTE","Địa chỉ lắp đặt":"Phú Túc, Vĩnh Long","Trạm 3G":"3G","Số giấy chứng nhận kiểm định":null,"Có giá trị đến":"09/10/2029","layer_id":165,"fid":11407,"label":"Viễn thông Vĩnh Long"}},{"type":"Feature","geometry":{"type":"Point","coordinates":[106.38811,10.21355]},"properties":{"Tên doanh nghiệp":"Viễn thông Vĩnh Long","Tên trạm BTS":"Nga-3-Cam-Con-Co-BTE","Địa chỉ lắp đặt":"An Hội, Vĩnh Long","Trạm 3G":"3G","Số giấy chứng nhận kiểm định":"A34096301121TG05","Có giá trị đến":"30/11/2026","layer_id":165,"fid":11408,"label":"Viễn thông Vĩnh Long"}},{"type":"Feature","geometry":{"type":"Point","coordinates":[106.39792,10.19902]},"properties":{"Tên doanh nghiệp":"Viễn thông Vĩnh Long","Tên trạm BTS":"Ấp 2B_Nhon_Thạnh","Địa chỉ lắp đặt":"Phú Khương, Vĩnh Long","Trạm 3G":"3G","Số giấy chứng nhận kiểm định":null,"Có giá trị đến":"23/08/2029","layer_id":165,"fid":11409,"label":"Viễn thông Vĩnh Long"}},{"type":"Feature","geometry":{"type":"Point","coordinates":[106.334368,10.251854]},"properties":{"Tên doanh nghiệp":"Viễn thông Vĩnh Long","Tên trạm BTS":"Hem-Cho-Son-Dong-BTE","Địa chỉ lắp đặt":"Bến Tre, Vĩnh Long","Trạm 3G":"3G","Số giấy chứng nhận kiểm định":null,"Có giá trị đến":"09/10/2029","layer_id":165,"fid":11410,"label":"Viễn thông Vĩnh Long"}},{"type":"Feature","geometry":{"type":"Point","coordinates":[106.37347,10.306917]},"properties":{"Tên doanh nghiệp":"Viễn thông Vĩnh Long","Tên trạm BTS":"Sa-Ly-BTE","Địa chỉ lắp đặt":"Giao Long, Vĩnh Long","Trạm 3G":"3G","Số giấy chứng nhận kiểm định":null,"Có giá trị đến":"09/10/2029","layer_id":165,"fid":11411,"label":"Viễn thông Vĩnh Long"}},{"type":"Feature","geometry":{"type":"Point","coordinates":[106.35674,10.279086]},"properties":{"Tên doanh nghiệp":"Viễn thông Vĩnh Long","Tên trạm BTS":"Nga-4-Tuong-Dau-BTE","Địa chỉ lắp đặt":"Phú Tân, Vĩnh Long","Trạm 3G":"3G","Số giấy chứng nhận kiểm định":"A12644081122TG05","Có giá trị đến":"08/11/2027","layer_id":165,"fid":11412,"label":"Viễn thông Vĩnh Long"}},{"type":"Feature","geometry":{"type":"Point","coordinates":[106.2412,10.26279]},"properties":{"Tên doanh nghiệp":"Viễn thông Vĩnh Long","Tên trạm BTS":"Ap-Chanh-BTE","Địa chỉ lắp đặt":"Tiên Thủy, Vĩnh Long","Trạm 3G":"3G","Số giấy chứng nhận kiểm định":"A07652190724TG05","Có giá trị đến":"7/19/29 12:00:00 AM","layer_id":165,"fid":11413,"label":"Viễn thông Vĩnh Long"}},{"type":"Feature","geometry":{"type":"Point","coordinates":[106.39852,10.29837]},"properties":{"Tên doanh nghiệp":"Viễn thông Vĩnh Long","Tên trạm BTS":"Cty-An-Pha","Địa chỉ lắp đặt":"Giao Long, Vĩnh Long","Trạm 3G":"3G","Số giấy chứng nhận kiểm định":"A11731220725TG05","Có giá trị đến":"7/22/30 12:00:00 AM","layer_id":165,"fid":11414,"label":"Viễn thông Vĩnh Long"}},{"type":"Feature","geometry":{"type":"Point","coordinates":[106.36035,10.251124]},"properties":{"Tên doanh nghiệp":"Viễn thông Vĩnh Long","Tên trạm BTS":"BTE2023-111","Địa chỉ lắp đặt":"Sơn Đông, Vĩnh Long","Trạm 3G":"3G","Số giấy chứng nhận kiểm định":null,"Có giá trị đến":"3/16/31 12:00:00 AM","layer_id":165,"fid":11415,"label":"Viễn thông Vĩnh Long"}},{"type":"Feature","geometry":{"type":"Point","coordinates":[106.28205,10.29636]},"properties":{"Tên doanh nghiệp":"Viễn thông Vĩnh Long","Tên trạm BTS":"Thanh-Trieu-2-BTE","Địa chỉ lắp đặt":"Tiên Thủy, Vĩnh Long","Trạm 3G":"3G","Số giấy chứng nhận kiểm định":"A14111301024TG05","Có giá trị đến":"10/30/29 12:00:00 AM","layer_id":165,"fid":11416,"label":"Viễn thông Vĩnh Long"}},{"type":"Feature","geometry":{"type":"Point","coordinates":[106.42049,10.29376]},"properties":{"Tên doanh nghiệp":"Viễn thông Vĩnh Long","Tên trạm BTS":"Giao-Long-BTE","Địa chỉ lắp đặt":"Giao Long, Vĩnh Long","Trạm 3G":"3G","Số giấy chứng nhận kiểm định":null,"Có giá trị đến":"10/04/2028","layer_id":165,"fid":11417,"label":"Viễn thông Vĩnh Long"}},{"type":"Feature","geometry":{"type":"Point","coordinates":[106.36504,10.24655]},"properties":{"Tên doanh nghiệp":"Viễn thông Vĩnh Long","Tên trạm BTS":"BTE2008-26-BTE","Địa chỉ lắp đặt":"Sơn Đông, Vĩnh Long","Trạm 3G":"3G","Số giấy chứng nhận kiểm định":"A11725220725TG05","Có giá trị đến":"7/22/30 12:00:00 AM","layer_id":165,"fid":11418,"label":"Viễn thông Vĩnh Long"}},{"type":"Feature","geometry":{"type":"Point","coordinates":[106.40284,10.22553]},"properties":{"Tên doanh nghiệp":"Viễn thông Vĩnh Long","Tên trạm BTS":"Ap-3-Nhon-Thanh-BTE","Địa chỉ lắp đặt":"Phú Khương, Vĩnh Long","Trạm 3G":"3G","Số giấy chứng nhận kiểm định":null,"Có giá trị đến":"05/10/2026","layer_id":165,"fid":11419,"label":"Viễn thông Vĩnh Long"}},{"type":"Feature","geometry":{"type":"Point","coordinates":[106.41687,10.27256]},"properties":{"Tên doanh nghiệp":"Viễn thông Vĩnh Long","Tên trạm BTS":"Phuoc-Thanh-BTE","Địa chỉ lắp đặt":"Phú Tân, Vĩnh Long","Trạm 3G":"3G","Số giấy chứng nhận kiểm định":null,"Có giá trị đến":"10/04/2028","layer_id":165,"fid":11420,"label":"Viễn thông Vĩnh Long"}},{"type":"Feature","geometry":{"type":"Point","coordinates":[106.20821,10.26577]},"properties":{"Tên doanh nghiệp":"Viễn thông Vĩnh Long","Tên trạm BTS":"Tien-Long-BTE","Địa chỉ lắp đặt":"Tân Phú, Vĩnh Long","Trạm 3G":"3G","Số giấy chứng nhận kiểm định":null,"Có giá trị đến":"10/04/2028","layer_id":165,"fid":11421,"label":"Viễn thông Vĩnh Long"}},{"type":"Feature","geometry":{"type":"Point","coordinates":[106.39829,10.31712]},"properties":{"Tên doanh nghiệp":"Viễn thông Vĩnh Long","Tên trạm BTS":"Quoi-Son-2-BTE","Địa chỉ lắp đặt":"Giao Long, Vĩnh Long","Trạm 3G":"3G","Số giấy chứng nhận kiểm định":null,"Có giá trị đến":"05/10/2026","layer_id":165,"fid":11422,"label":"Viễn thông Vĩnh Long"}},{"type":"Feature","geometry":{"type":"Point","coordinates":[106.38807,10.18645]},"properties":{"Tên doanh nghiệp":"Viễn thông Vĩnh Long","Tên trạm BTS":"Son-Phu-BTE","Địa chỉ lắp đặt":"An Hội, Vĩnh Long","Trạm 3G":"3G","Số giấy chứng nhận kiểm định":null,"Có giá trị đến":"09/10/2029","layer_id":165,"fid":11423,"label":"Viễn thông Vĩnh Long"}},{"type":"Feature","geometry":{"type":"Point","coordinates":[106.32904,10.28953]},"properties":{"Tên doanh nghiệp":"Viễn thông Vĩnh Long","Tên trạm BTS":"Phuoc-Hau-BTE","Địa chỉ lắp đặt":"Sơn Đông, Vĩnh Long","Trạm 3G":"3G","Số giấy chứng nhận kiểm định":null,"Có giá trị đến":"10/04/2028","layer_id":165,"fid":11424,"label":"Viễn thông Vĩnh Long"}},{"type":"Feature","geometry":{"type":"Point","coordinates":[106.37647,10.246591]},"properties":{"Tên doanh nghiệp":"Viễn thông Vĩnh Long","Tên trạm BTS":"BTE2008-21-BTE","Địa chỉ lắp đặt":"Phú Khương, Vĩnh Long","Trạm 3G":"3G","Số giấy chứng nhận kiểm định":"A14112040925TG05","Có giá trị đến":"9/4/30 12:00:00 AM","layer_id":165,"fid":11425,"label":"Viễn thông Vĩnh Long"}},{"type":"Feature","geometry":{"type":"Point","coordinates":[106.38868,10.30372]},"properties":{"Tên doanh nghiệp":"Viễn thông Vĩnh Long","Tên trạm BTS":"Phu-An-Hoa-BTE","Địa chỉ lắp đặt":"Giao Long, Vĩnh Long","Trạm 3G":"3G","Số giấy chứng nhận kiểm định":"A16021311025TG05","Có giá trị đến":"10/31/30 12:00:00 AM","layer_id":165,"fid":11426,"label":"Viễn thông Vĩnh Long"}},{"type":"Feature","geometry":{"type":"Point","coordinates":[106.26442,10.26598]},"properties":{"Tên doanh nghiệp":"Viễn thông Vĩnh Long","Tên trạm BTS":"BTE2024-371","Địa chỉ lắp đặt":"Xã Tiên Thủy tỉnh Vĩnh Long","Trạm 3G":"3G","Số giấy chứng nhận kiểm định":null,"Có giá trị đến":"3/16/31 12:00:00 AM","layer_id":165,"fid":11427,"label":"Viễn thông Vĩnh Long"}},{"type":"Feature","geometry":{"type":"Point","coordinates":[106.1675,10.2704]},"properties":{"Tên doanh nghiệp":"Viễn thông Vĩnh Long","Tên trạm BTS":"BTE2024-367","Địa chỉ lắp đặt":"Xã Tân Phú tỉnh Vĩnh Long","Trạm 3G":"3G","Số giấy chứng nhận kiểm định":null,"Có giá trị đến":"3/16/31 12:00:00 AM","layer_id":165,"fid":11428,"label":"Viễn thông Vĩnh Long"}},{"type":"Feature","geometry":{"type":"Point","coordinates":[106.25121,10.31391]},"properties":{"Tên doanh nghiệp":"Viễn thông Vĩnh Long","Tên trạm BTS":"BTE2024-370","Địa chỉ lắp đặt":"Xã Phú Túc tỉnh Vĩnh Long","Trạm 3G":"3G","Số giấy chứng nhận kiểm định":null,"Có giá trị đến":"3/16/31 12:00:00 AM","layer_id":165,"fid":11429,"label":"Viễn thông Vĩnh Long"}},{"type":"Feature","geometry":{"type":"Point","coordinates":[106.2141,10.3]},"properties":{"Tên doanh nghiệp":"Viễn thông Vĩnh Long","Tên trạm BTS":"BTE2024-369","Địa chỉ lắp đặt":"Xã Tân Phú tỉnh Vĩnh Long","Trạm 3G":"3G","Số giấy chứng nhận kiểm định":null,"Có giá trị đến":"3/16/31 12:00:00 AM","layer_id":165,"fid":11430,"label":"Viễn thông Vĩnh Long"}},{"type":"Feature","geometry":{"type":"Point","coordinates":[106.22525,10.27736]},"properties":{"Tên doanh nghiệp":"Viễn thông Vĩnh Long","Tên trạm BTS":"BTE2024-365","Địa chỉ lắp đặt":"Xã Tiên Thủy tỉnh Vĩnh Long","Trạm 3G":"3G","Số giấy chứng nhận kiểm định":null,"Có giá trị đến":"3/16/31 12:00:00 AM","layer_id":165,"fid":11431,"label":"Viễn thông Vĩnh Long"}},{"type":"Feature","geometry":{"type":"Point","coordinates":[106.20341,10.27802]},"properties":{"Tên doanh nghiệp":"Viễn thông Vĩnh Long","Tên trạm BTS":"BTE2024-366","Địa chỉ lắp đặt":"Xã Tiên Thủy tỉnh Vĩnh Long","Trạm 3G":"3G","Số giấy chứng nhận kiểm định":null,"Có giá trị đến":"3/16/31 12:00:00 AM","layer_id":165,"fid":11432,"label":"Viễn thông Vĩnh Long"}},{"type":"Feature","geometry":{"type":"Point","coordinates":[106.3916,10.27954]},"properties":{"Tên doanh nghiệp":"Viễn thông Vĩnh Long","Tên trạm BTS":"BTE2025-095","Địa chỉ lắp đặt":"Phường Phú Tân tỉnh Vĩnh Long","Trạm 3G":"3G","Số giấy chứng nhận kiểm định":null,"Có giá trị đến":"3/16/31 12:00:00 AM","layer_id":165,"fid":11433,"label":"Viễn thông Vĩnh Long"}},{"type":"Feature","geometry":{"type":"Point","coordinates":[106.23322,10.26966]},"properties":{"Tên doanh nghiệp":"Viễn thông Vĩnh Long","Tên trạm BTS":"BTE2023-005","Địa chỉ lắp đặt":"Xã Tiên Thủy tỉnh Vĩnh Long","Trạm 3G":"3G","Số giấy chứng nhận kiểm định":null,"Có giá trị đến":"3/16/31 12:00:00 AM","layer_id":165,"fid":11434,"label":"Viễn thông Vĩnh Long"}},{"type":"Feature","geometry":{"type":"Point","coordinates":[106.26285,10.31533]},"properties":{"Tên doanh nghiệp":"Viễn thông Vĩnh Long","Tên trạm BTS":"BTE2024-368","Địa chỉ lắp đặt":"Xã Phú Túc tỉnh Vĩnh Long","Trạm 3G":"3G","Số giấy chứng nhận kiểm định":null,"Có giá trị đến":"3/16/31 12:00:00 AM","layer_id":165,"fid":11435,"label":"Viễn thông Vĩnh Long"}},{"type":"Feature","geometry":{"type":"Point","coordinates":[106.28748,10.276698]},"properties":{"Tên doanh nghiệp":"Viễn thông Vĩnh Long","Tên trạm BTS":"An-Hiep-BTE","Địa chỉ lắp đặt":"Phú Túc, Vĩnh Long","Trạm 3G":"3G","Số giấy chứng nhận kiểm định":"A12641081122TG05","Có giá trị đến":"08/11/2027","layer_id":165,"fid":11436,"label":"Viễn thông Vĩnh Long"}},{"type":"Feature","geometry":{"type":"Point","coordinates":[106.40025,10.2473]},"properties":{"Tên doanh nghiệp":"Viễn thông Vĩnh Long","Tên trạm BTS":"BTE2008-24-BTE","Địa chỉ lắp đặt":"Phú Khương, Vĩnh Long","Trạm 3G":"3G","Số giấy chứng nhận kiểm định":"A04781190422TG05","Có giá trị đến":"19/04/2027","layer_id":165,"fid":11437,"label":"Viễn thông Vĩnh Long"}},{"type":"Feature","geometry":{"type":"Point","coordinates":[106.39819,10.21141]},"properties":{"Tên doanh nghiệp":"Viễn thông Vĩnh Long","Tên trạm BTS":"Nhon-Thanh-BTE","Địa chỉ lắp đặt":"Phú Khương, Vĩnh Long","Trạm 3G":"3G","Số giấy chứng nhận kiểm định":null,"Có giá trị đến":"10/04/2028","layer_id":165,"fid":11438,"label":"Viễn thông Vĩnh Long"}},{"type":"Feature","geometry":{"type":"Point","coordinates":[106.40368,10.28398]},"properties":{"Tên doanh nghiệp":"Viễn thông Vĩnh Long","Tên trạm BTS":"UBND-An-Phuoc-BTE","Địa chỉ lắp đặt":"Giao Long, Vĩnh Long","Trạm 3G":"3G","Số giấy chứng nhận kiểm định":null,"Có giá trị đến":"09/10/2029","layer_id":165,"fid":11439,"label":"Viễn thông Vĩnh Long"}},{"type":"Feature","geometry":{"type":"Point","coordinates":[106.412,10.3096]},"properties":{"Tên doanh nghiệp":"Viễn thông Vĩnh Long","Tên trạm BTS":"Quoi-Son-BTE","Địa chỉ lắp đặt":"Giao Long, Vĩnh Long","Trạm 3G":"3G","Số giấy chứng nhận kiểm định":null,"Có giá trị đến":"10/04/2028","layer_id":165,"fid":11440,"label":"Viễn thông Vĩnh Long"}},{"type":"Feature","geometry":{"type":"Point","coordinates":[106.69094,10.11886]},"properties":{"Tên doanh nghiệp":"Viễn thông Vĩnh Long","Tên trạm BTS":"Thanh-Phuoc-BTE","Địa chỉ lắp đặt":"Thạnh Phước, Vĩnh Long","Trạm 3G":"3G","Số giấy chứng nhận kiểm định":null,"Có giá trị đến":"10/04/2028","layer_id":165,"fid":11441,"label":"Viễn thông Vĩnh Long"}},{"type":"Feature","geometry":{"type":"Point","coordinates":[106.51337,10.23916]},"properties":{"Tên doanh nghiệp":"Viễn thông Vĩnh Long","Tên trạm BTS":"Phi-Phung-BTE","Địa chỉ lắp đặt":"Châu Hưng, Vĩnh Long","Trạm 3G":"3G","Số giấy chứng nhận kiểm định":null,"Có giá trị đến":"23/08/2029","layer_id":165,"fid":11442,"label":"Viễn thông Vĩnh Long"}},{"type":"Feature","geometry":{"type":"Point","coordinates":[106.749705,10.074566]},"properties":{"Tên doanh nghiệp":"Viễn thông Vĩnh Long","Tên trạm BTS":"Con-Ba-4-BTE","Địa chỉ lắp đặt":"Thới Thuận, Vĩnh Long","Trạm 3G":"3G","Số giấy chứng nhận kiểm định":null,"Có giá trị đến":"23/08/2029","layer_id":165,"fid":11443,"label":"Viễn thông Vĩnh Long"}},{"type":"Feature","geometry":{"type":"Point","coordinates":[106.61998,10.22685]},"properties":{"Tên doanh nghiệp":"Viễn thông Vĩnh Long","Tên trạm BTS":"Ben-Cat-2-BTE","Địa chỉ lắp đặt":"Thạnh Trị, Vĩnh Long","Trạm 3G":"3G","Số giấy chứng nhận kiểm định":null,"Có giá trị đến":"09/10/2029","layer_id":165,"fid":11444,"label":"Viễn thông Vĩnh Long"}},{"type":"Feature","geometry":{"type":"Point","coordinates":[106.58609,10.24101]},"properties":{"Tên doanh nghiệp":"Viễn thông Vĩnh Long","Tên trạm BTS":"Phu-Vang-BTE","Địa chỉ lắp đặt":"Lộc Thuận, Vĩnh Long","Trạm 3G":"3G","Số giấy chứng nhận kiểm định":null,"Có giá trị đến":"05/10/2026","layer_id":165,"fid":11445,"label":"Viễn thông Vĩnh Long"}},{"type":"Feature","geometry":{"type":"Point","coordinates":[106.66926,10.14638]},"properties":{"Tên doanh nghiệp":"Viễn thông Vĩnh Long","Tên trạm BTS":"Dai-Hoa-Loc-BTE","Địa chỉ lắp đặt":"Thạnh Phước, Vĩnh Long","Trạm 3G":"3G","Số giấy chứng nhận kiểm định":"Đang hoàn thiện hồ sơ đo kiểm, Tự công bố sự phù hợp","Có giá trị đến":null,"layer_id":165,"fid":11446,"label":"Viễn thông Vĩnh Long"}},{"type":"Feature","geometry":{"type":"Point","coordinates":[106.49639,10.25228]},"properties":{"Tên doanh nghiệp":"Viễn thông Vĩnh Long","Tên trạm BTS":"Chau-Hung-BTE","Địa chỉ lắp đặt":"Châu Hưng, Vĩnh Long","Trạm 3G":"3G","Số giấy chứng nhận kiểm định":"A05285080425TG05","Có giá trị đến":"4/8/30 12:00:00 AM","layer_id":165,"fid":11447,"label":"Viễn thông Vĩnh Long"}},{"type":"Feature","geometry":{"type":"Point","coordinates":[106.46745,10.25468]},"properties":{"Tên doanh nghiệp":"Viễn thông Vĩnh Long","Tên trạm BTS":"Tan-Hung-Binh-Dai-BTE","Địa chỉ lắp đặt":"Châu Hưng, Vĩnh Long","Trạm 3G":"3G","Số giấy chứng nhận kiểm định":null,"Có giá trị đến":"10/04/2028","layer_id":165,"fid":11448,"label":"Viễn thông Vĩnh Long"}},{"type":"Feature","geometry":{"type":"Point","coordinates":[106.76255,10.16539]},"properties":{"Tên doanh nghiệp":"Viễn thông Vĩnh Long","Tên trạm BTS":"Thua-Duc-BTE","Địa chỉ lắp đặt":"Thới Thuận, Vĩnh Long","Trạm 3G":"3G","Số giấy chứng nhận kiểm định":"A05277080425TG05","Có giá trị đến":"4/8/30 12:00:00 AM","layer_id":165,"fid":11449,"label":"Viễn thông Vĩnh Long"}},{"type":"Feature","geometry":{"type":"Point","coordinates":[106.55912,10.2295]},"properties":{"Tên doanh nghiệp":"Viễn thông Vĩnh Long","Tên trạm BTS":"Viet-Giua-BTE","Địa chỉ lắp đặt":"Lộc Thuận, Vĩnh Long","Trạm 3G":"3G","Số giấy chứng nhận kiểm định":"A05283080425TG05","Có giá trị đến":"4/8/30 12:00:00 AM","layer_id":165,"fid":11450,"label":"Viễn thông Vĩnh Long"}},{"type":"Feature","geometry":{"type":"Point","coordinates":[106.64722,10.22374]},"properties":{"Tên doanh nghiệp":"Viễn thông Vĩnh Long","Tên trạm BTS":"Binh-Trung-BTE","Địa chỉ lắp đặt":"Thạnh Trị, Vĩnh Long","Trạm 3G":"3G","Số giấy chứng nhận kiểm định":null,"Có giá trị đến":"10/04/2028","layer_id":165,"fid":11451,"label":"Viễn thông Vĩnh Long"}},{"type":"Feature","geometry":{"type":"Point","coordinates":[106.48437,10.29066]},"properties":{"Tên doanh nghiệp":"Viễn thông Vĩnh Long","Tên trạm BTS":"Tam-Hiep-BTE","Địa chỉ lắp đặt":"Phú Thuận, Vĩnh Long","Trạm 3G":"3G","Số giấy chứng nhận kiểm định":"A16019311025TG05","Có giá trị đến":"10/31/30 12:00:00 AM","layer_id":165,"fid":11452,"label":"Viễn thông Vĩnh Long"}},{"type":"Feature","geometry":{"type":"Point","coordinates":[106.6969,10.17801]},"properties":{"Tên doanh nghiệp":"Viễn thông Vĩnh Long","Tên trạm BTS":"Hang-Cong-BTE","Địa chỉ lắp đặt":"Bình Đại, Vĩnh Long","Trạm 3G":"3G","Số giấy chứng nhận kiểm định":null,"Có giá trị đến":"09/10/2029","layer_id":165,"fid":11453,"label":"Viễn thông Vĩnh Long"}},{"type":"Feature","geometry":{"type":"Point","coordinates":[106.658371,10.200511]},"properties":{"Tên doanh nghiệp":"Viễn thông Vĩnh Long","Tên trạm BTS":"Cau-Sat-BTE","Địa chỉ lắp đặt":"Bình Đại, Vĩnh Long","Trạm 3G":"3G","Số giấy chứng nhận kiểm định":"Đang hoàn thiện hồ sơ đo kiểm, Tự công bố sự phù hợp","Có giá trị đến":null,"layer_id":165,"fid":11454,"label":"Viễn thông Vĩnh Long"}},{"type":"Feature","geometry":{"type":"Point","coordinates":[106.45066,10.263252]},"properties":{"Tên doanh nghiệp":"Viễn thông Vĩnh Long","Tên trạm BTS":"Long-Hoa-2-BTE","Địa chỉ lắp đặt":"Châu Hưng, Vĩnh Long","Trạm 3G":"3G","Số giấy chứng nhận kiểm định":null,"Có giá trị đến":"10/04/2028","layer_id":165,"fid":11455,"label":"Viễn thông Vĩnh Long"}},{"type":"Feature","geometry":{"type":"Point","coordinates":[106.70705,10.12711]},"properties":{"Tên doanh nghiệp":"Viễn thông Vĩnh Long","Tên trạm BTS":"Ap-6-Thanh-Phuoc-BTE","Địa chỉ lắp đặt":"Thạnh Phước, Vĩnh Long","Trạm 3G":"3G","Số giấy chứng nhận kiểm định":null,"Có giá trị đến":"05/10/2026","layer_id":165,"fid":11456,"label":"Viễn thông Vĩnh Long"}},{"type":"Feature","geometry":{"type":"Point","coordinates":[106.70295,10.19063]},"properties":{"Tên doanh nghiệp":"Viễn thông Vĩnh Long","Tên trạm BTS":"Binh-Dai-2-BTE","Địa chỉ lắp đặt":"Bình Đại, Vĩnh Long","Trạm 3G":"3G","Số giấy chứng nhận kiểm định":"A16034311025TG05","Có giá trị đến":"10/31/30 12:00:00 AM","layer_id":165,"fid":11457,"label":"Viễn thông Vĩnh Long"}},{"type":"Feature","geometry":{"type":"Point","coordinates":[106.53096,10.23394]},"properties":{"Tên doanh nghiệp":"Viễn thông Vĩnh Long","Tên trạm BTS":"Thoi-Lai-BTE","Địa chỉ lắp đặt":"Châu Hưng, Vĩnh Long","Trạm 3G":"3G","Số giấy chứng nhận kiểm định":"A10991111022TG05","Có giá trị đến":"11/10/2027","layer_id":165,"fid":11458,"label":"Viễn thông Vĩnh Long"}},{"type":"Feature","geometry":{"type":"Point","coordinates":[106.599686,10.206189]},"properties":{"Tên doanh nghiệp":"Viễn thông Vĩnh Long","Tên trạm BTS":"Giong-Kien-2-BTE","Địa chỉ lắp đặt":"Thạnh Trị, Vĩnh Long","Trạm 3G":"3G","Số giấy chứng nhận kiểm định":null,"Có giá trị đến":"10/04/2028","layer_id":165,"fid":11459,"label":"Viễn thông Vĩnh Long"}},{"type":"Feature","geometry":{"type":"Point","coordinates":[106.67999,10.20645]},"properties":{"Tên doanh nghiệp":"Viễn thông Vĩnh Long","Tên trạm BTS":"Giong-Sam-BTE","Địa chỉ lắp đặt":"Bình Đại, Vĩnh Long","Trạm 3G":"3G","Số giấy chứng nhận kiểm định":null,"Có giá trị đến":"10/04/2028","layer_id":165,"fid":11460,"label":"Viễn thông Vĩnh Long"}},{"type":"Feature","geometry":{"type":"Point","coordinates":[106.77351,10.09582]},"properties":{"Tên doanh nghiệp":"Viễn thông Vĩnh Long","Tên trạm BTS":"Con-Ngheu-Bien-BTE","Địa chỉ lắp đặt":"Thới Thuận, Vĩnh Long","Trạm 3G":"3G","Số giấy chứng nhận kiểm định":null,"Có giá trị đến":"23/08/2029","layer_id":165,"fid":11461,"label":"Viễn thông Vĩnh Long"}},{"type":"Feature","geometry":{"type":"Point","coordinates":[106.58278,10.22067]},"properties":{"Tên doanh nghiệp":"Viễn thông Vĩnh Long","Tên trạm BTS":"Loc-Thuan-BTE","Địa chỉ lắp đặt":"Lộc Thuận, Vĩnh Long","Trạm 3G":"3G","Số giấy chứng nhận kiểm định":"A10990111022TG05","Có giá trị đến":"11/10/2027","layer_id":165,"fid":11462,"label":"Viễn thông Vĩnh Long"}},{"type":"Feature","geometry":{"type":"Point","coordinates":[106.47364,10.277661]},"properties":{"Tên doanh nghiệp":"Viễn thông Vĩnh Long","Tên trạm BTS":"Long-Dinh-BTE","Địa chỉ lắp đặt":"Phú Thuận, Vĩnh Long","Trạm 3G":"3G","Số giấy chứng nhận kiểm định":null,"Có giá trị đến":"10/04/2028","layer_id":165,"fid":11463,"label":"Viễn thông Vĩnh Long"}},{"type":"Feature","geometry":{"type":"Point","coordinates":[106.7058,10.09039]},"properties":{"Tên doanh nghiệp":"Viễn thông Vĩnh Long","Tên trạm BTS":"Ap-7-Thanh-Phuoc-BTE","Địa chỉ lắp đặt":"Thạnh Phước, Vĩnh Long","Trạm 3G":"3G","Số giấy chứng nhận kiểm định":null,"Có giá trị đến":"10/04/2028","layer_id":165,"fid":11464,"label":"Viễn thông Vĩnh Long"}},{"type":"Feature","geometry":{"type":"Point","coordinates":[106.70627,10.20118]},"properties":{"Tên doanh nghiệp":"Viễn thông Vĩnh Long","Tên trạm BTS":"Binh-Thang-BTE","Địa chỉ lắp đặt":"Bình Đại, Vĩnh Long","Trạm 3G":"3G","Số giấy chứng nhận kiểm định":"A16020311025TG05","Có giá trị đến":"10/31/30 12:00:00 AM","layer_id":165,"fid":11465,"label":"Viễn thông Vĩnh Long"}},{"type":"Feature","geometry":{"type":"Point","coordinates":[106.68002,10.104778]},"properties":{"Tên doanh nghiệp":"Viễn thông Vĩnh Long","Tên trạm BTS":"Ben-Thu-BTE","Địa chỉ lắp đặt":"Thạnh Phước, Vĩnh Long","Trạm 3G":"3G","Số giấy chứng nhận kiểm định":null,"Có giá trị đến":"10/04/2028","layer_id":165,"fid":11466,"label":"Viễn thông Vĩnh Long"}},{"type":"Feature","geometry":{"type":"Point","coordinates":[106.63341,10.197504]},"properties":{"Tên doanh nghiệp":"Viễn thông Vĩnh Long","Tên trạm BTS":"Binh-Thoi-BTE","Địa chỉ lắp đặt":"Bình Đại, Vĩnh Long","Trạm 3G":"3G","Số giấy chứng nhận kiểm định":"A10989111022TG05","Có giá trị đến":"11/10/2027","layer_id":165,"fid":11467,"label":"Viễn thông Vĩnh Long"}},{"type":"Feature","geometry":{"type":"Point","coordinates":[106.67652,10.158472]},"properties":{"Tên doanh nghiệp":"Viễn thông Vĩnh Long","Tên trạm BTS":"Dai-Hoa-Loc-2-BTE","Địa chỉ lắp đặt":"Thạnh Phước, Vĩnh Long","Trạm 3G":"3G","Số giấy chứng nhận kiểm định":null,"Có giá trị đến":"10/04/2028","layer_id":165,"fid":11468,"label":"Viễn thông Vĩnh Long"}},{"type":"Feature","geometry":{"type":"Point","coordinates":[106.6728,10.19143]},"properties":{"Tên doanh nghiệp":"Viễn thông Vĩnh Long","Tên trạm BTS":"Ap-1-Thanh-Tri-BTE","Địa chỉ lắp đặt":"Thạnh Trị, Vĩnh Long","Trạm 3G":"3G","Số giấy chứng nhận kiểm định":null,"Có giá trị đến":"09/10/2029","layer_id":165,"fid":11469,"label":"Viễn thông Vĩnh Long"}},{"type":"Feature","geometry":{"type":"Point","coordinates":[106.49119,10.27233]},"properties":{"Tên doanh nghiệp":"Viễn thông Vĩnh Long","Tên trạm BTS":"Phu-Thuan-BTE","Địa chỉ lắp đặt":"Phú Thuận, Vĩnh Long","Trạm 3G":"3G","Số giấy chứng nhận kiểm định":null,"Có giá trị đến":"09/10/2029","layer_id":165,"fid":11470,"label":"Viễn thông Vĩnh Long"}},{"type":"Feature","geometry":{"type":"Point","coordinates":[106.7027,10.16896]},"properties":{"Tên doanh nghiệp":"Viễn thông Vĩnh Long","Tên trạm BTS":"Binh-Chien-BTE","Địa chỉ lắp đặt":"Bình Đại, Vĩnh Long","Trạm 3G":"3G","Số giấy chứng nhận kiểm định":"A10983111022TG05","Có giá trị đến":"11/10/2027","layer_id":165,"fid":11471,"label":"Viễn thông Vĩnh Long"}},{"type":"Feature","geometry":{"type":"Point","coordinates":[106.57175,10.24393]},"properties":{"Tên doanh nghiệp":"Viễn thông Vĩnh Long","Tên trạm BTS":"Cả Cao-PVg","Địa chỉ lắp đặt":" Lộc Thuận, Vĩnh Long","Trạm 3G":"3G","Số giấy chứng nhận kiểm định":null,"Có giá trị đến":"10/04/2028","layer_id":165,"fid":11472,"label":"Viễn thông Vĩnh Long"}},{"type":"Feature","geometry":{"type":"Point","coordinates":[106.5833,10.22894]},"properties":{"Tên doanh nghiệp":"Viễn thông Vĩnh Long","Tên trạm BTS":"Hong-phuong-phu-vang","Địa chỉ lắp đặt":" Lộc Thuận, Vĩnh Long","Trạm 3G":"3G","Số giấy chứng nhận kiểm định":null,"Có giá trị đến":"10/04/2028","layer_id":165,"fid":11473,"label":"Viễn thông Vĩnh Long"}},{"type":"Feature","geometry":{"type":"Point","coordinates":[106.555419,10.207367]},"properties":{"Tên doanh nghiệp":"Viễn thông Vĩnh Long","Tên trạm BTS":"Ca-Muong-BTE","Địa chỉ lắp đặt":"Châu Hưng, Vĩnh Long","Trạm 3G":"3G","Số giấy chứng nhận kiểm định":"A07657190724TG05","Có giá trị đến":"7/19/29 12:00:00 AM","layer_id":165,"fid":11474,"label":"Viễn thông Vĩnh Long"}},{"type":"Feature","geometry":{"type":"Point","coordinates":[106.69175,10.18922]},"properties":{"Tên doanh nghiệp":"Viễn thông Vĩnh Long","Tên trạm BTS":"Binh-Dai-BTE","Địa chỉ lắp đặt":"Bình Đại, Vĩnh Long","Trạm 3G":"3G","Số giấy chứng nhận kiểm định":"A16030311025TG05","Có giá trị đến":"10/31/30 12:00:00 AM","layer_id":165,"fid":11475,"label":"Viễn thông Vĩnh Long"}},{"type":"Feature","geometry":{"type":"Point","coordinates":[106.782085,10.109238]},"properties":{"Tên doanh nghiệp":"Viễn thông Vĩnh Long","Tên trạm BTS":"Con-Ngheu-BTE","Địa chỉ lắp đặt":"Thới Thuận, Vĩnh Long","Trạm 3G":"3G","Số giấy chứng nhận kiểm định":null,"Có giá trị đến":"10/04/2028","layer_id":165,"fid":11476,"label":"Viễn thông Vĩnh Long"}},{"type":"Feature","geometry":{"type":"Point","coordinates":[106.77798,10.14988]},"properties":{"Tên doanh nghiệp":"Viễn thông Vĩnh Long","Tên trạm BTS":"Thừa Tiên-TĐc","Địa chỉ lắp đặt":"Thới Thuận, Vĩnh Long","Trạm 3G":"3G","Số giấy chứng nhận kiểm định":null,"Có giá trị đến":"23/08/2029","layer_id":165,"fid":11477,"label":"Viễn thông Vĩnh Long"}},{"type":"Feature","geometry":{"type":"Point","coordinates":[106.68256,10.17394]},"properties":{"Tên doanh nghiệp":"Viễn thông Vĩnh Long","Tên trạm BTS":"Mac-Mieu-BTE","Địa chỉ lắp đặt":"Thạnh Phước, Vĩnh Long","Trạm 3G":"3G","Số giấy chứng nhận kiểm định":"A14091301024TG05","Có giá trị đến":"10/30/29 12:00:00 AM","layer_id":165,"fid":11478,"label":"Viễn thông Vĩnh Long"}},{"type":"Feature","geometry":{"type":"Point","coordinates":[106.53398,10.2597]},"properties":{"Tên doanh nghiệp":"Viễn thông Vĩnh Long","Tên trạm BTS":"Vang-Quoi-Dong-BTE","Địa chỉ lắp đặt":"Lộc Thuận, Vĩnh Long","Trạm 3G":"3G","Số giấy chứng nhận kiểm định":"A05282080425TG05","Có giá trị đến":"4/8/30 12:00:00 AM","layer_id":165,"fid":11479,"label":"Viễn thông Vĩnh Long"}},{"type":"Feature","geometry":{"type":"Point","coordinates":[106.654875,10.162716]},"properties":{"Tên doanh nghiệp":"Viễn thông Vĩnh Long","Tên trạm BTS":"Nga-4-Thanh-Tri-BTE","Địa chỉ lắp đặt":"Thạnh Trị, Vĩnh Long","Trạm 3G":"3G","Số giấy chứng nhận kiểm định":null,"Có giá trị đến":"09/10/2029","layer_id":165,"fid":11480,"label":"Viễn thông Vĩnh Long"}},{"type":"Feature","geometry":{"type":"Point","coordinates":[106.71056,10.14671]},"properties":{"Tên doanh nghiệp":"Viễn thông Vĩnh Long","Tên trạm BTS":"Nga-3-De-Dong-BTE","Địa chỉ lắp đặt":"Thạnh Phước, Vĩnh Long","Trạm 3G":"3G","Số giấy chứng nhận kiểm định":"A05280080425TG05","Có giá trị đến":"4/8/30 12:00:00 AM","layer_id":165,"fid":11481,"label":"Viễn thông Vĩnh Long"}},{"type":"Feature","geometry":{"type":"Point","coordinates":[106.54606,10.23128]},"properties":{"Tên doanh nghiệp":"Viễn thông Vĩnh Long","Tên trạm BTS":"Ấp Chợ-TLi","Địa chỉ lắp đặt":"Châu Hưng, Vĩnh Long","Trạm 3G":"3G","Số giấy chứng nhận kiểm định":null,"Có giá trị đến":"10/04/2028","layer_id":165,"fid":11482,"label":"Viễn thông Vĩnh Long"}},{"type":"Feature","geometry":{"type":"Point","coordinates":[106.670635,10.219212]},"properties":{"Tên doanh nghiệp":"Viễn thông Vĩnh Long","Tên trạm BTS":"Giong-Sam-2-BTE","Địa chỉ lắp đặt":"Bình Đại, Vĩnh Long","Trạm 3G":"3G","Số giấy chứng nhận kiểm định":null,"Có giá trị đến":"23/08/2029","layer_id":165,"fid":11483,"label":"Viễn thông Vĩnh Long"}},{"type":"Feature","geometry":{"type":"Point","coordinates":[106.5116,10.2647]},"properties":{"Tên doanh nghiệp":"Viễn thông Vĩnh Long","Tên trạm BTS":"Cong-Vinh-Dien-BTE","Địa chỉ lắp đặt":"Lộc Thuận, Vĩnh Long","Trạm 3G":"3G","Số giấy chứng nhận kiểm định":null,"Có giá trị đến":"09/10/2029","layer_id":165,"fid":11484,"label":"Viễn thông Vĩnh Long"}},{"type":"Feature","geometry":{"type":"Point","coordinates":[106.59401,10.22577]},"properties":{"Tên doanh nghiệp":"Viễn thông Vĩnh Long","Tên trạm BTS":"8 Phước-LTn","Địa chỉ lắp đặt":"Lộc Thuận, Vĩnh Long","Trạm 3G":"3G","Số giấy chứng nhận kiểm định":null,"Có giá trị đến":"23/08/2029","layer_id":165,"fid":11485,"label":"Viễn thông Vĩnh Long"}},{"type":"Feature","geometry":{"type":"Point","coordinates":[106.582457,10.197834]},"properties":{"Tên doanh nghiệp":"Viễn thông Vĩnh Long","Tên trạm BTS":"Giong-Kien-BTE","Địa chỉ lắp đặt":"Thạnh Trị, Vĩnh Long","Trạm 3G":"3G","Số giấy chứng nhận kiểm định":null,"Có giá trị đến":"23/08/2029","layer_id":165,"fid":11487,"label":"Viễn thông Vĩnh Long"}},{"type":"Feature","geometry":{"type":"Point","coordinates":[106.55159,10.25051]},"properties":{"Tên doanh nghiệp":"Viễn thông Vĩnh Long","Tên trạm BTS":"Vang-Quoi-Dong-2-BTE","Địa chỉ lắp đặt":"Lộc Thuận, Vĩnh Long","Trạm 3G":"3G","Số giấy chứng nhận kiểm định":null,"Có giá trị đến":"09/10/2029","layer_id":165,"fid":11488,"label":"Viễn thông Vĩnh Long"}},{"type":"Feature","geometry":{"type":"Point","coordinates":[106.68698,10.19625]},"properties":{"Tên doanh nghiệp":"Viễn thông Vĩnh Long","Tên trạm BTS":"Binh-Hoa-Binh-Dai-BTE","Địa chỉ lắp đặt":"Bình Đại, Vĩnh Long","Trạm 3G":"3G","Số giấy chứng nhận kiểm định":"A16039311025TG05","Có giá trị đến":"10/31/30 12:00:00 AM","layer_id":165,"fid":11489,"label":"Viễn thông Vĩnh Long"}},{"type":"Feature","geometry":{"type":"Point","coordinates":[106.52339,10.22104]},"properties":{"Tên doanh nghiệp":"Viễn thông Vĩnh Long","Tên trạm BTS":"Giong-Xoai-BTE","Địa chỉ lắp đặt":"Châu Hưng, Vĩnh Long","Trạm 3G":"3G","Số giấy chứng nhận kiểm định":null,"Có giá trị đến":"10/04/2028","layer_id":165,"fid":11490,"label":"Viễn thông Vĩnh Long"}},{"type":"Feature","geometry":{"type":"Point","coordinates":[106.54206,10.21531]},"properties":{"Tên doanh nghiệp":"Viễn thông Vĩnh Long","Tên trạm BTS":"Giồng Hổ-TLI","Địa chỉ lắp đặt":"Châu Hưng, Vĩnh Long","Trạm 3G":"3G","Số giấy chứng nhận kiểm định":null,"Có giá trị đến":"10/04/2028","layer_id":165,"fid":11491,"label":"Viễn thông Vĩnh Long"}},{"type":"Feature","geometry":{"type":"Point","coordinates":[106.45832,10.2884]},"properties":{"Tên doanh nghiệp":"Viễn thông Vĩnh Long","Tên trạm BTS":"Dinh-Long-Thanh","Địa chỉ lắp đặt":"Phú Thuận, Vĩnh Long","Trạm 3G":"3G","Số giấy chứng nhận kiểm định":null,"Có giá trị đến":"06/01/2031","layer_id":165,"fid":11492,"label":"Viễn thông Vĩnh Long"}},{"type":"Feature","geometry":{"type":"Point","coordinates":[106.62039,10.17647]},"properties":{"Tên doanh nghiệp":"Viễn thông Vĩnh Long","Tên trạm BTS":"Binh-Phu-Binh-Dai-BTE","Địa chỉ lắp đặt":"Thạnh Trị, Vĩnh Long","Trạm 3G":"3G","Số giấy chứng nhận kiểm định":null,"Có giá trị đến":"10/04/2028","layer_id":165,"fid":11493,"label":"Viễn thông Vĩnh Long"}},{"type":"Feature","geometry":{"type":"Point","coordinates":[106.60154,10.2368]},"properties":{"Tên doanh nghiệp":"Viễn thông Vĩnh Long","Tên trạm BTS":"Cho-Ngoai-BTE","Địa chỉ lắp đặt":"Lộc Thuận, Vĩnh Long","Trạm 3G":"3G","Số giấy chứng nhận kiểm định":null,"Có giá trị đến":"10/04/2028","layer_id":165,"fid":11494,"label":"Viễn thông Vĩnh Long"}},{"type":"Feature","geometry":{"type":"Point","coordinates":[106.73821,10.17338]},"properties":{"Tên doanh nghiệp":"Viễn thông Vĩnh Long","Tên trạm BTS":"Don-Bien-Phong-BTE","Địa chỉ lắp đặt":"Thới Thuận, Vĩnh Long","Trạm 3G":"3G","Số giấy chứng nhận kiểm định":null,"Có giá trị đến":"23/08/2029","layer_id":165,"fid":11495,"label":"Viễn thông Vĩnh Long"}},{"type":"Feature","geometry":{"type":"Point","coordinates":[106.63678,10.14562]},"properties":{"Tên doanh nghiệp":"Viễn thông Vĩnh Long","Tên trạm BTS":"Cong-Ba-Lai-BTE","Địa chỉ lắp đặt":"Thạnh Trị, Vĩnh Long","Trạm 3G":"3G","Số giấy chứng nhận kiểm định":null,"Có giá trị đến":"09/10/2029","layer_id":165,"fid":11496,"label":"Viễn thông Vĩnh Long"}},{"type":"Feature","geometry":{"type":"Point","coordinates":[106.71119,10.07153]},"properties":{"Tên doanh nghiệp":"Viễn thông Vĩnh Long","Tên trạm BTS":"Chin-Lap-BTE","Địa chỉ lắp đặt":"Thạnh Phước, Vĩnh Long","Trạm 3G":"3G","Số giấy chứng nhận kiểm định":"A34172301121TG05","Có giá trị đến":"30/11/2026","layer_id":165,"fid":11497,"label":"Viễn thông Vĩnh Long"}},{"type":"Feature","geometry":{"type":"Point","coordinates":[106.53286,10.24522]},"properties":{"Tên doanh nghiệp":"Viễn thông Vĩnh Long","Tên trạm BTS":"Bé 4-VQT","Địa chỉ lắp đặt":"Lộc Thuận, Vĩnh Long","Trạm 3G":"3G","Số giấy chứng nhận kiểm định":null,"Có giá trị đến":"10/04/2028","layer_id":165,"fid":11498,"label":"Viễn thông Vĩnh Long"}},{"type":"Feature","geometry":{"type":"Point","coordinates":[106.59962,10.19107]},"properties":{"Tên doanh nghiệp":"Viễn thông Vĩnh Long","Tên trạm BTS":"Rach-Gua-BTE","Địa chỉ lắp đặt":"Thạnh Trị, Vĩnh Long","Trạm 3G":"3G","Số giấy chứng nhận kiểm định":"A05281080425TG05","Có giá trị đến":"4/8/30 12:00:00 AM","layer_id":165,"fid":11499,"label":"Viễn thông Vĩnh Long"}},{"type":"Feature","geometry":{"type":"Point","coordinates":[106.76581,10.14165]},"properties":{"Tên doanh nghiệp":"Viễn thông Vĩnh Long","Tên trạm BTS":"Thua-Duc-2-BTE","Địa chỉ lắp đặt":"Thới Thuận, Vĩnh Long","Trạm 3G":"3G","Số giấy chứng nhận kiểm định":null,"Có giá trị đến":"09/10/2029","layer_id":165,"fid":11500,"label":"Viễn thông Vĩnh Long"}},{"type":"Feature","geometry":{"type":"Point","coordinates":[106.47829,10.26229]},"properties":{"Tên doanh nghiệp":"Viễn thông Vĩnh Long","Tên trạm BTS":"Huynh-Tan-Phat-BTE","Địa chỉ lắp đặt":"Phú Thuận, Vĩnh Long","Trạm 3G":"3G","Số giấy chứng nhận kiểm định":null,"Có giá trị đến":"05/10/2026","layer_id":165,"fid":11501,"label":"Viễn thông Vĩnh Long"}},{"type":"Feature","geometry":{"type":"Point","coordinates":[106.70487,10.04489]},"properties":{"Tên doanh nghiệp":"Viễn thông Vĩnh Long","Tên trạm BTS":"Thoi-Thuan-Bien-BTE","Địa chỉ lắp đặt":"Thới Thuận, Vĩnh Long","Trạm 3G":"3G","Số giấy chứng nhận kiểm định":null,"Có giá trị đến":"23/08/2029","layer_id":165,"fid":11502,"label":"Viễn thông Vĩnh Long"}},{"type":"Feature","geometry":{"type":"Point","coordinates":[106.72248,10.05704]},"properties":{"Tên doanh nghiệp":"Viễn thông Vĩnh Long","Tên trạm BTS":"Thoi-Thuan-BTE","Địa chỉ lắp đặt":"Thới Thuận, Vĩnh Long","Trạm 3G":"3G","Số giấy chứng nhận kiểm định":"A05278080425TG05","Có giá trị đến":"4/8/30 12:00:00 AM","layer_id":165,"fid":11503,"label":"Viễn thông Vĩnh Long"}},{"type":"Feature","geometry":{"type":"Point","coordinates":[106.663998,10.179708]},"properties":{"Tên doanh nghiệp":"Viễn thông Vĩnh Long","Tên trạm BTS":"Thanh-Tri-BTE","Địa chỉ lắp đặt":"Thạnh Trị, Vĩnh Long","Trạm 3G":"3G","Số giấy chứng nhận kiểm định":null,"Có giá trị đến":"10/04/2028","layer_id":165,"fid":11504,"label":"Viễn thông Vĩnh Long"}},{"type":"Feature","geometry":{"type":"Point","coordinates":[106.611725,10.212423]},"properties":{"Tên doanh nghiệp":"Viễn thông Vĩnh Long","Tên trạm BTS":"Ben-Cat-BTE","Địa chỉ lắp đặt":"Thạnh Trị, Vĩnh Long","Trạm 3G":"3G","Số giấy chứng nhận kiểm định":null,"Có giá trị đến":"10/04/2028","layer_id":165,"fid":11505,"label":"Viễn thông Vĩnh Long"}},{"type":"Feature","geometry":{"type":"Point","coordinates":[106.45881,10.27465]},"properties":{"Tên doanh nghiệp":"Viễn thông Vĩnh Long","Tên trạm BTS":"Long-Hoa-BTE","Địa chỉ lắp đặt":"Châu Hưng, Vĩnh Long","Trạm 3G":"3G","Số giấy chứng nhận kiểm định":"A05284080425TG05","Có giá trị đến":"4/8/30 12:00:00 AM","layer_id":165,"fid":11506,"label":"Viễn thông Vĩnh Long"}},{"type":"Feature","geometry":{"type":"Point","coordinates":[106.681499,10.184799]},"properties":{"Tên doanh nghiệp":"Viễn thông Vĩnh Long","Tên trạm BTS":"Mac-Mieu-2-BTE","Địa chỉ lắp đặt":"Thạnh Phước, Vĩnh Long","Trạm 3G":"3G","Số giấy chứng nhận kiểm định":null,"Có giá trị đến":"23/08/2029","layer_id":165,"fid":11507,"label":"Viễn thông Vĩnh Long"}},{"type":"Feature","geometry":{"type":"Point","coordinates":[106.19189,9.83681]},"properties":{"Tên doanh nghiệp":"Viễn thông Vĩnh Long","Tên trạm BTS":"CAU-BA-LANH_TVH","Địa chỉ lắp đặt":" ấp Tân Đại, Xã Tập Ngãi, Tỉnh Vĩnh Long","Trạm 3G":"3G","Số giấy chứng nhận kiểm định":null,"Có giá trị đến":"09/06/2030","layer_id":165,"fid":11508,"label":"Viễn thông Vĩnh Long"}},{"type":"Feature","geometry":{"type":"Point","coordinates":[106.23103,9.90519]},"properties":{"Tên doanh nghiệp":"Viễn thông Vĩnh Long","Tên trạm BTS":"TRA-ON_TVH","Địa chỉ lắp đặt":"Xã Tân An, Tỉnh Vĩnh Long","Trạm 3G":"3G","Số giấy chứng nhận kiểm định":null,"Có giá trị đến":"14/11/2029","layer_id":165,"fid":11509,"label":"Viễn thông Vĩnh Long"}},{"type":"Feature","geometry":{"type":"Point","coordinates":[106.06364,9.87693]},"properties":{"Tên doanh nghiệp":"Viễn thông Vĩnh Long","Tên trạm BTS":"GIONG-LON_TVH","Địa chỉ lắp đặt":"Ấp Giồng Lớn, Xã Cầu Kè, Tỉnh Vĩnh Long","Trạm 3G":"3G","Số giấy chứng nhận kiểm định":null,"Có giá trị đến":"09/06/2030","layer_id":165,"fid":11510,"label":"Viễn thông Vĩnh Long"}},{"type":"Feature","geometry":{"type":"Point","coordinates":[106.15117,9.85838]},"properties":{"Tên doanh nghiệp":"Viễn thông Vĩnh Long","Tên trạm BTS":"XOM-GIUA_TVH","Địa chỉ lắp đặt":"ấp Xóm Giữa, Xã Cầu Kè, Tỉnh Vĩnh Long","Trạm 3G":"3G","Số giấy chứng nhận kiểm định":null,"Có giá trị đến":"09/06/2030","layer_id":165,"fid":11511,"label":"Viễn thông Vĩnh Long"}},{"type":"Feature","geometry":{"type":"Point","coordinates":[106.03118,9.85481]},"properties":{"Tên doanh nghiệp":"Viễn thông Vĩnh Long","Tên trạm BTS":"HOA-TAN_TVH","Địa chỉ lắp đặt":"Tang 1,BDVHX Hoa Tan,Ap Chong No 3-Xã An Phú Tân, Tỉnh Vĩnh Long","Trạm 3G":"3G","Số giấy chứng nhận kiểm định":"A16208181224TG05","Có giá trị đến":"12/18/29 12:00:00 AM","layer_id":165,"fid":11512,"label":"Viễn thông Vĩnh Long"}},{"type":"Feature","geometry":{"type":"Point","coordinates":[105.97291,9.90657]},"properties":{"Tên doanh nghiệp":"Viễn thông Vĩnh Long","Tên trạm BTS":"TAN-QUY_TVH","Địa chỉ lắp đặt":"Ấp Tân Quy, Xã An Phú Tân, Tỉnh Vĩnh Long","Trạm 3G":"3G","Số giấy chứng nhận kiểm định":null,"Có giá trị đến":"14/11/2029","layer_id":165,"fid":11513,"label":"Viễn thông Vĩnh Long"}},{"type":"Feature","geometry":{"type":"Point","coordinates":[106.02365,9.90071]},"properties":{"Tên doanh nghiệp":"Viễn thông Vĩnh Long","Tên trạm BTS":"GIONG-NOI_TVH","Địa chỉ lắp đặt":"ấp Ngọc Hồ, Xã Tam Ngãi, Tỉnh Vĩnh Long","Trạm 3G":"3G","Số giấy chứng nhận kiểm định":null,"Có giá trị đến":"14/11/2029","layer_id":165,"fid":11514,"label":"Viễn thông Vĩnh Long"}},{"type":"Feature","geometry":{"type":"Point","coordinates":[106.13343,9.92132]},"properties":{"Tên doanh nghiệp":"Viễn thông Vĩnh Long","Tên trạm BTS":"AP-4-THANH-PHU_TVH","Địa chỉ lắp đặt":"Ấp 4, Xã Tam Ngãi, Tỉnh Vĩnh Long","Trạm 3G":"3G","Số giấy chứng nhận kiểm định":"A08297290321TG05","Có giá trị đến":"3/29/26 12:00:00 AM","layer_id":165,"fid":11515,"label":"Viễn thông Vĩnh Long"}},{"type":"Feature","geometry":{"type":"Point","coordinates":[106.07446,9.89507]},"properties":{"Tên doanh nghiệp":"Viễn thông Vĩnh Long","Tên trạm BTS":"THONG-THAO_TVH","Địa chỉ lắp đặt":"Ấp thông thảo-Xã Cầu Kè, Tỉnh Vĩnh Long","Trạm 3G":"3G","Số giấy chứng nhận kiểm định":null,"Có giá trị đến":"14/11/2029","layer_id":165,"fid":11516,"label":"Viễn thông Vĩnh Long"}},{"type":"Feature","geometry":{"type":"Point","coordinates":[106.26361,9.81102]},"properties":{"Tên doanh nghiệp":"Viễn thông Vĩnh Long","Tên trạm BTS":"TAP-NGAI_TVH","Địa chỉ lắp đặt":"Ấp Ngãi Trung, Xã Tập Ngãi, Tỉnh Vĩnh Long","Trạm 3G":"3G","Số giấy chứng nhận kiểm định":null,"Có giá trị đến":"17/03/2028","layer_id":165,"fid":11517,"label":"Viễn thông Vĩnh Long"}},{"type":"Feature","geometry":{"type":"Point","coordinates":[106.24258,9.91588]},"properties":{"Tên doanh nghiệp":"Viễn thông Vĩnh Long","Tên trạm BTS":"BINH-HOI_TVH","Địa chỉ lắp đặt":"ấp Bình Hội, Xã Tân An, Tỉnh Vĩnh Long","Trạm 3G":"3G","Số giấy chứng nhận kiểm định":null,"Có giá trị đến":"17/03/2028","layer_id":165,"fid":11518,"label":"Viễn thông Vĩnh Long"}},{"type":"Feature","geometry":{"type":"Point","coordinates":[106.08663,9.83869]},"properties":{"Tên doanh nghiệp":"Viễn thông Vĩnh Long","Tên trạm BTS":"CHO-PHO_TVH","Địa chỉ lắp đặt":"Ấp Chợ Phố, Xã Phong Thạnh, Tỉnh Vĩnh Long","Trạm 3G":"3G","Số giấy chứng nhận kiểm định":null,"Có giá trị đến":"14/11/2029","layer_id":165,"fid":11519,"label":"Viễn thông Vĩnh Long"}},{"type":"Feature","geometry":{"type":"Point","coordinates":[106.10194,9.77879]},"properties":{"Tên doanh nghiệp":"Viễn thông Vĩnh Long","Tên trạm BTS":"XEO-CAN_TVH","Địa chỉ lắp đặt":"Ấp Xẻo Cạn, Xã Phong Thạnh, Tỉnh Vĩnh Long","Trạm 3G":"3G","Số giấy chứng nhận kiểm định":null,"Có giá trị đến":"17/03/2028","layer_id":165,"fid":11520,"label":"Viễn thông Vĩnh Long"}},{"type":"Feature","geometry":{"type":"Point","coordinates":[106.10187,9.90167]},"properties":{"Tên doanh nghiệp":"Viễn thông Vĩnh Long","Tên trạm BTS":"TRA-OP_TVH","Địa chỉ lắp đặt":"Ấp Trà Ốp, Xã Tam Ngãi, Tỉnh Vĩnh Long","Trạm 3G":"3G","Số giấy chứng nhận kiểm định":null,"Có giá trị đến":"14/11/2029","layer_id":165,"fid":11521,"label":"Viễn thông Vĩnh Long"}},{"type":"Feature","geometry":{"type":"Point","coordinates":[106.01598,9.87647]},"properties":{"Tên doanh nghiệp":"Viễn thông Vĩnh Long","Tên trạm BTS":"AN-PHU-TAN_TVH","Địa chỉ lắp đặt":"Tầng 1, BD xã, ấp An Trại, Xã An Phú Tân, Tỉnh Vĩnh Long","Trạm 3G":"3G","Số giấy chứng nhận kiểm định":"A08295290321TG05","Có giá trị đến":"3/29/26 12:00:00 AM","layer_id":165,"fid":11522,"label":"Viễn thông Vĩnh Long"}},{"type":"Feature","geometry":{"type":"Point","coordinates":[106.02016,9.91943]},"properties":{"Tên doanh nghiệp":"Viễn thông Vĩnh Long","Tên trạm BTS":"BUNG-LON_TVH","Địa chỉ lắp đặt":"103 Ấp Bưng Lớn B, Xã Tam Ngãi, Tỉnh Vĩnh Long","Trạm 3G":"3G","Số giấy chứng nhận kiểm định":null,"Có giá trị đến":"09/06/2030","layer_id":165,"fid":11523,"label":"Viễn thông Vĩnh Long"}},{"type":"Feature","geometry":{"type":"Point","coordinates":[106.15366,9.99765]},"properties":{"Tên doanh nghiệp":"Viễn thông Vĩnh Long","Tên trạm BTS":"LO-CO-C_TVH","Địa chỉ lắp đặt":"Ấp Lo Co C, Xã An Trường, Tỉnh Vĩnh Long","Trạm 3G":"3G","Số giấy chứng nhận kiểm định":null,"Có giá trị đến":"14/11/2029","layer_id":165,"fid":11524,"label":"Viễn thông Vĩnh Long"}},{"type":"Feature","geometry":{"type":"Point","coordinates":[106.11256,9.93745]},"properties":{"Tên doanh nghiệp":"Viễn thông Vĩnh Long","Tên trạm BTS":"THANH-PHU_TVH","Địa chỉ lắp đặt":"Trạm VT Thạnh Phú, Ấp 3, Xã Tam Ngãi, Tỉnh Vĩnh Long","Trạm 3G":"3G","Số giấy chứng nhận kiểm định":"A12104220725TG05","Có giá trị đến":"7/22/30 12:00:00 AM","layer_id":165,"fid":11525,"label":"Viễn thông Vĩnh Long"}},{"type":"Feature","geometry":{"type":"Point","coordinates":[106.20099,9.97993]},"properties":{"Tên doanh nghiệp":"Viễn thông Vĩnh Long","Tên trạm BTS":"NGA-3-MY-HUE_TVH","Địa chỉ lắp đặt":"Khom 6, Xã Càng Long, Tỉnh Vĩnh Long","Trạm 3G":"3G","Số giấy chứng nhận kiểm định":null,"Có giá trị đến":"14/11/2029","layer_id":165,"fid":11526,"label":"Viễn thông Vĩnh Long"}},{"type":"Feature","geometry":{"type":"Point","coordinates":[106.18954,9.96376]},"properties":{"Tên doanh nghiệp":"Viễn thông Vĩnh Long","Tên trạm BTS":"AP-5-CANG-LONG_TVH","Địa chỉ lắp đặt":"ấp 5, Xã An Trường, Tỉnh Vĩnh Long","Trạm 3G":"3G","Số giấy chứng nhận kiểm định":null,"Có giá trị đến":"14/11/2029","layer_id":165,"fid":11527,"label":"Viễn thông Vĩnh Long"}},{"type":"Feature","geometry":{"type":"Point","coordinates":[106.06436,9.84338]},"properties":{"Tên doanh nghiệp":"Viễn thông Vĩnh Long","Tên trạm BTS":"RUM-SOC_TVH","Địa chỉ lắp đặt":"Ấp Rùm Sóc, Xã An Phú Tân, Tỉnh Vĩnh Long","Trạm 3G":"3G","Số giấy chứng nhận kiểm định":null,"Có giá trị đến":"14/11/2029","layer_id":165,"fid":11528,"label":"Viễn thông Vĩnh Long"}},{"type":"Feature","geometry":{"type":"Point","coordinates":[106.23299,10.03124]},"properties":{"Tên doanh nghiệp":"Viễn thông Vĩnh Long","Tên trạm BTS":"HIEP-PHU_TVH","Địa chỉ lắp đặt":"BĐ VHX Nhị Long Phú Ấp Hiệp Phú, Xã Càng Long, Tỉnh Vĩnh Long","Trạm 3G":"3G","Số giấy chứng nhận kiểm định":null,"Có giá trị đến":"14/11/2029","layer_id":165,"fid":11529,"label":"Viễn thông Vĩnh Long"}},{"type":"Feature","geometry":{"type":"Point","coordinates":[106.20638,10.00796]},"properties":{"Tên doanh nghiệp":"Viễn thông Vĩnh Long","Tên trạm BTS":"CAU-MAY-TUC_TVH","Địa chỉ lắp đặt":"Khóm 2, Xã Càng Long, Tỉnh Vĩnh Long","Trạm 3G":"3G","Số giấy chứng nhận kiểm định":null,"Có giá trị đến":"14/11/2029","layer_id":165,"fid":11530,"label":"Viễn thông Vĩnh Long"}},{"type":"Feature","geometry":{"type":"Point","coordinates":[106.19461,10.01795]},"properties":{"Tên doanh nghiệp":"Viễn thông Vĩnh Long","Tên trạm BTS":"AP-3-CANG-LONG_TVH","Địa chỉ lắp đặt":"Trệt, ấp 3, Xã Càng Long, Tỉnh Vĩnh Long","Trạm 3G":"3G","Số giấy chứng nhận kiểm định":"A10369310723TG05","Có giá trị đến":"7/31/28 12:00:00 AM","layer_id":165,"fid":11531,"label":"Viễn thông Vĩnh Long"}},{"type":"Feature","geometry":{"type":"Point","coordinates":[106.13301,9.96543]},"properties":{"Tên doanh nghiệp":"Viễn thông Vĩnh Long","Tên trạm BTS":"AP-9A-CANG-LONG_TVH","Địa chỉ lắp đặt":"Ấp 9, Xã An Trường, Tỉnh Vĩnh Long","Trạm 3G":"3G","Số giấy chứng nhận kiểm định":null,"Có giá trị đến":"14/11/2029","layer_id":165,"fid":11532,"label":"Viễn thông Vĩnh Long"}},{"type":"Feature","geometry":{"type":"Point","coordinates":[106.08001,9.79742]},"properties":{"Tên doanh nghiệp":"Viễn thông Vĩnh Long","Tên trạm BTS":"NINH-THOI_TVH","Địa chỉ lắp đặt":"BĐ ấp Mỹ Văn, Xã Phong Thạnh, Tỉnh Vĩnh Long","Trạm 3G":"3G","Số giấy chứng nhận kiểm định":null,"Có giá trị đến":"14/11/2029","layer_id":165,"fid":11533,"label":"Viễn thông Vĩnh Long"}},{"type":"Feature","geometry":{"type":"Point","coordinates":[106.15778,9.93325]},"properties":{"Tên doanh nghiệp":"Viễn thông Vĩnh Long","Tên trạm BTS":"DINH-CAU_TVH","Địa chỉ lắp đặt":"ẤP ĐỊNH CẦU Xã An Trường, Tỉnh Vĩnh Long","Trạm 3G":"3G","Số giấy chứng nhận kiểm định":null,"Có giá trị đến":"14/11/2029","layer_id":165,"fid":11534,"label":"Viễn thông Vĩnh Long"}},{"type":"Feature","geometry":{"type":"Point","coordinates":[106.1726,9.9106]},"properties":{"Tên doanh nghiệp":"Viễn thông Vĩnh Long","Tên trạm BTS":"DAI-AN-TAN-AN_TVH","Địa chỉ lắp đặt":"ấp Đại An, Xã Tân An, Tỉnh Vĩnh Long","Trạm 3G":"3G","Số giấy chứng nhận kiểm định":null,"Có giá trị đến":"09/06/2030","layer_id":165,"fid":11535,"label":"Viễn thông Vĩnh Long"}},{"type":"Feature","geometry":{"type":"Point","coordinates":[106.06456,9.86484]},"properties":{"Tên doanh nghiệp":"Viễn thông Vĩnh Long","Tên trạm BTS":"KHOM-5-CAU-KE","Địa chỉ lắp đặt":"khóm 7, Xã Cầu Kè, Tỉnh Vĩnh Long","Trạm 3G":"3G","Số giấy chứng nhận kiểm định":null,"Có giá trị đến":"09/06/2030","layer_id":165,"fid":11536,"label":"Viễn thông Vĩnh Long"}},{"type":"Feature","geometry":{"type":"Point","coordinates":[106.15337,9.91013]},"properties":{"Tên doanh nghiệp":"Viễn thông Vĩnh Long","Tên trạm BTS":"TAN-AN_TVH","Địa chỉ lắp đặt":"Bưu cục Tân An, Xã Tân An, Tỉnh Vĩnh Long","Trạm 3G":"3G","Số giấy chứng nhận kiểm định":"A10370310723TG05","Có giá trị đến":"7/31/28 12:00:00 AM","layer_id":165,"fid":11537,"label":"Viễn thông Vĩnh Long"}},{"type":"Feature","geometry":{"type":"Point","coordinates":[106.09601,9.81078]},"properties":{"Tên doanh nghiệp":"Viễn thông Vĩnh Long","Tên trạm BTS":"CHUA-MY-VAN_TVH","Địa chỉ lắp đặt":"Tầng trệt, Số 05, Ấp 4, Xã Phong Thạnh, Tỉnh Vĩnh Long","Trạm 3G":"3G","Số giấy chứng nhận kiểm định":"A12118220725TG05","Có giá trị đến":"7/22/30 12:00:00 AM","layer_id":165,"fid":11538,"label":"Viễn thông Vĩnh Long"}},{"type":"Feature","geometry":{"type":"Point","coordinates":[106.07741,9.86341]},"properties":{"Tên doanh nghiệp":"Viễn thông Vĩnh Long","Tên trạm BTS":"CAU-KE-2_TVH","Địa chỉ lắp đặt":"Khóm 8, Xã Cầu Kè, Tỉnh Vĩnh Long","Trạm 3G":"3G","Số giấy chứng nhận kiểm định":"A12117220725TG05","Có giá trị đến":"7/22/30 12:00:00 AM","layer_id":165,"fid":11539,"label":"Viễn thông Vĩnh Long"}},{"type":"Feature","geometry":{"type":"Point","coordinates":[106.22401,9.87403]},"properties":{"Tên doanh nghiệp":"Viễn thông Vĩnh Long","Tên trạm BTS":"LO-NGO_TVH","Địa chỉ lắp đặt":"Tầng trệt, Ấp Lò Ngò,Xã Tập Ngãi, Tỉnh Vĩnh Long","Trạm 3G":"3G","Số giấy chứng nhận kiểm định":null,"Có giá trị đến":"14/11/2029","layer_id":165,"fid":11540,"label":"Viễn thông Vĩnh Long"}},{"type":"Feature","geometry":{"type":"Point","coordinates":[106.12303,9.84088]},"properties":{"Tên doanh nghiệp":"Viễn thông Vĩnh Long","Tên trạm BTS":"PHONG-THANH_TVH","Địa chỉ lắp đặt":"BC Phong Thạnh, Xã Phong Thạnh, Tỉnh Vĩnh Long","Trạm 3G":"3G","Số giấy chứng nhận kiểm định":"A13797030326TG05","Có giá trị đến":"3/3/31 12:00:00 AM","layer_id":165,"fid":11541,"label":"Viễn thông Vĩnh Long"}},{"type":"Feature","geometry":{"type":"Point","coordinates":[106.19386,9.91848]},"properties":{"Tên doanh nghiệp":"Viễn thông Vĩnh Long","Tên trạm BTS":"KINH-B_TVH","Địa chỉ lắp đặt":"ấp Kinh B, Xã Tân An, Tỉnh Vĩnh Long","Trạm 3G":"3G","Số giấy chứng nhận kiểm định":"A08302290321TG05","Có giá trị đến":"3/29/26 12:00:00 AM","layer_id":165,"fid":11542,"label":"Viễn thông Vĩnh Long"}},{"type":"Feature","geometry":{"type":"Point","coordinates":[106.06288,9.89416]},"properties":{"Tên doanh nghiệp":"Viễn thông Vĩnh Long","Tên trạm BTS":"BA-MI-HOA-AN_TVH","Địa chỉ lắp đặt":"Ấp Bà My, Xã Cầu Kè, Tỉnh Vĩnh Long","Trạm 3G":"3G","Số giấy chứng nhận kiểm định":null,"Có giá trị đến":"17/03/2028","layer_id":165,"fid":11543,"label":"Viễn thông Vĩnh Long"}},{"type":"Feature","geometry":{"type":"Point","coordinates":[105.98863,9.88968]},"properties":{"Tên doanh nghiệp":"Viễn thông Vĩnh Long","Tên trạm BTS":"TAN-QUI-2_TVH","Địa chỉ lắp đặt":"Số 353, Tổ 5, Ấp Tân Qui 2,Xã An Phú Tân, Tỉnh Vĩnh Long","Trạm 3G":"3G","Số giấy chứng nhận kiểm định":"A02783180225TG05","Có giá trị đến":"2/18/30 12:00:00 AM","layer_id":165,"fid":11544,"label":"Viễn thông Vĩnh Long"}},{"type":"Feature","geometry":{"type":"Point","coordinates":[106.22934,9.92596]},"properties":{"Tên doanh nghiệp":"Viễn thông Vĩnh Long","Tên trạm BTS":"HUYEN-HOI_TVH","Địa chỉ lắp đặt":"Ấp Lưu Tư,Xã Tân An, Tỉnh Vĩnh Long","Trạm 3G":"3G","Số giấy chứng nhận kiểm định":null,"Có giá trị đến":"14/11/2029","layer_id":165,"fid":11545,"label":"Viễn thông Vĩnh Long"}},{"type":"Feature","geometry":{"type":"Point","coordinates":[106.06362,9.81363]},"properties":{"Tên doanh nghiệp":"Viễn thông Vĩnh Long","Tên trạm BTS":"CONG-4-TRANG_TVH","Địa chỉ lắp đặt":"Ấp Trà Điêu, Xã Phong Thạnh, Tỉnh Vĩnh Long","Trạm 3G":"3G","Số giấy chứng nhận kiểm định":"A12115220725TG05","Có giá trị đến":"7/22/30 12:00:00 AM","layer_id":165,"fid":11546,"label":"Viễn thông Vĩnh Long"}},{"type":"Feature","geometry":{"type":"Point","coordinates":[106.03297,9.87741]},"properties":{"Tên doanh nghiệp":"Viễn thông Vĩnh Long","Tên trạm BTS":"DAP-ONG-RAU_TVH","Địa chỉ lắp đặt":"Ấp Hòa An, Xã An Phú Tân, Tỉnh Vĩnh Long","Trạm 3G":"3G","Số giấy chứng nhận kiểm định":null,"Có giá trị đến":"14/11/2029","layer_id":165,"fid":11547,"label":"Viễn thông Vĩnh Long"}},{"type":"Feature","geometry":{"type":"Point","coordinates":[106.04749,9.83428]},"properties":{"Tên doanh nghiệp":"Viễn thông Vĩnh Long","Tên trạm BTS":"XOM-RAY_TVH","Địa chỉ lắp đặt":"Tầng trệt, Ấp Hội, Xã An Phú Tân, Tỉnh Vĩnh Long","Trạm 3G":"3G","Số giấy chứng nhận kiểm định":"A12105220725TG05","Có giá trị đến":"7/22/30 12:00:00 AM","layer_id":165,"fid":11548,"label":"Viễn thông Vĩnh Long"}},{"type":"Feature","geometry":{"type":"Point","coordinates":[106.20612,9.85768]},"properties":{"Tên doanh nghiệp":"Viễn thông Vĩnh Long","Tên trạm BTS":"HIEU-TU_TVH","Địa chỉ lắp đặt":"Ấp Tân Đại, Xã Tập Ngãi, Tỉnh Vĩnh Long","Trạm 3G":"3G","Số giấy chứng nhận kiểm định":"A15678131224TG05","Có giá trị đến":"12/13/29 12:00:00 AM","layer_id":165,"fid":11549,"label":"Viễn thông Vĩnh Long"}},{"type":"Feature","geometry":{"type":"Point","coordinates":[106.04543,9.89814]},"properties":{"Tên doanh nghiệp":"Viễn thông Vĩnh Long","Tên trạm BTS":"TAM-NGAI_TVH","Địa chỉ lắp đặt":"Tầng 1, BD Tam Ngãi, ấp Trà My, Xã Tam Ngãi, Tỉnh Vĩnh Long","Trạm 3G":"3G","Số giấy chứng nhận kiểm định":null,"Có giá trị đến":"14/11/2029","layer_id":165,"fid":11550,"label":"Viễn thông Vĩnh Long"}},{"type":"Feature","geometry":{"type":"Point","coordinates":[106.16201,9.88419]},"properties":{"Tên doanh nghiệp":"Viễn thông Vĩnh Long","Tên trạm BTS":"NHA-THO_TVH","Địa chỉ lắp đặt":"Ấp Nhà Thờ, Xã Tân An, Tỉnh Vĩnh Long","Trạm 3G":"3G","Số giấy chứng nhận kiểm định":null,"Có giá trị đến":"30/09/2029","layer_id":165,"fid":11551,"label":"Viễn thông Vĩnh Long"}},{"type":"Feature","geometry":{"type":"Point","coordinates":[106.24282,9.81081]},"properties":{"Tên doanh nghiệp":"Viễn thông Vĩnh Long","Tên trạm BTS":"NGAI-HOA_TVH","Địa chỉ lắp đặt":"Ấp Ngãi Hòa, Xã Tập Ngãi, Tỉnh Vĩnh Long","Trạm 3G":"3G","Số giấy chứng nhận kiểm định":null,"Có giá trị đến":"14/11/2029","layer_id":165,"fid":11552,"label":"Viễn thông Vĩnh Long"}},{"type":"Feature","geometry":{"type":"Point","coordinates":[106.11049,9.87624]},"properties":{"Tên doanh nghiệp":"Viễn thông Vĩnh Long","Tên trạm BTS":"O-ROM_TVH","Địa chỉ lắp đặt":"Tầng 1,tram viễn thông Ô Ròm-Xã Cầu Kè, Tỉnh Vĩnh Long","Trạm 3G":"3G","Số giấy chứng nhận kiểm định":null,"Có giá trị đến":"14/11/2029","layer_id":165,"fid":11553,"label":"Viễn thông Vĩnh Long"}},{"type":"Feature","geometry":{"type":"Point","coordinates":[106.21752,9.91292]},"properties":{"Tên doanh nghiệp":"Viễn thông Vĩnh Long","Tên trạm BTS":"GIONG-BEN_TVH","Địa chỉ lắp đặt":"ấp Giồng Bèn, Xã Tân An, Tỉnh Vĩnh Long","Trạm 3G":"3G","Số giấy chứng nhận kiểm định":null,"Có giá trị đến":"17/03/2028","layer_id":165,"fid":11554,"label":"Viễn thông Vĩnh Long"}},{"type":"Feature","geometry":{"type":"Point","coordinates":[106.047465,9.862713]},"properties":{"Tên doanh nghiệp":"Viễn thông Vĩnh Long","Tên trạm BTS":"CHONG-NO_TVH","Địa chỉ lắp đặt":"Ấp Chông Nô, Xã An Phú Tân, Tỉnh Vĩnh Long","Trạm 3G":"3G","Số giấy chứng nhận kiểm định":null,"Có giá trị đến":"17/03/2028","layer_id":165,"fid":11555,"label":"Viễn thông Vĩnh Long"}},{"type":"Feature","geometry":{"type":"Point","coordinates":[106.21901,9.81911]},"properties":{"Tên doanh nghiệp":"Viễn thông Vĩnh Long","Tên trạm BTS":"O-XAY_TVH","Địa chỉ lắp đặt":"Ấp Ông Xây, Xã Tập Ngãi, Tỉnh Vĩnh Long","Trạm 3G":"3G","Số giấy chứng nhận kiểm định":null,"Có giá trị đến":"17/03/2028","layer_id":165,"fid":11556,"label":"Viễn thông Vĩnh Long"}},{"type":"Feature","geometry":{"type":"Point","coordinates":[106.07695,9.92962]},"properties":{"Tên doanh nghiệp":"Viễn thông Vĩnh Long","Tên trạm BTS":"THONG-HOA_TVH","Địa chỉ lắp đặt":"ấp Trà Mẹt TRẠM VT Thông Hòa,Xã Tam Ngãi, Tỉnh Vĩnh Long","Trạm 3G":"3G","Số giấy chứng nhận kiểm định":"A15679131224TG05","Có giá trị đến":"12/13/29 12:00:00 AM","layer_id":165,"fid":11557,"label":"Viễn thông Vĩnh Long"}},{"type":"Feature","geometry":{"type":"Point","coordinates":[106.09626,9.84846]},"properties":{"Tên doanh nghiệp":"Viễn thông Vĩnh Long","Tên trạm BTS":"KINH-XANG_TVH","Địa chỉ lắp đặt":"Ấp Kinh Xáng, Xã Phong Thạnh, Tỉnh Vĩnh Long","Trạm 3G":"3G","Số giấy chứng nhận kiểm định":null,"Có giá trị đến":"17/03/2028","layer_id":165,"fid":11558,"label":"Viễn thông Vĩnh Long"}},{"type":"Feature","geometry":{"type":"Point","coordinates":[106.17275,9.94634]},"properties":{"Tên doanh nghiệp":"Viễn thông Vĩnh Long","Tên trạm BTS":"AN-TRUONG_TVH","Địa chỉ lắp đặt":"Trạm VT An Trường, Ấp 7A, Xã An Trường, Tỉnh Vĩnh Long","Trạm 3G":"3G","Số giấy chứng nhận kiểm định":"A14357221124TG05","Có giá trị đến":"11/22/29 12:00:00 AM","layer_id":165,"fid":11559,"label":"Viễn thông Vĩnh Long"}},{"type":"Feature","geometry":{"type":"Point","coordinates":[106.20464,9.99496]},"properties":{"Tên doanh nghiệp":"Viễn thông Vĩnh Long","Tên trạm BTS":"CANG-LONG_TVH","Địa chỉ lắp đặt":"VT Càng Long, Xã Càng Long, Tỉnh Vĩnh Long","Trạm 3G":"3G","Số giấy chứng nhận kiểm định":"A16233311025TG05","Có giá trị đến":"10/31/30 12:00:00 AM","layer_id":165,"fid":11560,"label":"Viễn thông Vĩnh Long"}},{"type":"Feature","geometry":{"type":"Point","coordinates":[106.16993,10.01972]},"properties":{"Tên doanh nghiệp":"Viễn thông Vĩnh Long","Tên trạm BTS":"MY-CAM_TVH","Địa chỉ lắp đặt":"Tầng 1, BD Mỹ Cầm, ấp số 4 Xã Càng Long, Tỉnh Vĩnh Long","Trạm 3G":"3G","Số giấy chứng nhận kiểm định":null,"Có giá trị đến":"14/11/2029","layer_id":165,"fid":11561,"label":"Viễn thông Vĩnh Long"}},{"type":"Feature","geometry":{"type":"Point","coordinates":[106.05615,9.87255]},"properties":{"Tên doanh nghiệp":"Viễn thông Vĩnh Long","Tên trạm BTS":"CAU-KE_TVH","Địa chỉ lắp đặt":"Xã Cầu Kè, Tỉnh Vĩnh Long","Trạm 3G":"3G","Số giấy chứng nhận kiểm định":"A16230311025TG05","Có giá trị đến":"10/31/30 12:00:00 AM","layer_id":165,"fid":11562,"label":"Viễn thông Vĩnh Long"}},{"type":"Feature","geometry":{"type":"Point","coordinates":[106.04721,9.92096]},"properties":{"Tên doanh nghiệp":"Viễn thông Vĩnh Long","Tên trạm BTS":"RACH-NGHE_TVH","Địa chỉ lắp đặt":"Ấp Rạch Nghệ, Xã Tam Ngãi, Tỉnh Vĩnh Long","Trạm 3G":"3G","Số giấy chứng nhận kiểm định":null,"Có giá trị đến":"09/06/2030","layer_id":165,"fid":11563,"label":"Viễn thông Vĩnh Long"}},{"type":"Feature","geometry":{"type":"Point","coordinates":[106.135327,10.00091]},"properties":{"Tên doanh nghiệp":"Viễn thông Vĩnh Long","Tên trạm BTS":"AN-TRUONG-A_TVH","Địa chỉ lắp đặt":"Bưu cục An Trường A, Xã An Trường, Tỉnh Vĩnh Long","Trạm 3G":"3G","Số giấy chứng nhận kiểm định":"A13804030326TG05","Có giá trị đến":"3/3/31 12:00:00 AM","layer_id":165,"fid":11564,"label":"Viễn thông Vĩnh Long"}},{"type":"Feature","geometry":{"type":"Point","coordinates":[106.2137,9.86521]},"properties":{"Tên doanh nghiệp":"Viễn thông Vĩnh Long","Tên trạm BTS":"O-DUNG_TVH","Địa chỉ lắp đặt":"ấp Ô Đùng,Xã Tập Ngãi, Tỉnh Vĩnh Long","Trạm 3G":"3G","Số giấy chứng nhận kiểm định":null,"Có giá trị đến":"17/03/2028","layer_id":165,"fid":11565,"label":"Viễn thông Vĩnh Long"}},{"type":"Feature","geometry":{"type":"Point","coordinates":[106.15159,9.95876]},"properties":{"Tên doanh nghiệp":"Viễn thông Vĩnh Long","Tên trạm BTS":"AP-7A-AN-TRUONG_TVH","Địa chỉ lắp đặt":"Ấp 7A, Xã An Trường, Tỉnh Vĩnh Long","Trạm 3G":"3G","Số giấy chứng nhận kiểm định":null,"Có giá trị đến":"17/03/2028","layer_id":165,"fid":11566,"label":"Viễn thông Vĩnh Long"}},{"type":"Feature","geometry":{"type":"Point","coordinates":[106.16033,9.89893]},"properties":{"Tên doanh nghiệp":"Viễn thông Vĩnh Long","Tên trạm BTS":"TAN-TIEN_TVH","Địa chỉ lắp đặt":"ấp Tân Tiến, Xã Tân An, Tỉnh Vĩnh Long","Trạm 3G":"3G","Số giấy chứng nhận kiểm định":null,"Có giá trị đến":"17/03/2028","layer_id":165,"fid":11567,"label":"Viễn thông Vĩnh Long"}},{"type":"Feature","geometry":{"type":"Point","coordinates":[106.23141,9.84831]},"properties":{"Tên doanh nghiệp":"Viễn thông Vĩnh Long","Tên trạm BTS":"NGA-4-QUOC-TE_TVH","Địa chỉ lắp đặt":"Ấp Ô Trôm, Xã Tập Ngãi, Tỉnh Vĩnh Long","Trạm 3G":"3G","Số giấy chứng nhận kiểm định":"A08328290321TG05","Có giá trị đến":"3/29/26 12:00:00 AM","layer_id":165,"fid":11568,"label":"Viễn thông Vĩnh Long"}},{"type":"Feature","geometry":{"type":"Point","coordinates":[106.10899,9.91546]},"properties":{"Tên doanh nghiệp":"Viễn thông Vĩnh Long","Tên trạm BTS":"TRA-OT-ONG-PHONG_TVH","Địa chỉ lắp đặt":"Ấp Trà Ốt, Xã Tam Ngãi, Tỉnh Vĩnh Long","Trạm 3G":"3G","Số giấy chứng nhận kiểm định":null,"Có giá trị đến":"14/11/2029","layer_id":165,"fid":11569,"label":"Viễn thông Vĩnh Long"}},{"type":"Feature","geometry":{"type":"Point","coordinates":[106.16977,9.99117]},"properties":{"Tên doanh nghiệp":"Viễn thông Vĩnh Long","Tên trạm BTS":"AP-LO-CO-A_TVH","Địa chỉ lắp đặt":"Ấp Lo Co A - Xã An Trường, Tỉnh Vĩnh Long","Trạm 3G":"3G","Số giấy chứng nhận kiểm định":null,"Có giá trị đến":"14/11/2029","layer_id":165,"fid":11570,"label":"Viễn thông Vĩnh Long"}},{"type":"Feature","geometry":{"type":"Point","coordinates":[106.22354,9.80479]},"properties":{"Tên doanh nghiệp":"Viễn thông Vĩnh Long","Tên trạm BTS":"CAY-GAO_TVH","Địa chỉ lắp đặt":"Ấp Cây Gáo, Xã Tập Ngãi, Tỉnh Vĩnh Long","Trạm 3G":"3G","Số giấy chứng nhận kiểm định":null,"Có giá trị đến":"17/03/2028","layer_id":165,"fid":11571,"label":"Viễn thông Vĩnh Long"}},{"type":"Feature","geometry":{"type":"Point","coordinates":[106.19458,9.89315]},"properties":{"Tên doanh nghiệp":"Viễn thông Vĩnh Long","Tên trạm BTS":"GIONG-MOI_TVH","Địa chỉ lắp đặt":"ấp Giồng Mới, Xã Tân An, Tỉnh Vĩnh Long","Trạm 3G":"3G","Số giấy chứng nhận kiểm định":null,"Có giá trị đến":"14/11/2029","layer_id":165,"fid":11572,"label":"Viễn thông Vĩnh Long"}},{"type":"Feature","geometry":{"type":"Point","coordinates":[106.19872,10.01192]},"properties":{"Tên doanh nghiệp":"Viễn thông Vĩnh Long","Tên trạm BTS":"TVH2024-280","Địa chỉ lắp đặt":"Càng Long tỉnh Vĩnh Long","Trạm 3G":"3G","Số giấy chứng nhận kiểm định":"Đang hoàn thiện hồ sơ đo kiểm, Tự công bố sự phù hợp","Có giá trị đến":null,"layer_id":165,"fid":11573,"label":"Viễn thông Vĩnh Long"}},{"type":"Feature","geometry":{"type":"Point","coordinates":[106.18419,9.98229]},"properties":{"Tên doanh nghiệp":"Viễn thông Vĩnh Long","Tên trạm BTS":"TVH2024-277","Địa chỉ lắp đặt":"An Trường tỉnh Vĩnh Long","Trạm 3G":"3G","Số giấy chứng nhận kiểm định":"Đang hoàn thiện hồ sơ đo kiểm, Tự công bố sự phù hợp","Có giá trị đến":null,"layer_id":165,"fid":11574,"label":"Viễn thông Vĩnh Long"}},{"type":"Feature","geometry":{"type":"Point","coordinates":[106.12309,9.91268]},"properties":{"Tên doanh nghiệp":"Viễn thông Vĩnh Long","Tên trạm BTS":"TVH2024-274","Địa chỉ lắp đặt":"Tam Ngãi tỉnh Vĩnh Long","Trạm 3G":"3G","Số giấy chứng nhận kiểm định":null,"Có giá trị đến":"3/16/31 12:00:00 AM","layer_id":165,"fid":11575,"label":"Viễn thông Vĩnh Long"}},{"type":"Feature","geometry":{"type":"Point","coordinates":[106.08335,9.78468]},"properties":{"Tên doanh nghiệp":"Viễn thông Vĩnh Long","Tên trạm BTS":"TVH2024-267","Địa chỉ lắp đặt":"Phong Thạnh tỉnh Vĩnh Long","Trạm 3G":"3G","Số giấy chứng nhận kiểm định":"Đang hoàn thiện hồ sơ đo kiểm, Tự công bố sự phù hợp","Có giá trị đến":null,"layer_id":165,"fid":11576,"label":"Viễn thông Vĩnh Long"}},{"type":"Feature","geometry":{"type":"Point","coordinates":[106.1037,9.7999]},"properties":{"Tên doanh nghiệp":"Viễn thông Vĩnh Long","Tên trạm BTS":"TVH2024-257","Địa chỉ lắp đặt":"Phong Thạnh tỉnh Vĩnh Long","Trạm 3G":"3G","Số giấy chứng nhận kiểm định":"Đang hoàn thiện hồ sơ đo kiểm, Tự công bố sự phù hợp","Có giá trị đến":null,"layer_id":165,"fid":11577,"label":"Viễn thông Vĩnh Long"}},{"type":"Feature","geometry":{"type":"Point","coordinates":[106.18315,10.02344]},"properties":{"Tên doanh nghiệp":"Viễn thông Vĩnh Long","Tên trạm BTS":"TVH2024-279","Địa chỉ lắp đặt":"Càng Long tỉnh Vĩnh Long","Trạm 3G":"3G","Số giấy chứng nhận kiểm định":"Đang hoàn thiện hồ sơ đo kiểm, Tự công bố sự phù hợp","Có giá trị đến":null,"layer_id":165,"fid":11578,"label":"Viễn thông Vĩnh Long"}},{"type":"Feature","geometry":{"type":"Point","coordinates":[106.0387,9.8589]},"properties":{"Tên doanh nghiệp":"Viễn thông Vĩnh Long","Tên trạm BTS":"TVH2024-269","Địa chỉ lắp đặt":"An Phú Tân tỉnh Vĩnh Long","Trạm 3G":"3G","Số giấy chứng nhận kiểm định":"Đang hoàn thiện hồ sơ đo kiểm, Tự công bố sự phù hợp","Có giá trị đến":null,"layer_id":165,"fid":11579,"label":"Viễn thông Vĩnh Long"}},{"type":"Feature","geometry":{"type":"Point","coordinates":[106.009,9.86889]},"properties":{"Tên doanh nghiệp":"Viễn thông Vĩnh Long","Tên trạm BTS":"TVH2024-270","Địa chỉ lắp đặt":"An Phú Tân tỉnh Vĩnh Long","Trạm 3G":"3G","Số giấy chứng nhận kiểm định":"Đang hoàn thiện hồ sơ đo kiểm, Tự công bố sự phù hợp","Có giá trị đến":null,"layer_id":165,"fid":11580,"label":"Viễn thông Vĩnh Long"}},{"type":"Feature","geometry":{"type":"Point","coordinates":[106.20596,9.87391]},"properties":{"Tên doanh nghiệp":"Viễn thông Vĩnh Long","Tên trạm BTS":"TVH2024-262","Địa chỉ lắp đặt":"Tập Ngãi tỉnh Vĩnh Long","Trạm 3G":"3G","Số giấy chứng nhận kiểm định":"Đang hoàn thiện hồ sơ đo kiểm, Tự công bố sự phù hợp","Có giá trị đến":null,"layer_id":165,"fid":11581,"label":"Viễn thông Vĩnh Long"}},{"type":"Feature","geometry":{"type":"Point","coordinates":[106.45236,9.81297]},"properties":{"Tên doanh nghiệp":"Viễn thông Vĩnh Long","Tên trạm BTS":"NGA-3-MY-LONG_TVH","Địa chỉ lắp đặt":"Khóm Thống Nhất, Xã Cầu Ngang, Tỉnh Vĩnh Long","Trạm 3G":"3G","Số giấy chứng nhận kiểm định":null,"Có giá trị đến":"30/09/2029","layer_id":165,"fid":11586,"label":"Viễn thông Vĩnh Long"}},{"type":"Feature","geometry":{"type":"Point","coordinates":[106.02291,9.88674]},"properties":{"Tên doanh nghiệp":"Viễn thông Vĩnh Long","Tên trạm BTS":"TVH2024-271","Địa chỉ lắp đặt":"Tam Ngãi tỉnh Vĩnh Long","Trạm 3G":"3G","Số giấy chứng nhận kiểm định":"Đang hoàn thiện hồ sơ đo kiểm, Tự công bố sự phù hợp","Có giá trị đến":null,"layer_id":165,"fid":11582,"label":"Viễn thông Vĩnh Long"}},{"type":"Feature","geometry":{"type":"Point","coordinates":[106.0899,9.8788]},"properties":{"Tên doanh nghiệp":"Viễn thông Vĩnh Long","Tên trạm BTS":"TVH2024-BS-03","Địa chỉ lắp đặt":"Cầu Kè tỉnh Vĩnh Long","Trạm 3G":"3G","Số giấy chứng nhận kiểm định":"Đang hoàn thiện hồ sơ đo kiểm, Tự công bố sự phù hợp","Có giá trị đến":null,"layer_id":165,"fid":11583,"label":"Viễn thông Vĩnh Long"}},{"type":"Feature","geometry":{"type":"Point","coordinates":[106.46797,9.80359]},"properties":{"Tên doanh nghiệp":"Viễn thông Vĩnh Long","Tên trạm BTS":"CAM-HUONG_TVH","Địa chỉ lắp đặt":"ấp Cẩm Hương, Xã Cầu Ngang, Tỉnh Vĩnh Long","Trạm 3G":"3G","Số giấy chứng nhận kiểm định":null,"Có giá trị đến":"17/03/2028","layer_id":165,"fid":11584,"label":"Viễn thông Vĩnh Long"}},{"type":"Feature","geometry":{"type":"Point","coordinates":[106.43417,9.79122]},"properties":{"Tên doanh nghiệp":"Viễn thông Vĩnh Long","Tên trạm BTS":"TT-CAU-NGANG_TVH","Địa chỉ lắp đặt":"Ấp Thuận Hiệp, Xã Cầu Ngang, Tỉnh Vĩnh Long","Trạm 3G":"3G","Số giấy chứng nhận kiểm định":"A04800190422TG05","Có giá trị đến":"19/04/2027","layer_id":165,"fid":11585,"label":"Viễn thông Vĩnh Long"}},{"type":"Feature","geometry":{"type":"Point","coordinates":[106.46244,9.77291]},"properties":{"Tên doanh nghiệp":"Viễn thông Vĩnh Long","Tên trạm BTS":"AP-RACH_TVH","Địa chỉ lắp đặt":"Ấp Rạch, Xã Cầu Ngang, Tỉnh Vĩnh Long","Trạm 3G":"3G","Số giấy chứng nhận kiểm định":null,"Có giá trị đến":"14/11/2029","layer_id":165,"fid":11587,"label":"Viễn thông Vĩnh Long"}},{"type":"Feature","geometry":{"type":"Point","coordinates":[106.45267,9.80475]},"properties":{"Tên doanh nghiệp":"Viễn thông Vĩnh Long","Tên trạm BTS":"MY-CAM-A_TVH","Địa chỉ lắp đặt":"khóm Mỹ Cẩm A, Xã Cầu Ngang, Tỉnh Vĩnh Long","Trạm 3G":"3G","Số giấy chứng nhận kiểm định":null,"Có giá trị đến":"09/06/2030","layer_id":165,"fid":11588,"label":"Viễn thông Vĩnh Long"}},{"type":"Feature","geometry":{"type":"Point","coordinates":[106.45301,9.79547]},"properties":{"Tên doanh nghiệp":"Viễn thông Vĩnh Long","Tên trạm BTS":"CAU-NGANG_TVH","Địa chỉ lắp đặt":"Bưu cục Cầu Ngang, Xã Cầu Ngang, Tỉnh Vĩnh Long","Trạm 3G":"3G","Số giấy chứng nhận kiểm định":"A16232311025TG05","Có giá trị đến":"10/31/30 12:00:00 AM","layer_id":165,"fid":11589,"label":"Viễn thông Vĩnh Long"}},{"type":"Feature","geometry":{"type":"Point","coordinates":[106.47668,9.79044]},"properties":{"Tên doanh nghiệp":"Viễn thông Vĩnh Long","Tên trạm BTS":"BAO-SEN_TVH","Địa chỉ lắp đặt":"tầng trệt, ấp Bào Sen, Xã Cầu Ngang, Tỉnh Vĩnh Long","Trạm 3G":"3G","Số giấy chứng nhận kiểm định":"A34115301121TG05","Có giá trị đến":"30/11/2026","layer_id":165,"fid":11590,"label":"Viễn thông Vĩnh Long"}},{"type":"Feature","geometry":{"type":"Point","coordinates":[106.42926,9.76721]},"properties":{"Tên doanh nghiệp":"Viễn thông Vĩnh Long","Tên trạm BTS":"TVH2024-241","Địa chỉ lắp đặt":"Cầu Ngang tỉnh Vĩnh Long","Trạm 3G":"3G","Số giấy chứng nhận kiểm định":"Đang hoàn thiện hồ sơ đo kiểm, Tự công bố sự phù hợp","Có giá trị đến":null,"layer_id":165,"fid":11591,"label":"Viễn thông Vĩnh Long"}},{"type":"Feature","geometry":{"type":"Point","coordinates":[106.40701,9.81111]},"properties":{"Tên doanh nghiệp":"Viễn thông Vĩnh Long","Tên trạm BTS":"HIEP-HOA_TVH","Địa chỉ lắp đặt":"Lầu 1, ấp Hòa Lục, Xã Nhị Trường, Tỉnh Vĩnh Long","Trạm 3G":"3G","Số giấy chứng nhận kiểm định":null,"Có giá trị đến":"17/03/2028","layer_id":165,"fid":11592,"label":"Viễn thông Vĩnh Long"}},{"type":"Feature","geometry":{"type":"Point","coordinates":[106.379381,9.911071]},"properties":{"Tên doanh nghiệp":"Viễn thông Vĩnh Long","Tên trạm BTS":"HOA-LOI_TVH","Địa chỉ lắp đặt":"Ấp Uy Nông A, Xã Hưng Mỹ, Tỉnh Vĩnh Long","Trạm 3G":"3G","Số giấy chứng nhận kiểm định":"A13806030326TG05","Có giá trị đến":"3/3/31 12:00:00 AM","layer_id":165,"fid":11593,"label":"Viễn thông Vĩnh Long"}},{"type":"Feature","geometry":{"type":"Point","coordinates":[106.45124,9.85186]},"properties":{"Tên doanh nghiệp":"Viễn thông Vĩnh Long","Tên trạm BTS":"VINH-KIM_TVH","Địa chỉ lắp đặt":"Lầu 1, ấp Chà Và, Xã Vinh Kim, Tỉnh Vĩnh Long","Trạm 3G":"3G","Số giấy chứng nhận kiểm định":"A04801190422TG05","Có giá trị đến":"19/04/2027","layer_id":165,"fid":11594,"label":"Viễn thông Vĩnh Long"}},{"type":"Feature","geometry":{"type":"Point","coordinates":[106.40511,9.89739]},"properties":{"Tên doanh nghiệp":"Viễn thông Vĩnh Long","Tên trạm BTS":"NGAI-HIEP_TVH","Địa chỉ lắp đặt":"Ấp Ngãi Hiệp, Xã Hưng Mỹ, Tỉnh Vĩnh Long","Trạm 3G":"3G","Số giấy chứng nhận kiểm định":null,"Có giá trị đến":"17/03/2028","layer_id":165,"fid":11595,"label":"Viễn thông Vĩnh Long"}},{"type":"Feature","geometry":{"type":"Point","coordinates":[106.53186,9.84059]},"properties":{"Tên doanh nghiệp":"Viễn thông Vĩnh Long","Tên trạm BTS":"HAI-THU_TVH","Địa chỉ lắp đặt":"Ấp Hai Thủ, Xã Long Hòa, Tỉnh Vĩnh Long","Trạm 3G":"3G","Số giấy chứng nhận kiểm định":null,"Có giá trị đến":"17/03/2028","layer_id":165,"fid":11596,"label":"Viễn thông Vĩnh Long"}},{"type":"Feature","geometry":{"type":"Point","coordinates":[106.35201,9.82551]},"properties":{"Tên doanh nghiệp":"Viễn thông Vĩnh Long","Tên trạm BTS":"MY-CHANH_TVH","Địa chỉ lắp đặt":"Bưu cục Mỹ Chánh, Xã Châu Thành, Tỉnh Vĩnh Long","Trạm 3G":"3G","Số giấy chứng nhận kiểm định":"A13800030326TG05","Có giá trị đến":"3/3/31 12:00:00 AM","layer_id":165,"fid":11597,"label":"Viễn thông Vĩnh Long"}},{"type":"Feature","geometry":{"type":"Point","coordinates":[106.38913,9.93476]},"properties":{"Tên doanh nghiệp":"Viễn thông Vĩnh Long","Tên trạm BTS":"RACH-GIUA_TVH","Địa chỉ lắp đặt":"tầng trệt, ấp Rạch Giữa, Xã Hưng Mỹ, Tỉnh Vĩnh Long","Trạm 3G":"3G","Số giấy chứng nhận kiểm định":null,"Có giá trị đến":"14/11/2029","layer_id":165,"fid":11598,"label":"Viễn thông Vĩnh Long"}},{"type":"Feature","geometry":{"type":"Point","coordinates":[106.38618,9.89833]},"properties":{"Tên doanh nghiệp":"Viễn thông Vĩnh Long","Tên trạm BTS":"DA-HOA-BAC_TVH","Địa chỉ lắp đặt":"ấp Đa Hòa Bắc, Xã Hưng Mỹ, Tỉnh Vĩnh Long","Trạm 3G":"3G","Số giấy chứng nhận kiểm định":null,"Có giá trị đến":"17/03/2028","layer_id":165,"fid":11599,"label":"Viễn thông Vĩnh Long"}},{"type":"Feature","geometry":{"type":"Point","coordinates":[106.40831,9.85754]},"properties":{"Tên doanh nghiệp":"Viễn thông Vĩnh Long","Tên trạm BTS":"KIM-HOA_TVH","Địa chỉ lắp đặt":"Xã Kim Hòa, Xã Vinh Kim, Tỉnh Vĩnh Long","Trạm 3G":"3G","Số giấy chứng nhận kiểm định":"A05360260423TG05","Có giá trị đến":"4/26/28 12:00:00 AM","layer_id":165,"fid":11600,"label":"Viễn thông Vĩnh Long"}},{"type":"Feature","geometry":{"type":"Point","coordinates":[106.40263,9.91992]},"properties":{"Tên doanh nghiệp":"Viễn thông Vĩnh Long","Tên trạm BTS":"MIEU-BA_TVH","Địa chỉ lắp đặt":"Ấp Ngãi Lợi, Xã Hưng Mỹ, Tỉnh Vĩnh Long","Trạm 3G":"3G","Số giấy chứng nhận kiểm định":"A10371310723TG05","Có giá trị đến":"7/31/28 12:00:00 AM","layer_id":165,"fid":11601,"label":"Viễn thông Vĩnh Long"}},{"type":"Feature","geometry":{"type":"Point","coordinates":[106.38901,9.75614]},"properties":{"Tên doanh nghiệp":"Viễn thông Vĩnh Long","Tên trạm BTS":"NHI-TRUONG_TVH","Địa chỉ lắp đặt":"BĐVH Nhị Trường, Nô Lựa, Xã Nhị Trường, Tỉnh Vĩnh Long","Trạm 3G":"3G","Số giấy chứng nhận kiểm định":"A08303290321TG05","Có giá trị đến":"3/29/26 12:00:00 AM","layer_id":165,"fid":11602,"label":"Viễn thông Vĩnh Long"}},{"type":"Feature","geometry":{"type":"Point","coordinates":[106.35199,9.84785]},"properties":{"Tên doanh nghiệp":"Viễn thông Vĩnh Long","Tên trạm BTS":"CHO-DA-LOC_TVH","Địa chỉ lắp đặt":"Ấp Thanh Nguyên-Xã Châu Thành- Tỉnh Vĩnh Long","Trạm 3G":"3G","Số giấy chứng nhận kiểm định":null,"Có giá trị đến":"14/11/2029","layer_id":165,"fid":11603,"label":"Viễn thông Vĩnh Long"}},{"type":"Feature","geometry":{"type":"Point","coordinates":[106.52567,9.85717]},"properties":{"Tên doanh nghiệp":"Viễn thông Vĩnh Long","Tên trạm BTS":"BUNG-BINH_TVH","Địa chỉ lắp đặt":"ấp Bùng Binh,Xã Long Hòa, Tỉnh Vĩnh Long","Trạm 3G":"3G","Số giấy chứng nhận kiểm định":null,"Có giá trị đến":"14/11/2029","layer_id":165,"fid":11604,"label":"Viễn thông Vĩnh Long"}},{"type":"Feature","geometry":{"type":"Point","coordinates":[106.39591,9.88097]},"properties":{"Tên doanh nghiệp":"Viễn thông Vĩnh Long","Tên trạm BTS":"PHUOC-HAO_TVH","Địa chỉ lắp đặt":"BĐVH Phước Hảo, Ấp Đại Thôn, Xã Hưng Mỹ, Tỉnh Vĩnh Long","Trạm 3G":"3G","Số giấy chứng nhận kiểm định":"A13799030326TG05","Có giá trị đến":"3/3/31 12:00:00 AM","layer_id":165,"fid":11605,"label":"Viễn thông Vĩnh Long"}},{"type":"Feature","geometry":{"type":"Point","coordinates":[106.40911,9.83472]},"properties":{"Tên doanh nghiệp":"Viễn thông Vĩnh Long","Tên trạm BTS":"AP-GIUA_TVH","Địa chỉ lắp đặt":"Ấp Giữa, Xã Vinh Kim, Tỉnh Vĩnh Long","Trạm 3G":"3G","Số giấy chứng nhận kiểm định":null,"Có giá trị đến":"17/03/2028","layer_id":165,"fid":11606,"label":"Viễn thông Vĩnh Long"}},{"type":"Feature","geometry":{"type":"Point","coordinates":[106.36404,9.91432]},"properties":{"Tên doanh nghiệp":"Viễn thông Vĩnh Long","Tên trạm BTS":"TRI-PHONG_TVH","Địa chỉ lắp đặt":"Ấp Trì Phong, Xã Hưng Mỹ, Tỉnh Vĩnh Long","Trạm 3G":"3G","Số giấy chứng nhận kiểm định":null,"Có giá trị đến":"17/03/2028","layer_id":165,"fid":11607,"label":"Viễn thông Vĩnh Long"}},{"type":"Feature","geometry":{"type":"Point","coordinates":[106.45704,9.8321]},"properties":{"Tên doanh nghiệp":"Viễn thông Vĩnh Long","Tên trạm BTS":"MAI-HUONG_TVH","Địa chỉ lắp đặt":"Ấp Vinh Cửu, Xã Vinh Kim, Tỉnh Vĩnh Long","Trạm 3G":"3G","Số giấy chứng nhận kiểm định":null,"Có giá trị đến":"17/03/2028","layer_id":165,"fid":11608,"label":"Viễn thông Vĩnh Long"}},{"type":"Feature","geometry":{"type":"Point","coordinates":[106.37651,9.82658]},"properties":{"Tên doanh nghiệp":"Viễn thông Vĩnh Long","Tên trạm BTS":"HUONG-PHU-C-TVH","Địa chỉ lắp đặt":"Ấp Hương Phụ C, Xã Châu Thành, Tỉnh Vĩnh Long","Trạm 3G":"3G","Số giấy chứng nhận kiểm định":null,"Có giá trị đến":"14/11/2029","layer_id":165,"fid":11609,"label":"Viễn thông Vĩnh Long"}},{"type":"Feature","geometry":{"type":"Point","coordinates":[106.41017,9.94904]},"properties":{"Tên doanh nghiệp":"Viễn thông Vĩnh Long","Tên trạm BTS":"LONG-HUNG_TVH","Địa chỉ lắp đặt":"tầng trệt, ấp Long Hưng 2, Xã Hòa Minh, Tỉnh Vĩnh Long","Trạm 3G":"3G","Số giấy chứng nhận kiểm định":null,"Có giá trị đến":"14/11/2029","layer_id":165,"fid":11610,"label":"Viễn thông Vĩnh Long"}},{"type":"Feature","geometry":{"type":"Point","coordinates":[106.327493,9.804394]},"properties":{"Tên doanh nghiệp":"Viễn thông Vĩnh Long","Tên trạm BTS":"O-DAI_TVH","Địa chỉ lắp đặt":"Ấp Ô Dài,Xã Châu Thành, Tỉnh Vĩnh Long","Trạm 3G":"3G","Số giấy chứng nhận kiểm định":null,"Có giá trị đến":"17/03/2028","layer_id":165,"fid":11611,"label":"Viễn thông Vĩnh Long"}},{"type":"Feature","geometry":{"type":"Point","coordinates":[106.43421,9.89191]},"properties":{"Tên doanh nghiệp":"Viễn thông Vĩnh Long","Tên trạm BTS":"BAI-VANG_TVH","Địa chỉ lắp đặt":"Ấp Bãi Vàng, Xã Hưng Mỹ, Tỉnh Vĩnh Long","Trạm 3G":"3G","Số giấy chứng nhận kiểm định":null,"Có giá trị đến":"14/11/2029","layer_id":165,"fid":11612,"label":"Viễn thông Vĩnh Long"}},{"type":"Feature","geometry":{"type":"Point","coordinates":[106.34741,9.80745]},"properties":{"Tên doanh nghiệp":"Viễn thông Vĩnh Long","Tên trạm BTS":"GIONG-TROM_TVH","Địa chỉ lắp đặt":"Ấp Giồng Trôm, Xã Châu Thành, Tỉnh Vĩnh Long","Trạm 3G":"3G","Số giấy chứng nhận kiểm định":null,"Có giá trị đến":"14/11/2029","layer_id":165,"fid":11613,"label":"Viễn thông Vĩnh Long"}},{"type":"Feature","geometry":{"type":"Point","coordinates":[106.348592,9.870873]},"properties":{"Tên doanh nghiệp":"Viễn thông Vĩnh Long","Tên trạm BTS":"CHAU-THANH_TVH","Địa chỉ lắp đặt":"BĐ CHÂU THÀNH, Xã Châu Thành - Tỉnh Vĩnh Long","Trạm 3G":"3G","Số giấy chứng nhận kiểm định":"A16227311025TG05","Có giá trị đến":"10/31/30 12:00:00 AM","layer_id":165,"fid":11614,"label":"Viễn thông Vĩnh Long"}},{"type":"Feature","geometry":{"type":"Point","coordinates":[106.37101,9.87705]},"properties":{"Tên doanh nghiệp":"Viễn thông Vĩnh Long","Tên trạm BTS":"BAU-SON_TVH","Địa chỉ lắp đặt":"Ấp Bào Sơn, Xã Châu Thành, Tỉnh Vĩnh Long","Trạm 3G":"3G","Số giấy chứng nhận kiểm định":null,"Có giá trị đến":"14/11/2029","layer_id":165,"fid":11615,"label":"Viễn thông Vĩnh Long"}},{"type":"Feature","geometry":{"type":"Point","coordinates":[106.49773,9.88794]},"properties":{"Tên doanh nghiệp":"Viễn thông Vĩnh Long","Tên trạm BTS":"LONG-HOA_TVH","Địa chỉ lắp đặt":"Ấp Rạch Gốc, Xã Long Hòa, Tỉnh Vĩnh Long","Trạm 3G":"3G","Số giấy chứng nhận kiểm định":"A14356221124TG05","Có giá trị đến":"11/22/29 12:00:00 AM","layer_id":165,"fid":11616,"label":"Viễn thông Vĩnh Long"}},{"type":"Feature","geometry":{"type":"Point","coordinates":[106.43801,9.92844]},"properties":{"Tên doanh nghiệp":"Viễn thông Vĩnh Long","Tên trạm BTS":"CHO-LONG-HUNG-2_TVH","Địa chỉ lắp đặt":"Chợ Long Hưng 2, Xã Hòa Minh, Tỉnh Vĩnh Long","Trạm 3G":"3G","Số giấy chứng nhận kiểm định":null,"Có giá trị đến":"14/11/2029","layer_id":165,"fid":11617,"label":"Viễn thông Vĩnh Long"}},{"type":"Feature","geometry":{"type":"Point","coordinates":[106.43645,9.83377]},"properties":{"Tên doanh nghiệp":"Viễn thông Vĩnh Long","Tên trạm BTS":"CA-TUM_TVH","Địa chỉ lắp đặt":"Ấp Cà Tum, Xã Vinh Kim, Tỉnh Vĩnh Long","Trạm 3G":"3G","Số giấy chứng nhận kiểm định":null,"Có giá trị đến":"14/11/2029","layer_id":165,"fid":11618,"label":"Viễn thông Vĩnh Long"}},{"type":"Feature","geometry":{"type":"Point","coordinates":[106.28455,9.83387]},"properties":{"Tên doanh nghiệp":"Viễn thông Vĩnh Long","Tên trạm BTS":"PHU-THO-CTH_TVH","Địa chỉ lắp đặt":"Ấp Phú Thọ, Xã Châu Thành, Tỉnh Vĩnh Long","Trạm 3G":"3G","Số giấy chứng nhận kiểm định":"A09075130723TG05","Có giá trị đến":"7/13/28 12:00:00 AM","layer_id":165,"fid":11619,"label":"Viễn thông Vĩnh Long"}},{"type":"Feature","geometry":{"type":"Point","coordinates":[106.30252,9.81301]},"properties":{"Tên doanh nghiệp":"Viễn thông Vĩnh Long","Tên trạm BTS":"THANH-MY_TVH","Địa chỉ lắp đặt":"BĐVHX Thạnh Mỹ,  Ấp An Chay, Xã Châu Thành, Tỉnh Vĩnh Long","Trạm 3G":"3G","Số giấy chứng nhận kiểm định":null,"Có giá trị đến":"14/11/2029","layer_id":165,"fid":11620,"label":"Viễn thông Vĩnh Long"}},{"type":"Feature","geometry":{"type":"Point","coordinates":[106.344989,9.76773]},"properties":{"Tên doanh nghiệp":"Viễn thông Vĩnh Long","Tên trạm BTS":"CHUA-KHANH-PHUOC_TVH","Địa chỉ lắp đặt":"Tầng trệt-Ấp Nôpôk, Xã Nhị Trường, Tỉnh Vĩnh Long","Trạm 3G":"3G","Số giấy chứng nhận kiểm định":"A34117301121TG05","Có giá trị đến":"30/11/2026","layer_id":165,"fid":11621,"label":"Viễn thông Vĩnh Long"}},{"type":"Feature","geometry":{"type":"Point","coordinates":[106.42777,9.85863]},"properties":{"Tên doanh nghiệp":"Viễn thông Vĩnh Long","Tên trạm BTS":"CAU-TRA-CUON-1_TVH","Địa chỉ lắp đặt":"Ấp Trà Cuôn, Xã Vinh Kim, Tỉnh Vĩnh Long","Trạm 3G":"3G","Số giấy chứng nhận kiểm định":null,"Có giá trị đến":"17/03/2028","layer_id":165,"fid":11622,"label":"Viễn thông Vĩnh Long"}},{"type":"Feature","geometry":{"type":"Point","coordinates":[106.31512,9.83852]},"properties":{"Tên doanh nghiệp":"Viễn thông Vĩnh Long","Tên trạm BTS":"O-TRE-NHO_TVH","Địa chỉ lắp đặt":"Ấp Ô Tre Nhỏ, Xã Châu Thành, Tỉnh Vĩnh Long","Trạm 3G":"3G","Số giấy chứng nhận kiểm định":null,"Có giá trị đến":"17/03/2028","layer_id":165,"fid":11623,"label":"Viễn thông Vĩnh Long"}},{"type":"Feature","geometry":{"type":"Point","coordinates":[106.35516,9.83747]},"properties":{"Tên doanh nghiệp":"Viễn thông Vĩnh Long","Tên trạm BTS":"HUONG-PHU-C-2_TVH","Địa chỉ lắp đặt":"Ấp Hương Phụ C, Xã Châu Thành, Tỉnh Vĩnh Long","Trạm 3G":"3G","Số giấy chứng nhận kiểm định":null,"Có giá trị đến":"17/03/2028","layer_id":165,"fid":11624,"label":"Viễn thông Vĩnh Long"}},{"type":"Feature","geometry":{"type":"Point","coordinates":[106.34395,9.88192]},"properties":{"Tên doanh nghiệp":"Viễn thông Vĩnh Long","Tên trạm BTS":"KHOM-4-CHAU-THANH_TVH","Địa chỉ lắp đặt":"Khóm 4, Xã Châu Thành, Tỉnh Vĩnh Long","Trạm 3G":"3G","Số giấy chứng nhận kiểm định":"A34163301121TG05","Có giá trị đến":"30/11/2026","layer_id":165,"fid":11625,"label":"Viễn thông Vĩnh Long"}},{"type":"Feature","geometry":{"type":"Point","coordinates":[106.40758,9.78009]},"properties":{"Tên doanh nghiệp":"Viễn thông Vĩnh Long","Tên trạm BTS":"BA-SO_TVH","Địa chỉ lắp đặt":"Ấp Ba So, Xã Nhị Trường, Tỉnh Vĩnh Long","Trạm 3G":"3G","Số giấy chứng nhận kiểm định":null,"Có giá trị đến":"14/11/2029","layer_id":165,"fid":11626,"label":"Viễn thông Vĩnh Long"}},{"type":"Feature","geometry":{"type":"Point","coordinates":[106.47139,9.90591]},"properties":{"Tên doanh nghiệp":"Viễn thông Vĩnh Long","Tên trạm BTS":"HOA-MINH_TVH","Địa chỉ lắp đặt":"Xã Hòa Minh, Tỉnh Vĩnh Long","Trạm 3G":"3G","Số giấy chứng nhận kiểm định":"A05341080425TG05","Có giá trị đến":"4/8/30 12:00:00 AM","layer_id":165,"fid":11627,"label":"Viễn thông Vĩnh Long"}},{"type":"Feature","geometry":{"type":"Point","coordinates":[106.42001,9.90363]},"properties":{"Tên doanh nghiệp":"Viễn thông Vĩnh Long","Tên trạm BTS":"HUNG-MY_TVH","Địa chỉ lắp đặt":"BĐVH Hưng Mỹ, ấp Rạch Vồn, Xã Hưng Mỹ, Tỉnh Vĩnh Long","Trạm 3G":"3G","Số giấy chứng nhận kiểm định":"A08306290321TG05","Có giá trị đến":"3/29/26 12:00:00 AM","layer_id":165,"fid":11628,"label":"Viễn thông Vĩnh Long"}},{"type":"Feature","geometry":{"type":"Point","coordinates":[106.38572,9.85421]},"properties":{"Tên doanh nghiệp":"Viễn thông Vĩnh Long","Tên trạm BTS":"O-KA-DA_TVH","Địa chỉ lắp đặt":"Ấp Ô Ka Đa, Xã Hưng Mỹ, Tỉnh Vĩnh Long","Trạm 3G":"3G","Số giấy chứng nhận kiểm định":null,"Có giá trị đến":"17/03/2028","layer_id":165,"fid":11629,"label":"Viễn thông Vĩnh Long"}},{"type":"Feature","geometry":{"type":"Point","coordinates":[106.416798,9.934186]},"properties":{"Tên doanh nghiệp":"Viễn thông Vĩnh Long","Tên trạm BTS":"LONG-HUNG-1_TVH","Địa chỉ lắp đặt":"Ấp Long Hưng 1, Xã Hòa Minh, Tỉnh Vĩnh Long","Trạm 3G":"3G","Số giấy chứng nhận kiểm định":null,"Có giá trị đến":"17/03/2028","layer_id":165,"fid":11630,"label":"Viễn thông Vĩnh Long"}},{"type":"Feature","geometry":{"type":"Point","coordinates":[106.31833,9.86503]},"properties":{"Tên doanh nghiệp":"Viễn thông Vĩnh Long","Tên trạm BTS":"TRAI-GIONG_TVH","Địa chỉ lắp đặt":"tầng trệt, ấp Ô Tre, Xã Châu Thành, Tỉnh Vĩnh Long","Trạm 3G":"3G","Số giấy chứng nhận kiểm định":null,"Có giá trị đến":"14/11/2029","layer_id":165,"fid":11631,"label":"Viễn thông Vĩnh Long"}},{"type":"Feature","geometry":{"type":"Point","coordinates":[106.41812,9.87519]},"properties":{"Tên doanh nghiệp":"Viễn thông Vĩnh Long","Tên trạm BTS":"PHUOC-HAO-2_TVH","Địa chỉ lắp đặt":"Ấp Ngãi Hòa , Xã Hưng Mỹ, Tỉnh Vĩnh Long","Trạm 3G":"3G","Số giấy chứng nhận kiểm định":null,"Có giá trị đến":"14/11/2029","layer_id":165,"fid":11632,"label":"Viễn thông Vĩnh Long"}},{"type":"Feature","geometry":{"type":"Point","coordinates":[106.0673,10.27369]},"properties":{"Tên doanh nghiệp":"Viễn thông Vĩnh Long","Tên trạm BTS":"Loc-Hiep-BTE","Địa chỉ lắp đặt":"Phú Phụng, Vĩnh Long","Trạm 3G":"3G","Số giấy chứng nhận kiểm định":null,"Có giá trị đến":"10/04/2028","layer_id":165,"fid":11645,"label":"Viễn thông Vĩnh Long"}},{"type":"Feature","geometry":{"type":"Point","coordinates":[106.34711,9.86232]},"properties":{"Tên doanh nghiệp":"Viễn thông Vĩnh Long","Tên trạm BTS":"PHU-NHIEU_TVH","Địa chỉ lắp đặt":"Ấp Phú Nhiêu, Xã Châu Thành, Tỉnh Vĩnh Long","Trạm 3G":"3G","Số giấy chứng nhận kiểm định":null,"Có giá trị đến":"17/03/2028","layer_id":165,"fid":11633,"label":"Viễn thông Vĩnh Long"}},{"type":"Feature","geometry":{"type":"Point","coordinates":[106.51414,9.86949]},"properties":{"Tên doanh nghiệp":"Viễn thông Vĩnh Long","Tên trạm BTS":"RACH-GIONG_TVH","Địa chỉ lắp đặt":"ấp Rạch Giồng, Xã Long Hòa, Tỉnh Vĩnh Long","Trạm 3G":"3G","Số giấy chứng nhận kiểm định":null,"Có giá trị đến":"17/03/2028","layer_id":165,"fid":11634,"label":"Viễn thông Vĩnh Long"}},{"type":"Feature","geometry":{"type":"Point","coordinates":[106.36859,9.73612]},"properties":{"Tên doanh nghiệp":"Viễn thông Vĩnh Long","Tên trạm BTS":"LA-CA_TVH","Địa chỉ lắp đặt":"tầng trệt, ấp Là Ca, Xã Nhị Trường, Tỉnh Vĩnh Long","Trạm 3G":"3G","Số giấy chứng nhận kiểm định":null,"Có giá trị đến":"17/03/2028","layer_id":165,"fid":11635,"label":"Viễn thông Vĩnh Long"}},{"type":"Feature","geometry":{"type":"Point","coordinates":[106.36925,9.77179]},"properties":{"Tên doanh nghiệp":"Viễn thông Vĩnh Long","Tên trạm BTS":"SOC-CUC_TVH","Địa chỉ lắp đặt":"Ấp Sóc Cục, Xã Nhị Trường, Tỉnh Vĩnh Long","Trạm 3G":"3G","Số giấy chứng nhận kiểm định":null,"Có giá trị đến":"14/11/2029","layer_id":165,"fid":11636,"label":"Viễn thông Vĩnh Long"}},{"type":"Feature","geometry":{"type":"Point","coordinates":[106.38449,9.79148]},"properties":{"Tên doanh nghiệp":"Viễn thông Vĩnh Long","Tên trạm BTS":"CAN-NOM_TVH","Địa chỉ lắp đặt":"tầng trệt, ấp Căn Nom, Xã Nhị Trường, Tỉnh Vĩnh Long","Trạm 3G":"3G","Số giấy chứng nhận kiểm định":"A34116301121TG05","Có giá trị đến":"30/11/2026","layer_id":165,"fid":11637,"label":"Viễn thông Vĩnh Long"}},{"type":"Feature","geometry":{"type":"Point","coordinates":[106.36509,9.92869]},"properties":{"Tên doanh nghiệp":"Viễn thông Vĩnh Long","Tên trạm BTS":"NGA-3-LO-TRANH_TVH","Địa chỉ lắp đặt":"Ấp Chăng Mật, Xã Hưng Mỹ, Tỉnh Vĩnh Long","Trạm 3G":"3G","Số giấy chứng nhận kiểm định":"A08309290321TG05","Có giá trị đến":"3/29/26 12:00:00 AM","layer_id":165,"fid":11638,"label":"Viễn thông Vĩnh Long"}},{"type":"Feature","geometry":{"type":"Point","coordinates":[106.37886,9.74572]},"properties":{"Tên doanh nghiệp":"Viễn thông Vĩnh Long","Tên trạm BTS":"TVH2023-029","Địa chỉ lắp đặt":"Nhị Trường tỉnh Vĩnh Long","Trạm 3G":"3G","Số giấy chứng nhận kiểm định":"Đang hoàn thiện hồ sơ đo kiểm, Tự công bố sự phù hợp","Có giá trị đến":null,"layer_id":165,"fid":11639,"label":"Viễn thông Vĩnh Long"}},{"type":"Feature","geometry":{"type":"Point","coordinates":[106.33816,9.86675]},"properties":{"Tên doanh nghiệp":"Viễn thông Vĩnh Long","Tên trạm BTS":"TVH2024-225","Địa chỉ lắp đặt":"Châu Thành tỉnh Vĩnh Long","Trạm 3G":"3G","Số giấy chứng nhận kiểm định":"Đang hoàn thiện hồ sơ đo kiểm, Tự công bố sự phù hợp","Có giá trị đến":null,"layer_id":165,"fid":11640,"label":"Viễn thông Vĩnh Long"}},{"type":"Feature","geometry":{"type":"Point","coordinates":[106.34509,9.85376]},"properties":{"Tên doanh nghiệp":"Viễn thông Vĩnh Long","Tên trạm BTS":"TVH2024-224","Địa chỉ lắp đặt":"Châu Thành tỉnh Vĩnh Long","Trạm 3G":"3G","Số giấy chứng nhận kiểm định":"Đang hoàn thiện hồ sơ đo kiểm, Tự công bố sự phù hợp","Có giá trị đến":null,"layer_id":165,"fid":11641,"label":"Viễn thông Vĩnh Long"}},{"type":"Feature","geometry":{"type":"Point","coordinates":[106.33524,9.82119]},"properties":{"Tên doanh nghiệp":"Viễn thông Vĩnh Long","Tên trạm BTS":"TVH2024-222","Địa chỉ lắp đặt":"Châu Thành tỉnh Vĩnh Long","Trạm 3G":"3G","Số giấy chứng nhận kiểm định":"Đang hoàn thiện hồ sơ đo kiểm, Tự công bố sự phù hợp","Có giá trị đến":null,"layer_id":165,"fid":11642,"label":"Viễn thông Vĩnh Long"}},{"type":"Feature","geometry":{"type":"Point","coordinates":[106.23049,10.17818]},"properties":{"Tên doanh nghiệp":"Viễn thông Vĩnh Long","Tên trạm BTS":"Hung-Khanh-Trung-BTE","Địa chỉ lắp đặt":"Hưng Khánh Trung, Vĩnh Long","Trạm 3G":"3G","Số giấy chứng nhận kiểm định":null,"Có giá trị đến":"05/10/2026","layer_id":165,"fid":11643,"label":"Viễn thông Vĩnh Long"}},{"type":"Feature","geometry":{"type":"Point","coordinates":[106.19247,10.20872]},"properties":{"Tên doanh nghiệp":"Viễn thông Vĩnh Long","Tên trạm BTS":"Khu-Dan-Cu-Tan-Thieng-BTE","Địa chỉ lắp đặt":"Vĩnh Thành, Vĩnh Long","Trạm 3G":"3G","Số giấy chứng nhận kiểm định":null,"Có giá trị đến":"10/04/2028","layer_id":165,"fid":11644,"label":"Viễn thông Vĩnh Long"}},{"type":"Feature","geometry":{"type":"Point","coordinates":[106.18707,10.23302]},"properties":{"Tên doanh nghiệp":"Viễn thông Vĩnh Long","Tên trạm BTS":"Long-Thoi-BTE","Địa chỉ lắp đặt":"Chợ Lách, Vĩnh Long","Trạm 3G":"3G","Số giấy chứng nhận kiểm định":"A14116040925TG05","Có giá trị đến":"9/4/30 12:00:00 AM","layer_id":165,"fid":11646,"label":"Viễn thông Vĩnh Long"}},{"type":"Feature","geometry":{"type":"Point","coordinates":[106.18009,10.19643]},"properties":{"Tên doanh nghiệp":"Viễn thông Vĩnh Long","Tên trạm BTS":"Tan-Thieng-BTE","Địa chỉ lắp đặt":"Vĩnh Thành, Vĩnh Long","Trạm 3G":"3G","Số giấy chứng nhận kiểm định":"A10882111022TG05","Có giá trị đến":"11/10/2027","layer_id":165,"fid":11647,"label":"Viễn thông Vĩnh Long"}},{"type":"Feature","geometry":{"type":"Point","coordinates":[106.08826,10.26701]},"properties":{"Tên doanh nghiệp":"Viễn thông Vĩnh Long","Tên trạm BTS":"Vinh-Binh-BTE","Địa chỉ lắp đặt":" Phú Phụng, Vĩnh Long","Trạm 3G":"3G","Số giấy chứng nhận kiểm định":null,"Có giá trị đến":"10/04/2028","layer_id":165,"fid":11648,"label":"Viễn thông Vĩnh Long"}},{"type":"Feature","geometry":{"type":"Point","coordinates":[106.04921,10.27561]},"properties":{"Tên doanh nghiệp":"Viễn thông Vĩnh Long","Tên trạm BTS":"Phu-Phung-BTE","Địa chỉ lắp đặt":"Phú Phụng, Vĩnh Long","Trạm 3G":"3G","Số giấy chứng nhận kiểm định":null,"Có giá trị đến":"10/04/2028","layer_id":165,"fid":11649,"label":"Viễn thông Vĩnh Long"}},{"type":"Feature","geometry":{"type":"Point","coordinates":[106.24116,10.225043]},"properties":{"Tên doanh nghiệp":"Viễn thông Vĩnh Long","Tên trạm BTS":"Kenh-Bao-Vang-BTE","Địa chỉ lắp đặt":"Vĩnh Thành, Vĩnh Long","Trạm 3G":"3G","Số giấy chứng nhận kiểm định":null,"Có giá trị đến":"10/04/2028","layer_id":165,"fid":11650,"label":"Viễn thông Vĩnh Long"}},{"type":"Feature","geometry":{"type":"Point","coordinates":[106.1282,10.2431]},"properties":{"Tên doanh nghiệp":"Viễn thông Vĩnh Long","Tên trạm BTS":"Binh-An-B-BTE","Địa chỉ lắp đặt":"Chợ Lách, Vĩnh Long","Trạm 3G":"3G","Số giấy chứng nhận kiểm định":null,"Có giá trị đến":"10/04/2028","layer_id":165,"fid":11651,"label":"Viễn thông Vĩnh Long"}},{"type":"Feature","geometry":{"type":"Point","coordinates":[106.0253,10.2724]},"properties":{"Tên doanh nghiệp":"Viễn thông Vĩnh Long","Tên trạm BTS":"3G_LHO046M_VLG.LHO","Địa chỉ lắp đặt":"Ấp Phước Định 2, xã An Bình, tỉnh Vĩnh Long.","Trạm 3G":"3G","Số giấy chứng nhận kiểm định":null,"Có giá trị đến":"3/16/31 12:00:00 AM","layer_id":165,"fid":11652,"label":"Viễn thông Vĩnh Long"}},{"type":"Feature","geometry":{"type":"Point","coordinates":[106.016529,10.282904]},"properties":{"Tên doanh nghiệp":"Viễn thông Vĩnh Long","Tên trạm BTS":"VLG2021-3","Địa chỉ lắp đặt":"ấp Bình Hòa 2, xã An Bình, tỉnh Vĩnh Long","Trạm 3G":"3G","Số giấy chứng nhận kiểm định":null,"Có giá trị đến":"03/03/2028","layer_id":165,"fid":11653,"label":"Viễn thông Vĩnh Long"}},{"type":"Feature","geometry":{"type":"Point","coordinates":[106.14733,10.26987]},"properties":{"Tên doanh nghiệp":"Viễn thông Vĩnh Long","Tên trạm BTS":"Binh-An-A-BTE","Địa chỉ lắp đặt":"Chợ Lách, Vĩnh Long","Trạm 3G":"3G","Số giấy chứng nhận kiểm định":null,"Có giá trị đến":"10/04/2028","layer_id":165,"fid":11654,"label":"Viễn thông Vĩnh Long"}},{"type":"Feature","geometry":{"type":"Point","coordinates":[106.13107,10.265223]},"properties":{"Tên doanh nghiệp":"Viễn thông Vĩnh Long","Tên trạm BTS":"Thi-Tran-2-BTE","Địa chỉ lắp đặt":"Chợ Lách, Vĩnh Long","Trạm 3G":"3G","Số giấy chứng nhận kiểm định":"A10885111022TG05","Có giá trị đến":"11/10/2027","layer_id":165,"fid":11655,"label":"Viễn thông Vĩnh Long"}},{"type":"Feature","geometry":{"type":"Point","coordinates":[106.21573,10.2067]},"properties":{"Tên doanh nghiệp":"Viễn thông Vĩnh Long","Tên trạm BTS":"Cai-Mon-BTE","Địa chỉ lắp đặt":"Vĩnh Thành, Vĩnh Long","Trạm 3G":"3G","Số giấy chứng nhận kiểm định":"A14111040925TG05","Có giá trị đến":"9/4/30 12:00:00 AM","layer_id":165,"fid":11656,"label":"Viễn thông Vĩnh Long"}},{"type":"Feature","geometry":{"type":"Point","coordinates":[106.11097,10.26242]},"properties":{"Tên doanh nghiệp":"Viễn thông Vĩnh Long","Tên trạm BTS":"Son-Dinh-BTE","Địa chỉ lắp đặt":"Phú Phụng, Vĩnh Long","Trạm 3G":"3G","Số giấy chứng nhận kiểm định":"A03994010422TG05","Có giá trị đến":"01/04/2027","layer_id":165,"fid":11657,"label":"Viễn thông Vĩnh Long"}},{"type":"Feature","geometry":{"type":"Point","coordinates":[106.205081,10.22204]},"properties":{"Tên doanh nghiệp":"Viễn thông Vĩnh Long","Tên trạm BTS":"Nha-May-Ton-Long-Thoi-BTE","Địa chỉ lắp đặt":"Chợ Lách, Vĩnh Long","Trạm 3G":"3G","Số giấy chứng nhận kiểm định":null,"Có giá trị đến":"10/04/2028","layer_id":165,"fid":11658,"label":"Viễn thông Vĩnh Long"}},{"type":"Feature","geometry":{"type":"Point","coordinates":[105.99554,10.31095]},"properties":{"Tên doanh nghiệp":"Viễn thông Vĩnh Long","Tên trạm BTS":"LONG-HO-3_VLG.LHO","Địa chỉ lắp đặt":"Ấp Phú Mỹ 2, xã An Bình, tỉnh Vĩnh Long.","Trạm 3G":"3G","Số giấy chứng nhận kiểm định":null,"Có giá trị đến":"3/16/31 12:00:00 AM","layer_id":165,"fid":11659,"label":"Viễn thông Vĩnh Long"}},{"type":"Feature","geometry":{"type":"Point","coordinates":[106.01128,10.27386]},"properties":{"Tên doanh nghiệp":"Viễn thông Vĩnh Long","Tên trạm BTS":"BINH-HOA-PHUOC_VLG.LHO","Địa chỉ lắp đặt":"Ấp Bình Hòa 1, xã An Bình, tỉnh Vĩnh Long.","Trạm 3G":"3G","Số giấy chứng nhận kiểm định":"Đang hoàn thiện hồ sơ đo kiểm, Tự công bố sự phù hợp","Có giá trị đến":null,"layer_id":165,"fid":11660,"label":"Viễn thông Vĩnh Long"}},{"type":"Feature","geometry":{"type":"Point","coordinates":[105.95388,10.28416]},"properties":{"Tên doanh nghiệp":"Viễn thông Vĩnh Long","Tên trạm BTS":"LONG-HO-1_VLG.LHO","Địa chỉ lắp đặt":"Ấp An Hưng, xã An Bình, tỉnh Vĩnh Long.","Trạm 3G":"3G","Số giấy chứng nhận kiểm định":null,"Có giá trị đến":"04/08/2030","layer_id":165,"fid":11661,"label":"Viễn thông Vĩnh Long"}},{"type":"Feature","geometry":{"type":"Point","coordinates":[105.964453,10.271535]},"properties":{"Tên doanh nghiệp":"Viễn thông Vĩnh Long","Tên trạm BTS":"AN-BINH_VLG.LHO","Địa chỉ lắp đặt":"Ấp An Thuận, xã An Bình, tỉnh Vĩnh Long.","Trạm 3G":"3G","Số giấy chứng nhận kiểm định":"A01036160126TG05","Có giá trị đến":"1/16/31 12:00:00 AM","layer_id":165,"fid":11662,"label":"Viễn thông Vĩnh Long"}},{"type":"Feature","geometry":{"type":"Point","coordinates":[106.09829,10.25363]},"properties":{"Tên doanh nghiệp":"Viễn thông Vĩnh Long","Tên trạm BTS":"dinh-hoa-thuan-BTE","Địa chỉ lắp đặt":" Phú Phụng, Vĩnh Long","Trạm 3G":"3G","Số giấy chứng nhận kiểm định":null,"Có giá trị đến":"10/04/2028","layer_id":165,"fid":11663,"label":"Viễn thông Vĩnh Long"}},{"type":"Feature","geometry":{"type":"Point","coordinates":[106.258,10.15531]},"properties":{"Tên doanh nghiệp":"Viễn thông Vĩnh Long","Tên trạm BTS":"Hung-Nhon-BTE","Địa chỉ lắp đặt":"Hưng Khánh Trung, Vĩnh Long","Trạm 3G":"3G","Số giấy chứng nhận kiểm định":null,"Có giá trị đến":"10/04/2028","layer_id":165,"fid":11664,"label":"Viễn thông Vĩnh Long"}},{"type":"Feature","geometry":{"type":"Point","coordinates":[106.24076,10.19769]},"properties":{"Tên doanh nghiệp":"Viễn thông Vĩnh Long","Tên trạm BTS":"Vinh-Thanh-BTE","Địa chỉ lắp đặt":"Vĩnh Thành, Vĩnh Long","Trạm 3G":"3G","Số giấy chứng nhận kiểm định":null,"Có giá trị đến":"10/04/2028","layer_id":165,"fid":11665,"label":"Viễn thông Vĩnh Long"}},{"type":"Feature","geometry":{"type":"Point","coordinates":[106.25453,10.20884]},"properties":{"Tên doanh nghiệp":"Viễn thông Vĩnh Long","Tên trạm BTS":"Vinh-Hoa-BTE","Địa chỉ lắp đặt":"Hưng Khánh Trung, Vĩnh Long","Trạm 3G":"3G","Số giấy chứng nhận kiểm định":"A03993010422TG05","Có giá trị đến":"01/04/2027","layer_id":165,"fid":11666,"label":"Viễn thông Vĩnh Long"}},{"type":"Feature","geometry":{"type":"Point","coordinates":[106.198906,10.179909]},"properties":{"Tên doanh nghiệp":"Viễn thông Vĩnh Long","Tên trạm BTS":"Kenh-Vam-Xa-BTE","Địa chỉ lắp đặt":"Vĩnh Thành, Vĩnh Long","Trạm 3G":"3G","Số giấy chứng nhận kiểm định":null,"Có giá trị đến":"10/04/2028","layer_id":165,"fid":11667,"label":"Viễn thông Vĩnh Long"}},{"type":"Feature","geometry":{"type":"Point","coordinates":[106.06502,10.25283]},"properties":{"Tên doanh nghiệp":"Viễn thông Vĩnh Long","Tên trạm BTS":"Con-Phu-Da-BTE","Địa chỉ lắp đặt":" Phú Phụng, Vĩnh Long","Trạm 3G":"3G","Số giấy chứng nhận kiểm định":null,"Có giá trị đến":"05/10/2026","layer_id":165,"fid":11668,"label":"Viễn thông Vĩnh Long"}},{"type":"Feature","geometry":{"type":"Point","coordinates":[106.14899,10.2262]},"properties":{"Tên doanh nghiệp":"Viễn thông Vĩnh Long","Tên trạm BTS":"Kinh-La-Phung-BTE","Địa chỉ lắp đặt":"Chợ Lách, Vĩnh Long","Trạm 3G":"3G","Số giấy chứng nhận kiểm định":null,"Có giá trị đến":"05/10/2026","layer_id":165,"fid":11669,"label":"Viễn thông Vĩnh Long"}},{"type":"Feature","geometry":{"type":"Point","coordinates":[106.15273,10.24728]},"properties":{"Tên doanh nghiệp":"Viễn thông Vĩnh Long","Tên trạm BTS":"Hoa-Nghia-BTE","Địa chỉ lắp đặt":"Chợ Lách, Vĩnh Long","Trạm 3G":"3G","Số giấy chứng nhận kiểm định":"A08977160822TG05","Có giá trị đến":"8/16/27 12:00:00 AM","layer_id":165,"fid":11670,"label":"Viễn thông Vĩnh Long"}},{"type":"Feature","geometry":{"type":"Point","coordinates":[106.13855,10.23678]},"properties":{"Tên doanh nghiệp":"Viễn thông Vĩnh Long","Tên trạm BTS":"Hòa Nghĩa 3","Địa chỉ lắp đặt":"Chợ Lách, Vĩnh Long","Trạm 3G":"3G","Số giấy chứng nhận kiểm định":null,"Có giá trị đến":"10/04/2028","layer_id":165,"fid":11671,"label":"Viễn thông Vĩnh Long"}},{"type":"Feature","geometry":{"type":"Point","coordinates":[106.03894,10.26867]},"properties":{"Tên doanh nghiệp":"Viễn thông Vĩnh Long","Tên trạm BTS":"Ấp Cống","Địa chỉ lắp đặt":"Phú Phụng, Vĩnh Long","Trạm 3G":"3G","Số giấy chứng nhận kiểm định":null,"Có giá trị đến":"23/08/2029","layer_id":165,"fid":11672,"label":"Viễn thông Vĩnh Long"}},{"type":"Feature","geometry":{"type":"Point","coordinates":[106.12086,10.25792]},"properties":{"Tên doanh nghiệp":"Viễn thông Vĩnh Long","Tên trạm BTS":"Cho-Lach-BTE","Địa chỉ lắp đặt":"Chợ Lách, Vĩnh Long","Trạm 3G":"3G","Số giấy chứng nhận kiểm định":"A14117040925TG05","Có giá trị đến":"9/4/30 12:00:00 AM","layer_id":165,"fid":11673,"label":"Viễn thông Vĩnh Long"}},{"type":"Feature","geometry":{"type":"Point","coordinates":[105.99187,10.28383]},"properties":{"Tên doanh nghiệp":"Viễn thông Vĩnh Long","Tên trạm BTS":"HOA-NINH_VLG.LHO","Địa chỉ lắp đặt":"Ấp Bình Thuận 1, xã An Bình, tỉnh Vĩnh Long.","Trạm 3G":"3G","Số giấy chứng nhận kiểm định":"Đang hoàn thiện hồ sơ đo kiểm, Tự công bố sự phù hợp","Có giá trị đến":null,"layer_id":165,"fid":11674,"label":"Viễn thông Vĩnh Long"}},{"type":"Feature","geometry":{"type":"Point","coordinates":[106.1679,10.24211]},"properties":{"Tên doanh nghiệp":"Viễn thông Vĩnh Long","Tên trạm BTS":"Hoa-Quoi-BTE","Địa chỉ lắp đặt":"Chợ Lách, Vĩnh Long","Trạm 3G":"3G","Số giấy chứng nhận kiểm định":null,"Có giá trị đến":"10/04/2028","layer_id":165,"fid":11675,"label":"Viễn thông Vĩnh Long"}},{"type":"Feature","geometry":{"type":"Point","coordinates":[106.1652,10.21175]},"properties":{"Tên doanh nghiệp":"Viễn thông Vĩnh Long","Tên trạm BTS":"Cau-Cai-Tre-BTE","Địa chỉ lắp đặt":"Vĩnh Thành, Vĩnh Long","Trạm 3G":"3G","Số giấy chứng nhận kiểm định":"A10883111022TG05","Có giá trị đến":"11/10/2027","layer_id":165,"fid":11676,"label":"Viễn thông Vĩnh Long"}},{"type":"Feature","geometry":{"type":"Point","coordinates":[105.98249,10.32268]},"properties":{"Tên doanh nghiệp":"Viễn thông Vĩnh Long","Tên trạm BTS":"3G_LHO052M_VLG.LHO","Địa chỉ lắp đặt":"Ấp Phú Mỹ 2, xã An Bình, tỉnh Vĩnh Long.","Trạm 3G":"3G","Số giấy chứng nhận kiểm định":null,"Có giá trị đến":"22/01/2029","layer_id":165,"fid":11677,"label":"Viễn thông Vĩnh Long"}},{"type":"Feature","geometry":{"type":"Point","coordinates":[106.21654,10.23619]},"properties":{"Tên doanh nghiệp":"Viễn thông Vĩnh Long","Tên trạm BTS":"Phu-Son-BTE","Địa chỉ lắp đặt":"Vĩnh Thành, Vĩnh Long","Trạm 3G":"3G","Số giấy chứng nhận kiểm định":null,"Có giá trị đến":"10/04/2028","layer_id":165,"fid":11678,"label":"Viễn thông Vĩnh Long"}},{"type":"Feature","geometry":{"type":"Point","coordinates":[106.042,10.2851]},"properties":{"Tên doanh nghiệp":"Viễn thông Vĩnh Long","Tên trạm BTS":"Phụng Đức A","Địa chỉ lắp đặt":"Phú Phụng, Vĩnh Long","Trạm 3G":"3G","Số giấy chứng nhận kiểm định":null,"Có giá trị đến":"23/08/2029","layer_id":165,"fid":11679,"label":"Viễn thông Vĩnh Long"}},{"type":"Feature","geometry":{"type":"Point","coordinates":[106.20562,10.19145]},"properties":{"Tên doanh nghiệp":"Viễn thông Vĩnh Long","Tên trạm BTS":"Phụng Đức A2","Địa chỉ lắp đặt":"Vĩnh Thành, Vĩnh Long","Trạm 3G":"3G","Số giấy chứng nhận kiểm định":null,"Có giá trị đến":"10/04/2028","layer_id":165,"fid":11680,"label":"Viễn thông Vĩnh Long"}},{"type":"Feature","geometry":{"type":"Point","coordinates":[106.11975,10.27515]},"properties":{"Tên doanh nghiệp":"Viễn thông Vĩnh Long","Tên trạm BTS":"Phu-Thoi-BTE","Địa chỉ lắp đặt":"Phú Phụng, Vĩnh Long","Trạm 3G":"3G","Số giấy chứng nhận kiểm định":null,"Có giá trị đến":"10/04/2028","layer_id":165,"fid":11681,"label":"Viễn thông Vĩnh Long"}},{"type":"Feature","geometry":{"type":"Point","coordinates":[106.23697,10.162231]},"properties":{"Tên doanh nghiệp":"Viễn thông Vĩnh Long","Tên trạm BTS":"Hung-Khanh-Trung-B-2-BTE","Địa chỉ lắp đặt":"Hưng Khánh Trung, Vĩnh Long","Trạm 3G":"3G","Số giấy chứng nhận kiểm định":null,"Có giá trị đến":"05/10/2026","layer_id":165,"fid":11682,"label":"Viễn thông Vĩnh Long"}},{"type":"Feature","geometry":{"type":"Point","coordinates":[106.13722,10.25341]},"properties":{"Tên doanh nghiệp":"Viễn thông Vĩnh Long","Tên trạm BTS":"Quan-Trung-Nhon-BTE","Địa chỉ lắp đặt":"Chợ Lách, Vĩnh Long","Trạm 3G":"3G","Số giấy chứng nhận kiểm định":null,"Có giá trị đến":"05/10/2026","layer_id":165,"fid":11683,"label":"Viễn thông Vĩnh Long"}},{"type":"Feature","geometry":{"type":"Point","coordinates":[106.02061,10.29445]},"properties":{"Tên doanh nghiệp":"Viễn thông Vĩnh Long","Tên trạm BTS":"LONG-HO-2_VLG.LHO","Địa chỉ lắp đặt":"Ấp Phú An 2, xã An Bình, tỉnh Vĩnh Long.","Trạm 3G":"3G","Số giấy chứng nhận kiểm định":null,"Có giá trị đến":"3/16/31 12:00:00 AM","layer_id":165,"fid":11684,"label":"Viễn thông Vĩnh Long"}},{"type":"Feature","geometry":{"type":"Point","coordinates":[106.21306,10.16945]},"properties":{"Tên doanh nghiệp":"Viễn thông Vĩnh Long","Tên trạm BTS":"Thanh-Dien-BTE","Địa chỉ lắp đặt":"Hưng Khánh Trung, Vĩnh Long","Trạm 3G":"3G","Số giấy chứng nhận kiểm định":null,"Có giá trị đến":"10/04/2028","layer_id":165,"fid":11685,"label":"Viễn thông Vĩnh Long"}},{"type":"Feature","geometry":{"type":"Point","coordinates":[105.996807,10.270348]},"properties":{"Tên doanh nghiệp":"Viễn thông Vĩnh Long","Tên trạm BTS":"VLG2023-207 (LHO062M_VLG)","Địa chỉ lắp đặt":"Ấp Bình Thuận 1, xã An Bình, tỉnh Vĩnh Long.","Trạm 3G":"3G","Số giấy chứng nhận kiểm định":null,"Có giá trị đến":"06/01/2031","layer_id":165,"fid":11686,"label":"Viễn thông Vĩnh Long"}},{"type":"Feature","geometry":{"type":"Point","coordinates":[105.94526,10.29277]},"properties":{"Tên doanh nghiệp":"Viễn thông Vĩnh Long","Tên trạm BTS":"3G_LHO051M_VLG.LHO","Địa chỉ lắp đặt":"Ấp An Long, xã An Bình, tỉnh Vĩnh Long","Trạm 3G":"3G","Số giấy chứng nhận kiểm định":null,"Có giá trị đến":"22/01/2029","layer_id":165,"fid":11687,"label":"Viễn thông Vĩnh Long"}},{"type":"Feature","geometry":{"type":"Point","coordinates":[106.248889,10.175833]},"properties":{"Tên doanh nghiệp":"Viễn thông Vĩnh Long","Tên trạm BTS":"UBND-Hung-Khanh-Trung-A-BTE","Địa chỉ lắp đặt":"Hưng Khánh Trung, Vĩnh Long","Trạm 3G":"3G","Số giấy chứng nhận kiểm định":null,"Có giá trị đến":"10/04/2028","layer_id":165,"fid":11688,"label":"Viễn thông Vĩnh Long"}},{"type":"Feature","geometry":{"type":"Point","coordinates":[105.971845,10.296969]},"properties":{"Tên doanh nghiệp":"Viễn thông Vĩnh Long","Tên trạm BTS":"3G_LHO039M_VLG.LHO","Địa chỉ lắp đặt":"Ấp Hòa Thuận, xã An Bình, tỉnh Vĩnh Long","Trạm 3G":"3G","Số giấy chứng nhận kiểm định":null,"Có giá trị đến":"06/01/2031","layer_id":165,"fid":11689,"label":"Viễn thông Vĩnh Long"}},{"type":"Feature","geometry":{"type":"Point","coordinates":[106.22114,10.19157]},"properties":{"Tên doanh nghiệp":"Viễn thông Vĩnh Long","Tên trạm BTS":"Cau-Hoa-Khanh-BTE","Địa chỉ lắp đặt":"Vĩnh Thành, Vĩnh Long","Trạm 3G":"3G","Số giấy chứng nhận kiểm định":null,"Có giá trị đến":"05/10/2026","layer_id":165,"fid":11690,"label":"Viễn thông Vĩnh Long"}},{"type":"Feature","geometry":{"type":"Point","coordinates":[105.97855,10.27942]},"properties":{"Tên doanh nghiệp":"Viễn thông Vĩnh Long","Tên trạm BTS":"HOA-QUI_VLG.LHO","Địa chỉ lắp đặt":"Ấp Hòa Quí, xã An Bình, tỉnh Vĩnh Long.","Trạm 3G":"3G","Số giấy chứng nhận kiểm định":null,"Có giá trị đến":"04/08/2030","layer_id":165,"fid":11691,"label":"Viễn thông Vĩnh Long"}},{"type":"Feature","geometry":{"type":"Point","coordinates":[106.10031,10.26571]},"properties":{"Tên doanh nghiệp":"Viễn thông Vĩnh Long","Tên trạm BTS":"BTE2023-031","Địa chỉ lắp đặt":"Phú Phụng, Vĩnh Long","Trạm 3G":"3G","Số giấy chứng nhận kiểm định":null,"Có giá trị đến":"06/01/2031","layer_id":165,"fid":11692,"label":"Viễn thông Vĩnh Long"}},{"type":"Feature","geometry":{"type":"Point","coordinates":[106.107632,10.278153]},"properties":{"Tên doanh nghiệp":"Viễn thông Vĩnh Long","Tên trạm BTS":"BTE2023-124","Địa chỉ lắp đặt":"Xã Chợ Lách tỉnh Vĩnh Long","Trạm 3G":"3G","Số giấy chứng nhận kiểm định":null,"Có giá trị đến":"3/16/31 12:00:00 AM","layer_id":165,"fid":11693,"label":"Viễn thông Vĩnh Long"}},{"type":"Feature","geometry":{"type":"Point","coordinates":[106.109058,10.247129]},"properties":{"Tên doanh nghiệp":"Viễn thông Vĩnh Long","Tên trạm BTS":"BTE2024-362","Địa chỉ lắp đặt":"Xã Chợ Lách tỉnh Vĩnh Long","Trạm 3G":"3G","Số giấy chứng nhận kiểm định":null,"Có giá trị đến":"3/16/31 12:00:00 AM","layer_id":165,"fid":11694,"label":"Viễn thông Vĩnh Long"}},{"type":"Feature","geometry":{"type":"Point","coordinates":[106.40353,9.68546]},"properties":{"Tên doanh nghiệp":"Viễn thông Vĩnh Long","Tên trạm BTS":"LAC-SON_TVH","Địa chỉ lắp đặt":"tầng trệt, ấp Lạc Sơn, Xã Ngũ Lạc, Tỉnh Vĩnh Long","Trạm 3G":"3G","Số giấy chứng nhận kiểm định":null,"Có giá trị đến":"09/06/2030","layer_id":165,"fid":11695,"label":"Viễn thông Vĩnh Long"}},{"type":"Feature","geometry":{"type":"Point","coordinates":[106.375874,9.601286]},"properties":{"Tên doanh nghiệp":"Viễn thông Vĩnh Long","Tên trạm BTS":"CAI-CO-LONG-VINH_TVH","Địa chỉ lắp đặt":"ấp Cái Cỏ,Xã Long Vĩnh, Tỉnh Vĩnh Long","Trạm 3G":"3G","Số giấy chứng nhận kiểm định":null,"Có giá trị đến":"09/06/2030","layer_id":165,"fid":11696,"label":"Viễn thông Vĩnh Long"}},{"type":"Feature","geometry":{"type":"Point","coordinates":[106.41444,9.73005]},"properties":{"Tên doanh nghiệp":"Viễn thông Vĩnh Long","Tên trạm BTS":"HUYEN-DUC_TVH","Địa chỉ lắp đặt":"Ấp Huyền Đức,Xã Hiệp Mỹ, Tỉnh Vĩnh Long","Trạm 3G":"3G","Số giấy chứng nhận kiểm định":null,"Có giá trị đến":"14/11/2029","layer_id":165,"fid":11697,"label":"Viễn thông Vĩnh Long"}},{"type":"Feature","geometry":{"type":"Point","coordinates":[106.4858,9.7136]},"properties":{"Tên doanh nghiệp":"Viễn thông Vĩnh Long","Tên trạm BTS":"MY-QUY_TVH","Địa chỉ lắp đặt":"Ấp Bầu Bèo, Xã Hiệp Mỹ, Tỉnh Vĩnh Long","Trạm 3G":"3G","Số giấy chứng nhận kiểm định":null,"Có giá trị đến":"09/06/2030","layer_id":165,"fid":11698,"label":"Viễn thông Vĩnh Long"}},{"type":"Feature","geometry":{"type":"Point","coordinates":[106.40626,9.66209]},"properties":{"Tên doanh nghiệp":"Viễn thông Vĩnh Long","Tên trạm BTS":"LA-BANG-CHUA_TVH","Địa chỉ lắp đặt":"Ấp Cây Xoài, Xã Ngũ Lạc, Tỉnh Vĩnh Long","Trạm 3G":"3G","Số giấy chứng nhận kiểm định":null,"Có giá trị đến":"17/03/2028","layer_id":165,"fid":11699,"label":"Viễn thông Vĩnh Long"}},{"type":"Feature","geometry":{"type":"Point","coordinates":[106.55898,9.67522]},"properties":{"Tên doanh nghiệp":"Viễn thông Vĩnh Long","Tên trạm BTS":"TRUONG-LONG-HOA_TVH","Địa chỉ lắp đặt":"Phường Trường Long Hòa, Tỉnh Vĩnh Long","Trạm 3G":"3G","Số giấy chứng nhận kiểm định":"A08319290321TG05","Có giá trị đến":"3/29/26 12:00:00 AM","layer_id":165,"fid":11700,"label":"Viễn thông Vĩnh Long"}},{"type":"Feature","geometry":{"type":"Point","coordinates":[106.517641,9.701761]},"properties":{"Tên doanh nghiệp":"Viễn thông Vĩnh Long","Tên trạm BTS":"AP-11_TVH","Địa chỉ lắp đặt":"Ấp 11, Xã Long Hữu, Tỉnh Vĩnh Long","Trạm 3G":"3G","Số giấy chứng nhận kiểm định":null,"Có giá trị đến":"17/03/2028","layer_id":165,"fid":11701,"label":"Viễn thông Vĩnh Long"}},{"type":"Feature","geometry":{"type":"Point","coordinates":[106.31934,9.59455]},"properties":{"Tên doanh nghiệp":"Viễn thông Vĩnh Long","Tên trạm BTS":"DON-BIEN-PHONG_TVH","Địa chỉ lắp đặt":"Ấp cái cối, Xã Long Vĩnh, Tỉnh Vĩnh Long","Trạm 3G":"3G","Số giấy chứng nhận kiểm định":"A12108220725TG05","Có giá trị đến":"7/22/30 12:00:00 AM","layer_id":165,"fid":11702,"label":"Viễn thông Vĩnh Long"}},{"type":"Feature","geometry":{"type":"Point","coordinates":[106.50082,9.69369]},"properties":{"Tên doanh nghiệp":"Viễn thông Vĩnh Long","Tên trạm BTS":"AP-12_TVH","Địa chỉ lắp đặt":"Khóm 1, Phường Trường Long Hòa, Tỉnh Vĩnh Long","Trạm 3G":"3G","Số giấy chứng nhận kiểm định":null,"Có giá trị đến":"14/11/2029","layer_id":165,"fid":11703,"label":"Viễn thông Vĩnh Long"}},{"type":"Feature","geometry":{"type":"Point","coordinates":[106.45977,9.7425]},"properties":{"Tên doanh nghiệp":"Viễn thông Vĩnh Long","Tên trạm BTS":"LO-O-HIEP-MY_TVH","Địa chỉ lắp đặt":"ấp Lồ Ô, Xã Hiệp Mỹ, Tỉnh Vĩnh Long","Trạm 3G":"3G","Số giấy chứng nhận kiểm định":null,"Có giá trị đến":"09/06/2030","layer_id":165,"fid":11704,"label":"Viễn thông Vĩnh Long"}},{"type":"Feature","geometry":{"type":"Point","coordinates":[106.34485,9.58009]},"properties":{"Tên doanh nghiệp":"Viễn thông Vĩnh Long","Tên trạm BTS":"LA-GHI_TVH","Địa chỉ lắp đặt":"Tầng trệt,  Ấp La Ghi, Xã Long Vĩnh, Tỉnh Vĩnh Long","Trạm 3G":"3G","Số giấy chứng nhận kiểm định":null,"Có giá trị đến":"14/11/2029","layer_id":165,"fid":11705,"label":"Viễn thông Vĩnh Long"}},{"type":"Feature","geometry":{"type":"Point","coordinates":[106.38278,9.65677]},"properties":{"Tên doanh nghiệp":"Viễn thông Vĩnh Long","Tên trạm BTS":"DON-CHAU_TVH","Địa chỉ lắp đặt":"BĐ VH Đôn Châu, Xã Đôn Châu, Tỉnh Vĩnh Long","Trạm 3G":"3G","Số giấy chứng nhận kiểm định":"A08325290321TG05","Có giá trị đến":"3/29/26 12:00:00 AM","layer_id":165,"fid":11706,"label":"Viễn thông Vĩnh Long"}},{"type":"Feature","geometry":{"type":"Point","coordinates":[106.44519,9.70621]},"properties":{"Tên doanh nghiệp":"Viễn thông Vĩnh Long","Tên trạm BTS":"THANH-HOA-SON_TVH","Địa chỉ lắp đặt":"BDVH Ấp Lạc Thành A, Xã Ngũ Lạc, Tỉnh Vĩnh Long","Trạm 3G":"3G","Số giấy chứng nhận kiểm định":"A34118301121TG05","Có giá trị đến":"30/11/2026","layer_id":165,"fid":11707,"label":"Viễn thông Vĩnh Long"}},{"type":"Feature","geometry":{"type":"Point","coordinates":[106.36304,9.56409]},"properties":{"Tên doanh nghiệp":"Viễn thông Vĩnh Long","Tên trạm BTS":"CAI-COI_TVH","Địa chỉ lắp đặt":"Ấp Vàm Rạch Cỏ, Xã Long Vĩnh, Tỉnh Vĩnh Long","Trạm 3G":"3G","Số giấy chứng nhận kiểm định":"A08320290321TG05","Có giá trị đến":"3/29/26 12:00:00 AM","layer_id":165,"fid":11708,"label":"Viễn thông Vĩnh Long"}},{"type":"Feature","geometry":{"type":"Point","coordinates":[106.548367,9.740385]},"properties":{"Tên doanh nghiệp":"Viễn thông Vĩnh Long","Tên trạm BTS":"HIEP-THANH_TVH","Địa chỉ lắp đặt":"Ấp Cây Đa, Xã Long Hữu, Tỉnh Vĩnh Long","Trạm 3G":"3G","Số giấy chứng nhận kiểm định":"A08316290321TG05","Có giá trị đến":"3/29/26 12:00:00 AM","layer_id":165,"fid":11709,"label":"Viễn thông Vĩnh Long"}},{"type":"Feature","geometry":{"type":"Point","coordinates":[106.51769,9.58126]},"properties":{"Tên doanh nghiệp":"Viễn thông Vĩnh Long","Tên trạm BTS":"NHA-MAY-NHIET-DIEN_TVH","Địa chỉ lắp đặt":"Ấp Mù U, Phường Duyên Hải, Tỉnh Vĩnh Long","Trạm 3G":"3G","Số giấy chứng nhận kiểm định":null,"Có giá trị đến":"14/11/2029","layer_id":165,"fid":11710,"label":"Viễn thông Vĩnh Long"}},{"type":"Feature","geometry":{"type":"Point","coordinates":[106.42657,9.66343]},"properties":{"Tên doanh nghiệp":"Viễn thông Vĩnh Long","Tên trạm BTS":"NGU-LAC_TVH","Địa chỉ lắp đặt":"Trạm VT Ấp Cây Da, Xã Ngũ Lạc, Tỉnh Vĩnh Long","Trạm 3G":"3G","Số giấy chứng nhận kiểm định":"A12112220725TG05","Có giá trị đến":"7/22/30 12:00:00 AM","layer_id":165,"fid":11711,"label":"Viễn thông Vĩnh Long"}},{"type":"Feature","geometry":{"type":"Point","coordinates":[106.47105,9.67289]},"properties":{"Tên doanh nghiệp":"Viễn thông Vĩnh Long","Tên trạm BTS":"AP-15_TVH","Địa chỉ lắp đặt":"Ấp 15, Xã Long Hữu, Tỉnh Vĩnh Long","Trạm 3G":"3G","Số giấy chứng nhận kiểm định":"A12116220725TG05","Có giá trị đến":"7/22/30 12:00:00 AM","layer_id":165,"fid":11712,"label":"Viễn thông Vĩnh Long"}},{"type":"Feature","geometry":{"type":"Point","coordinates":[106.34101,9.64327]},"properties":{"Tên doanh nghiệp":"Viễn thông Vĩnh Long","Tên trạm BTS":"DON-XUAN_TVH","Địa chỉ lắp đặt":"BD Ấp Cây Còng, Xã Đôn Châu, Tỉnh Vĩnh Long","Trạm 3G":"3G","Số giấy chứng nhận kiểm định":null,"Có giá trị đến":"14/11/2029","layer_id":165,"fid":11713,"label":"Viễn thông Vĩnh Long"}},{"type":"Feature","geometry":{"type":"Point","coordinates":[106.57359,9.69417]},"properties":{"Tên doanh nghiệp":"Viễn thông Vĩnh Long","Tên trạm BTS":"NHA-MAT_TVH","Địa chỉ lắp đặt":"Tầng trệt, Ấp Nhà Mát, Phường Trường Long Hòa, Tỉnh Vĩnh Long","Trạm 3G":"3G","Số giấy chứng nhận kiểm định":null,"Có giá trị đến":"04/08/2030","layer_id":165,"fid":11714,"label":"Viễn thông Vĩnh Long"}},{"type":"Feature","geometry":{"type":"Point","coordinates":[106.54047,9.61612]},"properties":{"Tên doanh nghiệp":"Viễn thông Vĩnh Long","Tên trạm BTS":"KHOAN-TIEU_TVH","Địa chỉ lắp đặt":"Tầng trệt, Ấp Cồn Ông, Phường Duyên Hải, Tỉnh Vĩnh Long","Trạm 3G":"3G","Số giấy chứng nhận kiểm định":"A08317290321TG05","Có giá trị đến":"3/29/26 12:00:00 AM","layer_id":165,"fid":11715,"label":"Viễn thông Vĩnh Long"}},{"type":"Feature","geometry":{"type":"Point","coordinates":[106.450701,9.667497]},"properties":{"Tên doanh nghiệp":"Viễn thông Vĩnh Long","Tên trạm BTS":"DUONG-LIEU-NGU-LAC_TVH","Địa chỉ lắp đặt":"ấp Đường Liếu, Xã Ngũ Lạc, Tỉnh Vĩnh Long","Trạm 3G":"3G","Số giấy chứng nhận kiểm định":null,"Có giá trị đến":"09/06/2030","layer_id":165,"fid":11716,"label":"Viễn thông Vĩnh Long"}},{"type":"Feature","geometry":{"type":"Point","coordinates":[106.52744,9.59382]},"properties":{"Tên doanh nghiệp":"Viễn thông Vĩnh Long","Tên trạm BTS":"LANG-CHAO_TVH","Địa chỉ lắp đặt":"Ấp Láng Cháo, Phường Duyên Hải, Tỉnh Vĩnh Long","Trạm 3G":"3G","Số giấy chứng nhận kiểm định":null,"Có giá trị đến":"17/03/2028","layer_id":165,"fid":11717,"label":"Viễn thông Vĩnh Long"}},{"type":"Feature","geometry":{"type":"Point","coordinates":[106.48349,9.6483]},"properties":{"Tên doanh nghiệp":"Viễn thông Vĩnh Long","Tên trạm BTS":"GIONG-TROM-TXDHI_TVH","Địa chỉ lắp đặt":"ấp Giồng Trôm, Phường Duyên Hải, Tỉnh Vĩnh Long","Trạm 3G":"3G","Số giấy chứng nhận kiểm định":null,"Có giá trị đến":"09/06/2030","layer_id":165,"fid":11718,"label":"Viễn thông Vĩnh Long"}},{"type":"Feature","geometry":{"type":"Point","coordinates":[106.33558,9.59986]},"properties":{"Tên doanh nghiệp":"Viễn thông Vĩnh Long","Tên trạm BTS":"KENH-DAO_TVH","Địa chỉ lắp đặt":"Ấp Cái Cối, Xã Long Vĩnh, Tỉnh Vĩnh Long","Trạm 3G":"3G","Số giấy chứng nhận kiểm định":null,"Có giá trị đến":"17/03/2028","layer_id":165,"fid":11719,"label":"Viễn thông Vĩnh Long"}},{"type":"Feature","geometry":{"type":"Point","coordinates":[106.3605,9.6511]},"properties":{"Tên doanh nghiệp":"Viễn thông Vĩnh Long","Tên trạm BTS":"BA-NHI-DON-XUAN_TVH","Địa chỉ lắp đặt":"ấp Bà Nhì, Xã Đôn Châu, Tỉnh Vĩnh Long","Trạm 3G":"3G","Số giấy chứng nhận kiểm định":null,"Có giá trị đến":"09/06/2030","layer_id":165,"fid":11720,"label":"Viễn thông Vĩnh Long"}},{"type":"Feature","geometry":{"type":"Point","coordinates":[106.32004,9.63731]},"properties":{"Tên doanh nghiệp":"Viễn thông Vĩnh Long","Tên trạm BTS":"LO-SOI_TVH","Địa chỉ lắp đặt":"Ấp Lộ Sỏi B, Xã Đôn Châu, Tỉnh Vĩnh Long","Trạm 3G":"3G","Số giấy chứng nhận kiểm định":null,"Có giá trị đến":"17/03/2028","layer_id":165,"fid":11721,"label":"Viễn thông Vĩnh Long"}},{"type":"Feature","geometry":{"type":"Point","coordinates":[106.47089,9.56862]},"properties":{"Tên doanh nghiệp":"Viễn thông Vĩnh Long","Tên trạm BTS":"BIEN-DAO-CON-CU_TVH","Địa chỉ lắp đặt":"Ấp Cồn Cù, xã Đông Hải, Tỉnh Vĩnh Long","Trạm 3G":"3G","Số giấy chứng nhận kiểm định":null,"Có giá trị đến":"30/09/2029","layer_id":165,"fid":11722,"label":"Viễn thông Vĩnh Long"}},{"type":"Feature","geometry":{"type":"Point","coordinates":[106.51375,9.66375]},"properties":{"Tên doanh nghiệp":"Viễn thông Vĩnh Long","Tên trạm BTS":"CHUA-LONG-VINH_TVH","Địa chỉ lắp đặt":"Khóm Phước Bình, Phường Trường Long Hòa, Tỉnh Vĩnh Long","Trạm 3G":"3G","Số giấy chứng nhận kiểm định":null,"Có giá trị đến":"14/11/2029","layer_id":165,"fid":11723,"label":"Viễn thông Vĩnh Long"}},{"type":"Feature","geometry":{"type":"Point","coordinates":[106.35421,9.60379]},"properties":{"Tên doanh nghiệp":"Viễn thông Vĩnh Long","Tên trạm BTS":"LONG-VINH_TVH","Địa chỉ lắp đặt":"Bưu cục Long Vĩnh, Xã Long Vĩnh, Tỉnh Vĩnh Long","Trạm 3G":"3G","Số giấy chứng nhận kiểm định":"A08323290321TG05","Có giá trị đến":"3/29/26 12:00:00 AM","layer_id":165,"fid":11724,"label":"Viễn thông Vĩnh Long"}},{"type":"Feature","geometry":{"type":"Point","coordinates":[106.47262,9.61808]},"properties":{"Tên doanh nghiệp":"Viễn thông Vĩnh Long","Tên trạm BTS":"DINH-CU_TVH","Địa chỉ lắp đặt":"Tầng trệt, Ấp Bàu Sen, Phường Duyên Hải, Tỉnh Vĩnh Long","Trạm 3G":"3G","Số giấy chứng nhận kiểm định":"A08314290321TG05","Có giá trị đến":"3/29/26 12:00:00 AM","layer_id":165,"fid":11725,"label":"Viễn thông Vĩnh Long"}},{"type":"Feature","geometry":{"type":"Point","coordinates":[106.47705,9.73198]},"properties":{"Tên doanh nghiệp":"Viễn thông Vĩnh Long","Tên trạm BTS":"HIEP-MY_TVH","Địa chỉ lắp đặt":"Bưu cục Hiệp Mỹ, Xã Hiệp Mỹ, Tỉnh Vĩnh Long","Trạm 3G":"3G","Số giấy chứng nhận kiểm định":"A08985160822TG05","Có giá trị đến":"8/16/27 12:00:00 AM","layer_id":165,"fid":11726,"label":"Viễn thông Vĩnh Long"}},{"type":"Feature","geometry":{"type":"Point","coordinates":[106.48842,9.57731]},"properties":{"Tên doanh nghiệp":"Viễn thông Vĩnh Long","Tên trạm BTS":"CON-CU_TVH","Địa chỉ lắp đặt":"Tầng trệt, ấp Cồn Cù, xã Đông Hải, Tỉnh Vĩnh Long","Trạm 3G":"3G","Số giấy chứng nhận kiểm định":null,"Có giá trị đến":"30/09/2029","layer_id":165,"fid":11727,"label":"Viễn thông Vĩnh Long"}},{"type":"Feature","geometry":{"type":"Point","coordinates":[106.39718,9.54248]},"properties":{"Tên doanh nghiệp":"Viễn thông Vĩnh Long","Tên trạm BTS":"HO-TAU_TVH","Địa chỉ lắp đặt":"Tầng Trệt, Ấp Hồ Tầu, Xã Đông Hải, Tỉnh Vĩnh Long","Trạm 3G":"3G","Số giấy chứng nhận kiểm định":"A08324290321TG05","Có giá trị đến":"3/29/26 12:00:00 AM","layer_id":165,"fid":11728,"label":"Viễn thông Vĩnh Long"}},{"type":"Feature","geometry":{"type":"Point","coordinates":[106.48493,9.81106]},"properties":{"Tên doanh nghiệp":"Viễn thông Vĩnh Long","Tên trạm BTS":"MY-THAP_TVH","Địa chỉ lắp đặt":"ấp Mỹ Thuận, Xã Mỹ Long, Tỉnh Vĩnh Long","Trạm 3G":"3G","Số giấy chứng nhận kiểm định":null,"Có giá trị đến":"17/03/2028","layer_id":165,"fid":11729,"label":"Viễn thông Vĩnh Long"}},{"type":"Feature","geometry":{"type":"Point","coordinates":[106.49103,9.76789]},"properties":{"Tên doanh nghiệp":"Viễn thông Vĩnh Long","Tên trạm BTS":"HIEP-MY-DONG_TVH","Địa chỉ lắp đặt":"Lầu 1, ấp cải Già Trên, Xã Hiệp Mỹ, Tỉnh Vĩnh Long","Trạm 3G":"3G","Số giấy chứng nhận kiểm định":null,"Có giá trị đến":"17/03/2028","layer_id":165,"fid":11730,"label":"Viễn thông Vĩnh Long"}},{"type":"Feature","geometry":{"type":"Point","coordinates":[106.56154,9.73707]},"properties":{"Tên doanh nghiệp":"Viễn thông Vĩnh Long","Tên trạm BTS":"BIEN-DAO-HIEP-THANH_TVH","Địa chỉ lắp đặt":"Xã Long Hữu, Tỉnh Vĩnh Long","Trạm 3G":"3G","Số giấy chứng nhận kiểm định":null,"Có giá trị đến":"30/09/2029","layer_id":165,"fid":11731,"label":"Viễn thông Vĩnh Long"}},{"type":"Feature","geometry":{"type":"Point","coordinates":[106.56162,9.62881]},"properties":{"Tên doanh nghiệp":"Viễn thông Vĩnh Long","Tên trạm BTS":"BIEN-DAO-CON-TRUNG_TVH","Địa chỉ lắp đặt":"Ấp Cồn Trứng, Phường Trường Long Hòa, Tỉnh Vĩnh Long","Trạm 3G":"3G","Số giấy chứng nhận kiểm định":null,"Có giá trị đến":"30/09/2029","layer_id":165,"fid":11732,"label":"Viễn thông Vĩnh Long"}},{"type":"Feature","geometry":{"type":"Point","coordinates":[106.49665,9.64038]},"properties":{"Tên doanh nghiệp":"Viễn thông Vĩnh Long","Tên trạm BTS":"PHUONG-1-TXDHI","Địa chỉ lắp đặt":"khóm 2, Phường Duyên Hải, Tỉnh Vĩnh Long","Trạm 3G":"3G","Số giấy chứng nhận kiểm định":null,"Có giá trị đến":"09/06/2030","layer_id":165,"fid":11733,"label":"Viễn thông Vĩnh Long"}},{"type":"Feature","geometry":{"type":"Point","coordinates":[106.44019,9.60871]},"properties":{"Tên doanh nghiệp":"Viễn thông Vĩnh Long","Tên trạm BTS":"LONG-KHANH_TVH","Địa chỉ lắp đặt":"Trạm viễn thông Long Khánh, Xã Long Thành, Tỉnh Vĩnh Long","Trạm 3G":"3G","Số giấy chứng nhận kiểm định":null,"Có giá trị đến":"14/11/2029","layer_id":165,"fid":11734,"label":"Viễn thông Vĩnh Long"}},{"type":"Feature","geometry":{"type":"Point","coordinates":[106.47551,9.69616]},"properties":{"Tên doanh nghiệp":"Viễn thông Vĩnh Long","Tên trạm BTS":"AP-14_TVH","Địa chỉ lắp đặt":"Ấp 14, Xã Long Hữu, Tỉnh Vĩnh Long","Trạm 3G":"3G","Số giấy chứng nhận kiểm định":null,"Có giá trị đến":"14/11/2029","layer_id":165,"fid":11735,"label":"Viễn thông Vĩnh Long"}},{"type":"Feature","geometry":{"type":"Point","coordinates":[106.49499,9.63238]},"properties":{"Tên doanh nghiệp":"Viễn thông Vĩnh Long","Tên trạm BTS":"DUYEN-HAI_TVH","Địa chỉ lắp đặt":"Bưu cục  Duyên Hải, Phường Duyên Hải, Tỉnh Vĩnh Long","Trạm 3G":"3G","Số giấy chứng nhận kiểm định":"A16229311025TG05","Có giá trị đến":"10/31/30 12:00:00 AM","layer_id":165,"fid":11736,"label":"Viễn thông Vĩnh Long"}},{"type":"Feature","geometry":{"type":"Point","coordinates":[106.43521,9.55209]},"properties":{"Tên doanh nghiệp":"Viễn thông Vĩnh Long","Tên trạm BTS":"DONG-HAI_TVH","Địa chỉ lắp đặt":"Bưu cục Đông Hải, xã Đông Hải, Tỉnh Vĩnh Long","Trạm 3G":"3G","Số giấy chứng nhận kiểm định":"A08322290321TG05","Có giá trị đến":"3/29/26 12:00:00 AM","layer_id":165,"fid":11737,"label":"Viễn thông Vĩnh Long"}},{"type":"Feature","geometry":{"type":"Point","coordinates":[106.39836,9.60111]},"properties":{"Tên doanh nghiệp":"Viễn thông Vĩnh Long","Tên trạm BTS":"CHUA-GIAC-LONG_TVH","Địa chỉ lắp đặt":"Ấp cái Đôi, Xã Long Thành, Tỉnh Vĩnh Long","Trạm 3G":"3G","Số giấy chứng nhận kiểm định":"A08321290321TG05","Có giá trị đến":"3/29/26 12:00:00 AM","layer_id":165,"fid":11738,"label":"Viễn thông Vĩnh Long"}},{"type":"Feature","geometry":{"type":"Point","coordinates":[106.52006,9.59871]},"properties":{"Tên doanh nghiệp":"Viễn thông Vĩnh Long","Tên trạm BTS":"DAN-THANH_TVH","Địa chỉ lắp đặt":"Trạm viễn thông Dân Thành, Phường Duyên Hải, Tỉnh Vĩnh Long","Trạm 3G":"3G","Số giấy chứng nhận kiểm định":"A12120220725TG05","Có giá trị đến":"7/22/30 12:00:00 AM","layer_id":165,"fid":11739,"label":"Viễn thông Vĩnh Long"}},{"type":"Feature","geometry":{"type":"Point","coordinates":[106.49782,9.61449]},"properties":{"Tên doanh nghiệp":"Viễn thông Vĩnh Long","Tên trạm BTS":"THONG-NHAT_TVH","Địa chỉ lắp đặt":"Tầng trệt, Ấp Thống Nhất, Phường Duyên Hải, Tỉnh Vĩnh Long","Trạm 3G":"3G","Số giấy chứng nhận kiểm định":"A08318290321TG05","Có giá trị đến":"3/29/26 12:00:00 AM","layer_id":165,"fid":11740,"label":"Viễn thông Vĩnh Long"}},{"type":"Feature","geometry":{"type":"Point","coordinates":[106.50121,9.64621]},"properties":{"Tên doanh nghiệp":"Viễn thông Vĩnh Long","Tên trạm BTS":"DUYEN-HAI-2_TVH","Địa chỉ lắp đặt":"Tầng trệt, Ấp Bến Chuối, Phường Duyên Hải, Tỉnh Vĩnh Long","Trạm 3G":"3G","Số giấy chứng nhận kiểm định":"A16231311025TG05","Có giá trị đến":"10/31/30 12:00:00 AM","layer_id":165,"fid":11741,"label":"Viễn thông Vĩnh Long"}},{"type":"Feature","geometry":{"type":"Point","coordinates":[106.52824,9.68201]},"properties":{"Tên doanh nghiệp":"Viễn thông Vĩnh Long","Tên trạm BTS":"CANG-CA_TVH","Địa chỉ lắp đặt":"Đường 03/4, Phường Trường Long Hòa, Tỉnh Vĩnh Long","Trạm 3G":"3G","Số giấy chứng nhận kiểm định":"A34165301121TG05","Có giá trị đến":"30/11/2026","layer_id":165,"fid":11742,"label":"Viễn thông Vĩnh Long"}},{"type":"Feature","geometry":{"type":"Point","coordinates":[106.56842,9.65059]},"properties":{"Tên doanh nghiệp":"Viễn thông Vĩnh Long","Tên trạm BTS":"NHA-MAT-2_TVH","Địa chỉ lắp đặt":"Ấp Nhà Mát, Phường Trường Long Hòa, Tỉnh Vĩnh Long","Trạm 3G":"3G","Số giấy chứng nhận kiểm định":null,"Có giá trị đến":"14/11/2029","layer_id":165,"fid":11743,"label":"Viễn thông Vĩnh Long"}},{"type":"Feature","geometry":{"type":"Point","coordinates":[106.44518,9.68265]},"properties":{"Tên doanh nghiệp":"Viễn thông Vĩnh Long","Tên trạm BTS":"BON-THANH_TVH","Địa chỉ lắp đặt":"Ấp Sóc Ruông, Xã Ngũ Lạc, Tỉnh Vĩnh Long","Trạm 3G":"3G","Số giấy chứng nhận kiểm định":null,"Có giá trị đến":"17/03/2028","layer_id":165,"fid":11744,"label":"Viễn thông Vĩnh Long"}},{"type":"Feature","geometry":{"type":"Point","coordinates":[106.48162,9.82298]},"properties":{"Tên doanh nghiệp":"Viễn thông Vĩnh Long","Tên trạm BTS":"MY-LONG-BAC_TVH","Địa chỉ lắp đặt":"BDVHX AP BẾN KINH,Xã Mỹ Long, Tỉnh Vĩnh Long","Trạm 3G":"3G","Số giấy chứng nhận kiểm định":null,"Có giá trị đến":"17/03/2028","layer_id":165,"fid":11745,"label":"Viễn thông Vĩnh Long"}},{"type":"Feature","geometry":{"type":"Point","coordinates":[106.52216,9.72141]},"properties":{"Tên doanh nghiệp":"Viễn thông Vĩnh Long","Tên trạm BTS":"HIEP-THANH-2_TVH","Địa chỉ lắp đặt":"Ấp 11, Xã Long Hữu, Tỉnh Vĩnh Long","Trạm 3G":"3G","Số giấy chứng nhận kiểm định":null,"Có giá trị đến":"17/03/2028","layer_id":165,"fid":11746,"label":"Viễn thông Vĩnh Long"}},{"type":"Feature","geometry":{"type":"Point","coordinates":[106.43489,9.64574]},"properties":{"Tên doanh nghiệp":"Viễn thông Vĩnh Long","Tên trạm BTS":"ME-LANG_TVH","Địa chỉ lắp đặt":"ấp Mé Láng, Xã Ngũ Lạc, Tỉnh Vĩnh Long","Trạm 3G":"3G","Số giấy chứng nhận kiểm định":null,"Có giá trị đến":"30/09/2029","layer_id":165,"fid":11747,"label":"Viễn thông Vĩnh Long"}},{"type":"Feature","geometry":{"type":"Point","coordinates":[106.51909,9.75334]},"properties":{"Tên doanh nghiệp":"Viễn thông Vĩnh Long","Tên trạm BTS":"MY-LONG-NAM_TVH","Địa chỉ lắp đặt":"Trạm VT Mỹ Long Nam, Ấp 4,  Xã Mỹ Long, Tỉnh Vĩnh Long","Trạm 3G":"3G","Số giấy chứng nhận kiểm định":null,"Có giá trị đến":"17/03/2028","layer_id":165,"fid":11748,"label":"Viễn thông Vĩnh Long"}},{"type":"Feature","geometry":{"type":"Point","coordinates":[106.51004,9.68565]},"properties":{"Tên doanh nghiệp":"Viễn thông Vĩnh Long","Tên trạm BTS":"LONG-HUU_TVH","Địa chỉ lắp đặt":"Ấp 10 , Phường Trường Long Hòa, Tỉnh Vĩnh Long","Trạm 3G":"3G","Số giấy chứng nhận kiểm định":null,"Có giá trị đến":"14/11/2029","layer_id":165,"fid":11749,"label":"Viễn thông Vĩnh Long"}},{"type":"Feature","geometry":{"type":"Point","coordinates":[106.48587,9.67948]},"properties":{"Tên doanh nghiệp":"Viễn thông Vĩnh Long","Tên trạm BTS":"AP-17_TVH","Địa chỉ lắp đặt":"Ấp 16, Xã Long Hữu, Tỉnh Vĩnh Long","Trạm 3G":"3G","Số giấy chứng nhận kiểm định":null,"Có giá trị đến":"30/09/2029","layer_id":165,"fid":11750,"label":"Viễn thông Vĩnh Long"}},{"type":"Feature","geometry":{"type":"Point","coordinates":[106.441729,9.749523]},"properties":{"Tên doanh nghiệp":"Viễn thông Vĩnh Long","Tên trạm BTS":"LONG-SON_TVH","Địa chỉ lắp đặt":"Bưu cục Long Sơn, Xã Hiệp Mỹ, Tỉnh Vĩnh Long","Trạm 3G":"3G","Số giấy chứng nhận kiểm định":"A04802190422TG05","Có giá trị đến":"19/04/2027","layer_id":165,"fid":11751,"label":"Viễn thông Vĩnh Long"}},{"type":"Feature","geometry":{"type":"Point","coordinates":[106.50754,9.80955]},"properties":{"Tên doanh nghiệp":"Viễn thông Vĩnh Long","Tên trạm BTS":"MY-LONG_TVH","Địa chỉ lắp đặt":"BƯU CỤC MỸ LONG, Xã Mỹ Long, Tỉnh Vĩnh Long","Trạm 3G":"3G","Số giấy chứng nhận kiểm định":null,"Có giá trị đến":"17/03/2028","layer_id":165,"fid":11752,"label":"Viễn thông Vĩnh Long"}},{"type":"Feature","geometry":{"type":"Point","coordinates":[106.35101,9.66923]},"properties":{"Tên doanh nghiệp":"Viễn thông Vĩnh Long","Tên trạm BTS":"BA-SAT_TVH","Địa chỉ lắp đặt":"Ấp Ba Xát,Xã Đôn Châu, Tỉnh Vĩnh Long","Trạm 3G":"3G","Số giấy chứng nhận kiểm định":"A08326290321TG05","Có giá trị đến":"3/29/26 12:00:00 AM","layer_id":165,"fid":11753,"label":"Viễn thông Vĩnh Long"}},{"type":"Feature","geometry":{"type":"Point","coordinates":[106.52966,9.62731]},"properties":{"Tên doanh nghiệp":"Viễn thông Vĩnh Long","Tên trạm BTS":"CON-ONG_TVH","Địa chỉ lắp đặt":"Ấp Cồn Ông, Phường Duyên Hải, Tỉnh Vĩnh Long","Trạm 3G":"3G","Số giấy chứng nhận kiểm định":null,"Có giá trị đến":"14/11/2029","layer_id":165,"fid":11754,"label":"Viễn thông Vĩnh Long"}},{"type":"Feature","geometry":{"type":"Point","coordinates":[106.41991,9.60218]},"properties":{"Tên doanh nghiệp":"Viễn thông Vĩnh Long","Tên trạm BTS":"TAN-KHANH_TVH","Địa chỉ lắp đặt":"Ấp Tân Khánh, Xã Long Thành, Tỉnh Vĩnh Long","Trạm 3G":"3G","Số giấy chứng nhận kiểm định":null,"Có giá trị đến":"17/03/2028","layer_id":165,"fid":11755,"label":"Viễn thông Vĩnh Long"}},{"type":"Feature","geometry":{"type":"Point","coordinates":[106.435976,9.732026]},"properties":{"Tên doanh nghiệp":"Viễn thông Vĩnh Long","Tên trạm BTS":"TAN-LAP_TVH","Địa chỉ lắp đặt":"Ấp Long Hanh, Xã Hiệp Mỹ, Tỉnh Vĩnh Long","Trạm 3G":"3G","Số giấy chứng nhận kiểm định":null,"Có giá trị đến":"17/03/2028","layer_id":165,"fid":11756,"label":"Viễn thông Vĩnh Long"}},{"type":"Feature","geometry":{"type":"Point","coordinates":[106.50222,9.79277]},"properties":{"Tên doanh nghiệp":"Viễn thông Vĩnh Long","Tên trạm BTS":"TVH2024-234","Địa chỉ lắp đặt":"Mỹ Long tỉnh Vĩnh Long","Trạm 3G":"3G","Số giấy chứng nhận kiểm định":"Đang hoàn thiện hồ sơ đo kiểm, Tự công bố sự phù hợp","Có giá trị đến":null,"layer_id":165,"fid":11757,"label":"Viễn thông Vĩnh Long"}},{"type":"Feature","geometry":{"type":"Point","coordinates":[106.4446,9.7623]},"properties":{"Tên doanh nghiệp":"Viễn thông Vĩnh Long","Tên trạm BTS":"TVH2024-232","Địa chỉ lắp đặt":"Hiệp Mỹ tỉnh Vĩnh Long","Trạm 3G":"3G","Số giấy chứng nhận kiểm định":"Đang hoàn thiện hồ sơ đo kiểm, Tự công bố sự phù hợp","Có giá trị đến":null,"layer_id":165,"fid":11758,"label":"Viễn thông Vĩnh Long"}},{"type":"Feature","geometry":{"type":"Point","coordinates":[106.5533,9.6204]},"properties":{"Tên doanh nghiệp":"Viễn thông Vĩnh Long","Tên trạm BTS":"TVH2024-324","Địa chỉ lắp đặt":"Trường Long Hòa tỉnh Vĩnh Long","Trạm 3G":"3G","Số giấy chứng nhận kiểm định":"Đang hoàn thiện hồ sơ đo kiểm, Tự công bố sự phù hợp","Có giá trị đến":null,"layer_id":165,"fid":11759,"label":"Viễn thông Vĩnh Long"}},{"type":"Feature","geometry":{"type":"Point","coordinates":[106.4512,9.6458]},"properties":{"Tên doanh nghiệp":"Viễn thông Vĩnh Long","Tên trạm BTS":"TVH2023-003","Địa chỉ lắp đặt":"Duyên Hải tỉnh Vĩnh Long","Trạm 3G":"3G","Số giấy chứng nhận kiểm định":"Đang hoàn thiện hồ sơ đo kiểm, Tự công bố sự phù hợp","Có giá trị đến":null,"layer_id":165,"fid":11760,"label":"Viễn thông Vĩnh Long"}},{"type":"Feature","geometry":{"type":"Point","coordinates":[106.453985,9.562962]},"properties":{"Tên doanh nghiệp":"Viễn thông Vĩnh Long","Tên trạm BTS":"TVH2024-320","Địa chỉ lắp đặt":"Đông Hải tỉnh Vĩnh Long","Trạm 3G":"3G","Số giấy chứng nhận kiểm định":"Đang hoàn thiện hồ sơ đo kiểm, Tự công bố sự phù hợp","Có giá trị đến":null,"layer_id":165,"fid":11761,"label":"Viễn thông Vĩnh Long"}},{"type":"Feature","geometry":{"type":"Point","coordinates":[106.3785,9.5475]},"properties":{"Tên doanh nghiệp":"Viễn thông Vĩnh Long","Tên trạm BTS":"TVH2024-321","Địa chỉ lắp đặt":"Long Vĩnh tỉnh Vĩnh Long","Trạm 3G":"3G","Số giấy chứng nhận kiểm định":"Đang hoàn thiện hồ sơ đo kiểm, Tự công bố sự phù hợp","Có giá trị đến":null,"layer_id":165,"fid":11762,"label":"Viễn thông Vĩnh Long"}},{"type":"Feature","geometry":{"type":"Point","coordinates":[106.48305,9.74805]},"properties":{"Tên doanh nghiệp":"Viễn thông Vĩnh Long","Tên trạm BTS":"TVH2024-236","Địa chỉ lắp đặt":"Hiệp Mỹ tỉnh Vĩnh Long","Trạm 3G":"3G","Số giấy chứng nhận kiểm định":"Đang hoàn thiện hồ sơ đo kiểm, Tự công bố sự phù hợp","Có giá trị đến":null,"layer_id":165,"fid":11763,"label":"Viễn thông Vĩnh Long"}},{"type":"Feature","geometry":{"type":"Point","coordinates":[106.5656,9.6384]},"properties":{"Tên doanh nghiệp":"Viễn thông Vĩnh Long","Tên trạm BTS":"TVH2023-212","Địa chỉ lắp đặt":"Trường Long Hòa tỉnh Vĩnh Long","Trạm 3G":"3G","Số giấy chứng nhận kiểm định":"Đang hoàn thiện hồ sơ đo kiểm, Tự công bố sự phù hợp","Có giá trị đến":null,"layer_id":165,"fid":11764,"label":"Viễn thông Vĩnh Long"}},{"type":"Feature","geometry":{"type":"Point","coordinates":[106.465496,10.07181]},"properties":{"Tên doanh nghiệp":"Viễn thông Vĩnh Long","Tên trạm BTS":"Hưng Lễ","Địa chỉ lắp đặt":"Hưng Nhượng, Vĩnh Long","Trạm 3G":"3G","Số giấy chứng nhận kiểm định":"A00462120122TG05","Có giá trị đến":"12/01/2027","layer_id":165,"fid":11765,"label":"Viễn thông Vĩnh Long"}},{"type":"Feature","geometry":{"type":"Point","coordinates":[106.5611,10.186]},"properties":{"Tên doanh nghiệp":"Viễn thông Vĩnh Long","Tên trạm BTS":"Trai-Giam-K20-BTE","Địa chỉ lắp đặt":"Châu Hòa, Vĩnh Long","Trạm 3G":"3G","Số giấy chứng nhận kiểm định":null,"Có giá trị đến":"05/10/2026","layer_id":165,"fid":11766,"label":"Viễn thông Vĩnh Long"}},{"type":"Feature","geometry":{"type":"Point","coordinates":[106.49899,10.09884]},"properties":{"Tên doanh nghiệp":"Viễn thông Vĩnh Long","Tên trạm BTS":"Hung-Nhuong-BTE","Địa chỉ lắp đặt":"Hưng Nhượng, Vĩnh Long","Trạm 3G":"3G","Số giấy chứng nhận kiểm định":null,"Có giá trị đến":"23/08/2029","layer_id":165,"fid":11767,"label":"Viễn thông Vĩnh Long"}},{"type":"Feature","geometry":{"type":"Point","coordinates":[106.430874,10.179111]},"properties":{"Tên doanh nghiệp":"Viễn thông Vĩnh Long","Tên trạm BTS":"Lương Phú","Địa chỉ lắp đặt":"Lương Phú, Vĩnh Long","Trạm 3G":"3G","Số giấy chứng nhận kiểm định":null,"Có giá trị đến":"10/04/2028","layer_id":165,"fid":11768,"label":"Viễn thông Vĩnh Long"}},{"type":"Feature","geometry":{"type":"Point","coordinates":[106.424025,10.209431]},"properties":{"Tên doanh nghiệp":"Viễn thông Vĩnh Long","Tên trạm BTS":"Ap-5-My-Thanh-BTE","Địa chỉ lắp đặt":"Lương Phú, Vĩnh Long","Trạm 3G":"3G","Số giấy chứng nhận kiểm định":null,"Có giá trị đến":"09/10/2029","layer_id":165,"fid":11769,"label":"Viễn thông Vĩnh Long"}},{"type":"Feature","geometry":{"type":"Point","coordinates":[106.46799,10.1755]},"properties":{"Tên doanh nghiệp":"Viễn thông Vĩnh Long","Tên trạm BTS":"Thu-Ngu-BTE","Địa chỉ lắp đặt":"Châu Hòa, Vĩnh long","Trạm 3G":"3G","Số giấy chứng nhận kiểm định":null,"Có giá trị đến":"23/08/2029","layer_id":165,"fid":11770,"label":"Viễn thông Vĩnh Long"}},{"type":"Feature","geometry":{"type":"Point","coordinates":[106.400758,10.130717]},"properties":{"Tên doanh nghiệp":"Viễn thông Vĩnh Long","Tên trạm BTS":"Hưng Phong 2","Địa chỉ lắp đặt":"Phước Long, Vĩnh Long","Trạm 3G":"3G","Số giấy chứng nhận kiểm định":"A34103301121TG05","Có giá trị đến":"30/11/2026","layer_id":165,"fid":11771,"label":"Viễn thông Vĩnh Long"}},{"type":"Feature","geometry":{"type":"Point","coordinates":[106.5343,10.1298]},"properties":{"Tên doanh nghiệp":"Viễn thông Vĩnh Long","Tên trạm BTS":"Binh-Thanh-2-BTE","Địa chỉ lắp đặt":"Giồng Trôm, Vĩnh Long","Trạm 3G":"3G","Số giấy chứng nhận kiểm định":null,"Có giá trị đến":"23/08/2029","layer_id":165,"fid":11772,"label":"Viễn thông Vĩnh Long"}},{"type":"Feature","geometry":{"type":"Point","coordinates":[106.39277,10.14198]},"properties":{"Tên doanh nghiệp":"Viễn thông Vĩnh Long","Tên trạm BTS":"Hung-Phong-BTE","Địa chỉ lắp đặt":"Phước Long, Vĩnh Long","Trạm 3G":"3G","Số giấy chứng nhận kiểm định":null,"Có giá trị đến":"10/04/2028","layer_id":165,"fid":11773,"label":"Viễn thông Vĩnh Long"}},{"type":"Feature","geometry":{"type":"Point","coordinates":[106.4113,10.16767]},"properties":{"Tên doanh nghiệp":"Viễn thông Vĩnh Long","Tên trạm BTS":"Phuoc-Long-BTE","Địa chỉ lắp đặt":"Phước Long, Vĩnh Long","Trạm 3G":"3G","Số giấy chứng nhận kiểm định":"A00460120122TG05","Có giá trị đến":"12/01/2027","layer_id":165,"fid":11774,"label":"Viễn thông Vĩnh Long"}},{"type":"Feature","geometry":{"type":"Point","coordinates":[106.40825,10.19499]},"properties":{"Tên doanh nghiệp":"Viễn thông Vĩnh Long","Tên trạm BTS":"Thuan-Dien-BTE","Địa chỉ lắp đặt":"Lương Phú, Vĩnh Long","Trạm 3G":"3G","Số giấy chứng nhận kiểm định":null,"Có giá trị đến":"10/04/2028","layer_id":165,"fid":11775,"label":"Viễn thông Vĩnh Long"}},{"type":"Feature","geometry":{"type":"Point","coordinates":[106.45217,10.23887]},"properties":{"Tên doanh nghiệp":"Viễn thông Vĩnh Long","Tên trạm BTS":"Phong-Nam-BTE","Địa chỉ lắp đặt":"Lương Hòa, Vĩnh Long","Trạm 3G":"3G","Số giấy chứng nhận kiểm định":null,"Có giá trị đến":"09/10/2029","layer_id":165,"fid":11776,"label":"Viễn thông Vĩnh Long"}},{"type":"Feature","geometry":{"type":"Point","coordinates":[106.44294,10.25118]},"properties":{"Tên doanh nghiệp":"Viễn thông Vĩnh Long","Tên trạm BTS":"Cau-Phong-Nam-BTE","Địa chỉ lắp đặt":"Lương Hòa, Vĩnh Long","Trạm 3G":"3G","Số giấy chứng nhận kiểm định":null,"Có giá trị đến":"23/08/2029","layer_id":165,"fid":11777,"label":"Viễn thông Vĩnh Long"}},{"type":"Feature","geometry":{"type":"Point","coordinates":[106.453245,10.165162]},"properties":{"Tên doanh nghiệp":"Viễn thông Vĩnh Long","Tên trạm BTS":"Long Mỹ 2","Địa chỉ lắp đặt":" Phước Long, Vĩnh Long","Trạm 3G":"3G","Số giấy chứng nhận kiểm định":null,"Có giá trị đến":"05/10/2026","layer_id":165,"fid":11778,"label":"Viễn thông Vĩnh Long"}},{"type":"Feature","geometry":{"type":"Point","coordinates":[106.53458,10.19521]},"properties":{"Tên doanh nghiệp":"Viễn thông Vĩnh Long","Tên trạm BTS":"Chau-Binh-BTE","Địa chỉ lắp đặt":"Châu Hòa, Vĩnh Long","Trạm 3G":"3G","Số giấy chứng nhận kiểm định":"A00459120122TG05","Có giá trị đến":"12/01/2027","layer_id":165,"fid":11779,"label":"Viễn thông Vĩnh Long"}},{"type":"Feature","geometry":{"type":"Point","coordinates":[106.44242,10.15107]},"properties":{"Tên doanh nghiệp":"Viễn thông Vĩnh Long","Tên trạm BTS":"Long-My-BTE","Địa chỉ lắp đặt":" Phước Long, Vĩnh Long","Trạm 3G":"3G","Số giấy chứng nhận kiểm định":null,"Có giá trị đến":"10/04/2028","layer_id":165,"fid":11780,"label":"Viễn thông Vĩnh Long"}},{"type":"Feature","geometry":{"type":"Point","coordinates":[106.48077,10.100084]},"properties":{"Tên doanh nghiệp":"Viễn thông Vĩnh Long","Tên trạm BTS":"Nhà Thờ La Mã","Địa chỉ lắp đặt":"Hưng Nhượng, Vĩnh Long","Trạm 3G":"3G","Số giấy chứng nhận kiểm định":null,"Có giá trị đến":"23/08/2029","layer_id":165,"fid":11781,"label":"Viễn thông Vĩnh Long"}},{"type":"Feature","geometry":{"type":"Point","coordinates":[106.46595,10.13963]},"properties":{"Tên doanh nghiệp":"Viễn thông Vĩnh Long","Tên trạm BTS":"Tan-Hao-BTE","Địa chỉ lắp đặt":"Tân Hào, Vĩnh Long","Trạm 3G":"3G","Số giấy chứng nhận kiểm định":"A14094301024TG05","Có giá trị đến":"10/30/29 12:00:00 AM","layer_id":165,"fid":11782,"label":"Viễn thông Vĩnh Long"}},{"type":"Feature","geometry":{"type":"Point","coordinates":[106.42769,10.119123]},"properties":{"Tên doanh nghiệp":"Viễn thông Vĩnh Long","Tên trạm BTS":"Thạnh Phú Đông 2","Địa chỉ lắp đặt":"Tân Hào, Vĩnh Long","Trạm 3G":"3G","Số giấy chứng nhận kiểm định":null,"Có giá trị đến":"10/04/2028","layer_id":165,"fid":11783,"label":"Viễn thông Vĩnh Long"}},{"type":"Feature","geometry":{"type":"Point","coordinates":[106.49709,10.1643]},"properties":{"Tên doanh nghiệp":"Viễn thông Vĩnh Long","Tên trạm BTS":"Binh-Hoa-BTE","Địa chỉ lắp đặt":"Giồng Trôm, Vĩnh Long","Trạm 3G":"3G","Số giấy chứng nhận kiểm định":null,"Có giá trị đến":"09/10/2029","layer_id":165,"fid":11784,"label":"Viễn thông Vĩnh Long"}},{"type":"Feature","geometry":{"type":"Point","coordinates":[106.43963,10.10271]},"properties":{"Tên doanh nghiệp":"Viễn thông Vĩnh Long","Tên trạm BTS":"Thanh-Phu-Dong-BTE","Địa chỉ lắp đặt":"Tân Hào, Vĩnh Long","Trạm 3G":"3G","Số giấy chứng nhận kiểm định":"A00461120122TG05","Có giá trị đến":"12/01/2027","layer_id":165,"fid":11785,"label":"Viễn thông Vĩnh Long"}},{"type":"Feature","geometry":{"type":"Point","coordinates":[106.436,10.2368]},"properties":{"Tên doanh nghiệp":"Viễn thông Vĩnh Long","Tên trạm BTS":"KCN-Phong-Nam-BTE","Địa chỉ lắp đặt":"Lương Hòa, Vĩnh Long","Trạm 3G":"3G","Số giấy chứng nhận kiểm định":null,"Có giá trị đến":"23/08/2029","layer_id":165,"fid":11786,"label":"Viễn thông Vĩnh Long"}},{"type":"Feature","geometry":{"type":"Point","coordinates":[106.516862,10.178544]},"properties":{"Tên doanh nghiệp":"Viễn thông Vĩnh Long","Tên trạm BTS":"Ap-1-Binh-Tien-2-BTE","Địa chỉ lắp đặt":"Giồng Trôm, Vĩnh Long","Trạm 3G":"3G","Số giấy chứng nhận kiểm định":null,"Có giá trị đến":"23/08/2029","layer_id":165,"fid":11787,"label":"Viễn thông Vĩnh Long"}},{"type":"Feature","geometry":{"type":"Point","coordinates":[106.461178,10.132032]},"properties":{"Tên doanh nghiệp":"Viễn thông Vĩnh Long","Tên trạm BTS":"Tân Lợi Thạnh 2","Địa chỉ lắp đặt":"Tân Hào, Vĩnh Long","Trạm 3G":"3G","Số giấy chứng nhận kiểm định":null,"Có giá trị đến":"10/04/2028","layer_id":165,"fid":11788,"label":"Viễn thông Vĩnh Long"}},{"type":"Feature","geometry":{"type":"Point","coordinates":[106.395881,10.155266]},"properties":{"Tên doanh nghiệp":"Viễn thông Vĩnh Long","Tên trạm BTS":"Phước Long 2","Địa chỉ lắp đặt":"Phước Long, Vĩnh Long","Trạm 3G":"3G","Số giấy chứng nhận kiểm định":null,"Có giá trị đến":"23/08/2029","layer_id":165,"fid":11789,"label":"Viễn thông Vĩnh Long"}},{"type":"Feature","geometry":{"type":"Point","coordinates":[106.5202,10.1441]},"properties":{"Tên doanh nghiệp":"Viễn thông Vĩnh Long","Tên trạm BTS":"Binh-Dong-BTE","Địa chỉ lắp đặt":"Giồng Trôm, Vĩnh Long","Trạm 3G":"3G","Số giấy chứng nhận kiểm định":"A14093301024TG05","Có giá trị đến":"10/30/29 12:00:00 AM","layer_id":165,"fid":11790,"label":"Viễn thông Vĩnh Long"}},{"type":"Feature","geometry":{"type":"Point","coordinates":[106.54321,10.16875]},"properties":{"Tên doanh nghiệp":"Viễn thông Vĩnh Long","Tên trạm BTS":"Chau-Binh-2-BTE","Địa chỉ lắp đặt":"Châu Hòa, Vĩnh Long","Trạm 3G":"3G","Số giấy chứng nhận kiểm định":null,"Có giá trị đến":"23/08/2029","layer_id":165,"fid":11791,"label":"Viễn thông Vĩnh Long"}},{"type":"Feature","geometry":{"type":"Point","coordinates":[106.48437,10.18905]},"properties":{"Tên doanh nghiệp":"Viễn thông Vĩnh Long","Tên trạm BTS":"Ap-4-Binh-Hoa","Địa chỉ lắp đặt":"Giồng Trôm, Vĩnh Long","Trạm 3G":"3G","Số giấy chứng nhận kiểm định":null,"Có giá trị đến":"10/04/2028","layer_id":165,"fid":11792,"label":"Viễn thông Vĩnh Long"}},{"type":"Feature","geometry":{"type":"Point","coordinates":[106.5162,10.1133]},"properties":{"Tên doanh nghiệp":"Viễn thông Vĩnh Long","Tên trạm BTS":"Lo-Tranh-BTE","Địa chỉ lắp đặt":"Hưng Nhượng, Vĩnh Long","Trạm 3G":"3G","Số giấy chứng nhận kiểm định":null,"Có giá trị đến":"09/10/2029","layer_id":165,"fid":11793,"label":"Viễn thông Vĩnh Long"}},{"type":"Feature","geometry":{"type":"Point","coordinates":[106.51689,10.12913]},"properties":{"Tên doanh nghiệp":"Viễn thông Vĩnh Long","Tên trạm BTS":"Xe-Thai-Phan","Địa chỉ lắp đặt":"Giồng Trôm, Vĩnh Long","Trạm 3G":"3G","Số giấy chứng nhận kiểm định":null,"Có giá trị đến":"10/04/2028","layer_id":165,"fid":11794,"label":"Viễn thông Vĩnh Long"}},{"type":"Feature","geometry":{"type":"Point","coordinates":[106.4783,10.19999]},"properties":{"Tên doanh nghiệp":"Viễn thông Vĩnh Long","Tên trạm BTS":"Luong-Quoi-BTE","Địa chỉ lắp đặt":"Châu Hòa, Vĩnh long","Trạm 3G":"3G","Số giấy chứng nhận kiểm định":"A07653190724TG05","Có giá trị đến":"7/19/29 12:00:00 AM","layer_id":165,"fid":11795,"label":"Viễn thông Vĩnh Long"}},{"type":"Feature","geometry":{"type":"Point","coordinates":[106.477064,10.123639]},"properties":{"Tên doanh nghiệp":"Viễn thông Vĩnh Long","Tên trạm BTS":"Tân Hào 2","Địa chỉ lắp đặt":"Tân Hào, Vĩnh Long","Trạm 3G":"3G","Số giấy chứng nhận kiểm định":null,"Có giá trị đến":"10/04/2028","layer_id":165,"fid":11796,"label":"Viễn thông Vĩnh Long"}},{"type":"Feature","geometry":{"type":"Point","coordinates":[106.456541,10.117003]},"properties":{"Tên doanh nghiệp":"Viễn thông Vĩnh Long","Tên trạm BTS":"Tân Lợi Thạnh 3","Địa chỉ lắp đặt":"Tân Hào, Vĩnh Long","Trạm 3G":"3G","Số giấy chứng nhận kiểm định":null,"Có giá trị đến":"10/04/2028","layer_id":165,"fid":11797,"label":"Viễn thông Vĩnh Long"}},{"type":"Feature","geometry":{"type":"Point","coordinates":[106.49193,10.12434]},"properties":{"Tên doanh nghiệp":"Viễn thông Vĩnh Long","Tên trạm BTS":"Tan-Thanh-BTE","Địa chỉ lắp đặt":"Hưng Nhượng, Vĩnh Long","Trạm 3G":"3G","Số giấy chứng nhận kiểm định":null,"Có giá trị đến":"09/10/2029","layer_id":165,"fid":11798,"label":"Viễn thông Vĩnh Long"}},{"type":"Feature","geometry":{"type":"Point","coordinates":[106.445581,10.12008]},"properties":{"Tên doanh nghiệp":"Viễn thông Vĩnh Long","Tên trạm BTS":"Tân Lợi Thạnh","Địa chỉ lắp đặt":"Tân Hào, Vĩnh Long","Trạm 3G":"3G","Số giấy chứng nhận kiểm định":"A08128290321TG05","Có giá trị đến":"3/29/26 12:00:00 AM","layer_id":165,"fid":11799,"label":"Viễn thông Vĩnh Long"}},{"type":"Feature","geometry":{"type":"Point","coordinates":[106.484284,10.179789]},"properties":{"Tên doanh nghiệp":"Viễn thông Vĩnh Long","Tên trạm BTS":"Cau-Binh-Chanh-BTE","Địa chỉ lắp đặt":"Giồng Trôm, Vĩnh Long","Trạm 3G":"3G","Số giấy chứng nhận kiểm định":null,"Có giá trị đến":"09/10/2029","layer_id":165,"fid":11800,"label":"Viễn thông Vĩnh Long"}},{"type":"Feature","geometry":{"type":"Point","coordinates":[106.512975,10.199739]},"properties":{"Tên doanh nghiệp":"Viễn thông Vĩnh Long","Tên trạm BTS":"Chau-Hoa-2-BTE","Địa chỉ lắp đặt":"Châu Hòa, Vĩnh Long","Trạm 3G":"3G","Số giấy chứng nhận kiểm định":null,"Có giá trị đến":"09/10/2029","layer_id":165,"fid":11801,"label":"Viễn thông Vĩnh Long"}},{"type":"Feature","geometry":{"type":"Point","coordinates":[106.44386,10.19599]},"properties":{"Tên doanh nghiệp":"Viễn thông Vĩnh Long","Tên trạm BTS":"Luong-Hoa-BTE","Địa chỉ lắp đặt":"Lương Hòa, Vĩnh Long","Trạm 3G":"3G","Số giấy chứng nhận kiểm định":null,"Có giá trị đến":"09/10/2029","layer_id":165,"fid":11802,"label":"Viễn thông Vĩnh Long"}},{"type":"Feature","geometry":{"type":"Point","coordinates":[106.50401,10.13551]},"properties":{"Tên doanh nghiệp":"Viễn thông Vĩnh Long","Tên trạm BTS":"Ap-4-Binh-Thanh-BTE","Địa chỉ lắp đặt":"Giồng Trôm, Vĩnh Long","Trạm 3G":"3G","Số giấy chứng nhận kiểm định":"A34102301121TG05","Có giá trị đến":"30/11/2026","layer_id":165,"fid":11803,"label":"Viễn thông Vĩnh Long"}},{"type":"Feature","geometry":{"type":"Point","coordinates":[106.47194,10.23075]},"properties":{"Tên doanh nghiệp":"Viễn thông Vĩnh Long","Tên trạm BTS":"Phong-My-BTE","Địa chỉ lắp đặt":"Lương Hòa, Vĩnh Long","Trạm 3G":"3G","Số giấy chứng nhận kiểm định":null,"Có giá trị đến":"09/10/2029","layer_id":165,"fid":11804,"label":"Viễn thông Vĩnh Long"}},{"type":"Feature","geometry":{"type":"Point","coordinates":[106.474027,10.113731]},"properties":{"Tên doanh nghiệp":"Viễn thông Vĩnh Long","Tên trạm BTS":"Giồng Tre Quạ","Địa chỉ lắp đặt":"Tân Hào, Vĩnh Long","Trạm 3G":"3G","Số giấy chứng nhận kiểm định":null,"Có giá trị đến":"23/08/2029","layer_id":165,"fid":11805,"label":"Viễn thông Vĩnh Long"}},{"type":"Feature","geometry":{"type":"Point","coordinates":[106.516833,10.15856]},"properties":{"Tên doanh nghiệp":"Viễn thông Vĩnh Long","Tên trạm BTS":"KP3-Thi-Tran-GTM-BTE","Địa chỉ lắp đặt":"Giồng Trôm, Vĩnh Long","Trạm 3G":"3G","Số giấy chứng nhận kiểm định":null,"Có giá trị đến":"23/08/2029","layer_id":165,"fid":11806,"label":"Viễn thông Vĩnh Long"}},{"type":"Feature","geometry":{"type":"Point","coordinates":[106.48573,10.08163]},"properties":{"Tên doanh nghiệp":"Viễn thông Vĩnh Long","Tên trạm BTS":"Hung-Nhuong-2-BTE","Địa chỉ lắp đặt":"Hưng Nhượng, Vĩnh Long","Trạm 3G":"3G","Số giấy chứng nhận kiểm định":"A07649190724TG05","Có giá trị đến":"7/19/29 12:00:00 AM","layer_id":165,"fid":11807,"label":"Viễn thông Vĩnh Long"}},{"type":"Feature","geometry":{"type":"Point","coordinates":[106.42583,10.22819]},"properties":{"Tên doanh nghiệp":"Viễn thông Vĩnh Long","Tên trạm BTS":"Nghia-Huan","Địa chỉ lắp đặt":"Lương Phú, Vĩnh Long","Trạm 3G":"3G","Số giấy chứng nhận kiểm định":null,"Có giá trị đến":"10/04/2028","layer_id":165,"fid":11808,"label":"Viễn thông Vĩnh Long"}},{"type":"Feature","geometry":{"type":"Point","coordinates":[106.5017,10.2063]},"properties":{"Tên doanh nghiệp":"Viễn thông Vĩnh Long","Tên trạm BTS":"Chau-Hoa-3-BTE","Địa chỉ lắp đặt":"Châu Hòa, Vĩnh Long","Trạm 3G":"3G","Số giấy chứng nhận kiểm định":null,"Có giá trị đến":"05/10/2026","layer_id":165,"fid":11809,"label":"Viễn thông Vĩnh Long"}},{"type":"Feature","geometry":{"type":"Point","coordinates":[106.457857,10.088251]},"properties":{"Tên doanh nghiệp":"Viễn thông Vĩnh Long","Tên trạm BTS":"Hưng Lễ 2","Địa chỉ lắp đặt":"Hưng Nhượng, Vĩnh Long","Trạm 3G":"3G","Số giấy chứng nhận kiểm định":null,"Có giá trị đến":"09/10/2029","layer_id":165,"fid":11810,"label":"Viễn thông Vĩnh Long"}},{"type":"Feature","geometry":{"type":"Point","coordinates":[106.43695,10.22083]},"properties":{"Tên doanh nghiệp":"Viễn thông Vĩnh Long","Tên trạm BTS":"My-Long-BTE","Địa chỉ lắp đặt":" Phước Long, Vĩnh Long","Trạm 3G":"3G","Số giấy chứng nhận kiểm định":"A16024311025TG05","Có giá trị đến":"10/31/30 12:00:00 AM","layer_id":165,"fid":11811,"label":"Viễn thông Vĩnh Long"}},{"type":"Feature","geometry":{"type":"Point","coordinates":[106.41659,10.12891]},"properties":{"Tên doanh nghiệp":"Viễn thông Vĩnh Long","Tên trạm BTS":"Phuoc-My-BTE","Địa chỉ lắp đặt":"Tân Hào, Vĩnh Long","Trạm 3G":"3G","Số giấy chứng nhận kiểm định":null,"Có giá trị đến":"09/10/2029","layer_id":165,"fid":11812,"label":"Viễn thông Vĩnh Long"}},{"type":"Feature","geometry":{"type":"Point","coordinates":[106.5065,10.14986]},"properties":{"Tên doanh nghiệp":"Viễn thông Vĩnh Long","Tên trạm BTS":"Giong-Trom-BTE","Địa chỉ lắp đặt":"Giồng Trôm, Vĩnh Long","Trạm 3G":"3G","Số giấy chứng nhận kiểm định":"A14118040925TG05","Có giá trị đến":"9/4/30 12:00:00 AM","layer_id":165,"fid":11813,"label":"Viễn thông Vĩnh Long"}},{"type":"Feature","geometry":{"type":"Point","coordinates":[106.45799,10.21163]},"properties":{"Tên doanh nghiệp":"Viễn thông Vĩnh Long","Tên trạm BTS":"Dong-Go-BTE","Địa chỉ lắp đặt":"Châu Hòa, Vĩnh long","Trạm 3G":"3G","Số giấy chứng nhận kiểm định":"A14099301024TG05","Có giá trị đến":"10/30/29 12:00:00 AM","layer_id":165,"fid":11815,"label":"Viễn thông Vĩnh Long"}},{"type":"Feature","geometry":{"type":"Point","coordinates":[106.4927,10.2196]},"properties":{"Tên doanh nghiệp":"Viễn thông Vĩnh Long","Tên trạm BTS":"Chau-Hoa-BTE","Địa chỉ lắp đặt":"Châu Hòa, Vĩnh Long","Trạm 3G":"3G","Số giấy chứng nhận kiểm định":null,"Có giá trị đến":"23/08/2029","layer_id":165,"fid":11816,"label":"Viễn thông Vĩnh Long"}},{"type":"Feature","geometry":{"type":"Point","coordinates":[105.971707,10.253376]},"properties":{"Tên doanh nghiệp":"Viễn thông Vĩnh Long","Tên trạm BTS":"VINH-LONG_VLG.VLO","Địa chỉ lắp đặt":"Số 3, đường Trưng Nữ Vương, phường Long Châu, tỉnh Vĩnh Long.","Trạm 3G":"3G","Số giấy chứng nhận kiểm định":"A16247311025TG05","Có giá trị đến":"10/31/30 12:00:00 AM","layer_id":165,"fid":11817,"label":"Viễn thông Vĩnh Long"}},{"type":"Feature","geometry":{"type":"Point","coordinates":[106.049057,10.221758]},"properties":{"Tên doanh nghiệp":"Viễn thông Vĩnh Long","Tên trạm BTS":"BINH-HOA_VLG.MTH","Địa chỉ lắp đặt":"Ấp Bình Hòa 1, xã Bình Phước, tỉnh Vĩnh Long","Trạm 3G":"3G","Số giấy chứng nhận kiểm định":null,"Có giá trị đến":"3/16/31 12:00:00 AM","layer_id":165,"fid":11818,"label":"Viễn thông Vĩnh Long"}},{"type":"Feature","geometry":{"type":"Point","coordinates":[105.981238,10.240372]},"properties":{"Tên doanh nghiệp":"Viễn thông Vĩnh Long","Tên trạm BTS":"VLG2008-3_VLG.VLO","Địa chỉ lắp đặt":"Số 179, đường Phạm Thái Bường,phường Phước Hậu, tỉnh Vĩnh Long.","Trạm 3G":"3G","Số giấy chứng nhận kiểm định":"A16245311025TG05","Có giá trị đến":"10/31/30 12:00:00 AM","layer_id":165,"fid":11819,"label":"Viễn thông Vĩnh Long"}},{"type":"Feature","geometry":{"type":"Point","coordinates":[105.92429,10.1906]},"properties":{"Tên doanh nghiệp":"Viễn thông Vĩnh Long","Tên trạm BTS":"CAU-DOI-3_VLG.LHO","Địa chỉ lắp đặt":"Ấp Phước Hiệp, xã Phú Qưới, tỉnh Vĩnh Long.","Trạm 3G":"3G","Số giấy chứng nhận kiểm định":null,"Có giá trị đến":"04/08/2030","layer_id":165,"fid":11820,"label":"Viễn thông Vĩnh Long"}},{"type":"Feature","geometry":{"type":"Point","coordinates":[106.09695,10.17191]},"properties":{"Tên doanh nghiệp":"Viễn thông Vĩnh Long","Tên trạm BTS":"3G_MTH029M_VLG.MTH","Địa chỉ lắp đặt":"Ấp Chánh Thuận, xã Cái Nhum, tỉnh Vĩnh Long.","Trạm 3G":"3G","Số giấy chứng nhận kiểm định":null,"Có giá trị đến":"3/16/31 12:00:00 AM","layer_id":165,"fid":11821,"label":"Viễn thông Vĩnh Long"}},{"type":"Feature","geometry":{"type":"Point","coordinates":[106.10149,10.18825]},"properties":{"Tên doanh nghiệp":"Viễn thông Vĩnh Long","Tên trạm BTS":"CHANH-HOI_VLG.MTH","Địa chỉ lắp đặt":"Ấp Nhất A, xã Cái Nhum, tỉnh Vĩnh Long.","Trạm 3G":"3G","Số giấy chứng nhận kiểm định":null,"Có giá trị đến":"3/16/31 12:00:00 AM","layer_id":165,"fid":11822,"label":"Viễn thông Vĩnh Long"}},{"type":"Feature","geometry":{"type":"Point","coordinates":[105.966729,10.254797]},"properties":{"Tên doanh nghiệp":"Viễn thông Vĩnh Long","Tên trạm BTS":"3G_VLO049M_VLG.VLO","Địa chỉ lắp đặt":"Số 1A7, đường Lưu Văn Liệt, phường 2, TP.Vĩnh Long, tỉnh Vĩnh Long","Trạm 3G":"3G","Số giấy chứng nhận kiểm định":"A16256311025TG05","Có giá trị đến":"10/31/30 12:00:00 AM","layer_id":165,"fid":11823,"label":"Viễn thông Vĩnh Long"}},{"type":"Feature","geometry":{"type":"Point","coordinates":[106.02379,10.24956]},"properties":{"Tên doanh nghiệp":"Viễn thông Vĩnh Long","Tên trạm BTS":"VLG2008-12_VLG.MTH","Địa chỉ lắp đặt":"Ấp An Hương 1, xã Nhơn Phú, tỉnh Vĩnh Long.","Trạm 3G":"3G","Số giấy chứng nhận kiểm định":null,"Có giá trị đến":"3/16/31 12:00:00 AM","layer_id":165,"fid":11824,"label":"Viễn thông Vĩnh Long"}},{"type":"Feature","geometry":{"type":"Point","coordinates":[106.08649,10.20851]},"properties":{"Tên doanh nghiệp":"Viễn thông Vĩnh Long","Tên trạm BTS":"NHON-PHU_VLG.MTH","Địa chỉ lắp đặt":"Ấp Chợ, xã Nhơn Phú, tỉnh Vĩnh Long.","Trạm 3G":"3G","Số giấy chứng nhận kiểm định":null,"Có giá trị đến":"05/08/2029","layer_id":165,"fid":11825,"label":"Viễn thông Vĩnh Long"}},{"type":"Feature","geometry":{"type":"Point","coordinates":[105.93886,10.25437]},"properties":{"Tên doanh nghiệp":"Viễn thông Vĩnh Long","Tên trạm BTS":"4G-VLO041M-VLG.VLO","Địa chỉ lắp đặt":"Ấp Tân Quới Hưng, phường Long Châu, tỉnh Vĩnh Long.","Trạm 3G":"3G","Số giấy chứng nhận kiểm định":null,"Có giá trị đến":"06/01/2031","layer_id":165,"fid":11826,"label":"Viễn thông Vĩnh Long"}},{"type":"Feature","geometry":{"type":"Point","coordinates":[106.11861,10.22416]},"properties":{"Tên doanh nghiệp":"Viễn thông Vĩnh Long","Tên trạm BTS":"MTH018A_VLG.MTH","Địa chỉ lắp đặt":"Ấp Thuận Thới, xã Cái Nhum, tỉnh Vĩnh Long.","Trạm 3G":"3G","Số giấy chứng nhận kiểm định":null,"Có giá trị đến":"04/08/2030","layer_id":165,"fid":11827,"label":"Viễn thông Vĩnh Long"}},{"type":"Feature","geometry":{"type":"Point","coordinates":[105.961048,10.233961]},"properties":{"Tên doanh nghiệp":"Viễn thông Vĩnh Long","Tên trạm BTS":"VLO048A_VLG.VLO","Địa chỉ lắp đặt":"Khóm 4, Phường Phước Hậu, tỉnh Vĩnh Long","Trạm 3G":"3G","Số giấy chứng nhận kiểm định":"Đang hoàn thiện hồ sơ đo kiểm, Tự công bố sự phù hợp","Có giá trị đến":null,"layer_id":165,"fid":11828,"label":"Viễn thông Vĩnh Long"}},{"type":"Feature","geometry":{"type":"Point","coordinates":[105.968045,10.239728]},"properties":{"Tên doanh nghiệp":"Viễn thông Vĩnh Long","Tên trạm BTS":"NGOC-VAN_VLG.VLO","Địa chỉ lắp đặt":"Số 58/45, đường Mậu Thân, khóm 3,phường Phước Hậu, tỉnh Vĩnh Long.","Trạm 3G":"3G","Số giấy chứng nhận kiểm định":"A16240311025TG05","Có giá trị đến":"10/31/30 12:00:00 AM","layer_id":165,"fid":11829,"label":"Viễn thông Vĩnh Long"}},{"type":"Feature","geometry":{"type":"Point","coordinates":[106.02174,10.20078]},"properties":{"Tên doanh nghiệp":"Viễn thông Vĩnh Long","Tên trạm BTS":"3G_MTH028M_VLG.LHO","Địa chỉ lắp đặt":"Ấp Bình Tịnh, xã Bình Phước, tỉnh Vĩnh Long","Trạm 3G":"3G","Số giấy chứng nhận kiểm định":null,"Có giá trị đến":"04/08/2030","layer_id":165,"fid":11830,"label":"Viễn thông Vĩnh Long"}},{"type":"Feature","geometry":{"type":"Point","coordinates":[105.91836,10.24582]},"properties":{"Tên doanh nghiệp":"Viễn thông Vĩnh Long","Tên trạm BTS":"TAN-NGAI_VLG.VLO","Địa chỉ lắp đặt":"Ấp Vĩnh Bình, phường Tân Ngãi, tỉnh Vĩnh Long.","Trạm 3G":"3G","Số giấy chứng nhận kiểm định":null,"Có giá trị đến":"04/08/2030","layer_id":165,"fid":11831,"label":"Viễn thông Vĩnh Long"}},{"type":"Feature","geometry":{"type":"Point","coordinates":[105.99267,10.25961]},"properties":{"Tên doanh nghiệp":"Viễn thông Vĩnh Long","Tên trạm BTS":"3G_VLO051M_VLG.VLO","Địa chỉ lắp đặt":"Số  205, đường 14/9, phường Thanh Đức, tỉnh Vĩnh Long","Trạm 3G":"3G","Số giấy chứng nhận kiểm định":null,"Có giá trị đến":"04/08/2030","layer_id":165,"fid":11832,"label":"Viễn thông Vĩnh Long"}},{"type":"Feature","geometry":{"type":"Point","coordinates":[105.96153,10.25654]},"properties":{"Tên doanh nghiệp":"Viễn thông Vĩnh Long","Tên trạm BTS":"VLG2008-4_VLG.VLO","Địa chỉ lắp đặt":"Số 274/4, đường Phạm Hùng, khóm 1, phường Long Châu, tỉnh Vĩnh Long.","Trạm 3G":"3G","Số giấy chứng nhận kiểm định":"Đang hoàn thiện hồ sơ đo kiểm, Tự công bố sự phù hợp","Có giá trị đến":null,"layer_id":165,"fid":11833,"label":"Viễn thông Vĩnh Long"}},{"type":"Feature","geometry":{"type":"Point","coordinates":[105.936694,10.171126]},"properties":{"Tên doanh nghiệp":"Viễn thông Vĩnh Long","Tên trạm BTS":"VLG2023-043 (LHO057M_VLG)","Địa chỉ lắp đặt":"Ấp Phước Hòa, xã Phú Qưới, tỉnh Vĩnh Long.","Trạm 3G":"3G","Số giấy chứng nhận kiểm định":"A14377221124TG05","Có giá trị đến":"11/22/29 12:00:00 AM","layer_id":165,"fid":11834,"label":"Viễn thông Vĩnh Long"}},{"type":"Feature","geometry":{"type":"Point","coordinates":[106.109696,10.174333]},"properties":{"Tên doanh nghiệp":"Viễn thông Vĩnh Long","Tên trạm BTS":"MANG-THIT_VLG.MTH","Địa chỉ lắp đặt":"khóm 1, xã Cái Nhum, tỉnh Vĩnh Long.","Trạm 3G":"3G","Số giấy chứng nhận kiểm định":"A16241311025TG05","Có giá trị đến":"10/31/30 12:00:00 AM","layer_id":165,"fid":11835,"label":"Viễn thông Vĩnh Long"}},{"type":"Feature","geometry":{"type":"Point","coordinates":[105.94204,10.25751]},"properties":{"Tên doanh nghiệp":"Viễn thông Vĩnh Long","Tên trạm BTS":"VLG2008-6_VLG.VLO","Địa chỉ lắp đặt":"Số 30/7D, Quốc lộ 53, khóm 2, phường Long Châu, tỉnh Vĩnh Long.","Trạm 3G":"3G","Số giấy chứng nhận kiểm định":"A16243311025TG05","Có giá trị đến":"10/31/30 12:00:00 AM","layer_id":165,"fid":11836,"label":"Viễn thông Vĩnh Long"}},{"type":"Feature","geometry":{"type":"Point","coordinates":[106.07106,10.229737]},"properties":{"Tên doanh nghiệp":"Viễn thông Vĩnh Long","Tên trạm BTS":"MY-DIEN_VLG.MTH","Địa chỉ lắp đặt":"Ấp Mỹ Điền, xã Nhơn Phú, tỉnh Vĩnh Long.","Trạm 3G":"3G","Số giấy chứng nhận kiểm định":null,"Có giá trị đến":"3/16/31 12:00:00 AM","layer_id":165,"fid":11837,"label":"Viễn thông Vĩnh Long"}},{"type":"Feature","geometry":{"type":"Point","coordinates":[106.060251,10.240218]},"properties":{"Tên doanh nghiệp":"Viễn thông Vĩnh Long","Tên trạm BTS":"MY-AN_VLG.MTH","Địa chỉ lắp đặt":"Ấp Chợ, xã Nhơn Phú, tỉnh Vĩnh Long.","Trạm 3G":"3G","Số giấy chứng nhận kiểm định":null,"Có giá trị đến":"04/08/2030","layer_id":165,"fid":11838,"label":"Viễn thông Vĩnh Long"}},{"type":"Feature","geometry":{"type":"Point","coordinates":[105.959082,10.246257]},"properties":{"Tên doanh nghiệp":"Viễn thông Vĩnh Long","Tên trạm BTS":"PHUONG-2_VLG.VLO","Địa chỉ lắp đặt":"Số 144, đường Nguyễn Huệ, phường Long Châu, tỉnh Vĩnh Long.","Trạm 3G":"3G","Số giấy chứng nhận kiểm định":"Đang hoàn thiện hồ sơ đo kiểm, Tự công bố sự phù hợp","Có giá trị đến":null,"layer_id":165,"fid":11839,"label":"Viễn thông Vĩnh Long"}},{"type":"Feature","geometry":{"type":"Point","coordinates":[105.953239,10.257161]},"properties":{"Tên doanh nghiệp":"Viễn thông Vĩnh Long","Tên trạm BTS":"PHUONG-9_VLG.VLO","Địa chỉ lắp đặt":"Số 152/5, đường Phạm Hùng, khóm 1, phường Long Châu, tỉnh Vĩnh Long.","Trạm 3G":"3G","Số giấy chứng nhận kiểm định":"Đang hoàn thiện hồ sơ đo kiểm, Tự công bố sự phù hợp","Có giá trị đến":null,"layer_id":165,"fid":11840,"label":"Viễn thông Vĩnh Long"}},{"type":"Feature","geometry":{"type":"Point","coordinates":[105.92546,10.25843]},"properties":{"Tên doanh nghiệp":"Viễn thông Vĩnh Long","Tên trạm BTS":"TAN-NGAI-2_VLG.VLO","Địa chỉ lắp đặt":"Ấp Tân Xuân, phường Tân Ngãi, tỉnh Vĩnh Long.","Trạm 3G":"3G","Số giấy chứng nhận kiểm định":"A14371221124TG05","Có giá trị đến":"11/22/29 12:00:00 AM","layer_id":165,"fid":11841,"label":"Viễn thông Vĩnh Long"}},{"type":"Feature","geometry":{"type":"Point","coordinates":[106.12311,10.18883]},"properties":{"Tên doanh nghiệp":"Viễn thông Vĩnh Long","Tên trạm BTS":"3G_MTH024M_VLG.MTH","Địa chỉ lắp đặt":"Ấp Phước Thủy, xã Cái Nhum, tỉnh Vĩnh Long.","Trạm 3G":"3G","Số giấy chứng nhận kiểm định":null,"Có giá trị đến":"3/16/31 12:00:00 AM","layer_id":165,"fid":11842,"label":"Viễn thông Vĩnh Long"}},{"type":"Feature","geometry":{"type":"Point","coordinates":[106.065109,10.16993]},"properties":{"Tên doanh nghiệp":"Viễn thông Vĩnh Long","Tên trạm BTS":"3G_MTH033M-VLG.MTH","Địa chỉ lắp đặt":"Ấp Phước Thới A, xã Bình Phước, tỉnh Vĩnh Long.","Trạm 3G":"3G","Số giấy chứng nhận kiểm định":null,"Có giá trị đến":"04/08/2030","layer_id":165,"fid":11843,"label":"Viễn thông Vĩnh Long"}},{"type":"Feature","geometry":{"type":"Point","coordinates":[106.11323,10.20457]},"properties":{"Tên doanh nghiệp":"Viễn thông Vĩnh Long","Tên trạm BTS":"3G-MTH022M-VLG.MTH","Địa chỉ lắp đặt":"Ấp Phú Hội, xã Cái Nhum, tỉnh Vĩnh Long","Trạm 3G":"3G","Số giấy chứng nhận kiểm định":null,"Có giá trị đến":"05/08/2029","layer_id":165,"fid":11844,"label":"Viễn thông Vĩnh Long"}},{"type":"Feature","geometry":{"type":"Point","coordinates":[105.94649,10.23325]},"properties":{"Tên doanh nghiệp":"Viễn thông Vĩnh Long","Tên trạm BTS":"CC-PHUONG-8_VLG.VLO","Địa chỉ lắp đặt":"Số 198, tổ 31, khóm 5, phường Tân Hạnh, tỉnh Vĩnh Long.","Trạm 3G":"3G","Số giấy chứng nhận kiểm định":null,"Có giá trị đến":"06/01/2031","layer_id":165,"fid":11845,"label":"Viễn thông Vĩnh Long"}},{"type":"Feature","geometry":{"type":"Point","coordinates":[105.982402,10.256203]},"properties":{"Tên doanh nghiệp":"Viễn thông Vĩnh Long","Tên trạm BTS":"PHUONG-5_VLG.VLO","Địa chỉ lắp đặt":"Số 144/1A, đường 14 Tháng 9, phường Thanh Đức, tỉnh Vĩnh Long.","Trạm 3G":"3G","Số giấy chứng nhận kiểm định":"Đang hoàn thiện hồ sơ đo kiểm, Tự công bố sự phù hợp","Có giá trị đến":null,"layer_id":165,"fid":11846,"label":"Viễn thông Vĩnh Long"}},{"type":"Feature","geometry":{"type":"Point","coordinates":[105.97351,10.25672]},"properties":{"Tên doanh nghiệp":"Viễn thông Vĩnh Long","Tên trạm BTS":"3G_VLO050M_VLG.VLO","Địa chỉ lắp đặt":"Số 1, đường 1/5, phường Long Châu, tỉnh Vĩnh Long","Trạm 3G":"3G","Số giấy chứng nhận kiểm định":"A16257311025TG05","Có giá trị đến":"10/31/30 12:00:00 AM","layer_id":165,"fid":11847,"label":"Viễn thông Vĩnh Long"}},{"type":"Feature","geometry":{"type":"Point","coordinates":[105.972168,10.249036]},"properties":{"Tên doanh nghiệp":"Viễn thông Vĩnh Long","Tên trạm BTS":"VLO043A_VLG.VLO","Địa chỉ lắp đặt":"Số 159/92, đường Nguyễn Thị Minh Khai, phường Long Châu, tỉnh Vĩnh Long.","Trạm 3G":"3G","Số giấy chứng nhận kiểm định":"A16253311025TG05","Có giá trị đến":"10/31/30 12:00:00 AM","layer_id":165,"fid":11848,"label":"Viễn thông Vĩnh Long"}},{"type":"Feature","geometry":{"type":"Point","coordinates":[106.28887,10.08691]},"properties":{"Tên doanh nghiệp":"Viễn thông Vĩnh Long","Tên trạm BTS":"An Thiện-Tịnh Xá Thành Đức","Địa chỉ lắp đặt":"Thành Thới, Vĩnh Long","Trạm 3G":"3G","Số giấy chứng nhận kiểm định":null,"Có giá trị đến":"10/04/2028","layer_id":165,"fid":12006,"label":"Viễn thông Vĩnh Long"}},{"type":"Feature","geometry":{"type":"Point","coordinates":[105.94729,10.25009]},"properties":{"Tên doanh nghiệp":"Viễn thông Vĩnh Long","Tên trạm BTS":"PHUONG-9-2_VLG.VLO","Địa chỉ lắp đặt":"Số 107/3A, khóm 3, phường Long Châu, tỉnh Vĩnh Long.","Trạm 3G":"3G","Số giấy chứng nhận kiểm định":"A16239311025TG05","Có giá trị đến":"10/31/30 12:00:00 AM","layer_id":165,"fid":11849,"label":"Viễn thông Vĩnh Long"}},{"type":"Feature","geometry":{"type":"Point","coordinates":[105.92346,10.26433]},"properties":{"Tên doanh nghiệp":"Viễn thông Vĩnh Long","Tên trạm BTS":"TAN-NGAI-4_VLG.VLO","Địa chỉ lắp đặt":"Ấp Vĩnh Hòa, phường Tân Ngãi, tỉnh Vĩnh Long.","Trạm 3G":"3G","Số giấy chứng nhận kiểm định":null,"Có giá trị đến":"06/01/2031","layer_id":165,"fid":11850,"label":"Viễn thông Vĩnh Long"}},{"type":"Feature","geometry":{"type":"Point","coordinates":[105.92805,10.16484]},"properties":{"Tên doanh nghiệp":"Viễn thông Vĩnh Long","Tên trạm BTS":"LHO034A_VLG.LHO","Địa chỉ lắp đặt":"Ấp Phước Yên A xã Phú Qưới, tỉnh Vĩnh Long","Trạm 3G":"3G","Số giấy chứng nhận kiểm định":"Đang hoàn thiện hồ sơ đo kiểm, Tự công bố sự phù hợp","Có giá trị đến":null,"layer_id":165,"fid":11851,"label":"Viễn thông Vĩnh Long"}},{"type":"Feature","geometry":{"type":"Point","coordinates":[105.99999,10.18636]},"properties":{"Tên doanh nghiệp":"Viễn thông Vĩnh Long","Tên trạm BTS":"3G_LHO050M_VLG.LHO","Địa chỉ lắp đặt":"Ấp Phú An, xã Long Hồ, tỉnh Vĩnh Long.","Trạm 3G":"3G","Số giấy chứng nhận kiểm định":null,"Có giá trị đến":"3/16/31 12:00:00 AM","layer_id":165,"fid":11852,"label":"Viễn thông Vĩnh Long"}},{"type":"Feature","geometry":{"type":"Point","coordinates":[105.98128,10.23319]},"properties":{"Tên doanh nghiệp":"Viễn thông Vĩnh Long","Tên trạm BTS":"PHUONG-3_VLG.VLO","Địa chỉ lắp đặt":"Số 67/32, đường Phó cơ Điều,phường Phước Hậu, tỉnh Vĩnh Long.","Trạm 3G":"3G","Số giấy chứng nhận kiểm định":"Đang hoàn thiện hồ sơ đo kiểm, Tự công bố sự phù hợp","Có giá trị đến":null,"layer_id":165,"fid":11853,"label":"Viễn thông Vĩnh Long"}},{"type":"Feature","geometry":{"type":"Point","coordinates":[105.98991,10.2343]},"properties":{"Tên doanh nghiệp":"Viễn thông Vĩnh Long","Tên trạm BTS":"BENH-VIEN-DA-KHOA_VLG.VLO","Địa chỉ lắp đặt":"Số 66/5B, đường Trần Phú,phường Phước Hậu, tỉnh Vĩnh Long.","Trạm 3G":"3G","Số giấy chứng nhận kiểm định":null,"Có giá trị đến":"04/08/2030","layer_id":165,"fid":11854,"label":"Viễn thông Vĩnh Long"}},{"type":"Feature","geometry":{"type":"Point","coordinates":[106.00575,10.25289]},"properties":{"Tên doanh nghiệp":"Viễn thông Vĩnh Long","Tên trạm BTS":"LHO032A_VLG.VLO","Địa chỉ lắp đặt":"Ấp Sơn Đông, phường Thanh Đức, tỉnh Vĩnh Long.","Trạm 3G":"3G","Số giấy chứng nhận kiểm định":null,"Có giá trị đến":"3/16/31 12:00:00 AM","layer_id":165,"fid":11855,"label":"Viễn thông Vĩnh Long"}},{"type":"Feature","geometry":{"type":"Point","coordinates":[105.97363,10.21622]},"properties":{"Tên doanh nghiệp":"Viễn thông Vĩnh Long","Tên trạm BTS":"PHUOC-HAU_VLG.LHO","Địa chỉ lắp đặt":"Ấp Phước Ngươn B, xã Long Hồ, tỉnh Vĩnh Long.","Trạm 3G":"3G","Số giấy chứng nhận kiểm định":null,"Có giá trị đến":"3/16/31 12:00:00 AM","layer_id":165,"fid":11856,"label":"Viễn thông Vĩnh Long"}},{"type":"Feature","geometry":{"type":"Point","coordinates":[105.99825,10.21004]},"properties":{"Tên doanh nghiệp":"Viễn thông Vĩnh Long","Tên trạm BTS":"3G_LHO035M_VLG.LHO","Địa chỉ lắp đặt":"Ấp Long Thuận B, xã Long Hồ, tỉnh Vĩnh Long.","Trạm 3G":"3G","Số giấy chứng nhận kiểm định":null,"Có giá trị đến":"06/01/2031","layer_id":165,"fid":11857,"label":"Viễn thông Vĩnh Long"}},{"type":"Feature","geometry":{"type":"Point","coordinates":[106.02414,10.14705]},"properties":{"Tên doanh nghiệp":"Viễn thông Vĩnh Long","Tên trạm BTS":"LONG-AN_VLG.LHO","Địa chỉ lắp đặt":"Ấp An Hiệp, xã Long Hồ, tỉnh Vĩnh Long.","Trạm 3G":"3G","Số giấy chứng nhận kiểm định":null,"Có giá trị đến":"3/16/31 12:00:00 AM","layer_id":165,"fid":11858,"label":"Viễn thông Vĩnh Long"}},{"type":"Feature","geometry":{"type":"Point","coordinates":[105.88465,10.18261]},"properties":{"Tên doanh nghiệp":"Viễn thông Vĩnh Long","Tên trạm BTS":"3G_LHO029M_VLG.LHO","Địa chỉ lắp đặt":"Ấp Hòa Thạnh 1, xã Phú Qưới, tỉnh Vĩnh Long.","Trạm 3G":"3G","Số giấy chứng nhận kiểm định":null,"Có giá trị đến":"3/16/31 12:00:00 AM","layer_id":165,"fid":11859,"label":"Viễn thông Vĩnh Long"}},{"type":"Feature","geometry":{"type":"Point","coordinates":[106.013353,10.19297]},"properties":{"Tên doanh nghiệp":"Viễn thông Vĩnh Long","Tên trạm BTS":"LONG-HO_VLG.LHO","Địa chỉ lắp đặt":"Khóm 1, xã Long Hồ, tỉnh Vĩnh Long.","Trạm 3G":"3G","Số giấy chứng nhận kiểm định":"A01031160126TG05","Có giá trị đến":"1/16/31 12:00:00 AM","layer_id":165,"fid":11860,"label":"Viễn thông Vĩnh Long"}},{"type":"Feature","geometry":{"type":"Point","coordinates":[105.99735,10.25065]},"properties":{"Tên doanh nghiệp":"Viễn thông Vĩnh Long","Tên trạm BTS":"BAC-CO-CHIEN_VLG.VLO","Địa chỉ lắp đặt":"Ấp Thanh Mỹ 1, phường Thanh Đức, tỉnh Vĩnh Long.","Trạm 3G":"3G","Số giấy chứng nhận kiểm định":"A16250311025TG05","Có giá trị đến":"10/31/30 12:00:00 AM","layer_id":165,"fid":11861,"label":"Viễn thông Vĩnh Long"}},{"type":"Feature","geometry":{"type":"Point","coordinates":[105.94124,10.16868]},"properties":{"Tên doanh nghiệp":"Viễn thông Vĩnh Long","Tên trạm BTS":"3G_LHO042M_VLG.LHO","Địa chỉ lắp đặt":"Ấp Phước Hòa, xã Phú Qưới, tỉnh Vĩnh Long","Trạm 3G":"3G","Số giấy chứng nhận kiểm định":null,"Có giá trị đến":"06/01/2031","layer_id":165,"fid":11862,"label":"Viễn thông Vĩnh Long"}},{"type":"Feature","geometry":{"type":"Point","coordinates":[105.911978,10.267011]},"properties":{"Tên doanh nghiệp":"Viễn thông Vĩnh Long","Tên trạm BTS":"TAN-HOA-2_VLG.VLO","Địa chỉ lắp đặt":"Ấp Tân Quới, phường Tân Ngãi, tỉnh Vĩnh Long","Trạm 3G":"3G","Số giấy chứng nhận kiểm định":null,"Có giá trị đến":"05/08/2029","layer_id":165,"fid":11863,"label":"Viễn thông Vĩnh Long"}},{"type":"Feature","geometry":{"type":"Point","coordinates":[105.89383,10.16847]},"properties":{"Tên doanh nghiệp":"Viễn thông Vĩnh Long","Tên trạm BTS":"THANH-QUOI_VLG.LHO","Địa chỉ lắp đặt":"Ấp Thạnh Phú, xã Phú Qưới, tỉnh Vĩnh Long.","Trạm 3G":"3G","Số giấy chứng nhận kiểm định":null,"Có giá trị đến":"04/08/2030","layer_id":165,"fid":11864,"label":"Viễn thông Vĩnh Long"}},{"type":"Feature","geometry":{"type":"Point","coordinates":[105.93874,10.24207]},"properties":{"Tên doanh nghiệp":"Viễn thông Vĩnh Long","Tên trạm BTS":"VLG2008-5_VLG.VLO","Địa chỉ lắp đặt":"Ấp Tân An, phường Tân Hạnh, tỉnh Vĩnh Long.","Trạm 3G":"3G","Số giấy chứng nhận kiểm định":null,"Có giá trị đến":"3/16/31 12:00:00 AM","layer_id":165,"fid":11865,"label":"Viễn thông Vĩnh Long"}},{"type":"Feature","geometry":{"type":"Point","coordinates":[105.97068,10.18436]},"properties":{"Tên doanh nghiệp":"Viễn thông Vĩnh Long","Tên trạm BTS":"LONG-HO-4_VLG.LHO","Địa chỉ lắp đặt":"Ấp Phước Tân, xã Phú Qưới, tỉnh Vĩnh Long.","Trạm 3G":"3G","Số giấy chứng nhận kiểm định":null,"Có giá trị đến":"03/03/2028","layer_id":165,"fid":11866,"label":"Viễn thông Vĩnh Long"}},{"type":"Feature","geometry":{"type":"Point","coordinates":[105.93649,10.23491]},"properties":{"Tên doanh nghiệp":"Viễn thông Vĩnh Long","Tên trạm BTS":"TAN-THUAN_VLG.LHO","Địa chỉ lắp đặt":"Ấp Tân Thuận, phường Tân Hạnh, tỉnh Vĩnh Long.","Trạm 3G":"3G","Số giấy chứng nhận kiểm định":null,"Có giá trị đến":"3/16/31 12:00:00 AM","layer_id":165,"fid":11867,"label":"Viễn thông Vĩnh Long"}},{"type":"Feature","geometry":{"type":"Point","coordinates":[105.9599,10.2139]},"properties":{"Tên doanh nghiệp":"Viễn thông Vĩnh Long","Tên trạm BTS":"3G_LHO053M_VLG.LHO","Địa chỉ lắp đặt":"Ấp Phước Hanh A, phường Phước Hậu, tỉnh Vĩnh Long","Trạm 3G":"3G","Số giấy chứng nhận kiểm định":null,"Có giá trị đến":"22/01/2029","layer_id":165,"fid":11868,"label":"Viễn thông Vĩnh Long"}},{"type":"Feature","geometry":{"type":"Point","coordinates":[105.96484,10.22608]},"properties":{"Tên doanh nghiệp":"Viễn thông Vĩnh Long","Tên trạm BTS":"PHUOC-HANH_VLG.LHO","Địa chỉ lắp đặt":"Ấp Phước Hạnh, phường Phước Hậu, tỉnh Vĩnh Long.","Trạm 3G":"3G","Số giấy chứng nhận kiểm định":null,"Có giá trị đến":"06/01/2031","layer_id":165,"fid":11869,"label":"Viễn thông Vĩnh Long"}},{"type":"Feature","geometry":{"type":"Point","coordinates":[105.95491,10.23013]},"properties":{"Tên doanh nghiệp":"Viễn thông Vĩnh Long","Tên trạm BTS":"PHUONG-8_VLG.VLO","Địa chỉ lắp đặt":"Số 6/9, đường Đinh Tiên Hoàng, khóm 4, phường Tân Hạnh, tỉnh Vĩnh Long.","Trạm 3G":"3G","Số giấy chứng nhận kiểm định":null,"Có giá trị đến":"06/01/2031","layer_id":165,"fid":11870,"label":"Viễn thông Vĩnh Long"}},{"type":"Feature","geometry":{"type":"Point","coordinates":[106.001518,10.258064]},"properties":{"Tên doanh nghiệp":"Viễn thông Vĩnh Long","Tên trạm BTS":"LHO031A_VLG.VLO","Địa chỉ lắp đặt":"Ấp Thanh Mỹ 1, phường Thanh Đức, tỉnh Vĩnh Long.","Trạm 3G":"3G","Số giấy chứng nhận kiểm định":null,"Có giá trị đến":"3/16/31 12:00:00 AM","layer_id":165,"fid":11871,"label":"Viễn thông Vĩnh Long"}},{"type":"Feature","geometry":{"type":"Point","coordinates":[105.92241,10.14561]},"properties":{"Tên doanh nghiệp":"Viễn thông Vĩnh Long","Tên trạm BTS":"3G_LHO047M_VLG.LHO","Địa chỉ lắp đặt":"Ấp Phú Hưng, xã Phú Qưới, tỉnh Vĩnh Long.","Trạm 3G":"3G","Số giấy chứng nhận kiểm định":null,"Có giá trị đến":"3/16/31 12:00:00 AM","layer_id":165,"fid":11872,"label":"Viễn thông Vĩnh Long"}},{"type":"Feature","geometry":{"type":"Point","coordinates":[105.94672,10.21352]},"properties":{"Tên doanh nghiệp":"Viễn thông Vĩnh Long","Tên trạm BTS":"CAU-DOI-2_VLG.LHO","Địa chỉ lắp đặt":"Ấp Tân Hưng, phường Tân Hạnh, tỉnh Vĩnh Long.","Trạm 3G":"3G","Số giấy chứng nhận kiểm định":null,"Có giá trị đến":"3/16/31 12:00:00 AM","layer_id":165,"fid":11873,"label":"Viễn thông Vĩnh Long"}},{"type":"Feature","geometry":{"type":"Point","coordinates":[105.9393,10.2212]},"properties":{"Tên doanh nghiệp":"Viễn thông Vĩnh Long","Tên trạm BTS":"VLG2024-325","Địa chỉ lắp đặt":"Phường Tân Hạnh, tỉnh Vĩnh Long","Trạm 3G":"3G","Số giấy chứng nhận kiểm định":null,"Có giá trị đến":"3/16/31 12:00:00 AM","layer_id":165,"fid":11874,"label":"Viễn thông Vĩnh Long"}},{"type":"Feature","geometry":{"type":"Point","coordinates":[105.983682,10.235542]},"properties":{"Tên doanh nghiệp":"Viễn thông Vĩnh Long","Tên trạm BTS":"DAI-TH-VINH-LONG_VLG.VLO","Địa chỉ lắp đặt":"Thửa đất số 29, tờ bản đồ số 15 đường Phạm Thái Bường, Phường 4,TP Vĩnh Long","Trạm 3G":"3G","Số giấy chứng nhận kiểm định":"Đang hoàn thiện hồ sơ đo kiểm, Tự công bố sự phù hợp","Có giá trị đến":null,"layer_id":165,"fid":11875,"label":"Viễn thông Vĩnh Long"}},{"type":"Feature","geometry":{"type":"Point","coordinates":[105.96488,10.238148]},"properties":{"Tên doanh nghiệp":"Viễn thông Vĩnh Long","Tên trạm BTS":"3G_VLO052M_VLG.VLO","Địa chỉ lắp đặt":"Số 61/12A, Khóm 3, đường Mậu Thân,phường Phước Hậu.","Trạm 3G":"3G","Số giấy chứng nhận kiểm định":"A16255311025TG05","Có giá trị đến":"10/31/30 12:00:00 AM","layer_id":165,"fid":11876,"label":"Viễn thông Vĩnh Long"}},{"type":"Feature","geometry":{"type":"Point","coordinates":[105.90637,10.25855]},"properties":{"Tên doanh nghiệp":"Viễn thông Vĩnh Long","Tên trạm BTS":"VLG2022-VTT-03","Địa chỉ lắp đặt":"Thửa Đất số 16, tờ bản đồ số 20, số 64, Ấp Tân Phú, phường Tân Ngãi, tỉnh Vĩnh Long","Trạm 3G":"3G","Số giấy chứng nhận kiểm định":null,"Có giá trị đến":"22/01/2029","layer_id":165,"fid":11877,"label":"Viễn thông Vĩnh Long"}},{"type":"Feature","geometry":{"type":"Point","coordinates":[106.02226,10.18186]},"properties":{"Tên doanh nghiệp":"Viễn thông Vĩnh Long","Tên trạm BTS":"3G_LHO045M_VLG.LHO","Địa chỉ lắp đặt":"Ấp An Phú, xã Long Hồ, tỉnh Vĩnh Long.","Trạm 3G":"3G","Số giấy chứng nhận kiểm định":null,"Có giá trị đến":"3/16/31 12:00:00 AM","layer_id":165,"fid":11878,"label":"Viễn thông Vĩnh Long"}},{"type":"Feature","geometry":{"type":"Point","coordinates":[105.93073,10.22753]},"properties":{"Tên doanh nghiệp":"Viễn thông Vĩnh Long","Tên trạm BTS":"TAN-HANH_VLG.LHO","Địa chỉ lắp đặt":"Ấp Tân Thuận, phường Tân Hạnh, tỉnh Vĩnh Long.","Trạm 3G":"3G","Số giấy chứng nhận kiểm định":null,"Có giá trị đến":"06/01/2031","layer_id":165,"fid":11879,"label":"Viễn thông Vĩnh Long"}},{"type":"Feature","geometry":{"type":"Point","coordinates":[106.35873,10.14252]},"properties":{"Tên doanh nghiệp":"Viễn thông Vĩnh Long","Tên trạm BTS":"Dinh-Thuy-BTE","Địa chỉ lắp đặt":"Đồng Khởi, Vĩnh Long","Trạm 3G":"3G","Số giấy chứng nhận kiểm định":null,"Có giá trị đến":"10/04/2028","layer_id":165,"fid":12007,"label":"Viễn thông Vĩnh Long"}},{"type":"Feature","geometry":{"type":"Point","coordinates":[105.97518,10.23312]},"properties":{"Tên doanh nghiệp":"Viễn thông Vĩnh Long","Tên trạm BTS":"VLG2008-13_VLG.VLO","Địa chỉ lắp đặt":"Số 68/18C, đường Phó Cơ Điều, khóm 2,phường Phước Hậu, tỉnh Vĩnh Long.","Trạm 3G":"3G","Số giấy chứng nhận kiểm định":null,"Có giá trị đến":"05/08/2029","layer_id":165,"fid":11880,"label":"Viễn thông Vĩnh Long"}},{"type":"Feature","geometry":{"type":"Point","coordinates":[105.9662,10.2457]},"properties":{"Tên doanh nghiệp":"Viễn thông Vĩnh Long","Tên trạm BTS":"VLG2008-15_VLG.VLO","Địa chỉ lắp đặt":"Số 11/20C, đường Mậu Thân, phường Phước Hậu, tỉnh Vĩnh Long.","Trạm 3G":"3G","Số giấy chứng nhận kiểm định":null,"Có giá trị đến":"05/08/2029","layer_id":165,"fid":11881,"label":"Viễn thông Vĩnh Long"}},{"type":"Feature","geometry":{"type":"Point","coordinates":[106.15176,10.19011]},"properties":{"Tên doanh nghiệp":"Viễn thông Vĩnh Long","Tên trạm BTS":"PHU-HOA_VLG.MTH","Địa chỉ lắp đặt":"Ấp Phú Hòa, xã Cái Nhum, tỉnh Vĩnh Long.","Trạm 3G":"3G","Số giấy chứng nhận kiểm định":null,"Có giá trị đến":"22/01/2029","layer_id":165,"fid":11882,"label":"Viễn thông Vĩnh Long"}},{"type":"Feature","geometry":{"type":"Point","coordinates":[106.01938,10.17511]},"properties":{"Tên doanh nghiệp":"Viễn thông Vĩnh Long","Tên trạm BTS":"PHUOC-THO_VLG.LHO","Địa chỉ lắp đặt":"Ấp An Phú A, xã Long Hồ, tỉnh Vĩnh Long.","Trạm 3G":"3G","Số giấy chứng nhận kiểm định":null,"Có giá trị đến":"3/16/31 12:00:00 AM","layer_id":165,"fid":11883,"label":"Viễn thông Vĩnh Long"}},{"type":"Feature","geometry":{"type":"Point","coordinates":[105.94243,10.15889]},"properties":{"Tên doanh nghiệp":"Viễn thông Vĩnh Long","Tên trạm BTS":"LOC-HUNG_VLG.LHO","Địa chỉ lắp đặt":"Ấp Lộc Hưng, xã Phú Qưới, tỉnh Vĩnh Long.","Trạm 3G":"3G","Số giấy chứng nhận kiểm định":null,"Có giá trị đến":"06/01/2031","layer_id":165,"fid":11884,"label":"Viễn thông Vĩnh Long"}},{"type":"Feature","geometry":{"type":"Point","coordinates":[106.02864,10.18717]},"properties":{"Tên doanh nghiệp":"Viễn thông Vĩnh Long","Tên trạm BTS":"3G_MTH025M_VLG.LHO","Địa chỉ lắp đặt":"Ấp Phước Thọ, xã Bình Phước, tỉnh Vĩnh Long","Trạm 3G":"3G","Số giấy chứng nhận kiểm định":null,"Có giá trị đến":"03/03/2028","layer_id":165,"fid":11885,"label":"Viễn thông Vĩnh Long"}},{"type":"Feature","geometry":{"type":"Point","coordinates":[106.00745,10.1539]},"properties":{"Tên doanh nghiệp":"Viễn thông Vĩnh Long","Tên trạm BTS":"3G-LHO037M-VLG.LHO","Địa chỉ lắp đặt":"Ấp Hậu Thành, xã Long Hồ, tỉnh Vĩnh Long","Trạm 3G":"3G","Số giấy chứng nhận kiểm định":null,"Có giá trị đến":"03/03/2028","layer_id":165,"fid":11886,"label":"Viễn thông Vĩnh Long"}},{"type":"Feature","geometry":{"type":"Point","coordinates":[105.93251,10.26764]},"properties":{"Tên doanh nghiệp":"Viễn thông Vĩnh Long","Tên trạm BTS":"TAN-NGAI-3_VLG.VLO","Địa chỉ lắp đặt":"Ấp Tân Thuận An, phường Tân Ngãi, tỉnh Vĩnh Long.","Trạm 3G":"3G","Số giấy chứng nhận kiểm định":null,"Có giá trị đến":"04/08/2030","layer_id":165,"fid":11887,"label":"Viễn thông Vĩnh Long"}},{"type":"Feature","geometry":{"type":"Point","coordinates":[105.92748,10.26775]},"properties":{"Tên doanh nghiệp":"Viễn thông Vĩnh Long","Tên trạm BTS":"TRUONG-AN_VLG.VLO","Địa chỉ lắp đặt":"Ấp Tân Vĩnh Thuận, phường Tân Ngãi, tỉnh Vĩnh Long.","Trạm 3G":"3G","Số giấy chứng nhận kiểm định":null,"Có giá trị đến":"06/01/2031","layer_id":165,"fid":11888,"label":"Viễn thông Vĩnh Long"}},{"type":"Feature","geometry":{"type":"Point","coordinates":[105.89596,10.24872]},"properties":{"Tên doanh nghiệp":"Viễn thông Vĩnh Long","Tên trạm BTS":"TAN-HOI_VLG.VLO","Địa chỉ lắp đặt":"Ấp Tân Bình, phường Tân Ngãi, tỉnh Vĩnh Long.","Trạm 3G":"3G","Số giấy chứng nhận kiểm định":null,"Có giá trị đến":"04/08/2030","layer_id":165,"fid":11889,"label":"Viễn thông Vĩnh Long"}},{"type":"Feature","geometry":{"type":"Point","coordinates":[105.976794,10.25863]},"properties":{"Tên doanh nghiệp":"Viễn thông Vĩnh Long","Tên trạm BTS":"CHUA-ONG_VLG.VLO","Địa chỉ lắp đặt":"Số 64B, khóm 1, đường Nguyễn Chí Thanh, phường Thanh Đức, tỉnh Vĩnh Long.","Trạm 3G":"3G","Số giấy chứng nhận kiểm định":"A14372221124TG05","Có giá trị đến":"11/22/29 12:00:00 AM","layer_id":165,"fid":11890,"label":"Viễn thông Vĩnh Long"}},{"type":"Feature","geometry":{"type":"Point","coordinates":[105.94505,10.17822]},"properties":{"Tên doanh nghiệp":"Viễn thông Vĩnh Long","Tên trạm BTS":"3G_LHO043M_VLG.LHO","Địa chỉ lắp đặt":"Ấp Phước Hòa, xã Phú Qưới, tỉnh Vĩnh Long","Trạm 3G":"3G","Số giấy chứng nhận kiểm định":null,"Có giá trị đến":"06/01/2031","layer_id":165,"fid":11891,"label":"Viễn thông Vĩnh Long"}},{"type":"Feature","geometry":{"type":"Point","coordinates":[105.95978,10.250607]},"properties":{"Tên doanh nghiệp":"Viễn thông Vĩnh Long","Tên trạm BTS":"VLG2022-VTT-01","Địa chỉ lắp đặt":"Số 52/84/36A, đường Nguyễn Huệ, Phường Long Châu, tỉnh Vĩnh Long","Trạm 3G":"3G","Số giấy chứng nhận kiểm định":"A16259311025TG05","Có giá trị đến":"10/31/30 12:00:00 AM","layer_id":165,"fid":11892,"label":"Viễn thông Vĩnh Long"}},{"type":"Feature","geometry":{"type":"Point","coordinates":[105.89051,10.26497]},"properties":{"Tên doanh nghiệp":"Viễn thông Vĩnh Long","Tên trạm BTS":"VLO046A_VLG.VLO","Địa chỉ lắp đặt":"Quốc lộ 80, Phường Tân Ngãi, tỉnh Vĩnh Long.","Trạm 3G":"3G","Số giấy chứng nhận kiểm định":"A06659140525TG05","Có giá trị đến":"5/14/30 12:00:00 AM","layer_id":165,"fid":11893,"label":"Viễn thông Vĩnh Long"}},{"type":"Feature","geometry":{"type":"Point","coordinates":[105.94646,10.25919]},"properties":{"Tên doanh nghiệp":"Viễn thông Vĩnh Long","Tên trạm BTS":"VLO044A_VLG.VLO","Địa chỉ lắp đặt":"Số 89/2A, đường Phạm Hùng, phường Long Châu, tỉnh Vĩnh Long.","Trạm 3G":"3G","Số giấy chứng nhận kiểm định":null,"Có giá trị đến":"06/01/2031","layer_id":165,"fid":11894,"label":"Viễn thông Vĩnh Long"}},{"type":"Feature","geometry":{"type":"Point","coordinates":[105.914751,10.23276]},"properties":{"Tên doanh nghiệp":"Viễn thông Vĩnh Long","Tên trạm BTS":"TAN-NHON_VLG.VLO","Địa chỉ lắp đặt":"Ấp Tân Nhơn, phường Tân Ngãi, tỉnh Vĩnh Long.","Trạm 3G":"3G","Số giấy chứng nhận kiểm định":null,"Có giá trị đến":"04/08/2030","layer_id":165,"fid":11895,"label":"Viễn thông Vĩnh Long"}},{"type":"Feature","geometry":{"type":"Point","coordinates":[105.92531,10.17268]},"properties":{"Tên doanh nghiệp":"Viễn thông Vĩnh Long","Tên trạm BTS":"3G_LHO044M_VLG.LHO","Địa chỉ lắp đặt":"Ấp Phước yên B, xã Phú Qưới, tỉnh Vĩnh Long.","Trạm 3G":"3G","Số giấy chứng nhận kiểm định":"Đang hoàn thiện hồ sơ đo kiểm, Tự công bố sự phù hợp","Có giá trị đến":null,"layer_id":165,"fid":11896,"label":"Viễn thông Vĩnh Long"}},{"type":"Feature","geometry":{"type":"Point","coordinates":[106.01436,10.21891]},"properties":{"Tên doanh nghiệp":"Viễn thông Vĩnh Long","Tên trạm BTS":"3G_MTH030M_VLG.LHO","Địa chỉ lắp đặt":"Ấp Long Hòa 2, xã Bình Phước, tỉnh Vĩnh Long.","Trạm 3G":"3G","Số giấy chứng nhận kiểm định":null,"Có giá trị đến":"04/08/2030","layer_id":165,"fid":11897,"label":"Viễn thông Vĩnh Long"}},{"type":"Feature","geometry":{"type":"Point","coordinates":[106.00401,10.22541]},"properties":{"Tên doanh nghiệp":"Viễn thông Vĩnh Long","Tên trạm BTS":"HUNG-QUOI_VLG.LHO","Địa chỉ lắp đặt":"Ấp Long Phước, xã Bình Phước, tỉnh Vĩnh Long","Trạm 3G":"3G","Số giấy chứng nhận kiểm định":null,"Có giá trị đến":"04/08/2030","layer_id":165,"fid":11898,"label":"Viễn thông Vĩnh Long"}},{"type":"Feature","geometry":{"type":"Point","coordinates":[105.94019,10.19463]},"properties":{"Tên doanh nghiệp":"Viễn thông Vĩnh Long","Tên trạm BTS":"CAU-DOI_VLG.LHO","Địa chỉ lắp đặt":"Ấp Phước Long, xã Phú Qưới, tỉnh Vĩnh Long.","Trạm 3G":"3G","Số giấy chứng nhận kiểm định":"A01033160126TG05","Có giá trị đến":"1/16/31 12:00:00 AM","layer_id":165,"fid":11899,"label":"Viễn thông Vĩnh Long"}},{"type":"Feature","geometry":{"type":"Point","coordinates":[105.977933,10.247315]},"properties":{"Tên doanh nghiệp":"Viễn thông Vĩnh Long","Tên trạm BTS":"DTH-VLG-2_VLG.VLO","Địa chỉ lắp đặt":"Số 51/8/7, đường Phạm Thái Bường,phường Phước Hậu, tỉnh Vĩnh Long.","Trạm 3G":"3G","Số giấy chứng nhận kiểm định":"A16244311025TG05","Có giá trị đến":"10/31/30 12:00:00 AM","layer_id":165,"fid":11900,"label":"Viễn thông Vĩnh Long"}},{"type":"Feature","geometry":{"type":"Point","coordinates":[105.98872,10.24133]},"properties":{"Tên doanh nghiệp":"Viễn thông Vĩnh Long","Tên trạm BTS":"CHO-CUA_VLG.VLO","Địa chỉ lắp đặt":"Số 143/32, đường 8 Tháng 3, phường Thanh Đức, tỉnh Vĩnh Long.","Trạm 3G":"3G","Số giấy chứng nhận kiểm định":null,"Có giá trị đến":"06/01/2031","layer_id":165,"fid":11901,"label":"Viễn thông Vĩnh Long"}},{"type":"Feature","geometry":{"type":"Point","coordinates":[106.036426,10.214116]},"properties":{"Tên doanh nghiệp":"Viễn thông Vĩnh Long","Tên trạm BTS":"HOA-TINH_VLG.LHO","Địa chỉ lắp đặt":"Ấp Bình Hòa 1, xã Bình Phước, tỉnh Vĩnh Long.","Trạm 3G":"3G","Số giấy chứng nhận kiểm định":null,"Có giá trị đến":"04/08/2030","layer_id":165,"fid":11902,"label":"Viễn thông Vĩnh Long"}},{"type":"Feature","geometry":{"type":"Point","coordinates":[105.91908,10.27096]},"properties":{"Tên doanh nghiệp":"Viễn thông Vĩnh Long","Tên trạm BTS":"4G-VLO053M-VLG.VLO","Địa chỉ lắp đặt":"Ấp Tân Vĩnh Thuận, phường Tân Ngãi, tỉnh Vĩnh Long.","Trạm 3G":"3G","Số giấy chứng nhận kiểm định":null,"Có giá trị đến":"06/01/2031","layer_id":165,"fid":11903,"label":"Viễn thông Vĩnh Long"}},{"type":"Feature","geometry":{"type":"Point","coordinates":[106.10189,10.23193]},"properties":{"Tên doanh nghiệp":"Viễn thông Vĩnh Long","Tên trạm BTS":"MY-PHUOC_VLG.MTH","Địa chỉ lắp đặt":"Ấp Cái Kè, xã Nhơn Phú, tỉnh Vĩnh Long.","Trạm 3G":"3G","Số giấy chứng nhận kiểm định":null,"Có giá trị đến":"22/01/2029","layer_id":165,"fid":11904,"label":"Viễn thông Vĩnh Long"}},{"type":"Feature","geometry":{"type":"Point","coordinates":[105.99461,10.23997]},"properties":{"Tên doanh nghiệp":"Viễn thông Vĩnh Long","Tên trạm BTS":"VLG2008-8_VLG.VLO","Địa chỉ lắp đặt":"Ấp Thanh Hưng, phường Thanh Đức, tỉnh Vĩnh Long.","Trạm 3G":"3G","Số giấy chứng nhận kiểm định":null,"Có giá trị đến":"3/16/31 12:00:00 AM","layer_id":165,"fid":11905,"label":"Viễn thông Vĩnh Long"}},{"type":"Feature","geometry":{"type":"Point","coordinates":[105.96009,10.242909]},"properties":{"Tên doanh nghiệp":"Viễn thông Vĩnh Long","Tên trạm BTS":"VLG2022-VTT-02","Địa chỉ lắp đặt":"Tờ bản đồ số 32, thửa đất số 53, đường Hoàng Hoa Thám, Phường Long Châu, tỉnh Vĩnh Long","Trạm 3G":"3G","Số giấy chứng nhận kiểm định":"Đang hoàn thiện hồ sơ đo kiểm, Tự công bố sự phù hợp","Có giá trị đến":null,"layer_id":165,"fid":11906,"label":"Viễn thông Vĩnh Long"}},{"type":"Feature","geometry":{"type":"Point","coordinates":[105.88581,10.25348]},"properties":{"Tên doanh nghiệp":"Viễn thông Vĩnh Long","Tên trạm BTS":"4G-VLO054M-VLG.VLO","Địa chỉ lắp đặt":"Ấp Tân An, phường Tân Ngãi","Trạm 3G":"3G","Số giấy chứng nhận kiểm định":null,"Có giá trị đến":"06/01/2031","layer_id":165,"fid":11907,"label":"Viễn thông Vĩnh Long"}},{"type":"Feature","geometry":{"type":"Point","coordinates":[105.983759,10.243676]},"properties":{"Tên doanh nghiệp":"Viễn thông Vĩnh Long","Tên trạm BTS":"VLO047A_VLG.VLO","Địa chỉ lắp đặt":"Số 29/3, đường Trần Phú,phường Phước Hậu, tỉnh Vĩnh Long.","Trạm 3G":"3G","Số giấy chứng nhận kiểm định":"A14359221124TG05","Có giá trị đến":"11/22/29 12:00:00 AM","layer_id":165,"fid":11908,"label":"Viễn thông Vĩnh Long"}},{"type":"Feature","geometry":{"type":"Point","coordinates":[105.95259,10.22424]},"properties":{"Tên doanh nghiệp":"Viễn thông Vĩnh Long","Tên trạm BTS":"VLO040A_VLG.VLO","Địa chỉ lắp đặt":"Số 63, đường Đinh Tiên Hoàng, phường Tân Hạnh, tỉnh Vĩnh Long","Trạm 3G":"3G","Số giấy chứng nhận kiểm định":null,"Có giá trị đến":"06/01/2031","layer_id":165,"fid":11909,"label":"Viễn thông Vĩnh Long"}},{"type":"Feature","geometry":{"type":"Point","coordinates":[105.98814,10.18204]},"properties":{"Tên doanh nghiệp":"Viễn thông Vĩnh Long","Tên trạm BTS":"AN-THUAN_VLG.LHO","Địa chỉ lắp đặt":"Ấp An Thuận, xã Long Hồ, tỉnh Vĩnh Long.","Trạm 3G":"3G","Số giấy chứng nhận kiểm định":null,"Có giá trị đến":"3/16/31 12:00:00 AM","layer_id":165,"fid":11910,"label":"Viễn thông Vĩnh Long"}},{"type":"Feature","geometry":{"type":"Point","coordinates":[106.04233,10.18358]},"properties":{"Tên doanh nghiệp":"Viễn thông Vĩnh Long","Tên trạm BTS":"PHUOC-THOI_VLG.MTH","Địa chỉ lắp đặt":"Ấp Phước Thượng, xã Bình Phước, tỉnh Vĩnh Long.","Trạm 3G":"3G","Số giấy chứng nhận kiểm định":null,"Có giá trị đến":"3/16/31 12:00:00 AM","layer_id":165,"fid":11911,"label":"Viễn thông Vĩnh Long"}},{"type":"Feature","geometry":{"type":"Point","coordinates":[105.93552,10.26131]},"properties":{"Tên doanh nghiệp":"Viễn thông Vĩnh Long","Tên trạm BTS":"VLO045A_VLG.VLO","Địa chỉ lắp đặt":"Ấp Tân Quới Đông, phường Long Châu, tỉnh Vĩnh Long","Trạm 3G":"3G","Số giấy chứng nhận kiểm định":"A16249311025TG05","Có giá trị đến":"10/31/30 12:00:00 AM","layer_id":165,"fid":11912,"label":"Viễn thông Vĩnh Long"}},{"type":"Feature","geometry":{"type":"Point","coordinates":[105.98831,10.22842]},"properties":{"Tên doanh nghiệp":"Viễn thông Vĩnh Long","Tên trạm BTS":"3G_LHO040M_VLG.VLO","Địa chỉ lắp đặt":"Ấp Phước Ngươn A, phường Phước Hậu, tỉnh Vĩnh Long","Trạm 3G":"3G","Số giấy chứng nhận kiểm định":null,"Có giá trị đến":"06/01/2031","layer_id":165,"fid":11913,"label":"Viễn thông Vĩnh Long"}},{"type":"Feature","geometry":{"type":"Point","coordinates":[105.97999,10.16694]},"properties":{"Tên doanh nghiệp":"Viễn thông Vĩnh Long","Tên trạm BTS":"PHU-DUC_VLG.LHO","Địa chỉ lắp đặt":"Ấp An Hòa, xã Long Hồ, tỉnh Vĩnh Long.","Trạm 3G":"3G","Số giấy chứng nhận kiểm định":null,"Có giá trị đến":"06/01/2031","layer_id":165,"fid":11914,"label":"Viễn thông Vĩnh Long"}},{"type":"Feature","geometry":{"type":"Point","coordinates":[105.99117,10.252762]},"properties":{"Tên doanh nghiệp":"Viễn thông Vĩnh Long","Tên trạm BTS":"CC-MINH-LINH_VLG.VLO","Địa chỉ lắp đặt":"Số 240/72/1B, đường 14 Tháng 9, phường Thanh Đức, tỉnh Vĩnh Long.","Trạm 3G":"3G","Số giấy chứng nhận kiểm định":"A16242311025TG05","Có giá trị đến":"10/31/30 12:00:00 AM","layer_id":165,"fid":11915,"label":"Viễn thông Vĩnh Long"}},{"type":"Feature","geometry":{"type":"Point","coordinates":[105.9774,10.244533]},"properties":{"Tên doanh nghiệp":"Viễn thông Vĩnh Long","Tên trạm BTS":"CX-TIEN-DUNG_VLG.VLO","Địa chỉ lắp đặt":"Số 58D, đường Phạm Thái Bường, khóm 1,phường Phước Hậu, tỉnh Vĩnh Long.","Trạm 3G":"3G","Số giấy chứng nhận kiểm định":"A01032160126TG05","Có giá trị đến":"1/16/31 12:00:00 AM","layer_id":165,"fid":11916,"label":"Viễn thông Vĩnh Long"}},{"type":"Feature","geometry":{"type":"Point","coordinates":[105.98478,10.24701]},"properties":{"Tên doanh nghiệp":"Viễn thông Vĩnh Long","Tên trạm BTS":"CC-PHUONG-5_VLG.VLO","Địa chỉ lắp đặt":"Số 20, đường 8 Tháng 3, phường Thanh Đức, tỉnh Vĩnh Long.","Trạm 3G":"3G","Số giấy chứng nhận kiểm định":null,"Có giá trị đến":"06/01/2031","layer_id":165,"fid":11917,"label":"Viễn thông Vĩnh Long"}},{"type":"Feature","geometry":{"type":"Point","coordinates":[105.96409,10.25188]},"properties":{"Tên doanh nghiệp":"Viễn thông Vĩnh Long","Tên trạm BTS":"BAO-VINH-LONG_VLG.VLO","Địa chỉ lắp đặt":"Số 44/1A, đường Lê Thị Hồng Gấm, phường Long Châu, tỉnh Vĩnh Long.","Trạm 3G":"3G","Số giấy chứng nhận kiểm định":"A14373221124TG05","Có giá trị đến":"11/22/29 12:00:00 AM","layer_id":165,"fid":11918,"label":"Viễn thông Vĩnh Long"}},{"type":"Feature","geometry":{"type":"Point","coordinates":[105.9617,10.20016]},"properties":{"Tên doanh nghiệp":"Viễn thông Vĩnh Long","Tên trạm BTS":"PHUOC-LOI-C_VLG.LHO","Địa chỉ lắp đặt":"Ấp Phước Lợi B, phường Phước Hậu, tỉnh Vĩnh Long.","Trạm 3G":"3G","Số giấy chứng nhận kiểm định":null,"Có giá trị đến":"03/03/2028","layer_id":165,"fid":11919,"label":"Viễn thông Vĩnh Long"}},{"type":"Feature","geometry":{"type":"Point","coordinates":[106.16365,10.16708]},"properties":{"Tên doanh nghiệp":"Viễn thông Vĩnh Long","Tên trạm BTS":"CHANH-AN_VLG.MTH","Địa chỉ lắp đặt":"Ấp Mỹ Chánh, xã Cái Nhum, tỉnh Vĩnh Long.","Trạm 3G":"3G","Số giấy chứng nhận kiểm định":"A14362221124TG05","Có giá trị đến":"11/22/29 12:00:00 AM","layer_id":165,"fid":11920,"label":"Viễn thông Vĩnh Long"}},{"type":"Feature","geometry":{"type":"Point","coordinates":[105.93469,10.18517]},"properties":{"Tên doanh nghiệp":"Viễn thông Vĩnh Long","Tên trạm BTS":"3G_LHO048M_VLG.LHO","Địa chỉ lắp đặt":"Ấp Long Hòa, xã Phú Qưới, tỉnh Vĩnh Long.","Trạm 3G":"3G","Số giấy chứng nhận kiểm định":null,"Có giá trị đến":"3/16/31 12:00:00 AM","layer_id":165,"fid":11921,"label":"Viễn thông Vĩnh Long"}},{"type":"Feature","geometry":{"type":"Point","coordinates":[105.907448,10.178417]},"properties":{"Tên doanh nghiệp":"Viễn thông Vĩnh Long","Tên trạm BTS":"VLG2021-8","Địa chỉ lắp đặt":"Tờ bản đồ số 0001, số thửa 576, ấp Phước Lợi, xã Phú Qưới, Vĩnh Long","Trạm 3G":"3G","Số giấy chứng nhận kiểm định":null,"Có giá trị đến":"03/03/2028","layer_id":165,"fid":11922,"label":"Viễn thông Vĩnh Long"}},{"type":"Feature","geometry":{"type":"Point","coordinates":[106.07254,10.18622]},"properties":{"Tên doanh nghiệp":"Viễn thông Vĩnh Long","Tên trạm BTS":"PHUOC-THOI-C_VLG.MTH","Địa chỉ lắp đặt":"Ấp  Giồng Dài, xã  Cái Nhumt, tỉnh Vĩnh Long","Trạm 3G":"3G","Số giấy chứng nhận kiểm định":null,"Có giá trị đến":"05/08/2029","layer_id":165,"fid":11923,"label":"Viễn thông Vĩnh Long"}},{"type":"Feature","geometry":{"type":"Point","coordinates":[105.937305,10.177653]},"properties":{"Tên doanh nghiệp":"Viễn thông Vĩnh Long","Tên trạm BTS":"VLG2023-042 (LHO056M_VLG)","Địa chỉ lắp đặt":"Ấp Phước Hòa, xã Phú Qưới, tỉnh Vĩnh Long.","Trạm 3G":"3G","Số giấy chứng nhận kiểm định":"A14376221124TG05","Có giá trị đến":"11/22/29 12:00:00 AM","layer_id":165,"fid":11924,"label":"Viễn thông Vĩnh Long"}},{"type":"Feature","geometry":{"type":"Point","coordinates":[105.94189,10.18389]},"properties":{"Tên doanh nghiệp":"Viễn thông Vĩnh Long","Tên trạm BTS":"VLG2023-208 (LHO061M_VLG)","Địa chỉ lắp đặt":"Ấp Long Hòa, xã Phú Qưới, tỉnh Vĩnh Long.","Trạm 3G":"3G","Số giấy chứng nhận kiểm định":null,"Có giá trị đến":"06/01/2031","layer_id":165,"fid":11925,"label":"Viễn thông Vĩnh Long"}},{"type":"Feature","geometry":{"type":"Point","coordinates":[105.97346,10.24135]},"properties":{"Tên doanh nghiệp":"Viễn thông Vĩnh Long","Tên trạm BTS":"VLG2008-1_VLG.VLO","Địa chỉ lắp đặt":"Số 45A/15,đường Mậu Thân, khóm 2, phường Phước Hậu, tỉnh Vĩnh Long.","Trạm 3G":"3G","Số giấy chứng nhận kiểm định":null,"Có giá trị đến":"06/01/2031","layer_id":165,"fid":11926,"label":"Viễn thông Vĩnh Long"}},{"type":"Feature","geometry":{"type":"Point","coordinates":[105.975869,10.252629]},"properties":{"Tên doanh nghiệp":"Viễn thông Vĩnh Long","Tên trạm BTS":"VLO042A_VLG.VLO","Địa chỉ lắp đặt":"Số 83, đường Hùng Vương, phường Long Châu, tỉnh Vĩnh Long.","Trạm 3G":"3G","Số giấy chứng nhận kiểm định":"A16248311025TG05","Có giá trị đến":"10/31/30 12:00:00 AM","layer_id":165,"fid":11927,"label":"Viễn thông Vĩnh Long"}},{"type":"Feature","geometry":{"type":"Point","coordinates":[105.93222,10.21393]},"properties":{"Tên doanh nghiệp":"Viễn thông Vĩnh Long","Tên trạm BTS":"3G_LHO049M_VLG.LHO","Địa chỉ lắp đặt":"Ấp Tân Hòa, phường Tân Hạnh, tỉnh Vĩnh Long.","Trạm 3G":"3G","Số giấy chứng nhận kiểm định":null,"Có giá trị đến":"3/16/31 12:00:00 AM","layer_id":165,"fid":11928,"label":"Viễn thông Vĩnh Long"}},{"type":"Feature","geometry":{"type":"Point","coordinates":[105.99211,10.21576]},"properties":{"Tên doanh nghiệp":"Viễn thông Vĩnh Long","Tên trạm BTS":"LONG-PHUOC_VLG.LHO","Địa chỉ lắp đặt":"Ấp Long Thuận, xã Long Hồ, tỉnh Vĩnh Long.","Trạm 3G":"3G","Số giấy chứng nhận kiểm định":null,"Có giá trị đến":"3/16/31 12:00:00 AM","layer_id":165,"fid":11929,"label":"Viễn thông Vĩnh Long"}},{"type":"Feature","geometry":{"type":"Point","coordinates":[105.92928,10.26398]},"properties":{"Tên doanh nghiệp":"Viễn thông Vĩnh Long","Tên trạm BTS":"TAN-VINH-THUAN_VLG.VLO","Địa chỉ lắp đặt":"Ấp Tân Xuân, phường Tân Ngãi, tỉnh Vĩnh Long.","Trạm 3G":"3G","Số giấy chứng nhận kiểm định":null,"Có giá trị đến":"05/08/2029","layer_id":165,"fid":11930,"label":"Viễn thông Vĩnh Long"}},{"type":"Feature","geometry":{"type":"Point","coordinates":[105.93449,10.27132]},"properties":{"Tên doanh nghiệp":"Viễn thông Vĩnh Long","Tên trạm BTS":"KDL-TRUONG-AN_VLG.VLO","Địa chỉ lắp đặt":"Ấp Tân Thuận An, phường Tân Ngãi, tỉnh Vĩnh Long.","Trạm 3G":"3G","Số giấy chứng nhận kiểm định":null,"Có giá trị đến":"04/08/2030","layer_id":165,"fid":11931,"label":"Viễn thông Vĩnh Long"}},{"type":"Feature","geometry":{"type":"Point","coordinates":[105.91879,10.20431]},"properties":{"Tên doanh nghiệp":"Viễn thông Vĩnh Long","Tên trạm BTS":"LHO033A_VLG.LHO","Địa chỉ lắp đặt":"Ấp An Hiệp, xã Phú Qưới, tỉnh Vĩnh Long.","Trạm 3G":"3G","Số giấy chứng nhận kiểm định":null,"Có giá trị đến":"3/16/31 12:00:00 AM","layer_id":165,"fid":11932,"label":"Viễn thông Vĩnh Long"}},{"type":"Feature","geometry":{"type":"Point","coordinates":[106.137934,10.203599]},"properties":{"Tên doanh nghiệp":"Viễn thông Vĩnh Long","Tên trạm BTS":"AN-PHUOC_VLG.MTH","Địa chỉ lắp đặt":"Ấp Thanh Thủy, xã Cái Nhum, tỉnh Vĩnh Long.","Trạm 3G":"3G","Số giấy chứng nhận kiểm định":null,"Có giá trị đến":"05/08/2029","layer_id":165,"fid":11933,"label":"Viễn thông Vĩnh Long"}},{"type":"Feature","geometry":{"type":"Point","coordinates":[105.90466,10.26726]},"properties":{"Tên doanh nghiệp":"Viễn thông Vĩnh Long","Tên trạm BTS":"TAN-HOA_VLG.VLO","Địa chỉ lắp đặt":"Ấp Tân Phú, xã phường Tân Ngãi, tỉnh Vĩnh Long.","Trạm 3G":"3G","Số giấy chứng nhận kiểm định":null,"Có giá trị đến":"04/08/2030","layer_id":165,"fid":11934,"label":"Viễn thông Vĩnh Long"}},{"type":"Feature","geometry":{"type":"Point","coordinates":[105.9336,10.1665]},"properties":{"Tên doanh nghiệp":"Viễn thông Vĩnh Long","Tên trạm BTS":"VLG2023-206 (LHO058M_VLG)","Địa chỉ lắp đặt":"Ấp Phước Hòa, xã Phú Qưới, tỉnh Vĩnh Long.","Trạm 3G":"3G","Số giấy chứng nhận kiểm định":"A14378221124TG05","Có giá trị đến":"11/22/29 12:00:00 AM","layer_id":165,"fid":11935,"label":"Viễn thông Vĩnh Long"}},{"type":"Feature","geometry":{"type":"Point","coordinates":[106.13343,10.1734]},"properties":{"Tên doanh nghiệp":"Viễn thông Vĩnh Long","Tên trạm BTS":"AN-HOA-B_VLG.MTH","Địa chỉ lắp đặt":"Ấp Chánh Hòa, xã Cái Nhum, tỉnh Vĩnh Long.","Trạm 3G":"3G","Số giấy chứng nhận kiểm định":null,"Có giá trị đến":"04/08/2030","layer_id":165,"fid":11936,"label":"Viễn thông Vĩnh Long"}},{"type":"Feature","geometry":{"type":"Point","coordinates":[105.92947,10.24307]},"properties":{"Tên doanh nghiệp":"Viễn thông Vĩnh Long","Tên trạm BTS":"3G_VLO056M_VLG.VLO","Địa chỉ lắp đặt":"Khóm Tân Quới Tây, phường Long Châu, tỉnh Vĩnh Long","Trạm 3G":"3G","Số giấy chứng nhận kiểm định":null,"Có giá trị đến":"03/03/2028","layer_id":165,"fid":11937,"label":"Viễn thông Vĩnh Long"}},{"type":"Feature","geometry":{"type":"Point","coordinates":[106.035314,10.237759]},"properties":{"Tên doanh nghiệp":"Viễn thông Vĩnh Long","Tên trạm BTS":"MTH021A_VLG.MTH","Địa chỉ lắp đặt":"Ấp An Hương 2, xã Nhơn Phú, tỉnh Vĩnh Long","Trạm 3G":"3G","Số giấy chứng nhận kiểm định":null,"Có giá trị đến":"3/16/31 12:00:00 AM","layer_id":165,"fid":11938,"label":"Viễn thông Vĩnh Long"}},{"type":"Feature","geometry":{"type":"Point","coordinates":[105.96877,10.23143]},"properties":{"Tên doanh nghiệp":"Viễn thông Vĩnh Long","Tên trạm BTS":"VLG2008-2_VLG.VLO","Địa chỉ lắp đặt":"Số 72/15, đường Phó Cơ Điều phường Phước Hậu, tỉnh Vĩnh Long.","Trạm 3G":"3G","Số giấy chứng nhận kiểm định":null,"Có giá trị đến":"05/08/2029","layer_id":165,"fid":11939,"label":"Viễn thông Vĩnh Long"}},{"type":"Feature","geometry":{"type":"Point","coordinates":[106.00555,10.19797]},"properties":{"Tên doanh nghiệp":"Viễn thông Vĩnh Long","Tên trạm BTS":"3G_LHO041M_VLG.LHO","Địa chỉ lắp đặt":"Số 270/20, Khóm 5, xã Long Hồ, tỉnh Vĩnh Long","Trạm 3G":"3G","Số giấy chứng nhận kiểm định":"Đang hoàn thiện hồ sơ đo kiểm, Tự công bố sự phù hợp","Có giá trị đến":null,"layer_id":165,"fid":11940,"label":"Viễn thông Vĩnh Long"}},{"type":"Feature","geometry":{"type":"Point","coordinates":[105.92193,10.16199]},"properties":{"Tên doanh nghiệp":"Viễn thông Vĩnh Long","Tên trạm BTS":"PHU-QUOI_VLG.LHO","Địa chỉ lắp đặt":"Ấp Phú Long A, xã Phú Qưới, tỉnh Vĩnh Long.","Trạm 3G":"3G","Số giấy chứng nhận kiểm định":null,"Có giá trị đến":"06/01/2031","layer_id":165,"fid":11941,"label":"Viễn thông Vĩnh Long"}},{"type":"Feature","geometry":{"type":"Point","coordinates":[105.941873,10.263889]},"properties":{"Tên doanh nghiệp":"Viễn thông Vĩnh Long","Tên trạm BTS":"4G-VLO055M-VLG.VLO","Địa chỉ lắp đặt":"Ấp Tân Vĩnh, Phường Long Châu, tỉnh Vĩnh Long","Trạm 3G":"3G","Số giấy chứng nhận kiểm định":null,"Có giá trị đến":"06/01/2031","layer_id":165,"fid":11942,"label":"Viễn thông Vĩnh Long"}},{"type":"Feature","geometry":{"type":"Point","coordinates":[105.997069,10.231521]},"properties":{"Tên doanh nghiệp":"Viễn thông Vĩnh Long","Tên trạm BTS":"VLG2023-008 (LHO060M_VLG)","Địa chỉ lắp đặt":"165K/9, Ấp Hưng Quới, phường Thanh Đức, Tỉnh Vĩnh Long","Trạm 3G":"3G","Số giấy chứng nhận kiểm định":null,"Có giá trị đến":"04/08/2030","layer_id":165,"fid":11943,"label":"Viễn thông Vĩnh Long"}},{"type":"Feature","geometry":{"type":"Point","coordinates":[105.954777,10.2388]},"properties":{"Tên doanh nghiệp":"Viễn thông Vĩnh Long","Tên trạm BTS":"VLG2008-10_VLG.VLO","Địa chỉ lắp đặt":"Số 45/4B, đường Nguyễn Văn Lầu, khóm 4, phường Tân Hạnh, tỉnh Vĩnh Long.","Trạm 3G":"3G","Số giấy chứng nhận kiểm định":"A16246311025TG05","Có giá trị đến":"10/31/30 12:00:00 AM","layer_id":165,"fid":11944,"label":"Viễn thông Vĩnh Long"}},{"type":"Feature","geometry":{"type":"Point","coordinates":[105.93235,10.17398]},"properties":{"Tên doanh nghiệp":"Viễn thông Vĩnh Long","Tên trạm BTS":"HOA-PHU-TAM-BINH_VLG.LHO","Địa chỉ lắp đặt":"Ấp Phước Hòa, xã Phú Qưới, tỉnh Vĩnh Long.","Trạm 3G":"3G","Số giấy chứng nhận kiểm định":"A01035160126TG05","Có giá trị đến":"1/16/31 12:00:00 AM","layer_id":165,"fid":11945,"label":"Viễn thông Vĩnh Long"}},{"type":"Feature","geometry":{"type":"Point","coordinates":[105.95931,10.17355]},"properties":{"Tên doanh nghiệp":"Viễn thông Vĩnh Long","Tên trạm BTS":"3G-LHO036M-VLG.LHO","Địa chỉ lắp đặt":"Ấp Phước Thạnh, xã Phú Qưới, tỉnh Vĩnh Long","Trạm 3G":"3G","Số giấy chứng nhận kiểm định":null,"Có giá trị đến":"14/11/2029","layer_id":165,"fid":11946,"label":"Viễn thông Vĩnh Long"}},{"type":"Feature","geometry":{"type":"Point","coordinates":[106.1227,10.1779]},"properties":{"Tên doanh nghiệp":"Viễn thông Vĩnh Long","Tên trạm BTS":"3G_MTH035M_VLG.MTH","Địa chỉ lắp đặt":"Ấp An Hòa A, xã Cái Nhum, tỉnh Vĩnh Long","Trạm 3G":"3G","Số giấy chứng nhận kiểm định":null,"Có giá trị đến":"03/03/2028","layer_id":165,"fid":11947,"label":"Viễn thông Vĩnh Long"}},{"type":"Feature","geometry":{"type":"Point","coordinates":[105.94901,10.24368]},"properties":{"Tên doanh nghiệp":"Viễn thông Vĩnh Long","Tên trạm BTS":"VLG2008-16_VLG.VLO","Địa chỉ lắp đặt":"Số 60D, đường Nguyễn Văn Lâu, khóm 1, phường Tân Hạnh, tỉnh Vĩnh Long.","Trạm 3G":"3G","Số giấy chứng nhận kiểm định":"A14361221124TG05","Có giá trị đến":"11/22/29 12:00:00 AM","layer_id":165,"fid":11948,"label":"Viễn thông Vĩnh Long"}},{"type":"Feature","geometry":{"type":"Point","coordinates":[106.12803,10.2136]},"properties":{"Tên doanh nghiệp":"Viễn thông Vĩnh Long","Tên trạm BTS":"VLG2024-324","Địa chỉ lắp đặt":"ấp Thủy Thuận, xã Cái Nhum, tỉnh Vĩnh Long","Trạm 3G":"3G","Số giấy chứng nhận kiểm định":null,"Có giá trị đến":"3/16/31 12:00:00 AM","layer_id":165,"fid":11949,"label":"Viễn thông Vĩnh Long"}},{"type":"Feature","geometry":{"type":"Point","coordinates":[106.1008,10.2196]},"properties":{"Tên doanh nghiệp":"Viễn thông Vĩnh Long","Tên trạm BTS":"VLG2023-030","Địa chỉ lắp đặt":"Xã Nhơn Phú, tỉnh Vĩnh Long","Trạm 3G":"3G","Số giấy chứng nhận kiểm định":null,"Có giá trị đến":"3/16/31 12:00:00 AM","layer_id":165,"fid":11950,"label":"Viễn thông Vĩnh Long"}},{"type":"Feature","geometry":{"type":"Point","coordinates":[105.9426,10.2465]},"properties":{"Tên doanh nghiệp":"Viễn thông Vĩnh Long","Tên trạm BTS":"VLG2024-005","Địa chỉ lắp đặt":"Khóm 10, Phường Long Châu, tỉnh Vĩnh Long","Trạm 3G":"3G","Số giấy chứng nhận kiểm định":null,"Có giá trị đến":"3/16/31 12:00:00 AM","layer_id":165,"fid":11951,"label":"Viễn thông Vĩnh Long"}},{"type":"Feature","geometry":{"type":"Point","coordinates":[105.91777,10.1808]},"properties":{"Tên doanh nghiệp":"Viễn thông Vĩnh Long","Tên trạm BTS":"VLG2024-319","Địa chỉ lắp đặt":"ấp Phước Bình B, xã Phú Quới, tỉnh Vĩnh Long","Trạm 3G":"3G","Số giấy chứng nhận kiểm định":null,"Có giá trị đến":"3/16/31 12:00:00 AM","layer_id":165,"fid":11952,"label":"Viễn thông Vĩnh Long"}},{"type":"Feature","geometry":{"type":"Point","coordinates":[105.896425,10.267986]},"properties":{"Tên doanh nghiệp":"Viễn thông Vĩnh Long","Tên trạm BTS":"VLG2023-013 (VLO061M_VLG)","Địa chỉ lắp đặt":"khóm Mỹ Thuận, Phường Tân Ngãi, tỉnh Vĩnh Long","Trạm 3G":"3G","Số giấy chứng nhận kiểm định":null,"Có giá trị đến":"04/08/2030","layer_id":165,"fid":11953,"label":"Viễn thông Vĩnh Long"}},{"type":"Feature","geometry":{"type":"Point","coordinates":[105.92867,10.1795]},"properties":{"Tên doanh nghiệp":"Viễn thông Vĩnh Long","Tên trạm BTS":"VLG2024-329","Địa chỉ lắp đặt":"ấp Phước Bình, xã Phú Quới, tỉnh Vĩnh Long","Trạm 3G":"3G","Số giấy chứng nhận kiểm định":null,"Có giá trị đến":"3/16/31 12:00:00 AM","layer_id":165,"fid":11954,"label":"Viễn thông Vĩnh Long"}},{"type":"Feature","geometry":{"type":"Point","coordinates":[105.988029,10.19345]},"properties":{"Tên doanh nghiệp":"Viễn thông Vĩnh Long","Tên trạm BTS":"VLG2024-208","Địa chỉ lắp đặt":"ấp Phước Trinh B, xã Long Hồ, tỉnh Vĩnh Long","Trạm 3G":"3G","Số giấy chứng nhận kiểm định":null,"Có giá trị đến":"3/16/31 12:00:00 AM","layer_id":165,"fid":11955,"label":"Viễn thông Vĩnh Long"}},{"type":"Feature","geometry":{"type":"Point","coordinates":[106.1374,9.831]},"properties":{"Tên doanh nghiệp":"Viễn thông Vĩnh Long","Tên trạm BTS":"TVH2024-258","Địa chỉ lắp đặt":"Phong Thạnh tỉnh Vĩnh Long","Trạm 3G":"3G","Số giấy chứng nhận kiểm định":null,"Có giá trị đến":"3/16/31 12:00:00 AM","layer_id":165,"fid":11956,"label":"Viễn thông Vĩnh Long"}},{"type":"Feature","geometry":{"type":"Point","coordinates":[106.2649,10.097]},"properties":{"Tên doanh nghiệp":"Viễn thông Vĩnh Long","Tên trạm BTS":"Tan-Hung-Khanh-Thanh-Tan-BTE","Địa chỉ lắp đặt":"Nhuận Phú Tân, Vĩnh Long","Trạm 3G":"3G","Số giấy chứng nhận kiểm định":null,"Có giá trị đến":"10/04/2028","layer_id":165,"fid":11957,"label":"Viễn thông Vĩnh Long"}},{"type":"Feature","geometry":{"type":"Point","coordinates":[106.35457,10.17612]},"properties":{"Tên doanh nghiệp":"Viễn thông Vĩnh Long","Tên trạm BTS":"Thanh-Binh-2-BTE","Địa chỉ lắp đặt":"Xã Tân Thành Bình, tỉnh Vĩnh Long","Trạm 3G":"3G","Số giấy chứng nhận kiểm định":null,"Có giá trị đến":"10/04/2028","layer_id":165,"fid":11958,"label":"Viễn thông Vĩnh Long"}},{"type":"Feature","geometry":{"type":"Point","coordinates":[106.28777,10.16605]},"properties":{"Tên doanh nghiệp":"Viễn thông Vĩnh Long","Tên trạm BTS":"Tan-Binh-BTE","Địa chỉ lắp đặt":"Tân Thành Bình, Vĩnh Long","Trạm 3G":"3G","Số giấy chứng nhận kiểm định":"A10977111022TG05","Có giá trị đến":"11/10/2027","layer_id":165,"fid":11959,"label":"Viễn thông Vĩnh Long"}},{"type":"Feature","geometry":{"type":"Point","coordinates":[106.3326,10.20242]},"properties":{"Tên doanh nghiệp":"Viễn thông Vĩnh Long","Tên trạm BTS":"Tan-Thanh-Binh-BTE","Địa chỉ lắp đặt":"Tân Thành Bình, Vĩnh Long","Trạm 3G":"3G","Số giấy chứng nhận kiểm định":null,"Có giá trị đến":"10/04/2028","layer_id":165,"fid":11960,"label":"Viễn thông Vĩnh Long"}},{"type":"Feature","geometry":{"type":"Point","coordinates":[106.26933,10.11494]},"properties":{"Tên doanh nghiệp":"Viễn thông Vĩnh Long","Tên trạm BTS":"Khanh-Thanh-Tan-BTE","Địa chỉ lắp đặt":"Nhuận Phú Tân, Vĩnh Long","Trạm 3G":"3G","Số giấy chứng nhận kiểm định":null,"Có giá trị đến":"10/04/2028","layer_id":165,"fid":11961,"label":"Viễn thông Vĩnh Long"}},{"type":"Feature","geometry":{"type":"Point","coordinates":[106.30306,10.21061]},"properties":{"Tên doanh nghiệp":"Viễn thông Vĩnh Long","Tên trạm BTS":"Tan-Phu-Tay-BTE","Địa chỉ lắp đặt":"Phước Mỹ Trung, Vĩnh Long","Trạm 3G":"3G","Số giấy chứng nhận kiểm định":null,"Có giá trị đến":"05/10/2026","layer_id":165,"fid":11962,"label":"Viễn thông Vĩnh Long"}},{"type":"Feature","geometry":{"type":"Point","coordinates":[106.26741,10.223566]},"properties":{"Tên doanh nghiệp":"Viễn thông Vĩnh Long","Tên trạm BTS":"BTE2023-141","Địa chỉ lắp đặt":"Phước Mỹ Trung, Vĩnh Long","Trạm 3G":"3G","Số giấy chứng nhận kiểm định":null,"Có giá trị đến":"06/01/2031","layer_id":165,"fid":11963,"label":"Viễn thông Vĩnh Long"}},{"type":"Feature","geometry":{"type":"Point","coordinates":[106.326678,10.227608]},"properties":{"Tên doanh nghiệp":"Viễn thông Vĩnh Long","Tên trạm BTS":"nga-tu-thanh-tan-BTE","Địa chỉ lắp đặt":"Tân Thành Bình, Vĩnh Long","Trạm 3G":"3G","Số giấy chứng nhận kiểm định":null,"Có giá trị đến":"10/04/2028","layer_id":165,"fid":11964,"label":"Viễn thông Vĩnh Long"}},{"type":"Feature","geometry":{"type":"Point","coordinates":[106.329855,10.183246]},"properties":{"Tên doanh nghiệp":"Viễn thông Vĩnh Long","Tên trạm BTS":"Thanh-Hoa-1-BTE","Địa chỉ lắp đặt":"Tân Thành Bình, Vĩnh Long","Trạm 3G":"3G","Số giấy chứng nhận kiểm định":"A34140301121TG05","Có giá trị đến":"30/11/2026","layer_id":165,"fid":11965,"label":"Viễn thông Vĩnh Long"}},{"type":"Feature","geometry":{"type":"Point","coordinates":[106.27048,10.19983]},"properties":{"Tên doanh nghiệp":"Viễn thông Vĩnh Long","Tên trạm BTS":"Nga-3-Ben-BTE","Địa chỉ lắp đặt":"Phước Mỹ Trung, Vĩnh Long","Trạm 3G":"3G","Số giấy chứng nhận kiểm định":"A10975111022TG05","Có giá trị đến":"11/10/2027","layer_id":165,"fid":11966,"label":"Viễn thông Vĩnh Long"}},{"type":"Feature","geometry":{"type":"Point","coordinates":[106.34701,10.18896]},"properties":{"Tên doanh nghiệp":"Viễn thông Vĩnh Long","Tên trạm BTS":"Thanh-Binh-1-BTE","Địa chỉ lắp đặt":"Tân Thành Bình, Vĩnh Long","Trạm 3G":"3G","Số giấy chứng nhận kiểm định":null,"Có giá trị đến":"05/10/2026","layer_id":165,"fid":11967,"label":"Viễn thông Vĩnh Long"}},{"type":"Feature","geometry":{"type":"Point","coordinates":[106.237221,10.143611]},"properties":{"Tên doanh nghiệp":"Viễn thông Vĩnh Long","Tên trạm BTS":"Trung-Xuan-Nhuan-Phu-Tan-BTE","Địa chỉ lắp đặt":"Nhuận Phú Tân, Vĩnh Long","Trạm 3G":"3G","Số giấy chứng nhận kiểm định":null,"Có giá trị đến":"10/04/2028","layer_id":165,"fid":11968,"label":"Viễn thông Vĩnh Long"}},{"type":"Feature","geometry":{"type":"Point","coordinates":[106.287104,10.202663]},"properties":{"Tên doanh nghiệp":"Viễn thông Vĩnh Long","Tên trạm BTS":"Tan-Phu-Tay-2-BTE","Địa chỉ lắp đặt":"Phước Mỹ Trung, Vĩnh Long","Trạm 3G":"3G","Số giấy chứng nhận kiểm định":"A34137301121TG05","Có giá trị đến":"30/11/2026","layer_id":165,"fid":11969,"label":"Viễn thông Vĩnh Long"}},{"type":"Feature","geometry":{"type":"Point","coordinates":[106.26541,10.17539]},"properties":{"Tên doanh nghiệp":"Viễn thông Vĩnh Long","Tên trạm BTS":"Nga-3-Cay-Tram-BTE","Địa chỉ lắp đặt":"Nhuận Phú Tân, Vĩnh Long","Trạm 3G":"3G","Số giấy chứng nhận kiểm định":"A34101301121TG05","Có giá trị đến":"30/11/2026","layer_id":165,"fid":11970,"label":"Viễn thông Vĩnh Long"}},{"type":"Feature","geometry":{"type":"Point","coordinates":[106.28291,10.21896]},"properties":{"Tên doanh nghiệp":"Viễn thông Vĩnh Long","Tên trạm BTS":"Thanh-Ngai-BTE","Địa chỉ lắp đặt":"Phước Mỹ Trung, Vĩnh Long","Trạm 3G":"3G","Số giấy chứng nhận kiểm định":null,"Có giá trị đến":"10/04/2028","layer_id":165,"fid":11971,"label":"Viễn thông Vĩnh Long"}},{"type":"Feature","geometry":{"type":"Point","coordinates":[106.28914,10.11596]},"properties":{"Tên doanh nghiệp":"Viễn thông Vĩnh Long","Tên trạm BTS":"UB Khánh Thạnh Tân 2","Địa chỉ lắp đặt":"Nhuận Phú Tân, Vĩnh Long","Trạm 3G":"3G","Số giấy chứng nhận kiểm định":null,"Có giá trị đến":"10/04/2028","layer_id":165,"fid":11972,"label":"Viễn thông Vĩnh Long"}},{"type":"Feature","geometry":{"type":"Point","coordinates":[106.33017,10.16346]},"properties":{"Tên doanh nghiệp":"Viễn thông Vĩnh Long","Tên trạm BTS":"Mo-Cay-2-BTE","Địa chỉ lắp đặt":"Tân Thành Bình, Vĩnh Long","Trạm 3G":"3G","Số giấy chứng nhận kiểm định":null,"Có giá trị đến":"05/10/2026","layer_id":165,"fid":11973,"label":"Viễn thông Vĩnh Long"}},{"type":"Feature","geometry":{"type":"Point","coordinates":[106.30685,10.18489]},"properties":{"Tên doanh nghiệp":"Viễn thông Vĩnh Long","Tên trạm BTS":"Thanh-An-BTE","Địa chỉ lắp đặt":"Tân Thành Bình, Vĩnh Long","Trạm 3G":"3G","Số giấy chứng nhận kiểm định":null,"Có giá trị đến":"10/04/2028","layer_id":165,"fid":11974,"label":"Viễn thông Vĩnh Long"}},{"type":"Feature","geometry":{"type":"Point","coordinates":[106.2705,10.24703]},"properties":{"Tên doanh nghiệp":"Viễn thông Vĩnh Long","Tên trạm BTS":"Truong-Thinh-BTE","Địa chỉ lắp đặt":"Phước Mỹ Trung, Vĩnh Long","Trạm 3G":"3G","Số giấy chứng nhận kiểm định":null,"Có giá trị đến":"10/04/2028","layer_id":165,"fid":11975,"label":"Viễn thông Vĩnh Long"}},{"type":"Feature","geometry":{"type":"Point","coordinates":[106.32156,10.21822]},"properties":{"Tên doanh nghiệp":"Viễn thông Vĩnh Long","Tên trạm BTS":"Tan-Thanh-Binh-2-BTE","Địa chỉ lắp đặt":"Tân Thành Bình, Vĩnh Long","Trạm 3G":"3G","Số giấy chứng nhận kiểm định":null,"Có giá trị đến":"10/04/2028","layer_id":165,"fid":11976,"label":"Viễn thông Vĩnh Long"}},{"type":"Feature","geometry":{"type":"Point","coordinates":[106.27421,10.18376]},"properties":{"Tên doanh nghiệp":"Viễn thông Vĩnh Long","Tên trạm BTS":"Ba-Vat-BTE","Địa chỉ lắp đặt":"Phước Mỹ Trung, Vĩnh Long","Trạm 3G":"3G","Số giấy chứng nhận kiểm định":"A14114040925TG05","Có giá trị đến":"9/4/30 12:00:00 AM","layer_id":165,"fid":11977,"label":"Viễn thông Vĩnh Long"}},{"type":"Feature","geometry":{"type":"Point","coordinates":[106.27949,10.13319]},"properties":{"Tên doanh nghiệp":"Viễn thông Vĩnh Long","Tên trạm BTS":"Bung-Cat-BTE","Địa chỉ lắp đặt":"Nhuận Phú Tân, Vĩnh Long","Trạm 3G":"3G","Số giấy chứng nhận kiểm định":"A34202301121TG05","Có giá trị đến":"30/11/2026","layer_id":165,"fid":11978,"label":"Viễn thông Vĩnh Long"}},{"type":"Feature","geometry":{"type":"Point","coordinates":[106.30058,10.14884]},"properties":{"Tên doanh nghiệp":"Viễn thông Vĩnh Long","Tên trạm BTS":"Tan-Duc-A-BTE","Địa chỉ lắp đặt":"Tân Thành Bình, Vĩnh Long","Trạm 3G":"3G","Số giấy chứng nhận kiểm định":null,"Có giá trị đến":"10/04/2028","layer_id":165,"fid":11979,"label":"Viễn thông Vĩnh Long"}},{"type":"Feature","geometry":{"type":"Point","coordinates":[106.309668,10.165467]},"properties":{"Tên doanh nghiệp":"Viễn thông Vĩnh Long","Tên trạm BTS":"Cau-Dap-Hoa-Loc-BTE","Địa chỉ lắp đặt":"Tân Thành Bình, Vĩnh Long","Trạm 3G":"3G","Số giấy chứng nhận kiểm định":null,"Có giá trị đến":"05/10/2026","layer_id":165,"fid":11980,"label":"Viễn thông Vĩnh Long"}},{"type":"Feature","geometry":{"type":"Point","coordinates":[106.315838,10.202665]},"properties":{"Tên doanh nghiệp":"Viễn thông Vĩnh Long","Tên trạm BTS":"cho-thanh-an-BTE","Địa chỉ lắp đặt":"Tân Thành Bình, Vĩnh Long","Trạm 3G":"3G","Số giấy chứng nhận kiểm định":null,"Có giá trị đến":"10/04/2028","layer_id":165,"fid":11981,"label":"Viễn thông Vĩnh Long"}},{"type":"Feature","geometry":{"type":"Point","coordinates":[106.278722,10.232484]},"properties":{"Tên doanh nghiệp":"Viễn thông Vĩnh Long","Tên trạm BTS":"Truong-Thinh-2-BTE","Địa chỉ lắp đặt":"Phước Mỹ Trung, Vĩnh Long","Trạm 3G":"3G","Số giấy chứng nhận kiểm định":null,"Có giá trị đến":"05/10/2026","layer_id":165,"fid":11982,"label":"Viễn thông Vĩnh Long"}},{"type":"Feature","geometry":{"type":"Point","coordinates":[106.288511,10.19116]},"properties":{"Tên doanh nghiệp":"Viễn thông Vĩnh Long","Tên trạm BTS":"Tan-Phu-Tay-3-BTE","Địa chỉ lắp đặt":"Phước Mỹ Trung, Vĩnh Long","Trạm 3G":"3G","Số giấy chứng nhận kiểm định":null,"Có giá trị đến":"05/10/2026","layer_id":165,"fid":11983,"label":"Viễn thông Vĩnh Long"}},{"type":"Feature","geometry":{"type":"Point","coordinates":[106.24448,10.12379]},"properties":{"Tên doanh nghiệp":"Viễn thông Vĩnh Long","Tên trạm BTS":"Bang-Tra-BTE","Địa chỉ lắp đặt":"Nhuận Phú Tân, Vĩnh Long","Trạm 3G":"3G","Số giấy chứng nhận kiểm định":"A34201301121TG05","Có giá trị đến":"30/11/2026","layer_id":165,"fid":11984,"label":"Viễn thông Vĩnh Long"}},{"type":"Feature","geometry":{"type":"Point","coordinates":[106.29818,10.193997]},"properties":{"Tên doanh nghiệp":"Viễn thông Vĩnh Long","Tên trạm BTS":"BTE2025-054","Địa chỉ lắp đặt":"Xã Phước Mỹ Trung tỉnh Vĩnh Long","Trạm 3G":"3G","Số giấy chứng nhận kiểm định":null,"Có giá trị đến":"3/16/31 12:00:00 AM","layer_id":165,"fid":11985,"label":"Viễn thông Vĩnh Long"}},{"type":"Feature","geometry":{"type":"Point","coordinates":[106.29453,10.15713]},"properties":{"Tên doanh nghiệp":"Viễn thông Vĩnh Long","Tên trạm BTS":"BTE2024-349","Địa chỉ lắp đặt":"Xã Tân Thành Bình tỉnh Vĩnh Long","Trạm 3G":"3G","Số giấy chứng nhận kiểm định":null,"Có giá trị đến":"3/16/31 12:00:00 AM","layer_id":165,"fid":11986,"label":"Viễn thông Vĩnh Long"}},{"type":"Feature","geometry":{"type":"Point","coordinates":[106.34093,10.06114]},"properties":{"Tên doanh nghiệp":"Viễn thông Vĩnh Long","Tên trạm BTS":"An-Thoi-BTE","Địa chỉ lắp đặt":"Thành Thới, Vĩnh Long","Trạm 3G":"3G","Số giấy chứng nhận kiểm định":"A34204301121TG05","Có giá trị đến":"30/11/2026","layer_id":165,"fid":11987,"label":"Viễn thông Vĩnh Long"}},{"type":"Feature","geometry":{"type":"Point","coordinates":[106.36969,10.10826]},"properties":{"Tên doanh nghiệp":"Viễn thông Vĩnh Long","Tên trạm BTS":"Binh-Khanh-Tay-BTE","Địa chỉ lắp đặt":"Đồng Khởi, Vĩnh Long","Trạm 3G":"3G","Số giấy chứng nhận kiểm định":null,"Có giá trị đến":"09/10/2029","layer_id":165,"fid":11988,"label":"Viễn thông Vĩnh Long"}},{"type":"Feature","geometry":{"type":"Point","coordinates":[106.34731,10.15975]},"properties":{"Tên doanh nghiệp":"Viễn thông Vĩnh Long","Tên trạm BTS":"Dinh-Thuy-2-BTE","Địa chỉ lắp đặt":"Đồng Khởi, Vĩnh Long","Trạm 3G":"3G","Số giấy chứng nhận kiểm định":null,"Có giá trị đến":"05/10/2026","layer_id":165,"fid":11989,"label":"Viễn thông Vĩnh Long"}},{"type":"Feature","geometry":{"type":"Point","coordinates":[106.32073,10.04108]},"properties":{"Tên doanh nghiệp":"Viễn thông Vĩnh Long","Tên trạm BTS":"Thanh-Long-BTE","Địa chỉ lắp đặt":"Thành Thới, Vĩnh Long","Trạm 3G":"3G","Số giấy chứng nhận kiểm định":"A34207301121TG05","Có giá trị đến":"30/11/2026","layer_id":165,"fid":11990,"label":"Viễn thông Vĩnh Long"}},{"type":"Feature","geometry":{"type":"Point","coordinates":[106.31744,10.0755]},"properties":{"Tên doanh nghiệp":"Viễn thông Vĩnh Long","Tên trạm BTS":"Rach-Ban-BTE","Địa chỉ lắp đặt":"Thành Thới, Vĩnh Long","Trạm 3G":"3G","Số giấy chứng nhận kiểm định":"A34206301121TG05","Có giá trị đến":"30/11/2026","layer_id":165,"fid":11991,"label":"Viễn thông Vĩnh Long"}},{"type":"Feature","geometry":{"type":"Point","coordinates":[106.2929,10.06457]},"properties":{"Tên doanh nghiệp":"Viễn thông Vĩnh Long","Tên trạm BTS":"Pha-Tra-Vinh-BTE","Địa chỉ lắp đặt":"Thành Thới, Vĩnh Long","Trạm 3G":"3G","Số giấy chứng nhận kiểm định":null,"Có giá trị đến":"10/04/2028","layer_id":165,"fid":11992,"label":"Viễn thông Vĩnh Long"}},{"type":"Feature","geometry":{"type":"Point","coordinates":[106.34616,10.135264]},"properties":{"Tên doanh nghiệp":"Viễn thông Vĩnh Long","Tên trạm BTS":"Cau-Ong-Bong-BTE","Địa chỉ lắp đặt":"Mỏ Cày, Vĩnh Long","Trạm 3G":"3G","Số giấy chứng nhận kiểm định":null,"Có giá trị đến":"05/10/2026","layer_id":165,"fid":11993,"label":"Viễn thông Vĩnh Long"}},{"type":"Feature","geometry":{"type":"Point","coordinates":[106.38669,10.11179]},"properties":{"Tên doanh nghiệp":"Viễn thông Vĩnh Long","Tên trạm BTS":"Phuoc-Ly-BTE","Địa chỉ lắp đặt":"Đồng Khởi, Vĩnh Long","Trạm 3G":"3G","Số giấy chứng nhận kiểm định":null,"Có giá trị đến":"10/04/2028","layer_id":165,"fid":11994,"label":"Viễn thông Vĩnh Long"}},{"type":"Feature","geometry":{"type":"Point","coordinates":[106.3141,10.05888]},"properties":{"Tên doanh nghiệp":"Viễn thông Vĩnh Long","Tên trạm BTS":"Lo-Ngang-Ba-Hac-Thanh-Thoi-A-BTE","Địa chỉ lắp đặt":"Thành Thới, Vĩnh Long","Trạm 3G":"3G","Số giấy chứng nhận kiểm định":null,"Có giá trị đến":"09/10/2029","layer_id":165,"fid":11995,"label":"Viễn thông Vĩnh Long"}},{"type":"Feature","geometry":{"type":"Point","coordinates":[106.36362,10.1246]},"properties":{"Tên doanh nghiệp":"Viễn thông Vĩnh Long","Tên trạm BTS":"Phuoc-Hiep-BTE","Địa chỉ lắp đặt":"Mỏ Cày, Vĩnh Long","Trạm 3G":"3G","Số giấy chứng nhận kiểm định":"A08987160822TG05","Có giá trị đến":"8/16/27 12:00:00 AM","layer_id":165,"fid":12009,"label":"Viễn thông Vĩnh Long"}},{"type":"Feature","geometry":{"type":"Point","coordinates":[106.32251,10.12601]},"properties":{"Tên doanh nghiệp":"Viễn thông Vĩnh Long","Tên trạm BTS":"Tan-Hoi-BTE","Địa chỉ lắp đặt":" Mỏ Cày, Vĩnh Long","Trạm 3G":"3G","Số giấy chứng nhận kiểm định":null,"Có giá trị đến":"09/10/2029","layer_id":165,"fid":12010,"label":"Viễn thông Vĩnh Long"}},{"type":"Feature","geometry":{"type":"Point","coordinates":[106.33955,10.08446]},"properties":{"Tên doanh nghiệp":"Viễn thông Vĩnh Long","Tên trạm BTS":"An-Thoi-2-BTE","Địa chỉ lắp đặt":"Thành Thới, Vĩnh Long","Trạm 3G":"3G","Số giấy chứng nhận kiểm định":"A34173301121TG05","Có giá trị đến":"30/11/2026","layer_id":165,"fid":12011,"label":"Viễn thông Vĩnh Long"}},{"type":"Feature","geometry":{"type":"Point","coordinates":[106.33081,10.14432]},"properties":{"Tên doanh nghiệp":"Viễn thông Vĩnh Long","Tên trạm BTS":"Tan-Phuoc-Thi-Tran-MCY-BTE","Địa chỉ lắp đặt":"Mỏ Cày, Vĩnh Long","Trạm 3G":"3G","Số giấy chứng nhận kiểm định":null,"Có giá trị đến":"10/04/2028","layer_id":165,"fid":12012,"label":"Viễn thông Vĩnh Long"}},{"type":"Feature","geometry":{"type":"Point","coordinates":[106.29097,10.09889]},"properties":{"Tên doanh nghiệp":"Viễn thông Vĩnh Long","Tên trạm BTS":"Cho-Thom-BTE","Địa chỉ lắp đặt":"Mỏ Cày, Vĩnh Long","Trạm 3G":"3G","Số giấy chứng nhận kiểm định":"A08990160822TG05","Có giá trị đến":"8/16/27 12:00:00 AM","layer_id":165,"fid":12013,"label":"Viễn thông Vĩnh Long"}},{"type":"Feature","geometry":{"type":"Point","coordinates":[106.354073,10.064322]},"properties":{"Tên doanh nghiệp":"Viễn thông Vĩnh Long","Tên trạm BTS":"BTE2025-063","Địa chỉ lắp đặt":"Xã Thành Thới tỉnh Vĩnh Long","Trạm 3G":"3G","Số giấy chứng nhận kiểm định":null,"Có giá trị đến":"3/16/31 12:00:00 AM","layer_id":165,"fid":12014,"label":"Viễn thông Vĩnh Long"}},{"type":"Feature","geometry":{"type":"Point","coordinates":[106.35905,10.08238]},"properties":{"Tên doanh nghiệp":"Viễn thông Vĩnh Long","Tên trạm BTS":"an-dinh-2-BTE","Địa chỉ lắp đặt":"Thành Thới, Vĩnh Long","Trạm 3G":"3G","Số giấy chứng nhận kiểm định":null,"Có giá trị đến":"10/04/2028","layer_id":165,"fid":12015,"label":"Viễn thông Vĩnh Long"}},{"type":"Feature","geometry":{"type":"Point","coordinates":[106.25938,10.23135]},"properties":{"Tên doanh nghiệp":"Viễn thông Vĩnh Long","Tên trạm BTS":"Phu-My-BTE","Địa chỉ lắp đặt":"Hương Mỹ, Vĩnh Long","Trạm 3G":"3G","Số giấy chứng nhận kiểm định":null,"Có giá trị đến":"10/04/2028","layer_id":165,"fid":12016,"label":"Viễn thông Vĩnh Long"}},{"type":"Feature","geometry":{"type":"Point","coordinates":[106.6048,9.8329]},"properties":{"Tên doanh nghiệp":"Viễn thông Vĩnh Long","Tên trạm BTS":"Thanh-Phong-Bien-BTE","Địa chỉ lắp đặt":"Thạnh Phong, Vĩnh Long","Trạm 3G":"3G","Số giấy chứng nhận kiểm định":null,"Có giá trị đến":"23/08/2029","layer_id":165,"fid":12017,"label":"Viễn thông Vĩnh Long"}},{"type":"Feature","geometry":{"type":"Point","coordinates":[106.59937,9.932]},"properties":{"Tên doanh nghiệp":"Viễn thông Vĩnh Long","Tên trạm BTS":"An-Dien-BTE","Địa chỉ lắp đặt":"Thạnh Hải, Vĩnh Long","Trạm 3G":"3G","Số giấy chứng nhận kiểm định":null,"Có giá trị đến":"10/04/2028","layer_id":165,"fid":12018,"label":"Viễn thông Vĩnh Long"}},{"type":"Feature","geometry":{"type":"Point","coordinates":[106.45572,9.97481]},"properties":{"Tên doanh nghiệp":"Viễn thông Vĩnh Long","Tên trạm BTS":"Quy-Khuong-2-Quoi-Dien-BTE","Địa chỉ lắp đặt":"Quới Điền, Vĩnh Long","Trạm 3G":"3G","Số giấy chứng nhận kiểm định":null,"Có giá trị đến":"09/10/2029","layer_id":165,"fid":12019,"label":"Viễn thông Vĩnh Long"}},{"type":"Feature","geometry":{"type":"Point","coordinates":[106.46641,9.98991]},"properties":{"Tên doanh nghiệp":"Viễn thông Vĩnh Long","Tên trạm BTS":"Quy-Khuong-BTE","Địa chỉ lắp đặt":"Quới Điền, Vĩnh Long","Trạm 3G":"3G","Số giấy chứng nhận kiểm định":"A05275080425TG05","Có giá trị đến":"4/8/30 12:00:00 AM","layer_id":165,"fid":12020,"label":"Viễn thông Vĩnh Long"}},{"type":"Feature","geometry":{"type":"Point","coordinates":[106.44738,10.00235]},"properties":{"Tên doanh nghiệp":"Viễn thông Vĩnh Long","Tên trạm BTS":"Tan-Phong-BTE","Địa chỉ lắp đặt":"Đại Điền, Vĩnh Long","Trạm 3G":"3G","Số giấy chứng nhận kiểm định":"A10981111022TG05","Có giá trị đến":"11/10/2027","layer_id":165,"fid":12021,"label":"Viễn thông Vĩnh Long"}},{"type":"Feature","geometry":{"type":"Point","coordinates":[106.51689,9.95167]},"properties":{"Tên doanh nghiệp":"Viễn thông Vĩnh Long","Tên trạm BTS":"Thanh-Phu-BTE","Địa chỉ lắp đặt":"Thạnh Phú, Vĩnh Long","Trạm 3G":"3G","Số giấy chứng nhận kiểm định":"A14120040925TG05","Có giá trị đến":"9/4/30 12:00:00 AM","layer_id":165,"fid":12022,"label":"Viễn thông Vĩnh Long"}},{"type":"Feature","geometry":{"type":"Point","coordinates":[106.40591,10.07282]},"properties":{"Tên doanh nghiệp":"Viễn thông Vĩnh Long","Tên trạm BTS":"Tan-Trung-BTE","Địa chỉ lắp đặt":"An Định, Vĩnh Long","Trạm 3G":"3G","Số giấy chứng nhận kiểm định":null,"Có giá trị đến":"05/10/2026","layer_id":165,"fid":12023,"label":"Viễn thông Vĩnh Long"}},{"type":"Feature","geometry":{"type":"Point","coordinates":[106.4456,9.9832]},"properties":{"Tên doanh nghiệp":"Viễn thông Vĩnh Long","Tên trạm BTS":"Thoi-Thanh-3-BTE","Địa chỉ lắp đặt":"Đại Điền, Vĩnh Long","Trạm 3G":"3G","Số giấy chứng nhận kiểm định":null,"Có giá trị đến":"05/10/2026","layer_id":165,"fid":12024,"label":"Viễn thông Vĩnh Long"}},{"type":"Feature","geometry":{"type":"Point","coordinates":[106.386874,10.094877]},"properties":{"Tên doanh nghiệp":"Viễn thông Vĩnh Long","Tên trạm BTS":"Binh-Khanh-Dong-BTE","Địa chỉ lắp đặt":"An Định, Vĩnh Long","Trạm 3G":"3G","Số giấy chứng nhận kiểm định":null,"Có giá trị đến":"05/10/2026","layer_id":165,"fid":12025,"label":"Viễn thông Vĩnh Long"}},{"type":"Feature","geometry":{"type":"Point","coordinates":[106.60718,9.90521]},"properties":{"Tên doanh nghiệp":"Viễn thông Vĩnh Long","Tên trạm BTS":"Giao-Thanh-2-BTE","Địa chỉ lắp đặt":"Thạnh Phong, Vĩnh Long","Trạm 3G":"3G","Số giấy chứng nhận kiểm định":null,"Có giá trị đến":"09/10/2029","layer_id":165,"fid":12026,"label":"Viễn thông Vĩnh Long"}},{"type":"Feature","geometry":{"type":"Point","coordinates":[106.61167,9.87917]},"properties":{"Tên doanh nghiệp":"Viễn thông Vĩnh Long","Tên trạm BTS":"Giao-Thanh-BTE","Địa chỉ lắp đặt":"Thạnh Phong, Vĩnh Long","Trạm 3G":"3G","Số giấy chứng nhận kiểm định":"A10978111022TG05","Có giá trị đến":"11/10/2027","layer_id":165,"fid":12027,"label":"Viễn thông Vĩnh Long"}},{"type":"Feature","geometry":{"type":"Point","coordinates":[106.52777,9.98501]},"properties":{"Tên doanh nghiệp":"Viễn thông Vĩnh Long","Tên trạm BTS":"My-An-BTE","Địa chỉ lắp đặt":"Thạnh Phú, Vĩnh Long","Trạm 3G":"3G","Số giấy chứng nhận kiểm định":null,"Có giá trị đến":"10/04/2028","layer_id":165,"fid":12028,"label":"Viễn thông Vĩnh Long"}},{"type":"Feature","geometry":{"type":"Point","coordinates":[106.43656,9.96921]},"properties":{"Tên doanh nghiệp":"Viễn thông Vĩnh Long","Tên trạm BTS":"Thoi-Thanh-BTE","Địa chỉ lắp đặt":"Đại Điền, Vĩnh Long","Trạm 3G":"3G","Số giấy chứng nhận kiểm định":null,"Có giá trị đến":"3/16/31 12:00:00 AM","layer_id":165,"fid":12029,"label":"Viễn thông Vĩnh Long"}},{"type":"Feature","geometry":{"type":"Point","coordinates":[106.4132,10.03637]},"properties":{"Tên doanh nghiệp":"Viễn thông Vĩnh Long","Tên trạm BTS":"Tan-Huong-BTE","Địa chỉ lắp đặt":"An Định, Vĩnh Long","Trạm 3G":"3G","Số giấy chứng nhận kiểm định":null,"Có giá trị đến":"05/10/2026","layer_id":165,"fid":12030,"label":"Viễn thông Vĩnh Long"}},{"type":"Feature","geometry":{"type":"Point","coordinates":[106.37931,10.0388]},"properties":{"Tên doanh nghiệp":"Viễn thông Vĩnh Long","Tên trạm BTS":"Nga-4-Tan-Trung-BTE","Địa chỉ lắp đặt":"Hương Mỹ, Vĩnh Long","Trạm 3G":"3G","Số giấy chứng nhận kiểm định":null,"Có giá trị đến":"09/10/2029","layer_id":165,"fid":12031,"label":"Viễn thông Vĩnh Long"}},{"type":"Feature","geometry":{"type":"Point","coordinates":[106.538843,9.903255]},"properties":{"Tên doanh nghiệp":"Viễn thông Vĩnh Long","Tên trạm BTS":"Nong-An-Thuan-BTE","Địa chỉ lắp đặt":"An Qui, Vĩnh Long","Trạm 3G":"3G","Số giấy chứng nhận kiểm định":null,"Có giá trị đến":"05/10/2026","layer_id":165,"fid":12032,"label":"Viễn thông Vĩnh Long"}},{"type":"Feature","geometry":{"type":"Point","coordinates":[106.60503,9.89119]},"properties":{"Tên doanh nghiệp":"Viễn thông Vĩnh Long","Tên trạm BTS":"KTTGV-Cau-Van-BTE","Địa chỉ lắp đặt":"Thạnh Phong, Vĩnh Long","Trạm 3G":"3G","Số giấy chứng nhận kiểm định":null,"Có giá trị đến":"05/10/2026","layer_id":165,"fid":12033,"label":"Viễn thông Vĩnh Long"}},{"type":"Feature","geometry":{"type":"Point","coordinates":[106.59333,9.94971]},"properties":{"Tên doanh nghiệp":"Viễn thông Vĩnh Long","Tên trạm BTS":"Truong-Cap-1-An-Dien-BTE","Địa chỉ lắp đặt":"Thạnh Hải, Vĩnh Long","Trạm 3G":"3G","Số giấy chứng nhận kiểm định":null,"Có giá trị đến":"09/10/2029","layer_id":165,"fid":12034,"label":"Viễn thông Vĩnh Long"}},{"type":"Feature","geometry":{"type":"Point","coordinates":[106.426204,10.009138]},"properties":{"Tên doanh nghiệp":"Viễn thông Vĩnh Long","Tên trạm BTS":"Ap-Phu-Tan-Phong-BTE","Địa chỉ lắp đặt":"Đại Điền, Vĩnh Long","Trạm 3G":"3G","Số giấy chứng nhận kiểm định":null,"Có giá trị đến":"05/10/2026","layer_id":165,"fid":12035,"label":"Viễn thông Vĩnh Long"}},{"type":"Feature","geometry":{"type":"Point","coordinates":[106.66114,9.897538]},"properties":{"Tên doanh nghiệp":"Viễn thông Vĩnh Long","Tên trạm BTS":"Con-Rung-2-BTE","Địa chỉ lắp đặt":"Thạnh Hải, Vĩnh Long","Trạm 3G":"3G","Số giấy chứng nhận kiểm định":null,"Có giá trị đến":"10/04/2028","layer_id":165,"fid":12036,"label":"Viễn thông Vĩnh Long"}},{"type":"Feature","geometry":{"type":"Point","coordinates":[106.39285,10.05089]},"properties":{"Tên doanh nghiệp":"Viễn thông Vĩnh Long","Tên trạm BTS":"Tan-Hau-BTE","Địa chỉ lắp đặt":"An Định, Vĩnh Long","Trạm 3G":"3G","Số giấy chứng nhận kiểm định":null,"Có giá trị đến":"10/04/2028","layer_id":165,"fid":12037,"label":"Viễn thông Vĩnh Long"}},{"type":"Feature","geometry":{"type":"Point","coordinates":[106.62971,9.85005]},"properties":{"Tên doanh nghiệp":"Viễn thông Vĩnh Long","Tên trạm BTS":"Thanh-Phong-BTE","Địa chỉ lắp đặt":"Thạnh Phong, Vĩnh Long","Trạm 3G":"3G","Số giấy chứng nhận kiểm định":"A08130290321TG05","Có giá trị đến":"3/29/26 12:00:00 AM","layer_id":165,"fid":12038,"label":"Viễn thông Vĩnh Long"}},{"type":"Feature","geometry":{"type":"Point","coordinates":[106.46328,9.95494]},"properties":{"Tên doanh nghiệp":"Viễn thông Vĩnh Long","Tên trạm BTS":"Hoa-Loi-BTE","Địa chỉ lắp đặt":"Quới Điền, Vĩnh Long","Trạm 3G":"3G","Số giấy chứng nhận kiểm định":"A11726220725TG05","Có giá trị đến":"7/22/30 12:00:00 AM","layer_id":165,"fid":12039,"label":"Viễn thông Vĩnh Long"}},{"type":"Feature","geometry":{"type":"Point","coordinates":[106.586,9.8716]},"properties":{"Tên doanh nghiệp":"Viễn thông Vĩnh Long","Tên trạm BTS":"Ap-6-An-Nhon-BTE","Địa chỉ lắp đặt":"An Qui, Vĩnh Long","Trạm 3G":"3G","Số giấy chứng nhận kiểm định":null,"Có giá trị đến":"23/08/2029","layer_id":165,"fid":12040,"label":"Viễn thông Vĩnh Long"}},{"type":"Feature","geometry":{"type":"Point","coordinates":[106.58321,9.89203]},"properties":{"Tên doanh nghiệp":"Viễn thông Vĩnh Long","Tên trạm BTS":"An-Nhon-Thanh-Phu-BTE","Địa chỉ lắp đặt":"An Qui, Vĩnh Long","Trạm 3G":"3G","Số giấy chứng nhận kiểm định":"A05276080425TG05","Có giá trị đến":"4/8/30 12:00:00 AM","layer_id":165,"fid":12041,"label":"Viễn thông Vĩnh Long"}},{"type":"Feature","geometry":{"type":"Point","coordinates":[106.51363,9.92541]},"properties":{"Tên doanh nghiệp":"Viễn thông Vĩnh Long","Tên trạm BTS":"Binh-Thanh-BTE","Địa chỉ lắp đặt":"Thạnh Phú, Vĩnh Long","Trạm 3G":"3G","Số giấy chứng nhận kiểm định":null,"Có giá trị đến":"10/04/2028","layer_id":165,"fid":12042,"label":"Viễn thông Vĩnh Long"}},{"type":"Feature","geometry":{"type":"Point","coordinates":[106.471143,9.970599]},"properties":{"Tên doanh nghiệp":"Viễn thông Vĩnh Long","Tên trạm BTS":"Hoa-Loi-2-BTE","Địa chỉ lắp đặt":"Quới Điền, Vĩnh Long","Trạm 3G":"3G","Số giấy chứng nhận kiểm định":null,"Có giá trị đến":"10/04/2028","layer_id":165,"fid":12043,"label":"Viễn thông Vĩnh Long"}},{"type":"Feature","geometry":{"type":"Point","coordinates":[106.55758,9.90942]},"properties":{"Tên doanh nghiệp":"Viễn thông Vĩnh Long","Tên trạm BTS":"An-Quy-BTE","Địa chỉ lắp đặt":"An Qui, Vĩnh Long","Trạm 3G":"3G","Số giấy chứng nhận kiểm định":"A10979111022TG05","Có giá trị đến":"11/10/2027","layer_id":165,"fid":12044,"label":"Viễn thông Vĩnh Long"}},{"type":"Feature","geometry":{"type":"Point","coordinates":[106.44604,10.02483]},"properties":{"Tên doanh nghiệp":"Viễn thông Vĩnh Long","Tên trạm BTS":"Giong-Luong-BTE","Địa chỉ lắp đặt":"Đại Điền, Vĩnh Long","Trạm 3G":"3G","Số giấy chứng nhận kiểm định":"A11729220725TG05","Có giá trị đến":"7/22/30 12:00:00 AM","layer_id":165,"fid":12045,"label":"Viễn thông Vĩnh Long"}},{"type":"Feature","geometry":{"type":"Point","coordinates":[106.64921,9.92037]},"properties":{"Tên doanh nghiệp":"Viễn thông Vĩnh Long","Tên trạm BTS":"Con-Rung-Thanh-Thoi-B-BTE","Địa chỉ lắp đặt":"Thạnh Hải, Vĩnh Long","Trạm 3G":"3G","Số giấy chứng nhận kiểm định":null,"Có giá trị đến":"09/10/2029","layer_id":165,"fid":12046,"label":"Viễn thông Vĩnh Long"}},{"type":"Feature","geometry":{"type":"Point","coordinates":[106.4807,9.934]},"properties":{"Tên doanh nghiệp":"Viễn thông Vĩnh Long","Tên trạm BTS":"Quy-An-BTE","Địa chỉ lắp đặt":"Quới Điền, Vĩnh Long","Trạm 3G":"3G","Số giấy chứng nhận kiểm định":null,"Có giá trị đến":"09/10/2029","layer_id":165,"fid":12047,"label":"Viễn thông Vĩnh Long"}},{"type":"Feature","geometry":{"type":"Point","coordinates":[106.5192,9.9427]},"properties":{"Tên doanh nghiệp":"Viễn thông Vĩnh Long","Tên trạm BTS":"Thanh-Phu-2-BTE","Địa chỉ lắp đặt":"Thạnh Phú, Vĩnh Long","Trạm 3G":"3G","Số giấy chứng nhận kiểm định":"A14101301024TG05","Có giá trị đến":"10/30/29 12:00:00 AM","layer_id":165,"fid":12048,"label":"Viễn thông Vĩnh Long"}},{"type":"Feature","geometry":{"type":"Point","coordinates":[106.57494,9.96286]},"properties":{"Tên doanh nghiệp":"Viễn thông Vĩnh Long","Tên trạm BTS":"An-Dien-2-BTE","Địa chỉ lắp đặt":"Thạnh Hải, Vĩnh Long","Trạm 3G":"3G","Số giấy chứng nhận kiểm định":null,"Có giá trị đến":"09/10/2029","layer_id":165,"fid":12049,"label":"Viễn thông Vĩnh Long"}},{"type":"Feature","geometry":{"type":"Point","coordinates":[106.40245,10.01575]},"properties":{"Tên doanh nghiệp":"Viễn thông Vĩnh Long","Tên trạm BTS":"Huong-My-BTE","Địa chỉ lắp đặt":"Hương Mỹ, Vĩnh Long","Trạm 3G":"3G","Số giấy chứng nhận kiểm định":"A08989160822TG05","Có giá trị đến":"8/16/27 12:00:00 AM","layer_id":165,"fid":12050,"label":"Viễn thông Vĩnh Long"}},{"type":"Feature","geometry":{"type":"Point","coordinates":[106.52947,9.88889]},"properties":{"Tên doanh nghiệp":"Viễn thông Vĩnh Long","Tên trạm BTS":"An-Thuan-BTE","Địa chỉ lắp đặt":"An Qui, Vĩnh Long","Trạm 3G":"3G","Số giấy chứng nhận kiểm định":null,"Có giá trị đến":"10/04/2028","layer_id":165,"fid":12051,"label":"Viễn thông Vĩnh Long"}},{"type":"Feature","geometry":{"type":"Point","coordinates":[106.50588,9.9577]},"properties":{"Tên doanh nghiệp":"Viễn thông Vĩnh Long","Tên trạm BTS":"Thị trấn TPU3","Địa chỉ lắp đặt":"Thạnh Phú, Vĩnh Long","Trạm 3G":"3G","Số giấy chứng nhận kiểm định":null,"Có giá trị đến":"23/08/2029","layer_id":165,"fid":12052,"label":"Viễn thông Vĩnh Long"}},{"type":"Feature","geometry":{"type":"Point","coordinates":[106.37402,10.08016]},"properties":{"Tên doanh nghiệp":"Viễn thông Vĩnh Long","Tên trạm BTS":"An-Dinh-BTE","Địa chỉ lắp đặt":"An Định, Vĩnh Long","Trạm 3G":"3G","Số giấy chứng nhận kiểm định":"A08988160822TG05","Có giá trị đến":"8/16/27 12:00:00 AM","layer_id":165,"fid":12053,"label":"Viễn thông Vĩnh Long"}},{"type":"Feature","geometry":{"type":"Point","coordinates":[106.48459,9.97887]},"properties":{"Tên doanh nghiệp":"Viễn thông Vĩnh Long","Tên trạm BTS":"Quoi-Dien-BTE","Địa chỉ lắp đặt":"Quới Điền, Vĩnh Long","Trạm 3G":"3G","Số giấy chứng nhận kiểm định":null,"Có giá trị đến":"10/04/2028","layer_id":165,"fid":12054,"label":"Viễn thông Vĩnh Long"}},{"type":"Feature","geometry":{"type":"Point","coordinates":[106.35985,10.02975]},"properties":{"Tên doanh nghiệp":"Viễn thông Vĩnh Long","Tên trạm BTS":"Cam-Son-BTE","Địa chỉ lắp đặt":"Hương Mỹ, Vĩnh Long","Trạm 3G":"3G","Số giấy chứng nhận kiểm định":null,"Có giá trị đến":"05/10/2026","layer_id":165,"fid":12055,"label":"Viễn thông Vĩnh Long"}},{"type":"Feature","geometry":{"type":"Point","coordinates":[106.53056,9.92569]},"properties":{"Tên doanh nghiệp":"Viễn thông Vĩnh Long","Tên trạm BTS":"An Hội","Địa chỉ lắp đặt":"An Qui, Vĩnh Long","Trạm 3G":"3G","Số giấy chứng nhận kiểm định":null,"Có giá trị đến":"23/08/2029","layer_id":165,"fid":12056,"label":"Viễn thông Vĩnh Long"}},{"type":"Feature","geometry":{"type":"Point","coordinates":[106.62931,9.87501]},"properties":{"Tên doanh nghiệp":"Viễn thông Vĩnh Long","Tên trạm BTS":"Giao thạnh 4 ql 57","Địa chỉ lắp đặt":"Thạnh Phong, Vĩnh Long","Trạm 3G":"3G","Số giấy chứng nhận kiểm định":null,"Có giá trị đến":"10/04/2028","layer_id":165,"fid":12057,"label":"Viễn thông Vĩnh Long"}},{"type":"Feature","geometry":{"type":"Point","coordinates":[106.482,10.0126]},"properties":{"Tên doanh nghiệp":"Viễn thông Vĩnh Long","Tên trạm BTS":"Qui-Thanh-BTE","Địa chỉ lắp đặt":"Quới Điền, Vĩnh Long","Trạm 3G":"3G","Số giấy chứng nhận kiểm định":null,"Có giá trị đến":"10/04/2028","layer_id":165,"fid":12058,"label":"Viễn thông Vĩnh Long"}},{"type":"Feature","geometry":{"type":"Point","coordinates":[106.47652,10.002]},"properties":{"Tên doanh nghiệp":"Viễn thông Vĩnh Long","Tên trạm BTS":"Cầu dừa Mỹ an","Địa chỉ lắp đặt":"Quới Điền, Vĩnh Long","Trạm 3G":"3G","Số giấy chứng nhận kiểm định":null,"Có giá trị đến":"23/08/2029","layer_id":165,"fid":12059,"label":"Viễn thông Vĩnh Long"}},{"type":"Feature","geometry":{"type":"Point","coordinates":[106.54352,9.94899]},"properties":{"Tên doanh nghiệp":"Viễn thông Vĩnh Long","Tên trạm BTS":"An-Ngai-BTE","Địa chỉ lắp đặt":"Thạnh Phú, Vĩnh Long","Trạm 3G":"3G","Số giấy chứng nhận kiểm định":null,"Có giá trị đến":"10/04/2028","layer_id":165,"fid":12060,"label":"Viễn thông Vĩnh Long"}},{"type":"Feature","geometry":{"type":"Point","coordinates":[106.544599,9.917483]},"properties":{"Tên doanh nghiệp":"Viễn thông Vĩnh Long","Tên trạm BTS":"Cho-Giong-Ot-BTE","Địa chỉ lắp đặt":"An Qui, Vĩnh Long","Trạm 3G":"3G","Số giấy chứng nhận kiểm định":"A34174301121TG05","Có giá trị đến":"30/11/2026","layer_id":165,"fid":12061,"label":"Viễn thông Vĩnh Long"}},{"type":"Feature","geometry":{"type":"Point","coordinates":[106.41093,10.05752]},"properties":{"Tên doanh nghiệp":"Viễn thông Vĩnh Long","Tên trạm BTS":"Minh-Duc-BTE","Địa chỉ lắp đặt":"An Định, Vĩnh Long","Trạm 3G":"3G","Số giấy chứng nhận kiểm định":"A14092301024TG05","Có giá trị đến":"10/30/29 12:00:00 AM","layer_id":165,"fid":12062,"label":"Viễn thông Vĩnh Long"}},{"type":"Feature","geometry":{"type":"Point","coordinates":[106.38771,9.992047]},"properties":{"Tên doanh nghiệp":"Viễn thông Vĩnh Long","Tên trạm BTS":"Huong-My-2-BTE","Địa chỉ lắp đặt":"Hương Mỹ, Vĩnh Long","Trạm 3G":"3G","Số giấy chứng nhận kiểm định":null,"Có giá trị đến":"09/10/2029","layer_id":165,"fid":12063,"label":"Viễn thông Vĩnh Long"}},{"type":"Feature","geometry":{"type":"Point","coordinates":[106.55085,9.8688]},"properties":{"Tên doanh nghiệp":"Viễn thông Vĩnh Long","Tên trạm BTS":"Ap-5-An-Quy-BTE","Địa chỉ lắp đặt":"An Qui, Vĩnh Long","Trạm 3G":"3G","Số giấy chứng nhận kiểm định":null,"Có giá trị đến":"10/04/2028","layer_id":165,"fid":12064,"label":"Viễn thông Vĩnh Long"}},{"type":"Feature","geometry":{"type":"Point","coordinates":[106.41659,9.99155]},"properties":{"Tên doanh nghiệp":"Viễn thông Vĩnh Long","Tên trạm BTS":"Thoi-Thanh-2-BTE","Địa chỉ lắp đặt":"Hương Mỹ, Vĩnh Long","Trạm 3G":"3G","Số giấy chứng nhận kiểm định":null,"Có giá trị đến":"10/04/2028","layer_id":165,"fid":12065,"label":"Viễn thông Vĩnh Long"}},{"type":"Feature","geometry":{"type":"Point","coordinates":[106.49916,9.96795]},"properties":{"Tên doanh nghiệp":"Viễn thông Vĩnh Long","Tên trạm BTS":"My-Hung-BTE","Địa chỉ lắp đặt":"Quới Điền, Vĩnh Long","Trạm 3G":"3G","Số giấy chứng nhận kiểm định":null,"Có giá trị đến":"06/01/2031","layer_id":165,"fid":12066,"label":"Viễn thông Vĩnh Long"}},{"type":"Feature","geometry":{"type":"Point","coordinates":[106.64434,9.859898]},"properties":{"Tên doanh nghiệp":"Viễn thông Vĩnh Long","Tên trạm BTS":"Nha-Dua-Thanh-Hung-A-BTE","Địa chỉ lắp đặt":"Thạnh Hải, Vĩnh Long","Trạm 3G":"3G","Số giấy chứng nhận kiểm định":null,"Có giá trị đến":"23/08/2029","layer_id":165,"fid":12067,"label":"Viễn thông Vĩnh Long"}},{"type":"Feature","geometry":{"type":"Point","coordinates":[106.36951,10.05582]},"properties":{"Tên doanh nghiệp":"Viễn thông Vĩnh Long","Tên trạm BTS":"Mo-Cay-4-BTE","Địa chỉ lắp đặt":"Hương Mỹ, Vĩnh Long","Trạm 3G":"3G","Số giấy chứng nhận kiểm định":null,"Có giá trị đến":"05/10/2026","layer_id":165,"fid":12068,"label":"Viễn thông Vĩnh Long"}},{"type":"Feature","geometry":{"type":"Point","coordinates":[106.44799,10.04495]},"properties":{"Tên doanh nghiệp":"Viễn thông Vĩnh Long","Tên trạm BTS":"Phu-Khanh-BTE","Địa chỉ lắp đặt":"Đại Điền, Vĩnh Long","Trạm 3G":"3G","Số giấy chứng nhận kiểm định":null,"Có giá trị đến":"3/16/31 12:00:00 AM","layer_id":165,"fid":12069,"label":"Viễn thông Vĩnh Long"}},{"type":"Feature","geometry":{"type":"Point","coordinates":[106.50144,9.988025]},"properties":{"Tên doanh nghiệp":"Viễn thông Vĩnh Long","Tên trạm BTS":"My-Hung-2-BTE","Địa chỉ lắp đặt":"Quới Điền, Vĩnh Long","Trạm 3G":"3G","Số giấy chứng nhận kiểm định":"Đang hoàn thiện hồ sơ đo kiểm, Tự công bố sự phù hợp","Có giá trị đến":null,"layer_id":165,"fid":12070,"label":"Viễn thông Vĩnh Long"}},{"type":"Feature","geometry":{"type":"Point","coordinates":[106.3971,10.00223]},"properties":{"Tên doanh nghiệp":"Viễn thông Vĩnh Long","Tên trạm BTS":"Binh-Dong-1-BTE","Địa chỉ lắp đặt":"Hương Mỹ, Vĩnh Long","Trạm 3G":"3G","Số giấy chứng nhận kiểm định":"A34139301121TG05","Có giá trị đến":"30/11/2026","layer_id":165,"fid":12071,"label":"Viễn thông Vĩnh Long"}},{"type":"Feature","geometry":{"type":"Point","coordinates":[106.60561,9.86022]},"properties":{"Tên doanh nghiệp":"Viễn thông Vĩnh Long","Tên trạm BTS":"Giao thạnh 3","Địa chỉ lắp đặt":"Thạnh Phong, Vĩnh Long","Trạm 3G":"3G","Số giấy chứng nhận kiểm định":null,"Có giá trị đến":"10/04/2028","layer_id":165,"fid":12072,"label":"Viễn thông Vĩnh Long"}},{"type":"Feature","geometry":{"type":"Point","coordinates":[106.660216,9.839648]},"properties":{"Tên doanh nghiệp":"Viễn thông Vĩnh Long","Tên trạm BTS":"Con-Bung-BTE","Địa chỉ lắp đặt":"Thạnh Phong, Vĩnh Long","Trạm 3G":"3G","Số giấy chứng nhận kiểm định":null,"Có giá trị đến":"23/08/2029","layer_id":165,"fid":12073,"label":"Viễn thông Vĩnh Long"}},{"type":"Feature","geometry":{"type":"Point","coordinates":[106.534416,9.962016]},"properties":{"Tên doanh nghiệp":"Viễn thông Vĩnh Long","Tên trạm BTS":"BTE2023-012","Địa chỉ lắp đặt":"Thạnh Phú, Vĩnh Long","Trạm 3G":"3G","Số giấy chứng nhận kiểm định":null,"Có giá trị đến":"3/16/31 12:00:00 AM","layer_id":165,"fid":12074,"label":"Viễn thông Vĩnh Long"}},{"type":"Feature","geometry":{"type":"Point","coordinates":[106.56051,9.932146]},"properties":{"Tên doanh nghiệp":"Viễn thông Vĩnh Long","Tên trạm BTS":"Mat-Dap-Ben-Gia-BTE","Địa chỉ lắp đặt":"An Qui, Vĩnh Long","Trạm 3G":"3G","Số giấy chứng nhận kiểm định":null,"Có giá trị đến":"10/04/2028","layer_id":165,"fid":12075,"label":"Viễn thông Vĩnh Long"}},{"type":"Feature","geometry":{"type":"Point","coordinates":[106.65348,9.877343]},"properties":{"Tên doanh nghiệp":"Viễn thông Vĩnh Long","Tên trạm BTS":"Thanh-Hai-BTE","Địa chỉ lắp đặt":"Thạnh Hải, Vĩnh Long","Trạm 3G":"3G","Số giấy chứng nhận kiểm định":"A05279080425TG05","Có giá trị đến":"4/8/30 12:00:00 AM","layer_id":165,"fid":12076,"label":"Viễn thông Vĩnh Long"}},{"type":"Feature","geometry":{"type":"Point","coordinates":[106.635008,9.861403]},"properties":{"Tên doanh nghiệp":"Viễn thông Vĩnh Long","Tên trạm BTS":"BTE2023-003","Địa chỉ lắp đặt":"Thạnh Phong, Vĩnh Long","Trạm 3G":"3G","Số giấy chứng nhận kiểm định":null,"Có giá trị đến":"04/08/2030","layer_id":165,"fid":12077,"label":"Viễn thông Vĩnh Long"}},{"type":"Feature","geometry":{"type":"Point","coordinates":[106.58756,9.9615]},"properties":{"Tên doanh nghiệp":"Viễn thông Vĩnh Long","Tên trạm BTS":"BTE2023-014","Địa chỉ lắp đặt":"Xã Thạnh Hải tỉnh Vĩnh Long","Trạm 3G":"3G","Số giấy chứng nhận kiểm định":null,"Có giá trị đến":"3/16/31 12:00:00 AM","layer_id":165,"fid":12078,"label":"Viễn thông Vĩnh Long"}},{"type":"Feature","geometry":{"type":"Point","coordinates":[106.616782,9.938498]},"properties":{"Tên doanh nghiệp":"Viễn thông Vĩnh Long","Tên trạm BTS":"BTE2024-320","Địa chỉ lắp đặt":"Xã Thạnh Hải tỉnh Vĩnh Long","Trạm 3G":"3G","Số giấy chứng nhận kiểm định":null,"Có giá trị đến":"3/16/31 12:00:00 AM","layer_id":165,"fid":12079,"label":"Viễn thông Vĩnh Long"}},{"type":"Feature","geometry":{"type":"Point","coordinates":[106.576643,9.92333]},"properties":{"Tên doanh nghiệp":"Viễn thông Vĩnh Long","Tên trạm BTS":"BTE2024-357","Địa chỉ lắp đặt":"Xã Thạnh Hải tỉnh Vĩnh Long","Trạm 3G":"3G","Số giấy chứng nhận kiểm định":null,"Có giá trị đến":"3/16/31 12:00:00 AM","layer_id":165,"fid":12080,"label":"Viễn thông Vĩnh Long"}},{"type":"Feature","geometry":{"type":"Point","coordinates":[106.36137,10.04435]},"properties":{"Tên doanh nghiệp":"Viễn thông Vĩnh Long","Tên trạm BTS":"BTE2024-306","Địa chỉ lắp đặt":"Xã Hương Mỹ tỉnh Vĩnh Long","Trạm 3G":"3G","Số giấy chứng nhận kiểm định":null,"Có giá trị đến":"3/16/31 12:00:00 AM","layer_id":165,"fid":12081,"label":"Viễn thông Vĩnh Long"}},{"type":"Feature","geometry":{"type":"Point","coordinates":[106.4294,10.04798]},"properties":{"Tên doanh nghiệp":"Viễn thông Vĩnh Long","Tên trạm BTS":"Phu-Long-Phung-BTE","Địa chỉ lắp đặt":"Đại Điền, Vĩnh Long","Trạm 3G":"3G","Số giấy chứng nhận kiểm định":null,"Có giá trị đến":"05/10/2026","layer_id":165,"fid":12082,"label":"Viễn thông Vĩnh Long"}},{"type":"Feature","geometry":{"type":"Point","coordinates":[106.37596,10.01427]},"properties":{"Tên doanh nghiệp":"Viễn thông Vĩnh Long","Tên trạm BTS":"Cam-Son-2-BTE","Địa chỉ lắp đặt":"Hương Mỹ, Vĩnh Long","Trạm 3G":"3G","Số giấy chứng nhận kiểm định":"A34138301121TG05","Có giá trị đến":"30/11/2026","layer_id":165,"fid":12083,"label":"Viễn thông Vĩnh Long"}},{"type":"Feature","geometry":{"type":"Point","coordinates":[106.538196,9.977568]},"properties":{"Tên doanh nghiệp":"Viễn thông Vĩnh Long","Tên trạm BTS":"BTE2023-004","Địa chỉ lắp đặt":"Thạnh Phú, Vĩnh Long","Trạm 3G":"3G","Số giấy chứng nhận kiểm định":null,"Có giá trị đến":"06/01/2031","layer_id":165,"fid":12084,"label":"Viễn thông Vĩnh Long"}},{"type":"Feature","geometry":{"type":"Point","coordinates":[106.284594,9.640892]},"properties":{"Tên doanh nghiệp":"Viễn thông Vĩnh Long","Tên trạm BTS":"GIONG-LON-A_TVH","Địa chỉ lắp đặt":"Ấp Giồng Lớn A, Xã Đại An, Tỉnh Vĩnh Long","Trạm 3G":"3G","Số giấy chứng nhận kiểm định":null,"Có giá trị đến":"17/03/2028","layer_id":165,"fid":12085,"label":"Viễn thông Vĩnh Long"}},{"type":"Feature","geometry":{"type":"Point","coordinates":[106.30022,9.62301]},"properties":{"Tên doanh nghiệp":"Viễn thông Vĩnh Long","Tên trạm BTS":"CHUA-ME-LANG-DINH-AN_TVH","Địa chỉ lắp đặt":"khóm 7, Xã Đại An, Tỉnh Vĩnh Long","Trạm 3G":"3G","Số giấy chứng nhận kiểm định":null,"Có giá trị đến":"09/06/2030","layer_id":165,"fid":12086,"label":"Viễn thông Vĩnh Long"}},{"type":"Feature","geometry":{"type":"Point","coordinates":[106.34051,9.70821]},"properties":{"Tên doanh nghiệp":"Viễn thông Vĩnh Long","Tên trạm BTS":"LONG-HIEP_TVH","Địa chỉ lắp đặt":"Tầng 1, ấp chợ, Xã Long Hiệp, Tỉnh Vĩnh Long","Trạm 3G":"3G","Số giấy chứng nhận kiểm định":null,"Có giá trị đến":"17/03/2028","layer_id":165,"fid":12087,"label":"Viễn thông Vĩnh Long"}},{"type":"Feature","geometry":{"type":"Point","coordinates":[106.30201,9.63903]},"properties":{"Tên doanh nghiệp":"Viễn thông Vĩnh Long","Tên trạm BTS":"DAI-AN_TVH","Địa chỉ lắp đặt":"Bưu cục Đại An, Xã Đại An, Tỉnh Vĩnh Long","Trạm 3G":"3G","Số giấy chứng nhận kiểm định":null,"Có giá trị đến":"14/11/2029","layer_id":165,"fid":12088,"label":"Viễn thông Vĩnh Long"}},{"type":"Feature","geometry":{"type":"Point","coordinates":[106.18409,9.72455]},"properties":{"Tên doanh nghiệp":"Viễn thông Vĩnh Long","Tên trạm BTS":"AN-QUANG-HUU_TVH","Địa chỉ lắp đặt":"Ấp Chợ, Xã Lưu Nghiệp Anh, Tỉnh Vĩnh Long","Trạm 3G":"3G","Số giấy chứng nhận kiểm định":"A12114220725TG05","Có giá trị đến":"7/22/30 12:00:00 AM","layer_id":165,"fid":12089,"label":"Viễn thông Vĩnh Long"}},{"type":"Feature","geometry":{"type":"Point","coordinates":[106.36002,9.69846]},"properties":{"Tên doanh nghiệp":"Viễn thông Vĩnh Long","Tên trạm BTS":"SA-DAN_TVH","Địa chỉ lắp đặt":"Ấp Sà Dần A, Xã Long Hiệp, Tỉnh Vĩnh Long","Trạm 3G":"3G","Số giấy chứng nhận kiểm định":null,"Có giá trị đến":"14/11/2029","layer_id":165,"fid":12090,"label":"Viễn thông Vĩnh Long"}},{"type":"Feature","geometry":{"type":"Point","coordinates":[106.32066,9.68514]},"properties":{"Tên doanh nghiệp":"Viễn thông Vĩnh Long","Tên trạm BTS":"TRA-TRO-B_TVH","Địa chỉ lắp đặt":"tầng trệt, ấp Trà Tro B, Xã Hàm Giang, Tỉnh Vĩnh Long","Trạm 3G":"3G","Số giấy chứng nhận kiểm định":null,"Có giá trị đến":"17/03/2028","layer_id":165,"fid":12091,"label":"Viễn thông Vĩnh Long"}},{"type":"Feature","geometry":{"type":"Point","coordinates":[106.18601,9.70401]},"properties":{"Tên doanh nghiệp":"Viễn thông Vĩnh Long","Tên trạm BTS":"LUU-CU_TVH","Địa chỉ lắp đặt":"Ấp lưu Cừ 2, Xã Lưu Nghiệp Anh, Tỉnh Vĩnh Long","Trạm 3G":"3G","Số giấy chứng nhận kiểm định":"A12109220725TG05","Có giá trị đến":"7/22/30 12:00:00 AM","layer_id":165,"fid":12092,"label":"Viễn thông Vĩnh Long"}},{"type":"Feature","geometry":{"type":"Point","coordinates":[106.28783,9.61568]},"properties":{"Tên doanh nghiệp":"Viễn thông Vĩnh Long","Tên trạm BTS":"DINH-AN_TVH","Địa chỉ lắp đặt":"BĐ VH Định An, Xã Đại An, Tỉnh Vĩnh Long","Trạm 3G":"3G","Số giấy chứng nhận kiểm định":"A08331290321TG05","Có giá trị đến":"3/29/26 12:00:00 AM","layer_id":165,"fid":12093,"label":"Viễn thông Vĩnh Long"}},{"type":"Feature","geometry":{"type":"Point","coordinates":[106.25884,9.70978]},"properties":{"Tên doanh nghiệp":"Viễn thông Vĩnh Long","Tên trạm BTS":"5-NHUA_TVH","Địa chỉ lắp đặt":"tầng trệt, ấp Giồng Tranh, Xã Trà Cú, Tỉnh Vĩnh Long","Trạm 3G":"3G","Số giấy chứng nhận kiểm định":null,"Có giá trị đến":"25/12/2028","layer_id":165,"fid":12094,"label":"Viễn thông Vĩnh Long"}},{"type":"Feature","geometry":{"type":"Point","coordinates":[106.20507,9.73205]},"properties":{"Tên doanh nghiệp":"Viễn thông Vĩnh Long","Tên trạm BTS":"AP-PHO_TVH","Địa chỉ lắp đặt":"Ấp Phố,Xã Lưu Nghiệp Anh, Tỉnh Vĩnh Long","Trạm 3G":"3G","Số giấy chứng nhận kiểm định":null,"Có giá trị đến":"17/03/2028","layer_id":165,"fid":12095,"label":"Viễn thông Vĩnh Long"}},{"type":"Feature","geometry":{"type":"Point","coordinates":[106.21981,9.69891]},"properties":{"Tên doanh nghiệp":"Viễn thông Vĩnh Long","Tên trạm BTS":"LUU-NGHIEP-ANH_TVH","Địa chỉ lắp đặt":"Đài VT Lưu Nghiệp Anh, Xã Lưu Nghiệp Anh, Tỉnh Vĩnh Long","Trạm 3G":"3G","Số giấy chứng nhận kiểm định":null,"Có giá trị đến":"14/11/2029","layer_id":165,"fid":12096,"label":"Viễn thông Vĩnh Long"}},{"type":"Feature","geometry":{"type":"Point","coordinates":[106.29201,9.67067]},"properties":{"Tên doanh nghiệp":"Viễn thông Vĩnh Long","Tên trạm BTS":"HAM-GIANG_TVH","Địa chỉ lắp đặt":"Tầng 1, ấp Chợ, Xã Hàm Giang, Tỉnh Vĩnh Long","Trạm 3G":"3G","Số giấy chứng nhận kiểm định":null,"Có giá trị đến":"14/11/2029","layer_id":165,"fid":12097,"label":"Viễn thông Vĩnh Long"}},{"type":"Feature","geometry":{"type":"Point","coordinates":[106.28782,9.68775]},"properties":{"Tên doanh nghiệp":"Viễn thông Vĩnh Long","Tên trạm BTS":"THANH-SON_TVH","Địa chỉ lắp đặt":"Ấp Sóc Chà B, Xã Trà Cú, Tỉnh Vĩnh Long","Trạm 3G":"3G","Số giấy chứng nhận kiểm định":null,"Có giá trị đến":"17/03/2028","layer_id":165,"fid":12098,"label":"Viễn thông Vĩnh Long"}},{"type":"Feature","geometry":{"type":"Point","coordinates":[106.26116,9.67579]},"properties":{"Tên doanh nghiệp":"Viễn thông Vĩnh Long","Tên trạm BTS":"THANH-XUYEN_TVH","Địa chỉ lắp đặt":"Ấp Thanh Xuyên,Xã Hàm Giang,Tỉnh Vĩnh Long","Trạm 3G":"3G","Số giấy chứng nhận kiểm định":"Đang hoàn thiện hồ sơ đo kiểm, Tự công bố sự phù hợp","Có giá trị đến":null,"layer_id":165,"fid":12099,"label":"Viễn thông Vĩnh Long"}},{"type":"Feature","geometry":{"type":"Point","coordinates":[106.24556,9.65328]},"properties":{"Tên doanh nghiệp":"Viễn thông Vĩnh Long","Tên trạm BTS":"CA-HOM_TVH","Địa chỉ lắp đặt":"tầng trệt, Ấp Cà Hom, Xã Hàm Giang, Tỉnh Vĩnh Long","Trạm 3G":"3G","Số giấy chứng nhận kiểm định":null,"Có giá trị đến":"14/11/2029","layer_id":165,"fid":12100,"label":"Viễn thông Vĩnh Long"}},{"type":"Feature","geometry":{"type":"Point","coordinates":[106.24429,9.73911]},"properties":{"Tên doanh nghiệp":"Viễn thông Vĩnh Long","Tên trạm BTS":"CHUA-THAP_TVH","Địa chỉ lắp đặt":"Ấp Thốt Nốt, Xã Tập Sơn, Tỉnh Vĩnh Long","Trạm 3G":"3G","Số giấy chứng nhận kiểm định":null,"Có giá trị đến":"17/03/2028","layer_id":165,"fid":12101,"label":"Viễn thông Vĩnh Long"}},{"type":"Feature","geometry":{"type":"Point","coordinates":[106.32518,9.65806]},"properties":{"Tên doanh nghiệp":"Viễn thông Vĩnh Long","Tên trạm BTS":"NHUE-TU_TVH","Địa chỉ lắp đặt":"Ấp nhuệ Tứ, Xã Hàm Giang, Tỉnh Vĩnh Long","Trạm 3G":"3G","Số giấy chứng nhận kiểm định":null,"Có giá trị đến":"14/11/2029","layer_id":165,"fid":12102,"label":"Viễn thông Vĩnh Long"}},{"type":"Feature","geometry":{"type":"Point","coordinates":[106.15521,9.71846]},"properties":{"Tên doanh nghiệp":"Viễn thông Vĩnh Long","Tên trạm BTS":"AP-VAM_TVH","Địa chỉ lắp đặt":"Ấp Vàm, Xã Lưu Nghiệp Anh, Tỉnh Vĩnh Long","Trạm 3G":"3G","Số giấy chứng nhận kiểm định":null,"Có giá trị đến":"14/11/2029","layer_id":165,"fid":12103,"label":"Viễn thông Vĩnh Long"}},{"type":"Feature","geometry":{"type":"Point","coordinates":[106.27097,9.62298]},"properties":{"Tên doanh nghiệp":"Viễn thông Vĩnh Long","Tên trạm BTS":"AP-CA-LOC_TVH","Địa chỉ lắp đặt":"Ấp Cá Lóc,Xã Đại An, Tỉnh Vĩnh Long","Trạm 3G":"3G","Số giấy chứng nhận kiểm định":null,"Có giá trị đến":"17/03/2028","layer_id":165,"fid":12104,"label":"Viễn thông Vĩnh Long"}},{"type":"Feature","geometry":{"type":"Point","coordinates":[106.3465,9.69381]},"properties":{"Tên doanh nghiệp":"Viễn thông Vĩnh Long","Tên trạm BTS":"NGA-4-NGOC-BIEN_TVH","Địa chỉ lắp đặt":"Ấp Sà Vần B,Xã Long Hiệp, Tỉnh Vĩnh Long","Trạm 3G":"3G","Số giấy chứng nhận kiểm định":null,"Có giá trị đến":"17/03/2028","layer_id":165,"fid":12105,"label":"Viễn thông Vĩnh Long"}},{"type":"Feature","geometry":{"type":"Point","coordinates":[106.26635,9.64041]},"properties":{"Tên doanh nghiệp":"Viễn thông Vĩnh Long","Tên trạm BTS":"CHUA-ONG-BON_TVH","Địa chỉ lắp đặt":"Tầng trệt-Ấp Giồng Lớn B-Xã Đại An-Tỉnh Vĩnh Long","Trạm 3G":"3G","Số giấy chứng nhận kiểm định":null,"Có giá trị đến":"14/11/2029","layer_id":165,"fid":12106,"label":"Viễn thông Vĩnh Long"}},{"type":"Feature","geometry":{"type":"Point","coordinates":[106.26809,9.68213]},"properties":{"Tên doanh nghiệp":"Viễn thông Vĩnh Long","Tên trạm BTS":"SOC-TRA-THANH-SON_TVH","Địa chỉ lắp đặt":"ấp Sóc Chà A, Xã Trà Cú, Tỉnh Vĩnh Long","Trạm 3G":"3G","Số giấy chứng nhận kiểm định":null,"Có giá trị đến":"09/06/2030","layer_id":165,"fid":12107,"label":"Viễn thông Vĩnh Long"}},{"type":"Feature","geometry":{"type":"Point","coordinates":[106.25939,9.68924]},"properties":{"Tên doanh nghiệp":"Viễn thông Vĩnh Long","Tên trạm BTS":"TRA-CU_TVH","Địa chỉ lắp đặt":"Bưu cục Trà Cú, Xã Trà Cú, Tỉnh Vĩnh Long","Trạm 3G":"3G","Số giấy chứng nhận kiểm định":"A12119220725TG05","Có giá trị đến":"7/22/30 12:00:00 AM","layer_id":165,"fid":12108,"label":"Viễn thông Vĩnh Long"}},{"type":"Feature","geometry":{"type":"Point","coordinates":[106.26184,9.73805]},"properties":{"Tên doanh nghiệp":"Viễn thông Vĩnh Long","Tên trạm BTS":"TAP-SON_TVH","Địa chỉ lắp đặt":"BDVHX TẬP SƠN, Xã Tập Sơn, Tỉnh Vĩnh Long","Trạm 3G":"3G","Số giấy chứng nhận kiểm định":null,"Có giá trị đến":"17/03/2028","layer_id":165,"fid":12109,"label":"Viễn thông Vĩnh Long"}},{"type":"Feature","geometry":{"type":"Point","coordinates":[106.30059,9.78381]},"properties":{"Tên doanh nghiệp":"Viễn thông Vĩnh Long","Tên trạm BTS":"O-RUNG_TVH","Địa chỉ lắp đặt":"Ấp Ô Rung, Xã Tập Sơn, Tỉnh Vĩnh Long","Trạm 3G":"3G","Số giấy chứng nhận kiểm định":null,"Có giá trị đến":"14/11/2029","layer_id":165,"fid":12110,"label":"Viễn thông Vĩnh Long"}},{"type":"Feature","geometry":{"type":"Point","coordinates":[106.32711,9.77376]},"properties":{"Tên doanh nghiệp":"Viễn thông Vĩnh Long","Tên trạm BTS":"DAU-GIONG_TVH","Địa chỉ lắp đặt":"Ấp Đầu Giồng B ,Xã Tập Sơn, Tỉnh Vĩnh Long","Trạm 3G":"3G","Số giấy chứng nhận kiểm định":null,"Có giá trị đến":"14/11/2029","layer_id":165,"fid":12111,"label":"Viễn thông Vĩnh Long"}},{"type":"Feature","geometry":{"type":"Point","coordinates":[106.31081,9.76094]},"properties":{"Tên doanh nghiệp":"Viễn thông Vĩnh Long","Tên trạm BTS":"PHUOC-HUNG_TVH","Địa chỉ lắp đặt":"Xã Tập Sơn, Tỉnh Vĩnh Long","Trạm 3G":"3G","Số giấy chứng nhận kiểm định":"A04815190422TG05","Có giá trị đến":"19/04/2027","layer_id":165,"fid":12112,"label":"Viễn thông Vĩnh Long"}},{"type":"Feature","geometry":{"type":"Point","coordinates":[106.23761,9.70551]},"properties":{"Tên doanh nghiệp":"Viễn thông Vĩnh Long","Tên trạm BTS":"XOAI-THUM_TVH","Địa chỉ lắp đặt":"Ấp Xoài Thum, Xã Trà Cú, Tỉnh Vĩnh Long","Trạm 3G":"3G","Số giấy chứng nhận kiểm định":null,"Có giá trị đến":"17/03/2028","layer_id":165,"fid":12113,"label":"Viễn thông Vĩnh Long"}},{"type":"Feature","geometry":{"type":"Point","coordinates":[106.33125,9.74691]},"properties":{"Tên doanh nghiệp":"Viễn thông Vĩnh Long","Tên trạm BTS":"TAN-HIEP_TVH","Địa chỉ lắp đặt":"Tầng Trệt, ấp Sóc Ruộng, Xã Long Hiệp, Tỉnh Vĩnh Long","Trạm 3G":"3G","Số giấy chứng nhận kiểm định":null,"Có giá trị đến":"25/12/2028","layer_id":165,"fid":12114,"label":"Viễn thông Vĩnh Long"}},{"type":"Feature","geometry":{"type":"Point","coordinates":[106.22424,9.73132]},"properties":{"Tên doanh nghiệp":"Viễn thông Vĩnh Long","Tên trạm BTS":"TAN-SON_TVH","Địa chỉ lắp đặt":"Ấp Chợ, Xã Tập Sơn, Tỉnh Vĩnh Long","Trạm 3G":"3G","Số giấy chứng nhận kiểm định":"A12110220725TG05","Có giá trị đến":"7/22/30 12:00:00 AM","layer_id":165,"fid":12115,"label":"Viễn thông Vĩnh Long"}},{"type":"Feature","geometry":{"type":"Point","coordinates":[106.26033,9.76169]},"properties":{"Tên doanh nghiệp":"Viễn thông Vĩnh Long","Tên trạm BTS":"TRA-MEM_TVH","Địa chỉ lắp đặt":"Ấp Bến Trị, Xã Tập Sơn, Tỉnh Vĩnh Long","Trạm 3G":"3G","Số giấy chứng nhận kiểm định":null,"Có giá trị đến":"17/03/2028","layer_id":165,"fid":12116,"label":"Viễn thông Vĩnh Long"}},{"type":"Feature","geometry":{"type":"Point","coordinates":[106.29489,9.70726]},"properties":{"Tên doanh nghiệp":"Viễn thông Vĩnh Long","Tên trạm BTS":"XA-NGAI-XUYEN_TVH","Địa chỉ lắp đặt":"Tầng trệt-Ấp Giồng Tranh, Xã Trà Cú, Tỉnh Vĩnh Long","Trạm 3G":"3G","Số giấy chứng nhận kiểm định":"A34183301121TG05","Có giá trị đến":"30/11/2026","layer_id":165,"fid":12117,"label":"Viễn thông Vĩnh Long"}},{"type":"Feature","geometry":{"type":"Point","coordinates":[106.38981,9.71048]},"properties":{"Tên doanh nghiệp":"Viễn thông Vĩnh Long","Tên trạm BTS":"CHO-THA-LA_TVH","Địa chỉ lắp đặt":"Ấp La bang, Xã Long Hiệp, Tỉnh Vĩnh Long","Trạm 3G":"3G","Số giấy chứng nhận kiểm định":null,"Có giá trị đến":"17/03/2028","layer_id":165,"fid":12118,"label":"Viễn thông Vĩnh Long"}},{"type":"Feature","geometry":{"type":"Point","coordinates":[106.28957,9.74857]},"properties":{"Tên doanh nghiệp":"Viễn thông Vĩnh Long","Tên trạm BTS":"CHUA-MOI_TVH","Địa chỉ lắp đặt":"tầng trệt, ấp Chòm Chuối, Xã Tập Sơn, Tỉnh Vĩnh Long","Trạm 3G":"3G","Số giấy chứng nhận kiểm định":null,"Có giá trị đến":"17/03/2028","layer_id":165,"fid":12119,"label":"Viễn thông Vĩnh Long"}},{"type":"Feature","geometry":{"type":"Point","coordinates":[106.27232,9.65555]},"properties":{"Tên doanh nghiệp":"Viễn thông Vĩnh Long","Tên trạm BTS":"VAM-RAY_TVH","Địa chỉ lắp đặt":"Ấp Vàm Ray, Xã Hàm Giang, Tỉnh Vĩnh Long","Trạm 3G":"3G","Số giấy chứng nhận kiểm định":null,"Có giá trị đến":"14/11/2029","layer_id":165,"fid":12120,"label":"Viễn thông Vĩnh Long"}},{"type":"Feature","geometry":{"type":"Point","coordinates":[106.316243,9.725046]},"properties":{"Tên doanh nghiệp":"Viễn thông Vĩnh Long","Tên trạm BTS":"BA-TRACH_TVH","Địa chỉ lắp đặt":"Ấp Ba Trạch A, Xã Long Hiệp, Tỉnh Vĩnh Long","Trạm 3G":"3G","Số giấy chứng nhận kiểm định":null,"Có giá trị đến":"14/11/2029","layer_id":165,"fid":12121,"label":"Viễn thông Vĩnh Long"}},{"type":"Feature","geometry":{"type":"Point","coordinates":[106.22461,9.66932]},"properties":{"Tên doanh nghiệp":"Viễn thông Vĩnh Long","Tên trạm BTS":"BAI-SAO-GIUA_TVH","Địa chỉ lắp đặt":"Tầng trệt-Ấp Bãi Sào Giữa-Xã Hàm Giang, Tỉnh Vĩnh Long","Trạm 3G":"3G","Số giấy chứng nhận kiểm định":"A12107220725TG05","Có giá trị đến":"7/22/30 12:00:00 AM","layer_id":165,"fid":12122,"label":"Viễn thông Vĩnh Long"}},{"type":"Feature","geometry":{"type":"Point","coordinates":[106.33852,9.79057]},"properties":{"Tên doanh nghiệp":"Viễn thông Vĩnh Long","Tên trạm BTS":"TUA-THOC_TVH","Địa chỉ lắp đặt":"ấp Dau Giong, Xã Tập Sơn, Tỉnh Vĩnh Long","Trạm 3G":"3G","Số giấy chứng nhận kiểm định":null,"Có giá trị đến":"17/03/2028","layer_id":165,"fid":12123,"label":"Viễn thông Vĩnh Long"}},{"type":"Feature","geometry":{"type":"Point","coordinates":[106.1719,9.72739]},"properties":{"Tên doanh nghiệp":"Viễn thông Vĩnh Long","Tên trạm BTS":"TVH_CTQL_16","Địa chỉ lắp đặt":"Xã Lưu Nghiệp Anh tỉnh Vĩnh Long","Trạm 3G":"3G","Số giấy chứng nhận kiểm định":"Đang hoàn thiện hồ sơ đo kiểm, Tự công bố sự phù hợp","Có giá trị đến":null,"layer_id":165,"fid":12124,"label":"Viễn thông Vĩnh Long"}},{"type":"Feature","geometry":{"type":"Point","coordinates":[106.265453,9.697762]},"properties":{"Tên doanh nghiệp":"Viễn thông Vĩnh Long","Tên trạm BTS":"TVH_CTQL_6","Địa chỉ lắp đặt":"Trà Cú tỉnh Vĩnh Long","Trạm 3G":"3G","Số giấy chứng nhận kiểm định":"Đang hoàn thiện hồ sơ đo kiểm, Tự công bố sự phù hợp","Có giá trị đến":null,"layer_id":165,"fid":12125,"label":"Viễn thông Vĩnh Long"}},{"type":"Feature","geometry":{"type":"Point","coordinates":[106.2844,9.6276]},"properties":{"Tên doanh nghiệp":"Viễn thông Vĩnh Long","Tên trạm BTS":"TVH2023-019","Địa chỉ lắp đặt":"Đại An tỉnh Vĩnh Long","Trạm 3G":"3G","Số giấy chứng nhận kiểm định":"Đang hoàn thiện hồ sơ đo kiểm, Tự công bố sự phù hợp","Có giá trị đến":null,"layer_id":165,"fid":12126,"label":"Viễn thông Vĩnh Long"}},{"type":"Feature","geometry":{"type":"Point","coordinates":[106.336869,9.727902]},"properties":{"Tên doanh nghiệp":"Viễn thông Vĩnh Long","Tên trạm BTS":"TVH2024-246","Địa chỉ lắp đặt":"Long Hiệp tỉnh Vĩnh Long","Trạm 3G":"3G","Số giấy chứng nhận kiểm định":"Đang hoàn thiện hồ sơ đo kiểm, Tự công bố sự phù hợp","Có giá trị đến":null,"layer_id":165,"fid":12127,"label":"Viễn thông Vĩnh Long"}},{"type":"Feature","geometry":{"type":"Point","coordinates":[106.35266,9.72987]},"properties":{"Tên doanh nghiệp":"Viễn thông Vĩnh Long","Tên trạm BTS":"TVH2024-245","Địa chỉ lắp đặt":"Long Hiệp tỉnh Vĩnh Long","Trạm 3G":"3G","Số giấy chứng nhận kiểm định":"Đang hoàn thiện hồ sơ đo kiểm, Tự công bố sự phù hợp","Có giá trị đến":null,"layer_id":165,"fid":12128,"label":"Viễn thông Vĩnh Long"}},{"type":"Feature","geometry":{"type":"Point","coordinates":[106.17486,9.71466]},"properties":{"Tên doanh nghiệp":"Viễn thông Vĩnh Long","Tên trạm BTS":"TVH_CTQL_17","Địa chỉ lắp đặt":"Xã Lưu Nghiệp Anh tỉnh Vĩnh Long","Trạm 3G":"3G","Số giấy chứng nhận kiểm định":"Đang hoàn thiện hồ sơ đo kiểm, Tự công bố sự phù hợp","Có giá trị đến":null,"layer_id":165,"fid":12129,"label":"Viễn thông Vĩnh Long"}},{"type":"Feature","geometry":{"type":"Point","coordinates":[106.197255,9.749473]},"properties":{"Tên doanh nghiệp":"Viễn thông Vĩnh Long","Tên trạm BTS":"TVH_CTQL_14","Địa chỉ lắp đặt":"Hùng Hòa tỉnh Vĩnh Long","Trạm 3G":"3G","Số giấy chứng nhận kiểm định":"Đang hoàn thiện hồ sơ đo kiểm, Tự công bố sự phù hợp","Có giá trị đến":null,"layer_id":165,"fid":12130,"label":"Viễn thông Vĩnh Long"}},{"type":"Feature","geometry":{"type":"Point","coordinates":[106.30499,9.66208]},"properties":{"Tên doanh nghiệp":"Viễn thông Vĩnh Long","Tên trạm BTS":"TVH2024-248","Địa chỉ lắp đặt":"Hàm Giang tỉnh Vĩnh Long","Trạm 3G":"3G","Số giấy chứng nhận kiểm định":"Đang hoàn thiện hồ sơ đo kiểm, Tự công bố sự phù hợp","Có giá trị đến":null,"layer_id":165,"fid":12131,"label":"Viễn thông Vĩnh Long"}},{"type":"Feature","geometry":{"type":"Point","coordinates":[106.19593,9.81859]},"properties":{"Tên doanh nghiệp":"Viễn thông Vĩnh Long","Tên trạm BTS":"KHOM-2-TIEU-CAN_TVH","Địa chỉ lắp đặt":"Khóm 2, Xã Tiểu Cần, Tỉnh Vĩnh Long","Trạm 3G":"3G","Số giấy chứng nhận kiểm định":null,"Có giá trị đến":"09/06/2030","layer_id":165,"fid":12132,"label":"Viễn thông Vĩnh Long"}},{"type":"Feature","geometry":{"type":"Point","coordinates":[106.16866,9.82883]},"properties":{"Tên doanh nghiệp":"Viễn thông Vĩnh Long","Tên trạm BTS":"PHU-THO-TCN_TVH","Địa chỉ lắp đặt":"Ấp Phú Thọ 2, Xã Tiểu Cần, Tỉnh Vĩnh Long","Trạm 3G":"3G","Số giấy chứng nhận kiểm định":null,"Có giá trị đến":"14/11/2029","layer_id":165,"fid":12133,"label":"Viễn thông Vĩnh Long"}},{"type":"Feature","geometry":{"type":"Point","coordinates":[106.27901,9.78775]},"properties":{"Tên doanh nghiệp":"Viễn thông Vĩnh Long","Tên trạm BTS":"CHANH-HOI-A_TVH","Địa chỉ lắp đặt":"Ấp Chánh Hội, Xã Hùng Hòa, Tỉnh Vĩnh Long","Trạm 3G":"3G","Số giấy chứng nhận kiểm định":"A15677131224TG05","Có giá trị đến":"12/13/29 12:00:00 AM","layer_id":165,"fid":12134,"label":"Viễn thông Vĩnh Long"}},{"type":"Feature","geometry":{"type":"Point","coordinates":[106.19373,9.843368]},"properties":{"Tên doanh nghiệp":"Viễn thông Vĩnh Long","Tên trạm BTS":"KCN-GIAY-DA-MY-PHONG_TVH","Địa chỉ lắp đặt":"Khu công nghiệp Mỹ Phong, ấp Tân Đại, Xã Tiểu Cần, Tỉnh Vĩnh Long","Trạm 3G":"3G","Số giấy chứng nhận kiểm định":"A08330290321TG05","Có giá trị đến":"3/29/26 12:00:00 AM","layer_id":165,"fid":12135,"label":"Viễn thông Vĩnh Long"}},{"type":"Feature","geometry":{"type":"Point","coordinates":[106.15979,9.76321]},"properties":{"Tên doanh nghiệp":"Viễn thông Vĩnh Long","Tên trạm BTS":"TAN-HOA_TVH","Địa chỉ lắp đặt":"BĐ xã Tân Hòa, Xã Tân Hòa, Tỉnh Vĩnh Long","Trạm 3G":"3G","Số giấy chứng nhận kiểm định":"A15682131224TG05","Có giá trị đến":"12/13/29 12:00:00 AM","layer_id":165,"fid":12136,"label":"Viễn thông Vĩnh Long"}},{"type":"Feature","geometry":{"type":"Point","coordinates":[106.25289,9.78385]},"properties":{"Tên doanh nghiệp":"Viễn thông Vĩnh Long","Tên trạm BTS":"NGAI-HUNG-TIEU-CAN_TVH","Địa chỉ lắp đặt":"BDVH Ấp Ngãi Hưng, Xã Hùng Hòa, Tỉnh Vĩnh Long","Trạm 3G":"3G","Số giấy chứng nhận kiểm định":null,"Có giá trị đến":"14/11/2029","layer_id":165,"fid":12137,"label":"Viễn thông Vĩnh Long"}},{"type":"Feature","geometry":{"type":"Point","coordinates":[106.18794,9.84476]},"properties":{"Tên doanh nghiệp":"Viễn thông Vĩnh Long","Tên trạm BTS":"GIAY-DA-MY-PHONG_TVH","Địa chỉ lắp đặt":"Ấp Tân Trung Giồng A, Xã Tiểu Cần, Tỉnh Vĩnh Long","Trạm 3G":"3G","Số giấy chứng nhận kiểm định":null,"Có giá trị đến":"30/09/2029","layer_id":165,"fid":12138,"label":"Viễn thông Vĩnh Long"}},{"type":"Feature","geometry":{"type":"Point","coordinates":[106.22047,9.77362]},"properties":{"Tên doanh nghiệp":"Viễn thông Vĩnh Long","Tên trạm BTS":"TE-TE_TVH","Địa chỉ lắp đặt":"Ấp Te Te 1, Xã Hùng Hòa, Tỉnh Vĩnh Long","Trạm 3G":"3G","Số giấy chứng nhận kiểm định":"A08329290321TG05","Có giá trị đến":"3/29/26 12:00:00 AM","layer_id":165,"fid":12139,"label":"Viễn thông Vĩnh Long"}},{"type":"Feature","geometry":{"type":"Point","coordinates":[106.15499,9.74112]},"properties":{"Tên doanh nghiệp":"Viễn thông Vĩnh Long","Tên trạm BTS":"SOC-TRAM_TVH","Địa chỉ lắp đặt":"Ấp Sóc Tràm, Xã Tân Hòa, Tỉnh Vĩnh Long","Trạm 3G":"3G","Số giấy chứng nhận kiểm định":"A34182301121TG05","Có giá trị đến":"30/11/2026","layer_id":165,"fid":12140,"label":"Viễn thông Vĩnh Long"}},{"type":"Feature","geometry":{"type":"Point","coordinates":[106.11978,9.76392]},"properties":{"Tên doanh nghiệp":"Viễn thông Vĩnh Long","Tên trạm BTS":"BDVH-CAU-QUAN_TVH","Địa chỉ lắp đặt":"Đường Trần Phú, Xã Tân Hòa, Tỉnh Vĩnh Long","Trạm 3G":"3G","Số giấy chứng nhận kiểm định":null,"Có giá trị đến":"30/09/2029","layer_id":165,"fid":12141,"label":"Viễn thông Vĩnh Long"}},{"type":"Feature","geometry":{"type":"Point","coordinates":[106.13991,9.77754]},"properties":{"Tên doanh nghiệp":"Viễn thông Vĩnh Long","Tên trạm BTS":"DINH-PHU-B_TVH","Địa chỉ lắp đặt":"Ấp Định Phú B, Xã Tân Hòa, Tỉnh Vĩnh Long","Trạm 3G":"3G","Số giấy chứng nhận kiểm định":null,"Có giá trị đến":"17/03/2028","layer_id":165,"fid":12142,"label":"Viễn thông Vĩnh Long"}},{"type":"Feature","geometry":{"type":"Point","coordinates":[106.20383,9.79168]},"properties":{"Tên doanh nghiệp":"Viễn thông Vĩnh Long","Tên trạm BTS":"TAN-HUNG_TVH","Địa chỉ lắp đặt":"Trạm VT Tân Hùng-Ấp Chợ-Xã Hùng Hòa-Tỉnh Vĩnh Long","Trạm 3G":"3G","Số giấy chứng nhận kiểm định":null,"Có giá trị đến":"14/11/2029","layer_id":165,"fid":12143,"label":"Viễn thông Vĩnh Long"}},{"type":"Feature","geometry":{"type":"Point","coordinates":[106.17756,9.85746]},"properties":{"Tên doanh nghiệp":"Viễn thông Vĩnh Long","Tên trạm BTS":"HIEU-TRUNG_TVH","Địa chỉ lắp đặt":"BDVHX Hiếu Trung, Xã Tiểu Cần, Tỉnh Vĩnh Long","Trạm 3G":"3G","Số giấy chứng nhận kiểm định":"A08327290321TG05","Có giá trị đến":"3/29/26 12:00:00 AM","layer_id":165,"fid":12144,"label":"Viễn thông Vĩnh Long"}},{"type":"Feature","geometry":{"type":"Point","coordinates":[106.14886,9.82414]},"properties":{"Tên doanh nghiệp":"Viễn thông Vĩnh Long","Tên trạm BTS":"CONG-DAI-TRUONG_TVH","Địa chỉ lắp đặt":"Ấp Đại Trường, Xã Tiểu Cần, Tỉnh Vĩnh Long","Trạm 3G":"3G","Số giấy chứng nhận kiểm định":"A15680131224TG05","Có giá trị đến":"12/13/29 12:00:00 AM","layer_id":165,"fid":12145,"label":"Viễn thông Vĩnh Long"}},{"type":"Feature","geometry":{"type":"Point","coordinates":[106.139893,9.800389]},"properties":{"Tên doanh nghiệp":"Viễn thông Vĩnh Long","Tên trạm BTS":"DINH-PHU-TAN-LONG-THOI_TVH","Địa chỉ lắp đặt":"Ấp Định Phú Tân, Xã Tân Hòa, Tỉnh Vĩnh Long","Trạm 3G":"3G","Số giấy chứng nhận kiểm định":null,"Có giá trị đến":"17/03/2028","layer_id":165,"fid":12146,"label":"Viễn thông Vĩnh Long"}},{"type":"Feature","geometry":{"type":"Point","coordinates":[106.19088,9.8562]},"properties":{"Tên doanh nghiệp":"Viễn thông Vĩnh Long","Tên trạm BTS":"TAN-TRUNG-GIONG-A_TVH","Địa chỉ lắp đặt":"Ấp Tân Trung Giồng A, Xã Tiểu Cần, Tỉnh Vĩnh Long","Trạm 3G":"3G","Số giấy chứng nhận kiểm định":null,"Có giá trị đến":"17/03/2028","layer_id":165,"fid":12147,"label":"Viễn thông Vĩnh Long"}},{"type":"Feature","geometry":{"type":"Point","coordinates":[106.28101,9.80694]},"properties":{"Tên doanh nghiệp":"Viễn thông Vĩnh Long","Tên trạm BTS":"NGAI-HUNG_TVH","Địa chỉ lắp đặt":"Xã Hùng Hòa, Tỉnh Vĩnh Long","Trạm 3G":"3G","Số giấy chứng nhận kiểm định":"A02782180225TG05","Có giá trị đến":"2/18/30 12:00:00 AM","layer_id":165,"fid":12148,"label":"Viễn thông Vĩnh Long"}},{"type":"Feature","geometry":{"type":"Point","coordinates":[106.19389,9.82741]},"properties":{"Tên doanh nghiệp":"Viễn thông Vĩnh Long","Tên trạm BTS":"TT-TIEU-CAN_TVH","Địa chỉ lắp đặt":"Tầng trệt, khu tập thể Tiểu Cần, Xã Tiểu Cần, Tỉnh Vĩnh Long","Trạm 3G":"3G","Số giấy chứng nhận kiểm định":"A15681131224TG05","Có giá trị đến":"12/13/29 12:00:00 AM","layer_id":165,"fid":12149,"label":"Viễn thông Vĩnh Long"}},{"type":"Feature","geometry":{"type":"Point","coordinates":[106.18018,9.75376]},"properties":{"Tên doanh nghiệp":"Viễn thông Vĩnh Long","Tên trạm BTS":"SOC-CAU_TVH","Địa chỉ lắp đặt":"Ấp Sóc Cầu, Xã Hùng Hòa, Tỉnh Vĩnh Long","Trạm 3G":"3G","Số giấy chứng nhận kiểm định":null,"Có giá trị đến":"30/09/2029","layer_id":165,"fid":12150,"label":"Viễn thông Vĩnh Long"}},{"type":"Feature","geometry":{"type":"Point","coordinates":[106.17626,9.79814]},"properties":{"Tên doanh nghiệp":"Viễn thông Vĩnh Long","Tên trạm BTS":"CAU-TRE-2_TVH","Địa chỉ lắp đặt":"ấp Cầu Tre, Xã Tiểu Cần, Tỉnh Vĩnh Long","Trạm 3G":"3G","Số giấy chứng nhận kiểm định":null,"Có giá trị đến":"30/09/2029","layer_id":165,"fid":12151,"label":"Viễn thông Vĩnh Long"}},{"type":"Feature","geometry":{"type":"Point","coordinates":[106.11786,9.7796]},"properties":{"Tên doanh nghiệp":"Viễn thông Vĩnh Long","Tên trạm BTS":"KHOM-6-TT-CAU-QUAN_TVH","Địa chỉ lắp đặt":"Khóm 6, Xã Tân Hòa, Tỉnh Vĩnh Long","Trạm 3G":"3G","Số giấy chứng nhận kiểm định":null,"Có giá trị đến":"17/03/2028","layer_id":165,"fid":12152,"label":"Viễn thông Vĩnh Long"}},{"type":"Feature","geometry":{"type":"Point","coordinates":[106.20606,9.76486]},"properties":{"Tên doanh nghiệp":"Viễn thông Vĩnh Long","Tên trạm BTS":"HUNG-HOA_TVH","Địa chỉ lắp đặt":"Tầng 1, BD Hùng Hòa, Xã Hùng Hòa, Tỉnh Vĩnh Long","Trạm 3G":"3G","Số giấy chứng nhận kiểm định":"A15675131224TG05","Có giá trị đến":"12/13/29 12:00:00 AM","layer_id":165,"fid":12153,"label":"Viễn thông Vĩnh Long"}},{"type":"Feature","geometry":{"type":"Point","coordinates":[106.11009,9.79081]},"properties":{"Tên doanh nghiệp":"Viễn thông Vĩnh Long","Tên trạm BTS":"DINH-QUOI-A_TVH","Địa chỉ lắp đặt":"Ấp Định Quới A, Xã Tân Hòa, Tỉnh Vĩnh Long","Trạm 3G":"3G","Số giấy chứng nhận kiểm định":null,"Có giá trị đến":"14/11/2029","layer_id":165,"fid":12154,"label":"Viễn thông Vĩnh Long"}},{"type":"Feature","geometry":{"type":"Point","coordinates":[106.18935,9.81254]},"properties":{"Tên doanh nghiệp":"Viễn thông Vĩnh Long","Tên trạm BTS":"TIEU-CAN_TVH","Địa chỉ lắp đặt":"BC TIỂU CẦN, Xã Tiểu Cần, Tỉnh Vĩnh Long","Trạm 3G":"3G","Số giấy chứng nhận kiểm định":"A16228311025TG05","Có giá trị đến":"10/31/30 12:00:00 AM","layer_id":165,"fid":12155,"label":"Viễn thông Vĩnh Long"}},{"type":"Feature","geometry":{"type":"Point","coordinates":[106.18231,9.78176]},"properties":{"Tên doanh nghiệp":"Viễn thông Vĩnh Long","Tên trạm BTS":"NHON-HOA_TVH","Địa chỉ lắp đặt":"Ấp Nhân Hòa, Xã Hùng Hòa, Tỉnh Vĩnh Long","Trạm 3G":"3G","Số giấy chứng nhận kiểm định":null,"Có giá trị đến":"14/11/2029","layer_id":165,"fid":12156,"label":"Viễn thông Vĩnh Long"}},{"type":"Feature","geometry":{"type":"Point","coordinates":[106.16051,9.78722]},"properties":{"Tên doanh nghiệp":"Viễn thông Vĩnh Long","Tên trạm BTS":"CAU-TRE_TVH","Địa chỉ lắp đặt":"Tầng trệt-Ấp Cầu Tre, Xã Tân Hòa, Tỉnh Vĩnh Long","Trạm 3G":"3G","Số giấy chứng nhận kiểm định":null,"Có giá trị đến":"14/11/2029","layer_id":165,"fid":12157,"label":"Viễn thông Vĩnh Long"}},{"type":"Feature","geometry":{"type":"Point","coordinates":[106.23379,9.75629]},"properties":{"Tên doanh nghiệp":"Viễn thông Vĩnh Long","Tên trạm BTS":"O-RUM_TVH","Địa chỉ lắp đặt":"QL 54 , Xã Hùng Hòa, Tỉnh Vĩnh Long","Trạm 3G":"3G","Số giấy chứng nhận kiểm định":null,"Có giá trị đến":"14/11/2029","layer_id":165,"fid":12158,"label":"Viễn thông Vĩnh Long"}},{"type":"Feature","geometry":{"type":"Point","coordinates":[106.13181,9.76944]},"properties":{"Tên doanh nghiệp":"Viễn thông Vĩnh Long","Tên trạm BTS":"CAU-QUAN_TVH","Địa chỉ lắp đặt":"Bưu cục Cầu Quan, Xã Tân Hòa, Tỉnh Vĩnh Long","Trạm 3G":"3G","Số giấy chứng nhận kiểm định":"A15676131224TG05","Có giá trị đến":"12/13/29 12:00:00 AM","layer_id":165,"fid":12159,"label":"Viễn thông Vĩnh Long"}},{"type":"Feature","geometry":{"type":"Point","coordinates":[106.19993,9.80343]},"properties":{"Tên doanh nghiệp":"Viễn thông Vĩnh Long","Tên trạm BTS":"TVH2024-332","Địa chỉ lắp đặt":"Tiểu Cần tỉnh Vĩnh Long","Trạm 3G":"3G","Số giấy chứng nhận kiểm định":null,"Có giá trị đến":"3/16/31 12:00:00 AM","layer_id":165,"fid":12160,"label":"Viễn thông Vĩnh Long"}},{"type":"Feature","geometry":{"type":"Point","coordinates":[106.3408,9.9553]},"properties":{"Tên doanh nghiệp":"Viễn thông Vĩnh Long","Tên trạm BTS":"V.T-PHUONG-1_TVH","Địa chỉ lắp đặt":"Phạm Ngũ Lão, Phường Trà Vinh, Tỉnh Vĩnh Long","Trạm 3G":"3G","Số giấy chứng nhận kiểm định":"Đang hoàn thiện hồ sơ đo kiểm, Tự công bố sự phù hợp","Có giá trị đến":null,"layer_id":165,"fid":12161,"label":"Viễn thông Vĩnh Long"}},{"type":"Feature","geometry":{"type":"Point","coordinates":[106.35132,9.95831]},"properties":{"Tên doanh nghiệp":"Viễn thông Vĩnh Long","Tên trạm BTS":"VINH-TRUONG_TVH","Địa chỉ lắp đặt":"Ấp Vĩnh Trường, Phường Hòa Thuận, Tỉnh Vĩnh Long","Trạm 3G":"3G","Số giấy chứng nhận kiểm định":"A10368310723TG05","Có giá trị đến":"7/31/28 12:00:00 AM","layer_id":165,"fid":12162,"label":"Viễn thông Vĩnh Long"}},{"type":"Feature","geometry":{"type":"Point","coordinates":[106.33733,9.94663]},"properties":{"Tên doanh nghiệp":"Viễn thông Vĩnh Long","Tên trạm BTS":"TAP-THE-CUC-THUE_TVH","Địa chỉ lắp đặt":"Phường Trà Vinh, Tỉnh Vĩnh Long","Trạm 3G":"3G","Số giấy chứng nhận kiểm định":"Đang hoàn thiện hồ sơ đo kiểm, Tự công bố sự phù hợp","Có giá trị đến":null,"layer_id":165,"fid":12163,"label":"Viễn thông Vĩnh Long"}},{"type":"Feature","geometry":{"type":"Point","coordinates":[106.24305,9.88587]},"properties":{"Tên doanh nghiệp":"Viễn thông Vĩnh Long","Tên trạm BTS":"TRUONG-QS-TINH_TVH","Địa chỉ lắp đặt":"Ấp Lò Ngò, Xã Song Lộc, Tỉnh Vĩnh Long","Trạm 3G":"3G","Số giấy chứng nhận kiểm định":null,"Có giá trị đến":"14/11/2029","layer_id":165,"fid":12164,"label":"Viễn thông Vĩnh Long"}},{"type":"Feature","geometry":{"type":"Point","coordinates":[106.25082,9.85733]},"properties":{"Tên doanh nghiệp":"Viễn thông Vĩnh Long","Tên trạm BTS":"LANG-KHOET_TVH","Địa chỉ lắp đặt":"Ấp Láng Khoét, Xã Song Lộc, Tỉnh Vĩnh Long","Trạm 3G":"3G","Số giấy chứng nhận kiểm định":null,"Có giá trị đến":"17/03/2028","layer_id":165,"fid":12165,"label":"Viễn thông Vĩnh Long"}},{"type":"Feature","geometry":{"type":"Point","coordinates":[106.3468,9.98171]},"properties":{"Tên doanh nghiệp":"Viễn thông Vĩnh Long","Tên trạm BTS":"VINH-HUNG_TVH","Địa chỉ lắp đặt":"Trệt, ấp Vĩnh Hưng,Phường Long Đức, Tỉnh Vĩnh Long","Trạm 3G":"3G","Số giấy chứng nhận kiểm định":"A08342290321TG05","Có giá trị đến":"3/29/26 12:00:00 AM","layer_id":165,"fid":12166,"label":"Viễn thông Vĩnh Long"}},{"type":"Feature","geometry":{"type":"Point","coordinates":[106.33717,9.94009]},"properties":{"Tên doanh nghiệp":"Viễn thông Vĩnh Long","Tên trạm BTS":"SAN-VAN-DONG-2_TVH","Địa chỉ lắp đặt":"Phường Trà Vinh, Tỉnh Vĩnh Long","Trạm 3G":"3G","Số giấy chứng nhận kiểm định":"A16234311025TG05","Có giá trị đến":"10/31/30 12:00:00 AM","layer_id":165,"fid":12167,"label":"Viễn thông Vĩnh Long"}},{"type":"Feature","geometry":{"type":"Point","coordinates":[106.2806,9.8457]},"properties":{"Tên doanh nghiệp":"Viễn thông Vĩnh Long","Tên trạm BTS":"O-BAP_TVH","Địa chỉ lắp đặt":"ấp Ô Bắp, Xã Song Lộc, Tỉnh Vĩnh Long","Trạm 3G":"3G","Số giấy chứng nhận kiểm định":"Đang hoàn thiện hồ sơ đo kiểm, Tự công bố sự phù hợp","Có giá trị đến":null,"layer_id":165,"fid":12168,"label":"Viễn thông Vĩnh Long"}},{"type":"Feature","geometry":{"type":"Point","coordinates":[106.32391,9.91073]},"properties":{"Tên doanh nghiệp":"Viễn thông Vĩnh Long","Tên trạm BTS":"CHUA-TRAM-CA_TVH","Địa chỉ lắp đặt":"Khóm 1, Phường Nguyệt Hóa, Tỉnh Vĩnh Long","Trạm 3G":"3G","Số giấy chứng nhận kiểm định":null,"Có giá trị đến":"30/09/2029","layer_id":165,"fid":12169,"label":"Viễn thông Vĩnh Long"}},{"type":"Feature","geometry":{"type":"Point","coordinates":[106.33904,9.93019]},"properties":{"Tên doanh nghiệp":"Viễn thông Vĩnh Long","Tên trạm BTS":"TIEU-HOC-PHUONG-6_TVH","Địa chỉ lắp đặt":"Trệt, đường Phan Đình Phùng, Phường Trà Vinh, Tỉnh Vĩnh Long","Trạm 3G":"3G","Số giấy chứng nhận kiểm định":"A13802030326TG05","Có giá trị đến":"3/3/31 12:00:00 AM","layer_id":165,"fid":12170,"label":"Viễn thông Vĩnh Long"}},{"type":"Feature","geometry":{"type":"Point","coordinates":[106.32933,9.94476]},"properties":{"Tên doanh nghiệp":"Viễn thông Vĩnh Long","Tên trạm BTS":"DAN-TOC-NOI-TRU_TVH","Địa chỉ lắp đặt":"Ấp Phú Hòa, Phường Long Đức, Tỉnh Vĩnh Long","Trạm 3G":"3G","Số giấy chứng nhận kiểm định":"A03386060323TG05","Có giá trị đến":"06/03/2028","layer_id":165,"fid":12171,"label":"Viễn thông Vĩnh Long"}},{"type":"Feature","geometry":{"type":"Point","coordinates":[106.34646,9.93486]},"properties":{"Tên doanh nghiệp":"Viễn thông Vĩnh Long","Tên trạm BTS":"KHO-DAU-2_TVH","Địa chỉ lắp đặt":"Khóm 3, Phường Hòa Thuận, Tỉnh Vĩnh Long","Trạm 3G":"3G","Số giấy chứng nhận kiểm định":"A12121220725TG05","Có giá trị đến":"7/22/30 12:00:00 AM","layer_id":165,"fid":12172,"label":"Viễn thông Vĩnh Long"}},{"type":"Feature","geometry":{"type":"Point","coordinates":[106.31114,9.91791]},"properties":{"Tên doanh nghiệp":"Viễn thông Vĩnh Long","Tên trạm BTS":"PHUONG-8_TVH","Địa chỉ lắp đặt":"Đường Võ Nguyên Giáp. Khóm 1, Phường Nguyệt Hóa, Tỉnh Vĩnh Long","Trạm 3G":"3G","Số giấy chứng nhận kiểm định":"A05342080425TG05","Có giá trị đến":"4/8/30 12:00:00 AM","layer_id":165,"fid":12173,"label":"Viễn thông Vĩnh Long"}},{"type":"Feature","geometry":{"type":"Point","coordinates":[106.31877,9.88332]},"properties":{"Tên doanh nghiệp":"Viễn thông Vĩnh Long","Tên trạm BTS":"HOA-LAC-A_TVH","Địa chỉ lắp đặt":"Ấp Hòa Lạc A, Xã Song Lộch, Tỉnh Vĩnh Long","Trạm 3G":"3G","Số giấy chứng nhận kiểm định":null,"Có giá trị đến":"17/03/2028","layer_id":165,"fid":12174,"label":"Viễn thông Vĩnh Long"}},{"type":"Feature","geometry":{"type":"Point","coordinates":[106.29595,9.927958]},"properties":{"Tên doanh nghiệp":"Viễn thông Vĩnh Long","Tên trạm BTS":"BEN-CO_TVH","Địa chỉ lắp đặt":"Trệt, Ấp Bến Có, Phường Nguyệt Hóa, Tỉnh Vĩnh Long","Trạm 3G":"3G","Số giấy chứng nhận kiểm định":null,"Có giá trị đến":"14/11/2029","layer_id":165,"fid":12175,"label":"Viễn thông Vĩnh Long"}},{"type":"Feature","geometry":{"type":"Point","coordinates":[106.28679,9.93314]},"properties":{"Tên doanh nghiệp":"Viễn thông Vĩnh Long","Tên trạm BTS":"BV-Y-DUOC-CO-TRUYEN_TVH","Địa chỉ lắp đặt":"Ấp Bến Có, Phường Nguyệt Hóa, Tỉnh Vĩnh Long","Trạm 3G":"3G","Số giấy chứng nhận kiểm định":null,"Có giá trị đến":"30/09/2029","layer_id":165,"fid":12176,"label":"Viễn thông Vĩnh Long"}},{"type":"Feature","geometry":{"type":"Point","coordinates":[106.335065,9.992324]},"properties":{"Tên doanh nghiệp":"Viễn thông Vĩnh Long","Tên trạm BTS":"NGA-3-LONG-DAI_TVH","Địa chỉ lắp đặt":"Ấp Vĩnh Hội, Phường Long Đức, Tỉnh Vĩnh Long","Trạm 3G":"3G","Số giấy chứng nhận kiểm định":"A34166301121TG05","Có giá trị đến":"30/11/2026","layer_id":165,"fid":12177,"label":"Viễn thông Vĩnh Long"}},{"type":"Feature","geometry":{"type":"Point","coordinates":[106.29313,9.90426]},"properties":{"Tên doanh nghiệp":"Viễn thông Vĩnh Long","Tên trạm BTS":"VLXD-DAI-THANH_TVH","Địa chỉ lắp đặt":"QL 60 Ấp Sam Bua,Xã Song Lộc, Tỉnh Vĩnh Long","Trạm 3G":"3G","Số giấy chứng nhận kiểm định":null,"Có giá trị đến":"14/11/2029","layer_id":165,"fid":12178,"label":"Viễn thông Vĩnh Long"}},{"type":"Feature","geometry":{"type":"Point","coordinates":[106.34575,9.97193]},"properties":{"Tên doanh nghiệp":"Viễn thông Vĩnh Long","Tên trạm BTS":"KHU-CONG-NGHIEP_TVH","Địa chỉ lắp đặt":"Cty xây lắp bưu điện-đường số 1-KCN Long Đức-Phường Long Đức-Tỉnh Vĩnh Long","Trạm 3G":"3G","Số giấy chứng nhận kiểm định":"A05339080425TG05","Có giá trị đến":"4/8/30 12:00:00 AM","layer_id":165,"fid":12179,"label":"Viễn thông Vĩnh Long"}},{"type":"Feature","geometry":{"type":"Point","coordinates":[106.33117,9.94155]},"properties":{"Tên doanh nghiệp":"Viễn thông Vĩnh Long","Tên trạm BTS":"SAN-VAN-DONG_TVH","Địa chỉ lắp đặt":"Hẽm Sân vận động, Đường Nguyễn Thị Minh khai Phường Trà Vinh, Tỉnh Vĩnh Long","Trạm 3G":"3G","Số giấy chứng nhận kiểm định":"A08339290321TG05","Có giá trị đến":"3/29/26 12:00:00 AM","layer_id":165,"fid":12180,"label":"Viễn thông Vĩnh Long"}},{"type":"Feature","geometry":{"type":"Point","coordinates":[106.30082,9.95215]},"properties":{"Tên doanh nghiệp":"Viễn thông Vĩnh Long","Tên trạm BTS":"TRA-DEC_TVH","Địa chỉ lắp đặt":"Ấp Trà Đét, Phường Nguyệt Hóa, Tỉnh Vĩnh Long","Trạm 3G":"3G","Số giấy chứng nhận kiểm định":null,"Có giá trị đến":"30/09/2029","layer_id":165,"fid":12181,"label":"Viễn thông Vĩnh Long"}},{"type":"Feature","geometry":{"type":"Point","coordinates":[106.26871,9.87861]},"properties":{"Tên doanh nghiệp":"Viễn thông Vĩnh Long","Tên trạm BTS":"NE-CO_TVH","Địa chỉ lắp đặt":"Ấp Nê Có, Xã Song Lộc, Tỉnh Vĩnh Long","Trạm 3G":"3G","Số giấy chứng nhận kiểm định":null,"Có giá trị đến":"17/03/2028","layer_id":165,"fid":12182,"label":"Viễn thông Vĩnh Long"}},{"type":"Feature","geometry":{"type":"Point","coordinates":[106.27451,9.91284]},"properties":{"Tên doanh nghiệp":"Viễn thông Vĩnh Long","Tên trạm BTS":"O-CHICH_TVH","Địa chỉ lắp đặt":"Ấp Ô Chích, Xã Song Lộc, Tỉnh Vĩnh Long","Trạm 3G":"3G","Số giấy chứng nhận kiểm định":null,"Có giá trị đến":"30/09/2029","layer_id":165,"fid":12183,"label":"Viễn thông Vĩnh Long"}},{"type":"Feature","geometry":{"type":"Point","coordinates":[106.33902,9.92332]},"properties":{"Tên doanh nghiệp":"Viễn thông Vĩnh Long","Tên trạm BTS":"BUU-DIEN-TINH-MOI_TVH","Địa chỉ lắp đặt":"577 Mậu Thân, Phường Trà Vinh, Tỉnh Vĩnh Long","Trạm 3G":"3G","Số giấy chứng nhận kiểm định":"A13803030326TG05","Có giá trị đến":"3/3/31 12:00:00 AM","layer_id":165,"fid":12184,"label":"Viễn thông Vĩnh Long"}},{"type":"Feature","geometry":{"type":"Point","coordinates":[106.34631,9.91951]},"properties":{"Tên doanh nghiệp":"Viễn thông Vĩnh Long","Tên trạm BTS":"ĐH TRA-VINH-CS-1_TVH","Địa chỉ lắp đặt":"Phường Hòa Thuận, Tỉnh Vĩnh Long","Trạm 3G":"3G","Số giấy chứng nhận kiểm định":null,"Có giá trị đến":"30/09/2029","layer_id":165,"fid":12185,"label":"Viễn thông Vĩnh Long"}},{"type":"Feature","geometry":{"type":"Point","coordinates":[106.3432,9.92688]},"properties":{"Tên doanh nghiệp":"Viễn thông Vĩnh Long","Tên trạm BTS":"PHUONG-5_TVH","Địa chỉ lắp đặt":"Khóm 8, Phường Hòa Thuận, Tỉnh Vĩnh Long","Trạm 3G":"3G","Số giấy chứng nhận kiểm định":"A08337290321TG05","Có giá trị đến":"3/29/26 12:00:00 AM","layer_id":165,"fid":12186,"label":"Viễn thông Vĩnh Long"}},{"type":"Feature","geometry":{"type":"Point","coordinates":[106.31888,9.92538]},"properties":{"Tên doanh nghiệp":"Viễn thông Vĩnh Long","Tên trạm BTS":"CHUA-CHIM_TVH","Địa chỉ lắp đặt":"Ấp Xóm Trắng,Phường Nguyệt Hóa, Tỉnh Vĩnh Long","Trạm 3G":"3G","Số giấy chứng nhận kiểm định":null,"Có giá trị đến":"17/03/2028","layer_id":165,"fid":12187,"label":"Viễn thông Vĩnh Long"}},{"type":"Feature","geometry":{"type":"Point","coordinates":[106.29824,9.9149]},"properties":{"Tên doanh nghiệp":"Viễn thông Vĩnh Long","Tên trạm BTS":"CHUA-PHAT-QUANG_TVH","Địa chỉ lắp đặt":"ấp Ba Se, Xã Song Lộc, Tỉnh Vĩnh Long","Trạm 3G":"3G","Số giấy chứng nhận kiểm định":null,"Có giá trị đến":"09/06/2030","layer_id":165,"fid":12188,"label":"Viễn thông Vĩnh Long"}},{"type":"Feature","geometry":{"type":"Point","coordinates":[106.34561,9.96391]},"properties":{"Tên doanh nghiệp":"Viễn thông Vĩnh Long","Tên trạm BTS":"TRA-VINH-3_TVH","Địa chỉ lắp đặt":"Ấp Vĩnh Yên, Phường Long Đức, Tỉnh Vĩnh Long","Trạm 3G":"3G","Số giấy chứng nhận kiểm định":"A05343080425TG05","Có giá trị đến":"4/8/30 12:00:00 AM","layer_id":165,"fid":12189,"label":"Viễn thông Vĩnh Long"}},{"type":"Feature","geometry":{"type":"Point","coordinates":[106.325,9.9552]},"properties":{"Tên doanh nghiệp":"Viễn thông Vĩnh Long","Tên trạm BTS":"PHU-HOA_TVH","Địa chỉ lắp đặt":"Ấp Phú Hòa, Phường Long Đức, Tỉnh Vĩnh Long","Trạm 3G":"3G","Số giấy chứng nhận kiểm định":"A05344080425TG05","Có giá trị đến":"4/8/30 12:00:00 AM","layer_id":165,"fid":12190,"label":"Viễn thông Vĩnh Long"}},{"type":"Feature","geometry":{"type":"Point","coordinates":[106.30818,9.89417]},"properties":{"Tên doanh nghiệp":"Viễn thông Vĩnh Long","Tên trạm BTS":"VLXD-TU-HIEN_TVH","Địa chỉ lắp đặt":"ấp Hòa Lạc A,Xã Song Lộc, Tỉnh Vĩnh Long","Trạm 3G":"3G","Số giấy chứng nhận kiểm định":null,"Có giá trị đến":"17/03/2028","layer_id":165,"fid":12191,"label":"Viễn thông Vĩnh Long"}},{"type":"Feature","geometry":{"type":"Point","coordinates":[106.35104,9.97526]},"properties":{"Tên doanh nghiệp":"Viễn thông Vĩnh Long","Tên trạm BTS":"CAU-LONG-BINH-3_TVH","Địa chỉ lắp đặt":"Ấp Vĩnh Hưng, Phường Long Đức, Tỉnh Vĩnh Long","Trạm 3G":"3G","Số giấy chứng nhận kiểm định":null,"Có giá trị đến":"3/16/31 12:00:00 AM","layer_id":165,"fid":12192,"label":"Viễn thông Vĩnh Long"}},{"type":"Feature","geometry":{"type":"Point","coordinates":[106.33331,9.93427]},"properties":{"Tên doanh nghiệp":"Viễn thông Vĩnh Long","Tên trạm BTS":"KS-CUU-LONG-2_TVH","Địa chỉ lắp đặt":"381A Nguyễn Thị Minh Khai, Phường Nguyệt Hóa, Tỉnh Vĩnh Long","Trạm 3G":"3G","Số giấy chứng nhận kiểm định":"A13795030326TG05","Có giá trị đến":"3/3/31 12:00:00 AM","layer_id":165,"fid":12193,"label":"Viễn thông Vĩnh Long"}},{"type":"Feature","geometry":{"type":"Point","coordinates":[106.33192,9.92782]},"properties":{"Tên doanh nghiệp":"Viễn thông Vĩnh Long","Tên trạm BTS":"SAN-BAY-TRA-VINH_TVH","Địa chỉ lắp đặt":"Tầng trệt, 126B Nguyễn Thị Minh Khai, khóm 6, Phường Nguyệt Hóa, Tỉnh Vĩnh Long","Trạm 3G":"3G","Số giấy chứng nhận kiểm định":"A08343290321TG05","Có giá trị đến":"3/29/26 12:00:00 AM","layer_id":165,"fid":12194,"label":"Viễn thông Vĩnh Long"}},{"type":"Feature","geometry":{"type":"Point","coordinates":[106.336996,9.973006]},"properties":{"Tên doanh nghiệp":"Viễn thông Vĩnh Long","Tên trạm BTS":"THANH-DOI-LONG-DUC_TVH","Địa chỉ lắp đặt":"267 đường 30/04, ấp Sa Bình, Phường Long Đức, Tỉnh Vĩnh Long","Trạm 3G":"3G","Số giấy chứng nhận kiểm định":null,"Có giá trị đến":"09/06/2030","layer_id":165,"fid":12195,"label":"Viễn thông Vĩnh Long"}},{"type":"Feature","geometry":{"type":"Point","coordinates":[106.25557,9.91844]},"properties":{"Tên doanh nghiệp":"Viễn thông Vĩnh Long","Tên trạm BTS":"THIEN-CHANH_TVH","Địa chỉ lắp đặt":"Ấp Thiện chánh, Xã Bình Phú, Tỉnh Vĩnh Long","Trạm 3G":"3G","Số giấy chứng nhận kiểm định":null,"Có giá trị đến":"14/11/2029","layer_id":165,"fid":12196,"label":"Viễn thông Vĩnh Long"}},{"type":"Feature","geometry":{"type":"Point","coordinates":[106.34174,9.93756]},"properties":{"Tên doanh nghiệp":"Viễn thông Vĩnh Long","Tên trạm BTS":"TRA-VINH_TVH","Địa chỉ lắp đặt":"70 Hùng Vương, Phường Long Đức, Tỉnh Vĩnh Long","Trạm 3G":"3G","Số giấy chứng nhận kiểm định":"A12106220725TG05","Có giá trị đến":"7/22/30 12:00:00 AM","layer_id":165,"fid":12197,"label":"Viễn thông Vĩnh Long"}},{"type":"Feature","geometry":{"type":"Point","coordinates":[106.31715,9.91526]},"properties":{"Tên doanh nghiệp":"Viễn thông Vĩnh Long","Tên trạm BTS":"SAN-BAY-TRÀ-VINH-2_TVH","Địa chỉ lắp đặt":"Khóm 6, Phường Nguyệt Hóa, Tỉnh Vĩnh Long","Trạm 3G":"3G","Số giấy chứng nhận kiểm định":null,"Có giá trị đến":"30/09/2029","layer_id":165,"fid":12198,"label":"Viễn thông Vĩnh Long"}},{"type":"Feature","geometry":{"type":"Point","coordinates":[106.29911,9.88166]},"properties":{"Tên doanh nghiệp":"Viễn thông Vĩnh Long","Tên trạm BTS":"NHA-THO-HOA-LAC_TVH","Địa chỉ lắp đặt":"tầng trệt, ấp Hòa Lạc B, Xã Song Lộc, Tỉnh Vĩnh Long","Trạm 3G":"3G","Số giấy chứng nhận kiểm định":null,"Có giá trị đến":"14/11/2029","layer_id":165,"fid":12199,"label":"Viễn thông Vĩnh Long"}},{"type":"Feature","geometry":{"type":"Point","coordinates":[106.32944,9.91576]},"properties":{"Tên doanh nghiệp":"Viễn thông Vĩnh Long","Tên trạm BTS":"CAY-DAU-DU_TVH","Địa chỉ lắp đặt":"Tầng trệt, đường Sơn Thông, Phường Trà Vinh, Tỉnh Vĩnh Long","Trạm 3G":"3G","Số giấy chứng nhận kiểm định":null,"Có giá trị đến":"14/11/2029","layer_id":165,"fid":12200,"label":"Viễn thông Vĩnh Long"}},{"type":"Feature","geometry":{"type":"Point","coordinates":[106.31929,9.90251]},"properties":{"Tên doanh nghiệp":"Viễn thông Vĩnh Long","Tên trạm BTS":"LUONG-HOA_TVH","Địa chỉ lắp đặt":"Đài VT Lương Hòa, Xã Song Lộc, Tỉnh Vĩnh Long","Trạm 3G":"3G","Số giấy chứng nhận kiểm định":"A13805030326TG05","Có giá trị đến":"3/3/31 12:00:00 AM","layer_id":165,"fid":12201,"label":"Viễn thông Vĩnh Long"}},{"type":"Feature","geometry":{"type":"Point","coordinates":[106.34046,9.91078]},"properties":{"Tên doanh nghiệp":"Viễn thông Vĩnh Long","Tên trạm BTS":"CONG-TRINH-GIAO-THONG_TVH","Địa chỉ lắp đặt":"Trệt, Phường Trà Vinh, Tỉnh Vĩnh Long","Trạm 3G":"3G","Số giấy chứng nhận kiểm định":null,"Có giá trị đến":"30/09/2029","layer_id":165,"fid":12202,"label":"Viễn thông Vĩnh Long"}},{"type":"Feature","geometry":{"type":"Point","coordinates":[106.23899,9.96011]},"properties":{"Tên doanh nghiệp":"Viễn thông Vĩnh Long","Tên trạm BTS":"BINH-PHU_TVH","Địa chỉ lắp đặt":"Trạm Viễn thông Bình Phú, Xã Bình Phú, Tỉnh Vĩnh Long","Trạm 3G":"3G","Số giấy chứng nhận kiểm định":"A13807030326TG05","Có giá trị đến":"3/3/31 12:00:00 AM","layer_id":165,"fid":12203,"label":"Viễn thông Vĩnh Long"}},{"type":"Feature","geometry":{"type":"Point","coordinates":[106.33081,9.92235]},"properties":{"Tên doanh nghiệp":"Viễn thông Vĩnh Long","Tên trạm BTS":"UY-BAN-PHUONG-7_TVH","Địa chỉ lắp đặt":"Khóm 1, Phường Nguyệt Hóa, Tỉnh Vĩnh Long","Trạm 3G":"3G","Số giấy chứng nhận kiểm định":null,"Có giá trị đến":"17/03/2028","layer_id":165,"fid":12204,"label":"Viễn thông Vĩnh Long"}},{"type":"Feature","geometry":{"type":"Point","coordinates":[106.29384,9.96807]},"properties":{"Tên doanh nghiệp":"Viễn thông Vĩnh Long","Tên trạm BTS":"TAN-PHUC_TVH","Địa chỉ lắp đặt":"Xã Bình Phú, Tỉnh Vĩnh Long","Trạm 3G":"3G","Số giấy chứng nhận kiểm định":null,"Có giá trị đến":"14/11/2029","layer_id":165,"fid":12205,"label":"Viễn thông Vĩnh Long"}},{"type":"Feature","geometry":{"type":"Point","coordinates":[106.35912,9.97002]},"properties":{"Tên doanh nghiệp":"Viễn thông Vĩnh Long","Tên trạm BTS":"VINH-BAO_TVH","Địa chỉ lắp đặt":"Ấp Vĩnh Bảo, Phường Hòa Thuận, Tỉnh Vĩnh Long","Trạm 3G":"3G","Số giấy chứng nhận kiểm định":"A34164301121TG05","Có giá trị đến":"30/11/2026","layer_id":165,"fid":12206,"label":"Viễn thông Vĩnh Long"}},{"type":"Feature","geometry":{"type":"Point","coordinates":[106.35404,9.92315]},"properties":{"Tên doanh nghiệp":"Viễn thông Vĩnh Long","Tên trạm BTS":"DAI-HOC-TRA-VINH_TVH","Địa chỉ lắp đặt":"Đường tránh, QL 53, Phường Hòa Thuận, Tỉnh Vĩnh Long","Trạm 3G":"3G","Số giấy chứng nhận kiểm định":"A13796030326TG05","Có giá trị đến":"3/3/31 12:00:00 AM","layer_id":165,"fid":12207,"label":"Viễn thông Vĩnh Long"}},{"type":"Feature","geometry":{"type":"Point","coordinates":[106.34398,9.89628]},"properties":{"Tên doanh nghiệp":"Viễn thông Vĩnh Long","Tên trạm BTS":"CTY-DUOC_TVH","Địa chỉ lắp đặt":"Tầng trệt, Q Lộ 54, Phường Trà Vinh, Tỉnh Vĩnh Long","Trạm 3G":"3G","Số giấy chứng nhận kiểm định":null,"Có giá trị đến":"14/11/2029","layer_id":165,"fid":12208,"label":"Viễn thông Vĩnh Long"}},{"type":"Feature","geometry":{"type":"Point","coordinates":[106.34845,9.94466]},"properties":{"Tên doanh nghiệp":"Viễn thông Vĩnh Long","Tên trạm BTS":"LO-HOT_TVH","Địa chỉ lắp đặt":"Tầng trệt, Đường Lò Hột, khóm 1, Phường Hòa Thuận, Tỉnh Vĩnh Long","Trạm 3G":"3G","Số giấy chứng nhận kiểm định":"A05345080425TG05","Có giá trị đến":"4/8/30 12:00:00 AM","layer_id":165,"fid":12209,"label":"Viễn thông Vĩnh Long"}},{"type":"Feature","geometry":{"type":"Point","coordinates":[106.30721,9.90527]},"properties":{"Tên doanh nghiệp":"Viễn thông Vĩnh Long","Tên trạm BTS":"CHO-LUONG-HOA_TVH","Địa chỉ lắp đặt":"Ấp Sam Bua, Xã Song Lộc, Tỉnh Vĩnh Long","Trạm 3G":"3G","Số giấy chứng nhận kiểm định":null,"Có giá trị đến":"30/09/2029","layer_id":165,"fid":12210,"label":"Viễn thông Vĩnh Long"}},{"type":"Feature","geometry":{"type":"Point","coordinates":[106.33969,9.95392]},"properties":{"Tên doanh nghiệp":"Viễn thông Vĩnh Long","Tên trạm BTS":"TRA-VINH-2_TVH","Địa chỉ lắp đặt":"Nhà dân, Ấp Sa Bình Phường Long Đức, Tỉnh Vĩnh Long","Trạm 3G":"3G","Số giấy chứng nhận kiểm định":"A12113220725TG05","Có giá trị đến":"7/22/30 12:00:00 AM","layer_id":165,"fid":12211,"label":"Viễn thông Vĩnh Long"}},{"type":"Feature","geometry":{"type":"Point","coordinates":[106.355538,9.935037]},"properties":{"Tên doanh nghiệp":"Viễn thông Vĩnh Long","Tên trạm BTS":"BICH-TRI_TVH","Địa chỉ lắp đặt":"Ấp Bích Trì, Phường Hòa Thuận, Tỉnh Vĩnh Long","Trạm 3G":"3G","Số giấy chứng nhận kiểm định":null,"Có giá trị đến":"30/09/2029","layer_id":165,"fid":12212,"label":"Viễn thông Vĩnh Long"}},{"type":"Feature","geometry":{"type":"Point","coordinates":[106.33245,9.98131]},"properties":{"Tên doanh nghiệp":"Viễn thông Vĩnh Long","Tên trạm BTS":"DEN-THO-BAC_TVH","Địa chỉ lắp đặt":"Tầng trệt, ấp Vĩnh Hội, Phường Long Đức, Tỉnh Vĩnh Long","Trạm 3G":"3G","Số giấy chứng nhận kiểm định":null,"Có giá trị đến":"14/11/2029","layer_id":165,"fid":12213,"label":"Viễn thông Vĩnh Long"}},{"type":"Feature","geometry":{"type":"Point","coordinates":[106.26646,9.89626]},"properties":{"Tên doanh nghiệp":"Viễn thông Vĩnh Long","Tên trạm BTS":"SONG-LOC_TVH","Địa chỉ lắp đặt":"Dai Vien Thong Song Loc, Xã Song Lộc, Tỉnh Vĩnh Long","Trạm 3G":"3G","Số giấy chứng nhận kiểm định":"A09074130723TG05","Có giá trị đến":"7/13/28 12:00:00 AM","layer_id":165,"fid":12214,"label":"Viễn thông Vĩnh Long"}},{"type":"Feature","geometry":{"type":"Point","coordinates":[106.26788,9.97829]},"properties":{"Tên doanh nghiệp":"Viễn thông Vĩnh Long","Tên trạm BTS":"PHU-HUNG_TVH","Địa chỉ lắp đặt":"Trệt, Ấp Hưng II, Xã Bình Phú, Tỉnh Vĩnh Long","Trạm 3G":"3G","Số giấy chứng nhận kiểm định":null,"Có giá trị đến":"14/11/2029","layer_id":165,"fid":12215,"label":"Viễn thông Vĩnh Long"}},{"type":"Feature","geometry":{"type":"Point","coordinates":[106.30851,9.93208]},"properties":{"Tên doanh nghiệp":"Viễn thông Vĩnh Long","Tên trạm BTS":"NGUYET-HOA_TVH","Địa chỉ lắp đặt":"BĐVH Xã Nguyệt Hoá, Ấp cổ Tháp B, Phường Nguyệt Hóa, Tỉnh Vĩnh Long","Trạm 3G":"3G","Số giấy chứng nhận kiểm định":"A13798030326TG05","Có giá trị đến":"3/3/31 12:00:00 AM","layer_id":165,"fid":12216,"label":"Viễn thông Vĩnh Long"}},{"type":"Feature","geometry":{"type":"Point","coordinates":[106.34273,9.94311]},"properties":{"Tên doanh nghiệp":"Viễn thông Vĩnh Long","Tên trạm BTS":"CHUA-LUONG-XUYEN_TVH","Địa chỉ lắp đặt":"Phường Trà Vinh, Tỉnh Vĩnh Long","Trạm 3G":"3G","Số giấy chứng nhận kiểm định":"A16235311025TG05","Có giá trị đến":"10/31/30 12:00:00 AM","layer_id":165,"fid":12217,"label":"Viễn thông Vĩnh Long"}},{"type":"Feature","geometry":{"type":"Point","coordinates":[106.36103,9.93924]},"properties":{"Tên doanh nghiệp":"Viễn thông Vĩnh Long","Tên trạm BTS":"HOA-THUAN_TVH","Địa chỉ lắp đặt":"BĐVH Phường Hòa Thuận, Tỉnh Vĩnh Long","Trạm 3G":"3G","Số giấy chứng nhận kiểm định":"A08313290321TG05","Có giá trị đến":"3/29/26 12:00:00 AM","layer_id":165,"fid":12218,"label":"Viễn thông Vĩnh Long"}},{"type":"Feature","geometry":{"type":"Point","coordinates":[106.37683,9.95265]},"properties":{"Tên doanh nghiệp":"Viễn thông Vĩnh Long","Tên trạm BTS":"VINH-LOI_TVH","Địa chỉ lắp đặt":"tầng trệt, ấp Vĩnh Lợi, Phường Hòa Thuận, Tỉnh Vĩnh Long","Trạm 3G":"3G","Số giấy chứng nhận kiểm định":null,"Có giá trị đến":"14/11/2029","layer_id":165,"fid":12219,"label":"Viễn thông Vĩnh Long"}},{"type":"Feature","geometry":{"type":"Point","coordinates":[106.32578,10.00152]},"properties":{"Tên doanh nghiệp":"Viễn thông Vĩnh Long","Tên trạm BTS":"RACH-BEO_TVH","Địa chỉ lắp đặt":"Ấp Long Đại, Phường Long Đức, Tỉnh Vĩnh Long","Trạm 3G":"3G","Số giấy chứng nhận kiểm định":null,"Có giá trị đến":"14/11/2029","layer_id":165,"fid":12220,"label":"Viễn thông Vĩnh Long"}},{"type":"Feature","geometry":{"type":"Point","coordinates":[106.27927,9.93887]},"properties":{"Tên doanh nghiệp":"Viễn thông Vĩnh Long","Tên trạm BTS":"PHUONG-THANH_TVH","Địa chỉ lắp đặt":"Ấp Chợ, Xã Bình Phú, Tỉnh Vĩnh Long","Trạm 3G":"3G","Số giấy chứng nhận kiểm định":null,"Có giá trị đến":"14/11/2029","layer_id":165,"fid":12221,"label":"Viễn thông Vĩnh Long"}},{"type":"Feature","geometry":{"type":"Point","coordinates":[106.28101,9.85921]},"properties":{"Tên doanh nghiệp":"Viễn thông Vĩnh Long","Tên trạm BTS":"LUONG-HOA-A_TVH","Địa chỉ lắp đặt":"Tầng 1, Ấp Hoà Lạc,Xã Song Lộc, Tỉnh Vĩnh Long","Trạm 3G":"3G","Số giấy chứng nhận kiểm định":null,"Có giá trị đến":"14/11/2029","layer_id":165,"fid":12222,"label":"Viễn thông Vĩnh Long"}},{"type":"Feature","geometry":{"type":"Point","coordinates":[106.242449,9.97709]},"properties":{"Tên doanh nghiệp":"Viễn thông Vĩnh Long","Tên trạm BTS":"PHU-DUC_TVH","Địa chỉ lắp đặt":"Ấp Phú Đức, Xã Bình Phú, Tỉnh Vĩnh Long","Trạm 3G":"3G","Số giấy chứng nhận kiểm định":null,"Có giá trị đến":"14/11/2029","layer_id":165,"fid":12223,"label":"Viễn thông Vĩnh Long"}},{"type":"Feature","geometry":{"type":"Point","coordinates":[106.35794,9.95539]},"properties":{"Tên doanh nghiệp":"Viễn thông Vĩnh Long","Tên trạm BTS":"XUAN-THANH_TVH","Địa chỉ lắp đặt":"ấp Xuân Thanh, Phường Hòa Thuận, Tỉnh Vĩnh Long","Trạm 3G":"3G","Số giấy chứng nhận kiểm định":"A05340080425TG05","Có giá trị đến":"4/8/30 12:00:00 AM","layer_id":165,"fid":12224,"label":"Viễn thông Vĩnh Long"}},{"type":"Feature","geometry":{"type":"Point","coordinates":[106.2392,9.94652]},"properties":{"Tên doanh nghiệp":"Viễn thông Vĩnh Long","Tên trạm BTS":"TVH2024-276","Địa chỉ lắp đặt":"Bình Phú tỉnh Vĩnh Long","Trạm 3G":"3G","Số giấy chứng nhận kiểm định":null,"Có giá trị đến":"3/16/31 12:00:00 AM","layer_id":165,"fid":12225,"label":"Viễn thông Vĩnh Long"}},{"type":"Feature","geometry":{"type":"Point","coordinates":[106.3228,9.98373]},"properties":{"Tên doanh nghiệp":"Viễn thông Vĩnh Long","Tên trạm BTS":"TVH2024-214","Địa chỉ lắp đặt":"Long Đức tỉnh Vĩnh Long","Trạm 3G":"3G","Số giấy chứng nhận kiểm định":null,"Có giá trị đến":"3/16/31 12:00:00 AM","layer_id":165,"fid":12226,"label":"Viễn thông Vĩnh Long"}},{"type":"Feature","geometry":{"type":"Point","coordinates":[106.2545,9.8914]},"properties":{"Tên doanh nghiệp":"Viễn thông Vĩnh Long","Tên trạm BTS":"TVH2023-017","Địa chỉ lắp đặt":"Song Lộc tỉnh Vĩnh Long","Trạm 3G":"3G","Số giấy chứng nhận kiểm định":"Đang hoàn thiện hồ sơ đo kiểm, Tự công bố sự phù hợp","Có giá trị đến":null,"layer_id":165,"fid":12227,"label":"Viễn thông Vĩnh Long"}},{"type":"Feature","geometry":{"type":"Point","coordinates":[106.26425,9.95154]},"properties":{"Tên doanh nghiệp":"Viễn thông Vĩnh Long","Tên trạm BTS":"CAU-PHU-HOA_TVH","Địa chỉ lắp đặt":"Ấp Phú Hòa, Xã Bình Phú, Tỉnh Vĩnh Long","Trạm 3G":"3G","Số giấy chứng nhận kiểm định":null,"Có giá trị đến":"14/11/2029","layer_id":165,"fid":12228,"label":"Viễn thông Vĩnh Long"}},{"type":"Feature","geometry":{"type":"Point","coordinates":[106.36342,9.97861]},"properties":{"Tên doanh nghiệp":"Viễn thông Vĩnh Long","Tên trạm BTS":"TVH2023-210","Địa chỉ lắp đặt":"Long Đức tỉnh Vĩnh Long","Trạm 3G":"3G","Số giấy chứng nhận kiểm định":"Đang hoàn thiện hồ sơ đo kiểm, Tự công bố sự phù hợp","Có giá trị đến":null,"layer_id":165,"fid":12229,"label":"Viễn thông Vĩnh Long"}},{"type":"Feature","geometry":{"type":"Point","coordinates":[106.31877,9.992]},"properties":{"Tên doanh nghiệp":"Viễn thông Vĩnh Long","Tên trạm BTS":"TVH2024-215","Địa chỉ lắp đặt":"Long Đức tỉnh Vĩnh Long","Trạm 3G":"3G","Số giấy chứng nhận kiểm định":null,"Có giá trị đến":"3/16/31 12:00:00 AM","layer_id":165,"fid":12230,"label":"Viễn thông Vĩnh Long"}},{"type":"Feature","geometry":{"type":"Point","coordinates":[106.31391,10.004435]},"properties":{"Tên doanh nghiệp":"Viễn thông Vĩnh Long","Tên trạm BTS":"TVH2024-216","Địa chỉ lắp đặt":"Long Đức tỉnh Vĩnh Long","Trạm 3G":"3G","Số giấy chứng nhận kiểm định":null,"Có giá trị đến":"3/16/31 12:00:00 AM","layer_id":165,"fid":12231,"label":"Viễn thông Vĩnh Long"}},{"type":"Feature","geometry":{"type":"Point","coordinates":[106.315576,9.907487]},"properties":{"Tên doanh nghiệp":"Viễn thông Vĩnh Long","Tên trạm BTS":"TVH2024-340","Địa chỉ lắp đặt":"Nguyệt Hóa tỉnh Vĩnh Long","Trạm 3G":"3G","Số giấy chứng nhận kiểm định":"Đang hoàn thiện hồ sơ đo kiểm, Tự công bố sự phù hợp","Có giá trị đến":null,"layer_id":165,"fid":12232,"label":"Viễn thông Vĩnh Long"}},{"type":"Feature","geometry":{"type":"Point","coordinates":[106.31315,9.94638]},"properties":{"Tên doanh nghiệp":"Viễn thông Vĩnh Long","Tên trạm BTS":"TVH2024-338","Địa chỉ lắp đặt":"Nguyệt Hóa tỉnh Vĩnh Long","Trạm 3G":"3G","Số giấy chứng nhận kiểm định":"Đang hoàn thiện hồ sơ đo kiểm, Tự công bố sự phù hợp","Có giá trị đến":null,"layer_id":165,"fid":12233,"label":"Viễn thông Vĩnh Long"}},{"type":"Feature","geometry":{"type":"Point","coordinates":[106.237339,10.047815]},"properties":{"Tên doanh nghiệp":"Viễn thông Vĩnh Long","Tên trạm BTS":"NHUAN-THANH_TVH","Địa chỉ lắp đặt":"Ấp Nhuận Thành,Xã Nhị Long, Tỉnh Vĩnh Long","Trạm 3G":"3G","Số giấy chứng nhận kiểm định":null,"Có giá trị đến":"09/06/2030","layer_id":165,"fid":12234,"label":"Viễn thông Vĩnh Long"}},{"type":"Feature","geometry":{"type":"Point","coordinates":[106.22387,9.98787]},"properties":{"Tên doanh nghiệp":"Viễn thông Vĩnh Long","Tên trạm BTS":"LONG-AN-NHI-LONG_TVH","Địa chỉ lắp đặt":"Ấp Long An, Xã Nhị Long, Tỉnh Vĩnh Long","Trạm 3G":"3G","Số giấy chứng nhận kiểm định":null,"Có giá trị đến":"17/03/2028","layer_id":165,"fid":12235,"label":"Viễn thông Vĩnh Long"}},{"type":"Feature","geometry":{"type":"Point","coordinates":[106.29647,10.02345]},"properties":{"Tên doanh nghiệp":"Viễn thông Vĩnh Long","Tên trạm BTS":"AP-TRUNG-BAI-XAN_TVH","Địa chỉ lắp đặt":"ấp Hạ, Xã Nhị Long, Tỉnh Vĩnh Long","Trạm 3G":"3G","Số giấy chứng nhận kiểm định":null,"Có giá trị đến":"17/03/2028","layer_id":165,"fid":12236,"label":"Viễn thông Vĩnh Long"}},{"type":"Feature","geometry":{"type":"Point","coordinates":[106.26022,10.03733]},"properties":{"Tên doanh nghiệp":"Viễn thông Vĩnh Long","Tên trạm BTS":"LONG-SON-DUC-MY_TVH","Địa chỉ lắp đặt":"Ấp Long Sơn, Xã Nhị Long, Tỉnh Vĩnh Long","Trạm 3G":"3G","Số giấy chứng nhận kiểm định":null,"Có giá trị đến":"14/11/2029","layer_id":165,"fid":12237,"label":"Viễn thông Vĩnh Long"}},{"type":"Feature","geometry":{"type":"Point","coordinates":[106.26548,10.00782]},"properties":{"Tên doanh nghiệp":"Viễn thông Vĩnh Long","Tên trạm BTS":"NHI-LONG_TVH","Địa chỉ lắp đặt":"Ấp Doan, Xã Nhị Long, Tỉnh Vĩnh Long","Trạm 3G":"3G","Số giấy chứng nhận kiểm định":"A15674131224TG05","Có giá trị đến":"12/13/29 12:00:00 AM","layer_id":165,"fid":12238,"label":"Viễn thông Vĩnh Long"}},{"type":"Feature","geometry":{"type":"Point","coordinates":[106.30911,10.01535]},"properties":{"Tên doanh nghiệp":"Viễn thông Vĩnh Long","Tên trạm BTS":"AP-HA_TVH","Địa chỉ lắp đặt":"ấp Hà, Xã Nhị Long, Tỉnh Vĩnh Long","Trạm 3G":"3G","Số giấy chứng nhận kiểm định":"A12111220725TG05","Có giá trị đến":"7/22/30 12:00:00 AM","layer_id":165,"fid":12239,"label":"Viễn thông Vĩnh Long"}},{"type":"Feature","geometry":{"type":"Point","coordinates":[106.29027,9.99374]},"properties":{"Tên doanh nghiệp":"Viễn thông Vĩnh Long","Tên trạm BTS":"TRA-GUT_TVH","Địa chỉ lắp đặt":"Trệt, Ấp Trà Gật, Xã Nhị Long, Tỉnh Vĩnh Long","Trạm 3G":"3G","Số giấy chứng nhận kiểm định":null,"Có giá trị đến":"14/11/2029","layer_id":165,"fid":12240,"label":"Viễn thông Vĩnh Long"}},{"type":"Feature","geometry":{"type":"Point","coordinates":[106.24753,10.06421]},"properties":{"Tên doanh nghiệp":"Viễn thông Vĩnh Long","Tên trạm BTS":"DUC-MY_TVH","Địa chỉ lắp đặt":"Trạm VT Đức Mỹ, ấp Mỹ Hiệp A, Xã Nhị Long, Tỉnh Vĩnh Long","Trạm 3G":"3G","Số giấy chứng nhận kiểm định":null,"Có giá trị đến":"14/11/2029","layer_id":165,"fid":12245,"label":"Viễn thông Vĩnh Long"}},{"type":"Feature","geometry":{"type":"Point","coordinates":[106.30875,9.98312]},"properties":{"Tên doanh nghiệp":"Viễn thông Vĩnh Long","Tên trạm BTS":"DAI-PHUOC_TVH","Địa chỉ lắp đặt":"Tầng 1, Bưu điện Đại Phước, Xã Nhị Long, Tỉnh Vĩnh Long","Trạm 3G":"3G","Số giấy chứng nhận kiểm định":"A08301290321TG05","Có giá trị đến":"3/29/26 12:00:00 AM","layer_id":165,"fid":12241,"label":"Viễn thông Vĩnh Long"}},{"type":"Feature","geometry":{"type":"Point","coordinates":[106.28552,10.03872]},"properties":{"Tên doanh nghiệp":"Viễn thông Vĩnh Long","Tên trạm BTS":"CHO-CUA_TVH","Địa chỉ lắp đặt":"Ấp Trại, Xã Nhị Long, Tỉnh Vĩnh Long","Trạm 3G":"3G","Số giấy chứng nhận kiểm định":"A13801030326TG05","Có giá trị đến":"3/3/31 12:00:00 AM","layer_id":165,"fid":12242,"label":"Viễn thông Vĩnh Long"}},{"type":"Feature","geometry":{"type":"Point","coordinates":[106.21825,9.97161]},"properties":{"Tên doanh nghiệp":"Viễn thông Vĩnh Long","Tên trạm BTS":"CAU-CAY-CACH_TVH","Địa chỉ lắp đặt":"ẤP LONG THUẬN,Xã Nhị Long, Tỉnh Vĩnh Long","Trạm 3G":"3G","Số giấy chứng nhận kiểm định":null,"Có giá trị đến":"14/11/2029","layer_id":165,"fid":12243,"label":"Viễn thông Vĩnh Long"}},{"type":"Feature","geometry":{"type":"Point","coordinates":[106.23923,9.99951]},"properties":{"Tên doanh nghiệp":"Viễn thông Vĩnh Long","Tên trạm BTS":"RACH-RO_TVH","Địa chỉ lắp đặt":"Trệt, Ấp Rạch Rô 1, Xã Nhị Long, Tỉnh Vĩnh Long","Trạm 3G":"3G","Số giấy chứng nhận kiểm định":null,"Có giá trị đến":"14/11/2029","layer_id":165,"fid":12244,"label":"Viễn thông Vĩnh Long"}},{"type":"Feature","geometry":{"type":"Point","coordinates":[106.288099,10.011236]},"properties":{"Tên doanh nghiệp":"Viễn thông Vĩnh Long","Tên trạm BTS":"RACH-SEN-DAI-PHUOC_TVH","Địa chỉ lắp đặt":"Ấp Rạch Sen, Xã Nhị Long, Tỉnh Vĩnh Long","Trạm 3G":"3G","Số giấy chứng nhận kiểm định":null,"Có giá trị đến":"17/03/2028","layer_id":165,"fid":12246,"label":"Viễn thông Vĩnh Long"}},{"type":"Feature","geometry":{"type":"Point","coordinates":[106.27556,10.02196]},"properties":{"Tên doanh nghiệp":"Viễn thông Vĩnh Long","Tên trạm BTS":"AP-DOAN_TVH","Địa chỉ lắp đặt":"Ấp Đoan,Xã Nhị Long, Tỉnh Vĩnh Long","Trạm 3G":"3G","Số giấy chứng nhận kiểm định":null,"Có giá trị đến":"14/11/2029","layer_id":165,"fid":12247,"label":"Viễn thông Vĩnh Long"}},{"type":"Feature","geometry":{"type":"Point","coordinates":[106.26535,9.99042]},"properties":{"Tên doanh nghiệp":"Viễn thông Vĩnh Long","Tên trạm BTS":"PHUC-LỌC-THO-PHU-PHONG-NHI-LONG_TVH","Địa chỉ lắp đặt":"Ấp Phú Phong, Xã Nhị Long, Tỉnh Vĩnh Long","Trạm 3G":"3G","Số giấy chứng nhận kiểm định":null,"Có giá trị đến":"17/03/2028","layer_id":165,"fid":12248,"label":"Viễn thông Vĩnh Long"}},{"type":"Feature","geometry":{"type":"Point","coordinates":[106.26514,10.05401]},"properties":{"Tên doanh nghiệp":"Viễn thông Vĩnh Long","Tên trạm BTS":"AP-DUC-MY_TVH","Địa chỉ lắp đặt":"Ấp Đức Mỹ, Xã Nhị Long, Tỉnh Vĩnh Long","Trạm 3G":"3G","Số giấy chứng nhận kiểm định":null,"Có giá trị đến":"14/11/2029","layer_id":165,"fid":12249,"label":"Viễn thông Vĩnh Long"}},{"type":"Feature","geometry":{"type":"Point","coordinates":[106.24823,10.01939]},"properties":{"Tên doanh nghiệp":"Viễn thông Vĩnh Long","Tên trạm BTS":"RACH-DAP-NHI-LONG_TVH","Địa chỉ lắp đặt":"Ấp Rạch Đập, Xã Nhị Long, Tỉnh Vĩnh Long","Trạm 3G":"3G","Số giấy chứng nhận kiểm định":null,"Có giá trị đến":"17/03/2028","layer_id":165,"fid":12250,"label":"Viễn thông Vĩnh Long"}},{"type":"Feature","geometry":{"type":"Point","coordinates":[106.23312,9.99117]},"properties":{"Tên doanh nghiệp":"Viễn thông Vĩnh Long","Tên trạm BTS":"TVH2024-281","Địa chỉ lắp đặt":"Nhị Long tỉnh Vĩnh Long","Trạm 3G":"3G","Số giấy chứng nhận kiểm định":"Đang hoàn thiện hồ sơ đo kiểm, Tự công bố sự phù hợp","Có giá trị đến":null,"layer_id":165,"fid":12251,"label":"Viễn thông Vĩnh Long"}},{"type":"Feature","geometry":{"type":"Point","coordinates":[106.255263,9.99584]},"properties":{"Tên doanh nghiệp":"Viễn thông Vĩnh Long","Tên trạm BTS":"TVH2024-283","Địa chỉ lắp đặt":"Nhị Long tỉnh Vĩnh Long","Trạm 3G":"3G","Số giấy chứng nhận kiểm định":null,"Có giá trị đến":"3/16/31 12:00:00 AM","layer_id":165,"fid":12252,"label":"Viễn thông Vĩnh Long"}},{"type":"Feature","geometry":{"type":"Point","coordinates":[106.3,10.00745]},"properties":{"Tên doanh nghiệp":"Viễn thông Vĩnh Long","Tên trạm BTS":"Trại Luận","Địa chỉ lắp đặt":"Ấp Hạ, xã Nhị Long, tỉnh Vĩnh Long","Trạm 3G":"3G","Số giấy chứng nhận kiểm định":null,"Có giá trị đến":"3/16/31 12:00:00 AM","layer_id":165,"fid":12253,"label":"Viễn thông Vĩnh Long"}},{"type":"Feature","geometry":{"type":"Point","coordinates":[106.095957,10.14218]},"properties":{"Tên doanh nghiệp":"Viễn thông Vĩnh Long","Tên trạm BTS":"4G-MTH034M-VLG.MTH","Địa chỉ lắp đặt":"Ấp Tân An, xã Tân Long Hội, tỉnh Vĩnh Long","Trạm 3G":"3G","Số giấy chứng nhận kiểm định":null,"Có giá trị đến":"04/08/2030","layer_id":165,"fid":12254,"label":"Viễn thông Vĩnh Long"}},{"type":"Feature","geometry":{"type":"Point","coordinates":[106.07825,10.16117]},"properties":{"Tên doanh nghiệp":"Viễn thông Vĩnh Long","Tên trạm BTS":"TAN-THANG_VLG.MTH","Địa chỉ lắp đặt":"Ấp Tân Qui 1, xã Tân Long Hội, tỉnh Vĩnh Long.","Trạm 3G":"3G","Số giấy chứng nhận kiểm định":null,"Có giá trị đến":"3/16/31 12:00:00 AM","layer_id":165,"fid":12255,"label":"Viễn thông Vĩnh Long"}},{"type":"Feature","geometry":{"type":"Point","coordinates":[106.02703,10.16238]},"properties":{"Tên doanh nghiệp":"Viễn thông Vĩnh Long","Tên trạm BTS":"3G_MTH031M_VLG.MTH","Địa chỉ lắp đặt":"Ấp Tân Hòa, xã Tân Long Hôi, tỉnh Vĩnh Long.","Trạm 3G":"3G","Số giấy chứng nhận kiểm định":null,"Có giá trị đến":"3/16/31 12:00:00 AM","layer_id":165,"fid":12256,"label":"Viễn thông Vĩnh Long"}},{"type":"Feature","geometry":{"type":"Point","coordinates":[106.09792,10.15745]},"properties":{"Tên doanh nghiệp":"Viễn thông Vĩnh Long","Tên trạm BTS":"TAN-THIENG-2_VLG.MTH","Địa chỉ lắp đặt":"Ấp Tân Thiềng, xã Tân Long Hội, tỉnh Vĩnh Long.","Trạm 3G":"3G","Số giấy chứng nhận kiểm định":null,"Có giá trị đến":"05/08/2029","layer_id":165,"fid":12257,"label":"Viễn thông Vĩnh Long"}},{"type":"Feature","geometry":{"type":"Point","coordinates":[106.07926,10.14005]},"properties":{"Tên doanh nghiệp":"Viễn thông Vĩnh Long","Tên trạm BTS":"MTH020A_VLG.MTH","Địa chỉ lắp đặt":"Ấp Tân Qui, xã Tân Long Hội, tỉnh Vĩnh Long.","Trạm 3G":"3G","Số giấy chứng nhận kiểm định":null,"Có giá trị đến":"05/08/2029","layer_id":165,"fid":12258,"label":"Viễn thông Vĩnh Long"}},{"type":"Feature","geometry":{"type":"Point","coordinates":[106.0655,10.1342]},"properties":{"Tên doanh nghiệp":"Viễn thông Vĩnh Long","Tên trạm BTS":"3G_MTH036M_VLG.MTH","Địa chỉ lắp đặt":"Ấp Thanh Phong, xã Tân Long Hội, tỉnh Vĩnh Long","Trạm 3G":"3G","Số giấy chứng nhận kiểm định":null,"Có giá trị đến":"03/03/2028","layer_id":165,"fid":12259,"label":"Viễn thông Vĩnh Long"}},{"type":"Feature","geometry":{"type":"Point","coordinates":[106.04147,10.16721]},"properties":{"Tên doanh nghiệp":"Viễn thông Vĩnh Long","Tên trạm BTS":"TAN-LONG_VLG.MTH","Địa chỉ lắp đặt":"Ấp Thân Bình, xã Tân Long Hôi, tỉnh Vĩnh Long.","Trạm 3G":"3G","Số giấy chứng nhận kiểm định":null,"Có giá trị đến":"05/08/2029","layer_id":165,"fid":12260,"label":"Viễn thông Vĩnh Long"}},{"type":"Feature","geometry":{"type":"Point","coordinates":[106.07466,10.122756]},"properties":{"Tên doanh nghiệp":"Viễn thông Vĩnh Long","Tên trạm BTS":"3G_MTH023M_VLG.MTH","Địa chỉ lắp đặt":"Ấp Tân Phong, Tân Long Hội, tỉnh Vĩnh Long","Trạm 3G":"3G","Số giấy chứng nhận kiểm định":null,"Có giá trị đến":"3/16/31 12:00:00 AM","layer_id":165,"fid":12261,"label":"Viễn thông Vĩnh Long"}},{"type":"Feature","geometry":{"type":"Point","coordinates":[106.05476,10.1549]},"properties":{"Tên doanh nghiệp":"Viễn thông Vĩnh Long","Tên trạm BTS":"DONG-BE_VLG.MTH","Địa chỉ lắp đặt":"Ấp Đồng Bé, xã Tân Long Hôi, tỉnh Vĩnh Long.","Trạm 3G":"3G","Số giấy chứng nhận kiểm định":null,"Có giá trị đến":"3/16/31 12:00:00 AM","layer_id":165,"fid":12262,"label":"Viễn thông Vĩnh Long"}},{"type":"Feature","geometry":{"type":"Point","coordinates":[106.036649,10.142562]},"properties":{"Tên doanh nghiệp":"Viễn thông Vĩnh Long","Tên trạm BTS":"3G_MTH032M_VLG.MTH","Địa chỉ lắp đặt":"Ấp Tân Hiệp, xã Tân Long Hôi, tỉnh Vĩnh Long.","Trạm 3G":"3G","Số giấy chứng nhận kiểm định":null,"Có giá trị đến":"04/08/2030","layer_id":165,"fid":12263,"label":"Viễn thông Vĩnh Long"}},{"type":"Feature","geometry":{"type":"Point","coordinates":[106.1653,10.15204]},"properties":{"Tên doanh nghiệp":"Viễn thông Vĩnh Long","Tên trạm BTS":"3G_VLI035M_VLG.VLM","Địa chỉ lắp đặt":"Ấp Phước Trường, xã Quới An, tỉnh Vĩnh Long","Trạm 3G":"3G","Số giấy chứng nhận kiểm định":null,"Có giá trị đến":"05/08/2029","layer_id":165,"fid":12264,"label":"Viễn thông Vĩnh Long"}},{"type":"Feature","geometry":{"type":"Point","coordinates":[106.05962,10.05867]},"properties":{"Tên doanh nghiệp":"Viễn thông Vĩnh Long","Tên trạm BTS":"TON030A_VLG.TON","Địa chỉ lắp đặt":"Ấp Ngãi Hòa, xã Hòa Bình, tỉnh Vĩnh Long.","Trạm 3G":"3G","Số giấy chứng nhận kiểm định":null,"Có giá trị đến":"3/16/31 12:00:00 AM","layer_id":165,"fid":12265,"label":"Viễn thông Vĩnh Long"}},{"type":"Feature","geometry":{"type":"Point","coordinates":[106.09796,9.99144]},"properties":{"Tên doanh nghiệp":"Viễn thông Vĩnh Long","Tên trạm BTS":"HIEU-THANH_VLG.VLM","Địa chỉ lắp đặt":"ẤP Hiếu Xuân, xã Hiếu Thành, tỉnh Vĩnh Long.","Trạm 3G":"3G","Số giấy chứng nhận kiểm định":null,"Có giá trị đến":"04/08/2030","layer_id":165,"fid":12266,"label":"Viễn thông Vĩnh Long"}},{"type":"Feature","geometry":{"type":"Point","coordinates":[106.134109,10.071143]},"properties":{"Tên doanh nghiệp":"Viễn thông Vĩnh Long","Tên trạm BTS":"BINH-PHUNG_VLG.VLM","Địa chỉ lắp đặt":"Ấp An Thành Tây, xã Trung Thành, tỉnh Vĩnh Long.","Trạm 3G":"3G","Số giấy chứng nhận kiểm định":null,"Có giá trị đến":"04/08/2030","layer_id":165,"fid":12267,"label":"Viễn thông Vĩnh Long"}},{"type":"Feature","geometry":{"type":"Point","coordinates":[106.08089,10.10329]},"properties":{"Tên doanh nghiệp":"Viễn thông Vĩnh Long","Tên trạm BTS":"TAN-AN-LUONG_VLG.VLM","Địa chỉ lắp đặt":"Ấp 8,xã Trung Hiệp, tỉnh Vĩnh Long.","Trạm 3G":"3G","Số giấy chứng nhận kiểm định":"A14367221124TG05","Có giá trị đến":"11/22/29 12:00:00 AM","layer_id":165,"fid":12268,"label":"Viễn thông Vĩnh Long"}},{"type":"Feature","geometry":{"type":"Point","coordinates":[106.10403,10.12731]},"properties":{"Tên doanh nghiệp":"Viễn thông Vĩnh Long","Tên trạm BTS":"AP-4-TAN-AN-LUONG_VLG.VLM","Địa chỉ lắp đặt":"ẤP 4, xã Trung Hiệp, tỉnh Vĩnh Long.","Trạm 3G":"3G","Số giấy chứng nhận kiểm định":null,"Có giá trị đến":"3/16/31 12:00:00 AM","layer_id":165,"fid":12269,"label":"Viễn thông Vĩnh Long"}},{"type":"Feature","geometry":{"type":"Point","coordinates":[106.09309,10.11229]},"properties":{"Tên doanh nghiệp":"Viễn thông Vĩnh Long","Tên trạm BTS":"3G_VLI046M_VLG.VLM","Địa chỉ lắp đặt":"Ấp Gò Ân, xã Trung Hiệp, tỉnh Vĩnh Long","Trạm 3G":"3G","Số giấy chứng nhận kiểm định":null,"Có giá trị đến":"03/03/2028","layer_id":165,"fid":12270,"label":"Viễn thông Vĩnh Long"}},{"type":"Feature","geometry":{"type":"Point","coordinates":[106.0987,10.0364]},"properties":{"Tên doanh nghiệp":"Viễn thông Vĩnh Long","Tên trạm BTS":"3G_VLI041M_VLG.VLM","Địa chỉ lắp đặt":"Ấp Hiếu Thủ, xã Hiếu Thành, tỉnh Vĩnh Long","Trạm 3G":"3G","Số giấy chứng nhận kiểm định":null,"Có giá trị đến":"03/03/2028","layer_id":165,"fid":12271,"label":"Viễn thông Vĩnh Long"}},{"type":"Feature","geometry":{"type":"Point","coordinates":[106.1935,10.1039]},"properties":{"Tên doanh nghiệp":"Viễn thông Vĩnh Long","Tên trạm BTS":"VLG2021-27","Địa chỉ lắp đặt":"xã Qưới An, tỉnh Vĩnh Long","Trạm 3G":"3G","Số giấy chứng nhận kiểm định":null,"Có giá trị đến":"03/03/2028","layer_id":165,"fid":12272,"label":"Viễn thông Vĩnh Long"}},{"type":"Feature","geometry":{"type":"Point","coordinates":[106.18038,10.10779]},"properties":{"Tên doanh nghiệp":"Viễn thông Vĩnh Long","Tên trạm BTS":"3G_VLI039M_VLG.VLM","Địa chỉ lắp đặt":"Ấp Hòa Nghĩa, xã Tân Qưới Trung, tỉnh Vĩnh Long.","Trạm 3G":"3G","Số giấy chứng nhận kiểm định":null,"Có giá trị đến":"04/08/2030","layer_id":165,"fid":12273,"label":"Viễn thông Vĩnh Long"}},{"type":"Feature","geometry":{"type":"Point","coordinates":[106.0636,10.0882]},"properties":{"Tên doanh nghiệp":"Viễn thông Vĩnh Long","Tên trạm BTS":"MUONG-KHAI_VLG.TON","Địa chỉ lắp đặt":"Ấp Hồi Lộc, xã Hòa Bình , tỉnh Vĩnh Long.","Trạm 3G":"3G","Số giấy chứng nhận kiểm định":null,"Có giá trị đến":"3/16/31 12:00:00 AM","layer_id":165,"fid":12274,"label":"Viễn thông Vĩnh Long"}},{"type":"Feature","geometry":{"type":"Point","coordinates":[106.15263,10.07712]},"properties":{"Tên doanh nghiệp":"Viễn thông Vĩnh Long","Tên trạm BTS":"TRUNG-HIEU_VLG.VLM","Địa chỉ lắp đặt":"Ấp Bình Thành, xã Trung Thành, tỉnh Vĩnh Long.","Trạm 3G":"3G","Số giấy chứng nhận kiểm định":"A14363221124TG05","Có giá trị đến":"11/22/29 12:00:00 AM","layer_id":165,"fid":12275,"label":"Viễn thông Vĩnh Long"}},{"type":"Feature","geometry":{"type":"Point","coordinates":[106.03008,10.00052]},"properties":{"Tên doanh nghiệp":"Viễn thông Vĩnh Long","Tên trạm BTS":"3G_TON040M_VLG.TON","Địa chỉ lắp đặt":"Ấp Trà Sơn, xã Hòa Bình , tỉnh Vĩnh Long.","Trạm 3G":"3G","Số giấy chứng nhận kiểm định":null,"Có giá trị đến":"3/16/31 12:00:00 AM","layer_id":165,"fid":12276,"label":"Viễn thông Vĩnh Long"}},{"type":"Feature","geometry":{"type":"Point","coordinates":[106.20273,10.036335]},"properties":{"Tên doanh nghiệp":"Viễn thông Vĩnh Long","Tên trạm BTS":"TRUNG-NGHIA_VLG.VLM","Địa chỉ lắp đặt":"Ấp Phú Tiên, xã Trung Ngãi, tỉnh Vĩnh Long.","Trạm 3G":"3G","Số giấy chứng nhận kiểm định":null,"Có giá trị đến":"04/08/2030","layer_id":165,"fid":12277,"label":"Viễn thông Vĩnh Long"}},{"type":"Feature","geometry":{"type":"Point","coordinates":[106.10818,10.10845]},"properties":{"Tên doanh nghiệp":"Viễn thông Vĩnh Long","Tên trạm BTS":"VLI026A_VLG.VLM","Địa chỉ lắp đặt":"Ấp Chợ Mới, xã Trung Hiệp, tỉnh Vĩnh Long.","Trạm 3G":"3G","Số giấy chứng nhận kiểm định":null,"Có giá trị đến":"14/11/2029","layer_id":165,"fid":12278,"label":"Viễn thông Vĩnh Long"}},{"type":"Feature","geometry":{"type":"Point","coordinates":[106.146847,10.132741]},"properties":{"Tên doanh nghiệp":"Viễn thông Vĩnh Long","Tên trạm BTS":"3G_VLI044M_VLG.VLM","Địa chỉ lắp đặt":"Ấp Hiệp Trường, xã Quới An, huyện Vũng Liêm","Trạm 3G":"3G","Số giấy chứng nhận kiểm định":null,"Có giá trị đến":"03/03/2028","layer_id":165,"fid":12279,"label":"Viễn thông Vĩnh Long"}},{"type":"Feature","geometry":{"type":"Point","coordinates":[106.08206,10.0662]},"properties":{"Tên doanh nghiệp":"Viễn thông Vĩnh Long","Tên trạm BTS":"HOI-TUONG_VLG.TON","Địa chỉ lắp đặt":"Ấp Hồi Phước, xã Hòa Bình , tỉnh Vĩnh Long.","Trạm 3G":"3G","Số giấy chứng nhận kiểm định":null,"Có giá trị đến":"06/01/2031","layer_id":165,"fid":12280,"label":"Viễn thông Vĩnh Long"}},{"type":"Feature","geometry":{"type":"Point","coordinates":[106.067218,10.047175]},"properties":{"Tên doanh nghiệp":"Viễn thông Vĩnh Long","Tên trạm BTS":"3G_TON044M_VLG.TON","Địa chỉ lắp đặt":"Ấp Ngãi Hòa, xã Hòa Bình, huyện Trà Ôn","Trạm 3G":"3G","Số giấy chứng nhận kiểm định":null,"Có giá trị đến":"22/01/2029","layer_id":165,"fid":12281,"label":"Viễn thông Vĩnh Long"}},{"type":"Feature","geometry":{"type":"Point","coordinates":[106.115644,10.064818]},"properties":{"Tên doanh nghiệp":"Viễn thông Vĩnh Long","Tên trạm BTS":"QUANG-TRUONG_VLG.VLM","Địa chỉ lắp đặt":"Ấp Quang Trường, xã Hiếu Phụng, tỉnh Vĩnh Long.","Trạm 3G":"3G","Số giấy chứng nhận kiểm định":null,"Có giá trị đến":"05/08/2029","layer_id":165,"fid":12282,"label":"Viễn thông Vĩnh Long"}},{"type":"Feature","geometry":{"type":"Point","coordinates":[106.04707,10.041318]},"properties":{"Tên doanh nghiệp":"Viễn thông Vĩnh Long","Tên trạm BTS":"HOA-BINH_VLG.TON","Địa chỉ lắp đặt":"Ấp Ngãi Hòa, xã Hoà Bình, tỉnh Vĩnh Long","Trạm 3G":"3G","Số giấy chứng nhận kiểm định":null,"Có giá trị đến":"3/16/31 12:00:00 AM","layer_id":165,"fid":12283,"label":"Viễn thông Vĩnh Long"}},{"type":"Feature","geometry":{"type":"Point","coordinates":[106.13713,10.1534]},"properties":{"Tên doanh nghiệp":"Viễn thông Vĩnh Long","Tên trạm BTS":"TAN-DONG_VLG.VLM","Địa chỉ lắp đặt":"Ấp 2, xã Tân Qưới Trung, tỉnh Vĩnh Long.","Trạm 3G":"3G","Số giấy chứng nhận kiểm định":null,"Có giá trị đến":"05/08/2029","layer_id":165,"fid":12284,"label":"Viễn thông Vĩnh Long"}},{"type":"Feature","geometry":{"type":"Point","coordinates":[106.110668,10.033417]},"properties":{"Tên doanh nghiệp":"Viễn thông Vĩnh Long","Tên trạm BTS":"HIEU-NHON_VLG.VLM","Địa chỉ lắp đặt":"Ấp Hiếu Minh B, xã Hiếu Thành, tỉnh Vĩnh Long.","Trạm 3G":"3G","Số giấy chứng nhận kiểm định":null,"Có giá trị đến":"05/08/2029","layer_id":165,"fid":12285,"label":"Viễn thông Vĩnh Long"}},{"type":"Feature","geometry":{"type":"Point","coordinates":[106.25542,10.08222]},"properties":{"Tên doanh nghiệp":"Viễn thông Vĩnh Long","Tên trạm BTS":"VLI029A_VLG.VLM","Địa chỉ lắp đặt":"Ấp Bình Thủy, xã Quới Thiện, tỉnh Vĩnh Long.","Trạm 3G":"3G","Số giấy chứng nhận kiểm định":null,"Có giá trị đến":"05/08/2029","layer_id":165,"fid":12286,"label":"Viễn thông Vĩnh Long"}},{"type":"Feature","geometry":{"type":"Point","coordinates":[106.17497,10.05017]},"properties":{"Tên doanh nghiệp":"Viễn thông Vĩnh Long","Tên trạm BTS":"XUAN-LOC_VLG.VLM","Địa chỉ lắp đặt":"Ấp Xuân Lộc, xã Trung Thành, tỉnh Vĩnh Long.","Trạm 3G":"3G","Số giấy chứng nhận kiểm định":null,"Có giá trị đến":"14/11/2029","layer_id":165,"fid":12287,"label":"Viễn thông Vĩnh Long"}},{"type":"Feature","geometry":{"type":"Point","coordinates":[106.17151,10.124981]},"properties":{"Tên doanh nghiệp":"Viễn thông Vĩnh Long","Tên trạm BTS":"VUNG-LIEM-2_VLG.VLM","Địa chỉ lắp đặt":"Ấp An Quới, xã Quới An,tỉnh Vĩnh Long.","Trạm 3G":"3G","Số giấy chứng nhận kiểm định":null,"Có giá trị đến":"14/11/2029","layer_id":165,"fid":12288,"label":"Viễn thông Vĩnh Long"}},{"type":"Feature","geometry":{"type":"Point","coordinates":[106.14172,10.09616]},"properties":{"Tên doanh nghiệp":"Viễn thông Vĩnh Long","Tên trạm BTS":"3G_VLI034M_VLG.VLM","Địa chỉ lắp đặt":"Ấp Mướp Sát, xã Trung Hiệp, tỉnh Vĩnh Long","Trạm 3G":"3G","Số giấy chứng nhận kiểm định":null,"Có giá trị đến":"03/03/2028","layer_id":165,"fid":12289,"label":"Viễn thông Vĩnh Long"}},{"type":"Feature","geometry":{"type":"Point","coordinates":[106.18984,10.08003]},"properties":{"Tên doanh nghiệp":"Viễn thông Vĩnh Long","Tên trạm BTS":"VLI028A_VLG.VLM","Địa chỉ lắp đặt":"Ấp An Nhơn, xã Trung Thành, tỉnh Vĩnh Long.","Trạm 3G":"3G","Số giấy chứng nhận kiểm định":"A14369221124TG05","Có giá trị đến":"11/22/29 12:00:00 AM","layer_id":165,"fid":12290,"label":"Viễn thông Vĩnh Long"}},{"type":"Feature","geometry":{"type":"Point","coordinates":[106.10492,10.01306]},"properties":{"Tên doanh nghiệp":"Viễn thông Vĩnh Long","Tên trạm BTS":"3G_VLI033M_VLG.VLM","Địa chỉ lắp đặt":"Ấp Ngã Phú, xã Hiếu Thành, tỉnh Vĩnh Long","Trạm 3G":"3G","Số giấy chứng nhận kiểm định":null,"Có giá trị đến":"04/08/2030","layer_id":165,"fid":12291,"label":"Viễn thông Vĩnh Long"}},{"type":"Feature","geometry":{"type":"Point","coordinates":[106.23135,10.10944]},"properties":{"Tên doanh nghiệp":"Viễn thông Vĩnh Long","Tên trạm BTS":"THANH-BINH_VLG.VLM","Địa chỉ lắp đặt":"Ấp Thái Bình, xã Quới Thiện, tỉnh Vĩnh Long.","Trạm 3G":"3G","Số giấy chứng nhận kiểm định":null,"Có giá trị đến":"04/08/2030","layer_id":165,"fid":12292,"label":"Viễn thông Vĩnh Long"}},{"type":"Feature","geometry":{"type":"Point","coordinates":[106.122652,10.128213]},"properties":{"Tên doanh nghiệp":"Viễn thông Vĩnh Long","Tên trạm BTS":"3G_VLI037M_VLG.VLM","Địa chỉ lắp đặt":"Ấp Rạch Rô, xã Trung Hiệp, tỉnh Vĩnh Long.","Trạm 3G":"3G","Số giấy chứng nhận kiểm định":null,"Có giá trị đến":"03/03/2028","layer_id":165,"fid":12293,"label":"Viễn thông Vĩnh Long"}},{"type":"Feature","geometry":{"type":"Point","coordinates":[106.18513,10.09534]},"properties":{"Tên doanh nghiệp":"Viễn thông Vĩnh Long","Tên trạm BTS":"VUNG-LIEM_VLG.VLM","Địa chỉ lắp đặt":"Khóm 1, xã Trung Thành, tỉnh Vĩnh Long.","Trạm 3G":"3G","Số giấy chứng nhận kiểm định":"A14364221124TG05","Có giá trị đến":"11/22/29 12:00:00 AM","layer_id":165,"fid":12294,"label":"Viễn thông Vĩnh Long"}},{"type":"Feature","geometry":{"type":"Point","coordinates":[106.16912,10.08086]},"properties":{"Tên doanh nghiệp":"Viễn thông Vĩnh Long","Tên trạm BTS":"AN-DIEN_VLG.VLM","Địa chỉ lắp đặt":"Số 2, tổ 7, ấp An Điền 1, xã Trung Thành, tỉnh Vĩnh Long.","Trạm 3G":"3G","Số giấy chứng nhận kiểm định":null,"Có giá trị đến":"05/08/2029","layer_id":165,"fid":12295,"label":"Viễn thông Vĩnh Long"}},{"type":"Feature","geometry":{"type":"Point","coordinates":[106.19961,10.11225]},"properties":{"Tên doanh nghiệp":"Viễn thông Vĩnh Long","Tên trạm BTS":"3G_VLI036M_VLG.VLM","Địa chỉ lắp đặt":"Ấp Trung Hậu, xã Tân Qưới Trung, tỉnh Vĩnh Long.","Trạm 3G":"3G","Số giấy chứng nhận kiểm định":null,"Có giá trị đến":"03/03/2028","layer_id":165,"fid":12296,"label":"Viễn thông Vĩnh Long"}},{"type":"Feature","geometry":{"type":"Point","coordinates":[106.09303,9.97731]},"properties":{"Tên doanh nghiệp":"Viễn thông Vĩnh Long","Tên trạm BTS":"4G-VLI040M-VLG.VLM","Địa chỉ lắp đặt":"Ấp Hiếu Văn, xã Hiếu Thành, tình Vĩnh Long.","Trạm 3G":"3G","Số giấy chứng nhận kiểm định":null,"Có giá trị đến":"04/08/2030","layer_id":165,"fid":12297,"label":"Viễn thông Vĩnh Long"}},{"type":"Feature","geometry":{"type":"Point","coordinates":[106.14807,10.04751]},"properties":{"Tên doanh nghiệp":"Viễn thông Vĩnh Long","Tên trạm BTS":"TRUNG-AN_VLG.VLM","Địa chỉ lắp đặt":"Ấp An Lạc 1, xã Hiếu Phụng, tỉnh Vĩnh Long.","Trạm 3G":"3G","Số giấy chứng nhận kiểm định":null,"Có giá trị đến":"04/08/2030","layer_id":165,"fid":12298,"label":"Viễn thông Vĩnh Long"}},{"type":"Feature","geometry":{"type":"Point","coordinates":[106.20391,10.14481]},"properties":{"Tên doanh nghiệp":"Viễn thông Vĩnh Long","Tên trạm BTS":"QUOI-THIEN_VLG.VLM","Địa chỉ lắp đặt":"Ấp Rạch Vọp, xã Quới Thiện, tỉnh Vĩnh Long.","Trạm 3G":"3G","Số giấy chứng nhận kiểm định":null,"Có giá trị đến":"04/08/2030","layer_id":165,"fid":12299,"label":"Viễn thông Vĩnh Long"}},{"type":"Feature","geometry":{"type":"Point","coordinates":[106.22285,10.05972]},"properties":{"Tên doanh nghiệp":"Viễn thông Vĩnh Long","Tên trạm BTS":"3G_VLI031M_VLG.VLM","Địa chỉ lắp đặt":"Ấp 8, xã Trung Ngãi, tỉnh Vĩnh Long","Trạm 3G":"3G","Số giấy chứng nhận kiểm định":null,"Có giá trị đến":"05/08/2029","layer_id":165,"fid":12300,"label":"Viễn thông Vĩnh Long"}},{"type":"Feature","geometry":{"type":"Point","coordinates":[106.212792,10.096332]},"properties":{"Tên doanh nghiệp":"Viễn thông Vĩnh Long","Tên trạm BTS":"3G_VLI030M_VLG.VLM","Địa chỉ lắp đặt":"Ấp Đại Nghĩa, xã Trung Ngãi, tỉnh Vĩnh Long","Trạm 3G":"3G","Số giấy chứng nhận kiểm định":null,"Có giá trị đến":"03/03/2028","layer_id":165,"fid":12301,"label":"Viễn thông Vĩnh Long"}},{"type":"Feature","geometry":{"type":"Point","coordinates":[106.119948,10.083564]},"properties":{"Tên doanh nghiệp":"Viễn thông Vĩnh Long","Tên trạm BTS":"HIEU-PHUNG_VLG.VLM","Địa chỉ lắp đặt":"ấp Nhơn Ngãi, xã Hiếu Phụng, tỉnh Vĩnh Long.","Trạm 3G":"3G","Số giấy chứng nhận kiểm định":null,"Có giá trị đến":"05/08/2029","layer_id":165,"fid":12302,"label":"Viễn thông Vĩnh Long"}},{"type":"Feature","geometry":{"type":"Point","coordinates":[106.217387,10.079196]},"properties":{"Tên doanh nghiệp":"Viễn thông Vĩnh Long","Tên trạm BTS":"TRUNG-THANH-DONG_VLG.VLM","Địa chỉ lắp đặt":"Ấp Đức Hòa, xã Trung Ngãi, tỉnh Vĩnh Long.","Trạm 3G":"3G","Số giấy chứng nhận kiểm định":null,"Có giá trị đến":"3/16/31 12:00:00 AM","layer_id":165,"fid":12303,"label":"Viễn thông Vĩnh Long"}},{"type":"Feature","geometry":{"type":"Point","coordinates":[106.13224,10.11096]},"properties":{"Tên doanh nghiệp":"Viễn thông Vĩnh Long","Tên trạm BTS":"VUNG-LIEM-3_VLG.VLM","Địa chỉ lắp đặt":"Ấp Rạch Ngay, xã Trung Hiệp, tỉnh Vĩnh Long.","Trạm 3G":"3G","Số giấy chứng nhận kiểm định":null,"Có giá trị đến":"05/08/2029","layer_id":165,"fid":12304,"label":"Viễn thông Vĩnh Long"}},{"type":"Feature","geometry":{"type":"Point","coordinates":[106.01821,10.07021]},"properties":{"Tên doanh nghiệp":"Viễn thông Vĩnh Long","Tên trạm BTS":"TUONG-NHON_VLG.TON","Địa chỉ lắp đặt":"Ấp Hồi Trinh, xã Hòa Bình , tỉnh Vĩnh Long.","Trạm 3G":"3G","Số giấy chứng nhận kiểm định":null,"Có giá trị đến":"06/01/2031","layer_id":165,"fid":12305,"label":"Viễn thông Vĩnh Long"}},{"type":"Feature","geometry":{"type":"Point","coordinates":[106.2213,10.0181]},"properties":{"Tên doanh nghiệp":"Viễn thông Vĩnh Long","Tên trạm BTS":"3G_VLI043M_VLG.VLM","Địa chỉ lắp đặt":"Ấp 4, xã Trung Ngãi, tỉnh Vĩnh Long","Trạm 3G":"3G","Số giấy chứng nhận kiểm định":null,"Có giá trị đến":"03/03/2028","layer_id":165,"fid":12306,"label":"Viễn thông Vĩnh Long"}},{"type":"Feature","geometry":{"type":"Point","coordinates":[106.19628,10.071024]},"properties":{"Tên doanh nghiệp":"Viễn thông Vĩnh Long","Tên trạm BTS":"3G_VLI045M_VLG.VLM","Địa chỉ lắp đặt":"ấp Trung Trạch, xã Trung Thành, tỉnh Vĩnh Long","Trạm 3G":"3G","Số giấy chứng nhận kiểm định":null,"Có giá trị đến":"03/03/2028","layer_id":165,"fid":12307,"label":"Viễn thông Vĩnh Long"}},{"type":"Feature","geometry":{"type":"Point","coordinates":[106.11727,10.15964]},"properties":{"Tên doanh nghiệp":"Viễn thông Vĩnh Long","Tên trạm BTS":"TAN-QUOI-TRUNG_VLG.VLM","Địa chỉ lắp đặt":"Ấp Rạch Đôi, xã Tân Qưới Trung, tỉnh Vĩnh Long.","Trạm 3G":"3G","Số giấy chứng nhận kiểm định":null,"Có giá trị đến":"05/08/2029","layer_id":165,"fid":12308,"label":"Viễn thông Vĩnh Long"}},{"type":"Feature","geometry":{"type":"Point","coordinates":[106.1001,9.9532]},"properties":{"Tên doanh nghiệp":"Viễn thông Vĩnh Long","Tên trạm BTS":"3G_VLI042M_VLG.VLM","Địa chỉ lắp đặt":"Ấp Ngã Hậu, xã Hiếu Thành, tỉnh Vĩnh Long","Trạm 3G":"3G","Số giấy chứng nhận kiểm định":null,"Có giá trị đến":"03/03/2028","layer_id":165,"fid":12309,"label":"Viễn thông Vĩnh Long"}},{"type":"Feature","geometry":{"type":"Point","coordinates":[106.1339,10.02393]},"properties":{"Tên doanh nghiệp":"Viễn thông Vĩnh Long","Tên trạm BTS":"VLI025A_VLG.VLM","Địa chỉ lắp đặt":"Ấp Hiếu Minh B, xã Hiếu Thành, Tỉnh Vĩnh Long","Trạm 3G":"3G","Số giấy chứng nhận kiểm định":null,"Có giá trị đến":"05/08/2029","layer_id":165,"fid":12310,"label":"Viễn thông Vĩnh Long"}},{"type":"Feature","geometry":{"type":"Point","coordinates":[106.19588,10.062245]},"properties":{"Tên doanh nghiệp":"Viễn thông Vĩnh Long","Tên trạm BTS":"AN-TRUNG_VLG.VLM","Địa chỉ lắp đặt":"Ấp Trung An, xã Trung Thành, tỉnh Vĩnh Long.","Trạm 3G":"3G","Số giấy chứng nhận kiểm định":null,"Có giá trị đến":"05/08/2029","layer_id":165,"fid":12311,"label":"Viễn thông Vĩnh Long"}},{"type":"Feature","geometry":{"type":"Point","coordinates":[106.04615,10.00042]},"properties":{"Tên doanh nghiệp":"Viễn thông Vĩnh Long","Tên trạm BTS":"THOI-HOA_VLG.TON","Địa chỉ lắp đặt":"Ấp Tường Nghĩa, xã Hòa Bình , tỉnh Vĩnh Long.","Trạm 3G":"3G","Số giấy chứng nhận kiểm định":null,"Có giá trị đến":"3/16/31 12:00:00 AM","layer_id":165,"fid":12312,"label":"Viễn thông Vĩnh Long"}},{"type":"Feature","geometry":{"type":"Point","coordinates":[106.13116,10.14219]},"properties":{"Tên doanh nghiệp":"Viễn thông Vĩnh Long","Tên trạm BTS":"BA-DONG_VLG.VLM","Địa chỉ lắp đặt":"Ấp Bà Đông, xã Trung Hiệp, tỉnh Vĩnh Long.","Trạm 3G":"3G","Số giấy chứng nhận kiểm định":null,"Có giá trị đến":"04/08/2030","layer_id":165,"fid":12313,"label":"Viễn thông Vĩnh Long"}},{"type":"Feature","geometry":{"type":"Point","coordinates":[106.19124,10.08766]},"properties":{"Tên doanh nghiệp":"Viễn thông Vĩnh Long","Tên trạm BTS":"3G_VLI038M_VLG.VLM","Địa chỉ lắp đặt":"Ấp Phong Thới, xã Trung Thành, tỉnh Vĩnh Long.","Trạm 3G":"3G","Số giấy chứng nhận kiểm định":"A16258311025TG05","Có giá trị đến":"10/31/30 12:00:00 AM","layer_id":165,"fid":12314,"label":"Viễn thông Vĩnh Long"}},{"type":"Feature","geometry":{"type":"Point","coordinates":[106.093319,10.093798]},"properties":{"Tên doanh nghiệp":"Viễn thông Vĩnh Long","Tên trạm BTS":"QUANG-PHU_VLG.VLM","Địa chỉ lắp đặt":"Ấp Quang Phú, xã Hiếu Phụng, tỉnh Vĩnh Long.","Trạm 3G":"3G","Số giấy chứng nhận kiểm định":null,"Có giá trị đến":"05/08/2029","layer_id":165,"fid":12315,"label":"Viễn thông Vĩnh Long"}},{"type":"Feature","geometry":{"type":"Point","coordinates":[106.18924,10.16063]},"properties":{"Tên doanh nghiệp":"Viễn thông Vĩnh Long","Tên trạm BTS":"VLI027A_VLG.VLM","Địa chỉ lắp đặt":"Ấp Phước Lý 2, xã Quới Thiện, tỉnh Vĩnh Long.","Trạm 3G":"3G","Số giấy chứng nhận kiểm định":null,"Có giá trị đến":"03/03/2028","layer_id":165,"fid":12316,"label":"Viễn thông Vĩnh Long"}},{"type":"Feature","geometry":{"type":"Point","coordinates":[106.159849,10.110021]},"properties":{"Tên doanh nghiệp":"Viễn thông Vĩnh Long","Tên trạm BTS":"RACH-NUNG_VLG.VLM","Địa chỉ lắp đặt":"Ấp Rạch Nưng, xã Trung Hiệp, tỉnh Vĩnh Long.","Trạm 3G":"3G","Số giấy chứng nhận kiểm định":null,"Có giá trị đến":"04/08/2030","layer_id":165,"fid":12317,"label":"Viễn thông Vĩnh Long"}},{"type":"Feature","geometry":{"type":"Point","coordinates":[106.21834,10.12897]},"properties":{"Tên doanh nghiệp":"Viễn thông Vĩnh Long","Tên trạm BTS":"3G_VLI032M_VLG.VLM","Địa chỉ lắp đặt":"Ấp Tân Bình, xã Quới Thiện, tỉnh Vĩnh Long","Trạm 3G":"3G","Số giấy chứng nhận kiểm định":null,"Có giá trị đến":"03/03/2028","layer_id":165,"fid":12318,"label":"Viễn thông Vĩnh Long"}},{"type":"Feature","geometry":{"type":"Point","coordinates":[106.07401,10.01319]},"properties":{"Tên doanh nghiệp":"Viễn thông Vĩnh Long","Tên trạm BTS":"TRUONG-THO_VLG.TON","Địa chỉ lắp đặt":"Ấp Tường Thọ, xã Hòa Bình , tỉnh Vĩnh Long.","Trạm 3G":"3G","Số giấy chứng nhận kiểm định":null,"Có giá trị đến":"05/08/2029","layer_id":165,"fid":12319,"label":"Viễn thông Vĩnh Long"}},{"type":"Feature","geometry":{"type":"Point","coordinates":[106.18253,10.08536]},"properties":{"Tên doanh nghiệp":"Viễn thông Vĩnh Long","Tên trạm BTS":"VLG2023-041","Địa chỉ lắp đặt":"ấp Rạch Trúc, xã Trung Thành, tỉnh Vĩnh Long","Trạm 3G":"3G","Số giấy chứng nhận kiểm định":null,"Có giá trị đến":"3/16/31 12:00:00 AM","layer_id":165,"fid":12320,"label":"Viễn thông Vĩnh Long"}},{"type":"Feature","geometry":{"type":"Point","coordinates":[106.088615,10.0538]},"properties":{"Tên doanh nghiệp":"Viễn thông Vĩnh Long","Tên trạm BTS":"VLG2023-205","Địa chỉ lắp đặt":"ấp Hiệp Lợi, xã Hòa Bình, tỉnh Vĩnh Long","Trạm 3G":"3G","Số giấy chứng nhận kiểm định":null,"Có giá trị đến":"3/16/31 12:00:00 AM","layer_id":165,"fid":12321,"label":"Viễn thông Vĩnh Long"}},{"type":"Feature","geometry":{"type":"Point","coordinates":[106.1566,10.0224]},"properties":{"Tên doanh nghiệp":"Viễn thông Vĩnh Long","Tên trạm BTS":"VLG2023-BS-003","Địa chỉ lắp đặt":"Xã Hiếu Phụng, tỉnh Vĩnh Long","Trạm 3G":"3G","Số giấy chứng nhận kiểm định":null,"Có giá trị đến":"3/16/31 12:00:00 AM","layer_id":165,"fid":12322,"label":"Viễn thông Vĩnh Long"}},{"type":"Feature","geometry":{"type":"Point","coordinates":[105.82615,10.03398]},"properties":{"Tên doanh nghiệp":"Viễn thông Vĩnh Long","Tên trạm BTS":"3G_BMI025M_VLG.BMI","Địa chỉ lắp đặt":"Lô CX8, KCN Bình Minh, ấp Mỹ Lợi, Phường Cái Vồn, tỉnh Vĩnh Long.","Trạm 3G":"3G","Số giấy chứng nhận kiểm định":null,"Có giá trị đến":"05/08/2029","layer_id":165,"fid":12323,"label":"Viễn thông Vĩnh Long"}},{"type":"Feature","geometry":{"type":"Point","coordinates":[105.77448,10.09355]},"properties":{"Tên doanh nghiệp":"Viễn thông Vĩnh Long","Tên trạm BTS":"THANH-CONG_VLG.BTN","Địa chỉ lắp đặt":"Ấp Thành Công, xã Tân Quới, tỉnh Vĩnh Long.","Trạm 3G":"3G","Số giấy chứng nhận kiểm định":"A08112290321TG05","Có giá trị đến":"3/29/26 12:00:00 AM","layer_id":165,"fid":12324,"label":"Viễn thông Vĩnh Long"}},{"type":"Feature","geometry":{"type":"Point","coordinates":[105.82105,10.06873]},"properties":{"Tên doanh nghiệp":"Viễn thông Vĩnh Long","Tên trạm BTS":"BMI015A_VLG.BMI","Địa chỉ lắp đặt":"Số 127/5, đường Ngô Quyền, khóm 1, phường Cái Vồn, TX.Bình Minh, tỉnh Vĩnh Long.","Trạm 3G":"3G","Số giấy chứng nhận kiểm định":"A14365221124TG05","Có giá trị đến":"11/22/29 12:00:00 AM","layer_id":165,"fid":12325,"label":"Viễn thông Vĩnh Long"}},{"type":"Feature","geometry":{"type":"Point","coordinates":[105.84121,10.02609]},"properties":{"Tên doanh nghiệp":"Viễn thông Vĩnh Long","Tên trạm BTS":"DONG-HUNG_VLG.BMI","Địa chỉ lắp đặt":"Ấp Đông Hưng 1, phường Đông Thành, tỉnh Vĩnh Long.","Trạm 3G":"3G","Số giấy chứng nhận kiểm định":"A01030160126TG05","Có giá trị đến":"1/16/31 12:00:00 AM","layer_id":165,"fid":12326,"label":"Viễn thông Vĩnh Long"}},{"type":"Feature","geometry":{"type":"Point","coordinates":[105.72185,10.1298]},"properties":{"Tên doanh nghiệp":"Viễn thông Vĩnh Long","Tên trạm BTS":"VLG2021-11","Địa chỉ lắp đặt":"Tờ bản đồ số 03, thửa đất số 177, ấp Tân Hậu, xã Tân Bình Huyện Bình Tân, tỉnh Vĩnh Long","Trạm 3G":"3G","Số giấy chứng nhận kiểm định":null,"Có giá trị đến":"03/03/2028","layer_id":165,"fid":12327,"label":"Viễn thông Vĩnh Long"}},{"type":"Feature","geometry":{"type":"Point","coordinates":[105.86219,10.14675]},"properties":{"Tên doanh nghiệp":"Viễn thông Vĩnh Long","Tên trạm BTS":"BTA024A_VLG.BTN","Địa chỉ lắp đặt":"Ấp Hòa Hiệp, xã Mỹ Thuận, tỉnh Vĩnh Long.","Trạm 3G":"3G","Số giấy chứng nhận kiểm định":null,"Có giá trị đến":"04/08/2030","layer_id":165,"fid":12328,"label":"Viễn thông Vĩnh Long"}},{"type":"Feature","geometry":{"type":"Point","coordinates":[105.75681,10.18439]},"properties":{"Tên doanh nghiệp":"Viễn thông Vĩnh Long","Tên trạm BTS":"HUNG-LOI_VLG.BTN","Địa chỉ lắp đặt":"Ấp Tân Lợi, xã Tân Lược, tỉnh Vĩnh Long.","Trạm 3G":"3G","Số giấy chứng nhận kiểm định":null,"Có giá trị đến":"3/16/31 12:00:00 AM","layer_id":165,"fid":12329,"label":"Viễn thông Vĩnh Long"}},{"type":"Feature","geometry":{"type":"Point","coordinates":[105.79845,10.14427]},"properties":{"Tên doanh nghiệp":"Viễn thông Vĩnh Long","Tên trạm BTS":"THANH-TRUNG_VLG.BTN","Địa chỉ lắp đặt":"Ấp Hòa An, xã Mỹ Thuận, tỉnh Vĩnh Long.","Trạm 3G":"3G","Số giấy chứng nhận kiểm định":null,"Có giá trị đến":"3/16/31 12:00:00 AM","layer_id":165,"fid":12330,"label":"Viễn thông Vĩnh Long"}},{"type":"Feature","geometry":{"type":"Point","coordinates":[105.69691,10.13442]},"properties":{"Tên doanh nghiệp":"Viễn thông Vĩnh Long","Tên trạm BTS":"3G_BTA027M_VLG.BTN","Địa chỉ lắp đặt":"Ấp An Thạnh, xã Tân Lược, tỉnh Vĩnh Long","Trạm 3G":"3G","Số giấy chứng nhận kiểm định":null,"Có giá trị đến":"06/01/2031","layer_id":165,"fid":12331,"label":"Viễn thông Vĩnh Long"}},{"type":"Feature","geometry":{"type":"Point","coordinates":[105.849442,10.04194]},"properties":{"Tên doanh nghiệp":"Viễn thông Vĩnh Long","Tên trạm BTS":"3G_BMI026M_VLG.BMI","Địa chỉ lắp đặt":"Âp Đông Hậu, phường Đông Thành, tỉnh Vĩnh Long","Trạm 3G":"3G","Số giấy chứng nhận kiểm định":null,"Có giá trị đến":"03/03/2028","layer_id":165,"fid":12332,"label":"Viễn thông Vĩnh Long"}},{"type":"Feature","geometry":{"type":"Point","coordinates":[105.835879,10.149443]},"properties":{"Tên doanh nghiệp":"Viễn thông Vĩnh Long","Tên trạm BTS":"TAM-BINH-4_VLG.BTN","Địa chỉ lắp đặt":"Ấp Hòa Thuận, xã Mỹ Thuận, tỉnh Vĩnh Long.","Trạm 3G":"3G","Số giấy chứng nhận kiểm định":null,"Có giá trị đến":"04/08/2030","layer_id":165,"fid":12333,"label":"Viễn thông Vĩnh Long"}},{"type":"Feature","geometry":{"type":"Point","coordinates":[105.83341,10.04419]},"properties":{"Tên doanh nghiệp":"Viễn thông Vĩnh Long","Tên trạm BTS":"DONG-BINH_VLG.BMI","Địa chỉ lắp đặt":"Ấp Đông Thuận, Phường Đông Thuận, TX.Bình Minh, tỉnh Vĩnh Long.","Trạm 3G":"3G","Số giấy chứng nhận kiểm định":null,"Có giá trị đến":"04/08/2030","layer_id":165,"fid":12334,"label":"Viễn thông Vĩnh Long"}},{"type":"Feature","geometry":{"type":"Point","coordinates":[105.73951,10.18033]},"properties":{"Tên doanh nghiệp":"Viễn thông Vĩnh Long","Tên trạm BTS":"TAN-HUNG_VLG.BTN","Địa chỉ lắp đặt":"Ấp Hưng Lợi, xã Tân Lược, tỉnh Vĩnh Long.","Trạm 3G":"3G","Số giấy chứng nhận kiểm định":null,"Có giá trị đến":"03/03/2028","layer_id":165,"fid":12335,"label":"Viễn thông Vĩnh Long"}},{"type":"Feature","geometry":{"type":"Point","coordinates":[105.75376,10.10213]},"properties":{"Tên doanh nghiệp":"Viễn thông Vĩnh Long","Tên trạm BTS":"TAN-QUOI_VLG.BTN","Địa chỉ lắp đặt":"Ấp Tân Thuận, xã Tân Quới, huyện Bình Tân, tỉnh Vĩnh Long.","Trạm 3G":"3G","Số giấy chứng nhận kiểm định":"A16252311025TG05","Có giá trị đến":"10/31/30 12:00:00 AM","layer_id":165,"fid":12336,"label":"Viễn thông Vĩnh Long"}},{"type":"Feature","geometry":{"type":"Point","coordinates":[105.82194,10.02944]},"properties":{"Tên doanh nghiệp":"Viễn thông Vĩnh Long","Tên trạm BTS":"3G-BMI022M-VLG.BMI","Địa chỉ lắp đặt":"Ấp Mỹ Hưng 2, Phường Cái Vồn, tỉnh Vĩnh Long","Trạm 3G":"3G","Số giấy chứng nhận kiểm định":null,"Có giá trị đến":"06/01/2031","layer_id":165,"fid":12337,"label":"Viễn thông Vĩnh Long"}},{"type":"Feature","geometry":{"type":"Point","coordinates":[105.84703,10.00147]},"properties":{"Tên doanh nghiệp":"Viễn thông Vĩnh Long","Tên trạm BTS":"3G_BMI024M_VLG.BMI","Địa chỉ lắp đặt":"Ấp Mỹ Phước 1, Phường Cái Vồn, tỉnh Vĩnh Long","Trạm 3G":"3G","Số giấy chứng nhận kiểm định":null,"Có giá trị đến":"03/03/2028","layer_id":165,"fid":12338,"label":"Viễn thông Vĩnh Long"}},{"type":"Feature","geometry":{"type":"Point","coordinates":[105.84971,10.07843]},"properties":{"Tên doanh nghiệp":"Viễn thông Vĩnh Long","Tên trạm BTS":"3G_BMI012M_VLG.BMI","Địa chỉ lắp đặt":"Ấp Thuận Tiến, xã Thuận An, thị xã Bình Minh, tỉnh Vĩnh Long.","Trạm 3G":"3G","Số giấy chứng nhận kiểm định":null,"Có giá trị đến":"06/01/2031","layer_id":165,"fid":12339,"label":"Viễn thông Vĩnh Long"}},{"type":"Feature","geometry":{"type":"Point","coordinates":[105.75118,10.16033]},"properties":{"Tên doanh nghiệp":"Viễn thông Vĩnh Long","Tên trạm BTS":"BTA023A_VLG.BTN","Địa chỉ lắp đặt":"Ấp Tân Cương, xã Tân Lược, tỉnh Vĩnh Long.","Trạm 3G":"3G","Số giấy chứng nhận kiểm định":null,"Có giá trị đến":"03/03/2028","layer_id":165,"fid":12340,"label":"Viễn thông Vĩnh Long"}},{"type":"Feature","geometry":{"type":"Point","coordinates":[105.773762,10.117717]},"properties":{"Tên doanh nghiệp":"Viễn thông Vĩnh Long","Tên trạm BTS":"THANH-AN_VLG.BTN","Địa chỉ lắp đặt":"Ấp Thành Thọ, xã Tân Quới, tỉnh Vĩnh Long.","Trạm 3G":"3G","Số giấy chứng nhận kiểm định":null,"Có giá trị đến":"03/03/2028","layer_id":165,"fid":12341,"label":"Viễn thông Vĩnh Long"}},{"type":"Feature","geometry":{"type":"Point","coordinates":[105.73923,10.13492]},"properties":{"Tên doanh nghiệp":"Viễn thông Vĩnh Long","Tên trạm BTS":"TAN-BIEN_VLG.BTN","Địa chỉ lắp đặt":"Ấp Tân Biên, xã Tân Lược, tỉnh Vĩnh Long.","Trạm 3G":"3G","Số giấy chứng nhận kiểm định":null,"Có giá trị đến":"3/16/31 12:00:00 AM","layer_id":165,"fid":12342,"label":"Viễn thông Vĩnh Long"}},{"type":"Feature","geometry":{"type":"Point","coordinates":[105.73648,10.10928]},"properties":{"Tên doanh nghiệp":"Viễn thông Vĩnh Long","Tên trạm BTS":"BTA025A_VLG.BTN","Địa chỉ lắp đặt":"Ấp Tân Hiệp,xã Tân Quới, tỉnh Vĩnh Long.","Trạm 3G":"3G","Số giấy chứng nhận kiểm định":null,"Có giá trị đến":"01/10/2029","layer_id":165,"fid":12343,"label":"Viễn thông Vĩnh Long"}},{"type":"Feature","geometry":{"type":"Point","coordinates":[105.861942,10.060148]},"properties":{"Tên doanh nghiệp":"Viễn thông Vĩnh Long","Tên trạm BTS":"DONG-THANH-C_VLG.BMI","Địa chỉ lắp đặt":"Ấp Đông Thạnh C, phường Đông Thành, tỉnh Vĩnh Long.","Trạm 3G":"3G","Số giấy chứng nhận kiểm định":null,"Có giá trị đến":"03/03/2028","layer_id":165,"fid":12344,"label":"Viễn thông Vĩnh Long"}},{"type":"Feature","geometry":{"type":"Point","coordinates":[105.77522,10.15761]},"properties":{"Tên doanh nghiệp":"Viễn thông Vĩnh Long","Tên trạm BTS":"THANH-LOC_VLG.BTN","Địa chỉ lắp đặt":"Ấp Thành Lộc, xã Mỹ Thuận, tỉnh Vĩnh Long.","Trạm 3G":"3G","Số giấy chứng nhận kiểm định":null,"Có giá trị đến":"3/16/31 12:00:00 AM","layer_id":165,"fid":12345,"label":"Viễn thông Vĩnh Long"}},{"type":"Feature","geometry":{"type":"Point","coordinates":[105.87831,10.00097]},"properties":{"Tên doanh nghiệp":"Viễn thông Vĩnh Long","Tên trạm BTS":"DONG-THANH_VLG.BMI","Địa chỉ lắp đặt":"Ấp Đông Hòa 2, phường Đông Thành, tỉnh Vĩnh Long.","Trạm 3G":"3G","Số giấy chứng nhận kiểm định":"A14370221124TG05","Có giá trị đến":"11/22/29 12:00:00 AM","layer_id":165,"fid":12346,"label":"Viễn thông Vĩnh Long"}},{"type":"Feature","geometry":{"type":"Point","coordinates":[105.72627,10.20215]},"properties":{"Tên doanh nghiệp":"Viễn thông Vĩnh Long","Tên trạm BTS":"BTA026A_VLG.BTN","Địa chỉ lắp đặt":"Ấp Hưng Phú, xã Tân Lược, Vĩnh Long.","Trạm 3G":"3G","Số giấy chứng nhận kiểm định":null,"Có giá trị đến":"03/03/2028","layer_id":165,"fid":12347,"label":"Viễn thông Vĩnh Long"}},{"type":"Feature","geometry":{"type":"Point","coordinates":[105.76419,10.10902]},"properties":{"Tên doanh nghiệp":"Viễn thông Vĩnh Long","Tên trạm BTS":"3G_BTA029M_VLG.BTN","Địa chỉ lắp đặt":"Ấp Thành Khương, xã Tân Quưới, tỉnh Vĩnh Long.","Trạm 3G":"3G","Số giấy chứng nhận kiểm định":null,"Có giá trị đến":"3/16/31 12:00:00 AM","layer_id":165,"fid":12348,"label":"Viễn thông Vĩnh Long"}},{"type":"Feature","geometry":{"type":"Point","coordinates":[105.8857,10.0315]},"properties":{"Tên doanh nghiệp":"Viễn thông Vĩnh Long","Tên trạm BTS":"3G_BMI027M_VLG.BMI","Địa chỉ lắp đặt":"Ấp Thanh Lý, phường Đông Thành, tỉnh Vĩnh Long","Trạm 3G":"3G","Số giấy chứng nhận kiểm định":null,"Có giá trị đến":"03/03/2028","layer_id":165,"fid":12349,"label":"Viễn thông Vĩnh Long"}},{"type":"Feature","geometry":{"type":"Point","coordinates":[105.7277,10.1236]},"properties":{"Tên doanh nghiệp":"Viễn thông Vĩnh Long","Tên trạm BTS":"TAN-PHU-B_VLG.BTN","Địa chỉ lắp đặt":"Ấp Tân Hậu, xã Tân Quới, tỉnh Vĩnh Long.","Trạm 3G":"3G","Số giấy chứng nhận kiểm định":"A08110290321TG05","Có giá trị đến":"3/29/26 12:00:00 AM","layer_id":165,"fid":12350,"label":"Viễn thông Vĩnh Long"}},{"type":"Feature","geometry":{"type":"Point","coordinates":[105.849846,10.108371]},"properties":{"Tên doanh nghiệp":"Viễn thông Vĩnh Long","Tên trạm BTS":"3G_BTA028M_VLG.BTN","Địa chỉ lắp đặt":"Ấp Mỹ Tú, xã Mỹ Thuận, tỉnh Vĩnh Long.","Trạm 3G":"3G","Số giấy chứng nhận kiểm định":null,"Có giá trị đến":"06/01/2031","layer_id":165,"fid":12351,"label":"Viễn thông Vĩnh Long"}},{"type":"Feature","geometry":{"type":"Point","coordinates":[105.75912,10.1424]},"properties":{"Tên doanh nghiệp":"Viễn thông Vĩnh Long","Tên trạm BTS":"TAN-THANH_VLG.BTN","Địa chỉ lắp đặt":"Ấp Tân Dương, xã Tân Lược, tỉnh Vĩnh Long.","Trạm 3G":"3G","Số giấy chứng nhận kiểm định":null,"Có giá trị đến":"06/01/2031","layer_id":165,"fid":12352,"label":"Viễn thông Vĩnh Long"}},{"type":"Feature","geometry":{"type":"Point","coordinates":[105.72478,10.16053]},"properties":{"Tên doanh nghiệp":"Viễn thông Vĩnh Long","Tên trạm BTS":"HUNG-THINH_VLG.BTN","Địa chỉ lắp đặt":"Ấp Hưng Thịnh, xã Tân Lược, tỉnh Vĩnh Long.","Trạm 3G":"3G","Số giấy chứng nhận kiểm định":null,"Có giá trị đến":"3/16/31 12:00:00 AM","layer_id":165,"fid":12353,"label":"Viễn thông Vĩnh Long"}},{"type":"Feature","geometry":{"type":"Point","coordinates":[105.83422,10.07384]},"properties":{"Tên doanh nghiệp":"Viễn thông Vĩnh Long","Tên trạm BTS":"THUAN-AN-2_VLG.BMI","Địa chỉ lắp đặt":"Ấp Thuận Tiến A, Phường Bình Minh, tỉnh Vĩnh Long.","Trạm 3G":"3G","Số giấy chứng nhận kiểm định":"A08105290321TG05","Có giá trị đến":"3/29/26 12:00:00 AM","layer_id":165,"fid":12354,"label":"Viễn thông Vĩnh Long"}},{"type":"Feature","geometry":{"type":"Point","coordinates":[105.83692,10.09458]},"properties":{"Tên doanh nghiệp":"Viễn thông Vĩnh Long","Tên trạm BTS":"THUAN-AN_VLG.BMI","Địa chỉ lắp đặt":"Ấp Thuận Phú A, Phường Bình Minh, tỉnh Vĩnh Long.","Trạm 3G":"3G","Số giấy chứng nhận kiểm định":null,"Có giá trị đến":"03/03/2028","layer_id":165,"fid":12355,"label":"Viễn thông Vĩnh Long"}},{"type":"Feature","geometry":{"type":"Point","coordinates":[105.806773,10.048452]},"properties":{"Tên doanh nghiệp":"Viễn thông Vĩnh Long","Tên trạm BTS":"MY-HUNG-1_VLG.BMI","Địa chỉ lắp đặt":"Ấp Mỹ Hưng 1, Phường Cái Vồn, tỉnh Vĩnh Long.","Trạm 3G":"3G","Số giấy chứng nhận kiểm định":null,"Có giá trị đến":"06/01/2031","layer_id":165,"fid":12356,"label":"Viễn thông Vĩnh Long"}},{"type":"Feature","geometry":{"type":"Point","coordinates":[105.85837,10.01101]},"properties":{"Tên doanh nghiệp":"Viễn thông Vĩnh Long","Tên trạm BTS":"BMI013A_VLG.BMI","Địa chỉ lắp đặt":"Ấp Đông Hưng 3, phường Đông Thành, tỉnh Vĩnh Long.","Trạm 3G":"3G","Số giấy chứng nhận kiểm định":"A14374221124TG05","Có giá trị đến":"11/22/29 12:00:00 AM","layer_id":165,"fid":12357,"label":"Viễn thông Vĩnh Long"}},{"type":"Feature","geometry":{"type":"Point","coordinates":[105.791838,10.069771]},"properties":{"Tên doanh nghiệp":"Viễn thông Vĩnh Long","Tên trạm BTS":"THANH-PHU_VLG.BTN","Địa chỉ lắp đặt":"Ấp Thạnh Phú, xã Tân Quới, tỉnh Vĩnh Long.","Trạm 3G":"3G","Số giấy chứng nhận kiểm định":"A08113290321TG05","Có giá trị đến":"3/29/26 12:00:00 AM","layer_id":165,"fid":12358,"label":"Viễn thông Vĩnh Long"}},{"type":"Feature","geometry":{"type":"Point","coordinates":[105.783606,10.081026]},"properties":{"Tên doanh nghiệp":"Viễn thông Vĩnh Long","Tên trạm BTS":"TAN-QUOI-2_VLG.BTN","Địa chỉ lắp đặt":"Ấp Thạnh Trí, xã Tân Quới, tỉnh Vĩnh Long.","Trạm 3G":"3G","Số giấy chứng nhận kiểm định":null,"Có giá trị đến":"3/16/31 12:00:00 AM","layer_id":165,"fid":12359,"label":"Viễn thông Vĩnh Long"}},{"type":"Feature","geometry":{"type":"Point","coordinates":[105.74759,10.12105]},"properties":{"Tên doanh nghiệp":"Viễn thông Vĩnh Long","Tên trạm BTS":"TAN-TRUNG_VLG.BTN","Địa chỉ lắp đặt":"Ấp Tân Trung, xã Tân Quới, tỉnh Vĩnh Long.","Trạm 3G":"3G","Số giấy chứng nhận kiểm định":"A08111290321TG05","Có giá trị đến":"3/29/26 12:00:00 AM","layer_id":165,"fid":12360,"label":"Viễn thông Vĩnh Long"}},{"type":"Feature","geometry":{"type":"Point","coordinates":[105.71725,10.13995]},"properties":{"Tên doanh nghiệp":"Viễn thông Vĩnh Long","Tên trạm BTS":"TAN-LUOC_VLG.BTN","Địa chỉ lắp đặt":"Ấp Tân Lộc, xã Tân Lược, tỉnh Vĩnh Long.","Trạm 3G":"3G","Số giấy chứng nhận kiểm định":"A08109290321TG05","Có giá trị đến":"3/29/26 12:00:00 AM","layer_id":165,"fid":12361,"label":"Viễn thông Vĩnh Long"}},{"type":"Feature","geometry":{"type":"Point","coordinates":[105.859857,10.122658]},"properties":{"Tên doanh nghiệp":"Viễn thông Vĩnh Long","Tên trạm BTS":"BINH-MINH-1_VLG.BTN","Địa chỉ lắp đặt":"Ấp Kinh Mới, xã Mỹ Thuận, tỉnh Vĩnh Long.","Trạm 3G":"3G","Số giấy chứng nhận kiểm định":null,"Có giá trị đến":"04/08/2030","layer_id":165,"fid":12362,"label":"Viễn thông Vĩnh Long"}},{"type":"Feature","geometry":{"type":"Point","coordinates":[105.77652,10.17326]},"properties":{"Tên doanh nghiệp":"Viễn thông Vĩnh Long","Tên trạm BTS":"BUU-DIEN-TAN-THANH_VLG.BTN","Địa chỉ lắp đặt":"Ấp Tân Lập, xã Tân Lược, tỉnh Vĩnh Long.","Trạm 3G":"3G","Số giấy chứng nhận kiểm định":null,"Có giá trị đến":"3/16/31 12:00:00 AM","layer_id":165,"fid":12363,"label":"Viễn thông Vĩnh Long"}},{"type":"Feature","geometry":{"type":"Point","coordinates":[105.70715,10.14854]},"properties":{"Tên doanh nghiệp":"Viễn thông Vĩnh Long","Tên trạm BTS":"3G_BTA030M_VLG.BTN","Địa chỉ lắp đặt":"Ấp An Thới, xã Tân Lược, tỉnh Vĩnh Long.","Trạm 3G":"3G","Số giấy chứng nhận kiểm định":null,"Có giá trị đến":"3/16/31 12:00:00 AM","layer_id":165,"fid":12364,"label":"Viễn thông Vĩnh Long"}},{"type":"Feature","geometry":{"type":"Point","coordinates":[105.80046,10.05911]},"properties":{"Tên doanh nghiệp":"Viễn thông Vĩnh Long","Tên trạm BTS":"BMI021A_VLG.BMI","Địa chỉ lắp đặt":"Tổ 3, Khóm 3, Phường Cái Vồn, tỉnh Vĩnh Long","Trạm 3G":"3G","Số giấy chứng nhận kiểm định":null,"Có giá trị đến":"06/01/2031","layer_id":165,"fid":12365,"label":"Viễn thông Vĩnh Long"}},{"type":"Feature","geometry":{"type":"Point","coordinates":[105.81254,10.07271]},"properties":{"Tên doanh nghiệp":"Viễn thông Vĩnh Long","Tên trạm BTS":"3G-BMI023M-VLG.BMI","Địa chỉ lắp đặt":"Khóm 5,  Phường Bình Minh, tỉnh Vĩnh Long","Trạm 3G":"3G","Số giấy chứng nhận kiểm định":null,"Có giá trị đến":"05/08/2029","layer_id":165,"fid":12366,"label":"Viễn thông Vĩnh Long"}},{"type":"Feature","geometry":{"type":"Point","coordinates":[105.82266,10.13267]},"properties":{"Tên doanh nghiệp":"Viễn thông Vĩnh Long","Tên trạm BTS":"NGUYEN-VAN-THANH_VLG.BTN","Địa chỉ lắp đặt":"Ấp Mỹ Hòa, xã Mỹ Thuận, tỉnh Vĩnh Long.","Trạm 3G":"3G","Số giấy chứng nhận kiểm định":"A08107290321TG05","Có giá trị đến":"3/29/26 12:00:00 AM","layer_id":165,"fid":12367,"label":"Viễn thông Vĩnh Long"}},{"type":"Feature","geometry":{"type":"Point","coordinates":[105.82738,10.10777]},"properties":{"Tên doanh nghiệp":"Viễn thông Vĩnh Long","Tên trạm BTS":"MY-THUAN-2_VLG.BTN","Địa chỉ lắp đặt":"Ấp Mỹ Thuận B, xã Mỹ Thuận, tỉnh Vĩnh Long","Trạm 3G":"3G","Số giấy chứng nhận kiểm định":"A08106290321TG05","Có giá trị đến":"3/29/26 12:00:00 AM","layer_id":165,"fid":12368,"label":"Viễn thông Vĩnh Long"}},{"type":"Feature","geometry":{"type":"Point","coordinates":[105.798,10.11098]},"properties":{"Tên doanh nghiệp":"Viễn thông Vĩnh Long","Tên trạm BTS":"MY-THUAN_VLG.BTN","Địa chỉ lắp đặt":"Ấp Mỹ Tân, xã Mỹ Thuận, tỉnh Vĩnh Long.","Trạm 3G":"3G","Số giấy chứng nhận kiểm định":null,"Có giá trị đến":"03/03/2028","layer_id":165,"fid":12369,"label":"Viễn thông Vĩnh Long"}},{"type":"Feature","geometry":{"type":"Point","coordinates":[105.72284,10.14873]},"properties":{"Tên doanh nghiệp":"Viễn thông Vĩnh Long","Tên trạm BTS":"3G_BTA031M_VLG.BTN","Địa chỉ lắp đặt":"Ấp Tân Khánh, xã Tân Lược, tỉnh Vĩnh Long.","Trạm 3G":"3G","Số giấy chứng nhận kiểm định":null,"Có giá trị đến":"3/16/31 12:00:00 AM","layer_id":165,"fid":12370,"label":"Viễn thông Vĩnh Long"}},{"type":"Feature","geometry":{"type":"Point","coordinates":[105.80851,10.09021]},"properties":{"Tên doanh nghiệp":"Viễn thông Vĩnh Long","Tên trạm BTS":"THUAN-NGHIA_VLG.BMI","Địa chỉ lắp đặt":"Ấp Thuận Nghĩa, Phường Bình Minh, tỉnh Vĩnh Long.","Trạm 3G":"3G","Số giấy chứng nhận kiểm định":"A04015010422TG05","Có giá trị đến":"01/04/2027","layer_id":165,"fid":12371,"label":"Viễn thông Vĩnh Long"}},{"type":"Feature","geometry":{"type":"Point","coordinates":[105.76474,10.098564]},"properties":{"Tên doanh nghiệp":"Viễn thông Vĩnh Long","Tên trạm BTS":"VLG2023-006 (BTA035M_VLG)","Địa chỉ lắp đặt":"Khóm Thành Nhân, xã Tân Quới, tỉnh Vĩnh Long","Trạm 3G":"3G","Số giấy chứng nhận kiểm định":null,"Có giá trị đến":"06/01/2031","layer_id":165,"fid":12372,"label":"Viễn thông Vĩnh Long"}},{"type":"Feature","geometry":{"type":"Point","coordinates":[105.88906,10.01488]},"properties":{"Tên doanh nghiệp":"Viễn thông Vĩnh Long","Tên trạm BTS":"BMI014A_VLG.BMI","Địa chỉ lắp đặt":"Ấp Hóa Thành, phường Đông Thành, tỉnh Vĩnh Long.","Trạm 3G":"3G","Số giấy chứng nhận kiểm định":"A14358221124TG05","Có giá trị đến":"11/22/29 12:00:00 AM","layer_id":165,"fid":12373,"label":"Viễn thông Vĩnh Long"}},{"type":"Feature","geometry":{"type":"Point","coordinates":[105.80703,10.06371]},"properties":{"Tên doanh nghiệp":"Viễn thông Vĩnh Long","Tên trạm BTS":"BINH-MINH-3_VLG.BMI","Địa chỉ lắp đặt":"Khóm 4, Phường Cái Vồn, TX.Bình Minh, tỉnh Vĩnh Long.","Trạm 3G":"3G","Số giấy chứng nhận kiểm định":"A08104290321TG05","Có giá trị đến":"3/29/26 12:00:00 AM","layer_id":165,"fid":12374,"label":"Viễn thông Vĩnh Long"}},{"type":"Feature","geometry":{"type":"Point","coordinates":[105.82661,10.06345]},"properties":{"Tên doanh nghiệp":"Viễn thông Vĩnh Long","Tên trạm BTS":"BMI020A_VLG.BMI","Địa chỉ lắp đặt":"Khóm Đông Bình A, Phường Đông Thành, tỉnh Vĩnh Long","Trạm 3G":"3G","Số giấy chứng nhận kiểm định":null,"Có giá trị đến":"06/01/2031","layer_id":165,"fid":12375,"label":"Viễn thông Vĩnh Long"}},{"type":"Feature","geometry":{"type":"Point","coordinates":[105.69633,10.15777]},"properties":{"Tên doanh nghiệp":"Viễn thông Vĩnh Long","Tên trạm BTS":"TAN-AN-THANH_VLG.BTN","Địa chỉ lắp đặt":"Ấp An Thới, xã Tân Lược, tỉnh Vĩnh Long.","Trạm 3G":"3G","Số giấy chứng nhận kiểm định":"A08108290321TG05","Có giá trị đến":"3/29/26 12:00:00 AM","layer_id":165,"fid":12376,"label":"Viễn thông Vĩnh Long"}},{"type":"Feature","geometry":{"type":"Point","coordinates":[105.84972,10.12671]},"properties":{"Tên doanh nghiệp":"Viễn thông Vĩnh Long","Tên trạm BTS":"VLG2023-210 (BTA037M_VLG)","Địa chỉ lắp đặt":"ấp Kinh Mới, Xã Mỹ Thuận, tỉnh Vĩnh Long","Trạm 3G":"3G","Số giấy chứng nhận kiểm định":null,"Có giá trị đến":"06/01/2031","layer_id":165,"fid":12377,"label":"Viễn thông Vĩnh Long"}},{"type":"Feature","geometry":{"type":"Point","coordinates":[105.83834,10.10701]},"properties":{"Tên doanh nghiệp":"Viễn thông Vĩnh Long","Tên trạm BTS":"VLG2023-019 (BTA036M_VLG)","Địa chỉ lắp đặt":"ấp Mỹ Tú, xã Mỹ Thuận, huyện Bình Tân, tỉnh Vĩnh Long","Trạm 3G":"3G","Số giấy chứng nhận kiểm định":null,"Có giá trị đến":"3/16/31 12:00:00 AM","layer_id":165,"fid":12378,"label":"Viễn thông Vĩnh Long"}},{"type":"Feature","geometry":{"type":"Point","coordinates":[105.83221,10.08497]},"properties":{"Tên doanh nghiệp":"Viễn thông Vĩnh Long","Tên trạm BTS":"VLG2023-002 (BMI031M_VLG)","Địa chỉ lắp đặt":"ấp Thuận Phú A,  Phường Bình Minh, tỉnh Vĩnh Long","Trạm 3G":"3G","Số giấy chứng nhận kiểm định":null,"Có giá trị đến":"06/01/2031","layer_id":165,"fid":12379,"label":"Viễn thông Vĩnh Long"}},{"type":"Feature","geometry":{"type":"Point","coordinates":[105.8416,10.05467]},"properties":{"Tên doanh nghiệp":"Viễn thông Vĩnh Long","Tên trạm BTS":"VLG2023-003 (BMI030M_VLG)","Địa chỉ lắp đặt":"ấp Phù Ly 2, Phường Đông Thành, tỉnh Vĩnh Long","Trạm 3G":"3G","Số giấy chứng nhận kiểm định":null,"Có giá trị đến":"06/01/2031","layer_id":165,"fid":12380,"label":"Viễn thông Vĩnh Long"}},{"type":"Feature","geometry":{"type":"Point","coordinates":[105.83022,10.05501]},"properties":{"Tên doanh nghiệp":"Viễn thông Vĩnh Long","Tên trạm BTS":"BMI019A_VLG.BMI","Địa chỉ lắp đặt":"Số 713/13, Khóm Đông Bình, Phường Đông Thành, tỉnh Vĩnh Long.","Trạm 3G":"3G","Số giấy chứng nhận kiểm định":null,"Có giá trị đến":"06/01/2031","layer_id":165,"fid":12381,"label":"Viễn thông Vĩnh Long"}},{"type":"Feature","geometry":{"type":"Point","coordinates":[105.87015,10.04335]},"properties":{"Tên doanh nghiệp":"Viễn thông Vĩnh Long","Tên trạm BTS":"DONG-THANH-2_VLG.BMI","Địa chỉ lắp đặt":"Ấp Đông Thành A, xã Đông Thạnh, TX.Bình Minh.","Trạm 3G":"3G","Số giấy chứng nhận kiểm định":null,"Có giá trị đến":"01/10/2029","layer_id":165,"fid":12382,"label":"Viễn thông Vĩnh Long"}},{"type":"Feature","geometry":{"type":"Point","coordinates":[105.726679,10.13751]},"properties":{"Tên doanh nghiệp":"Viễn thông Vĩnh Long","Tên trạm BTS":"VLG2023-201","Địa chỉ lắp đặt":"Ấp Tân Lộc, xã Tân Lược, tỉnh Vĩnh Long","Trạm 3G":"3G","Số giấy chứng nhận kiểm định":null,"Có giá trị đến":"3/16/31 12:00:00 AM","layer_id":165,"fid":12383,"label":"Viễn thông Vĩnh Long"}},{"type":"Feature","geometry":{"type":"Point","coordinates":[105.8256,10.0747]},"properties":{"Tên doanh nghiệp":"Viễn thông Vĩnh Long","Tên trạm BTS":"VLG2025-DX-014","Địa chỉ lắp đặt":"Phường Bình Minh, tỉnh Vĩnh Long","Trạm 3G":"3G","Số giấy chứng nhận kiểm định":null,"Có giá trị đến":"3/16/31 12:00:00 AM","layer_id":165,"fid":12384,"label":"Viễn thông Vĩnh Long"}},{"type":"Feature","geometry":{"type":"Point","coordinates":[105.914917,10.128954]},"properties":{"Tên doanh nghiệp":"Viễn thông Vĩnh Long","Tên trạm BTS":"BA-CANG-2_VLG.TBH","Địa chỉ lắp đặt":"Ấp Phú An, xã Song Phú, tỉnh Vĩnh Long.","Trạm 3G":"3G","Số giấy chứng nhận kiểm định":"A08114290321TG05","Có giá trị đến":"3/29/26 12:00:00 AM","layer_id":165,"fid":12385,"label":"Viễn thông Vĩnh Long"}},{"type":"Feature","geometry":{"type":"Point","coordinates":[105.918195,10.075767]},"properties":{"Tên doanh nghiệp":"Viễn thông Vĩnh Long","Tên trạm BTS":"LONG-PHU_VLG.TBH","Địa chỉ lắp đặt":"Ấp 6B, xã Song Phú, tỉnh Vĩnh Long.","Trạm 3G":"3G","Số giấy chứng nhận kiểm định":null,"Có giá trị đến":"04/08/2030","layer_id":165,"fid":12386,"label":"Viễn thông Vĩnh Long"}},{"type":"Feature","geometry":{"type":"Point","coordinates":[105.883699,10.150648]},"properties":{"Tên doanh nghiệp":"Viễn thông Vĩnh Long","Tên trạm BTS":"PHU-THINH_VLG.TBH","Địa chỉ lắp đặt":"Ấp Phú Hòa, xã Song Phú, tỉnh Vĩnh Long.","Trạm 3G":"3G","Số giấy chứng nhận kiểm định":null,"Có giá trị đến":"04/08/2030","layer_id":165,"fid":12387,"label":"Viễn thông Vĩnh Long"}},{"type":"Feature","geometry":{"type":"Point","coordinates":[105.88291,10.101216]},"properties":{"Tên doanh nghiệp":"Viễn thông Vĩnh Long","Tên trạm BTS":"3G_TBI044M_VLG.TBH","Địa chỉ lắp đặt":"Ấp Phú Nghĩa, xã Song Phú, tỉnh Vĩnh Long.","Trạm 3G":"3G","Số giấy chứng nhận kiểm định":null,"Có giá trị đến":"06/01/2031","layer_id":165,"fid":12388,"label":"Viễn thông Vĩnh Long"}},{"type":"Feature","geometry":{"type":"Point","coordinates":[105.889053,10.131811]},"properties":{"Tên doanh nghiệp":"Viễn thông Vĩnh Long","Tên trạm BTS":"TBI038A_VLG.TBH","Địa chỉ lắp đặt":"Ấp Phú Thuận, xã Song Phú, tỉnh Vĩnh Long.","Trạm 3G":"3G","Số giấy chứng nhận kiểm định":null,"Có giá trị đến":"06/01/2031","layer_id":165,"fid":12389,"label":"Viễn thông Vĩnh Long"}},{"type":"Feature","geometry":{"type":"Point","coordinates":[105.863412,10.083242]},"properties":{"Tên doanh nghiệp":"Viễn thông Vĩnh Long","Tên trạm BTS":"TAN-PHU_VLG.TBH","Địa chỉ lắp đặt":"Ấp Phú Mỹ, xã Song Phú, tỉnh Vĩnh Long.","Trạm 3G":"3G","Số giấy chứng nhận kiểm định":null,"Có giá trị đến":"06/01/2031","layer_id":165,"fid":12390,"label":"Viễn thông Vĩnh Long"}},{"type":"Feature","geometry":{"type":"Point","coordinates":[105.89117,10.08959]},"properties":{"Tên doanh nghiệp":"Viễn thông Vĩnh Long","Tên trạm BTS":"TAN-PHU-2_VLG.TBH","Địa chỉ lắp đặt":"Ấp Phú Thọ, xã Song Phú, tỉnh Vĩnh Long.","Trạm 3G":"3G","Số giấy chứng nhận kiểm định":null,"Có giá trị đến":"06/01/2031","layer_id":165,"fid":12391,"label":"Viễn thông Vĩnh Long"}},{"type":"Feature","geometry":{"type":"Point","coordinates":[105.906326,10.062946]},"properties":{"Tên doanh nghiệp":"Viễn thông Vĩnh Long","Tên trạm BTS":"3G_TBI042M_VLG.TBH","Địa chỉ lắp đặt":"Ấp Phú Sơn B, xã Song Phú, tỉnh Vĩnh Long.","Trạm 3G":"3G","Số giấy chứng nhận kiểm định":null,"Có giá trị đến":"3/16/31 12:00:00 AM","layer_id":165,"fid":12392,"label":"Viễn thông Vĩnh Long"}},{"type":"Feature","geometry":{"type":"Point","coordinates":[105.89731,10.11364]},"properties":{"Tên doanh nghiệp":"Viễn thông Vĩnh Long","Tên trạm BTS":"BA-CANG_VLG.TBH","Địa chỉ lắp đặt":"Ấp Phú Trường, xã Song Phú, tỉnh Vĩnh Long.","Trạm 3G":"3G","Số giấy chứng nhận kiểm định":"A01034160126TG05","Có giá trị đến":"1/16/31 12:00:00 AM","layer_id":165,"fid":12393,"label":"Viễn thông Vĩnh Long"}},{"type":"Feature","geometry":{"type":"Point","coordinates":[105.926699,10.118479]},"properties":{"Tên doanh nghiệp":"Viễn thông Vĩnh Long","Tên trạm BTS":"SONG-PHU-3_VLG.TBH","Địa chỉ lắp đặt":"Ấp Phú Điền, xã Song Phú, tỉnh Vĩnh Long.","Trạm 3G":"3G","Số giấy chứng nhận kiểm định":null,"Có giá trị đến":"01/10/2029","layer_id":165,"fid":12394,"label":"Viễn thông Vĩnh Long"}},{"type":"Feature","geometry":{"type":"Point","coordinates":[105.906988,10.107662]},"properties":{"Tên doanh nghiệp":"Viễn thông Vĩnh Long","Tên trạm BTS":"VLG2024-212","Địa chỉ lắp đặt":"Ấp Phú Điền, xã Song Phú, tỉnh Vĩnh Long","Trạm 3G":"3G","Số giấy chứng nhận kiểm định":null,"Có giá trị đến":"3/16/31 12:00:00 AM","layer_id":165,"fid":12395,"label":"Viễn thông Vĩnh Long"}},{"type":"Feature","geometry":{"type":"Point","coordinates":[105.939112,9.991037]},"properties":{"Tên doanh nghiệp":"Viễn thông Vĩnh Long","Tên trạm BTS":"BINH-NINH_VLG.TBH","Địa chỉ lắp đặt":"Ấp An Phú Tân, xã Ngãi Tứ, tỉnh Vĩnh Long.","Trạm 3G":"3G","Số giấy chứng nhận kiểm định":"A14366221124TG05","Có giá trị đến":"11/22/29 12:00:00 AM","layer_id":165,"fid":12396,"label":"Viễn thông Vĩnh Long"}},{"type":"Feature","geometry":{"type":"Point","coordinates":[106.03242,9.95016]},"properties":{"Tên doanh nghiệp":"Viễn thông Vĩnh Long","Tên trạm BTS":"3G_TON033M_VLG.TON","Địa chỉ lắp đặt":"Ấp Vĩnh Thạnh, xã Vĩnh Xuân, tỉnh Vĩnh Long","Trạm 3G":"3G","Số giấy chứng nhận kiểm định":null,"Có giá trị đến":"05/08/2029","layer_id":165,"fid":12397,"label":"Viễn thông Vĩnh Long"}},{"type":"Feature","geometry":{"type":"Point","coordinates":[105.900142,10.045941]},"properties":{"Tên doanh nghiệp":"Viễn thông Vĩnh Long","Tên trạm BTS":"TAM-BINH-5_VLG.TBH","Địa chỉ lắp đặt":"Ấp Bình Ninh, xã Ngãi Tứ, tỉnh Vĩnh Long.","Trạm 3G":"3G","Số giấy chứng nhận kiểm định":null,"Có giá trị đến":"06/01/2031","layer_id":165,"fid":12398,"label":"Viễn thông Vĩnh Long"}},{"type":"Feature","geometry":{"type":"Point","coordinates":[105.983383,10.118732]},"properties":{"Tên doanh nghiệp":"Viễn thông Vĩnh Long","Tên trạm BTS":"HAU-LOC_VLG.TBH","Địa chỉ lắp đặt":"Ấp 5, xã Hậu Lộc, huyện Tam Bình, tỉnh Vĩnh Long.","Trạm 3G":"3G","Số giấy chứng nhận kiểm định":null,"Có giá trị đến":"01/10/2029","layer_id":165,"fid":12399,"label":"Viễn thông Vĩnh Long"}},{"type":"Feature","geometry":{"type":"Point","coordinates":[105.890497,9.987938]},"properties":{"Tên doanh nghiệp":"Viễn thông Vĩnh Long","Tên trạm BTS":"3G_TBI043M_VLG.TBH","Địa chỉ lắp đặt":"Ấp Đông Phú, xã Ngãi Tứ, tỉnh Vĩnh Long.","Trạm 3G":"3G","Số giấy chứng nhận kiểm định":null,"Có giá trị đến":"3/16/31 12:00:00 AM","layer_id":165,"fid":12400,"label":"Viễn thông Vĩnh Long"}},{"type":"Feature","geometry":{"type":"Point","coordinates":[105.99963,10.04888]},"properties":{"Tên doanh nghiệp":"Viễn thông Vĩnh Long","Tên trạm BTS":"TAM-BINH_VLG.TBH","Địa chỉ lắp đặt":"Khóm 3, Xã Tam Bình, tỉnh Vĩnh Long.","Trạm 3G":"3G","Số giấy chứng nhận kiểm định":"A16251311025TG05","Có giá trị đến":"10/31/30 12:00:00 AM","layer_id":165,"fid":12401,"label":"Viễn thông Vĩnh Long"}},{"type":"Feature","geometry":{"type":"Point","coordinates":[106.0099,9.9501]},"properties":{"Tên doanh nghiệp":"Viễn thông Vĩnh Long","Tên trạm BTS":"VINH-XUAN_VLG.TON","Địa chỉ lắp đặt":"Ấp Vĩnh Trinh, xã Vĩnh Xuân, tỉnh Vĩnh Long.","Trạm 3G":"3G","Số giấy chứng nhận kiểm định":null,"Có giá trị đến":"05/08/2029","layer_id":165,"fid":12402,"label":"Viễn thông Vĩnh Long"}},{"type":"Feature","geometry":{"type":"Point","coordinates":[105.97701,10.047382]},"properties":{"Tên doanh nghiệp":"Viễn thông Vĩnh Long","Tên trạm BTS":"TBI034A_VLG.TBH","Địa chỉ lắp đặt":"Ấp Mỹ Phú 4, xã Tam Bình, tỉnh Vĩnh Long","Trạm 3G":"3G","Số giấy chứng nhận kiểm định":null,"Có giá trị đến":"01/10/2029","layer_id":165,"fid":12403,"label":"Viễn thông Vĩnh Long"}},{"type":"Feature","geometry":{"type":"Point","coordinates":[105.996094,10.133279]},"properties":{"Tên doanh nghiệp":"Viễn thông Vĩnh Long","Tên trạm BTS":"TAN-LOC_VLG.TBH","Địa chỉ lắp đặt":"Ấp 9, xã Cái Ngang, tỉnh Vĩnh Long.","Trạm 3G":"3G","Số giấy chứng nhận kiểm định":null,"Có giá trị đến":"06/01/2031","layer_id":165,"fid":12404,"label":"Viễn thông Vĩnh Long"}},{"type":"Feature","geometry":{"type":"Point","coordinates":[105.91205,9.95716]},"properties":{"Tên doanh nghiệp":"Viễn thông Vĩnh Long","Tên trạm BTS":"LUC-SY-2_VLG.TON","Địa chỉ lắp đặt":"Ấp Tân An, xã Lục Sỹ Thành, tỉnh Vĩnh Long.","Trạm 3G":"3G","Số giấy chứng nhận kiểm định":"A14375221124TG05","Có giá trị đến":"11/22/29 12:00:00 AM","layer_id":165,"fid":12405,"label":"Viễn thông Vĩnh Long"}},{"type":"Feature","geometry":{"type":"Point","coordinates":[105.932042,10.055812]},"properties":{"Tên doanh nghiệp":"Viễn thông Vĩnh Long","Tên trạm BTS":"LOAN-MY-2_VLG.TBH","Địa chỉ lắp đặt":"Ấp Loan Mỹ, xã Ngãi Tứ tỉnh Vĩnh Long.","Trạm 3G":"3G","Số giấy chứng nhận kiểm định":null,"Có giá trị đến":"3/16/31 12:00:00 AM","layer_id":165,"fid":12406,"label":"Viễn thông Vĩnh Long"}},{"type":"Feature","geometry":{"type":"Point","coordinates":[105.935435,9.951302]},"properties":{"Tên doanh nghiệp":"Viễn thông Vĩnh Long","Tên trạm BTS":"3G_TON035M_VLG.TON","Địa chỉ lắp đặt":"Ấp Mỹ Lợi, xã Trà Ôn, tỉnh Vĩnh Long.","Trạm 3G":"3G","Số giấy chứng nhận kiểm định":null,"Có giá trị đến":"3/16/31 12:00:00 AM","layer_id":165,"fid":12407,"label":"Viễn thông Vĩnh Long"}},{"type":"Feature","geometry":{"type":"Point","coordinates":[105.935599,10.101729]},"properties":{"Tên doanh nghiệp":"Viễn thông Vĩnh Long","Tên trạm BTS":"3G_TBI039M_VLG.TBH","Địa chỉ lắp đặt":"Ấp 5, xã Cái Ngang, tỉnh Vĩnh Long","Trạm 3G":"3G","Số giấy chứng nhận kiểm định":null,"Có giá trị đến":"3/16/31 12:00:00 AM","layer_id":165,"fid":12408,"label":"Viễn thông Vĩnh Long"}},{"type":"Feature","geometry":{"type":"Point","coordinates":[106.05128,9.94471]},"properties":{"Tên doanh nghiệp":"Viễn thông Vĩnh Long","Tên trạm BTS":"TRA-ON-6_VLG.TON","Địa chỉ lắp đặt":"Ấp Giồng Gòn, xã Vĩnh Xuân, tỉnh Vĩnh Long.","Trạm 3G":"3G","Số giấy chứng nhận kiểm định":null,"Có giá trị đến":"22/01/2029","layer_id":165,"fid":12409,"label":"Viễn thông Vĩnh Long"}},{"type":"Feature","geometry":{"type":"Point","coordinates":[105.922362,9.963365]},"properties":{"Tên doanh nghiệp":"Viễn thông Vĩnh Long","Tên trạm BTS":"TON027B_VLG.TON","Địa chỉ lắp đặt":"Khu 4-đường Trưng Trắc, xã Trà Ôn, tỉnh Vĩnh Long.","Trạm 3G":"3G","Số giấy chứng nhận kiểm định":null,"Có giá trị đến":"05/08/2029","layer_id":165,"fid":12410,"label":"Viễn thông Vĩnh Long"}},{"type":"Feature","geometry":{"type":"Point","coordinates":[105.961697,10.005852]},"properties":{"Tên doanh nghiệp":"Viễn thông Vĩnh Long","Tên trạm BTS":"LOAN-MY_VLG.TBH","Địa chỉ lắp đặt":"Ấp Đại Nghĩa, xã Ngãi Tứ tỉnh Vĩnh Long.","Trạm 3G":"3G","Số giấy chứng nhận kiểm định":null,"Có giá trị đến":"05/08/2029","layer_id":165,"fid":12411,"label":"Viễn thông Vĩnh Long"}},{"type":"Feature","geometry":{"type":"Point","coordinates":[105.999238,10.076761]},"properties":{"Tên doanh nghiệp":"Viễn thông Vĩnh Long","Tên trạm BTS":"HOA-LOC-2_VLG.TBH","Địa chỉ lắp đặt":"Ấp Mỹ Hòa, xã Hòa Hiệp, tỉnh Vĩnh Long.","Trạm 3G":"3G","Số giấy chứng nhận kiểm định":null,"Có giá trị đến":"05/08/2029","layer_id":165,"fid":12412,"label":"Viễn thông Vĩnh Long"}},{"type":"Feature","geometry":{"type":"Point","coordinates":[106.013496,10.008129]},"properties":{"Tên doanh nghiệp":"Viễn thông Vĩnh Long","Tên trạm BTS":"TRA-CON-2_VLG.TON","Địa chỉ lắp đặt":"Ấp Trà Ngoa, xã Trà Côn, tỉnh Vĩnh Long.","Trạm 3G":"3G","Số giấy chứng nhận kiểm định":null,"Có giá trị đến":"06/01/2031","layer_id":165,"fid":12413,"label":"Viễn thông Vĩnh Long"}},{"type":"Feature","geometry":{"type":"Point","coordinates":[105.90966,10.02189]},"properties":{"Tên doanh nghiệp":"Viễn thông Vĩnh Long","Tên trạm BTS":"NGAI-TU_VLG.TBH","Địa chỉ lắp đặt":"Ấp An Phong, xã Ngãi Tứ, tỉnh Vĩnh Long.","Trạm 3G":"3G","Số giấy chứng nhận kiểm định":null,"Có giá trị đến":"04/08/2030","layer_id":165,"fid":12414,"label":"Viễn thông Vĩnh Long"}},{"type":"Feature","geometry":{"type":"Point","coordinates":[105.990103,10.060794]},"properties":{"Tên doanh nghiệp":"Viễn thông Vĩnh Long","Tên trạm BTS":"TBI035A_VLG.TBH","Địa chỉ lắp đặt":"ấp Mỹ Trung 2, xã Tam Bình, Tỉnh Vĩnh Long","Trạm 3G":"3G","Số giấy chứng nhận kiểm định":null,"Có giá trị đến":"01/10/2029","layer_id":165,"fid":12415,"label":"Viễn thông Vĩnh Long"}},{"type":"Feature","geometry":{"type":"Point","coordinates":[105.987072,10.045112]},"properties":{"Tên doanh nghiệp":"Viễn thông Vĩnh Long","Tên trạm BTS":"3G_TBI041M_VLG.TBH","Địa chỉ lắp đặt":"Ấp Mỹ Phú 2, xã Tam Bình, tỉnh Vĩnh Long.","Trạm 3G":"3G","Số giấy chứng nhận kiểm định":null,"Có giá trị đến":"3/16/31 12:00:00 AM","layer_id":165,"fid":12416,"label":"Viễn thông Vĩnh Long"}},{"type":"Feature","geometry":{"type":"Point","coordinates":[106.012984,9.935005]},"properties":{"Tên doanh nghiệp":"Viễn thông Vĩnh Long","Tên trạm BTS":"3G_TON041M_VLG.TON","Địa chỉ lắp đặt":"Ấp Gò Tranh, xã Vĩnh Xuân, tỉnh Vĩnh Long.","Trạm 3G":"3G","Số giấy chứng nhận kiểm định":null,"Có giá trị đến":"3/16/31 12:00:00 AM","layer_id":165,"fid":12417,"label":"Viễn thông Vĩnh Long"}},{"type":"Feature","geometry":{"type":"Point","coordinates":[106.045914,9.98527]},"properties":{"Tên doanh nghiệp":"Viễn thông Vĩnh Long","Tên trạm BTS":"3G_TON042M_VLG.TON","Địa chỉ lắp đặt":"Ấp Kênh Đào, xã Vĩnh Xuân, tỉnh Vĩnh Long","Trạm 3G":"3G","Số giấy chứng nhận kiểm định":null,"Có giá trị đến":"03/03/2028","layer_id":165,"fid":12418,"label":"Viễn thông Vĩnh Long"}},{"type":"Feature","geometry":{"type":"Point","coordinates":[105.94813,10.14002]},"properties":{"Tên doanh nghiệp":"Viễn thông Vĩnh Long","Tên trạm BTS":"3G_TBI045M_VLG.TBH","Địa chỉ lắp đặt":"Ấp Lung Đồng, xã Cái Ngang, tỉnh Vĩnh Long","Trạm 3G":"3G","Số giấy chứng nhận kiểm định":null,"Có giá trị đến":"03/03/2028","layer_id":165,"fid":12419,"label":"Viễn thông Vĩnh Long"}},{"type":"Feature","geometry":{"type":"Point","coordinates":[105.945307,10.121191]},"properties":{"Tên doanh nghiệp":"Viễn thông Vĩnh Long","Tên trạm BTS":"PHU-LOC_VLG.TBH","Địa chỉ lắp đặt":"Ấp Phú Tân, xã Cái Ngang, tỉnh Vĩnh Long.","Trạm 3G":"3G","Số giấy chứng nhận kiểm định":null,"Có giá trị đến":"01/10/2029","layer_id":165,"fid":12420,"label":"Viễn thông Vĩnh Long"}},{"type":"Feature","geometry":{"type":"Point","coordinates":[105.9817,9.9406]},"properties":{"Tên doanh nghiệp":"Viễn thông Vĩnh Long","Tên trạm BTS":"MUONG-DIEU_VLG.TON","Địa chỉ lắp đặt":"Ấp Mương Điều, xã Trà Ôn, tỉnh Vĩnh Long.","Trạm 3G":"3G","Số giấy chứng nhận kiểm định":null,"Có giá trị đến":"3/16/31 12:00:00 AM","layer_id":165,"fid":12421,"label":"Viễn thông Vĩnh Long"}},{"type":"Feature","geometry":{"type":"Point","coordinates":[105.984838,9.956801]},"properties":{"Tên doanh nghiệp":"Viễn thông Vĩnh Long","Tên trạm BTS":"TON032A_VLG.TON","Địa chỉ lắp đặt":"Ấp Vĩnh Khánh 1, xã Vĩnh Xuân, tỉnh Vĩnh Long.","Trạm 3G":"3G","Số giấy chứng nhận kiểm định":null,"Có giá trị đến":"05/08/2029","layer_id":165,"fid":12422,"label":"Viễn thông Vĩnh Long"}},{"type":"Feature","geometry":{"type":"Point","coordinates":[105.95399,10.05833]},"properties":{"Tên doanh nghiệp":"Viễn thông Vĩnh Long","Tên trạm BTS":"MY-PHU-3_VLG.TBH","Địa chỉ lắp đặt":"Ấp Mỹ Phú 3, xã Tam Bình, tỉnh Vĩnh Long.","Trạm 3G":"3G","Số giấy chứng nhận kiểm định":null,"Có giá trị đến":"01/10/2029","layer_id":165,"fid":12423,"label":"Viễn thông Vĩnh Long"}},{"type":"Feature","geometry":{"type":"Point","coordinates":[105.98571,10.02906]},"properties":{"Tên doanh nghiệp":"Viễn thông Vĩnh Long","Tên trạm BTS":"TUONG-LOC_VLG.TBH","Địa chỉ lắp đặt":"Ấp Mỹ Phú 5, xã Tam Bình, tỉnh Vĩnh Long.","Trạm 3G":"3G","Số giấy chứng nhận kiểm định":null,"Có giá trị đến":"06/01/2031","layer_id":165,"fid":12424,"label":"Viễn thông Vĩnh Long"}},{"type":"Feature","geometry":{"type":"Point","coordinates":[106.020345,10.122458]},"properties":{"Tên doanh nghiệp":"Viễn thông Vĩnh Long","Tên trạm BTS":"HOA-HIEP-2_VLG.TBH","Địa chỉ lắp đặt":"Ấp Hào Phong, xã Hòa Hiệp, tỉnh Vĩnh Long.","Trạm 3G":"3G","Số giấy chứng nhận kiểm định":"A14368221124TG05","Có giá trị đến":"11/22/29 12:00:00 AM","layer_id":165,"fid":12425,"label":"Viễn thông Vĩnh Long"}},{"type":"Feature","geometry":{"type":"Point","coordinates":[106.04601,10.08406]},"properties":{"Tên doanh nghiệp":"Viễn thông Vĩnh Long","Tên trạm BTS":"XUAN-HIEP_VLG.TBH","Địa chỉ lắp đặt":"Ấp 7, xã Hòa Hiệp, tỉnh Vĩnh Long.","Trạm 3G":"3G","Số giấy chứng nhận kiểm định":null,"Có giá trị đến":"05/08/2029","layer_id":165,"fid":12426,"label":"Viễn thông Vĩnh Long"}},{"type":"Feature","geometry":{"type":"Point","coordinates":[106.02369,10.05634]},"properties":{"Tên doanh nghiệp":"Viễn thông Vĩnh Long","Tên trạm BTS":"TON031A_VLG.TON","Địa chỉ lắp đặt":"Ấp Ba Chùa, xã Trà Côn, tỉnh Vĩnh Long.","Trạm 3G":"3G","Số giấy chứng nhận kiểm định":null,"Có giá trị đến":"04/08/2030","layer_id":165,"fid":12427,"label":"Viễn thông Vĩnh Long"}},{"type":"Feature","geometry":{"type":"Point","coordinates":[106.01171,9.96587]},"properties":{"Tên doanh nghiệp":"Viễn thông Vĩnh Long","Tên trạm BTS":"VINH-XUAN-2_VLG.TON","Địa chỉ lắp đặt":"Ấp La Ghi, xã Vĩnh Xuân, tỉnh Vĩnh Long.","Trạm 3G":"3G","Số giấy chứng nhận kiểm định":null,"Có giá trị đến":"06/01/2031","layer_id":165,"fid":12428,"label":"Viễn thông Vĩnh Long"}},{"type":"Feature","geometry":{"type":"Point","coordinates":[105.998069,9.953327]},"properties":{"Tên doanh nghiệp":"Viễn thông Vĩnh Long","Tên trạm BTS":"3G_TON043M_VLG.TON","Địa chỉ lắp đặt":"Ấp Vĩnh Trinh, xã Vĩnh Xuân, tỉnh Vĩnh Long.","Trạm 3G":"3G","Số giấy chứng nhận kiểm định":null,"Có giá trị đến":"03/03/2028","layer_id":165,"fid":12429,"label":"Viễn thông Vĩnh Long"}},{"type":"Feature","geometry":{"type":"Point","coordinates":[105.920142,9.965619]},"properties":{"Tên doanh nghiệp":"Viễn thông Vĩnh Long","Tên trạm BTS":"TRA-ON_VLG.TON","Địa chỉ lắp đặt":"Số 10A, Khu 1, xã Trà Ôn, tỉnh Vĩnh Long.","Trạm 3G":"3G","Số giấy chứng nhận kiểm định":"A16254311025TG05","Có giá trị đến":"10/31/30 12:00:00 AM","layer_id":165,"fid":12430,"label":"Viễn thông Vĩnh Long"}},{"type":"Feature","geometry":{"type":"Point","coordinates":[105.87667,9.963982]},"properties":{"Tên doanh nghiệp":"Viễn thông Vĩnh Long","Tên trạm BTS":"3G_TON038M_VLG.TON","Địa chỉ lắp đặt":"Ấp Phú Long, xã Lục Sỹ Thành, tỉnh Vĩnh Long.","Trạm 3G":"3G","Số giấy chứng nhận kiểm định":null,"Có giá trị đến":"3/16/31 12:00:00 AM","layer_id":165,"fid":12431,"label":"Viễn thông Vĩnh Long"}},{"type":"Feature","geometry":{"type":"Point","coordinates":[105.88278,9.98083]},"properties":{"Tên doanh nghiệp":"Viễn thông Vĩnh Long","Tên trạm BTS":"PHU-THANH_VLG.TON","Địa chỉ lắp đặt":"Ấp Phú Thạnh, xã Lục Sỹ Thành, tỉnh Vĩnh Long.","Trạm 3G":"3G","Số giấy chứng nhận kiểm định":null,"Có giá trị đến":"04/08/2030","layer_id":165,"fid":12432,"label":"Viễn thông Vĩnh Long"}},{"type":"Feature","geometry":{"type":"Point","coordinates":[105.931668,10.016575]},"properties":{"Tên doanh nghiệp":"Viễn thông Vĩnh Long","Tên trạm BTS":"AN-HOA_VLG.TBH","Địa chỉ lắp đặt":"Ấp An Hòa A, xã Ngãi Tứ, tỉnh Vĩnh Long.","Trạm 3G":"3G","Số giấy chứng nhận kiểm định":null,"Có giá trị đến":"3/16/31 12:00:00 AM","layer_id":165,"fid":12433,"label":"Viễn thông Vĩnh Long"}},{"type":"Feature","geometry":{"type":"Point","coordinates":[105.92104,9.93486]},"properties":{"Tên doanh nghiệp":"Viễn thông Vĩnh Long","Tên trạm BTS":"LONG-HUNG_VLG.TON","Địa chỉ lắp đặt":"Ấp Long Hưng, xã Lục SỸ Thành, tỉnh Vĩnh Long.","Trạm 3G":"3G","Số giấy chứng nhận kiểm định":null,"Có giá trị đến":"3/16/31 12:00:00 AM","layer_id":165,"fid":12434,"label":"Viễn thông Vĩnh Long"}},{"type":"Feature","geometry":{"type":"Point","coordinates":[105.955889,10.024539]},"properties":{"Tên doanh nghiệp":"Viễn thông Vĩnh Long","Tên trạm BTS":"TAM-BINH-1_VLG.TBH","Địa chỉ lắp đặt":"Ấp Kỳ Sơn, xã Ngãi Tứ, tỉnh Vĩnh Long.","Trạm 3G":"3G","Số giấy chứng nhận kiểm định":null,"Có giá trị đến":"04/08/2030","layer_id":165,"fid":12435,"label":"Viễn thông Vĩnh Long"}},{"type":"Feature","geometry":{"type":"Point","coordinates":[105.957157,9.933127]},"properties":{"Tên doanh nghiệp":"Viễn thông Vĩnh Long","Tên trạm BTS":"TRA-ON-4_VLG.TON","Địa chỉ lắp đặt":"Ấp Tích Phước, xã Trà Ôn, tỉnh Vĩnh Long.","Trạm 3G":"3G","Số giấy chứng nhận kiểm định":null,"Có giá trị đến":"3/16/31 12:00:00 AM","layer_id":165,"fid":12436,"label":"Viễn thông Vĩnh Long"}},{"type":"Feature","geometry":{"type":"Point","coordinates":[105.98339,10.095147]},"properties":{"Tên doanh nghiệp":"Viễn thông Vĩnh Long","Tên trạm BTS":"MY-THANH-2_VLG.TBH","Địa chỉ lắp đặt":"Ấp 9, xã Cái Ngang, tỉnh Vĩnh Long.","Trạm 3G":"3G","Số giấy chứng nhận kiểm định":null,"Có giá trị đến":"06/01/2031","layer_id":165,"fid":12437,"label":"Viễn thông Vĩnh Long"}},{"type":"Feature","geometry":{"type":"Point","coordinates":[106.001497,10.10988]},"properties":{"Tên doanh nghiệp":"Viễn thông Vĩnh Long","Tên trạm BTS":"TBI037A_VLG.TBH","Địa chỉ lắp đặt":"Ấp Hòa Thuận, xã Hòa Hiệp, tỉnh Vĩnh Long.","Trạm 3G":"3G","Số giấy chứng nhận kiểm định":null,"Có giá trị đến":"06/01/2031","layer_id":165,"fid":12438,"label":"Viễn thông Vĩnh Long"}},{"type":"Feature","geometry":{"type":"Point","coordinates":[106.016221,10.094044]},"properties":{"Tên doanh nghiệp":"Viễn thông Vĩnh Long","Tên trạm BTS":"HOA-HIEP_VLG.TBH","Địa chỉ lắp đặt":"Ấp Cái Cui, xã Hòa Hiệp, tỉnh Vĩnh Long.","Trạm 3G":"3G","Số giấy chứng nhận kiểm định":null,"Có giá trị đến":"04/08/2030","layer_id":165,"fid":12439,"label":"Viễn thông Vĩnh Long"}},{"type":"Feature","geometry":{"type":"Point","coordinates":[105.92388,9.96763]},"properties":{"Tên doanh nghiệp":"Viễn thông Vĩnh Long","Tên trạm BTS":"TON029B_VLG.TON","Địa chỉ lắp đặt":"Khu 5-đường Đốc Phủ Yên, xã Trà Ôn, tỉnh Vĩnh Long","Trạm 3G":"3G","Số giấy chứng nhận kiểm định":null,"Có giá trị đến":"05/08/2029","layer_id":165,"fid":12440,"label":"Viễn thông Vĩnh Long"}},{"type":"Feature","geometry":{"type":"Point","coordinates":[105.99811,9.988795]},"properties":{"Tên doanh nghiệp":"Viễn thông Vĩnh Long","Tên trạm BTS":"TAM-VU_VLG.TON","Địa chỉ lắp đặt":"Ấp Tầm Vu, xa Trà Côn, tỉnh Vĩnh Long.","Trạm 3G":"3G","Số giấy chứng nhận kiểm định":null,"Có giá trị đến":"05/08/2029","layer_id":165,"fid":12441,"label":"Viễn thông Vĩnh Long"}},{"type":"Feature","geometry":{"type":"Point","coordinates":[105.943179,10.081395]},"properties":{"Tên doanh nghiệp":"Viễn thông Vĩnh Long","Tên trạm BTS":"TBI033A_VLG.TBH","Địa chỉ lắp đặt":"Ấp 11, xã Cái Ngang, tỉnh Vĩnh Long.","Trạm 3G":"3G","Số giấy chứng nhận kiểm định":null,"Có giá trị đến":"03/03/2028","layer_id":165,"fid":12442,"label":"Viễn thông Vĩnh Long"}},{"type":"Feature","geometry":{"type":"Point","coordinates":[106.000786,9.911251]},"properties":{"Tên doanh nghiệp":"Viễn thông Vĩnh Long","Tên trạm BTS":"TICH-THIEN_VLG.TON","Địa chỉ lắp đặt":"Ấp Tích Phú, xã Trà Ôn, tỉnh Vĩnh Long.","Trạm 3G":"3G","Số giấy chứng nhận kiểm định":null,"Có giá trị đến":"01/10/2029","layer_id":165,"fid":12443,"label":"Viễn thông Vĩnh Long"}},{"type":"Feature","geometry":{"type":"Point","coordinates":[105.991074,10.013998]},"properties":{"Tên doanh nghiệp":"Viễn thông Vĩnh Long","Tên trạm BTS":"TRA-CON_VLG.TON","Địa chỉ lắp đặt":"Ấp Trà Ngoa, xã Trà Côn, tỉnh Vĩnh Long.","Trạm 3G":"3G","Số giấy chứng nhận kiểm định":null,"Có giá trị đến":"3/16/31 12:00:00 AM","layer_id":165,"fid":12444,"label":"Viễn thông Vĩnh Long"}},{"type":"Feature","geometry":{"type":"Point","coordinates":[106.01622,9.98609]},"properties":{"Tên doanh nghiệp":"Viễn thông Vĩnh Long","Tên trạm BTS":"VAM-VONG_VLG.TON","Địa chỉ lắp đặt":"ấp Vĩnh Lợi, xã Vĩnh Xuân, tỉnh Vĩnh Long.","Trạm 3G":"3G","Số giấy chứng nhận kiểm định":null,"Có giá trị đến":"01/10/2029","layer_id":165,"fid":12445,"label":"Viễn thông Vĩnh Long"}},{"type":"Feature","geometry":{"type":"Point","coordinates":[106.08275,9.96008]},"properties":{"Tên doanh nghiệp":"Viễn thông Vĩnh Long","Tên trạm BTS":"HUU-THANH_VLG.TON","Địa chỉ lắp đặt":"Khu phố Hựu Thành, xã Vĩnh Xuân, tỉnh Vĩnh Long.","Trạm 3G":"3G","Số giấy chứng nhận kiểm định":null,"Có giá trị đến":"22/01/2029","layer_id":165,"fid":12446,"label":"Viễn thông Vĩnh Long"}},{"type":"Feature","geometry":{"type":"Point","coordinates":[106.049452,10.13117]},"properties":{"Tên doanh nghiệp":"Viễn thông Vĩnh Long","Tên trạm BTS":"TAM-BINH-2_VLG.VLM","Địa chỉ lắp đặt":"Ấp Thạnh Trí, xã Hòa Hiệp, tỉnh Vĩnh Long.","Trạm 3G":"3G","Số giấy chứng nhận kiểm định":null,"Có giá trị đến":"05/08/2029","layer_id":165,"fid":12447,"label":"Viễn thông Vĩnh Long"}},{"type":"Feature","geometry":{"type":"Point","coordinates":[106.06201,9.97474]},"properties":{"Tên doanh nghiệp":"Viễn thông Vĩnh Long","Tên trạm BTS":"VINH-HUU_VLG.TON","Địa chỉ lắp đặt":"Ấp Vĩnh Hựu, xã Vĩnh Xuân, tỉnh Vĩnh Long.","Trạm 3G":"3G","Số giấy chứng nhận kiểm định":null,"Có giá trị đến":"05/08/2029","layer_id":165,"fid":12448,"label":"Viễn thông Vĩnh Long"}},{"type":"Feature","geometry":{"type":"Point","coordinates":[105.942443,9.971191]},"properties":{"Tên doanh nghiệp":"Viễn thông Vĩnh Long","Tên trạm BTS":"MY-HOA_VLG.TON","Địa chỉ lắp đặt":"Ấp Mỹ Hòa, xã Trà Ôn, tỉnh Vĩnh Long.","Trạm 3G":"3G","Số giấy chứng nhận kiểm định":null,"Có giá trị đến":"05/08/2029","layer_id":165,"fid":12449,"label":"Viễn thông Vĩnh Long"}},{"type":"Feature","geometry":{"type":"Point","coordinates":[105.961819,10.092688]},"properties":{"Tên doanh nghiệp":"Viễn thông Vĩnh Long","Tên trạm BTS":"MY-LOC-2_VLG.TBH","Địa chỉ lắp đặt":"Ấp Mỹ Tân, xã Cái Ngang, tỉnh Vĩnh Long.","Trạm 3G":"3G","Số giấy chứng nhận kiểm định":null,"Có giá trị đến":"06/01/2031","layer_id":165,"fid":12450,"label":"Viễn thông Vĩnh Long"}},{"type":"Feature","geometry":{"type":"Point","coordinates":[106.07242,9.94632]},"properties":{"Tên doanh nghiệp":"Viễn thông Vĩnh Long","Tên trạm BTS":"(VLG2023-025)TON047M_VLG","Địa chỉ lắp đặt":"ấp Khu phố, xã Vĩnh Xuân, tỉnh Vĩnh Long","Trạm 3G":"3G","Số giấy chứng nhận kiểm định":null,"Có giá trị đến":"3/16/31 12:00:00 AM","layer_id":165,"fid":12451,"label":"Viễn thông Vĩnh Long"}},{"type":"Feature","geometry":{"type":"Point","coordinates":[105.96503,9.99544]},"properties":{"Tên doanh nghiệp":"Viễn thông Vĩnh Long","Tên trạm BTS":"CHUA-K-THAY_VLG.TON","Địa chỉ lắp đặt":"Ấp Mỹ Đình, xã Trà Côn, tỉnh Vĩnh Long.","Trạm 3G":"3G","Số giấy chứng nhận kiểm định":null,"Có giá trị đến":"01/10/2029","layer_id":165,"fid":12452,"label":"Viễn thông Vĩnh Long"}},{"type":"Feature","geometry":{"type":"Point","coordinates":[105.89368,9.95197]},"properties":{"Tên doanh nghiệp":"Viễn thông Vĩnh Long","Tên trạm BTS":"LUC-SY-THANH_VLG.TON","Địa chỉ lắp đặt":"Ấp Phú Long, xã Lục Sỹ Thành, tỉnh Vĩnh Long.","Trạm 3G":"3G","Số giấy chứng nhận kiểm định":null,"Có giá trị đến":"3/16/31 12:00:00 AM","layer_id":165,"fid":12453,"label":"Viễn thông Vĩnh Long"}},{"type":"Feature","geometry":{"type":"Point","coordinates":[105.967902,9.966599]},"properties":{"Tên doanh nghiệp":"Viễn thông Vĩnh Long","Tên trạm BTS":"THIEN-MY_VLG.TON","Địa chỉ lắp đặt":"Ấp Cây Điệp, xã Trà Ôn, tỉnh Vĩnh Long.","Trạm 3G":"3G","Số giấy chứng nhận kiểm định":null,"Có giá trị đến":"04/08/2030","layer_id":165,"fid":12454,"label":"Viễn thông Vĩnh Long"}},{"type":"Feature","geometry":{"type":"Point","coordinates":[106.034713,10.115616]},"properties":{"Tên doanh nghiệp":"Viễn thông Vĩnh Long","Tên trạm BTS":"HOA-HIEP-3_VLG.TBH","Địa chỉ lắp đặt":"Ấp 9, xã Hòa Hiệp, tỉnh Vĩnh Long.","Trạm 3G":"3G","Số giấy chứng nhận kiểm định":null,"Có giá trị đến":"04/08/2030","layer_id":165,"fid":12455,"label":"Viễn thông Vĩnh Long"}},{"type":"Feature","geometry":{"type":"Point","coordinates":[105.86203,9.98587]},"properties":{"Tên doanh nghiệp":"Viễn thông Vĩnh Long","Tên trạm BTS":"3G_TON039M_VLG.TON","Địa chỉ lắp đặt":"Ấp Phú Xuân, xã Lục Sỹ Thành, tỉnh Vĩnh Long.","Trạm 3G":"3G","Số giấy chứng nhận kiểm định":null,"Có giá trị đến":"3/16/31 12:00:00 AM","layer_id":165,"fid":12456,"label":"Viễn thông Vĩnh Long"}},{"type":"Feature","geometry":{"type":"Point","coordinates":[105.974099,10.072658]},"properties":{"Tên doanh nghiệp":"Viễn thông Vĩnh Long","Tên trạm BTS":"TBI032A_VLG.TBH","Địa chỉ lắp đặt":"Ấp Mỹ Hưng, xã Tam Bình,  tỉnh Vĩnh Long.","Trạm 3G":"3G","Số giấy chứng nhận kiểm định":null,"Có giá trị đến":"06/01/2031","layer_id":165,"fid":12457,"label":"Viễn thông Vĩnh Long"}},{"type":"Feature","geometry":{"type":"Point","coordinates":[105.912778,9.992693]},"properties":{"Tên doanh nghiệp":"Viễn thông Vĩnh Long","Tên trạm BTS":"BINH-NINH-2_VLG.TBH","Địa chỉ lắp đặt":"Âp Nhất, xã Ngãi Tứ, tỉnh Vĩnh Long.","Trạm 3G":"3G","Số giấy chứng nhận kiểm định":null,"Có giá trị đến":"3/16/31 12:00:00 AM","layer_id":165,"fid":12458,"label":"Viễn thông Vĩnh Long"}},{"type":"Feature","geometry":{"type":"Point","coordinates":[105.965035,10.130305]},"properties":{"Tên doanh nghiệp":"Viễn thông Vĩnh Long","Tên trạm BTS":"TBI036A_VLG.TBH","Địa chỉ lắp đặt":"Ấp Kinh Ngay, xã Hậu Lộc, huyện Tam Bình, tỉnh Vĩnh Long.","Trạm 3G":"3G","Số giấy chứng nhận kiểm định":null,"Có giá trị đến":"05/08/2029","layer_id":165,"fid":12459,"label":"Viễn thông Vĩnh Long"}},{"type":"Feature","geometry":{"type":"Point","coordinates":[105.96705,10.15167]},"properties":{"Tên doanh nghiệp":"Viễn thông Vĩnh Long","Tên trạm BTS":"HOA-PHU_VLG.TBH","Địa chỉ lắp đặt":"Ấp 1, xã Cái Ngang, tỉnh Vĩnh Long.","Trạm 3G":"3G","Số giấy chứng nhận kiểm định":null,"Có giá trị đến":"01/10/2029","layer_id":165,"fid":12460,"label":"Viễn thông Vĩnh Long"}},{"type":"Feature","geometry":{"type":"Point","coordinates":[105.906193,9.976453]},"properties":{"Tên doanh nghiệp":"Viễn thông Vĩnh Long","Tên trạm BTS":"3G_TBI040M_VLG.TBH","Địa chỉ lắp đặt":"Ấp Đông Hậu, xã Ngãi Tứ, tỉnh Vĩnh Long.","Trạm 3G":"3G","Số giấy chứng nhận kiểm định":null,"Có giá trị đến":"06/01/2031","layer_id":165,"fid":12461,"label":"Viễn thông Vĩnh Long"}},{"type":"Feature","geometry":{"type":"Point","coordinates":[106.02483,10.041991]},"properties":{"Tên doanh nghiệp":"Viễn thông Vĩnh Long","Tên trạm BTS":"3G_TON034M_VLG.TON","Địa chỉ lắp đặt":"Ấp Sa Rầy, xã Trà Côn","Trạm 3G":"3G","Số giấy chứng nhận kiểm định":null,"Có giá trị đến":"05/08/2029","layer_id":165,"fid":12462,"label":"Viễn thông Vĩnh Long"}},{"type":"Feature","geometry":{"type":"Point","coordinates":[105.9409,9.9286]},"properties":{"Tên doanh nghiệp":"Viễn thông Vĩnh Long","Tên trạm BTS":"3G_TON045M_VLG.TON","Địa chỉ lắp đặt":"Ấp Mỹ Thạnh A, xã Lục Sỹ Thành, tỉnh Vĩnh Long","Trạm 3G":"3G","Số giấy chứng nhận kiểm định":null,"Có giá trị đến":"22/01/2029","layer_id":165,"fid":12463,"label":"Viễn thông Vĩnh Long"}},{"type":"Feature","geometry":{"type":"Point","coordinates":[105.98714,9.92486]},"properties":{"Tên doanh nghiệp":"Viễn thông Vĩnh Long","Tên trạm BTS":"3G_TON036M_VLG.TON","Địa chỉ lắp đặt":"Ấp Cây Gòn, xã Trà Ôn, tỉnh Vĩnh Long","Trạm 3G":"3G","Số giấy chứng nhận kiểm định":null,"Có giá trị đến":"05/08/2029","layer_id":165,"fid":12464,"label":"Viễn thông Vĩnh Long"}},{"type":"Feature","geometry":{"type":"Point","coordinates":[106.03135,9.97224]},"properties":{"Tên doanh nghiệp":"Viễn thông Vĩnh Long","Tên trạm BTS":"VINH-HOA_VLG.TON","Địa chỉ lắp đặt":"Ấp Vĩnh Hòa, xã Vĩnh Xuân, tỉnh Vĩnh Long.","Trạm 3G":"3G","Số giấy chứng nhận kiểm định":null,"Có giá trị đến":"05/08/2029","layer_id":165,"fid":12465,"label":"Viễn thông Vĩnh Long"}},{"type":"Feature","geometry":{"type":"Point","coordinates":[105.966744,10.111656]},"properties":{"Tên doanh nghiệp":"Viễn thông Vĩnh Long","Tên trạm BTS":"MY-LOC_VLG.TBH","Địa chỉ lắp đặt":"Ấp Mỹ Phú, xã Cái Ngang, tỉnh Vĩnh Long.","Trạm 3G":"3G","Số giấy chứng nhận kiểm định":null,"Có giá trị đến":"06/01/2031","layer_id":165,"fid":12466,"label":"Viễn thông Vĩnh Long"}},{"type":"Feature","geometry":{"type":"Point","coordinates":[106.01842,9.99702]},"properties":{"Tên doanh nghiệp":"Viễn thông Vĩnh Long","Tên trạm BTS":"VLG2023-204","Địa chỉ lắp đặt":"ấp Trà Sơn, Xã Vĩnh Xuân, tỉnh Vĩnh Long","Trạm 3G":"3G","Số giấy chứng nhận kiểm định":null,"Có giá trị đến":"3/16/31 12:00:00 AM","layer_id":165,"fid":12467,"label":"Viễn thông Vĩnh Long"}},{"type":"Feature","geometry":{"type":"Point","coordinates":[105.9793,9.9149]},"properties":{"Tên doanh nghiệp":"Viễn thông Vĩnh Long","Tên trạm BTS":"VLG2024-006","Địa chỉ lắp đặt":"Xã Trà Ôn, tỉnh Vĩnh Long","Trạm 3G":"3G","Số giấy chứng nhận kiểm định":null,"Có giá trị đến":"3/16/31 12:00:00 AM","layer_id":165,"fid":12468,"label":"Viễn thông Vĩnh Long"}},{"type":"Feature","geometry":{"type":"Point","coordinates":[105.93165,9.97582]},"properties":{"Tên doanh nghiệp":"Viễn thông Vĩnh Long","Tên trạm BTS":"VLG2024-008","Địa chỉ lắp đặt":"Ấp Mỹ Phó, Xã Trà Ôn, tỉnh Vĩnh Long","Trạm 3G":"3G","Số giấy chứng nhận kiểm định":null,"Có giá trị đến":"3/16/31 12:00:00 AM","layer_id":165,"fid":12469,"label":"Viễn thông Vĩnh Long"}},{"type":"Feature","geometry":{"type":"Point","coordinates":[106.0916,10.1035]},"properties":{"Tên doanh nghiệp":"Viễn thông Vĩnh Long","Tên trạm BTS":"VLG2023-203","Địa chỉ lắp đặt":"Xã Trung Hiệp, tỉnh Vĩnh Long","Trạm 3G":"3G","Số giấy chứng nhận kiểm định":null,"Có giá trị đến":"3/16/31 12:00:00 AM","layer_id":165,"fid":12470,"label":"Viễn thông Vĩnh Long"}},{"type":"Feature","geometry":{"type":"Point","coordinates":[106.007727,10.085673]},"properties":{"Tên doanh nghiệp":"Viễn thông Vĩnh Long","Tên trạm BTS":"VLG2023-022","Địa chỉ lắp đặt":"Xã Hòa Hiệp, tỉnh Vĩnh Long","Trạm 3G":"3G","Số giấy chứng nhận kiểm định":null,"Có giá trị đến":"3/16/31 12:00:00 AM","layer_id":165,"fid":12471,"label":"Viễn thông Vĩnh Long"}},{"type":"Feature","geometry":{"type":"Point","coordinates":[105.977552,10.021468]},"properties":{"Tên doanh nghiệp":"Viễn thông Vĩnh Long","Tên trạm BTS":"VLG2023-045","Địa chỉ lắp đặt":"ấp Thông Nguyên, xã Ngãi Tứ, tỉnh Vĩnh Long","Trạm 3G":"3G","Số giấy chứng nhận kiểm định":null,"Có giá trị đến":"3/16/31 12:00:00 AM","layer_id":165,"fid":12472,"label":"Viễn thông Vĩnh Long"}}]}
