{"type":"FeatureCollection","name":"Điểm phục vụ bưu chính","metadata":{"source":"https://hatang.vinhlong.gov.vn/","downloaded_at":"2026-07-20T01:11:41+00:00","layer_id":167,"layer_name":"Điểm phục vụ bưu chính","catalog_endpoints":["/map/publicLayers2?inputs=bcvt"],"requested_bbox":[104.0,8.0,108.0,12.0],"tile_size":0.0,"tile_count":1,"tile_errors":[],"feature_count":520,"coordinate_order":"x,y (thường là longitude,latitude theo cấu hình EPSG:4326 của WebGIS)"},"features":[{"type":"Feature","geometry":{"type":"Point","coordinates":[105.9727974,10.25494732]},"properties":{"Doanh nghiệp phuc vu bưu chính":"Bưu điện tỉnh Vĩnh Long","Điểm phục vụ bưu chính":null,"Địa chỉ":"Số 14 đường Hoàng Thái Hiếu, phường Long Châu, tỉnh Vĩnh Long","Số điện thoại":"2703822473","Số giấy phép ĐKKD":"1500499389","Số giấy phép bưu chính":"55/GP-BTTTT","Ngày bắt đầu hoạt động":"12/27/07 12:00:00 AM","Tình trạng hoạt động":"Đang hoạt động","layer_id":167,"fid":310,"label":null}},{"type":"Feature","geometry":{"type":"Point","coordinates":[9.925244,106.353485]},"properties":{"Doanh nghiệp phuc vu bưu chính":"Công ty TNHH SPX Express","Điểm phục vụ bưu chính":"Địa điểm kinh doanh tại Trà Vinh (Châu Thành) - Công ty TNHH SPX Express","Địa chỉ":"Ấp Trì Phong, Xã Hòa Lợi, Huyện Châu Thành, Tỉnh Trà Vinh","Số điện thoại":"0986419967","Số giấy phép ĐKKD":"00174","Số giấy phép bưu chính":"266/GP-BTTT","Ngày bắt đầu hoạt động":"44314","Tình trạng hoạt động":"Đang hoạt động","layer_id":167,"fid":790,"label":"Địa điểm kinh doanh tại Trà Vinh (Châu Thành) - Công ty TNHH SPX Express"}},{"type":"Feature","geometry":{"type":"Point","coordinates":[106.59667,10.042536]},"properties":{"Doanh nghiệp phuc vu bưu chính":"Bưu điện tỉnh Vĩnh Long","Điểm phục vụ bưu chính":"Ba Tri","Địa chỉ":"Khu phố 1, Xã Ba Tri, tỉnh Vĩnh Long","Số điện thoại":"945681868","Số giấy phép ĐKKD":null,"Số giấy phép bưu chính":null,"Ngày bắt đầu hoạt động":null,"Tình trạng hoạt động":"Đang hoạt động","layer_id":167,"fid":311,"label":"Ba Tri"}},{"type":"Feature","geometry":{"type":"Point","coordinates":[9.628902,106.487124]},"properties":{"Doanh nghiệp phuc vu bưu chính":"Công ty TNHH SPX Express","Điểm phục vụ bưu chính":"Địa điểm kinh doanh tại Trà Vinh (Duyên Hải) - Công ty TNHH SPX Express","Địa chỉ":"Quốc lộ 53, Ấp Thống Nhất, Xã Long Toàn, Thị Xã Duyên Hải, Tỉnh Trà Vinh","Số điện thoại":"0389779039","Số giấy phép ĐKKD":"00588","Số giấy phép bưu chính":"266/GP-BTTT","Ngày bắt đầu hoạt động":"44706","Tình trạng hoạt động":"Đang hoạt động","layer_id":167,"fid":791,"label":"Địa điểm kinh doanh tại Trà Vinh (Duyên Hải) - Công ty TNHH SPX Express"}},{"type":"Feature","geometry":{"type":"Point","coordinates":[106.54107,10.070744]},"properties":{"Doanh nghiệp phuc vu bưu chính":"Bưu điện tỉnh Vĩnh Long","Điểm phục vụ bưu chính":"An Ngãi Trung","Địa chỉ":"Ấp 1, Xã An Ngãi Trung, tỉnh Vĩnh Long","Số điện thoại":"945681868","Số giấy phép ĐKKD":null,"Số giấy phép bưu chính":null,"Ngày bắt đầu hoạt động":null,"Tình trạng hoạt động":"Đang hoạt động","layer_id":167,"fid":312,"label":"An Ngãi Trung"}},{"type":"Feature","geometry":{"type":"Point","coordinates":[106.60546,9.9827686]},"properties":{"Doanh nghiệp phuc vu bưu chính":"Bưu điện tỉnh Vĩnh Long","Điểm phục vụ bưu chính":"An Thủy","Địa chỉ":"Ấp An Thuận, Xã Tân Thủy, tỉnh Vĩnh Long","Số điện thoại":"945681868","Số giấy phép ĐKKD":null,"Số giấy phép bưu chính":null,"Ngày bắt đầu hoạt động":null,"Tình trạng hoạt động":"Đang hoạt động","layer_id":167,"fid":313,"label":"An Thủy"}},{"type":"Feature","geometry":{"type":"Point","coordinates":[9.81030562,106.45306131]},"properties":{"Doanh nghiệp phuc vu bưu chính":"Công ty TNHH SPX Express","Điểm phục vụ bưu chính":"Địa điểm kinh doanh tại Trà Vinh (Cầu Ngang) - Công ty TNHH SPX Express","Địa chỉ":"Thửa đất số 152, Tờ bản đồ số 6, Khóm Thống Nhất, Thị Trấn Cầu Ngang, Huyện Cầu Ngang, Tỉnh Trà Vinh","Số điện thoại":"0364064707","Số giấy phép ĐKKD":"00641","Số giấy phép bưu chính":"266/GP-BTTT","Ngày bắt đầu hoạt động":"44746","Tình trạng hoạt động":"Đang hoạt động","layer_id":167,"fid":792,"label":"Địa điểm kinh doanh tại Trà Vinh (Cầu Ngang) - Công ty TNHH SPX Express"}},{"type":"Feature","geometry":{"type":"Point","coordinates":[106.62072,10.008551]},"properties":{"Doanh nghiệp phuc vu bưu chính":"Bưu điện tỉnh Vĩnh Long","Điểm phục vụ bưu chính":"Tân Thủy","Địa chỉ":"Ấp Tân Bình, Xã Tân Thủy, tỉnh Vĩnh Long","Số điện thoại":"945681868","Số giấy phép ĐKKD":null,"Số giấy phép bưu chính":"183/QĐ-BĐBT","Ngày bắt đầu hoạt động":"2/2/15 12:00:00 AM","Tình trạng hoạt động":"Đang hoạt động","layer_id":167,"fid":314,"label":"Tân Thủy"}},{"type":"Feature","geometry":{"type":"Point","coordinates":[106.57609,10.020169]},"properties":{"Doanh nghiệp phuc vu bưu chính":"Bưu điện tỉnh Vĩnh Long","Điểm phục vụ bưu chính":"An Đức","Địa chỉ":"Ấp Giồng Chuối, Xã Ba Tri, tỉnh Vĩnh Long","Số điện thoại":"945681868","Số giấy phép ĐKKD":null,"Số giấy phép bưu chính":"04/QĐ-BC","Ngày bắt đầu hoạt động":"8/2/01 12:00:00 AM","Tình trạng hoạt động":"Đang hoạt động","layer_id":167,"fid":315,"label":"An Đức"}},{"type":"Feature","geometry":{"type":"Point","coordinates":[9.977324,106.208982]},"properties":{"Doanh nghiệp phuc vu bưu chính":"Công ty TNHH SPX Express","Điểm phục vụ bưu chính":"Địa điểm kinh doanh tại Trà Vinh (Càng Long) - Công ty TNHH SPX Express","Địa chỉ":"Quốc lộ 53, Khóm 7, Thị trấn Càng Long, Huyện Càng Long, Tỉnh Trà Vinh","Số điện thoại":"0836743607","Số giấy phép ĐKKD":"00649","Số giấy phép bưu chính":"266/GP-BTTT","Ngày bắt đầu hoạt động":"44774","Tình trạng hoạt động":"Đang hoạt động","layer_id":167,"fid":793,"label":"Địa điểm kinh doanh tại Trà Vinh (Càng Long) - Công ty TNHH SPX Express"}},{"type":"Feature","geometry":{"type":"Point","coordinates":[106.59966,9.9973688]},"properties":{"Doanh nghiệp phuc vu bưu chính":"Bưu điện tỉnh Vĩnh Long","Điểm phục vụ bưu chính":"An Hòa Tây","Địa chỉ":"Ấp An Bình 1, Xã Tân Thủy, tỉnh Vĩnh Long","Số điện thoại":"945681868","Số giấy phép ĐKKD":null,"Số giấy phép bưu chính":"04/QĐ-BC","Ngày bắt đầu hoạt động":"8/2/01 12:00:00 AM","Tình trạng hoạt động":"Đang hoạt động","layer_id":167,"fid":316,"label":"An Hòa Tây"}},{"type":"Feature","geometry":{"type":"Point","coordinates":[106.53024,10.049846]},"properties":{"Doanh nghiệp phuc vu bưu chính":"Bưu điện tỉnh Vĩnh Long","Điểm phục vụ bưu chính":"An Ngãi Tây","Địa chỉ":"Ấp Giồng Quéo, Xã An Hiệp, tỉnh Vĩnh Long","Số điện thoại":"945681868","Số giấy phép ĐKKD":null,"Số giấy phép bưu chính":"19/QĐ","Ngày bắt đầu hoạt động":"5/3/99 12:00:00 AM","Tình trạng hoạt động":"Đang hoạt động","layer_id":167,"fid":317,"label":"An Ngãi Tây"}},{"type":"Feature","geometry":{"type":"Point","coordinates":[9.8207547,106.1970132]},"properties":{"Doanh nghiệp phuc vu bưu chính":"Công ty TNHH SPX Express","Điểm phục vụ bưu chính":"Địa điểm kinh doanh tại Trà Vinh (Tiểu Cần) - Công ty TNHH SPX Express","Địa chỉ":"Thửa đất số 263, tờ bản đồ số 12 và thửa đất số 271, tờ bản đồ số 12, Âp Cây Hẹ, Xã Phú Cần, Huyện Tiểu Cần, Tỉnh Trà Vinh","Số điện thoại":"0986530718","Số giấy phép ĐKKD":"00708","Số giấy phép bưu chính":"266/GP-BTTT","Ngày bắt đầu hoạt động":"44790","Tình trạng hoạt động":"Đang hoạt động","layer_id":167,"fid":794,"label":"Địa điểm kinh doanh tại Trà Vinh (Tiểu Cần) - Công ty TNHH SPX Express"}},{"type":"Feature","geometry":{"type":"Point","coordinates":[106.65539,10.076819]},"properties":{"Doanh nghiệp phuc vu bưu chính":"Bưu điện tỉnh Vĩnh Long","Điểm phục vụ bưu chính":"Bảo Thạnh","Địa chỉ":"Ấp 4, Xã Bảo Thạnh, tỉnh Vĩnh Long","Số điện thoại":"945681868","Số giấy phép ĐKKD":null,"Số giấy phép bưu chính":"19/QĐ","Ngày bắt đầu hoạt động":"5/3/99 12:00:00 AM","Tình trạng hoạt động":"Đang hoạt động","layer_id":167,"fid":318,"label":"Bảo Thạnh"}},{"type":"Feature","geometry":{"type":"Point","coordinates":[9.683106,106.268494]},"properties":{"Doanh nghiệp phuc vu bưu chính":"Công ty TNHH SPX Express","Điểm phục vụ bưu chính":"Địa điểm kinh doanh tại Trà Vinh (Trà Cú) - Công ty TNHH SPX Express","Địa chỉ":"Thửa đất số 821, tờ bản đồ số 3, Ấp Sóc Trà A, Xã Thanh Sơn, Huyện Trà Cú, Tỉnh Trà Vinh","Số điện thoại":"0399268123","Số giấy phép ĐKKD":"00674","Số giấy phép bưu chính":"266/GP-BTTT","Ngày bắt đầu hoạt động":"44837","Tình trạng hoạt động":"Đang hoạt động","layer_id":167,"fid":795,"label":"Địa điểm kinh doanh tại Trà Vinh (Trà Cú) - Công ty TNHH SPX Express"}},{"type":"Feature","geometry":{"type":"Point","coordinates":[106.58268,10.119399]},"properties":{"Doanh nghiệp phuc vu bưu chính":"Bưu điện tỉnh Vĩnh Long","Điểm phục vụ bưu chính":"Mỹ Chánh","Địa chỉ":"Ấp Gò Da, Xã Mỹ Chánh Hòa, tỉnh Vĩnh Long","Số điện thoại":"945681868","Số giấy phép ĐKKD":null,"Số giấy phép bưu chính":"248/QĐ-BD0BT","Ngày bắt đầu hoạt động":"2/26/25 12:00:00 AM","Tình trạng hoạt động":"Đang hoạt động","layer_id":167,"fid":319,"label":"Mỹ Chánh"}},{"type":"Feature","geometry":{"type":"Point","coordinates":[106.5766455,10.13830447]},"properties":{"Doanh nghiệp phuc vu bưu chính":"Bưu điện tỉnh Vĩnh Long","Điểm phục vụ bưu chính":"Mỹ Hòa","Địa chỉ":"Ấp Mỹ Hòa, Xã Mỹ Chánh Hòa, tỉnh Vĩnh Long","Số điện thoại":"945681868","Số giấy phép ĐKKD":null,"Số giấy phép bưu chính":"04/QĐ-BC","Ngày bắt đầu hoạt động":"8/2/01 12:00:00 AM","Tình trạng hoạt động":"Đang hoạt động","layer_id":167,"fid":320,"label":"Mỹ Hòa"}},{"type":"Feature","geometry":{"type":"Point","coordinates":[9.877935667,106.061123426]},"properties":{"Doanh nghiệp phuc vu bưu chính":"Công ty TNHH SPX Express","Điểm phục vụ bưu chính":"Địa điểm kinh doanh tại Trà Vinh (Cầu Kè) - Công ty TNHH SPX Express","Địa chỉ":"Thửa đất số 337, tờ bản đồ số 5, Khóm 2, Thị trấn Cầu Kè, Huyện Cầu Kè, Tỉnh Trà Vinh","Số điện thoại":"0365546520","Số giấy phép ĐKKD":"01025","Số giấy phép bưu chính":"266/GP-BTTT","Ngày bắt đầu hoạt động":"45597","Tình trạng hoạt động":"Đang hoạt động","layer_id":167,"fid":798,"label":"Địa điểm kinh doanh tại Trà Vinh (Cầu Kè) - Công ty TNHH SPX Express"}},{"type":"Feature","geometry":{"type":"Point","coordinates":[106.61919,10.065484]},"properties":{"Doanh nghiệp phuc vu bưu chính":"Bưu điện tỉnh Vĩnh Long","Điểm phục vụ bưu chính":"Phú Lễ","Địa chỉ":"Ấp Phú Thạnh, Xã Tân Xuân, tỉnh Vĩnh Long","Số điện thoại":"945681868","Số giấy phép ĐKKD":null,"Số giấy phép bưu chính":"19/QĐ","Ngày bắt đầu hoạt động":"5/3/99 12:00:00 AM","Tình trạng hoạt động":"Đang hoạt động","layer_id":167,"fid":322,"label":"Phú Lễ"}},{"type":"Feature","geometry":{"type":"Point","coordinates":[106.5379695,10.07973235]},"properties":{"Doanh nghiệp phuc vu bưu chính":"Bưu điện tỉnh Vĩnh Long","Điểm phục vụ bưu chính":"Mỹ Thạnh","Địa chỉ":"Ấp 1, Xã An Ngãi Trung, tỉnh Vĩnh Long","Số điện thoại":"945681868","Số giấy phép ĐKKD":null,"Số giấy phép bưu chính":"06/QĐ-BC","Ngày bắt đầu hoạt động":"11/1/00 12:00:00 AM","Tình trạng hoạt động":"Đang hoạt động","layer_id":167,"fid":321,"label":"Mỹ Thạnh"}},{"type":"Feature","geometry":{"type":"Point","coordinates":[9.88427,106.344289]},"properties":{"Doanh nghiệp phuc vu bưu chính":"Công ty TNHH SPX Express","Điểm phục vụ bưu chính":"Địa điểm kinh doanh tại Trà Vinh ( Trà Vinh 2) - Công ty TNHH SPX Express","Địa chỉ":"QL54, Khóm 4, Thị trấn Châu Thành, Huyện Châu thành, Tỉnh Trà Vinh","Số điện thoại":"0974049366","Số giấy phép ĐKKD":"00762","Số giấy phép bưu chính":"266/GP-BTTT","Ngày bắt đầu hoạt động":"31/08/2023","Tình trạng hoạt động":"Đang hoạt động","layer_id":167,"fid":796,"label":"Địa điểm kinh doanh tại Trà Vinh ( Trà Vinh 2) - Công ty TNHH SPX Express"}},{"type":"Feature","geometry":{"type":"Point","coordinates":[106.63016,10.075784]},"properties":{"Doanh nghiệp phuc vu bưu chính":"Bưu điện tỉnh Vĩnh Long","Điểm phục vụ bưu chính":"Phú Ngãi","Địa chỉ":"Ấp Phú Thạnh, Xã Tân Xuân, tỉnh Vĩnh Long","Số điện thoại":"945681868","Số giấy phép ĐKKD":null,"Số giấy phép bưu chính":"19/QĐ","Ngày bắt đầu hoạt động":"5/3/99 12:00:00 AM","Tình trạng hoạt động":"Đang hoạt động","layer_id":167,"fid":323,"label":"Phú Ngãi"}},{"type":"Feature","geometry":{"type":"Point","coordinates":[9.942911725,106.332718466]},"properties":{"Doanh nghiệp phuc vu bưu chính":"Công ty TNHH SPX Express","Điểm phục vụ bưu chính":"Địa điểm kinh doanh tại Trà Vinh (Trà Vinh 3) - Công ty TNHH SPX Express","Địa chỉ":"Số 29A Đường Võ Văn Kiệt, Khóm 1, Phường 1, Thành phố Trà Vinh, Tỉnh Trà Vinh","Số điện thoại":"0383545739","Số giấy phép ĐKKD":"00912","Số giấy phép bưu chính":"266/GP-BTTT","Ngày bắt đầu hoạt động":"45446","Tình trạng hoạt động":"Đang hoạt động","layer_id":167,"fid":797,"label":"Địa điểm kinh doanh tại Trà Vinh (Trà Vinh 3) - Công ty TNHH SPX Express"}},{"type":"Feature","geometry":{"type":"Point","coordinates":[106.4919759,10.06272101]},"properties":{"Doanh nghiệp phuc vu bưu chính":"Bưu điện tỉnh Vĩnh Long","Điểm phục vụ bưu chính":"Tân Hưng","Địa chỉ":"Ấp Tân Khai, Xã An Hiệp, tỉnh Vĩnh Long","Số điện thoại":"945681868","Số giấy phép ĐKKD":null,"Số giấy phép bưu chính":"04/QĐ-BC","Ngày bắt đầu hoạt động":"8/2/01 12:00:00 AM","Tình trạng hoạt động":"Đang hoạt động","layer_id":167,"fid":324,"label":"Tân Hưng"}},{"type":"Feature","geometry":{"type":"Point","coordinates":[106.6122197,10.16892821]},"properties":{"Doanh nghiệp phuc vu bưu chính":"Bưu điện tỉnh Vĩnh Long","Điểm phục vụ bưu chính":"Tân Mỹ","Địa chỉ":"Ấp Tân Quí, Xã Mỹ Chánh Hòa, tỉnh Vĩnh Long","Số điện thoại":"945681868","Số giấy phép ĐKKD":null,"Số giấy phép bưu chính":null,"Ngày bắt đầu hoạt động":null,"Tình trạng hoạt động":"Đang hoạt động","layer_id":167,"fid":325,"label":"Tân Mỹ"}},{"type":"Feature","geometry":{"type":"Point","coordinates":[9.602260995,106.407249506]},"properties":{"Doanh nghiệp phuc vu bưu chính":"Công ty TNHH SPX Express","Điểm phục vụ bưu chính":"Địa điểm kinh doanh tại Trà Vinh (Duyên Hải 2) - Công ty TNHH SPX Express","Địa chỉ":"Thửa đất số 1445, tờ bản đồ số 6, Ấp Tân Thành, Xã Long Khánh, Huyện Duyên Hải, Tỉnh Trà Vinh","Số điện thoại":"0334000548","Số giấy phép ĐKKD":"01140","Số giấy phép bưu chính":"266/GP-BTTT","Ngày bắt đầu hoạt động":"45840","Tình trạng hoạt động":"Đang hoạt động","layer_id":167,"fid":799,"label":"Địa điểm kinh doanh tại Trà Vinh (Duyên Hải 2) - Công ty TNHH SPX Express"}},{"type":"Feature","geometry":{"type":"Point","coordinates":[106.60261,10.026916]},"properties":{"Doanh nghiệp phuc vu bưu chính":"Bưu điện tỉnh Vĩnh Long","Điểm phục vụ bưu chính":"Vĩnh An","Địa chỉ":"Ấp Vĩnh Đức Tây, Xã Ba Tri, tỉnh Vĩnh Long","Số điện thoại":"945681868","Số giấy phép ĐKKD":null,"Số giấy phép bưu chính":null,"Ngày bắt đầu hoạt động":null,"Tình trạng hoạt động":"Đang hoạt động","layer_id":167,"fid":326,"label":"Vĩnh An"}},{"type":"Feature","geometry":{"type":"Point","coordinates":[9.907993401,106.300662581]},"properties":{"Doanh nghiệp phuc vu bưu chính":"Công ty TNHH SPX Express","Điểm phục vụ bưu chính":"Địa điểm kinh doanh tại Trà Vinh (Châu Thành) - Công ty TNHH SPX Express","Địa chỉ":"Thửa đất số 224, tờ bản đồ số 38, Ấp Sâm Bua, Xã Lương Hòa, Huyện Châu Thành, Tỉnh Trà Vinh","Số điện thoại":"0977818797","Số giấy phép ĐKKD":"01139","Số giấy phép bưu chính":"266/GP-BTTT","Ngày bắt đầu hoạt động":"45840","Tình trạng hoạt động":"Đang hoạt động","layer_id":167,"fid":800,"label":"Địa điểm kinh doanh tại Trà Vinh (Châu Thành) - Công ty TNHH SPX Express"}},{"type":"Feature","geometry":{"type":"Point","coordinates":[106.621722,10.03023424]},"properties":{"Doanh nghiệp phuc vu bưu chính":"Bưu điện tỉnh Vĩnh Long","Điểm phục vụ bưu chính":"Vĩnh Hòa","Địa chỉ":"Ấp Vĩnh Đức, Xã Ba Tri , tỉnh Vĩnh Long","Số điện thoại":"945681868","Số giấy phép ĐKKD":null,"Số giấy phép bưu chính":"04/QĐ-BC","Ngày bắt đầu hoạt động":"8/2/01 12:00:00 AM","Tình trạng hoạt động":"Đang hoạt động","layer_id":167,"fid":327,"label":"Vĩnh Hòa"}},{"type":"Feature","geometry":{"type":"Point","coordinates":[106.70283,10.178462]},"properties":{"Doanh nghiệp phuc vu bưu chính":"Bưu điện tỉnh Vĩnh Long","Điểm phục vụ bưu chính":"Bình Đại","Địa chỉ":"Ấp Khu Phố 1, Xã Bình Đại, tỉnh Vĩnh Long","Số điện thoại":"919194048","Số giấy phép ĐKKD":null,"Số giấy phép bưu chính":null,"Ngày bắt đầu hoạt động":null,"Tình trạng hoạt động":"Đang hoạt động","layer_id":167,"fid":328,"label":"Bình Đại"}},{"type":"Feature","geometry":{"type":"Point","coordinates":[106.49651,10.252306]},"properties":{"Doanh nghiệp phuc vu bưu chính":"Bưu điện tỉnh Vĩnh Long","Điểm phục vụ bưu chính":"Châu Hưng","Địa chỉ":"Ấp Hưng Chánh, Xã Châu Hưng, tỉnh Vĩnh Long","Số điện thoại":"919194048","Số giấy phép ĐKKD":null,"Số giấy phép bưu chính":null,"Ngày bắt đầu hoạt động":null,"Tình trạng hoạt động":"Đang hoạt động","layer_id":167,"fid":329,"label":"Châu Hưng"}},{"type":"Feature","geometry":{"type":"Point","coordinates":[10.237258,105.986097]},"properties":{"Doanh nghiệp phuc vu bưu chính":"Công ty TNHH SPX Express","Điểm phục vụ bưu chính":"Địa điểm kinh doanh tại Vĩnh Long (TP. Vinh Long) - Công ty TNHH SPX Express","Địa chỉ":"17A Đường Lê Minh Hữu, khóm 5, phường Phước Hậu, tỉnh Vĩnh Long","Số điện thoại":"0979413133","Số giấy phép ĐKKD":"00141","Số giấy phép bưu chính":"266/GP-BTTT","Ngày bắt đầu hoạt động":"44314","Tình trạng hoạt động":"Đang hoạt động","layer_id":167,"fid":801,"label":"Địa điểm kinh doanh tại Vĩnh Long (TP. Vinh Long) - Công ty TNHH SPX Express"}},{"type":"Feature","geometry":{"type":"Point","coordinates":[106.58303,10.2204]},"properties":{"Doanh nghiệp phuc vu bưu chính":"Bưu điện tỉnh Vĩnh Long","Điểm phục vụ bưu chính":"Lộc Thuận","Địa chỉ":"Ấp Lộc Thành, Xã Lộc Thuận, tỉnh Vĩnh Long","Số điện thoại":"919194048","Số giấy phép ĐKKD":null,"Số giấy phép bưu chính":null,"Ngày bắt đầu hoạt động":null,"Tình trạng hoạt động":"Đang hoạt động","layer_id":167,"fid":330,"label":"Lộc Thuận"}},{"type":"Feature","geometry":{"type":"Point","coordinates":[10.18910602,106.006660733]},"properties":{"Doanh nghiệp phuc vu bưu chính":"Công ty TNHH SPX Express","Điểm phục vụ bưu chính":"Địa điểm kinh doanh tại Vĩnh Long (Long Hồ) - Công ty TNHH SPX Express","Địa chỉ":"Thửa đất số 87, tờ bản dồ số 10, tổ 22, khóm Phú An, Thị Trấn Long Hồ, huyện Long Hồ, tỉnh Vĩnh Long","Số điện thoại":"0906307208","Số giấy phép ĐKKD":"00288","Số giấy phép bưu chính":"266/GP-BTTT","Ngày bắt đầu hoạt động":"44466","Tình trạng hoạt động":"Đang hoạt động","layer_id":167,"fid":802,"label":"Địa điểm kinh doanh tại Vĩnh Long (Long Hồ) - Công ty TNHH SPX Express"}},{"type":"Feature","geometry":{"type":"Point","coordinates":[106.53087,10.233577]},"properties":{"Doanh nghiệp phuc vu bưu chính":"Bưu điện tỉnh Vĩnh Long","Điểm phục vụ bưu chính":"Thới Lai","Địa chỉ":"Ấp 1, Xã Châu Hưng, tỉnh Vĩnh Long","Số điện thoại":"919194048","Số giấy phép ĐKKD":null,"Số giấy phép bưu chính":null,"Ngày bắt đầu hoạt động":null,"Tình trạng hoạt động":"Đang hoạt động","layer_id":167,"fid":331,"label":"Thới Lai"}},{"type":"Feature","geometry":{"type":"Point","coordinates":[106.225075,10.15871503]},"properties":{"Doanh nghiệp phuc vu bưu chính":"Bưu điện tỉnh Vĩnh Long","Điểm phục vụ bưu chính":"Quới Thiện","Địa chỉ":"Ấp Phú Thới, Xã Qưới Thiện","Số điện thoại":"2703980699","Số giấy phép ĐKKD":null,"Số giấy phép bưu chính":null,"Ngày bắt đầu hoạt động":null,"Tình trạng hoạt động":"Đang hoạt động","layer_id":167,"fid":517,"label":"Quới Thiện"}},{"type":"Feature","geometry":{"type":"Point","coordinates":[106.6704,10.209906]},"properties":{"Doanh nghiệp phuc vu bưu chính":"Bưu điện tỉnh Vĩnh Long","Điểm phục vụ bưu chính":"Bình Thới","Địa chỉ":"Ấp 1, Xã Bình Đại, tỉnh Vĩnh Long","Số điện thoại":"919194048","Số giấy phép ĐKKD":null,"Số giấy phép bưu chính":"19/QĐ","Ngày bắt đầu hoạt động":"5/3/99 12:00:00 AM","Tình trạng hoạt động":"Đang hoạt động","layer_id":167,"fid":332,"label":"Bình Thới"}},{"type":"Feature","geometry":{"type":"Point","coordinates":[10.0442217,105.9939271]},"properties":{"Doanh nghiệp phuc vu bưu chính":"Công ty TNHH SPX Express","Điểm phục vụ bưu chính":"Địa điểm kinh doanh tại Vĩnh Long (Tam Bình) - Công ty TNHH SPX Express","Địa chỉ":"Thửa đất số 64, tờ bản đồ số 25, Khóm 3, Thị Trấn Tam Bình, Huyện Tam Bình, Tỉnh Vĩnh Long","Số điện thoại":"0347647467","Số giấy phép ĐKKD":"00558","Số giấy phép bưu chính":"266/GP-BTTT","Ngày bắt đầu hoạt động":"44662","Tình trạng hoạt động":"Đang hoạt động","layer_id":167,"fid":804,"label":"Địa điểm kinh doanh tại Vĩnh Long (Tam Bình) - Công ty TNHH SPX Express"}},{"type":"Feature","geometry":{"type":"Point","coordinates":[106.6541954,10.16852734]},"properties":{"Doanh nghiệp phuc vu bưu chính":"Bưu điện tỉnh Vĩnh Long","Điểm phục vụ bưu chính":"Định Trung","Địa chỉ":"Ấp 1, Xã Thạnh Trị, tỉnh Vĩnh Long","Số điện thoại":"919194048","Số giấy phép ĐKKD":null,"Số giấy phép bưu chính":"18/QĐ-BC","Ngày bắt đầu hoạt động":"03/29/2001","Tình trạng hoạt động":"Đang hoạt động","layer_id":167,"fid":334,"label":"Định Trung"}},{"type":"Feature","geometry":{"type":"Point","coordinates":[106.6704,10.155817]},"properties":{"Doanh nghiệp phuc vu bưu chính":"Bưu điện tỉnh Vĩnh Long","Điểm phục vụ bưu chính":"Đại Hòa Lộc","Địa chỉ":"Ấp Mắc Miễu, Xã Thạnh Phước, tỉnh Vĩnh Long","Số điện thoại":"919194048","Số giấy phép ĐKKD":null,"Số giấy phép bưu chính":null,"Ngày bắt đầu hoạt động":null,"Tình trạng hoạt động":"Đang hoạt động","layer_id":167,"fid":333,"label":"Đại Hòa Lộc"}},{"type":"Feature","geometry":{"type":"Point","coordinates":[10.052628011,105.835873579]},"properties":{"Doanh nghiệp phuc vu bưu chính":"Công ty TNHH SPX Express","Điểm phục vụ bưu chính":"Địa điểm kinh doanh tại Vĩnh Long (Bình Minh) - Công ty TNHH SPX Express","Địa chỉ":"Thửa đất số 318, tờ bản đồ số 27, tổ 38 Khóm Đông Thuận, Phường Đông Thuận, Thị Xã Bình Minh, Tỉnh Vĩnh Long","Số điện thoại":"0365231167","Số giấy phép ĐKKD":"00646","Số giấy phép bưu chính":"266/GP-BTTT","Ngày bắt đầu hoạt động":"44719","Tình trạng hoạt động":"Đang hoạt động","layer_id":167,"fid":803,"label":"Địa điểm kinh doanh tại Vĩnh Long (Bình Minh) - Công ty TNHH SPX Express"}},{"type":"Feature","geometry":{"type":"Point","coordinates":[106.4520948,10.26228314]},"properties":{"Doanh nghiệp phuc vu bưu chính":"Bưu điện tỉnh Vĩnh Long","Điểm phục vụ bưu chính":"Long Hòa","Địa chỉ":"Ấp 3, Xã Châu Hưng, tỉnh Vĩnh Long","Số điện thoại":"919194048","Số giấy phép ĐKKD":null,"Số giấy phép bưu chính":"19/QĐ","Ngày bắt đầu hoạt động":"5/3/99 12:00:00 AM","Tình trạng hoạt động":"Đang hoạt động","layer_id":167,"fid":335,"label":"Long Hòa"}},{"type":"Feature","geometry":{"type":"Point","coordinates":[106.38523,10.204227]},"properties":{"Doanh nghiệp phuc vu bưu chính":"Bưu điện tỉnh Vĩnh Long","Điểm phục vụ bưu chính":"Phú Long","Địa chỉ":"Ấp 1, Xã Thạnh Trị, tỉnh Vĩnh Long","Số điện thoại":"919194048","Số giấy phép ĐKKD":null,"Số giấy phép bưu chính":"16/QĐ-BC","Ngày bắt đầu hoạt động":"01/18/2002","Tình trạng hoạt động":"Đang hoạt động","layer_id":167,"fid":336,"label":"Phú Long"}},{"type":"Feature","geometry":{"type":"Point","coordinates":[10.252745,105.93995]},"properties":{"Doanh nghiệp phuc vu bưu chính":"Công ty TNHH SPX Express","Điểm phục vụ bưu chính":"Địa điểm kinh doanh tại Vĩnh Long (Vĩnh Long 02) - Công ty TNHH SPX Express","Địa chỉ":"H76 - H78 Phan Văn Đáng, Khóm 10, Phường Long Châu, Tỉnh Vĩnh Long","Số điện thoại":"0794973697","Số giấy phép ĐKKD":"00685","Số giấy phép bưu chính":"266/GP-BTTT","Ngày bắt đầu hoạt động":"44832","Tình trạng hoạt động":"Đang hoạt động","layer_id":167,"fid":806,"label":"Địa điểm kinh doanh tại Vĩnh Long (Vĩnh Long 02) - Công ty TNHH SPX Express"}},{"type":"Feature","geometry":{"type":"Point","coordinates":[106.4941152,10.27241294]},"properties":{"Doanh nghiệp phuc vu bưu chính":"Bưu điện tỉnh Vĩnh Long","Điểm phục vụ bưu chính":"Phú Thuận","Địa chỉ":"Tổ 15 Ấp Phú Thạnh, Xã Phú Thuận, tỉnh Vĩnh Long","Số điện thoại":"919194048","Số giấy phép ĐKKD":null,"Số giấy phép bưu chính":"19/QĐ","Ngày bắt đầu hoạt động":"5/3/99 12:00:00 AM","Tình trạng hoạt động":"Đang hoạt động","layer_id":167,"fid":337,"label":"Phú Thuận"}},{"type":"Feature","geometry":{"type":"Point","coordinates":[106.5004582,10.26010507]},"properties":{"Doanh nghiệp phuc vu bưu chính":"Bưu điện tỉnh Vĩnh Long","Điểm phục vụ bưu chính":"Tam Hiệp","Địa chỉ":"Ấp 2, Xã Phú Thuận, tỉnh Vĩnh Long","Số điện thoại":"919194048","Số giấy phép ĐKKD":null,"Số giấy phép bưu chính":null,"Ngày bắt đầu hoạt động":null,"Tình trạng hoạt động":"Đang hoạt động","layer_id":167,"fid":338,"label":"Tam Hiệp"}},{"type":"Feature","geometry":{"type":"Point","coordinates":[106.69124,10.118989]},"properties":{"Doanh nghiệp phuc vu bưu chính":"Bưu điện tỉnh Vĩnh Long","Điểm phục vụ bưu chính":"Thạnh Phước","Địa chỉ":"Ấp Tân Long, Xã Thạnh Phước, tỉnh Vĩnh Long","Số điện thoại":"919194048","Số giấy phép ĐKKD":null,"Số giấy phép bưu chính":"1073/QĐ-BD0BT","Ngày bắt đầu hoạt động":"7/14/23 12:00:00 AM","Tình trạng hoạt động":"Đang hoạt động","layer_id":167,"fid":339,"label":"Thạnh Phước"}},{"type":"Feature","geometry":{"type":"Point","coordinates":[10.097257,106.192336]},"properties":{"Doanh nghiệp phuc vu bưu chính":"Công ty TNHH SPX Express","Điểm phục vụ bưu chính":"Địa điểm kinh doanh tại Vĩnh Long (Vũng Liêm) - Công ty TNHH SPX Express","Địa chỉ":"110 tổ 7, ấp Phong Thới, thị trấn Vũng Liêm, huyện Vũng Liêm, tỉnh Vĩnh Long","Số điện thoại":"0349491539","Số giấy phép ĐKKD":"00523","Số giấy phép bưu chính":"266/GP-BTTT","Ngày bắt đầu hoạt động":"44638","Tình trạng hoạt động":"Đang hoạt động","layer_id":167,"fid":805,"label":"Địa điểm kinh doanh tại Vĩnh Long (Vũng Liêm) - Công ty TNHH SPX Express"}},{"type":"Feature","geometry":{"type":"Point","coordinates":[106.6648705,10.17860079]},"properties":{"Doanh nghiệp phuc vu bưu chính":"Bưu điện tỉnh Vĩnh Long","Điểm phục vụ bưu chính":"Thạnh Trị","Địa chỉ":"Ấp 2, Xã Thạnh Trị, tỉnh Vĩnh Long","Số điện thoại":"919194048","Số giấy phép ĐKKD":null,"Số giấy phép bưu chính":"19/QĐ","Ngày bắt đầu hoạt động":"5/3/99 12:00:00 AM","Tình trạng hoạt động":"Đang hoạt động","layer_id":167,"fid":340,"label":"Thạnh Trị"}},{"type":"Feature","geometry":{"type":"Point","coordinates":[106.20207,10.290156]},"properties":{"Doanh nghiệp phuc vu bưu chính":"Bưu điện tỉnh Vĩnh Long","Điểm phục vụ bưu chính":"Tân Phú","Địa chỉ":"Ấp Tân Đông, Xã Tân Phú, tỉnh Vĩnh Long","Số điện thoại":"834011555","Số giấy phép ĐKKD":null,"Số giấy phép bưu chính":null,"Ngày bắt đầu hoạt động":null,"Tình trạng hoạt động":"Đang hoạt động","layer_id":167,"fid":348,"label":"Tân Phú"}},{"type":"Feature","geometry":{"type":"Point","coordinates":[106.72243,10.05684]},"properties":{"Doanh nghiệp phuc vu bưu chính":"Bưu điện tỉnh Vĩnh Long","Điểm phục vụ bưu chính":"Thới Thuận","Địa chỉ":"Ấp Thới Lợi 1, Xã Thới Thuận, tỉnh Vĩnh Long","Số điện thoại":"919194048","Số giấy phép ĐKKD":null,"Số giấy phép bưu chính":"183/QĐ-BĐBT","Ngày bắt đầu hoạt động":"2/2/15 12:00:00 AM","Tình trạng hoạt động":"Đang hoạt động","layer_id":167,"fid":341,"label":"Thới Thuận"}},{"type":"Feature","geometry":{"type":"Point","coordinates":[9.969839197,105.926870955]},"properties":{"Doanh nghiệp phuc vu bưu chính":"Công ty TNHH SPX Express","Điểm phục vụ bưu chính":"Địa điểm kinh doanh tại Vĩnh Long (Trà Ôn) - Công ty TNHH SPX Express","Địa chỉ":"Số 4, Quốc Lộ 54, Khu 6, Thị Trấn Trà Ôn, Huyện Trà Ôn, Tỉnh Vinh Long","Số điện thoại":"977206203","Số giấy phép ĐKKD":"00928","Số giấy phép bưu chính":"266/GP-BTTT","Ngày bắt đầu hoạt động":"45478","Tình trạng hoạt động":"Đang hoạt động","layer_id":167,"fid":807,"label":"Địa điểm kinh doanh tại Vĩnh Long (Trà Ôn) - Công ty TNHH SPX Express"}},{"type":"Feature","geometry":{"type":"Point","coordinates":[106.764,10.16497]},"properties":{"Doanh nghiệp phuc vu bưu chính":"Bưu điện tỉnh Vĩnh Long","Điểm phục vụ bưu chính":"Thừa Đức","Địa chỉ":"Ấp Thừa Trung, Xã Thới Thuận, tỉnh Vĩnh Long","Số điện thoại":"919194048","Số giấy phép ĐKKD":null,"Số giấy phép bưu chính":"183/QĐ-BĐBT","Ngày bắt đầu hoạt động":"2/2/15 12:00:00 AM","Tình trạng hoạt động":"Đang hoạt động","layer_id":167,"fid":342,"label":"Thừa Đức"}},{"type":"Feature","geometry":{"type":"Point","coordinates":[10.159995811,105.921221532]},"properties":{"Doanh nghiệp phuc vu bưu chính":"Công ty TNHH SPX Express","Điểm phục vụ bưu chính":"Địa điểm kinh doanh tại Vĩnh Long (Long Hồ 02) - Công ty TNHH SPX Express","Địa chỉ":"Số 203/14, tổ 14, ấp Phú Long A, xã Phú Quới, huyện Long Hồ, tỉnh Vĩnh Long","Số điện thoại":"0907600743","Số giấy phép ĐKKD":"00980","Số giấy phép bưu chính":"266/GP-BTTT","Ngày bắt đầu hoạt động":"45508","Tình trạng hoạt động":"Đang hoạt động","layer_id":167,"fid":808,"label":"Địa điểm kinh doanh tại Vĩnh Long (Long Hồ 02) - Công ty TNHH SPX Express"}},{"type":"Feature","geometry":{"type":"Point","coordinates":[106.55251,10.248532]},"properties":{"Doanh nghiệp phuc vu bưu chính":"Bưu điện tỉnh Vĩnh Long","Điểm phục vụ bưu chính":"Vang Quới Đông","Địa chỉ":"Ấp 1, Xã Lộc Thuận, tỉnh Vĩnh Long","Số điện thoại":"919194048","Số giấy phép ĐKKD":null,"Số giấy phép bưu chính":"06/QĐ-BC","Ngày bắt đầu hoạt động":"11/1/00 12:00:00 AM","Tình trạng hoạt động":"Đang hoạt động","layer_id":167,"fid":343,"label":"Vang Quới Đông"}},{"type":"Feature","geometry":{"type":"Point","coordinates":[106.52895,10.249758]},"properties":{"Doanh nghiệp phuc vu bưu chính":"Bưu điện tỉnh Vĩnh Long","Điểm phục vụ bưu chính":"Vang Quới Tây","Địa chỉ":"Ấp 4, Xã Lộc Thuận, tỉnh Vĩnh Long","Số điện thoại":"919194048","Số giấy phép ĐKKD":null,"Số giấy phép bưu chính":"19/QĐ","Ngày bắt đầu hoạt động":"5/3/99 12:00:00 AM","Tình trạng hoạt động":"Đang hoạt động","layer_id":167,"fid":344,"label":"Vang Quới Tây"}},{"type":"Feature","geometry":{"type":"Point","coordinates":[10.1072,105.756239]},"properties":{"Doanh nghiệp phuc vu bưu chính":"Công ty TNHH SPX Express","Điểm phục vụ bưu chính":"Địa điểm kinh doanh tại Vĩnh Long ( Bình  Tân)- Công ty TNHH SPX Express","Địa chỉ":"Thửa đất số 322, tờ bản đồ số 45, đường Nguyễn Văn Thảnh, tổ 19, khóm Thành Quới, Thị Trấn Tân Quới, huyện Bình Tân, tỉnh Vĩnh Long","Số điện thoại":"0798519596","Số giấy phép ĐKKD":"00997","Số giấy phép bưu chính":"266/GP-BTTT","Ngày bắt đầu hoạt động":"45558","Tình trạng hoạt động":"Đang hoạt động","layer_id":167,"fid":809,"label":"Địa điểm kinh doanh tại Vĩnh Long ( Bình  Tân)- Công ty TNHH SPX Express"}},{"type":"Feature","geometry":{"type":"Point","coordinates":[106.35922,10.302405]},"properties":{"Doanh nghiệp phuc vu bưu chính":"Bưu điện tỉnh Vĩnh Long","Điểm phục vụ bưu chính":"Châu Thành","Địa chỉ":"Khu phố 2, Xã Phú Túc, tỉnh Vĩnh Long","Số điện thoại":"834011555","Số giấy phép ĐKKD":null,"Số giấy phép bưu chính":null,"Ngày bắt đầu hoạt động":null,"Tình trạng hoạt động":"Đang hoạt động","layer_id":167,"fid":345,"label":"Châu Thành"}},{"type":"Feature","geometry":{"type":"Point","coordinates":[106.28825,10.277329]},"properties":{"Doanh nghiệp phuc vu bưu chính":"Bưu điện tỉnh Vĩnh Long","Điểm phục vụ bưu chính":"An Hiệp","Địa chỉ":"Ấp Thuận Điền, Xã Phú Túc, tỉnh Vĩnh Long","Số điện thoại":"834011555","Số giấy phép ĐKKD":null,"Số giấy phép bưu chính":null,"Ngày bắt đầu hoạt động":null,"Tình trạng hoạt động":"Đang hoạt động","layer_id":167,"fid":346,"label":"An Hiệp"}},{"type":"Feature","geometry":{"type":"Point","coordinates":[10.23366439,105.9684432]},"properties":{"Doanh nghiệp phuc vu bưu chính":"Công ty TNHH SPX Express","Điểm phục vụ bưu chính":"Địa điểm kinh doanh tại Vĩnh Long (Vĩnh Long 3) - Công ty TNHH SPX Express","Địa chỉ":"73/22A, Đường Phước Hậu, Khóm 4, Phường Phước Hậu, Tỉnh Vĩnh Long","Số điện thoại":"0939380398","Số giấy phép ĐKKD":"01195","Số giấy phép bưu chính":"266/GP-BTTT","Ngày bắt đầu hoạt động":"45916","Tình trạng hoạt động":"Đang hoạt động","layer_id":167,"fid":810,"label":"Địa điểm kinh doanh tại Vĩnh Long (Vĩnh Long 3) - Công ty TNHH SPX Express"}},{"type":"Feature","geometry":{"type":"Point","coordinates":[106.40251,10.301475]},"properties":{"Doanh nghiệp phuc vu bưu chính":"Bưu điện tỉnh Vĩnh Long","Điểm phục vụ bưu chính":"KCN Giao Long","Địa chỉ":"Ấp Phước Hưng, Xã Giao Long, tỉnh Vĩnh Long","Số điện thoại":"834011555","Số giấy phép ĐKKD":null,"Số giấy phép bưu chính":null,"Ngày bắt đầu hoạt động":null,"Tình trạng hoạt động":"Đang hoạt động","layer_id":167,"fid":347,"label":"KCN Giao Long"}},{"type":"Feature","geometry":{"type":"Point","coordinates":[9.96287164,106.0796891]},"properties":{"Doanh nghiệp phuc vu bưu chính":"Công ty TNHH SPX Express","Điểm phục vụ bưu chính":"Địa điểm kinh doanh tại Vĩnh Long (Hựu Thạnh) - Công ty TNHH SPX Express","Địa chỉ":"Thửa đất số 39 và thửa đất số 40, tờ bản đồ số 37, Tổ 1, ấp Khu Phố, xã Vĩnh Xuân, tỉnh Vĩnh Long","Số điện thoại":"0985428240","Số giấy phép ĐKKD":"01338","Số giấy phép bưu chính":"266/GP-BTTT","Ngày bắt đầu hoạt động":"45963","Tình trạng hoạt động":"Đang hoạt động","layer_id":167,"fid":811,"label":"Địa điểm kinh doanh tại Vĩnh Long (Hựu Thạnh) - Công ty TNHH SPX Express"}},{"type":"Feature","geometry":{"type":"Point","coordinates":[106.23948,10.263109]},"properties":{"Doanh nghiệp phuc vu bưu chính":"Bưu điện tỉnh Vĩnh Long","Điểm phục vụ bưu chính":"Tiên Thủy","Địa chỉ":"Khu phố Chánh, Xã Tiên Thủy, tỉnh Vĩnh Long","Số điện thoại":"834011555","Số giấy phép ĐKKD":null,"Số giấy phép bưu chính":null,"Ngày bắt đầu hoạt động":null,"Tình trạng hoạt động":"Đang hoạt động","layer_id":167,"fid":349,"label":"Tiên Thủy"}},{"type":"Feature","geometry":{"type":"Point","coordinates":[106.39053,10.281314]},"properties":{"Doanh nghiệp phuc vu bưu chính":"Bưu điện tỉnh Vĩnh Long","Điểm phục vụ bưu chính":"An Khánh","Địa chỉ":"Ấp Phước Thạnh, Xã Phú Túc, tỉnh Vĩnh Long","Số điện thoại":"834011555","Số giấy phép ĐKKD":null,"Số giấy phép bưu chính":"04/QĐ-BC","Ngày bắt đầu hoạt động":"8/2/01 12:00:00 AM","Tình trạng hoạt động":"Đang hoạt động","layer_id":167,"fid":350,"label":"An Khánh"}},{"type":"Feature","geometry":{"type":"Point","coordinates":[10.270386,106.382989]},"properties":{"Doanh nghiệp phuc vu bưu chính":"Công ty TNHH SPX Express","Điểm phục vụ bưu chính":"Địa điểm kinh doanh tại Bến Tre (Bến Tre 2) - Công ty TNHH SPX Express","Địa chỉ":"Thửa đất số 583, Tờ bản đồ số 14, Ấp Hữu Nhơn, Xã Hữu Định, Huyện Châu Thành, Tỉnh Bến Tre","Số điện thoại":"0376799451","Số giấy phép ĐKKD":"00676","Số giấy phép bưu chính":"266/GP-BTTT","Ngày bắt đầu hoạt động":"26/08/2022","Tình trạng hoạt động":"Đang hoạt động","layer_id":167,"fid":812,"label":"Địa điểm kinh doanh tại Bến Tre (Bến Tre 2) - Công ty TNHH SPX Express"}},{"type":"Feature","geometry":{"type":"Point","coordinates":[106.44648,10.227325]},"properties":{"Doanh nghiệp phuc vu bưu chính":"Bưu điện tỉnh Vĩnh Long","Điểm phục vụ bưu chính":"Giao Long","Địa chỉ":"Ấp Long Thạnh, Xã Giao Long, tỉnh Vĩnh Long","Số điện thoại":"834011555","Số giấy phép ĐKKD":null,"Số giấy phép bưu chính":"06/QĐ-BC","Ngày bắt đầu hoạt động":"11/1/00 12:00:00 AM","Tình trạng hoạt động":"Đang hoạt động","layer_id":167,"fid":351,"label":"Giao Long"}},{"type":"Feature","geometry":{"type":"Point","coordinates":[106.39642,10.264747]},"properties":{"Doanh nghiệp phuc vu bưu chính":"Bưu điện tỉnh Vĩnh Long","Điểm phục vụ bưu chính":"Hữu Định","Địa chỉ":"Ấp 1, Phường Phú Tân, tỉnh Vĩnh Long","Số điện thoại":"834011555","Số giấy phép ĐKKD":null,"Số giấy phép bưu chính":"04/QĐ-BC","Ngày bắt đầu hoạt động":"8/2/01 12:00:00 AM","Tình trạng hoạt động":"Đang hoạt động","layer_id":167,"fid":352,"label":"Hữu Định"}},{"type":"Feature","geometry":{"type":"Point","coordinates":[10.151663906,106.516056095]},"properties":{"Doanh nghiệp phuc vu bưu chính":"Công ty TNHH SPX Express","Điểm phục vụ bưu chính":"Địa điểm kinh doanh tại Bến Tre  (Giồng Trôm) - Công ty TNHH SPX Express","Địa chỉ":"Thửa đất số 49, tờ bản đồ số 79, khu phố 1,Đường tránh thị trấn, Thị Trấn Giồng Trôm, Huyện Giồng Trôm Tỉnh Bến Tre","Số điện thoại":"0357262689","Số giấy phép ĐKKD":"00380","Số giấy phép bưu chính":"266/GP-BTTT","Ngày bắt đầu hoạt động":"21/12/2021","Tình trạng hoạt động":"Đang hoạt động","layer_id":167,"fid":813,"label":"Địa điểm kinh doanh tại Bến Tre  (Giồng Trôm) - Công ty TNHH SPX Express"}},{"type":"Feature","geometry":{"type":"Point","coordinates":[106.36698,10.298798]},"properties":{"Doanh nghiệp phuc vu bưu chính":"Bưu điện tỉnh Vĩnh Long","Điểm phục vụ bưu chính":"Phú An Hòa","Địa chỉ":"Ấp Phước Hòa, Xã Giao Long, tỉnh Vĩnh Long","Số điện thoại":"834011555","Số giấy phép ĐKKD":null,"Số giấy phép bưu chính":null,"Ngày bắt đầu hoạt động":null,"Tình trạng hoạt động":"Đang hoạt động","layer_id":167,"fid":353,"label":"Phú An Hòa"}},{"type":"Feature","geometry":{"type":"Point","coordinates":[10.117111929,106.627198138]},"properties":{"Doanh nghiệp phuc vu bưu chính":"Công ty TNHH SPX Express","Điểm phục vụ bưu chính":"Địa điểm kinh doanh tại Vĩnh Long (Ba Tri 2) - Công ty TNHH SPX Express","Địa chỉ":"Thửa đất số 195, tờ bản đồ số 9, ấp Tân Thanh 2, Xã Tân Xuân, Tỉnh Vĩnh Long","Số điện thoại":"0971626739","Số giấy phép ĐKKD":"01206","Số giấy phép bưu chính":"266/GP-BTTT","Ngày bắt đầu hoạt động":"16/08/2025","Tình trạng hoạt động":"Đang hoạt động","layer_id":167,"fid":814,"label":"Địa điểm kinh doanh tại Vĩnh Long (Ba Tri 2) - Công ty TNHH SPX Express"}},{"type":"Feature","geometry":{"type":"Point","coordinates":[106.197532,10.28216137]},"properties":{"Doanh nghiệp phuc vu bưu chính":"Bưu điện tỉnh Vĩnh Long","Điểm phục vụ bưu chính":"Phú Đức","Địa chỉ":"Ấp Phú Định, Xã Tân Phú, tỉnh Vĩnh Long","Số điện thoại":"834011555","Số giấy phép ĐKKD":null,"Số giấy phép bưu chính":"04/QĐ-BC","Ngày bắt đầu hoạt động":"8/2/01 12:00:00 AM","Tình trạng hoạt động":"Đang hoạt động","layer_id":167,"fid":354,"label":"Phú Đức"}},{"type":"Feature","geometry":{"type":"Point","coordinates":[106.3914878,10.27910449]},"properties":{"Doanh nghiệp phuc vu bưu chính":"Bưu điện tỉnh Vĩnh Long","Điểm phục vụ bưu chính":"Phước Thạnh","Địa chỉ":"Ấp 1, Phường Phú Tân, tỉnh Vĩnh Long","Số điện thoại":"834011555","Số giấy phép ĐKKD":null,"Số giấy phép bưu chính":"19/QĐ","Ngày bắt đầu hoạt động":"5/3/99 12:00:00 AM","Tình trạng hoạt động":"Đang hoạt động","layer_id":167,"fid":355,"label":"Phước Thạnh"}},{"type":"Feature","geometry":{"type":"Point","coordinates":[106.39937,10.321528]},"properties":{"Doanh nghiệp phuc vu bưu chính":"Bưu điện tỉnh Vĩnh Long","Điểm phục vụ bưu chính":"Quới Sơn","Địa chỉ":"Ấp 8, Xã Giao Long, tỉnh Vĩnh Long","Số điện thoại":"834011555","Số giấy phép ĐKKD":null,"Số giấy phép bưu chính":"19/QĐ","Ngày bắt đầu hoạt động":"5/3/99 12:00:00 AM","Tình trạng hoạt động":"Đang hoạt động","layer_id":167,"fid":356,"label":"Quới Sơn"}},{"type":"Feature","geometry":{"type":"Point","coordinates":[10.276875,106.27031]},"properties":{"Doanh nghiệp phuc vu bưu chính":"Công ty TNHH SPX Express","Điểm phục vụ bưu chính":"Địa điểm kinh doanh tại Bến Tre (Châu Thành 2) - Công ty TNHH SPX Express","Địa chỉ":"Thửa đất số 402, tờ bản đồ số 7, Khu Phố Tiên Tây Vàm, Xã Tiên Thủy, Tỉnh Vĩnh Long","Số điện thoại":"0927099189","Số giấy phép ĐKKD":"01055","Số giấy phép bưu chính":"266/GP-BTTT","Ngày bắt đầu hoạt động":"27/11/2024","Tình trạng hoạt động":"Đang hoạt động","layer_id":167,"fid":815,"label":"Địa điểm kinh doanh tại Bến Tre (Châu Thành 2) - Công ty TNHH SPX Express"}},{"type":"Feature","geometry":{"type":"Point","coordinates":[106.31401,10.263567]},"properties":{"Doanh nghiệp phuc vu bưu chính":"Bưu điện tỉnh Vĩnh Long","Điểm phục vụ bưu chính":"Sơn Hòa","Địa chỉ":"Ấp Hòa Chánh, Xã Phú Túc, tỉnh Vĩnh Long","Số điện thoại":"834011555","Số giấy phép ĐKKD":null,"Số giấy phép bưu chính":"19/QĐ","Ngày bắt đầu hoạt động":"5/3/99 12:00:00 AM","Tình trạng hoạt động":"Đang hoạt động","layer_id":167,"fid":357,"label":"Sơn Hòa"}},{"type":"Feature","geometry":{"type":"Point","coordinates":[10.30402,106.39452]},"properties":{"Doanh nghiệp phuc vu bưu chính":"Công ty TNHH SPX Express","Điểm phục vụ bưu chính":"Địa điểm kinh doanh tại Bến Tre (Châu Thành 3) - Công ty TNHH SPX Express","Địa chỉ":"Số nhà 509/4 ấp Quới Hòa Đông, xã Giao Long, tỉnh Vĩnh Long","Số điện thoại":"0962374770","Số giấy phép ĐKKD":"01248","Số giấy phép bưu chính":"266/GP-BTTT","Ngày bắt đầu hoạt động":"28/09/2025","Tình trạng hoạt động":"Đang hoạt động","layer_id":167,"fid":816,"label":"Địa điểm kinh doanh tại Bến Tre (Châu Thành 3) - Công ty TNHH SPX Express"}},{"type":"Feature","geometry":{"type":"Point","coordinates":[106.34049,10.29203]},"properties":{"Doanh nghiệp phuc vu bưu chính":"Bưu điện tỉnh Vĩnh Long","Điểm phục vụ bưu chính":"Tam Phước","Địa chỉ":"Ấp Thạnh Hựu, Phường Sơn Đông, tỉnh Vĩnh Long","Số điện thoại":"834011555","Số giấy phép ĐKKD":null,"Số giấy phép bưu chính":"19/QĐ","Ngày bắt đầu hoạt động":"5/3/99 12:00:00 AM","Tình trạng hoạt động":"Đang hoạt động","layer_id":167,"fid":358,"label":"Tam Phước"}},{"type":"Feature","geometry":{"type":"Point","coordinates":[106.36846,10.329912]},"properties":{"Doanh nghiệp phuc vu bưu chính":"Bưu điện tỉnh Vĩnh Long","Điểm phục vụ bưu chính":"Tân Thạch","Địa chỉ":"Ấp Tân An Thượng, Xã Phú Túc, tỉnh Vĩnh Long","Số điện thoại":"834011555","Số giấy phép ĐKKD":null,"Số giấy phép bưu chính":"1073/QĐ-BD0BT","Ngày bắt đầu hoạt động":"7/14/23 12:00:00 AM","Tình trạng hoạt động":"Đang hoạt động","layer_id":167,"fid":359,"label":"Tân Thạch"}},{"type":"Feature","geometry":{"type":"Point","coordinates":[10.273171479,106.439416088]},"properties":{"Doanh nghiệp phuc vu bưu chính":"Công ty TNHH SPX Express","Điểm phục vụ bưu chính":"Địa điểm kinh doanh tại Vĩnh Long (Giồng Trôm 2) - Công ty TNHH SPX Express","Địa chỉ":"Số 140, ấp Mỹ An, xã Phước Long, tỉnh Vĩnh Long","Số điện thoại":"0969587090","Số giấy phép ĐKKD":"01295","Số giấy phép bưu chính":"266/GP-BTTT","Ngày bắt đầu hoạt động":"22/07/2025","Tình trạng hoạt động":"Đang hoạt động","layer_id":167,"fid":817,"label":"Địa điểm kinh doanh tại Vĩnh Long (Giồng Trôm 2) - Công ty TNHH SPX Express"}},{"type":"Feature","geometry":{"type":"Point","coordinates":[106.3565455,10.29642018]},"properties":{"Doanh nghiệp phuc vu bưu chính":"Bưu điện tỉnh Vĩnh Long","Điểm phục vụ bưu chính":"TT Châu Thành","Địa chỉ":"Khu phố 3, Xã Phú Túc, tỉnh Vĩnh Long","Số điện thoại":"834011555","Số giấy phép ĐKKD":null,"Số giấy phép bưu chính":"1073/QĐ-BD0BT","Ngày bắt đầu hoạt động":"7/14/23 12:00:00 AM","Tình trạng hoạt động":"Đang hoạt động","layer_id":167,"fid":360,"label":"TT Châu Thành"}},{"type":"Feature","geometry":{"type":"Point","coordinates":[10.046816,106.588536]},"properties":{"Doanh nghiệp phuc vu bưu chính":"Công ty TNHH SPX Express","Điểm phục vụ bưu chính":"Địa điểm kinh doanh tại Bến Tre (Ba Tri) - Công ty TNHH SPX Express","Địa chỉ":"Số 18-19, Đường số 04, Khu đô thị Việt Sin -An Bình, xã Ba Tri, tỉnh Vĩnh Long","Số điện thoại":"0337960505","Số giấy phép ĐKKD":"00313","Số giấy phép bưu chính":"266/GP-BTTT","Ngày bắt đầu hoạt động":"28/10/2021","Tình trạng hoạt động":"Đang hoạt động","layer_id":167,"fid":818,"label":"Địa điểm kinh doanh tại Bến Tre (Ba Tri) - Công ty TNHH SPX Express"}},{"type":"Feature","geometry":{"type":"Point","coordinates":[106.30518,10.293848]},"properties":{"Doanh nghiệp phuc vu bưu chính":"Bưu điện tỉnh Vĩnh Long","Điểm phục vụ bưu chính":"Tường Đa","Địa chỉ":"Ấp Định Thọ, Xã Phú Túc, tỉnh Vĩnh Long","Số điện thoại":"834011555","Số giấy phép ĐKKD":null,"Số giấy phép bưu chính":"04/QĐ-BC","Ngày bắt đầu hoạt động":"8/2/01 12:00:00 AM","Tình trạng hoạt động":"Đang hoạt động","layer_id":167,"fid":361,"label":"Tường Đa"}},{"type":"Feature","geometry":{"type":"Point","coordinates":[10.250524522,106.143565659]},"properties":{"Doanh nghiệp phuc vu bưu chính":"Công ty TNHH SPX Express","Điểm phục vụ bưu chính":"Địa điểm kinh doanh tại Bến Tre (Chợ Lách) - Công ty TNHH SPX Express","Địa chỉ":"Thửa đất số 236, Tờ bản đồ số 9, Quốc lộ 57, Ấp Nhơn phú, Xã Hòa Nghĩa, Huyện Chợ Lách, Tỉnh Bến Tre","Số điện thoại":"0964003432","Số giấy phép ĐKKD":"00630","Số giấy phép bưu chính":"266/GP-BTTT","Ngày bắt đầu hoạt động":"27/05/2022","Tình trạng hoạt động":"Đang hoạt động","layer_id":167,"fid":819,"label":"Địa điểm kinh doanh tại Bến Tre (Chợ Lách) - Công ty TNHH SPX Express"}},{"type":"Feature","geometry":{"type":"Point","coordinates":[106.13163,10.267447]},"properties":{"Doanh nghiệp phuc vu bưu chính":"Bưu điện tỉnh Vĩnh Long","Điểm phục vụ bưu chính":"Chợ Lách","Địa chỉ":"Ấp Khu Phố 1, Xã Chợ Lách, tỉnh Vĩnh Long","Số điện thoại":"912692277","Số giấy phép ĐKKD":null,"Số giấy phép bưu chính":null,"Ngày bắt đầu hoạt động":null,"Tình trạng hoạt động":"Đang hoạt động","layer_id":167,"fid":362,"label":"Chợ Lách"}},{"type":"Feature","geometry":{"type":"Point","coordinates":[106.21561,10.206602]},"properties":{"Doanh nghiệp phuc vu bưu chính":"Bưu điện tỉnh Vĩnh Long","Điểm phục vụ bưu chính":"Cái Mơn","Địa chỉ":"Ấp Vĩnh Hưng 1, Xã Vĩnh Thành, tỉnh Vĩnh Long","Số điện thoại":"912692277","Số giấy phép ĐKKD":null,"Số giấy phép bưu chính":null,"Ngày bắt đầu hoạt động":null,"Tình trạng hoạt động":"Đang hoạt động","layer_id":167,"fid":363,"label":"Cái Mơn"}},{"type":"Feature","geometry":{"type":"Point","coordinates":[10.119151,106.329726]},"properties":{"Doanh nghiệp phuc vu bưu chính":"Công ty TNHH SPX Express","Điểm phục vụ bưu chính":"Địa điểm kinh doanh tại Bến Tre (Mỏ Cày Nam)- Công Ty TNHH SPX EXPRESS","Địa chỉ":"Thửa 71, tờ bản đồ số 3, Xã Đa Phước Hội, Huyện Mỏ Cày Nam, Tỉnh Bến Tre","Số điện thoại":"0939877337","Số giấy phép ĐKKD":"00300","Số giấy phép bưu chính":"266/GP-BTTT","Ngày bắt đầu hoạt động":"22/10/2021","Tình trạng hoạt động":"Đang hoạt động","layer_id":167,"fid":820,"label":"Địa điểm kinh doanh tại Bến Tre (Mỏ Cày Nam)- Công Ty TNHH SPX EXPRESS"}},{"type":"Feature","geometry":{"type":"Point","coordinates":[106.18702,10.232845]},"properties":{"Doanh nghiệp phuc vu bưu chính":"Bưu điện tỉnh Vĩnh Long","Điểm phục vụ bưu chính":"Long Thới","Địa chỉ":"Ấp Long Vinh, Xã Chợ Lách, tỉnh Vĩnh Long","Số điện thoại":"912692277","Số giấy phép ĐKKD":null,"Số giấy phép bưu chính":null,"Ngày bắt đầu hoạt động":null,"Tình trạng hoạt động":"Đang hoạt động","layer_id":167,"fid":364,"label":"Long Thới"}},{"type":"Feature","geometry":{"type":"Point","coordinates":[106.04573,10.276202]},"properties":{"Doanh nghiệp phuc vu bưu chính":"Bưu điện tỉnh Vĩnh Long","Điểm phục vụ bưu chính":"Phú Phụng","Địa chỉ":"Ấp Chợ, Xã Phú Phụng, tỉnh Vĩnh Long","Số điện thoại":"912692277","Số giấy phép ĐKKD":null,"Số giấy phép bưu chính":"248/QĐ-BD0BT","Ngày bắt đầu hoạt động":"2/26/25 12:00:00 AM","Tình trạng hoạt động":"Đang hoạt động","layer_id":167,"fid":365,"label":"Phú Phụng"}},{"type":"Feature","geometry":{"type":"Point","coordinates":[9.94551958,106.515831624]},"properties":{"Doanh nghiệp phuc vu bưu chính":"Công ty TNHH SPX Express","Điểm phục vụ bưu chính":"Địa điểm kinh doanh tại Bến Tre (Thạnh Phú) - Công ty TNHH SPX EXPRESS","Địa chỉ":"Thửa đất số 154, tờ bản đồ số 49, Khu Phố 3, Thị Trấn Thạnh Phú, Huyện Thạnh Phú, Tỉnh Bến Tre","Số điện thoại":"0917279363","Số giấy phép ĐKKD":"00514","Số giấy phép bưu chính":"266/GP-BTTT","Ngày bắt đầu hoạt động":"44899","Tình trạng hoạt động":"Đang hoạt động","layer_id":167,"fid":821,"label":"Địa điểm kinh doanh tại Bến Tre (Thạnh Phú) - Công ty TNHH SPX EXPRESS"}},{"type":"Feature","geometry":{"type":"Point","coordinates":[106.18003,10.196287]},"properties":{"Doanh nghiệp phuc vu bưu chính":"Bưu điện tỉnh Vĩnh Long","Điểm phục vụ bưu chính":"Tân Thiềng","Địa chỉ":"Ấp Quân Bình, Xã Vĩnh Thành, tỉnh Vĩnh Long","Số điện thoại":"912692277","Số giấy phép ĐKKD":null,"Số giấy phép bưu chính":"248/QĐ-BD0BT","Ngày bắt đầu hoạt động":"2/26/25 12:00:00 AM","Tình trạng hoạt động":"Đang hoạt động","layer_id":167,"fid":366,"label":"Tân Thiềng"}},{"type":"Feature","geometry":{"type":"Point","coordinates":[106.09025,10.267345]},"properties":{"Doanh nghiệp phuc vu bưu chính":"Bưu điện tỉnh Vĩnh Long","Điểm phục vụ bưu chính":"Vĩnh Bình","Địa chỉ":"Ấp Lộc Hiệp, Xã Phú Phụng, tỉnh Vĩnh Long","Số điện thoại":"912692277","Số giấy phép ĐKKD":null,"Số giấy phép bưu chính":"04/QĐ-BC","Ngày bắt đầu hoạt động":"8/2/01 12:00:00 AM","Tình trạng hoạt động":"Đang hoạt động","layer_id":167,"fid":367,"label":"Vĩnh Bình"}},{"type":"Feature","geometry":{"type":"Point","coordinates":[10.310917,106.342556]},"properties":{"Doanh nghiệp phuc vu bưu chính":"Công ty TNHH SPX Express","Điểm phục vụ bưu chính":"Địa điểm kinh doanh tại Bến Tre (Châu Thành) - Công ty TNHH SPX Express","Địa chỉ":"Thửa đất số 700, tờ bản đồ số 14, ấp An Mỹ, xã An Khánh, huyện Châu Thành, tỉnh Bến Tre","Số điện thoại":"0399941090","Số giấy phép ĐKKD":"00144","Số giấy phép bưu chính":"266/GP-BTTT","Ngày bắt đầu hoạt động":"26/05/2021","Tình trạng hoạt động":"Đang hoạt động","layer_id":167,"fid":822,"label":"Địa điểm kinh doanh tại Bến Tre (Châu Thành) - Công ty TNHH SPX Express"}},{"type":"Feature","geometry":{"type":"Point","coordinates":[106.25463,10.208875]},"properties":{"Doanh nghiệp phuc vu bưu chính":"Bưu điện tỉnh Vĩnh Long","Điểm phục vụ bưu chính":"Vĩnh Hòa","Địa chỉ":"Ấp Hòa I, Xã Hưng Khánh Trung, tỉnh Vĩnh Long","Số điện thoại":"912692277","Số giấy phép ĐKKD":null,"Số giấy phép bưu chính":"248/QĐ-BD0BT","Ngày bắt đầu hoạt động":"2/26/25 12:00:00 AM","Tình trạng hoạt động":"Đang hoạt động","layer_id":167,"fid":368,"label":"Vĩnh Hòa"}},{"type":"Feature","geometry":{"type":"Point","coordinates":[106.50538,10.175176]},"properties":{"Doanh nghiệp phuc vu bưu chính":"Bưu điện tỉnh Vĩnh Long","Điểm phục vụ bưu chính":"Giồng Trôm","Địa chỉ":"Khu phố 1, Xã Giồng Trôm, tỉnh Vĩnh Long","Số điện thoại":"913823033","Số giấy phép ĐKKD":null,"Số giấy phép bưu chính":null,"Ngày bắt đầu hoạt động":null,"Tình trạng hoạt động":"Đang hoạt động","layer_id":167,"fid":369,"label":"Giồng Trôm"}},{"type":"Feature","geometry":{"type":"Point","coordinates":[10.17998,106.268606]},"properties":{"Doanh nghiệp phuc vu bưu chính":"Công ty TNHH SPX Express","Điểm phục vụ bưu chính":"Địa điểm kinh doanh tại Bến Tre (Mỏ Cày Bắc) - Công ty TNHH SPX Express","Địa chỉ":"Thửa đất số 168, tờ bản đồ số 15, ấp Thanh Hòa, xã Thành An, huyện Mỏ Cày Bắc, tỉnh Bến Tre","Số điện thoại":"0988592440","Số giấy phép ĐKKD":"00513","Số giấy phép bưu chính":"266/GP-BTTT","Ngày bắt đầu hoạt động":"04/04/2022","Tình trạng hoạt động":"Đang hoạt động","layer_id":167,"fid":823,"label":"Địa điểm kinh doanh tại Bến Tre (Mỏ Cày Bắc) - Công ty TNHH SPX Express"}},{"type":"Feature","geometry":{"type":"Point","coordinates":[106.48082,10.198408]},"properties":{"Doanh nghiệp phuc vu bưu chính":"Bưu điện tỉnh Vĩnh Long","Điểm phục vụ bưu chính":"Lương Quới","Địa chỉ":"Ấp 1, Xã Châu Hòa, tỉnh Vĩnh Long","Số điện thoại":"913823033","Số giấy phép ĐKKD":null,"Số giấy phép bưu chính":null,"Ngày bắt đầu hoạt động":null,"Tình trạng hoạt động":"Đang hoạt động","layer_id":167,"fid":370,"label":"Lương Quới"}},{"type":"Feature","geometry":{"type":"Point","coordinates":[106.4349,10.221184]},"properties":{"Doanh nghiệp phuc vu bưu chính":"Bưu điện tỉnh Vĩnh Long","Điểm phục vụ bưu chính":"Mỹ Lồng","Địa chỉ":"Ấp Chợ, Xã Lương Phú, tỉnh Vĩnh Long","Số điện thoại":"913823033","Số giấy phép ĐKKD":null,"Số giấy phép bưu chính":null,"Ngày bắt đầu hoạt động":null,"Tình trạng hoạt động":"Đang hoạt động","layer_id":167,"fid":371,"label":"Mỹ Lồng"}},{"type":"Feature","geometry":{"type":"Point","coordinates":[10.204939,106.220481]},"properties":{"Doanh nghiệp phuc vu bưu chính":"Công ty TNHH SPX Express","Điểm phục vụ bưu chính":"Địa điểm kinh doanh tại Vĩnh Long (Chợ Lách 2)- Công Ty TNHH SPX EXPRESS","Địa chỉ":"Thửa đất số 86, tờ bản đồ số 27, ấp Vĩnh Bắc, xã Vĩnh Thành, tỉnh Vĩnh Long","Số điện thoại":"0388860077","Số giấy phép ĐKKD":"01237","Số giấy phép bưu chính":"266/GP-BTTT","Ngày bắt đầu hoạt động":"22/09/2025","Tình trạng hoạt động":"Đang hoạt động","layer_id":167,"fid":824,"label":"Địa điểm kinh doanh tại Vĩnh Long (Chợ Lách 2)- Công Ty TNHH SPX EXPRESS"}},{"type":"Feature","geometry":{"type":"Point","coordinates":[106.41126,10.167636]},"properties":{"Doanh nghiệp phuc vu bưu chính":"Bưu điện tỉnh Vĩnh Long","Điểm phục vụ bưu chính":"Phước Long","Địa chỉ":"Ấp 8, Xã Phước Long, tỉnh Vĩnh Long","Số điện thoại":"913823033","Số giấy phép ĐKKD":null,"Số giấy phép bưu chính":"18/QĐ-KDBCVT-TH","Ngày bắt đầu hoạt động":"01/17/2008","Tình trạng hoạt động":"Đang hoạt động","layer_id":167,"fid":372,"label":"Phước Long"}},{"type":"Feature","geometry":{"type":"Point","coordinates":[106.46574,10.139828]},"properties":{"Doanh nghiệp phuc vu bưu chính":"Bưu điện tỉnh Vĩnh Long","Điểm phục vụ bưu chính":"Tân Hào","Địa chỉ":"Ấp 1, Xã Tân Hào, tỉnh Vĩnh Long","Số điện thoại":"913823033","Số giấy phép ĐKKD":null,"Số giấy phép bưu chính":null,"Ngày bắt đầu hoạt động":null,"Tình trạng hoạt động":"Đang hoạt động","layer_id":167,"fid":373,"label":"Tân Hào"}},{"type":"Feature","geometry":{"type":"Point","coordinates":[10.228356,106.355472]},"properties":{"Doanh nghiệp phuc vu bưu chính":"Công ty TNHH SPX Express","Điểm phục vụ bưu chính":"Địa điểm kinh doanh tại Vĩnh Long (Bến Tre)- Công Ty TNHH SPX EXPRESS","Địa chỉ":"297C5 đường Nguyễn Văn Tư, Khu phố 3, Phường 7, thành phố Bến Tre, Tỉnh Bến Tre","Số điện thoại":"0933923516","Số giấy phép ĐKKD":"00035","Số giấy phép bưu chính":"266/GP-BTTT","Ngày bắt đầu hoạt động":"26/03/2021","Tình trạng hoạt động":"Đang hoạt động","layer_id":167,"fid":825,"label":"Địa điểm kinh doanh tại Vĩnh Long (Bến Tre)- Công Ty TNHH SPX EXPRESS"}},{"type":"Feature","geometry":{"type":"Point","coordinates":[106.4874031,10.17658874]},"properties":{"Doanh nghiệp phuc vu bưu chính":"Bưu điện tỉnh Vĩnh Long","Điểm phục vụ bưu chính":"Bình Hòa","Địa chỉ":"Ấp Kinh Ngoài, Xã Giồng Trôm, tỉnh Vĩnh Long","Số điện thoại":"913823033","Số giấy phép ĐKKD":null,"Số giấy phép bưu chính":"19/QĐ","Ngày bắt đầu hoạt động":"5/3/99 12:00:00 AM","Tình trạng hoạt động":"Đang hoạt động","layer_id":167,"fid":374,"label":"Bình Hòa"}},{"type":"Feature","geometry":{"type":"Point","coordinates":[106.4871817,10.16686669]},"properties":{"Doanh nghiệp phuc vu bưu chính":"Bưu điện tỉnh Vĩnh Long","Điểm phục vụ bưu chính":"Bình Thành","Địa chỉ":"Ấp 3, Xã Giồng Trôm, tỉnh Vĩnh Long","Số điện thoại":"913823033","Số giấy phép ĐKKD":null,"Số giấy phép bưu chính":"19/QĐ","Ngày bắt đầu hoạt động":"5/3/99 12:00:00 AM","Tình trạng hoạt động":"Đang hoạt động","layer_id":167,"fid":375,"label":"Bình Thành"}},{"type":"Feature","geometry":{"type":"Point","coordinates":[10.205406,106.67438]},"properties":{"Doanh nghiệp phuc vu bưu chính":"Công ty TNHH SPX Express","Điểm phục vụ bưu chính":"Địa điểm kinh doanh tại Bến Tre (Bình Đại) - Công ty TNHH SPX Express","Địa chỉ":"Thửa đất số 41, tờ bản đồ số 26, ấp 1 Giồng Sầm, Xã Bình Thới , Huyện Bình Đại, Tỉnh Bến Tre","Số điện thoại":"0372404150","Số giấy phép ĐKKD":"00283","Số giấy phép bưu chính":"266/GP-BTTT","Ngày bắt đầu hoạt động":"44206","Tình trạng hoạt động":"Đang hoạt động","layer_id":167,"fid":826,"label":"Địa điểm kinh doanh tại Bến Tre (Bình Đại) - Công ty TNHH SPX Express"}},{"type":"Feature","geometry":{"type":"Point","coordinates":[106.56841,10.189205]},"properties":{"Doanh nghiệp phuc vu bưu chính":"Bưu điện tỉnh Vĩnh Long","Điểm phục vụ bưu chính":"Châu Bình","Địa chỉ":"Ấp Bình Thạnh, Xã Châu Hòa, tỉnh Vĩnh Long","Số điện thoại":"913823033","Số giấy phép ĐKKD":null,"Số giấy phép bưu chính":null,"Ngày bắt đầu hoạt động":null,"Tình trạng hoạt động":"Đang hoạt động","layer_id":167,"fid":376,"label":"Châu Bình"}},{"type":"Feature","geometry":{"type":"Point","coordinates":[10.2305466,106.543468]},"properties":{"Doanh nghiệp phuc vu bưu chính":"Công ty TNHH SPX Express","Điểm phục vụ bưu chính":"Địa điểm kinh doanh tại Vĩnh Long (Bình Đại 2)- Công Ty TNHH SPX EXPRESS","Địa chỉ":"Thửa đất số 12, tờ bản đồ số 13, ấp Chợ xã Châu Hưng, tỉnh Vĩnh Long","Số điện thoại":"0974175119","Số giấy phép ĐKKD":"01281","Số giấy phép bưu chính":"266/GP-BTTT","Ngày bắt đầu hoạt động":"45785","Tình trạng hoạt động":"Đang hoạt động","layer_id":167,"fid":827,"label":"Địa điểm kinh doanh tại Vĩnh Long (Bình Đại 2)- Công Ty TNHH SPX EXPRESS"}},{"type":"Feature","geometry":{"type":"Point","coordinates":[106.4951193,10.21332571]},"properties":{"Doanh nghiệp phuc vu bưu chính":"Bưu điện tỉnh Vĩnh Long","Điểm phục vụ bưu chính":"Châu Hòa","Địa chỉ":"Ấp Phú Hòa, Xã Châu Hòa, tỉnh Vĩnh Long","Số điện thoại":"913823033","Số giấy phép ĐKKD":null,"Số giấy phép bưu chính":"19/QĐ","Ngày bắt đầu hoạt động":"5/3/99 12:00:00 AM","Tình trạng hoạt động":"Đang hoạt động","layer_id":167,"fid":377,"label":"Châu Hòa"}},{"type":"Feature","geometry":{"type":"Point","coordinates":[106.1137178,10.17558803]},"properties":{"Doanh nghiệp phuc vu bưu chính":"Bưu điện tỉnh Vĩnh Long","Điểm phục vụ bưu chính":"Mang Thít","Địa chỉ":"Khóm 1, Xã Cái Nhum","Số điện thoại":"2703840222","Số giấy phép ĐKKD":null,"Số giấy phép bưu chính":null,"Ngày bắt đầu hoạt động":null,"Tình trạng hoạt động":"Đang hoạt động","layer_id":167,"fid":518,"label":"Mang Thít"}},{"type":"Feature","geometry":{"type":"Point","coordinates":[106.46805,10.070007]},"properties":{"Doanh nghiệp phuc vu bưu chính":"Bưu điện tỉnh Vĩnh Long","Điểm phục vụ bưu chính":"Hưng Lễ","Địa chỉ":"Ấp Cái Da, Xã Hưng Nhượng, tỉnh Vĩnh Long","Số điện thoại":"913823033","Số giấy phép ĐKKD":null,"Số giấy phép bưu chính":"06/QĐ-BC","Ngày bắt đầu hoạt động":"11/1/00 12:00:00 AM","Tình trạng hoạt động":"Đang hoạt động","layer_id":167,"fid":378,"label":"Hưng Lễ"}},{"type":"Feature","geometry":{"type":"Point","coordinates":[10.014679,106.406063]},"properties":{"Doanh nghiệp phuc vu bưu chính":"Công ty TNHH SPX Express","Điểm phục vụ bưu chính":"Địa điểm kinh doanh tại Vĩnh Long (Mỏ Cày Nam 2)- Công Ty TNHH SPX EXPRESS","Địa chỉ":"Ấp Thị, Xã Hương Mỹ, Tỉnh Vĩnh Long","Số điện thoại":"0332507950","Số giấy phép ĐKKD":"01167","Số giấy phép bưu chính":"266/GP-BTTT","Ngày bắt đầu hoạt động":"27/08/2025","Tình trạng hoạt động":"Đang hoạt động","layer_id":167,"fid":828,"label":"Địa điểm kinh doanh tại Vĩnh Long (Mỏ Cày Nam 2)- Công Ty TNHH SPX EXPRESS"}},{"type":"Feature","geometry":{"type":"Point","coordinates":[106.49898,10.098907]},"properties":{"Doanh nghiệp phuc vu bưu chính":"Bưu điện tỉnh Vĩnh Long","Điểm phục vụ bưu chính":"Hưng Nhượng","Địa chỉ":"Ấp 2, Xã Hưng Nhượng, tỉnh Vĩnh Long","Số điện thoại":"913823033","Số giấy phép ĐKKD":null,"Số giấy phép bưu chính":"18/QĐ-KDBCVT-TH","Ngày bắt đầu hoạt động":"01/17/2008","Tình trạng hoạt động":"Đang hoạt động","layer_id":167,"fid":379,"label":"Hưng Nhượng"}},{"type":"Feature","geometry":{"type":"Point","coordinates":[9.92192,106.33957]},"properties":{"Doanh nghiệp phuc vu bưu chính":"Công ty TNHH Chuyển phát nhanh Ngọc Nhi ","Điểm phục vụ bưu chính":"Công ty TNHH Chuyển phát nhanh Ngọc Nhi ","Địa chỉ":"Số 49/22, K8, P8, phường Trà Vinh, tỉnh Vĩnh Long","Số điện thoại":"0917010072","Số giấy phép ĐKKD":" 2100692238","Số giấy phép bưu chính":"01/XN-STTTT","Ngày bắt đầu hoạt động":".01/01/2025","Tình trạng hoạt động":"Đang hoạt động","layer_id":167,"fid":829,"label":"Công ty TNHH Chuyển phát nhanh Ngọc Nhi "}},{"type":"Feature","geometry":{"type":"Point","coordinates":[106.39053,10.140468]},"properties":{"Doanh nghiệp phuc vu bưu chính":"Bưu điện tỉnh Vĩnh Long","Điểm phục vụ bưu chính":"Hưng Phong","Địa chỉ":"Ấp 2, Xã Phước Long, tỉnh Vĩnh Long","Số điện thoại":"913823033","Số giấy phép ĐKKD":null,"Số giấy phép bưu chính":null,"Ngày bắt đầu hoạt động":null,"Tình trạng hoạt động":"Đang hoạt động","layer_id":167,"fid":380,"label":"Hưng Phong"}},{"type":"Feature","geometry":{"type":"Point","coordinates":[106.45618,10.140373]},"properties":{"Doanh nghiệp phuc vu bưu chính":"Bưu điện tỉnh Vĩnh Long","Điểm phục vụ bưu chính":"Long Mỹ","Địa chỉ":"Ấp Linh Phụng, Xã Phước Long, tỉnh Vĩnh Long","Số điện thoại":"913823033","Số giấy phép ĐKKD":null,"Số giấy phép bưu chính":"06/QĐ-BC","Ngày bắt đầu hoạt động":"11/1/00 12:00:00 AM","Tình trạng hoạt động":"Đang hoạt động","layer_id":167,"fid":381,"label":"Long Mỹ"}},{"type":"Feature","geometry":{"type":"Point","coordinates":[106.44648,10.199863]},"properties":{"Doanh nghiệp phuc vu bưu chính":"Bưu điện tỉnh Vĩnh Long","Điểm phục vụ bưu chính":"Lương Hòa","Địa chỉ":"Ấp Phong Điền, Xã Lương Hòa, tỉnh Vĩnh Long","Số điện thoại":"913823033","Số giấy phép ĐKKD":null,"Số giấy phép bưu chính":"19/QĐ","Ngày bắt đầu hoạt động":"5/3/99 12:00:00 AM","Tình trạng hoạt động":"Đang hoạt động","layer_id":167,"fid":382,"label":"Lương Hòa"}},{"type":"Feature","geometry":{"type":"Point","coordinates":[106.43175,10.187083]},"properties":{"Doanh nghiệp phuc vu bưu chính":"Bưu điện tỉnh Vĩnh Long","Điểm phục vụ bưu chính":"Lương Phú","Địa chỉ":"Ấp 2, Xã Lương Phú, tỉnh Vĩnh Long","Số điện thoại":"913823033","Số giấy phép ĐKKD":null,"Số giấy phép bưu chính":"19/QĐ","Ngày bắt đầu hoạt động":"5/3/99 12:00:00 AM","Tình trạng hoạt động":"Đang hoạt động","layer_id":167,"fid":383,"label":"Lương Phú"}},{"type":"Feature","geometry":{"type":"Point","coordinates":[106.4261919,10.21418187]},"properties":{"Doanh nghiệp phuc vu bưu chính":"Bưu điện tỉnh Vĩnh Long","Điểm phục vụ bưu chính":"Mỹ Thạnh","Địa chỉ":"Ấp 5, Xã Lương Phú, tỉnh Vĩnh Long","Số điện thoại":"913823033","Số giấy phép ĐKKD":null,"Số giấy phép bưu chính":null,"Ngày bắt đầu hoạt động":null,"Tình trạng hoạt động":"Đang hoạt động","layer_id":167,"fid":384,"label":"Mỹ Thạnh"}},{"type":"Feature","geometry":{"type":"Point","coordinates":[106.4726996,10.22981742]},"properties":{"Doanh nghiệp phuc vu bưu chính":"Bưu điện tỉnh Vĩnh Long","Điểm phục vụ bưu chính":"Phong Mỹ","Địa chỉ":"Ấp 3, Xã Lương Hòa, tỉnh Vĩnh Long","Số điện thoại":"913823033","Số giấy phép ĐKKD":null,"Số giấy phép bưu chính":"19/QĐ","Ngày bắt đầu hoạt động":"5/3/99 12:00:00 AM","Tình trạng hoạt động":"Đang hoạt động","layer_id":167,"fid":385,"label":"Phong Mỹ"}},{"type":"Feature","geometry":{"type":"Point","coordinates":[106.4514721,10.23934681]},"properties":{"Doanh nghiệp phuc vu bưu chính":"Bưu điện tỉnh Vĩnh Long","Điểm phục vụ bưu chính":"Phong Nẫm","Địa chỉ":"Ấp 3, Xã Lương Hòa, tỉnh Vĩnh Long","Số điện thoại":"913823033","Số giấy phép ĐKKD":null,"Số giấy phép bưu chính":"19/QĐ","Ngày bắt đầu hoạt động":"5/3/99 12:00:00 AM","Tình trạng hoạt động":"Đang hoạt động","layer_id":167,"fid":386,"label":"Phong Nẫm"}},{"type":"Feature","geometry":{"type":"Point","coordinates":[106.38759,10.181224]},"properties":{"Doanh nghiệp phuc vu bưu chính":"Bưu điện tỉnh Vĩnh Long","Điểm phục vụ bưu chính":"Sơn Phú","Địa chỉ":"Ấp 3, Phường An Hội, tỉnh Vĩnh Long","Số điện thoại":"913823033","Số giấy phép ĐKKD":null,"Số giấy phép bưu chính":"04/QĐ-BC","Ngày bắt đầu hoạt động":"8/2/01 12:00:00 AM","Tình trạng hoạt động":"Đang hoạt động","layer_id":167,"fid":387,"label":"Sơn Phú"}},{"type":"Feature","geometry":{"type":"Point","coordinates":[106.44648,10.124084]},"properties":{"Doanh nghiệp phuc vu bưu chính":"Bưu điện tỉnh Vĩnh Long","Điểm phục vụ bưu chính":"Tân Lợi Thạnh","Địa chỉ":"Ấp 6, Xã Tân Hào, tỉnh Vĩnh Long","Số điện thoại":"913823033","Số giấy phép ĐKKD":null,"Số giấy phép bưu chính":null,"Ngày bắt đầu hoạt động":null,"Tình trạng hoạt động":"Đang hoạt động","layer_id":167,"fid":388,"label":"Tân Lợi Thạnh"}},{"type":"Feature","geometry":{"type":"Point","coordinates":[106.4961198,10.13471642]},"properties":{"Doanh nghiệp phuc vu bưu chính":"Bưu điện tỉnh Vĩnh Long","Điểm phục vụ bưu chính":"Tân Thanh","Địa chỉ":"Ấp Bình Thuận, Xã Hưng Nhượng, tỉnh Vĩnh Long","Số điện thoại":"913823033","Số giấy phép ĐKKD":null,"Số giấy phép bưu chính":null,"Ngày bắt đầu hoạt động":null,"Tình trạng hoạt động":"Đang hoạt động","layer_id":167,"fid":389,"label":"Tân Thanh"}},{"type":"Feature","geometry":{"type":"Point","coordinates":[106.4641303,10.14385739]},"properties":{"Doanh nghiệp phuc vu bưu chính":"Bưu điện tỉnh Vĩnh Long","Điểm phục vụ bưu chính":"Thạnh Phú Đông","Địa chỉ":"Ấp 1a, Xã Tân Hào, tỉnh Vĩnh Long","Số điện thoại":"913823033","Số giấy phép ĐKKD":null,"Số giấy phép bưu chính":"183/QĐ-BĐBT","Ngày bắt đầu hoạt động":"2/2/15 12:00:00 AM","Tình trạng hoạt động":"Đang hoạt động","layer_id":167,"fid":390,"label":"Thạnh Phú Đông"}},{"type":"Feature","geometry":{"type":"Point","coordinates":[106.41114,10.190848]},"properties":{"Doanh nghiệp phuc vu bưu chính":"Bưu điện tỉnh Vĩnh Long","Điểm phục vụ bưu chính":"Thuận Điền","Địa chỉ":"Ấp 4, Xã Lương Phú, tỉnh Vĩnh Long","Số điện thoại":"913823033","Số giấy phép ĐKKD":null,"Số giấy phép bưu chính":"04/QĐ-BC","Ngày bắt đầu hoạt động":"8/2/01 12:00:00 AM","Tình trạng hoạt động":"Đang hoạt động","layer_id":167,"fid":391,"label":"Thuận Điền"}},{"type":"Feature","geometry":{"type":"Point","coordinates":[106.27281,10.195204]},"properties":{"Doanh nghiệp phuc vu bưu chính":"Bưu điện tỉnh Vĩnh Long","Điểm phục vụ bưu chính":"Mỏ Cày Bắc","Địa chỉ":"Khu phố Phước Khánh, Xã Phước Mỹ Trung, tỉnh Vĩnh Long","Số điện thoại":"912692277","Số giấy phép ĐKKD":null,"Số giấy phép bưu chính":null,"Ngày bắt đầu hoạt động":null,"Tình trạng hoạt động":"Đang hoạt động","layer_id":167,"fid":392,"label":"Mỏ Cày Bắc"}},{"type":"Feature","geometry":{"type":"Point","coordinates":[106.2446,10.123735]},"properties":{"Doanh nghiệp phuc vu bưu chính":"Bưu điện tỉnh Vĩnh Long","Điểm phục vụ bưu chính":"Nhuận Phú Tân","Địa chỉ":"Ấp Tân Nhuận, Xã Nhuận Phú Tân, tỉnh Vĩnh Long","Số điện thoại":"912692277","Số giấy phép ĐKKD":null,"Số giấy phép bưu chính":null,"Ngày bắt đầu hoạt động":null,"Tình trạng hoạt động":"Đang hoạt động","layer_id":167,"fid":393,"label":"Nhuận Phú Tân"}},{"type":"Feature","geometry":{"type":"Point","coordinates":[106.33275,10.20248]},"properties":{"Doanh nghiệp phuc vu bưu chính":"Bưu điện tỉnh Vĩnh Long","Điểm phục vụ bưu chính":"Tân Thành Bình","Địa chỉ":"Ấp Chợ Xếp, Xã Tân Thành Bình, tỉnh Vĩnh Long","Số điện thoại":"912692277","Số giấy phép ĐKKD":null,"Số giấy phép bưu chính":null,"Ngày bắt đầu hoạt động":null,"Tình trạng hoạt động":"Đang hoạt động","layer_id":167,"fid":394,"label":"Tân Thành Bình"}},{"type":"Feature","geometry":{"type":"Point","coordinates":[106.3300014,10.16550826]},"properties":{"Doanh nghiệp phuc vu bưu chính":"Bưu điện tỉnh Vĩnh Long","Điểm phục vụ bưu chính":"Hòa Lộc","Địa chỉ":"Ấp Hòa Hưng, Xã Tân Thành Bình, tỉnh Vĩnh Long","Số điện thoại":"912692277","Số giấy phép ĐKKD":null,"Số giấy phép bưu chính":null,"Ngày bắt đầu hoạt động":null,"Tình trạng hoạt động":"Đang hoạt động","layer_id":167,"fid":395,"label":"Hòa Lộc"}},{"type":"Feature","geometry":{"type":"Point","coordinates":[106.2581,10.166151]},"properties":{"Doanh nghiệp phuc vu bưu chính":"Bưu điện tỉnh Vĩnh Long","Điểm phục vụ bưu chính":"Hưng Khánh Trung A","Địa chỉ":"Ấp Cái Tắc, Xã Hưng Khánh Trung, tỉnh Vĩnh Long","Số điện thoại":"912692277","Số giấy phép ĐKKD":null,"Số giấy phép bưu chính":"19/QĐ","Ngày bắt đầu hoạt động":"5/3/99 12:00:00 AM","Tình trạng hoạt động":"Đang hoạt động","layer_id":167,"fid":396,"label":"Hưng Khánh Trung A"}},{"type":"Feature","geometry":{"type":"Point","coordinates":[106.2878,10.11418]},"properties":{"Doanh nghiệp phuc vu bưu chính":"Bưu điện tỉnh Vĩnh Long","Điểm phục vụ bưu chính":"Khánh Thạnh Tân","Địa chỉ":"Ấp Tích Phúc, Xã Nhuận Phú Tân, tỉnh Vĩnh Long","Số điện thoại":"912692277","Số giấy phép ĐKKD":null,"Số giấy phép bưu chính":"04/QĐ-BC","Ngày bắt đầu hoạt động":"8/2/01 12:00:00 AM","Tình trạng hoạt động":"Đang hoạt động","layer_id":167,"fid":397,"label":"Khánh Thạnh Tân"}},{"type":"Feature","geometry":{"type":"Point","coordinates":[106.2877023,10.16588]},"properties":{"Doanh nghiệp phuc vu bưu chính":"Bưu điện tỉnh Vĩnh Long","Điểm phục vụ bưu chính":"Tân Bình","Địa chỉ":"Ấp Tân Thạnh, Xã Tân Thành Bình, tỉnh Vĩnh Long","Số điện thoại":"912692277","Số giấy phép ĐKKD":null,"Số giấy phép bưu chính":"502/QĐ-BĐBT","Ngày bắt đầu hoạt động":"7/12/10 12:00:00 AM","Tình trạng hoạt động":"Đang hoạt động","layer_id":167,"fid":398,"label":"Tân Bình"}},{"type":"Feature","geometry":{"type":"Point","coordinates":[106.2768705,10.15543485]},"properties":{"Doanh nghiệp phuc vu bưu chính":"Bưu điện tỉnh Vĩnh Long","Điểm phục vụ bưu chính":"Tân Thanh Tây","Địa chỉ":"Ấp Thanh Tây, Xã Nhuận Phú Tân, tỉnh Vĩnh Long","Số điện thoại":"912692277","Số giấy phép ĐKKD":null,"Số giấy phép bưu chính":"04/QĐ-BC","Ngày bắt đầu hoạt động":"8/2/01 12:00:00 AM","Tình trạng hoạt động":"Đang hoạt động","layer_id":167,"fid":399,"label":"Tân Thanh Tây"}},{"type":"Feature","geometry":{"type":"Point","coordinates":[106.30223,10.182871]},"properties":{"Doanh nghiệp phuc vu bưu chính":"Bưu điện tỉnh Vĩnh Long","Điểm phục vụ bưu chính":"Thành An","Địa chỉ":"Ấp Đông Trị, Xã Tân Thành Bình, tỉnh Vĩnh Long","Số điện thoại":"912692277","Số giấy phép ĐKKD":null,"Số giấy phép bưu chính":"06/QĐ-BC","Ngày bắt đầu hoạt động":"11/1/00 12:00:00 AM","Tình trạng hoạt động":"Đang hoạt động","layer_id":167,"fid":400,"label":"Thành An"}},{"type":"Feature","geometry":{"type":"Point","coordinates":[106.30262,10.240041]},"properties":{"Doanh nghiệp phuc vu bưu chính":"Bưu điện tỉnh Vĩnh Long","Điểm phục vụ bưu chính":"Thanh Tân","Địa chỉ":"Ấp Tân Thông 2, Phường Bến Tre, tỉnh Vĩnh Long","Số điện thoại":"912692277","Số giấy phép ĐKKD":null,"Số giấy phép bưu chính":"06/QĐ-BC","Ngày bắt đầu hoạt động":"11/1/00 12:00:00 AM","Tình trạng hoạt động":"Đang hoạt động","layer_id":167,"fid":401,"label":"Thanh Tân"}},{"type":"Feature","geometry":{"type":"Point","coordinates":[106.33112,10.13284]},"properties":{"Doanh nghiệp phuc vu bưu chính":"Bưu điện tỉnh Vĩnh Long","Điểm phục vụ bưu chính":"Mỏ Cày Nam","Địa chỉ":"Đường Quốc Lộ 60, Xã Mỏ Cày, tỉnh Vĩnh Long","Số điện thoại":"834599490","Số giấy phép ĐKKD":null,"Số giấy phép bưu chính":null,"Ngày bắt đầu hoạt động":null,"Tình trạng hoạt động":"Đang hoạt động","layer_id":167,"fid":402,"label":"Mỏ Cày Nam"}},{"type":"Feature","geometry":{"type":"Point","coordinates":[106.37417,10.080132]},"properties":{"Doanh nghiệp phuc vu bưu chính":"Bưu điện tỉnh Vĩnh Long","Điểm phục vụ bưu chính":"An Định","Địa chỉ":"Ấp Phú Đông 1, Xã An Định, tỉnh Vĩnh Long","Số điện thoại":"834599490","Số giấy phép ĐKKD":null,"Số giấy phép bưu chính":null,"Ngày bắt đầu hoạt động":null,"Tình trạng hoạt động":"Đang hoạt động","layer_id":167,"fid":403,"label":"An Định"}},{"type":"Feature","geometry":{"type":"Point","coordinates":[106.34077,10.061061]},"properties":{"Doanh nghiệp phuc vu bưu chính":"Bưu điện tỉnh Vĩnh Long","Điểm phục vụ bưu chính":"An Thới","Địa chỉ":"Ấp An Lợi, Xã Thành Thới, tỉnh Vĩnh Long","Số điện thoại":"834599490","Số giấy phép ĐKKD":null,"Số giấy phép bưu chính":null,"Ngày bắt đầu hoạt động":null,"Tình trạng hoạt động":"Đang hoạt động","layer_id":167,"fid":404,"label":"An Thới"}},{"type":"Feature","geometry":{"type":"Point","coordinates":[106.3808,10.039687]},"properties":{"Doanh nghiệp phuc vu bưu chính":"Bưu điện tỉnh Vĩnh Long","Điểm phục vụ bưu chính":"Cẩm Sơn","Địa chỉ":"Ấp Thanh Sơn, Xã Hương Mỹ, tỉnh Vĩnh Long","Số điện thoại":"834599490","Số giấy phép ĐKKD":null,"Số giấy phép bưu chính":null,"Ngày bắt đầu hoạt động":null,"Tình trạng hoạt động":"Đang hoạt động","layer_id":167,"fid":405,"label":"Cẩm Sơn"}},{"type":"Feature","geometry":{"type":"Point","coordinates":[106.29094,10.098705]},"properties":{"Doanh nghiệp phuc vu bưu chính":"Bưu điện tỉnh Vĩnh Long","Điểm phục vụ bưu chính":"Chợ Thom","Địa chỉ":"Ấp An Lộc Thị, Xã Mỏ Cày, tỉnh Vĩnh Long","Số điện thoại":"834599490","Số giấy phép ĐKKD":null,"Số giấy phép bưu chính":null,"Ngày bắt đầu hoạt động":null,"Tình trạng hoạt động":"Đang hoạt động","layer_id":167,"fid":406,"label":"Chợ Thom"}},{"type":"Feature","geometry":{"type":"Point","coordinates":[106.40262,10.015803]},"properties":{"Doanh nghiệp phuc vu bưu chính":"Bưu điện tỉnh Vĩnh Long","Điểm phục vụ bưu chính":"Hương Mỹ","Địa chỉ":"Ấp Thị, Xã Hương Mỹ, tỉnh Vĩnh Long","Số điện thoại":"834599490","Số giấy phép ĐKKD":null,"Số giấy phép bưu chính":null,"Ngày bắt đầu hoạt động":null,"Tình trạng hoạt động":"Đang hoạt động","layer_id":167,"fid":407,"label":"Hương Mỹ"}},{"type":"Feature","geometry":{"type":"Point","coordinates":[106.38661,10.096666]},"properties":{"Doanh nghiệp phuc vu bưu chính":"Bưu điện tỉnh Vĩnh Long","Điểm phục vụ bưu chính":"Bình Khánh Đông","Địa chỉ":"Ấp Phú Tây Thượng, Xã Đồng Khởi , tỉnh Vĩnh Long","Số điện thoại":"834599490","Số giấy phép ĐKKD":null,"Số giấy phép bưu chính":null,"Ngày bắt đầu hoạt động":null,"Tình trạng hoạt động":"Đang hoạt động","layer_id":167,"fid":408,"label":"Bình Khánh Đông"}},{"type":"Feature","geometry":{"type":"Point","coordinates":[106.3655,10.096332]},"properties":{"Doanh nghiệp phuc vu bưu chính":"Bưu điện tỉnh Vĩnh Long","Điểm phục vụ bưu chính":"Bình Khánh Tây","Địa chỉ":"Ấp An Hòa, Xã Đồng Khởi , tỉnh Vĩnh Long","Số điện thoại":"834599490","Số giấy phép ĐKKD":null,"Số giấy phép bưu chính":"04/QĐ-BC","Ngày bắt đầu hoạt động":"8/2/01 12:00:00 AM","Tình trạng hoạt động":"Đang hoạt động","layer_id":167,"fid":409,"label":"Bình Khánh Tây"}},{"type":"Feature","geometry":{"type":"Point","coordinates":[106.32766,10.10551]},"properties":{"Doanh nghiệp phuc vu bưu chính":"Bưu điện tỉnh Vĩnh Long","Điểm phục vụ bưu chính":"Đa Phước Hội","Địa chỉ":"Ấp An Vỉnh 1, Xã Mỏ Cày, tỉnh Vĩnh Long","Số điện thoại":"834599490","Số giấy phép ĐKKD":null,"Số giấy phép bưu chính":null,"Ngày bắt đầu hoạt động":null,"Tình trạng hoạt động":"Đang hoạt động","layer_id":167,"fid":410,"label":"Đa Phước Hội"}},{"type":"Feature","geometry":{"type":"Point","coordinates":[106.35227,10.150538]},"properties":{"Doanh nghiệp phuc vu bưu chính":"Bưu điện tỉnh Vĩnh Long","Điểm phục vụ bưu chính":"Định Thủy","Địa chỉ":"Ấp Định Nhơn, Xã Đồng Khởi, tỉnh Vĩnh Long","Số điện thoại":"834599490","Số giấy phép ĐKKD":null,"Số giấy phép bưu chính":null,"Ngày bắt đầu hoạt động":null,"Tình trạng hoạt động":"Đang hoạt động","layer_id":167,"fid":411,"label":"Định Thủy"}},{"type":"Feature","geometry":{"type":"Point","coordinates":[105.75566,10.096248]},"properties":{"Doanh nghiệp phuc vu bưu chính":"Bưu điện tỉnh Vĩnh Long","Điểm phục vụ bưu chính":"Minh Đức","Địa chỉ":"Ấp Tân Quới Tây B, Xã An Định, tỉnh Vĩnh Long","Số điện thoại":"834599490","Số giấy phép ĐKKD":null,"Số giấy phép bưu chính":null,"Ngày bắt đầu hoạt động":null,"Tình trạng hoạt động":"Đang hoạt động","layer_id":167,"fid":412,"label":"Minh Đức"}},{"type":"Feature","geometry":{"type":"Point","coordinates":[106.3611,10.044582]},"properties":{"Doanh nghiệp phuc vu bưu chính":"Bưu điện tỉnh Vĩnh Long","Điểm phục vụ bưu chính":"Ngãi Đăng","Địa chỉ":"Ấp Bình Sơn, Xã Hương Mỹ, tỉnh Vĩnh Long","Số điện thoại":"834599490","Số giấy phép ĐKKD":null,"Số giấy phép bưu chính":"04/QĐ-BC","Ngày bắt đầu hoạt động":"8/2/01 12:00:00 AM","Tình trạng hoạt động":"Đang hoạt động","layer_id":167,"fid":413,"label":"Ngãi Đăng"}},{"type":"Feature","geometry":{"type":"Point","coordinates":[106.3634111,10.12467358]},"properties":{"Doanh nghiệp phuc vu bưu chính":"Bưu điện tỉnh Vĩnh Long","Điểm phục vụ bưu chính":"Phước Hiệp","Địa chỉ":"Ấp An Thới, Xã Đồng Khởi, tỉnh Vĩnh Long","Số điện thoại":"834599490","Số giấy phép ĐKKD":null,"Số giấy phép bưu chính":null,"Ngày bắt đầu hoạt động":null,"Tình trạng hoạt động":"Đang hoạt động","layer_id":167,"fid":414,"label":"Phước Hiệp"}},{"type":"Feature","geometry":{"type":"Point","coordinates":[106.3098795,10.12083983]},"properties":{"Doanh nghiệp phuc vu bưu chính":"Bưu điện tỉnh Vĩnh Long","Điểm phục vụ bưu chính":"Tân Hội","Địa chỉ":"Ấp Hội Thành, Xã Mỏ Cày, tỉnh Vĩnh Long","Số điện thoại":"834599490","Số giấy phép ĐKKD":null,"Số giấy phép bưu chính":null,"Ngày bắt đầu hoạt động":null,"Tình trạng hoạt động":"Đang hoạt động","layer_id":167,"fid":415,"label":"Tân Hội"}},{"type":"Feature","geometry":{"type":"Point","coordinates":[106.38085,10.039706]},"properties":{"Doanh nghiệp phuc vu bưu chính":"Bưu điện tỉnh Vĩnh Long","Điểm phục vụ bưu chính":"Tân Trung","Địa chỉ":"Ấp Tân Thành 9, Xã An Định, tỉnh Vĩnh Long","Số điện thoại":"834599490","Số giấy phép ĐKKD":null,"Số giấy phép bưu chính":null,"Ngày bắt đầu hoạt động":null,"Tình trạng hoạt động":"Đang hoạt động","layer_id":167,"fid":416,"label":"Tân Trung"}},{"type":"Feature","geometry":{"type":"Point","coordinates":[106.3245789,10.04965886]},"properties":{"Doanh nghiệp phuc vu bưu chính":"Bưu điện tỉnh Vĩnh Long","Điểm phục vụ bưu chính":"Thành Thới A","Địa chỉ":"Ấp An Trạch Đông, Xã Thành Thới, tỉnh Vĩnh Long","Số điện thoại":"834599490","Số giấy phép ĐKKD":null,"Số giấy phép bưu chính":null,"Ngày bắt đầu hoạt động":null,"Tình trạng hoạt động":"Đang hoạt động","layer_id":167,"fid":417,"label":"Thành Thới A"}},{"type":"Feature","geometry":{"type":"Point","coordinates":[106.29341,10.066921]},"properties":{"Doanh nghiệp phuc vu bưu chính":"Bưu điện tỉnh Vĩnh Long","Điểm phục vụ bưu chính":"Thành Thới B","Địa chỉ":"Ấp Tân Bình, Xã Thành Thới, tỉnh Vĩnh Long","Số điện thoại":"834599490","Số giấy phép ĐKKD":null,"Số giấy phép bưu chính":null,"Ngày bắt đầu hoạt động":null,"Tình trạng hoạt động":"Đang hoạt động","layer_id":167,"fid":418,"label":"Thành Thới B"}},{"type":"Feature","geometry":{"type":"Point","coordinates":[106.61093,9.8801304]},"properties":{"Doanh nghiệp phuc vu bưu chính":"Bưu điện tỉnh Vĩnh Long","Điểm phục vụ bưu chính":"Giao Thạnh","Địa chỉ":"Ấp Giao Hòa B, Xã Thạnh Phong, tỉnh Vĩnh Long","Số điện thoại":"834599490","Số giấy phép ĐKKD":null,"Số giấy phép bưu chính":null,"Ngày bắt đầu hoạt động":null,"Tình trạng hoạt động":"Đang hoạt động","layer_id":167,"fid":419,"label":"Giao Thạnh"}},{"type":"Feature","geometry":{"type":"Point","coordinates":[106.44751,10.002553]},"properties":{"Doanh nghiệp phuc vu bưu chính":"Bưu điện tỉnh Vĩnh Long","Điểm phục vụ bưu chính":"Tân Phong","Địa chỉ":"Ấp Thạnh, Xã Đại Điền, tỉnh Vĩnh Long","Số điện thoại":"834599490","Số giấy phép ĐKKD":null,"Số giấy phép bưu chính":null,"Ngày bắt đầu hoạt động":null,"Tình trạng hoạt động":"Đang hoạt động","layer_id":167,"fid":420,"label":"Tân Phong"}},{"type":"Feature","geometry":{"type":"Point","coordinates":[106.50538,9.9481665]},"properties":{"Doanh nghiệp phuc vu bưu chính":"Bưu điện tỉnh Vĩnh Long","Điểm phục vụ bưu chính":"Thạnh Phú","Địa chỉ":"Khu phố 4, Xã Thạnh Phú, tỉnh Vĩnh Long","Số điện thoại":"834599490","Số giấy phép ĐKKD":null,"Số giấy phép bưu chính":null,"Ngày bắt đầu hoạt động":null,"Tình trạng hoạt động":"Đang hoạt động","layer_id":167,"fid":421,"label":"Thạnh Phú"}},{"type":"Feature","geometry":{"type":"Point","coordinates":[106.60176,9.937162]},"properties":{"Doanh nghiệp phuc vu bưu chính":"Bưu điện tỉnh Vĩnh Long","Điểm phục vụ bưu chính":"An Điền","Địa chỉ":"Ấp Giang Hà, Xã Thạnh Hải, tỉnh Vĩnh Long","Số điện thoại":"834599490","Số giấy phép ĐKKD":null,"Số giấy phép bưu chính":"04/QĐ-BC","Ngày bắt đầu hoạt động":"8/2/01 12:00:00 AM","Tình trạng hoạt động":"Đang hoạt động","layer_id":167,"fid":422,"label":"An Điền"}},{"type":"Feature","geometry":{"type":"Point","coordinates":[106.5593734,9.900224136]},"properties":{"Doanh nghiệp phuc vu bưu chính":"Bưu điện tỉnh Vĩnh Long","Điểm phục vụ bưu chính":"An Nhơn","Địa chỉ":"Ấp An Hòa, Xã An Qui, tỉnh Vĩnh Long","Số điện thoại":"834599490","Số giấy phép ĐKKD":null,"Số giấy phép bưu chính":null,"Ngày bắt đầu hoạt động":null,"Tình trạng hoạt động":"Đang hoạt động","layer_id":167,"fid":423,"label":"An Nhơn"}},{"type":"Feature","geometry":{"type":"Point","coordinates":[106.6470124,9.922415411]},"properties":{"Doanh nghiệp phuc vu bưu chính":"Bưu điện tỉnh Vĩnh Long","Điểm phục vụ bưu chính":"An Thạnh","Địa chỉ":"Ấp An Thạnh, Xã Thạnh Phú, tỉnh Vĩnh Long","Số điện thoại":"834599490","Số giấy phép ĐKKD":null,"Số giấy phép bưu chính":"19/QĐ","Ngày bắt đầu hoạt động":"5/3/99 12:00:00 AM","Tình trạng hoạt động":"Đang hoạt động","layer_id":167,"fid":424,"label":"An Thạnh"}},{"type":"Feature","geometry":{"type":"Point","coordinates":[106.54308,9.9174799]},"properties":{"Doanh nghiệp phuc vu bưu chính":"Bưu điện tỉnh Vĩnh Long","Điểm phục vụ bưu chính":"An Thuận","Địa chỉ":"Ấp An Hội B, Xã An Qui, tỉnh Vĩnh Long","Số điện thoại":"834599490","Số giấy phép ĐKKD":null,"Số giấy phép bưu chính":"06/QĐ-BC","Ngày bắt đầu hoạt động":"11/1/00 12:00:00 AM","Tình trạng hoạt động":"Đang hoạt động","layer_id":167,"fid":425,"label":"An Thuận"}},{"type":"Feature","geometry":{"type":"Point","coordinates":[106.52895,10.141497]},"properties":{"Doanh nghiệp phuc vu bưu chính":"Bưu điện tỉnh Vĩnh Long","Điểm phục vụ bưu chính":"Bình Thạnh","Địa chỉ":"Ấp Thạnh Quí A, Xã Thạnh Phú, tỉnh Vĩnh Long","Số điện thoại":"834599490","Số giấy phép ĐKKD":null,"Số giấy phép bưu chính":"19/QĐ","Ngày bắt đầu hoạt động":"5/3/99 12:00:00 AM","Tình trạng hoạt động":"Đang hoạt động","layer_id":167,"fid":426,"label":"Bình Thạnh"}},{"type":"Feature","geometry":{"type":"Point","coordinates":[106.44627,10.02288]},"properties":{"Doanh nghiệp phuc vu bưu chính":"Bưu điện tỉnh Vĩnh Long","Điểm phục vụ bưu chính":"Đại Điền","Địa chỉ":"Ấp Khu Phố, Xã Đại Điền, tỉnh Vĩnh Long","Số điện thoại":"834599490","Số giấy phép ĐKKD":null,"Số giấy phép bưu chính":"06/QĐ-BC","Ngày bắt đầu hoạt động":"11/1/00 12:00:00 AM","Tình trạng hoạt động":"Đang hoạt động","layer_id":167,"fid":427,"label":"Đại Điền"}},{"type":"Feature","geometry":{"type":"Point","coordinates":[106.46331,9.9547035]},"properties":{"Doanh nghiệp phuc vu bưu chính":"Bưu điện tỉnh Vĩnh Long","Điểm phục vụ bưu chính":"Hòa Lợi","Địa chỉ":"Ấp Quí Hòa, Xã Quới Điền, tỉnh Vĩnh Long","Số điện thoại":"834599490","Số giấy phép ĐKKD":null,"Số giấy phép bưu chính":"04/QĐ-BC","Ngày bắt đầu hoạt động":"8/2/01 12:00:00 AM","Tình trạng hoạt động":"Đang hoạt động","layer_id":167,"fid":428,"label":"Hòa Lợi"}},{"type":"Feature","geometry":{"type":"Point","coordinates":[106.6294946,9.881880021]},"properties":{"Doanh nghiệp phuc vu bưu chính":"Bưu điện tỉnh Vĩnh Long","Điểm phục vụ bưu chính":"Mỹ An","Địa chỉ":"Ấp Thạnh Mỹ, Xã Thạnh Phú, tỉnh Vĩnh Long","Số điện thoại":"834599490","Số giấy phép ĐKKD":null,"Số giấy phép bưu chính":null,"Ngày bắt đầu hoạt động":null,"Tình trạng hoạt động":"Đang hoạt động","layer_id":167,"fid":429,"label":"Mỹ An"}},{"type":"Feature","geometry":{"type":"Point","coordinates":[106.4347,10.048971]},"properties":{"Doanh nghiệp phuc vu bưu chính":"Bưu điện tỉnh Vĩnh Long","Điểm phục vụ bưu chính":"Phú Khánh","Địa chỉ":"Ấp Phú Lợi, Xã Đại Điền, tỉnh Vĩnh Long","Số điện thoại":"834599490","Số giấy phép ĐKKD":null,"Số giấy phép bưu chính":null,"Ngày bắt đầu hoạt động":null,"Tình trạng hoạt động":"Đang hoạt động","layer_id":167,"fid":431,"label":"Phú Khánh"}},{"type":"Feature","geometry":{"type":"Point","coordinates":[106.476694667,9.99856777]},"properties":{"Doanh nghiệp phuc vu bưu chính":"Bưu điện tỉnh Vĩnh Long","Điểm phục vụ bưu chính":"Mỹ Hưng","Địa chỉ":"Ấp Thạnh Mỹ, Xã Quới Điền, tỉnh Vĩnh Long","Số điện thoại":"834599490","Số giấy phép ĐKKD":null,"Số giấy phép bưu chính":"19/QĐ","Ngày bắt đầu hoạt động":"5/3/99 12:00:00 AM","Tình trạng hoạt động":"Đang hoạt động","layer_id":167,"fid":430,"label":"Mỹ Hưng"}},{"type":"Feature","geometry":{"type":"Point","coordinates":[106.47645,9.9826603]},"properties":{"Doanh nghiệp phuc vu bưu chính":"Bưu điện tỉnh Vĩnh Long","Điểm phục vụ bưu chính":"Quới Điền","Địa chỉ":"Ấp Quí Đức, Xã Quới Điền, tỉnh Vĩnh Long","Số điện thoại":"834599490","Số giấy phép ĐKKD":null,"Số giấy phép bưu chính":"06/QĐ-BC","Ngày bắt đầu hoạt động":"11/1/00 12:00:00 AM","Tình trạng hoạt động":"Đang hoạt động","layer_id":167,"fid":432,"label":"Quới Điền"}},{"type":"Feature","geometry":{"type":"Point","coordinates":[106.65401,9.877379]},"properties":{"Doanh nghiệp phuc vu bưu chính":"Bưu điện tỉnh Vĩnh Long","Điểm phục vụ bưu chính":"Thạnh Hải","Địa chỉ":"Ấp Thạnh Hưng B, Xã Thạnh Hải, tỉnh Vĩnh Long","Số điện thoại":"834599490","Số giấy phép ĐKKD":null,"Số giấy phép bưu chính":"19/QĐ","Ngày bắt đầu hoạt động":"5/3/99 12:00:00 AM","Tình trạng hoạt động":"Đang hoạt động","layer_id":167,"fid":433,"label":"Thạnh Hải"}},{"type":"Feature","geometry":{"type":"Point","coordinates":[106.62978,9.8500025]},"properties":{"Doanh nghiệp phuc vu bưu chính":"Bưu điện tỉnh Vĩnh Long","Điểm phục vụ bưu chính":"Thạnh Phong","Địa chỉ":"Ấp Thạnh Phước, Xã Thạnh Phong, tỉnh Vĩnh Long","Số điện thoại":"834599490","Số giấy phép ĐKKD":null,"Số giấy phép bưu chính":null,"Ngày bắt đầu hoạt động":null,"Tình trạng hoạt động":"Đang hoạt động","layer_id":167,"fid":434,"label":"Thạnh Phong"}},{"type":"Feature","geometry":{"type":"Point","coordinates":[106.42881,9.9682191]},"properties":{"Doanh nghiệp phuc vu bưu chính":"Bưu điện tỉnh Vĩnh Long","Điểm phục vụ bưu chính":"Thới Thạnh","Địa chỉ":"Ấp Xương Thạnh A, Xã Đại Điền, tỉnh Vĩnh Long","Số điện thoại":"834599490","Số giấy phép ĐKKD":null,"Số giấy phép bưu chính":"04/QĐ-BC","Ngày bắt đầu hoạt động":"8/2/01 12:00:00 AM","Tình trạng hoạt động":"Đang hoạt động","layer_id":167,"fid":435,"label":"Thới Thạnh"}},{"type":"Feature","geometry":{"type":"Point","coordinates":[106.35522,10.245966]},"properties":{"Doanh nghiệp phuc vu bưu chính":"Bưu điện tỉnh Vĩnh Long","Điểm phục vụ bưu chính":"Bến Tre","Địa chỉ":"3 Đường Đồng Khởi, Phường An Hội, tỉnh Vĩnh Long","Số điện thoại":"919800799","Số giấy phép ĐKKD":null,"Số giấy phép bưu chính":null,"Ngày bắt đầu hoạt động":null,"Tình trạng hoạt động":"Đang hoạt động","layer_id":167,"fid":436,"label":"Bến Tre"}},{"type":"Feature","geometry":{"type":"Point","coordinates":[106.35523,10.245977]},"properties":{"Doanh nghiệp phuc vu bưu chính":"Bưu điện tỉnh Vĩnh Long","Điểm phục vụ bưu chính":"KHL Bến Tre","Địa chỉ":"Đường Nguyễn Thị Định, Phường Phú Khương, tỉnh Vĩnh Long","Số điện thoại":"919800799","Số giấy phép ĐKKD":null,"Số giấy phép bưu chính":null,"Ngày bắt đầu hoạt động":null,"Tình trạng hoạt động":"Đang hoạt động","layer_id":167,"fid":437,"label":"KHL Bến Tre"}},{"type":"Feature","geometry":{"type":"Point","coordinates":[106.358,10.230007]},"properties":{"Doanh nghiệp phuc vu bưu chính":"Bưu điện tỉnh Vĩnh Long","Điểm phục vụ bưu chính":"Phường 7","Địa chỉ":"Đường Nguyễn Văn Tư, Phường Bến Tre , tỉnh Vĩnh Long","Số điện thoại":"919800799","Số giấy phép ĐKKD":null,"Số giấy phép bưu chính":null,"Ngày bắt đầu hoạt động":null,"Tình trạng hoạt động":"Đang hoạt động","layer_id":167,"fid":438,"label":"Phường 7"}},{"type":"Feature","geometry":{"type":"Point","coordinates":[106.33755,10.262358]},"properties":{"Doanh nghiệp phuc vu bưu chính":"Bưu điện tỉnh Vĩnh Long","Điểm phục vụ bưu chính":"Sơn Đông","Địa chỉ":"Ấp 2, Phường Sơn Đông, tỉnh Vĩnh Long","Số điện thoại":"919800799","Số giấy phép ĐKKD":null,"Số giấy phép bưu chính":null,"Ngày bắt đầu hoạt động":null,"Tình trạng hoạt động":"Đang hoạt động","layer_id":167,"fid":439,"label":"Sơn Đông"}},{"type":"Feature","geometry":{"type":"Point","coordinates":[106.39691,10.250735]},"properties":{"Doanh nghiệp phuc vu bưu chính":"Bưu điện tỉnh Vĩnh Long","Điểm phục vụ bưu chính":"KTC1 Bến Tre","Địa chỉ":"06/E3 Ấp Phú Thành, Phường Phú Khương , tỉnh Vĩnh Long","Số điện thoại":"919800799","Số giấy phép ĐKKD":null,"Số giấy phép bưu chính":null,"Ngày bắt đầu hoạt động":null,"Tình trạng hoạt động":"Đang hoạt động","layer_id":167,"fid":440,"label":"KTC1 Bến Tre"}},{"type":"Feature","geometry":{"type":"Point","coordinates":[106.39766,10.209916]},"properties":{"Doanh nghiệp phuc vu bưu chính":"Bưu điện tỉnh Vĩnh Long","Điểm phục vụ bưu chính":"Nhơn Thạnh","Địa chỉ":"Ấp Nhơn Nghĩa, Phường Phú Khương, tỉnh Vĩnh Long","Số điện thoại":"919800799","Số giấy phép ĐKKD":null,"Số giấy phép bưu chính":"06/QĐ-BC","Ngày bắt đầu hoạt động":"11/1/00 12:00:00 AM","Tình trạng hoạt động":"Đang hoạt động","layer_id":167,"fid":441,"label":"Nhơn Thạnh"}},{"type":"Feature","geometry":{"type":"Point","coordinates":[105.95959,10.24582075]},"properties":{"Doanh nghiệp phuc vu bưu chính":"Bưu điện tỉnh Vĩnh Long","Điểm phục vụ bưu chính":"Nguyễn Huệ","Địa chỉ":"Số 144, Đường Nguyễn Huệ, Phường Long Châu","Số điện thoại":"2703862306","Số giấy phép ĐKKD":null,"Số giấy phép bưu chính":null,"Ngày bắt đầu hoạt động":null,"Tình trạng hoạt động":"Đang hoạt động","layer_id":167,"fid":444,"label":"Nguyễn Huệ"}},{"type":"Feature","geometry":{"type":"Point","coordinates":[106.41358,10.230459]},"properties":{"Doanh nghiệp phuc vu bưu chính":"Bưu điện tỉnh Vĩnh Long","Điểm phục vụ bưu chính":"Phú Hưng","Địa chỉ":"Đường Tỉnh Lộ 885, Phường Phú Khương, tỉnh Vĩnh Long","Số điện thoại":"919800799","Số giấy phép ĐKKD":null,"Số giấy phép bưu chính":null,"Ngày bắt đầu hoạt động":null,"Tình trạng hoạt động":"Đang hoạt động","layer_id":167,"fid":442,"label":"Phú Hưng"}},{"type":"Feature","geometry":{"type":"Point","coordinates":[105.9733849,10.25519962]},"properties":{"Doanh nghiệp phuc vu bưu chính":"Bưu điện tỉnh Vĩnh Long","Điểm phục vụ bưu chính":"Vĩnh Long","Địa chỉ":"Số 12C, Đường Hoàng Thái Hiếu, Phường Long Châu","Số điện thoại":"2703822550","Số giấy phép ĐKKD":null,"Số giấy phép bưu chính":null,"Ngày bắt đầu hoạt động":null,"Tình trạng hoạt động":"Đang hoạt động","layer_id":167,"fid":443,"label":"Vĩnh Long"}},{"type":"Feature","geometry":{"type":"Point","coordinates":[105.9321006,10.26563407]},"properties":{"Doanh nghiệp phuc vu bưu chính":"Bưu điện tỉnh Vĩnh Long","Điểm phục vụ bưu chính":"Tân Ngãi","Địa chỉ":"Tổ 1 đến 31, Ấp Tân Vĩnh Thuận, Phường Tân Ngãi","Số điện thoại":"2703815443","Số giấy phép ĐKKD":null,"Số giấy phép bưu chính":null,"Ngày bắt đầu hoạt động":null,"Tình trạng hoạt động":"Đang hoạt động","layer_id":167,"fid":445,"label":"Tân Ngãi"}},{"type":"Feature","geometry":{"type":"Point","coordinates":[105.958744,10.23895256]},"properties":{"Doanh nghiệp phuc vu bưu chính":"Bưu điện tỉnh Vĩnh Long","Điểm phục vụ bưu chính":"Phước Thọ","Địa chỉ":"Số 2D, Đường Phó Cơ Điều, Phường Tân Hạnh","Số điện thoại":"2703878173","Số giấy phép ĐKKD":null,"Số giấy phép bưu chính":null,"Ngày bắt đầu hoạt động":null,"Tình trạng hoạt động":"Đang hoạt động","layer_id":167,"fid":446,"label":"Phước Thọ"}},{"type":"Feature","geometry":{"type":"Point","coordinates":[105.9727943,10.25493492]},"properties":{"Doanh nghiệp phuc vu bưu chính":"Bưu điện tỉnh Vĩnh Long","Điểm phục vụ bưu chính":"KHL Vĩnh Long","Địa chỉ":"Số14, Đường Hoàng Thái Hiếu, Phường Long Châu","Số điện thoại":"2703822100","Số giấy phép ĐKKD":null,"Số giấy phép bưu chính":null,"Ngày bắt đầu hoạt động":null,"Tình trạng hoạt động":"Đang hoạt động","layer_id":167,"fid":447,"label":"KHL Vĩnh Long"}},{"type":"Feature","geometry":{"type":"Point","coordinates":[106.0133489,10.1927273]},"properties":{"Doanh nghiệp phuc vu bưu chính":"Bưu điện tỉnh Vĩnh Long","Điểm phục vụ bưu chính":"Long Hồ","Địa chỉ":"Khóm 1, Xã Long Hồ","Số điện thoại":"2703942798","Số giấy phép ĐKKD":null,"Số giấy phép bưu chính":null,"Ngày bắt đầu hoạt động":null,"Tình trạng hoạt động":"Đang hoạt động","layer_id":167,"fid":448,"label":"Long Hồ"}},{"type":"Feature","geometry":{"type":"Point","coordinates":[106.0033436,10.25634701]},"properties":{"Doanh nghiệp phuc vu bưu chính":"Bưu điện tỉnh Vĩnh Long","Điểm phục vụ bưu chính":"Thanh Đức","Địa chỉ":"Ấp Thanh Mỹ II, Phường Thanh Đức","Số điện thoại":"2703947979","Số giấy phép ĐKKD":null,"Số giấy phép bưu chính":null,"Ngày bắt đầu hoạt động":null,"Tình trạng hoạt động":"Đang hoạt động","layer_id":167,"fid":449,"label":"Thanh Đức"}},{"type":"Feature","geometry":{"type":"Point","coordinates":[105.9919987,10.28396034]},"properties":{"Doanh nghiệp phuc vu bưu chính":"Bưu điện tỉnh Vĩnh Long","Điểm phục vụ bưu chính":"Hoà Ninh","Địa chỉ":"Ấp Bình Thuận 1, Xã An Bình","Số điện thoại":"2703859955","Số giấy phép ĐKKD":null,"Số giấy phép bưu chính":null,"Ngày bắt đầu hoạt động":null,"Tình trạng hoạt động":"Đang hoạt động","layer_id":167,"fid":450,"label":"Hoà Ninh"}},{"type":"Feature","geometry":{"type":"Point","coordinates":[106.0157981,10.28259558]},"properties":{"Doanh nghiệp phuc vu bưu chính":"Bưu điện tỉnh Vĩnh Long","Điểm phục vụ bưu chính":"Bình Hòa Phước","Địa chỉ":"Ấp Bình Hòa 2, Xã An Bình","Số điện thoại":"2703859755","Số giấy phép ĐKKD":null,"Số giấy phép bưu chính":null,"Ngày bắt đầu hoạt động":null,"Tình trạng hoạt động":"Đang hoạt động","layer_id":167,"fid":451,"label":"Bình Hòa Phước"}},{"type":"Feature","geometry":{"type":"Point","coordinates":[105.9975294,10.31028748]},"properties":{"Doanh nghiệp phuc vu bưu chính":"Bưu điện tỉnh Vĩnh Long","Điểm phục vụ bưu chính":"Đồng Phú","Địa chỉ":"Ấp Thuận Long, Xã An Bình","Số điện thoại":"2703859510","Số giấy phép ĐKKD":null,"Số giấy phép bưu chính":null,"Ngày bắt đầu hoạt động":null,"Tình trạng hoạt động":"Đang hoạt động","layer_id":167,"fid":452,"label":"Đồng Phú"}},{"type":"Feature","geometry":{"type":"Point","coordinates":[105.9919411,10.28404387]},"properties":{"Doanh nghiệp phuc vu bưu chính":"Bưu điện tỉnh Vĩnh Long","Điểm phục vụ bưu chính":"An Bình","Địa chỉ":"Ấp An Thuận, Xã An Bình","Số điện thoại":"2703858555","Số giấy phép ĐKKD":null,"Số giấy phép bưu chính":null,"Ngày bắt đầu hoạt động":null,"Tình trạng hoạt động":"Đang hoạt động","layer_id":167,"fid":453,"label":"An Bình"}},{"type":"Feature","geometry":{"type":"Point","coordinates":[105.9216334,10.16170399]},"properties":{"Doanh nghiệp phuc vu bưu chính":"Bưu điện tỉnh Vĩnh Long","Điểm phục vụ bưu chính":"Phú Quới","Địa chỉ":"Ấp Phú Long A, Xã Phú Qưới","Số điện thoại":"2703811810","Số giấy phép ĐKKD":null,"Số giấy phép bưu chính":null,"Ngày bắt đầu hoạt động":null,"Tình trạng hoạt động":"Đang hoạt động","layer_id":167,"fid":454,"label":"Phú Quới"}},{"type":"Feature","geometry":{"type":"Point","coordinates":[105.8958141,10.16926673]},"properties":{"Doanh nghiệp phuc vu bưu chính":"Bưu điện tỉnh Vĩnh Long","Điểm phục vụ bưu chính":"Thạnh Quới","Địa chỉ":"Ấp Thạnh Phú, Xã Phú Qưới","Số điện thoại":"2703811310","Số giấy phép ĐKKD":null,"Số giấy phép bưu chính":null,"Ngày bắt đầu hoạt động":null,"Tình trạng hoạt động":"Đang hoạt động","layer_id":167,"fid":455,"label":"Thạnh Quới"}},{"type":"Feature","geometry":{"type":"Point","coordinates":[105.9323562,10.1740823]},"properties":{"Doanh nghiệp phuc vu bưu chính":"Bưu điện tỉnh Vĩnh Long","Điểm phục vụ bưu chính":"Khu công nghiệp Hoà Phú","Địa chỉ":"Ấp Phước Hòa, Xã Phú Qưới","Số điện thoại":"2703962999","Số giấy phép ĐKKD":null,"Số giấy phép bưu chính":null,"Ngày bắt đầu hoạt động":null,"Tình trạng hoạt động":"Đang hoạt động","layer_id":167,"fid":456,"label":"Khu công nghiệp Hoà Phú"}},{"type":"Feature","geometry":{"type":"Point","coordinates":[105.9403716,10.1943785]},"properties":{"Doanh nghiệp phuc vu bưu chính":"Bưu điện tỉnh Vĩnh Long","Điểm phục vụ bưu chính":"Lộc Hoà","Địa chỉ":"Ấp Phước Tân, Xã Phú Qưới","Số điện thoại":"2703957310","Số giấy phép ĐKKD":null,"Số giấy phép bưu chính":null,"Ngày bắt đầu hoạt động":null,"Tình trạng hoạt động":"Đang hoạt động","layer_id":167,"fid":457,"label":"Lộc Hoà"}},{"type":"Feature","geometry":{"type":"Point","coordinates":[105.9720974,10.21184943]},"properties":{"Doanh nghiệp phuc vu bưu chính":"Bưu điện tỉnh Vĩnh Long","Điểm phục vụ bưu chính":"Phước Hậu","Địa chỉ":"Ấp Phước Lợi A, Phường Phước Hậu","Số điện thoại":"2703850610","Số giấy phép ĐKKD":null,"Số giấy phép bưu chính":null,"Ngày bắt đầu hoạt động":null,"Tình trạng hoạt động":"Đang hoạt động","layer_id":167,"fid":458,"label":"Phước Hậu"}},{"type":"Feature","geometry":{"type":"Point","coordinates":[105.9830696,10.22279077]},"properties":{"Doanh nghiệp phuc vu bưu chính":"Bưu điện tỉnh Vĩnh Long","Điểm phục vụ bưu chính":"Long Phước","Địa chỉ":"Ấp Phước Nguơn B, Xã Long Hồ","Số điện thoại":"2703850609","Số giấy phép ĐKKD":null,"Số giấy phép bưu chính":null,"Ngày bắt đầu hoạt động":null,"Tình trạng hoạt động":"Đang hoạt động","layer_id":167,"fid":459,"label":"Long Phước"}},{"type":"Feature","geometry":{"type":"Point","coordinates":[105.9856495,10.18161825]},"properties":{"Doanh nghiệp phuc vu bưu chính":"Bưu điện tỉnh Vĩnh Long","Điểm phục vụ bưu chính":"Phú Đức","Địa chỉ":"Ấp An Hòa, Xã Long Hồ","Số điện thoại":"2703851510","Số giấy phép ĐKKD":null,"Số giấy phép bưu chính":null,"Ngày bắt đầu hoạt động":null,"Tình trạng hoạt động":"Đang hoạt động","layer_id":167,"fid":460,"label":"Phú Đức"}},{"type":"Feature","geometry":{"type":"Point","coordinates":[106.024007,10.15243129]},"properties":{"Doanh nghiệp phuc vu bưu chính":"Bưu điện tỉnh Vĩnh Long","Điểm phục vụ bưu chính":"Long An","Địa chỉ":"Ấp An Hiệp, Xã Long Hồ","Số điện thoại":"2703851610","Số giấy phép ĐKKD":null,"Số giấy phép bưu chính":null,"Ngày bắt đầu hoạt động":null,"Tình trạng hoạt động":"Đang hoạt động","layer_id":167,"fid":461,"label":"Long An"}},{"type":"Feature","geometry":{"type":"Point","coordinates":[105.9996947,10.04921781]},"properties":{"Doanh nghiệp phuc vu bưu chính":"Bưu điện tỉnh Vĩnh Long","Điểm phục vụ bưu chính":"Tam Bình","Địa chỉ":"Tổ 1 đến 12, Khóm 3, Xã Tam Bình","Số điện thoại":"2703860222","Số giấy phép ĐKKD":null,"Số giấy phép bưu chính":null,"Ngày bắt đầu hoạt động":null,"Tình trạng hoạt động":"Đang hoạt động","layer_id":167,"fid":462,"label":"Tam Bình"}},{"type":"Feature","geometry":{"type":"Point","coordinates":[105.9768924,10.06630957]},"properties":{"Doanh nghiệp phuc vu bưu chính":"Bưu điện tỉnh Vĩnh Long","Điểm phục vụ bưu chính":"Mỹ Thạnh Trung","Địa chỉ":"Ấp Mỹ Trung I, Xã Tam Bình","Số điện thoại":"2703714200","Số giấy phép ĐKKD":null,"Số giấy phép bưu chính":null,"Ngày bắt đầu hoạt động":null,"Tình trạng hoạt động":"Đang hoạt động","layer_id":167,"fid":463,"label":"Mỹ Thạnh Trung"}},{"type":"Feature","geometry":{"type":"Point","coordinates":[105.9354241,10.01823299]},"properties":{"Doanh nghiệp phuc vu bưu chính":"Bưu điện tỉnh Vĩnh Long","Điểm phục vụ bưu chính":"Bình Ninh","Địa chỉ":"Ấp Phú Tân, Xã Ngãi Tứ","Số điện thoại":"2703886600","Số giấy phép ĐKKD":null,"Số giấy phép bưu chính":null,"Ngày bắt đầu hoạt động":null,"Tình trạng hoạt động":"Đang hoạt động","layer_id":167,"fid":464,"label":"Bình Ninh"}},{"type":"Feature","geometry":{"type":"Point","coordinates":[105.9304304,9.996622614]},"properties":{"Doanh nghiệp phuc vu bưu chính":"Bưu điện tỉnh Vĩnh Long","Điểm phục vụ bưu chính":"Ngãi Tứ","Địa chỉ":"Ấp An Phong, Xã Ngãi Tứ","Số điện thoại":"2703718822","Số giấy phép ĐKKD":null,"Số giấy phép bưu chính":null,"Ngày bắt đầu hoạt động":null,"Tình trạng hoạt động":"Đang hoạt động","layer_id":167,"fid":465,"label":"Ngãi Tứ"}},{"type":"Feature","geometry":{"type":"Point","coordinates":[105.9264977,10.07840197]},"properties":{"Doanh nghiệp phuc vu bưu chính":"Bưu điện tỉnh Vĩnh Long","Điểm phục vụ bưu chính":"Long Phú","Địa chỉ":"Ấp Phú Sơn A, Xã Song Phú","Số điện thoại":"2703864600","Số giấy phép ĐKKD":null,"Số giấy phép bưu chính":null,"Ngày bắt đầu hoạt động":null,"Tình trạng hoạt động":"Đang hoạt động","layer_id":167,"fid":466,"label":"Long Phú"}},{"type":"Feature","geometry":{"type":"Point","coordinates":[105.8872383,10.08086327]},"properties":{"Doanh nghiệp phuc vu bưu chính":"Bưu điện tỉnh Vĩnh Long","Điểm phục vụ bưu chính":"Tân Phú","Địa chỉ":"Ấp Phú Thọ, Xã Song Phú","Số điện thoại":"2703864614","Số giấy phép ĐKKD":null,"Số giấy phép bưu chính":null,"Ngày bắt đầu hoạt động":null,"Tình trạng hoạt động":"Đang hoạt động","layer_id":167,"fid":467,"label":"Tân Phú"}},{"type":"Feature","geometry":{"type":"Point","coordinates":[105.9949025,10.12437871]},"properties":{"Doanh nghiệp phuc vu bưu chính":"Bưu điện tỉnh Vĩnh Long","Điểm phục vụ bưu chính":"Tân Lộc","Địa chỉ":"Tổ 1 đến 32, Ấp Một, Xã Cái Ngang","Số điện thoại":"2703718535","Số giấy phép ĐKKD":null,"Số giấy phép bưu chính":null,"Ngày bắt đầu hoạt động":null,"Tình trạng hoạt động":"Đang hoạt động","layer_id":167,"fid":470,"label":"Tân Lộc"}},{"type":"Feature","geometry":{"type":"Point","coordinates":[105.8975454,10.11388635]},"properties":{"Doanh nghiệp phuc vu bưu chính":"Bưu điện tỉnh Vĩnh Long","Điểm phục vụ bưu chính":"Ba Càng","Địa chỉ":"Ấp Phú Trường, Xã Song Phú","Số điện thoại":"2703724200","Số giấy phép ĐKKD":null,"Số giấy phép bưu chính":null,"Ngày bắt đầu hoạt động":null,"Tình trạng hoạt động":"Đang hoạt động","layer_id":167,"fid":468,"label":"Ba Càng"}},{"type":"Feature","geometry":{"type":"Point","coordinates":[105.8855751,10.13897897]},"properties":{"Doanh nghiệp phuc vu bưu chính":"Bưu điện tỉnh Vĩnh Long","Điểm phục vụ bưu chính":"Phú Thịnh","Địa chỉ":"Ấp Phú Hữu Đông, Xã Song Phú","Số điện thoại":"2703864615","Số giấy phép ĐKKD":null,"Số giấy phép bưu chính":null,"Ngày bắt đầu hoạt động":null,"Tình trạng hoạt động":"Đang hoạt động","layer_id":167,"fid":469,"label":"Phú Thịnh"}},{"type":"Feature","geometry":{"type":"Point","coordinates":[105.967399,10.11196109]},"properties":{"Doanh nghiệp phuc vu bưu chính":"Bưu điện tỉnh Vĩnh Long","Điểm phục vụ bưu chính":"Mỹ Lộc","Địa chỉ":"Tổ 1 đến 21, Ấp Mỹ Phú, Xã Cái Ngang","Số điện thoại":"2703717333","Số giấy phép ĐKKD":null,"Số giấy phép bưu chính":null,"Ngày bắt đầu hoạt động":null,"Tình trạng hoạt động":"Đang hoạt động","layer_id":167,"fid":471,"label":"Mỹ Lộc"}},{"type":"Feature","geometry":{"type":"Point","coordinates":[105.9676146,10.1161944]},"properties":{"Doanh nghiệp phuc vu bưu chính":"Bưu điện tỉnh Vĩnh Long","Điểm phục vụ bưu chính":"Hậu Lộc","Địa chỉ":"Tổ 1 đến 15, Ấp Sáu, Xã Cái Ngang","Số điện thoại":"2703860620","Số giấy phép ĐKKD":null,"Số giấy phép bưu chính":null,"Ngày bắt đầu hoạt động":null,"Tình trạng hoạt động":"Đang hoạt động","layer_id":167,"fid":472,"label":"Hậu Lộc"}},{"type":"Feature","geometry":{"type":"Point","coordinates":[106.0186873,10.07626685]},"properties":{"Doanh nghiệp phuc vu bưu chính":"Bưu điện tỉnh Vĩnh Long","Điểm phục vụ bưu chính":"Tường Lộc","Địa chỉ":"Ấp Tường Nhơn, Xã Tam Bình","Số điện thoại":"2703860879","Số giấy phép ĐKKD":null,"Số giấy phép bưu chính":null,"Ngày bắt đầu hoạt động":null,"Tình trạng hoạt động":"Đang hoạt động","layer_id":167,"fid":473,"label":"Tường Lộc"}},{"type":"Feature","geometry":{"type":"Point","coordinates":[105.9801886,10.12038728]},"properties":{"Doanh nghiệp phuc vu bưu chính":"Bưu điện tỉnh Vĩnh Long","Điểm phục vụ bưu chính":"Hòa Lộc","Địa chỉ":"Ấp Hai, Xã Hòa Hiệp","Số điện thoại":"2703860620","Số giấy phép ĐKKD":null,"Số giấy phép bưu chính":null,"Ngày bắt đầu hoạt động":null,"Tình trạng hoạt động":"Đang hoạt động","layer_id":167,"fid":474,"label":"Hòa Lộc"}},{"type":"Feature","geometry":{"type":"Point","coordinates":[106.0116576,10.09712257]},"properties":{"Doanh nghiệp phuc vu bưu chính":"Bưu điện tỉnh Vĩnh Long","Điểm phục vụ bưu chính":"Hòa Hiệp","Địa chỉ":"Tổ 1 đến 19, Ấp Mười, Xã Hoà Hiệp","Số điện thoại":"2703860787","Số giấy phép ĐKKD":null,"Số giấy phép bưu chính":null,"Ngày bắt đầu hoạt động":null,"Tình trạng hoạt động":"Đang hoạt động","layer_id":167,"fid":475,"label":"Hòa Hiệp"}},{"type":"Feature","geometry":{"type":"Point","coordinates":[106.0462692,10.12239622]},"properties":{"Doanh nghiệp phuc vu bưu chính":"Bưu điện tỉnh Vĩnh Long","Điểm phục vụ bưu chính":"Hòa Thạnh","Địa chỉ":"Ấp Hai, Xã Hòa Hiệp","Số điện thoại":"2703860089","Số giấy phép ĐKKD":null,"Số giấy phép bưu chính":null,"Ngày bắt đầu hoạt động":null,"Tình trạng hoạt động":"Đang hoạt động","layer_id":167,"fid":476,"label":"Hòa Thạnh"}},{"type":"Feature","geometry":{"type":"Point","coordinates":[105.9531784,10.27607286]},"properties":{"Doanh nghiệp phuc vu bưu chính":"Bưu điện tỉnh Vĩnh Long","Điểm phục vụ bưu chính":"Bình Tân","Địa chỉ":"Tổ 1 đến 16, Ấp Tân Thuận, Xã Tân Qưới","Số điện thoại":"2703766456","Số giấy phép ĐKKD":null,"Số giấy phép bưu chính":null,"Ngày bắt đầu hoạt động":null,"Tình trạng hoạt động":"Đang hoạt động","layer_id":167,"fid":477,"label":"Bình Tân"}},{"type":"Feature","geometry":{"type":"Point","coordinates":[105.8318935,10.1350149]},"properties":{"Doanh nghiệp phuc vu bưu chính":"Bưu điện tỉnh Vĩnh Long","Điểm phục vụ bưu chính":"Mỹ Thuận","Địa chỉ":"Ấp Mỹ Thạnh B, Xã Mỹ Thuận","Số điện thoại":"2703890667","Số giấy phép ĐKKD":null,"Số giấy phép bưu chính":null,"Ngày bắt đầu hoạt động":null,"Tình trạng hoạt động":"Đang hoạt động","layer_id":167,"fid":478,"label":"Mỹ Thuận"}},{"type":"Feature","geometry":{"type":"Point","coordinates":[105.7306622,10.11720548]},"properties":{"Doanh nghiệp phuc vu bưu chính":"Bưu điện tỉnh Vĩnh Long","Điểm phục vụ bưu chính":"Tân Bình","Địa chỉ":"Tổ 1 đến 10, Ấp Tân Hậu, Xã Tân Quới","Số điện thoại":"2703758666","Số giấy phép ĐKKD":null,"Số giấy phép bưu chính":null,"Ngày bắt đầu hoạt động":null,"Tình trạng hoạt động":"Đang hoạt động","layer_id":167,"fid":479,"label":"Tân Bình"}},{"type":"Feature","geometry":{"type":"Point","coordinates":[105.7392339,10.18417038]},"properties":{"Doanh nghiệp phuc vu bưu chính":"Bưu điện tỉnh Vĩnh Long","Điểm phục vụ bưu chính":"Tân Hưng","Địa chỉ":"Ấp Hưng Thuận, Xã Tân Lược","Số điện thoại":"2703757109","Số giấy phép ĐKKD":null,"Số giấy phép bưu chính":null,"Ngày bắt đầu hoạt động":null,"Tình trạng hoạt động":"Đang hoạt động","layer_id":167,"fid":480,"label":"Tân Hưng"}},{"type":"Feature","geometry":{"type":"Point","coordinates":[105.7306328,10.14626068]},"properties":{"Doanh nghiệp phuc vu bưu chính":"Bưu điện tỉnh Vĩnh Long","Điểm phục vụ bưu chính":"Tân Lược","Địa chỉ":"Tổ 1 đến 19, Ấp Tân Lộc, Xã Tân Lược","Số điện thoại":"2703754632","Số giấy phép ĐKKD":null,"Số giấy phép bưu chính":null,"Ngày bắt đầu hoạt động":null,"Tình trạng hoạt động":"Đang hoạt động","layer_id":167,"fid":481,"label":"Tân Lược"}},{"type":"Feature","geometry":{"type":"Point","coordinates":[105.7640797,10.16121185]},"properties":{"Doanh nghiệp phuc vu bưu chính":"Bưu điện tỉnh Vĩnh Long","Điểm phục vụ bưu chính":"Tân Thành","Địa chỉ":"Tổ 1 đến 12, Ấp Tân Lập, Xã Tân Lược","Số điện thoại":"2703763432","Số giấy phép ĐKKD":null,"Số giấy phép bưu chính":null,"Ngày bắt đầu hoạt động":null,"Tình trạng hoạt động":"Đang hoạt động","layer_id":167,"fid":482,"label":"Tân Thành"}},{"type":"Feature","geometry":{"type":"Point","coordinates":[105.7916824,10.08524281]},"properties":{"Doanh nghiệp phuc vu bưu chính":"Bưu điện tỉnh Vĩnh Long","Điểm phục vụ bưu chính":"Thành Lợi","Địa chỉ":"Tổ 1 đến 16, Ấp Thành Tâm, Xã Tân Quới","Số điện thoại":"2703753671","Số giấy phép ĐKKD":null,"Số giấy phép bưu chính":null,"Ngày bắt đầu hoạt động":null,"Tình trạng hoạt động":"Đang hoạt động","layer_id":167,"fid":483,"label":"Thành Lợi"}},{"type":"Feature","geometry":{"type":"Point","coordinates":[105.8248287,10.06941089]},"properties":{"Doanh nghiệp phuc vu bưu chính":"Bưu điện tỉnh Vĩnh Long","Điểm phục vụ bưu chính":"Bình Minh","Địa chỉ":"Số 127/15, Khóm 1, Phường Bình Minh","Số điện thoại":"2703890222","Số giấy phép ĐKKD":null,"Số giấy phép bưu chính":null,"Ngày bắt đầu hoạt động":null,"Tình trạng hoạt động":"Đang hoạt động","layer_id":167,"fid":484,"label":"Bình Minh"}},{"type":"Feature","geometry":{"type":"Point","coordinates":[105.8199277,10.0476418]},"properties":{"Doanh nghiệp phuc vu bưu chính":"Bưu điện tỉnh Vĩnh Long","Điểm phục vụ bưu chính":"Đông Thành","Địa chỉ":"Ấp Đông Hòa 2, Phường Đông Thành","Số điện thoại":"2703891636","Số giấy phép ĐKKD":null,"Số giấy phép bưu chính":null,"Ngày bắt đầu hoạt động":null,"Tình trạng hoạt động":"Đang hoạt động","layer_id":167,"fid":485,"label":"Đông Thành"}},{"type":"Feature","geometry":{"type":"Point","coordinates":[105.8467054,10.02415281]},"properties":{"Doanh nghiệp phuc vu bưu chính":"Bưu điện tỉnh Vĩnh Long","Điểm phục vụ bưu chính":"Mỹ Hòa","Địa chỉ":"Ấp Mỹ Lợi, Phường Cái Vồn","Số điện thoại":"2703890672","Số giấy phép ĐKKD":null,"Số giấy phép bưu chính":null,"Ngày bắt đầu hoạt động":null,"Tình trạng hoạt động":"Đang hoạt động","layer_id":167,"fid":486,"label":"Mỹ Hòa"}},{"type":"Feature","geometry":{"type":"Point","coordinates":[105.9211138,9.965773427]},"properties":{"Doanh nghiệp phuc vu bưu chính":"Bưu điện tỉnh Vĩnh Long","Điểm phục vụ bưu chính":"Trà Ôn","Địa chỉ":"Số 10A, Tổ 1 đến 8, Khu 1, Xã Trà Ôn","Số điện thoại":"2703770222","Số giấy phép ĐKKD":null,"Số giấy phép bưu chính":null,"Ngày bắt đầu hoạt động":null,"Tình trạng hoạt động":"Đang hoạt động","layer_id":167,"fid":487,"label":"Trà Ôn"}},{"type":"Feature","geometry":{"type":"Point","coordinates":[105.9148647,9.9594304]},"properties":{"Doanh nghiệp phuc vu bưu chính":"Bưu điện tỉnh Vĩnh Long","Điểm phục vụ bưu chính":"Lục Sỹ Thành","Địa chỉ":"Ấp Tân An, Xã Lục Sỹ Thành","Số điện thoại":"2703780674","Số giấy phép ĐKKD":null,"Số giấy phép bưu chính":null,"Ngày bắt đầu hoạt động":null,"Tình trạng hoạt động":"Đang hoạt động","layer_id":167,"fid":488,"label":"Lục Sỹ Thành"}},{"type":"Feature","geometry":{"type":"Point","coordinates":[105.877682,9.971715402]},"properties":{"Doanh nghiệp phuc vu bưu chính":"Bưu điện tỉnh Vĩnh Long","Điểm phục vụ bưu chính":"Phú Thành","Địa chỉ":"Ấp Phú Thạnh, Xã Lục Sỹ Thành","Số điện thoại":"2703780700","Số giấy phép ĐKKD":null,"Số giấy phép bưu chính":null,"Ngày bắt đầu hoạt động":null,"Tình trạng hoạt động":"Đang hoạt động","layer_id":167,"fid":489,"label":"Phú Thành"}},{"type":"Feature","geometry":{"type":"Point","coordinates":[105.9973349,9.922125053]},"properties":{"Doanh nghiệp phuc vu bưu chính":"Bưu điện tỉnh Vĩnh Long","Điểm phục vụ bưu chính":"Tích Thiện","Địa chỉ":"Ấp Tích Lộc, Xã Trà Ôn","Số điện thoại":"2703884777","Số giấy phép ĐKKD":null,"Số giấy phép bưu chính":null,"Ngày bắt đầu hoạt động":null,"Tình trạng hoạt động":"Đang hoạt động","layer_id":167,"fid":490,"label":"Tích Thiện"}},{"type":"Feature","geometry":{"type":"Point","coordinates":[106.0198226,9.951376975]},"properties":{"Doanh nghiệp phuc vu bưu chính":"Bưu điện tỉnh Vĩnh Long","Điểm phục vụ bưu chính":"Vĩnh Xuân","Địa chỉ":"Ấp Vĩnh Trinh, Xã Vĩnh Xuân","Số điện thoại":"2703884600","Số giấy phép ĐKKD":null,"Số giấy phép bưu chính":null,"Ngày bắt đầu hoạt động":null,"Tình trạng hoạt động":"Đang hoạt động","layer_id":167,"fid":491,"label":"Vĩnh Xuân"}},{"type":"Feature","geometry":{"type":"Point","coordinates":[106.0531781,9.94775271]},"properties":{"Doanh nghiệp phuc vu bưu chính":"Bưu điện tỉnh Vĩnh Long","Điểm phục vụ bưu chính":"Thuận Thới","Địa chỉ":"Ấp Cống Đá, Xã Vĩnh Xuân","Số điện thoại":"2703884666","Số giấy phép ĐKKD":null,"Số giấy phép bưu chính":null,"Ngày bắt đầu hoạt động":null,"Tình trạng hoạt động":"Đang hoạt động","layer_id":167,"fid":492,"label":"Thuận Thới"}},{"type":"Feature","geometry":{"type":"Point","coordinates":[106.087776,9.960421746]},"properties":{"Doanh nghiệp phuc vu bưu chính":"Bưu điện tỉnh Vĩnh Long","Điểm phục vụ bưu chính":"Hựu Thành","Địa chỉ":"Khu Phố Hựu Thành, Xã Vĩnh Xuân","Số điện thoại":"2703777222","Số giấy phép ĐKKD":null,"Số giấy phép bưu chính":null,"Ngày bắt đầu hoạt động":null,"Tình trạng hoạt động":"Đang hoạt động","layer_id":167,"fid":493,"label":"Hựu Thành"}},{"type":"Feature","geometry":{"type":"Point","coordinates":[106.0592154,10.00336022]},"properties":{"Doanh nghiệp phuc vu bưu chính":"Bưu điện tỉnh Vĩnh Long","Điểm phục vụ bưu chính":"Thới Hòa","Địa chỉ":"Ấp Tường Thịnh, Xã Hòa Bình","Số điện thoại":"2703889605","Số giấy phép ĐKKD":null,"Số giấy phép bưu chính":null,"Ngày bắt đầu hoạt động":null,"Tình trạng hoạt động":"Đang hoạt động","layer_id":167,"fid":494,"label":"Thới Hòa"}},{"type":"Feature","geometry":{"type":"Point","coordinates":[106.0473982,10.07733497]},"properties":{"Doanh nghiệp phuc vu bưu chính":"Bưu điện tỉnh Vĩnh Long","Điểm phục vụ bưu chính":"Xuân Hiệp","Địa chỉ":"Ấp Hồi Xuân, Xã Hòa Bình","Số điện thoại":"2703789830","Số giấy phép ĐKKD":null,"Số giấy phép bưu chính":null,"Ngày bắt đầu hoạt động":null,"Tình trạng hoạt động":"Đang hoạt động","layer_id":167,"fid":495,"label":"Xuân Hiệp"}},{"type":"Feature","geometry":{"type":"Point","coordinates":[106.0478629,10.04067984]},"properties":{"Doanh nghiệp phuc vu bưu chính":"Bưu điện tỉnh Vĩnh Long","Điểm phục vụ bưu chính":"Hòa Bình","Địa chỉ":"Ấp Ngãi Hòa, Xã Hoà Bình","Số điện thoại":"2703722640","Số giấy phép ĐKKD":null,"Số giấy phép bưu chính":null,"Ngày bắt đầu hoạt động":null,"Tình trạng hoạt động":"Đang hoạt động","layer_id":167,"fid":496,"label":"Hòa Bình"}},{"type":"Feature","geometry":{"type":"Point","coordinates":[106.0291187,10.04389322]},"properties":{"Doanh nghiệp phuc vu bưu chính":"Bưu điện tỉnh Vĩnh Long","Điểm phục vụ bưu chính":"Nhơn Bình","Địa chỉ":"Ấp Sa Rày, Xã Trà Côn","Số điện thoại":"2703721611","Số giấy phép ĐKKD":null,"Số giấy phép bưu chính":null,"Ngày bắt đầu hoạt động":null,"Tình trạng hoạt động":"Đang hoạt động","layer_id":167,"fid":497,"label":"Nhơn Bình"}},{"type":"Feature","geometry":{"type":"Point","coordinates":[106.0205356,10.04169581]},"properties":{"Doanh nghiệp phuc vu bưu chính":"Bưu điện tỉnh Vĩnh Long","Điểm phục vụ bưu chính":"Trà Côn","Địa chỉ":"Ấp Trà Ngoa, Xã Trà Côn","Số điện thoại":"2703723333","Số giấy phép ĐKKD":null,"Số giấy phép bưu chính":null,"Ngày bắt đầu hoạt động":null,"Tình trạng hoạt động":"Đang hoạt động","layer_id":167,"fid":498,"label":"Trà Côn"}},{"type":"Feature","geometry":{"type":"Point","coordinates":[105.9591498,9.990545653]},"properties":{"Doanh nghiệp phuc vu bưu chính":"Bưu điện tỉnh Vĩnh Long","Điểm phục vụ bưu chính":"Tân Mỹ","Địa chỉ":"Ấp Mỹ An, Xã Trà Côn","Số điện thoại":"2703770676","Số giấy phép ĐKKD":null,"Số giấy phép bưu chính":null,"Ngày bắt đầu hoạt động":null,"Tình trạng hoạt động":"Đang hoạt động","layer_id":167,"fid":499,"label":"Tân Mỹ"}},{"type":"Feature","geometry":{"type":"Point","coordinates":[105.9580552,9.954938828]},"properties":{"Doanh nghiệp phuc vu bưu chính":"Bưu điện tỉnh Vĩnh Long","Điểm phục vụ bưu chính":"Thiện Mỹ","Địa chỉ":"Ấp Cây Điệp, Xã Trà Ôn","Số điện thoại":"2703770675","Số giấy phép ĐKKD":null,"Số giấy phép bưu chính":null,"Ngày bắt đầu hoạt động":null,"Tình trạng hoạt động":"Đang hoạt động","layer_id":167,"fid":500,"label":"Thiện Mỹ"}},{"type":"Feature","geometry":{"type":"Point","coordinates":[106.1864386,10.09563688]},"properties":{"Doanh nghiệp phuc vu bưu chính":"Bưu điện tỉnh Vĩnh Long","Điểm phục vụ bưu chính":"Vũng Liêm","Địa chỉ":"Khóm 1, Xã Trung Thành","Số điện thoại":"2703870222","Số giấy phép ĐKKD":null,"Số giấy phép bưu chính":null,"Ngày bắt đầu hoạt động":null,"Tình trạng hoạt động":"Đang hoạt động","layer_id":167,"fid":501,"label":"Vũng Liêm"}},{"type":"Feature","geometry":{"type":"Point","coordinates":[106.1533544,10.07446468]},"properties":{"Doanh nghiệp phuc vu bưu chính":"Bưu điện tỉnh Vĩnh Long","Điểm phục vụ bưu chính":"Trung Hiếu","Địa chỉ":"Ấp Bình Thành, Xã Trung Thành","Số điện thoại":"2703870698","Số giấy phép ĐKKD":null,"Số giấy phép bưu chính":null,"Ngày bắt đầu hoạt động":null,"Tình trạng hoạt động":"Đang hoạt động","layer_id":167,"fid":502,"label":"Trung Hiếu"}},{"type":"Feature","geometry":{"type":"Point","coordinates":[106.1442554,10.11909999]},"properties":{"Doanh nghiệp phuc vu bưu chính":"Bưu điện tỉnh Vĩnh Long","Điểm phục vụ bưu chính":"Trung Hiệp","Địa chỉ":"Ấp Mướp Sát, Xã Trung Hiệp","Số điện thoại":"2703870651","Số giấy phép ĐKKD":null,"Số giấy phép bưu chính":null,"Ngày bắt đầu hoạt động":null,"Tình trạng hoạt động":"Đang hoạt động","layer_id":167,"fid":503,"label":"Trung Hiệp"}},{"type":"Feature","geometry":{"type":"Point","coordinates":[106.1212498,10.08362409]},"properties":{"Doanh nghiệp phuc vu bưu chính":"Bưu điện tỉnh Vĩnh Long","Điểm phục vụ bưu chính":"Hiếu Phụng","Địa chỉ":"Ấp Nhơn Ngãi, Xã Hiếu Phụng","Số điện thoại":"2703984333","Số giấy phép ĐKKD":null,"Số giấy phép bưu chính":null,"Ngày bắt đầu hoạt động":null,"Tình trạng hoạt động":"Đang hoạt động","layer_id":167,"fid":504,"label":"Hiếu Phụng"}},{"type":"Feature","geometry":{"type":"Point","coordinates":[106.1115411,10.0326109]},"properties":{"Doanh nghiệp phuc vu bưu chính":"Bưu điện tỉnh Vĩnh Long","Điểm phục vụ bưu chính":"Hiếu Nhơn","Địa chỉ":"Ấp Hiếu Minh B, Xã Hiếu Thành","Số điện thoại":"2703987694","Số giấy phép ĐKKD":null,"Số giấy phép bưu chính":null,"Ngày bắt đầu hoạt động":null,"Tình trạng hoạt động":"Đang hoạt động","layer_id":167,"fid":505,"label":"Hiếu Nhơn"}},{"type":"Feature","geometry":{"type":"Point","coordinates":[106.0949662,9.984034998]},"properties":{"Doanh nghiệp phuc vu bưu chính":"Bưu điện tỉnh Vĩnh Long","Điểm phục vụ bưu chính":"Hiếu Thành","Địa chỉ":"Ấp Hiếu Xân Tây, Xã Hiếu Thành","Số điện thoại":"2703990333","Số giấy phép ĐKKD":null,"Số giấy phép bưu chính":null,"Ngày bắt đầu hoạt động":null,"Tình trạng hoạt động":"Đang hoạt động","layer_id":167,"fid":506,"label":"Hiếu Thành"}},{"type":"Feature","geometry":{"type":"Point","coordinates":[106.0938699,9.964659134]},"properties":{"Doanh nghiệp phuc vu bưu chính":"Bưu điện tỉnh Vĩnh Long","Điểm phục vụ bưu chính":"Hiếu Nghĩa","Địa chỉ":"Ấp Hiếu Văn, Xã Hiếu Thành","Số điện thoại":"2703991666","Số giấy phép ĐKKD":null,"Số giấy phép bưu chính":null,"Ngày bắt đầu hoạt động":null,"Tình trạng hoạt động":"Đang hoạt động","layer_id":167,"fid":507,"label":"Hiếu Nghĩa"}},{"type":"Feature","geometry":{"type":"Point","coordinates":[106.0819409,10.10366149]},"properties":{"Doanh nghiệp phuc vu bưu chính":"Bưu điện tỉnh Vĩnh Long","Điểm phục vụ bưu chính":"Tân An Luông","Địa chỉ":"Ấp Tám, Xã Trung Hiệp","Số điện thoại":"2703982666","Số giấy phép ĐKKD":null,"Số giấy phép bưu chính":null,"Ngày bắt đầu hoạt động":null,"Tình trạng hoạt động":"Đang hoạt động","layer_id":167,"fid":508,"label":"Tân An Luông"}},{"type":"Feature","geometry":{"type":"Point","coordinates":[106.1985491,10.05563898]},"properties":{"Doanh nghiệp phuc vu bưu chính":"Bưu điện tỉnh Vĩnh Long","Điểm phục vụ bưu chính":"Trung Ngãi","Địa chỉ":"Ấp Giồng Ké, Xã Trung Ngãi","Số điện thoại":"2703870639","Số giấy phép ĐKKD":null,"Số giấy phép bưu chính":null,"Ngày bắt đầu hoạt động":null,"Tình trạng hoạt động":"Đang hoạt động","layer_id":167,"fid":509,"label":"Trung Ngãi"}},{"type":"Feature","geometry":{"type":"Point","coordinates":[106.2010035,10.03843977]},"properties":{"Doanh nghiệp phuc vu bưu chính":"Bưu điện tỉnh Vĩnh Long","Điểm phục vụ bưu chính":"Trung Nghĩa","Địa chỉ":"Ấp Phú Tiên, Xã Trung Ngãi","Số điện thoại":"2703870690","Số giấy phép ĐKKD":null,"Số giấy phép bưu chính":null,"Ngày bắt đầu hoạt động":null,"Tình trạng hoạt động":"Đang hoạt động","layer_id":167,"fid":510,"label":"Trung Nghĩa"}},{"type":"Feature","geometry":{"type":"Point","coordinates":[106.2509915,10.08725786]},"properties":{"Doanh nghiệp phuc vu bưu chính":"Bưu điện tỉnh Vĩnh Long","Điểm phục vụ bưu chính":"Trung Thành Đông","Địa chỉ":"Ấp Đại Hòa, Xã Trung Ngãi","Số điện thoại":"2703870127","Số giấy phép ĐKKD":null,"Số giấy phép bưu chính":null,"Ngày bắt đầu hoạt động":null,"Tình trạng hoạt động":"Đang hoạt động","layer_id":167,"fid":511,"label":"Trung Thành Đông"}},{"type":"Feature","geometry":{"type":"Point","coordinates":[106.1833104,10.10343225]},"properties":{"Doanh nghiệp phuc vu bưu chính":"Bưu điện tỉnh Vĩnh Long","Điểm phục vụ bưu chính":"Trung Thành Tây","Địa chỉ":"Ấp Hòa Nghĩa, Xã Quới An","Số điện thoại":"2703870712","Số giấy phép ĐKKD":null,"Số giấy phép bưu chính":null,"Ngày bắt đầu hoạt động":null,"Tình trạng hoạt động":"Đang hoạt động","layer_id":167,"fid":512,"label":"Trung Thành Tây"}},{"type":"Feature","geometry":{"type":"Point","coordinates":[106.1558911,10.02911392]},"properties":{"Doanh nghiệp phuc vu bưu chính":"Bưu điện tỉnh Vĩnh Long","Điểm phục vụ bưu chính":"Trung An","Địa chỉ":"Ấp An Phước, Xã Hiếu Phụng","Số điện thoại":"2703987683","Số giấy phép ĐKKD":null,"Số giấy phép bưu chính":null,"Ngày bắt đầu hoạt động":null,"Tình trạng hoạt động":"Đang hoạt động","layer_id":167,"fid":513,"label":"Trung An"}},{"type":"Feature","geometry":{"type":"Point","coordinates":[106.1406525,10.02663968]},"properties":{"Doanh nghiệp phuc vu bưu chính":"Bưu điện tỉnh Vĩnh Long","Điểm phục vụ bưu chính":"Quới An","Địa chỉ":"Ấp Vàm An, Xã Qưới An","Số điện thoại":"2730870641","Số giấy phép ĐKKD":null,"Số giấy phép bưu chính":null,"Ngày bắt đầu hoạt động":null,"Tình trạng hoạt động":"Đang hoạt động","layer_id":167,"fid":514,"label":"Quới An"}},{"type":"Feature","geometry":{"type":"Point","coordinates":[106.1450427,10.15467449]},"properties":{"Doanh nghiệp phuc vu bưu chính":"Bưu điện tỉnh Vĩnh Long","Điểm phục vụ bưu chính":"Tân Quới Trung","Địa chỉ":"Ấp Rạch Đôi, Xã Quới An","Số điện thoại":"2703993882","Số giấy phép ĐKKD":null,"Số giấy phép bưu chính":null,"Ngày bắt đầu hoạt động":null,"Tình trạng hoạt động":"Đang hoạt động","layer_id":167,"fid":515,"label":"Tân Quới Trung"}},{"type":"Feature","geometry":{"type":"Point","coordinates":[106.2323516,10.11126027]},"properties":{"Doanh nghiệp phuc vu bưu chính":"Bưu điện tỉnh Vĩnh Long","Điểm phục vụ bưu chính":"Thanh Bình","Địa chỉ":"Ấp Thái Bình, Xã Quới Thiện","Số điện thoại":"2703980693","Số giấy phép ĐKKD":null,"Số giấy phép bưu chính":null,"Ngày bắt đầu hoạt động":null,"Tình trạng hoạt động":"Đang hoạt động","layer_id":167,"fid":516,"label":"Thanh Bình"}},{"type":"Feature","geometry":{"type":"Point","coordinates":[106.1669567,10.16855099]},"properties":{"Doanh nghiệp phuc vu bưu chính":"Bưu điện tỉnh Vĩnh Long","Điểm phục vụ bưu chính":"Chánh An","Địa chỉ":"Ấp Mỹ Chánh, Xã Cái Nhum","Số điện thoại":"2703840658","Số giấy phép ĐKKD":null,"Số giấy phép bưu chính":null,"Ngày bắt đầu hoạt động":null,"Tình trạng hoạt động":"Đang hoạt động","layer_id":167,"fid":519,"label":"Chánh An"}},{"type":"Feature","geometry":{"type":"Point","coordinates":[106.1398889,10.20321723]},"properties":{"Doanh nghiệp phuc vu bưu chính":"Bưu điện tỉnh Vĩnh Long","Điểm phục vụ bưu chính":"An Phước","Địa chỉ":"Ấp Thanh Thủy, Xã Cái Nhum","Số điện thoại":"2703840658","Số giấy phép ĐKKD":null,"Số giấy phép bưu chính":null,"Ngày bắt đầu hoạt động":null,"Tình trạng hoạt động":"Đang hoạt động","layer_id":167,"fid":520,"label":"An Phước"}},{"type":"Feature","geometry":{"type":"Point","coordinates":[106.0493047,10.23426541]},"properties":{"Doanh nghiệp phuc vu bưu chính":"Bưu điện tỉnh Vĩnh Long","Điểm phục vụ bưu chính":"Mỹ An","Địa chỉ":"Ấp Hòa Long, Xã Nhơn Phú","Số điện thoại":"2703849660","Số giấy phép ĐKKD":null,"Số giấy phép bưu chính":null,"Ngày bắt đầu hoạt động":null,"Tình trạng hoạt động":"Đang hoạt động","layer_id":167,"fid":521,"label":"Mỹ An"}},{"type":"Feature","geometry":{"type":"Point","coordinates":[106.0333401,10.20672342]},"properties":{"Doanh nghiệp phuc vu bưu chính":"Bưu điện tỉnh Vĩnh Long","Điểm phục vụ bưu chính":"Bình Phước","Địa chỉ":"Ấp Phước Tường A, Xã Bình Phước","Số điện thoại":"2703937442","Số giấy phép ĐKKD":null,"Số giấy phép bưu chính":null,"Ngày bắt đầu hoạt động":null,"Tình trạng hoạt động":"Đang hoạt động","layer_id":167,"fid":522,"label":"Bình Phước"}},{"type":"Feature","geometry":{"type":"Point","coordinates":[106.0189005,10.2211094]},"properties":{"Doanh nghiệp phuc vu bưu chính":"Bưu điện tỉnh Vĩnh Long","Điểm phục vụ bưu chính":"Long Mỹ","Địa chỉ":"Ấp Long Phước, Xã Bình Phước","Số điện thoại":"2703940555","Số giấy phép ĐKKD":null,"Số giấy phép bưu chính":null,"Ngày bắt đầu hoạt động":null,"Tình trạng hoạt động":"Đang hoạt động","layer_id":167,"fid":523,"label":"Long Mỹ"}},{"type":"Feature","geometry":{"type":"Point","coordinates":[106.049253,10.14801358]},"properties":{"Doanh nghiệp phuc vu bưu chính":"Bưu điện tỉnh Vĩnh Long","Điểm phục vụ bưu chính":"Tân Long","Địa chỉ":"Ấp Tân Hiệp, Xã Tân Long Hội","Số điện thoại":"2703933222","Số giấy phép ĐKKD":null,"Số giấy phép bưu chính":null,"Ngày bắt đầu hoạt động":null,"Tình trạng hoạt động":"Đang hoạt động","layer_id":167,"fid":524,"label":"Tân Long"}},{"type":"Feature","geometry":{"type":"Point","coordinates":[106.0862963,10.13107238]},"properties":{"Doanh nghiệp phuc vu bưu chính":"Bưu điện tỉnh Vĩnh Long","Điểm phục vụ bưu chính":"Tân Long Hội","Địa chỉ":"Ấp Thanh Phong, Xã Tân Long Hội","Số điện thoại":"2703874661","Số giấy phép ĐKKD":null,"Số giấy phép bưu chính":null,"Ngày bắt đầu hoạt động":null,"Tình trạng hoạt động":"Đang hoạt động","layer_id":167,"fid":525,"label":"Tân Long Hội"}},{"type":"Feature","geometry":{"type":"Point","coordinates":[106.3421175,9.93754604]},"properties":{"Doanh nghiệp phuc vu bưu chính":"Bưu điện tỉnh Vĩnh Long","Điểm phục vụ bưu chính":"BĐKV Trà Vinh","Địa chỉ":"Số 70A đường Hùng Vương, phường Long Đức, tỉnh Vĩnh Long","Số điện thoại":"2943855186","Số giấy phép ĐKKD":null,"Số giấy phép bưu chính":"55/GP-BTTTT","Ngày bắt đầu hoạt động":null,"Tình trạng hoạt động":"Đang hoạt động","layer_id":167,"fid":526,"label":"BĐKV Trà Vinh"}},{"type":"Feature","geometry":{"type":"Point","coordinates":[106.3416796,9.935440144]},"properties":{"Doanh nghiệp phuc vu bưu chính":"Bưu điện tỉnh Vĩnh Long","Điểm phục vụ bưu chính":"Bưu cục Điện Biên Phủ","Địa chỉ":"Số 01 Điện Biên Phủ, phường Trà Vinh, tỉnh Vĩnh Long","Số điện thoại":null,"Số giấy phép ĐKKD":null,"Số giấy phép bưu chính":"55/GP-BTTTT","Ngày bắt đầu hoạt động":null,"Tình trạng hoạt động":"Đang hoạt động","layer_id":167,"fid":527,"label":"Bưu cục Điện Biên Phủ"}},{"type":"Feature","geometry":{"type":"Point","coordinates":[106.3532323,9.97178204]},"properties":{"Doanh nghiệp phuc vu bưu chính":"Bưu điện tỉnh Vĩnh Long","Điểm phục vụ bưu chính":"BĐVHX Long Đức","Địa chỉ":"ấp Sa Bình, phường Long Đức, tỉnh Vĩnh Long","Số điện thoại":"949459009","Số giấy phép ĐKKD":null,"Số giấy phép bưu chính":"55/GP-BTTTT","Ngày bắt đầu hoạt động":null,"Tình trạng hoạt động":"Đang hoạt động","layer_id":167,"fid":528,"label":"BĐVHX Long Đức"}},{"type":"Feature","geometry":{"type":"Point","coordinates":[106.3611812,9.946636232]},"properties":{"Doanh nghiệp phuc vu bưu chính":"Bưu điện tỉnh Vĩnh Long","Điểm phục vụ bưu chính":"BĐVHX Hoà Thuận","Địa chỉ":"ấp Bích Trì, phường Hoà Thuận, tỉnh Vĩnh Long","Số điện thoại":"947731140","Số giấy phép ĐKKD":null,"Số giấy phép bưu chính":"55/GP-BTTTT","Ngày bắt đầu hoạt động":null,"Tình trạng hoạt động":"Đang hoạt động","layer_id":167,"fid":529,"label":"BĐVHX Hoà Thuận"}},{"type":"Feature","geometry":{"type":"Point","coordinates":[106.3084762,9.93206127]},"properties":{"Doanh nghiệp phuc vu bưu chính":"Bưu điện tỉnh Vĩnh Long","Điểm phục vụ bưu chính":"BĐVHX Nguyệt Hoá","Địa chỉ":"phường Nguyệt Hoá, tỉnh Vĩnh Long","Số điện thoại":null,"Số giấy phép ĐKKD":null,"Số giấy phép bưu chính":"55/GP-BTTTT","Ngày bắt đầu hoạt động":null,"Tình trạng hoạt động":"Tạm dừng","layer_id":167,"fid":530,"label":"BĐVHX Nguyệt Hoá"}},{"type":"Feature","geometry":{"type":"Point","coordinates":[106.3384361,9.923447409]},"properties":{"Doanh nghiệp phuc vu bưu chính":"Bưu điện tỉnh Vĩnh Long","Điểm phục vụ bưu chính":"Bưu cục KHL","Địa chỉ":"số 577, đường Mậu Thân, phường Trà Vinh, tỉnh Vĩnh Long","Số điện thoại":"2943854666","Số giấy phép ĐKKD":null,"Số giấy phép bưu chính":"55/GP-BTTTT","Ngày bắt đầu hoạt động":null,"Tình trạng hoạt động":"Đang hoạt động","layer_id":167,"fid":531,"label":"Bưu cục KHL"}},{"type":"Feature","geometry":{"type":"Point","coordinates":[106.2047454,9.994804391]},"properties":{"Doanh nghiệp phuc vu bưu chính":"Bưu điện tỉnh Vĩnh Long","Điểm phục vụ bưu chính":"BĐKV Càng Long","Địa chỉ":"ấp Bờ Lộ Mới, xã Càng Long, tĩnh Vĩnh Long","Số điện thoại":"2943882200","Số giấy phép ĐKKD":null,"Số giấy phép bưu chính":"55/GP-BTTTT","Ngày bắt đầu hoạt động":null,"Tình trạng hoạt động":"Đang hoạt động","layer_id":167,"fid":532,"label":"BĐKV Càng Long"}},{"type":"Feature","geometry":{"type":"Point","coordinates":[106.2329417,10.03132833]},"properties":{"Doanh nghiệp phuc vu bưu chính":"Bưu điện tỉnh Vĩnh Long","Điểm phục vụ bưu chính":"BĐVHX Nhị Long Phú","Địa chỉ":"ấp Hiệp Phú, xã Càng Long, tỉnh Vĩnh Long","Số điện thoại":"333674078","Số giấy phép ĐKKD":null,"Số giấy phép bưu chính":"55/GP-BTTTT","Ngày bắt đầu hoạt động":null,"Tình trạng hoạt động":"Đang hoạt động","layer_id":167,"fid":533,"label":"BĐVHX Nhị Long Phú"}},{"type":"Feature","geometry":{"type":"Point","coordinates":[106.1699375,10.01957949]},"properties":{"Doanh nghiệp phuc vu bưu chính":"Bưu điện tỉnh Vĩnh Long","Điểm phục vụ bưu chính":"BĐVHX Mỹ Cẩm","Địa chỉ":"ấp 4, xã Càng Long, tĩnh Vĩnh Long","Số điện thoại":"384413019","Số giấy phép ĐKKD":null,"Số giấy phép bưu chính":"55/GP-BTTTT","Ngày bắt đầu hoạt động":null,"Tình trạng hoạt động":"Đang hoạt động","layer_id":167,"fid":534,"label":"BĐVHX Mỹ Cẩm"}},{"type":"Feature","geometry":{"type":"Point","coordinates":[106.2431812,9.95928071]},"properties":{"Doanh nghiệp phuc vu bưu chính":"Bưu điện tỉnh Vĩnh Long","Điểm phục vụ bưu chính":"BĐVHX Bình Phú","Địa chỉ":"ấp Nguyệt Lãng B, xã Bình Phú, tỉnh Vĩnh Long","Số điện thoại":"977361140","Số giấy phép ĐKKD":null,"Số giấy phép bưu chính":"55/GP-BTTTT","Ngày bắt đầu hoạt động":null,"Tình trạng hoạt động":"Đang hoạt động","layer_id":167,"fid":535,"label":"BĐVHX Bình Phú"}},{"type":"Feature","geometry":{"type":"Point","coordinates":[106.2792928,9.93878389]},"properties":{"Doanh nghiệp phuc vu bưu chính":"Bưu điện tỉnh Vĩnh Long","Điểm phục vụ bưu chính":"BĐVHX Phương Thạnh","Địa chỉ":"ấp Đầu Giồng, xã Bình Phú, tỉnh Vĩnh Long","Số điện thoại":"345440456","Số giấy phép ĐKKD":null,"Số giấy phép bưu chính":"55/GP-BTTTT","Ngày bắt đầu hoạt động":null,"Tình trạng hoạt động":"Đang hoạt động","layer_id":167,"fid":536,"label":"BĐVHX Phương Thạnh"}},{"type":"Feature","geometry":{"type":"Point","coordinates":[106.2929056,9.986714681]},"properties":{"Doanh nghiệp phuc vu bưu chính":"Bưu điện tỉnh Vĩnh Long","Điểm phục vụ bưu chính":"BĐVHX Đại Phúc","Địa chỉ":"ấp Tân Định, xã Bình Phú, tỉnh Vĩnh Long","Số điện thoại":null,"Số giấy phép ĐKKD":null,"Số giấy phép bưu chính":"55/GP-BTTTT","Ngày bắt đầu hoạt động":null,"Tình trạng hoạt động":"Tạm dừng","layer_id":167,"fid":537,"label":"BĐVHX Đại Phúc"}},{"type":"Feature","geometry":{"type":"Point","coordinates":[106.1533557,9.909779272]},"properties":{"Doanh nghiệp phuc vu bưu chính":"Bưu điện tỉnh Vĩnh Long","Điểm phục vụ bưu chính":"BĐVHX Tân An","Địa chỉ":"ấp Tân An Chợ, xã Tân An, tỉnh Vĩnh Long","Số điện thoại":"949643829","Số giấy phép ĐKKD":null,"Số giấy phép bưu chính":"55/GP-BTTTT","Ngày bắt đầu hoạt động":null,"Tình trạng hoạt động":"Đang hoạt động","layer_id":167,"fid":538,"label":"BĐVHX Tân An"}},{"type":"Feature","geometry":{"type":"Point","coordinates":[106.2289954,9.92550514]},"properties":{"Doanh nghiệp phuc vu bưu chính":"Bưu điện tỉnh Vĩnh Long","Điểm phục vụ bưu chính":"BĐVHX Huyền Hội","Địa chỉ":"ấp Lưu Tư, xã Tân An, tỉnh Vĩnh Long","Số điện thoại":"939660783","Số giấy phép ĐKKD":null,"Số giấy phép bưu chính":"55/GP-BTTTT","Ngày bắt đầu hoạt động":null,"Tình trạng hoạt động":"Đang hoạt động","layer_id":167,"fid":539,"label":"BĐVHX Huyền Hội"}},{"type":"Feature","geometry":{"type":"Point","coordinates":[106.265535,10.00790466]},"properties":{"Doanh nghiệp phuc vu bưu chính":"Bưu điện tỉnh Vĩnh Long","Điểm phục vụ bưu chính":"BĐVHX Nhị Long","Địa chỉ":"ấp Đon, xã Nhị Long, tỉnh Vĩnh Long","Số điện thoại":"932939223","Số giấy phép ĐKKD":null,"Số giấy phép bưu chính":"55/GP-BTTTT","Ngày bắt đầu hoạt động":null,"Tình trạng hoạt động":"Đang hoạt động","layer_id":167,"fid":540,"label":"BĐVHX Nhị Long"}},{"type":"Feature","geometry":{"type":"Point","coordinates":[106.2858636,10.03924676]},"properties":{"Doanh nghiệp phuc vu bưu chính":"Bưu điện tỉnh Vĩnh Long","Điểm phục vụ bưu chính":"BĐVHX Đức Mỹ","Địa chỉ":"ấp Đức Mỹ, xã Nhị Long, tỉnh Vĩnh Long","Số điện thoại":"394789540","Số giấy phép ĐKKD":null,"Số giấy phép bưu chính":"55/GP-BTTTT","Ngày bắt đầu hoạt động":null,"Tình trạng hoạt động":"Đang hoạt động","layer_id":167,"fid":541,"label":"BĐVHX Đức Mỹ"}},{"type":"Feature","geometry":{"type":"Point","coordinates":[106.281609,10.00611233]},"properties":{"Doanh nghiệp phuc vu bưu chính":"Bưu điện tỉnh Vĩnh Long","Điểm phục vụ bưu chính":"BĐVHX Đại Phước","Địa chỉ":"ấp Long Hoà, xã Nhị Long, tỉnh Vĩnh Long","Số điện thoại":null,"Số giấy phép ĐKKD":null,"Số giấy phép bưu chính":"55/GP-BTTTT","Ngày bắt đầu hoạt động":null,"Tình trạng hoạt động":"Tạm dừng","layer_id":167,"fid":542,"label":"BĐVHX Đại Phước"}},{"type":"Feature","geometry":{"type":"Point","coordinates":[106.1739363,9.947833773]},"properties":{"Doanh nghiệp phuc vu bưu chính":"Bưu điện tỉnh Vĩnh Long","Điểm phục vụ bưu chính":"BĐVHX An Trường","Địa chỉ":"ấp 7A, xã An Trường, tỉnh Vĩnh Long","Số điện thoại":"835332533","Số giấy phép ĐKKD":null,"Số giấy phép bưu chính":"55/GP-BTTTT","Ngày bắt đầu hoạt động":null,"Tình trạng hoạt động":"Đang hoạt động","layer_id":167,"fid":543,"label":"BĐVHX An Trường"}},{"type":"Feature","geometry":{"type":"Point","coordinates":[106.1351651,10.000801]},"properties":{"Doanh nghiệp phuc vu bưu chính":"Bưu điện tỉnh Vĩnh Long","Điểm phục vụ bưu chính":"BĐVHX An Trường A","Địa chỉ":"ấp 9B, xã An Trường, tỉnh Vĩnh Long","Số điện thoại":"947638199","Số giấy phép ĐKKD":null,"Số giấy phép bưu chính":"55/GP-BTTTT","Ngày bắt đầu hoạt động":null,"Tình trạng hoạt động":"Đang hoạt động","layer_id":167,"fid":544,"label":"BĐVHX An Trường A"}},{"type":"Feature","geometry":{"type":"Point","coordinates":[106.1509133,9.91964238]},"properties":{"Doanh nghiệp phuc vu bưu chính":"Bưu điện tỉnh Vĩnh Long","Điểm phục vụ bưu chính":"BĐVHX Tân Bình","Địa chỉ":"ấp An Định Cầu, xã An Trường, tỉnh Vĩnh Long","Số điện thoại":null,"Số giấy phép ĐKKD":null,"Số giấy phép bưu chính":"55/GP-BTTTT","Ngày bắt đầu hoạt động":null,"Tình trạng hoạt động":"Tạm dừng","layer_id":167,"fid":545,"label":"BĐVHX Tân Bình"}},{"type":"Feature","geometry":{"type":"Point","coordinates":[106.0561117,9.87105921]},"properties":{"Doanh nghiệp phuc vu bưu chính":"Bưu điện tỉnh Vĩnh Long","Điểm phục vụ bưu chính":"BĐKV Cầu Kè","Địa chỉ":"Số 201, Đường 30/4, ấp 5, xã Cầu Kè, tỉnh Vĩnh Long","Số điện thoại":"2943834444","Số giấy phép ĐKKD":null,"Số giấy phép bưu chính":"55/GP-BTTTT","Ngày bắt đầu hoạt động":null,"Tình trạng hoạt động":"Đang hoạt động","layer_id":167,"fid":546,"label":"BĐKV Cầu Kè"}},{"type":"Feature","geometry":{"type":"Point","coordinates":[106.0790544,9.86100084]},"properties":{"Doanh nghiệp phuc vu bưu chính":"Bưu điện tỉnh Vĩnh Long","Điểm phục vụ bưu chính":"BĐVHX Châu Điền","Địa chỉ":"ấp Ô Tưng A, xã Cầu Kè, tỉnh Vĩnh Long","Số điện thoại":"358155825","Số giấy phép ĐKKD":null,"Số giấy phép bưu chính":"55/GP-BTTTT","Ngày bắt đầu hoạt động":null,"Tình trạng hoạt động":"Đang hoạt động","layer_id":167,"fid":547,"label":"BĐVHX Châu Điền"}},{"type":"Feature","geometry":{"type":"Point","coordinates":[106.0701271,9.88721456]},"properties":{"Doanh nghiệp phuc vu bưu chính":"Bưu điện tỉnh Vĩnh Long","Điểm phục vụ bưu chính":"BĐVHX Hòa Ân","Địa chỉ":"ấp Trà Kháo, xã Cầu Kè, tỉnh Vĩnh Long","Số điện thoại":"901025797","Số giấy phép ĐKKD":null,"Số giấy phép bưu chính":"55/GP-BTTTT","Ngày bắt đầu hoạt động":null,"Tình trạng hoạt động":"Đang hoạt động","layer_id":167,"fid":548,"label":"BĐVHX Hòa Ân"}},{"type":"Feature","geometry":{"type":"Point","coordinates":[106.1124853,9.93738365]},"properties":{"Doanh nghiệp phuc vu bưu chính":"Bưu điện tỉnh Vĩnh Long","Điểm phục vụ bưu chính":"BĐVHX Thạnh Phú","Địa chỉ":"ấp 3, xã Tam Ngãi, tỉnh Vĩnh Long","Số điện thoại":"939817617","Số giấy phép ĐKKD":null,"Số giấy phép bưu chính":"55/GP-BTTTT","Ngày bắt đầu hoạt động":null,"Tình trạng hoạt động":"Đang hoạt động","layer_id":167,"fid":549,"label":"BĐVHX Thạnh Phú"}},{"type":"Feature","geometry":{"type":"Point","coordinates":[106.0453897,9.89808393]},"properties":{"Doanh nghiệp phuc vu bưu chính":"Bưu điện tỉnh Vĩnh Long","Điểm phục vụ bưu chính":"BĐVHX Tam Ngãi","Địa chỉ":"ấp Bà My, xã Tam Ngãi, tỉnh Vĩnh Long","Số điện thoại":"363935231","Số giấy phép ĐKKD":null,"Số giấy phép bưu chính":"55/GP-BTTTT","Ngày bắt đầu hoạt động":null,"Tình trạng hoạt động":"Đang hoạt động","layer_id":167,"fid":550,"label":"BĐVHX Tam Ngãi"}},{"type":"Feature","geometry":{"type":"Point","coordinates":[106.1128803,9.90822451]},"properties":{"Doanh nghiệp phuc vu bưu chính":"Bưu điện tỉnh Vĩnh Long","Điểm phục vụ bưu chính":"BĐVHX Thông Hòa","Địa chỉ":"ấp Trà Ốt, xã Tam Ngãi, tỉnh Vĩnh Long","Số điện thoại":"939889950","Số giấy phép ĐKKD":null,"Số giấy phép bưu chính":"55/GP-BTTTT","Ngày bắt đầu hoạt động":null,"Tình trạng hoạt động":"Đang hoạt động","layer_id":167,"fid":551,"label":"BĐVHX Thông Hòa"}},{"type":"Feature","geometry":{"type":"Point","coordinates":[106.0160922,9.87650177]},"properties":{"Doanh nghiệp phuc vu bưu chính":"Bưu điện tỉnh Vĩnh Long","Điểm phục vụ bưu chính":"BĐVHX An Phú Tân","Địa chỉ":"ấp An Trại, xã An Phú Tân, tỉnh Vĩnh Long","Số điện thoại":"963887071","Số giấy phép ĐKKD":null,"Số giấy phép bưu chính":"55/GP-BTTTT","Ngày bắt đầu hoạt động":null,"Tình trạng hoạt động":"Đang hoạt động","layer_id":167,"fid":552,"label":"BĐVHX An Phú Tân"}},{"type":"Feature","geometry":{"type":"Point","coordinates":[106.0311511,9.85489174]},"properties":{"Doanh nghiệp phuc vu bưu chính":"Bưu điện tỉnh Vĩnh Long","Điểm phục vụ bưu chính":"BĐVHX Hòa Tân","Địa chỉ":"ấp Chông Nô 3, xã An Phú Tân, tỉnh Vĩnh Long","Số điện thoại":"366749402","Số giấy phép ĐKKD":null,"Số giấy phép bưu chính":"55/GP-BTTTT","Ngày bắt đầu hoạt động":null,"Tình trạng hoạt động":"Đang hoạt động","layer_id":167,"fid":553,"label":"BĐVHX Hòa Tân"}},{"type":"Feature","geometry":{"type":"Point","coordinates":[106.0929259,9.8485011]},"properties":{"Doanh nghiệp phuc vu bưu chính":"Bưu điện tỉnh Vĩnh Long","Điểm phục vụ bưu chính":"BĐVHX Phong Phú","Địa chỉ":"ấp Kinh Xáng, xã Phong Thạnh, tỉnh Vĩnh Long","Số điện thoại":"362874361","Số giấy phép ĐKKD":null,"Số giấy phép bưu chính":"55/GP-BTTTT","Ngày bắt đầu hoạt động":null,"Tình trạng hoạt động":"Đang hoạt động","layer_id":167,"fid":554,"label":"BĐVHX Phong Phú"}},{"type":"Feature","geometry":{"type":"Point","coordinates":[106.0799145,9.79648351]},"properties":{"Doanh nghiệp phuc vu bưu chính":"Bưu điện tỉnh Vĩnh Long","Điểm phục vụ bưu chính":"BĐVHX Ninh Thới","Địa chỉ":"ấp Mỹ Văn, xã Phong Thạnh, tỉnh Vĩnh Long","Số điện thoại":"916109526","Số giấy phép ĐKKD":null,"Số giấy phép bưu chính":"55/GP-BTTTT","Ngày bắt đầu hoạt động":null,"Tình trạng hoạt động":"Đang hoạt động","layer_id":167,"fid":555,"label":"BĐVHX Ninh Thới"}},{"type":"Feature","geometry":{"type":"Point","coordinates":[106.1229033,9.84073813]},"properties":{"Doanh nghiệp phuc vu bưu chính":"Bưu điện tỉnh Vĩnh Long","Điểm phục vụ bưu chính":"BĐVHX Phong Thạnh","Địa chỉ":"ấp 2, xã Phong Thạnh, tỉnh Vĩnh Long","Số điện thoại":null,"Số giấy phép ĐKKD":null,"Số giấy phép bưu chính":"55/GP-BTTTT","Ngày bắt đầu hoạt động":null,"Tình trạng hoạt động":"Đang hoạt động","layer_id":167,"fid":556,"label":"BĐVHX Phong Thạnh"}},{"type":"Feature","geometry":{"type":"Point","coordinates":[106.1895445,9.81256806]},"properties":{"Doanh nghiệp phuc vu bưu chính":"Bưu điện tỉnh Vĩnh Long","Điểm phục vụ bưu chính":"BĐKV Tiểu Cần","Địa chỉ":"xã Tiểu Cần, tỉnh Vĩnh Long","Số điện thoại":"2943822948","Số giấy phép ĐKKD":null,"Số giấy phép bưu chính":"55/GP-BTTTT","Ngày bắt đầu hoạt động":null,"Tình trạng hoạt động":"Đang hoạt động","layer_id":167,"fid":557,"label":"BĐKV Tiểu Cần"}},{"type":"Feature","geometry":{"type":"Point","coordinates":[106.1809122,9.80331527]},"properties":{"Doanh nghiệp phuc vu bưu chính":"Bưu điện tỉnh Vĩnh Long","Điểm phục vụ bưu chính":"BĐVHX Phú Cần","Địa chỉ":"ấp Đại Mong, xã Tiểu Cần, tỉnh Vĩnh Long","Số điện thoại":null,"Số giấy phép ĐKKD":null,"Số giấy phép bưu chính":"55/GP-BTTTT","Ngày bắt đầu hoạt động":null,"Tình trạng hoạt động":"Tạm dừng","layer_id":167,"fid":558,"label":"BĐVHX Phú Cần"}},{"type":"Feature","geometry":{"type":"Point","coordinates":[106.1777433,9.85744249]},"properties":{"Doanh nghiệp phuc vu bưu chính":"Bưu điện tỉnh Vĩnh Long","Điểm phục vụ bưu chính":"BĐVHX Hiếu Trung","Địa chỉ":"ấp Phú Thọ 2, xã Tiểu Cần, tỉnh Vĩnh Long","Số điện thoại":"837296448","Số giấy phép ĐKKD":null,"Số giấy phép bưu chính":"55/GP-BTTTT","Ngày bắt đầu hoạt động":null,"Tình trạng hoạt động":"Đang hoạt động","layer_id":167,"fid":559,"label":"BĐVHX Hiếu Trung"}},{"type":"Feature","geometry":{"type":"Point","coordinates":[106.1502336,9.781606396]},"properties":{"Doanh nghiệp phuc vu bưu chính":"Bưu điện tỉnh Vĩnh Long","Điểm phục vụ bưu chính":"BĐVHX Long Thới","Địa chỉ":"ấp Trinh Phụ, xã Tân Hoà, tỉnh Vĩnh Long","Số điện thoại":"931111625","Số giấy phép ĐKKD":null,"Số giấy phép bưu chính":"55/GP-BTTTT","Ngày bắt đầu hoạt động":null,"Tình trạng hoạt động":"Đang hoạt động","layer_id":167,"fid":560,"label":"BĐVHX Long Thới"}},{"type":"Feature","geometry":{"type":"Point","coordinates":[106.159866,9.763133]},"properties":{"Doanh nghiệp phuc vu bưu chính":"Bưu điện tỉnh Vĩnh Long","Điểm phục vụ bưu chính":"BĐVHX Tân Hòa","Địa chỉ":"ấp Tân Thành Đông, xã Tân Hoà, tỉnh Vĩnh Long","Số điện thoại":"907573334","Số giấy phép ĐKKD":null,"Số giấy phép bưu chính":"55/GP-BTTTT","Ngày bắt đầu hoạt động":null,"Tình trạng hoạt động":"Đang hoạt động","layer_id":167,"fid":561,"label":"BĐVHX Tân Hòa"}},{"type":"Feature","geometry":{"type":"Point","coordinates":[106.1316291,9.769460129]},"properties":{"Doanh nghiệp phuc vu bưu chính":"Bưu điện tỉnh Vĩnh Long","Điểm phục vụ bưu chính":"BĐVHX Cầu Quan","Địa chỉ":"ấp 1, xã Tân Hoà, tỉnh Vĩnh Long","Số điện thoại":"2943616484","Số giấy phép ĐKKD":null,"Số giấy phép bưu chính":"55/GP-BTTTT","Ngày bắt đầu hoạt động":null,"Tình trạng hoạt động":"Đang hoạt động","layer_id":167,"fid":562,"label":"BĐVHX Cầu Quan"}},{"type":"Feature","geometry":{"type":"Point","coordinates":[106.281586,9.807095]},"properties":{"Doanh nghiệp phuc vu bưu chính":"Bưu điện tỉnh Vĩnh Long","Điểm phục vụ bưu chính":"BĐVHX Tập Ngãi","Địa chỉ":"ấp Ngô Văn Kiệt, xã Tập Ngãi, tỉnh Vĩnh Long","Số điện thoại":"2943618100","Số giấy phép ĐKKD":null,"Số giấy phép bưu chính":"55/GP-BTTTT","Ngày bắt đầu hoạt động":null,"Tình trạng hoạt động":"Đang hoạt động","layer_id":167,"fid":563,"label":"BĐVHX Tập Ngãi"}},{"type":"Feature","geometry":{"type":"Point","coordinates":[106.2060501,9.857761616]},"properties":{"Doanh nghiệp phuc vu bưu chính":"Bưu điện tỉnh Vĩnh Long","Điểm phục vụ bưu chính":"BĐVHX Hiếu Tử","Địa chỉ":"ấp Tân Đại, xã Tập Ngãi, tỉnh Vĩnh Long","Số điện thoại":"2943619100","Số giấy phép ĐKKD":null,"Số giấy phép bưu chính":"55/GP-BTTTT","Ngày bắt đầu hoạt động":null,"Tình trạng hoạt động":"Đang hoạt động","layer_id":167,"fid":564,"label":"BĐVHX Hiếu Tử"}},{"type":"Feature","geometry":{"type":"Point","coordinates":[106.2060859,9.764786727]},"properties":{"Doanh nghiệp phuc vu bưu chính":"Bưu điện tỉnh Vĩnh Long","Điểm phục vụ bưu chính":"BĐVHX Hùng Hòa","Địa chỉ":"ấp Từ Ô, xã Hùng Hoà, tỉnh Vĩnh Long","Số điện thoại":"335233845","Số giấy phép ĐKKD":null,"Số giấy phép bưu chính":"55/GP-BTTTT","Ngày bắt đầu hoạt động":null,"Tình trạng hoạt động":"Đang hoạt động","layer_id":167,"fid":565,"label":"BĐVHX Hùng Hòa"}},{"type":"Feature","geometry":{"type":"Point","coordinates":[106.2030024,9.79416867]},"properties":{"Doanh nghiệp phuc vu bưu chính":"Bưu điện tỉnh Vĩnh Long","Điểm phục vụ bưu chính":"BĐVHX Tân Hùng","Địa chỉ":"ấp Chợ, xã Hùng Hoà, tỉnh Vĩnh Long","Số điện thoại":"917433009","Số giấy phép ĐKKD":null,"Số giấy phép bưu chính":"55/GP-BTTTT","Ngày bắt đầu hoạt động":null,"Tình trạng hoạt động":"Đang hoạt động","layer_id":167,"fid":566,"label":"BĐVHX Tân Hùng"}},{"type":"Feature","geometry":{"type":"Point","coordinates":[106.2529722,9.783729951]},"properties":{"Doanh nghiệp phuc vu bưu chính":"Bưu điện tỉnh Vĩnh Long","Điểm phục vụ bưu chính":"BĐVHX Ngãi Hùng","Địa chỉ":"ấp Ngãi Hưng, xã Hùng Hoà, tỉnh Vĩnh Long","Số điện thoại":"909207307","Số giấy phép ĐKKD":null,"Số giấy phép bưu chính":"55/GP-BTTTT","Ngày bắt đầu hoạt động":null,"Tình trạng hoạt động":"Đang hoạt động","layer_id":167,"fid":567,"label":"BĐVHX Ngãi Hùng"}},{"type":"Feature","geometry":{"type":"Point","coordinates":[106.3475068,9.87127975]},"properties":{"Doanh nghiệp phuc vu bưu chính":"Bưu điện tỉnh Vĩnh Long","Điểm phục vụ bưu chính":"BĐKV Châu Thành","Địa chỉ":"Số 207, Đường 2/9, ấp 2, xã Châu Thành, tỉnh Vĩnh Long","Số điện thoại":"2943872200","Số giấy phép ĐKKD":null,"Số giấy phép bưu chính":"55/GP-BTTTT","Ngày bắt đầu hoạt động":null,"Tình trạng hoạt động":"Đang hoạt động","layer_id":167,"fid":568,"label":"BĐKV Châu Thành"}},{"type":"Feature","geometry":{"type":"Point","coordinates":[106.3527953,9.846871867]},"properties":{"Doanh nghiệp phuc vu bưu chính":"Bưu điện tỉnh Vĩnh Long","Điểm phục vụ bưu chính":"BĐVHX Đa Lộc","Địa chỉ":"ấp Hương Phụ A, xã Châu Thành, tỉnh Vĩnh Long","Số điện thoại":null,"Số giấy phép ĐKKD":null,"Số giấy phép bưu chính":"55/GP-BTTTT","Ngày bắt đầu hoạt động":null,"Tình trạng hoạt động":"Tạm dừng","layer_id":167,"fid":569,"label":"BĐVHX Đa Lộc"}},{"type":"Feature","geometry":{"type":"Point","coordinates":[106.3519987,9.825346401]},"properties":{"Doanh nghiệp phuc vu bưu chính":"Bưu điện tỉnh Vĩnh Long","Điểm phục vụ bưu chính":"BĐVHX Mỹ Chánh","Địa chỉ":"ấp Đầu Giồng A, xã Châu Thành, tỉnh Vĩnh Long","Số điện thoại":"834654818","Số giấy phép ĐKKD":null,"Số giấy phép bưu chính":"55/GP-BTTTT","Ngày bắt đầu hoạt động":null,"Tình trạng hoạt động":"Đang hoạt động","layer_id":167,"fid":570,"label":"BĐVHX Mỹ Chánh"}},{"type":"Feature","geometry":{"type":"Point","coordinates":[106.3025913,9.81300806]},"properties":{"Doanh nghiệp phuc vu bưu chính":"Bưu điện tỉnh Vĩnh Long","Điểm phục vụ bưu chính":"BĐVHX Thanh Mỹ","Địa chỉ":"ấp Kinh Xuôi, xã Châu Thành, tỉnh Vĩnh Long","Số điện thoại":"357879229","Số giấy phép ĐKKD":null,"Số giấy phép bưu chính":"55/GP-BTTTT","Ngày bắt đầu hoạt động":null,"Tình trạng hoạt động":"Đang hoạt động","layer_id":167,"fid":571,"label":"BĐVHX Thanh Mỹ"}},{"type":"Feature","geometry":{"type":"Point","coordinates":[106.3123604,9.90716252]},"properties":{"Doanh nghiệp phuc vu bưu chính":"Bưu điện tỉnh Vĩnh Long","Điểm phục vụ bưu chính":"BĐVHX Lương Hòa","Địa chỉ":"ấp Sâm Bua, xã Song Lộc, tỉnh Vĩnh Long","Số điện thoại":"949386688","Số giấy phép ĐKKD":null,"Số giấy phép bưu chính":"55/GP-BTTTT","Ngày bắt đầu hoạt động":null,"Tình trạng hoạt động":"Đang hoạt động","layer_id":167,"fid":572,"label":"BĐVHX Lương Hòa"}},{"type":"Feature","geometry":{"type":"Point","coordinates":[106.2813755,9.85934054]},"properties":{"Doanh nghiệp phuc vu bưu chính":"Bưu điện tỉnh Vĩnh Long","Điểm phục vụ bưu chính":"BĐVHX Lương Hòa A","Địa chỉ":"ấp Ô Bắp, xã Song Lộc, tỉnh Vĩnh Long","Số điện thoại":"384959383","Số giấy phép ĐKKD":null,"Số giấy phép bưu chính":"55/GP-BTTTT","Ngày bắt đầu hoạt động":null,"Tình trạng hoạt động":"Đang hoạt động","layer_id":167,"fid":573,"label":"BĐVHX Lương Hòa A"}},{"type":"Feature","geometry":{"type":"Point","coordinates":[106.2663611,9.8964462]},"properties":{"Doanh nghiệp phuc vu bưu chính":"Bưu điện tỉnh Vĩnh Long","Điểm phục vụ bưu chính":"BĐVHX Song Lộc","Địa chỉ":"ấp Phú Lân, xã Song Lộc, tỉnh Vĩnh Long","Số điện thoại":"917013276","Số giấy phép ĐKKD":null,"Số giấy phép bưu chính":"55/GP-BTTTT","Ngày bắt đầu hoạt động":null,"Tình trạng hoạt động":"Đang hoạt động","layer_id":167,"fid":574,"label":"BĐVHX Song Lộc"}},{"type":"Feature","geometry":{"type":"Point","coordinates":[106.3768468,9.9136384]},"properties":{"Doanh nghiệp phuc vu bưu chính":"Bưu điện tỉnh Vĩnh Long","Điểm phục vụ bưu chính":"BĐVHX Hòa Lợi","Địa chỉ":"ấp Qui Nông A, xã Hưng Mỹ, tỉnh Vĩnh Long","Số điện thoại":"979153534","Số giấy phép ĐKKD":null,"Số giấy phép bưu chính":"55/GP-BTTTT","Ngày bắt đầu hoạt động":null,"Tình trạng hoạt động":"Đang hoạt động","layer_id":167,"fid":575,"label":"BĐVHX Hòa Lợi"}},{"type":"Feature","geometry":{"type":"Point","coordinates":[106.3957361,9.88089776]},"properties":{"Doanh nghiệp phuc vu bưu chính":"Bưu điện tỉnh Vĩnh Long","Điểm phục vụ bưu chính":"BĐVHX Phước Hảo","Địa chỉ":"ấp Đại Thôn, xã Hưng Mỹ, tỉnh Vĩnh Long","Số điện thoại":"977994845","Số giấy phép ĐKKD":null,"Số giấy phép bưu chính":"55/GP-BTTTT","Ngày bắt đầu hoạt động":null,"Tình trạng hoạt động":"Đang hoạt động","layer_id":167,"fid":576,"label":"BĐVHX Phước Hảo"}},{"type":"Feature","geometry":{"type":"Point","coordinates":[106.4195133,9.90360913]},"properties":{"Doanh nghiệp phuc vu bưu chính":"Bưu điện tỉnh Vĩnh Long","Điểm phục vụ bưu chính":"BĐVHX Hưng Mỹ","Địa chỉ":"ấp Đại Thôn, xã Hưng Mỹ, tỉnh Vĩnh Long","Số điện thoại":"355938219","Số giấy phép ĐKKD":null,"Số giấy phép bưu chính":"55/GP-BTTTT","Ngày bắt đầu hoạt động":null,"Tình trạng hoạt động":"Đang hoạt động","layer_id":167,"fid":577,"label":"BĐVHX Hưng Mỹ"}},{"type":"Feature","geometry":{"type":"Point","coordinates":[106.471499,9.905812]},"properties":{"Doanh nghiệp phuc vu bưu chính":"Bưu điện tỉnh Vĩnh Long","Điểm phục vụ bưu chính":"BĐVHX Hòa Minh","Địa chỉ":"ấp Đại Thôn A, xã Hoà Minh, tỉnh Vĩnh Long","Số điện thoại":"365911622","Số giấy phép ĐKKD":null,"Số giấy phép bưu chính":"55/GP-BTTTT","Ngày bắt đầu hoạt động":null,"Tình trạng hoạt động":"Đang hoạt động","layer_id":167,"fid":578,"label":"BĐVHX Hòa Minh"}},{"type":"Feature","geometry":{"type":"Point","coordinates":[106.496361,9.892468]},"properties":{"Doanh nghiệp phuc vu bưu chính":"Bưu điện tỉnh Vĩnh Long","Điểm phục vụ bưu chính":"BĐVHX Long Hòa","Địa chỉ":"ấp Rạch Gốc, xã Long Hoà, tỉnh Vĩnh Long","Số điện thoại":"976730856","Số giấy phép ĐKKD":null,"Số giấy phép bưu chính":"55/GP-BTTTT","Ngày bắt đầu hoạt động":null,"Tình trạng hoạt động":"Đang hoạt động","layer_id":167,"fid":579,"label":"BĐVHX Long Hòa"}},{"type":"Feature","geometry":{"type":"Point","coordinates":[106.2597775,9.68930647]},"properties":{"Doanh nghiệp phuc vu bưu chính":"Bưu điện tỉnh Vĩnh Long","Điểm phục vụ bưu chính":"BĐKV Trà Cú","Địa chỉ":"Số 220, Đường 3/2, ấp 4, xã Trà Cú, tĩnh Vĩnh Long","Số điện thoại":"2943874444","Số giấy phép ĐKKD":null,"Số giấy phép bưu chính":"55/GP-BTTTT","Ngày bắt đầu hoạt động":null,"Tình trạng hoạt động":"Đang hoạt động","layer_id":167,"fid":580,"label":"BĐKV Trà Cú"}},{"type":"Feature","geometry":{"type":"Point","coordinates":[106.2922323,9.68920371]},"properties":{"Doanh nghiệp phuc vu bưu chính":"Bưu điện tỉnh Vĩnh Long","Điểm phục vụ bưu chính":"BĐVHX Thanh Sơn","Địa chỉ":"ấp Giồng Ông Thình, xã Trà Cú, tĩnh Vĩnh Long","Số điện thoại":"914951733","Số giấy phép ĐKKD":null,"Số giấy phép bưu chính":"55/GP-BTTTT","Ngày bắt đầu hoạt động":null,"Tình trạng hoạt động":"Đang hoạt động","layer_id":167,"fid":581,"label":"BĐVHX Thanh Sơn"}},{"type":"Feature","geometry":{"type":"Point","coordinates":[106.259403,9.704731]},"properties":{"Doanh nghiệp phuc vu bưu chính":"Bưu điện tỉnh Vĩnh Long","Điểm phục vụ bưu chính":"BĐVHX Ngãi Xuyên","Địa chỉ":"ấp Xoài Xiêm, xã Trà Cú, tĩnh Vĩnh Long","Số điện thoại":"916180888","Số giấy phép ĐKKD":null,"Số giấy phép bưu chính":"55/GP-BTTTT","Ngày bắt đầu hoạt động":null,"Tình trạng hoạt động":"Đang hoạt động","layer_id":167,"fid":582,"label":"BĐVHX Ngãi Xuyên"}},{"type":"Feature","geometry":{"type":"Point","coordinates":[106.3025191,9.63909906]},"properties":{"Doanh nghiệp phuc vu bưu chính":"Bưu điện tỉnh Vĩnh Long","Điểm phục vụ bưu chính":"Bưu cục 3 Đại An","Địa chỉ":"ấp Chợ, xã Đại An, tỉnh Vĩnh Long","Số điện thoại":"2943878200","Số giấy phép ĐKKD":null,"Số giấy phép bưu chính":"55/GP-BTTTT","Ngày bắt đầu hoạt động":null,"Tình trạng hoạt động":"Đang hoạt động","layer_id":167,"fid":583,"label":"Bưu cục 3 Đại An"}},{"type":"Feature","geometry":{"type":"Point","coordinates":[106.3008327,9.633378512]},"properties":{"Doanh nghiệp phuc vu bưu chính":"Bưu điện tỉnh Vĩnh Long","Điểm phục vụ bưu chính":"BĐVHX Định An","Địa chỉ":"ấp Chợ, xã Đại An, tỉnh Vĩnh Long","Số điện thoại":null,"Số giấy phép ĐKKD":null,"Số giấy phép bưu chính":"55/GP-BTTTT","Ngày bắt đầu hoạt động":null,"Tình trạng hoạt động":"tạm dừng","layer_id":167,"fid":584,"label":"BĐVHX Định An"}},{"type":"Feature","geometry":{"type":"Point","coordinates":[106.2877677,9.61562563]},"properties":{"Doanh nghiệp phuc vu bưu chính":"Bưu điện tỉnh Vĩnh Long","Điểm phục vụ bưu chính":"BĐVHX TT Định An","Địa chỉ":"ấp 4, xã Đại An, tỉnh Vĩnh Long","Số điện thoại":"942727700","Số giấy phép ĐKKD":null,"Số giấy phép bưu chính":"55/GP-BTTTT","Ngày bắt đầu hoạt động":null,"Tình trạng hoạt động":"Đang hoạt động","layer_id":167,"fid":585,"label":"BĐVHX TT Định An"}},{"type":"Feature","geometry":{"type":"Point","coordinates":[106.2618481,9.738219822]},"properties":{"Doanh nghiệp phuc vu bưu chính":"Bưu điện tỉnh Vĩnh Long","Điểm phục vụ bưu chính":"BĐVHX Tập Sơn","Địa chỉ":"ấp Chợ, xã Tập Sơn, tỉnh Vĩnh Long","Số điện thoại":"855098698","Số giấy phép ĐKKD":null,"Số giấy phép bưu chính":"55/GP-BTTTT","Ngày bắt đầu hoạt động":null,"Tình trạng hoạt động":"Đang hoạt động","layer_id":167,"fid":586,"label":"BĐVHX Tập Sơn"}},{"type":"Feature","geometry":{"type":"Point","coordinates":[106.311156,9.76067367]},"properties":{"Doanh nghiệp phuc vu bưu chính":"Bưu điện tỉnh Vĩnh Long","Điểm phục vụ bưu chính":"BĐVHX Phước Hưng","Địa chỉ":"ấp Chợ, xã Tập Sơn, tỉnh Vĩnh Long","Số điện thoại":"2943877200","Số giấy phép ĐKKD":null,"Số giấy phép bưu chính":"55/GP-BTTTT","Ngày bắt đầu hoạt động":null,"Tình trạng hoạt động":"Đang hoạt động","layer_id":167,"fid":587,"label":"BĐVHX Phước Hưng"}},{"type":"Feature","geometry":{"type":"Point","coordinates":[106.224291,9.73170807]},"properties":{"Doanh nghiệp phuc vu bưu chính":"Bưu điện tỉnh Vĩnh Long","Điểm phục vụ bưu chính":"BĐVHX Tân Sơn","Địa chỉ":"ấp Đồn Điền, xã Tập Sơn, tỉnh Vĩnh Long","Số điện thoại":"356913830","Số giấy phép ĐKKD":null,"Số giấy phép bưu chính":"55/GP-BTTTT","Ngày bắt đầu hoạt động":null,"Tình trạng hoạt động":"Đang hoạt động","layer_id":167,"fid":588,"label":"BĐVHX Tân Sơn"}},{"type":"Feature","geometry":{"type":"Point","coordinates":[106.340881,9.708505037]},"properties":{"Doanh nghiệp phuc vu bưu chính":"Bưu điện tỉnh Vĩnh Long","Điểm phục vụ bưu chính":"BĐVHX Long Hiệp","Địa chỉ":"ấp Chợ, xã Long Hiệp, tỉnh Vĩnh Long","Số điện thoại":"916093075","Số giấy phép ĐKKD":null,"Số giấy phép bưu chính":"55/GP-BTTTT","Ngày bắt đầu hoạt động":null,"Tình trạng hoạt động":"Đang hoạt động","layer_id":167,"fid":589,"label":"BĐVHX Long Hiệp"}},{"type":"Feature","geometry":{"type":"Point","coordinates":[106.3358322,9.726943047]},"properties":{"Doanh nghiệp phuc vu bưu chính":"Bưu điện tỉnh Vĩnh Long","Điểm phục vụ bưu chính":"BĐVHX Tân Hiệp","Địa chỉ":"ấp Long Trường, xã Long Hiệp, tỉnh Vĩnh Long","Số điện thoại":"762829757","Số giấy phép ĐKKD":null,"Số giấy phép bưu chính":"55/GP-BTTTT","Ngày bắt đầu hoạt động":null,"Tình trạng hoạt động":"Đang hoạt động","layer_id":167,"fid":590,"label":"BĐVHX Tân Hiệp"}},{"type":"Feature","geometry":{"type":"Point","coordinates":[106.345401,9.69350968]},"properties":{"Doanh nghiệp phuc vu bưu chính":"Bưu điện tỉnh Vĩnh Long","Điểm phục vụ bưu chính":"BĐVHX Ngọc Biên","Địa chỉ":"ấp Ba Cụm, xã Long Hiệp, tỉnh Vĩnh Long","Số điện thoại":"383737382","Số giấy phép ĐKKD":null,"Số giấy phép bưu chính":"55/GP-BTTTT","Ngày bắt đầu hoạt động":null,"Tình trạng hoạt động":"Đang hoạt động","layer_id":167,"fid":591,"label":"BĐVHX Ngọc Biên"}},{"type":"Feature","geometry":{"type":"Point","coordinates":[106.2923773,9.670781915]},"properties":{"Doanh nghiệp phuc vu bưu chính":"Bưu điện tỉnh Vĩnh Long","Điểm phục vụ bưu chính":"BĐVHX Hàm Giang","Địa chỉ":"ấp Trà Tro A, xã Hàm Giang, tỉnh Vĩnh Long","Số điện thoại":"839082555","Số giấy phép ĐKKD":null,"Số giấy phép bưu chính":"55/GP-BTTTT","Ngày bắt đầu hoạt động":null,"Tình trạng hoạt động":"Đang hoạt động","layer_id":167,"fid":592,"label":"BĐVHX Hàm Giang"}},{"type":"Feature","geometry":{"type":"Point","coordinates":[106.253005,9.676182]},"properties":{"Doanh nghiệp phuc vu bưu chính":"Bưu điện tỉnh Vĩnh Long","Điểm phục vụ bưu chính":"BĐVHX Kim Sơn","Địa chỉ":"ấp Trà Cú A, xã Hàm Giang, tỉnh Vĩnh Long","Số điện thoại":"337433515","Số giấy phép ĐKKD":null,"Số giấy phép bưu chính":"55/GP-BTTTT","Ngày bắt đầu hoạt động":null,"Tình trạng hoạt động":"Đang hoạt động","layer_id":167,"fid":593,"label":"BĐVHX Kim Sơn"}},{"type":"Feature","geometry":{"type":"Point","coordinates":[106.2793289,9.65691671]},"properties":{"Doanh nghiệp phuc vu bưu chính":"Bưu điện tỉnh Vĩnh Long","Điểm phục vụ bưu chính":"BĐVHX Hàm Tân","Địa chỉ":"ấp Vàm Ray A, xã Hàm Giang, tỉnh Vĩnh Long","Số điện thoại":null,"Số giấy phép ĐKKD":null,"Số giấy phép bưu chính":"55/GP-BTTTT","Ngày bắt đầu hoạt động":null,"Tình trạng hoạt động":"Tạm dừng","layer_id":167,"fid":594,"label":"BĐVHX Hàm Tân"}},{"type":"Feature","geometry":{"type":"Point","coordinates":[106.1841472,9.724536578]},"properties":{"Doanh nghiệp phuc vu bưu chính":"Bưu điện tỉnh Vĩnh Long","Điểm phục vụ bưu chính":"BĐVHX An Quãng Hữu","Địa chỉ":"ấp Chợ, xã Lưu Nghiệp Anh, tỉnh Vĩnh Long","Số điện thoại":"907276600","Số giấy phép ĐKKD":null,"Số giấy phép bưu chính":"55/GP-BTTTT","Ngày bắt đầu hoạt động":null,"Tình trạng hoạt động":"Đang hoạt động","layer_id":167,"fid":595,"label":"BĐVHX An Quãng Hữu"}},{"type":"Feature","geometry":{"type":"Point","coordinates":[106.2198081,9.69866435]},"properties":{"Doanh nghiệp phuc vu bưu chính":"Bưu điện tỉnh Vĩnh Long","Điểm phục vụ bưu chính":"BĐVHX Lưu Nghiệp Anh","Địa chỉ":"ấp Chợ, xã Lưu Nghiệp Anh, tỉnh Vĩnh Long","Số điện thoại":"965860421","Số giấy phép ĐKKD":null,"Số giấy phép bưu chính":"55/GP-BTTTT","Ngày bắt đầu hoạt động":null,"Tình trạng hoạt động":"Đang hoạt động","layer_id":167,"fid":596,"label":"BĐVHX Lưu Nghiệp Anh"}},{"type":"Feature","geometry":{"type":"Point","coordinates":[106.452407,9.795399869]},"properties":{"Doanh nghiệp phuc vu bưu chính":"Bưu điện tỉnh Vĩnh Long","Điểm phục vụ bưu chính":"BĐKV Cầu Ngang","Địa chỉ":"Số 293, Đường 3/2, ấp Minh Thuận B, xã Cầu Ngang, tĩnh Vĩnh Long","Số điện thoại":"2943825444","Số giấy phép ĐKKD":null,"Số giấy phép bưu chính":"55/GP-BTTTT","Ngày bắt đầu hoạt động":null,"Tình trạng hoạt động":"Đang hoạt động","layer_id":167,"fid":597,"label":"BĐKV Cầu Ngang"}},{"type":"Feature","geometry":{"type":"Point","coordinates":[106.454391,9.813497]},"properties":{"Doanh nghiệp phuc vu bưu chính":"Bưu điện tỉnh Vĩnh Long","Điểm phục vụ bưu chính":"BĐVHX Mỹ Hòa","Địa chỉ":"ấp Mỹ Cẩm B, xã Cầu Ngang, tĩnh Vĩnh Long","Số điện thoại":"919549743","Số giấy phép ĐKKD":null,"Số giấy phép bưu chính":"55/GP-BTTTT","Ngày bắt đầu hoạt động":null,"Tình trạng hoạt động":"Đang hoạt động","layer_id":167,"fid":598,"label":"BĐVHX Mỹ Hòa"}},{"type":"Feature","geometry":{"type":"Point","coordinates":[106.4472803,9.77559959]},"properties":{"Doanh nghiệp phuc vu bưu chính":"Bưu điện tỉnh Vĩnh Long","Điểm phục vụ bưu chính":"BĐVHX Thuận Hòa","Địa chỉ":"ấp Nô Công, xã Cầu Ngang, tĩnh Vĩnh Long","Số điện thoại":"906430751","Số giấy phép ĐKKD":null,"Số giấy phép bưu chính":"55/GP-BTTTT","Ngày bắt đầu hoạt động":null,"Tình trạng hoạt động":"Đang hoạt động","layer_id":167,"fid":599,"label":"BĐVHX Thuận Hòa"}},{"type":"Feature","geometry":{"type":"Point","coordinates":[106.4081667,9.857746124]},"properties":{"Doanh nghiệp phuc vu bưu chính":"Bưu điện tỉnh Vĩnh Long","Điểm phục vụ bưu chính":"BĐVHX Kim Hòa","Địa chỉ":"ấp Trà Cuôn, xã Vinh Kim, tỉnh Vĩnh Long","Số điện thoại":"338568837","Số giấy phép ĐKKD":null,"Số giấy phép bưu chính":"55/GP-BTTTT","Ngày bắt đầu hoạt động":null,"Tình trạng hoạt động":"Đang hoạt động","layer_id":167,"fid":600,"label":"BĐVHX Kim Hòa"}},{"type":"Feature","geometry":{"type":"Point","coordinates":[106.4509351,9.85163626]},"properties":{"Doanh nghiệp phuc vu bưu chính":"Bưu điện tỉnh Vĩnh Long","Điểm phục vụ bưu chính":"BĐVHX Vinh Kim","Địa chỉ":"ấp Chà Và, xã Vinh Kim, tỉnh Vĩnh Long","Số điện thoại":"978556956","Số giấy phép ĐKKD":null,"Số giấy phép bưu chính":"55/GP-BTTTT","Ngày bắt đầu hoạt động":null,"Tình trạng hoạt động":"Đang hoạt động","layer_id":167,"fid":601,"label":"BĐVHX Vinh Kim"}},{"type":"Feature","geometry":{"type":"Point","coordinates":[106.5076385,9.80945052]},"properties":{"Doanh nghiệp phuc vu bưu chính":"Bưu điện tỉnh Vĩnh Long","Điểm phục vụ bưu chính":"BĐVHX Mỹ Long","Địa chỉ":"ấp 2, xã Mỹ Long, tỉnh Vĩnh Long","Số điện thoại":"949727696","Số giấy phép ĐKKD":null,"Số giấy phép bưu chính":"55/GP-BTTTT","Ngày bắt đầu hoạt động":null,"Tình trạng hoạt động":"Đang hoạt động","layer_id":167,"fid":602,"label":"BĐVHX Mỹ Long"}},{"type":"Feature","geometry":{"type":"Point","coordinates":[106.4816789,9.82290332]},"properties":{"Doanh nghiệp phuc vu bưu chính":"Bưu điện tỉnh Vĩnh Long","Điểm phục vụ bưu chính":"BĐVHX Mỹ Long Bắc","Địa chỉ":"ấp Bến Kinh, xã Mỹ Long, tỉnh Vĩnh Long","Số điện thoại":null,"Số giấy phép ĐKKD":null,"Số giấy phép bưu chính":"55/GP-BTTTT","Ngày bắt đầu hoạt động":null,"Tình trạng hoạt động":"Tạm dừng","layer_id":167,"fid":603,"label":"BĐVHX Mỹ Long Bắc"}},{"type":"Feature","geometry":{"type":"Point","coordinates":[106.51929,9.753375]},"properties":{"Doanh nghiệp phuc vu bưu chính":"Bưu điện tỉnh Vĩnh Long","Điểm phục vụ bưu chính":"BĐVHX Mỹ Long Nam","Địa chỉ":"ấp 4, xã Mỹ Long, tỉnh Vĩnh Long","Số điện thoại":"963544949","Số giấy phép ĐKKD":null,"Số giấy phép bưu chính":"55/GP-BTTTT","Ngày bắt đầu hoạt động":null,"Tình trạng hoạt động":"Đang hoạt động","layer_id":167,"fid":604,"label":"BĐVHX Mỹ Long Nam"}},{"type":"Feature","geometry":{"type":"Point","coordinates":[106.491089,9.76788622]},"properties":{"Doanh nghiệp phuc vu bưu chính":"Bưu điện tỉnh Vĩnh Long","Điểm phục vụ bưu chính":"BĐVHX Hiệp Mỹ Đông","Địa chỉ":"ấp Cái Già Trên, xã Hiệp Mỹ, tỉnh Vĩnh Long","Số điện thoại":"376510111","Số giấy phép ĐKKD":null,"Số giấy phép bưu chính":"55/GP-BTTTT","Ngày bắt đầu hoạt động":null,"Tình trạng hoạt động":"Đang hoạt động","layer_id":167,"fid":605,"label":"BĐVHX Hiệp Mỹ Đông"}},{"type":"Feature","geometry":{"type":"Point","coordinates":[106.4418151,9.75205843]},"properties":{"Doanh nghiệp phuc vu bưu chính":"Bưu điện tỉnh Vĩnh Long","Điểm phục vụ bưu chính":"BĐVHX Long Sơn","Địa chỉ":"ấp Sơn Lang, xã Hiệp Mỹ, tỉnh Vĩnh Long","Số điện thoại":"865901195","Số giấy phép ĐKKD":null,"Số giấy phép bưu chính":"55/GP-BTTTT","Ngày bắt đầu hoạt động":null,"Tình trạng hoạt động":"Đang hoạt động","layer_id":167,"fid":606,"label":"BĐVHX Long Sơn"}},{"type":"Feature","geometry":{"type":"Point","coordinates":[106.4766657,9.73248606]},"properties":{"Doanh nghiệp phuc vu bưu chính":"Bưu điện tỉnh Vĩnh Long","Điểm phục vụ bưu chính":"BĐVHX Hiệp Mỹ Tây","Địa chỉ":"ấp Chợ, xã Hiệp Mỹ, tỉnh Vĩnh Long","Số điện thoại":"915644339","Số giấy phép ĐKKD":null,"Số giấy phép bưu chính":"55/GP-BTTTT","Ngày bắt đầu hoạt động":null,"Tình trạng hoạt động":"Đang hoạt động","layer_id":167,"fid":607,"label":"BĐVHX Hiệp Mỹ Tây"}},{"type":"Feature","geometry":{"type":"Point","coordinates":[106.4077858,9.81109557]},"properties":{"Doanh nghiệp phuc vu bưu chính":"Bưu điện tỉnh Vĩnh Long","Điểm phục vụ bưu chính":"BĐVHX Hiệp Hòa","Địa chỉ":"ấp Hoà Lục, xã Nhị Trường, tỉnh Vĩnh Long","Số điện thoại":"827742342","Số giấy phép ĐKKD":null,"Số giấy phép bưu chính":"55/GP-BTTTT","Ngày bắt đầu hoạt động":null,"Tình trạng hoạt động":"Đang hoạt động","layer_id":167,"fid":608,"label":"BĐVHX Hiệp Hòa"}},{"type":"Feature","geometry":{"type":"Point","coordinates":[106.3891043,9.75607273]},"properties":{"Doanh nghiệp phuc vu bưu chính":"Bưu điện tỉnh Vĩnh Long","Điểm phục vụ bưu chính":"BĐVHX Nhị Trường","Địa chỉ":"ấp Nô Lựa, xã Nhị Trường, tỉnh Vĩnh Long","Số điện thoại":"917767829","Số giấy phép ĐKKD":null,"Số giấy phép bưu chính":"55/GP-BTTTT","Ngày bắt đầu hoạt động":null,"Tình trạng hoạt động":"Đang hoạt động","layer_id":167,"fid":609,"label":"BĐVHX Nhị Trường"}},{"type":"Feature","geometry":{"type":"Point","coordinates":[106.3716041,9.77165284]},"properties":{"Doanh nghiệp phuc vu bưu chính":"Bưu điện tỉnh Vĩnh Long","Điểm phục vụ bưu chính":"BĐVHX Trường Thọ","Địa chỉ":"ấp Sóc Cụt, xã Nhị Trường, tỉnh Vĩnh Long","Số điện thoại":"906430751","Số giấy phép ĐKKD":null,"Số giấy phép bưu chính":"55/GP-BTTTT","Ngày bắt đầu hoạt động":null,"Tình trạng hoạt động":"Đang hoạt động","layer_id":167,"fid":610,"label":"BĐVHX Trường Thọ"}},{"type":"Feature","geometry":{"type":"Point","coordinates":[106.4954044,9.632817341]},"properties":{"Doanh nghiệp phuc vu bưu chính":"Bưu điện tỉnh Vĩnh Long","Điểm phục vụ bưu chính":"BĐKV Duyên Hải","Địa chỉ":"Số 4, Điện Biên Phủ, Phường Duyên Hải, tỉnh Vĩnh Long","Số điện thoại":"2943833100","Số giấy phép ĐKKD":null,"Số giấy phép bưu chính":"55/GP-BTTTT","Ngày bắt đầu hoạt động":null,"Tình trạng hoạt động":"Đang hoạt động","layer_id":167,"fid":611,"label":"BĐKV Duyên Hải"}},{"type":"Feature","geometry":{"type":"Point","coordinates":[106.5201657,9.59880538]},"properties":{"Doanh nghiệp phuc vu bưu chính":"Bưu điện tỉnh Vĩnh Long","Điểm phục vụ bưu chính":"BĐVHX Dân Thành","Địa chỉ":"ấp Giồng Giếng, Phường Duyên Hải, tỉnh Vĩnh Long","Số điện thoại":"2943739100","Số giấy phép ĐKKD":null,"Số giấy phép bưu chính":"55/GP-BTTTT","Ngày bắt đầu hoạt động":null,"Tình trạng hoạt động":"Đang hoạt động","layer_id":167,"fid":612,"label":"BĐVHX Dân Thành"}},{"type":"Feature","geometry":{"type":"Point","coordinates":[106.4829742,9.646384461]},"properties":{"Doanh nghiệp phuc vu bưu chính":"Bưu điện tỉnh Vĩnh Long","Điểm phục vụ bưu chính":"BĐVHX Long Toàn","Địa chỉ":"khóm Phước Trị, Phường Duyên Hải, tỉnh Vĩnh Long","Số điện thoại":null,"Số giấy phép ĐKKD":null,"Số giấy phép bưu chính":"55/GP-BTTTT","Ngày bắt đầu hoạt động":null,"Tình trạng hoạt động":"Tạm dừng","layer_id":167,"fid":613,"label":"BĐVHX Long Toàn"}},{"type":"Feature","geometry":{"type":"Point","coordinates":[106.5097093,9.686031]},"properties":{"Doanh nghiệp phuc vu bưu chính":"Bưu điện tỉnh Vĩnh Long","Điểm phục vụ bưu chính":"Bưu Cục 3 Phường 2","Địa chỉ":"khóm 1, phường Trường Long Hoà, tỉnh Vĩnh Long","Số điện thoại":"2943836200","Số giấy phép ĐKKD":null,"Số giấy phép bưu chính":"55/GP-BTTTT","Ngày bắt đầu hoạt động":null,"Tình trạng hoạt động":"Đang hoạt động","layer_id":167,"fid":614,"label":"Bưu Cục 3 Phường 2"}},{"type":"Feature","geometry":{"type":"Point","coordinates":[106.5589148,9.67512983]},"properties":{"Doanh nghiệp phuc vu bưu chính":"Bưu điện tỉnh Vĩnh Long","Điểm phục vụ bưu chính":"BĐVHX Trường Long Hòa","Địa chỉ":"khóm Ba Động, phường Trường Long Hoà, tỉnh Vĩnh Long","Số điện thoại":"918687849","Số giấy phép ĐKKD":null,"Số giấy phép bưu chính":"55/GP-BTTTT","Ngày bắt đầu hoạt động":null,"Tình trạng hoạt động":"Đang hoạt động","layer_id":167,"fid":615,"label":"BĐVHX Trường Long Hòa"}},{"type":"Feature","geometry":{"type":"Point","coordinates":[106.5494308,9.73876668]},"properties":{"Doanh nghiệp phuc vu bưu chính":"Bưu điện tỉnh Vĩnh Long","Điểm phục vụ bưu chính":"BĐVHX Hiệp Thạnh","Địa chỉ":"ấp Cây Da, xã Long Hữu, tỉnh Vĩnh Long","Số điện thoại":"378522572","Số giấy phép ĐKKD":null,"Số giấy phép bưu chính":"55/GP-BTTTT","Ngày bắt đầu hoạt động":null,"Tình trạng hoạt động":"Đang hoạt động","layer_id":167,"fid":616,"label":"BĐVHX Hiệp Thạnh"}},{"type":"Feature","geometry":{"type":"Point","coordinates":[106.4872467,9.67895286]},"properties":{"Doanh nghiệp phuc vu bưu chính":"Bưu điện tỉnh Vĩnh Long","Điểm phục vụ bưu chính":"BĐVHX Long Hữu","Địa chỉ":"ấp 17, xã Long Hữu, tỉnh Vĩnh Long","Số điện thoại":"975317901","Số giấy phép ĐKKD":null,"Số giấy phép bưu chính":"55/GP-BTTTT","Ngày bắt đầu hoạt động":null,"Tình trạng hoạt động":"Đang hoạt động","layer_id":167,"fid":617,"label":"BĐVHX Long Hữu"}},{"type":"Feature","geometry":{"type":"Point","coordinates":[106.3827449,9.65691349]},"properties":{"Doanh nghiệp phuc vu bưu chính":"Bưu điện tỉnh Vĩnh Long","Điểm phục vụ bưu chính":"BĐVHX Đôn Châu","Địa chỉ":"ấp La Bang Chợ, xã Đôn Châu, tỉnh Vĩnh Long","Số điện thoại":"944933912","Số giấy phép ĐKKD":null,"Số giấy phép bưu chính":"55/GP-BTTTT","Ngày bắt đầu hoạt động":null,"Tình trạng hoạt động":"Đang hoạt động","layer_id":167,"fid":618,"label":"BĐVHX Đôn Châu"}},{"type":"Feature","geometry":{"type":"Point","coordinates":[106.3414442,9.643350949]},"properties":{"Doanh nghiệp phuc vu bưu chính":"Bưu điện tỉnh Vĩnh Long","Điểm phục vụ bưu chính":"BĐVHX Đôn Xuân","Địa chỉ":"ấp Chợ, xã Đôn Châu, tỉnh Vĩnh Long","Số điện thoại":"941861601","Số giấy phép ĐKKD":null,"Số giấy phép bưu chính":"55/GP-BTTTT","Ngày bắt đầu hoạt động":null,"Tình trạng hoạt động":"Đang hoạt động","layer_id":167,"fid":619,"label":"BĐVHX Đôn Xuân"}},{"type":"Feature","geometry":{"type":"Point","coordinates":[106.4285552,9.665887138]},"properties":{"Doanh nghiệp phuc vu bưu chính":"Bưu điện tỉnh Vĩnh Long","Điểm phục vụ bưu chính":"BĐVHX Ngũ Lạc","Địa chỉ":"ấp Rọ Say, xã Ngũ Lạc, tỉnh Vĩnh Long","Số điện thoại":"327511509","Số giấy phép ĐKKD":null,"Số giấy phép bưu chính":"55/GP-BTTTT","Ngày bắt đầu hoạt động":null,"Tình trạng hoạt động":"Đang hoạt động","layer_id":167,"fid":620,"label":"BĐVHX Ngũ Lạc"}},{"type":"Feature","geometry":{"type":"Point","coordinates":[106.4451419,9.70601355]},"properties":{"Doanh nghiệp phuc vu bưu chính":"Bưu điện tỉnh Vĩnh Long","Điểm phục vụ bưu chính":"BĐVHX Thạnh Hòa Sơn","Địa chỉ":"ấp Lạc Thạnh A, xã Ngũ Lạc, tỉnh Vĩnh Long","Số điện thoại":"373859161","Số giấy phép ĐKKD":null,"Số giấy phép bưu chính":"55/GP-BTTTT","Ngày bắt đầu hoạt động":null,"Tình trạng hoạt động":"Đang hoạt động","layer_id":167,"fid":621,"label":"BĐVHX Thạnh Hòa Sơn"}},{"type":"Feature","geometry":{"type":"Point","coordinates":[106.4351365,9.552045392]},"properties":{"Doanh nghiệp phuc vu bưu chính":"Bưu điện tỉnh Vĩnh Long","Điểm phục vụ bưu chính":"BĐVHX Đông Hải","Địa chỉ":"ấp Định An, xã Đông Hải, tỉnh Vĩnh Long","Số điện thoại":"2943737121","Số giấy phép ĐKKD":null,"Số giấy phép bưu chính":"55/GP-BTTTT","Ngày bắt đầu hoạt động":null,"Tình trạng hoạt động":"Đang hoạt động","layer_id":167,"fid":622,"label":"BĐVHX Đông Hải"}},{"type":"Feature","geometry":{"type":"Point","coordinates":[106.4404055,9.60869181]},"properties":{"Doanh nghiệp phuc vu bưu chính":"Bưu điện tỉnh Vĩnh Long","Điểm phục vụ bưu chính":"BĐVHX Long Thành","Địa chỉ":"ấp 5, xã Long Thành, tỉnh Vĩnh Long","Số điện thoại":"945225969","Số giấy phép ĐKKD":null,"Số giấy phép bưu chính":"55/GP-BTTTT","Ngày bắt đầu hoạt động":null,"Tình trạng hoạt động":"Đang hoạt động","layer_id":167,"fid":623,"label":"BĐVHX Long Thành"}},{"type":"Feature","geometry":{"type":"Point","coordinates":[106.4289798,9.596125872]},"properties":{"Doanh nghiệp phuc vu bưu chính":"Bưu điện tỉnh Vĩnh Long","Điểm phục vụ bưu chính":"BĐVHX Long Khánh","Địa chỉ":"ấp Cái Đôi, xã Long Thành, tỉnh Vĩnh Long","Số điện thoại":null,"Số giấy phép ĐKKD":null,"Số giấy phép bưu chính":"55/GP-BTTTT","Ngày bắt đầu hoạt động":null,"Tình trạng hoạt động":"Tạm dừng","layer_id":167,"fid":624,"label":"BĐVHX Long Khánh"}},{"type":"Feature","geometry":{"type":"Point","coordinates":[106.354115,9.603792579]},"properties":{"Doanh nghiệp phuc vu bưu chính":"Bưu điện tỉnh Vĩnh Long","Điểm phục vụ bưu chính":"BĐVHX Long Vĩnh","Địa chỉ":"ấp Kinh Đào, xã Long Vĩnh, tỉnh Vĩnh Long","Số điện thoại":"327467754","Số giấy phép ĐKKD":null,"Số giấy phép bưu chính":"55/GP-BTTTT","Ngày bắt đầu hoạt động":null,"Tình trạng hoạt động":"Đang hoạt động","layer_id":167,"fid":625,"label":"BĐVHX Long Vĩnh"}},{"type":"Feature","geometry":{"type":"Point","coordinates":[106.256076,10.27823]},"properties":{"Doanh nghiệp phuc vu bưu chính":"Viettelpost CN Vĩnh Long","Điểm phục vụ bưu chính":"Bưu cục Tiên Thủy","Địa chỉ":"ấp Tiên Đông Thượng Tiên Thủy, Vĩnh Long","Số điện thoại":"343103070","Số giấy phép ĐKKD":"26","Số giấy phép bưu chính":"229/GP-BTTTT","Ngày bắt đầu hoạt động":"9/11/23 12:00:00 AM","Tình trạng hoạt động":"đang hoạt động","layer_id":167,"fid":626,"label":"Bưu cục Tiên Thủy"}},{"type":"Feature","geometry":{"type":"Point","coordinates":[106.356777,10.238615]},"properties":{"Doanh nghiệp phuc vu bưu chính":"Viettelpost CN Vĩnh Long","Điểm phục vụ bưu chính":"Bưu cục Thành Phố Bến Tre","Địa chỉ":"105A Đồng Văn Cống, phường Bến Tre, tỉnh Vĩnh Long","Số điện thoại":"344006257","Số giấy phép ĐKKD":"8","Số giấy phép bưu chính":"229/GP-BTTTT","Ngày bắt đầu hoạt động":"5/12/20 12:00:00 AM","Tình trạng hoạt động":"đang hoạt động","layer_id":167,"fid":627,"label":"Bưu cục Thành Phố Bến Tre"}},{"type":"Feature","geometry":{"type":"Point","coordinates":[106.505658,9.96075]},"properties":{"Doanh nghiệp phuc vu bưu chính":"Viettelpost CN Vĩnh Long","Điểm phục vụ bưu chính":"Bưu cục Thạnh Phú","Địa chỉ":"ấp Thạnh Hòa B, xã Thạnh Phú, Tỉnh Vĩnh Long","Số điện thoại":"375658357","Số giấy phép ĐKKD":"1","Số giấy phép bưu chính":"229/GP-BTTTT","Ngày bắt đầu hoạt động":"5/12/20 12:00:00 AM","Tình trạng hoạt động":"đang hoạt động","layer_id":167,"fid":628,"label":"Bưu cục Thạnh Phú"}},{"type":"Feature","geometry":{"type":"Point","coordinates":[106.402145,10.172238]},"properties":{"Doanh nghiệp phuc vu bưu chính":"Viettelpost CN Vĩnh Long","Điểm phục vụ bưu chính":"Bưu cục Phước Long","Địa chỉ":"ấp Long Điền, xã Phước Long, tỉnh Vĩnh Long","Số điện thoại":"377577242","Số giấy phép ĐKKD":"27","Số giấy phép bưu chính":"229/GP-BTTTT","Ngày bắt đầu hoạt động":"11/14/23 12:00:00 AM","Tình trạng hoạt động":"đang hoạt động","layer_id":167,"fid":629,"label":"Bưu cục Phước Long"}},{"type":"Feature","geometry":{"type":"Point","coordinates":[6.332938,10.202142]},"properties":{"Doanh nghiệp phuc vu bưu chính":"Viettelpost CN Vĩnh Long","Điểm phục vụ bưu chính":"Bưu cục Tân Thành Bình","Địa chỉ":"Ấp Chợ xếp, xã tân thành bình, tỉnh Vĩnh Long","Số điện thoại":"981692491","Số giấy phép ĐKKD":"28","Số giấy phép bưu chính":"229/GP-BTTTT","Ngày bắt đầu hoạt động":"1/8/24 12:00:00 AM","Tình trạng hoạt động":"đang hoạt động","layer_id":167,"fid":630,"label":"Bưu cục Tân Thành Bình"}},{"type":"Feature","geometry":{"type":"Point","coordinates":[106.394676,10.253241]},"properties":{"Doanh nghiệp phuc vu bưu chính":"Viettelpost CN Vĩnh Long","Điểm phục vụ bưu chính":"Bưu cục Bến Tre","Địa chỉ":"Số 62/E3, ấp Phú Thành, phường Phú Khương, tỉnh Vĩnh Long, Việt Nam","Số điện thoại":"346827313","Số giấy phép ĐKKD":"6","Số giấy phép bưu chính":"229/GP-BTTTT","Ngày bắt đầu hoạt động":"5/12/20 12:00:00 AM","Tình trạng hoạt động":"đang hoạt động","layer_id":167,"fid":631,"label":"Bưu cục Bến Tre"}},{"type":"Feature","geometry":{"type":"Point","coordinates":[106.381859,10.306024]},"properties":{"Doanh nghiệp phuc vu bưu chính":"Viettelpost CN Vĩnh Long","Điểm phục vụ bưu chính":"Bưu cục Giao Long","Địa chỉ":"ấp Phước Hoà, Xã Giao Long, Tỉnh Vĩnh Long","Số điện thoại":"336695914","Số giấy phép ĐKKD":"4","Số giấy phép bưu chính":"229/GP-BTTTT","Ngày bắt đầu hoạt động":"5/12/20 12:00:00 AM","Tình trạng hoạt động":"đang hoạt động","layer_id":167,"fid":632,"label":"Bưu cục Giao Long"}},{"type":"Feature","geometry":{"type":"Point","coordinates":[106.590188,10.048295]},"properties":{"Doanh nghiệp phuc vu bưu chính":"Viettelpost CN Vĩnh Long","Điểm phục vụ bưu chính":"Bưu cục Ba Tri","Địa chỉ":"Đường Đông Tây, Kp2, xã Ba Tri, Tỉnh Vĩnh Long","Số điện thoại":"336711993","Số giấy phép ĐKKD":"5","Số giấy phép bưu chính":"229/GP-BTTTT","Ngày bắt đầu hoạt động":"5/12/20 12:00:00 AM","Tình trạng hoạt động":"đang hoạt động","layer_id":167,"fid":633,"label":"Bưu cục Ba Tri"}},{"type":"Feature","geometry":{"type":"Point","coordinates":[106.332535,10.137458]},"properties":{"Doanh nghiệp phuc vu bưu chính":"Viettelpost CN Vĩnh Long","Điểm phục vụ bưu chính":"Bưu cục Mỏ Cày Nam","Địa chỉ":"ấp 7, xã Mỏ Cày, tỉnh Vĩnh Long","Số điện thoại":"367912510","Số giấy phép ĐKKD":"3","Số giấy phép bưu chính":"229/GP-BTTTT","Ngày bắt đầu hoạt động":"5/12/20 12:00:00 AM","Tình trạng hoạt động":"đang hoạt động","layer_id":167,"fid":634,"label":"Bưu cục Mỏ Cày Nam"}},{"type":"Feature","geometry":{"type":"Point","coordinates":[106.270569,10.181921]},"properties":{"Doanh nghiệp phuc vu bưu chính":"Viettelpost CN Vĩnh Long","Điểm phục vụ bưu chính":"Bưu cục Mỏ Cày Bắc","Địa chỉ":"ấp Thanh Hoà, xã Phước Mỹ Trung, tỉnh Vĩnh Long","Số điện thoại":"369099469","Số giấy phép ĐKKD":"12","Số giấy phép bưu chính":"229/GP-BTTTT","Ngày bắt đầu hoạt động":"5/12/20 12:00:00 AM","Tình trạng hoạt động":"đang hoạt động","layer_id":167,"fid":635,"label":"Bưu cục Mỏ Cày Bắc"}},{"type":"Feature","geometry":{"type":"Point","coordinates":[106.702174,10.168969]},"properties":{"Doanh nghiệp phuc vu bưu chính":"Viettelpost CN Vĩnh Long","Điểm phục vụ bưu chính":"Bưu cục Bình Đại","Địa chỉ":"TỔ 14 ẤP BÌNH THUẬN, XÃ BÌNH ĐẠI, VĨNH LONG","Số điện thoại":"387139279","Số giấy phép ĐKKD":"10","Số giấy phép bưu chính":"229/GP-BTTTT","Ngày bắt đầu hoạt động":"5/12/20 12:00:00 AM","Tình trạng hoạt động":"đang hoạt động","layer_id":167,"fid":636,"label":"Bưu cục Bình Đại"}},{"type":"Feature","geometry":{"type":"Point","coordinates":[106.488819,10.175362]},"properties":{"Doanh nghiệp phuc vu bưu chính":"Viettelpost CN Vĩnh Long","Điểm phục vụ bưu chính":"Bưu cục Giồng Trôm","Địa chỉ":"ấp Kinh Ngoài, Xã Giồng Trôm, Vĩnh Long","Số điện thoại":"392218138","Số giấy phép ĐKKD":"9","Số giấy phép bưu chính":"229/GP-BTTTT","Ngày bắt đầu hoạt động":"5/12/20 12:00:00 AM","Tình trạng hoạt động":"đang hoạt động","layer_id":167,"fid":637,"label":"Bưu cục Giồng Trôm"}},{"type":"Feature","geometry":{"type":"Point","coordinates":[106.12308,10.257064]},"properties":{"Doanh nghiệp phuc vu bưu chính":"Viettelpost CN Vĩnh Long","Điểm phục vụ bưu chính":"Bưu cục Chợ Lách","Địa chỉ":"ấp 1, Xã Chợ Lách, Tỉnh Vĩnh Long","Số điện thoại":"989088647","Số giấy phép ĐKKD":"7","Số giấy phép bưu chính":"229/GP-BTTTT","Ngày bắt đầu hoạt động":"5/12/20 12:00:00 AM","Tình trạng hoạt động":"đang hoạt động","layer_id":167,"fid":638,"label":"Bưu cục Chợ Lách"}},{"type":"Feature","geometry":{"type":"Point","coordinates":[106.352806,10.310934]},"properties":{"Doanh nghiệp phuc vu bưu chính":"Viettelpost CN Vĩnh Long","Điểm phục vụ bưu chính":"Bưu cục Châu Thành","Địa chỉ":"596 ấp An Phú, xã Phú Túc, Vĩnh Long","Số điện thoại":"357717713","Số giấy phép ĐKKD":"11","Số giấy phép bưu chính":"229/GP-BTTTT","Ngày bắt đầu hoạt động":"5/12/20 12:00:00 AM","Tình trạng hoạt động":"đang hoạt động","layer_id":167,"fid":639,"label":"Bưu cục Châu Thành"}},{"type":"Feature","geometry":{"type":"Point","coordinates":[106.521066,10.235511]},"properties":{"Doanh nghiệp phuc vu bưu chính":"Viettelpost CN Vĩnh Long","Điểm phục vụ bưu chính":"Bưu cục Thới Lai","Địa chỉ":"Ql 57B ấp Giồng Bông xã Châu Hưng","Số điện thoại":"353666578","Số giấy phép ĐKKD":"25","Số giấy phép bưu chính":"229/GP-BTTTT","Ngày bắt đầu hoạt động":"8/7/23 12:00:00 AM","Tình trạng hoạt động":"đang hoạt động","layer_id":167,"fid":640,"label":"Bưu cục Thới Lai"}},{"type":"Feature","geometry":{"type":"Point","coordinates":[106.218337,10.19625]},"properties":{"Doanh nghiệp phuc vu bưu chính":"Viettelpost CN Vĩnh Long","Điểm phục vụ bưu chính":"Bưu cục Vĩnh Thành","Địa chỉ":"654/32 ấp vĩnh chính xã vĩnh thành tỉnh vĩnh long","Số điện thoại":"348326157","Số giấy phép ĐKKD":"24","Số giấy phép bưu chính":"229/GP-BTTTT","Ngày bắt đầu hoạt động":"6/26/23 12:00:00 AM","Tình trạng hoạt động":"đang hoạt động","layer_id":167,"fid":641,"label":"Bưu cục Vĩnh Thành"}},{"type":"Feature","geometry":{"type":"Point","coordinates":[106.333824,10.274096]},"properties":{"Doanh nghiệp phuc vu bưu chính":"Viettelpost CN Vĩnh Long","Điểm phục vụ bưu chính":"Hub Bến Tre","Địa chỉ":"HUBBTE Khu phố 3, Phường Sơn Đông, Tỉnh Vĩnh Long","Số điện thoại":"963634730","Số giấy phép ĐKKD":"23","Số giấy phép bưu chính":"229/GP-BTTTT","Ngày bắt đầu hoạt động":"11/25/22 12:00:00 AM","Tình trạng hoạt động":"đang hoạt động","layer_id":167,"fid":642,"label":"Hub Bến Tre"}},{"type":"Feature","geometry":{"type":"Point","coordinates":[106.331414,9.927791]},"properties":{"Doanh nghiệp phuc vu bưu chính":"Viettelpost CN Vĩnh Long","Điểm phục vụ bưu chính":"Bưu cục Trà Vinh","Địa chỉ":"156 Nguyễn Đáng, Khóm 6, P Nguyệt Hóa, tỉnh Vĩnh Long","Số điện thoại":"333371111","Số giấy phép ĐKKD":"35","Số giấy phép bưu chính":"229/GP-BTTTT","Ngày bắt đầu hoạt động":"5/29/23 12:00:00 AM","Tình trạng hoạt động":"đang hoạt động","layer_id":167,"fid":643,"label":"Bưu cục Trà Vinh"}},{"type":"Feature","geometry":{"type":"Point","coordinates":[106.191547,9.813824]},"properties":{"Doanh nghiệp phuc vu bưu chính":"Viettelpost CN Vĩnh Long","Điểm phục vụ bưu chính":"Bưu cục Tiểu Cần","Địa chỉ":"TỔ 14 ẤP BÌNH THUẬN, XÃ BÌNH ĐẠI, VĨNH LONG","Số điện thoại":"394776425","Số giấy phép ĐKKD":"36","Số giấy phép bưu chính":"229/GP-BTTTT","Ngày bắt đầu hoạt động":"6/9/23 12:00:00 AM","Tình trạng hoạt động":"đang hoạt động","layer_id":167,"fid":644,"label":"Bưu cục Tiểu Cần"}},{"type":"Feature","geometry":{"type":"Point","coordinates":[106.061958,9.872171]},"properties":{"Doanh nghiệp phuc vu bưu chính":"Viettelpost CN Vĩnh Long","Điểm phục vụ bưu chính":"Bưu cục Cầu Kè","Địa chỉ":"số 86, ấp 1, xã Cầu Kè, tỉnh Vĩnh Long","Số điện thoại":"397737417","Số giấy phép ĐKKD":"32","Số giấy phép bưu chính":"229/GP-BTTTT","Ngày bắt đầu hoạt động":"5/29/23 12:00:00 AM","Tình trạng hoạt động":"đang hoạt động","layer_id":167,"fid":645,"label":"Bưu cục Cầu Kè"}},{"type":"Feature","geometry":{"type":"Point","coordinates":[106.452113,9.802066]},"properties":{"Doanh nghiệp phuc vu bưu chính":"Viettelpost CN Vĩnh Long","Điểm phục vụ bưu chính":"Bưu cục Cầu Ngang","Địa chỉ":"Đường 3/2, Khóm Mỹ Cẩm A, xã Cầu Ngang, tỉnh Vĩnh Long","Số điện thoại":"977787947","Số giấy phép ĐKKD":"31","Số giấy phép bưu chính":"229/GP-BTTTT","Ngày bắt đầu hoạt động":"5/29/23 12:00:00 AM","Tình trạng hoạt động":"đang hoạt động","layer_id":167,"fid":646,"label":"Bưu cục Cầu Ngang"}},{"type":"Feature","geometry":{"type":"Point","coordinates":[106.493799,9.631466]},"properties":{"Doanh nghiệp phuc vu bưu chính":"Viettelpost CN Vĩnh Long","Điểm phục vụ bưu chính":"Bưu cục Duyên Hải","Địa chỉ":"Số 125, Đường 3/2, Khóm 1, Phường Duyên Hải, Tỉnh Vĩnh Long","Số điện thoại":"969039038","Số giấy phép ĐKKD":"28","Số giấy phép bưu chính":"229/GP-BTTTT","Ngày bắt đầu hoạt động":"5/29/23 12:00:00 AM","Tình trạng hoạt động":"đang hoạt động","layer_id":167,"fid":647,"label":"Bưu cục Duyên Hải"}},{"type":"Feature","geometry":{"type":"Point","coordinates":[106.203807,9.989397]},"properties":{"Doanh nghiệp phuc vu bưu chính":"Viettelpost CN Vĩnh Long","Điểm phục vụ bưu chính":"Bưu cục Càng Long","Địa chỉ":"Số 400, QL53 Khóm 6, Xã Càng Long, Tỉnh Vĩnh Long","Số điện thoại":"988930357","Số giấy phép ĐKKD":"34","Số giấy phép bưu chính":"229/GP-BTTTT","Ngày bắt đầu hoạt động":"5/29/23 12:00:00 AM","Tình trạng hoạt động":"đang hoạt động","layer_id":167,"fid":648,"label":"Bưu cục Càng Long"}},{"type":"Feature","geometry":{"type":"Point","coordinates":[106.259494,9.690777]},"properties":{"Doanh nghiệp phuc vu bưu chính":"Viettelpost CN Vĩnh Long","Điểm phục vụ bưu chính":"Bưu cục Trà Cú","Địa chỉ":"Số 249, Đường 3/2 Ấp 4, xã Trà Cú, tỉnh Vĩnh Long","Số điện thoại":"963880093","Số giấy phép ĐKKD":"33","Số giấy phép bưu chính":"229/GP-BTTTT","Ngày bắt đầu hoạt động":"5/29/23 12:00:00 AM","Tình trạng hoạt động":"đang hoạt động","layer_id":167,"fid":649,"label":"Bưu cục Trà Cú"}},{"type":"Feature","geometry":{"type":"Point","coordinates":[106.347458,9.872059]},"properties":{"Doanh nghiệp phuc vu bưu chính":"Viettelpost CN Vĩnh Long","Điểm phục vụ bưu chính":"Bưu cục Châu Thành","Địa chỉ":"đường 2 tháng 9 khóm 2  Xã châu thành Vĩnh long","Số điện thoại":"335011000","Số giấy phép ĐKKD":"29","Số giấy phép bưu chính":"229/GP-BTTTT","Ngày bắt đầu hoạt động":"8/29/23 12:00:00 AM","Tình trạng hoạt động":"đang hoạt động","layer_id":167,"fid":650,"label":"Bưu cục Châu Thành"}},{"type":"Feature","geometry":{"type":"Point","coordinates":[106.340452,9.95655]},"properties":{"Doanh nghiệp phuc vu bưu chính":"Viettelpost CN Vĩnh Long","Điểm phục vụ bưu chính":"Bưu cục Hùng Vương","Địa chỉ":"48 phạm ngũ lão, P Long Đức, tỉnh Vĩnh Long","Số điện thoại":"983657669","Số giấy phép ĐKKD":"30","Số giấy phép bưu chính":"229/GP-BTTTT","Ngày bắt đầu hoạt động":"5/29/23 12:00:00 AM","Tình trạng hoạt động":"đang hoạt động","layer_id":167,"fid":651,"label":"Bưu cục Hùng Vương"}},{"type":"Feature","geometry":{"type":"Point","coordinates":[106.445555,9.608545]},"properties":{"Doanh nghiệp phuc vu bưu chính":"Viettelpost CN Vĩnh Long","Điểm phục vụ bưu chính":"Bưu cục Thị trấn Long Thành","Địa chỉ":"Khóm 3, Xã Long Thành, Tỉnh Vĩnh Long","Số điện thoại":"929390582","Số giấy phép ĐKKD":"38","Số giấy phép bưu chính":"229/GP-BTTTT","Ngày bắt đầu hoạt động":"8/30/23 12:00:00 AM","Tình trạng hoạt động":"đang hoạt động","layer_id":167,"fid":652,"label":"Bưu cục Thị trấn Long Thành"}},{"type":"Feature","geometry":{"type":"Point","coordinates":[106.350484,9.923945]},"properties":{"Doanh nghiệp phuc vu bưu chính":"Viettelpost CN Vĩnh Long","Điểm phục vụ bưu chính":"Hub Trà Vinh","Địa chỉ":"Số 109 Nguyễn Thiện Thành, Khóm 4, Phường Hòa Thuận, Tỉnh Vĩnh Long","Số điện thoại":"977227786","Số giấy phép ĐKKD":"37","Số giấy phép bưu chính":"229/GP-BTTTT","Ngày bắt đầu hoạt động":"6/9/23 12:00:00 AM","Tình trạng hoạt động":"đang hoạt động","layer_id":167,"fid":653,"label":"Hub Trà Vinh"}},{"type":"Feature","geometry":{"type":"Point","coordinates":[105.826849,10.059651]},"properties":{"Doanh nghiệp phuc vu bưu chính":"Viettelpost CN Vĩnh Long","Điểm phục vụ bưu chính":"Bưu cục Bình Minh","Địa chỉ":"Số 254A Lưu Nhơn Sâm, phường Đông Thành, tỉnh Vĩnh Long","Số điện thoại":"336365236","Số giấy phép ĐKKD":"19","Số giấy phép bưu chính":"229/GP-BTTTT","Ngày bắt đầu hoạt động":"4/18/19 12:00:00 AM","Tình trạng hoạt động":"đang hoạt động","layer_id":167,"fid":654,"label":"Bưu cục Bình Minh"}},{"type":"Feature","geometry":{"type":"Point","coordinates":[105.997932,10.305219]},"properties":{"Doanh nghiệp phuc vu bưu chính":"Viettelpost CN Vĩnh Long","Điểm phục vụ bưu chính":"Bưu cục Cù Lao An Bình","Địa chỉ":"Ấp Phú Thạnh 1, xã An Bình, tỉnh Vĩnh Long","Số điện thoại":"336079741","Số giấy phép ĐKKD":"26","Số giấy phép bưu chính":"229/GP-BTTTT","Ngày bắt đầu hoạt động":"12/27/23 12:00:00 AM","Tình trạng hoạt động":"đang hoạt động","layer_id":167,"fid":655,"label":"Bưu cục Cù Lao An Bình"}},{"type":"Feature","geometry":{"type":"Point","coordinates":[105.945319,10.208546]},"properties":{"Doanh nghiệp phuc vu bưu chính":"Viettelpost CN Vĩnh Long","Điểm phục vụ bưu chính":"Bưu cục Hòa Phú","Địa chỉ":"5A/1 ấp tân bình, Phường Tân Hạnh, Tỉnh Vĩnh Long","Số điện thoại":"396686812","Số giấy phép ĐKKD":"237","Số giấy phép bưu chính":"229/GP-BTTTT","Ngày bắt đầu hoạt động":"4/17/19 12:00:00 AM","Tình trạng hoạt động":"đang hoạt động","layer_id":167,"fid":656,"label":"Bưu cục Hòa Phú"}},{"type":"Feature","geometry":{"type":"Point","coordinates":[106.081451,10.17521]},"properties":{"Doanh nghiệp phuc vu bưu chính":"Viettelpost CN Vĩnh Long","Điểm phục vụ bưu chính":"Bưu cục Hựu Thành","Địa chỉ":"Số 20 tổ 8A, ấp Khu Phố, xã Vĩnh Xuân, tỉnh Vĩnh Long","Số điện thoại":"373293966","Số giấy phép ĐKKD":"27","Số giấy phép bưu chính":"229/GP-BTTTT","Ngày bắt đầu hoạt động":"5/31/24 12:00:00 AM","Tình trạng hoạt động":"đang hoạt động","layer_id":167,"fid":657,"label":"Bưu cục Hựu Thành"}},{"type":"Feature","geometry":{"type":"Point","coordinates":[106.10581,10.17521]},"properties":{"Doanh nghiệp phuc vu bưu chính":"Viettelpost CN Vĩnh Long","Điểm phục vụ bưu chính":"Bưu cục Mang Thít","Địa chỉ":"115 Nguyễn Trãi, khóm 1 xã Cái Nhum, tỉnh Vĩnh Long","Số điện thoại":"979873497","Số giấy phép ĐKKD":"23","Số giấy phép bưu chính":"229/GP-BTTTT","Ngày bắt đầu hoạt động":"1/4/22 12:00:00 AM","Tình trạng hoạt động":"đang hoạt động","layer_id":167,"fid":658,"label":"Bưu cục Mang Thít"}},{"type":"Feature","geometry":{"type":"Point","coordinates":[105.965486,10.238848]},"properties":{"Doanh nghiệp phuc vu bưu chính":"Viettelpost CN Vĩnh Long","Điểm phục vụ bưu chính":"Bưu cục Phường 3","Địa chỉ":"Đường Mậu Thân 2,Phường Phước Hậu, Vĩnh Long","Số điện thoại":"986080952","Số giấy phép ĐKKD":"22","Số giấy phép bưu chính":"229/GP-BTTTT","Ngày bắt đầu hoạt động":"11/12/20 12:00:00 AM","Tình trạng hoạt động":"đang hoạt động","layer_id":167,"fid":659,"label":"Bưu cục Phường 3"}},{"type":"Feature","geometry":{"type":"Point","coordinates":[105.902755,10.118634]},"properties":{"Doanh nghiệp phuc vu bưu chính":"Viettelpost CN Vĩnh Long","Điểm phục vụ bưu chính":"Bưu cục Song Phú","Địa chỉ":"Ấp Phú Ninh, xã Song Phú, tỉnh Vĩnh Long","Số điện thoại":"334112131","Số giấy phép ĐKKD":"3","Số giấy phép bưu chính":"229/GP-BTTTT","Ngày bắt đầu hoạt động":"4/17/19 12:00:00 AM","Tình trạng hoạt động":"đang hoạt động","layer_id":167,"fid":660,"label":"Bưu cục Song Phú"}},{"type":"Feature","geometry":{"type":"Point","coordinates":[105.994221,10.05702]},"properties":{"Doanh nghiệp phuc vu bưu chính":"Viettelpost CN Vĩnh Long","Điểm phục vụ bưu chính":"Bưu cục Tam Bình","Địa chỉ":"158A Võ Tấn Đức, Ấp 2, Xã Tam Bình, Vĩnh Long","Số điện thoại":"961382081","Số giấy phép ĐKKD":"236","Số giấy phép bưu chính":"229/GP-BTTTT","Ngày bắt đầu hoạt động":"4/17/20 12:00:00 AM","Tình trạng hoạt động":"đang hoạt động","layer_id":167,"fid":661,"label":"Bưu cục Tam Bình"}},{"type":"Feature","geometry":{"type":"Point","coordinates":[105.927979,9.969061]},"properties":{"Doanh nghiệp phuc vu bưu chính":"Viettelpost CN Vĩnh Long","Điểm phục vụ bưu chính":"Bưu cục Trà Ôn","Địa chỉ":"28/3 khu 6 , xã Trà Ôn, Tỉnh Vĩnh Long","Số điện thoại":"962674476","Số giấy phép ĐKKD":"9","Số giấy phép bưu chính":"229/GP-BTTTT","Ngày bắt đầu hoạt động":"4/17/21 12:00:00 AM","Tình trạng hoạt động":"đang hoạt động","layer_id":167,"fid":662,"label":"Bưu cục Trà Ôn"}},{"type":"Feature","geometry":{"type":"Point","coordinates":[105.98323,10.237771]},"properties":{"Doanh nghiệp phuc vu bưu chính":"Viettelpost CN Vĩnh Long","Điểm phục vụ bưu chính":"Bưu cục Vĩnh Long","Địa chỉ":"Phạm Thái Bường, Phường Phước Hậu","Số điện thoại":"982665592","Số giấy phép ĐKKD":"17","Số giấy phép bưu chính":"229/GP-BTTTT","Ngày bắt đầu hoạt động":"4/17/19 12:00:00 AM","Tình trạng hoạt động":"đang hoạt động","layer_id":167,"fid":663,"label":"Bưu cục Vĩnh Long"}},{"type":"Feature","geometry":{"type":"Point","coordinates":[106.185618,10.093146]},"properties":{"Doanh nghiệp phuc vu bưu chính":"Viettelpost CN Vĩnh Long","Điểm phục vụ bưu chính":"Bưu cục Vũng Liêm","Địa chỉ":"Đường số 4 khóm 2 xã Trung thành tỉnh Vĩnh Long","Số điện thoại":"335966968","Số giấy phép ĐKKD":"9","Số giấy phép bưu chính":"229/GP-BTTTT","Ngày bắt đầu hoạt động":"4/17/19 12:00:00 AM","Tình trạng hoạt động":"đang hoạt động","layer_id":167,"fid":664,"label":"Bưu cục Vũng Liêm"}},{"type":"Feature","geometry":{"type":"Point","coordinates":[105.760066,10.106436]},"properties":{"Doanh nghiệp phuc vu bưu chính":"Viettelpost CN Vĩnh Long","Điểm phục vụ bưu chính":"Bưu cục Bình Tân","Địa chỉ":"Tổ 19, khóm Thành Quới Xã Tân Quới, tỉnh Vĩnh Long","Số điện thoại":"964811911","Số giấy phép ĐKKD":"25","Số giấy phép bưu chính":"229/GP-BTTTT","Ngày bắt đầu hoạt động":"12/25/23 12:00:00 AM","Tình trạng hoạt động":"đang hoạt động","layer_id":167,"fid":665,"label":"Bưu cục Bình Tân"}},{"type":"Feature","geometry":{"type":"Point","coordinates":[105.8295655,10.07250599]},"properties":{"Doanh nghiệp phuc vu bưu chính":"Chi nhánh Vĩnh Long Công ty Cổ phần Dịch vụ Chuyển Phát Nhanh Phương Trang FUTA","Điểm phục vụ bưu chính":"BƯU CỤC BÌNH MINH","Địa chỉ":"Ấp Thuận Tiến B, Phường Bình Minh, Tỉnh Vĩnh Long","Số điện thoại":"945423745","Số giấy phép ĐKKD":"28","Số giấy phép bưu chính":"602/GP-BTTTT","Ngày bắt đầu hoạt động":"8/19/14 12:00:00 AM","Tình trạng hoạt động":"Đang hoạt động","layer_id":167,"fid":666,"label":"BƯU CỤC BÌNH MINH"}},{"type":"Feature","geometry":{"type":"Point","coordinates":[105.9556493,10.23173792]},"properties":{"Doanh nghiệp phuc vu bưu chính":"Chi nhánh Vĩnh Long Công ty Cổ phần Dịch vụ Chuyển Phát Nhanh Phương Trang FUTA","Điểm phục vụ bưu chính":"BƯU CỤC BX VĨNH LONG","Địa chỉ":"Số 1E Đinh Tiên Hoàng, Phường Tân Hạnh, Tỉnh Vĩnh Long","Số điện thoại":"945423745","Số giấy phép ĐKKD":"0311755130-007","Số giấy phép bưu chính":"602/GP-BTTTT","Ngày bắt đầu hoạt động":"11/30/12 12:00:00 AM","Tình trạng hoạt động":"Đang hoạt động","layer_id":167,"fid":667,"label":"BƯU CỤC BX VĨNH LONG"}},{"type":"Feature","geometry":{"type":"Point","coordinates":[105.9015032,10.11767147]},"properties":{"Doanh nghiệp phuc vu bưu chính":"Chi nhánh Vĩnh Long Công ty Cổ phần Dịch vụ Chuyển Phát Nhanh Phương Trang FUTA","Điểm phục vụ bưu chính":"BƯU CỤC SONG PHÚ","Địa chỉ":"Lô A27-29, Song Phú Mới, Ấp Phú Ninh, Xã Song Phú, Tỉnh Vĩnh Long","Số điện thoại":"945423745","Số giấy phép ĐKKD":"64","Số giấy phép bưu chính":"602/GP-BTTTT","Ngày bắt đầu hoạt động":"7/20/16 12:00:00 AM","Tình trạng hoạt động":"Đang hoạt động","layer_id":167,"fid":668,"label":"BƯU CỤC SONG PHÚ"}},{"type":"Feature","geometry":{"type":"Point","coordinates":[105.924859,9.9707783]},"properties":{"Doanh nghiệp phuc vu bưu chính":"Chi nhánh Vĩnh Long Công ty Cổ phần Dịch vụ Chuyển Phát Nhanh Phương Trang FUTA","Điểm phục vụ bưu chính":"BƯU CỤC TRÀ ÔN","Địa chỉ":"Bến xe Trà Ôn, Tổ 6, Khu 7, Xã Trà Ôn, Tỉnh Vĩnh Long","Số điện thoại":"945423745","Số giấy phép ĐKKD":"1","Số giấy phép bưu chính":"602/GP-BTTTT","Ngày bắt đầu hoạt động":"12/15/23 12:00:00 AM","Tình trạng hoạt động":"Đang hoạt động","layer_id":167,"fid":669,"label":"BƯU CỤC TRÀ ÔN"}},{"type":"Feature","geometry":{"type":"Point","coordinates":[106.1821753,10.09391429]},"properties":{"Doanh nghiệp phuc vu bưu chính":"Chi nhánh Vĩnh Long Công ty Cổ phần Dịch vụ Chuyển Phát Nhanh Phương Trang FUTA","Điểm phục vụ bưu chính":"BƯU CỤC VŨNG LIÊM - VĨNH LONG","Địa chỉ":"Bến xe Vũng Liêm, Tỉnh lộ 902, Xã Trung Thành, Tỉnh Vĩnh Long","Số điện thoại":"945423745","Số giấy phép ĐKKD":"2","Số giấy phép bưu chính":"602/GP-BTTTT","Ngày bắt đầu hoạt động":"5/18/25 12:00:00 AM","Tình trạng hoạt động":"Đang hoạt động","layer_id":167,"fid":670,"label":"BƯU CỤC VŨNG LIÊM - VĨNH LONG"}},{"type":"Feature","geometry":{"type":"Point","coordinates":[105.9749133,10.25331809]},"properties":{"Doanh nghiệp phuc vu bưu chính":"Chi nhánh Vĩnh Long Công ty Cổ phần Dịch vụ Chuyển Phát Nhanh Phương Trang FUTA","Điểm phục vụ bưu chính":"BƯU CỤC 33C NGUYỄN THỊ MINH KHAI - VĨNH LONG","Địa chỉ":"33C Nguyễn Thị Minh Khai, Phường Long Châu, Tỉnh Vĩnh Long","Số điện thoại":"945423745","Số giấy phép ĐKKD":"3","Số giấy phép bưu chính":"602/GP-BTTTT","Ngày bắt đầu hoạt động":"5/26/25 12:00:00 AM","Tình trạng hoạt động":"Đang hoạt động","layer_id":167,"fid":671,"label":"BƯU CỤC 33C NGUYỄN THỊ MINH KHAI - VĨNH LONG"}},{"type":"Feature","geometry":{"type":"Point","coordinates":[106.0075217,10.19725593]},"properties":{"Doanh nghiệp phuc vu bưu chính":"Chi nhánh Vĩnh Long Công ty Cổ phần Dịch vụ Chuyển Phát Nhanh Phương Trang FUTA","Điểm phục vụ bưu chính":"PGD LONG HỒ - VĨNH LONG","Địa chỉ":"Ấp An Phú A, Xã Long Hồ, Tỉnh Vĩnh Long","Số điện thoại":"945423745","Số giấy phép ĐKKD":"4","Số giấy phép bưu chính":"602/GP-BTTTT","Ngày bắt đầu hoạt động":"9/30/25 12:00:00 AM","Tình trạng hoạt động":"Đang hoạt động","layer_id":167,"fid":672,"label":"PGD LONG HỒ - VĨNH LONG"}},{"type":"Feature","geometry":{"type":"Point","coordinates":[106.3595081,10.25627204]},"properties":{"Doanh nghiệp phuc vu bưu chính":"Chi nhánh Bến Tre Công ty Cổ phần Dịch vụ Chuyển Phát Nhanh Phương Trang FUTA","Điểm phục vụ bưu chính":"BƯU CỤC BẾN TRE","Địa chỉ":"Đường Võ Nguyên Giáp, Ấp 1, Phường Sơn Đông, Tỉnh Vĩnh Long","Số điện thoại":"377315711","Số giấy phép ĐKKD":"0311755130-024","Số giấy phép bưu chính":"602/GP-BTTTT","Ngày bắt đầu hoạt động":"5/16/17 12:00:00 AM","Tình trạng hoạt động":"Đang hoạt động","layer_id":167,"fid":673,"label":"BƯU CỤC BẾN TRE"}},{"type":"Feature","geometry":{"type":"Point","coordinates":[106.5149923,9.946313879]},"properties":{"Doanh nghiệp phuc vu bưu chính":"Chi nhánh Bến Tre Công ty Cổ phần Dịch vụ Chuyển Phát Nhanh Phương Trang FUTA","Điểm phục vụ bưu chính":"PGD THẠNH PHÚ","Địa chỉ":"Ấp Thạnh Hòa B, Xã Thạnh Phú, Tỉnh Vĩnh Long","Số điện thoại":"377315711","Số giấy phép ĐKKD":"3","Số giấy phép bưu chính":"602/GP-BTTTT","Ngày bắt đầu hoạt động":"2/21/25 12:00:00 AM","Tình trạng hoạt động":"Đang hoạt động","layer_id":167,"fid":674,"label":"PGD THẠNH PHÚ"}},{"type":"Feature","geometry":{"type":"Point","coordinates":[106.3324712,10.13825076]},"properties":{"Doanh nghiệp phuc vu bưu chính":"Chi nhánh Bến Tre Công ty Cổ phần Dịch vụ Chuyển Phát Nhanh Phương Trang FUTA","Điểm phục vụ bưu chính":"PGD MỎ CÀY","Địa chỉ":"89C Quốc Lộ 60, Khu phố 7, Xã Mỏ Cày, Tỉnh Vĩnh Long","Số điện thoại":"377315711","Số giấy phép ĐKKD":"2","Số giấy phép bưu chính":"602/GP-BTTTT","Ngày bắt đầu hoạt động":"3/28/25 12:00:00 AM","Tình trạng hoạt động":"Đang hoạt động","layer_id":167,"fid":675,"label":"PGD MỎ CÀY"}},{"type":"Feature","geometry":{"type":"Point","coordinates":[106.582158,10.047897]},"properties":{"Doanh nghiệp phuc vu bưu chính":"Chi nhánh Bến Tre Công ty Cổ phần Dịch vụ Chuyển Phát Nhanh Phương Trang FUTA","Điểm phục vụ bưu chính":"PGD BA TRI","Địa chỉ":"Ấp 2, Xã Ba Tri, Tỉnh Vĩnh Long","Số điện thoại":"377315711","Số giấy phép ĐKKD":"6","Số giấy phép bưu chính":"602/GP-BTTTT","Ngày bắt đầu hoạt động":"8/2/25 12:00:00 AM","Tình trạng hoạt động":"Đang hoạt động","layer_id":167,"fid":676,"label":"PGD BA TRI"}},{"type":"Feature","geometry":{"type":"Point","coordinates":[106.523194,10.146514]},"properties":{"Doanh nghiệp phuc vu bưu chính":"Chi nhánh Bến Tre Công ty Cổ phần Dịch vụ Chuyển Phát Nhanh Phương Trang FUTA","Điểm phục vụ bưu chính":"PGD GIỒNG TRÔM","Địa chỉ":"177 Kinh Ngoài, Xã Giồng Trôm, Tỉnh Vĩnh Long","Số điện thoại":"377315711","Số giấy phép ĐKKD":"5","Số giấy phép bưu chính":"602/GP-BTTTT","Ngày bắt đầu hoạt động":"9/6/25 12:00:00 AM","Tình trạng hoạt động":"Đang hoạt động","layer_id":167,"fid":677,"label":"PGD GIỒNG TRÔM"}},{"type":"Feature","geometry":{"type":"Point","coordinates":[106.3433098,9.897850255]},"properties":{"Doanh nghiệp phuc vu bưu chính":"Chi nhánh Trà Vinh Công ty Cổ phần Dịch vụ Chuyển Phát Nhanh Phương Trang FUTA","Điểm phục vụ bưu chính":"BƯU CỤC BẾN XE TRÀ VINH","Địa chỉ":"Số 559, QL54, Khóm 4, Phường Trà Vinh, Tỉnh Vĩnh Long","Số điện thoại":"974944074","Số giấy phép ĐKKD":"0311755130-022","Số giấy phép bưu chính":"602/GP-BTTTT","Ngày bắt đầu hoạt động":"11/21/15 12:00:00 AM","Tình trạng hoạt động":"Ngưng hoạt động","layer_id":167,"fid":678,"label":"BƯU CỤC BẾN XE TRÀ VINH"}},{"type":"Feature","geometry":{"type":"Point","coordinates":[106.3272191,9.924411129]},"properties":{"Doanh nghiệp phuc vu bưu chính":"Chi nhánh Trà Vinh Công ty Cổ phần Dịch vụ Chuyển Phát Nhanh Phương Trang FUTA","Điểm phục vụ bưu chính":"BƯU CỤC TRÀ VINH","Địa chỉ":"400 Võ Nguyên Giáp, Khóm 9, Phường Nguyệt Hoá, Tỉnh Vĩnh Long","Số điện thoại":"974944074","Số giấy phép ĐKKD":"1","Số giấy phép bưu chính":"602/GP-BTTTT","Ngày bắt đầu hoạt động":"10/27/16 12:00:00 AM","Tình trạng hoạt động":"Đang hoạt động","layer_id":167,"fid":679,"label":"BƯU CỤC TRÀ VINH"}},{"type":"Feature","geometry":{"type":"Point","coordinates":[106.2462275,9.958969227]},"properties":{"Doanh nghiệp phuc vu bưu chính":"Chi nhánh Trà Vinh Công ty Cổ phần Dịch vụ Chuyển Phát Nhanh Phương Trang FUTA","Điểm phục vụ bưu chính":"BƯU CỤC BÌNH PHÚ","Địa chỉ":"QL 53, Ấp Nguyệt Lãng A, Xã Bình Phú, Tỉnh Vĩnh Long","Số điện thoại":"974944074","Số giấy phép ĐKKD":"2","Số giấy phép bưu chính":"602/GP-BTTTT","Ngày bắt đầu hoạt động":"5/22/17 12:00:00 AM","Tình trạng hoạt động":"Đang hoạt động","layer_id":167,"fid":680,"label":"BƯU CỤC BÌNH PHÚ"}},{"type":"Feature","geometry":{"type":"Point","coordinates":[106.4939157,9.634740213]},"properties":{"Doanh nghiệp phuc vu bưu chính":"Chi nhánh Trà Vinh Công ty Cổ phần Dịch vụ Chuyển Phát Nhanh Phương Trang FUTA","Điểm phục vụ bưu chính":"BƯU CỤC BX DUYÊN HẢI","Địa chỉ":"Đường 19/5, Khóm 1, Phường Duyên Hải, Tỉnh Vĩnh Long","Số điện thoại":"974944074","Số giấy phép ĐKKD":"4","Số giấy phép bưu chính":"602/GP-BTTTT","Ngày bắt đầu hoạt động":"8/28/24 12:00:00 AM","Tình trạng hoạt động":"Đang hoạt động","layer_id":167,"fid":681,"label":"BƯU CỤC BX DUYÊN HẢI"}},{"type":"Feature","geometry":{"type":"Point","coordinates":[106.4518272,9.798407404]},"properties":{"Doanh nghiệp phuc vu bưu chính":"Chi nhánh Trà Vinh Công ty Cổ phần Dịch vụ Chuyển Phát Nhanh Phương Trang FUTA","Điểm phục vụ bưu chính":"PGD CẦU NGANG - TRÀ VINH","Địa chỉ":"Số 25 Nguyễn Thiện Thành, Khóm Mỹ Cẩm A, Xã Cầu Ngang, Tỉnh Vĩnh Long","Số điện thoại":"974944074","Số giấy phép ĐKKD":"5","Số giấy phép bưu chính":"602/GP-BTTTT","Ngày bắt đầu hoạt động":"8/29/24 12:00:00 AM","Tình trạng hoạt động":"Đang hoạt động","layer_id":167,"fid":682,"label":"PGD CẦU NGANG - TRÀ VINH"}},{"type":"Feature","geometry":{"type":"Point","coordinates":[106.061482,9.870340161]},"properties":{"Doanh nghiệp phuc vu bưu chính":"Chi nhánh Trà Vinh Công ty Cổ phần Dịch vụ Chuyển Phát Nhanh Phương Trang FUTA","Điểm phục vụ bưu chính":"PGD CẦU KÈ - TRÀ VINH","Địa chỉ":"Đường 30/04, Khóm 5, Xã Cầu Kè, Tỉnh Vĩnh Long","Số điện thoại":"974944074","Số giấy phép ĐKKD":"6","Số giấy phép bưu chính":"602/GP-BTTTT","Ngày bắt đầu hoạt động":"6/8/25 12:00:00 AM","Tình trạng hoạt động":"Đang hoạt động","layer_id":167,"fid":683,"label":"PGD CẦU KÈ - TRÀ VINH"}},{"type":"Feature","geometry":{"type":"Point","coordinates":[106.1828377,9.805263682]},"properties":{"Doanh nghiệp phuc vu bưu chính":"Chi nhánh Trà Vinh Công ty Cổ phần Dịch vụ Chuyển Phát Nhanh Phương Trang FUTA","Điểm phục vụ bưu chính":"PGD TIỂU CẦN - TRÀ VINH","Địa chỉ":"Ấp Đại Mong, Xã Tiểu Cần, Tỉnh Vĩnh Long","Số điện thoại":"974944074","Số giấy phép ĐKKD":"7","Số giấy phép bưu chính":"602/GP-BTTTT","Ngày bắt đầu hoạt động":"8/8/25 12:00:00 AM","Tình trạng hoạt động":"Đang hoạt động","layer_id":167,"fid":684,"label":"PGD TIỂU CẦN - TRÀ VINH"}},{"type":"Feature","geometry":{"type":"Point","coordinates":[106.36033,10.25712255]},"properties":{"Doanh nghiệp phuc vu bưu chính":"Công ty Cổ phần Vận tải Sài Gòn Chi Nhánh Vĩnh Long","Điểm phục vụ bưu chính":"Bưu cục Vĩnh Long","Địa chỉ":"559 Võ Nguyên Giáp, Ấp 1, Phường Sơn Đông, tỉnh Vĩnh Long\n","Số điện thoại":"2703831980","Số giấy phép ĐKKD":"0302313961-001","Số giấy phép bưu chính":"241/GP-BTTTT","Ngày bắt đầu hoạt động":"6/25/01 12:00:00 AM","Tình trạng hoạt động":"đang hoạt động","layer_id":167,"fid":685,"label":"Bưu cục Vĩnh Long"}},{"type":"Feature","geometry":{"type":"Point","coordinates":[105.9509455,10.24356126]},"properties":{"Doanh nghiệp phuc vu bưu chính":"Công ty Cổ phần Vận tải Sài Gòn Chi Nhánh Vĩnh Long","Điểm phục vụ bưu chính":"Bưu cục Bến Tre","Địa chỉ":"17D Phan Văn Đáng, Khóm 1, PTân Hạnh, Vĩnh Long","Số điện thoại":"753512135","Số giấy phép ĐKKD":"0302313961-014","Số giấy phép bưu chính":"241/GP-BTTTT","Ngày bắt đầu hoạt động":"12/6/11 12:00:00 AM","Tình trạng hoạt động":"đang hoạt động","layer_id":167,"fid":686,"label":"Bưu cục Bến Tre"}},{"type":"Feature","geometry":{"type":"Point","coordinates":[106.329607,9.926095123]},"properties":{"Doanh nghiệp phuc vu bưu chính":"Công ty Cổ phần Vận tải Sài Gòn Chi Nhánh Vĩnh Long","Điểm phục vụ bưu chính":"Bưu cục Trà Vinh","Địa chỉ":"16A Võ Nguyên Giáp, Khóm 9, PNguyệt Hóa, tỉnh Vĩnh Long","Số điện thoại":"2943863386","Số giấy phép ĐKKD":"0302313961-018","Số giấy phép bưu chính":"241/GP-BTTTT","Ngày bắt đầu hoạt động":"6/9/16 12:00:00 AM","Tình trạng hoạt động":"đang hoạt động","layer_id":167,"fid":687,"label":"Bưu cục Trà Vinh"}},{"type":"Feature","geometry":{"type":"Point","coordinates":[105.982539,10.045765]},"properties":{"Doanh nghiệp phuc vu bưu chính":"Công ty TNHH Một thành viên chuyển phát nhanh Thuận Phong - Chi nhánh Cần Thơ","Điểm phục vụ bưu chính":"Địa điểm kinh doanh Tam Bình","Địa chỉ":"Tổ 9, Ấp Mỹ Phú 4, Xã Mỹ Thạnh Trung","Số điện thoại":"766916491","Số giấy phép ĐKKD":"203","Số giấy phép bưu chính":null,"Ngày bắt đầu hoạt động":"4/16/25 12:00:00 AM","Tình trạng hoạt động":"đang hoạt động","layer_id":167,"fid":688,"label":"Địa điểm kinh doanh Tam Bình"}},{"type":"Feature","geometry":{"type":"Point","coordinates":[105.8012625,10.06044929]},"properties":{"Doanh nghiệp phuc vu bưu chính":"Công ty TNHH Một thành viên chuyển phát nhanh Thuận Phong - Chi nhánh Cần Thơ","Điểm phục vụ bưu chính":"Địa điểm kinh doanh Bình Minh","Địa chỉ":"số 361 Nguyễn Văn Thảnh, khóm 5, phường Cái Vồn","Số điện thoại":"778020196","Số giấy phép ĐKKD":"194","Số giấy phép bưu chính":null,"Ngày bắt đầu hoạt động":"6/7/24 12:00:00 AM","Tình trạng hoạt động":"đang hoạt động","layer_id":167,"fid":689,"label":"Địa điểm kinh doanh Bình Minh"}},{"type":"Feature","geometry":{"type":"Point","coordinates":[105.829551,10.039645]},"properties":{"Doanh nghiệp phuc vu bưu chính":"Công ty TNHH Một thành viên chuyển phát nhanh Thuận Phong - Chi nhánh Cần Thơ","Điểm phục vụ bưu chính":"Địa điểm kinh doanh Bình Minh 2","Địa chỉ":"Số 36, Lô B2 khu nhà TM-DV Bình Minh, Khóm Mỹ Lợi, Phường Cái Vồn, Tỉnh\nVĩnh Long","Số điện thoại":"778020196","Số giấy phép ĐKKD":"272","Số giấy phép bưu chính":null,"Ngày bắt đầu hoạt động":"9/30/25 12:00:00 AM","Tình trạng hoạt động":"đang hoạt động","layer_id":167,"fid":690,"label":"Địa điểm kinh doanh Bình Minh 2"}},{"type":"Feature","geometry":{"type":"Point","coordinates":[105.75121,10.104932]},"properties":{"Doanh nghiệp phuc vu bưu chính":"Công ty TNHH Một thành viên chuyển phát nhanh Thuận Phong - Chi nhánh Cần Thơ","Điểm phục vụ bưu chính":"Địa điểm kinh doanh Bình Tân","Địa chỉ":"Tổ 13, Khóm Tân Thuận, xã Tân Quới\n","Số điện thoại":"796815810","Số giấy phép ĐKKD":"200","Số giấy phép bưu chính":null,"Ngày bắt đầu hoạt động":"1/5/24 12:00:00 AM","Tình trạng hoạt động":"đang hoạt động","layer_id":167,"fid":691,"label":"Địa điểm kinh doanh Bình Tân"}},{"type":"Feature","geometry":{"type":"Point","coordinates":[105.9328174,10.17566077]},"properties":{"Doanh nghiệp phuc vu bưu chính":"Công ty TNHH Một thành viên chuyển phát nhanh Thuận Phong - Chi nhánh Cần Thơ","Điểm phục vụ bưu chính":"Địa điểm kinh doanh Long Hồ","Địa chỉ":"Số 89/11 Ấp Phước Hòa, Xã Hòa Phú, Huyện Long Hồ, Tỉnh Vĩnh Long (nay là )","Số điện thoại":"375937514","Số giấy phép ĐKKD":"201","Số giấy phép bưu chính":null,"Ngày bắt đầu hoạt động":"6/7/24 12:00:00 AM","Tình trạng hoạt động":"đang hoạt động","layer_id":167,"fid":692,"label":"Địa điểm kinh doanh Long Hồ"}},{"type":"Feature","geometry":{"type":"Point","coordinates":[106.105888,10.17514]},"properties":{"Doanh nghiệp phuc vu bưu chính":"Công ty TNHH Một thành viên chuyển phát nhanh Thuận Phong - Chi nhánh Cần Thơ","Điểm phục vụ bưu chính":"Địa điểm kinh doanh Mang Thít","Địa chỉ":"Đường 30/4, Khóm 2, xã Cái Nhum","Số điện thoại":"786739679","Số giấy phép ĐKKD":"202","Số giấy phép bưu chính":null,"Ngày bắt đầu hoạt động":"6/28/23 12:00:00 AM","Tình trạng hoạt động":"đang hoạt động","layer_id":167,"fid":693,"label":"Địa điểm kinh doanh Mang Thít"}},{"type":"Feature","geometry":{"type":"Point","coordinates":[105.993756,10.209454]},"properties":{"Doanh nghiệp phuc vu bưu chính":"Công ty TNHH Một thành viên chuyển phát nhanh Thuận Phong - Chi nhánh Cần Thơ","Điểm phục vụ bưu chính":"Địa điểm kinh doanh Quốc lộ 53","Địa chỉ":"Đường D1, Áp Long Thuận B, Xã Long Hồ, Tinh Vĩnh Long","Số điện thoại":"932932131","Số giấy phép ĐKKD":"204","Số giấy phép bưu chính":null,"Ngày bắt đầu hoạt động":"9/8/25 12:00:00 AM","Tình trạng hoạt động":"đang hoạt động","layer_id":167,"fid":694,"label":"Địa điểm kinh doanh Quốc lộ 53"}},{"type":"Feature","geometry":{"type":"Point","coordinates":[105.958833,10.244694]},"properties":{"Doanh nghiệp phuc vu bưu chính":"Công ty TNHH Một thành viên chuyển phát nhanh Thuận Phong - Chi nhánh Cần Thơ","Điểm phục vụ bưu chính":"Địa điểm kinh doanh TP Vĩnh Long","Địa chỉ":"Số 109/01-109/02 Đường Nguyễn Huệ, Khỏm 5, Phường Long Châu, Tinh Vĩnh Long","Số điện thoại":"888831307","Số giấy phép ĐKKD":"197","Số giấy phép bưu chính":null,"Ngày bắt đầu hoạt động":"11/7/24 12:00:00 AM","Tình trạng hoạt động":"đang hoạt động","layer_id":167,"fid":695,"label":"Địa điểm kinh doanh TP Vĩnh Long"}},{"type":"Feature","geometry":{"type":"Point","coordinates":[105.9359,9.96626]},"properties":{"Doanh nghiệp phuc vu bưu chính":"Công ty TNHH Một thành viên chuyển phát nhanh Thuận Phong - Chi nhánh Cần Thơ","Điểm phục vụ bưu chính":"Địa điểm kinh doanh Trà Ôn","Địa chỉ":"quốc Lộ 54 ấp Giồng Thanh Bạch, xã Trà Ôn, tỉnh Vĩnh Long","Số điện thoại":"399073881","Số giấy phép ĐKKD":"196","Số giấy phép bưu chính":null,"Ngày bắt đầu hoạt động":"5/6/25 12:00:00 AM","Tình trạng hoạt động":"đang hoạt động","layer_id":167,"fid":696,"label":"Địa điểm kinh doanh Trà Ôn"}},{"type":"Feature","geometry":{"type":"Point","coordinates":[105.9405133,10.25393147]},"properties":{"Doanh nghiệp phuc vu bưu chính":"Công ty TNHH Một thành viên chuyển phát nhanh Thuận Phong - Chi nhánh Cần Thơ","Điểm phục vụ bưu chính":"Địa điểm kinh doanh Trường An","Địa chỉ":"Số 176/2A Đường Phan Văn Đáng, Tổ 88, Khóm 3, Phường Long Châu, Tinh Vĩnh\nLong","Số điện thoại":"969016486","Số giấy phép ĐKKD":"199","Số giấy phép bưu chính":null,"Ngày bắt đầu hoạt động":"7/22/25 12:00:00 AM","Tình trạng hoạt động":"đang hoạt động","layer_id":167,"fid":697,"label":"Địa điểm kinh doanh Trường An"}},{"type":"Feature","geometry":{"type":"Point","coordinates":[106.17787,10.08193]},"properties":{"Doanh nghiệp phuc vu bưu chính":"Công ty TNHH Một thành viên chuyển phát nhanh Thuận Phong - Chi nhánh Cần Thơ","Điểm phục vụ bưu chính":"Địa điểm kinh doanh Vũng Liêm","Địa chỉ":"Tổ 1, Ấp Xuân Minh 1, Xã Trung Thành, Huyện Vũng Liêm, Tỉnh Vĩnh Long","Số điện thoại":"786739679","Số giấy phép ĐKKD":"199","Số giấy phép bưu chính":null,"Ngày bắt đầu hoạt động":"8/27/24 12:00:00 AM","Tình trạng hoạt động":"đang hoạt động","layer_id":167,"fid":698,"label":"Địa điểm kinh doanh Vũng Liêm"}},{"type":"Feature","geometry":{"type":"Point","coordinates":[105.8744951,10.0939479]},"properties":{"Doanh nghiệp phuc vu bưu chính":"Công ty TNHH Một thành viên chuyển phát nhanh Thuận Phong - Chi nhánh Cần Thơ","Điểm phục vụ bưu chính":"Địa điểm kinh doanh TTTC Vĩnh Long 1","Địa chỉ":"Kho số 41, Tổ 2, Ấp Phủ Mỹ, Xã Song Phú, Tinh Vĩnh Long","Số điện thoại":"772806765","Số giấy phép ĐKKD":"270","Số giấy phép bưu chính":null,"Ngày bắt đầu hoạt động":"9/10/25 12:00:00 AM","Tình trạng hoạt động":"đang hoạt động","layer_id":167,"fid":699,"label":"Địa điểm kinh doanh TTTC Vĩnh Long 1"}},{"type":"Feature","geometry":{"type":"Point","coordinates":[105.8456872,10.0776208]},"properties":{"Doanh nghiệp phuc vu bưu chính":"Công ty TNHH Một thành viên chuyển phát nhanh Thuận Phong - Chi nhánh Cần Thơ","Điểm phục vụ bưu chính":"Địa điểm kinh doanh TTTC Vĩnh Long","Địa chỉ":"Tổ 15, Áp Thuận Tiến B, Phường Bình Minh, Tỉnh Vĩnh Long","Số điện thoại":"772806765","Số giấy phép ĐKKD":"236","Số giấy phép bưu chính":null,"Ngày bắt đầu hoạt động":"11/20/23 12:00:00 AM","Tình trạng hoạt động":"đang hoạt động","layer_id":167,"fid":700,"label":"Địa điểm kinh doanh TTTC Vĩnh Long"}},{"type":"Feature","geometry":{"type":"Point","coordinates":[106.47792,9.729338]},"properties":{"Doanh nghiệp phuc vu bưu chính":"Công ty TNHH Một thành viên chuyển phát nhanh Thuận Phong - Chi nhánh Cần Thơ","Điểm phục vụ bưu chính":"Địa điểm kinh doanh Cầu Ngang 2","Địa chỉ":"Ấp Giồng Dài, Xã Cầu Ngang\n","Số điện thoại":"969775264","Số giấy phép ĐKKD":"261","Số giấy phép bưu chính":null,"Ngày bắt đầu hoạt động":"3/21/25 12:00:00 AM","Tình trạng hoạt động":"đang hoạt động","layer_id":167,"fid":701,"label":"Địa điểm kinh doanh Cầu Ngang 2"}},{"type":"Feature","geometry":{"type":"Point","coordinates":[106.201162,9.987247]},"properties":{"Doanh nghiệp phuc vu bưu chính":"Công ty TNHH Một thành viên chuyển phát nhanh Thuận Phong - Chi nhánh Cần Thơ","Điểm phục vụ bưu chính":"Địa điểm kinh doanh Càng Long","Địa chỉ":"Số 255 Huỳnh Văn Ngò, Khóm 6, xã Càng Long","Số điện thoại":"338348968","Số giấy phép ĐKKD":"172","Số giấy phép bưu chính":null,"Ngày bắt đầu hoạt động":"10/7/24 12:00:00 AM","Tình trạng hoạt động":"đang hoạt động","layer_id":167,"fid":702,"label":"Địa điểm kinh doanh Càng Long"}},{"type":"Feature","geometry":{"type":"Point","coordinates":[106.061181,9.877036]},"properties":{"Doanh nghiệp phuc vu bưu chính":"Công ty TNHH Một thành viên chuyển phát nhanh Thuận Phong - Chi nhánh Cần Thơ","Điểm phục vụ bưu chính":"Địa điểm kinh doanh Cầu Kè","Địa chỉ":"Khóm 2, xã Cầu Kè","Số điện thoại":"386944786","Số giấy phép ĐKKD":"169","Số giấy phép bưu chính":null,"Ngày bắt đầu hoạt động":"11/21/24 12:00:00 AM","Tình trạng hoạt động":"đang hoạt động","layer_id":167,"fid":703,"label":"Địa điểm kinh doanh Cầu Kè"}},{"type":"Feature","geometry":{"type":"Point","coordinates":[106.454023,9.807945]},"properties":{"Doanh nghiệp phuc vu bưu chính":"Công ty TNHH Một thành viên chuyển phát nhanh Thuận Phong - Chi nhánh Cần Thơ","Điểm phục vụ bưu chính":"Địa điểm kinh doanh Cầu Ngang","Địa chỉ":"Số 60, đường 3/2, Ấp Mỹ Cẩm A, Xã Cầu Ngang, Tỉnh Vĩnh Long","Số điện thoại":"339167260","Số giấy phép ĐKKD":"174","Số giấy phép bưu chính":null,"Ngày bắt đầu hoạt động":"1/3/24 12:00:00 AM","Tình trạng hoạt động":"đang hoạt động","layer_id":167,"fid":704,"label":"Địa điểm kinh doanh Cầu Ngang"}},{"type":"Feature","geometry":{"type":"Point","coordinates":[106.347696,9.869636]},"properties":{"Doanh nghiệp phuc vu bưu chính":"Công ty TNHH Một thành viên chuyển phát nhanh Thuận Phong - Chi nhánh Cần Thơ","Điểm phục vụ bưu chính":"Địa điểm kinh doanh Châu Thành","Địa chỉ":"Số 340, Quốc lộ 54, Khóm 5, Xã Châu Thành, Tinh Vĩnh Long","Số điện thoại":"901243024","Số giấy phép ĐKKD":"175","Số giấy phép bưu chính":null,"Ngày bắt đầu hoạt động":"9/8/25 12:00:00 AM","Tình trạng hoạt động":"đang hoạt động","layer_id":167,"fid":705,"label":"Địa điểm kinh doanh Châu Thành"}},{"type":"Feature","geometry":{"type":"Point","coordinates":[106.497192,9.637802]},"properties":{"Doanh nghiệp phuc vu bưu chính":"Công ty TNHH Một thành viên chuyển phát nhanh Thuận Phong - Chi nhánh Cần Thơ","Điểm phục vụ bưu chính":"Địa điểm kinh doanh Duyên Hải","Địa chỉ":"Khóm 2, Phường Duyên Hải, Tỉnh Vĩnh Long","Số điện thoại":"981707036","Số giấy phép ĐKKD":"170","Số giấy phép bưu chính":null,"Ngày bắt đầu hoạt động":"1/16/23 12:00:00 AM","Tình trạng hoạt động":"đang hoạt động","layer_id":167,"fid":706,"label":"Địa điểm kinh doanh Duyên Hải"}},{"type":"Feature","geometry":{"type":"Point","coordinates":[106.3373616,9.918864838]},"properties":{"Doanh nghiệp phuc vu bưu chính":"Công ty TNHH Một thành viên chuyển phát nhanh Thuận Phong - Chi nhánh Cần Thơ","Điểm phục vụ bưu chính":"Địa điểm kinh doanh Nguyễn Thị Minh Khai","Địa chỉ":"Đường Mậu Thân, Khóm 16, Phường Trà Vinh, Tỉnh Vĩnh Long","Số điện thoại":"964074870","Số giấy phép ĐKKD":"176","Số giấy phép bưu chính":null,"Ngày bắt đầu hoạt động":"11/21/24 12:00:00 AM","Tình trạng hoạt động":"đang hoạt động","layer_id":167,"fid":707,"label":"Địa điểm kinh doanh Nguyễn Thị Minh Khai"}},{"type":"Feature","geometry":{"type":"Point","coordinates":[106.19425,9.813673]},"properties":{"Doanh nghiệp phuc vu bưu chính":"Công ty TNHH Một thành viên chuyển phát nhanh Thuận Phong - Chi nhánh Cần Thơ","Điểm phục vụ bưu chính":"Địa điểm kinh doanh Tiểu Cần","Địa chỉ":"Quốc lộ 60, Khóm 2, xã Tiểu Cần","Số điện thoại":"386944786","Số giấy phép ĐKKD":"173","Số giấy phép bưu chính":null,"Ngày bắt đầu hoạt động":"12/20/23 12:00:00 AM","Tình trạng hoạt động":"đang hoạt động","layer_id":167,"fid":708,"label":"Địa điểm kinh doanh Tiểu Cần"}},{"type":"Feature","geometry":{"type":"Point","coordinates":[106.3304607,9.936310326]},"properties":{"Doanh nghiệp phuc vu bưu chính":"Công ty TNHH Một thành viên chuyển phát nhanh Thuận Phong - Chi nhánh Cần Thơ","Điểm phục vụ bưu chính":"Địa điểm kinh doanh TP Trà Vinh","Địa chỉ":"Số 137 Đường Võ Văn Kiệt, Khóm 8, Phường Nguyệt Hóa, Tỉnh Vĩnh Long","Số điện thoại":"964074870","Số giấy phép ĐKKD":"168","Số giấy phép bưu chính":null,"Ngày bắt đầu hoạt động":"6/25/25 12:00:00 AM","Tình trạng hoạt động":"đang hoạt động","layer_id":167,"fid":709,"label":"Địa điểm kinh doanh TP Trà Vinh"}},{"type":"Feature","geometry":{"type":"Point","coordinates":[106.266047,9.688608]},"properties":{"Doanh nghiệp phuc vu bưu chính":"Công ty TNHH Một thành viên chuyển phát nhanh Thuận Phong - Chi nhánh Cần Thơ","Điểm phục vụ bưu chính":"Địa điểm kinh doanh Trà Cú","Địa chỉ":"đường Đồng Khởi, Ấp Sóc Chà A, Xã Trà Cú, Tỉnh Vĩnh Long ","Số điện thoại":"382724587","Số giấy phép ĐKKD":"171","Số giấy phép bưu chính":null,"Ngày bắt đầu hoạt động":"7/26/24 12:00:00 AM","Tình trạng hoạt động":"đang hoạt động","layer_id":167,"fid":710,"label":"Địa điểm kinh doanh Trà Cú"}},{"type":"Feature","geometry":{"type":"Point","coordinates":[106.165111,10.243647]},"properties":{"Doanh nghiệp phuc vu bưu chính":"Công ty TNHH Một thành viên chuyển phát nhanh Thuận Phong - Chi nhánh Cần Thơ","Điểm phục vụ bưu chính":"Địa điểm kinh doanh Long Thới","Địa chỉ":"Ấp Long Vinh, Xã Chợ Lách, Tinh Vĩnh Long\n","Số điện thoại":"901020868","Số giấy phép ĐKKD":"260","Số giấy phép bưu chính":null,"Ngày bắt đầu hoạt động":"3/19/25 12:00:00 AM","Tình trạng hoạt động":"đang hoạt động","layer_id":167,"fid":711,"label":"Địa điểm kinh doanh Long Thới"}},{"type":"Feature","geometry":{"type":"Point","coordinates":[106.582158,10.047897]},"properties":{"Doanh nghiệp phuc vu bưu chính":"Công ty TNHH Một thành viên chuyển phát nhanh Thuận Phong - Chi nhánh Cần Thơ","Điểm phục vụ bưu chính":"Địa điểm kinh doanh Ba Tri","Địa chỉ":"369/AH, ấp An Hòa, Xã An Bình Tây, Huyện Ba Tri, Tinh Bến Tre (nay là 369/AH, ấp An Hòa, xã Ba Tri, tỉnh Vĩnh Long)","Số điện thoại":"837773833","Số giấy phép ĐKKD":"131","Số giấy phép bưu chính":null,"Ngày bắt đầu hoạt động":"1/16/23 12:00:00 AM","Tình trạng hoạt động":"đang hoạt động","layer_id":167,"fid":712,"label":"Địa điểm kinh doanh Ba Tri"}},{"type":"Feature","geometry":{"type":"Point","coordinates":[106.695945,10.191412]},"properties":{"Doanh nghiệp phuc vu bưu chính":"Công ty TNHH Một thành viên chuyển phát nhanh Thuận Phong - Chi nhánh Cần Thơ","Điểm phục vụ bưu chính":"Địa điểm kinh doanh Bình Đại","Địa chỉ":"Ấp Bình Đại 3, Xã Bình Đại, tỉnh Vĩnh Long","Số điện thoại":"984300132","Số giấy phép ĐKKD":"133","Số giấy phép bưu chính":null,"Ngày bắt đầu hoạt động":"1/6/25 12:00:00 AM","Tình trạng hoạt động":"đang hoạt động","layer_id":167,"fid":713,"label":"Địa điểm kinh doanh Bình Đại"}},{"type":"Feature","geometry":{"type":"Point","coordinates":[106.3696,10.191412]},"properties":{"Doanh nghiệp phuc vu bưu chính":"Công ty TNHH Một thành viên chuyển phát nhanh Thuận Phong - Chi nhánh Cần Thơ","Điểm phục vụ bưu chính":"Địa điểm kinh doanh Châu Thành","Địa chỉ":"Số 243/2 Áp Phú Ngãi, Xã Giao Long, Tinh Vĩnh Long, Việt Nam","Số điện thoại":"985143504","Số giấy phép ĐKKD":"144","Số giấy phép bưu chính":null,"Ngày bắt đầu hoạt động":"8/8/25 12:00:00 AM","Tình trạng hoạt động":"đang hoạt động","layer_id":167,"fid":714,"label":"Địa điểm kinh doanh Châu Thành"}},{"type":"Feature","geometry":{"type":"Point","coordinates":[106.355486,10.280696]},"properties":{"Doanh nghiệp phuc vu bưu chính":"Công ty TNHH Một thành viên chuyển phát nhanh Thuận Phong - Chi nhánh Cần Thơ","Điểm phục vụ bưu chính":"Địa điểm kinh doanh Châu Thành 2","Địa chỉ":"Ấp Phú Hữu , Phường Phú Tân, Tỉnh Vĩnh Long","Số điện thoại":"988913409","Số giấy phép ĐKKD":"266","Số giấy phép bưu chính":null,"Ngày bắt đầu hoạt động":"6/17/25 12:00:00 AM","Tình trạng hoạt động":"đang hoạt động","layer_id":167,"fid":715,"label":"Địa điểm kinh doanh Châu Thành 2"}},{"type":"Feature","geometry":{"type":"Point","coordinates":[106.1267,10.258158]},"properties":{"Doanh nghiệp phuc vu bưu chính":"Công ty TNHH Một thành viên chuyển phát nhanh Thuận Phong - Chi nhánh Cần Thơ","Điểm phục vụ bưu chính":"Địa điểm kinh doanh Chợ Lách","Địa chỉ":"Áp Bình An B, xã Chợ Lách,Tỉnh Vĩnh Long","Số điện thoại":"964294193","Số giấy phép ĐKKD":"142","Số giấy phép bưu chính":null,"Ngày bắt đầu hoạt động":"6/4/24 12:00:00 AM","Tình trạng hoạt động":"đang hoạt động","layer_id":167,"fid":716,"label":"Địa điểm kinh doanh Chợ Lách"}},{"type":"Feature","geometry":{"type":"Point","coordinates":[106.523194,10.146514]},"properties":{"Doanh nghiệp phuc vu bưu chính":"Công ty TNHH Một thành viên chuyển phát nhanh Thuận Phong - Chi nhánh Cần Thơ","Điểm phục vụ bưu chính":"Địa điểm kinh doanh Giồng Trôm","Địa chỉ":"Áp Bình Tiên, Xã Giồng Trôm, Tinh Vĩnh Long","Số điện thoại":"346005148","Số giấy phép ĐKKD":"136","Số giấy phép bưu chính":null,"Ngày bắt đầu hoạt động":"7/15/25 12:00:00 AM","Tình trạng hoạt động":"đang hoạt động","layer_id":167,"fid":717,"label":"Địa điểm kinh doanh Giồng Trôm"}},{"type":"Feature","geometry":{"type":"Point","coordinates":[106.268302,10.176293]},"properties":{"Doanh nghiệp phuc vu bưu chính":"Công ty TNHH Một thành viên chuyển phát nhanh Thuận Phong - Chi nhánh Cần Thơ","Điểm phục vụ bưu chính":"Địa điểm kinh doanh Mỏ Cày Bắc","Địa chỉ":"Áp Thanh Bắc, Xã Nhuận Phú Tân, Tinh Vĩnh Long","Số điện thoại":"901020868","Số giấy phép ĐKKD":"141","Số giấy phép bưu chính":null,"Ngày bắt đầu hoạt động":"9/26/23 12:00:00 AM","Tình trạng hoạt động":"đang hoạt động","layer_id":167,"fid":718,"label":"Địa điểm kinh doanh Mỏ Cày Bắc"}},{"type":"Feature","geometry":{"type":"Point","coordinates":[106.331946,10.141121]},"properties":{"Doanh nghiệp phuc vu bưu chính":"Công ty TNHH Một thành viên chuyển phát nhanh Thuận Phong - Chi nhánh Cần Thơ","Điểm phục vụ bưu chính":"Địa điểm kinh doanh Mỏ Cày Nam","Địa chỉ":" ấp 7, xã Mỏ Cày, Tỉnh Vĩnh Long ","Số điện thoại":"794090986","Số giấy phép ĐKKD":"262","Số giấy phép bưu chính":null,"Ngày bắt đầu hoạt động":"4/28/25 12:00:00 AM","Tình trạng hoạt động":"đang hoạt động","layer_id":167,"fid":719,"label":"Địa điểm kinh doanh Mỏ Cày Nam"}},{"type":"Feature","geometry":{"type":"Point","coordinates":[106.2837,9.93487]},"properties":{"Doanh nghiệp phuc vu bưu chính":"CTY TNHH HOA ĐÔNG NGHI","Điểm phục vụ bưu chính":"Cty TNHH Hoa Đông Nghi","Địa chỉ":"Số 20 Quốc lộ 53, ấp Bến Có, Phường Nguyệt Hóa, tỉnh Vĩnh Long","Số điện thoại":"386930884","Số giấy phép ĐKKD":"2100693880","Số giấy phép bưu chính":null,"Ngày bắt đầu hoạt động":"3/5/25 12:00:00 AM","Tình trạng hoạt động":"đang hoạt động","layer_id":167,"fid":727,"label":"Cty TNHH Hoa Đông Nghi"}},{"type":"Feature","geometry":{"type":"Point","coordinates":[106.41131,10.167402]},"properties":{"Doanh nghiệp phuc vu bưu chính":"Công ty TNHH Một thành viên chuyển phát nhanh Thuận Phong - Chi nhánh Cần Thơ","Điểm phục vụ bưu chính":"Địa điểm kinh doanh Phước Long","Địa chỉ":"Âp 7, Xã Phước Long,tỉnh vĩnh long","Số điện thoại":"972367240","Số giấy phép ĐKKD":"00134\n","Số giấy phép bưu chính":null,"Ngày bắt đầu hoạt động":"8/5/24 12:00:00 AM","Tình trạng hoạt động":"đang hoạt động","layer_id":167,"fid":720,"label":"Địa điểm kinh doanh Phước Long"}},{"type":"Feature","geometry":{"type":"Point","coordinates":[106.626668,10.12052]},"properties":{"Doanh nghiệp phuc vu bưu chính":"Công ty TNHH Một thành viên chuyển phát nhanh Thuận Phong - Chi nhánh Cần Thơ","Điểm phục vụ bưu chính":"Địa điểm kinh doanh Tân Xuân","Địa chỉ":"số nhà 070-TT2, ấp Tân Thị, Xã Tần Xuân tỉnh vĩnh long","Số điện thoại":"364974043","Số giấy phép ĐKKD":"00135\n","Số giấy phép bưu chính":null,"Ngày bắt đầu hoạt động":"1/16/23 12:00:00 AM","Tình trạng hoạt động":"đang hoạt động","layer_id":167,"fid":721,"label":"Địa điểm kinh doanh Tân Xuân"}},{"type":"Feature","geometry":{"type":"Point","coordinates":[106.273968,10.277109]},"properties":{"Doanh nghiệp phuc vu bưu chính":"Công ty TNHH Một thành viên chuyển phát nhanh Thuận Phong - Chi nhánh Cần Thơ","Điểm phục vụ bưu chính":"Địa điểm kinh doanh Tiên Thủy","Địa chỉ":"Số 7A, Khu phố Tiền Đông Vàm, Xã Tiên Thủy, Tinh Vĩnh Long","Số điện thoại":"329941493","Số giấy phép ĐKKD":"143","Số giấy phép bưu chính":null,"Ngày bắt đầu hoạt động":"4/1/24 12:00:00 AM","Tình trạng hoạt động":"đang hoạt động","layer_id":167,"fid":722,"label":"Địa điểm kinh doanh Tiên Thủy"}},{"type":"Feature","geometry":{"type":"Point","coordinates":[106.38816,10.263007]},"properties":{"Doanh nghiệp phuc vu bưu chính":"Công ty TNHH Một thành viên chuyển phát nhanh Thuận Phong - Chi nhánh Cần Thơ","Điểm phục vụ bưu chính":"Địa điểm kinh doanh TP Bến Tre","Địa chỉ":"Số 589F, Khu phố 2, Phường Phủ Khươngtỉnh vỉnh long","Số điện thoại":"364974043","Số giấy phép ĐKKD":"263","Số giấy phép bưu chính":null,"Ngày bắt đầu hoạt động":"5/14/25 12:00:00 AM","Tình trạng hoạt động":"đang hoạt động","layer_id":167,"fid":723,"label":"Địa điểm kinh doanh TP Bến Tre"}},{"type":"Feature","geometry":{"type":"Point","coordinates":[106.5215819,9.9504559]},"properties":{"Doanh nghiệp phuc vu bưu chính":"Công ty TNHH Một thành viên chuyển phát nhanh Thuận Phong - Chi nhánh Cần Thơ","Điểm phục vụ bưu chính":"Địa điểm kinh doanh Thạnh Phú","Địa chỉ":"Đường Thủy Sản, Khu phổ 1, Xã Thạnh Phú, Tinh Vĩnh Long","Số điện thoại":"977009857","Số giấy phép ĐKKD":"138","Số giấy phép bưu chính":null,"Ngày bắt đầu hoạt động":"1/4/24 12:00:00 AM","Tình trạng hoạt động":"đang hoạt động","layer_id":167,"fid":724,"label":"Địa điểm kinh doanh Thạnh Phú"}},{"type":"Feature","geometry":{"type":"Point","coordinates":[106.38816,10.263007]},"properties":{"Doanh nghiệp phuc vu bưu chính":"Công ty TNHH Một thành viên chuyển phát nhanh Thuận Phong - Chi nhánh Cần Thơ","Điểm phục vụ bưu chính":"Địa điểm kinh doanh Thới Lai","Địa chỉ":"Số 10 Ấp Việc Giữa, Xã châu hưngtỉnh vĩnh long","Số điện thoại":"382664297","Số giấy phép ĐKKD":"137","Số giấy phép bưu chính":null,"Ngày bắt đầu hoạt động":"4/2/25 12:00:00 AM","Tình trạng hoạt động":"đang hoạt động","layer_id":167,"fid":725,"label":"Địa điểm kinh doanh Thới Lai"}},{"type":"Feature","geometry":{"type":"Point","coordinates":[106.088648,10.208444]},"properties":{"Doanh nghiệp phuc vu bưu chính":"CT TNHH Vận Chuyển Gia Phú","Điểm phục vụ bưu chính":"Bưu cục Mang Thít\nĐịa điểm kinh Long Phước","Địa chỉ":"Số 8 tổ 3 ấp Phú Thạnh A, xã Nhơn Phú. Số 325/19, tổ 9, ấp Long Thuận, xã Long Phước","Số điện thoại":"795852650","Số giấy phép ĐKKD":"1501149556","Số giấy phép bưu chính":null,"Ngày bắt đầu hoạt động":"9/24/24 12:00:00 AM","Tình trạng hoạt động":"đang hoạt động","layer_id":167,"fid":726,"label":"Bưu cục Mang Thít\nĐịa điểm kinh Long Phước"}},{"type":"Feature","geometry":{"type":"Point","coordinates":[106.49731,9.6383]},"properties":{"Doanh nghiệp phuc vu bưu chính":"CTY TNHH HOA ĐÔNG NGHI","Điểm phục vụ bưu chính":"Đia điểm kinh doanh Duyên Hải","Địa chỉ":"số 4, lý tự trọng, Phường Duyên Hải, tỉnh Vĩnh Long\n","Số điện thoại":"386930884","Số giấy phép ĐKKD":"2100693880","Số giấy phép bưu chính":null,"Ngày bắt đầu hoạt động":"3/5/25 12:00:00 AM","Tình trạng hoạt động":"đang hoạt động","layer_id":167,"fid":728,"label":"Đia điểm kinh doanh Duyên Hải"}},{"type":"Feature","geometry":{"type":"Point","coordinates":[106.20113,9.807291]},"properties":{"Doanh nghiệp phuc vu bưu chính":"CTY TNHH HOA ĐÔNG NGHI","Điểm phục vụ bưu chính":" Địa điểm kinh doanh Tiểu Cần","Địa chỉ":"ấp 5, xã Tiểu Cần, Tĩnh Vĩnh Long","Số điện thoại":"386930884","Số giấy phép ĐKKD":"2100693880","Số giấy phép bưu chính":null,"Ngày bắt đầu hoạt động":"3/5/25 12:00:00 AM","Tình trạng hoạt động":"đang hoạt động","layer_id":167,"fid":729,"label":" Địa điểm kinh doanh Tiểu Cần"}},{"type":"Feature","geometry":{"type":"Point","coordinates":[105.956361,10.2355]},"properties":{"Doanh nghiệp phuc vu bưu chính":"CÔNG TY CỔ PHẦN GIAO HÀNG TIẾT KIỆM CHI NHÁNH TẠI VĨNH LONG","Điểm phục vụ bưu chính":null,"Địa chỉ":"Số 50H đường Đinh Tiên Hoàng, khóm 4, Phường tân hạnh,tỉnh Vĩnh Long","Số điện thoại":"779894854","Số giấy phép ĐKKD":"0106181807-102","Số giấy phép bưu chính":"01/XN-STTTT","Ngày bắt đầu hoạt động":"9/24/24 12:00:00 AM","Tình trạng hoạt động":"đang hoạt động","layer_id":167,"fid":730,"label":null}},{"type":"Feature","geometry":{"type":"Point","coordinates":[105.8046224,10.0648056]},"properties":{"Doanh nghiệp phuc vu bưu chính":"CÔNG TY CỔ PHẦN GIAO HÀNG TIẾT KIỆM CHI NHÁNH TẠI VĨNH LONG","Điểm phục vụ bưu chính":"Địa điểm kinh doanh số 04 Bình Minh - Công ty cổ phần Giao Hàng Tiết Kiệm - Chi nhánh Vĩnh Long","Địa chỉ":"Tổ 4, khóm 2, phường Bình Minh, tỉnh Vĩnh Long","Số điện thoại":"779894855","Số giấy phép ĐKKD":"4","Số giấy phép bưu chính":null,"Ngày bắt đầu hoạt động":"8/15/19 12:00:00 AM","Tình trạng hoạt động":"đang hoạt động","layer_id":167,"fid":731,"label":"Địa điểm kinh doanh số 04 Bình Minh - Công ty cổ phần Giao Hàng Tiết Kiệm - Chi nhánh Vĩnh Long"}},{"type":"Feature","geometry":{"type":"Point","coordinates":[105.927708,9.969244]},"properties":{"Doanh nghiệp phuc vu bưu chính":"CÔNG TY CỔ PHẦN GIAO HÀNG TIẾT KIỆM CHI NHÁNH TẠI VĨNH LONG","Điểm phục vụ bưu chính":"Địa điểm kinh doanh số 01 - Công ty cổ phần Giao Hàng Tiết Kiệm - Chi nhánh Vĩnh Long","Địa chỉ":"Tổ 5, khu 7, xã Trà Ôn","Số điện thoại":"779894856","Số giấy phép ĐKKD":"1","Số giấy phép bưu chính":null,"Ngày bắt đầu hoạt động":"10/26/22 12:00:00 AM","Tình trạng hoạt động":"đang hoạt động","layer_id":167,"fid":732,"label":"Địa điểm kinh doanh số 01 - Công ty cổ phần Giao Hàng Tiết Kiệm - Chi nhánh Vĩnh Long"}},{"type":"Feature","geometry":{"type":"Point","coordinates":[106.180923,10.082967]},"properties":{"Doanh nghiệp phuc vu bưu chính":"CÔNG TY CỔ PHẦN GIAO HÀNG TIẾT KIỆM CHI NHÁNH TẠI VĨNH LONG","Điểm phục vụ bưu chính":"Địa điểm kinh doanh số 02 - Công ty cổ phần Giao Hàng Tiết Kiệm - Chi nhánh Vĩnh Long","Địa chỉ":"Tổ 7B, ấp Rạch Trúc, xã Trung Thành","Số điện thoại":"779894857","Số giấy phép ĐKKD":"2","Số giấy phép bưu chính":null,"Ngày bắt đầu hoạt động":"10/26/22 12:00:00 AM","Tình trạng hoạt động":"đang hoạt động","layer_id":167,"fid":733,"label":"Địa điểm kinh doanh số 02 - Công ty cổ phần Giao Hàng Tiết Kiệm - Chi nhánh Vĩnh Long"}},{"type":"Feature","geometry":{"type":"Point","coordinates":[106.3579687,10.2343757]},"properties":{"Doanh nghiệp phuc vu bưu chính":"CHI NHÁNH CÔNG TY CỔ PHẦN GIAO HÀNG TIẾT KIỆM TẠI TỈNH BẾN TRE","Điểm phục vụ bưu chính":null,"Địa chỉ":"khu phô 03, Phường Bến Tre","Số điện thoại":"779894858","Số giấy phép ĐKKD":"0106181807-161","Số giấy phép bưu chính":"01/XN-STTTT","Ngày bắt đầu hoạt động":"12/23/22 12:00:00 AM","Tình trạng hoạt động":"đang hoạt động","layer_id":167,"fid":734,"label":null}},{"type":"Feature","geometry":{"type":"Point","coordinates":[106.5888983,10.0472499]},"properties":{"Doanh nghiệp phuc vu bưu chính":"CHI NHÁNH CÔNG TY CỔ PHẦN GIAO HÀNG TIẾT KIỆM TẠI TỈNH BẾN TRE","Điểm phục vụ bưu chính":"Địa điểm kinh doanh số 02 - chi nhánh công ty cổ phần Giao Hàng Tiết Kiệm tại tỉnh Bến Tre","Địa chỉ":"Số 76 đường số 01 khu phố 2, xã Ba Tri","Số điện thoại":"779894859","Số giấy phép ĐKKD":"1","Số giấy phép bưu chính":null,"Ngày bắt đầu hoạt động":"5/12/23 12:00:00 AM","Tình trạng hoạt động":"đang hoạt động","layer_id":167,"fid":735,"label":"Địa điểm kinh doanh số 02 - chi nhánh công ty cổ phần Giao Hàng Tiết Kiệm tại tỉnh Bến Tre"}},{"type":"Feature","geometry":{"type":"Point","coordinates":[106.6880564,10.1985727]},"properties":{"Doanh nghiệp phuc vu bưu chính":"CHI NHÁNH CÔNG TY CỔ PHẦN GIAO HÀNG TIẾT KIỆM TẠI TỈNH BẾN TRE","Điểm phục vụ bưu chính":"Địa điểm kinh doanh số 01 - chi nhánh công ty cổ phần Giao Hàng Tiết Kiệm tại tỉnh Bến Tre","Địa chỉ":"Quốc lộ 57B, xã Bình Thới, huyện Bình Đại, tỉnh Bến Tre","Số điện thoại":"779894860","Số giấy phép ĐKKD":"2","Số giấy phép bưu chính":null,"Ngày bắt đầu hoạt động":"9/12/22 12:00:00 AM","Tình trạng hoạt động":"đang hoạt động","layer_id":167,"fid":736,"label":"Địa điểm kinh doanh số 01 - chi nhánh công ty cổ phần Giao Hàng Tiết Kiệm tại tỉnh Bến Tre"}},{"type":"Feature","geometry":{"type":"Point","coordinates":[106.1392503,10.2522233]},"properties":{"Doanh nghiệp phuc vu bưu chính":"CHI NHÁNH CÔNG TY CỔ PHẦN GIAO HÀNG TIẾT KIỆM TẠI TỈNH BẾN TRE","Điểm phục vụ bưu chính":"Địa điểm kinh doanh số 04 - chi nhánh công ty cổ phần Giao Hàng Tiết Kiệm tại tỉnh Bến Tre","Địa chỉ":"ấp Hưng Nhơn, xã Chợ Lách","Số điện thoại":"779894861","Số giấy phép ĐKKD":"5","Số giấy phép bưu chính":null,"Ngày bắt đầu hoạt động":"6/10/19 12:00:00 AM","Tình trạng hoạt động":"đang hoạt động","layer_id":167,"fid":737,"label":"Địa điểm kinh doanh số 04 - chi nhánh công ty cổ phần Giao Hàng Tiết Kiệm tại tỉnh Bến Tre"}},{"type":"Feature","geometry":{"type":"Point","coordinates":[106.507472,10.148376]},"properties":{"Doanh nghiệp phuc vu bưu chính":"CHI NHÁNH CÔNG TY CỔ PHẦN GIAO HÀNG TIẾT KIỆM TẠI TỈNH BẾN TRE","Điểm phục vụ bưu chính":"Địa điểm kinh doanh số 07 - chi nhánh công ty cổ phần Giao Hàng Tiết Kiệm tại tỉnh Bến Tre","Địa chỉ":"Số 248/1, tổ 7, khu phố 1, xã Giồng Trôm","Số điện thoại":"779894862","Số giấy phép ĐKKD":"7","Số giấy phép bưu chính":null,"Ngày bắt đầu hoạt động":"10/3/23 12:00:00 AM","Tình trạng hoạt động":"đang hoạt động","layer_id":167,"fid":738,"label":"Địa điểm kinh doanh số 07 - chi nhánh công ty cổ phần Giao Hàng Tiết Kiệm tại tỉnh Bến Tre"}},{"type":"Feature","geometry":{"type":"Point","coordinates":[106.3297355,10.1192941]},"properties":{"Doanh nghiệp phuc vu bưu chính":"CHI NHÁNH CÔNG TY CỔ PHẦN GIAO HÀNG TIẾT KIỆM TẠI TỈNH BẾN TRE","Điểm phục vụ bưu chính":"Địa điểm kinh doanh số 03 - chi nhánh công ty cổ phần Giao Hàng Tiết Kiệm tại tỉnh Bến Tre","Địa chỉ":"Số nhà 206, khu phố 4, xã Mỏ Cày","Số điện thoại":"779894863","Số giấy phép ĐKKD":"3","Số giấy phép bưu chính":null,"Ngày bắt đầu hoạt động":"8/31/22 12:00:00 AM","Tình trạng hoạt động":"đang hoạt động","layer_id":167,"fid":739,"label":"Địa điểm kinh doanh số 03 - chi nhánh công ty cổ phần Giao Hàng Tiết Kiệm tại tỉnh Bến Tre"}},{"type":"Feature","geometry":{"type":"Point","coordinates":[106.332743,9.944842]},"properties":{"Doanh nghiệp phuc vu bưu chính":"CHI NHÁNH CÔNG TY CỔ PHẦN GIAO HÀNG TIẾT KIỆM TẠI TỈNH TRÀ VINH","Điểm phục vụ bưu chính":null,"Địa chỉ":"Đường Võ Văn Kiệt, khóm 1, Phường Trà Vinh","Số điện thoại":"779894864","Số giấy phép ĐKKD":"0106181807-162","Số giấy phép bưu chính":"05/STTTT-BCVTCNTT","Ngày bắt đầu hoạt động":"12/20/23 12:00:00 AM","Tình trạng hoạt động":"đang hoạt động","layer_id":167,"fid":740,"label":null}},{"type":"Feature","geometry":{"type":"Point","coordinates":[106.496058,9.640986]},"properties":{"Doanh nghiệp phuc vu bưu chính":"CHI NHÁNH CÔNG TY CỔ PHẦN GIAO HÀNG TIẾT KIỆM TẠI TỈNH TRÀ VINH","Điểm phục vụ bưu chính":"Địa điểm kinh doanh số 02 - chi nhánh công ty cổ phần Giao Hàng Tiết Kiệm tại tỉnh Trà Vinh","Địa chỉ":"Khóm 2, Phường Duyên Hải","Số điện thoại":"779894865","Số giấy phép ĐKKD":"2","Số giấy phép bưu chính":null,"Ngày bắt đầu hoạt động":"1/11/23 12:00:00 AM","Tình trạng hoạt động":"đang hoạt động","layer_id":167,"fid":741,"label":"Địa điểm kinh doanh số 02 - chi nhánh công ty cổ phần Giao Hàng Tiết Kiệm tại tỉnh Trà Vinh"}},{"type":"Feature","geometry":{"type":"Point","coordinates":[105.9472,10.25909]},"properties":{"Doanh nghiệp phuc vu bưu chính":"Công ty Cổ phần 247","Điểm phục vụ bưu chính":"Vĩnh Long","Địa chỉ":"110/2 Phạm Hùng, Phường Long Châu, Tỉnh Vĩnh Long","Số điện thoại":"983677106","Số giấy phép ĐKKD":"304043037","Số giấy phép bưu chính":"02/XN-STTTT","Ngày bắt đầu hoạt động":"10/20/2025","Tình trạng hoạt động":"đang hoạt động","layer_id":167,"fid":748,"label":"Vĩnh Long"}},{"type":"Feature","geometry":{"type":"Point","coordinates":[106.191103196,9.814167812]},"properties":{"Doanh nghiệp phuc vu bưu chính":"CHI NHÁNH CÔNG TY CỔ PHẦN GIAO HÀNG TIẾT KIỆM TẠI TỈNH TRÀ VINH","Điểm phục vụ bưu chính":"Địa điểm kinh doanh số 01 - chi nhánh công ty cổ phần Giao Hàng Tiết Kiệm tại tỉnh Trà Vinh","Địa chỉ":"Khóm 4, xã Tiểu Cần, tỉnh Vĩnh Long","Số điện thoại":"779894866","Số giấy phép ĐKKD":"1","Số giấy phép bưu chính":null,"Ngày bắt đầu hoạt động":"9/29/25 12:00:00 AM","Tình trạng hoạt động":"đang hoạt động","layer_id":167,"fid":742,"label":"Địa điểm kinh doanh số 01 - chi nhánh công ty cổ phần Giao Hàng Tiết Kiệm tại tỉnh Trà Vinh"}},{"type":"Feature","geometry":{"type":"Point","coordinates":[106.269713359,9.675076364]},"properties":{"Doanh nghiệp phuc vu bưu chính":"CHI NHÁNH CÔNG TY CỔ PHẦN GIAO HÀNG TIẾT KIỆM TẠI TỈNH TRÀ VINH","Điểm phục vụ bưu chính":"Địa điểm kinh doanh số 04 - chi nhánh công ty cổ phần Giao Hàng Tiết Kiệm tại tỉnh Trà Vinh","Địa chỉ":"Đường 3/2, ấp Kosla, xã Trà Cú","Số điện thoại":"779894867","Số giấy phép ĐKKD":"4","Số giấy phép bưu chính":null,"Ngày bắt đầu hoạt động":"5/24/19 12:00:00 AM","Tình trạng hoạt động":"đang hoạt động","layer_id":167,"fid":743,"label":"Địa điểm kinh doanh số 04 - chi nhánh công ty cổ phần Giao Hàng Tiết Kiệm tại tỉnh Trà Vinh"}},{"type":"Feature","geometry":{"type":"Point","coordinates":[105.9982968,10.25807745]},"properties":{"Doanh nghiệp phuc vu bưu chính":"Công Ty TNHH Vận Tải SuperShip Vĩnh Long","Điểm phục vụ bưu chính":"Kho Vĩnh Long 2(Bưu cục Vĩnh Long)","Địa chỉ":"38 Ấp Thanh Mỹ 1, Phường Thanh Đức, Vĩnh Long","Số điện thoại":"945627598","Số giấy phép ĐKKD":"1501126284","Số giấy phép bưu chính":"07/XN-STTTT","Ngày bắt đầu hoạt động":"11/14/22 12:00:00 AM","Tình trạng hoạt động":"đang hoạt động","layer_id":167,"fid":744,"label":"Kho Vĩnh Long 2(Bưu cục Vĩnh Long)"}},{"type":"Feature","geometry":{"type":"Point","coordinates":[105.9498431,10.2414406]},"properties":{"Doanh nghiệp phuc vu bưu chính":"Công ty TNHH TMDV ĐT An Thịnh Mekong","Điểm phục vụ bưu chính":"Trụ sở chính","Địa chỉ":"17M, Nguyễn Văn Lâu , phường Tân Hạnh, tỉnh Vĩnh Long","Số điện thoại":"919324223","Số giấy phép ĐKKD":"1501128771","Số giấy phép bưu chính":"01/XN-STTTT","Ngày bắt đầu hoạt động":"7/2/21 12:00:00 AM","Tình trạng hoạt động":"đang hoạt động","layer_id":167,"fid":745,"label":"Trụ sở chính"}},{"type":"Feature","geometry":{"type":"Point","coordinates":[106.3624,10.27162]},"properties":{"Doanh nghiệp phuc vu bưu chính":"Công ty Cổ phần 247","Điểm phục vụ bưu chính":"Bến Tre","Địa chỉ":"112 Khu Phố 1, Phường, Xã Tân Phú, VĨNH LONG","Số điện thoại":"901060247","Số giấy phép ĐKKD":"304043037","Số giấy phép bưu chính":"02/XN-STTTT","Ngày bắt đầu hoạt động":"1/10/25 12:00:00 AM","Tình trạng hoạt động":"đang hoạt động","layer_id":167,"fid":746,"label":"Bến Tre"}},{"type":"Feature","geometry":{"type":"Point","coordinates":[106.3361,9.915263]},"properties":{"Doanh nghiệp phuc vu bưu chính":"Công ty Cổ phần 247","Điểm phục vụ bưu chính":"Trà Vinh","Địa chỉ":"146 Mậu Thân, Khóm 10, Phường Trà Vinh, Tỉnh Vĩnh Long","Số điện thoại":"797002490","Số giấy phép ĐKKD":"304043037","Số giấy phép bưu chính":"02/XN-STTTT","Ngày bắt đầu hoạt động":"1/6/25 12:00:00 AM","Tình trạng hoạt động":"đang hoạt động","layer_id":167,"fid":747,"label":"Trà Vinh"}},{"type":"Feature","geometry":{"type":"Point","coordinates":[105.8281637,10.05860579]},"properties":{"Doanh nghiệp phuc vu bưu chính":"Công ty Cổ phần Đầu Tư Thương Mại Phát Triển Nhất Tín - Chi nhánh Vĩnh Long - Địa điểm kinh doanh Bình Minh","Điểm phục vụ bưu chính":"Nhất Tín - Bưu cục Bình Minh","Địa chỉ":"215 Đường Lưu Nhơn Sâm, Khóm Đông Bình, Phường Đông Thành, Tỉnh Vĩnh Long","Số điện thoại":null,"Số giấy phép ĐKKD":"1","Số giấy phép bưu chính":null,"Ngày bắt đầu hoạt động":"3/30/21 12:00:00 AM","Tình trạng hoạt động":"đang hoạt động","layer_id":167,"fid":750,"label":"Nhất Tín - Bưu cục Bình Minh"}},{"type":"Feature","geometry":{"type":"Point","coordinates":[105.9445752,10.2118471]},"properties":{"Doanh nghiệp phuc vu bưu chính":"Công ty Cổ phần Đầu Tư Thương Mại Phát Triển Nhất Tín - Chi nhánh Vĩnh Long","Điểm phục vụ bưu chính":"Nhất Tín - Kho Vĩnh Long","Địa chỉ":"19/11 Âp Tân Hưng, Phường Tân Hạnh, Tỉnh Vĩnh Long","Số điện thoại":"906699276","Số giấy phép ĐKKD":"0312803488-032","Số giấy phép bưu chính":"01/XN-STTTT","Ngày bắt đầu hoạt động":"8/3/17 12:00:00 AM","Tình trạng hoạt động":"đang hoạt động","layer_id":167,"fid":749,"label":"Nhất Tín - Kho Vĩnh Long"}},{"type":"Feature","geometry":{"type":"Point","coordinates":[106.353485,9.925244]},"properties":{"Doanh nghiệp phuc vu bưu chính":"Công ty TNHH SPX Express","Điểm phục vụ bưu chính":"Địa điểm kinh doanh tại Trà Vinh (Châu Thành) - Công ty TNHH SPX Express","Địa chỉ":"Ấp Trì Phong, Xã Hưng Mỹ, Tỉnh Vĩnh Long","Số điện thoại":"0986419967","Số giấy phép ĐKKD":"00174","Số giấy phép bưu chính":"266/GP-BTTT","Ngày bắt đầu hoạt động":"4/28/21 12:00:00 AM","Tình trạng hoạt động":"Đang hoạt động","layer_id":167,"fid":751,"label":"Địa điểm kinh doanh tại Trà Vinh (Châu Thành) - Công ty TNHH SPX Express"}},{"type":"Feature","geometry":{"type":"Point","coordinates":[106.487124,9.628902]},"properties":{"Doanh nghiệp phuc vu bưu chính":"Công ty TNHH SPX Express","Điểm phục vụ bưu chính":"Địa điểm kinh doanh tại Trà Vinh (Duyên Hải) - Công ty TNHH SPX Express","Địa chỉ":"Quốc lộ 53, Ấp Thống Nhất, Phường Duyên Hải, Tỉnh Vĩnh Long","Số điện thoại":"0389779039","Số giấy phép ĐKKD":"00588","Số giấy phép bưu chính":"266/GP-BTTT","Ngày bắt đầu hoạt động":"5/25/22 12:00:00 AM","Tình trạng hoạt động":"Đang hoạt động","layer_id":167,"fid":752,"label":"Địa điểm kinh doanh tại Trà Vinh (Duyên Hải) - Công ty TNHH SPX Express"}},{"type":"Feature","geometry":{"type":"Point","coordinates":[106.45306131,9.81030562]},"properties":{"Doanh nghiệp phuc vu bưu chính":"Công ty TNHH SPX Express","Điểm phục vụ bưu chính":"Địa điểm kinh doanh tại Trà Vinh (Cầu Ngang) - Công ty TNHH SPX Express","Địa chỉ":"Mỹ Cẩm A, Xã Cầu Ngang, Tỉnh Vĩnh Long","Số điện thoại":"0364064707","Số giấy phép ĐKKD":"00641","Số giấy phép bưu chính":"266/GP-BTTT","Ngày bắt đầu hoạt động":"7/4/22 12:00:00 AM","Tình trạng hoạt động":"Đang hoạt động","layer_id":167,"fid":753,"label":"Địa điểm kinh doanh tại Trà Vinh (Cầu Ngang) - Công ty TNHH SPX Express"}},{"type":"Feature","geometry":{"type":"Point","coordinates":[106.208982,9.977324]},"properties":{"Doanh nghiệp phuc vu bưu chính":"Công ty TNHH SPX Express","Điểm phục vụ bưu chính":"Địa điểm kinh doanh tại Trà Vinh (Càng Long) - Công ty TNHH SPX Express","Địa chỉ":"Quốc lộ 53, Ấp Đùng Đình, Xã Càng Long, Tỉnh Vĩnh Long","Số điện thoại":"0836743607","Số giấy phép ĐKKD":"00649","Số giấy phép bưu chính":"266/GP-BTTT","Ngày bắt đầu hoạt động":"8/1/22 12:00:00 AM","Tình trạng hoạt động":"Đang hoạt động","layer_id":167,"fid":754,"label":"Địa điểm kinh doanh tại Trà Vinh (Càng Long) - Công ty TNHH SPX Express"}},{"type":"Feature","geometry":{"type":"Point","coordinates":[106.1970132,9.8207547]},"properties":{"Doanh nghiệp phuc vu bưu chính":"Công ty TNHH SPX Express","Điểm phục vụ bưu chính":"Địa điểm kinh doanh tại Trà Vinh (Tiểu Cần) - Công ty TNHH SPX Express","Địa chỉ":"Ấp Cây Hẹ, Xã Tiểu Cần, Tỉnh Vĩnh Long","Số điện thoại":"0986530718","Số giấy phép ĐKKD":"00708","Số giấy phép bưu chính":"266/GP-BTTT","Ngày bắt đầu hoạt động":"8/17/22 12:00:00 AM","Tình trạng hoạt động":"Đang hoạt động","layer_id":167,"fid":755,"label":"Địa điểm kinh doanh tại Trà Vinh (Tiểu Cần) - Công ty TNHH SPX Express"}},{"type":"Feature","geometry":{"type":"Point","coordinates":[106.268494,9.683106]},"properties":{"Doanh nghiệp phuc vu bưu chính":"Công ty TNHH SPX Express","Điểm phục vụ bưu chính":"Địa điểm kinh doanh tại Trà Vinh (Trà Cú) - Công ty TNHH SPX Express","Địa chỉ":"Ấp Sóc Trà A, Xã Trà Cú, Tỉnh Vĩnh Long","Số điện thoại":"0399268123","Số giấy phép ĐKKD":"00674","Số giấy phép bưu chính":"266/GP-BTTT","Ngày bắt đầu hoạt động":"10/3/22 12:00:00 AM","Tình trạng hoạt động":"Đang hoạt động","layer_id":167,"fid":756,"label":"Địa điểm kinh doanh tại Trà Vinh (Trà Cú) - Công ty TNHH SPX Express"}},{"type":"Feature","geometry":{"type":"Point","coordinates":[106.344289,9.88427]},"properties":{"Doanh nghiệp phuc vu bưu chính":"Công ty TNHH SPX Express","Điểm phục vụ bưu chính":"Địa điểm kinh doanh tại Trà Vinh ( Trà Vinh 2) - Công ty TNHH SPX Express","Địa chỉ":"Quốc lộ 54, Khóm 4, Xã Châu Thành, Tỉnh Vĩnh Long","Số điện thoại":"0974049366","Số giấy phép ĐKKD":"00762","Số giấy phép bưu chính":"266/GP-BTTT","Ngày bắt đầu hoạt động":"31/08/2023","Tình trạng hoạt động":"Đang hoạt động","layer_id":167,"fid":757,"label":"Địa điểm kinh doanh tại Trà Vinh ( Trà Vinh 2) - Công ty TNHH SPX Express"}},{"type":"Feature","geometry":{"type":"Point","coordinates":[106.332718466,9.942911725]},"properties":{"Doanh nghiệp phuc vu bưu chính":"Công ty TNHH SPX Express","Điểm phục vụ bưu chính":"Địa điểm kinh doanh tại Trà Vinh (Trà Vinh 3) - Công ty TNHH SPX Express","Địa chỉ":"Số 29A Đường Võ Văn Kiệt, Khóm 1, Phường Trà Vinh, Tỉnh Vĩnh Long","Số điện thoại":"0383545739","Số giấy phép ĐKKD":"00912","Số giấy phép bưu chính":"266/GP-BTTT","Ngày bắt đầu hoạt động":"6/3/24 12:00:00 AM","Tình trạng hoạt động":"Đang hoạt động","layer_id":167,"fid":758,"label":"Địa điểm kinh doanh tại Trà Vinh (Trà Vinh 3) - Công ty TNHH SPX Express"}},{"type":"Feature","geometry":{"type":"Point","coordinates":[106.061123426,9.877935667]},"properties":{"Doanh nghiệp phuc vu bưu chính":"Công ty TNHH SPX Express","Điểm phục vụ bưu chính":"Địa điểm kinh doanh tại Trà Vinh (Cầu Kè) - Công ty TNHH SPX Express","Địa chỉ":"Ấp 2, Xã Cầu Kè, Tỉnh Vĩnh Long","Số điện thoại":"0365546520","Số giấy phép ĐKKD":"01025","Số giấy phép bưu chính":"266/GP-BTTT","Ngày bắt đầu hoạt động":"11/1/24 12:00:00 AM","Tình trạng hoạt động":"Đang hoạt động","layer_id":167,"fid":759,"label":"Địa điểm kinh doanh tại Trà Vinh (Cầu Kè) - Công ty TNHH SPX Express"}},{"type":"Feature","geometry":{"type":"Point","coordinates":[106.407249506,9.602260995]},"properties":{"Doanh nghiệp phuc vu bưu chính":"Công ty TNHH SPX Express","Điểm phục vụ bưu chính":"Địa điểm kinh doanh tại Trà Vinh (Duyên Hải 2) - Công ty TNHH SPX Express","Địa chỉ":"Ấp Tân Thành, Xã Long Thành, Tỉnh Vĩnh Long","Số điện thoại":"0334000548","Số giấy phép ĐKKD":"01140","Số giấy phép bưu chính":"266/GP-BTTT","Ngày bắt đầu hoạt động":"7/2/25 12:00:00 AM","Tình trạng hoạt động":"Đang hoạt động","layer_id":167,"fid":760,"label":"Địa điểm kinh doanh tại Trà Vinh (Duyên Hải 2) - Công ty TNHH SPX Express"}},{"type":"Feature","geometry":{"type":"Point","coordinates":[106.300662581,9.907993401]},"properties":{"Doanh nghiệp phuc vu bưu chính":"Công ty TNHH SPX Express","Điểm phục vụ bưu chính":"Địa điểm kinh doanh tại Trà Vinh (Châu Thành) - Công ty TNHH SPX Express","Địa chỉ":"Ấp Sâm Bua, Xã Song Lộc, Tỉnh Vĩnh Long","Số điện thoại":"0977818797","Số giấy phép ĐKKD":"01139","Số giấy phép bưu chính":"266/GP-BTTT","Ngày bắt đầu hoạt động":"7/2/25 12:00:00 AM","Tình trạng hoạt động":"Đang hoạt động","layer_id":167,"fid":761,"label":"Địa điểm kinh doanh tại Trà Vinh (Châu Thành) - Công ty TNHH SPX Express"}},{"type":"Feature","geometry":{"type":"Point","coordinates":[105.986097,10.237258]},"properties":{"Doanh nghiệp phuc vu bưu chính":"Công ty TNHH SPX Express","Điểm phục vụ bưu chính":"Địa điểm kinh doanh tại Vĩnh Long (TP. Vinh Long) - Công ty TNHH SPX Express","Địa chỉ":"17A Đường Lê Minh Hữu, khóm 5, phường Phước Hậu, tỉnh Vĩnh Long","Số điện thoại":"0979413133","Số giấy phép ĐKKD":"00141","Số giấy phép bưu chính":"266/GP-BTTT","Ngày bắt đầu hoạt động":"4/28/21 12:00:00 AM","Tình trạng hoạt động":"Đang hoạt động","layer_id":167,"fid":762,"label":"Địa điểm kinh doanh tại Vĩnh Long (TP. Vinh Long) - Công ty TNHH SPX Express"}},{"type":"Feature","geometry":{"type":"Point","coordinates":[106.006660733,10.18910602]},"properties":{"Doanh nghiệp phuc vu bưu chính":"Công ty TNHH SPX Express","Điểm phục vụ bưu chính":"Địa điểm kinh doanh tại Vĩnh Long (Long Hồ) - Công ty TNHH SPX Express","Địa chỉ":"tổ 22, khóm Phú An, xã Long Hồ, tỉnh Vĩnh Long","Số điện thoại":"0906307208","Số giấy phép ĐKKD":"00288","Số giấy phép bưu chính":"266/GP-BTTT","Ngày bắt đầu hoạt động":"9/27/21 12:00:00 AM","Tình trạng hoạt động":"Đang hoạt động","layer_id":167,"fid":763,"label":"Địa điểm kinh doanh tại Vĩnh Long (Long Hồ) - Công ty TNHH SPX Express"}},{"type":"Feature","geometry":{"type":"Point","coordinates":[105.835873579,10.052628011]},"properties":{"Doanh nghiệp phuc vu bưu chính":"Công ty TNHH SPX Express","Điểm phục vụ bưu chính":"Địa điểm kinh doanh tại Vĩnh Long (Bình Minh) - Công ty TNHH SPX Express","Địa chỉ":"Phường Đông Thành, Tỉnh Vĩnh Long","Số điện thoại":"0365231167","Số giấy phép ĐKKD":"00646","Số giấy phép bưu chính":"266/GP-BTTT","Ngày bắt đầu hoạt động":"6/7/22 12:00:00 AM","Tình trạng hoạt động":"Đang hoạt động","layer_id":167,"fid":764,"label":"Địa điểm kinh doanh tại Vĩnh Long (Bình Minh) - Công ty TNHH SPX Express"}},{"type":"Feature","geometry":{"type":"Point","coordinates":[105.9939271,10.0442217]},"properties":{"Doanh nghiệp phuc vu bưu chính":"Công ty TNHH SPX Express","Điểm phục vụ bưu chính":"Địa điểm kinh doanh tại Vĩnh Long (Tam Bình) - Công ty TNHH SPX Express","Địa chỉ":"Khóm 3, Xã Tam Bình, Tỉnh Vĩnh Long","Số điện thoại":"0347647467","Số giấy phép ĐKKD":"00558","Số giấy phép bưu chính":"266/GP-BTTT","Ngày bắt đầu hoạt động":"4/11/22 12:00:00 AM","Tình trạng hoạt động":"Đang hoạt động","layer_id":167,"fid":765,"label":"Địa điểm kinh doanh tại Vĩnh Long (Tam Bình) - Công ty TNHH SPX Express"}},{"type":"Feature","geometry":{"type":"Point","coordinates":[106.192336,10.097257]},"properties":{"Doanh nghiệp phuc vu bưu chính":"Công ty TNHH SPX Express","Điểm phục vụ bưu chính":"Địa điểm kinh doanh tại Vĩnh Long (Vũng Liêm) - Công ty TNHH SPX Express","Địa chỉ":"110 tổ 7, ấp Phong Thới, xã Trung Thành, tỉnh Vĩnh Long","Số điện thoại":"0349491539","Số giấy phép ĐKKD":"00523","Số giấy phép bưu chính":"266/GP-BTTT","Ngày bắt đầu hoạt động":"3/18/22 12:00:00 AM","Tình trạng hoạt động":"Đang hoạt động","layer_id":167,"fid":766,"label":"Địa điểm kinh doanh tại Vĩnh Long (Vũng Liêm) - Công ty TNHH SPX Express"}},{"type":"Feature","geometry":{"type":"Point","coordinates":[105.93995,10.252745]},"properties":{"Doanh nghiệp phuc vu bưu chính":"Công ty TNHH SPX Express","Điểm phục vụ bưu chính":"Địa điểm kinh doanh tại Vĩnh Long (Vĩnh Long 02) - Công ty TNHH SPX Express","Địa chỉ":"H76 - H78 Phan Văn Đáng, Khóm 10, Phường Long Châu, Tỉnh Vĩnh Long","Số điện thoại":"0794973697","Số giấy phép ĐKKD":"00685","Số giấy phép bưu chính":"266/GP-BTTT","Ngày bắt đầu hoạt động":"9/28/22 12:00:00 AM","Tình trạng hoạt động":"Đang hoạt động","layer_id":167,"fid":767,"label":"Địa điểm kinh doanh tại Vĩnh Long (Vĩnh Long 02) - Công ty TNHH SPX Express"}},{"type":"Feature","geometry":{"type":"Point","coordinates":[105.926870955,9.969839197]},"properties":{"Doanh nghiệp phuc vu bưu chính":"Công ty TNHH SPX Express","Điểm phục vụ bưu chính":"Địa điểm kinh doanh tại Vĩnh Long (Trà Ôn) - Công ty TNHH SPX Express","Địa chỉ":"Số 4, Ấp 6, Xã Trà Ôn, Tỉnh Vĩnh Long","Số điện thoại":"0977206203","Số giấy phép ĐKKD":"00928","Số giấy phép bưu chính":"266/GP-BTTT","Ngày bắt đầu hoạt động":"7/5/24 12:00:00 AM","Tình trạng hoạt động":"Đang hoạt động","layer_id":167,"fid":768,"label":"Địa điểm kinh doanh tại Vĩnh Long (Trà Ôn) - Công ty TNHH SPX Express"}},{"type":"Feature","geometry":{"type":"Point","coordinates":[105.921221532,10.159995811]},"properties":{"Doanh nghiệp phuc vu bưu chính":"Công ty TNHH SPX Express","Điểm phục vụ bưu chính":"Địa điểm kinh doanh tại Vĩnh Long (Long Hồ 02) - Công ty TNHH SPX Express","Địa chỉ":"Số 203/14, tổ 14, ấp Phú Long A, xã Phú Quới, tỉnh Vĩnh Long","Số điện thoại":"0907600743","Số giấy phép ĐKKD":"00980","Số giấy phép bưu chính":"266/GP-BTTT","Ngày bắt đầu hoạt động":"8/4/24 12:00:00 AM","Tình trạng hoạt động":"Đang hoạt động","layer_id":167,"fid":769,"label":"Địa điểm kinh doanh tại Vĩnh Long (Long Hồ 02) - Công ty TNHH SPX Express"}},{"type":"Feature","geometry":{"type":"Point","coordinates":[105.756239,10.1072]},"properties":{"Doanh nghiệp phuc vu bưu chính":"Công ty TNHH SPX Express","Điểm phục vụ bưu chính":"Địa điểm kinh doanh tại Vĩnh Long ( Bình  Tân)- Công ty TNHH SPX Express","Địa chỉ":"đường Nguyễn Văn Thảnh, tổ 19, khóm Thành Quới, xã Tân Quới, tỉnh Vĩnh Long","Số điện thoại":"0798519596","Số giấy phép ĐKKD":"00997","Số giấy phép bưu chính":"266/GP-BTTT","Ngày bắt đầu hoạt động":"9/23/24 12:00:00 AM","Tình trạng hoạt động":"Đang hoạt động","layer_id":167,"fid":770,"label":"Địa điểm kinh doanh tại Vĩnh Long ( Bình  Tân)- Công ty TNHH SPX Express"}},{"type":"Feature","geometry":{"type":"Point","coordinates":[105.9684432,10.23366439]},"properties":{"Doanh nghiệp phuc vu bưu chính":"Công ty TNHH SPX Express","Điểm phục vụ bưu chính":"Địa điểm kinh doanh tại Vĩnh Long (Vĩnh Long 3) - Công ty TNHH SPX Express","Địa chỉ":"73/22A, Đường Nguyễn Văn Nhung, Phường Phước Hậu, Tỉnh vĩnh Long","Số điện thoại":"0939380398","Số giấy phép ĐKKD":"01195","Số giấy phép bưu chính":"266/GP-BTTT","Ngày bắt đầu hoạt động":"9/16/25 12:00:00 AM","Tình trạng hoạt động":"Đang hoạt động","layer_id":167,"fid":771,"label":"Địa điểm kinh doanh tại Vĩnh Long (Vĩnh Long 3) - Công ty TNHH SPX Express"}},{"type":"Feature","geometry":{"type":"Point","coordinates":[106.0796891,9.96287164]},"properties":{"Doanh nghiệp phuc vu bưu chính":"Công ty TNHH SPX Express","Điểm phục vụ bưu chính":"Địa điểm kinh doanh tại Vĩnh Long (Hựu Thạnh) - Công ty TNHH SPX Express","Địa chỉ":"Tổ 1, ấp Khu Phố, xã Vĩnh Xuân, tỉnh Vĩnh Long","Số điện thoại":"0985428240","Số giấy phép ĐKKD":"01338","Số giấy phép bưu chính":"266/GP-BTTT","Ngày bắt đầu hoạt động":"11/2/25 12:00:00 AM","Tình trạng hoạt động":"Đang hoạt động","layer_id":167,"fid":772,"label":"Địa điểm kinh doanh tại Vĩnh Long (Hựu Thạnh) - Công ty TNHH SPX Express"}},{"type":"Feature","geometry":{"type":"Point","coordinates":[106.382989,10.270386]},"properties":{"Doanh nghiệp phuc vu bưu chính":"Công ty TNHH SPX Express","Điểm phục vụ bưu chính":"Địa điểm kinh doanh tại Bến Tre (Bến Tre 2) - Công ty TNHH SPX Express","Địa chỉ":"Khu Phố Hữu Nhơn, Phường Phú Tân, Tỉnh Vĩnh Long","Số điện thoại":"0376799451","Số giấy phép ĐKKD":"00676","Số giấy phép bưu chính":"266/GP-BTTT","Ngày bắt đầu hoạt động":"26/08/2022","Tình trạng hoạt động":"Đang hoạt động","layer_id":167,"fid":773,"label":"Địa điểm kinh doanh tại Bến Tre (Bến Tre 2) - Công ty TNHH SPX Express"}},{"type":"Feature","geometry":{"type":"Point","coordinates":[106.516056095,10.151663906]},"properties":{"Doanh nghiệp phuc vu bưu chính":"Công ty TNHH SPX Express","Điểm phục vụ bưu chính":"Địa điểm kinh doanh tại Bến Tre  (Giồng Trôm) - Công ty TNHH SPX Express","Địa chỉ":"ấp 1, xã Giồng Trôm,tỉnh Vĩnh Long","Số điện thoại":"0357262689","Số giấy phép ĐKKD":"00380","Số giấy phép bưu chính":"266/GP-BTTT","Ngày bắt đầu hoạt động":"21/12/2021","Tình trạng hoạt động":"Đang hoạt động","layer_id":167,"fid":774,"label":"Địa điểm kinh doanh tại Bến Tre  (Giồng Trôm) - Công ty TNHH SPX Express"}},{"type":"Feature","geometry":{"type":"Point","coordinates":[106.627198138,10.117111929]},"properties":{"Doanh nghiệp phuc vu bưu chính":"Công ty TNHH SPX Express","Điểm phục vụ bưu chính":"Địa điểm kinh doanh tại Vĩnh Long (Ba Tri 2) - Công ty TNHH SPX Express","Địa chỉ":"ấp Tân Thanh 2, Xã Tân Xuân, Tỉnh Vĩnh Long","Số điện thoại":"0971626739","Số giấy phép ĐKKD":"01206","Số giấy phép bưu chính":"266/GP-BTTT","Ngày bắt đầu hoạt động":"16/08/2025","Tình trạng hoạt động":"Đang hoạt động","layer_id":167,"fid":775,"label":"Địa điểm kinh doanh tại Vĩnh Long (Ba Tri 2) - Công ty TNHH SPX Express"}},{"type":"Feature","geometry":{"type":"Point","coordinates":[106.329726,10.119151]},"properties":{"Doanh nghiệp phuc vu bưu chính":"Công ty TNHH SPX Express","Điểm phục vụ bưu chính":"Địa điểm kinh doanh tại Bến Tre (Mỏ Cày Nam)- Công Ty TNHH SPX EXPRESS","Địa chỉ":"Xã Mỏ Cày, Tỉnh Vĩnh Long","Số điện thoại":"0939877337","Số giấy phép ĐKKD":"00300","Số giấy phép bưu chính":"266/GP-BTTT","Ngày bắt đầu hoạt động":"22/10/2021","Tình trạng hoạt động":"Đang hoạt động","layer_id":167,"fid":781,"label":"Địa điểm kinh doanh tại Bến Tre (Mỏ Cày Nam)- Công Ty TNHH SPX EXPRESS"}},{"type":"Feature","geometry":{"type":"Point","coordinates":[106.27031,10.276875]},"properties":{"Doanh nghiệp phuc vu bưu chính":"Công ty TNHH SPX Express","Điểm phục vụ bưu chính":"Địa điểm kinh doanh tại Bến Tre (Châu Thành 2) - Công ty TNHH SPX Express","Địa chỉ":"Khu Phố Tiên Tây Vàm, Xã Tiên Thủy, Tỉnh Vĩnh Long","Số điện thoại":"0927099189","Số giấy phép ĐKKD":"01055","Số giấy phép bưu chính":"266/GP-BTTT","Ngày bắt đầu hoạt động":"27/11/2024","Tình trạng hoạt động":"Đang hoạt động","layer_id":167,"fid":776,"label":"Địa điểm kinh doanh tại Bến Tre (Châu Thành 2) - Công ty TNHH SPX Express"}},{"type":"Feature","geometry":{"type":"Point","coordinates":[106.39452,10.30402]},"properties":{"Doanh nghiệp phuc vu bưu chính":"Công ty TNHH SPX Express","Điểm phục vụ bưu chính":"Địa điểm kinh doanh tại Bến Tre (Châu Thành 3) - Công ty TNHH SPX Express","Địa chỉ":"Số nhà 509/4 ấp Quới Hòa Đông, xã Giao Long, tỉnh Vĩnh Long","Số điện thoại":"0962374770","Số giấy phép ĐKKD":"01248","Số giấy phép bưu chính":"266/GP-BTTT","Ngày bắt đầu hoạt động":"28/09/2025","Tình trạng hoạt động":"Đang hoạt động","layer_id":167,"fid":777,"label":"Địa điểm kinh doanh tại Bến Tre (Châu Thành 3) - Công ty TNHH SPX Express"}},{"type":"Feature","geometry":{"type":"Point","coordinates":[106.439416088,10.273171479]},"properties":{"Doanh nghiệp phuc vu bưu chính":"Công ty TNHH SPX Express","Điểm phục vụ bưu chính":"Địa điểm kinh doanh tại Vĩnh Long (Giồng Trôm 2) - Công ty TNHH SPX Express","Địa chỉ":"Số 140, ấp Mỹ An, xã Phước Long, tỉnh Vĩnh Long","Số điện thoại":"0969587090","Số giấy phép ĐKKD":"01295","Số giấy phép bưu chính":"266/GP-BTTT","Ngày bắt đầu hoạt động":"22/07/2025","Tình trạng hoạt động":"Đang hoạt động","layer_id":167,"fid":778,"label":"Địa điểm kinh doanh tại Vĩnh Long (Giồng Trôm 2) - Công ty TNHH SPX Express"}},{"type":"Feature","geometry":{"type":"Point","coordinates":[106.588536,10.046816]},"properties":{"Doanh nghiệp phuc vu bưu chính":"Công ty TNHH SPX Express","Điểm phục vụ bưu chính":"Địa điểm kinh doanh tại Bến Tre (Ba Tri) - Công ty TNHH SPX Express","Địa chỉ":"Số 18-19, Đường số 04, Khu đô thị Việt Sin -An Bình, xã Ba Tri, tỉnh Vĩnh Long","Số điện thoại":"0337960505","Số giấy phép ĐKKD":"00313","Số giấy phép bưu chính":"266/GP-BTTT","Ngày bắt đầu hoạt động":"28/10/2021","Tình trạng hoạt động":"Đang hoạt động","layer_id":167,"fid":779,"label":"Địa điểm kinh doanh tại Bến Tre (Ba Tri) - Công ty TNHH SPX Express"}},{"type":"Feature","geometry":{"type":"Point","coordinates":[106.143565659,10.250524522]},"properties":{"Doanh nghiệp phuc vu bưu chính":"Công ty TNHH SPX Express","Điểm phục vụ bưu chính":"Địa điểm kinh doanh tại Bến Tre (Chợ Lách) - Công ty TNHH SPX Express","Địa chỉ":"Quốc lộ 57, Ấp Nhơn Phú, xã Chợ Lách, tỉnh Vĩnh Long","Số điện thoại":"0964003432","Số giấy phép ĐKKD":"00630","Số giấy phép bưu chính":"266/GP-BTTT","Ngày bắt đầu hoạt động":"27/05/2022","Tình trạng hoạt động":"Đang hoạt động","layer_id":167,"fid":780,"label":"Địa điểm kinh doanh tại Bến Tre (Chợ Lách) - Công ty TNHH SPX Express"}},{"type":"Feature","geometry":{"type":"Point","coordinates":[106.515831624,9.94551958]},"properties":{"Doanh nghiệp phuc vu bưu chính":"Công ty TNHH SPX Express","Điểm phục vụ bưu chính":"Địa điểm kinh doanh tại Bến Tre (Thạnh Phú) - Công ty TNHH SPX EXPRESS","Địa chỉ":"khu phố 3, Xã Thạnh Phú, Tỉnh Vĩnh Long","Số điện thoại":"0917279363","Số giấy phép ĐKKD":"00514","Số giấy phép bưu chính":"266/GP-BTTT","Ngày bắt đầu hoạt động":"12/4/22 12:00:00 AM","Tình trạng hoạt động":"Đang hoạt động","layer_id":167,"fid":782,"label":"Địa điểm kinh doanh tại Bến Tre (Thạnh Phú) - Công ty TNHH SPX EXPRESS"}},{"type":"Feature","geometry":{"type":"Point","coordinates":[106.342556,10.310917]},"properties":{"Doanh nghiệp phuc vu bưu chính":"Công ty TNHH SPX Express","Điểm phục vụ bưu chính":"Địa điểm kinh doanh tại Bến Tre (Châu Thành) - Công ty TNHH SPX Express","Địa chỉ":"ấp An Mỹ, xã Phú Túc, tỉnh Vĩnh Long","Số điện thoại":"0399941090","Số giấy phép ĐKKD":"00144","Số giấy phép bưu chính":"266/GP-BTTT","Ngày bắt đầu hoạt động":"26/05/2021","Tình trạng hoạt động":"Đang hoạt động","layer_id":167,"fid":783,"label":"Địa điểm kinh doanh tại Bến Tre (Châu Thành) - Công ty TNHH SPX Express"}},{"type":"Feature","geometry":{"type":"Point","coordinates":[106.268606,10.17998]},"properties":{"Doanh nghiệp phuc vu bưu chính":"Công ty TNHH SPX Express","Điểm phục vụ bưu chính":"Địa điểm kinh doanh tại Bến Tre (Mỏ Cày Bắc) - Công ty TNHH SPX Express","Địa chỉ":"ấp Thanh Hòa, xã Tân Thành Bình, tỉnh Vĩnh Long","Số điện thoại":"0988592440","Số giấy phép ĐKKD":"00513","Số giấy phép bưu chính":"266/GP-BTTT","Ngày bắt đầu hoạt động":"04/04/2022","Tình trạng hoạt động":"Đang hoạt động","layer_id":167,"fid":784,"label":"Địa điểm kinh doanh tại Bến Tre (Mỏ Cày Bắc) - Công ty TNHH SPX Express"}},{"type":"Feature","geometry":{"type":"Point","coordinates":[106.220481,10.204939]},"properties":{"Doanh nghiệp phuc vu bưu chính":"Công ty TNHH SPX Express","Điểm phục vụ bưu chính":"Địa điểm kinh doanh tại Vĩnh Long (Chợ Lách 2)- Công Ty TNHH SPX EXPRESS","Địa chỉ":"ấp Vĩnh Bắc, xã Vĩnh Thành, tỉnh Vĩnh Long","Số điện thoại":"0388860077","Số giấy phép ĐKKD":"01237","Số giấy phép bưu chính":"266/GP-BTTT","Ngày bắt đầu hoạt động":"22/09/2025","Tình trạng hoạt động":"Đang hoạt động","layer_id":167,"fid":785,"label":"Địa điểm kinh doanh tại Vĩnh Long (Chợ Lách 2)- Công Ty TNHH SPX EXPRESS"}},{"type":"Feature","geometry":{"type":"Point","coordinates":[106.355472,10.228356]},"properties":{"Doanh nghiệp phuc vu bưu chính":"Công ty TNHH SPX Express","Điểm phục vụ bưu chính":"Địa điểm kinh doanh tại Vĩnh Long (Bến Tre)- Công Ty TNHH SPX EXPRESS","Địa chỉ":"297C5 đường Nguyễn Văn Tư, Khu phố 3, Phường Bến Tre, Tỉnh Vĩnh Long","Số điện thoại":"0933923516","Số giấy phép ĐKKD":"00035","Số giấy phép bưu chính":"266/GP-BTTT","Ngày bắt đầu hoạt động":"26/03/2021","Tình trạng hoạt động":"Đang hoạt động","layer_id":167,"fid":786,"label":"Địa điểm kinh doanh tại Vĩnh Long (Bến Tre)- Công Ty TNHH SPX EXPRESS"}},{"type":"Feature","geometry":{"type":"Point","coordinates":[106.67438,10.205406]},"properties":{"Doanh nghiệp phuc vu bưu chính":"Công ty TNHH SPX Express","Điểm phục vụ bưu chính":"Địa điểm kinh doanh tại Bến Tre (Bình Đại) - Công ty TNHH SPX Express","Địa chỉ":"ấp 1 Giồng Sầm, Xã Bình Đại, Tỉnh Vĩnh Long","Số điện thoại":"0372404150","Số giấy phép ĐKKD":"00283","Số giấy phép bưu chính":"266/GP-BTTT","Ngày bắt đầu hoạt động":"1/10/21 12:00:00 AM","Tình trạng hoạt động":"Đang hoạt động","layer_id":167,"fid":787,"label":"Địa điểm kinh doanh tại Bến Tre (Bình Đại) - Công ty TNHH SPX Express"}},{"type":"Feature","geometry":{"type":"Point","coordinates":[106.543468,10.2305466]},"properties":{"Doanh nghiệp phuc vu bưu chính":"Công ty TNHH SPX Express","Điểm phục vụ bưu chính":"Địa điểm kinh doanh tại Vĩnh Long (Bình Đại 2)- Công Ty TNHH SPX EXPRESS","Địa chỉ":"ấp Chợ xã Châu Hưng, tỉnh Vĩnh Long","Số điện thoại":"0974175119","Số giấy phép ĐKKD":"01281","Số giấy phép bưu chính":"266/GP-BTTT","Ngày bắt đầu hoạt động":"5/8/25 12:00:00 AM","Tình trạng hoạt động":"Đang hoạt động","layer_id":167,"fid":788,"label":"Địa điểm kinh doanh tại Vĩnh Long (Bình Đại 2)- Công Ty TNHH SPX EXPRESS"}},{"type":"Feature","geometry":{"type":"Point","coordinates":[106.406063,10.014679]},"properties":{"Doanh nghiệp phuc vu bưu chính":"Công ty TNHH SPX Express","Điểm phục vụ bưu chính":"Địa điểm kinh doanh tại Vĩnh Long (Mỏ Cày Nam 2)- Công Ty TNHH SPX EXPRESS","Địa chỉ":"Ấp Thị, Xã Hương Mỹ, Tỉnh Vĩnh Long","Số điện thoại":"0332507950","Số giấy phép ĐKKD":"01167","Số giấy phép bưu chính":"266/GP-BTTT","Ngày bắt đầu hoạt động":"27/08/2025","Tình trạng hoạt động":"Đang hoạt động","layer_id":167,"fid":789,"label":"Địa điểm kinh doanh tại Vĩnh Long (Mỏ Cày Nam 2)- Công Ty TNHH SPX EXPRESS"}}]}
