{"type":"FeatureCollection","name":"Trạm BTS 5G","metadata":{"source":"https://hatang.vinhlong.gov.vn/","downloaded_at":"2026-07-20T01:11:47+00:00","layer_id":179,"layer_name":"Trạm BTS 5G","catalog_endpoints":["/map/publicLayers2?inputs=bcvt"],"requested_bbox":[104.0,8.0,108.0,12.0],"tile_size":0.0,"tile_count":1,"tile_errors":[],"feature_count":915,"coordinate_order":"x,y (thường là longitude,latitude theo cấu hình EPSG:4326 của WebGIS)"},"features":[{"type":"Feature","geometry":{"type":"Point","coordinates":[105.8211006,10.0688004]},"properties":{"Tên doanh nghiệp":"MobiFone Vĩnh Long","Tên trạm BTS":"VLBM01","Địa chỉ lắp đặt":"Đài Viễn Thông Bình Minh, số 127/15 khóm 1, phường Bình Minh, tỉnh Vĩnh Long","Trạm 5G":"5G","layer_id":179,"fid":1094,"label":"MobiFone Vĩnh Long"}},{"type":"Feature","geometry":{"type":"Point","coordinates":[105.8292,10.058]},"properties":{"Tên doanh nghiệp":"MobiFone Vĩnh Long","Tên trạm BTS":"VLBM02","Địa chỉ lắp đặt":"Ấp Đông Bình, phường Đông Thành, tỉnh Vĩnh Long","Trạm 5G":"5G","layer_id":179,"fid":1095,"label":"MobiFone Vĩnh Long"}},{"type":"Feature","geometry":{"type":"Point","coordinates":[105.8344,10.079]},"properties":{"Tên doanh nghiệp":"MobiFone Vĩnh Long","Tên trạm BTS":"VLBM03","Địa chỉ lắp đặt":"Ấp Thuận Tiến B, phường Bình Minh, tỉnh Vĩnh Long","Trạm 5G":"5G","layer_id":179,"fid":1096,"label":"MobiFone Vĩnh Long"}},{"type":"Feature","geometry":{"type":"Point","coordinates":[105.8411,10.026]},"properties":{"Tên doanh nghiệp":"MobiFone Vĩnh Long","Tên trạm BTS":"VLBM05","Địa chỉ lắp đặt":"Ấp Đông Hưng 1, phường Đông Thành, tỉnh Vĩnh Long","Trạm 5G":"5G","layer_id":179,"fid":1097,"label":"MobiFone Vĩnh Long"}},{"type":"Feature","geometry":{"type":"Point","coordinates":[105.839,10.0441]},"properties":{"Tên doanh nghiệp":"MobiFone Vĩnh Long","Tên trạm BTS":"VLBM10","Địa chỉ lắp đặt":"Số 765, Phù Ly 1, khóm Đông Bình, phường Đông Thành, tỉnh Vĩnh Long","Trạm 5G":"5G","layer_id":179,"fid":1098,"label":"MobiFone Vĩnh Long"}},{"type":"Feature","geometry":{"type":"Point","coordinates":[105.82307,10.036076]},"properties":{"Tên doanh nghiệp":"MobiFone Vĩnh Long","Tên trạm BTS":"VLBMC2","Địa chỉ lắp đặt":"KCN Bình Minh, phường Cái Vồn, tỉnh Vĩnh Long","Trạm 5G":"5G","layer_id":179,"fid":2010,"label":"MobiFone Vĩnh Long"}},{"type":"Feature","geometry":{"type":"Point","coordinates":[105.824926,10.035774]},"properties":{"Tên doanh nghiệp":"MobiFone Vĩnh Long","Tên trạm BTS":"VLBMC1","Địa chỉ lắp đặt":"KCN Bình Minh, phường Cái Vồn, tỉnh Vĩnh Long","Trạm 5G":"5G","layer_id":179,"fid":2011,"label":"MobiFone Vĩnh Long"}},{"type":"Feature","geometry":{"type":"Point","coordinates":[105.8123347,10.0655275]},"properties":{"Tên doanh nghiệp":"MobiFone Vĩnh Long","Tên trạm BTS":"VLBM12","Địa chỉ lắp đặt":"Số 1018, tổ 1, khóm 2, phường Bình Minh, tỉnh Vĩnh Long","Trạm 5G":"5G","layer_id":179,"fid":1099,"label":"MobiFone Vĩnh Long"}},{"type":"Feature","geometry":{"type":"Point","coordinates":[105.82,10.0642]},"properties":{"Tên doanh nghiệp":"MobiFone Vĩnh Long","Tên trạm BTS":"VLBM13","Địa chỉ lắp đặt":"Số 253/11 Phan Văn Năm, tổ 6, khóm 3, phường Bình Minh, tỉnh Vĩnh Long","Trạm 5G":"5G","layer_id":179,"fid":1100,"label":"MobiFone Vĩnh Long"}},{"type":"Feature","geometry":{"type":"Point","coordinates":[105.8212,10.074]},"properties":{"Tên doanh nghiệp":"MobiFone Vĩnh Long","Tên trạm BTS":"VLBM14","Địa chỉ lắp đặt":"Ấp Thuận Thới, phường Bình Minh, tỉnh Vĩnh Long","Trạm 5G":"5G","layer_id":179,"fid":1101,"label":"MobiFone Vĩnh Long"}},{"type":"Feature","geometry":{"type":"Point","coordinates":[105.8266,10.0657]},"properties":{"Tên doanh nghiệp":"MobiFone Vĩnh Long","Tên trạm BTS":"VLBM16","Địa chỉ lắp đặt":"Số 1814, Tổ 45, ấp Đông Bình A, phường Đông Thành, tỉnh Vĩnh Long","Trạm 5G":"5G","layer_id":179,"fid":1102,"label":"MobiFone Vĩnh Long"}},{"type":"Feature","geometry":{"type":"Point","coordinates":[105.8255,10.0707]},"properties":{"Tên doanh nghiệp":"MobiFone Vĩnh Long","Tên trạm BTS":"VLBM19","Địa chỉ lắp đặt":"Tổ 19, khóm 5, phường Bình Minh, tỉnh Vĩnh Long","Trạm 5G":"5G","layer_id":179,"fid":1103,"label":"MobiFone Vĩnh Long"}},{"type":"Feature","geometry":{"type":"Point","coordinates":[105.8484,10.0781]},"properties":{"Tên doanh nghiệp":"MobiFone Vĩnh Long","Tên trạm BTS":"VLBM20","Địa chỉ lắp đặt":"Ấp Thuận Tiến, phường Bình Minh, tỉnh Vĩnh Long","Trạm 5G":"5G","layer_id":179,"fid":1104,"label":"MobiFone Vĩnh Long"}},{"type":"Feature","geometry":{"type":"Point","coordinates":[105.8297,10.038]},"properties":{"Tên doanh nghiệp":"MobiFone Vĩnh Long","Tên trạm BTS":"VLBM21","Địa chỉ lắp đặt":"Lô C2-08, Khu Dân Cư Bình Minh, ấp Mỹ Lợi, phường Cái Vồn, tỉnh Vĩnh Long","Trạm 5G":"5G","layer_id":179,"fid":1105,"label":"MobiFone Vĩnh Long"}},{"type":"Feature","geometry":{"type":"Point","coordinates":[105.8225,10.0298]},"properties":{"Tên doanh nghiệp":"MobiFone Vĩnh Long","Tên trạm BTS":"VLBM24","Địa chỉ lắp đặt":"Ấp Mỹ Hưng 2, phường Cái Vồn, tỉnh Vĩnh Long","Trạm 5G":"5G","layer_id":179,"fid":1106,"label":"MobiFone Vĩnh Long"}},{"type":"Feature","geometry":{"type":"Point","coordinates":[105.8392,10.0529]},"properties":{"Tên doanh nghiệp":"MobiFone Vĩnh Long","Tên trạm BTS":"VLBM27","Địa chỉ lắp đặt":"Ấp Phù Ly 2, phường Đông Thành, tỉnh Vĩnh Long","Trạm 5G":"5G","layer_id":179,"fid":1107,"label":"MobiFone Vĩnh Long"}},{"type":"Feature","geometry":{"type":"Point","coordinates":[105.8276,10.0479]},"properties":{"Tên doanh nghiệp":"MobiFone Vĩnh Long","Tên trạm BTS":"VLBM31","Địa chỉ lắp đặt":"Số 776/1 tổ 1, ấp Mỹ Lợi, phường Cái Vồn, tỉnh Vĩnh Long","Trạm 5G":"5G","layer_id":179,"fid":1108,"label":"MobiFone Vĩnh Long"}},{"type":"Feature","geometry":{"type":"Point","coordinates":[105.82615,10.03398]},"properties":{"Tên doanh nghiệp":"MobiFone Vĩnh Long","Tên trạm BTS":"VLBMX0","Địa chỉ lắp đặt":"Khu Công Nghiệp Bình Minh, phường Cái Vồn, tỉnh Vĩnh Long","Trạm 5G":"5G","layer_id":179,"fid":1110,"label":"MobiFone Vĩnh Long"}},{"type":"Feature","geometry":{"type":"Point","coordinates":[105.7978,10.0636]},"properties":{"Tên doanh nghiệp":"MobiFone Vĩnh Long","Tên trạm BTS":"VLBM34","Địa chỉ lắp đặt":"Tổ 12, khóm 1, phường Bình Minh, tỉnh Vĩnh Long","Trạm 5G":"5G","layer_id":179,"fid":1109,"label":"MobiFone Vĩnh Long"}},{"type":"Feature","geometry":{"type":"Point","coordinates":[105.7537,10.1022]},"properties":{"Tên doanh nghiệp":"MobiFone Vĩnh Long","Tên trạm BTS":"VLBT03","Địa chỉ lắp đặt":"Ấp Tân Thuận, xã Tân Quới, tỉnh Vĩnh Long","Trạm 5G":"5G","layer_id":179,"fid":1111,"label":"MobiFone Vĩnh Long"}},{"type":"Feature","geometry":{"type":"Point","coordinates":[105.8574797,10.1476512]},"properties":{"Tên doanh nghiệp":"MobiFone Vĩnh Long","Tên trạm BTS":"VLBT09","Địa chỉ lắp đặt":"Ấp Hòa Hiệp, xã Mỹ Thuận, tỉnh Vĩnh Long","Trạm 5G":"5G","layer_id":179,"fid":1112,"label":"MobiFone Vĩnh Long"}},{"type":"Feature","geometry":{"type":"Point","coordinates":[105.7758,10.0894]},"properties":{"Tên doanh nghiệp":"MobiFone Vĩnh Long","Tên trạm BTS":"VLBT10","Địa chỉ lắp đặt":"Ấp Thành Công, xã Tân Quới, tỉnh Vĩnh Long","Trạm 5G":"5G","layer_id":179,"fid":1113,"label":"MobiFone Vĩnh Long"}},{"type":"Feature","geometry":{"type":"Point","coordinates":[105.7608,10.1011]},"properties":{"Tên doanh nghiệp":"MobiFone Vĩnh Long","Tên trạm BTS":"VLBT16","Địa chỉ lắp đặt":"Số 2051, khóm Thành Nhân, xã Tân Quới, tỉnh Vĩnh Long","Trạm 5G":"5G","layer_id":179,"fid":1114,"label":"MobiFone Vĩnh Long"}},{"type":"Feature","geometry":{"type":"Point","coordinates":[105.697,10.1553]},"properties":{"Tên doanh nghiệp":"MobiFone Vĩnh Long","Tên trạm BTS":"VLBT22","Địa chỉ lắp đặt":"Ấp An Thới, xã Tân Lược, tỉnh Vĩnh Long","Trạm 5G":"5G","layer_id":179,"fid":1115,"label":"MobiFone Vĩnh Long"}},{"type":"Feature","geometry":{"type":"Point","coordinates":[105.8410633,10.1068913]},"properties":{"Tên doanh nghiệp":"MobiFone Vĩnh Long","Tên trạm BTS":"VLBT34","Địa chỉ lắp đặt":"Ấp Mỹ Tú, xã Mỹ Thuận, tỉnh Vĩnh Long","Trạm 5G":"5G","layer_id":179,"fid":1116,"label":"MobiFone Vĩnh Long"}},{"type":"Feature","geometry":{"type":"Point","coordinates":[105.9936,10.2144]},"properties":{"Tên doanh nghiệp":"MobiFone Vĩnh Long","Tên trạm BTS":"VLLH02","Địa chỉ lắp đặt":"Ấp Long Thuận A, xã Long Hồ, tỉnh Vĩnh Long","Trạm 5G":"5G","layer_id":179,"fid":1117,"label":"MobiFone Vĩnh Long"}},{"type":"Feature","geometry":{"type":"Point","coordinates":[106.0133,10.1928]},"properties":{"Tên doanh nghiệp":"MobiFone Vĩnh Long","Tên trạm BTS":"VLLH03","Địa chỉ lắp đặt":"Khóm 1, xã Long Hồ, tỉnh Vĩnh Long","Trạm 5G":"5G","layer_id":179,"fid":1118,"label":"MobiFone Vĩnh Long"}},{"type":"Feature","geometry":{"type":"Point","coordinates":[105.928346,10.1661377]},"properties":{"Tên doanh nghiệp":"MobiFone Vĩnh Long","Tên trạm BTS":"VLLH04","Địa chỉ lắp đặt":"Ấp Phước Yên A, xã Phú Quới, tỉnh Vĩnh Long ","Trạm 5G":"5G","layer_id":179,"fid":1119,"label":"MobiFone Vĩnh Long"}},{"type":"Feature","geometry":{"type":"Point","coordinates":[105.9217,10.1622]},"properties":{"Tên doanh nghiệp":"MobiFone Vĩnh Long","Tên trạm BTS":"VLLH05","Địa chỉ lắp đặt":"Ấp Phú Long A, xã Phú Quới, tỉnh Vĩnh Long","Trạm 5G":"5G","layer_id":179,"fid":1120,"label":"MobiFone Vĩnh Long"}},{"type":"Feature","geometry":{"type":"Point","coordinates":[105.9324,10.1739]},"properties":{"Tên doanh nghiệp":"MobiFone Vĩnh Long","Tên trạm BTS":"VLLH14","Địa chỉ lắp đặt":"Ấp Phước Hòa, xã Phú Quới, tỉnh Vĩnh Long ","Trạm 5G":"5G","layer_id":179,"fid":1121,"label":"MobiFone Vĩnh Long"}},{"type":"Feature","geometry":{"type":"Point","coordinates":[105.9401,10.1946]},"properties":{"Tên doanh nghiệp":"MobiFone Vĩnh Long","Tên trạm BTS":"VLLH15","Địa chỉ lắp đặt":"Ấp Phước Long, xã Phú Quới, tỉnh Vĩnh Long ","Trạm 5G":"5G","layer_id":179,"fid":1122,"label":"MobiFone Vĩnh Long"}},{"type":"Feature","geometry":{"type":"Point","coordinates":[106.0092,10.2515]},"properties":{"Tên doanh nghiệp":"MobiFone Vĩnh Long","Tên trạm BTS":"VLLH23","Địa chỉ lắp đặt":"Ấp Sơn Đông, phường Thanh Đức, tỉnh Vĩnh Long","Trạm 5G":"5G","layer_id":179,"fid":1123,"label":"MobiFone Vĩnh Long"}},{"type":"Feature","geometry":{"type":"Point","coordinates":[106.0021,10.2004]},"properties":{"Tên doanh nghiệp":"MobiFone Vĩnh Long","Tên trạm BTS":"VLLH26","Địa chỉ lắp đặt":"Số 242/18 khóm 5, xã Long Hồ, tỉnh Vĩnh Long","Trạm 5G":"5G","layer_id":179,"fid":1124,"label":"MobiFone Vĩnh Long"}},{"type":"Feature","geometry":{"type":"Point","coordinates":[105.932,10.1593]},"properties":{"Tên doanh nghiệp":"MobiFone Vĩnh Long","Tên trạm BTS":"VLLH32","Địa chỉ lắp đặt":"Ấp Phú Hưng, xã Phú Quới, tỉnh Vĩnh Long","Trạm 5G":"5G","layer_id":179,"fid":1125,"label":"MobiFone Vĩnh Long"}},{"type":"Feature","geometry":{"type":"Point","coordinates":[105.9387,10.2421]},"properties":{"Tên doanh nghiệp":"MobiFone Vĩnh Long","Tên trạm BTS":"VLLH34","Địa chỉ lắp đặt":"Ấp Tân An , phường Tân Hạnh, Vĩnh Long ","Trạm 5G":"5G","layer_id":179,"fid":1126,"label":"MobiFone Vĩnh Long"}},{"type":"Feature","geometry":{"type":"Point","coordinates":[105.9437,10.2017]},"properties":{"Tên doanh nghiệp":"MobiFone Vĩnh Long","Tên trạm BTS":"VLLH35","Địa chỉ lắp đặt":"Ấp Tân Bình, phường Tân Hạnh, tỉnh Vĩnh Long ","Trạm 5G":"5G","layer_id":179,"fid":1127,"label":"MobiFone Vĩnh Long"}},{"type":"Feature","geometry":{"type":"Point","coordinates":[105.9488,10.2178]},"properties":{"Tên doanh nghiệp":"MobiFone Vĩnh Long","Tên trạm BTS":"VLLH36","Địa chỉ lắp đặt":"Ấp Tân Hưng, phường Tân Hạnh, tỉnh Vĩnh Long ","Trạm 5G":"5G","layer_id":179,"fid":1128,"label":"MobiFone Vĩnh Long"}},{"type":"Feature","geometry":{"type":"Point","coordinates":[105.9466,10.2412]},"properties":{"Tên doanh nghiệp":"MobiFone Vĩnh Long","Tên trạm BTS":"VLLH46","Địa chỉ lắp đặt":"Ấp Tân An, phường Tân Hạnh, tỉnh Vĩnh Long","Trạm 5G":"5G","layer_id":179,"fid":1129,"label":"MobiFone Vĩnh Long"}},{"type":"Feature","geometry":{"type":"Point","coordinates":[106.0019,10.2564]},"properties":{"Tên doanh nghiệp":"MobiFone Vĩnh Long","Tên trạm BTS":"VLLH51","Địa chỉ lắp đặt":"Ấp Thanh Mỹ 1, phường Thanh Đức, tỉnh Vĩnh Long","Trạm 5G":"5G","layer_id":179,"fid":1130,"label":"MobiFone Vĩnh Long"}},{"type":"Feature","geometry":{"type":"Point","coordinates":[105.92648,10.16814]},"properties":{"Tên doanh nghiệp":"MobiFone Vĩnh Long","Tên trạm BTS":"VLLH52","Địa chỉ lắp đặt":"Ấp Phước Yên B, xã Phú Quới, Vĩnh Long","Trạm 5G":"5G","layer_id":179,"fid":1131,"label":"MobiFone Vĩnh Long"}},{"type":"Feature","geometry":{"type":"Point","coordinates":[105.92836,10.17151]},"properties":{"Tên doanh nghiệp":"MobiFone Vĩnh Long","Tên trạm BTS":"VLLH54","Địa chỉ lắp đặt":"Ấp Phước Yên B , xã Phú Quới, Vĩnh Long ","Trạm 5G":"5G","layer_id":179,"fid":1132,"label":"MobiFone Vĩnh Long"}},{"type":"Feature","geometry":{"type":"Point","coordinates":[105.9421,10.1688]},"properties":{"Tên doanh nghiệp":"MobiFone Vĩnh Long","Tên trạm BTS":"VLLH55","Địa chỉ lắp đặt":"Ấp Phước Lộc, xã Phú Quới, tỉnh Vĩnh Long ","Trạm 5G":"5G","layer_id":179,"fid":1133,"label":"MobiFone Vĩnh Long"}},{"type":"Feature","geometry":{"type":"Point","coordinates":[105.9363,10.1844]},"properties":{"Tên doanh nghiệp":"MobiFone Vĩnh Long","Tên trạm BTS":"VLLH56","Địa chỉ lắp đặt":"Ấp Long Hòa, xã Phú Quới, tỉnh Vĩnh Long ","Trạm 5G":"5G","layer_id":179,"fid":1134,"label":"MobiFone Vĩnh Long"}},{"type":"Feature","geometry":{"type":"Point","coordinates":[105.9334,10.1703]},"properties":{"Tên doanh nghiệp":"MobiFone Vĩnh Long","Tên trạm BTS":"VLLHC2","Địa chỉ lắp đặt":"Ấp Phước Hòa, xã Phú Quới, tỉnh Vĩnh Long","Trạm 5G":"5G","layer_id":179,"fid":1135,"label":"MobiFone Vĩnh Long"}},{"type":"Feature","geometry":{"type":"Point","coordinates":[105.9367,10.1711]},"properties":{"Tên doanh nghiệp":"MobiFone Vĩnh Long","Tên trạm BTS":"VLLHX3","Địa chỉ lắp đặt":"KCN Hòa Phú, ấp Phước Hòa, xã Phú Quới, tỉnh Vĩnh Long ","Trạm 5G":"5G","layer_id":179,"fid":1136,"label":"MobiFone Vĩnh Long"}},{"type":"Feature","geometry":{"type":"Point","coordinates":[105.9372,10.1778]},"properties":{"Tên doanh nghiệp":"MobiFone Vĩnh Long","Tên trạm BTS":"VLLHX4","Địa chỉ lắp đặt":"KCN Hòa Phú, ấp Phước Hòa, xã Phú Quới, tỉnh Vĩnh Long ","Trạm 5G":"5G","layer_id":179,"fid":1137,"label":"MobiFone Vĩnh Long"}},{"type":"Feature","geometry":{"type":"Point","coordinates":[105.933768,10.166392]},"properties":{"Tên doanh nghiệp":"MobiFone Vĩnh Long","Tên trạm BTS":"VLLHX5","Địa chỉ lắp đặt":"KCN Hòa Phú, ấp Phước Hòa, xã Phú Quới, tỉnh Vĩnh Long ","Trạm 5G":"5G","layer_id":179,"fid":1138,"label":"MobiFone Vĩnh Long"}},{"type":"Feature","geometry":{"type":"Point","coordinates":[106.1095,10.1741]},"properties":{"Tên doanh nghiệp":"MobiFone Vĩnh Long","Tên trạm BTS":"VLMT07","Địa chỉ lắp đặt":"Khóm 1, xã Cái Nhum, tỉnh Vĩnh Long","Trạm 5G":"5G","layer_id":179,"fid":1139,"label":"MobiFone Vĩnh Long"}},{"type":"Feature","geometry":{"type":"Point","coordinates":[106.1161,10.1779]},"properties":{"Tên doanh nghiệp":"MobiFone Vĩnh Long","Tên trạm BTS":"VLMT19","Địa chỉ lắp đặt":"Khóm 3, xã Cái Nhum, tỉnh Vĩnh Long","Trạm 5G":"5G","layer_id":179,"fid":1140,"label":"MobiFone Vĩnh Long"}},{"type":"Feature","geometry":{"type":"Point","coordinates":[106.10303,10.231518]},"properties":{"Tên doanh nghiệp":"MobiFone Vĩnh Long","Tên trạm BTS":"VLMT25","Địa chỉ lắp đặt":"306, Tổ 18, Ấp Cái Kè, xã Mỹ Phước, tỉnh Vĩnh Long","Trạm 5G":"5G","layer_id":179,"fid":1141,"label":"MobiFone Vĩnh Long"}},{"type":"Feature","geometry":{"type":"Point","coordinates":[105.893,10.1113]},"properties":{"Tên doanh nghiệp":"MobiFone Vĩnh Long","Tên trạm BTS":"VLTB01","Địa chỉ lắp đặt":"Ấp Phú Trường, xã Song Phú, tỉnh Vĩnh Long","Trạm 5G":"5G","layer_id":179,"fid":1142,"label":"MobiFone Vĩnh Long"}},{"type":"Feature","geometry":{"type":"Point","coordinates":[105.900225,10.1197977]},"properties":{"Tên doanh nghiệp":"MobiFone Vĩnh Long","Tên trạm BTS":"VLTB03","Địa chỉ lắp đặt":"Ấp Phú Hòa, xã Song Phú, tỉnh Vĩnh Long","Trạm 5G":"5G","layer_id":179,"fid":1143,"label":"MobiFone Vĩnh Long"}},{"type":"Feature","geometry":{"type":"Point","coordinates":[105.9996,10.0489]},"properties":{"Tên doanh nghiệp":"MobiFone Vĩnh Long","Tên trạm BTS":"VLTB15","Địa chỉ lắp đặt":"Khóm 3, xã Tam Bình, tỉnh Vĩnh Long","Trạm 5G":"5G","layer_id":179,"fid":1144,"label":"MobiFone Vĩnh Long"}},{"type":"Feature","geometry":{"type":"Point","coordinates":[105.9166,10.1311]},"properties":{"Tên doanh nghiệp":"MobiFone Vĩnh Long","Tên trạm BTS":"VLTB32","Địa chỉ lắp đặt":"Số 79, Ấp Phú Lợi, xã Song Phú, tỉnh Vĩnh Long","Trạm 5G":"5G","layer_id":179,"fid":1145,"label":"MobiFone Vĩnh Long"}},{"type":"Feature","geometry":{"type":"Point","coordinates":[105.996,10.0446]},"properties":{"Tên doanh nghiệp":"MobiFone Vĩnh Long","Tên trạm BTS":"VLTB34","Địa chỉ lắp đặt":"khóm 3, xã Tam Bình, tỉnh Vĩnh Long","Trạm 5G":"5G","layer_id":179,"fid":1146,"label":"MobiFone Vĩnh Long"}},{"type":"Feature","geometry":{"type":"Point","coordinates":[106.0822,9.9598]},"properties":{"Tên doanh nghiệp":"MobiFone Vĩnh Long","Tên trạm BTS":"VLTO02","Địa chỉ lắp đặt":"Ấp Khu Phố, xã Vĩnh Xuân, tỉnh Vĩnh Long","Trạm 5G":"5G","layer_id":179,"fid":1147,"label":"MobiFone Vĩnh Long"}},{"type":"Feature","geometry":{"type":"Point","coordinates":[106.0098,9.9501]},"properties":{"Tên doanh nghiệp":"MobiFone Vĩnh Long","Tên trạm BTS":"VLTO03","Địa chỉ lắp đặt":"Trạm Vt Vĩnh Xuân, xã Vĩnh Xuân, tỉnh Vĩnh Long","Trạm 5G":"5G","layer_id":179,"fid":1148,"label":"MobiFone Vĩnh Long"}},{"type":"Feature","geometry":{"type":"Point","coordinates":[105.9231,9.9625]},"properties":{"Tên doanh nghiệp":"MobiFone Vĩnh Long","Tên trạm BTS":"VLTO25","Địa chỉ lắp đặt":"Số 248/8A, Khu 4, xã Trà Ôn, tỉnh Vĩnh Long","Trạm 5G":"5G","layer_id":179,"fid":1149,"label":"MobiFone Vĩnh Long"}},{"type":"Feature","geometry":{"type":"Point","coordinates":[105.9238,9.9676]},"properties":{"Tên doanh nghiệp":"MobiFone Vĩnh Long","Tên trạm BTS":"VLTO26","Địa chỉ lắp đặt":"Số 7 B/1, Khu 6 Đốc Phủ Yên, xã Trà Ôn, tỉnh Vĩnh Long","Trạm 5G":"5G","layer_id":179,"fid":1150,"label":"MobiFone Vĩnh Long"}},{"type":"Feature","geometry":{"type":"Point","coordinates":[105.992187,10.016201]},"properties":{"Tên doanh nghiệp":"MobiFone Vĩnh Long","Tên trạm BTS":"VLTO46","Địa chỉ lắp đặt":"Ấp Trà Ngoa, xã Trà Côn, tỉnh Vĩnh Long","Trạm 5G":"5G","layer_id":179,"fid":1151,"label":"MobiFone Vĩnh Long"}},{"type":"Feature","geometry":{"type":"Point","coordinates":[106.44051,10.10379]},"properties":{"Tên doanh nghiệp":"Viettel Vĩnh Long","Tên trạm BTS":"BTE0049","Địa chỉ lắp đặt":"Xã Tân Hào","Trạm 5G":"5G","layer_id":179,"fid":1242,"label":"Viettel Vĩnh Long"}},{"type":"Feature","geometry":{"type":"Point","coordinates":[105.9717,10.2534]},"properties":{"Tên doanh nghiệp":"MobiFone Vĩnh Long","Tên trạm BTS":"VLVL01","Địa chỉ lắp đặt":"Số 3, Trưng Nữ Vương, khóm Hưng Đạo Vương, phường Long Châu, tỉnh Vĩnh Long","Trạm 5G":"5G","layer_id":179,"fid":1152,"label":"MobiFone Vĩnh Long"}},{"type":"Feature","geometry":{"type":"Point","coordinates":[105.9687,10.2488]},"properties":{"Tên doanh nghiệp":"MobiFone Vĩnh Long","Tên trạm BTS":"VLVL02","Địa chỉ lắp đặt":"Số 23/23 khóm 1, phường Long Châu, tỉnh Vĩnh Long","Trạm 5G":"5G","layer_id":179,"fid":1153,"label":"MobiFone Vĩnh Long"}},{"type":"Feature","geometry":{"type":"Point","coordinates":[105.9004,10.2648]},"properties":{"Tên doanh nghiệp":"MobiFone Vĩnh Long","Tên trạm BTS":"VLVL27","Địa chỉ lắp đặt":"Khóm Tân Thuận, phường Tân Ngãi, tỉnh Vĩnh Long ","Trạm 5G":"5G","layer_id":179,"fid":1169,"label":"MobiFone Vĩnh Long"}},{"type":"Feature","geometry":{"type":"Point","coordinates":[105.9537,10.2413]},"properties":{"Tên doanh nghiệp":"MobiFone Vĩnh Long","Tên trạm BTS":"VLVL03","Địa chỉ lắp đặt":"Đường Phan Văn Đáng, khóm 1, phường Tân Hạnh, tỉnh Vĩnh Long","Trạm 5G":"5G","layer_id":179,"fid":1154,"label":"MobiFone Vĩnh Long"}},{"type":"Feature","geometry":{"type":"Point","coordinates":[105.9637,10.2546]},"properties":{"Tên doanh nghiệp":"MobiFone Vĩnh Long","Tên trạm BTS":"VLVL04","Địa chỉ lắp đặt":"Số 210, Lê Thái Tổ, phường Long Châu, tỉnh Vĩnh Long","Trạm 5G":"5G","layer_id":179,"fid":1155,"label":"MobiFone Vĩnh Long"}},{"type":"Feature","geometry":{"type":"Point","coordinates":[105.9591,10.2461]},"properties":{"Tên doanh nghiệp":"MobiFone Vĩnh Long","Tên trạm BTS":"VLVL05","Địa chỉ lắp đặt":"Bưu Cục Nguyễn Huệ, đường Nguyễn Huệ, phường Long Châu, tỉnh Vĩnh Long","Trạm 5G":"5G","layer_id":179,"fid":1156,"label":"MobiFone Vĩnh Long"}},{"type":"Feature","geometry":{"type":"Point","coordinates":[105.951,10.2263]},"properties":{"Tên doanh nghiệp":"MobiFone Vĩnh Long","Tên trạm BTS":"VLVL06","Địa chỉ lắp đặt":"Số 32D, đường Đinh Tiên Hoàng, phường Tân Hạnh, tỉnh Vĩnh Long","Trạm 5G":"5G","layer_id":179,"fid":1157,"label":"MobiFone Vĩnh Long"}},{"type":"Feature","geometry":{"type":"Point","coordinates":[105.9426,10.2598]},"properties":{"Tên doanh nghiệp":"MobiFone Vĩnh Long","Tên trạm BTS":"VLVL07","Địa chỉ lắp đặt":"Số 60E, đường Phạm Hùng, phường Long Châu, tỉnh Vĩnh Long","Trạm 5G":"5G","layer_id":179,"fid":1158,"label":"MobiFone Vĩnh Long"}},{"type":"Feature","geometry":{"type":"Point","coordinates":[105.9592,10.2379]},"properties":{"Tên doanh nghiệp":"MobiFone Vĩnh Long","Tên trạm BTS":"VLVL08","Địa chỉ lắp đặt":"Số 02 Bis, đường Cao Thắng, phường Tân Hạnh, tỉnh Vĩnh Long","Trạm 5G":"5G","layer_id":179,"fid":1159,"label":"MobiFone Vĩnh Long"}},{"type":"Feature","geometry":{"type":"Point","coordinates":[105.9532,10.2571]},"properties":{"Tên doanh nghiệp":"MobiFone Vĩnh Long","Tên trạm BTS":"VLVL09","Địa chỉ lắp đặt":"Số 152/5 khóm 4, đường Phạm Hùng, phường Long Châu, tỉnh Vĩnh Long","Trạm 5G":"5G","layer_id":179,"fid":1160,"label":"MobiFone Vĩnh Long"}},{"type":"Feature","geometry":{"type":"Point","coordinates":[105.9734625,10.2569151]},"properties":{"Tên doanh nghiệp":"MobiFone Vĩnh Long","Tên trạm BTS":"VLVL14","Địa chỉ lắp đặt":"Số 50, đường 1/5, phường Long Châu, tỉnh Vinh Long","Trạm 5G":"5G","layer_id":179,"fid":1161,"label":"MobiFone Vĩnh Long"}},{"type":"Feature","geometry":{"type":"Point","coordinates":[105.9384,10.2543]},"properties":{"Tên doanh nghiệp":"MobiFone Vĩnh Long","Tên trạm BTS":"VLVL16","Địa chỉ lắp đặt":"Khóm Tân Quới Hưng, phường Long Châu, tỉnh Vĩnh Long ","Trạm 5G":"5G","layer_id":179,"fid":1162,"label":"MobiFone Vĩnh Long"}},{"type":"Feature","geometry":{"type":"Point","coordinates":[105.9273,10.2677]},"properties":{"Tên doanh nghiệp":"MobiFone Vĩnh Long","Tên trạm BTS":"VLVL17","Địa chỉ lắp đặt":"Khóm Tân Vĩnh Thuận, phường Tân Ngãi, tỉnh Vĩnh Long ","Trạm 5G":"5G","layer_id":179,"fid":1163,"label":"MobiFone Vĩnh Long"}},{"type":"Feature","geometry":{"type":"Point","coordinates":[105.9731,10.2514]},"properties":{"Tên doanh nghiệp":"MobiFone Vĩnh Long","Tên trạm BTS":"VLVL18","Địa chỉ lắp đặt":"Số 75A, đường Trung Nữ Vương, phường Long Châu, tỉnh Vĩnh Long","Trạm 5G":"5G","layer_id":179,"fid":1164,"label":"MobiFone Vĩnh Long"}},{"type":"Feature","geometry":{"type":"Point","coordinates":[105.9685,10.2546]},"properties":{"Tên doanh nghiệp":"MobiFone Vĩnh Long","Tên trạm BTS":"VLVL19","Địa chỉ lắp đặt":"Số 46, đường Nguyễn Thị Út, phường Long Châu, tỉnh Vĩnh Long","Trạm 5G":"5G","layer_id":179,"fid":1165,"label":"MobiFone Vĩnh Long"}},{"type":"Feature","geometry":{"type":"Point","coordinates":[105.9813,10.2405]},"properties":{"Tên doanh nghiệp":"MobiFone Vĩnh Long","Tên trạm BTS":"VLVL22","Địa chỉ lắp đặt":"Số 179, đường Phạm Thái Bường, phường Phước Hậu, tỉnh Vĩnh Long","Trạm 5G":"5G","layer_id":179,"fid":1166,"label":"MobiFone Vĩnh Long"}},{"type":"Feature","geometry":{"type":"Point","coordinates":[105.9112,10.2662]},"properties":{"Tên doanh nghiệp":"MobiFone Vĩnh Long","Tên trạm BTS":"VLVL23","Địa chỉ lắp đặt":"khóm Tân Quới, phường Tân Ngãi, tỉnh Vĩnh Long ","Trạm 5G":"5G","layer_id":179,"fid":1167,"label":"MobiFone Vĩnh Long"}},{"type":"Feature","geometry":{"type":"Point","coordinates":[105.98123,10.23312]},"properties":{"Tên doanh nghiệp":"MobiFone Vĩnh Long","Tên trạm BTS":"VLVL26","Địa chỉ lắp đặt":"Số 76/32, đường Phó Cơ Điều, phường Phước Hậu, tỉnh Vĩnh Long","Trạm 5G":"5G","layer_id":179,"fid":1168,"label":"MobiFone Vĩnh Long"}},{"type":"Feature","geometry":{"type":"Point","coordinates":[106.5905,10.03934]},"properties":{"Tên doanh nghiệp":"Viettel Vĩnh Long","Tên trạm BTS":"BTE0005","Địa chỉ lắp đặt":"Xã Ba Tri","Trạm 5G":"5G","layer_id":179,"fid":1208,"label":"Viettel Vĩnh Long"}},{"type":"Feature","geometry":{"type":"Point","coordinates":[106.461,10.136]},"properties":{"Tên doanh nghiệp":"Viettel Vĩnh Long","Tên trạm BTS":"BTE0050","Địa chỉ lắp đặt":"Xã Tân Hào","Trạm 5G":"5G","layer_id":179,"fid":1243,"label":"Viettel Vĩnh Long"}},{"type":"Feature","geometry":{"type":"Point","coordinates":[105.9773,10.2447]},"properties":{"Tên doanh nghiệp":"MobiFone Vĩnh Long","Tên trạm BTS":"VLVL28","Địa chỉ lắp đặt":"Số 56/3 đường Phạm Thái Bường, phường Phước Hậu, tỉnh Vĩnh Long","Trạm 5G":"5G","layer_id":179,"fid":1170,"label":"MobiFone Vĩnh Long"}},{"type":"Feature","geometry":{"type":"Point","coordinates":[105.974,10.2544]},"properties":{"Tên doanh nghiệp":"MobiFone Vĩnh Long","Tên trạm BTS":"VLVL29","Địa chỉ lắp đặt":"Số 2A10 đường Hùng Vương, phường Long Châu, tỉnh Vĩnh Long","Trạm 5G":"5G","layer_id":179,"fid":1171,"label":"MobiFone Vĩnh Long"}},{"type":"Feature","geometry":{"type":"Point","coordinates":[105.9483,10.2593]},"properties":{"Tên doanh nghiệp":"MobiFone Vĩnh Long","Tên trạm BTS":"VLVL32","Địa chỉ lắp đặt":"Số 222B đường Phạm Hùng, phường Long Châu, tỉnh Vĩnh Long","Trạm 5G":"5G","layer_id":179,"fid":1172,"label":"MobiFone Vĩnh Long"}},{"type":"Feature","geometry":{"type":"Point","coordinates":[105.9355,10.2613]},"properties":{"Tên doanh nghiệp":"MobiFone Vĩnh Long","Tên trạm BTS":"VLVL33","Địa chỉ lắp đặt":"Số 401, khóm Tân Quới Đông, phường Tân Ngãi, Vĩnh Long ","Trạm 5G":"5G","layer_id":179,"fid":1173,"label":"MobiFone Vĩnh Long"}},{"type":"Feature","geometry":{"type":"Point","coordinates":[105.9876,10.2284]},"properties":{"Tên doanh nghiệp":"MobiFone Vĩnh Long","Tên trạm BTS":"VLVL34","Địa chỉ lắp đặt":"Số 34/29, đường Trần Phú, phường Phước Hậu, tỉnh Vĩnh Long","Trạm 5G":"5G","layer_id":179,"fid":1174,"label":"MobiFone Vĩnh Long"}},{"type":"Feature","geometry":{"type":"Point","coordinates":[105.9662,10.2457]},"properties":{"Tên doanh nghiệp":"MobiFone Vĩnh Long","Tên trạm BTS":"VLVL36","Địa chỉ lắp đặt":"Số 12/5, đường Mậu Thân, khóm 1, phường Phước Hậu, tỉnh Vĩnh Long","Trạm 5G":"5G","layer_id":179,"fid":1175,"label":"MobiFone Vĩnh Long"}},{"type":"Feature","geometry":{"type":"Point","coordinates":[105.9597,10.2508]},"properties":{"Tên doanh nghiệp":"MobiFone Vĩnh Long","Tên trạm BTS":"VLVL37","Địa chỉ lắp đặt":"Số 52/84/36A, đường Nguyễn Huệ, phường Long Châu, tỉnh Vĩnh Long","Trạm 5G":"5G","layer_id":179,"fid":1176,"label":"MobiFone Vĩnh Long"}},{"type":"Feature","geometry":{"type":"Point","coordinates":[105.9599,10.2566]},"properties":{"Tên doanh nghiệp":"MobiFone Vĩnh Long","Tên trạm BTS":"VLVL38","Địa chỉ lắp đặt":"Số 253 đường Phạm Hùng, phường Long Châu, tỉnh Vĩnh Long","Trạm 5G":"5G","layer_id":179,"fid":1177,"label":"MobiFone Vĩnh Long"}},{"type":"Feature","geometry":{"type":"Point","coordinates":[105.9655,10.2364]},"properties":{"Tên doanh nghiệp":"MobiFone Vĩnh Long","Tên trạm BTS":"VLVL41","Địa chỉ lắp đặt":"Khóm 3, phường Phước Hậu, tỉnh Vĩnh Long ","Trạm 5G":"5G","layer_id":179,"fid":1178,"label":"MobiFone Vĩnh Long"}},{"type":"Feature","geometry":{"type":"Point","coordinates":[105.9547,10.2316]},"properties":{"Tên doanh nghiệp":"MobiFone Vĩnh Long","Tên trạm BTS":"VLVL42","Địa chỉ lắp đặt":"Số 144/150K, đường Đinh Tiên Hoàng, phường Tân Hạnh, tỉnh Vĩnh Long ","Trạm 5G":"5G","layer_id":179,"fid":1179,"label":"MobiFone Vĩnh Long"}},{"type":"Feature","geometry":{"type":"Point","coordinates":[105.9909,10.2331]},"properties":{"Tên doanh nghiệp":"MobiFone Vĩnh Long","Tên trạm BTS":"VLVL50","Địa chỉ lắp đặt":"Khóm 6, phường Phước Hậu, tỉnh Vĩnh Long","Trạm 5G":"5G","layer_id":179,"fid":1180,"label":"MobiFone Vĩnh Long"}},{"type":"Feature","geometry":{"type":"Point","coordinates":[105.9805118,10.2469005]},"properties":{"Tên doanh nghiệp":"MobiFone Vĩnh Long","Tên trạm BTS":"VLVL54","Địa chỉ lắp đặt":"134/1, đường Trần Phú, phường Phước Hậu, tỉnh Vinh Long","Trạm 5G":"5G","layer_id":179,"fid":1181,"label":"MobiFone Vĩnh Long"}},{"type":"Feature","geometry":{"type":"Point","coordinates":[105.91946,10.26869]},"properties":{"Tên doanh nghiệp":"MobiFone Vĩnh Long","Tên trạm BTS":"VLVL55","Địa chỉ lắp đặt":"Khóm Tân Vĩnh Thuận, phường Tân Ngãi, tỉnh Vĩnh Long ","Trạm 5G":"5G","layer_id":179,"fid":1182,"label":"MobiFone Vĩnh Long"}},{"type":"Feature","geometry":{"type":"Point","coordinates":[105.91338,10.27296]},"properties":{"Tên doanh nghiệp":"MobiFone Vĩnh Long","Tên trạm BTS":"VLVL57","Địa chỉ lắp đặt":"Khóm Tân Vĩnh Thuận, phường Tân Ngãi, tỉnh Vĩnh Long ","Trạm 5G":"5G","layer_id":179,"fid":1183,"label":"MobiFone Vĩnh Long"}},{"type":"Feature","geometry":{"type":"Point","coordinates":[105.94792,10.25008]},"properties":{"Tên doanh nghiệp":"MobiFone Vĩnh Long","Tên trạm BTS":"VLVL59","Địa chỉ lắp đặt":"Số 110/2 khóm 3. phường Long Châu, tỉnh Vĩnh Long","Trạm 5G":"5G","layer_id":179,"fid":1184,"label":"MobiFone Vĩnh Long"}},{"type":"Feature","geometry":{"type":"Point","coordinates":[105.94955544,10.25402622]},"properties":{"Tên doanh nghiệp":"MobiFone Vĩnh Long","Tên trạm BTS":"VLVL70","Địa chỉ lắp đặt":"Số 9, đường D5, khóm 5, phường Long Châu, tỉnh Vĩnh Long ","Trạm 5G":"5G","layer_id":179,"fid":1185,"label":"MobiFone Vĩnh Long"}},{"type":"Feature","geometry":{"type":"Point","coordinates":[105.9926,10.2595]},"properties":{"Tên doanh nghiệp":"MobiFone Vĩnh Long","Tên trạm BTS":"VLVLC3","Địa chỉ lắp đặt":"Khóm 6, phường Thanh Đức, tỉnh Vĩnh Long","Trạm 5G":"5G","layer_id":179,"fid":1186,"label":"MobiFone Vĩnh Long"}},{"type":"Feature","geometry":{"type":"Point","coordinates":[105.90581,10.247626]},"properties":{"Tên doanh nghiệp":"MobiFone Vĩnh Long","Tên trạm BTS":"VLVLX0","Địa chỉ lắp đặt":"Thửa Đất Số 42 , Tờ bản đồ số 28, phường Tân Ngãi, tỉnh Vĩnh Long ","Trạm 5G":"5G","layer_id":179,"fid":1187,"label":"MobiFone Vĩnh Long"}},{"type":"Feature","geometry":{"type":"Point","coordinates":[106.185,10.0954]},"properties":{"Tên doanh nghiệp":"MobiFone Vĩnh Long","Tên trạm BTS":"VLVM01","Địa chỉ lắp đặt":"Khóm 1, xã Trung Thành, tỉnh Vĩnh Long","Trạm 5G":"5G","layer_id":179,"fid":1188,"label":"MobiFone Vĩnh Long"}},{"type":"Feature","geometry":{"type":"Point","coordinates":[106.0808,10.1033]},"properties":{"Tên doanh nghiệp":"MobiFone Vĩnh Long","Tên trạm BTS":"VLVM09","Địa chỉ lắp đặt":"Ấp 8, xã Trung Hiệp, tỉnh Vĩnh Long","Trạm 5G":"5G","layer_id":179,"fid":1189,"label":"MobiFone Vĩnh Long"}},{"type":"Feature","geometry":{"type":"Point","coordinates":[106.33142,9.93097]},"properties":{"Tên doanh nghiệp":"MobiFone Vĩnh Long","Tên trạm BTS":"TVTV11","Địa chỉ lắp đặt":"Số 416/7 K7, phường Nguyệt Hóa, tỉnh Vĩnh Long","Trạm 5G":"5G","layer_id":179,"fid":1190,"label":"MobiFone Vĩnh Long"}},{"type":"Feature","geometry":{"type":"Point","coordinates":[106.345964,9.972055]},"properties":{"Tên doanh nghiệp":"MobiFone Vĩnh Long","Tên trạm BTS":"TVTV13","Địa chỉ lắp đặt":"Bưu điện Long Đức, ấp Vĩnh Yên, phường Long Đức, tỉnh Vĩnh Long","Trạm 5G":"5G","layer_id":179,"fid":1191,"label":"MobiFone Vĩnh Long"}},{"type":"Feature","geometry":{"type":"Point","coordinates":[106.33588,9.93448]},"properties":{"Tên doanh nghiệp":"MobiFone Vĩnh Long","Tên trạm BTS":"TVTV17","Địa chỉ lắp đặt":"Số 31A, Nguyễn Thị Minh Khai, khóm 1, phường Trà Vinh, tỉnh Vĩnh Long","Trạm 5G":"5G","layer_id":179,"fid":1192,"label":"MobiFone Vĩnh Long"}},{"type":"Feature","geometry":{"type":"Point","coordinates":[106.33324,9.93493]},"properties":{"Tên doanh nghiệp":"MobiFone Vĩnh Long","Tên trạm BTS":"TVTV20","Địa chỉ lắp đặt":"Số 13, khóm 8, phường Nguyệt Hóa, tỉnh Vĩnh Long","Trạm 5G":"5G","layer_id":179,"fid":1193,"label":"MobiFone Vĩnh Long"}},{"type":"Feature","geometry":{"type":"Point","coordinates":[106.34323,9.92675]},"properties":{"Tên doanh nghiệp":"MobiFone Vĩnh Long","Tên trạm BTS":"TVTV24","Địa chỉ lắp đặt":"Số 132, khóm 8, phường Trà Vinh, tỉnh Vĩnh Long","Trạm 5G":"5G","layer_id":179,"fid":1194,"label":"MobiFone Vĩnh Long"}},{"type":"Feature","geometry":{"type":"Point","coordinates":[106.3446,9.92212]},"properties":{"Tên doanh nghiệp":"MobiFone Vĩnh Long","Tên trạm BTS":"TVTV29","Địa chỉ lắp đặt":"Đường Kho Dầu, phường Hòa Thuận, tỉnh Vĩnh Long","Trạm 5G":"5G","layer_id":179,"fid":1195,"label":"MobiFone Vĩnh Long"}},{"type":"Feature","geometry":{"type":"Point","coordinates":[106.375816,10.235545]},"properties":{"Tên doanh nghiệp":"MobiFone Vĩnh Long","Tên trạm BTS":"BTBT01","Địa chỉ lắp đặt":"Số 1 , đường Cách Mạng Tháng 8, Phường An Hội, tỉnh Vĩnh Long","Trạm 5G":"5G","layer_id":179,"fid":1196,"label":"MobiFone Vĩnh Long"}},{"type":"Feature","geometry":{"type":"Point","coordinates":[106.36617,10.23948]},"properties":{"Tên doanh nghiệp":"MobiFone Vĩnh Long","Tên trạm BTS":"BTBT02","Địa chỉ lắp đặt":"155S1,Đường Đoàn Hoàng Minh., Phường An Hội, tỉnh Vĩnh Long","Trạm 5G":"5G","layer_id":179,"fid":1197,"label":"MobiFone Vĩnh Long"}},{"type":"Feature","geometry":{"type":"Point","coordinates":[106.3622305,10.259288]},"properties":{"Tên doanh nghiệp":"MobiFone Vĩnh Long","Tên trạm BTS":"BTBT03","Địa chỉ lắp đặt":"193A đường Đồng Khởi, khu phố 3, Phường Phú Tân, tỉnh Vĩnh Long","Trạm 5G":"5G","layer_id":179,"fid":1198,"label":"MobiFone Vĩnh Long"}},{"type":"Feature","geometry":{"type":"Point","coordinates":[106.367193,10.2569]},"properties":{"Tên doanh nghiệp":"MobiFone Vĩnh Long","Tên trạm BTS":"BTBT23","Địa chỉ lắp đặt":"số nhà 71A, khu phố 3, Phường Phú Tân, tỉnh Vĩnh Long","Trạm 5G":"5G","layer_id":179,"fid":1199,"label":"MobiFone Vĩnh Long"}},{"type":"Feature","geometry":{"type":"Point","coordinates":[106.40382,10.294081]},"properties":{"Tên doanh nghiệp":"MobiFone Vĩnh Long","Tên trạm BTS":"BTCT55","Địa chỉ lắp đặt":"thửa đất số 163, tờ bản đồ số 6, Xã Giao Long, tỉnh Vĩnh Long","Trạm 5G":"5G","layer_id":179,"fid":1200,"label":"MobiFone Vĩnh Long"}},{"type":"Feature","geometry":{"type":"Point","coordinates":[106.3951,10.3003]},"properties":{"Tên doanh nghiệp":"MobiFone Vĩnh Long","Tên trạm BTS":"BTCTX0","Địa chỉ lắp đặt":"KCN Giao Long, Xã Giao Long, tỉnh Vĩnh Long","Trạm 5G":"5G","layer_id":179,"fid":1201,"label":"MobiFone Vĩnh Long"}},{"type":"Feature","geometry":{"type":"Point","coordinates":[106.44395,10.20201]},"properties":{"Tên doanh nghiệp":"Viettel Vĩnh Long","Tên trạm BTS":"BTE0530","Địa chỉ lắp đặt":"Xã Lương Hòa","Trạm 5G":"5G","layer_id":179,"fid":1202,"label":"Viettel Vĩnh Long"}},{"type":"Feature","geometry":{"type":"Point","coordinates":[106.28856,9.93113]},"properties":{"Tên doanh nghiệp":"Viettel Vĩnh Long","Tên trạm BTS":"TVH0389","Địa chỉ lắp đặt":"Phường Nguyệt Hóa","Trạm 5G":"5G","layer_id":179,"fid":1203,"label":"Viettel Vĩnh Long"}},{"type":"Feature","geometry":{"type":"Point","coordinates":[106.11702,10.26214]},"properties":{"Tên doanh nghiệp":"Viettel Vĩnh Long","Tên trạm BTS":"BTE0002","Địa chỉ lắp đặt":"Xã Chợ Lách","Trạm 5G":"5G","layer_id":179,"fid":1204,"label":"Viettel Vĩnh Long"}},{"type":"Feature","geometry":{"type":"Point","coordinates":[106.33611,10.12471]},"properties":{"Tên doanh nghiệp":"Viettel Vĩnh Long","Tên trạm BTS":"BTE0003","Địa chỉ lắp đặt":"Xã Mỏ Cày","Trạm 5G":"5G","layer_id":179,"fid":1205,"label":"Viettel Vĩnh Long"}},{"type":"Feature","geometry":{"type":"Point","coordinates":[106.50438,10.1423]},"properties":{"Tên doanh nghiệp":"Viettel Vĩnh Long","Tên trạm BTS":"BTE0004","Địa chỉ lắp đặt":"Xã Giồng Trôm","Trạm 5G":"5G","layer_id":179,"fid":1206,"label":"Viettel Vĩnh Long"}},{"type":"Feature","geometry":{"type":"Point","coordinates":[106.50395,10.13564]},"properties":{"Tên doanh nghiệp":"Viettel Vĩnh Long","Tên trạm BTS":"BTE0004-11","Địa chỉ lắp đặt":"Xã Giồng Trôm","Trạm 5G":"5G","layer_id":179,"fid":1207,"label":"Viettel Vĩnh Long"}},{"type":"Feature","geometry":{"type":"Point","coordinates":[106.3778,10.23249]},"properties":{"Tên doanh nghiệp":"Viettel Vĩnh Long","Tên trạm BTS":"BTE0006","Địa chỉ lắp đặt":"Phường An Hội","Trạm 5G":"5G","layer_id":179,"fid":1209,"label":"Viettel Vĩnh Long"}},{"type":"Feature","geometry":{"type":"Point","coordinates":[106.69047,10.18648]},"properties":{"Tên doanh nghiệp":"Viettel Vĩnh Long","Tên trạm BTS":"BTE0007","Địa chỉ lắp đặt":"Xã Bình Đại","Trạm 5G":"5G","layer_id":179,"fid":1210,"label":"Viettel Vĩnh Long"}},{"type":"Feature","geometry":{"type":"Point","coordinates":[106.51256,9.95189]},"properties":{"Tên doanh nghiệp":"Viettel Vĩnh Long","Tên trạm BTS":"BTE0008","Địa chỉ lắp đặt":"Xã Thạnh Phú","Trạm 5G":"5G","layer_id":179,"fid":1211,"label":"Viettel Vĩnh Long"}},{"type":"Feature","geometry":{"type":"Point","coordinates":[106.40461,10.01456]},"properties":{"Tên doanh nghiệp":"Viettel Vĩnh Long","Tên trạm BTS":"BTE0011","Địa chỉ lắp đặt":"Xã Hương Mỹ","Trạm 5G":"5G","layer_id":179,"fid":1212,"label":"Viettel Vĩnh Long"}},{"type":"Feature","geometry":{"type":"Point","coordinates":[106.27605,10.18591]},"properties":{"Tên doanh nghiệp":"Viettel Vĩnh Long","Tên trạm BTS":"BTE0012","Địa chỉ lắp đặt":"Xã Phước Mỹ Trung","Trạm 5G":"5G","layer_id":179,"fid":1213,"label":"Viettel Vĩnh Long"}},{"type":"Feature","geometry":{"type":"Point","coordinates":[106.22008,10.20556]},"properties":{"Tên doanh nghiệp":"Viettel Vĩnh Long","Tên trạm BTS":"BTE0013","Địa chỉ lắp đặt":"Xã Vĩnh Thành","Trạm 5G":"5G","layer_id":179,"fid":1214,"label":"Viettel Vĩnh Long"}},{"type":"Feature","geometry":{"type":"Point","coordinates":[106.24532,10.27215]},"properties":{"Tên doanh nghiệp":"Viettel Vĩnh Long","Tên trạm BTS":"BTE0014","Địa chỉ lắp đặt":"Xã Tiên Thủy","Trạm 5G":"5G","layer_id":179,"fid":1215,"label":"Viettel Vĩnh Long"}},{"type":"Feature","geometry":{"type":"Point","coordinates":[106.60873,9.88367]},"properties":{"Tên doanh nghiệp":"Viettel Vĩnh Long","Tên trạm BTS":"BTE0015","Địa chỉ lắp đặt":"Xã Thạnh Phong","Trạm 5G":"5G","layer_id":179,"fid":1216,"label":"Viettel Vĩnh Long"}},{"type":"Feature","geometry":{"type":"Point","coordinates":[106.29118,10.09986]},"properties":{"Tên doanh nghiệp":"Viettel Vĩnh Long","Tên trạm BTS":"BTE0016","Địa chỉ lắp đặt":"Xã Mỏ Cày","Trạm 5G":"5G","layer_id":179,"fid":1217,"label":"Viettel Vĩnh Long"}},{"type":"Feature","geometry":{"type":"Point","coordinates":[106.58575,10.22069]},"properties":{"Tên doanh nghiệp":"Viettel Vĩnh Long","Tên trạm BTS":"BTE0017","Địa chỉ lắp đặt":"Xã Lộc Thuận","Trạm 5G":"5G","layer_id":179,"fid":1218,"label":"Viettel Vĩnh Long"}},{"type":"Feature","geometry":{"type":"Point","coordinates":[106.69362,10.12063]},"properties":{"Tên doanh nghiệp":"Viettel Vĩnh Long","Tên trạm BTS":"BTE0018","Địa chỉ lắp đặt":"Xã Thạnh Phước","Trạm 5G":"5G","layer_id":179,"fid":1219,"label":"Viettel Vĩnh Long"}},{"type":"Feature","geometry":{"type":"Point","coordinates":[106.33329,10.20262]},"properties":{"Tên doanh nghiệp":"Viettel Vĩnh Long","Tên trạm BTS":"BTE0019","Địa chỉ lắp đặt":"Xã Tân Thành Bình","Trạm 5G":"5G","layer_id":179,"fid":1220,"label":"Viettel Vĩnh Long"}},{"type":"Feature","geometry":{"type":"Point","coordinates":[106.43835,10.21912]},"properties":{"Tên doanh nghiệp":"Viettel Vĩnh Long","Tên trạm BTS":"BTE0020","Địa chỉ lắp đặt":"Xã Lương Hòa","Trạm 5G":"5G","layer_id":179,"fid":1221,"label":"Viettel Vĩnh Long"}},{"type":"Feature","geometry":{"type":"Point","coordinates":[106.41195,10.16686]},"properties":{"Tên doanh nghiệp":"Viettel Vĩnh Long","Tên trạm BTS":"BTE0021","Địa chỉ lắp đặt":"Xã Phước Long","Trạm 5G":"5G","layer_id":179,"fid":1222,"label":"Viettel Vĩnh Long"}},{"type":"Feature","geometry":{"type":"Point","coordinates":[106.54012,10.06856]},"properties":{"Tên doanh nghiệp":"Viettel Vĩnh Long","Tên trạm BTS":"BTE0022","Địa chỉ lắp đặt":"Xã An Ngãi Trung","Trạm 5G":"5G","layer_id":179,"fid":1223,"label":"Viettel Vĩnh Long"}},{"type":"Feature","geometry":{"type":"Point","coordinates":[106.62737,10.11768]},"properties":{"Tên doanh nghiệp":"Viettel Vĩnh Long","Tên trạm BTS":"BTE0023","Địa chỉ lắp đặt":"Xã Tân Xuân","Trạm 5G":"5G","layer_id":179,"fid":1224,"label":"Viettel Vĩnh Long"}},{"type":"Feature","geometry":{"type":"Point","coordinates":[106.34459,10.2638]},"properties":{"Tên doanh nghiệp":"Viettel Vĩnh Long","Tên trạm BTS":"BTE0024","Địa chỉ lắp đặt":"Phường Sơn Đông","Trạm 5G":"5G","layer_id":179,"fid":1225,"label":"Viettel Vĩnh Long"}},{"type":"Feature","geometry":{"type":"Point","coordinates":[106.39058,10.23994]},"properties":{"Tên doanh nghiệp":"Viettel Vĩnh Long","Tên trạm BTS":"BTE0026","Địa chỉ lắp đặt":"Phường Phú Khương","Trạm 5G":"5G","layer_id":179,"fid":1226,"label":"Viettel Vĩnh Long"}},{"type":"Feature","geometry":{"type":"Point","coordinates":[106.36379,10.06751]},"properties":{"Tên doanh nghiệp":"Viettel Vĩnh Long","Tên trạm BTS":"BTE0027","Địa chỉ lắp đặt":"Xã Thành Thới","Trạm 5G":"5G","layer_id":179,"fid":1227,"label":"Viettel Vĩnh Long"}},{"type":"Feature","geometry":{"type":"Point","coordinates":[106.20448,10.2901]},"properties":{"Tên doanh nghiệp":"Viettel Vĩnh Long","Tên trạm BTS":"BTE0028","Địa chỉ lắp đặt":"Xã Tân Phú","Trạm 5G":"5G","layer_id":179,"fid":1228,"label":"Viettel Vĩnh Long"}},{"type":"Feature","geometry":{"type":"Point","coordinates":[106.34931,10.23839]},"properties":{"Tên doanh nghiệp":"Viettel Vĩnh Long","Tên trạm BTS":"BTE0030","Địa chỉ lắp đặt":"Phường Bến Tre","Trạm 5G":"5G","layer_id":179,"fid":1229,"label":"Viettel Vĩnh Long"}},{"type":"Feature","geometry":{"type":"Point","coordinates":[106.35487,10.27944]},"properties":{"Tên doanh nghiệp":"Viettel Vĩnh Long","Tên trạm BTS":"BTE0031","Địa chỉ lắp đặt":"Phường Phú Tân","Trạm 5G":"5G","layer_id":179,"fid":1230,"label":"Viettel Vĩnh Long"}},{"type":"Feature","geometry":{"type":"Point","coordinates":[106.04743,10.276]},"properties":{"Tên doanh nghiệp":"Viettel Vĩnh Long","Tên trạm BTS":"BTE0033","Địa chỉ lắp đặt":"Xã Phú Phụng","Trạm 5G":"5G","layer_id":179,"fid":1231,"label":"Viettel Vĩnh Long"}},{"type":"Feature","geometry":{"type":"Point","coordinates":[106.203,10.22514]},"properties":{"Tên doanh nghiệp":"Viettel Vĩnh Long","Tên trạm BTS":"BTE0034","Địa chỉ lắp đặt":"Xã Chợ Lách","Trạm 5G":"5G","layer_id":179,"fid":1232,"label":"Viettel Vĩnh Long"}},{"type":"Feature","geometry":{"type":"Point","coordinates":[106.2945,10.15916]},"properties":{"Tên doanh nghiệp":"Viettel Vĩnh Long","Tên trạm BTS":"BTE0035","Địa chỉ lắp đặt":"Xã Tân Thành Bình","Trạm 5G":"5G","layer_id":179,"fid":1233,"label":"Viettel Vĩnh Long"}},{"type":"Feature","geometry":{"type":"Point","coordinates":[106.42018,10.29364]},"properties":{"Tên doanh nghiệp":"Viettel Vĩnh Long","Tên trạm BTS":"BTE0036","Địa chỉ lắp đặt":"Xã Giao Long","Trạm 5G":"5G","layer_id":179,"fid":1234,"label":"Viettel Vĩnh Long"}},{"type":"Feature","geometry":{"type":"Point","coordinates":[106.53106,10.23266]},"properties":{"Tên doanh nghiệp":"Viettel Vĩnh Long","Tên trạm BTS":"BTE0037","Địa chỉ lắp đặt":"Xã Châu Hưng","Trạm 5G":"5G","layer_id":179,"fid":1235,"label":"Viettel Vĩnh Long"}},{"type":"Feature","geometry":{"type":"Point","coordinates":[106.63528,10.195]},"properties":{"Tên doanh nghiệp":"Viettel Vĩnh Long","Tên trạm BTS":"BTE0038","Địa chỉ lắp đặt":"Xã Bình Đại","Trạm 5G":"5G","layer_id":179,"fid":1236,"label":"Viettel Vĩnh Long"}},{"type":"Feature","geometry":{"type":"Point","coordinates":[106.76481,10.16451]},"properties":{"Tên doanh nghiệp":"Viettel Vĩnh Long","Tên trạm BTS":"BTE0039","Địa chỉ lắp đặt":"Xã Thới Thuận","Trạm 5G":"5G","layer_id":179,"fid":1237,"label":"Viettel Vĩnh Long"}},{"type":"Feature","geometry":{"type":"Point","coordinates":[106.3173,10.2564]},"properties":{"Tên doanh nghiệp":"Viettel Vĩnh Long","Tên trạm BTS":"BTE0043","Địa chỉ lắp đặt":"Xã Phú Túc","Trạm 5G":"5G","layer_id":179,"fid":1238,"label":"Viettel Vĩnh Long"}},{"type":"Feature","geometry":{"type":"Point","coordinates":[106.29802,10.23301]},"properties":{"Tên doanh nghiệp":"Viettel Vĩnh Long","Tên trạm BTS":"BTE0044","Địa chỉ lắp đặt":"Xã Phước Mỹ Trung","Trạm 5G":"5G","layer_id":179,"fid":1239,"label":"Viettel Vĩnh Long"}},{"type":"Feature","geometry":{"type":"Point","coordinates":[106.24985,10.12474]},"properties":{"Tên doanh nghiệp":"Viettel Vĩnh Long","Tên trạm BTS":"BTE0045","Địa chỉ lắp đặt":"Xã Nhuận Phú Tân","Trạm 5G":"5G","layer_id":179,"fid":1240,"label":"Viettel Vĩnh Long"}},{"type":"Feature","geometry":{"type":"Point","coordinates":[106.44758,10.00116]},"properties":{"Tên doanh nghiệp":"Viettel Vĩnh Long","Tên trạm BTS":"BTE0047","Địa chỉ lắp đặt":"Xã Đại Điền","Trạm 5G":"5G","layer_id":179,"fid":1241,"label":"Viettel Vĩnh Long"}},{"type":"Feature","geometry":{"type":"Point","coordinates":[106.47951,10.19658]},"properties":{"Tên doanh nghiệp":"Viettel Vĩnh Long","Tên trạm BTS":"BTE0051","Địa chỉ lắp đặt":"Xã Châu Hòa","Trạm 5G":"5G","layer_id":179,"fid":1244,"label":"Viettel Vĩnh Long"}},{"type":"Feature","geometry":{"type":"Point","coordinates":[106.724,10.057]},"properties":{"Tên doanh nghiệp":"Viettel Vĩnh Long","Tên trạm BTS":"BTE0053","Địa chỉ lắp đặt":"Xã Thới Thuận","Trạm 5G":"5G","layer_id":179,"fid":1245,"label":"Viettel Vĩnh Long"}},{"type":"Feature","geometry":{"type":"Point","coordinates":[106.61171,10.21117]},"properties":{"Tên doanh nghiệp":"Viettel Vĩnh Long","Tên trạm BTS":"BTE0054","Địa chỉ lắp đặt":"Xã Thạnh Trị","Trạm 5G":"5G","layer_id":179,"fid":1246,"label":"Viettel Vĩnh Long"}},{"type":"Feature","geometry":{"type":"Point","coordinates":[106.55085,10.25171]},"properties":{"Tên doanh nghiệp":"Viettel Vĩnh Long","Tên trạm BTS":"BTE0055","Địa chỉ lắp đặt":"Xã Lộc Thuận","Trạm 5G":"5G","layer_id":179,"fid":1247,"label":"Viettel Vĩnh Long"}},{"type":"Feature","geometry":{"type":"Point","coordinates":[106.39572,10.21098]},"properties":{"Tên doanh nghiệp":"Viettel Vĩnh Long","Tên trạm BTS":"BTE0058","Địa chỉ lắp đặt":"Phường Phú Khương","Trạm 5G":"5G","layer_id":179,"fid":1248,"label":"Viettel Vĩnh Long"}},{"type":"Feature","geometry":{"type":"Point","coordinates":[106.17908,10.28731]},"properties":{"Tên doanh nghiệp":"Viettel Vĩnh Long","Tên trạm BTS":"BTE0060","Địa chỉ lắp đặt":"Xã Tân Phú","Trạm 5G":"5G","layer_id":179,"fid":1249,"label":"Viettel Vĩnh Long"}},{"type":"Feature","geometry":{"type":"Point","coordinates":[106.18057,10.19652]},"properties":{"Tên doanh nghiệp":"Viettel Vĩnh Long","Tên trạm BTS":"BTE0065","Địa chỉ lắp đặt":"Xã Vĩnh Thành","Trạm 5G":"5G","layer_id":179,"fid":1250,"label":"Viettel Vĩnh Long"}},{"type":"Feature","geometry":{"type":"Point","coordinates":[106.40001,10.06001]},"properties":{"Tên doanh nghiệp":"Viettel Vĩnh Long","Tên trạm BTS":"BTE0067","Địa chỉ lắp đặt":"Xã An Định","Trạm 5G":"5G","layer_id":179,"fid":1251,"label":"Viettel Vĩnh Long"}},{"type":"Feature","geometry":{"type":"Point","coordinates":[106.36124,10.02901]},"properties":{"Tên doanh nghiệp":"Viettel Vĩnh Long","Tên trạm BTS":"BTE0068","Địa chỉ lắp đặt":"Xã Hương Mỹ","Trạm 5G":"5G","layer_id":179,"fid":1252,"label":"Viettel Vĩnh Long"}},{"type":"Feature","geometry":{"type":"Point","coordinates":[106.583,10.123]},"properties":{"Tên doanh nghiệp":"Viettel Vĩnh Long","Tên trạm BTS":"BTE0070","Địa chỉ lắp đặt":"Xã Mỹ Chánh Hòa","Trạm 5G":"5G","layer_id":179,"fid":1253,"label":"Viettel Vĩnh Long"}},{"type":"Feature","geometry":{"type":"Point","coordinates":[106.55204,10.03291]},"properties":{"Tên doanh nghiệp":"Viettel Vĩnh Long","Tên trạm BTS":"BTE0072","Địa chỉ lắp đặt":"Xã An Hiệp","Trạm 5G":"5G","layer_id":179,"fid":1254,"label":"Viettel Vĩnh Long"}},{"type":"Feature","geometry":{"type":"Point","coordinates":[106.15258,10.22343]},"properties":{"Tên doanh nghiệp":"Viettel Vĩnh Long","Tên trạm BTS":"BTE0075","Địa chỉ lắp đặt":"Xã Chợ Lách","Trạm 5G":"5G","layer_id":179,"fid":1255,"label":"Viettel Vĩnh Long"}},{"type":"Feature","geometry":{"type":"Point","coordinates":[106.32711,10.29326]},"properties":{"Tên doanh nghiệp":"Viettel Vĩnh Long","Tên trạm BTS":"BTE0076","Địa chỉ lắp đặt":"Xã Phú Túc","Trạm 5G":"5G","layer_id":179,"fid":1256,"label":"Viettel Vĩnh Long"}},{"type":"Feature","geometry":{"type":"Point","coordinates":[106.3641,10.33071]},"properties":{"Tên doanh nghiệp":"Viettel Vĩnh Long","Tên trạm BTS":"BTE0080","Địa chỉ lắp đặt":"Xã Phú Túc","Trạm 5G":"5G","layer_id":179,"fid":1257,"label":"Viettel Vĩnh Long"}},{"type":"Feature","geometry":{"type":"Point","coordinates":[106.38673,10.18707]},"properties":{"Tên doanh nghiệp":"Viettel Vĩnh Long","Tên trạm BTS":"BTE0081","Địa chỉ lắp đặt":"Phường An Hội","Trạm 5G":"5G","layer_id":179,"fid":1258,"label":"Viettel Vĩnh Long"}},{"type":"Feature","geometry":{"type":"Point","coordinates":[106.469,10.073]},"properties":{"Tên doanh nghiệp":"Viettel Vĩnh Long","Tên trạm BTS":"BTE0083","Địa chỉ lắp đặt":"Xã Hưng Nhượng","Trạm 5G":"5G","layer_id":179,"fid":1259,"label":"Viettel Vĩnh Long"}},{"type":"Feature","geometry":{"type":"Point","coordinates":[106.50343,10.16042]},"properties":{"Tên doanh nghiệp":"Viettel Vĩnh Long","Tên trạm BTS":"BTE0084","Địa chỉ lắp đặt":"Xã Giồng Trôm","Trạm 5G":"5G","layer_id":179,"fid":1260,"label":"Viettel Vĩnh Long"}},{"type":"Feature","geometry":{"type":"Point","coordinates":[106.52639,10.04889]},"properties":{"Tên doanh nghiệp":"Viettel Vĩnh Long","Tên trạm BTS":"BTE0086","Địa chỉ lắp đặt":"Xã An Hiệp","Trạm 5G":"5G","layer_id":179,"fid":1261,"label":"Viettel Vĩnh Long"}},{"type":"Feature","geometry":{"type":"Point","coordinates":[106.61234,9.98358]},"properties":{"Tên doanh nghiệp":"Viettel Vĩnh Long","Tên trạm BTS":"BTE0087","Địa chỉ lắp đặt":"Xã Tân Thủy","Trạm 5G":"5G","layer_id":179,"fid":1262,"label":"Viettel Vĩnh Long"}},{"type":"Feature","geometry":{"type":"Point","coordinates":[106.6549,10.04893]},"properties":{"Tên doanh nghiệp":"Viettel Vĩnh Long","Tên trạm BTS":"BTE0088","Địa chỉ lắp đặt":"Xã Bảo Thạnh","Trạm 5G":"5G","layer_id":179,"fid":1263,"label":"Viettel Vĩnh Long"}},{"type":"Feature","geometry":{"type":"Point","coordinates":[106.6567,10.09641]},"properties":{"Tên doanh nghiệp":"Viettel Vĩnh Long","Tên trạm BTS":"BTE0089","Địa chỉ lắp đặt":"Xã Bảo Thạnh","Trạm 5G":"5G","layer_id":179,"fid":1264,"label":"Viettel Vĩnh Long"}},{"type":"Feature","geometry":{"type":"Point","coordinates":[106.44727,10.04496]},"properties":{"Tên doanh nghiệp":"Viettel Vĩnh Long","Tên trạm BTS":"BTE0092","Địa chỉ lắp đặt":"Xã Đại Điền","Trạm 5G":"5G","layer_id":179,"fid":1265,"label":"Viettel Vĩnh Long"}},{"type":"Feature","geometry":{"type":"Point","coordinates":[106.50182,9.98457]},"properties":{"Tên doanh nghiệp":"Viettel Vĩnh Long","Tên trạm BTS":"BTE0093","Địa chỉ lắp đặt":"Xã Quới Điền","Trạm 5G":"5G","layer_id":179,"fid":1266,"label":"Viettel Vĩnh Long"}},{"type":"Feature","geometry":{"type":"Point","coordinates":[106.52983,9.88952]},"properties":{"Tên doanh nghiệp":"Viettel Vĩnh Long","Tên trạm BTS":"BTE0094","Địa chỉ lắp đặt":"Xã An Qui","Trạm 5G":"5G","layer_id":179,"fid":1267,"label":"Viettel Vĩnh Long"}},{"type":"Feature","geometry":{"type":"Point","coordinates":[106.66778,10.14544]},"properties":{"Tên doanh nghiệp":"Viettel Vĩnh Long","Tên trạm BTS":"BTE0098","Địa chỉ lắp đặt":"Xã Thạnh Phước","Trạm 5G":"5G","layer_id":179,"fid":1268,"label":"Viettel Vĩnh Long"}},{"type":"Feature","geometry":{"type":"Point","coordinates":[106.49329,10.27229]},"properties":{"Tên doanh nghiệp":"Viettel Vĩnh Long","Tên trạm BTS":"BTE0102","Địa chỉ lắp đặt":"Xã Phú Thuận","Trạm 5G":"5G","layer_id":179,"fid":1269,"label":"Viettel Vĩnh Long"}},{"type":"Feature","geometry":{"type":"Point","coordinates":[106.30553,10.2053]},"properties":{"Tên doanh nghiệp":"Viettel Vĩnh Long","Tên trạm BTS":"BTE0105","Địa chỉ lắp đặt":"Xã Phước Mỹ Trung","Trạm 5G":"5G","layer_id":179,"fid":1270,"label":"Viettel Vĩnh Long"}},{"type":"Feature","geometry":{"type":"Point","coordinates":[106.31004,10.12345]},"properties":{"Tên doanh nghiệp":"Viettel Vĩnh Long","Tên trạm BTS":"BTE0106","Địa chỉ lắp đặt":"Xã Mỏ Cày","Trạm 5G":"5G","layer_id":179,"fid":1271,"label":"Viettel Vĩnh Long"}},{"type":"Feature","geometry":{"type":"Point","coordinates":[106.38768,10.09766]},"properties":{"Tên doanh nghiệp":"Viettel Vĩnh Long","Tên trạm BTS":"BTE0110","Địa chỉ lắp đặt":"Xã Đồng Khởi","Trạm 5G":"5G","layer_id":179,"fid":1272,"label":"Viettel Vĩnh Long"}},{"type":"Feature","geometry":{"type":"Point","coordinates":[106.33042,10.16824]},"properties":{"Tên doanh nghiệp":"Viettel Vĩnh Long","Tên trạm BTS":"BTE0111","Địa chỉ lắp đặt":"Xã Tân Thành Bình","Trạm 5G":"5G","layer_id":179,"fid":1273,"label":"Viettel Vĩnh Long"}},{"type":"Feature","geometry":{"type":"Point","coordinates":[106.384,10.241]},"properties":{"Tên doanh nghiệp":"Viettel Vĩnh Long","Tên trạm BTS":"BTE0113","Địa chỉ lắp đặt":"Phường Phú Khương","Trạm 5G":"5G","layer_id":179,"fid":1274,"label":"Viettel Vĩnh Long"}},{"type":"Feature","geometry":{"type":"Point","coordinates":[106.36802,10.25101]},"properties":{"Tên doanh nghiệp":"Viettel Vĩnh Long","Tên trạm BTS":"BTE0114","Địa chỉ lắp đặt":"Phường Phú Khương","Trạm 5G":"5G","layer_id":179,"fid":1275,"label":"Viettel Vĩnh Long"}},{"type":"Feature","geometry":{"type":"Point","coordinates":[106.372,10.241]},"properties":{"Tên doanh nghiệp":"Viettel Vĩnh Long","Tên trạm BTS":"BTE0115","Địa chỉ lắp đặt":"Phường An Hội","Trạm 5G":"5G","layer_id":179,"fid":1276,"label":"Viettel Vĩnh Long"}},{"type":"Feature","geometry":{"type":"Point","coordinates":[106.386,10.236]},"properties":{"Tên doanh nghiệp":"Viettel Vĩnh Long","Tên trạm BTS":"BTE0116","Địa chỉ lắp đặt":"Phường Phú Khương","Trạm 5G":"5G","layer_id":179,"fid":1277,"label":"Viettel Vĩnh Long"}},{"type":"Feature","geometry":{"type":"Point","coordinates":[106.36118,10.23141]},"properties":{"Tên doanh nghiệp":"Viettel Vĩnh Long","Tên trạm BTS":"BTE0121","Địa chỉ lắp đặt":"Phường Bến Tre","Trạm 5G":"5G","layer_id":179,"fid":1278,"label":"Viettel Vĩnh Long"}},{"type":"Feature","geometry":{"type":"Point","coordinates":[106.36135,10.22967]},"properties":{"Tên doanh nghiệp":"Viettel Vĩnh Long","Tên trạm BTS":"BTE0121-41","Địa chỉ lắp đặt":"Phường Bến Tre","Trạm 5G":"5G","layer_id":179,"fid":1279,"label":"Viettel Vĩnh Long"}},{"type":"Feature","geometry":{"type":"Point","coordinates":[106.35412,10.22637]},"properties":{"Tên doanh nghiệp":"Viettel Vĩnh Long","Tên trạm BTS":"BTE0122","Địa chỉ lắp đặt":"Phường Bến Tre","Trạm 5G":"5G","layer_id":179,"fid":1280,"label":"Viettel Vĩnh Long"}},{"type":"Feature","geometry":{"type":"Point","coordinates":[106.35891,10.22775]},"properties":{"Tên doanh nghiệp":"Viettel Vĩnh Long","Tên trạm BTS":"BTE0122-41","Địa chỉ lắp đặt":"Phường Bến Tre","Trạm 5G":"5G","layer_id":179,"fid":1281,"label":"Viettel Vĩnh Long"}},{"type":"Feature","geometry":{"type":"Point","coordinates":[106.40608,10.23526]},"properties":{"Tên doanh nghiệp":"Viettel Vĩnh Long","Tên trạm BTS":"BTE0123","Địa chỉ lắp đặt":"Phường Phú Khương","Trạm 5G":"5G","layer_id":179,"fid":1282,"label":"Viettel Vĩnh Long"}},{"type":"Feature","geometry":{"type":"Point","coordinates":[106.35886,10.29847]},"properties":{"Tên doanh nghiệp":"Viettel Vĩnh Long","Tên trạm BTS":"BTE0124","Địa chỉ lắp đặt":"Xã Phú Túc","Trạm 5G":"5G","layer_id":179,"fid":1283,"label":"Viettel Vĩnh Long"}},{"type":"Feature","geometry":{"type":"Point","coordinates":[106.33706,10.23829]},"properties":{"Tên doanh nghiệp":"Viettel Vĩnh Long","Tên trạm BTS":"BTE0127","Địa chỉ lắp đặt":"Phường Bến Tre","Trạm 5G":"5G","layer_id":179,"fid":1284,"label":"Viettel Vĩnh Long"}},{"type":"Feature","geometry":{"type":"Point","coordinates":[106.43473,10.18618]},"properties":{"Tên doanh nghiệp":"Viettel Vĩnh Long","Tên trạm BTS":"BTE0129","Địa chỉ lắp đặt":"Xã Lương Phú","Trạm 5G":"5G","layer_id":179,"fid":1285,"label":"Viettel Vĩnh Long"}},{"type":"Feature","geometry":{"type":"Point","coordinates":[106.3894,9.99218]},"properties":{"Tên doanh nghiệp":"Viettel Vĩnh Long","Tên trạm BTS":"BTE0130","Địa chỉ lắp đặt":"Xã Hương Mỹ","Trạm 5G":"5G","layer_id":179,"fid":1286,"label":"Viettel Vĩnh Long"}},{"type":"Feature","geometry":{"type":"Point","coordinates":[106.65442,9.87645]},"properties":{"Tên doanh nghiệp":"Viettel Vĩnh Long","Tên trạm BTS":"BTE0131","Địa chỉ lắp đặt":"Xã Thạnh Hải","Trạm 5G":"5G","layer_id":179,"fid":1287,"label":"Viettel Vĩnh Long"}},{"type":"Feature","geometry":{"type":"Point","coordinates":[106.38657,10.27106]},"properties":{"Tên doanh nghiệp":"Viettel Vĩnh Long","Tên trạm BTS":"BTE0132","Địa chỉ lắp đặt":"Phường Phú Tân","Trạm 5G":"5G","layer_id":179,"fid":1288,"label":"Viettel Vĩnh Long"}},{"type":"Feature","geometry":{"type":"Point","coordinates":[106.43909,10.15285]},"properties":{"Tên doanh nghiệp":"Viettel Vĩnh Long","Tên trạm BTS":"BTE0136","Địa chỉ lắp đặt":"Xã Phước Long","Trạm 5G":"5G","layer_id":179,"fid":1289,"label":"Viettel Vĩnh Long"}},{"type":"Feature","geometry":{"type":"Point","coordinates":[106.32131,10.10851]},"properties":{"Tên doanh nghiệp":"Viettel Vĩnh Long","Tên trạm BTS":"BTE0140","Địa chỉ lắp đặt":"Xã Mỏ Cày","Trạm 5G":"5G","layer_id":179,"fid":1290,"label":"Viettel Vĩnh Long"}},{"type":"Feature","geometry":{"type":"Point","coordinates":[106.35747,10.24891]},"properties":{"Tên doanh nghiệp":"Viettel Vĩnh Long","Tên trạm BTS":"BTE0142","Địa chỉ lắp đặt":"Phường Sơn Đông","Trạm 5G":"5G","layer_id":179,"fid":1291,"label":"Viettel Vĩnh Long"}},{"type":"Feature","geometry":{"type":"Point","coordinates":[106.39,10.257]},"properties":{"Tên doanh nghiệp":"Viettel Vĩnh Long","Tên trạm BTS":"BTE0146","Địa chỉ lắp đặt":"Phường Phú Khương","Trạm 5G":"5G","layer_id":179,"fid":1292,"label":"Viettel Vĩnh Long"}},{"type":"Feature","geometry":{"type":"Point","coordinates":[106.3567,10.24338]},"properties":{"Tên doanh nghiệp":"Viettel Vĩnh Long","Tên trạm BTS":"BTE0148","Địa chỉ lắp đặt":"Phường Bến Tre","Trạm 5G":"5G","layer_id":179,"fid":1293,"label":"Viettel Vĩnh Long"}},{"type":"Feature","geometry":{"type":"Point","coordinates":[106.361,10.265]},"properties":{"Tên doanh nghiệp":"Viettel Vĩnh Long","Tên trạm BTS":"BTE0149","Địa chỉ lắp đặt":"Phường Sơn Đông","Trạm 5G":"5G","layer_id":179,"fid":1294,"label":"Viettel Vĩnh Long"}},{"type":"Feature","geometry":{"type":"Point","coordinates":[106.61922,10.06494]},"properties":{"Tên doanh nghiệp":"Viettel Vĩnh Long","Tên trạm BTS":"BTE0164","Địa chỉ lắp đặt":"Xã Tân Xuân","Trạm 5G":"5G","layer_id":179,"fid":1295,"label":"Viettel Vĩnh Long"}},{"type":"Feature","geometry":{"type":"Point","coordinates":[106.60569,10.05033]},"properties":{"Tên doanh nghiệp":"Viettel Vĩnh Long","Tên trạm BTS":"BTE0164-12","Địa chỉ lắp đặt":"Xã Ba Tri","Trạm 5G":"5G","layer_id":179,"fid":1296,"label":"Viettel Vĩnh Long"}},{"type":"Feature","geometry":{"type":"Point","coordinates":[106.57553,10.02303]},"properties":{"Tên doanh nghiệp":"Viettel Vĩnh Long","Tên trạm BTS":"BTE0170","Địa chỉ lắp đặt":"Xã Ba Tri","Trạm 5G":"5G","layer_id":179,"fid":1297,"label":"Viettel Vĩnh Long"}},{"type":"Feature","geometry":{"type":"Point","coordinates":[106.48902,10.17398]},"properties":{"Tên doanh nghiệp":"Viettel Vĩnh Long","Tên trạm BTS":"BTE0176","Địa chỉ lắp đặt":"Xã Giồng Trôm","Trạm 5G":"5G","layer_id":179,"fid":1298,"label":"Viettel Vĩnh Long"}},{"type":"Feature","geometry":{"type":"Point","coordinates":[106.41821,10.12309]},"properties":{"Tên doanh nghiệp":"Viettel Vĩnh Long","Tên trạm BTS":"BTE0180","Địa chỉ lắp đặt":"Xã Tân Hào","Trạm 5G":"5G","layer_id":179,"fid":1299,"label":"Viettel Vĩnh Long"}},{"type":"Feature","geometry":{"type":"Point","coordinates":[106.23357,10.23109]},"properties":{"Tên doanh nghiệp":"Viettel Vĩnh Long","Tên trạm BTS":"BTE0184","Địa chỉ lắp đặt":"Xã Vĩnh Thành","Trạm 5G":"5G","layer_id":179,"fid":1300,"label":"Viettel Vĩnh Long"}},{"type":"Feature","geometry":{"type":"Point","coordinates":[106.26006,10.14853]},"properties":{"Tên doanh nghiệp":"Viettel Vĩnh Long","Tên trạm BTS":"BTE0185","Địa chỉ lắp đặt":"Xã Nhuận Phú Tân","Trạm 5G":"5G","layer_id":179,"fid":1301,"label":"Viettel Vĩnh Long"}},{"type":"Feature","geometry":{"type":"Point","coordinates":[106.28294,10.1343]},"properties":{"Tên doanh nghiệp":"Viettel Vĩnh Long","Tên trạm BTS":"BTE0186","Địa chỉ lắp đặt":"Xã Nhuận Phú Tân","Trạm 5G":"5G","layer_id":179,"fid":1302,"label":"Viettel Vĩnh Long"}},{"type":"Feature","geometry":{"type":"Point","coordinates":[106.35912,10.14371]},"properties":{"Tên doanh nghiệp":"Viettel Vĩnh Long","Tên trạm BTS":"BTE0187","Địa chỉ lắp đặt":"Xã Đồng Khởi","Trạm 5G":"5G","layer_id":179,"fid":1303,"label":"Viettel Vĩnh Long"}},{"type":"Feature","geometry":{"type":"Point","coordinates":[106.3266,10.22764]},"properties":{"Tên doanh nghiệp":"Viettel Vĩnh Long","Tên trạm BTS":"BTE0188","Địa chỉ lắp đặt":"Phường Bến Tre","Trạm 5G":"5G","layer_id":179,"fid":1304,"label":"Viettel Vĩnh Long"}},{"type":"Feature","geometry":{"type":"Point","coordinates":[106.308,10.184]},"properties":{"Tên doanh nghiệp":"Viettel Vĩnh Long","Tên trạm BTS":"BTE0189","Địa chỉ lắp đặt":"Xã Tân Thành Bình","Trạm 5G":"5G","layer_id":179,"fid":1305,"label":"Viettel Vĩnh Long"}},{"type":"Feature","geometry":{"type":"Point","coordinates":[106.34002,10.06175]},"properties":{"Tên doanh nghiệp":"Viettel Vĩnh Long","Tên trạm BTS":"BTE0190","Địa chỉ lắp đặt":"Xã Thành Thới","Trạm 5G":"5G","layer_id":179,"fid":1306,"label":"Viettel Vĩnh Long"}},{"type":"Feature","geometry":{"type":"Point","coordinates":[106.37907,10.03987]},"properties":{"Tên doanh nghiệp":"Viettel Vĩnh Long","Tên trạm BTS":"BTE0191","Địa chỉ lắp đặt":"Xã Hương Mỹ","Trạm 5G":"5G","layer_id":179,"fid":1307,"label":"Viettel Vĩnh Long"}},{"type":"Feature","geometry":{"type":"Point","coordinates":[106.44697,10.02072]},"properties":{"Tên doanh nghiệp":"Viettel Vĩnh Long","Tên trạm BTS":"BTE0195","Địa chỉ lắp đặt":"Xã Đại Điền","Trạm 5G":"5G","layer_id":179,"fid":1308,"label":"Viettel Vĩnh Long"}},{"type":"Feature","geometry":{"type":"Point","coordinates":[106.47372,9.98291]},"properties":{"Tên doanh nghiệp":"Viettel Vĩnh Long","Tên trạm BTS":"BTE0197","Địa chỉ lắp đặt":"Xã Quới Điền","Trạm 5G":"5G","layer_id":179,"fid":1309,"label":"Viettel Vĩnh Long"}},{"type":"Feature","geometry":{"type":"Point","coordinates":[106.57977,9.89568]},"properties":{"Tên doanh nghiệp":"Viettel Vĩnh Long","Tên trạm BTS":"BTE0200","Địa chỉ lắp đặt":"Xã An Qui","Trạm 5G":"5G","layer_id":179,"fid":1310,"label":"Viettel Vĩnh Long"}},{"type":"Feature","geometry":{"type":"Point","coordinates":[106.55904,10.22949]},"properties":{"Tên doanh nghiệp":"Viettel Vĩnh Long","Tên trạm BTS":"BTE0203","Địa chỉ lắp đặt":"Xã Lộc Thuận","Trạm 5G":"5G","layer_id":179,"fid":1311,"label":"Viettel Vĩnh Long"}},{"type":"Feature","geometry":{"type":"Point","coordinates":[106.3185,10.27187]},"properties":{"Tên doanh nghiệp":"Viettel Vĩnh Long","Tên trạm BTS":"BTE0206","Địa chỉ lắp đặt":"Xã Phú Túc","Trạm 5G":"5G","layer_id":179,"fid":1312,"label":"Viettel Vĩnh Long"}},{"type":"Feature","geometry":{"type":"Point","coordinates":[106.34657,10.10589]},"properties":{"Tên doanh nghiệp":"Viettel Vĩnh Long","Tên trạm BTS":"BTE0207","Địa chỉ lắp đặt":"Xã Mỏ Cày","Trạm 5G":"5G","layer_id":179,"fid":1313,"label":"Viettel Vĩnh Long"}},{"type":"Feature","geometry":{"type":"Point","coordinates":[106.54446,9.91837]},"properties":{"Tên doanh nghiệp":"Viettel Vĩnh Long","Tên trạm BTS":"BTE0208","Địa chỉ lắp đặt":"Xã An Qui","Trạm 5G":"5G","layer_id":179,"fid":1314,"label":"Viettel Vĩnh Long"}},{"type":"Feature","geometry":{"type":"Point","coordinates":[106.62933,9.87164]},"properties":{"Tên doanh nghiệp":"Viettel Vĩnh Long","Tên trạm BTS":"BTE0209","Địa chỉ lắp đặt":"Xã Thạnh Phong","Trạm 5G":"5G","layer_id":179,"fid":1315,"label":"Viettel Vĩnh Long"}},{"type":"Feature","geometry":{"type":"Point","coordinates":[106.23057,10.18342]},"properties":{"Tên doanh nghiệp":"Viettel Vĩnh Long","Tên trạm BTS":"BTE0210","Địa chỉ lắp đặt":"Xã Hưng Khánh Trung","Trạm 5G":"5G","layer_id":179,"fid":1316,"label":"Viettel Vĩnh Long"}},{"type":"Feature","geometry":{"type":"Point","coordinates":[106.18632,10.23228]},"properties":{"Tên doanh nghiệp":"Viettel Vĩnh Long","Tên trạm BTS":"BTE0211","Địa chỉ lắp đặt":"Xã Chợ Lách","Trạm 5G":"5G","layer_id":179,"fid":1317,"label":"Viettel Vĩnh Long"}},{"type":"Feature","geometry":{"type":"Point","coordinates":[106.354,10.261]},"properties":{"Tên doanh nghiệp":"Viettel Vĩnh Long","Tên trạm BTS":"BTE0212","Địa chỉ lắp đặt":"Phường Sơn Đông","Trạm 5G":"5G","layer_id":179,"fid":1318,"label":"Viettel Vĩnh Long"}},{"type":"Feature","geometry":{"type":"Point","coordinates":[106.362,10.26094]},"properties":{"Tên doanh nghiệp":"Viettel Vĩnh Long","Tên trạm BTS":"BTE0213","Địa chỉ lắp đặt":"Phường Phú Tân","Trạm 5G":"5G","layer_id":179,"fid":1319,"label":"Viettel Vĩnh Long"}},{"type":"Feature","geometry":{"type":"Point","coordinates":[106.381,10.239]},"properties":{"Tên doanh nghiệp":"Viettel Vĩnh Long","Tên trạm BTS":"BTE0214","Địa chỉ lắp đặt":"Phường An Hội","Trạm 5G":"5G","layer_id":179,"fid":1320,"label":"Viettel Vĩnh Long"}},{"type":"Feature","geometry":{"type":"Point","coordinates":[106.48,10.118]},"properties":{"Tên doanh nghiệp":"Viettel Vĩnh Long","Tên trạm BTS":"BTE0215","Địa chỉ lắp đặt":"Xã Tân Hào","Trạm 5G":"5G","layer_id":179,"fid":1321,"label":"Viettel Vĩnh Long"}},{"type":"Feature","geometry":{"type":"Point","coordinates":[106.12468,10.25858]},"properties":{"Tên doanh nghiệp":"Viettel Vĩnh Long","Tên trạm BTS":"BTE0217","Địa chỉ lắp đặt":"Xã Chợ Lách","Trạm 5G":"5G","layer_id":179,"fid":1322,"label":"Viettel Vĩnh Long"}},{"type":"Feature","geometry":{"type":"Point","coordinates":[106.37609,10.08023]},"properties":{"Tên doanh nghiệp":"Viettel Vĩnh Long","Tên trạm BTS":"BTE0218","Địa chỉ lắp đặt":"Xã An Định","Trạm 5G":"5G","layer_id":179,"fid":1323,"label":"Viettel Vĩnh Long"}},{"type":"Feature","geometry":{"type":"Point","coordinates":[106.70132,10.19215]},"properties":{"Tên doanh nghiệp":"Viettel Vĩnh Long","Tên trạm BTS":"BTE0222","Địa chỉ lắp đặt":"Xã Bình Đại","Trạm 5G":"5G","layer_id":179,"fid":1324,"label":"Viettel Vĩnh Long"}},{"type":"Feature","geometry":{"type":"Point","coordinates":[106.42542,10.22561]},"properties":{"Tên doanh nghiệp":"Viettel Vĩnh Long","Tên trạm BTS":"BTE0229","Địa chỉ lắp đặt":"Xã Lương Phú","Trạm 5G":"5G","layer_id":179,"fid":1325,"label":"Viettel Vĩnh Long"}},{"type":"Feature","geometry":{"type":"Point","coordinates":[106.563,10.185]},"properties":{"Tên doanh nghiệp":"Viettel Vĩnh Long","Tên trạm BTS":"BTE0230","Địa chỉ lắp đặt":"Xã Châu Hòa","Trạm 5G":"5G","layer_id":179,"fid":1326,"label":"Viettel Vĩnh Long"}},{"type":"Feature","geometry":{"type":"Point","coordinates":[106.34751,10.32162]},"properties":{"Tên doanh nghiệp":"Viettel Vĩnh Long","Tên trạm BTS":"BTE0245","Địa chỉ lắp đặt":"Xã Phú Túc","Trạm 5G":"5G","layer_id":179,"fid":1327,"label":"Viettel Vĩnh Long"}},{"type":"Feature","geometry":{"type":"Point","coordinates":[106.27692,10.25329]},"properties":{"Tên doanh nghiệp":"Viettel Vĩnh Long","Tên trạm BTS":"BTE0248","Địa chỉ lắp đặt":"Phường Bến Tre","Trạm 5G":"5G","layer_id":179,"fid":1328,"label":"Viettel Vĩnh Long"}},{"type":"Feature","geometry":{"type":"Point","coordinates":[106.30183,10.05731]},"properties":{"Tên doanh nghiệp":"Viettel Vĩnh Long","Tên trạm BTS":"BTE0254","Địa chỉ lắp đặt":"Xã Thành Thới","Trạm 5G":"5G","layer_id":179,"fid":1329,"label":"Viettel Vĩnh Long"}},{"type":"Feature","geometry":{"type":"Point","coordinates":[106.33703,10.25815]},"properties":{"Tên doanh nghiệp":"Viettel Vĩnh Long","Tên trạm BTS":"BTE0263","Địa chỉ lắp đặt":"Phường Sơn Đông","Trạm 5G":"5G","layer_id":179,"fid":1330,"label":"Viettel Vĩnh Long"}},{"type":"Feature","geometry":{"type":"Point","coordinates":[106.37842,10.21872]},"properties":{"Tên doanh nghiệp":"Viettel Vĩnh Long","Tên trạm BTS":"BTE0265","Địa chỉ lắp đặt":"Phường An Hội","Trạm 5G":"5G","layer_id":179,"fid":1331,"label":"Viettel Vĩnh Long"}},{"type":"Feature","geometry":{"type":"Point","coordinates":[106.60043,9.82896]},"properties":{"Tên doanh nghiệp":"Viettel Vĩnh Long","Tên trạm BTS":"BTE0266","Địa chỉ lắp đặt":"Xã Thạnh Phong","Trạm 5G":"5G","layer_id":179,"fid":1332,"label":"Viettel Vĩnh Long"}},{"type":"Feature","geometry":{"type":"Point","coordinates":[106.3322,10.13257]},"properties":{"Tên doanh nghiệp":"Viettel Vĩnh Long","Tên trạm BTS":"BTE0273","Địa chỉ lắp đặt":"Xã Mỏ Cày","Trạm 5G":"5G","layer_id":179,"fid":1333,"label":"Viettel Vĩnh Long"}},{"type":"Feature","geometry":{"type":"Point","coordinates":[106.364,10.226]},"properties":{"Tên doanh nghiệp":"Viettel Vĩnh Long","Tên trạm BTS":"BTE0274","Địa chỉ lắp đặt":"Phường An Hội","Trạm 5G":"5G","layer_id":179,"fid":1334,"label":"Viettel Vĩnh Long"}},{"type":"Feature","geometry":{"type":"Point","coordinates":[106.35963,10.23534]},"properties":{"Tên doanh nghiệp":"Viettel Vĩnh Long","Tên trạm BTS":"BTE0275","Địa chỉ lắp đặt":"Phường Bến Tre","Trạm 5G":"5G","layer_id":179,"fid":1335,"label":"Viettel Vĩnh Long"}},{"type":"Feature","geometry":{"type":"Point","coordinates":[106.49968,10.25052]},"properties":{"Tên doanh nghiệp":"Viettel Vĩnh Long","Tên trạm BTS":"BTE0276","Địa chỉ lắp đặt":"Xã Châu Hưng","Trạm 5G":"5G","layer_id":179,"fid":1336,"label":"Viettel Vĩnh Long"}},{"type":"Feature","geometry":{"type":"Point","coordinates":[106.10225,10.26436]},"properties":{"Tên doanh nghiệp":"Viettel Vĩnh Long","Tên trạm BTS":"BTE0283","Địa chỉ lắp đặt":"Xã Phú Phụng","Trạm 5G":"5G","layer_id":179,"fid":1337,"label":"Viettel Vĩnh Long"}},{"type":"Feature","geometry":{"type":"Point","coordinates":[106.502,10.121]},"properties":{"Tên doanh nghiệp":"Viettel Vĩnh Long","Tên trạm BTS":"BTE0284","Địa chỉ lắp đặt":"Xã Hưng Nhượng","Trạm 5G":"5G","layer_id":179,"fid":1338,"label":"Viettel Vĩnh Long"}},{"type":"Feature","geometry":{"type":"Point","coordinates":[106.51736,9.9441]},"properties":{"Tên doanh nghiệp":"Viettel Vĩnh Long","Tên trạm BTS":"BTE0287","Địa chỉ lắp đặt":"Xã Thạnh Phú","Trạm 5G":"5G","layer_id":179,"fid":1339,"label":"Viettel Vĩnh Long"}},{"type":"Feature","geometry":{"type":"Point","coordinates":[106.35686,10.22895]},"properties":{"Tên doanh nghiệp":"Viettel Vĩnh Long","Tên trạm BTS":"BTE0295","Địa chỉ lắp đặt":"Phường Bến Tre","Trạm 5G":"5G","layer_id":179,"fid":1340,"label":"Viettel Vĩnh Long"}},{"type":"Feature","geometry":{"type":"Point","coordinates":[106.31461,10.03383]},"properties":{"Tên doanh nghiệp":"Viettel Vĩnh Long","Tên trạm BTS":"BTE0296","Địa chỉ lắp đặt":"Xã Thành Thới","Trạm 5G":"5G","layer_id":179,"fid":1341,"label":"Viettel Vĩnh Long"}},{"type":"Feature","geometry":{"type":"Point","coordinates":[106.33148,10.18526]},"properties":{"Tên doanh nghiệp":"Viettel Vĩnh Long","Tên trạm BTS":"BTE0313","Địa chỉ lắp đặt":"Xã Tân Thành Bình","Trạm 5G":"5G","layer_id":179,"fid":1342,"label":"Viettel Vĩnh Long"}},{"type":"Feature","geometry":{"type":"Point","coordinates":[106.37372,10.23747]},"properties":{"Tên doanh nghiệp":"Viettel Vĩnh Long","Tên trạm BTS":"BTE0354","Địa chỉ lắp đặt":"Phường An Hội","Trạm 5G":"5G","layer_id":179,"fid":1343,"label":"Viettel Vĩnh Long"}},{"type":"Feature","geometry":{"type":"Point","coordinates":[106.37588,10.2438]},"properties":{"Tên doanh nghiệp":"Viettel Vĩnh Long","Tên trạm BTS":"BTE0355","Địa chỉ lắp đặt":"Phường Phú Khương","Trạm 5G":"5G","layer_id":179,"fid":1344,"label":"Viettel Vĩnh Long"}},{"type":"Feature","geometry":{"type":"Point","coordinates":[106.36657,10.23984]},"properties":{"Tên doanh nghiệp":"Viettel Vĩnh Long","Tên trạm BTS":"BTE0356","Địa chỉ lắp đặt":"Phường An Hội","Trạm 5G":"5G","layer_id":179,"fid":1345,"label":"Viettel Vĩnh Long"}},{"type":"Feature","geometry":{"type":"Point","coordinates":[106.37392,10.19671]},"properties":{"Tên doanh nghiệp":"Viettel Vĩnh Long","Tên trạm BTS":"BTE0361","Địa chỉ lắp đặt":"Phường An Hội","Trạm 5G":"5G","layer_id":179,"fid":1346,"label":"Viettel Vĩnh Long"}},{"type":"Feature","geometry":{"type":"Point","coordinates":[106.5083,10.1494]},"properties":{"Tên doanh nghiệp":"Viettel Vĩnh Long","Tên trạm BTS":"BTE0363","Địa chỉ lắp đặt":"Xã Giồng Trôm","Trạm 5G":"5G","layer_id":179,"fid":1347,"label":"Viettel Vĩnh Long"}},{"type":"Feature","geometry":{"type":"Point","coordinates":[106.51618,10.08778]},"properties":{"Tên doanh nghiệp":"Viettel Vĩnh Long","Tên trạm BTS":"BTE0364","Địa chỉ lắp đặt":"Xã Hưng Nhượng","Trạm 5G":"5G","layer_id":179,"fid":1348,"label":"Viettel Vĩnh Long"}},{"type":"Feature","geometry":{"type":"Point","coordinates":[106.58444,10.10544]},"properties":{"Tên doanh nghiệp":"Viettel Vĩnh Long","Tên trạm BTS":"BTE0365","Địa chỉ lắp đặt":"Xã Mỹ Chánh Hòa","Trạm 5G":"5G","layer_id":179,"fid":1349,"label":"Viettel Vĩnh Long"}},{"type":"Feature","geometry":{"type":"Point","coordinates":[106.60386,10.03129]},"properties":{"Tên doanh nghiệp":"Viettel Vĩnh Long","Tên trạm BTS":"BTE0367","Địa chỉ lắp đặt":"Xã Ba Tri","Trạm 5G":"5G","layer_id":179,"fid":1350,"label":"Viettel Vĩnh Long"}},{"type":"Feature","geometry":{"type":"Point","coordinates":[106.59965,10.04098]},"properties":{"Tên doanh nghiệp":"Viettel Vĩnh Long","Tên trạm BTS":"BTE0367-11","Địa chỉ lắp đặt":"Xã Ba Tri","Trạm 5G":"5G","layer_id":179,"fid":1351,"label":"Viettel Vĩnh Long"}},{"type":"Feature","geometry":{"type":"Point","coordinates":[106.62674,9.98224]},"properties":{"Tên doanh nghiệp":"Viettel Vĩnh Long","Tên trạm BTS":"BTE0368","Địa chỉ lắp đặt":"Xã Tân Thủy","Trạm 5G":"5G","layer_id":179,"fid":1352,"label":"Viettel Vĩnh Long"}},{"type":"Feature","geometry":{"type":"Point","coordinates":[106.68896,10.19467]},"properties":{"Tên doanh nghiệp":"Viettel Vĩnh Long","Tên trạm BTS":"BTE0369","Địa chỉ lắp đặt":"Xã Bình Đại","Trạm 5G":"5G","layer_id":179,"fid":1353,"label":"Viettel Vĩnh Long"}},{"type":"Feature","geometry":{"type":"Point","coordinates":[106.14712,10.24943]},"properties":{"Tên doanh nghiệp":"Viettel Vĩnh Long","Tên trạm BTS":"BTE0370","Địa chỉ lắp đặt":"Xã Chợ Lách","Trạm 5G":"5G","layer_id":179,"fid":1354,"label":"Viettel Vĩnh Long"}},{"type":"Feature","geometry":{"type":"Point","coordinates":[106.26946,10.19955]},"properties":{"Tên doanh nghiệp":"Viettel Vĩnh Long","Tên trạm BTS":"BTE0371","Địa chỉ lắp đặt":"Xã Phước Mỹ Trung","Trạm 5G":"5G","layer_id":179,"fid":1355,"label":"Viettel Vĩnh Long"}},{"type":"Feature","geometry":{"type":"Point","coordinates":[106.41096,10.05047]},"properties":{"Tên doanh nghiệp":"Viettel Vĩnh Long","Tên trạm BTS":"BTE0374","Địa chỉ lắp đặt":"Xã An Định","Trạm 5G":"5G","layer_id":179,"fid":1356,"label":"Viettel Vĩnh Long"}},{"type":"Feature","geometry":{"type":"Point","coordinates":[106.44487,9.98233]},"properties":{"Tên doanh nghiệp":"Viettel Vĩnh Long","Tên trạm BTS":"BTE0375","Địa chỉ lắp đặt":"Xã Đại Điền","Trạm 5G":"5G","layer_id":179,"fid":1357,"label":"Viettel Vĩnh Long"}},{"type":"Feature","geometry":{"type":"Point","coordinates":[106.65489,9.83419]},"properties":{"Tên doanh nghiệp":"Viettel Vĩnh Long","Tên trạm BTS":"BTE0376","Địa chỉ lắp đặt":"Xã Thạnh Hải","Trạm 5G":"5G","layer_id":179,"fid":1358,"label":"Viettel Vĩnh Long"}},{"type":"Feature","geometry":{"type":"Point","coordinates":[106.66335,9.84277]},"properties":{"Tên doanh nghiệp":"Viettel Vĩnh Long","Tên trạm BTS":"BTE0376-11","Địa chỉ lắp đặt":"Xã Thạnh Hải","Trạm 5G":"5G","layer_id":179,"fid":1359,"label":"Viettel Vĩnh Long"}},{"type":"Feature","geometry":{"type":"Point","coordinates":[106.08152,10.2668]},"properties":{"Tên doanh nghiệp":"Viettel Vĩnh Long","Tên trạm BTS":"BTE0377","Địa chỉ lắp đặt":"Xã Phú Phụng","Trạm 5G":"5G","layer_id":179,"fid":1360,"label":"Viettel Vĩnh Long"}},{"type":"Feature","geometry":{"type":"Point","coordinates":[106.39293,10.22527]},"properties":{"Tên doanh nghiệp":"Viettel Vĩnh Long","Tên trạm BTS":"BTE0380","Địa chỉ lắp đặt":"Phường An Hội","Trạm 5G":"5G","layer_id":179,"fid":1361,"label":"Viettel Vĩnh Long"}},{"type":"Feature","geometry":{"type":"Point","coordinates":[106.32101,10.21718]},"properties":{"Tên doanh nghiệp":"Viettel Vĩnh Long","Tên trạm BTS":"BTE0381","Địa chỉ lắp đặt":"Xã Tân Thành Bình","Trạm 5G":"5G","layer_id":179,"fid":1362,"label":"Viettel Vĩnh Long"}},{"type":"Feature","geometry":{"type":"Point","coordinates":[106.37895,10.23564]},"properties":{"Tên doanh nghiệp":"Viettel Vĩnh Long","Tên trạm BTS":"BTE0388","Địa chỉ lắp đặt":"Phường An Hội","Trạm 5G":"5G","layer_id":179,"fid":1363,"label":"Viettel Vĩnh Long"}},{"type":"Feature","geometry":{"type":"Point","coordinates":[106.37235,10.24962]},"properties":{"Tên doanh nghiệp":"Viettel Vĩnh Long","Tên trạm BTS":"BTE0391","Địa chỉ lắp đặt":"Phường Phú Khương","Trạm 5G":"5G","layer_id":179,"fid":1364,"label":"Viettel Vĩnh Long"}},{"type":"Feature","geometry":{"type":"Point","coordinates":[106.36517,10.23341]},"properties":{"Tên doanh nghiệp":"Viettel Vĩnh Long","Tên trạm BTS":"BTE0392","Địa chỉ lắp đặt":"Phường Bến Tre","Trạm 5G":"5G","layer_id":179,"fid":1365,"label":"Viettel Vĩnh Long"}},{"type":"Feature","geometry":{"type":"Point","coordinates":[106.40216,10.30119]},"properties":{"Tên doanh nghiệp":"Viettel Vĩnh Long","Tên trạm BTS":"BTE0393","Địa chỉ lắp đặt":"Xã Giao Long","Trạm 5G":"5G","layer_id":179,"fid":1366,"label":"Viettel Vĩnh Long"}},{"type":"Feature","geometry":{"type":"Point","coordinates":[106.38047,10.25798]},"properties":{"Tên doanh nghiệp":"Viettel Vĩnh Long","Tên trạm BTS":"BTE0394","Địa chỉ lắp đặt":"Phường Phú Tân","Trạm 5G":"5G","layer_id":179,"fid":1367,"label":"Viettel Vĩnh Long"}},{"type":"Feature","geometry":{"type":"Point","coordinates":[106.35858,10.2137]},"properties":{"Tên doanh nghiệp":"Viettel Vĩnh Long","Tên trạm BTS":"BTE0396","Địa chỉ lắp đặt":"Phường An Hội","Trạm 5G":"5G","layer_id":179,"fid":1368,"label":"Viettel Vĩnh Long"}},{"type":"Feature","geometry":{"type":"Point","coordinates":[106.34737,10.24645]},"properties":{"Tên doanh nghiệp":"Viettel Vĩnh Long","Tên trạm BTS":"BTE0406","Địa chỉ lắp đặt":"Phường Bến Tre","Trạm 5G":"5G","layer_id":179,"fid":1369,"label":"Viettel Vĩnh Long"}},{"type":"Feature","geometry":{"type":"Point","coordinates":[106.34848,10.22548]},"properties":{"Tên doanh nghiệp":"Viettel Vĩnh Long","Tên trạm BTS":"BTE0407","Địa chỉ lắp đặt":"Phường Bến Tre","Trạm 5G":"5G","layer_id":179,"fid":1370,"label":"Viettel Vĩnh Long"}},{"type":"Feature","geometry":{"type":"Point","coordinates":[106.36249,10.25035]},"properties":{"Tên doanh nghiệp":"Viettel Vĩnh Long","Tên trạm BTS":"BTE0408","Địa chỉ lắp đặt":"Phường Phú Tân","Trạm 5G":"5G","layer_id":179,"fid":1371,"label":"Viettel Vĩnh Long"}},{"type":"Feature","geometry":{"type":"Point","coordinates":[106.40377,10.24152]},"properties":{"Tên doanh nghiệp":"Viettel Vĩnh Long","Tên trạm BTS":"BTE0411","Địa chỉ lắp đặt":"Phường Phú Khương","Trạm 5G":"5G","layer_id":179,"fid":1372,"label":"Viettel Vĩnh Long"}},{"type":"Feature","geometry":{"type":"Point","coordinates":[106.39814,10.23817]},"properties":{"Tên doanh nghiệp":"Viettel Vĩnh Long","Tên trạm BTS":"BTE0412","Địa chỉ lắp đặt":"Phường Phú Khương","Trạm 5G":"5G","layer_id":179,"fid":1373,"label":"Viettel Vĩnh Long"}},{"type":"Feature","geometry":{"type":"Point","coordinates":[106.36932,10.22662]},"properties":{"Tên doanh nghiệp":"Viettel Vĩnh Long","Tên trạm BTS":"BTE0413","Địa chỉ lắp đặt":"Phường An Hội","Trạm 5G":"5G","layer_id":179,"fid":1374,"label":"Viettel Vĩnh Long"}},{"type":"Feature","geometry":{"type":"Point","coordinates":[106.36759,10.24399]},"properties":{"Tên doanh nghiệp":"Viettel Vĩnh Long","Tên trạm BTS":"BTE0415","Địa chỉ lắp đặt":"Phường Sơn Đông","Trạm 5G":"5G","layer_id":179,"fid":1375,"label":"Viettel Vĩnh Long"}},{"type":"Feature","geometry":{"type":"Point","coordinates":[106.355,10.23876]},"properties":{"Tên doanh nghiệp":"Viettel Vĩnh Long","Tên trạm BTS":"BTE0417","Địa chỉ lắp đặt":"Phường Bến Tre","Trạm 5G":"5G","layer_id":179,"fid":1376,"label":"Viettel Vĩnh Long"}},{"type":"Feature","geometry":{"type":"Point","coordinates":[106.38414,10.259]},"properties":{"Tên doanh nghiệp":"Viettel Vĩnh Long","Tên trạm BTS":"BTE0418","Địa chỉ lắp đặt":"Phường Phú Khương","Trạm 5G":"5G","layer_id":179,"fid":1377,"label":"Viettel Vĩnh Long"}},{"type":"Feature","geometry":{"type":"Point","coordinates":[106.35807,10.25504]},"properties":{"Tên doanh nghiệp":"Viettel Vĩnh Long","Tên trạm BTS":"BTE0419","Địa chỉ lắp đặt":"Phường Sơn Đông","Trạm 5G":"5G","layer_id":179,"fid":1378,"label":"Viettel Vĩnh Long"}},{"type":"Feature","geometry":{"type":"Point","coordinates":[106.39918,10.24828]},"properties":{"Tên doanh nghiệp":"Viettel Vĩnh Long","Tên trạm BTS":"BTE0422","Địa chỉ lắp đặt":"Phường Phú Khương","Trạm 5G":"5G","layer_id":179,"fid":1379,"label":"Viettel Vĩnh Long"}},{"type":"Feature","geometry":{"type":"Point","coordinates":[106.38967,10.29743]},"properties":{"Tên doanh nghiệp":"Viettel Vĩnh Long","Tên trạm BTS":"BTE0426","Địa chỉ lắp đặt":"Xã Giao Long","Trạm 5G":"5G","layer_id":179,"fid":1380,"label":"Viettel Vĩnh Long"}},{"type":"Feature","geometry":{"type":"Point","coordinates":[106.40224,10.30674]},"properties":{"Tên doanh nghiệp":"Viettel Vĩnh Long","Tên trạm BTS":"BTE0427","Địa chỉ lắp đặt":"Xã Giao Long","Trạm 5G":"5G","layer_id":179,"fid":1381,"label":"Viettel Vĩnh Long"}},{"type":"Feature","geometry":{"type":"Point","coordinates":[106.28272,10.2769]},"properties":{"Tên doanh nghiệp":"Viettel Vĩnh Long","Tên trạm BTS":"BTE0432","Địa chỉ lắp đặt":"Xã Phú Túc","Trạm 5G":"5G","layer_id":179,"fid":1382,"label":"Viettel Vĩnh Long"}},{"type":"Feature","geometry":{"type":"Point","coordinates":[106.6971,10.18255]},"properties":{"Tên doanh nghiệp":"Viettel Vĩnh Long","Tên trạm BTS":"BTE0434","Địa chỉ lắp đặt":"Xã Bình Đại","Trạm 5G":"5G","layer_id":179,"fid":1383,"label":"Viettel Vĩnh Long"}},{"type":"Feature","geometry":{"type":"Point","coordinates":[106.12127,10.25937]},"properties":{"Tên doanh nghiệp":"Viettel Vĩnh Long","Tên trạm BTS":"BTE0435","Địa chỉ lắp đặt":"Xã Chợ Lách","Trạm 5G":"5G","layer_id":179,"fid":1384,"label":"Viettel Vĩnh Long"}},{"type":"Feature","geometry":{"type":"Point","coordinates":[106.27146,10.18242]},"properties":{"Tên doanh nghiệp":"Viettel Vĩnh Long","Tên trạm BTS":"BTE0438","Địa chỉ lắp đặt":"Xã Phước Mỹ Trung","Trạm 5G":"5G","layer_id":179,"fid":1385,"label":"Viettel Vĩnh Long"}},{"type":"Feature","geometry":{"type":"Point","coordinates":[106.32859,10.12672]},"properties":{"Tên doanh nghiệp":"Viettel Vĩnh Long","Tên trạm BTS":"BTE0439","Địa chỉ lắp đặt":"Xã Mỏ Cày","Trạm 5G":"5G","layer_id":179,"fid":1386,"label":"Viettel Vĩnh Long"}},{"type":"Feature","geometry":{"type":"Point","coordinates":[106.33508,10.1283]},"properties":{"Tên doanh nghiệp":"Viettel Vĩnh Long","Tên trạm BTS":"BTE0440","Địa chỉ lắp đặt":"Xã Mỏ Cày","Trạm 5G":"5G","layer_id":179,"fid":1387,"label":"Viettel Vĩnh Long"}},{"type":"Feature","geometry":{"type":"Point","coordinates":[106.51885,9.95237]},"properties":{"Tên doanh nghiệp":"Viettel Vĩnh Long","Tên trạm BTS":"BTE0441","Địa chỉ lắp đặt":"Xã Thạnh Phú","Trạm 5G":"5G","layer_id":179,"fid":1388,"label":"Viettel Vĩnh Long"}},{"type":"Feature","geometry":{"type":"Point","coordinates":[106.5872,10.04353]},"properties":{"Tên doanh nghiệp":"Viettel Vĩnh Long","Tên trạm BTS":"BTE0442","Địa chỉ lắp đặt":"Xã Ba Tri","Trạm 5G":"5G","layer_id":179,"fid":1389,"label":"Viettel Vĩnh Long"}},{"type":"Feature","geometry":{"type":"Point","coordinates":[106.58895,10.05141]},"properties":{"Tên doanh nghiệp":"Viettel Vĩnh Long","Tên trạm BTS":"BTE0443","Địa chỉ lắp đặt":"Xã Ba Tri","Trạm 5G":"5G","layer_id":179,"fid":1390,"label":"Viettel Vĩnh Long"}},{"type":"Feature","geometry":{"type":"Point","coordinates":[106.5043,10.1544]},"properties":{"Tên doanh nghiệp":"Viettel Vĩnh Long","Tên trạm BTS":"BTE0444","Địa chỉ lắp đặt":"Xã Giồng Trôm","Trạm 5G":"5G","layer_id":179,"fid":1391,"label":"Viettel Vĩnh Long"}},{"type":"Feature","geometry":{"type":"Point","coordinates":[106.35556,10.31104]},"properties":{"Tên doanh nghiệp":"Viettel Vĩnh Long","Tên trạm BTS":"BTE0445","Địa chỉ lắp đặt":"Xã Phú Túc","Trạm 5G":"5G","layer_id":179,"fid":1392,"label":"Viettel Vĩnh Long"}},{"type":"Feature","geometry":{"type":"Point","coordinates":[106.51155,9.94316]},"properties":{"Tên doanh nghiệp":"Viettel Vĩnh Long","Tên trạm BTS":"BTE0446","Địa chỉ lắp đặt":"Xã Thạnh Phú","Trạm 5G":"5G","layer_id":179,"fid":1393,"label":"Viettel Vĩnh Long"}},{"type":"Feature","geometry":{"type":"Point","coordinates":[106.36161,10.31414]},"properties":{"Tên doanh nghiệp":"Viettel Vĩnh Long","Tên trạm BTS":"BTE0447","Địa chỉ lắp đặt":"Xã Phú Túc","Trạm 5G":"5G","layer_id":179,"fid":1394,"label":"Viettel Vĩnh Long"}},{"type":"Feature","geometry":{"type":"Point","coordinates":[106.36354,10.30794]},"properties":{"Tên doanh nghiệp":"Viettel Vĩnh Long","Tên trạm BTS":"BTE0448","Địa chỉ lắp đặt":"Xã Phú Túc","Trạm 5G":"5G","layer_id":179,"fid":1395,"label":"Viettel Vĩnh Long"}},{"type":"Feature","geometry":{"type":"Point","coordinates":[106.25117,10.23361]},"properties":{"Tên doanh nghiệp":"Viettel Vĩnh Long","Tên trạm BTS":"BTE0457","Địa chỉ lắp đặt":"Xã Vĩnh Thành","Trạm 5G":"5G","layer_id":179,"fid":1396,"label":"Viettel Vĩnh Long"}},{"type":"Feature","geometry":{"type":"Point","coordinates":[106.26774,10.2158]},"properties":{"Tên doanh nghiệp":"Viettel Vĩnh Long","Tên trạm BTS":"BTE0458","Địa chỉ lắp đặt":"Xã Phước Mỹ Trung","Trạm 5G":"5G","layer_id":179,"fid":1397,"label":"Viettel Vĩnh Long"}},{"type":"Feature","geometry":{"type":"Point","coordinates":[106.34836,10.13531]},"properties":{"Tên doanh nghiệp":"Viettel Vĩnh Long","Tên trạm BTS":"BTE0461","Địa chỉ lắp đặt":"Xã Mỏ Cày","Trạm 5G":"5G","layer_id":179,"fid":1398,"label":"Viettel Vĩnh Long"}},{"type":"Feature","geometry":{"type":"Point","coordinates":[106.5018,9.96436]},"properties":{"Tên doanh nghiệp":"Viettel Vĩnh Long","Tên trạm BTS":"BTE0465","Địa chỉ lắp đặt":"Xã Quới Điền","Trạm 5G":"5G","layer_id":179,"fid":1399,"label":"Viettel Vĩnh Long"}},{"type":"Feature","geometry":{"type":"Point","coordinates":[106.50672,9.93141]},"properties":{"Tên doanh nghiệp":"Viettel Vĩnh Long","Tên trạm BTS":"BTE0467","Địa chỉ lắp đặt":"Xã Thạnh Phú","Trạm 5G":"5G","layer_id":179,"fid":1400,"label":"Viettel Vĩnh Long"}},{"type":"Feature","geometry":{"type":"Point","coordinates":[106.25867,10.29645]},"properties":{"Tên doanh nghiệp":"Viettel Vĩnh Long","Tên trạm BTS":"BTE0480","Địa chỉ lắp đặt":"Xã Tiên Thủy","Trạm 5G":"5G","layer_id":179,"fid":1401,"label":"Viettel Vĩnh Long"}},{"type":"Feature","geometry":{"type":"Point","coordinates":[106.27893,10.27176]},"properties":{"Tên doanh nghiệp":"Viettel Vĩnh Long","Tên trạm BTS":"BTE0482","Địa chỉ lắp đặt":"Xã Tiên Thủy","Trạm 5G":"5G","layer_id":179,"fid":1402,"label":"Viettel Vĩnh Long"}},{"type":"Feature","geometry":{"type":"Point","coordinates":[106.33086,10.24436]},"properties":{"Tên doanh nghiệp":"Viettel Vĩnh Long","Tên trạm BTS":"BTE0486","Địa chỉ lắp đặt":"Phường Bến Tre","Trạm 5G":"5G","layer_id":179,"fid":1403,"label":"Viettel Vĩnh Long"}},{"type":"Feature","geometry":{"type":"Point","coordinates":[106.42606,10.30815]},"properties":{"Tên doanh nghiệp":"Viettel Vĩnh Long","Tên trạm BTS":"BTE0491","Địa chỉ lắp đặt":"Xã Giao Long","Trạm 5G":"5G","layer_id":179,"fid":1404,"label":"Viettel Vĩnh Long"}},{"type":"Feature","geometry":{"type":"Point","coordinates":[106.44116,10.28531]},"properties":{"Tên doanh nghiệp":"Viettel Vĩnh Long","Tên trạm BTS":"BTE0492","Địa chỉ lắp đặt":"Xã Giao Long","Trạm 5G":"5G","layer_id":179,"fid":1405,"label":"Viettel Vĩnh Long"}},{"type":"Feature","geometry":{"type":"Point","coordinates":[106.40355,10.29368]},"properties":{"Tên doanh nghiệp":"Viettel Vĩnh Long","Tên trạm BTS":"BTE0493","Địa chỉ lắp đặt":"Xã Giao Long","Trạm 5G":"5G","layer_id":179,"fid":1406,"label":"Viettel Vĩnh Long"}},{"type":"Feature","geometry":{"type":"Point","coordinates":[106.41341,10.29927]},"properties":{"Tên doanh nghiệp":"Viettel Vĩnh Long","Tên trạm BTS":"BTE0494","Địa chỉ lắp đặt":"Xã Giao Long","Trạm 5G":"5G","layer_id":179,"fid":1407,"label":"Viettel Vĩnh Long"}},{"type":"Feature","geometry":{"type":"Point","coordinates":[106.40881,10.26518]},"properties":{"Tên doanh nghiệp":"Viettel Vĩnh Long","Tên trạm BTS":"BTE0498","Địa chỉ lắp đặt":"Phường Phú Tân","Trạm 5G":"5G","layer_id":179,"fid":1408,"label":"Viettel Vĩnh Long"}},{"type":"Feature","geometry":{"type":"Point","coordinates":[106.41532,10.23131]},"properties":{"Tên doanh nghiệp":"Viettel Vĩnh Long","Tên trạm BTS":"BTE0499","Địa chỉ lắp đặt":"Phường Phú Khương","Trạm 5G":"5G","layer_id":179,"fid":1409,"label":"Viettel Vĩnh Long"}},{"type":"Feature","geometry":{"type":"Point","coordinates":[106.48451,10.21023]},"properties":{"Tên doanh nghiệp":"Viettel Vĩnh Long","Tên trạm BTS":"BTE0511","Địa chỉ lắp đặt":"Xã Châu Hòa","Trạm 5G":"5G","layer_id":179,"fid":1410,"label":"Viettel Vĩnh Long"}},{"type":"Feature","geometry":{"type":"Point","coordinates":[106.5173,10.16091]},"properties":{"Tên doanh nghiệp":"Viettel Vĩnh Long","Tên trạm BTS":"BTE0513","Địa chỉ lắp đặt":"Xã Giồng Trôm","Trạm 5G":"5G","layer_id":179,"fid":1411,"label":"Viettel Vĩnh Long"}},{"type":"Feature","geometry":{"type":"Point","coordinates":[106.54485,10.08449]},"properties":{"Tên doanh nghiệp":"Viettel Vĩnh Long","Tên trạm BTS":"BTE0517","Địa chỉ lắp đặt":"Xã An Ngãi Trung","Trạm 5G":"5G","layer_id":179,"fid":1412,"label":"Viettel Vĩnh Long"}},{"type":"Feature","geometry":{"type":"Point","coordinates":[106.62002,10.00841]},"properties":{"Tên doanh nghiệp":"Viettel Vĩnh Long","Tên trạm BTS":"BTE0521","Địa chỉ lắp đặt":"Xã Tân Thủy","Trạm 5G":"5G","layer_id":179,"fid":1413,"label":"Viettel Vĩnh Long"}},{"type":"Feature","geometry":{"type":"Point","coordinates":[106.39996,10.15561]},"properties":{"Tên doanh nghiệp":"Viettel Vĩnh Long","Tên trạm BTS":"BTE0528","Địa chỉ lắp đặt":"Xã Phước Long","Trạm 5G":"5G","layer_id":179,"fid":1414,"label":"Viettel Vĩnh Long"}},{"type":"Feature","geometry":{"type":"Point","coordinates":[106.49756,10.13303]},"properties":{"Tên doanh nghiệp":"Viettel Vĩnh Long","Tên trạm BTS":"BTE0529","Địa chỉ lắp đặt":"Xã Hưng Nhượng","Trạm 5G":"5G","layer_id":179,"fid":1415,"label":"Viettel Vĩnh Long"}},{"type":"Feature","geometry":{"type":"Point","coordinates":[106.39599,10.19747]},"properties":{"Tên doanh nghiệp":"Viettel Vĩnh Long","Tên trạm BTS":"BTE0531","Địa chỉ lắp đặt":"Phường Phú Khương","Trạm 5G":"5G","layer_id":179,"fid":1416,"label":"Viettel Vĩnh Long"}},{"type":"Feature","geometry":{"type":"Point","coordinates":[106.38475,10.20707]},"properties":{"Tên doanh nghiệp":"Viettel Vĩnh Long","Tên trạm BTS":"BTE0533","Địa chỉ lắp đặt":"Phường An Hội","Trạm 5G":"5G","layer_id":179,"fid":1417,"label":"Viettel Vĩnh Long"}},{"type":"Feature","geometry":{"type":"Point","coordinates":[106.35971,10.08214]},"properties":{"Tên doanh nghiệp":"Viettel Vĩnh Long","Tên trạm BTS":"BTE0540","Địa chỉ lắp đặt":"Xã An Định","Trạm 5G":"5G","layer_id":179,"fid":1418,"label":"Viettel Vĩnh Long"}},{"type":"Feature","geometry":{"type":"Point","coordinates":[106.67163,10.18967]},"properties":{"Tên doanh nghiệp":"Viettel Vĩnh Long","Tên trạm BTS":"BTE0544","Địa chỉ lắp đặt":"Xã Thạnh Trị","Trạm 5G":"5G","layer_id":179,"fid":1419,"label":"Viettel Vĩnh Long"}},{"type":"Feature","geometry":{"type":"Point","coordinates":[106.28674,10.20084]},"properties":{"Tên doanh nghiệp":"Viettel Vĩnh Long","Tên trạm BTS":"BTE0554","Địa chỉ lắp đặt":"Xã Phước Mỹ Trung","Trạm 5G":"5G","layer_id":179,"fid":1420,"label":"Viettel Vĩnh Long"}},{"type":"Feature","geometry":{"type":"Point","coordinates":[106.64921,10.03542]},"properties":{"Tên doanh nghiệp":"Viettel Vĩnh Long","Tên trạm BTS":"BTE0578","Địa chỉ lắp đặt":"Xã Bảo Thạnh","Trạm 5G":"5G","layer_id":179,"fid":1421,"label":"Viettel Vĩnh Long"}},{"type":"Feature","geometry":{"type":"Point","coordinates":[106.52005,10.14439]},"properties":{"Tên doanh nghiệp":"Viettel Vĩnh Long","Tên trạm BTS":"BTE0595","Địa chỉ lắp đặt":"Xã Giồng Trôm","Trạm 5G":"5G","layer_id":179,"fid":1422,"label":"Viettel Vĩnh Long"}},{"type":"Feature","geometry":{"type":"Point","coordinates":[106.68262,10.17721]},"properties":{"Tên doanh nghiệp":"Viettel Vĩnh Long","Tên trạm BTS":"BTE0596","Địa chỉ lắp đặt":"Xã Thạnh Phước","Trạm 5G":"5G","layer_id":179,"fid":1423,"label":"Viettel Vĩnh Long"}},{"type":"Feature","geometry":{"type":"Point","coordinates":[106.3756,10.24037]},"properties":{"Tên doanh nghiệp":"Viettel Vĩnh Long","Tên trạm BTS":"BTE0598","Địa chỉ lắp đặt":"Phường An Hội","Trạm 5G":"5G","layer_id":179,"fid":1424,"label":"Viettel Vĩnh Long"}},{"type":"Feature","geometry":{"type":"Point","coordinates":[106.36158,10.24515]},"properties":{"Tên doanh nghiệp":"Viettel Vĩnh Long","Tên trạm BTS":"BTE0599","Địa chỉ lắp đặt":"Phường Sơn Đông","Trạm 5G":"5G","layer_id":179,"fid":1425,"label":"Viettel Vĩnh Long"}},{"type":"Feature","geometry":{"type":"Point","coordinates":[106.54935,9.97611]},"properties":{"Tên doanh nghiệp":"Viettel Vĩnh Long","Tên trạm BTS":"BTE0607","Địa chỉ lắp đặt":"Xã Thạnh Phú","Trạm 5G":"5G","layer_id":179,"fid":1426,"label":"Viettel Vĩnh Long"}},{"type":"Feature","geometry":{"type":"Point","coordinates":[106.39508,10.30075]},"properties":{"Tên doanh nghiệp":"Viettel Vĩnh Long","Tên trạm BTS":"BTE0613","Địa chỉ lắp đặt":"Xã Giao Long","Trạm 5G":"5G","layer_id":179,"fid":1427,"label":"Viettel Vĩnh Long"}},{"type":"Feature","geometry":{"type":"Point","coordinates":[106.35569,10.28907]},"properties":{"Tên doanh nghiệp":"Viettel Vĩnh Long","Tên trạm BTS":"BTE0614","Địa chỉ lắp đặt":"Xã Phú Túc","Trạm 5G":"5G","layer_id":179,"fid":1428,"label":"Viettel Vĩnh Long"}},{"type":"Feature","geometry":{"type":"Point","coordinates":[106.43978,10.24974]},"properties":{"Tên doanh nghiệp":"Viettel Vĩnh Long","Tên trạm BTS":"BTE0616","Địa chỉ lắp đặt":"Xã Lương Hòa","Trạm 5G":"5G","layer_id":179,"fid":1429,"label":"Viettel Vĩnh Long"}},{"type":"Feature","geometry":{"type":"Point","coordinates":[106.27087,10.19013]},"properties":{"Tên doanh nghiệp":"Viettel Vĩnh Long","Tên trạm BTS":"BTE0620","Địa chỉ lắp đặt":"Xã Phước Mỹ Trung","Trạm 5G":"5G","layer_id":179,"fid":1430,"label":"Viettel Vĩnh Long"}},{"type":"Feature","geometry":{"type":"Point","coordinates":[106.33,10.14988]},"properties":{"Tên doanh nghiệp":"Viettel Vĩnh Long","Tên trạm BTS":"BTE0622","Địa chỉ lắp đặt":"Xã Mỏ Cày","Trạm 5G":"5G","layer_id":179,"fid":1431,"label":"Viettel Vĩnh Long"}},{"type":"Feature","geometry":{"type":"Point","coordinates":[106.47204,10.14669]},"properties":{"Tên doanh nghiệp":"Viettel Vĩnh Long","Tên trạm BTS":"BTE0626","Địa chỉ lắp đặt":"Xã Tân Hào","Trạm 5G":"5G","layer_id":179,"fid":1432,"label":"Viettel Vĩnh Long"}},{"type":"Feature","geometry":{"type":"Point","coordinates":[106.33266,10.26911]},"properties":{"Tên doanh nghiệp":"Viettel Vĩnh Long","Tên trạm BTS":"BTE0629","Địa chỉ lắp đặt":"Phường Sơn Đông","Trạm 5G":"5G","layer_id":179,"fid":1433,"label":"Viettel Vĩnh Long"}},{"type":"Feature","geometry":{"type":"Point","coordinates":[106.27992,10.16836]},"properties":{"Tên doanh nghiệp":"Viettel Vĩnh Long","Tên trạm BTS":"BTE0635","Địa chỉ lắp đặt":"Xã Nhuận Phú Tân","Trạm 5G":"5G","layer_id":179,"fid":1434,"label":"Viettel Vĩnh Long"}},{"type":"Feature","geometry":{"type":"Point","coordinates":[106.29078,10.27802]},"properties":{"Tên doanh nghiệp":"Viettel Vĩnh Long","Tên trạm BTS":"BTE0646","Địa chỉ lắp đặt":"Xã Phú Túc","Trạm 5G":"5G","layer_id":179,"fid":1435,"label":"Viettel Vĩnh Long"}},{"type":"Feature","geometry":{"type":"Point","coordinates":[106.38075,10.25136]},"properties":{"Tên doanh nghiệp":"Viettel Vĩnh Long","Tên trạm BTS":"BTE0651","Địa chỉ lắp đặt":"Phường Phú Khương","Trạm 5G":"5G","layer_id":179,"fid":1436,"label":"Viettel Vĩnh Long"}},{"type":"Feature","geometry":{"type":"Point","coordinates":[106.41055,10.24475]},"properties":{"Tên doanh nghiệp":"Viettel Vĩnh Long","Tên trạm BTS":"BTE0653","Địa chỉ lắp đặt":"Phường Phú Khương","Trạm 5G":"5G","layer_id":179,"fid":1437,"label":"Viettel Vĩnh Long"}},{"type":"Feature","geometry":{"type":"Point","coordinates":[106.36376,10.25483]},"properties":{"Tên doanh nghiệp":"Viettel Vĩnh Long","Tên trạm BTS":"BTE0654","Địa chỉ lắp đặt":"Phường Phú Tân","Trạm 5G":"5G","layer_id":179,"fid":1438,"label":"Viettel Vĩnh Long"}},{"type":"Feature","geometry":{"type":"Point","coordinates":[106.26196,10.17535]},"properties":{"Tên doanh nghiệp":"Viettel Vĩnh Long","Tên trạm BTS":"BTE0657","Địa chỉ lắp đặt":"Xã Hưng Khánh Trung","Trạm 5G":"5G","layer_id":179,"fid":1439,"label":"Viettel Vĩnh Long"}},{"type":"Feature","geometry":{"type":"Point","coordinates":[106.62875,10.01837]},"properties":{"Tên doanh nghiệp":"Viettel Vĩnh Long","Tên trạm BTS":"BTE0662","Địa chỉ lắp đặt":"Xã Tân Thủy","Trạm 5G":"5G","layer_id":179,"fid":1440,"label":"Viettel Vĩnh Long"}},{"type":"Feature","geometry":{"type":"Point","coordinates":[106.39018,10.30239]},"properties":{"Tên doanh nghiệp":"Viettel Vĩnh Long","Tên trạm BTS":"BTE0664","Địa chỉ lắp đặt":"Xã Giao Long","Trạm 5G":"5G","layer_id":179,"fid":1441,"label":"Viettel Vĩnh Long"}},{"type":"Feature","geometry":{"type":"Point","coordinates":[106.62684,10.07902]},"properties":{"Tên doanh nghiệp":"Viettel Vĩnh Long","Tên trạm BTS":"BTE0667","Địa chỉ lắp đặt":"Xã Tân Xuân","Trạm 5G":"5G","layer_id":179,"fid":1442,"label":"Viettel Vĩnh Long"}},{"type":"Feature","geometry":{"type":"Point","coordinates":[106.3297,10.07762]},"properties":{"Tên doanh nghiệp":"Viettel Vĩnh Long","Tên trạm BTS":"BTE0672","Địa chỉ lắp đặt":"Xã Mỏ Cày","Trạm 5G":"5G","layer_id":179,"fid":1443,"label":"Viettel Vĩnh Long"}},{"type":"Feature","geometry":{"type":"Point","coordinates":[106.69505,10.19121]},"properties":{"Tên doanh nghiệp":"Viettel Vĩnh Long","Tên trạm BTS":"BTE0674","Địa chỉ lắp đặt":"Xã Bình Đại","Trạm 5G":"5G","layer_id":179,"fid":1444,"label":"Viettel Vĩnh Long"}},{"type":"Feature","geometry":{"type":"Point","coordinates":[106.37483,10.23658]},"properties":{"Tên doanh nghiệp":"Viettel Vĩnh Long","Tên trạm BTS":"BTE0676","Địa chỉ lắp đặt":"Phường An Hội","Trạm 5G":"5G","layer_id":179,"fid":1445,"label":"Viettel Vĩnh Long"}},{"type":"Feature","geometry":{"type":"Point","coordinates":[106.38125,10.24451]},"properties":{"Tên doanh nghiệp":"Viettel Vĩnh Long","Tên trạm BTS":"BTE0678","Địa chỉ lắp đặt":"Phường Phú Khương","Trạm 5G":"5G","layer_id":179,"fid":1446,"label":"Viettel Vĩnh Long"}},{"type":"Feature","geometry":{"type":"Point","coordinates":[106.39058,10.30011]},"properties":{"Tên doanh nghiệp":"Viettel Vĩnh Long","Tên trạm BTS":"BTE0689","Địa chỉ lắp đặt":"Xã Giao Long","Trạm 5G":"5G","layer_id":179,"fid":1447,"label":"Viettel Vĩnh Long"}},{"type":"Feature","geometry":{"type":"Point","coordinates":[106.3478,10.3098]},"properties":{"Tên doanh nghiệp":"Viettel Vĩnh Long","Tên trạm BTS":"BTE0707","Địa chỉ lắp đặt":"Xã Phú Túc","Trạm 5G":"5G","layer_id":179,"fid":1448,"label":"Viettel Vĩnh Long"}},{"type":"Feature","geometry":{"type":"Point","coordinates":[106.49633,10.16561]},"properties":{"Tên doanh nghiệp":"Viettel Vĩnh Long","Tên trạm BTS":"BTE0729","Địa chỉ lắp đặt":"Xã Giồng Trôm","Trạm 5G":"5G","layer_id":179,"fid":1449,"label":"Viettel Vĩnh Long"}},{"type":"Feature","geometry":{"type":"Point","coordinates":[106.28902,10.27191]},"properties":{"Tên doanh nghiệp":"Viettel Vĩnh Long","Tên trạm BTS":"BTE0734","Địa chỉ lắp đặt":"Xã Phú Túc","Trạm 5G":"5G","layer_id":179,"fid":1450,"label":"Viettel Vĩnh Long"}},{"type":"Feature","geometry":{"type":"Point","coordinates":[106.40855,10.30092]},"properties":{"Tên doanh nghiệp":"Viettel Vĩnh Long","Tên trạm BTS":"BTE0737","Địa chỉ lắp đặt":"Xã Giao Long","Trạm 5G":"5G","layer_id":179,"fid":1451,"label":"Viettel Vĩnh Long"}},{"type":"Feature","geometry":{"type":"Point","coordinates":[106.36812,10.21369]},"properties":{"Tên doanh nghiệp":"Viettel Vĩnh Long","Tên trạm BTS":"BTE0739","Địa chỉ lắp đặt":"Phường An Hội","Trạm 5G":"5G","layer_id":179,"fid":1452,"label":"Viettel Vĩnh Long"}},{"type":"Feature","geometry":{"type":"Point","coordinates":[106.3687,10.23428]},"properties":{"Tên doanh nghiệp":"Viettel Vĩnh Long","Tên trạm BTS":"BTE0740","Địa chỉ lắp đặt":"Phường An Hội","Trạm 5G":"5G","layer_id":179,"fid":1453,"label":"Viettel Vĩnh Long"}},{"type":"Feature","geometry":{"type":"Point","coordinates":[106.59454,10.04731]},"properties":{"Tên doanh nghiệp":"Viettel Vĩnh Long","Tên trạm BTS":"BTE0742","Địa chỉ lắp đặt":"Xã Ba Tri","Trạm 5G":"5G","layer_id":179,"fid":1454,"label":"Viettel Vĩnh Long"}},{"type":"Feature","geometry":{"type":"Point","coordinates":[106.31332,10.31262]},"properties":{"Tên doanh nghiệp":"Viettel Vĩnh Long","Tên trạm BTS":"BTE0744","Địa chỉ lắp đặt":"Xã Phú Túc","Trạm 5G":"5G","layer_id":179,"fid":1455,"label":"Viettel Vĩnh Long"}},{"type":"Feature","geometry":{"type":"Point","coordinates":[106.34278,10.24185]},"properties":{"Tên doanh nghiệp":"Viettel Vĩnh Long","Tên trạm BTS":"BTE0745","Địa chỉ lắp đặt":"Phường Bến Tre","Trạm 5G":"5G","layer_id":179,"fid":1456,"label":"Viettel Vĩnh Long"}},{"type":"Feature","geometry":{"type":"Point","coordinates":[106.47427,10.26882]},"properties":{"Tên doanh nghiệp":"Viettel Vĩnh Long","Tên trạm BTS":"BTE0746","Địa chỉ lắp đặt":"Xã Phú Thuận","Trạm 5G":"5G","layer_id":179,"fid":1457,"label":"Viettel Vĩnh Long"}},{"type":"Feature","geometry":{"type":"Point","coordinates":[106.50071,10.09873]},"properties":{"Tên doanh nghiệp":"Viettel Vĩnh Long","Tên trạm BTS":"BTE0748","Địa chỉ lắp đặt":"Xã Hưng Nhượng","Trạm 5G":"5G","layer_id":179,"fid":1458,"label":"Viettel Vĩnh Long"}},{"type":"Feature","geometry":{"type":"Point","coordinates":[106.68351,10.20604]},"properties":{"Tên doanh nghiệp":"Viettel Vĩnh Long","Tên trạm BTS":"BTE0749","Địa chỉ lắp đặt":"Xã Bình Đại","Trạm 5G":"5G","layer_id":179,"fid":1459,"label":"Viettel Vĩnh Long"}},{"type":"Feature","geometry":{"type":"Point","coordinates":[106.37684,10.24721]},"properties":{"Tên doanh nghiệp":"Viettel Vĩnh Long","Tên trạm BTS":"BTE0750","Địa chỉ lắp đặt":"Phường Phú Khương","Trạm 5G":"5G","layer_id":179,"fid":1460,"label":"Viettel Vĩnh Long"}},{"type":"Feature","geometry":{"type":"Point","coordinates":[106.35951,10.22902]},"properties":{"Tên doanh nghiệp":"Viettel Vĩnh Long","Tên trạm BTS":"BTE0753","Địa chỉ lắp đặt":"Phường Bến Tre","Trạm 5G":"5G","layer_id":179,"fid":1461,"label":"Viettel Vĩnh Long"}},{"type":"Feature","geometry":{"type":"Point","coordinates":[106.35924,10.22814]},"properties":{"Tên doanh nghiệp":"Viettel Vĩnh Long","Tên trạm BTS":"BTE0753-41","Địa chỉ lắp đặt":"Phường Bến Tre","Trạm 5G":"5G","layer_id":179,"fid":1462,"label":"Viettel Vĩnh Long"}},{"type":"Feature","geometry":{"type":"Point","coordinates":[106.36048,10.22916]},"properties":{"Tên doanh nghiệp":"Viettel Vĩnh Long","Tên trạm BTS":"BTE0753-42","Địa chỉ lắp đặt":"Phường Bến Tre","Trạm 5G":"5G","layer_id":179,"fid":1463,"label":"Viettel Vĩnh Long"}},{"type":"Feature","geometry":{"type":"Point","coordinates":[106.36008,10.22891]},"properties":{"Tên doanh nghiệp":"Viettel Vĩnh Long","Tên trạm BTS":"BTE0753-43","Địa chỉ lắp đặt":"Phường Bến Tre","Trạm 5G":"5G","layer_id":179,"fid":1464,"label":"Viettel Vĩnh Long"}},{"type":"Feature","geometry":{"type":"Point","coordinates":[106.35971,10.22853]},"properties":{"Tên doanh nghiệp":"Viettel Vĩnh Long","Tên trạm BTS":"BTE0753-44","Địa chỉ lắp đặt":"Phường Bến Tre","Trạm 5G":"5G","layer_id":179,"fid":1465,"label":"Viettel Vĩnh Long"}},{"type":"Feature","geometry":{"type":"Point","coordinates":[106.70627,10.20178]},"properties":{"Tên doanh nghiệp":"Viettel Vĩnh Long","Tên trạm BTS":"BTE0756","Địa chỉ lắp đặt":"Xã Bình Đại","Trạm 5G":"5G","layer_id":179,"fid":1466,"label":"Viettel Vĩnh Long"}},{"type":"Feature","geometry":{"type":"Point","coordinates":[106.51697,9.91466]},"properties":{"Tên doanh nghiệp":"Viettel Vĩnh Long","Tên trạm BTS":"BTE0757","Địa chỉ lắp đặt":"Xã Thạnh Phú","Trạm 5G":"5G","layer_id":179,"fid":1467,"label":"Viettel Vĩnh Long"}},{"type":"Feature","geometry":{"type":"Point","coordinates":[106.37186,10.25506]},"properties":{"Tên doanh nghiệp":"Viettel Vĩnh Long","Tên trạm BTS":"BTE0761","Địa chỉ lắp đặt":"Phường Phú Tân","Trạm 5G":"5G","layer_id":179,"fid":1468,"label":"Viettel Vĩnh Long"}},{"type":"Feature","geometry":{"type":"Point","coordinates":[106.40918,10.29261]},"properties":{"Tên doanh nghiệp":"Viettel Vĩnh Long","Tên trạm BTS":"BTE0765","Địa chỉ lắp đặt":"Xã Giao Long","Trạm 5G":"5G","layer_id":179,"fid":1469,"label":"Viettel Vĩnh Long"}},{"type":"Feature","geometry":{"type":"Point","coordinates":[106.43418,10.23951]},"properties":{"Tên doanh nghiệp":"Viettel Vĩnh Long","Tên trạm BTS":"BTE0767","Địa chỉ lắp đặt":"Xã Lương Hòa","Trạm 5G":"5G","layer_id":179,"fid":1470,"label":"Viettel Vĩnh Long"}},{"type":"Feature","geometry":{"type":"Point","coordinates":[106.51608,9.94775]},"properties":{"Tên doanh nghiệp":"Viettel Vĩnh Long","Tên trạm BTS":"BTE0769","Địa chỉ lắp đặt":"Xã Thạnh Phú","Trạm 5G":"5G","layer_id":179,"fid":1471,"label":"Viettel Vĩnh Long"}},{"type":"Feature","geometry":{"type":"Point","coordinates":[106.37867,10.24253]},"properties":{"Tên doanh nghiệp":"Viettel Vĩnh Long","Tên trạm BTS":"BTE0771","Địa chỉ lắp đặt":"Phường An Hội","Trạm 5G":"5G","layer_id":179,"fid":1472,"label":"Viettel Vĩnh Long"}},{"type":"Feature","geometry":{"type":"Point","coordinates":[106.43305,10.22304]},"properties":{"Tên doanh nghiệp":"Viettel Vĩnh Long","Tên trạm BTS":"BTE0772","Địa chỉ lắp đặt":"Xã Lương Phú","Trạm 5G":"5G","layer_id":179,"fid":1473,"label":"Viettel Vĩnh Long"}},{"type":"Feature","geometry":{"type":"Point","coordinates":[106.39148,10.30744]},"properties":{"Tên doanh nghiệp":"Viettel Vĩnh Long","Tên trạm BTS":"BTE0773","Địa chỉ lắp đặt":"Xã Giao Long","Trạm 5G":"5G","layer_id":179,"fid":1474,"label":"Viettel Vĩnh Long"}},{"type":"Feature","geometry":{"type":"Point","coordinates":[106.49371,10.26367]},"properties":{"Tên doanh nghiệp":"Viettel Vĩnh Long","Tên trạm BTS":"BTE0781","Địa chỉ lắp đặt":"Xã Phú Thuận","Trạm 5G":"5G","layer_id":179,"fid":1475,"label":"Viettel Vĩnh Long"}},{"type":"Feature","geometry":{"type":"Point","coordinates":[106.31941,10.11916]},"properties":{"Tên doanh nghiệp":"Viettel Vĩnh Long","Tên trạm BTS":"BTE0787","Địa chỉ lắp đặt":"Xã Mỏ Cày","Trạm 5G":"5G","layer_id":179,"fid":1476,"label":"Viettel Vĩnh Long"}},{"type":"Feature","geometry":{"type":"Point","coordinates":[106.39691,10.25329]},"properties":{"Tên doanh nghiệp":"Viettel Vĩnh Long","Tên trạm BTS":"BTE0790","Địa chỉ lắp đặt":"Phường Phú Khương","Trạm 5G":"5G","layer_id":179,"fid":1477,"label":"Viettel Vĩnh Long"}},{"type":"Feature","geometry":{"type":"Point","coordinates":[106.322,10.20385]},"properties":{"Tên doanh nghiệp":"Viettel Vĩnh Long","Tên trạm BTS":"BTE3979","Địa chỉ lắp đặt":"Xã Tân Thành Bình","Trạm 5G":"5G","layer_id":179,"fid":1478,"label":"Viettel Vĩnh Long"}},{"type":"Feature","geometry":{"type":"Point","coordinates":[106.21927,10.1962]},"properties":{"Tên doanh nghiệp":"Viettel Vĩnh Long","Tên trạm BTS":"BTE3984","Địa chỉ lắp đặt":"Xã Vĩnh Thành","Trạm 5G":"5G","layer_id":179,"fid":1479,"label":"Viettel Vĩnh Long"}},{"type":"Feature","geometry":{"type":"Point","coordinates":[106.7656,10.14056]},"properties":{"Tên doanh nghiệp":"Viettel Vĩnh Long","Tên trạm BTS":"BTE8201","Địa chỉ lắp đặt":"Xã Thới Thuận","Trạm 5G":"5G","layer_id":179,"fid":1480,"label":"Viettel Vĩnh Long"}},{"type":"Feature","geometry":{"type":"Point","coordinates":[106.65,9.918]},"properties":{"Tên doanh nghiệp":"Viettel Vĩnh Long","Tên trạm BTS":"BTE8202","Địa chỉ lắp đặt":"Xã Thạnh Hải","Trạm 5G":"5G","layer_id":179,"fid":1481,"label":"Viettel Vĩnh Long"}},{"type":"Feature","geometry":{"type":"Point","coordinates":[106.32688,9.92722]},"properties":{"Tên doanh nghiệp":"Viettel Vĩnh Long","Tên trạm BTS":"TVH0001","Địa chỉ lắp đặt":"Phường Nguyệt Hóa","Trạm 5G":"5G","layer_id":179,"fid":1482,"label":"Viettel Vĩnh Long"}},{"type":"Feature","geometry":{"type":"Point","coordinates":[106.18837,9.80864]},"properties":{"Tên doanh nghiệp":"Viettel Vĩnh Long","Tên trạm BTS":"TVH0002","Địa chỉ lắp đặt":"Xã Tiểu Cần","Trạm 5G":"5G","layer_id":179,"fid":1483,"label":"Viettel Vĩnh Long"}},{"type":"Feature","geometry":{"type":"Point","coordinates":[106.44999,9.78848]},"properties":{"Tên doanh nghiệp":"Viettel Vĩnh Long","Tên trạm BTS":"TVH0003","Địa chỉ lắp đặt":"Xã Cầu Ngang","Trạm 5G":"5G","layer_id":179,"fid":1484,"label":"Viettel Vĩnh Long"}},{"type":"Feature","geometry":{"type":"Point","coordinates":[106.20502,10.0042]},"properties":{"Tên doanh nghiệp":"Viettel Vĩnh Long","Tên trạm BTS":"TVH0004","Địa chỉ lắp đặt":"Xã Càng Long","Trạm 5G":"5G","layer_id":179,"fid":1485,"label":"Viettel Vĩnh Long"}},{"type":"Feature","geometry":{"type":"Point","coordinates":[106.34289,9.9373]},"properties":{"Tên doanh nghiệp":"Viettel Vĩnh Long","Tên trạm BTS":"TVH0005","Địa chỉ lắp đặt":"Phường Long Đức","Trạm 5G":"5G","layer_id":179,"fid":1486,"label":"Viettel Vĩnh Long"}},{"type":"Feature","geometry":{"type":"Point","coordinates":[106.34443,9.87222]},"properties":{"Tên doanh nghiệp":"Viettel Vĩnh Long","Tên trạm BTS":"TVH0006","Địa chỉ lắp đặt":"Xã Châu Thành","Trạm 5G":"5G","layer_id":179,"fid":1487,"label":"Viettel Vĩnh Long"}},{"type":"Feature","geometry":{"type":"Point","coordinates":[106.05613,9.86837]},"properties":{"Tên doanh nghiệp":"Viettel Vĩnh Long","Tên trạm BTS":"TVH0007","Địa chỉ lắp đặt":"Xã Cầu Kè","Trạm 5G":"5G","layer_id":179,"fid":1488,"label":"Viettel Vĩnh Long"}},{"type":"Feature","geometry":{"type":"Point","coordinates":[106.49042,9.63732]},"properties":{"Tên doanh nghiệp":"Viettel Vĩnh Long","Tên trạm BTS":"TVH0008","Địa chỉ lắp đặt":"Phường Duyên Hải","Trạm 5G":"5G","layer_id":179,"fid":1489,"label":"Viettel Vĩnh Long"}},{"type":"Feature","geometry":{"type":"Point","coordinates":[106.12891,9.76754]},"properties":{"Tên doanh nghiệp":"Viettel Vĩnh Long","Tên trạm BTS":"TVH0010","Địa chỉ lắp đặt":"Xã Tân Hòa","Trạm 5G":"5G","layer_id":179,"fid":1490,"label":"Viettel Vĩnh Long"}},{"type":"Feature","geometry":{"type":"Point","coordinates":[106.34016,9.93284]},"properties":{"Tên doanh nghiệp":"Viettel Vĩnh Long","Tên trạm BTS":"TVH0011","Địa chỉ lắp đặt":"Phường Trà Vinh","Trạm 5G":"5G","layer_id":179,"fid":1491,"label":"Viettel Vĩnh Long"}},{"type":"Feature","geometry":{"type":"Point","coordinates":[106.25,9.959]},"properties":{"Tên doanh nghiệp":"Viettel Vĩnh Long","Tên trạm BTS":"TVH0014","Địa chỉ lắp đặt":"Xã Bình Phú","Trạm 5G":"5G","layer_id":179,"fid":1492,"label":"Viettel Vĩnh Long"}},{"type":"Feature","geometry":{"type":"Point","coordinates":[106.14724,9.91269]},"properties":{"Tên doanh nghiệp":"Viettel Vĩnh Long","Tên trạm BTS":"TVH0015","Địa chỉ lắp đặt":"Xã Tân An","Trạm 5G":"5G","layer_id":179,"fid":1493,"label":"Viettel Vĩnh Long"}},{"type":"Feature","geometry":{"type":"Point","coordinates":[106.3243,9.76894]},"properties":{"Tên doanh nghiệp":"Viettel Vĩnh Long","Tên trạm BTS":"TVH0016","Địa chỉ lắp đặt":"Xã Tập Sơn","Trạm 5G":"5G","layer_id":179,"fid":1494,"label":"Viettel Vĩnh Long"}},{"type":"Feature","geometry":{"type":"Point","coordinates":[106.50757,9.80674]},"properties":{"Tên doanh nghiệp":"Viettel Vĩnh Long","Tên trạm BTS":"TVH0017","Địa chỉ lắp đặt":"Xã Mỹ Long","Trạm 5G":"5G","layer_id":179,"fid":1495,"label":"Viettel Vĩnh Long"}},{"type":"Feature","geometry":{"type":"Point","coordinates":[106.44392,9.85192]},"properties":{"Tên doanh nghiệp":"Viettel Vĩnh Long","Tên trạm BTS":"TVH0018","Địa chỉ lắp đặt":"Xã Vinh Kim","Trạm 5G":"5G","layer_id":179,"fid":1496,"label":"Viettel Vĩnh Long"}},{"type":"Feature","geometry":{"type":"Point","coordinates":[106.31975,9.90373]},"properties":{"Tên doanh nghiệp":"Viettel Vĩnh Long","Tên trạm BTS":"TVH0020","Địa chỉ lắp đặt":"Phường Nguyệt Hóa","Trạm 5G":"5G","layer_id":179,"fid":1497,"label":"Viettel Vĩnh Long"}},{"type":"Feature","geometry":{"type":"Point","coordinates":[106.37714,9.91377]},"properties":{"Tên doanh nghiệp":"Viettel Vĩnh Long","Tên trạm BTS":"TVH0021","Địa chỉ lắp đặt":"Xã Hưng Mỹ","Trạm 5G":"5G","layer_id":179,"fid":1498,"label":"Viettel Vĩnh Long"}},{"type":"Feature","geometry":{"type":"Point","coordinates":[106.5024,9.69188]},"properties":{"Tên doanh nghiệp":"Viettel Vĩnh Long","Tên trạm BTS":"TVH0022","Địa chỉ lắp đặt":"Phường Trường Long Hòa","Trạm 5G":"5G","layer_id":179,"fid":1499,"label":"Viettel Vĩnh Long"}},{"type":"Feature","geometry":{"type":"Point","coordinates":[106.4244,9.66526]},"properties":{"Tên doanh nghiệp":"Viettel Vĩnh Long","Tên trạm BTS":"TVH0023","Địa chỉ lắp đặt":"Xã Ngũ Lạc","Trạm 5G":"5G","layer_id":179,"fid":1500,"label":"Viettel Vĩnh Long"}},{"type":"Feature","geometry":{"type":"Point","coordinates":[106.436,9.554]},"properties":{"Tên doanh nghiệp":"Viettel Vĩnh Long","Tên trạm BTS":"TVH0024","Địa chỉ lắp đặt":"Xã Đông Hải","Trạm 5G":"5G","layer_id":179,"fid":1501,"label":"Viettel Vĩnh Long"}},{"type":"Feature","geometry":{"type":"Point","coordinates":[106.26901,9.74202]},"properties":{"Tên doanh nghiệp":"Viettel Vĩnh Long","Tên trạm BTS":"TVH0025","Địa chỉ lắp đặt":"Xã Tập Sơn","Trạm 5G":"5G","layer_id":179,"fid":1502,"label":"Viettel Vĩnh Long"}},{"type":"Feature","geometry":{"type":"Point","coordinates":[106.3611,9.94219]},"properties":{"Tên doanh nghiệp":"Viettel Vĩnh Long","Tên trạm BTS":"TVH0027","Địa chỉ lắp đặt":"Phường Hòa Thuận","Trạm 5G":"5G","layer_id":179,"fid":1503,"label":"Viettel Vĩnh Long"}},{"type":"Feature","geometry":{"type":"Point","coordinates":[106.12524,9.83937]},"properties":{"Tên doanh nghiệp":"Viettel Vĩnh Long","Tên trạm BTS":"TVH0031","Địa chỉ lắp đặt":"Xã Phong Thạnh","Trạm 5G":"5G","layer_id":179,"fid":1504,"label":"Viettel Vĩnh Long"}},{"type":"Feature","geometry":{"type":"Point","coordinates":[106.114,9.93576]},"properties":{"Tên doanh nghiệp":"Viettel Vĩnh Long","Tên trạm BTS":"TVH0032","Địa chỉ lắp đặt":"Xã Tam Ngãi","Trạm 5G":"5G","layer_id":179,"fid":1505,"label":"Viettel Vĩnh Long"}},{"type":"Feature","geometry":{"type":"Point","coordinates":[106.227,9.926]},"properties":{"Tên doanh nghiệp":"Viettel Vĩnh Long","Tên trạm BTS":"TVH0033","Địa chỉ lắp đặt":"Xã Tân An","Trạm 5G":"5G","layer_id":179,"fid":1506,"label":"Viettel Vĩnh Long"}},{"type":"Feature","geometry":{"type":"Point","coordinates":[106.26683,9.81139]},"properties":{"Tên doanh nghiệp":"Viettel Vĩnh Long","Tên trạm BTS":"TVH0035","Địa chỉ lắp đặt":"Xã Tập Ngãi","Trạm 5G":"5G","layer_id":179,"fid":1507,"label":"Viettel Vĩnh Long"}},{"type":"Feature","geometry":{"type":"Point","coordinates":[106.3475,9.64606]},"properties":{"Tên doanh nghiệp":"Viettel Vĩnh Long","Tên trạm BTS":"TVH0036","Địa chỉ lắp đặt":"Xã Đôn Châu","Trạm 5G":"5G","layer_id":179,"fid":1508,"label":"Viettel Vĩnh Long"}},{"type":"Feature","geometry":{"type":"Point","coordinates":[106.40779,9.80991]},"properties":{"Tên doanh nghiệp":"Viettel Vĩnh Long","Tên trạm BTS":"TVH0037","Địa chỉ lắp đặt":"Xã Nhị Trường","Trạm 5G":"5G","layer_id":179,"fid":1509,"label":"Viettel Vĩnh Long"}},{"type":"Feature","geometry":{"type":"Point","coordinates":[106.22515,9.69778]},"properties":{"Tên doanh nghiệp":"Viettel Vĩnh Long","Tên trạm BTS":"TVH0038","Địa chỉ lắp đặt":"Xã Lưu Nghiệp Anh","Trạm 5G":"5G","layer_id":179,"fid":1510,"label":"Viettel Vĩnh Long"}},{"type":"Feature","geometry":{"type":"Point","coordinates":[106.34218,9.70614]},"properties":{"Tên doanh nghiệp":"Viettel Vĩnh Long","Tên trạm BTS":"TVH0039","Địa chỉ lắp đặt":"Xã Long Hiệp","Trạm 5G":"5G","layer_id":179,"fid":1511,"label":"Viettel Vĩnh Long"}},{"type":"Feature","geometry":{"type":"Point","coordinates":[106.38945,9.75835]},"properties":{"Tên doanh nghiệp":"Viettel Vĩnh Long","Tên trạm BTS":"TVH0040","Địa chỉ lắp đặt":"Xã Nhị Trường","Trạm 5G":"5G","layer_id":179,"fid":1512,"label":"Viettel Vĩnh Long"}},{"type":"Feature","geometry":{"type":"Point","coordinates":[106.443,9.609]},"properties":{"Tên doanh nghiệp":"Viettel Vĩnh Long","Tên trạm BTS":"TVH0041","Địa chỉ lắp đặt":"Xã Long Thành","Trạm 5G":"5G","layer_id":179,"fid":1513,"label":"Viettel Vĩnh Long"}},{"type":"Feature","geometry":{"type":"Point","coordinates":[106.476,9.73486]},"properties":{"Tên doanh nghiệp":"Viettel Vĩnh Long","Tên trạm BTS":"TVH0042","Địa chỉ lắp đặt":"Xã Hiệp Mỹ","Trạm 5G":"5G","layer_id":179,"fid":1514,"label":"Viettel Vĩnh Long"}},{"type":"Feature","geometry":{"type":"Point","coordinates":[106.40904,9.85749]},"properties":{"Tên doanh nghiệp":"Viettel Vĩnh Long","Tên trạm BTS":"TVH0043","Địa chỉ lắp đặt":"Xã Vinh Kim","Trạm 5G":"5G","layer_id":179,"fid":1515,"label":"Viettel Vĩnh Long"}},{"type":"Feature","geometry":{"type":"Point","coordinates":[106.29911,9.92751]},"properties":{"Tên doanh nghiệp":"Viettel Vĩnh Long","Tên trạm BTS":"TVH0646","Địa chỉ lắp đặt":"Phường Nguyệt Hóa","Trạm 5G":"5G","layer_id":179,"fid":1516,"label":"Viettel Vĩnh Long"}},{"type":"Feature","geometry":{"type":"Point","coordinates":[106.34924,9.82407]},"properties":{"Tên doanh nghiệp":"Viettel Vĩnh Long","Tên trạm BTS":"TVH0045","Địa chỉ lắp đặt":"Xã Châu Thành","Trạm 5G":"5G","layer_id":179,"fid":1517,"label":"Viettel Vĩnh Long"}},{"type":"Feature","geometry":{"type":"Point","coordinates":[106.5497,9.74061]},"properties":{"Tên doanh nghiệp":"Viettel Vĩnh Long","Tên trạm BTS":"TVH0046","Địa chỉ lắp đặt":"Xã Long Hữu","Trạm 5G":"5G","layer_id":179,"fid":1518,"label":"Viettel Vĩnh Long"}},{"type":"Feature","geometry":{"type":"Point","coordinates":[106.26304,9.89484]},"properties":{"Tên doanh nghiệp":"Viettel Vĩnh Long","Tên trạm BTS":"TVH0047","Địa chỉ lắp đặt":"Xã Song Lộc","Trạm 5G":"5G","layer_id":179,"fid":1519,"label":"Viettel Vĩnh Long"}},{"type":"Feature","geometry":{"type":"Point","coordinates":[106.35672,9.60253]},"properties":{"Tên doanh nghiệp":"Viettel Vĩnh Long","Tên trạm BTS":"TVH0048","Địa chỉ lắp đặt":"Xã Long Vĩnh","Trạm 5G":"5G","layer_id":179,"fid":1520,"label":"Viettel Vĩnh Long"}},{"type":"Feature","geometry":{"type":"Point","coordinates":[106.20298,9.7915]},"properties":{"Tên doanh nghiệp":"Viettel Vĩnh Long","Tên trạm BTS":"TVH0049","Địa chỉ lắp đặt":"Xã Hùng Hòa","Trạm 5G":"5G","layer_id":179,"fid":1521,"label":"Viettel Vĩnh Long"}},{"type":"Feature","geometry":{"type":"Point","coordinates":[106.04797,9.89788]},"properties":{"Tên doanh nghiệp":"Viettel Vĩnh Long","Tên trạm BTS":"TVH0051","Địa chỉ lắp đặt":"Xã Tam Ngãi","Trạm 5G":"5G","layer_id":179,"fid":1522,"label":"Viettel Vĩnh Long"}},{"type":"Feature","geometry":{"type":"Point","coordinates":[106.174,9.947]},"properties":{"Tên doanh nghiệp":"Viettel Vĩnh Long","Tên trạm BTS":"TVH0053","Địa chỉ lắp đặt":"Xã An Trường","Trạm 5G":"5G","layer_id":179,"fid":1523,"label":"Viettel Vĩnh Long"}},{"type":"Feature","geometry":{"type":"Point","coordinates":[106.19712,9.9762]},"properties":{"Tên doanh nghiệp":"Viettel Vĩnh Long","Tên trạm BTS":"TVH0055","Địa chỉ lắp đặt":"Xã An Trường","Trạm 5G":"5G","layer_id":179,"fid":1524,"label":"Viettel Vĩnh Long"}},{"type":"Feature","geometry":{"type":"Point","coordinates":[106.27045,10.0]},"properties":{"Tên doanh nghiệp":"Viettel Vĩnh Long","Tên trạm BTS":"TVH0059","Địa chỉ lắp đặt":"Xã Bình Phú","Trạm 5G":"5G","layer_id":179,"fid":1525,"label":"Viettel Vĩnh Long"}},{"type":"Feature","geometry":{"type":"Point","coordinates":[106.42099,9.903]},"properties":{"Tên doanh nghiệp":"Viettel Vĩnh Long","Tên trạm BTS":"TVH0060","Địa chỉ lắp đặt":"Xã Hưng Mỹ","Trạm 5G":"5G","layer_id":179,"fid":1526,"label":"Viettel Vĩnh Long"}},{"type":"Feature","geometry":{"type":"Point","coordinates":[106.168,9.706]},"properties":{"Tên doanh nghiệp":"Viettel Vĩnh Long","Tên trạm BTS":"TVH0062","Địa chỉ lắp đặt":"Xã Lưu Nghiệp Anh","Trạm 5G":"5G","layer_id":179,"fid":1527,"label":"Viettel Vĩnh Long"}},{"type":"Feature","geometry":{"type":"Point","coordinates":[106.31288,10.0102]},"properties":{"Tên doanh nghiệp":"Viettel Vĩnh Long","Tên trạm BTS":"TVH0064","Địa chỉ lắp đặt":"Phường Long Đức","Trạm 5G":"5G","layer_id":179,"fid":1528,"label":"Viettel Vĩnh Long"}},{"type":"Feature","geometry":{"type":"Point","coordinates":[106.47017,9.90262]},"properties":{"Tên doanh nghiệp":"Viettel Vĩnh Long","Tên trạm BTS":"TVH0065","Địa chỉ lắp đặt":"Xã Hòa Minh","Trạm 5G":"5G","layer_id":179,"fid":1529,"label":"Viettel Vĩnh Long"}},{"type":"Feature","geometry":{"type":"Point","coordinates":[106.44261,9.74993]},"properties":{"Tên doanh nghiệp":"Viettel Vĩnh Long","Tên trạm BTS":"TVH0066","Địa chỉ lắp đặt":"Xã Hiệp Mỹ","Trạm 5G":"5G","layer_id":179,"fid":1530,"label":"Viettel Vĩnh Long"}},{"type":"Feature","geometry":{"type":"Point","coordinates":[106.39888,9.60157]},"properties":{"Tên doanh nghiệp":"Viettel Vĩnh Long","Tên trạm BTS":"TVH0068","Địa chỉ lắp đặt":"Xã Long Thành","Trạm 5G":"5G","layer_id":179,"fid":1531,"label":"Viettel Vĩnh Long"}},{"type":"Feature","geometry":{"type":"Point","coordinates":[106.03115,9.85452]},"properties":{"Tên doanh nghiệp":"Viettel Vĩnh Long","Tên trạm BTS":"TVH0072","Địa chỉ lắp đặt":"Xã An Phú Tân","Trạm 5G":"5G","layer_id":179,"fid":1532,"label":"Viettel Vĩnh Long"}},{"type":"Feature","geometry":{"type":"Point","coordinates":[106.16813,10.01976]},"properties":{"Tên doanh nghiệp":"Viettel Vĩnh Long","Tên trạm BTS":"TVH0073","Địa chỉ lắp đặt":"Xã Càng Long","Trạm 5G":"5G","layer_id":179,"fid":1533,"label":"Viettel Vĩnh Long"}},{"type":"Feature","geometry":{"type":"Point","coordinates":[106.45197,9.81401]},"properties":{"Tên doanh nghiệp":"Viettel Vĩnh Long","Tên trạm BTS":"TVH0076","Địa chỉ lắp đặt":"Xã Cầu Ngang","Trạm 5G":"5G","layer_id":179,"fid":1534,"label":"Viettel Vĩnh Long"}},{"type":"Feature","geometry":{"type":"Point","coordinates":[106.4451,9.705]},"properties":{"Tên doanh nghiệp":"Viettel Vĩnh Long","Tên trạm BTS":"TVH0077","Địa chỉ lắp đặt":"Xã Ngũ Lạc","Trạm 5G":"5G","layer_id":179,"fid":1535,"label":"Viettel Vĩnh Long"}},{"type":"Feature","geometry":{"type":"Point","coordinates":[106.468,9.672]},"properties":{"Tên doanh nghiệp":"Viettel Vĩnh Long","Tên trạm BTS":"TVH0078","Địa chỉ lắp đặt":"Xã Long Hữu","Trạm 5G":"5G","layer_id":179,"fid":1536,"label":"Viettel Vĩnh Long"}},{"type":"Feature","geometry":{"type":"Point","coordinates":[106.18471,9.72434]},"properties":{"Tên doanh nghiệp":"Viettel Vĩnh Long","Tên trạm BTS":"TVH0079","Địa chỉ lắp đặt":"Xã Lưu Nghiệp Anh","Trạm 5G":"5G","layer_id":179,"fid":1537,"label":"Viettel Vĩnh Long"}},{"type":"Feature","geometry":{"type":"Point","coordinates":[106.29771,9.66132]},"properties":{"Tên doanh nghiệp":"Viettel Vĩnh Long","Tên trạm BTS":"TVH0081","Địa chỉ lắp đặt":"Xã Hàm Giang","Trạm 5G":"5G","layer_id":179,"fid":1538,"label":"Viettel Vĩnh Long"}},{"type":"Feature","geometry":{"type":"Point","coordinates":[106.28957,9.61869]},"properties":{"Tên doanh nghiệp":"Viettel Vĩnh Long","Tên trạm BTS":"TVH0082","Địa chỉ lắp đặt":"Xã Đại An","Trạm 5G":"5G","layer_id":179,"fid":1539,"label":"Viettel Vĩnh Long"}},{"type":"Feature","geometry":{"type":"Point","coordinates":[106.38383,9.65705]},"properties":{"Tên doanh nghiệp":"Viettel Vĩnh Long","Tên trạm BTS":"TVH0083","Địa chỉ lắp đặt":"Xã Đôn Châu","Trạm 5G":"5G","layer_id":179,"fid":1540,"label":"Viettel Vĩnh Long"}},{"type":"Feature","geometry":{"type":"Point","coordinates":[106.21935,9.73219]},"properties":{"Tên doanh nghiệp":"Viettel Vĩnh Long","Tên trạm BTS":"TVH0084","Địa chỉ lắp đặt":"Xã Tập Sơn","Trạm 5G":"5G","layer_id":179,"fid":1541,"label":"Viettel Vĩnh Long"}},{"type":"Feature","geometry":{"type":"Point","coordinates":[106.16365,9.76404]},"properties":{"Tên doanh nghiệp":"Viettel Vĩnh Long","Tên trạm BTS":"TVH0085","Địa chỉ lắp đặt":"Xã Tân Hòa","Trạm 5G":"5G","layer_id":179,"fid":1542,"label":"Viettel Vĩnh Long"}},{"type":"Feature","geometry":{"type":"Point","coordinates":[106.39369,9.88448]},"properties":{"Tên doanh nghiệp":"Viettel Vĩnh Long","Tên trạm BTS":"TVH0091","Địa chỉ lắp đặt":"Xã Hưng Mỹ","Trạm 5G":"5G","layer_id":179,"fid":1543,"label":"Viettel Vĩnh Long"}},{"type":"Feature","geometry":{"type":"Point","coordinates":[106.30524,9.81362]},"properties":{"Tên doanh nghiệp":"Viettel Vĩnh Long","Tên trạm BTS":"TVH0092","Địa chỉ lắp đặt":"Xã Châu Thành","Trạm 5G":"5G","layer_id":179,"fid":1544,"label":"Viettel Vĩnh Long"}},{"type":"Feature","geometry":{"type":"Point","coordinates":[106.30026,9.91584]},"properties":{"Tên doanh nghiệp":"Viettel Vĩnh Long","Tên trạm BTS":"TVH0093","Địa chỉ lắp đặt":"Xã Song Lộc","Trạm 5G":"5G","layer_id":179,"fid":1545,"label":"Viettel Vĩnh Long"}},{"type":"Feature","geometry":{"type":"Point","coordinates":[106.267,10.054]},"properties":{"Tên doanh nghiệp":"Viettel Vĩnh Long","Tên trạm BTS":"TVH0095","Địa chỉ lắp đặt":"Xã Nhị Long","Trạm 5G":"5G","layer_id":179,"fid":1546,"label":"Viettel Vĩnh Long"}},{"type":"Feature","geometry":{"type":"Point","coordinates":[106.51718,9.86456]},"properties":{"Tên doanh nghiệp":"Viettel Vĩnh Long","Tên trạm BTS":"TVH0096","Địa chỉ lắp đặt":"Xã Long Hòa","Trạm 5G":"5G","layer_id":179,"fid":1547,"label":"Viettel Vĩnh Long"}},{"type":"Feature","geometry":{"type":"Point","coordinates":[106.48134,9.81938]},"properties":{"Tên doanh nghiệp":"Viettel Vĩnh Long","Tên trạm BTS":"TVH0097","Địa chỉ lắp đặt":"Xã Mỹ Long","Trạm 5G":"5G","layer_id":179,"fid":1548,"label":"Viettel Vĩnh Long"}},{"type":"Feature","geometry":{"type":"Point","coordinates":[106.19448,9.91787]},"properties":{"Tên doanh nghiệp":"Viettel Vĩnh Long","Tên trạm BTS":"TVH0098","Địa chỉ lắp đặt":"Xã Tân An","Trạm 5G":"5G","layer_id":179,"fid":1549,"label":"Viettel Vĩnh Long"}},{"type":"Feature","geometry":{"type":"Point","coordinates":[106.13449,10.00159]},"properties":{"Tên doanh nghiệp":"Viettel Vĩnh Long","Tên trạm BTS":"TVH0101","Địa chỉ lắp đặt":"Xã An Trường","Trạm 5G":"5G","layer_id":179,"fid":1550,"label":"Viettel Vĩnh Long"}},{"type":"Feature","geometry":{"type":"Point","coordinates":[106.0163,9.87889]},"properties":{"Tên doanh nghiệp":"Viettel Vĩnh Long","Tên trạm BTS":"TVH0103","Địa chỉ lắp đặt":"Xã An Phú Tân","Trạm 5G":"5G","layer_id":179,"fid":1551,"label":"Viettel Vĩnh Long"}},{"type":"Feature","geometry":{"type":"Point","coordinates":[106.23484,9.80864]},"properties":{"Tên doanh nghiệp":"Viettel Vĩnh Long","Tên trạm BTS":"TVH0108","Địa chỉ lắp đặt":"Xã Tập Ngãi","Trạm 5G":"5G","layer_id":179,"fid":1552,"label":"Viettel Vĩnh Long"}},{"type":"Feature","geometry":{"type":"Point","coordinates":[106.31262,9.91298]},"properties":{"Tên doanh nghiệp":"Viettel Vĩnh Long","Tên trạm BTS":"TVH0110","Địa chỉ lắp đặt":"Phường Nguyệt Hóa","Trạm 5G":"5G","layer_id":179,"fid":1553,"label":"Viettel Vĩnh Long"}},{"type":"Feature","geometry":{"type":"Point","coordinates":[106.32821,9.91556]},"properties":{"Tên doanh nghiệp":"Viettel Vĩnh Long","Tên trạm BTS":"TVH0111","Địa chỉ lắp đặt":"Phường Nguyệt Hóa","Trạm 5G":"5G","layer_id":179,"fid":1554,"label":"Viettel Vĩnh Long"}},{"type":"Feature","geometry":{"type":"Point","coordinates":[106.33675,9.93764]},"properties":{"Tên doanh nghiệp":"Viettel Vĩnh Long","Tên trạm BTS":"TVH0113","Địa chỉ lắp đặt":"Phường Trà Vinh","Trạm 5G":"5G","layer_id":179,"fid":1555,"label":"Viettel Vĩnh Long"}},{"type":"Feature","geometry":{"type":"Point","coordinates":[106.17601,9.91123]},"properties":{"Tên doanh nghiệp":"Viettel Vĩnh Long","Tên trạm BTS":"TVH0114","Địa chỉ lắp đặt":"Xã Tân An","Trạm 5G":"5G","layer_id":179,"fid":1556,"label":"Viettel Vĩnh Long"}},{"type":"Feature","geometry":{"type":"Point","coordinates":[106.35358,9.93867]},"properties":{"Tên doanh nghiệp":"Viettel Vĩnh Long","Tên trạm BTS":"TVH0116","Địa chỉ lắp đặt":"Phường Hòa Thuận","Trạm 5G":"5G","layer_id":179,"fid":1557,"label":"Viettel Vĩnh Long"}},{"type":"Feature","geometry":{"type":"Point","coordinates":[106.34039,9.94444]},"properties":{"Tên doanh nghiệp":"Viettel Vĩnh Long","Tên trạm BTS":"TVH0117","Địa chỉ lắp đặt":"Phường Trà Vinh","Trạm 5G":"5G","layer_id":179,"fid":1558,"label":"Viettel Vĩnh Long"}},{"type":"Feature","geometry":{"type":"Point","coordinates":[106.35128,9.9695]},"properties":{"Tên doanh nghiệp":"Viettel Vĩnh Long","Tên trạm BTS":"TVH0118","Địa chỉ lắp đặt":"Phường Long Đức","Trạm 5G":"5G","layer_id":179,"fid":1559,"label":"Viettel Vĩnh Long"}},{"type":"Feature","geometry":{"type":"Point","coordinates":[106.30976,9.91996]},"properties":{"Tên doanh nghiệp":"Viettel Vĩnh Long","Tên trạm BTS":"TVH0120","Địa chỉ lắp đặt":"Phường Nguyệt Hóa","Trạm 5G":"5G","layer_id":179,"fid":1560,"label":"Viettel Vĩnh Long"}},{"type":"Feature","geometry":{"type":"Point","coordinates":[106.25439,9.91432]},"properties":{"Tên doanh nghiệp":"Viettel Vĩnh Long","Tên trạm BTS":"TVH0122","Địa chỉ lắp đặt":"Xã Song Lộc","Trạm 5G":"5G","layer_id":179,"fid":1561,"label":"Viettel Vĩnh Long"}},{"type":"Feature","geometry":{"type":"Point","coordinates":[105.998,9.894]},"properties":{"Tên doanh nghiệp":"Viettel Vĩnh Long","Tên trạm BTS":"TVH0123","Địa chỉ lắp đặt":"Xã An Phú Tân","Trạm 5G":"5G","layer_id":179,"fid":1562,"label":"Viettel Vĩnh Long"}},{"type":"Feature","geometry":{"type":"Point","coordinates":[106.022,9.894]},"properties":{"Tên doanh nghiệp":"Viettel Vĩnh Long","Tên trạm BTS":"TVH0124","Địa chỉ lắp đặt":"Xã Tam Ngãi","Trạm 5G":"5G","layer_id":179,"fid":1563,"label":"Viettel Vĩnh Long"}},{"type":"Feature","geometry":{"type":"Point","coordinates":[106.247,10.065]},"properties":{"Tên doanh nghiệp":"Viettel Vĩnh Long","Tên trạm BTS":"TVH0125","Địa chỉ lắp đặt":"Xã Nhị Long","Trạm 5G":"5G","layer_id":179,"fid":1564,"label":"Viettel Vĩnh Long"}},{"type":"Feature","geometry":{"type":"Point","coordinates":[106.40021,9.921]},"properties":{"Tên doanh nghiệp":"Viettel Vĩnh Long","Tên trạm BTS":"TVH0128","Địa chỉ lắp đặt":"Xã Hưng Mỹ","Trạm 5G":"5G","layer_id":179,"fid":1565,"label":"Viettel Vĩnh Long"}},{"type":"Feature","geometry":{"type":"Point","coordinates":[106.21088,9.76436]},"properties":{"Tên doanh nghiệp":"Viettel Vĩnh Long","Tên trạm BTS":"TVH0135","Địa chỉ lắp đặt":"Xã Hùng Hòa","Trạm 5G":"5G","layer_id":179,"fid":1566,"label":"Viettel Vĩnh Long"}},{"type":"Feature","geometry":{"type":"Point","coordinates":[106.25355,9.78355]},"properties":{"Tên doanh nghiệp":"Viettel Vĩnh Long","Tên trạm BTS":"TVH0137","Địa chỉ lắp đặt":"Xã Hùng Hòa","Trạm 5G":"5G","layer_id":179,"fid":1567,"label":"Viettel Vĩnh Long"}},{"type":"Feature","geometry":{"type":"Point","coordinates":[106.29425,9.75073]},"properties":{"Tên doanh nghiệp":"Viettel Vĩnh Long","Tên trạm BTS":"TVH0139","Địa chỉ lắp đặt":"Xã Tập Sơn","Trạm 5G":"5G","layer_id":179,"fid":1568,"label":"Viettel Vĩnh Long"}},{"type":"Feature","geometry":{"type":"Point","coordinates":[106.25931,9.70597]},"properties":{"Tên doanh nghiệp":"Viettel Vĩnh Long","Tên trạm BTS":"TVH0140","Địa chỉ lắp đặt":"Xã Trà Cú","Trạm 5G":"5G","layer_id":179,"fid":1569,"label":"Viettel Vĩnh Long"}},{"type":"Feature","geometry":{"type":"Point","coordinates":[106.26327,9.67448]},"properties":{"Tên doanh nghiệp":"Viettel Vĩnh Long","Tên trạm BTS":"TVH0141","Địa chỉ lắp đặt":"Xã Hàm Giang","Trạm 5G":"5G","layer_id":179,"fid":1570,"label":"Viettel Vĩnh Long"}},{"type":"Feature","geometry":{"type":"Point","coordinates":[106.43213,9.7255]},"properties":{"Tên doanh nghiệp":"Viettel Vĩnh Long","Tên trạm BTS":"TVH0145","Địa chỉ lắp đặt":"Xã Hiệp Mỹ","Trạm 5G":"5G","layer_id":179,"fid":1571,"label":"Viettel Vĩnh Long"}},{"type":"Feature","geometry":{"type":"Point","coordinates":[106.46958,9.79982]},"properties":{"Tên doanh nghiệp":"Viettel Vĩnh Long","Tên trạm BTS":"TVH0150","Địa chỉ lắp đặt":"Xã Cầu Ngang","Trạm 5G":"5G","layer_id":179,"fid":1572,"label":"Viettel Vĩnh Long"}},{"type":"Feature","geometry":{"type":"Point","coordinates":[106.22444,9.9671]},"properties":{"Tên doanh nghiệp":"Viettel Vĩnh Long","Tên trạm BTS":"TVH0153","Địa chỉ lắp đặt":"Xã Bình Phú","Trạm 5G":"5G","layer_id":179,"fid":1573,"label":"Viettel Vĩnh Long"}},{"type":"Feature","geometry":{"type":"Point","coordinates":[106.20639,9.99567]},"properties":{"Tên doanh nghiệp":"Viettel Vĩnh Long","Tên trạm BTS":"TVH0154","Địa chỉ lắp đặt":"Xã Càng Long","Trạm 5G":"5G","layer_id":179,"fid":1574,"label":"Viettel Vĩnh Long"}},{"type":"Feature","geometry":{"type":"Point","coordinates":[106.18914,9.96198]},"properties":{"Tên doanh nghiệp":"Viettel Vĩnh Long","Tên trạm BTS":"TVH0156","Địa chỉ lắp đặt":"Xã An Trường","Trạm 5G":"5G","layer_id":179,"fid":1575,"label":"Viettel Vĩnh Long"}},{"type":"Feature","geometry":{"type":"Point","coordinates":[106.517,9.682]},"properties":{"Tên doanh nghiệp":"Viettel Vĩnh Long","Tên trạm BTS":"TVH0158","Địa chỉ lắp đặt":"Phường Trường Long Hòa","Trạm 5G":"5G","layer_id":179,"fid":1576,"label":"Viettel Vĩnh Long"}},{"type":"Feature","geometry":{"type":"Point","coordinates":[106.46589,9.61557]},"properties":{"Tên doanh nghiệp":"Viettel Vĩnh Long","Tên trạm BTS":"TVH0161","Địa chỉ lắp đặt":"Xã Long Thành","Trạm 5G":"5G","layer_id":179,"fid":1577,"label":"Viettel Vĩnh Long"}},{"type":"Feature","geometry":{"type":"Point","coordinates":[106.48502,9.71201]},"properties":{"Tên doanh nghiệp":"Viettel Vĩnh Long","Tên trạm BTS":"TVH0163","Địa chỉ lắp đặt":"Xã Hiệp Mỹ","Trạm 5G":"5G","layer_id":179,"fid":1578,"label":"Viettel Vĩnh Long"}},{"type":"Feature","geometry":{"type":"Point","coordinates":[106.27087,9.63276]},"properties":{"Tên doanh nghiệp":"Viettel Vĩnh Long","Tên trạm BTS":"TVH0168","Địa chỉ lắp đặt":"Xã Đại An","Trạm 5G":"5G","layer_id":179,"fid":1579,"label":"Viettel Vĩnh Long"}},{"type":"Feature","geometry":{"type":"Point","coordinates":[106.07048,9.88714]},"properties":{"Tên doanh nghiệp":"Viettel Vĩnh Long","Tên trạm BTS":"TVH0174","Địa chỉ lắp đặt":"Xã Cầu Kè","Trạm 5G":"5G","layer_id":179,"fid":1580,"label":"Viettel Vĩnh Long"}},{"type":"Feature","geometry":{"type":"Point","coordinates":[106.27402,9.65645]},"properties":{"Tên doanh nghiệp":"Viettel Vĩnh Long","Tên trạm BTS":"TVH0176","Địa chỉ lắp đặt":"Xã Hàm Giang","Trạm 5G":"5G","layer_id":179,"fid":1581,"label":"Viettel Vĩnh Long"}},{"type":"Feature","geometry":{"type":"Point","coordinates":[106.27327,9.67665]},"properties":{"Tên doanh nghiệp":"Viettel Vĩnh Long","Tên trạm BTS":"TVH0177-12","Địa chỉ lắp đặt":"Xã Trà Cú","Trạm 5G":"5G","layer_id":179,"fid":1582,"label":"Viettel Vĩnh Long"}},{"type":"Feature","geometry":{"type":"Point","coordinates":[106.46411,9.83301]},"properties":{"Tên doanh nghiệp":"Viettel Vĩnh Long","Tên trạm BTS":"TVH0181","Địa chỉ lắp đặt":"Xã Vinh Kim","Trạm 5G":"5G","layer_id":179,"fid":1583,"label":"Viettel Vĩnh Long"}},{"type":"Feature","geometry":{"type":"Point","coordinates":[106.23307,10.02973]},"properties":{"Tên doanh nghiệp":"Viettel Vĩnh Long","Tên trạm BTS":"TVH0182","Địa chỉ lắp đặt":"Xã Càng Long","Trạm 5G":"5G","layer_id":179,"fid":1584,"label":"Viettel Vĩnh Long"}},{"type":"Feature","geometry":{"type":"Point","coordinates":[106.43849,9.92765]},"properties":{"Tên doanh nghiệp":"Viettel Vĩnh Long","Tên trạm BTS":"TVH0183","Địa chỉ lắp đặt":"Xã Hòa Minh","Trạm 5G":"5G","layer_id":179,"fid":1585,"label":"Viettel Vĩnh Long"}},{"type":"Feature","geometry":{"type":"Point","coordinates":[106.1754,9.85809]},"properties":{"Tên doanh nghiệp":"Viettel Vĩnh Long","Tên trạm BTS":"TVH0185","Địa chỉ lắp đặt":"Xã Tiểu Cần","Trạm 5G":"5G","layer_id":179,"fid":1586,"label":"Viettel Vĩnh Long"}},{"type":"Feature","geometry":{"type":"Point","coordinates":[106.16314,9.88213]},"properties":{"Tên doanh nghiệp":"Viettel Vĩnh Long","Tên trạm BTS":"TVH0186","Địa chỉ lắp đặt":"Xã Tân An","Trạm 5G":"5G","layer_id":179,"fid":1587,"label":"Viettel Vĩnh Long"}},{"type":"Feature","geometry":{"type":"Point","coordinates":[106.34837,9.92192]},"properties":{"Tên doanh nghiệp":"Viettel Vĩnh Long","Tên trạm BTS":"TVH0187","Địa chỉ lắp đặt":"Phường Hòa Thuận","Trạm 5G":"5G","layer_id":179,"fid":1588,"label":"Viettel Vĩnh Long"}},{"type":"Feature","geometry":{"type":"Point","coordinates":[106.1734,9.98778]},"properties":{"Tên doanh nghiệp":"Viettel Vĩnh Long","Tên trạm BTS":"TVH0192","Địa chỉ lắp đặt":"Xã An Trường","Trạm 5G":"5G","layer_id":179,"fid":1589,"label":"Viettel Vĩnh Long"}},{"type":"Feature","geometry":{"type":"Point","coordinates":[106.33328,9.92924]},"properties":{"Tên doanh nghiệp":"Viettel Vĩnh Long","Tên trạm BTS":"TVH0196","Địa chỉ lắp đặt":"Phường Nguyệt Hóa","Trạm 5G":"5G","layer_id":179,"fid":1590,"label":"Viettel Vĩnh Long"}},{"type":"Feature","geometry":{"type":"Point","coordinates":[106.56313,9.63224]},"properties":{"Tên doanh nghiệp":"Viettel Vĩnh Long","Tên trạm BTS":"TVH0205","Địa chỉ lắp đặt":"Phường Trường Long Hòa","Trạm 5G":"5G","layer_id":179,"fid":1591,"label":"Viettel Vĩnh Long"}},{"type":"Feature","geometry":{"type":"Point","coordinates":[106.43705,9.88043]},"properties":{"Tên doanh nghiệp":"Viettel Vĩnh Long","Tên trạm BTS":"TVH0208","Địa chỉ lắp đặt":"Xã Hưng Mỹ","Trạm 5G":"5G","layer_id":179,"fid":1592,"label":"Viettel Vĩnh Long"}},{"type":"Feature","geometry":{"type":"Point","coordinates":[106.30114,9.64167]},"properties":{"Tên doanh nghiệp":"Viettel Vĩnh Long","Tên trạm BTS":"TVH0217","Địa chỉ lắp đặt":"Xã Đại An","Trạm 5G":"5G","layer_id":179,"fid":1593,"label":"Viettel Vĩnh Long"}},{"type":"Feature","geometry":{"type":"Point","coordinates":[106.04786,9.92039]},"properties":{"Tên doanh nghiệp":"Viettel Vĩnh Long","Tên trạm BTS":"TVH0222","Địa chỉ lắp đặt":"Xã Tam Ngãi","Trạm 5G":"5G","layer_id":179,"fid":1594,"label":"Viettel Vĩnh Long"}},{"type":"Feature","geometry":{"type":"Point","coordinates":[106.16022,9.83749]},"properties":{"Tên doanh nghiệp":"Viettel Vĩnh Long","Tên trạm BTS":"TVH0224","Địa chỉ lắp đặt":"Xã Tiểu Cần","Trạm 5G":"5G","layer_id":179,"fid":1595,"label":"Viettel Vĩnh Long"}},{"type":"Feature","geometry":{"type":"Point","coordinates":[106.43739,9.83462]},"properties":{"Tên doanh nghiệp":"Viettel Vĩnh Long","Tên trạm BTS":"TVH0226","Địa chỉ lắp đặt":"Xã Vinh Kim","Trạm 5G":"5G","layer_id":179,"fid":1596,"label":"Viettel Vĩnh Long"}},{"type":"Feature","geometry":{"type":"Point","coordinates":[106.12892,9.85265]},"properties":{"Tên doanh nghiệp":"Viettel Vĩnh Long","Tên trạm BTS":"TVH0229","Địa chỉ lắp đặt":"Xã Phong Thạnh","Trạm 5G":"5G","layer_id":179,"fid":1597,"label":"Viettel Vĩnh Long"}},{"type":"Feature","geometry":{"type":"Point","coordinates":[106.15258,9.72177]},"properties":{"Tên doanh nghiệp":"Viettel Vĩnh Long","Tên trạm BTS":"TVH0232","Địa chỉ lắp đặt":"Xã Lưu Nghiệp Anh","Trạm 5G":"5G","layer_id":179,"fid":1598,"label":"Viettel Vĩnh Long"}},{"type":"Feature","geometry":{"type":"Point","coordinates":[106.07617,9.93637]},"properties":{"Tên doanh nghiệp":"Viettel Vĩnh Long","Tên trạm BTS":"TVH0246","Địa chỉ lắp đặt":"Xã Tam Ngãi","Trạm 5G":"5G","layer_id":179,"fid":1599,"label":"Viettel Vĩnh Long"}},{"type":"Feature","geometry":{"type":"Point","coordinates":[106.31252,9.98458]},"properties":{"Tên doanh nghiệp":"Viettel Vĩnh Long","Tên trạm BTS":"TVH0247","Địa chỉ lắp đặt":"Phường Long Đức","Trạm 5G":"5G","layer_id":179,"fid":1600,"label":"Viettel Vĩnh Long"}},{"type":"Feature","geometry":{"type":"Point","coordinates":[106.1574,10.00026]},"properties":{"Tên doanh nghiệp":"Viettel Vĩnh Long","Tên trạm BTS":"TVH0304","Địa chỉ lắp đặt":"Xã Càng Long","Trạm 5G":"5G","layer_id":179,"fid":1601,"label":"Viettel Vĩnh Long"}},{"type":"Feature","geometry":{"type":"Point","coordinates":[106.27285,9.98223]},"properties":{"Tên doanh nghiệp":"Viettel Vĩnh Long","Tên trạm BTS":"TVH0306","Địa chỉ lắp đặt":"Xã Bình Phú","Trạm 5G":"5G","layer_id":179,"fid":1602,"label":"Viettel Vĩnh Long"}},{"type":"Feature","geometry":{"type":"Point","coordinates":[106.34179,9.95155]},"properties":{"Tên doanh nghiệp":"Viettel Vĩnh Long","Tên trạm BTS":"TVH0307","Địa chỉ lắp đặt":"Phường Trà Vinh","Trạm 5G":"5G","layer_id":179,"fid":1603,"label":"Viettel Vĩnh Long"}},{"type":"Feature","geometry":{"type":"Point","coordinates":[106.33288,9.93444]},"properties":{"Tên doanh nghiệp":"Viettel Vĩnh Long","Tên trạm BTS":"TVH0308","Địa chỉ lắp đặt":"Phường Nguyệt Hóa","Trạm 5G":"5G","layer_id":179,"fid":1604,"label":"Viettel Vĩnh Long"}},{"type":"Feature","geometry":{"type":"Point","coordinates":[106.34393,9.90148]},"properties":{"Tên doanh nghiệp":"Viettel Vĩnh Long","Tên trạm BTS":"TVH0310","Địa chỉ lắp đặt":"Phường Trà Vinh","Trạm 5G":"5G","layer_id":179,"fid":1605,"label":"Viettel Vĩnh Long"}},{"type":"Feature","geometry":{"type":"Point","coordinates":[105.97728,9.89692]},"properties":{"Tên doanh nghiệp":"Viettel Vĩnh Long","Tên trạm BTS":"TVH0317","Địa chỉ lắp đặt":"Xã An Phú Tân","Trạm 5G":"5G","layer_id":179,"fid":1606,"label":"Viettel Vĩnh Long"}},{"type":"Feature","geometry":{"type":"Point","coordinates":[106.35761,9.9555]},"properties":{"Tên doanh nghiệp":"Viettel Vĩnh Long","Tên trạm BTS":"TVH0328","Địa chỉ lắp đặt":"Phường Hòa Thuận","Trạm 5G":"5G","layer_id":179,"fid":1607,"label":"Viettel Vĩnh Long"}},{"type":"Feature","geometry":{"type":"Point","coordinates":[106.5116,9.58512]},"properties":{"Tên doanh nghiệp":"Viettel Vĩnh Long","Tên trạm BTS":"TVH0332","Địa chỉ lắp đặt":"Phường Duyên Hải","Trạm 5G":"5G","layer_id":179,"fid":1608,"label":"Viettel Vĩnh Long"}},{"type":"Feature","geometry":{"type":"Point","coordinates":[106.31102,9.76124]},"properties":{"Tên doanh nghiệp":"Viettel Vĩnh Long","Tên trạm BTS":"TVH0338","Địa chỉ lắp đặt":"Xã Tập Sơn","Trạm 5G":"5G","layer_id":179,"fid":1609,"label":"Viettel Vĩnh Long"}},{"type":"Feature","geometry":{"type":"Point","coordinates":[106.28374,9.80332]},"properties":{"Tên doanh nghiệp":"Viettel Vĩnh Long","Tên trạm BTS":"TVH0340","Địa chỉ lắp đặt":"Xã Hùng Hòa","Trạm 5G":"5G","layer_id":179,"fid":1610,"label":"Viettel Vĩnh Long"}},{"type":"Feature","geometry":{"type":"Point","coordinates":[106.34682,9.98222]},"properties":{"Tên doanh nghiệp":"Viettel Vĩnh Long","Tên trạm BTS":"TVH0341","Địa chỉ lắp đặt":"Phường Long Đức","Trạm 5G":"5G","layer_id":179,"fid":1611,"label":"Viettel Vĩnh Long"}},{"type":"Feature","geometry":{"type":"Point","coordinates":[106.09438,9.92745]},"properties":{"Tên doanh nghiệp":"Viettel Vĩnh Long","Tên trạm BTS":"TVH0347","Địa chỉ lắp đặt":"Xã Tam Ngãi","Trạm 5G":"5G","layer_id":179,"fid":1612,"label":"Viettel Vĩnh Long"}},{"type":"Feature","geometry":{"type":"Point","coordinates":[106.26069,10.01426]},"properties":{"Tên doanh nghiệp":"Viettel Vĩnh Long","Tên trạm BTS":"TVH0349","Địa chỉ lắp đặt":"Xã Nhị Long","Trạm 5G":"5G","layer_id":179,"fid":1613,"label":"Viettel Vĩnh Long"}},{"type":"Feature","geometry":{"type":"Point","coordinates":[106.4473,9.76957]},"properties":{"Tên doanh nghiệp":"Viettel Vĩnh Long","Tên trạm BTS":"TVH0352","Địa chỉ lắp đặt":"Xã Hiệp Mỹ","Trạm 5G":"5G","layer_id":179,"fid":1614,"label":"Viettel Vĩnh Long"}},{"type":"Feature","geometry":{"type":"Point","coordinates":[106.52139,9.75131]},"properties":{"Tên doanh nghiệp":"Viettel Vĩnh Long","Tên trạm BTS":"TVH0353","Địa chỉ lắp đặt":"Xã Mỹ Long","Trạm 5G":"5G","layer_id":179,"fid":1615,"label":"Viettel Vĩnh Long"}},{"type":"Feature","geometry":{"type":"Point","coordinates":[106.35133,9.8578]},"properties":{"Tên doanh nghiệp":"Viettel Vĩnh Long","Tên trạm BTS":"TVH0357","Địa chỉ lắp đặt":"Xã Châu Thành","Trạm 5G":"5G","layer_id":179,"fid":1616,"label":"Viettel Vĩnh Long"}},{"type":"Feature","geometry":{"type":"Point","coordinates":[106.29667,9.94735]},"properties":{"Tên doanh nghiệp":"Viettel Vĩnh Long","Tên trạm BTS":"TVH0358","Địa chỉ lắp đặt":"Phường Nguyệt Hóa","Trạm 5G":"5G","layer_id":179,"fid":1617,"label":"Viettel Vĩnh Long"}},{"type":"Feature","geometry":{"type":"Point","coordinates":[106.34664,9.88285]},"properties":{"Tên doanh nghiệp":"Viettel Vĩnh Long","Tên trạm BTS":"TVH0359","Địa chỉ lắp đặt":"Xã Châu Thành","Trạm 5G":"5G","layer_id":179,"fid":1618,"label":"Viettel Vĩnh Long"}},{"type":"Feature","geometry":{"type":"Point","coordinates":[106.35109,9.73076]},"properties":{"Tên doanh nghiệp":"Viettel Vĩnh Long","Tên trạm BTS":"TVH0367","Địa chỉ lắp đặt":"Xã Long Hiệp","Trạm 5G":"5G","layer_id":179,"fid":1619,"label":"Viettel Vĩnh Long"}},{"type":"Feature","geometry":{"type":"Point","coordinates":[106.34274,9.93206]},"properties":{"Tên doanh nghiệp":"Viettel Vĩnh Long","Tên trạm BTS":"TVH0369","Địa chỉ lắp đặt":"Phường Trà Vinh","Trạm 5G":"5G","layer_id":179,"fid":1620,"label":"Viettel Vĩnh Long"}},{"type":"Feature","geometry":{"type":"Point","coordinates":[106.37847,9.60163]},"properties":{"Tên doanh nghiệp":"Viettel Vĩnh Long","Tên trạm BTS":"TVH0376","Địa chỉ lắp đặt":"Xã Long Vĩnh","Trạm 5G":"5G","layer_id":179,"fid":1621,"label":"Viettel Vĩnh Long"}},{"type":"Feature","geometry":{"type":"Point","coordinates":[106.36805,9.92794]},"properties":{"Tên doanh nghiệp":"Viettel Vĩnh Long","Tên trạm BTS":"TVH0385","Địa chỉ lắp đặt":"Xã Hưng Mỹ","Trạm 5G":"5G","layer_id":179,"fid":1622,"label":"Viettel Vĩnh Long"}},{"type":"Feature","geometry":{"type":"Point","coordinates":[106.47878,9.62281]},"properties":{"Tên doanh nghiệp":"Viettel Vĩnh Long","Tên trạm BTS":"TVH0386","Địa chỉ lắp đặt":"Phường Duyên Hải","Trạm 5G":"5G","layer_id":179,"fid":1623,"label":"Viettel Vĩnh Long"}},{"type":"Feature","geometry":{"type":"Point","coordinates":[106.43496,9.89481]},"properties":{"Tên doanh nghiệp":"Viettel Vĩnh Long","Tên trạm BTS":"TVH0390","Địa chỉ lắp đặt":"Xã Hưng Mỹ","Trạm 5G":"5G","layer_id":179,"fid":1624,"label":"Viettel Vĩnh Long"}},{"type":"Feature","geometry":{"type":"Point","coordinates":[106.33861,9.93529]},"properties":{"Tên doanh nghiệp":"Viettel Vĩnh Long","Tên trạm BTS":"TVH0408","Địa chỉ lắp đặt":"Phường Trà Vinh","Trạm 5G":"5G","layer_id":179,"fid":1625,"label":"Viettel Vĩnh Long"}},{"type":"Feature","geometry":{"type":"Point","coordinates":[106.3349,9.94229]},"properties":{"Tên doanh nghiệp":"Viettel Vĩnh Long","Tên trạm BTS":"TVH0409","Địa chỉ lắp đặt":"Phường Trà Vinh","Trạm 5G":"5G","layer_id":179,"fid":1626,"label":"Viettel Vĩnh Long"}},{"type":"Feature","geometry":{"type":"Point","coordinates":[106.3363,9.93195]},"properties":{"Tên doanh nghiệp":"Viettel Vĩnh Long","Tên trạm BTS":"TVH0411","Địa chỉ lắp đặt":"Phường Nguyệt Hóa","Trạm 5G":"5G","layer_id":179,"fid":1627,"label":"Viettel Vĩnh Long"}},{"type":"Feature","geometry":{"type":"Point","coordinates":[106.33269,9.92305]},"properties":{"Tên doanh nghiệp":"Viettel Vĩnh Long","Tên trạm BTS":"TVH0412","Địa chỉ lắp đặt":"Phường Nguyệt Hóa","Trạm 5G":"5G","layer_id":179,"fid":1628,"label":"Viettel Vĩnh Long"}},{"type":"Feature","geometry":{"type":"Point","coordinates":[106.348,9.94249]},"properties":{"Tên doanh nghiệp":"Viettel Vĩnh Long","Tên trạm BTS":"TVH0413","Địa chỉ lắp đặt":"Phường Hòa Thuận","Trạm 5G":"5G","layer_id":179,"fid":1629,"label":"Viettel Vĩnh Long"}},{"type":"Feature","geometry":{"type":"Point","coordinates":[106.3459,9.9529]},"properties":{"Tên doanh nghiệp":"Viettel Vĩnh Long","Tên trạm BTS":"TVH0417","Địa chỉ lắp đặt":"Phường Long Đức","Trạm 5G":"5G","layer_id":179,"fid":1630,"label":"Viettel Vĩnh Long"}},{"type":"Feature","geometry":{"type":"Point","coordinates":[106.337,9.91795]},"properties":{"Tên doanh nghiệp":"Viettel Vĩnh Long","Tên trạm BTS":"TVH0420","Địa chỉ lắp đặt":"Phường Trà Vinh","Trạm 5G":"5G","layer_id":179,"fid":1631,"label":"Viettel Vĩnh Long"}},{"type":"Feature","geometry":{"type":"Point","coordinates":[106.20141,9.98332]},"properties":{"Tên doanh nghiệp":"Viettel Vĩnh Long","Tên trạm BTS":"TVH0423","Địa chỉ lắp đặt":"Xã Càng Long","Trạm 5G":"5G","layer_id":179,"fid":1632,"label":"Viettel Vĩnh Long"}},{"type":"Feature","geometry":{"type":"Point","coordinates":[106.44908,9.79563]},"properties":{"Tên doanh nghiệp":"Viettel Vĩnh Long","Tên trạm BTS":"TVH0427","Địa chỉ lắp đặt":"Xã Cầu Ngang","Trạm 5G":"5G","layer_id":179,"fid":1633,"label":"Viettel Vĩnh Long"}},{"type":"Feature","geometry":{"type":"Point","coordinates":[106.49696,9.64102]},"properties":{"Tên doanh nghiệp":"Viettel Vĩnh Long","Tên trạm BTS":"TVH0431","Địa chỉ lắp đặt":"Phường Duyên Hải","Trạm 5G":"5G","layer_id":179,"fid":1634,"label":"Viettel Vĩnh Long"}},{"type":"Feature","geometry":{"type":"Point","coordinates":[106.26136,9.68314]},"properties":{"Tên doanh nghiệp":"Viettel Vĩnh Long","Tên trạm BTS":"TVH0433","Địa chỉ lắp đặt":"Xã Trà Cú","Trạm 5G":"5G","layer_id":179,"fid":1635,"label":"Viettel Vĩnh Long"}},{"type":"Feature","geometry":{"type":"Point","coordinates":[106.33643,9.97282]},"properties":{"Tên doanh nghiệp":"Viettel Vĩnh Long","Tên trạm BTS":"TVH0439","Địa chỉ lắp đặt":"Phường Long Đức","Trạm 5G":"5G","layer_id":179,"fid":1636,"label":"Viettel Vĩnh Long"}},{"type":"Feature","geometry":{"type":"Point","coordinates":[106.31337,9.90561]},"properties":{"Tên doanh nghiệp":"Viettel Vĩnh Long","Tên trạm BTS":"TVH0441","Địa chỉ lắp đặt":"Xã Song Lộc","Trạm 5G":"5G","layer_id":179,"fid":1637,"label":"Viettel Vĩnh Long"}},{"type":"Feature","geometry":{"type":"Point","coordinates":[106.32001,9.91794]},"properties":{"Tên doanh nghiệp":"Viettel Vĩnh Long","Tên trạm BTS":"TVH0442","Địa chỉ lắp đặt":"Phường Nguyệt Hóa","Trạm 5G":"5G","layer_id":179,"fid":1638,"label":"Viettel Vĩnh Long"}},{"type":"Feature","geometry":{"type":"Point","coordinates":[106.30652,9.91392]},"properties":{"Tên doanh nghiệp":"Viettel Vĩnh Long","Tên trạm BTS":"TVH0443","Địa chỉ lắp đặt":"Phường Nguyệt Hóa","Trạm 5G":"5G","layer_id":179,"fid":1639,"label":"Viettel Vĩnh Long"}},{"type":"Feature","geometry":{"type":"Point","coordinates":[106.19088,9.84005]},"properties":{"Tên doanh nghiệp":"Viettel Vĩnh Long","Tên trạm BTS":"TVH0445","Địa chỉ lắp đặt":"Xã Tập Ngãi","Trạm 5G":"5G","layer_id":179,"fid":1640,"label":"Viettel Vĩnh Long"}},{"type":"Feature","geometry":{"type":"Point","coordinates":[106.32843,9.63725]},"properties":{"Tên doanh nghiệp":"Viettel Vĩnh Long","Tên trạm BTS":"TVH0446","Địa chỉ lắp đặt":"Xã Đôn Châu","Trạm 5G":"5G","layer_id":179,"fid":1641,"label":"Viettel Vĩnh Long"}},{"type":"Feature","geometry":{"type":"Point","coordinates":[106.3641,9.97863]},"properties":{"Tên doanh nghiệp":"Viettel Vĩnh Long","Tên trạm BTS":"TVH0448","Địa chỉ lắp đặt":"Phường Long Đức","Trạm 5G":"5G","layer_id":179,"fid":1642,"label":"Viettel Vĩnh Long"}},{"type":"Feature","geometry":{"type":"Point","coordinates":[106.09041,9.95471]},"properties":{"Tên doanh nghiệp":"Viettel Vĩnh Long","Tên trạm BTS":"TVH0452","Địa chỉ lắp đặt":"Xã Tam Ngãi","Trạm 5G":"5G","layer_id":179,"fid":1643,"label":"Viettel Vĩnh Long"}},{"type":"Feature","geometry":{"type":"Point","coordinates":[106.29957,10.02294]},"properties":{"Tên doanh nghiệp":"Viettel Vĩnh Long","Tên trạm BTS":"TVH0454","Địa chỉ lắp đặt":"Xã Nhị Long","Trạm 5G":"5G","layer_id":179,"fid":1644,"label":"Viettel Vĩnh Long"}},{"type":"Feature","geometry":{"type":"Point","coordinates":[106.17984,9.80243]},"properties":{"Tên doanh nghiệp":"Viettel Vĩnh Long","Tên trạm BTS":"TVH0455","Địa chỉ lắp đặt":"Xã Tiểu Cần","Trạm 5G":"5G","layer_id":179,"fid":1645,"label":"Viettel Vĩnh Long"}},{"type":"Feature","geometry":{"type":"Point","coordinates":[106.26541,9.94966]},"properties":{"Tên doanh nghiệp":"Viettel Vĩnh Long","Tên trạm BTS":"TVH0457","Địa chỉ lắp đặt":"Xã Bình Phú","Trạm 5G":"5G","layer_id":179,"fid":1646,"label":"Viettel Vĩnh Long"}},{"type":"Feature","geometry":{"type":"Point","coordinates":[106.13055,9.92326]},"properties":{"Tên doanh nghiệp":"Viettel Vĩnh Long","Tên trạm BTS":"TVH0459","Địa chỉ lắp đặt":"Xã Tam Ngãi","Trạm 5G":"5G","layer_id":179,"fid":1647,"label":"Viettel Vĩnh Long"}},{"type":"Feature","geometry":{"type":"Point","coordinates":[106.48368,9.75225]},"properties":{"Tên doanh nghiệp":"Viettel Vĩnh Long","Tên trạm BTS":"TVH0464","Địa chỉ lắp đặt":"Xã Hiệp Mỹ","Trạm 5G":"5G","layer_id":179,"fid":1648,"label":"Viettel Vĩnh Long"}},{"type":"Feature","geometry":{"type":"Point","coordinates":[106.55704,9.67339]},"properties":{"Tên doanh nghiệp":"Viettel Vĩnh Long","Tên trạm BTS":"TVH0476","Địa chỉ lắp đặt":"Phường Trường Long Hòa","Trạm 5G":"5G","layer_id":179,"fid":1649,"label":"Viettel Vĩnh Long"}},{"type":"Feature","geometry":{"type":"Point","coordinates":[106.2017,9.73053]},"properties":{"Tên doanh nghiệp":"Viettel Vĩnh Long","Tên trạm BTS":"TVH0483","Địa chỉ lắp đặt":"Xã Lưu Nghiệp Anh","Trạm 5G":"5G","layer_id":179,"fid":1650,"label":"Viettel Vĩnh Long"}},{"type":"Feature","geometry":{"type":"Point","coordinates":[106.13423,9.98896]},"properties":{"Tên doanh nghiệp":"Viettel Vĩnh Long","Tên trạm BTS":"TVH0489","Địa chỉ lắp đặt":"Xã An Trường","Trạm 5G":"5G","layer_id":179,"fid":1651,"label":"Viettel Vĩnh Long"}},{"type":"Feature","geometry":{"type":"Point","coordinates":[106.26556,9.98787]},"properties":{"Tên doanh nghiệp":"Viettel Vĩnh Long","Tên trạm BTS":"TVH0499","Địa chỉ lắp đặt":"Xã Bình Phú","Trạm 5G":"5G","layer_id":179,"fid":1652,"label":"Viettel Vĩnh Long"}},{"type":"Feature","geometry":{"type":"Point","coordinates":[106.06837,9.90342]},"properties":{"Tên doanh nghiệp":"Viettel Vĩnh Long","Tên trạm BTS":"TVH0502","Địa chỉ lắp đặt":"Xã Cầu Kè","Trạm 5G":"5G","layer_id":179,"fid":1653,"label":"Viettel Vĩnh Long"}},{"type":"Feature","geometry":{"type":"Point","coordinates":[106.05386,9.82433]},"properties":{"Tên doanh nghiệp":"Viettel Vĩnh Long","Tên trạm BTS":"TVH0503","Địa chỉ lắp đặt":"Xã An Phú Tân","Trạm 5G":"5G","layer_id":179,"fid":1654,"label":"Viettel Vĩnh Long"}},{"type":"Feature","geometry":{"type":"Point","coordinates":[106.08552,9.83999]},"properties":{"Tên doanh nghiệp":"Viettel Vĩnh Long","Tên trạm BTS":"TVH0505","Địa chỉ lắp đặt":"Xã Phong Thạnh","Trạm 5G":"5G","layer_id":179,"fid":1655,"label":"Viettel Vĩnh Long"}},{"type":"Feature","geometry":{"type":"Point","coordinates":[106.42729,9.67655]},"properties":{"Tên doanh nghiệp":"Viettel Vĩnh Long","Tên trạm BTS":"TVH0509","Địa chỉ lắp đặt":"Xã Ngũ Lạc","Trạm 5G":"5G","layer_id":179,"fid":1656,"label":"Viettel Vĩnh Long"}},{"type":"Feature","geometry":{"type":"Point","coordinates":[106.40661,9.66376]},"properties":{"Tên doanh nghiệp":"Viettel Vĩnh Long","Tên trạm BTS":"TVH0510","Địa chỉ lắp đặt":"Xã Ngũ Lạc","Trạm 5G":"5G","layer_id":179,"fid":1657,"label":"Viettel Vĩnh Long"}},{"type":"Feature","geometry":{"type":"Point","coordinates":[106.23987,9.73395]},"properties":{"Tên doanh nghiệp":"Viettel Vĩnh Long","Tên trạm BTS":"TVH0523","Địa chỉ lắp đặt":"Xã Tập Sơn","Trạm 5G":"5G","layer_id":179,"fid":1658,"label":"Viettel Vĩnh Long"}},{"type":"Feature","geometry":{"type":"Point","coordinates":[106.16084,9.89883]},"properties":{"Tên doanh nghiệp":"Viettel Vĩnh Long","Tên trạm BTS":"TVH0543","Địa chỉ lắp đặt":"Xã Tân An","Trạm 5G":"5G","layer_id":179,"fid":1659,"label":"Viettel Vĩnh Long"}},{"type":"Feature","geometry":{"type":"Point","coordinates":[106.32408,9.90916]},"properties":{"Tên doanh nghiệp":"Viettel Vĩnh Long","Tên trạm BTS":"TVH0544","Địa chỉ lắp đặt":"Phường Nguyệt Hóa","Trạm 5G":"5G","layer_id":179,"fid":1660,"label":"Viettel Vĩnh Long"}},{"type":"Feature","geometry":{"type":"Point","coordinates":[106.40124,9.87074]},"properties":{"Tên doanh nghiệp":"Viettel Vĩnh Long","Tên trạm BTS":"TVH0548","Địa chỉ lắp đặt":"Xã Hưng Mỹ","Trạm 5G":"5G","layer_id":179,"fid":1661,"label":"Viettel Vĩnh Long"}},{"type":"Feature","geometry":{"type":"Point","coordinates":[106.40565,9.79041]},"properties":{"Tên doanh nghiệp":"Viettel Vĩnh Long","Tên trạm BTS":"TVH0554","Địa chỉ lắp đặt":"Xã Nhị Trường","Trạm 5G":"5G","layer_id":179,"fid":1662,"label":"Viettel Vĩnh Long"}},{"type":"Feature","geometry":{"type":"Point","coordinates":[106.25974,9.6907]},"properties":{"Tên doanh nghiệp":"Viettel Vĩnh Long","Tên trạm BTS":"TVH0555","Địa chỉ lắp đặt":"Xã Trà Cú","Trạm 5G":"5G","layer_id":179,"fid":1663,"label":"Viettel Vĩnh Long"}},{"type":"Feature","geometry":{"type":"Point","coordinates":[106.25951,9.69771]},"properties":{"Tên doanh nghiệp":"Viettel Vĩnh Long","Tên trạm BTS":"TVH0555-12","Địa chỉ lắp đặt":"Xã Trà Cú","Trạm 5G":"5G","layer_id":179,"fid":1664,"label":"Viettel Vĩnh Long"}},{"type":"Feature","geometry":{"type":"Point","coordinates":[106.30702,9.6345]},"properties":{"Tên doanh nghiệp":"Viettel Vĩnh Long","Tên trạm BTS":"TVH0556","Địa chỉ lắp đặt":"Xã Đại An","Trạm 5G":"5G","layer_id":179,"fid":1665,"label":"Viettel Vĩnh Long"}},{"type":"Feature","geometry":{"type":"Point","coordinates":[106.57403,9.67366]},"properties":{"Tên doanh nghiệp":"Viettel Vĩnh Long","Tên trạm BTS":"TVH0557","Địa chỉ lắp đặt":"Phường Trường Long Hòa","Trạm 5G":"5G","layer_id":179,"fid":1666,"label":"Viettel Vĩnh Long"}},{"type":"Feature","geometry":{"type":"Point","coordinates":[106.55579,9.62292]},"properties":{"Tên doanh nghiệp":"Viettel Vĩnh Long","Tên trạm BTS":"TVH0560","Địa chỉ lắp đặt":"Phường Trường Long Hòa","Trạm 5G":"5G","layer_id":179,"fid":1667,"label":"Viettel Vĩnh Long"}},{"type":"Feature","geometry":{"type":"Point","coordinates":[106.33441,9.72729]},"properties":{"Tên doanh nghiệp":"Viettel Vĩnh Long","Tên trạm BTS":"TVH0562","Địa chỉ lắp đặt":"Xã Long Hiệp","Trạm 5G":"5G","layer_id":179,"fid":1668,"label":"Viettel Vĩnh Long"}},{"type":"Feature","geometry":{"type":"Point","coordinates":[106.34193,9.92307]},"properties":{"Tên doanh nghiệp":"Viettel Vĩnh Long","Tên trạm BTS":"TVH0563","Địa chỉ lắp đặt":"Phường Trà Vinh","Trạm 5G":"5G","layer_id":179,"fid":1669,"label":"Viettel Vĩnh Long"}},{"type":"Feature","geometry":{"type":"Point","coordinates":[106.52291,9.59977]},"properties":{"Tên doanh nghiệp":"Viettel Vĩnh Long","Tên trạm BTS":"TVH0565","Địa chỉ lắp đặt":"Phường Duyên Hải","Trạm 5G":"5G","layer_id":179,"fid":1670,"label":"Viettel Vĩnh Long"}},{"type":"Feature","geometry":{"type":"Point","coordinates":[106.14788,9.78107]},"properties":{"Tên doanh nghiệp":"Viettel Vĩnh Long","Tên trạm BTS":"TVH0567","Địa chỉ lắp đặt":"Xã Tân Hòa","Trạm 5G":"5G","layer_id":179,"fid":1671,"label":"Viettel Vĩnh Long"}},{"type":"Feature","geometry":{"type":"Point","coordinates":[106.34186,9.96048]},"properties":{"Tên doanh nghiệp":"Viettel Vĩnh Long","Tên trạm BTS":"TVH0572","Địa chỉ lắp đặt":"Phường Long Đức","Trạm 5G":"5G","layer_id":179,"fid":1672,"label":"Viettel Vĩnh Long"}},{"type":"Feature","geometry":{"type":"Point","coordinates":[106.51022,9.66472]},"properties":{"Tên doanh nghiệp":"Viettel Vĩnh Long","Tên trạm BTS":"TVH0574","Địa chỉ lắp đặt":"Phường Trường Long Hòa","Trạm 5G":"5G","layer_id":179,"fid":1673,"label":"Viettel Vĩnh Long"}},{"type":"Feature","geometry":{"type":"Point","coordinates":[106.27907,9.94109]},"properties":{"Tên doanh nghiệp":"Viettel Vĩnh Long","Tên trạm BTS":"TVH0576","Địa chỉ lắp đặt":"Xã Bình Phú","Trạm 5G":"5G","layer_id":179,"fid":1674,"label":"Viettel Vĩnh Long"}},{"type":"Feature","geometry":{"type":"Point","coordinates":[106.33739,9.92279]},"properties":{"Tên doanh nghiệp":"Viettel Vĩnh Long","Tên trạm BTS":"TVH0577","Địa chỉ lắp đặt":"Phường Trà Vinh","Trạm 5G":"5G","layer_id":179,"fid":1675,"label":"Viettel Vĩnh Long"}},{"type":"Feature","geometry":{"type":"Point","coordinates":[106.34071,9.89041]},"properties":{"Tên doanh nghiệp":"Viettel Vĩnh Long","Tên trạm BTS":"TVH0581","Địa chỉ lắp đặt":"Phường Trà Vinh","Trạm 5G":"5G","layer_id":179,"fid":1676,"label":"Viettel Vĩnh Long"}},{"type":"Feature","geometry":{"type":"Point","coordinates":[106.53084,9.59368]},"properties":{"Tên doanh nghiệp":"Viettel Vĩnh Long","Tên trạm BTS":"TVH0586","Địa chỉ lắp đặt":"Phường Duyên Hải","Trạm 5G":"5G","layer_id":179,"fid":1677,"label":"Viettel Vĩnh Long"}},{"type":"Feature","geometry":{"type":"Point","coordinates":[106.07916,9.79757]},"properties":{"Tên doanh nghiệp":"Viettel Vĩnh Long","Tên trạm BTS":"TVH0588","Địa chỉ lắp đặt":"Xã Phong Thạnh","Trạm 5G":"5G","layer_id":179,"fid":1678,"label":"Viettel Vĩnh Long"}},{"type":"Feature","geometry":{"type":"Point","coordinates":[106.35526,9.84028]},"properties":{"Tên doanh nghiệp":"Viettel Vĩnh Long","Tên trạm BTS":"TVH0589","Địa chỉ lắp đặt":"Xã Châu Thành","Trạm 5G":"5G","layer_id":179,"fid":1679,"label":"Viettel Vĩnh Long"}},{"type":"Feature","geometry":{"type":"Point","coordinates":[106.36597,9.65274]},"properties":{"Tên doanh nghiệp":"Viettel Vĩnh Long","Tên trạm BTS":"TVH0592","Địa chỉ lắp đặt":"Xã Đôn Châu","Trạm 5G":"5G","layer_id":179,"fid":1680,"label":"Viettel Vĩnh Long"}},{"type":"Feature","geometry":{"type":"Point","coordinates":[106.32392,9.92118]},"properties":{"Tên doanh nghiệp":"Viettel Vĩnh Long","Tên trạm BTS":"TVH0594","Địa chỉ lắp đặt":"Phường Nguyệt Hóa","Trạm 5G":"5G","layer_id":179,"fid":1681,"label":"Viettel Vĩnh Long"}},{"type":"Feature","geometry":{"type":"Point","coordinates":[106.19009,9.85049]},"properties":{"Tên doanh nghiệp":"Viettel Vĩnh Long","Tên trạm BTS":"TVH0596","Địa chỉ lắp đặt":"Xã Tập Ngãi","Trạm 5G":"5G","layer_id":179,"fid":1682,"label":"Viettel Vĩnh Long"}},{"type":"Feature","geometry":{"type":"Point","coordinates":[106.32273,9.93426]},"properties":{"Tên doanh nghiệp":"Viettel Vĩnh Long","Tên trạm BTS":"TVH0597","Địa chỉ lắp đặt":"Phường Nguyệt Hóa","Trạm 5G":"5G","layer_id":179,"fid":1683,"label":"Viettel Vĩnh Long"}},{"type":"Feature","geometry":{"type":"Point","coordinates":[106.49666,9.86621]},"properties":{"Tên doanh nghiệp":"Viettel Vĩnh Long","Tên trạm BTS":"TVH0599","Địa chỉ lắp đặt":"Xã Long Hòa","Trạm 5G":"5G","layer_id":179,"fid":1684,"label":"Viettel Vĩnh Long"}},{"type":"Feature","geometry":{"type":"Point","coordinates":[106.34501,9.96597]},"properties":{"Tên doanh nghiệp":"Viettel Vĩnh Long","Tên trạm BTS":"TVH0602","Địa chỉ lắp đặt":"Phường Long Đức","Trạm 5G":"5G","layer_id":179,"fid":1685,"label":"Viettel Vĩnh Long"}},{"type":"Feature","geometry":{"type":"Point","coordinates":[106.11202,9.9077]},"properties":{"Tên doanh nghiệp":"Viettel Vĩnh Long","Tên trạm BTS":"TVH0603","Địa chỉ lắp đặt":"Xã Tam Ngãi","Trạm 5G":"5G","layer_id":179,"fid":1686,"label":"Viettel Vĩnh Long"}},{"type":"Feature","geometry":{"type":"Point","coordinates":[106.34447,9.97406]},"properties":{"Tên doanh nghiệp":"Viettel Vĩnh Long","Tên trạm BTS":"TVH0604","Địa chỉ lắp đặt":"Phường Long Đức","Trạm 5G":"5G","layer_id":179,"fid":1687,"label":"Viettel Vĩnh Long"}},{"type":"Feature","geometry":{"type":"Point","coordinates":[106.31883,9.91228]},"properties":{"Tên doanh nghiệp":"Viettel Vĩnh Long","Tên trạm BTS":"TVH0616","Địa chỉ lắp đặt":"Phường Nguyệt Hóa","Trạm 5G":"5G","layer_id":179,"fid":1688,"label":"Viettel Vĩnh Long"}},{"type":"Feature","geometry":{"type":"Point","coordinates":[106.34541,9.91685]},"properties":{"Tên doanh nghiệp":"Viettel Vĩnh Long","Tên trạm BTS":"TVH0641","Địa chỉ lắp đặt":"Phường Trà Vinh","Trạm 5G":"5G","layer_id":179,"fid":1689,"label":"Viettel Vĩnh Long"}},{"type":"Feature","geometry":{"type":"Point","coordinates":[106.19993,9.80361]},"properties":{"Tên doanh nghiệp":"Viettel Vĩnh Long","Tên trạm BTS":"TVH0644","Địa chỉ lắp đặt":"Xã Tiểu Cần","Trạm 5G":"5G","layer_id":179,"fid":1690,"label":"Viettel Vĩnh Long"}},{"type":"Feature","geometry":{"type":"Point","coordinates":[106.28484,10.03723]},"properties":{"Tên doanh nghiệp":"Viettel Vĩnh Long","Tên trạm BTS":"TVH0650","Địa chỉ lắp đặt":"Xã Nhị Long","Trạm 5G":"5G","layer_id":179,"fid":1691,"label":"Viettel Vĩnh Long"}},{"type":"Feature","geometry":{"type":"Point","coordinates":[106.34978,9.93228]},"properties":{"Tên doanh nghiệp":"Viettel Vĩnh Long","Tên trạm BTS":"TVH0668","Địa chỉ lắp đặt":"Phường Hòa Thuận","Trạm 5G":"5G","layer_id":179,"fid":1692,"label":"Viettel Vĩnh Long"}},{"type":"Feature","geometry":{"type":"Point","coordinates":[106.32077,9.95466]},"properties":{"Tên doanh nghiệp":"Viettel Vĩnh Long","Tên trạm BTS":"TVH0671","Địa chỉ lắp đặt":"Phường Long Đức","Trạm 5G":"5G","layer_id":179,"fid":1693,"label":"Viettel Vĩnh Long"}},{"type":"Feature","geometry":{"type":"Point","coordinates":[106.49629,9.63556]},"properties":{"Tên doanh nghiệp":"Viettel Vĩnh Long","Tên trạm BTS":"TVH3940","Địa chỉ lắp đặt":"Phường Duyên Hải","Trạm 5G":"5G","layer_id":179,"fid":1694,"label":"Viettel Vĩnh Long"}},{"type":"Feature","geometry":{"type":"Point","coordinates":[106.25624,9.73854]},"properties":{"Tên doanh nghiệp":"Viettel Vĩnh Long","Tên trạm BTS":"TVH3978","Địa chỉ lắp đặt":"Xã Tập Sơn","Trạm 5G":"5G","layer_id":179,"fid":1695,"label":"Viettel Vĩnh Long"}},{"type":"Feature","geometry":{"type":"Point","coordinates":[105.97288,10.24951]},"properties":{"Tên doanh nghiệp":"Viettel Vĩnh Long","Tên trạm BTS":"VLG0001","Địa chỉ lắp đặt":"Phường Long Châu","Trạm 5G":"5G","layer_id":179,"fid":1696,"label":"Viettel Vĩnh Long"}},{"type":"Feature","geometry":{"type":"Point","coordinates":[106.17239,10.08172]},"properties":{"Tên doanh nghiệp":"Viettel Vĩnh Long","Tên trạm BTS":"VLG0002","Địa chỉ lắp đặt":"Xã Trung Thành","Trạm 5G":"5G","layer_id":179,"fid":1697,"label":"Viettel Vĩnh Long"}},{"type":"Feature","geometry":{"type":"Point","coordinates":[105.89609,10.10908]},"properties":{"Tên doanh nghiệp":"Viettel Vĩnh Long","Tên trạm BTS":"VLG0003","Địa chỉ lắp đặt":"Xã Song Phú","Trạm 5G":"5G","layer_id":179,"fid":1698,"label":"Viettel Vĩnh Long"}},{"type":"Feature","geometry":{"type":"Point","coordinates":[105.82947,10.06177]},"properties":{"Tên doanh nghiệp":"Viettel Vĩnh Long","Tên trạm BTS":"VLG0005","Địa chỉ lắp đặt":"Phường Đông Thành","Trạm 5G":"5G","layer_id":179,"fid":1699,"label":"Viettel Vĩnh Long"}},{"type":"Feature","geometry":{"type":"Point","coordinates":[105.95795,10.23273]},"properties":{"Tên doanh nghiệp":"Viettel Vĩnh Long","Tên trạm BTS":"VLG0006","Địa chỉ lắp đặt":"Phường Tân Hạnh","Trạm 5G":"5G","layer_id":179,"fid":1700,"label":"Viettel Vĩnh Long"}},{"type":"Feature","geometry":{"type":"Point","coordinates":[106.08166,9.95889]},"properties":{"Tên doanh nghiệp":"Viettel Vĩnh Long","Tên trạm BTS":"VLG0008","Địa chỉ lắp đặt":"Xã Vĩnh Xuân","Trạm 5G":"5G","layer_id":179,"fid":1701,"label":"Viettel Vĩnh Long"}},{"type":"Feature","geometry":{"type":"Point","coordinates":[106.08194,10.10395]},"properties":{"Tên doanh nghiệp":"Viettel Vĩnh Long","Tên trạm BTS":"VLG0010","Địa chỉ lắp đặt":"Xã Trung Hiệp","Trạm 5G":"5G","layer_id":179,"fid":1702,"label":"Viettel Vĩnh Long"}},{"type":"Feature","geometry":{"type":"Point","coordinates":[106.10569,10.17511]},"properties":{"Tên doanh nghiệp":"Viettel Vĩnh Long","Tên trạm BTS":"VLG0011","Địa chỉ lắp đặt":"Xã Cái Nhum","Trạm 5G":"5G","layer_id":179,"fid":1703,"label":"Viettel Vĩnh Long"}},{"type":"Feature","geometry":{"type":"Point","coordinates":[106.04885,10.24074]},"properties":{"Tên doanh nghiệp":"Viettel Vĩnh Long","Tên trạm BTS":"VLG0012","Địa chỉ lắp đặt":"Xã Nhơn Phú","Trạm 5G":"5G","layer_id":179,"fid":1704,"label":"Viettel Vĩnh Long"}},{"type":"Feature","geometry":{"type":"Point","coordinates":[105.94314,10.25788]},"properties":{"Tên doanh nghiệp":"Viettel Vĩnh Long","Tên trạm BTS":"VLG0013","Địa chỉ lắp đặt":"Phường Long Châu","Trạm 5G":"5G","layer_id":179,"fid":1705,"label":"Viettel Vĩnh Long"}},{"type":"Feature","geometry":{"type":"Point","coordinates":[106.11416,10.08517]},"properties":{"Tên doanh nghiệp":"Viettel Vĩnh Long","Tên trạm BTS":"VLG0016","Địa chỉ lắp đặt":"Xã Hiếu Phụng","Trạm 5G":"5G","layer_id":179,"fid":1706,"label":"Viettel Vĩnh Long"}},{"type":"Feature","geometry":{"type":"Point","coordinates":[105.86652,10.00599]},"properties":{"Tên doanh nghiệp":"Viettel Vĩnh Long","Tên trạm BTS":"VLG0017","Địa chỉ lắp đặt":"Phường Đông Thành","Trạm 5G":"5G","layer_id":179,"fid":1707,"label":"Viettel Vĩnh Long"}},{"type":"Feature","geometry":{"type":"Point","coordinates":[105.71892,10.14094]},"properties":{"Tên doanh nghiệp":"Viettel Vĩnh Long","Tên trạm BTS":"VLG0018","Địa chỉ lắp đặt":"Xã Tân Lược","Trạm 5G":"5G","layer_id":179,"fid":1708,"label":"Viettel Vĩnh Long"}},{"type":"Feature","geometry":{"type":"Point","coordinates":[105.99817,10.25107]},"properties":{"Tên doanh nghiệp":"Viettel Vĩnh Long","Tên trạm BTS":"VLG0020","Địa chỉ lắp đặt":"Phường Thanh Đức","Trạm 5G":"5G","layer_id":179,"fid":1709,"label":"Viettel Vĩnh Long"}},{"type":"Feature","geometry":{"type":"Point","coordinates":[105.98485,10.23238]},"properties":{"Tên doanh nghiệp":"Viettel Vĩnh Long","Tên trạm BTS":"VLG0022","Địa chỉ lắp đặt":"Phường Phước Hậu","Trạm 5G":"5G","layer_id":179,"fid":1710,"label":"Viettel Vĩnh Long"}},{"type":"Feature","geometry":{"type":"Point","coordinates":[105.96321,10.11593]},"properties":{"Tên doanh nghiệp":"Viettel Vĩnh Long","Tên trạm BTS":"VLG0024","Địa chỉ lắp đặt":"Xã Cái Ngang","Trạm 5G":"5G","layer_id":179,"fid":1711,"label":"Viettel Vĩnh Long"}},{"type":"Feature","geometry":{"type":"Point","coordinates":[106.106,10.0347]},"properties":{"Tên doanh nghiệp":"Viettel Vĩnh Long","Tên trạm BTS":"VLG0025","Địa chỉ lắp đặt":"Xã Hiếu Thành","Trạm 5G":"5G","layer_id":179,"fid":1712,"label":"Viettel Vĩnh Long"}},{"type":"Feature","geometry":{"type":"Point","coordinates":[106.20124,10.05239]},"properties":{"Tên doanh nghiệp":"Viettel Vĩnh Long","Tên trạm BTS":"VLG0026","Địa chỉ lắp đặt":"Xã Trung Ngãi","Trạm 5G":"5G","layer_id":179,"fid":1713,"label":"Viettel Vĩnh Long"}},{"type":"Feature","geometry":{"type":"Point","coordinates":[106.02559,10.15102]},"properties":{"Tên doanh nghiệp":"Viettel Vĩnh Long","Tên trạm BTS":"VLG0027","Địa chỉ lắp đặt":"Xã Long Hồ","Trạm 5G":"5G","layer_id":179,"fid":1714,"label":"Viettel Vĩnh Long"}},{"type":"Feature","geometry":{"type":"Point","coordinates":[105.985,10.25917]},"properties":{"Tên doanh nghiệp":"Viettel Vĩnh Long","Tên trạm BTS":"VLG0029","Địa chỉ lắp đặt":"Phường Thanh Đức","Trạm 5G":"5G","layer_id":179,"fid":1715,"label":"Viettel Vĩnh Long"}},{"type":"Feature","geometry":{"type":"Point","coordinates":[105.82601,10.14822]},"properties":{"Tên doanh nghiệp":"Viettel Vĩnh Long","Tên trạm BTS":"VLG0032","Địa chỉ lắp đặt":"Xã Mỹ Thuận","Trạm 5G":"5G","layer_id":179,"fid":1716,"label":"Viettel Vĩnh Long"}},{"type":"Feature","geometry":{"type":"Point","coordinates":[105.80071,10.06192]},"properties":{"Tên doanh nghiệp":"Viettel Vĩnh Long","Tên trạm BTS":"VLG0033","Địa chỉ lắp đặt":"Phường Bình Minh","Trạm 5G":"5G","layer_id":179,"fid":1717,"label":"Viettel Vĩnh Long"}},{"type":"Feature","geometry":{"type":"Point","coordinates":[106.15898,10.16657]},"properties":{"Tên doanh nghiệp":"Viettel Vĩnh Long","Tên trạm BTS":"VLG0034","Địa chỉ lắp đặt":"Xã Cái Nhum","Trạm 5G":"5G","layer_id":179,"fid":1718,"label":"Viettel Vĩnh Long"}},{"type":"Feature","geometry":{"type":"Point","coordinates":[106.04047,9.99871]},"properties":{"Tên doanh nghiệp":"Viettel Vĩnh Long","Tên trạm BTS":"VLG0035","Địa chỉ lắp đặt":"Xã Hòa Bình","Trạm 5G":"5G","layer_id":179,"fid":1719,"label":"Viettel Vĩnh Long"}},{"type":"Feature","geometry":{"type":"Point","coordinates":[106.13132,10.11495]},"properties":{"Tên doanh nghiệp":"Viettel Vĩnh Long","Tên trạm BTS":"VLG0036","Địa chỉ lắp đặt":"Xã Trung Hiệp","Trạm 5G":"5G","layer_id":179,"fid":1720,"label":"Viettel Vĩnh Long"}},{"type":"Feature","geometry":{"type":"Point","coordinates":[106.04555,10.07715]},"properties":{"Tên doanh nghiệp":"Viettel Vĩnh Long","Tên trạm BTS":"VLG0037","Địa chỉ lắp đặt":"Xã Hòa Bình","Trạm 5G":"5G","layer_id":179,"fid":1721,"label":"Viettel Vĩnh Long"}},{"type":"Feature","geometry":{"type":"Point","coordinates":[106.04306,10.04346]},"properties":{"Tên doanh nghiệp":"Viettel Vĩnh Long","Tên trạm BTS":"VLG0039","Địa chỉ lắp đặt":"Xã Hòa Bình","Trạm 5G":"5G","layer_id":179,"fid":1722,"label":"Viettel Vĩnh Long"}},{"type":"Feature","geometry":{"type":"Point","coordinates":[105.994,10.29003]},"properties":{"Tên doanh nghiệp":"Viettel Vĩnh Long","Tên trạm BTS":"VLG0040","Địa chỉ lắp đặt":"Xã An Bình","Trạm 5G":"5G","layer_id":179,"fid":1723,"label":"Viettel Vĩnh Long"}},{"type":"Feature","geometry":{"type":"Point","coordinates":[105.94139,10.19538]},"properties":{"Tên doanh nghiệp":"Viettel Vĩnh Long","Tên trạm BTS":"VLG0041","Địa chỉ lắp đặt":"Xã Phú Quới","Trạm 5G":"5G","layer_id":179,"fid":1724,"label":"Viettel Vĩnh Long"}},{"type":"Feature","geometry":{"type":"Point","coordinates":[105.95389,10.27153]},"properties":{"Tên doanh nghiệp":"Viettel Vĩnh Long","Tên trạm BTS":"VLG0042-11","Địa chỉ lắp đặt":"Xã An Bình","Trạm 5G":"5G","layer_id":179,"fid":1725,"label":"Viettel Vĩnh Long"}},{"type":"Feature","geometry":{"type":"Point","coordinates":[105.92024,10.07483]},"properties":{"Tên doanh nghiệp":"Viettel Vĩnh Long","Tên trạm BTS":"VLG0044","Địa chỉ lắp đặt":"Xã Song Phú","Trạm 5G":"5G","layer_id":179,"fid":1726,"label":"Viettel Vĩnh Long"}},{"type":"Feature","geometry":{"type":"Point","coordinates":[105.90965,9.97466]},"properties":{"Tên doanh nghiệp":"Viettel Vĩnh Long","Tên trạm BTS":"VLG0045","Địa chỉ lắp đặt":"Xã Ngãi Tứ","Trạm 5G":"5G","layer_id":179,"fid":1727,"label":"Viettel Vĩnh Long"}},{"type":"Feature","geometry":{"type":"Point","coordinates":[106.00698,10.08496]},"properties":{"Tên doanh nghiệp":"Viettel Vĩnh Long","Tên trạm BTS":"VLG0046","Địa chỉ lắp đặt":"Xã Hòa Hiệp","Trạm 5G":"5G","layer_id":179,"fid":1728,"label":"Viettel Vĩnh Long"}},{"type":"Feature","geometry":{"type":"Point","coordinates":[105.894,10.17002]},"properties":{"Tên doanh nghiệp":"Viettel Vĩnh Long","Tên trạm BTS":"VLG0047","Địa chỉ lắp đặt":"Xã Phú Quới","Trạm 5G":"5G","layer_id":179,"fid":1729,"label":"Viettel Vĩnh Long"}},{"type":"Feature","geometry":{"type":"Point","coordinates":[105.89325,10.26536]},"properties":{"Tên doanh nghiệp":"Viettel Vĩnh Long","Tên trạm BTS":"VLG0049","Địa chỉ lắp đặt":"Phường Tân Ngãi","Trạm 5G":"5G","layer_id":179,"fid":1730,"label":"Viettel Vĩnh Long"}},{"type":"Feature","geometry":{"type":"Point","coordinates":[105.9128,9.95497]},"properties":{"Tên doanh nghiệp":"Viettel Vĩnh Long","Tên trạm BTS":"VLG0053","Địa chỉ lắp đặt":"Xã Lục Sĩ Thành","Trạm 5G":"5G","layer_id":179,"fid":1731,"label":"Viettel Vĩnh Long"}},{"type":"Feature","geometry":{"type":"Point","coordinates":[105.8873,9.97817]},"properties":{"Tên doanh nghiệp":"Viettel Vĩnh Long","Tên trạm BTS":"VLG0054","Địa chỉ lắp đặt":"Xã Lục Sĩ Thành","Trạm 5G":"5G","layer_id":179,"fid":1732,"label":"Viettel Vĩnh Long"}},{"type":"Feature","geometry":{"type":"Point","coordinates":[106.23007,10.10585]},"properties":{"Tên doanh nghiệp":"Viettel Vĩnh Long","Tên trạm BTS":"VLG0056","Địa chỉ lắp đặt":"Xã Quới Thiện","Trạm 5G":"5G","layer_id":179,"fid":1733,"label":"Viettel Vĩnh Long"}},{"type":"Feature","geometry":{"type":"Point","coordinates":[106.13685,10.20417]},"properties":{"Tên doanh nghiệp":"Viettel Vĩnh Long","Tên trạm BTS":"VLG0061","Địa chỉ lắp đặt":"Xã Cái Nhum","Trạm 5G":"5G","layer_id":179,"fid":1734,"label":"Viettel Vĩnh Long"}},{"type":"Feature","geometry":{"type":"Point","coordinates":[105.96018,10.05519]},"properties":{"Tên doanh nghiệp":"Viettel Vĩnh Long","Tên trạm BTS":"VLG0062","Địa chỉ lắp đặt":"Xã Tam Bình","Trạm 5G":"5G","layer_id":179,"fid":1735,"label":"Viettel Vĩnh Long"}},{"type":"Feature","geometry":{"type":"Point","coordinates":[105.98612,10.23815]},"properties":{"Tên doanh nghiệp":"Viettel Vĩnh Long","Tên trạm BTS":"VLG0065","Địa chỉ lắp đặt":"Phường Phước Hậu","Trạm 5G":"5G","layer_id":179,"fid":1736,"label":"Viettel Vĩnh Long"}},{"type":"Feature","geometry":{"type":"Point","coordinates":[105.93792,9.99041]},"properties":{"Tên doanh nghiệp":"Viettel Vĩnh Long","Tên trạm BTS":"VLG0067","Địa chỉ lắp đặt":"Xã Ngãi Tứ","Trạm 5G":"5G","layer_id":179,"fid":1737,"label":"Viettel Vĩnh Long"}},{"type":"Feature","geometry":{"type":"Point","coordinates":[106.08752,10.20649]},"properties":{"Tên doanh nghiệp":"Viettel Vĩnh Long","Tên trạm BTS":"VLG0069","Địa chỉ lắp đặt":"Xã Nhơn Phú","Trạm 5G":"5G","layer_id":179,"fid":1738,"label":"Viettel Vĩnh Long"}},{"type":"Feature","geometry":{"type":"Point","coordinates":[106.09402,9.98367]},"properties":{"Tên doanh nghiệp":"Viettel Vĩnh Long","Tên trạm BTS":"VLG0072","Địa chỉ lắp đặt":"Xã Hiếu Thành","Trạm 5G":"5G","layer_id":179,"fid":1739,"label":"Viettel Vĩnh Long"}},{"type":"Feature","geometry":{"type":"Point","coordinates":[106.09859,10.19047]},"properties":{"Tên doanh nghiệp":"Viettel Vĩnh Long","Tên trạm BTS":"VLG0073","Địa chỉ lắp đặt":"Xã Cái Nhum","Trạm 5G":"5G","layer_id":179,"fid":1740,"label":"Viettel Vĩnh Long"}},{"type":"Feature","geometry":{"type":"Point","coordinates":[105.8361,10.02407]},"properties":{"Tên doanh nghiệp":"Viettel Vĩnh Long","Tên trạm BTS":"VLG0074","Địa chỉ lắp đặt":"Phường Cái Vồn","Trạm 5G":"5G","layer_id":179,"fid":1741,"label":"Viettel Vĩnh Long"}},{"type":"Feature","geometry":{"type":"Point","coordinates":[105.78032,10.0837]},"properties":{"Tên doanh nghiệp":"Viettel Vĩnh Long","Tên trạm BTS":"VLG0075","Địa chỉ lắp đặt":"Xã Tân Quới","Trạm 5G":"5G","layer_id":179,"fid":1742,"label":"Viettel Vĩnh Long"}},{"type":"Feature","geometry":{"type":"Point","coordinates":[105.72826,10.12329]},"properties":{"Tên doanh nghiệp":"Viettel Vĩnh Long","Tên trạm BTS":"VLG0076","Địa chỉ lắp đặt":"Xã Tân Quới","Trạm 5G":"5G","layer_id":179,"fid":1743,"label":"Viettel Vĩnh Long"}},{"type":"Feature","geometry":{"type":"Point","coordinates":[105.95776,10.02307]},"properties":{"Tên doanh nghiệp":"Viettel Vĩnh Long","Tên trạm BTS":"VLG0078","Địa chỉ lắp đặt":"Xã Ngãi Tứ","Trạm 5G":"5G","layer_id":179,"fid":1744,"label":"Viettel Vĩnh Long"}},{"type":"Feature","geometry":{"type":"Point","coordinates":[106.02056,10.12316]},"properties":{"Tên doanh nghiệp":"Viettel Vĩnh Long","Tên trạm BTS":"VLG0079","Địa chỉ lắp đặt":"Xã Hòa Hiệp","Trạm 5G":"5G","layer_id":179,"fid":1745,"label":"Viettel Vĩnh Long"}},{"type":"Feature","geometry":{"type":"Point","coordinates":[106.00173,10.22106]},"properties":{"Tên doanh nghiệp":"Viettel Vĩnh Long","Tên trạm BTS":"VLG0083","Địa chỉ lắp đặt":"Xã Bình Phước","Trạm 5G":"5G","layer_id":179,"fid":1746,"label":"Viettel Vĩnh Long"}},{"type":"Feature","geometry":{"type":"Point","coordinates":[105.96676,10.23775]},"properties":{"Tên doanh nghiệp":"Viettel Vĩnh Long","Tên trạm BTS":"VLG0084","Địa chỉ lắp đặt":"Phường Phước Hậu","Trạm 5G":"5G","layer_id":179,"fid":1747,"label":"Viettel Vĩnh Long"}},{"type":"Feature","geometry":{"type":"Point","coordinates":[105.96851,10.15008]},"properties":{"Tên doanh nghiệp":"Viettel Vĩnh Long","Tên trạm BTS":"VLG0085","Địa chỉ lắp đặt":"Xã Cái Ngang","Trạm 5G":"5G","layer_id":179,"fid":1748,"label":"Viettel Vĩnh Long"}},{"type":"Feature","geometry":{"type":"Point","coordinates":[105.94616,10.24267]},"properties":{"Tên doanh nghiệp":"Viettel Vĩnh Long","Tên trạm BTS":"VLG0087","Địa chỉ lắp đặt":"Phường Tân Hạnh","Trạm 5G":"5G","layer_id":179,"fid":1749,"label":"Viettel Vĩnh Long"}},{"type":"Feature","geometry":{"type":"Point","coordinates":[106.00149,10.30633]},"properties":{"Tên doanh nghiệp":"Viettel Vĩnh Long","Tên trạm BTS":"VLG0088","Địa chỉ lắp đặt":"Xã An Bình","Trạm 5G":"5G","layer_id":179,"fid":1750,"label":"Viettel Vĩnh Long"}},{"type":"Feature","geometry":{"type":"Point","coordinates":[105.91681,10.13406]},"properties":{"Tên doanh nghiệp":"Viettel Vĩnh Long","Tên trạm BTS":"VLG0092","Địa chỉ lắp đặt":"Xã Song Phú","Trạm 5G":"5G","layer_id":179,"fid":1751,"label":"Viettel Vĩnh Long"}},{"type":"Feature","geometry":{"type":"Point","coordinates":[106.019,10.281]},"properties":{"Tên doanh nghiệp":"Viettel Vĩnh Long","Tên trạm BTS":"VLG0098","Địa chỉ lắp đặt":"Xã An Bình","Trạm 5G":"5G","layer_id":179,"fid":1752,"label":"Viettel Vĩnh Long"}},{"type":"Feature","geometry":{"type":"Point","coordinates":[105.99273,10.25849]},"properties":{"Tên doanh nghiệp":"Viettel Vĩnh Long","Tên trạm BTS":"VLG0099","Địa chỉ lắp đặt":"Phường Thanh Đức","Trạm 5G":"5G","layer_id":179,"fid":1753,"label":"Viettel Vĩnh Long"}},{"type":"Feature","geometry":{"type":"Point","coordinates":[105.83774,10.04447]},"properties":{"Tên doanh nghiệp":"Viettel Vĩnh Long","Tên trạm BTS":"VLG0102","Địa chỉ lắp đặt":"Phường Đông Thành","Trạm 5G":"5G","layer_id":179,"fid":1754,"label":"Viettel Vĩnh Long"}},{"type":"Feature","geometry":{"type":"Point","coordinates":[105.82635,10.10889]},"properties":{"Tên doanh nghiệp":"Viettel Vĩnh Long","Tên trạm BTS":"VLG0103","Địa chỉ lắp đặt":"Xã Mỹ Thuận","Trạm 5G":"5G","layer_id":179,"fid":1755,"label":"Viettel Vĩnh Long"}},{"type":"Feature","geometry":{"type":"Point","coordinates":[105.94719,10.21391]},"properties":{"Tên doanh nghiệp":"Viettel Vĩnh Long","Tên trạm BTS":"VLG0104","Địa chỉ lắp đặt":"Phường Tân Hạnh","Trạm 5G":"5G","layer_id":179,"fid":1756,"label":"Viettel Vĩnh Long"}},{"type":"Feature","geometry":{"type":"Point","coordinates":[105.94048,10.24855]},"properties":{"Tên doanh nghiệp":"Viettel Vĩnh Long","Tên trạm BTS":"VLG0105","Địa chỉ lắp đặt":"Phường Long Châu","Trạm 5G":"5G","layer_id":179,"fid":1757,"label":"Viettel Vĩnh Long"}},{"type":"Feature","geometry":{"type":"Point","coordinates":[105.88909,10.09245]},"properties":{"Tên doanh nghiệp":"Viettel Vĩnh Long","Tên trạm BTS":"VLG0106","Địa chỉ lắp đặt":"Xã Song Phú","Trạm 5G":"5G","layer_id":179,"fid":1758,"label":"Viettel Vĩnh Long"}},{"type":"Feature","geometry":{"type":"Point","coordinates":[106.11695,10.0643]},"properties":{"Tên doanh nghiệp":"Viettel Vĩnh Long","Tên trạm BTS":"VLG0109","Địa chỉ lắp đặt":"Xã Hiếu Phụng","Trạm 5G":"5G","layer_id":179,"fid":1759,"label":"Viettel Vĩnh Long"}},{"type":"Feature","geometry":{"type":"Point","coordinates":[105.81071,10.06702]},"properties":{"Tên doanh nghiệp":"Viettel Vĩnh Long","Tên trạm BTS":"VLG0110","Địa chỉ lắp đặt":"Phường Bình Minh","Trạm 5G":"5G","layer_id":179,"fid":1760,"label":"Viettel Vĩnh Long"}},{"type":"Feature","geometry":{"type":"Point","coordinates":[105.95769,10.25782]},"properties":{"Tên doanh nghiệp":"Viettel Vĩnh Long","Tên trạm BTS":"VLG0111","Địa chỉ lắp đặt":"Phường Long Châu","Trạm 5G":"5G","layer_id":179,"fid":1761,"label":"Viettel Vĩnh Long"}},{"type":"Feature","geometry":{"type":"Point","coordinates":[105.94822,10.25927]},"properties":{"Tên doanh nghiệp":"Viettel Vĩnh Long","Tên trạm BTS":"VLG0112","Địa chỉ lắp đặt":"Phường Long Châu","Trạm 5G":"5G","layer_id":179,"fid":1762,"label":"Viettel Vĩnh Long"}},{"type":"Feature","geometry":{"type":"Point","coordinates":[105.93556,10.26194]},"properties":{"Tên doanh nghiệp":"Viettel Vĩnh Long","Tên trạm BTS":"VLG0113","Địa chỉ lắp đặt":"Phường Long Châu","Trạm 5G":"5G","layer_id":179,"fid":1763,"label":"Viettel Vĩnh Long"}},{"type":"Feature","geometry":{"type":"Point","coordinates":[105.9174,10.25072]},"properties":{"Tên doanh nghiệp":"Viettel Vĩnh Long","Tên trạm BTS":"VLG0115","Địa chỉ lắp đặt":"Phường Tân Ngãi","Trạm 5G":"5G","layer_id":179,"fid":1764,"label":"Viettel Vĩnh Long"}},{"type":"Feature","geometry":{"type":"Point","coordinates":[105.92327,10.25903]},"properties":{"Tên doanh nghiệp":"Viettel Vĩnh Long","Tên trạm BTS":"VLG0116","Địa chỉ lắp đặt":"Phường Tân Ngãi","Trạm 5G":"5G","layer_id":179,"fid":1765,"label":"Viettel Vĩnh Long"}},{"type":"Feature","geometry":{"type":"Point","coordinates":[105.95462,10.24337]},"properties":{"Tên doanh nghiệp":"Viettel Vĩnh Long","Tên trạm BTS":"VLG0118","Địa chỉ lắp đặt":"Phường Tân Hạnh","Trạm 5G":"5G","layer_id":179,"fid":1766,"label":"Viettel Vĩnh Long"}},{"type":"Feature","geometry":{"type":"Point","coordinates":[105.95472,10.23833]},"properties":{"Tên doanh nghiệp":"Viettel Vĩnh Long","Tên trạm BTS":"VLG0120","Địa chỉ lắp đặt":"Phường Tân Hạnh","Trạm 5G":"5G","layer_id":179,"fid":1767,"label":"Viettel Vĩnh Long"}},{"type":"Feature","geometry":{"type":"Point","coordinates":[105.95046,10.23141]},"properties":{"Tên doanh nghiệp":"Viettel Vĩnh Long","Tên trạm BTS":"VLG0121","Địa chỉ lắp đặt":"Phường Tân Hạnh","Trạm 5G":"5G","layer_id":179,"fid":1768,"label":"Viettel Vĩnh Long"}},{"type":"Feature","geometry":{"type":"Point","coordinates":[106.07792,10.12931]},"properties":{"Tên doanh nghiệp":"Viettel Vĩnh Long","Tên trạm BTS":"VLG0125","Địa chỉ lắp đặt":"Xã Tân Long Hội","Trạm 5G":"5G","layer_id":179,"fid":1769,"label":"Viettel Vĩnh Long"}},{"type":"Feature","geometry":{"type":"Point","coordinates":[105.91024,10.25798]},"properties":{"Tên doanh nghiệp":"Viettel Vĩnh Long","Tên trạm BTS":"VLG0129","Địa chỉ lắp đặt":"Phường Tân Ngãi","Trạm 5G":"5G","layer_id":179,"fid":1770,"label":"Viettel Vĩnh Long"}},{"type":"Feature","geometry":{"type":"Point","coordinates":[105.91487,10.27084]},"properties":{"Tên doanh nghiệp":"Viettel Vĩnh Long","Tên trạm BTS":"VLG0131","Địa chỉ lắp đặt":"Phường Tân Ngãi","Trạm 5G":"5G","layer_id":179,"fid":1771,"label":"Viettel Vĩnh Long"}},{"type":"Feature","geometry":{"type":"Point","coordinates":[106.13709,10.0812]},"properties":{"Tên doanh nghiệp":"Viettel Vĩnh Long","Tên trạm BTS":"VLG0133","Địa chỉ lắp đặt":"Xã Trung Thành","Trạm 5G":"5G","layer_id":179,"fid":1772,"label":"Viettel Vĩnh Long"}},{"type":"Feature","geometry":{"type":"Point","coordinates":[105.95583,10.25306]},"properties":{"Tên doanh nghiệp":"Viettel Vĩnh Long","Tên trạm BTS":"VLG0135","Địa chỉ lắp đặt":"Phường Long Châu","Trạm 5G":"5G","layer_id":179,"fid":1773,"label":"Viettel Vĩnh Long"}},{"type":"Feature","geometry":{"type":"Point","coordinates":[105.94863,10.13611]},"properties":{"Tên doanh nghiệp":"Viettel Vĩnh Long","Tên trạm BTS":"VLG0138","Địa chỉ lắp đặt":"Xã Cái Ngang","Trạm 5G":"5G","layer_id":179,"fid":1774,"label":"Viettel Vĩnh Long"}},{"type":"Feature","geometry":{"type":"Point","coordinates":[105.99336,10.0147]},"properties":{"Tên doanh nghiệp":"Viettel Vĩnh Long","Tên trạm BTS":"VLG0142","Địa chỉ lắp đặt":"Xã Trà Côn","Trạm 5G":"5G","layer_id":179,"fid":1775,"label":"Viettel Vĩnh Long"}},{"type":"Feature","geometry":{"type":"Point","coordinates":[105.98157,10.24506]},"properties":{"Tên doanh nghiệp":"Viettel Vĩnh Long","Tên trạm BTS":"VLG0143","Địa chỉ lắp đặt":"Phường Phước Hậu","Trạm 5G":"5G","layer_id":179,"fid":1776,"label":"Viettel Vĩnh Long"}},{"type":"Feature","geometry":{"type":"Point","coordinates":[105.94439,10.15684]},"properties":{"Tên doanh nghiệp":"Viettel Vĩnh Long","Tên trạm BTS":"VLG0148","Địa chỉ lắp đặt":"Xã Phú Quới","Trạm 5G":"5G","layer_id":179,"fid":1777,"label":"Viettel Vĩnh Long"}},{"type":"Feature","geometry":{"type":"Point","coordinates":[106.19174,10.08331]},"properties":{"Tên doanh nghiệp":"Viettel Vĩnh Long","Tên trạm BTS":"VLG0151","Địa chỉ lắp đặt":"Xã Trung Thành","Trạm 5G":"5G","layer_id":179,"fid":1778,"label":"Viettel Vĩnh Long"}},{"type":"Feature","geometry":{"type":"Point","coordinates":[106.20647,10.03893]},"properties":{"Tên doanh nghiệp":"Viettel Vĩnh Long","Tên trạm BTS":"VLG0152","Địa chỉ lắp đặt":"Xã Trung Ngãi","Trạm 5G":"5G","layer_id":179,"fid":1779,"label":"Viettel Vĩnh Long"}},{"type":"Feature","geometry":{"type":"Point","coordinates":[106.15535,10.07019]},"properties":{"Tên doanh nghiệp":"Viettel Vĩnh Long","Tên trạm BTS":"VLG0155","Địa chỉ lắp đặt":"Xã Trung Thành","Trạm 5G":"5G","layer_id":179,"fid":1780,"label":"Viettel Vĩnh Long"}},{"type":"Feature","geometry":{"type":"Point","coordinates":[105.82222,10.06509]},"properties":{"Tên doanh nghiệp":"Viettel Vĩnh Long","Tên trạm BTS":"VLG0156","Địa chỉ lắp đặt":"Phường Bình Minh","Trạm 5G":"5G","layer_id":179,"fid":1781,"label":"Viettel Vĩnh Long"}},{"type":"Feature","geometry":{"type":"Point","coordinates":[105.92909,9.95751]},"properties":{"Tên doanh nghiệp":"Viettel Vĩnh Long","Tên trạm BTS":"VLG0158","Địa chỉ lắp đặt":"Xã Trà Ôn","Trạm 5G":"5G","layer_id":179,"fid":1782,"label":"Viettel Vĩnh Long"}},{"type":"Feature","geometry":{"type":"Point","coordinates":[105.88938,10.01283]},"properties":{"Tên doanh nghiệp":"Viettel Vĩnh Long","Tên trạm BTS":"VLG0163","Địa chỉ lắp đặt":"Phường Đông Thành","Trạm 5G":"5G","layer_id":179,"fid":1783,"label":"Viettel Vĩnh Long"}},{"type":"Feature","geometry":{"type":"Point","coordinates":[105.98699,10.04586]},"properties":{"Tên doanh nghiệp":"Viettel Vĩnh Long","Tên trạm BTS":"VLG0165","Địa chỉ lắp đặt":"Xã Tam Bình","Trạm 5G":"5G","layer_id":179,"fid":1784,"label":"Viettel Vĩnh Long"}},{"type":"Feature","geometry":{"type":"Point","coordinates":[105.99797,10.07218]},"properties":{"Tên doanh nghiệp":"Viettel Vĩnh Long","Tên trạm BTS":"VLG0166","Địa chỉ lắp đặt":"Xã Tam Bình","Trạm 5G":"5G","layer_id":179,"fid":1785,"label":"Viettel Vĩnh Long"}},{"type":"Feature","geometry":{"type":"Point","coordinates":[106.03627,10.11418]},"properties":{"Tên doanh nghiệp":"Viettel Vĩnh Long","Tên trạm BTS":"VLG0167","Địa chỉ lắp đặt":"Xã Hòa Hiệp","Trạm 5G":"5G","layer_id":179,"fid":1786,"label":"Viettel Vĩnh Long"}},{"type":"Feature","geometry":{"type":"Point","coordinates":[105.70043,10.15137]},"properties":{"Tên doanh nghiệp":"Viettel Vĩnh Long","Tên trạm BTS":"VLG0172","Địa chỉ lắp đặt":"Xã Tân Lược","Trạm 5G":"5G","layer_id":179,"fid":1787,"label":"Viettel Vĩnh Long"}},{"type":"Feature","geometry":{"type":"Point","coordinates":[106.10465,10.10843]},"properties":{"Tên doanh nghiệp":"Viettel Vĩnh Long","Tên trạm BTS":"VLG0178","Địa chỉ lắp đặt":"Xã Trung Hiệp","Trạm 5G":"5G","layer_id":179,"fid":1788,"label":"Viettel Vĩnh Long"}},{"type":"Feature","geometry":{"type":"Point","coordinates":[106.21847,10.12752]},"properties":{"Tên doanh nghiệp":"Viettel Vĩnh Long","Tên trạm BTS":"VLG0179","Địa chỉ lắp đặt":"Xã Quới Thiện","Trạm 5G":"5G","layer_id":179,"fid":1789,"label":"Viettel Vĩnh Long"}},{"type":"Feature","geometry":{"type":"Point","coordinates":[106.01654,10.00566]},"properties":{"Tên doanh nghiệp":"Viettel Vĩnh Long","Tên trạm BTS":"VLG0184","Địa chỉ lắp đặt":"Xã Trà Côn","Trạm 5G":"5G","layer_id":179,"fid":1790,"label":"Viettel Vĩnh Long"}},{"type":"Feature","geometry":{"type":"Point","coordinates":[106.06187,10.01772]},"properties":{"Tên doanh nghiệp":"Viettel Vĩnh Long","Tên trạm BTS":"VLG0188","Địa chỉ lắp đặt":"Xã Hòa Bình","Trạm 5G":"5G","layer_id":179,"fid":1791,"label":"Viettel Vĩnh Long"}},{"type":"Feature","geometry":{"type":"Point","coordinates":[106.06188,9.97488]},"properties":{"Tên doanh nghiệp":"Viettel Vĩnh Long","Tên trạm BTS":"VLG0189","Địa chỉ lắp đặt":"Xã Vĩnh Xuân","Trạm 5G":"5G","layer_id":179,"fid":1792,"label":"Viettel Vĩnh Long"}},{"type":"Feature","geometry":{"type":"Point","coordinates":[106.06891,10.22164]},"properties":{"Tên doanh nghiệp":"Viettel Vĩnh Long","Tên trạm BTS":"VLG0195","Địa chỉ lắp đặt":"Xã Nhơn Phú","Trạm 5G":"5G","layer_id":179,"fid":1793,"label":"Viettel Vĩnh Long"}},{"type":"Feature","geometry":{"type":"Point","coordinates":[106.01307,10.19291]},"properties":{"Tên doanh nghiệp":"Viettel Vĩnh Long","Tên trạm BTS":"VLG0199","Địa chỉ lắp đặt":"Xã Long Hồ","Trạm 5G":"5G","layer_id":179,"fid":1794,"label":"Viettel Vĩnh Long"}},{"type":"Feature","geometry":{"type":"Point","coordinates":[105.97251,10.25786]},"properties":{"Tên doanh nghiệp":"Viettel Vĩnh Long","Tên trạm BTS":"VLG0201","Địa chỉ lắp đặt":"Phường Long Châu","Trạm 5G":"5G","layer_id":179,"fid":1795,"label":"Viettel Vĩnh Long"}},{"type":"Feature","geometry":{"type":"Point","coordinates":[105.90101,10.26726]},"properties":{"Tên doanh nghiệp":"Viettel Vĩnh Long","Tên trạm BTS":"VLG0203","Địa chỉ lắp đặt":"Phường Tân Ngãi","Trạm 5G":"5G","layer_id":179,"fid":1796,"label":"Viettel Vĩnh Long"}},{"type":"Feature","geometry":{"type":"Point","coordinates":[105.79325,10.06786]},"properties":{"Tên doanh nghiệp":"Viettel Vĩnh Long","Tên trạm BTS":"VLG0205","Địa chỉ lắp đặt":"Xã Tân Quới","Trạm 5G":"5G","layer_id":179,"fid":1797,"label":"Viettel Vĩnh Long"}},{"type":"Feature","geometry":{"type":"Point","coordinates":[106.00268,10.04656]},"properties":{"Tên doanh nghiệp":"Viettel Vĩnh Long","Tên trạm BTS":"VLG0206","Địa chỉ lắp đặt":"Xã Tam Bình","Trạm 5G":"5G","layer_id":179,"fid":1798,"label":"Viettel Vĩnh Long"}},{"type":"Feature","geometry":{"type":"Point","coordinates":[106.1758,10.09777]},"properties":{"Tên doanh nghiệp":"Viettel Vĩnh Long","Tên trạm BTS":"VLG0208","Địa chỉ lắp đặt":"Xã Trung Hiệp","Trạm 5G":"5G","layer_id":179,"fid":1799,"label":"Viettel Vĩnh Long"}},{"type":"Feature","geometry":{"type":"Point","coordinates":[106.22569,10.06036]},"properties":{"Tên doanh nghiệp":"Viettel Vĩnh Long","Tên trạm BTS":"VLG0209","Địa chỉ lắp đặt":"Xã Trung Ngãi","Trạm 5G":"5G","layer_id":179,"fid":1800,"label":"Viettel Vĩnh Long"}},{"type":"Feature","geometry":{"type":"Point","coordinates":[106.0628,10.05007]},"properties":{"Tên doanh nghiệp":"Viettel Vĩnh Long","Tên trạm BTS":"VLG0215","Địa chỉ lắp đặt":"Xã Hòa Bình","Trạm 5G":"5G","layer_id":179,"fid":1801,"label":"Viettel Vĩnh Long"}},{"type":"Feature","geometry":{"type":"Point","coordinates":[105.86151,9.98522]},"properties":{"Tên doanh nghiệp":"Viettel Vĩnh Long","Tên trạm BTS":"VLG0217","Địa chỉ lắp đặt":"Xã Lục Sĩ Thành","Trạm 5G":"5G","layer_id":179,"fid":1802,"label":"Viettel Vĩnh Long"}},{"type":"Feature","geometry":{"type":"Point","coordinates":[105.81241,10.04294]},"properties":{"Tên doanh nghiệp":"Viettel Vĩnh Long","Tên trạm BTS":"VLG0218","Địa chỉ lắp đặt":"Phường Cái Vồn","Trạm 5G":"5G","layer_id":179,"fid":1803,"label":"Viettel Vĩnh Long"}},{"type":"Feature","geometry":{"type":"Point","coordinates":[105.76942,10.09534]},"properties":{"Tên doanh nghiệp":"Viettel Vĩnh Long","Tên trạm BTS":"VLG0220","Địa chỉ lắp đặt":"Xã Tân Quới","Trạm 5G":"5G","layer_id":179,"fid":1804,"label":"Viettel Vĩnh Long"}},{"type":"Feature","geometry":{"type":"Point","coordinates":[105.82647,10.12815]},"properties":{"Tên doanh nghiệp":"Viettel Vĩnh Long","Tên trạm BTS":"VLG0221","Địa chỉ lắp đặt":"Xã Mỹ Thuận","Trạm 5G":"5G","layer_id":179,"fid":1805,"label":"Viettel Vĩnh Long"}},{"type":"Feature","geometry":{"type":"Point","coordinates":[105.90831,10.08901]},"properties":{"Tên doanh nghiệp":"Viettel Vĩnh Long","Tên trạm BTS":"VLG0222","Địa chỉ lắp đặt":"Xã Song Phú","Trạm 5G":"5G","layer_id":179,"fid":1806,"label":"Viettel Vĩnh Long"}},{"type":"Feature","geometry":{"type":"Point","coordinates":[105.9344,10.017]},"properties":{"Tên doanh nghiệp":"Viettel Vĩnh Long","Tên trạm BTS":"VLG0223","Địa chỉ lắp đặt":"Xã Ngãi Tứ","Trạm 5G":"5G","layer_id":179,"fid":1807,"label":"Viettel Vĩnh Long"}},{"type":"Feature","geometry":{"type":"Point","coordinates":[105.884,10.185]},"properties":{"Tên doanh nghiệp":"Viettel Vĩnh Long","Tên trạm BTS":"VLG0226","Địa chỉ lắp đặt":"Xã Phú Quới","Trạm 5G":"5G","layer_id":179,"fid":1808,"label":"Viettel Vĩnh Long"}},{"type":"Feature","geometry":{"type":"Point","coordinates":[105.94736,10.24995]},"properties":{"Tên doanh nghiệp":"Viettel Vĩnh Long","Tên trạm BTS":"VLG0229","Địa chỉ lắp đặt":"Phường Long Châu","Trạm 5G":"5G","layer_id":179,"fid":1809,"label":"Viettel Vĩnh Long"}},{"type":"Feature","geometry":{"type":"Point","coordinates":[105.97121,10.24403]},"properties":{"Tên doanh nghiệp":"Viettel Vĩnh Long","Tên trạm BTS":"VLG0231","Địa chỉ lắp đặt":"Phường Phước Hậu","Trạm 5G":"5G","layer_id":179,"fid":1810,"label":"Viettel Vĩnh Long"}},{"type":"Feature","geometry":{"type":"Point","coordinates":[105.805,10.0916]},"properties":{"Tên doanh nghiệp":"Viettel Vĩnh Long","Tên trạm BTS":"VLG0232","Địa chỉ lắp đặt":"Phường Bình Minh","Trạm 5G":"5G","layer_id":179,"fid":1811,"label":"Viettel Vĩnh Long"}},{"type":"Feature","geometry":{"type":"Point","coordinates":[106.07635,10.14519]},"properties":{"Tên doanh nghiệp":"Viettel Vĩnh Long","Tên trạm BTS":"VLG0235","Địa chỉ lắp đặt":"Xã Tân Long Hội","Trạm 5G":"5G","layer_id":179,"fid":1812,"label":"Viettel Vĩnh Long"}},{"type":"Feature","geometry":{"type":"Point","coordinates":[105.91037,10.18257]},"properties":{"Tên doanh nghiệp":"Viettel Vĩnh Long","Tên trạm BTS":"VLG0237","Địa chỉ lắp đặt":"Xã Phú Quới","Trạm 5G":"5G","layer_id":179,"fid":1813,"label":"Viettel Vĩnh Long"}},{"type":"Feature","geometry":{"type":"Point","coordinates":[105.96241,10.24031]},"properties":{"Tên doanh nghiệp":"Viettel Vĩnh Long","Tên trạm BTS":"VLG0307","Địa chỉ lắp đặt":"Phường Phước Hậu","Trạm 5G":"5G","layer_id":179,"fid":1814,"label":"Viettel Vĩnh Long"}},{"type":"Feature","geometry":{"type":"Point","coordinates":[106.00307,10.27138]},"properties":{"Tên doanh nghiệp":"Viettel Vĩnh Long","Tên trạm BTS":"VLG0308","Địa chỉ lắp đặt":"Xã An Bình","Trạm 5G":"5G","layer_id":179,"fid":1815,"label":"Viettel Vĩnh Long"}},{"type":"Feature","geometry":{"type":"Point","coordinates":[105.9969,10.18557]},"properties":{"Tên doanh nghiệp":"Viettel Vĩnh Long","Tên trạm BTS":"VLG0310","Địa chỉ lắp đặt":"Xã Long Hồ","Trạm 5G":"5G","layer_id":179,"fid":1816,"label":"Viettel Vĩnh Long"}},{"type":"Feature","geometry":{"type":"Point","coordinates":[105.72716,10.15851]},"properties":{"Tên doanh nghiệp":"Viettel Vĩnh Long","Tên trạm BTS":"VLG0311","Địa chỉ lắp đặt":"Xã Tân Lược","Trạm 5G":"5G","layer_id":179,"fid":1817,"label":"Viettel Vĩnh Long"}},{"type":"Feature","geometry":{"type":"Point","coordinates":[105.82561,10.07084]},"properties":{"Tên doanh nghiệp":"Viettel Vĩnh Long","Tên trạm BTS":"VLG0312","Địa chỉ lắp đặt":"Phường Bình Minh","Trạm 5G":"5G","layer_id":179,"fid":1818,"label":"Viettel Vĩnh Long"}},{"type":"Feature","geometry":{"type":"Point","coordinates":[105.84385,10.00269]},"properties":{"Tên doanh nghiệp":"Viettel Vĩnh Long","Tên trạm BTS":"VLG0313","Địa chỉ lắp đặt":"Phường Cái Vồn","Trạm 5G":"5G","layer_id":179,"fid":1819,"label":"Viettel Vĩnh Long"}},{"type":"Feature","geometry":{"type":"Point","coordinates":[105.94752,10.0939]},"properties":{"Tên doanh nghiệp":"Viettel Vĩnh Long","Tên trạm BTS":"VLG0314","Địa chỉ lắp đặt":"Xã Cái Ngang","Trạm 5G":"5G","layer_id":179,"fid":1820,"label":"Viettel Vĩnh Long"}},{"type":"Feature","geometry":{"type":"Point","coordinates":[106.01762,10.07506]},"properties":{"Tên doanh nghiệp":"Viettel Vĩnh Long","Tên trạm BTS":"VLG0315","Địa chỉ lắp đặt":"Xã Tam Bình","Trạm 5G":"5G","layer_id":179,"fid":1821,"label":"Viettel Vĩnh Long"}},{"type":"Feature","geometry":{"type":"Point","coordinates":[106.03177,9.95141]},"properties":{"Tên doanh nghiệp":"Viettel Vĩnh Long","Tên trạm BTS":"VLG0316","Địa chỉ lắp đặt":"Xã Vĩnh Xuân","Trạm 5G":"5G","layer_id":179,"fid":1822,"label":"Viettel Vĩnh Long"}},{"type":"Feature","geometry":{"type":"Point","coordinates":[105.96252,10.25498]},"properties":{"Tên doanh nghiệp":"Viettel Vĩnh Long","Tên trạm BTS":"VLG0318","Địa chỉ lắp đặt":"Phường Long Châu","Trạm 5G":"5G","layer_id":179,"fid":1823,"label":"Viettel Vĩnh Long"}},{"type":"Feature","geometry":{"type":"Point","coordinates":[105.96555,10.25186]},"properties":{"Tên doanh nghiệp":"Viettel Vĩnh Long","Tên trạm BTS":"VLG0319","Địa chỉ lắp đặt":"Phường Long Châu","Trạm 5G":"5G","layer_id":179,"fid":1824,"label":"Viettel Vĩnh Long"}},{"type":"Feature","geometry":{"type":"Point","coordinates":[105.96897,10.2506]},"properties":{"Tên doanh nghiệp":"Viettel Vĩnh Long","Tên trạm BTS":"VLG0320","Địa chỉ lắp đặt":"Phường Phước Hậu","Trạm 5G":"5G","layer_id":179,"fid":1825,"label":"Viettel Vĩnh Long"}},{"type":"Feature","geometry":{"type":"Point","coordinates":[105.9771,10.24836]},"properties":{"Tên doanh nghiệp":"Viettel Vĩnh Long","Tên trạm BTS":"VLG0321","Địa chỉ lắp đặt":"Phường Phước Hậu","Trạm 5G":"5G","layer_id":179,"fid":1826,"label":"Viettel Vĩnh Long"}},{"type":"Feature","geometry":{"type":"Point","coordinates":[105.98863,10.21107]},"properties":{"Tên doanh nghiệp":"Viettel Vĩnh Long","Tên trạm BTS":"VLG0323","Địa chỉ lắp đặt":"Xã Long Hồ","Trạm 5G":"5G","layer_id":179,"fid":1827,"label":"Viettel Vĩnh Long"}},{"type":"Feature","geometry":{"type":"Point","coordinates":[106.00148,10.25796]},"properties":{"Tên doanh nghiệp":"Viettel Vĩnh Long","Tên trạm BTS":"VLG0325","Địa chỉ lắp đặt":"Phường Thanh Đức","Trạm 5G":"5G","layer_id":179,"fid":1828,"label":"Viettel Vĩnh Long"}},{"type":"Feature","geometry":{"type":"Point","coordinates":[106.01335,10.25092]},"properties":{"Tên doanh nghiệp":"Viettel Vĩnh Long","Tên trạm BTS":"VLG0326","Địa chỉ lắp đặt":"Phường Thanh Đức","Trạm 5G":"5G","layer_id":179,"fid":1829,"label":"Viettel Vĩnh Long"}},{"type":"Feature","geometry":{"type":"Point","coordinates":[105.93956,10.22539]},"properties":{"Tên doanh nghiệp":"Viettel Vĩnh Long","Tên trạm BTS":"VLG0327","Địa chỉ lắp đặt":"Phường Tân Hạnh","Trạm 5G":"5G","layer_id":179,"fid":1830,"label":"Viettel Vĩnh Long"}},{"type":"Feature","geometry":{"type":"Point","coordinates":[105.94323,10.23772]},"properties":{"Tên doanh nghiệp":"Viettel Vĩnh Long","Tên trạm BTS":"VLG0336","Địa chỉ lắp đặt":"Phường Tân Hạnh","Trạm 5G":"5G","layer_id":179,"fid":1831,"label":"Viettel Vĩnh Long"}},{"type":"Feature","geometry":{"type":"Point","coordinates":[105.97925,10.22689]},"properties":{"Tên doanh nghiệp":"Viettel Vĩnh Long","Tên trạm BTS":"VLG0337","Địa chỉ lắp đặt":"Xã Long Hồ","Trạm 5G":"5G","layer_id":179,"fid":1832,"label":"Viettel Vĩnh Long"}},{"type":"Feature","geometry":{"type":"Point","coordinates":[105.92975,10.26573]},"properties":{"Tên doanh nghiệp":"Viettel Vĩnh Long","Tên trạm BTS":"VLG0340","Địa chỉ lắp đặt":"Phường Tân Ngãi","Trạm 5G":"5G","layer_id":179,"fid":1833,"label":"Viettel Vĩnh Long"}},{"type":"Feature","geometry":{"type":"Point","coordinates":[105.92007,10.26291]},"properties":{"Tên doanh nghiệp":"Viettel Vĩnh Long","Tên trạm BTS":"VLG0341","Địa chỉ lắp đặt":"Phường Tân Ngãi","Trạm 5G":"5G","layer_id":179,"fid":1834,"label":"Viettel Vĩnh Long"}},{"type":"Feature","geometry":{"type":"Point","coordinates":[105.99061,10.25322]},"properties":{"Tên doanh nghiệp":"Viettel Vĩnh Long","Tên trạm BTS":"VLG0344","Địa chỉ lắp đặt":"Phường Thanh Đức","Trạm 5G":"5G","layer_id":179,"fid":1835,"label":"Viettel Vĩnh Long"}},{"type":"Feature","geometry":{"type":"Point","coordinates":[105.97644,10.23409]},"properties":{"Tên doanh nghiệp":"Viettel Vĩnh Long","Tên trạm BTS":"VLG0346","Địa chỉ lắp đặt":"Phường Phước Hậu","Trạm 5G":"5G","layer_id":179,"fid":1836,"label":"Viettel Vĩnh Long"}},{"type":"Feature","geometry":{"type":"Point","coordinates":[105.98815,10.24207]},"properties":{"Tên doanh nghiệp":"Viettel Vĩnh Long","Tên trạm BTS":"VLG0348","Địa chỉ lắp đặt":"Phường Thanh Đức","Trạm 5G":"5G","layer_id":179,"fid":1837,"label":"Viettel Vĩnh Long"}},{"type":"Feature","geometry":{"type":"Point","coordinates":[105.96806,10.26284]},"properties":{"Tên doanh nghiệp":"Viettel Vĩnh Long","Tên trạm BTS":"VLG0349","Địa chỉ lắp đặt":"Xã An Bình","Trạm 5G":"5G","layer_id":179,"fid":1838,"label":"Viettel Vĩnh Long"}},{"type":"Feature","geometry":{"type":"Point","coordinates":[105.80162,10.0761]},"properties":{"Tên doanh nghiệp":"Viettel Vĩnh Long","Tên trạm BTS":"VLG0352","Địa chỉ lắp đặt":"Phường Bình Minh","Trạm 5G":"5G","layer_id":179,"fid":1839,"label":"Viettel Vĩnh Long"}},{"type":"Feature","geometry":{"type":"Point","coordinates":[105.81476,10.06395]},"properties":{"Tên doanh nghiệp":"Viettel Vĩnh Long","Tên trạm BTS":"VLG0353","Địa chỉ lắp đặt":"Phường Bình Minh","Trạm 5G":"5G","layer_id":179,"fid":1840,"label":"Viettel Vĩnh Long"}},{"type":"Feature","geometry":{"type":"Point","coordinates":[105.74414,10.11901]},"properties":{"Tên doanh nghiệp":"Viettel Vĩnh Long","Tên trạm BTS":"VLG0356","Địa chỉ lắp đặt":"Xã Tân Quới","Trạm 5G":"5G","layer_id":179,"fid":1841,"label":"Viettel Vĩnh Long"}},{"type":"Feature","geometry":{"type":"Point","coordinates":[106.00691,10.19965]},"properties":{"Tên doanh nghiệp":"Viettel Vĩnh Long","Tên trạm BTS":"VLG0358","Địa chỉ lắp đặt":"Xã Long Hồ","Trạm 5G":"5G","layer_id":179,"fid":1842,"label":"Viettel Vĩnh Long"}},{"type":"Feature","geometry":{"type":"Point","coordinates":[106.10524,10.21888]},"properties":{"Tên doanh nghiệp":"Viettel Vĩnh Long","Tên trạm BTS":"VLG0368","Địa chỉ lắp đặt":"Xã Cái Nhum","Trạm 5G":"5G","layer_id":179,"fid":1843,"label":"Viettel Vĩnh Long"}},{"type":"Feature","geometry":{"type":"Point","coordinates":[106.05308,10.10279]},"properties":{"Tên doanh nghiệp":"Viettel Vĩnh Long","Tên trạm BTS":"VLG0372","Địa chỉ lắp đặt":"Xã Hòa Hiệp","Trạm 5G":"5G","layer_id":179,"fid":1844,"label":"Viettel Vĩnh Long"}},{"type":"Feature","geometry":{"type":"Point","coordinates":[106.03208,10.08663]},"properties":{"Tên doanh nghiệp":"Viettel Vĩnh Long","Tên trạm BTS":"VLG0375","Địa chỉ lắp đặt":"Xã Hòa Hiệp","Trạm 5G":"5G","layer_id":179,"fid":1845,"label":"Viettel Vĩnh Long"}},{"type":"Feature","geometry":{"type":"Point","coordinates":[106.00427,9.99617]},"properties":{"Tên doanh nghiệp":"Viettel Vĩnh Long","Tên trạm BTS":"VLG0380","Địa chỉ lắp đặt":"Xã Trà Côn","Trạm 5G":"5G","layer_id":179,"fid":1846,"label":"Viettel Vĩnh Long"}},{"type":"Feature","geometry":{"type":"Point","coordinates":[106.04892,9.98552]},"properties":{"Tên doanh nghiệp":"Viettel Vĩnh Long","Tên trạm BTS":"VLG0384","Địa chỉ lắp đặt":"Xã Vĩnh Xuân","Trạm 5G":"5G","layer_id":179,"fid":1847,"label":"Viettel Vĩnh Long"}},{"type":"Feature","geometry":{"type":"Point","coordinates":[106.01285,9.93369]},"properties":{"Tên doanh nghiệp":"Viettel Vĩnh Long","Tên trạm BTS":"VLG0385","Địa chỉ lắp đặt":"Xã Vĩnh Xuân","Trạm 5G":"5G","layer_id":179,"fid":1848,"label":"Viettel Vĩnh Long"}},{"type":"Feature","geometry":{"type":"Point","coordinates":[106.0579,10.07281]},"properties":{"Tên doanh nghiệp":"Viettel Vĩnh Long","Tên trạm BTS":"VLG0386","Địa chỉ lắp đặt":"Xã Hòa Bình","Trạm 5G":"5G","layer_id":179,"fid":1849,"label":"Viettel Vĩnh Long"}},{"type":"Feature","geometry":{"type":"Point","coordinates":[106.09448,10.09218]},"properties":{"Tên doanh nghiệp":"Viettel Vĩnh Long","Tên trạm BTS":"VLG0392","Địa chỉ lắp đặt":"Xã Hiếu Phụng","Trạm 5G":"5G","layer_id":179,"fid":1850,"label":"Viettel Vĩnh Long"}},{"type":"Feature","geometry":{"type":"Point","coordinates":[106.20069,10.13158]},"properties":{"Tên doanh nghiệp":"Viettel Vĩnh Long","Tên trạm BTS":"VLG0394","Địa chỉ lắp đặt":"Xã Quới Thiện","Trạm 5G":"5G","layer_id":179,"fid":1851,"label":"Viettel Vĩnh Long"}},{"type":"Feature","geometry":{"type":"Point","coordinates":[106.08988,10.11912]},"properties":{"Tên doanh nghiệp":"Viettel Vĩnh Long","Tên trạm BTS":"VLG0397","Địa chỉ lắp đặt":"Xã Trung Hiệp","Trạm 5G":"5G","layer_id":179,"fid":1852,"label":"Viettel Vĩnh Long"}},{"type":"Feature","geometry":{"type":"Point","coordinates":[106.20539,10.0157]},"properties":{"Tên doanh nghiệp":"Viettel Vĩnh Long","Tên trạm BTS":"VLG0399","Địa chỉ lắp đặt":"Xã Trung Ngãi","Trạm 5G":"5G","layer_id":179,"fid":1853,"label":"Viettel Vĩnh Long"}},{"type":"Feature","geometry":{"type":"Point","coordinates":[105.91001,10.01642]},"properties":{"Tên doanh nghiệp":"Viettel Vĩnh Long","Tên trạm BTS":"VLG0401","Địa chỉ lắp đặt":"Xã Ngãi Tứ","Trạm 5G":"5G","layer_id":179,"fid":1854,"label":"Viettel Vĩnh Long"}},{"type":"Feature","geometry":{"type":"Point","coordinates":[105.99425,10.0293]},"properties":{"Tên doanh nghiệp":"Viettel Vĩnh Long","Tên trạm BTS":"VLG0404","Địa chỉ lắp đặt":"Xã Trà Côn","Trạm 5G":"5G","layer_id":179,"fid":1855,"label":"Viettel Vĩnh Long"}},{"type":"Feature","geometry":{"type":"Point","coordinates":[105.91242,10.16445]},"properties":{"Tên doanh nghiệp":"Viettel Vĩnh Long","Tên trạm BTS":"VLG0406","Địa chỉ lắp đặt":"Xã Phú Quới","Trạm 5G":"5G","layer_id":179,"fid":1856,"label":"Viettel Vĩnh Long"}},{"type":"Feature","geometry":{"type":"Point","coordinates":[105.8291,10.05187]},"properties":{"Tên doanh nghiệp":"Viettel Vĩnh Long","Tên trạm BTS":"VLG0409","Địa chỉ lắp đặt":"Phường Đông Thành","Trạm 5G":"5G","layer_id":179,"fid":1857,"label":"Viettel Vĩnh Long"}},{"type":"Feature","geometry":{"type":"Point","coordinates":[106.05274,10.20144]},"properties":{"Tên doanh nghiệp":"Viettel Vĩnh Long","Tên trạm BTS":"VLG0410","Địa chỉ lắp đặt":"Xã Bình Phước","Trạm 5G":"5G","layer_id":179,"fid":1858,"label":"Viettel Vĩnh Long"}},{"type":"Feature","geometry":{"type":"Point","coordinates":[106.22373,10.02029]},"properties":{"Tên doanh nghiệp":"Viettel Vĩnh Long","Tên trạm BTS":"VLG0412","Địa chỉ lắp đặt":"Xã Trung Ngãi","Trạm 5G":"5G","layer_id":179,"fid":1859,"label":"Viettel Vĩnh Long"}},{"type":"Feature","geometry":{"type":"Point","coordinates":[106.19238,10.1636]},"properties":{"Tên doanh nghiệp":"Viettel Vĩnh Long","Tên trạm BTS":"VLG0420","Địa chỉ lắp đặt":"Xã Quới Thiện","Trạm 5G":"5G","layer_id":179,"fid":1860,"label":"Viettel Vĩnh Long"}},{"type":"Feature","geometry":{"type":"Point","coordinates":[105.92532,10.15925]},"properties":{"Tên doanh nghiệp":"Viettel Vĩnh Long","Tên trạm BTS":"VLG0422","Địa chỉ lắp đặt":"Xã Phú Quới","Trạm 5G":"5G","layer_id":179,"fid":1861,"label":"Viettel Vĩnh Long"}},{"type":"Feature","geometry":{"type":"Point","coordinates":[106.01031,10.05857]},"properties":{"Tên doanh nghiệp":"Viettel Vĩnh Long","Tên trạm BTS":"VLG0430","Địa chỉ lắp đặt":"Xã Trà Côn","Trạm 5G":"5G","layer_id":179,"fid":1862,"label":"Viettel Vĩnh Long"}},{"type":"Feature","geometry":{"type":"Point","coordinates":[105.92489,10.26884]},"properties":{"Tên doanh nghiệp":"Viettel Vĩnh Long","Tên trạm BTS":"VLG0433","Địa chỉ lắp đặt":"Phường Tân Ngãi","Trạm 5G":"5G","layer_id":179,"fid":1863,"label":"Viettel Vĩnh Long"}},{"type":"Feature","geometry":{"type":"Point","coordinates":[105.96297,10.25005]},"properties":{"Tên doanh nghiệp":"Viettel Vĩnh Long","Tên trạm BTS":"VLG0434","Địa chỉ lắp đặt":"Phường Long Châu","Trạm 5G":"5G","layer_id":179,"fid":1864,"label":"Viettel Vĩnh Long"}},{"type":"Feature","geometry":{"type":"Point","coordinates":[105.94126,10.16833]},"properties":{"Tên doanh nghiệp":"Viettel Vĩnh Long","Tên trạm BTS":"VLG0435","Địa chỉ lắp đặt":"Xã Phú Quới","Trạm 5G":"5G","layer_id":179,"fid":1865,"label":"Viettel Vĩnh Long"}},{"type":"Feature","geometry":{"type":"Point","coordinates":[105.93071,10.16948]},"properties":{"Tên doanh nghiệp":"Viettel Vĩnh Long","Tên trạm BTS":"VLG0437","Địa chỉ lắp đặt":"Xã Phú Quới","Trạm 5G":"5G","layer_id":179,"fid":1866,"label":"Viettel Vĩnh Long"}},{"type":"Feature","geometry":{"type":"Point","coordinates":[105.93655,10.18445]},"properties":{"Tên doanh nghiệp":"Viettel Vĩnh Long","Tên trạm BTS":"VLG0441","Địa chỉ lắp đặt":"Xã Phú Quới","Trạm 5G":"5G","layer_id":179,"fid":1867,"label":"Viettel Vĩnh Long"}},{"type":"Feature","geometry":{"type":"Point","coordinates":[105.91224,10.14773]},"properties":{"Tên doanh nghiệp":"Viettel Vĩnh Long","Tên trạm BTS":"VLG0444","Địa chỉ lắp đặt":"Xã Phú Quới","Trạm 5G":"5G","layer_id":179,"fid":1868,"label":"Viettel Vĩnh Long"}},{"type":"Feature","geometry":{"type":"Point","coordinates":[105.82691,10.04143]},"properties":{"Tên doanh nghiệp":"Viettel Vĩnh Long","Tên trạm BTS":"VLG0446","Địa chỉ lắp đặt":"Phường Cái Vồn","Trạm 5G":"5G","layer_id":179,"fid":1869,"label":"Viettel Vĩnh Long"}},{"type":"Feature","geometry":{"type":"Point","coordinates":[105.96991,10.25709]},"properties":{"Tên doanh nghiệp":"Viettel Vĩnh Long","Tên trạm BTS":"VLG0447","Địa chỉ lắp đặt":"Phường Long Châu","Trạm 5G":"5G","layer_id":179,"fid":1870,"label":"Viettel Vĩnh Long"}},{"type":"Feature","geometry":{"type":"Point","coordinates":[105.95974,10.2475]},"properties":{"Tên doanh nghiệp":"Viettel Vĩnh Long","Tên trạm BTS":"VLG0448","Địa chỉ lắp đặt":"Phường Long Châu","Trạm 5G":"5G","layer_id":179,"fid":1871,"label":"Viettel Vĩnh Long"}},{"type":"Feature","geometry":{"type":"Point","coordinates":[105.95248,10.22426]},"properties":{"Tên doanh nghiệp":"Viettel Vĩnh Long","Tên trạm BTS":"VLG0450","Địa chỉ lắp đặt":"Phường Tân Hạnh","Trạm 5G":"5G","layer_id":179,"fid":1872,"label":"Viettel Vĩnh Long"}},{"type":"Feature","geometry":{"type":"Point","coordinates":[105.97117,10.25415]},"properties":{"Tên doanh nghiệp":"Viettel Vĩnh Long","Tên trạm BTS":"VLG0451","Địa chỉ lắp đặt":"Phường Long Châu","Trạm 5G":"5G","layer_id":179,"fid":1873,"label":"Viettel Vĩnh Long"}},{"type":"Feature","geometry":{"type":"Point","coordinates":[105.98983,10.22204]},"properties":{"Tên doanh nghiệp":"Viettel Vĩnh Long","Tên trạm BTS":"VLG0456","Địa chỉ lắp đặt":"Xã Long Hồ","Trạm 5G":"5G","layer_id":179,"fid":1874,"label":"Viettel Vĩnh Long"}},{"type":"Feature","geometry":{"type":"Point","coordinates":[105.98764,10.22825]},"properties":{"Tên doanh nghiệp":"Viettel Vĩnh Long","Tên trạm BTS":"VLG0456-11","Địa chỉ lắp đặt":"Phường Phước Hậu","Trạm 5G":"5G","layer_id":179,"fid":1875,"label":"Viettel Vĩnh Long"}},{"type":"Feature","geometry":{"type":"Point","coordinates":[105.96872,10.25636]},"properties":{"Tên doanh nghiệp":"Viettel Vĩnh Long","Tên trạm BTS":"VLG0457","Địa chỉ lắp đặt":"Phường Long Châu","Trạm 5G":"5G","layer_id":179,"fid":1876,"label":"Viettel Vĩnh Long"}},{"type":"Feature","geometry":{"type":"Point","coordinates":[105.90865,10.2663]},"properties":{"Tên doanh nghiệp":"Viettel Vĩnh Long","Tên trạm BTS":"VLG0458","Địa chỉ lắp đặt":"Phường Tân Ngãi","Trạm 5G":"5G","layer_id":179,"fid":1877,"label":"Viettel Vĩnh Long"}},{"type":"Feature","geometry":{"type":"Point","coordinates":[105.83659,10.09577]},"properties":{"Tên doanh nghiệp":"Viettel Vĩnh Long","Tên trạm BTS":"VLG0459","Địa chỉ lắp đặt":"Xã Mỹ Thuận","Trạm 5G":"5G","layer_id":179,"fid":1878,"label":"Viettel Vĩnh Long"}},{"type":"Feature","geometry":{"type":"Point","coordinates":[105.93673,10.17104]},"properties":{"Tên doanh nghiệp":"Viettel Vĩnh Long","Tên trạm BTS":"VLG0461","Địa chỉ lắp đặt":"Xã Phú Quới","Trạm 5G":"5G","layer_id":179,"fid":1879,"label":"Viettel Vĩnh Long"}},{"type":"Feature","geometry":{"type":"Point","coordinates":[105.93233,10.16195]},"properties":{"Tên doanh nghiệp":"Viettel Vĩnh Long","Tên trạm BTS":"VLG0462","Địa chỉ lắp đặt":"Xã Phú Quới","Trạm 5G":"5G","layer_id":179,"fid":1880,"label":"Viettel Vĩnh Long"}},{"type":"Feature","geometry":{"type":"Point","coordinates":[105.97977,10.2387]},"properties":{"Tên doanh nghiệp":"Viettel Vĩnh Long","Tên trạm BTS":"VLG0464","Địa chỉ lắp đặt":"Phường Phước Hậu","Trạm 5G":"5G","layer_id":179,"fid":1881,"label":"Viettel Vĩnh Long"}},{"type":"Feature","geometry":{"type":"Point","coordinates":[105.82061,10.06825]},"properties":{"Tên doanh nghiệp":"Viettel Vĩnh Long","Tên trạm BTS":"VLG0469","Địa chỉ lắp đặt":"Phường Bình Minh","Trạm 5G":"5G","layer_id":179,"fid":1882,"label":"Viettel Vĩnh Long"}},{"type":"Feature","geometry":{"type":"Point","coordinates":[106.0084,9.94858]},"properties":{"Tên doanh nghiệp":"Viettel Vĩnh Long","Tên trạm BTS":"VLG0474","Địa chỉ lắp đặt":"Xã Vĩnh Xuân","Trạm 5G":"5G","layer_id":179,"fid":1883,"label":"Viettel Vĩnh Long"}},{"type":"Feature","geometry":{"type":"Point","coordinates":[105.96482,10.25635]},"properties":{"Tên doanh nghiệp":"Viettel Vĩnh Long","Tên trạm BTS":"VLG0492","Địa chỉ lắp đặt":"Phường Long Châu","Trạm 5G":"5G","layer_id":179,"fid":1884,"label":"Viettel Vĩnh Long"}},{"type":"Feature","geometry":{"type":"Point","coordinates":[105.71573,10.14945]},"properties":{"Tên doanh nghiệp":"Viettel Vĩnh Long","Tên trạm BTS":"VLG0494","Địa chỉ lắp đặt":"Xã Tân Lược","Trạm 5G":"5G","layer_id":179,"fid":1885,"label":"Viettel Vĩnh Long"}},{"type":"Feature","geometry":{"type":"Point","coordinates":[105.82186,10.02957]},"properties":{"Tên doanh nghiệp":"Viettel Vĩnh Long","Tên trạm BTS":"VLG0501","Địa chỉ lắp đặt":"Phường Cái Vồn","Trạm 5G":"5G","layer_id":179,"fid":1886,"label":"Viettel Vĩnh Long"}},{"type":"Feature","geometry":{"type":"Point","coordinates":[105.93723,10.17781]},"properties":{"Tên doanh nghiệp":"Viettel Vĩnh Long","Tên trạm BTS":"VLG0509","Địa chỉ lắp đặt":"Xã Phú Quới","Trạm 5G":"5G","layer_id":179,"fid":1887,"label":"Viettel Vĩnh Long"}},{"type":"Feature","geometry":{"type":"Point","coordinates":[105.93374,10.16637]},"properties":{"Tên doanh nghiệp":"Viettel Vĩnh Long","Tên trạm BTS":"VLG0511","Địa chỉ lắp đặt":"Xã Phú Quới","Trạm 5G":"5G","layer_id":179,"fid":1888,"label":"Viettel Vĩnh Long"}},{"type":"Feature","geometry":{"type":"Point","coordinates":[105.98129,10.17721]},"properties":{"Tên doanh nghiệp":"Viettel Vĩnh Long","Tên trạm BTS":"VLG0513","Địa chỉ lắp đặt":"Xã Long Hồ","Trạm 5G":"5G","layer_id":179,"fid":1889,"label":"Viettel Vĩnh Long"}},{"type":"Feature","geometry":{"type":"Point","coordinates":[106.1962,10.06932]},"properties":{"Tên doanh nghiệp":"Viettel Vĩnh Long","Tên trạm BTS":"VLG0518","Địa chỉ lắp đặt":"Xã Trung Thành","Trạm 5G":"5G","layer_id":179,"fid":1890,"label":"Viettel Vĩnh Long"}},{"type":"Feature","geometry":{"type":"Point","coordinates":[105.83502,10.07647]},"properties":{"Tên doanh nghiệp":"Viettel Vĩnh Long","Tên trạm BTS":"VLG0522","Địa chỉ lắp đặt":"Phường Bình Minh","Trạm 5G":"5G","layer_id":179,"fid":1891,"label":"Viettel Vĩnh Long"}},{"type":"Feature","geometry":{"type":"Point","coordinates":[105.97799,10.25202]},"properties":{"Tên doanh nghiệp":"Viettel Vĩnh Long","Tên trạm BTS":"VLG3921","Địa chỉ lắp đặt":"Phường Phước Hậu","Trạm 5G":"5G","layer_id":179,"fid":1892,"label":"Viettel Vĩnh Long"}},{"type":"Feature","geometry":{"type":"Point","coordinates":[105.96745,10.23244]},"properties":{"Tên doanh nghiệp":"Viettel Vĩnh Long","Tên trạm BTS":"VLG3933","Địa chỉ lắp đặt":"Phường Phước Hậu","Trạm 5G":"5G","layer_id":179,"fid":1893,"label":"Viettel Vĩnh Long"}},{"type":"Feature","geometry":{"type":"Point","coordinates":[106.04506,10.05985]},"properties":{"Tên doanh nghiệp":"Viettel Vĩnh Long","Tên trạm BTS":"VLG0524","Địa chỉ lắp đặt":"Xã Hòa Bình","Trạm 5G":"5G","layer_id":179,"fid":1894,"label":"Viettel Vĩnh Long"}},{"type":"Feature","geometry":{"type":"Point","coordinates":[105.971015,10.25413]},"properties":{"Tên doanh nghiệp":"Viettel Vĩnh Long","Tên trạm BTS":"VLG6002","Địa chỉ lắp đặt":"Phường Long Châu","Trạm 5G":"5G","layer_id":179,"fid":1895,"label":"Viettel Vĩnh Long"}},{"type":"Feature","geometry":{"type":"Point","coordinates":[106.357095,10.228742]},"properties":{"Tên doanh nghiệp":"Viettel Vĩnh Long","Tên trạm BTS":"BTE0295-12","Địa chỉ lắp đặt":"Phường Bến Tre","Trạm 5G":"5G","layer_id":179,"fid":1896,"label":"Viettel Vĩnh Long"}},{"type":"Feature","geometry":{"type":"Point","coordinates":[106.22127,9.87323]},"properties":{"Tên doanh nghiệp":"Viettel Vĩnh Long","Tên trạm BTS":"TVH0645","Địa chỉ lắp đặt":"Xã Tập Ngãi","Trạm 5G":"5G","layer_id":179,"fid":1897,"label":"Viettel Vĩnh Long"}},{"type":"Feature","geometry":{"type":"Point","coordinates":[106.70277,10.16894]},"properties":{"Tên doanh nghiệp":"Viettel Vĩnh Long","Tên trạm BTS":"BTE0797","Địa chỉ lắp đặt":"Xã Bình Đại","Trạm 5G":"5G","layer_id":179,"fid":1898,"label":"Viettel Vĩnh Long"}},{"type":"Feature","geometry":{"type":"Point","coordinates":[106.01801,10.18733]},"properties":{"Tên doanh nghiệp":"Viettel Vĩnh Long","Tên trạm BTS":"VLG0517","Địa chỉ lắp đặt":"Xã Long Hồ","Trạm 5G":"5G","layer_id":179,"fid":1899,"label":"Viettel Vĩnh Long"}},{"type":"Feature","geometry":{"type":"Point","coordinates":[106.58156,10.04767]},"properties":{"Tên doanh nghiệp":"Viettel Vĩnh Long","Tên trạm BTS":"BTE0788","Địa chỉ lắp đặt":"Xã Ba Tri","Trạm 5G":"5G","layer_id":179,"fid":1900,"label":"Viettel Vĩnh Long"}},{"type":"Feature","geometry":{"type":"Point","coordinates":[106.59967,10.05464]},"properties":{"Tên doanh nghiệp":"Viettel Vĩnh Long","Tên trạm BTS":"BTE0795","Địa chỉ lắp đặt":"Xã Ba Tri","Trạm 5G":"5G","layer_id":179,"fid":1901,"label":"Viettel Vĩnh Long"}},{"type":"Feature","geometry":{"type":"Point","coordinates":[106.59128,10.04378]},"properties":{"Tên doanh nghiệp":"Viễn thông Vĩnh Long","Tên trạm BTS":"Ba-Tri-BTE","Địa chỉ lắp đặt":"Ba Tri, Vĩnh long","Trạm 5G":"5G","layer_id":179,"fid":1902,"label":"Viễn thông Vĩnh Long"}},{"type":"Feature","geometry":{"type":"Point","coordinates":[106.60275,10.05807]},"properties":{"Tên doanh nghiệp":"Viễn thông Vĩnh Long","Tên trạm BTS":"An-Phu-BTE","Địa chỉ lắp đặt":"Ba Tri, Vĩnh Long","Trạm 5G":"5G","layer_id":179,"fid":1903,"label":"Viễn thông Vĩnh Long"}},{"type":"Feature","geometry":{"type":"Point","coordinates":[106.59879,10.02642]},"properties":{"Tên doanh nghiệp":"Viễn thông Vĩnh Long","Tên trạm BTS":"Vinh-Duc-Trung-BTE","Địa chỉ lắp đặt":"Ba Tri, Vĩnh Long","Trạm 5G":"5G","layer_id":179,"fid":1904,"label":"Viễn thông Vĩnh Long"}},{"type":"Feature","geometry":{"type":"Point","coordinates":[106.575083,10.02954]},"properties":{"Tên doanh nghiệp":"Viễn thông Vĩnh Long","Tên trạm BTS":"Giong-Dinh-BTE","Địa chỉ lắp đặt":"Ba Tri, Vĩnh long","Trạm 5G":"5G","layer_id":179,"fid":1905,"label":"Viễn thông Vĩnh Long"}},{"type":"Feature","geometry":{"type":"Point","coordinates":[106.61212,9.98169]},"properties":{"Tên doanh nghiệp":"Viễn thông Vĩnh Long","Tên trạm BTS":"Tiem-Tom-BTE","Địa chỉ lắp đặt":"Tân Thủy, Vĩnh Long","Trạm 5G":"5G","layer_id":179,"fid":1906,"label":"Viễn thông Vĩnh Long"}},{"type":"Feature","geometry":{"type":"Point","coordinates":[106.62571,9.99533]},"properties":{"Tên doanh nghiệp":"Viễn thông Vĩnh Long","Tên trạm BTS":"An-Thuy-BTE","Địa chỉ lắp đặt":"Tân Thủy, Vĩnh Long","Trạm 5G":"5G","layer_id":179,"fid":1907,"label":"Viễn thông Vĩnh Long"}},{"type":"Feature","geometry":{"type":"Point","coordinates":[106.585645,10.03357]},"properties":{"Tên doanh nghiệp":"Viễn thông Vĩnh Long","Tên trạm BTS":"Giong-Ke-BTE","Địa chỉ lắp đặt":"Ba Tri, Vĩnh long","Trạm 5G":"5G","layer_id":179,"fid":1908,"label":"Viễn thông Vĩnh Long"}},{"type":"Feature","geometry":{"type":"Point","coordinates":[106.367144,10.25699]},"properties":{"Tên doanh nghiệp":"Viễn thông Vĩnh Long","Tên trạm BTS":"Doi-Dien-Truong-NDC-BTE","Địa chỉ lắp đặt":"Phú Khương, Vĩnh Long","Trạm 5G":"5G","layer_id":179,"fid":1909,"label":"Viễn thông Vĩnh Long"}},{"type":"Feature","geometry":{"type":"Point","coordinates":[106.381703,10.241811]},"properties":{"Tên doanh nghiệp":"Viễn thông Vĩnh Long","Tên trạm BTS":"Ho-Boi-Thanh-Truc-BTE","Địa chỉ lắp đặt":"Phú Khương, Vĩnh Long","Trạm 5G":"5G","layer_id":179,"fid":1910,"label":"Viễn thông Vĩnh Long"}},{"type":"Feature","geometry":{"type":"Point","coordinates":[106.365797,10.237304]},"properties":{"Tên doanh nghiệp":"Viễn thông Vĩnh Long","Tên trạm BTS":"Hẻm-Hoa-Tiên-BTE","Địa chỉ lắp đặt":"Bến Tre, Vĩnh Long","Trạm 5G":"5G","layer_id":179,"fid":1911,"label":"Viễn thông Vĩnh Long"}},{"type":"Feature","geometry":{"type":"Point","coordinates":[106.37898,10.23567]},"properties":{"Tên doanh nghiệp":"Viễn thông Vĩnh Long","Tên trạm BTS":"Phuong-2-BTE","Địa chỉ lắp đặt":"An Hội, Vĩnh Long","Trạm 5G":"5G","layer_id":179,"fid":1912,"label":"Viễn thông Vĩnh Long"}},{"type":"Feature","geometry":{"type":"Point","coordinates":[106.39535,10.30061]},"properties":{"Tên doanh nghiệp":"Viễn thông Vĩnh Long","Tên trạm BTS":"Outdoor-KCN-Giao-Long-BTE","Địa chỉ lắp đặt":"Giao Long, Vĩnh Long","Trạm 5G":"5G","layer_id":179,"fid":1913,"label":"Viễn thông Vĩnh Long"}},{"type":"Feature","geometry":{"type":"Point","coordinates":[106.35647,10.29639]},"properties":{"Tên doanh nghiệp":"Viễn thông Vĩnh Long","Tên trạm BTS":"Ba-Lai-BTE","Địa chỉ lắp đặt":"Phú Túc, Vĩnh Long","Trạm 5G":"5G","layer_id":179,"fid":1914,"label":"Viễn thông Vĩnh Long"}},{"type":"Feature","geometry":{"type":"Point","coordinates":[106.36209,10.2693]},"properties":{"Tên doanh nghiệp":"Viễn thông Vĩnh Long","Tên trạm BTS":"PHDHQG-TpHCM-BTE","Địa chỉ lắp đặt":"Phú Tân, Vĩnh Long","Trạm 5G":"5G","layer_id":179,"fid":1915,"label":"Viễn thông Vĩnh Long"}},{"type":"Feature","geometry":{"type":"Point","coordinates":[106.34414,10.325013]},"properties":{"Tên doanh nghiệp":"Viễn thông Vĩnh Long","Tên trạm BTS":"Du-Lich-MeKong-BTE","Địa chỉ lắp đặt":"Phú Túc, Vĩnh Long","Trạm 5G":"5G","layer_id":179,"fid":1916,"label":"Viễn thông Vĩnh Long"}},{"type":"Feature","geometry":{"type":"Point","coordinates":[106.37142,10.22862]},"properties":{"Tên doanh nghiệp":"Viễn thông Vĩnh Long","Tên trạm BTS":"BTE2008-20-BTE","Địa chỉ lắp đặt":"An Hội, Vĩnh Long","Trạm 5G":"5G","layer_id":179,"fid":1917,"label":"Viễn thông Vĩnh Long"}},{"type":"Feature","geometry":{"type":"Point","coordinates":[106.41362,10.231001]},"properties":{"Tên doanh nghiệp":"Viễn thông Vĩnh Long","Tên trạm BTS":"Ben-Tre-3-BTE","Địa chỉ lắp đặt":"Phú Khương, Vĩnh Long","Trạm 5G":"5G","layer_id":179,"fid":1918,"label":"Viễn thông Vĩnh Long"}},{"type":"Feature","geometry":{"type":"Point","coordinates":[106.39134,10.29079]},"properties":{"Tên doanh nghiệp":"Viễn thông Vĩnh Long","Tên trạm BTS":"An-Phuoc-BTE","Địa chỉ lắp đặt":"Giao Long, Vĩnh Long","Trạm 5G":"5G","layer_id":179,"fid":1919,"label":"Viễn thông Vĩnh Long"}},{"type":"Feature","geometry":{"type":"Point","coordinates":[106.363293,10.233114]},"properties":{"Tên doanh nghiệp":"Viễn thông Vĩnh Long","Tên trạm BTS":"BTE2008-25-BTE","Địa chỉ lắp đặt":"Bến Tre, Vĩnh Long","Trạm 5G":"5G","layer_id":179,"fid":1920,"label":"Viễn thông Vĩnh Long"}},{"type":"Feature","geometry":{"type":"Point","coordinates":[106.36385,10.33547]},"properties":{"Tên doanh nghiệp":"Viễn thông Vĩnh Long","Tên trạm BTS":"Con-Phung-BTE","Địa chỉ lắp đặt":"Phú Túc, Vĩnh Long","Trạm 5G":"5G","layer_id":179,"fid":1921,"label":"Viễn thông Vĩnh Long"}},{"type":"Feature","geometry":{"type":"Point","coordinates":[106.36136,10.26224]},"properties":{"Tên doanh nghiệp":"Viễn thông Vĩnh Long","Tên trạm BTS":"BTE2008-6-BTE","Địa chỉ lắp đặt":"Sơn Đông, Vĩnh Long","Trạm 5G":"5G","layer_id":179,"fid":1922,"label":"Viễn thông Vĩnh Long"}},{"type":"Feature","geometry":{"type":"Point","coordinates":[106.37616,10.2549]},"properties":{"Tên doanh nghiệp":"Viễn thông Vĩnh Long","Tên trạm BTS":"Phu-Khuong-BTE","Địa chỉ lắp đặt":"Phú Khương, Vĩnh Long","Trạm 5G":"5G","layer_id":179,"fid":1923,"label":"Viễn thông Vĩnh Long"}},{"type":"Feature","geometry":{"type":"Point","coordinates":[106.38108,10.25072]},"properties":{"Tên doanh nghiệp":"Viễn thông Vĩnh Long","Tên trạm BTS":"Vuon-Uom-BTE","Địa chỉ lắp đặt":"Phú Khương, Vĩnh Long","Trạm 5G":"5G","layer_id":179,"fid":1924,"label":"Viễn thông Vĩnh Long"}},{"type":"Feature","geometry":{"type":"Point","coordinates":[106.37013,10.25204]},"properties":{"Tên doanh nghiệp":"Viễn thông Vĩnh Long","Tên trạm BTS":"BTE2008-19-BTE","Địa chỉ lắp đặt":"Phú Khương, Vĩnh Long","Trạm 5G":"5G","layer_id":179,"fid":1925,"label":"Viễn thông Vĩnh Long"}},{"type":"Feature","geometry":{"type":"Point","coordinates":[106.37047,10.23835]},"properties":{"Tên doanh nghiệp":"Viễn thông Vĩnh Long","Tên trạm BTS":"BTE2008-22-BTE","Địa chỉ lắp đặt":"An Hội, Vĩnh Long","Trạm 5G":"5G","layer_id":179,"fid":1926,"label":"Viễn thông Vĩnh Long"}},{"type":"Feature","geometry":{"type":"Point","coordinates":[106.40594,10.29327]},"properties":{"Tên doanh nghiệp":"Viễn thông Vĩnh Long","Tên trạm BTS":"KCN-Giao-Long-3-BTE","Địa chỉ lắp đặt":"Giao Long, Vĩnh Long","Trạm 5G":"5G","layer_id":179,"fid":1927,"label":"Viễn thông Vĩnh Long"}},{"type":"Feature","geometry":{"type":"Point","coordinates":[106.39058,10.23957]},"properties":{"Tên doanh nghiệp":"Viễn thông Vĩnh Long","Tên trạm BTS":"Phuong-8-BTE","Địa chỉ lắp đặt":"Phú Khương, Vĩnh Long","Trạm 5G":"5G","layer_id":179,"fid":1928,"label":"Viễn thông Vĩnh Long"}},{"type":"Feature","geometry":{"type":"Point","coordinates":[106.37565,10.235609]},"properties":{"Tên doanh nghiệp":"Viễn thông Vĩnh Long","Tên trạm BTS":"Ben-Tre-BTE","Địa chỉ lắp đặt":"An Hội, Vĩnh Long","Trạm 5G":"5G","layer_id":179,"fid":1929,"label":"Viễn thông Vĩnh Long"}},{"type":"Feature","geometry":{"type":"Point","coordinates":[106.40245,10.30142]},"properties":{"Tên doanh nghiệp":"Viễn thông Vĩnh Long","Tên trạm BTS":"KCN-Giao-Long-BTE","Địa chỉ lắp đặt":"Giao Long, Vĩnh Long","Trạm 5G":"5G","layer_id":179,"fid":1930,"label":"Viễn thông Vĩnh Long"}},{"type":"Feature","geometry":{"type":"Point","coordinates":[106.3641,10.22163]},"properties":{"Tên doanh nghiệp":"Viễn thông Vĩnh Long","Tên trạm BTS":"My-Thanh-An-BTE","Địa chỉ lắp đặt":"An Hội, Vĩnh Long","Trạm 5G":"5G","layer_id":179,"fid":1931,"label":"Viễn thông Vĩnh Long"}},{"type":"Feature","geometry":{"type":"Point","coordinates":[106.34635,10.310136]},"properties":{"Tên doanh nghiệp":"Viễn thông Vĩnh Long","Tên trạm BTS":"Cau-Rach-Mieu-BTE","Địa chỉ lắp đặt":"Phú Túc, Vĩnh Long","Trạm 5G":"5G","layer_id":179,"fid":1932,"label":"Viễn thông Vĩnh Long"}},{"type":"Feature","geometry":{"type":"Point","coordinates":[106.36136,10.30921]},"properties":{"Tên doanh nghiệp":"Viễn thông Vĩnh Long","Tên trạm BTS":"Chau-Thanh-BTE","Địa chỉ lắp đặt":"Phú Túc, Vĩnh Long","Trạm 5G":"5G","layer_id":179,"fid":1933,"label":"Viễn thông Vĩnh Long"}},{"type":"Feature","geometry":{"type":"Point","coordinates":[106.37077,10.243363]},"properties":{"Tên doanh nghiệp":"Viễn thông Vĩnh Long","Tên trạm BTS":"Lo-Hang-Keo-BTE","Địa chỉ lắp đặt":"Phú Khương, Vĩnh Long","Trạm 5G":"5G","layer_id":179,"fid":1934,"label":"Viễn thông Vĩnh Long"}},{"type":"Feature","geometry":{"type":"Point","coordinates":[106.38253,10.25711]},"properties":{"Tên doanh nghiệp":"Viễn thông Vĩnh Long","Tên trạm BTS":"Nga-4-Tu-Dien-BTE","Địa chỉ lắp đặt":"Phú Khương, Vĩnh Long","Trạm 5G":"5G","layer_id":179,"fid":1935,"label":"Viễn thông Vĩnh Long"}},{"type":"Feature","geometry":{"type":"Point","coordinates":[106.35696,10.22907]},"properties":{"Tên doanh nghiệp":"Viễn thông Vĩnh Long","Tên trạm BTS":"Tram-VT-Phuong-7-BTE","Địa chỉ lắp đặt":"Bến Tre, Vĩnh Long","Trạm 5G":"5G","layer_id":179,"fid":1936,"label":"Viễn thông Vĩnh Long"}},{"type":"Feature","geometry":{"type":"Point","coordinates":[106.397365,10.253956]},"properties":{"Tên doanh nghiệp":"Viễn thông Vĩnh Long","Tên trạm BTS":"Lo-Thay-Cai-BTE","Địa chỉ lắp đặt":"Phú Khương, Vĩnh Long","Trạm 5G":"5G","layer_id":179,"fid":1937,"label":"Viễn thông Vĩnh Long"}},{"type":"Feature","geometry":{"type":"Point","coordinates":[106.377615,10.240642]},"properties":{"Tên doanh nghiệp":"Viễn thông Vĩnh Long","Tên trạm BTS":"Dai-Truyen-Hinh-BTE","Địa chỉ lắp đặt":"An Hội, Vĩnh Long","Trạm 5G":"5G","layer_id":179,"fid":1938,"label":"Viễn thông Vĩnh Long"}},{"type":"Feature","geometry":{"type":"Point","coordinates":[106.39588,10.29515]},"properties":{"Tên doanh nghiệp":"Viễn thông Vĩnh Long","Tên trạm BTS":"KCN-Giao-Long-2-BTE","Địa chỉ lắp đặt":"Giao Long, Vĩnh Long","Trạm 5G":"5G","layer_id":179,"fid":1939,"label":"Viễn thông Vĩnh Long"}},{"type":"Feature","geometry":{"type":"Point","coordinates":[106.37647,10.246591]},"properties":{"Tên doanh nghiệp":"Viễn thông Vĩnh Long","Tên trạm BTS":"BTE2008-21-BTE","Địa chỉ lắp đặt":"Phú Khương, Vĩnh Long","Trạm 5G":"5G","layer_id":179,"fid":1940,"label":"Viễn thông Vĩnh Long"}},{"type":"Feature","geometry":{"type":"Point","coordinates":[106.38868,10.30372]},"properties":{"Tên doanh nghiệp":"Viễn thông Vĩnh Long","Tên trạm BTS":"Phu-An-Hoa-BTE","Địa chỉ lắp đặt":"Giao Long, Vĩnh Long","Trạm 5G":"5G","layer_id":179,"fid":1941,"label":"Viễn thông Vĩnh Long"}},{"type":"Feature","geometry":{"type":"Point","coordinates":[106.28748,10.276698]},"properties":{"Tên doanh nghiệp":"Viễn thông Vĩnh Long","Tên trạm BTS":"An-Hiep-BTE","Địa chỉ lắp đặt":"Phú Túc, Vĩnh Long","Trạm 5G":"5G","layer_id":179,"fid":1942,"label":"Viễn thông Vĩnh Long"}},{"type":"Feature","geometry":{"type":"Point","coordinates":[106.66926,10.14638]},"properties":{"Tên doanh nghiệp":"Viễn thông Vĩnh Long","Tên trạm BTS":"Dai-Hoa-Loc-BTE","Địa chỉ lắp đặt":"Thạnh Phước, Vĩnh Long","Trạm 5G":"5G","layer_id":179,"fid":1943,"label":"Viễn thông Vĩnh Long"}},{"type":"Feature","geometry":{"type":"Point","coordinates":[106.658371,10.200511]},"properties":{"Tên doanh nghiệp":"Viễn thông Vĩnh Long","Tên trạm BTS":"Cau-Sat-BTE","Địa chỉ lắp đặt":"Bình Đại, Vĩnh Long","Trạm 5G":"5G","layer_id":179,"fid":1944,"label":"Viễn thông Vĩnh Long"}},{"type":"Feature","geometry":{"type":"Point","coordinates":[106.70295,10.19063]},"properties":{"Tên doanh nghiệp":"Viễn thông Vĩnh Long","Tên trạm BTS":"Binh-Dai-2-BTE","Địa chỉ lắp đặt":"Bình Đại, Vĩnh Long","Trạm 5G":"5G","layer_id":179,"fid":1945,"label":"Viễn thông Vĩnh Long"}},{"type":"Feature","geometry":{"type":"Point","coordinates":[106.70627,10.20118]},"properties":{"Tên doanh nghiệp":"Viễn thông Vĩnh Long","Tên trạm BTS":"Binh-Thang-BTE","Địa chỉ lắp đặt":"Bình Đại, Vĩnh Long","Trạm 5G":"5G","layer_id":179,"fid":1946,"label":"Viễn thông Vĩnh Long"}},{"type":"Feature","geometry":{"type":"Point","coordinates":[106.69175,10.18922]},"properties":{"Tên doanh nghiệp":"Viễn thông Vĩnh Long","Tên trạm BTS":"Binh-Dai-BTE","Địa chỉ lắp đặt":"Bình Đại, Vĩnh Long","Trạm 5G":"5G","layer_id":179,"fid":1947,"label":"Viễn thông Vĩnh Long"}},{"type":"Feature","geometry":{"type":"Point","coordinates":[106.68698,10.19625]},"properties":{"Tên doanh nghiệp":"Viễn thông Vĩnh Long","Tên trạm BTS":"Binh-Hoa-Binh-Dai-BTE","Địa chỉ lắp đặt":"Bình Đại, Vĩnh Long","Trạm 5G":"5G","layer_id":179,"fid":1948,"label":"Viễn thông Vĩnh Long"}},{"type":"Feature","geometry":{"type":"Point","coordinates":[106.20464,9.99496]},"properties":{"Tên doanh nghiệp":"Viễn thông Vĩnh Long","Tên trạm BTS":"CANG-LONG_TVH","Địa chỉ lắp đặt":"VT Càng Long, Xã Càng Long, Tỉnh Vĩnh Long","Trạm 5G":"5G","layer_id":179,"fid":1949,"label":"Viễn thông Vĩnh Long"}},{"type":"Feature","geometry":{"type":"Point","coordinates":[106.05615,9.87255]},"properties":{"Tên doanh nghiệp":"Viễn thông Vĩnh Long","Tên trạm BTS":"CAU-KE_TVH","Địa chỉ lắp đặt":"Xã Cầu Kè, Tỉnh Vĩnh Long","Trạm 5G":"5G","layer_id":179,"fid":1950,"label":"Viễn thông Vĩnh Long"}},{"type":"Feature","geometry":{"type":"Point","coordinates":[106.45301,9.79547]},"properties":{"Tên doanh nghiệp":"Viễn thông Vĩnh Long","Tên trạm BTS":"CAU-NGANG_TVH","Địa chỉ lắp đặt":"Bưu cục Cầu Ngang, Xã Cầu Ngang, Tỉnh Vĩnh Long","Trạm 5G":"5G","layer_id":179,"fid":1951,"label":"Viễn thông Vĩnh Long"}},{"type":"Feature","geometry":{"type":"Point","coordinates":[106.348592,9.870873]},"properties":{"Tên doanh nghiệp":"Viễn thông Vĩnh Long","Tên trạm BTS":"CHAU-THANH_TVH","Địa chỉ lắp đặt":"BĐ CHÂU THÀNH, Xã Châu Thành - Tỉnh Vĩnh Long","Trạm 5G":"5G","layer_id":179,"fid":1952,"label":"Viễn thông Vĩnh Long"}},{"type":"Feature","geometry":{"type":"Point","coordinates":[106.18707,10.23302]},"properties":{"Tên doanh nghiệp":"Viễn thông Vĩnh Long","Tên trạm BTS":"Long-Thoi-BTE","Địa chỉ lắp đặt":"Chợ Lách, Vĩnh Long","Trạm 5G":"5G","layer_id":179,"fid":1953,"label":"Viễn thông Vĩnh Long"}},{"type":"Feature","geometry":{"type":"Point","coordinates":[106.21573,10.2067]},"properties":{"Tên doanh nghiệp":"Viễn thông Vĩnh Long","Tên trạm BTS":"Cai-Mon-BTE","Địa chỉ lắp đặt":"Vĩnh Thành, Vĩnh Long","Trạm 5G":"5G","layer_id":179,"fid":1954,"label":"Viễn thông Vĩnh Long"}},{"type":"Feature","geometry":{"type":"Point","coordinates":[106.12086,10.25792]},"properties":{"Tên doanh nghiệp":"Viễn thông Vĩnh Long","Tên trạm BTS":"Cho-Lach-BTE","Địa chỉ lắp đặt":"Chợ Lách, Vĩnh Long","Trạm 5G":"5G","layer_id":179,"fid":1955,"label":"Viễn thông Vĩnh Long"}},{"type":"Feature","geometry":{"type":"Point","coordinates":[106.42657,9.66343]},"properties":{"Tên doanh nghiệp":"Viễn thông Vĩnh Long","Tên trạm BTS":"NGU-LAC_TVH","Địa chỉ lắp đặt":"Trạm VT Ấp Cây Da, Xã Ngũ Lạc, Tỉnh Vĩnh Long","Trạm 5G":"5G","layer_id":179,"fid":1956,"label":"Viễn thông Vĩnh Long"}},{"type":"Feature","geometry":{"type":"Point","coordinates":[106.49665,9.64038]},"properties":{"Tên doanh nghiệp":"Viễn thông Vĩnh Long","Tên trạm BTS":"PHUONG-1-TXDHI","Địa chỉ lắp đặt":"khóm 2, Phường Duyên Hải, Tỉnh Vĩnh Long","Trạm 5G":"5G","layer_id":179,"fid":1957,"label":"Viễn thông Vĩnh Long"}},{"type":"Feature","geometry":{"type":"Point","coordinates":[106.49499,9.63238]},"properties":{"Tên doanh nghiệp":"Viễn thông Vĩnh Long","Tên trạm BTS":"DUYEN-HAI_TVH","Địa chỉ lắp đặt":"Bưu cục  Duyên Hải, Phường Duyên Hải, Tỉnh Vĩnh Long","Trạm 5G":"5G","layer_id":179,"fid":1958,"label":"Viễn thông Vĩnh Long"}},{"type":"Feature","geometry":{"type":"Point","coordinates":[106.43521,9.55209]},"properties":{"Tên doanh nghiệp":"Viễn thông Vĩnh Long","Tên trạm BTS":"DONG-HAI_TVH","Địa chỉ lắp đặt":"Bưu cục Đông Hải, xã Đông Hải, Tỉnh Vĩnh Long","Trạm 5G":"5G","layer_id":179,"fid":1959,"label":"Viễn thông Vĩnh Long"}},{"type":"Feature","geometry":{"type":"Point","coordinates":[106.50121,9.64621]},"properties":{"Tên doanh nghiệp":"Viễn thông Vĩnh Long","Tên trạm BTS":"DUYEN-HAI-2_TVH","Địa chỉ lắp đặt":"Tầng trệt, Ấp Bến Chuối, Phường Duyên Hải, Tỉnh Vĩnh Long","Trạm 5G":"5G","layer_id":179,"fid":1960,"label":"Viễn thông Vĩnh Long"}},{"type":"Feature","geometry":{"type":"Point","coordinates":[106.43695,10.22083]},"properties":{"Tên doanh nghiệp":"Viễn thông Vĩnh Long","Tên trạm BTS":"My-Long-BTE","Địa chỉ lắp đặt":" Phước Long, Vĩnh Long","Trạm 5G":"5G","layer_id":179,"fid":1961,"label":"Viễn thông Vĩnh Long"}},{"type":"Feature","geometry":{"type":"Point","coordinates":[106.5065,10.14986]},"properties":{"Tên doanh nghiệp":"Viễn thông Vĩnh Long","Tên trạm BTS":"Giong-Trom-BTE","Địa chỉ lắp đặt":"Giồng Trôm, Vĩnh Long","Trạm 5G":"5G","layer_id":179,"fid":1962,"label":"Viễn thông Vĩnh Long"}},{"type":"Feature","geometry":{"type":"Point","coordinates":[105.971707,10.253376]},"properties":{"Tên doanh nghiệp":"Viễn thông Vĩnh Long","Tên trạm BTS":"VINH-LONG_VLG.VLO","Địa chỉ lắp đặt":"Số 3, đường Trưng Nữ Vương, phường Long Châu, tỉnh Vĩnh Long.","Trạm 5G":"5G","layer_id":179,"fid":1963,"label":"Viễn thông Vĩnh Long"}},{"type":"Feature","geometry":{"type":"Point","coordinates":[105.961048,10.233961]},"properties":{"Tên doanh nghiệp":"Viễn thông Vĩnh Long","Tên trạm BTS":"VLO048A_VLG.VLO","Địa chỉ lắp đặt":"Khóm 4, Phường Phước Hậu, tỉnh Vĩnh Long","Trạm 5G":"5G","layer_id":179,"fid":1964,"label":"Viễn thông Vĩnh Long"}},{"type":"Feature","geometry":{"type":"Point","coordinates":[105.96153,10.25654]},"properties":{"Tên doanh nghiệp":"Viễn thông Vĩnh Long","Tên trạm BTS":"VLG2008-4_VLG.VLO","Địa chỉ lắp đặt":"Số 274/4, đường Phạm Hùng, khóm 1, phường Long Châu, tỉnh Vĩnh Long.","Trạm 5G":"5G","layer_id":179,"fid":1965,"label":"Viễn thông Vĩnh Long"}},{"type":"Feature","geometry":{"type":"Point","coordinates":[106.109696,10.174333]},"properties":{"Tên doanh nghiệp":"Viễn thông Vĩnh Long","Tên trạm BTS":"MANG-THIT_VLG.MTH","Địa chỉ lắp đặt":"khóm 1, xã Cái Nhum, tỉnh Vĩnh Long.","Trạm 5G":"5G","layer_id":179,"fid":1966,"label":"Viễn thông Vĩnh Long"}},{"type":"Feature","geometry":{"type":"Point","coordinates":[105.959082,10.246257]},"properties":{"Tên doanh nghiệp":"Viễn thông Vĩnh Long","Tên trạm BTS":"PHUONG-2_VLG.VLO","Địa chỉ lắp đặt":"Số 144, đường Nguyễn Huệ, phường Long Châu, tỉnh Vĩnh Long.","Trạm 5G":"5G","layer_id":179,"fid":1967,"label":"Viễn thông Vĩnh Long"}},{"type":"Feature","geometry":{"type":"Point","coordinates":[105.953239,10.257161]},"properties":{"Tên doanh nghiệp":"Viễn thông Vĩnh Long","Tên trạm BTS":"PHUONG-9_VLG.VLO","Địa chỉ lắp đặt":"Số 152/5, đường Phạm Hùng, khóm 1, phường Long Châu, tỉnh Vĩnh Long.","Trạm 5G":"5G","layer_id":179,"fid":1968,"label":"Viễn thông Vĩnh Long"}},{"type":"Feature","geometry":{"type":"Point","coordinates":[105.972168,10.249036]},"properties":{"Tên doanh nghiệp":"Viễn thông Vĩnh Long","Tên trạm BTS":"VLO043A_VLG.VLO","Địa chỉ lắp đặt":"Số 159/92, đường Nguyễn Thị Minh Khai, phường Long Châu, tỉnh Vĩnh Long.","Trạm 5G":"5G","layer_id":179,"fid":1969,"label":"Viễn thông Vĩnh Long"}},{"type":"Feature","geometry":{"type":"Point","coordinates":[105.94729,10.25009]},"properties":{"Tên doanh nghiệp":"Viễn thông Vĩnh Long","Tên trạm BTS":"PHUONG-9-2_VLG.VLO","Địa chỉ lắp đặt":"Số 107/3A, khóm 3, phường Long Châu, tỉnh Vĩnh Long.","Trạm 5G":"5G","layer_id":179,"fid":1970,"label":"Viễn thông Vĩnh Long"}},{"type":"Feature","geometry":{"type":"Point","coordinates":[105.92805,10.16484]},"properties":{"Tên doanh nghiệp":"Viễn thông Vĩnh Long","Tên trạm BTS":"LHO034A_VLG.LHO","Địa chỉ lắp đặt":"Ấp Phước Yên A xã Phú Qưới, tỉnh Vĩnh Long","Trạm 5G":"5G","layer_id":179,"fid":1971,"label":"Viễn thông Vĩnh Long"}},{"type":"Feature","geometry":{"type":"Point","coordinates":[106.013353,10.19297]},"properties":{"Tên doanh nghiệp":"Viễn thông Vĩnh Long","Tên trạm BTS":"LONG-HO_VLG.LHO","Địa chỉ lắp đặt":"Khóm 1, xã Long Hồ, tỉnh Vĩnh Long.","Trạm 5G":"5G","layer_id":179,"fid":1972,"label":"Viễn thông Vĩnh Long"}},{"type":"Feature","geometry":{"type":"Point","coordinates":[105.95978,10.250607]},"properties":{"Tên doanh nghiệp":"Viễn thông Vĩnh Long","Tên trạm BTS":"VLG2022-VTT-01","Địa chỉ lắp đặt":"Số 52/84/36A, đường Nguyễn Huệ, Phường Long Châu, tỉnh Vĩnh Long","Trạm 5G":"5G","layer_id":179,"fid":1973,"label":"Viễn thông Vĩnh Long"}},{"type":"Feature","geometry":{"type":"Point","coordinates":[105.92531,10.17268]},"properties":{"Tên doanh nghiệp":"Viễn thông Vĩnh Long","Tên trạm BTS":"3G_LHO044M_VLG.LHO","Địa chỉ lắp đặt":"Ấp Phước yên B, xã Phú Qưới, tỉnh Vĩnh Long.","Trạm 5G":"5G","layer_id":179,"fid":1974,"label":"Viễn thông Vĩnh Long"}},{"type":"Feature","geometry":{"type":"Point","coordinates":[106.51689,9.95167]},"properties":{"Tên doanh nghiệp":"Viễn thông Vĩnh Long","Tên trạm BTS":"Thanh-Phu-BTE","Địa chỉ lắp đặt":"Thạnh Phú, Vĩnh Long","Trạm 5G":"5G","layer_id":179,"fid":1984,"label":"Viễn thông Vĩnh Long"}},{"type":"Feature","geometry":{"type":"Point","coordinates":[105.977933,10.247315]},"properties":{"Tên doanh nghiệp":"Viễn thông Vĩnh Long","Tên trạm BTS":"DTH-VLG-2_VLG.VLO","Địa chỉ lắp đặt":"Số 51/8/7, đường Phạm Thái Bường,phường Phước Hậu, tỉnh Vĩnh Long.","Trạm 5G":"5G","layer_id":179,"fid":1975,"label":"Viễn thông Vĩnh Long"}},{"type":"Feature","geometry":{"type":"Point","coordinates":[105.96009,10.242909]},"properties":{"Tên doanh nghiệp":"Viễn thông Vĩnh Long","Tên trạm BTS":"VLG2022-VTT-02","Địa chỉ lắp đặt":"Tờ bản đồ số 32, thửa đất số 53, đường Hoàng Hoa Thám, Phường Long Châu, tỉnh Vĩnh Long","Trạm 5G":"5G","layer_id":179,"fid":1976,"label":"Viễn thông Vĩnh Long"}},{"type":"Feature","geometry":{"type":"Point","coordinates":[105.9774,10.244533]},"properties":{"Tên doanh nghiệp":"Viễn thông Vĩnh Long","Tên trạm BTS":"CX-TIEN-DUNG_VLG.VLO","Địa chỉ lắp đặt":"Số 58D, đường Phạm Thái Bường, khóm 1,phường Phước Hậu, tỉnh Vĩnh Long.","Trạm 5G":"5G","layer_id":179,"fid":1977,"label":"Viễn thông Vĩnh Long"}},{"type":"Feature","geometry":{"type":"Point","coordinates":[105.96409,10.25188]},"properties":{"Tên doanh nghiệp":"Viễn thông Vĩnh Long","Tên trạm BTS":"BAO-VINH-LONG_VLG.VLO","Địa chỉ lắp đặt":"Số 44/1A, đường Lê Thị Hồng Gấm, phường Long Châu, tỉnh Vĩnh Long.","Trạm 5G":"5G","layer_id":179,"fid":1978,"label":"Viễn thông Vĩnh Long"}},{"type":"Feature","geometry":{"type":"Point","coordinates":[105.975869,10.252629]},"properties":{"Tên doanh nghiệp":"Viễn thông Vĩnh Long","Tên trạm BTS":"VLO042A_VLG.VLO","Địa chỉ lắp đặt":"Số 83, đường Hùng Vương, phường Long Châu, tỉnh Vĩnh Long.","Trạm 5G":"5G","layer_id":179,"fid":1979,"label":"Viễn thông Vĩnh Long"}},{"type":"Feature","geometry":{"type":"Point","coordinates":[106.00555,10.19797]},"properties":{"Tên doanh nghiệp":"Viễn thông Vĩnh Long","Tên trạm BTS":"3G_LHO041M_VLG.LHO","Địa chỉ lắp đặt":"Số 270/20, Khóm 5, xã Long Hồ, tỉnh Vĩnh Long","Trạm 5G":"5G","layer_id":179,"fid":1980,"label":"Viễn thông Vĩnh Long"}},{"type":"Feature","geometry":{"type":"Point","coordinates":[105.954777,10.2388]},"properties":{"Tên doanh nghiệp":"Viễn thông Vĩnh Long","Tên trạm BTS":"VLG2008-10_VLG.VLO","Địa chỉ lắp đặt":"Số 45/4B, đường Nguyễn Văn Lầu, khóm 4, phường Tân Hạnh, tỉnh Vĩnh Long.","Trạm 5G":"5G","layer_id":179,"fid":1981,"label":"Viễn thông Vĩnh Long"}},{"type":"Feature","geometry":{"type":"Point","coordinates":[106.27421,10.18376]},"properties":{"Tên doanh nghiệp":"Viễn thông Vĩnh Long","Tên trạm BTS":"Ba-Vat-BTE","Địa chỉ lắp đặt":"Phước Mỹ Trung, Vĩnh Long","Trạm 5G":"5G","layer_id":179,"fid":1982,"label":"Viễn thông Vĩnh Long"}},{"type":"Feature","geometry":{"type":"Point","coordinates":[106.33283,10.12928]},"properties":{"Tên doanh nghiệp":"Viễn thông Vĩnh Long","Tên trạm BTS":"Mo-Cay-BTE","Địa chỉ lắp đặt":"Mỏ Cày, Vĩnh Long","Trạm 5G":"5G","layer_id":179,"fid":1983,"label":"Viễn thông Vĩnh Long"}},{"type":"Feature","geometry":{"type":"Point","coordinates":[106.55758,9.90942]},"properties":{"Tên doanh nghiệp":"Viễn thông Vĩnh Long","Tên trạm BTS":"An-Quy-BTE","Địa chỉ lắp đặt":"An Qui, Vĩnh Long","Trạm 5G":"5G","layer_id":179,"fid":1985,"label":"Viễn thông Vĩnh Long"}},{"type":"Feature","geometry":{"type":"Point","coordinates":[106.5192,9.9427]},"properties":{"Tên doanh nghiệp":"Viễn thông Vĩnh Long","Tên trạm BTS":"Thanh-Phu-2-BTE","Địa chỉ lắp đặt":"Thạnh Phú, Vĩnh Long","Trạm 5G":"5G","layer_id":179,"fid":1986,"label":"Viễn thông Vĩnh Long"}},{"type":"Feature","geometry":{"type":"Point","coordinates":[106.50144,9.988025]},"properties":{"Tên doanh nghiệp":"Viễn thông Vĩnh Long","Tên trạm BTS":"My-Hung-2-BTE","Địa chỉ lắp đặt":"Quới Điền, Vĩnh Long","Trạm 5G":"5G","layer_id":179,"fid":1987,"label":"Viễn thông Vĩnh Long"}},{"type":"Feature","geometry":{"type":"Point","coordinates":[106.26116,9.67579]},"properties":{"Tên doanh nghiệp":"Viễn thông Vĩnh Long","Tên trạm BTS":"THANH-XUYEN_TVH","Địa chỉ lắp đặt":"Ấp Thanh Xuyên,Xã Hàm Giang,Tỉnh Vĩnh Long","Trạm 5G":"5G","layer_id":179,"fid":1988,"label":"Viễn thông Vĩnh Long"}},{"type":"Feature","geometry":{"type":"Point","coordinates":[106.25939,9.68924]},"properties":{"Tên doanh nghiệp":"Viễn thông Vĩnh Long","Tên trạm BTS":"TRA-CU_TVH","Địa chỉ lắp đặt":"Bưu cục Trà Cú, Xã Trà Cú, Tỉnh Vĩnh Long","Trạm 5G":"5G","layer_id":179,"fid":1989,"label":"Viễn thông Vĩnh Long"}},{"type":"Feature","geometry":{"type":"Point","coordinates":[106.18935,9.81254]},"properties":{"Tên doanh nghiệp":"Viễn thông Vĩnh Long","Tên trạm BTS":"TIEU-CAN_TVH","Địa chỉ lắp đặt":"BC TIỂU CẦN, Xã Tiểu Cần, Tỉnh Vĩnh Long","Trạm 5G":"5G","layer_id":179,"fid":1990,"label":"Viễn thông Vĩnh Long"}},{"type":"Feature","geometry":{"type":"Point","coordinates":[106.33733,9.94663]},"properties":{"Tên doanh nghiệp":"Viễn thông Vĩnh Long","Tên trạm BTS":"TAP-THE-CUC-THUE_TVH","Địa chỉ lắp đặt":"Phường Trà Vinh, Tỉnh Vĩnh Long","Trạm 5G":"5G","layer_id":179,"fid":1991,"label":"Viễn thông Vĩnh Long"}},{"type":"Feature","geometry":{"type":"Point","coordinates":[106.33717,9.94009]},"properties":{"Tên doanh nghiệp":"Viễn thông Vĩnh Long","Tên trạm BTS":"SAN-VAN-DONG-2_TVH","Địa chỉ lắp đặt":"Phường Trà Vinh, Tỉnh Vĩnh Long","Trạm 5G":"5G","layer_id":179,"fid":1992,"label":"Viễn thông Vĩnh Long"}},{"type":"Feature","geometry":{"type":"Point","coordinates":[106.33904,9.93019]},"properties":{"Tên doanh nghiệp":"Viễn thông Vĩnh Long","Tên trạm BTS":"TIEU-HOC-PHUONG-6_TVH","Địa chỉ lắp đặt":"Trệt, đường Phan Đình Phùng, Phường Trà Vinh, Tỉnh Vĩnh Long","Trạm 5G":"5G","layer_id":179,"fid":1993,"label":"Viễn thông Vĩnh Long"}},{"type":"Feature","geometry":{"type":"Point","coordinates":[106.34646,9.93486]},"properties":{"Tên doanh nghiệp":"Viễn thông Vĩnh Long","Tên trạm BTS":"KHO-DAU-2_TVH","Địa chỉ lắp đặt":"Khóm 3, Phường Hòa Thuận, Tỉnh Vĩnh Long","Trạm 5G":"5G","layer_id":179,"fid":1994,"label":"Viễn thông Vĩnh Long"}},{"type":"Feature","geometry":{"type":"Point","coordinates":[106.34575,9.97193]},"properties":{"Tên doanh nghiệp":"Viễn thông Vĩnh Long","Tên trạm BTS":"KHU-CONG-NGHIEP_TVH","Địa chỉ lắp đặt":"Cty xây lắp bưu điện-đường số 1-KCN Long Đức-Phường Long Đức-Tỉnh Vĩnh Long","Trạm 5G":"5G","layer_id":179,"fid":1995,"label":"Viễn thông Vĩnh Long"}},{"type":"Feature","geometry":{"type":"Point","coordinates":[106.33902,9.92332]},"properties":{"Tên doanh nghiệp":"Viễn thông Vĩnh Long","Tên trạm BTS":"BUU-DIEN-TINH-MOI_TVH","Địa chỉ lắp đặt":"577 Mậu Thân, Phường Trà Vinh, Tỉnh Vĩnh Long","Trạm 5G":"5G","layer_id":179,"fid":1996,"label":"Viễn thông Vĩnh Long"}},{"type":"Feature","geometry":{"type":"Point","coordinates":[106.33331,9.93427]},"properties":{"Tên doanh nghiệp":"Viễn thông Vĩnh Long","Tên trạm BTS":"KS-CUU-LONG-2_TVH","Địa chỉ lắp đặt":"381A Nguyễn Thị Minh Khai, Phường Nguyệt Hóa, Tỉnh Vĩnh Long","Trạm 5G":"5G","layer_id":179,"fid":1997,"label":"Viễn thông Vĩnh Long"}},{"type":"Feature","geometry":{"type":"Point","coordinates":[106.34174,9.93756]},"properties":{"Tên doanh nghiệp":"Viễn thông Vĩnh Long","Tên trạm BTS":"TRA-VINH_TVH","Địa chỉ lắp đặt":"70 Hùng Vương, Phường Long Đức, Tỉnh Vĩnh Long","Trạm 5G":"5G","layer_id":179,"fid":1998,"label":"Viễn thông Vĩnh Long"}},{"type":"Feature","geometry":{"type":"Point","coordinates":[106.35404,9.92315]},"properties":{"Tên doanh nghiệp":"Viễn thông Vĩnh Long","Tên trạm BTS":"DAI-HOC-TRA-VINH_TVH","Địa chỉ lắp đặt":"Đường tránh, QL 53, Phường Hòa Thuận, Tỉnh Vĩnh Long","Trạm 5G":"5G","layer_id":179,"fid":1999,"label":"Viễn thông Vĩnh Long"}},{"type":"Feature","geometry":{"type":"Point","coordinates":[106.33969,9.95392]},"properties":{"Tên doanh nghiệp":"Viễn thông Vĩnh Long","Tên trạm BTS":"TRA-VINH-2_TVH","Địa chỉ lắp đặt":"Nhà dân, Ấp Sa Bình Phường Long Đức, Tỉnh Vĩnh Long","Trạm 5G":"5G","layer_id":179,"fid":2000,"label":"Viễn thông Vĩnh Long"}},{"type":"Feature","geometry":{"type":"Point","coordinates":[106.34273,9.94311]},"properties":{"Tên doanh nghiệp":"Viễn thông Vĩnh Long","Tên trạm BTS":"CHUA-LUONG-XUYEN_TVH","Địa chỉ lắp đặt":"Phường Trà Vinh, Tỉnh Vĩnh Long","Trạm 5G":"5G","layer_id":179,"fid":2001,"label":"Viễn thông Vĩnh Long"}},{"type":"Feature","geometry":{"type":"Point","coordinates":[106.19124,10.08766]},"properties":{"Tên doanh nghiệp":"Viễn thông Vĩnh Long","Tên trạm BTS":"3G_VLI038M_VLG.VLM","Địa chỉ lắp đặt":"Ấp Phong Thới, xã Trung Thành, tỉnh Vĩnh Long.","Trạm 5G":"5G","layer_id":179,"fid":2002,"label":"Viễn thông Vĩnh Long"}},{"type":"Feature","geometry":{"type":"Point","coordinates":[105.82105,10.06873]},"properties":{"Tên doanh nghiệp":"Viễn thông Vĩnh Long","Tên trạm BTS":"BMI015A_VLG.BMI","Địa chỉ lắp đặt":"Số 127/5, đường Ngô Quyền, khóm 1, phường Cái Vồn, TX.Bình Minh, tỉnh Vĩnh Long.","Trạm 5G":"5G","layer_id":179,"fid":2003,"label":"Viễn thông Vĩnh Long"}},{"type":"Feature","geometry":{"type":"Point","coordinates":[105.75376,10.10213]},"properties":{"Tên doanh nghiệp":"Viễn thông Vĩnh Long","Tên trạm BTS":"TAN-QUOI_VLG.BTN","Địa chỉ lắp đặt":"Ấp Tân Thuận, xã Tân Quới, huyện Bình Tân, tỉnh Vĩnh Long.","Trạm 5G":"5G","layer_id":179,"fid":2004,"label":"Viễn thông Vĩnh Long"}},{"type":"Feature","geometry":{"type":"Point","coordinates":[105.99963,10.04888]},"properties":{"Tên doanh nghiệp":"Viễn thông Vĩnh Long","Tên trạm BTS":"TAM-BINH_VLG.TBH","Địa chỉ lắp đặt":"Khóm 3, Xã Tam Bình, tỉnh Vĩnh Long.","Trạm 5G":"5G","layer_id":179,"fid":2005,"label":"Viễn thông Vĩnh Long"}},{"type":"Feature","geometry":{"type":"Point","coordinates":[105.920142,9.965619]},"properties":{"Tên doanh nghiệp":"Viễn thông Vĩnh Long","Tên trạm BTS":"TRA-ON_VLG.TON","Địa chỉ lắp đặt":"Số 10A, Khu 1, xã Trà Ôn, tỉnh Vĩnh Long.","Trạm 5G":"5G","layer_id":179,"fid":2006,"label":"Viễn thông Vĩnh Long"}}]}
