{"type":"FeatureCollection","name":"Phân bón","metadata":{"source":"https://hatang.vinhlong.gov.vn/","downloaded_at":"2026-07-20T01:13:41+00:00","layer_id":262,"layer_name":"Phân bón","catalog_endpoints":["/map/publicLayers2?inputs=bvtv"],"requested_bbox":[104.0,8.0,108.0,12.0],"tile_size":0.0,"tile_count":1,"tile_errors":[],"feature_count":793,"coordinate_order":"x,y (thường là longitude,latitude theo cấu hình EPSG:4326 của WebGIS)"},"features":[{"type":"Feature","id":42,"geometry":{"type":"Point","coordinates":[106.114755,10.10263]},"properties":{"Họ và tên":"Nguyễn Kim Phượng","Tên Đại Lý":"Nguyễn Kim Phượng","Địa chỉ đại lý":"Rạch Ngay Trung Hiệp","layer_id":262,"fid":42,"label":"Nguyễn Kim Phượng"}},{"type":"Feature","id":5,"geometry":{"type":"Point","coordinates":[105.95768,9.94]},"properties":{"Họ và tên":"Dương Văn Minh Giàu","Tên Đại Lý":"HKD Cửa hàng vật tư nông nghiệp Kim Vân Truyền 2","Địa chỉ đại lý":"ấp Đục Dông, xã Thiện Mỹ, huyện Trà Ôn, tỉnh Vĩnh Long","layer_id":262,"fid":5,"label":"HKD Cửa hàng vật tư nông nghiệp Kim Vân Truyền 2"}},{"type":"Feature","id":38,"geometry":{"type":"Point","coordinates":[106.083427,10.01093]},"properties":{"Họ và tên":"Nguyễn Văn Nam","Tên Đại Lý":"Nguyễn Văn Nam","Địa chỉ đại lý":"Hiếu Thọ Hiếu Thành","layer_id":262,"fid":38,"label":"Nguyễn Văn Nam"}},{"type":"Feature","id":64,"geometry":{"type":"Point","coordinates":[105.83316,10.07987]},"properties":{"Họ và tên":"Đỗ Trí Dũng","Tên Đại Lý":"Hộ kinh doanh Trí Dũng","Địa chỉ đại lý":"số 0808, tổ 6, ấp Thuận Tiến B, xã Thuận An, thị xã Bình Minh, tỉnh Vĩnh Long","layer_id":262,"fid":64,"label":"Hộ kinh doanh Trí Dũng"}},{"type":"Feature","id":161,"geometry":{"type":"Point","coordinates":[10.1472,105.91192]},"properties":{"Họ và tên":"Lê Thành Huệ","Tên Đại Lý":"HKD Thành Huệ","Địa chỉ đại lý":"ấp Phú Long B, xã Phú Quới, huyện Long Hồ, tỉnh Vĩnh Long","layer_id":262,"fid":161,"label":"HKD Thành Huệ"}},{"type":"Feature","id":2,"geometry":{"type":"Point","coordinates":[106.07,10.24]},"properties":{"Họ và tên":"Di Trần Đua","Tên Đại Lý":"Hộ kinh doanh cửa hàng VTNN Bảo Trân","Địa chỉ đại lý":"ấp Mỹ Điền, xã Mỹ Phước, huyện Mang Thít, tỉnh Vĩnh Long","layer_id":262,"fid":2,"label":"Hộ kinh doanh cửa hàng VTNN Bảo Trân"}},{"type":"Feature","id":3,"geometry":{"type":"Point","coordinates":[106.1489,10.16868]},"properties":{"Họ và tên":"Phạm Anh Hoài","Tên Đại Lý":"HKD Lợi Ngũ Hiệp","Địa chỉ đại lý":"ấp Tân Mỹ, xã Chánh An, huyện Mang Thít, tỉnh Vĩnh Long","layer_id":262,"fid":3,"label":"HKD Lợi Ngũ Hiệp"}},{"type":"Feature","id":162,"geometry":{"type":"Point","coordinates":[10.15767,105.94266]},"properties":{"Họ và tên":"Lê Văn Hưng","Tên Đại Lý":"HKD Bán phân bón vật tư nông nghiệp Năm Ai","Địa chỉ đại lý":"ấp Hòa Hưng, xã Hòa Phú, huyện Long Hồ, tỉnh Vĩnh Long","layer_id":262,"fid":162,"label":"HKD Bán phân bón vật tư nông nghiệp Năm Ai"}},{"type":"Feature","id":39,"geometry":{"type":"Point","coordinates":[106.098624,9.995638]},"properties":{"Họ và tên":"Nguyễn Trọng Khôi","Tên Đại Lý":"Nguyễn Trọng Khôi","Địa chỉ đại lý":"Hiếu Xuân Đông Hiếu Thành","layer_id":262,"fid":39,"label":"Nguyễn Trọng Khôi"}},{"type":"Feature","id":4,"geometry":{"type":"Point","coordinates":[105.95,10.1]},"properties":{"Họ và tên":"Nguyễn Ngọc Phương Anh","Tên Đại Lý":"Hộ kinh doanh Phương Anh","Địa chỉ đại lý":"Số 104, Tổ 6, ấp cây Điều, Phú Lộc, Tam Bình, Vĩnh Long","layer_id":262,"fid":4,"label":"Hộ kinh doanh Phương Anh"}},{"type":"Feature","id":253,"geometry":{"type":"Point","coordinates":[105.7795,10.0855]},"properties":{"Họ và tên":"Trịnh Tấn Duy","Tên Đại Lý":"HKD Ngọc Huyền 2","Địa chỉ đại lý":"khóm Thành Tâm, thị trấn Tân Quới, huyện Bình Tân, tỉnh Vĩnh Long","layer_id":262,"fid":253,"label":"HKD Ngọc Huyền 2"}},{"type":"Feature","id":345,"geometry":{"type":"Point","coordinates":[10.2248,106.3355]},"properties":{"Họ và tên":" PHAN THỊ LAN","Tên Đại Lý":"Hộ kinh doanh  Phan Thị Lan","Địa chỉ đại lý":"29/4, ấp Thạnh B,\n xã Tân Phong","layer_id":262,"fid":345,"label":"Hộ kinh doanh  Phan Thị Lan"}},{"type":"Feature","id":40,"geometry":{"type":"Point","coordinates":[106.100716,10.00246]},"properties":{"Họ và tên":"Hiệp Phát","Tên Đại Lý":"Hiệp Phát","Địa chỉ đại lý":"Hiếu Xuân Đông Hiếu Thành","layer_id":262,"fid":40,"label":"Hiệp Phát"}},{"type":"Feature","id":41,"geometry":{"type":"Point","coordinates":[106187238.0,10.09742]},"properties":{"Họ và tên":"Trần Hớn Quang","Tên Đại Lý":"Trần Hớn Quang","Địa chỉ đại lý":"Khóm 2 TT Vũng Liêm","layer_id":262,"fid":41,"label":"Trần Hớn Quang"}},{"type":"Feature","id":346,"geometry":{"type":"Point","coordinates":[10.0163,106.6027]},"properties":{"Họ và tên":"\nCHUNG THỊ CÚC","Tên Đại Lý":"Hộ kinh doanh VTNN \nChung Thị Cúc","Địa chỉ đại lý":"Số 206/TP, xã\nTân Thủy","layer_id":262,"fid":346,"label":"Hộ kinh doanh VTNN \nChung Thị Cúc"}},{"type":"Feature","id":51,"geometry":{"type":"Point","coordinates":[106.145985,10.04105]},"properties":{"Họ và tên":"Lê Hữu Phước","Tên Đại Lý":"Lê Hữu Phước","Địa chỉ đại lý":"An Lạc I Trung An","layer_id":262,"fid":51,"label":"Lê Hữu Phước"}},{"type":"Feature","id":65,"geometry":{"type":"Point","coordinates":[105.85162,10.07686]},"properties":{"Họ và tên":"Nguyễn Thị Nhung","Tên Đại Lý":"Hộ kinh doanh cửa hàng VTNN Thế Anh","Địa chỉ đại lý":"Số 38, tổ 2, ấp Đông Thạnh C, xã Đông Thạnh, thị xã Bình Minh, tỉnh Vĩnh Long","layer_id":262,"fid":65,"label":"Hộ kinh doanh cửa hàng VTNN Thế Anh"}},{"type":"Feature","id":163,"geometry":{"type":"Point","coordinates":[10.20334,105.9174]},"properties":{"Họ và tên":"Võ Trung Hậu","Tên Đại Lý":"HKD Võ Trung Hậu","Địa chỉ đại lý":"Lô 28, ấp An Hiệp, xã Lộc Hòa, huyện Long Hồ, tỉnh Vĩnh Long","layer_id":262,"fid":163,"label":"HKD Võ Trung Hậu"}},{"type":"Feature","id":6,"geometry":{"type":"Point","coordinates":[105.92,9.97]},"properties":{"Họ và tên":"Nguyễn Hữu Duy","Tên Đại Lý":"Công ty TNHH MTV Nguyễn Trung Hiếu","Địa chỉ đại lý":"Số 52A, khu 1, thị trấn Trà Ôn, huyện Trà Ôn, tỉnh Vĩnh Long","layer_id":262,"fid":6,"label":"Công ty TNHH MTV Nguyễn Trung Hiếu"}},{"type":"Feature","id":7,"geometry":{"type":"Point","coordinates":[106.01,10.04]},"properties":{"Họ và tên":"Lê Thị Chiêu","Tên Đại Lý":"Hộ kinh doanh Thịnh Nông","Địa chỉ đại lý":"Tổ 8, ấp Tường Ngãi, xã Nhơn Bình, huyện Trà Ôn, tỉnh Vĩnh Long","layer_id":262,"fid":7,"label":"Hộ kinh doanh Thịnh Nông"}},{"type":"Feature","id":66,"geometry":{"type":"Point","coordinates":[105.82094,10.07433]},"properties":{"Họ và tên":"Đỗ Thị Kim Thúy","Tên Đại Lý":"Hộ kinh doanh Ngọc Thúy","Địa chỉ đại lý":"Tổ 1, ấp Thuận Tân A, xã Thuận An, thị xã Bình Minh, tỉnh Vĩnh Long","layer_id":262,"fid":66,"label":"Hộ kinh doanh Ngọc Thúy"}},{"type":"Feature","id":8,"geometry":{"type":"Point","coordinates":[105.91207,10.01177]},"properties":{"Họ và tên":"Phạm Thị Thúy","Tên Đại Lý":"Hộ kinh doanh: Cửa hàng VTNN Nguyễn Trung Hiếu 8","Địa chỉ đại lý":"Tổ 2, ấp Nhứt, xã Ngãi Tứ, huyện Tam Bình, tỉnh Vĩnh Long","layer_id":262,"fid":8,"label":"Hộ kinh doanh: Cửa hàng VTNN Nguyễn Trung Hiếu 8"}},{"type":"Feature","id":164,"geometry":{"type":"Point","coordinates":[10.17838,106.11548]},"properties":{"Họ và tên":"Phạm Lê Tuấn","Tên Đại Lý":"Hộ kinh doanh Lê Tuấn","Địa chỉ đại lý":"Tổ 26, Khóm 1, thị trấn Cái Nhum, huyện Mang Thít, tỉnh Vĩnh Long","layer_id":262,"fid":164,"label":"Hộ kinh doanh Lê Tuấn"}},{"type":"Feature","id":67,"geometry":{"type":"Point","coordinates":[105.82266,10.06536]},"properties":{"Họ và tên":"Trần Kim Thông","Tên Đại Lý":"Hộ kinh doanh CSKD VTNN Tân Nguyên (Sáu Lũy)","Địa chỉ đại lý":"Khóm 1, Phường Cái Vồn, thị xã Bình Minh, tỉnh Vĩnh Long","layer_id":262,"fid":67,"label":"Hộ kinh doanh CSKD VTNN Tân Nguyên (Sáu Lũy)"}},{"type":"Feature","id":254,"geometry":{"type":"Point","coordinates":[105.95731,10.21299]},"properties":{"Họ và tên":"Lê Thị Thu Hà","Tên Đại Lý":"HKD Lê Thị Thu Hà","Địa chỉ đại lý":"ấp Phước Lợi B, xã Phước Hậu, huyện Long Hồ, tỉnh Vĩnh Long","layer_id":262,"fid":254,"label":"HKD Lê Thị Thu Hà"}},{"type":"Feature","id":165,"geometry":{"type":"Point","coordinates":[10.08936,105.88758]},"properties":{"Họ và tên":"Nguyễn Ngọc Sơn","Tên Đại Lý":"Hộ kinh doanh Sơn Hà","Địa chỉ đại lý":"Tổ 1, ấp Phú Thọ, xã Tân Phú, huyện Tam Bình, tỉnh Vĩnh Long","layer_id":262,"fid":165,"label":"Hộ kinh doanh Sơn Hà"}},{"type":"Feature","id":166,"geometry":{"type":"Point","coordinates":[10.05168,105.93287]},"properties":{"Họ và tên":"Lê Hoàng Trọng","Tên Đại Lý":"HKD Lê Hoàng Trọng (VTNN Được Mùa)","Địa chỉ đại lý":"Tổ 03, ấp Bình Hòa, xã Loan Mỹ, huyện Tam Bình, tỉnh Vĩnh Long","layer_id":262,"fid":166,"label":"HKD Lê Hoàng Trọng (VTNN Được Mùa)"}},{"type":"Feature","id":255,"geometry":{"type":"Point","coordinates":[105.87945,10.08032]},"properties":{"Họ và tên":"Trần Thanh Lộc","Tên Đại Lý":"HKD Trần Thanh Lộc","Địa chỉ đại lý":"Số 11, tổ 8, ấp Phú Yên, xã Tân Phú, huyện Tam Bình, tỉnh Vĩnh Long","layer_id":262,"fid":255,"label":"HKD Trần Thanh Lộc"}},{"type":"Feature","id":347,"geometry":{"type":"Point","coordinates":[10.2365,106.4711]},"properties":{"Họ và tên":"\nNGUYỄN VĂN THIỆN","Tên Đại Lý":"Hộ kinh doanh Chí Thiện 3","Địa chỉ đại lý":"ấp Lương Thuận, xã Lương Quới","layer_id":262,"fid":347,"label":"Hộ kinh doanh Chí Thiện 3"}},{"type":"Feature","id":9,"geometry":{"type":"Point","coordinates":[106.1,9.99]},"properties":{"Họ và tên":"Nguyễn Thị Thanh Hiếu","Tên Đại Lý":"Hộ kinh doanh Hưng Phát Vĩnh Long 3","Địa chỉ đại lý":"Tổ 12, ấp Hiếu Xuân Tây, xã Hiếu Thành, huyện Vũng Liêm, tỉnh Vĩnh Long","layer_id":262,"fid":9,"label":"Hộ kinh doanh Hưng Phát Vĩnh Long 3"}},{"type":"Feature","id":68,"geometry":{"type":"Point","coordinates":[105.82,10.09]},"properties":{"Họ và tên":"Nguyễn Văn Tâm","Tên Đại Lý":"HKD Tâm Hiếu II","Địa chỉ đại lý":"Tổ 01, ấp Thuận Thới, xã Thuận An, thị xã Bình Minh, tỉnh Vĩnh Long","layer_id":262,"fid":68,"label":"HKD Tâm Hiếu II"}},{"type":"Feature","id":348,"geometry":{"type":"Point","coordinates":[10.2312,106.4685]},"properties":{"Họ và tên":"BÀNH ĐỨC THỊNH","Tên Đại Lý":"Hộ kinh doanh \nHai Lệ","Địa chỉ đại lý":"414, ấp Đồng Nhơn, xã Lương Quới","layer_id":262,"fid":348,"label":"Hộ kinh doanh \nHai Lệ"}},{"type":"Feature","id":10,"geometry":{"type":"Point","coordinates":[106.11136,10.1692]},"properties":{"Họ và tên":"Nguyễn Thanh Phong","Tên Đại Lý":"HKD Cửa hàng kinh doanh phân bón và thuốc BVTV Nguyễn Hào","Địa chỉ đại lý":"Tổ 14, ấp 1, xã Tân Quới Trung, huyện Vũng Liêm, tỉnh Vĩnh Long","layer_id":262,"fid":10,"label":"HKD Cửa hàng kinh doanh phân bón và thuốc BVTV Nguyễn Hào"}},{"type":"Feature","id":12,"geometry":{"type":"Point","coordinates":[106.13568,10.08]},"properties":{"Họ và tên":"Trần Văn Chinh","Tên Đại Lý":"HKD Chinh (6 xã)","Địa chỉ đại lý":"Tổ 8, ấp Bình Thủy, xã Thanh Bình, huyện Vũng Liêm, tỉnh Vĩnh Long","layer_id":262,"fid":12,"label":"HKD Chinh (6 xã)"}},{"type":"Feature","id":11,"geometry":{"type":"Point","coordinates":[106.11792,9.94549]},"properties":{"Họ và tên":"Nguyễn Thị Ngọc Đang","Tên Đại Lý":"HKD Nguyễn Thị Ngọc Đang","Địa chỉ đại lý":"Tổ 8, ấp Hiếu Hậu, xã Hiếu Nghĩa, huyện Vũng Liêm, tỉnh Vĩnh Long","layer_id":262,"fid":11,"label":"HKD Nguyễn Thị Ngọc Đang"}},{"type":"Feature","id":69,"geometry":{"type":"Point","coordinates":[105.94,10.16]},"properties":{"Họ và tên":"Nguyễn Văn Thạnh","Tên Đại Lý":"Hộ kinh doanh Cửa hàng VTNN Thạnh An","Địa chỉ đại lý":"số 86/5, ấp Hòa Hưng, xã Hòa Phú, huyện Long Hồ, tỉnh Vĩnh Long","layer_id":262,"fid":69,"label":"Hộ kinh doanh Cửa hàng VTNN Thạnh An"}},{"type":"Feature","id":35,"geometry":{"type":"Point","coordinates":[106.084878,9.963386]},"properties":{"Họ và tên":"Phan văn Hải","Tên Đại Lý":"Phan văn Hải","Địa chỉ đại lý":"Hiếu Ân Hiếu Nghĩa","layer_id":262,"fid":35,"label":"Phan văn Hải"}},{"type":"Feature","id":167,"geometry":{"type":"Point","coordinates":[10.04567,106.00883]},"properties":{"Họ và tên":"Nguyễn Thành Kiệt","Tên Đại Lý":"HKD Nguyễn Thành Kiệt","Địa chỉ đại lý":"Tổ 1, ấp Tường trí, xã Nhơn Bình, huyện Trà Ôn, tỉnh Vĩnh Long","layer_id":262,"fid":167,"label":"HKD Nguyễn Thành Kiệt"}},{"type":"Feature","id":32,"geometry":{"type":"Point","coordinates":[105.79352,10.14098]},"properties":{"Họ và tên":"Trần Thanh Phong","Tên Đại Lý":"HKD Thuận phong Vũ","Địa chỉ đại lý":"ấp Thành Hiếu, xã Thành Trung, huyện Bình Tân, tỉnh Vĩnh Long","layer_id":262,"fid":32,"label":"HKD Thuận phong Vũ"}},{"type":"Feature","id":33,"geometry":{"type":"Point","coordinates":[105.82,10.09]},"properties":{"Họ và tên":"Nguyễn Văn Tâm","Tên Đại Lý":"HKD Tâm Hiếu II","Địa chỉ đại lý":"Tổ 01, ấp Thuận Thới, xã Thuận An, thị xã Bình Minh, tỉnh Vĩnh Long","layer_id":262,"fid":33,"label":"HKD Tâm Hiếu II"}},{"type":"Feature","id":168,"geometry":{"type":"Point","coordinates":[10.03465,106.11084]},"properties":{"Họ và tên":"Trần Vinh Khung","Tên Đại Lý":"HKD Trần Vĩnh Khung","Địa chỉ đại lý":"ấp Hiếu Minh B, xã hiếu Nhơn, huyện Vũng Liêm, tỉnh Vĩnh Long","layer_id":262,"fid":168,"label":"HKD Trần Vĩnh Khung"}},{"type":"Feature","id":34,"geometry":{"type":"Point","coordinates":[106.086313,9.961382]},"properties":{"Họ và tên":"Ngô Văn Hiếu","Tên Đại Lý":"Ngô Văn Hiếu","Địa chỉ đại lý":"Hiếu Ân Hiếu Nghĩa","layer_id":262,"fid":34,"label":"Ngô Văn Hiếu"}},{"type":"Feature","id":36,"geometry":{"type":"Point","coordinates":[106.083835,9.961509]},"properties":{"Họ và tên":"Nguyễn Văn Toàn","Tên Đại Lý":"Nguyễn Văn Toàn","Địa chỉ đại lý":"Hiếu Ân Hiếu Nghĩa","layer_id":262,"fid":36,"label":"Nguyễn Văn Toàn"}},{"type":"Feature","id":37,"geometry":{"type":"Point","coordinates":[106.116442,10.06626]},"properties":{"Họ và tên":"Chín Tiến 3","Tên Đại Lý":"Chín Tiến 3","Địa chỉ đại lý":" Hiếu Thuận","layer_id":262,"fid":37,"label":"Chín Tiến 3"}},{"type":"Feature","id":16,"geometry":{"type":"Point","coordinates":[105.76,10.1]},"properties":{"Họ và tên":"Nguyễn Thị Thu Trang","Tên Đại Lý":"HKD VTNN Vạn Phát","Địa chỉ đại lý":"Số 1225, tổ 18, khóm Thành Quới, thị trấn Tân Quới, huyện Bình Tân, tỉnh Vĩnh Long","layer_id":262,"fid":16,"label":"HKD VTNN Vạn Phát"}},{"type":"Feature","id":13,"geometry":{"type":"Point","coordinates":[106.11,10.03]},"properties":{"Họ và tên":"Võ Minh Phương","Tên Đại Lý":"Địa điểm kinh doanh Công ty TNHH phân bón hữu cơ sinh học Lộc Phát Nông - Lộc Phát Nông 9","Địa chỉ đại lý":"Thửa đất số 141, tờ bản đồ số 6, tổ 1, ấp Hiếu Hòa A, xã Hiếu Nhơn, huyện Vũng Liêm, tỉnh Vĩnh Long","layer_id":262,"fid":13,"label":"Địa điểm kinh doanh Công ty TNHH phân bón hữu cơ sinh học Lộc Phát Nông - Lộc Phát Nông 9"}},{"type":"Feature","id":70,"geometry":{"type":"Point","coordinates":[105.89,10.16]},"properties":{"Họ và tên":"Đoàn Xuân Thùy","Tên Đại Lý":"Hộ kinh doanh Năm Sơn","Địa chỉ đại lý":"Số 42/3, Ấp Hòa Thạnh 2, Thạnh Quới, Long Hồ, Vĩnh Long","layer_id":262,"fid":70,"label":"Hộ kinh doanh Năm Sơn"}},{"type":"Feature","id":14,"geometry":{"type":"Point","coordinates":[105.77,10.09]},"properties":{"Họ và tên":"Trần Anh Tú","Tên Đại Lý":"Hộ kinh doanh Trần Anh Tú","Địa chỉ đại lý":"Tổ 02, khóm Tân Hạnh, thị trấn Tân Quới, huyện Bình Tân, tỉnh Vĩnh Long","layer_id":262,"fid":14,"label":"Hộ kinh doanh Trần Anh Tú"}},{"type":"Feature","id":256,"geometry":{"type":"Point","coordinates":[105.93454,10.12687]},"properties":{"Họ và tên":"Bùi Tấn Phước","Tên Đại Lý":"HKD Bùi Tấn Phước (VTNN Tấn Phước)","Địa chỉ đại lý":"Số 245, tổ 15, ấp 3B, xã Phú Lộc, huyện Tam Bình, tỉnh Vĩnh Long","layer_id":262,"fid":256,"label":"HKD Bùi Tấn Phước (VTNN Tấn Phước)"}},{"type":"Feature","id":15,"geometry":{"type":"Point","coordinates":[105.74,10.18]},"properties":{"Họ và tên":"Trần Bá Đức","Tên Đại Lý":"HKD Đức Hưng Phát","Địa chỉ đại lý":"ấp Hưng Thuận, xã Tân Hưng, huyện Bình Tân, tỉnh Vĩnh Long","layer_id":262,"fid":15,"label":"HKD Đức Hưng Phát"}},{"type":"Feature","id":71,"geometry":{"type":"Point","coordinates":[105.94,10.23]},"properties":{"Họ và tên":"Phan Tấn Lập","Tên Đại Lý":"Hộ kinh doanh Phương Mai 1","Địa chỉ đại lý":"số 19A/1, ấp Tân An, xã Tân Hạnh, huyện Long Hồ, tỉnh Vĩnh Long","layer_id":262,"fid":71,"label":"Hộ kinh doanh Phương Mai 1"}},{"type":"Feature","id":349,"geometry":{"type":"Point","coordinates":[10.0468,106.5912]},"properties":{"Họ và tên":"BÙI KIM KHÁNH","Tên Đại Lý":"Doanh nghiệp tư nhân Bùi Tấn Phát (Khánh)","Địa chỉ đại lý":"Số nhà 397/AH, ấp An Hội, thị trấn Ba Tri","layer_id":262,"fid":349,"label":"Doanh nghiệp tư nhân Bùi Tấn Phát (Khánh)"}},{"type":"Feature","id":72,"geometry":{"type":"Point","coordinates":[105.98,10.32]},"properties":{"Họ và tên":"Mai Linh Khá","Tên Đại Lý":"HKD Mai Linh Khá","Địa chỉ đại lý":"Thửa đất số 85, tờ bản đồ số 07, ấp Phú Mỹ 2, xã Đồng Phú, huyện Long Hồ, tỉnh Vĩnh Long","layer_id":262,"fid":72,"label":"HKD Mai Linh Khá"}},{"type":"Feature","id":257,"geometry":{"type":"Point","coordinates":[106.003,10.04741]},"properties":{"Họ và tên":"Trương Thị Hưởng","Tên Đại Lý":"HKD Trương Thị Hưởng","Địa chỉ đại lý":"Số 28, tổ 02, ấp Nhà Thờ, xã Tường Lộc, huyện Tam Bình, tỉnh Vĩnh Long","layer_id":262,"fid":257,"label":"HKD Trương Thị Hưởng"}},{"type":"Feature","id":350,"geometry":{"type":"Point","coordinates":[10.2524,106.353]},"properties":{"Họ và tên":"BÙI MINH ĐOAN","Tên Đại Lý":"Hộ kinh doanh  Minh Đoan","Địa chỉ đại lý":"313/2, ấp 2,\n xã Sơn Đông","layer_id":262,"fid":350,"label":"Hộ kinh doanh  Minh Đoan"}},{"type":"Feature","id":17,"geometry":{"type":"Point","coordinates":[105.718,10.14271]},"properties":{"Họ và tên":"Phan Thị Mỹ Thùy","Tên Đại Lý":"HKD Phan Hùng Dũng","Địa chỉ đại lý":"084, tổ 03, ấp Tân Lộc, xã Tân Lược, huyện Bình Tân, tỉnh Vĩnh Long","layer_id":262,"fid":17,"label":"HKD Phan Hùng Dũng"}},{"type":"Feature","id":73,"geometry":{"type":"Point","coordinates":[106.08978,10.13064]},"properties":{"Họ và tên":"Phan Thị Hà Thanh","Tên Đại Lý":"HKD cơ sở mua bán phân bón, thuốc BVTV (Năm Già)","Địa chỉ đại lý":"Tổ 03, ấp Tân Hội, xã Tân An Hội, huyện Mang Thít, tỉnh Vĩnh Long","layer_id":262,"fid":73,"label":"HKD cơ sở mua bán phân bón, thuốc BVTV (Năm Già)"}},{"type":"Feature","id":18,"geometry":{"type":"Point","coordinates":[105.79,10.07]},"properties":{"Họ và tên":"Nguyễn Minh Chánh","Tên Đại Lý":"Văn phòng Công ty TNHH nông nghiệp hữu cơ sông hậu VN","Địa chỉ đại lý":"Số 0179, tổ 8, ấp Thành Phú, xã Thành Lợi, huyện Bình Tân, tỉnh Vĩnh Long","layer_id":262,"fid":18,"label":"Văn phòng Công ty TNHH nông nghiệp hữu cơ sông hậu VN"}},{"type":"Feature","id":19,"geometry":{"type":"Point","coordinates":[105.94,10.23]},"properties":{"Họ và tên":"Phan Tấn Lập","Tên Đại Lý":"Hộ kinh doanh Phương Mai 1","Địa chỉ đại lý":"số 19A/1, ấp Tân An, xã Tân Hạnh, huyện Long Hồ, tỉnh Vĩnh Long","layer_id":262,"fid":19,"label":"Hộ kinh doanh Phương Mai 1"}},{"type":"Feature","id":74,"geometry":{"type":"Point","coordinates":[106.10804,10.17288]},"properties":{"Họ và tên":"Mai Thị Ngọc Hương","Tên Đại Lý":"HKD Minh Hương","Địa chỉ đại lý":"khóm 2, thị trấn Cái Nhum, huyện Mang Thít, tỉnh Vĩnh Long","layer_id":262,"fid":74,"label":"HKD Minh Hương"}},{"type":"Feature","id":20,"geometry":{"type":"Point","coordinates":[105.98,10.32]},"properties":{"Họ và tên":"Mai Linh Khá","Tên Đại Lý":"HKD Mai Linh Khá","Địa chỉ đại lý":"Thửa đất số 85, tờ bản đồ số 07, ấp Phú Mỹ 2, xã Đồng Phú, huyện Long Hồ, tỉnh Vĩnh Long","layer_id":262,"fid":20,"label":"HKD Mai Linh Khá"}},{"type":"Feature","id":351,"geometry":{"type":"Point","coordinates":[10.1264,106.3158]},"properties":{"Họ và tên":"BÙI THỊ DƯ","Tên Đại Lý":"Hộ kinh doanh  Bùi Thị Dư","Địa chỉ đại lý":"số 390, ấp Tân Hậu II, xã Tân Trung","layer_id":262,"fid":351,"label":"Hộ kinh doanh  Bùi Thị Dư"}},{"type":"Feature","id":75,"geometry":{"type":"Point","coordinates":[106.01315,10.21893]},"properties":{"Họ và tên":"Ngô Đức Tín","Tên Đại Lý":"HKD Cơ sở mua bán phân bón, thuốc BVTV - Đức Tín","Địa chỉ đại lý":"Tổ 14, ấp Long Hòa 2, xã Long Mỹ, huyện Mang Thít, tỉnh Vĩnh Long","layer_id":262,"fid":75,"label":"HKD Cơ sở mua bán phân bón, thuốc BVTV - Đức Tín"}},{"type":"Feature","id":258,"geometry":{"type":"Point","coordinates":[105.90381,10.04557]},"properties":{"Họ và tên":"Nguyễn Thanh Ngọc","Tên Đại Lý":"Hộ kinh doanh Ngọc Quỳnh","Địa chỉ đại lý":"Số 1464, tổ 4, ấp Bình Ninh, xã Ngãi Tứ, huyện Tam Bình, tỉnh Vĩnh Long","layer_id":262,"fid":258,"label":"Hộ kinh doanh Ngọc Quỳnh"}},{"type":"Feature","id":352,"geometry":{"type":"Point","coordinates":[10.2583,106.1821]},"properties":{"Họ và tên":"BÙI THỊ THẮM","Tên Đại Lý":"Hộ kinh doanh cửa hàng vật tư nông nghiệp Bùi Thị Thắm (8 Hồng)","Địa chỉ đại lý":"Số 167/CD, ấp Cây Dầu, xã Mỹ Chánh","layer_id":262,"fid":352,"label":"Hộ kinh doanh cửa hàng vật tư nông nghiệp Bùi Thị Thắm (8 Hồng)"}},{"type":"Feature","id":21,"geometry":{"type":"Point","coordinates":[105.97,10.22]},"properties":{"Họ và tên":"Lương Hoài Tâm","Tên Đại Lý":"Dđịa điểm kinh doanh công ty TNHH MTV DV Nông Hưng Thịnh - Cửa hàng VTNN Gia An ","Địa chỉ đại lý":"Số 122/7 đường Nguyễn Văn Nhung, ấp Phước Hanh A, xã Phước Hậu, huyện Long Hồ, tỉnh Vĩnh Long, Việt Nam","layer_id":262,"fid":21,"label":"Dđịa điểm kinh doanh công ty TNHH MTV DV Nông Hưng Thịnh - Cửa hàng VTNN Gia An "}},{"type":"Feature","id":76,"geometry":{"type":"Point","coordinates":[106.06698,10.01384]},"properties":{"Họ và tên":"Lâm Văn Cứ","Tên Đại Lý":"Hộ kinh doanh Tư Cứ","Địa chỉ đại lý":"Tổ 4, ấp Tường Thọ, xã Thới Hòa, huyện Trà Ôn, tỉnh Vĩnh Long","layer_id":262,"fid":76,"label":"Hộ kinh doanh Tư Cứ"}},{"type":"Feature","id":22,"geometry":{"type":"Point","coordinates":[106.10467,10.18105]},"properties":{"Họ và tên":"Trần Thanh Hải","Tên Đại Lý":"HKD Cơ sở mua bán VTNN - Sơn Hải","Địa chỉ đại lý":"Khóm 2, thị trấn Cái Nhum, huyện Mang Thít","layer_id":262,"fid":22,"label":"HKD Cơ sở mua bán VTNN - Sơn Hải"}},{"type":"Feature","id":23,"geometry":{"type":"Point","coordinates":[106.06878748,10.1970591]},"properties":{"Họ và tên":"Nguyễn Hữu Nam","Tên Đại Lý":"Văn phòng công ty TNHH Vĩnh Khang AG","Địa chỉ đại lý":"Tổ 6, ấp Phú Thạnh C, xã Nhơn Phú, huyện Mang Thít, tỉnh Vĩnh Long","layer_id":262,"fid":23,"label":"Văn phòng công ty TNHH Vĩnh Khang AG"}},{"type":"Feature","id":77,"geometry":{"type":"Point","coordinates":[10.064,105.822]},"properties":{"Họ và tên":"Phùng Bửu Châu","Tên Đại Lý":"HKD Phùng Bửu Châu (Dân Thuận)","Địa chỉ đại lý":"Tổ 10, khóm 1, phường Cái Vồn, thị xã Bình Minh, tỉnh Vĩnh Long","layer_id":262,"fid":77,"label":"HKD Phùng Bửu Châu (Dân Thuận)"}},{"type":"Feature","id":259,"geometry":{"type":"Point","coordinates":[105.90132,10.03719]},"properties":{"Họ và tên":"Huỳnh Thị Bé Phương","Tên Đại Lý":"HKD Huỳnh Thị Bé Phương (Ngọc Phương)","Địa chỉ đại lý":"Tổ 10, ấp Bình Quí, xã Ngãi Tứ, huyện Tam Bình, tỉnh Vĩnh Long","layer_id":262,"fid":259,"label":"HKD Huỳnh Thị Bé Phương (Ngọc Phương)"}},{"type":"Feature","id":78,"geometry":{"type":"Point","coordinates":[10.147,105.709]},"properties":{"Họ và tên":"Võ Huỳnh Quế Trâm","Tên Đại Lý":"Địa điểm kinh doanh cửa hàng thái bình cửu long số 13-Công ty TNHH MTV Thái bình cửu long","Địa chỉ đại lý":"Thửa đất số 388, tờ bản đồ số 11, tổ 2, ấp An Khánh, xã Tân An Thạnh, huyện Bình Tân, tỉnh Vĩnh Long","layer_id":262,"fid":78,"label":"Địa điểm kinh doanh cửa hàng thái bình cửu long số 13-Công ty TNHH MTV Thái bình cửu long"}},{"type":"Feature","id":79,"geometry":{"type":"Point","coordinates":[10.269,106.021]},"properties":{"Họ và tên":"Trần Hoàng Minh","Tên Đại Lý":"HKD Trần Hoàng Minh","Địa chỉ đại lý":"ấp Phước Định 2, xã Bình Hòa Phước, huyện Long Hồ, tỉnh Vĩnh Long","layer_id":262,"fid":79,"label":"HKD Trần Hoàng Minh"}},{"type":"Feature","id":353,"geometry":{"type":"Point","coordinates":[10.2341,106.2625]},"properties":{"Họ và tên":"BÙI VĂN CƠ","Tên Đại Lý":"Hộ kinh doanh  Bùi Văn Cơ","Địa chỉ đại lý":"ấp Hồ Sen, \nxã Bình Thành","layer_id":262,"fid":353,"label":"Hộ kinh doanh  Bùi Văn Cơ"}},{"type":"Feature","id":260,"geometry":{"type":"Point","coordinates":[106.01348,10.06782]},"properties":{"Họ và tên":"Mai Trần Vinh","Tên Đại Lý":"HKD Mai Trần Vinh","Địa chỉ đại lý":"Số 69, ấp Tường Nhơn B, xã Tường Lộc, huyện Tam Bình, tỉnh Vĩnh Long","layer_id":262,"fid":260,"label":"HKD Mai Trần Vinh"}},{"type":"Feature","id":354,"geometry":{"type":"Point","coordinates":[10.3347,106.2618]},"properties":{"Họ và tên":"BÙI VĂN DŨNG","Tên Đại Lý":"Hộ kinh doanh Bùi Văn Dũng","Địa chỉ đại lý":"Số 358, ấp 1 (nay là ấp Vĩnh Đức Trung), xã Vĩnh An","layer_id":262,"fid":354,"label":"Hộ kinh doanh Bùi Văn Dũng"}},{"type":"Feature","id":24,"geometry":{"type":"Point","coordinates":[105.97,10.15]},"properties":{"Họ và tên":"Nguyễn Duy Vũ","Tên Đại Lý":"Hộ kinh doanh Thanh -Duy","Địa chỉ đại lý":"số 76, tổ 6, ấp 8, xã Tân Lộc, huyện Tam Bình, tỉnh Vĩnh Long","layer_id":262,"fid":24,"label":"Hộ kinh doanh Thanh -Duy"}},{"type":"Feature","id":80,"geometry":{"type":"Point","coordinates":[10.284,105.991]},"properties":{"Họ và tên":"Võ Thiện Thành","Tên Đại Lý":"HKD Thiện Thành","Địa chỉ đại lý":"ấp Hòa Quí, xã Hòa Ninh, huyện Long Hồ, tỉnh Vĩnh Long","layer_id":262,"fid":80,"label":"HKD Thiện Thành"}},{"type":"Feature","id":25,"geometry":{"type":"Point","coordinates":[105.69236,10.15305]},"properties":{"Họ và tên":"Lê Hoài Thương","Tên Đại Lý":"HKD Huỳnh Sul","Địa chỉ đại lý":"Tổ 04, ấp An Thạnh, xã Tân An Thạnh, huyện Bình Tân, tỉnh Vĩnh Long","layer_id":262,"fid":25,"label":"HKD Huỳnh Sul"}},{"type":"Feature","id":26,"geometry":{"type":"Point","coordinates":[106.05126,10.18194]},"properties":{"Họ và tên":"Nguyễn Nhựt Trường","Tên Đại Lý":"HKD Cửa hàng VTNN Trường Trinh","Địa chỉ đại lý":"ấp Phước Chí, xã Bình Phước, huyện Mang Thít, tỉnh Vĩnh Long","layer_id":262,"fid":26,"label":"HKD Cửa hàng VTNN Trường Trinh"}},{"type":"Feature","id":81,"geometry":{"type":"Point","coordinates":[10.268,105.975]},"properties":{"Họ và tên":"Huỳnh Văn Mật","Tên Đại Lý":"Hộ kinh doanh Huỳnh Mật","Địa chỉ đại lý":"ấp An Thành, xã An Bình, huyện Long Hồ, tỉnh Vĩnh Long","layer_id":262,"fid":81,"label":"Hộ kinh doanh Huỳnh Mật"}},{"type":"Feature","id":27,"geometry":{"type":"Point","coordinates":[106.14487,10.1943]},"properties":{"Họ và tên":"Nguyễn Anh Thư","Tên Đại Lý":"HKD Cửa hàng VTNN Thành Thư","Địa chỉ đại lý":"Tổ 06, ấp Hòa Phú, xã An Phước, huyện Mang Thít, tỉnh Vĩnh Long","layer_id":262,"fid":27,"label":"HKD Cửa hàng VTNN Thành Thư"}},{"type":"Feature","id":82,"geometry":{"type":"Point","coordinates":[10.06,105.872]},"properties":{"Họ và tên":"Huỳnh Nhựt Thành","Tên Đại Lý":"HKD Cửa hàng VTNN Thanh Thúy","Địa chỉ đại lý":"Số 183, tổ 13, ấp Long Phú , xã Tân Phú, huyện Tam Bình, tỉnh Vĩnh Long","layer_id":262,"fid":82,"label":"HKD Cửa hàng VTNN Thanh Thúy"}},{"type":"Feature","id":83,"geometry":{"type":"Point","coordinates":[10.01,106.083]},"properties":{"Họ và tên":"Nguyễn Văn Nam","Tên Đại Lý":"Hộ kinh doanh Nguyễn Nam","Địa chỉ đại lý":"Tổ 13, ấp Hiếu Thọ, xã Hiếu Thành, huyện Vũng Liêm, tỉnh Vĩnh Long","layer_id":262,"fid":83,"label":"Hộ kinh doanh Nguyễn Nam"}},{"type":"Feature","id":84,"geometry":{"type":"Point","coordinates":[10.064,105.822]},"properties":{"Họ và tên":"Phùng Bửu Châu","Tên Đại Lý":"HKD Phùng Bửu Châu (Dân Thuận)","Địa chỉ đại lý":"Tổ 10, khóm 1, phường Cái Vồn, thị xã Bình Minh, tỉnh Vĩnh Long","layer_id":262,"fid":84,"label":"HKD Phùng Bửu Châu (Dân Thuận)"}},{"type":"Feature","id":85,"geometry":{"type":"Point","coordinates":[10.147,105.709]},"properties":{"Họ và tên":"Võ Huỳnh Quế Trâm","Tên Đại Lý":"Địa điểm kinh doanh cửa hàng thái bình cửu long số 13-Công ty TNHH MTV Thái bình cửu long","Địa chỉ đại lý":"Thửa đất số 388, tờ bản đồ số 11, tổ 2, ấp An Khánh, xã Tân An Thạnh, huyện Bình Tân, tỉnh Vĩnh Long","layer_id":262,"fid":85,"label":"Địa điểm kinh doanh cửa hàng thái bình cửu long số 13-Công ty TNHH MTV Thái bình cửu long"}},{"type":"Feature","id":355,"geometry":{"type":"Point","coordinates":[10.0381,106.5624]},"properties":{"Họ và tên":"BÙI VĂN LỦY","Tên Đại Lý":"Hộ kinh doanh  Phượng Lủy","Địa chỉ đại lý":"số 428, ấp Hữu Nhơn, xã Hữu Định","layer_id":262,"fid":355,"label":"Hộ kinh doanh  Phượng Lủy"}},{"type":"Feature","id":28,"geometry":{"type":"Point","coordinates":[105.9765,10.07675]},"properties":{"Họ và tên":"Nguyễn Thị Thúy An","Tên Đại Lý":"HKD Minh - Phương","Địa chỉ đại lý":"Số 49, tổ 4, ấp Mỹ Hưng, xã Mỹ Thạnh Trung, huyện Tam Bình, tỉnh Vĩnh Long","layer_id":262,"fid":28,"label":"HKD Minh - Phương"}},{"type":"Feature","id":261,"geometry":{"type":"Point","coordinates":[105.99756,10.05313]},"properties":{"Họ và tên":"Nguyễn Văn Hai","Tên Đại Lý":"HKD Đại lý phân bón Ngọc Tuyết (VTNN Ngọc Tuyết)","Địa chỉ đại lý":"Số 187, khóm 2, thị trấn Tam Bình, huyện Tam Bình, tỉnh Vĩnh Long","layer_id":262,"fid":261,"label":"HKD Đại lý phân bón Ngọc Tuyết (VTNN Ngọc Tuyết)"}},{"type":"Feature","id":361,"geometry":{"type":"Point","coordinates":[10.2154,106.2415]},"properties":{"Họ và tên":"CAO NGUYỄN HỒNG ÂN","Tên Đại Lý":"Hộ kinh doanh  Hồng Phúc","Địa chỉ đại lý":"ấp Vĩnh Bắc, \nxã Vĩnh Thành","layer_id":262,"fid":361,"label":"Hộ kinh doanh  Hồng Phúc"}},{"type":"Feature","id":29,"geometry":{"type":"Point","coordinates":[106.22345,10.11935]},"properties":{"Họ và tên":"Lê Thị Huỳnh Như","Tên Đại Lý":"Công ty TNHH sản xuất thương mại dịch vụ nông nghiệp Huỳnh Như","Địa chỉ đại lý":"Số 2869, tổ 10C, ấp Thanh Lương, xã Thanh Bình, huyện Vũng Liêm, tỉnh Vĩnh Long","layer_id":262,"fid":29,"label":"Công ty TNHH sản xuất thương mại dịch vụ nông nghiệp Huỳnh Như"}},{"type":"Feature","id":86,"geometry":{"type":"Point","coordinates":[10.269,106.021]},"properties":{"Họ và tên":"Trần Hoàng Minh","Tên Đại Lý":"HKD Trần Hoàng Minh","Địa chỉ đại lý":"ấp Phước Định 2, xã Bình Hòa Phước, huyện Long Hồ, tỉnh Vĩnh Long","layer_id":262,"fid":86,"label":"HKD Trần Hoàng Minh"}},{"type":"Feature","id":30,"geometry":{"type":"Point","coordinates":[105.94486,10.20669]},"properties":{"Họ và tên":"Lê Thị Thúy Vân","Tên Đại Lý":"Công ty TNHH phân bón Hoàng Huy Vũ","Địa chỉ đại lý":"Số 14B, tổ 1, ấp Tân Bình, xã Tân Hạnh, huyện Long Hồ, tỉnh Vĩnh Long","layer_id":262,"fid":30,"label":"Công ty TNHH phân bón Hoàng Huy Vũ"}},{"type":"Feature","id":87,"geometry":{"type":"Point","coordinates":[10.284,105.991]},"properties":{"Họ và tên":"Võ Thiện Thành","Tên Đại Lý":"HKD Thiện Thành","Địa chỉ đại lý":"ấp Hòa Quí, xã Hòa Ninh, huyện Long Hồ, tỉnh Vĩnh Long","layer_id":262,"fid":87,"label":"HKD Thiện Thành"}},{"type":"Feature","id":31,"geometry":{"type":"Point","coordinates":[105.92205,10.17323]},"properties":{"Họ và tên":"Lê Tứ Quốc","Tên Đại Lý":"HKD Lê Tứ Quốc","Địa chỉ đại lý":"ấp Phú Thạnh A, xã Phú Quới, huyện Long Hồ, tỉnh Vĩnh Long","layer_id":262,"fid":31,"label":"HKD Lê Tứ Quốc"}},{"type":"Feature","id":88,"geometry":{"type":"Point","coordinates":[10.268,105.975]},"properties":{"Họ và tên":"Huỳnh Văn Mật","Tên Đại Lý":"Hộ kinh doanh Huỳnh Mật","Địa chỉ đại lý":"ấp An Thành, xã An Bình, huyện Long Hồ, tỉnh Vĩnh Long","layer_id":262,"fid":88,"label":"Hộ kinh doanh Huỳnh Mật"}},{"type":"Feature","id":89,"geometry":{"type":"Point","coordinates":[10.06,105.872]},"properties":{"Họ và tên":"Huỳnh Nhựt Thành","Tên Đại Lý":"HKD Cửa hàng VTNN Thanh Thúy","Địa chỉ đại lý":"Số 183, tổ 13, ấp Long Phú , xã Tân Phú, huyện Tam Bình, tỉnh Vĩnh Long","layer_id":262,"fid":89,"label":"HKD Cửa hàng VTNN Thanh Thúy"}},{"type":"Feature","id":356,"geometry":{"type":"Point","coordinates":[10.3347,106.2618]},"properties":{"Họ và tên":"BÙI VĂN VŨ","Tên Đại Lý":"Hộ kinh doanh\nVũ  ","Địa chỉ đại lý":"ấp Nhơn Quới, \nxã Mỹ Nhơn","layer_id":262,"fid":356,"label":"Hộ kinh doanh\nVũ  "}},{"type":"Feature","id":234,"geometry":{"type":"Point","coordinates":[106.210812,10.07574]},"properties":{"Họ và tên":"Lâm Tấn Long","Tên Đại Lý":"VTNN Lâm Tấn Long","Địa chỉ đại lý":"ấp Đức Hòa, xã Trung Thành Đông, huyện Vũng Liêm","layer_id":262,"fid":234,"label":"VTNN Lâm Tấn Long"}},{"type":"Feature","id":357,"geometry":{"type":"Point","coordinates":[10.2215,106.3142]},"properties":{"Họ và tên":"BÙI VŨ TRỌNG NGHĨA","Tên Đại Lý":"Hộ kinh doanh Ngọc Đáng","Địa chỉ đại lý":"ấp Phong Điền, \nxã Lương Hòa","layer_id":262,"fid":357,"label":"Hộ kinh doanh Ngọc Đáng"}},{"type":"Feature","id":235,"geometry":{"type":"Point","coordinates":[106.208834,10.014786]},"properties":{"Họ và tên":"Nguyễn Văn Vọng","Tên Đại Lý":"Hộ kinh doanh Nguyễn Văn Vọng (Thúy An)","Địa chỉ đại lý":"ấp Trường Hội, xã Trung Nghĩa, huyện Vũng Liêm","layer_id":262,"fid":235,"label":"Hộ kinh doanh Nguyễn Văn Vọng (Thúy An)"}},{"type":"Feature","id":43,"geometry":{"type":"Point","coordinates":[106.152909,10.11258]},"properties":{"Họ và tên":"Nguyễn Thị Cẩm giang","Tên Đại Lý":"Nguyễn Thị Cẩm giang","Địa chỉ đại lý":"Ấp Bình Phụng Trung Hiệp","layer_id":262,"fid":43,"label":"Nguyễn Thị Cẩm giang"}},{"type":"Feature","id":90,"geometry":{"type":"Point","coordinates":[10.01,106.083]},"properties":{"Họ và tên":"Nguyễn Văn Nam","Tên Đại Lý":"Hộ kinh doanh Nguyễn Nam","Địa chỉ đại lý":"Tổ 13, ấp Hiếu Thọ, xã Hiếu Thành, huyện Vũng Liêm, tỉnh Vĩnh Long","layer_id":262,"fid":90,"label":"Hộ kinh doanh Nguyễn Nam"}},{"type":"Feature","id":44,"geometry":{"type":"Point","coordinates":[106.204544,10.03858]},"properties":{"Họ và tên":"Lữ Văn Bình","Tên Đại Lý":"Lữ Văn Bình","Địa chỉ đại lý":"Phú Tân Trung Nghĩa","layer_id":262,"fid":44,"label":"Lữ Văn Bình"}},{"type":"Feature","id":96,"geometry":{"type":"Point","coordinates":[105.872,10.06]},"properties":{"Họ và tên":"Huỳnh Nhựt Thành","Tên Đại Lý":"HKD Cửa hàng VTNN Thanh Thúy","Địa chỉ đại lý":"Số 183, tổ 13, ấp Long Phú , xã Tân Phú, huyện Tam Bình, tỉnh Vĩnh Long","layer_id":262,"fid":96,"label":"HKD Cửa hàng VTNN Thanh Thúy"}},{"type":"Feature","id":45,"geometry":{"type":"Point","coordinates":[106.112041,10.0862]},"properties":{"Họ và tên":"Lê Minh Trí","Tên Đại Lý":"Lê Minh Trí","Địa chỉ đại lý":"Hiếu Hiệp Hiếu Phụng","layer_id":262,"fid":45,"label":"Lê Minh Trí"}},{"type":"Feature","id":262,"geometry":{"type":"Point","coordinates":[105.99163,10.05932]},"properties":{"Họ và tên":"Nguyễn Tiến Đức","Tên Đại Lý":"HKD Nguyễn Tiến Đức (Ngọc Mỹ)","Địa chỉ đại lý":"ấp Mỹ Trung 2, Mỹ Thạnh Trung, huyện Tam Bình, tỉnh Vĩnh Long","layer_id":262,"fid":262,"label":"HKD Nguyễn Tiến Đức (Ngọc Mỹ)"}},{"type":"Feature","id":46,"geometry":{"type":"Point","coordinates":[106.092995,10.09224]},"properties":{"Họ và tên":"Võ Thị Hồng Mai","Tên Đại Lý":"Võ Thị Hồng Mai","Địa chỉ đại lý":"Quang phú Hiếu Phụng","layer_id":262,"fid":46,"label":"Võ Thị Hồng Mai"}},{"type":"Feature","id":97,"geometry":{"type":"Point","coordinates":[106.083,10.01]},"properties":{"Họ và tên":"Nguyễn Văn Nam","Tên Đại Lý":"Hộ kinh doanh Nguyễn Nam","Địa chỉ đại lý":"Tổ 13, ấp Hiếu Thọ, xã Hiếu Thành, huyện Vũng Liêm, tỉnh Vĩnh Long","layer_id":262,"fid":97,"label":"Hộ kinh doanh Nguyễn Nam"}},{"type":"Feature","id":47,"geometry":{"type":"Point","coordinates":[106.195337,10.06893]},"properties":{"Họ và tên":"Nguyễn Văn Phấn","Tên Đại Lý":"Nguyễn Văn Phấn","Địa chỉ đại lý":"An Trung Trung Thành","layer_id":262,"fid":47,"label":"Nguyễn Văn Phấn"}},{"type":"Feature","id":48,"geometry":{"type":"Point","coordinates":[106.194135,10.0717]},"properties":{"Họ và tên":"Thanh Như","Tên Đại Lý":"Thanh Như","Địa chỉ đại lý":"Trung Trạch Trung Thành","layer_id":262,"fid":48,"label":"Thanh Như"}},{"type":"Feature","id":98,"geometry":{"type":"Point","coordinates":[106.046,10.04]},"properties":{"Họ và tên":"Nguyễn Hồng Minh","Tên Đại Lý":"Hộ kinh doanh Năm Vân","Địa chỉ đại lý":"Tổ 12, ấp Ngãi Hòa, xã Hòa Bình, huyện Trà Ôn, tỉnh Vĩnh Long","layer_id":262,"fid":98,"label":"Hộ kinh doanh Năm Vân"}},{"type":"Feature","id":49,"geometry":{"type":"Point","coordinates":[106.164161,10.15818]},"properties":{"Họ và tên":"Lộc Phát 2","Tên Đại Lý":"Lộc Phát 2","Địa chỉ đại lý":"Vàm An Quới An","layer_id":262,"fid":49,"label":"Lộc Phát 2"}},{"type":"Feature","id":50,"geometry":{"type":"Point","coordinates":[106.152247,1.153563]},"properties":{"Họ và tên":"Gia Thanh","Tên Đại Lý":"Gia Thanh","Địa chỉ đại lý":"Ấp I, Quới An","layer_id":262,"fid":50,"label":"Gia Thanh"}},{"type":"Feature","id":263,"geometry":{"type":"Point","coordinates":[105.93462,10.06727]},"properties":{"Họ và tên":"Phùng Nhất Đỉnh","Tên Đại Lý":"Hộ kinh doanh Phùng Nhất Đỉnh (Đỉnh Đạt)","Địa chỉ đại lý":"ấp Mỹ Phú Tân, xã Mỹ Thạnh Trung, huyện Tam Bình","layer_id":262,"fid":263,"label":"Hộ kinh doanh Phùng Nhất Đỉnh (Đỉnh Đạt)"}},{"type":"Feature","id":358,"geometry":{"type":"Point","coordinates":[10.1425,106.291]},"properties":{"Họ và tên":"CAO ĐẶNG PHY","Tên Đại Lý":"Cửa hàng vật tư nông nghiệp Thiên Phú ","Địa chỉ đại lý":"Thửa đất 472, tờ bản đồ số 09, tổ NDTQ số 01, ấp Nhơn Nghĩa","layer_id":262,"fid":358,"label":"Cửa hàng vật tư nông nghiệp Thiên Phú "}},{"type":"Feature","id":52,"geometry":{"type":"Point","coordinates":[106.103214,10.14301]},"properties":{"Họ và tên":"Nguyễn Hoàng Sơn","Tên Đại Lý":"Nguyễn Hoàng Sơn","Địa chỉ đại lý":"Đập Thủ Tân Q Trung","layer_id":262,"fid":52,"label":"Nguyễn Hoàng Sơn"}},{"type":"Feature","id":91,"geometry":{"type":"Point","coordinates":[105.822,10.064]},"properties":{"Họ và tên":"Phùng Bửu Châu","Tên Đại Lý":"HKD Phùng Bửu Châu (Dân Thuận)","Địa chỉ đại lý":"Tổ 10, khóm 1, phường Cái Vồn, thị xã Bình Minh, tỉnh Vĩnh Long","layer_id":262,"fid":91,"label":"HKD Phùng Bửu Châu (Dân Thuận)"}},{"type":"Feature","id":53,"geometry":{"type":"Point","coordinates":[106.110177,10.17032]},"properties":{"Họ và tên":"Nguyễn thanh Phong","Tên Đại Lý":"Nguyễn thanh Phong","Địa chỉ đại lý":"ấp 1 Tân Q Trung","layer_id":262,"fid":53,"label":"Nguyễn thanh Phong"}},{"type":"Feature","id":54,"geometry":{"type":"Point","coordinates":[106.13246,10.14255]},"properties":{"Họ và tên":"Nguyễn Thị Kiều Duyên","Tên Đại Lý":"Nguyễn Thị Kiều Duyên","Địa chỉ đại lý":" Trung Chánh","layer_id":262,"fid":54,"label":"Nguyễn Thị Kiều Duyên"}},{"type":"Feature","id":92,"geometry":{"type":"Point","coordinates":[105.709,10.147]},"properties":{"Họ và tên":"Võ Huỳnh Quế Trâm","Tên Đại Lý":"Địa điểm kinh doanh cửa hàng thái bình cửu long số 13-Công ty TNHH MTV Thái bình cửu long","Địa chỉ đại lý":"Thửa đất số 388, tờ bản đồ số 11, tổ 2, ấp An Khánh, xã Tân An Thạnh, huyện Bình Tân, tỉnh Vĩnh Long","layer_id":262,"fid":92,"label":"Địa điểm kinh doanh cửa hàng thái bình cửu long số 13-Công ty TNHH MTV Thái bình cửu long"}},{"type":"Feature","id":55,"geometry":{"type":"Point","coordinates":[106.230611,10.10688]},"properties":{"Họ và tên":"Nguyễn Minh Phương","Tên Đại Lý":"Nguyễn Minh Phương","Địa chỉ đại lý":"Cái Dứa Thanh Bình","layer_id":262,"fid":55,"label":"Nguyễn Minh Phương"}},{"type":"Feature","id":56,"geometry":{"type":"Point","coordinates":[106.232608,10.11028]},"properties":{"Họ và tên":"Nguyễn Anh Viễn Chinh","Tên Đại Lý":"Nguyễn Anh Viễn Chinh","Địa chỉ đại lý":" Thanh Bình","layer_id":262,"fid":56,"label":"Nguyễn Anh Viễn Chinh"}},{"type":"Feature","id":264,"geometry":{"type":"Point","coordinates":[105.95562,10.02391]},"properties":{"Họ và tên":"Nguyễn Thái Dương","Tên Đại Lý":"Hộ kinh doanh Tuấn Oanh","Địa chỉ đại lý":"Tổ 9, ấp Kỳ Son, xã Loan Mỹ, huyện Tam Bình, tỉnh Vĩnh Long","layer_id":262,"fid":264,"label":"Hộ kinh doanh Tuấn Oanh"}},{"type":"Feature","id":57,"geometry":{"type":"Point","coordinates":[106.231038,10.10826]},"properties":{"Họ và tên":"Phan Thị Trinh","Tên Đại Lý":"Phan Thị Trinh","Địa chỉ đại lý":"Thái Bình Thanh Bình","layer_id":262,"fid":57,"label":"Phan Thị Trinh"}},{"type":"Feature","id":236,"geometry":{"type":"Point","coordinates":[106.17385,10.104607]},"properties":{"Họ và tên":"Phạm Thị Kim Ngân","Tên Đại Lý":"Kim Ngân","Địa chỉ đại lý":"Tổ 2, ấp Hòa Hiệp, xã Trung Thành Tây, huyện Vũng Liêm","layer_id":262,"fid":236,"label":"Kim Ngân"}},{"type":"Feature","id":58,"geometry":{"type":"Point","coordinates":[106.228055,10.1125]},"properties":{"Họ và tên":"Nguyễn Công Luận","Tên Đại Lý":"Nguyễn Công Luận","Địa chỉ đại lý":"Thái Bình Thanh Bình","layer_id":262,"fid":58,"label":"Nguyễn Công Luận"}},{"type":"Feature","id":359,"geometry":{"type":"Point","coordinates":[10.2714,106.3255]},"properties":{"Họ và tên":"CAO ĐÌNH KHIẾP","Tên Đại Lý":"HỘ KINH DOANH MỸ KIM","Địa chỉ đại lý":"Thửa đất số 139, tờ bản đồ số 05, ấp Hưng Nhơn, xã Hoà Nghĩa","layer_id":262,"fid":359,"label":"HỘ KINH DOANH MỸ KIM"}},{"type":"Feature","id":237,"geometry":{"type":"Point","coordinates":[106.164088,10.156934]},"properties":{"Họ và tên":"Phạm Thị Bích Như","Tên Đại Lý":"Lộc Phát 2","Địa chỉ đại lý":"Tổ 13, ấp Vàm An, xã Quới An, huyện Vũng Liêm","layer_id":262,"fid":237,"label":"Lộc Phát 2"}},{"type":"Feature","id":59,"geometry":{"type":"Point","coordinates":[106.256246,10.08471]},"properties":{"Họ và tên":"Chinh","Tên Đại Lý":"Chinh","Địa chỉ đại lý":"Bình Thủy Thanh Bình","layer_id":262,"fid":59,"label":"Chinh"}},{"type":"Feature","id":60,"geometry":{"type":"Point","coordinates":[106.200416,10.14213]},"properties":{"Họ và tên":"Lê Thanh Hậu","Tên Đại Lý":"Lê Thanh Hậu","Địa chỉ đại lý":"Phú Thới Quới Thiện","layer_id":262,"fid":60,"label":"Lê Thanh Hậu"}},{"type":"Feature","id":93,"geometry":{"type":"Point","coordinates":[106.021,10.269]},"properties":{"Họ và tên":"Trần Hoàng Minh","Tên Đại Lý":"HKD Trần Hoàng Minh","Địa chỉ đại lý":"ấp Phước Định 2, xã Bình Hòa Phước, huyện Long Hồ, tỉnh Vĩnh Long","layer_id":262,"fid":93,"label":"HKD Trần Hoàng Minh"}},{"type":"Feature","id":265,"geometry":{"type":"Point","coordinates":[105.99203,10.11769]},"properties":{"Họ và tên":"Phan Tấn Phúc","Tên Đại Lý":"Hộ kinh doanh Phan Tấn Phúc","Địa chỉ đại lý":"ấp Danh Tấm, xã Hậu Lộc, huyện Tam Bình, tỉnh Vĩnh Long","layer_id":262,"fid":265,"label":"Hộ kinh doanh Phan Tấn Phúc"}},{"type":"Feature","id":61,"geometry":{"type":"Point","coordinates":[106.204569,10.1435]},"properties":{"Họ và tên":"Lê Thị Hồng Nhi","Tên Đại Lý":"Lê Thị Hồng Nhi","Địa chỉ đại lý":"Phu thoi Quới Thiện","layer_id":262,"fid":61,"label":"Lê Thị Hồng Nhi"}},{"type":"Feature","id":62,"geometry":{"type":"Point","coordinates":[106.189604,10.16076]},"properties":{"Họ và tên":"Trương Văn Aril","Tên Đại Lý":"Trương Văn Aril","Địa chỉ đại lý":"Rạch Sâu Quới Thiện","layer_id":262,"fid":62,"label":"Trương Văn Aril"}},{"type":"Feature","id":94,"geometry":{"type":"Point","coordinates":[105.991,10.284]},"properties":{"Họ và tên":"Võ Thiện Thành","Tên Đại Lý":"HKD Thiện Thành","Địa chỉ đại lý":"ấp Hòa Quí, xã Hòa Ninh, huyện Long Hồ, tỉnh Vĩnh Long","layer_id":262,"fid":94,"label":"HKD Thiện Thành"}},{"type":"Feature","id":63,"geometry":{"type":"Point","coordinates":[106203806.0,10.1446]},"properties":{"Họ và tên":"Đỗ Quan Lộc","Tên Đại Lý":"Đỗ Quan Lộc","Địa chỉ đại lý":"Phú Thới Quới Thiện","layer_id":262,"fid":63,"label":"Đỗ Quan Lộc"}},{"type":"Feature","id":360,"geometry":{"type":"Point","coordinates":[10.0245,106.5821]},"properties":{"Họ và tên":"CAO HOÀNG SANG","Tên Đại Lý":"Hộ kinh doanh VTNN Cao Hoàng Sang (Diễm Sang)","Địa chỉ đại lý":"ấp Phú Bình, \nxã Vĩnh Bình","layer_id":262,"fid":360,"label":"Hộ kinh doanh VTNN Cao Hoàng Sang (Diễm Sang)"}},{"type":"Feature","id":95,"geometry":{"type":"Point","coordinates":[105.975,10.268]},"properties":{"Họ và tên":"Huỳnh Văn Mật","Tên Đại Lý":"Hộ kinh doanh Huỳnh Mật","Địa chỉ đại lý":"ấp An Thành, xã An Bình, huyện Long Hồ, tỉnh Vĩnh Long","layer_id":262,"fid":95,"label":"Hộ kinh doanh Huỳnh Mật"}},{"type":"Feature","id":266,"geometry":{"type":"Point","coordinates":[105.9434,10.09346]},"properties":{"Họ và tên":"Đặng Thành Lợi","Tên Đại Lý":"HKD Cửa hàng VTNN Hải Hương","Địa chỉ đại lý":"Số 59, tổ 3, ấp 6A, xã Mỹ Lộc, huyện Tam Bình, tỉnh Vĩnh Long","layer_id":262,"fid":266,"label":"HKD Cửa hàng VTNN Hải Hương"}},{"type":"Feature","id":362,"geometry":{"type":"Point","coordinates":[10.2552,106.3568]},"properties":{"Họ và tên":"CHÂU QUANG ĐÔNG","Tên Đại Lý":"Hộ kinh doanh \nChâu Quang Đông","Địa chỉ đại lý":"ấp 2, xã Hưng Nhượng","layer_id":262,"fid":362,"label":"Hộ kinh doanh \nChâu Quang Đông"}},{"type":"Feature","id":99,"geometry":{"type":"Point","coordinates":[105.812,10.139]},"properties":{"Họ và tên":"Nguyễn Khắc Nhu","Tên Đại Lý":"HKD Nguyễn Khắc Nhu","Địa chỉ đại lý":"ấp Hòa An, xã Nguyễn Văn Thảnh, huyện Bình Tân, tỉnh Vĩnh Long","layer_id":262,"fid":99,"label":"HKD Nguyễn Khắc Nhu"}},{"type":"Feature","id":100,"geometry":{"type":"Point","coordinates":[106.069,10.175]},"properties":{"Họ và tên":"Lê Văn Điền","Tên Đại Lý":"Địa điểm kinh doanh cửa hàng thái bình cửu long số 14- Công ty TNHH MTV Thái Bình Cửu Long","Địa chỉ đại lý":"Thửa đất số 88, tờ bản đồ số 17, tổ 23, ấp Phước Thới, xã Bình Phước, huyện Mang Thít, tỉnh Vĩnh Long","layer_id":262,"fid":100,"label":"Địa điểm kinh doanh cửa hàng thái bình cửu long số 14- Công ty TNHH MTV Thái Bình Cửu Long"}},{"type":"Feature","id":101,"geometry":{"type":"Point","coordinates":[106.12,10.222]},"properties":{"Họ và tên":"Vũ Đình Hưng","Tên Đại Lý":"HKD cửa hàng VTNN Quốc Thắng","Địa chỉ đại lý":"Tổ 04, ấp Định Thới A, xã An Phước, huyện Mang Thít, tỉnh Vĩnh Long","layer_id":262,"fid":101,"label":"HKD cửa hàng VTNN Quốc Thắng"}},{"type":"Feature","id":267,"geometry":{"type":"Point","coordinates":[105.91056,10.01599]},"properties":{"Họ và tên":"Trần Văn Hoài Hận","Tên Đại Lý":"Hộ kinh doanh Ngọc - 2","Địa chỉ đại lý":"Số 39, tổ 9, ấp An Phong, xã Ngãi Tứ, huyện Tam Bình, tỉnh Vĩnh Long","layer_id":262,"fid":267,"label":"Hộ kinh doanh Ngọc - 2"}},{"type":"Feature","id":110,"geometry":{"type":"Point","coordinates":[10.284,105.991]},"properties":{"Họ và tên":"Võ Thiện Thành","Tên Đại Lý":"HKD Thiện Thành","Địa chỉ đại lý":"ấp Hòa Quí, xã Hòa Ninh, huyện Long Hồ, tỉnh Vĩnh Long","layer_id":262,"fid":110,"label":"HKD Thiện Thành"}},{"type":"Feature","id":111,"geometry":{"type":"Point","coordinates":[10.268,105.975]},"properties":{"Họ và tên":"Huỳnh Văn Mật","Tên Đại Lý":"Hộ kinh doanh Huỳnh Mật","Địa chỉ đại lý":"ấp An Thành, xã An Bình, huyện Long Hồ, tỉnh Vĩnh Long","layer_id":262,"fid":111,"label":"Hộ kinh doanh Huỳnh Mật"}},{"type":"Feature","id":112,"geometry":{"type":"Point","coordinates":[10.240814,106.050395]},"properties":{"Họ và tên":"Châu Ngọc Sơn","Tên Đại Lý":"HKD cửa hàng VTNN Bảy Sơn (Ngọc Sơn)","Địa chỉ đại lý":"ấp Hòa Long, xã Mỹ An, huyện Mang Thít","layer_id":262,"fid":112,"label":"HKD cửa hàng VTNN Bảy Sơn (Ngọc Sơn)"}},{"type":"Feature","id":113,"geometry":{"type":"Point","coordinates":[10.021295,106.09807]},"properties":{"Họ và tên":"Nguyễn Thị Phượng","Tên Đại Lý":"HKD Cơ sở VTNN Tứ Phượng 2","Địa chỉ đại lý":"ấp Phước Thới A, xã Bình Phước, huyện Mang Thít,","layer_id":262,"fid":113,"label":"HKD Cơ sở VTNN Tứ Phượng 2"}},{"type":"Feature","id":363,"geometry":{"type":"Point","coordinates":[10.2785,106.3842]},"properties":{"Họ và tên":"CHÂU VINH ","Tên Đại Lý":"hộ kinh doanh Tư Liêm","Địa chỉ đại lý":"ấp Thị, \nxã Hương Mỹ","layer_id":262,"fid":363,"label":"hộ kinh doanh Tư Liêm"}},{"type":"Feature","id":114,"geometry":{"type":"Point","coordinates":[10.205341,106.089334]},"properties":{"Họ và tên":"Trần Văn Phùng","Tên Đại Lý":"Hộ kinh doanh VTNN Tám Phùng","Địa chỉ đại lý":"Tổ 03, ấp Phú Thạnh B, xã Nhơn Phú, huyện Mang Thít,","layer_id":262,"fid":114,"label":"Hộ kinh doanh VTNN Tám Phùng"}},{"type":"Feature","id":115,"geometry":{"type":"Point","coordinates":[10.236581,106.057724]},"properties":{"Họ và tên":"Kha Ngọc Thuận","Tên Đại Lý":"Cơ sở kinh doanh thuốc BVTV Ngọc Thuận","Địa chỉ đại lý":"ấp Hòa Mỹ 2, xã Mỹ An, huyện Mang Thít","layer_id":262,"fid":115,"label":"Cơ sở kinh doanh thuốc BVTV Ngọc Thuận"}},{"type":"Feature","id":364,"geometry":{"type":"Point","coordinates":[10.3012,106.4154]},"properties":{"Họ và tên":"CHU QUANG CƯỜNG","Tên Đại Lý":"Hộ kinh doanh  Cường Thịnh","Địa chỉ đại lý":"số 68A/I, ấp Phước Tân, xã Tam Phước","layer_id":262,"fid":364,"label":"Hộ kinh doanh  Cường Thịnh"}},{"type":"Feature","id":102,"geometry":{"type":"Point","coordinates":[105.873,10.094]},"properties":{"Họ và tên":"Cổ Văn Vũ Linh","Tên Đại Lý":"Công ty cổ phần hóa chất Galaxy","Địa chỉ đại lý":"Số 9, Quốc lộ 1A, tổ 2, ấp Phú Mỹ, xã Tân Phú, huyện Tam Bình, tỉnh Vĩnh Long","layer_id":262,"fid":102,"label":"Công ty cổ phần hóa chất Galaxy"}},{"type":"Feature","id":103,"geometry":{"type":"Point","coordinates":[106.095,9.986]},"properties":{"Họ và tên":"Bùi Thị Hồng Diệu","Tên Đại Lý":"HKD Trần Thị Chậm","Địa chỉ đại lý":"Số 12, tổ 2, ấp Hiếu Xuân, xã Hiếu Thành, huyện Vũng Liêm, tỉnh Vĩnh Long","layer_id":262,"fid":103,"label":"HKD Trần Thị Chậm"}},{"type":"Feature","id":104,"geometry":{"type":"Point","coordinates":[105.88645,10.01282]},"properties":{"Họ và tên":"HKD Tường Huy","Tên Đại Lý":"Số 2654, tổ 3, ấp Hóa Thành 1, xã Đông Thành, thị xã Bình Minh, tỉnh Vĩnh Long, Việt Nam","Địa chỉ đại lý":null,"layer_id":262,"fid":104,"label":"Số 2654, tổ 3, ấp Hóa Thành 1, xã Đông Thành, thị xã Bình Minh, tỉnh Vĩnh Long, Việt Nam"}},{"type":"Feature","id":268,"geometry":{"type":"Point","coordinates":[106.03901,10.04353]},"properties":{"Họ và tên":"Lê Văn Chem","Tên Đại Lý":"Hộ kinh doanh Sáu Chem","Địa chỉ đại lý":"Tổ 5, ấp Tường Thạnh, xã Hòa Bình, huyện Trà Ôn, tỉnh Vĩnh Long","layer_id":262,"fid":268,"label":"Hộ kinh doanh Sáu Chem"}},{"type":"Feature","id":105,"geometry":{"type":"Point","coordinates":[106.06175,10.20904]},"properties":{"Họ và tên":"HKD đại lý thuốc BVTV-Phân bón Kha Hoàng","Tên Đại Lý":"Tổ 08, ấp Phú Thuận B, xã Nhơn Phú, huyện Mang Thít, tỉnh Vĩnh Long, Việt Nam","Địa chỉ đại lý":null,"layer_id":262,"fid":105,"label":"Tổ 08, ấp Phú Thuận B, xã Nhơn Phú, huyện Mang Thít, tỉnh Vĩnh Long, Việt Nam"}},{"type":"Feature","id":107,"geometry":{"type":"Point","coordinates":[106.021,10.269]},"properties":{"Họ và tên":"Trần Hoàng Minh","Tên Đại Lý":"HKD Trần Hoàng Minh","Địa chỉ đại lý":"ấp Phước Định 2, xã Bình Hòa Phước, huyện Long Hồ, tỉnh Vĩnh Long","layer_id":262,"fid":107,"label":"HKD Trần Hoàng Minh"}},{"type":"Feature","id":106,"geometry":{"type":"Point","coordinates":[105.99321,9.9892]},"properties":{"Họ và tên":"HKD Thanh Hùng","Tên Đại Lý":"Tổ 11, ấp Tầm Vu, xã Trà Côn, huyện Trà Ôn, tỉnh Vĩnh Long, Việt Nam","Địa chỉ đại lý":null,"layer_id":262,"fid":106,"label":"Tổ 11, ấp Tầm Vu, xã Trà Côn, huyện Trà Ôn, tỉnh Vĩnh Long, Việt Nam"}},{"type":"Feature","id":108,"geometry":{"type":"Point","coordinates":[105.991,10.284]},"properties":{"Họ và tên":"Võ Thiện Thành","Tên Đại Lý":"HKD Thiện Thành","Địa chỉ đại lý":"ấp Hòa Quí, xã Hòa Ninh, huyện Long Hồ, tỉnh Vĩnh Long","layer_id":262,"fid":108,"label":"HKD Thiện Thành"}},{"type":"Feature","id":269,"geometry":{"type":"Point","coordinates":[106.0244,10.04174]},"properties":{"Họ và tên":"Trương Văn Chính","Tên Đại Lý":"Hộ kinh doanh Chính Nối","Địa chỉ đại lý":"ấp Tường Ngãi, xã Nhơn Bình, huyện Trà Ôn, tỉnh Vĩnh Long","layer_id":262,"fid":269,"label":"Hộ kinh doanh Chính Nối"}},{"type":"Feature","id":365,"geometry":{"type":"Point","coordinates":[10.3012,106.4154]},"properties":{"Họ và tên":"ĐẶNG HẢI ĐĂNG","Tên Đại Lý":"Hộ kinh doanh  Duy Hà","Địa chỉ đại lý":"ấp Trung Hiệp, xã \nHưng Khánh Trung B","layer_id":262,"fid":365,"label":"Hộ kinh doanh  Duy Hà"}},{"type":"Feature","id":109,"geometry":{"type":"Point","coordinates":[105.975,10.268]},"properties":{"Họ và tên":"Huỳnh Văn Mật","Tên Đại Lý":"Hộ kinh doanh Huỳnh Mật","Địa chỉ đại lý":"ấp An Thành, xã An Bình, huyện Long Hồ, tỉnh Vĩnh Long","layer_id":262,"fid":109,"label":"Hộ kinh doanh Huỳnh Mật"}},{"type":"Feature","id":116,"geometry":{"type":"Point","coordinates":[0.0,0.0]},"properties":{"Họ và tên":"Nguyễn Hoàng Lương","Tên Đại Lý":"Cở sở mua bán thuốc BVTV Thanh Lương","Địa chỉ đại lý":"ấp Tân Hội, xã Tân An Hội, huyện Mang Thít","layer_id":262,"fid":116,"label":"Cở sở mua bán thuốc BVTV Thanh Lương"}},{"type":"Feature","id":117,"geometry":{"type":"Point","coordinates":[10.195402,106.014139]},"properties":{"Họ và tên":"Nguyễn Tấn Tứ","Tên Đại Lý":"HKD Cơ sở mua bán VTNN Tứ Phượng 1","Địa chỉ đại lý":" ấp Bình Tịnh, xã Hòa Tịnh, huyện Mang Thít","layer_id":262,"fid":117,"label":"HKD Cơ sở mua bán VTNN Tứ Phượng 1"}},{"type":"Feature","id":118,"geometry":{"type":"Point","coordinates":[10.165807,106.077366]},"properties":{"Họ và tên":"Nguyễn Thị Ánh Tuyết","Tên Đại Lý":"CH VTNN Vi Tuyền","Địa chỉ đại lý":"ấp Phước Thới A, xã Bình Phước, huyện Mang Thít","layer_id":262,"fid":118,"label":"CH VTNN Vi Tuyền"}},{"type":"Feature","id":366,"geometry":{"type":"Point","coordinates":[10.1512,106.3421]},"properties":{"Họ và tên":"ĐẶNG HOÀNG DUY","Tên Đại Lý":"Hộ kinh doanh  9 Dũng","Địa chỉ đại lý":"138/40, ấp Tân Trung, xã Hưng Khánh Trung B","layer_id":262,"fid":366,"label":"Hộ kinh doanh  9 Dũng"}},{"type":"Feature","id":119,"geometry":{"type":"Point","coordinates":[10.122642,106.074337]},"properties":{"Họ và tên":"Nguyễn Xuân Dũng","Tên Đại Lý":"Điểm mua bán VTNN - Xuân Dũng","Địa chỉ đại lý":"ấp Thanh Phong, xã Tân Long Hội,  huyện Mang Thít","layer_id":262,"fid":119,"label":"Điểm mua bán VTNN - Xuân Dũng"}},{"type":"Feature","id":120,"geometry":{"type":"Point","coordinates":[101695.0,10616305.0]},"properties":{"Họ và tên":"Bùi Văn Ngọc","Tên Đại Lý":"HKD Cơ sở mua bán VTNN Hữu Hiệu","Địa chỉ đại lý":"ấp Mỹ Chánh, xã Chánh An,  huyện Mang Thit","layer_id":262,"fid":120,"label":"HKD Cơ sở mua bán VTNN Hữu Hiệu"}},{"type":"Feature","id":270,"geometry":{"type":"Point","coordinates":[105.97928,9.96464]},"properties":{"Họ và tên":"Dương Hoàng An","Tên Đại Lý":"Hộ kinh doanh Phước Thắng","Địa chỉ đại lý":"ấp Gia Kiết, xã Tân Mỹ, huyện Trà Ôn, tỉnh Vĩnh Long","layer_id":262,"fid":270,"label":"Hộ kinh doanh Phước Thắng"}},{"type":"Feature","id":121,"geometry":{"type":"Point","coordinates":[10.237179,106.051606]},"properties":{"Họ và tên":"Võ Văn Lộc","Tên Đại Lý":"Cơ sở mua bán thuốc BVTV - Năm Lộc","Địa chỉ đại lý":"ấp Hòa Mỹ 2, xã Mỹ An, huyện Mang Thít","layer_id":262,"fid":121,"label":"Cơ sở mua bán thuốc BVTV - Năm Lộc"}},{"type":"Feature","id":271,"geometry":{"type":"Point","coordinates":[106.03987,9.97981]},"properties":{"Họ và tên":"Trần Văn Hương","Tên Đại Lý":"HKD Hương","Địa chỉ đại lý":"Tổ 07, ấp Vĩnh Tiến, xã Hựu Thành, huyện Trà Ôn, tỉnh Vĩnh Long","layer_id":262,"fid":271,"label":"HKD Hương"}},{"type":"Feature","id":367,"geometry":{"type":"Point","coordinates":[10.1872,106.3214]},"properties":{"Họ và tên":"ĐẶNG LÊ DUY PHƯƠNG","Tên Đại Lý":"HỘ KINH DOANH ĐẶNG LÊ DUY PHƯƠNG (NHƠN)","Địa chỉ đại lý":"Số 34, ấp Phú Thành, xã Phú Hưng","layer_id":262,"fid":367,"label":"HỘ KINH DOANH ĐẶNG LÊ DUY PHƯƠNG (NHƠN)"}},{"type":"Feature","id":368,"geometry":{"type":"Point","coordinates":[10.0355,106.5872]},"properties":{"Họ và tên":"ĐẶNG NGỌC HIỆP","Tên Đại Lý":"Hộ kinh doanh  Minh Hằng","Địa chỉ đại lý":"số 19 F, khu phố 2, phường Phú Khương","layer_id":262,"fid":368,"label":"Hộ kinh doanh  Minh Hằng"}},{"type":"Feature","id":122,"geometry":{"type":"Point","coordinates":[10.228651,106.00445]},"properties":{"Họ và tên":"Lê Đức Minh","Tên Đại Lý":"Cơ sớ bán thuốc BVTV, phân bón (Đức Minh)","Địa chỉ đại lý":"ấp Long Phước, xã Long Mỹ,  huyện Mang Thít","layer_id":262,"fid":122,"label":"Cơ sớ bán thuốc BVTV, phân bón (Đức Minh)"}},{"type":"Feature","id":123,"geometry":{"type":"Point","coordinates":[10.20222,106.13]},"properties":{"Họ và tên":"Trần Thanh Thùy","Tên Đại Lý":"CH VTNN Thanh Thùy","Địa chỉ đại lý":"ấp Thanh Thủy, xã An Phước,  huyện Mang Thít","layer_id":262,"fid":123,"label":"CH VTNN Thanh Thùy"}},{"type":"Feature","id":124,"geometry":{"type":"Point","coordinates":[10.2076,106.0873]},"properties":{"Họ và tên":"Phan Ngọc Tấn","Tên Đại Lý":"CH VTNN Phú Khang","Địa chỉ đại lý":"ấp Chợ, xã Nhơn Phú, huyện Mang Thít","layer_id":262,"fid":124,"label":"CH VTNN Phú Khang"}},{"type":"Feature","id":125,"geometry":{"type":"Point","coordinates":[10.16,10607000.0]},"properties":{"Họ và tên":"Phạm Thế Hùng","Tên Đại Lý":"Cửa hàng VTNN Phạm Thế Hùng","Địa chỉ đại lý":"Ấp Tân Qui 2, Xã Tân An Hội, Mang Thít","layer_id":262,"fid":125,"label":"Cửa hàng VTNN Phạm Thế Hùng"}},{"type":"Feature","id":126,"geometry":{"type":"Point","coordinates":[10.15878,106.049876]},"properties":{"Họ và tên":"Trần Thị Út Em","Tên Đại Lý":"Cơ sở mua bán thuốc BVTV (Năm Thành)","Địa chỉ đại lý":"ấp Thân Bình, xã Tân Long, huyện Mang Thít","layer_id":262,"fid":126,"label":"Cơ sở mua bán thuốc BVTV (Năm Thành)"}},{"type":"Feature","id":127,"geometry":{"type":"Point","coordinates":[10.162125,106.097415]},"properties":{"Họ và tên":"Nguyễn Minh Hải","Tên Đại Lý":"Cơ sở mua bán thuốc BVTV Minh Hải","Địa chỉ đại lý":"ấp An Hội 1, xã Tân An Hội, huyện Mang Thít","layer_id":262,"fid":127,"label":"Cơ sở mua bán thuốc BVTV Minh Hải"}},{"type":"Feature","id":272,"geometry":{"type":"Point","coordinates":[106.03747,9.99741]},"properties":{"Họ và tên":"Bùi Ngọc Mỹ","Tên Đại Lý":"Hộ kinh doanh Thành Mỹ","Địa chỉ đại lý":"Số 65, tổ 3, ấp Vĩnh Sơn, xã Hựu Thành, huyện Trà Ôn, tỉnh Vĩnh Long","layer_id":262,"fid":272,"label":"Hộ kinh doanh Thành Mỹ"}},{"type":"Feature","id":369,"geometry":{"type":"Point","coordinates":[10.1245,106.3112]},"properties":{"Họ và tên":"ĐẶNG NHẤT GIANG","Tên Đại Lý":"Hộ kinh doanh  Hai Ca 2","Địa chỉ đại lý":"ấp Lộc Hiệp, \nxã Vĩnh Bình","layer_id":262,"fid":369,"label":"Hộ kinh doanh  Hai Ca 2"}},{"type":"Feature","id":273,"geometry":{"type":"Point","coordinates":[106.04686,10.04022]},"properties":{"Họ và tên":"Mai Văn Tư","Tên Đại Lý":"Hộ kinh doanh Mai Văn Tư (Năm Tư)","Địa chỉ đại lý":"ấp Ngãi Hòa, xã Hòa Bình, huyện Trà Ôn, tỉnh Vĩnh Long","layer_id":262,"fid":273,"label":"Hộ kinh doanh Mai Văn Tư (Năm Tư)"}},{"type":"Feature","id":370,"geometry":{"type":"Point","coordinates":[10.2458,106.2145]},"properties":{"Họ và tên":"ĐẶNG THỊ HUỲNH TUYẾT LOAN","Tên Đại Lý":"Hộ kinh doanh  Ba Đen","Địa chỉ đại lý":"ấp Cầu Hòa, \nxã Phong Nẫm","layer_id":262,"fid":370,"label":"Hộ kinh doanh  Ba Đen"}},{"type":"Feature","id":128,"geometry":{"type":"Point","coordinates":[10.16,106.07]},"properties":{"Họ và tên":"Trần Thị Thu Chi","Tên Đại Lý":"Công Ty TNHH ADC CN Mang Thít","Địa chỉ đại lý":"Ấp Tân Qui 2, Tân An Hội, Mang Thít","layer_id":262,"fid":128,"label":"Công Ty TNHH ADC CN Mang Thít"}},{"type":"Feature","id":129,"geometry":{"type":"Point","coordinates":[10.21,106.03]},"properties":{"Họ và tên":"Châu Hữu Nhân","Tên Đại Lý":"Cơ sở mua bán thuốc BVTV Năm Hưng","Địa chỉ đại lý":"ấp Bình Hòa 1, xã Hòa Tịnh, huyện Mang Thít","layer_id":262,"fid":129,"label":"Cơ sở mua bán thuốc BVTV Năm Hưng"}},{"type":"Feature","id":130,"geometry":{"type":"Point","coordinates":[140.222,106.0921]},"properties":{"Họ và tên":"Cao Kim Thanh","Tên Đại Lý":"Cơ sở mua bán thuốc BVTV (Cao Kim Thanh)","Địa chỉ đại lý":"ấp Mỹ Phú, xã Mỹ Phước, huyện Mang Thít","layer_id":262,"fid":130,"label":"Cơ sở mua bán thuốc BVTV (Cao Kim Thanh)"}},{"type":"Feature","id":131,"geometry":{"type":"Point","coordinates":[10.19,106.13]},"properties":{"Họ và tên":"Mai Hồng Xuân","Tên Đại Lý":"CH VTNN Hồng Xuân","Địa chỉ đại lý":"ấp Phước Thủy, xã An Phước, huyện Mang Thít","layer_id":262,"fid":131,"label":"CH VTNN Hồng Xuân"}},{"type":"Feature","id":132,"geometry":{"type":"Point","coordinates":[10.169692,106.026998]},"properties":{"Họ và tên":"Nguyễn Văn Có","Tên Đại Lý":"Cửa hàng VTNN Có Hương","Địa chỉ đại lý":"ấp Phước Lộc Thọ, xã Bình Phước, huyện Mang Thít","layer_id":262,"fid":132,"label":"Cửa hàng VTNN Có Hương"}},{"type":"Feature","id":133,"geometry":{"type":"Point","coordinates":[10.21295,106.090807]},"properties":{"Họ và tên":"Đặng Thế Mãi","Tên Đại Lý":"Cơ sở mua bán Thuốc BVTV- Phân bón Thế Nhơn","Địa chỉ đại lý":"ấp Phú Thạnh C, xã Nhơn Phú, huyện Mang Thít","layer_id":262,"fid":133,"label":"Cơ sở mua bán Thuốc BVTV- Phân bón Thế Nhơn"}},{"type":"Feature","id":274,"geometry":{"type":"Point","coordinates":[105.91963,9.96534]},"properties":{"Họ và tên":"Cao Đức Hưng","Tên Đại Lý":"Hộ kinh doanh Phương Linh","Địa chỉ đại lý":"khu 8, thị trấn Trà Ôn, huyện Trà Ôn, tỉnh Vĩnh Long","layer_id":262,"fid":274,"label":"Hộ kinh doanh Phương Linh"}},{"type":"Feature","id":238,"geometry":{"type":"Point","coordinates":[106.139517,10.024207]},"properties":{"Họ và tên":"Trần Lê Duy","Tên Đại Lý":"Hưng Phát ","Địa chỉ đại lý":"Tổ 11, ấp An Phước, xã Trung An, Vũng Liêm","layer_id":262,"fid":238,"label":"Hưng Phát "}},{"type":"Feature","id":371,"geometry":{"type":"Point","coordinates":[10.0163,106.6027]},"properties":{"Họ và tên":"ĐẶNG THỊ LỰU","Tên Đại Lý":"HỘ KINH DOANH DỊCH VỤ CẦM ĐỒ, MUA BÁN TẠP HOÁ ĐẶNG THỊ LỰU.","Địa chỉ đại lý":"Số 209/GDA, ấp Gò Dầu, xã Mỹ Chánh","layer_id":262,"fid":371,"label":"HỘ KINH DOANH DỊCH VỤ CẦM ĐỒ, MUA BÁN TẠP HOÁ ĐẶNG THỊ LỰU."}},{"type":"Feature","id":275,"geometry":{"type":"Point","coordinates":[105.95398,9.97492]},"properties":{"Họ và tên":"Thạch Thắng","Tên Đại Lý":"HKD Như Ý","Địa chỉ đại lý":"số 6, tổ 1, ấp Mỹ Trung, xã Thiện Mỹ, huyện Trà Ôn, tỉnh Vĩnh Long","layer_id":262,"fid":275,"label":"HKD Như Ý"}},{"type":"Feature","id":239,"geometry":{"type":"Point","coordinates":[105.8367,10.0442]},"properties":{"Họ và tên":"Phạm Quốc Anh","Tên Đại Lý":"Hộ kinh doanh Phạm Quốc Anh (Hồng Liêm)","Địa chỉ đại lý":"Số 476, tổ 49, khóm Đông Thuận, phường Đông Thuận, Tx Bình Minh","layer_id":262,"fid":239,"label":"Hộ kinh doanh Phạm Quốc Anh (Hồng Liêm)"}},{"type":"Feature","id":319,"geometry":{"type":"Point","coordinates":[10.06208,105.89374]},"properties":{"Họ và tên":"Nguyễn Thị Chính","Tên Đại Lý":"Hộ kinh doanh Nguyễn Thị Chính (Lộc Chính)","Địa chỉ đại lý":"ấp Phú Thạnh, xã Long Phú, huyện Tam Bình, tỉnh Vĩnh Long","layer_id":262,"fid":319,"label":"Hộ kinh doanh Nguyễn Thị Chính (Lộc Chính)"}},{"type":"Feature","id":134,"geometry":{"type":"Point","coordinates":[10.23,106.02]},"properties":{"Họ và tên":"Nguyễn Thị Hồng Thắm  ","Tên Đại Lý":"CH VTNN Thu Hà","Địa chỉ đại lý":"ấp An Hưng, xã Mỹ An, huyện Mang Thít","layer_id":262,"fid":134,"label":"CH VTNN Thu Hà"}},{"type":"Feature","id":135,"geometry":{"type":"Point","coordinates":[10210.0,106030.0]},"properties":{"Họ và tên":"Nguyễn Thị Út","Tên Đại Lý":"Hộ kinh doanhVTNN  Út Nhân","Địa chỉ đại lý":"Tổ 01, ấp Bình Hòa 2, xã Hòa Tịnh, huyện Mang Thít, tỉnh Vĩnh Long","layer_id":262,"fid":135,"label":"Hộ kinh doanhVTNN  Út Nhân"}},{"type":"Feature","id":136,"geometry":{"type":"Point","coordinates":[10.168507,106.031628]},"properties":{"Họ và tên":"Trần Văn Minh Tâm","Tên Đại Lý":"Hộ Kinh Doanh cơ sở mua bán VTNN Tâm Như","Địa chỉ đại lý":"Tổ 09, ấp Thân Bình, xã Tân Long, huyện Mang Thít","layer_id":262,"fid":136,"label":"Hộ Kinh Doanh cơ sở mua bán VTNN Tâm Như"}},{"type":"Feature","id":137,"geometry":{"type":"Point","coordinates":[10.235783,106.08773]},"properties":{"Họ và tên":"Nguyễn Nhi Phương","Tên Đại Lý":"HKD Phương Xuyên","Địa chỉ đại lý":"Ấp Mỹ Thanh, Xã Mỹ Phước, huyện Mang Thít","layer_id":262,"fid":137,"label":"HKD Phương Xuyên"}},{"type":"Feature","id":138,"geometry":{"type":"Point","coordinates":[10.24,106.033]},"properties":{"Họ và tên":"Võ Bùi Tuyết Hạnh","Tên Đại Lý":"HKD Linaco 4","Địa chỉ đại lý":"Ấp An Hưng , Mỹ An , Mang Thít","layer_id":262,"fid":138,"label":"HKD Linaco 4"}},{"type":"Feature","id":139,"geometry":{"type":"Point","coordinates":[10.22,106.12]},"properties":{"Họ và tên":"Hồ Thị Diễm Mi","Tên Đại Lý":"CH VTNN Thiên Minh","Địa chỉ đại lý":"Tổ 7,ấp Thuận Thới, xã An Phước, huyện Mang Thít","layer_id":262,"fid":139,"label":"CH VTNN Thiên Minh"}},{"type":"Feature","id":276,"geometry":{"type":"Point","coordinates":[10.09514,105.8312]},"properties":{"Họ và tên":"Lê Thị Mứt","Tên Đại Lý":"HKD Lê Thị Mứt","Địa chỉ đại lý":"Tổ 15, ấp Thuận Phú A, xã Thuận An, thị xã Bình Minh, tỉnh Vĩnh Long","layer_id":262,"fid":276,"label":"HKD Lê Thị Mứt"}},{"type":"Feature","id":372,"geometry":{"type":"Point","coordinates":[10.0381,106.5624]},"properties":{"Họ và tên":"ĐẶNG THỊ MỘNG ĐIỆP","Tên Đại Lý":"HỘ KINH DOANH KHÁN ĐIỆP","Địa chỉ đại lý":"Số 530/1, Ấp Chợ, xã Phú Phụng","layer_id":262,"fid":372,"label":"HỘ KINH DOANH KHÁN ĐIỆP"}},{"type":"Feature","id":277,"geometry":{"type":"Point","coordinates":[10.0077,105.86289]},"properties":{"Họ và tên":"Bùi Thị Cẩm Nho","Tên Đại Lý":"HKD Cẩm Nho","Địa chỉ đại lý":"Tổ 01, ấp Đông Hưng 3, xã Đông Thành, thị xã Bình Minh, tỉnh Vĩnh Long","layer_id":262,"fid":277,"label":"HKD Cẩm Nho"}},{"type":"Feature","id":373,"geometry":{"type":"Point","coordinates":[10.3347,106.2618]},"properties":{"Họ và tên":"ĐẶNG THỊ TƯỜNG VI","Tên Đại Lý":"HỘ KINH DOANH HAI CA","Địa chỉ đại lý":"Số 120/12B, khu phố 2, thị trấn Chợ Lách","layer_id":262,"fid":373,"label":"HỘ KINH DOANH HAI CA"}},{"type":"Feature","id":140,"geometry":{"type":"Point","coordinates":[10.22,106.11]},"properties":{"Họ và tên":"Phạm Thị Tuyết Hồng","Tên Đại Lý":"Hộ Kinh Doanh Quang Phục","Địa chỉ đại lý":"Tổ 03, ấp Định Thới A, xã An Phước, huyện Mang Thít ","layer_id":262,"fid":140,"label":"Hộ Kinh Doanh Quang Phục"}},{"type":"Feature","id":278,"geometry":{"type":"Point","coordinates":[10.03795,105.87484]},"properties":{"Họ và tên":"Trương Nhật Khải","Tên Đại Lý":"HKD Trương Nhật Khải (Ưng Yến)","Địa chỉ đại lý":"ấp Đông Thạnh A, xã Đông Thạnh, thị xã Bình Minh, tỉnh Vĩnh Long","layer_id":262,"fid":278,"label":"HKD Trương Nhật Khải (Ưng Yến)"}},{"type":"Feature","id":141,"geometry":{"type":"Point","coordinates":[10.240032,106.065072]},"properties":{"Họ và tên":"Nguyễn Thị Đài Trang","Tên Đại Lý":"Hộ kinh doanh Năm Bửu","Địa chỉ đại lý":"tổ 12, ấp Cái Cạn, xã Mỹ Phước, huyện Mang Thít","layer_id":262,"fid":141,"label":"Hộ kinh doanh Năm Bửu"}},{"type":"Feature","id":142,"geometry":{"type":"Point","coordinates":[10.17,106.13]},"properties":{"Họ và tên":"Mai Hà Thanh Trà","Tên Đại Lý":"Cửa hàng VTNN Thuận Phát","Địa chỉ đại lý":"tổ 01, ấp Chánh Hòa, xã Chánh An, huyện Mang Thít","layer_id":262,"fid":142,"label":"Cửa hàng VTNN Thuận Phát"}},{"type":"Feature","id":374,"geometry":{"type":"Point","coordinates":[10.2215,106.3142]},"properties":{"Họ và tên":"ĐẶNG VĂN RẠNG","Tên Đại Lý":"Hộ kinh doanh \nRạng Loan","Địa chỉ đại lý":"Thửa đất số 217, ấp Thạnh An, xã Thạnh Hải","layer_id":262,"fid":374,"label":"Hộ kinh doanh \nRạng Loan"}},{"type":"Feature","id":143,"geometry":{"type":"Point","coordinates":[10.169987,106.091478]},"properties":{"Họ và tên":"Trần Ngọc Thắng","Tên Đại Lý":"CHVTNN Ngọc Thắng","Địa chỉ đại lý":"Khóm 6, TTCN, huyện Mang Thít","layer_id":262,"fid":143,"label":"CHVTNN Ngọc Thắng"}},{"type":"Feature","id":144,"geometry":{"type":"Point","coordinates":[10.172094,106.161946]},"properties":{"Họ và tên":"Nguyễn Văn Ni","Tên Đại Lý":"Hộ kinh doanh Cửa hàng VTNN Tám Ni","Địa chỉ đại lý":" ấp Mỹ Long, xã Chánh An, huyện Mang Thít","layer_id":262,"fid":144,"label":"Hộ kinh doanh Cửa hàng VTNN Tám Ni"}},{"type":"Feature","id":145,"geometry":{"type":"Point","coordinates":[10.16,106.16]},"properties":{"Họ và tên":"Nguyễn Văn Sử","Tên Đại Lý":"Hộ kinh doanh Năm Sử","Địa chỉ đại lý":"Tổ 02, ấp Mỹ Long, xã Chánh An, huyện Mang Thít","layer_id":262,"fid":145,"label":"Hộ kinh doanh Năm Sử"}},{"type":"Feature","id":279,"geometry":{"type":"Point","coordinates":[10.07069,105.82184]},"properties":{"Họ và tên":"Lê Văn Biên","Tên Đại Lý":"HKD Lê Văn Biên (VTNN Anh Pha)","Địa chỉ đại lý":"Tổ 21, Khóm 5, phường Cái Vồn, thị xã Bình Minh, tỉnh Vĩnh Long","layer_id":262,"fid":279,"label":"HKD Lê Văn Biên (VTNN Anh Pha)"}},{"type":"Feature","id":280,"geometry":{"type":"Point","coordinates":[10.09513,105.82596]},"properties":{"Họ và tên":"Nguyên Thành Trung","Tên Đại Lý":"Hộ kinh doanh Nguyễn Thành Trung","Địa chỉ đại lý":"Tổ 6, ấp Thuận Thành, xã Thuận An, thị xã Bình Minh, tỉnh Vĩnh Long","layer_id":262,"fid":280,"label":"Hộ kinh doanh Nguyễn Thành Trung"}},{"type":"Feature","id":375,"geometry":{"type":"Point","coordinates":[10.1425,106.291]},"properties":{"Họ và tên":"ĐẶNG VĂN ÚT","Tên Đại Lý":"HỘ KINH DOANH ĐẶNG VĂN ÚT","Địa chỉ đại lý":"Số 248/TQ, ấp Tân Quý, xã Tân Mỹ","layer_id":262,"fid":375,"label":"HỘ KINH DOANH ĐẶNG VĂN ÚT"}},{"type":"Feature","id":146,"geometry":{"type":"Point","coordinates":[10.22,106.12]},"properties":{"Họ và tên":"Nguyễn Phúc Hảo","Tên Đại Lý":"CH VTNN Quốc Thắng","Địa chỉ đại lý":"Ấp Thuận Thới, An Phước, Mang Thít","layer_id":262,"fid":146,"label":"CH VTNN Quốc Thắng"}},{"type":"Feature","id":147,"geometry":{"type":"Point","coordinates":[10.2,106.13]},"properties":{"Họ và tên":"Lê Quốc Thông","Tên Đại Lý":"HKD DR Durian","Địa chỉ đại lý":"Ấp Thanh Thủy, An Phước, Mang Thít","layer_id":262,"fid":147,"label":"HKD DR Durian"}},{"type":"Feature","id":148,"geometry":{"type":"Point","coordinates":[10.2,106.12]},"properties":{"Họ và tên":"Lê Hoàng Bá","Tên Đại Lý":"CH VTNN Lê Hoàng Bá","Địa chỉ đại lý":"ấp Chợ, Mỹ An, Mang Thít","layer_id":262,"fid":148,"label":"CH VTNN Lê Hoàng Bá"}},{"type":"Feature","id":281,"geometry":{"type":"Point","coordinates":[10.06501,105.82277]},"properties":{"Họ và tên":"Lê Ngọc Đặng","Tên Đại Lý":"HKD Tiệm phân Tân Hưng","Địa chỉ đại lý":"Khóm 1, Phường Cái Vồn, thị xã Bình Minh, tỉnh Vĩnh Long","layer_id":262,"fid":281,"label":"HKD Tiệm phân Tân Hưng"}},{"type":"Feature","id":149,"geometry":{"type":"Point","coordinates":[102500.0,10603000.0]},"properties":{"Họ và tên":"Ngô Thị Cẩm Hằng","Tên Đại Lý":"Hộ kinh doanh Tài Lộc","Địa chỉ đại lý":"Tổ 11, ấp An Hương 1, xã Mỹ An, Mang Thít","layer_id":262,"fid":149,"label":"Hộ kinh doanh Tài Lộc"}},{"type":"Feature","id":150,"geometry":{"type":"Point","coordinates":[10.22,106.11]},"properties":{"Họ và tên":"Đặng Tây Đô","Tên Đại Lý":"CH VTNN Phúc Nông","Địa chỉ đại lý":"Ấp Thuận Thới, AN Phước, Mang Thít","layer_id":262,"fid":150,"label":"CH VTNN Phúc Nông"}},{"type":"Feature","id":376,"geometry":{"type":"Point","coordinates":[10.2714,106.3255]},"properties":{"Họ và tên":"ĐẶNG VĨNH PHÚC","Tên Đại Lý":"CÔNG TY TNHH XNK PHÚC THÀNH KHANG","Địa chỉ đại lý":" ấp An Thuận B, xã Mỹ Thạnh An","layer_id":262,"fid":376,"label":"CÔNG TY TNHH XNK PHÚC THÀNH KHANG"}},{"type":"Feature","id":151,"geometry":{"type":"Point","coordinates":[10.16,106.1]},"properties":{"Họ và tên":"Nguyễn Văn Khen","Tên Đại Lý":"HKD VTNN Hùng Bò Hút","Địa chỉ đại lý":"ấp Tân Mỹ, xã Chánh An, huyện Mang Thít,","layer_id":262,"fid":151,"label":"HKD VTNN Hùng Bò Hút"}},{"type":"Feature","id":152,"geometry":{"type":"Point","coordinates":[10.179018,106.105456]},"properties":{"Họ và tên":"Trương Vĩ Bình","Tên Đại Lý":"CH VTNN Gia Phát","Địa chỉ đại lý":"Tổ 13, khóm 2, thị trấn Cái Nhum, Mang Thít","layer_id":262,"fid":152,"label":"CH VTNN Gia Phát"}},{"type":"Feature","id":282,"geometry":{"type":"Point","coordinates":[10.09305,105.8318]},"properties":{"Họ và tên":"Nguyễn Quang Hiển","Tên Đại Lý":"Hộ kinh doanh Nguyễn Quang Hiển","Địa chỉ đại lý":"Tổ 12, ấp Thuận Phú A, xã Thuận An, thị xã Bình Minh, tỉnh Vĩnh Long","layer_id":262,"fid":282,"label":"Hộ kinh doanh Nguyễn Quang Hiển"}},{"type":"Feature","id":283,"geometry":{"type":"Point","coordinates":[10.0238,105.83777]},"properties":{"Họ và tên":"Vũ Quang Trường","Tên Đại Lý":"Hộ kinh doanh Minh Anh","Địa chỉ đại lý":"Tổ 19, ấp Mỹ Lợi, xã Mỹ Hòa, thị xã Bình Minh, tỉnh Vĩnh Long","layer_id":262,"fid":283,"label":"Hộ kinh doanh Minh Anh"}},{"type":"Feature","id":377,"geometry":{"type":"Point","coordinates":[10.0245,106.5821]},"properties":{"Họ và tên":"Đặng Vĩnh Phúc","Tên Đại Lý":"Công ty TNHH XNK Phúc Thành Khang","Địa chỉ đại lý":"ấp Long Huê, xã Long Thới","layer_id":262,"fid":377,"label":"Công ty TNHH XNK Phúc Thành Khang"}},{"type":"Feature","id":153,"geometry":{"type":"Point","coordinates":[10.2,106.08]},"properties":{"Họ và tên":"Nguyễn Ngọc Đan Thanh","Tên Đại Lý":"HKD Đan Thanh","Địa chỉ đại lý":"Ấp Phú Thạnh A, xã Nhơn Phú, Mang Thít","layer_id":262,"fid":153,"label":"HKD Đan Thanh"}},{"type":"Feature","id":154,"geometry":{"type":"Point","coordinates":[10.23,106.06]},"properties":{"Họ và tên":"Đỗ Văn Ý","Tên Đại Lý":"HKD VTNN Út Ý","Địa chỉ đại lý":"Ấp Cái Cạn, Xã Mỹ Phước, Mang Thít","layer_id":262,"fid":154,"label":"HKD VTNN Út Ý"}},{"type":"Feature","id":378,"geometry":{"type":"Point","coordinates":[10.2154,106.2415]},"properties":{"Họ và tên":"ĐÀO PHƯƠNG LỘC","Tên Đại Lý":"Hộ kinh doanh \nLê Thị Hẹn","Địa chỉ đại lý":"Thửa đất số 9, tờ bản đồ số 20, ấp Hưng Hoà Tây, xã Hưng Nhượng","layer_id":262,"fid":378,"label":"Hộ kinh doanh \nLê Thị Hẹn"}},{"type":"Feature","id":155,"geometry":{"type":"Point","coordinates":[10.17,106.12]},"properties":{"Họ và tên":"Thạch Tú Trinh","Tên Đại Lý":"CH VTNN Đăng Khoa","Địa chỉ đại lý":"Ấp An Hòa, Chánh An, Mang Thít","layer_id":262,"fid":155,"label":"CH VTNN Đăng Khoa"}},{"type":"Feature","id":156,"geometry":{"type":"Point","coordinates":[10.203192,106.023291]},"properties":{"Họ và tên":"Nguyễn Mỹ Tiên","Tên Đại Lý":"Hộ kinh doanh Cửa hàng VTNN Tấn Phát","Địa chỉ đại lý":"Tổ 9, ấp Bình Tịnh B, xã Hòa Tịnh, Mang Thít","layer_id":262,"fid":156,"label":"Hộ kinh doanh Cửa hàng VTNN Tấn Phát"}},{"type":"Feature","id":157,"geometry":{"type":"Point","coordinates":[10.16,106.16]},"properties":{"Họ và tên":"Lê Thị Anh Vân","Tên Đại Lý":"CH VTNN Trung Vân","Địa chỉ đại lý":"tổ 3, ấp Mỹ Long, xã Chánh An, huyện Mang Thít","layer_id":262,"fid":157,"label":"CH VTNN Trung Vân"}},{"type":"Feature","id":158,"geometry":{"type":"Point","coordinates":[10.2200001,106.09]},"properties":{"Họ và tên":"Võ Bùi Tâm Hiếu","Tên Đại Lý":"HKD Linaco 2","Địa chỉ đại lý":"Tổ 4, ấp Mỹ Phú, xã Mỹ Phước, huyện Mang Thít ","layer_id":262,"fid":158,"label":"HKD Linaco 2"}},{"type":"Feature","id":284,"geometry":{"type":"Point","coordinates":[10.05119,105.84194]},"properties":{"Họ và tên":"Sơn Văn Trương","Tên Đại Lý":"HKD Trương Phát","Địa chỉ đại lý":"Số thửa đất 464, tờ bản đồ 8, tổ 10, ấp Phù Ly 2, xã Đông Bình, thị xã Bình Minh, tỉnh Vĩnh Long","layer_id":262,"fid":284,"label":"HKD Trương Phát"}},{"type":"Feature","id":159,"geometry":{"type":"Point","coordinates":[10.200001,106.13]},"properties":{"Họ và tên":"Trần Quang Thái","Tên Đại Lý":"Công ty TNHH MTV Thái Bình Cửu Long","Địa chỉ đại lý":"Tổ 13, ấp Thanh Thủy, xã An Phước, huyện Mang Thít","layer_id":262,"fid":159,"label":"Công ty TNHH MTV Thái Bình Cửu Long"}},{"type":"Feature","id":285,"geometry":{"type":"Point","coordinates":[10.10446,105.75041]},"properties":{"Họ và tên":"Bùi Hồng Xuân","Tên Đại Lý":"Hộ kinh doanh Bùi Hồng Xuân (VTNN Tư On)","Địa chỉ đại lý":"Tổ 16, ấp Tân Thuận, thị trấn Tân Quới, huyện Bình Tân, tỉnh Vĩnh Long","layer_id":262,"fid":285,"label":"Hộ kinh doanh Bùi Hồng Xuân (VTNN Tư On)"}},{"type":"Feature","id":379,"geometry":{"type":"Point","coordinates":[10.2552,106.3568]},"properties":{"Họ và tên":"ĐÀO THỊ MỸ NHA","Tên Đại Lý":"Cửa hàng vật tư nông nghiệp Chính Nha","Địa chỉ đại lý":"Số 594/1, ấp Chợ, xã Phú Phụng","layer_id":262,"fid":379,"label":"Cửa hàng vật tư nông nghiệp Chính Nha"}},{"type":"Feature","id":160,"geometry":{"type":"Point","coordinates":[10.221111,106.09]},"properties":{"Họ và tên":"Nguyễn Tấn Lợi","Tên Đại Lý":"HKD Nông nghiệp Xanh 4.0","Địa chỉ đại lý":"tổ 07, ấp Mỹ Phú, xã Mỹ Phước, huyện Mang Thít","layer_id":262,"fid":160,"label":"HKD Nông nghiệp Xanh 4.0"}},{"type":"Feature","id":286,"geometry":{"type":"Point","coordinates":[10.18808,105.77504]},"properties":{"Họ và tên":"Đào Thu Hiếu","Tên Đại Lý":"Hộ kinh doanh Đào Thu Hiếu","Địa chỉ đại lý":"Tổ 01, ấp Tân Lập, xã Tân Thành, huyện Bình Tân","layer_id":262,"fid":286,"label":"Hộ kinh doanh Đào Thu Hiếu"}},{"type":"Feature","id":380,"geometry":{"type":"Point","coordinates":[10.2785,106.3842]},"properties":{"Họ và tên":"ĐÀO VĂN TUẤN","Tên Đại Lý":"HỘ KINH DOANH ĐÀO VĂN TUẤN  (THÀNH ĐẠT)","Địa chỉ đại lý":"Số 165/4, ấp Thạnh An, xã Thạnh Hải","layer_id":262,"fid":380,"label":"HỘ KINH DOANH ĐÀO VĂN TUẤN  (THÀNH ĐẠT)"}},{"type":"Feature","id":287,"geometry":{"type":"Point","coordinates":[10.18808,105.77518]},"properties":{"Họ và tên":"Văng Tấn Thành","Tên Đại Lý":"Hộ kinh doanh Văng Tấn Thành (Hải Hậu)","Địa chỉ đại lý":"Tổ 1, ấp Tân Lập, xã Tân Thành, huyện Bình Tân, tỉnh Vĩnh Long","layer_id":262,"fid":287,"label":"Hộ kinh doanh Văng Tấn Thành (Hải Hậu)"}},{"type":"Feature","id":288,"geometry":{"type":"Point","coordinates":[10.15,105.71]},"properties":{"Họ và tên":"Phan Thanh Tâm","Tên Đại Lý":"Hộ kinh doanh Tâm Hằng","Địa chỉ đại lý":"Tổ 10, ấp An Khánh, xã Tân An Thạnh, huyện Bình Tân, tỉnh Vĩnh Long","layer_id":262,"fid":288,"label":"Hộ kinh doanh Tâm Hằng"}},{"type":"Feature","id":289,"geometry":{"type":"Point","coordinates":[10.16,105.77]},"properties":{"Họ và tên":"Nguyễn Văn Điều","Tên Đại Lý":"Hộ kinh doanh Hồng Đào","Địa chỉ đại lý":"Tổ 09, ấp Tân Mỹ, xã Tân Thành, huyện Bình Tân","layer_id":262,"fid":289,"label":"Hộ kinh doanh Hồng Đào"}},{"type":"Feature","id":381,"geometry":{"type":"Point","coordinates":[10.3012,106.4154]},"properties":{"Họ và tên":"DIỆP BẢO TÂM ","Tên Đại Lý":"Hộ kinh doanh\n Bảo Tâm","Địa chỉ đại lý":"khu phố 3, thị trấn Thạnh Phú","layer_id":262,"fid":381,"label":"Hộ kinh doanh\n Bảo Tâm"}},{"type":"Feature","id":382,"geometry":{"type":"Point","coordinates":[10.1512,106.3421]},"properties":{"Họ và tên":"ĐINH LÊ TRƯỜNG LINH","Tên Đại Lý":"HỘ KINH DOANH ĐINH LÊ TRƯỜNG LINH","Địa chỉ đại lý":"Thửa đất 329, tờ bản đồ số 10, ấp Lân Tây, xã Phú Sơn","layer_id":262,"fid":382,"label":"HỘ KINH DOANH ĐINH LÊ TRƯỜNG LINH"}},{"type":"Feature","id":290,"geometry":{"type":"Point","coordinates":[10.12164,105.77295]},"properties":{"Họ và tên":"Trần Thanh Long","Tên Đại Lý":"HKD Trần Thanh Long (Sáu Long)","Địa chỉ đại lý":"Tổ 04, ấp Thành An, xã Thành Lợi, huyện Bình Tân, tỉnh Vĩnh Long","layer_id":262,"fid":290,"label":"HKD Trần Thanh Long (Sáu Long)"}},{"type":"Feature","id":383,"geometry":{"type":"Point","coordinates":[10.1872,106.3214]},"properties":{"Họ và tên":"ĐINH QUỐC HÙNG","Tên Đại Lý":"Hộ kinh doanh Đinh Quốc Hùng","Địa chỉ đại lý":"Số 26, ấp An Lộc, xã An Thới","layer_id":262,"fid":383,"label":"Hộ kinh doanh Đinh Quốc Hùng"}},{"type":"Feature","id":291,"geometry":{"type":"Point","coordinates":[10.15,105.79]},"properties":{"Họ và tên":"Ngô Văn Thuận","Tên Đại Lý":"Hộ kinh doanh Ngô Văn Thuận","Địa chỉ đại lý":"Tổ 02, ấp Thành Hiếu, xã Thành Trung, huyện Bình Tân","layer_id":262,"fid":291,"label":"Hộ kinh doanh Ngô Văn Thuận"}},{"type":"Feature","id":226,"geometry":{"type":"Point","coordinates":[106.204103,10.030182]},"properties":{"Họ và tên":"Đoàn Thị Thắm","Tên Đại Lý":"Phúc Thịnh","Địa chỉ đại lý":"ấp Phú Tiên, xã Trung Nghĩa, huyện Vũng Liêm","layer_id":262,"fid":226,"label":"Phúc Thịnh"}},{"type":"Feature","id":292,"geometry":{"type":"Point","coordinates":[10.08,105.78]},"properties":{"Họ và tên":"Ngô Hữu Đức","Tên Đại Lý":"Hộ kinh doanh Đức Hạnh","Địa chỉ đại lý":"Tổ 14, khóm Thành Tâm, thị trấn Tân Quới, huyện Bình Tân, tỉnh Vĩnh Long","layer_id":262,"fid":292,"label":"Hộ kinh doanh Đức Hạnh"}},{"type":"Feature","id":227,"geometry":{"type":"Point","coordinates":[106.110769,10.033055]},"properties":{"Họ và tên":"Lê Minh Chảnh","Tên Đại Lý":"Hộ kinh doanh Lê Minh Chảnh (Chảnh Thủy)","Địa chỉ đại lý":"ấp Hiếu Minh B, xã Hiếu Nhơn, huyện Vũng Liêm","layer_id":262,"fid":227,"label":"Hộ kinh doanh Lê Minh Chảnh (Chảnh Thủy)"}},{"type":"Feature","id":384,"geometry":{"type":"Point","coordinates":[10.0355,106.5872]},"properties":{"Họ và tên":"ĐỖ CHÍ CÔNG","Tên Đại Lý":"Hộ kinh doanh  Minh Hưng","Địa chỉ đại lý":"ấp Cái Tắc, \nxã HKT A","layer_id":262,"fid":384,"label":"Hộ kinh doanh  Minh Hưng"}},{"type":"Feature","id":228,"geometry":{"type":"Point","coordinates":[106.161809,10.130891]},"properties":{"Họ và tên":"Lâm Thị Bông","Tên Đại Lý":"Cửa hàng VTNN Lâm Thị Bông","Địa chỉ đại lý":"ấp Quang Bình, xã Quới An, huyện Vũng Liêm","layer_id":262,"fid":228,"label":"Cửa hàng VTNN Lâm Thị Bông"}},{"type":"Feature","id":385,"geometry":{"type":"Point","coordinates":[10.1245,106.3112]},"properties":{"Họ và tên":"ĐỖ HOÀNG TUẤN","Tên Đại Lý":"Hộ kinh doanh Đỗ Sáu","Địa chỉ đại lý":"Số 38/4B, khu phố 2, thị trấn Chợ Lách","layer_id":262,"fid":385,"label":"Hộ kinh doanh Đỗ Sáu"}},{"type":"Feature","id":293,"geometry":{"type":"Point","coordinates":[10.17,105.78]},"properties":{"Họ và tên":"Nguyễn Kim Hương","Tên Đại Lý":"Hộ kinh doanh Tân Minh Thành (Hải Hương)","Địa chỉ đại lý":"ấp Tân Lập, xã Tân Thành, huyện Bình Tân","layer_id":262,"fid":293,"label":"Hộ kinh doanh Tân Minh Thành (Hải Hương)"}},{"type":"Feature","id":294,"geometry":{"type":"Point","coordinates":[10.11112,105.735]},"properties":{"Họ và tên":"Nguyễn Văn Tường","Tên Đại Lý":"Hộ kinh doanh Nguyễn Văn Tường","Địa chỉ đại lý":"Tổ 3, ấp Tân Hiệp, xã Tân Bình, huyện Bình Tân, tỉnh Vĩnh Long","layer_id":262,"fid":294,"label":"Hộ kinh doanh Nguyễn Văn Tường"}},{"type":"Feature","id":386,"geometry":{"type":"Point","coordinates":[10.2458,106.2145]},"properties":{"Họ và tên":"ĐỖ HUỲNH GIANG","Tên Đại Lý":"HỘ KINH DOANH TÁM SO 2","Địa chỉ đại lý":"Thửa đất số 468, tờ bản đồ số 42, ấp Bình Phú, xã Bình Thành","layer_id":262,"fid":386,"label":"HỘ KINH DOANH TÁM SO 2"}},{"type":"Feature","id":295,"geometry":{"type":"Point","coordinates":[10.17899,105.73932]},"properties":{"Họ và tên":"Võ Văn Dừng","Tên Đại Lý":"Hộ kinh doanh Võ Văn Dừng","Địa chỉ đại lý":"ấp Hưng Lợi, xã Tân Hưng, huyện Bình Tân","layer_id":262,"fid":295,"label":"Hộ kinh doanh Võ Văn Dừng"}},{"type":"Feature","id":296,"geometry":{"type":"Point","coordinates":[0.0,0.0]},"properties":{"Họ và tên":"Phạm Thanh Hiếu","Tên Đại Lý":"Hộ kinh doanh Hiếu Hằng","Địa chỉ đại lý":"ấp Tân Lập, xã Tân Thành, huyện Bình Tân","layer_id":262,"fid":296,"label":"Hộ kinh doanh Hiếu Hằng"}},{"type":"Feature","id":297,"geometry":{"type":"Point","coordinates":[10.15527,105.69637]},"properties":{"Họ và tên":"Nguyễn Ngọc Thỉnh","Tên Đại Lý":"Hộ kinh doanh Nguyễn Ngọc Thĩnh","Địa chỉ đại lý":"Tổ 10, ấp An Thới, xã Tân An Thạnh, huyện Bình Tân","layer_id":262,"fid":297,"label":"Hộ kinh doanh Nguyễn Ngọc Thĩnh"}},{"type":"Feature","id":387,"geometry":{"type":"Point","coordinates":[10.0163,106.6027]},"properties":{"Họ và tên":"Đỗ Huỳnh Nam","Tên Đại Lý":"Công ty TNHH phân bón Tám So","Địa chỉ đại lý":"Số 640, ấp Bình Tiên, xã Bình Thành","layer_id":262,"fid":387,"label":"Công ty TNHH phân bón Tám So"}},{"type":"Feature","id":298,"geometry":{"type":"Point","coordinates":[10.14299,105.71817]},"properties":{"Họ và tên":"Nguyễn Thị Mười","Tên Đại Lý":"Hộ kinh doanh Như Vân","Địa chỉ đại lý":"ấp Tân Lộc, xã Tân Lược, huyện Bình Tân, tỉnh Vĩnh Long","layer_id":262,"fid":298,"label":"Hộ kinh doanh Như Vân"}},{"type":"Feature","id":388,"geometry":{"type":"Point","coordinates":[10.0381,106.5624]},"properties":{"Họ và tên":"ĐỖ THÀNH TRUNG","Tên Đại Lý":"HỘ KINH DOANH HAI ẨN","Địa chỉ đại lý":"Số 250/6, ấp Thạnh A, xã Tân Phong","layer_id":262,"fid":388,"label":"HỘ KINH DOANH HAI ẨN"}},{"type":"Feature","id":389,"geometry":{"type":"Point","coordinates":[10.3347,106.2618]},"properties":{"Họ và tên":"ĐỖ THỊ TRÚC PHƯƠNG","Tên Đại Lý":"Hộ kinh doanh\n  Tấn Phát","Địa chỉ đại lý":"ấp Hòa Thạnh B, xã Lương Hòa","layer_id":262,"fid":389,"label":"Hộ kinh doanh\n  Tấn Phát"}},{"type":"Feature","id":229,"geometry":{"type":"Point","coordinates":[106.179849,10.082297]},"properties":{"Họ và tên":"Nguyễn Vũ Khanh","Tên Đại Lý":"Cửa hàng VTNN Vũ Khanh","Địa chỉ đại lý":"số 90, tổ 7, ấp Rạch Trúc, TT Vũng Liêm, huyện Vũng Liêm","layer_id":262,"fid":229,"label":"Cửa hàng VTNN Vũ Khanh"}},{"type":"Feature","id":299,"geometry":{"type":"Point","coordinates":[10.13905,105.81277]},"properties":{"Họ và tên":"Nguyễn Khắc Nhu","Tên Đại Lý":"HKD Nguyễn Khắc Nhu","Địa chỉ đại lý":"ấp Hòa An, xã Nguyễn Văn Thảnh, huyện Bình Tân, tỉnh Vĩnh Long","layer_id":262,"fid":299,"label":"HKD Nguyễn Khắc Nhu"}},{"type":"Feature","id":230,"geometry":{"type":"Point","coordinates":[106.186335,10.102628]},"properties":{"Họ và tên":"Phạm Thị Mỹ Tiên","Tên Đại Lý":"Hùng Mai","Địa chỉ đại lý":"ấp Hòa Nghĩa, xã Trung Thành Tây, Vũng Liêm","layer_id":262,"fid":230,"label":"Hùng Mai"}},{"type":"Feature","id":231,"geometry":{"type":"Point","coordinates":[106.218891,10.084539]},"properties":{"Họ và tên":"Võ Văn Đạt","Tên Đại Lý":"Hộ kinh doanh Ba Hiệp","Địa chỉ đại lý":"tổ 6, ấp Đại Nghĩa, xã Trung Thành Đông, huyện Vũng Liêm","layer_id":262,"fid":231,"label":"Hộ kinh doanh Ba Hiệp"}},{"type":"Feature","id":300,"geometry":{"type":"Point","coordinates":[10.15676,105.72839]},"properties":{"Họ và tên":"Mai Văn Bé Ba","Tên Đại Lý":"HKD Mai Văn Bé Ba","Địa chỉ đại lý":"Tổ 01, ấp Tân Khánh, xã Tân Lược, huyện Bình Tân, tỉnh Vĩnh Long","layer_id":262,"fid":300,"label":"HKD Mai Văn Bé Ba"}},{"type":"Feature","id":390,"geometry":{"type":"Point","coordinates":[10.2215,106.3142]},"properties":{"Họ và tên":"ĐOÀN HUY LƯỢNG","Tên Đại Lý":"HỘ KINH DOANH ĐOÀN HUY LƯỢNG (MAI CHÂU)","Địa chỉ đại lý":"ấp Tân Bắc, xã Tân Phú","layer_id":262,"fid":390,"label":"HỘ KINH DOANH ĐOÀN HUY LƯỢNG (MAI CHÂU)"}},{"type":"Feature","id":232,"geometry":{"type":"Point","coordinates":[106.220437,10.047916]},"properties":{"Họ và tên":"Nguyễn Minh Luân","Tên Đại Lý":"Hộ kinh doanh Nguyễn Minh Luân (Minh Luân)","Địa chỉ đại lý":"ấp Phú Khương, xã Trung Nghĩa, huyện Vũng Liêm","layer_id":262,"fid":232,"label":"Hộ kinh doanh Nguyễn Minh Luân (Minh Luân)"}},{"type":"Feature","id":301,"geometry":{"type":"Point","coordinates":[10.13078,105.86181]},"properties":{"Họ và tên":"Nguyễn Văn Mảnh","Tên Đại Lý":"HKD Võ Văn Mảnh (Hai Mảnh)","Địa chỉ đại lý":"Tổ 20, ấp Hòa Hiệp, xã Nguyễn Văn Thảnh, huyện Bình Tân, tỉnh Vĩnh Long","layer_id":262,"fid":301,"label":"HKD Võ Văn Mảnh (Hai Mảnh)"}},{"type":"Feature","id":233,"geometry":{"type":"Point","coordinates":[106.133864,10.003588]},"properties":{"Họ và tên":"Trần Văn Chính","Tên Đại Lý":"Trần Văn Chính (Trần Chính)","Địa chỉ đại lý":"ấp Ngã Hậu, xã Hiếu Nhơn, huyện Vũng Liêm","layer_id":262,"fid":233,"label":"Trần Văn Chính (Trần Chính)"}},{"type":"Feature","id":302,"geometry":{"type":"Point","coordinates":[10.11297,105.83341]},"properties":{"Họ và tên":"Nguyễn Văn Thơm","Tên Đại Lý":"Hộ kinh doanh Thuận Nguyên","Địa chỉ đại lý":"Tổ 3, ấp Mỹ Thạnh A, xã Mỹ Thuận, thị xã Bình Minh, tỉnh Vĩnh Long","layer_id":262,"fid":302,"label":"Hộ kinh doanh Thuận Nguyên"}},{"type":"Feature","id":391,"geometry":{"type":"Point","coordinates":[10.1425,106.291]},"properties":{"Họ và tên":"ĐOÀN MINH LUÂN","Tên Đại Lý":"CHI NHÁNH CÔNG TY TNHH MỘT THÀNH VIÊN XĂNG DẦU MAI LÊN – CHI NHÁNH 01","Địa chỉ đại lý":"Số 193/1, Ấp Thạnh Hưng B, xã Thạnh Hải","layer_id":262,"fid":391,"label":"CHI NHÁNH CÔNG TY TNHH MỘT THÀNH VIÊN XĂNG DẦU MAI LÊN – CHI NHÁNH 01"}},{"type":"Feature","id":392,"geometry":{"type":"Point","coordinates":[10.2714,106.3255]},"properties":{"Họ và tên":"ĐOÀN MINH VĂN","Tên Đại Lý":"Hộ kinh doanh\n  Minh Văn","Địa chỉ đại lý":"Số 125/1, ấp Thạnh Lợi, xã Thạnh Hải","layer_id":262,"fid":392,"label":"Hộ kinh doanh\n  Minh Văn"}},{"type":"Feature","id":240,"geometry":{"type":"Point","coordinates":[105.8228,10.0659]},"properties":{"Họ và tên":"Tiêu Bửu Khánh","Tên Đại Lý":"HKD Thuận Hưng Long","Địa chỉ đại lý":"Số 96, đường Bạch Đằng, tổ 7, Khóm 1, Phường Cái Vồn, thị xã Bình Minh, tỉnh Vĩnh Long","layer_id":262,"fid":240,"label":"HKD Thuận Hưng Long"}},{"type":"Feature","id":303,"geometry":{"type":"Point","coordinates":[10.14859,105.82866]},"properties":{"Họ và tên":"Hoàng Thị Kim Thanh","Tên Đại Lý":"Hộ kinh doanh Phạm Minh Không","Địa chỉ đại lý":"Tổ 4, ấp Hòa Thuận, xã Nguyễn Văn Thảnh, huyện Bình Tân, tỉnh Vĩnh Long","layer_id":262,"fid":303,"label":"Hộ kinh doanh Phạm Minh Không"}},{"type":"Feature","id":643,"geometry":{"type":"Point","coordinates":[10.2211,106.3135]},"properties":{"Họ và tên":"NGUYỄN THỊ THÀNH","Tên Đại Lý":"Hộ kinh doanh  Nguyễn Thị Thành","Địa chỉ đại lý":"ấp 1, xã Hữu Định","layer_id":262,"fid":643,"label":"Hộ kinh doanh  Nguyễn Thị Thành"}},{"type":"Feature","id":241,"geometry":{"type":"Point","coordinates":[105.8295,10.0284]},"properties":{"Họ và tên":"Nguyễn Thị Dung","Tên Đại Lý":"Công ty TNHH phân bón hóa chất Hà Linh","Địa chỉ đại lý":"Thửa đất số 861, tờ bản đồ số 9, tổ 10, ấp Mỹ Hưng 2, xã Mỹ Hòa, TX.Bình Minh, tỉnh Vĩnh Long","layer_id":262,"fid":241,"label":"Công ty TNHH phân bón hóa chất Hà Linh"}},{"type":"Feature","id":242,"geometry":{"type":"Point","coordinates":[105.7326,10.1185]},"properties":{"Họ và tên":"Trần Bình Trọng","Tên Đại Lý":"HKD Trần Bình Trọng","Địa chỉ đại lý":"ấp Tân Phước, xã Tân Bình, huyện Bình Tân, tỉnh Vĩnh Long","layer_id":262,"fid":242,"label":"HKD Trần Bình Trọng"}},{"type":"Feature","id":304,"geometry":{"type":"Point","coordinates":[10.14937,105.70446]},"properties":{"Họ và tên":"Nguyễn Thành Công","Tên Đại Lý":"HKD Nguyễn Thành Công","Địa chỉ đại lý":"Tổ 6, ấp An Thới, xã Tân An Thạnh, huyện Bình Tân, tỉnh Vĩnh Long","layer_id":262,"fid":304,"label":"HKD Nguyễn Thành Công"}},{"type":"Feature","id":393,"geometry":{"type":"Point","coordinates":[10.0245,106.5821]},"properties":{"Họ và tên":"ĐOÀN NGỌC YẾN","Tên Đại Lý":"Hộ kinh doanh Đoàn Ngọc Yến","Địa chỉ đại lý":"ấp Thị, xã Hương Mỹ","layer_id":262,"fid":393,"label":"Hộ kinh doanh Đoàn Ngọc Yến"}},{"type":"Feature","id":243,"geometry":{"type":"Point","coordinates":[105.9957,10.2586]},"properties":{"Họ và tên":"Nguyễn Thị Tú Ngọc","Tên Đại Lý":"HKD Ba Nin","Địa chỉ đại lý":"Số 208/15, ấp Thanh Mỹ 1, xã Thanh Đức, huyện Long Hồ, tỉnh Vĩnh Long","layer_id":262,"fid":243,"label":"HKD Ba Nin"}},{"type":"Feature","id":305,"geometry":{"type":"Point","coordinates":[10.09935,105.77519]},"properties":{"Họ và tên":"Nguyễn Thị Hồng Thắm","Tên Đại Lý":"Hộ kinh doanh Trung Trực","Địa chỉ đại lý":"Tổ 01, ấp Thành Ninh, xã Thành Lợi, huyện Bình Tân, tỉnh Vĩnh Long","layer_id":262,"fid":305,"label":"Hộ kinh doanh Trung Trực"}},{"type":"Feature","id":306,"geometry":{"type":"Point","coordinates":[10.11868,105.74192]},"properties":{"Họ và tên":"Phạm Thành Phước","Tên Đại Lý":"Hộ kinh doanh Thành Phước (Sáu Mảnh)","Địa chỉ đại lý":"Tổ 05, ấp Tân Trung, xã Tân Bình, huyện Bình Tân, tỉnh Vĩnh Long","layer_id":262,"fid":306,"label":"Hộ kinh doanh Thành Phước (Sáu Mảnh)"}},{"type":"Feature","id":394,"geometry":{"type":"Point","coordinates":[10.2154,106.2415]},"properties":{"Họ và tên":"ĐOÀN THỊ HẢO","Tên Đại Lý":"HỘ KINH DOANH ĐẠI LÝ VẬT TƯ NÔNG NGHIỆP THÀNH PHÁT","Địa chỉ đại lý":"Thửa đất số 180, tờ bản đồ 10, tổ NDTQ số 09, ấp Hoà An, xã Giao Long","layer_id":262,"fid":394,"label":"HỘ KINH DOANH ĐẠI LÝ VẬT TƯ NÔNG NGHIỆP THÀNH PHÁT"}},{"type":"Feature","id":395,"geometry":{"type":"Point","coordinates":[10.2552,106.3568]},"properties":{"Họ và tên":"ĐOÀN THỊ THU","Tên Đại Lý":"HỘ KINH DOANH TÂN CHÂU","Địa chỉ đại lý":"Số 336/68, ấp Long Quới, xã Long Thới","layer_id":262,"fid":395,"label":"HỘ KINH DOANH TÂN CHÂU"}},{"type":"Feature","id":244,"geometry":{"type":"Point","coordinates":[105.8937,10.1688]},"properties":{"Họ và tên":"Phan Thanh Liêm","Tên Đại Lý":"HKD Phan Thanh Liêm Tý Xuyến","Địa chỉ đại lý":"Số 113/8, ấp Thạnh Phú, xã Thạnh Quới, huyện Long Hồ, tỉnh Vĩnh Long","layer_id":262,"fid":244,"label":"HKD Phan Thanh Liêm Tý Xuyến"}},{"type":"Feature","id":307,"geometry":{"type":"Point","coordinates":[10.15624,105.72792]},"properties":{"Họ và tên":"Nguyễn Thành Trung","Tên Đại Lý":"Hộ kinh doanh Trung Thủy","Địa chỉ đại lý":"ấp Tân Khánh, xã Tân Lược, huyện Bình Tân","layer_id":262,"fid":307,"label":"Hộ kinh doanh Trung Thủy"}},{"type":"Feature","id":245,"geometry":{"type":"Point","coordinates":[105.9071,10.0807]},"properties":{"Họ và tên":"Trần Phước An","Tên Đại Lý":"HKD Nông Thịnh 64","Địa chỉ đại lý":"Số 2, tổ 17, ấp Phú Sơn A, xã Long Phú, huyện Tam Bình, tỉnh Vĩnh Long","layer_id":262,"fid":245,"label":"HKD Nông Thịnh 64"}},{"type":"Feature","id":308,"geometry":{"type":"Point","coordinates":[10.10067,105.75718]},"properties":{"Họ và tên":"Lê Thị Hồng Hạnh","Tên Đại Lý":"Hộ kinh doanh Lê Thị Hồng Hạnh (Hai Em)","Địa chỉ đại lý":"Tổ 2, khóm Tân Lợi, thị trấn Tân Quới, huyện Bình Tân, tỉnh Vĩnh Long","layer_id":262,"fid":308,"label":"Hộ kinh doanh Lê Thị Hồng Hạnh (Hai Em)"}},{"type":"Feature","id":246,"geometry":{"type":"Point","coordinates":[105.9142,10.04]},"properties":{"Họ và tên":"Mai Minh Huân","Tên Đại Lý":"HKD cửa hàng VTNN Huy Phát","Địa chỉ đại lý":"Số 240, tổ 15, ấp Bình Phú, xã Loan Mỹ, huyện Tam Bình, tỉnh Vĩnh Long","layer_id":262,"fid":246,"label":"HKD cửa hàng VTNN Huy Phát"}},{"type":"Feature","id":247,"geometry":{"type":"Point","coordinates":[105.932,10.0544]},"properties":{"Họ và tên":"Lê Thị Kim Thoa","Tên Đại Lý":"HKD Lê Thị Kim Thoa","Địa chỉ đại lý":"Thửa đất số 20, tờ bản đất số 9, ấp Bình Hòa, xã Loan Mỹ, huyện Tam Bình, tỉnh Vĩnh Long","layer_id":262,"fid":247,"label":"HKD Lê Thị Kim Thoa"}},{"type":"Feature","id":309,"geometry":{"type":"Point","coordinates":[10.11655,105.74428]},"properties":{"Họ và tên":"Nguyễn Thị Thu Oanh","Tên Đại Lý":"Hộ kinh doanh Nguyễn Thị Thu Oanh","Địa chỉ đại lý":"Tổ 13, ấp Tân Phước, xã Tân Bình, huyện Bình Tân, tỉnh Vĩnh Long","layer_id":262,"fid":309,"label":"Hộ kinh doanh Nguyễn Thị Thu Oanh"}},{"type":"Feature","id":396,"geometry":{"type":"Point","coordinates":[10.1552,106.3114]},"properties":{"Họ và tên":"ĐOÀN THỊ ÚT EM","Tên Đại Lý":"HỘ KINH DOANH CỬA HÀNG VẬT TƯ NÔNG NGHIỆP MINH ĐỨC","Địa chỉ đại lý":"Số 70C, ấp Phú Nhơn, thị trấn Châu Thành","layer_id":262,"fid":396,"label":"HỘ KINH DOANH CỬA HÀNG VẬT TƯ NÔNG NGHIỆP MINH ĐỨC"}},{"type":"Feature","id":310,"geometry":{"type":"Point","coordinates":[10.12615,105.73185]},"properties":{"Họ và tên":"Phan Thành Thạo","Tên Đại Lý":"HKD cửa hàng VTNN Hằng Thạo","Địa chỉ đại lý":"Tổ 05, ấp Tân Qui, xã Tân Bình, huyện Bình Tân, tỉnh Vĩnh Long","layer_id":262,"fid":310,"label":"HKD cửa hàng VTNN Hằng Thạo"}},{"type":"Feature","id":397,"geometry":{"type":"Point","coordinates":[10.1872,106.3214]},"properties":{"Họ và tên":"ĐOÀN VĂN NON","Tên Đại Lý":"HỘ KINH DOANH ĐOÀN VĂN NON","Địa chỉ đại lý":"Số 19, ấp Tân Khai, xã Tân Hưng","layer_id":262,"fid":397,"label":"HỘ KINH DOANH ĐOÀN VĂN NON"}},{"type":"Feature","id":398,"geometry":{"type":"Point","coordinates":[10.2415,106.3682]},"properties":{"Họ và tên":"DU HOÀ TÁM","Tên Đại Lý":"HỘ KINH DOANH DU HOÀ TÁM","Địa chỉ đại lý":"Số 281, ấp An Hoà, xã Tường Đa","layer_id":262,"fid":398,"label":"HỘ KINH DOANH DU HOÀ TÁM"}},{"type":"Feature","id":311,"geometry":{"type":"Point","coordinates":[10.15844,105.72889]},"properties":{"Họ và tên":"Nguyễn Ngọc Hòa","Tên Đại Lý":"HKD Ngọc Thĩnh 3","Địa chỉ đại lý":"Tổ 05, ấp Tân Long, xã Tân Lược, huyện Bình Tân, tỉnh Vĩnh Long","layer_id":262,"fid":311,"label":"HKD Ngọc Thĩnh 3"}},{"type":"Feature","id":248,"geometry":{"type":"Point","coordinates":[105.9626,10.0536]},"properties":{"Họ và tên":"Lê Việt Phú","Tên Đại Lý":"HKD Đại lý VTNN Lê Quân","Địa chỉ đại lý":"Số 77, tổ 7, ấp Bằng Tăng, xã Mỹ Thạnh Trung, huyện Tam Bình, tỉnh Vĩnh Long","layer_id":262,"fid":248,"label":"HKD Đại lý VTNN Lê Quân"}},{"type":"Feature","id":249,"geometry":{"type":"Point","coordinates":[106.0643,9.97374]},"properties":{"Họ và tên":"Võ Ngọc Khánh Thoại","Tên Đại Lý":"Hộ kinh doanh Tiến Đạt","Địa chỉ đại lý":"Tổ 12, ấp Vĩnh Thành, xã Hựu Thành, huyện Trà Ôn, tỉnh Vĩnh Long","layer_id":262,"fid":249,"label":"Hộ kinh doanh Tiến Đạt"}},{"type":"Feature","id":312,"geometry":{"type":"Point","coordinates":[10.1105,105.76478]},"properties":{"Họ và tên":"Dương Hoài Ân","Tên Đại Lý":"Địa điểm kinh doanh công ty TNHH MTV Hương Vị Trái Cây Việt-Chi nhánh Vĩnh Long-Cửa hàng VTNN Quang Vinh","Địa chỉ đại lý":"Thửa đất số 335, tờ bản đồ số 44, tổ 1, ấp Thành Khương, thị trấn Tân Quới, huyện Bình Tân, tỉnh Vĩnh Long","layer_id":262,"fid":312,"label":"Địa điểm kinh doanh công ty TNHH MTV Hương Vị Trái Cây Việt-Chi nhánh Vĩnh Long-Cửa hàng VTNN Quang Vinh"}},{"type":"Feature","id":399,"geometry":{"type":"Point","coordinates":[10.2248,106.3355]},"properties":{"Họ và tên":"DƯƠNG HÙNG","Tên Đại Lý":"Hộ kinh doanh  Sáu Hòn","Địa chỉ đại lý":"Số 061/BBA, ấp Bến Bàu, xã Mỹ Chánh","layer_id":262,"fid":399,"label":"Hộ kinh doanh  Sáu Hòn"}},{"type":"Feature","id":250,"geometry":{"type":"Point","coordinates":[106.0557,9.94734]},"properties":{"Họ và tên":"Nguyễn Thanh Nam","Tên Đại Lý":"Hộ kinh doanh Nguyễn Thanh Nam","Địa chỉ đại lý":"Tổ 4, ấp Cống Đá, xã Thuận Thới, huyện Trà Ôn, tỉnh Vĩnh Long","layer_id":262,"fid":250,"label":"Hộ kinh doanh Nguyễn Thanh Nam"}},{"type":"Feature","id":313,"geometry":{"type":"Point","coordinates":[10.14098,105.79352]},"properties":{"Họ và tên":"Trần Thanh Phong","Tên Đại Lý":"HKD Thuận phong Vũ","Địa chỉ đại lý":"ấp Thành Hiếu, xã Thành Trung, huyện Bình Tân, tỉnh Vĩnh Long","layer_id":262,"fid":313,"label":"HKD Thuận phong Vũ"}},{"type":"Feature","id":314,"geometry":{"type":"Point","coordinates":[10.30077,105.97488]},"properties":{"Họ và tên":"Võ Thành Tiền","Tên Đại Lý":"Hộ kinh doanh Tiền Dung","Địa chỉ đại lý":"Số 215A/13, ấp Hòa Thuận, xã Hòa Ninh, huyện Long Hồ, tỉnh Vĩnh Long","layer_id":262,"fid":314,"label":"Hộ kinh doanh Tiền Dung"}},{"type":"Feature","id":400,"geometry":{"type":"Point","coordinates":[10.1645,106.2872]},"properties":{"Họ và tên":"DƯƠNG HỮU THỌ","Tên Đại Lý":"Hộ kinh doanh \nHữu Thọ","Địa chỉ đại lý":"Thửa số 34, tờ bản đồ số 23, ấp Phú Hiệp, xã Phú Sơn","layer_id":262,"fid":400,"label":"Hộ kinh doanh \nHữu Thọ"}},{"type":"Feature","id":401,"geometry":{"type":"Point","coordinates":[10.2154,106.2415]},"properties":{"Họ và tên":"DƯƠNG PHẠM HỮU THẮNG","Tên Đại Lý":"Hộ kinh doanh\n  Hữu Thắng","Địa chỉ đại lý":"Ấp Thới Lộc, xã Sơn Định","layer_id":262,"fid":401,"label":"Hộ kinh doanh\n  Hữu Thắng"}},{"type":"Feature","id":251,"geometry":{"type":"Point","coordinates":[106.1176,10.0766]},"properties":{"Họ và tên":"Trần Trọng Hữu","Tên Đại Lý":"Hộ kinh doanh Hiếu Hồng","Địa chỉ đại lý":"Tổ 03, ấp Quang Thạnh, xã Hiếu Phụng, huyện Vũng Liêm, tỉnh Vĩnh Long","layer_id":262,"fid":251,"label":"Hộ kinh doanh Hiếu Hồng"}},{"type":"Feature","id":402,"geometry":{"type":"Point","coordinates":[10.2583,106.1821]},"properties":{"Họ và tên":"DƯƠNG QUỐC BỬU","Tên Đại Lý":"Hộ kinh doanh\nBửu Ngân  ","Địa chỉ đại lý":"ấp Thạnh Hưng A, xã Thạnh Hải","layer_id":262,"fid":402,"label":"Hộ kinh doanh\nBửu Ngân  "}},{"type":"Feature","id":252,"geometry":{"type":"Point","coordinates":[106.2143,10.1489]},"properties":{"Họ và tên":"Đoàn Nhật Duy","Tên Đại Lý":"HKD Duy Yến","Địa chỉ đại lý":"ấp Phú Thới, xã Quới Thiện, huyện Vũng Liêm, tỉnh Vĩnh Long","layer_id":262,"fid":252,"label":"HKD Duy Yến"}},{"type":"Feature","id":315,"geometry":{"type":"Point","coordinates":[10.24122,106.04875]},"properties":{"Họ và tên":"Châu Gia Lăng","Tên Đại Lý":"HKD VTNN DR TOP 2","Địa chỉ đại lý":"Số nhà 42, ấp Hòa Long, xã Mỹ An, huyện Mang Thít, tỉnh Vĩnh Long","layer_id":262,"fid":315,"label":"HKD VTNN DR TOP 2"}},{"type":"Feature","id":316,"geometry":{"type":"Point","coordinates":[10.03993,106.0549]},"properties":{"Họ và tên":"Phạm mạnh Khang","Tên Đại Lý":"Địa điểm kinh doanh cửa hàng thái bình cửu long số 21- Công ty TNHH MTV Thái Bình Cửu Long","Địa chỉ đại lý":"Thửa đất số 59, tờ bản đồ số 30, tổ 8, ấp Hòa Long, xã Mỹ An, huyện Mang Thít, tỉnh Vĩnh Long","layer_id":262,"fid":316,"label":"Địa điểm kinh doanh cửa hàng thái bình cửu long số 21- Công ty TNHH MTV Thái Bình Cửu Long"}},{"type":"Feature","id":317,"geometry":{"type":"Point","coordinates":[10.18194,106.05126]},"properties":{"Họ và tên":"Nguyễn Nhựt Trường","Tên Đại Lý":"HKD Cửa hàng VTNN Trường Trinh","Địa chỉ đại lý":"Số 587, tổ 02, ấp Phước Chí, xã Bình Phước, huyện Mang Thít, tỉnh Vĩnh Long","layer_id":262,"fid":317,"label":"HKD Cửa hàng VTNN Trường Trinh"}},{"type":"Feature","id":403,"geometry":{"type":"Point","coordinates":[10.1712,106.2754]},"properties":{"Họ và tên":"DƯƠNG TẤN LẠC","Tên Đại Lý":"HỘ KINH DOANH DƯƠNG TẤN LẠC","Địa chỉ đại lý":"Số 376D, ấp Phú Lợi, xã Bình Phú","layer_id":262,"fid":403,"label":"HỘ KINH DOANH DƯƠNG TẤN LẠC"}},{"type":"Feature","id":318,"geometry":{"type":"Point","coordinates":[10.08189,105.88454]},"properties":{"Họ và tên":"Nguyễn Tấn Quyền","Tên Đại Lý":"Hộ kinh doanh Nguyễn Tấn Quyền","Địa chỉ đại lý":"Số 201, tổ 17, ấp Phú Yên, xã Tân Phú, huyện Tam Bình, tỉnh Vĩnh Long","layer_id":262,"fid":318,"label":"Hộ kinh doanh Nguyễn Tấn Quyền"}},{"type":"Feature","id":404,"geometry":{"type":"Point","coordinates":[10.1425,106.291]},"properties":{"Họ và tên":"DƯƠNG THỊ HỒNG ","Tên Đại Lý":"Hộ kinh doanh Hồng Ly","Địa chỉ đại lý":"ấp Căn Cứ,\n xã Mỹ Thạnh","layer_id":262,"fid":404,"label":"Hộ kinh doanh Hồng Ly"}},{"type":"Feature","id":405,"geometry":{"type":"Point","coordinates":[10.1872,106.3214]},"properties":{"Họ và tên":"DƯƠNG VĂN KHỬU","Tên Đại Lý":"Hộ kinh doanh \nDương Văn Khửu","Địa chỉ đại lý":"Số 67, ấp Thừa Trung, xã Thừa Đức","layer_id":262,"fid":405,"label":"Hộ kinh doanh \nDương Văn Khửu"}},{"type":"Feature","id":320,"geometry":{"type":"Point","coordinates":[10.04637,105.9778]},"properties":{"Họ và tên":"Từ Quang Duy","Tên Đại Lý":"HKD Cửa hàng dịch vụ kỷ thuật nông nghiệp Lộc Nông","Địa chỉ đại lý":"tổ 3, ấp Mỹ Phú 4, xã Mỹ Thạnh Trung, huyện Tam Bình, tỉnh Vĩnh Long","layer_id":262,"fid":320,"label":"HKD Cửa hàng dịch vụ kỷ thuật nông nghiệp Lộc Nông"}},{"type":"Feature","id":406,"geometry":{"type":"Point","coordinates":[10.2365,106.4711]},"properties":{"Họ và tên":"DƯƠNG VĂN LỊCH","Tên Đại Lý":"HỘ KINH DOANH DƯƠNG VĂN LỊCH","Địa chỉ đại lý":"Ấp Thanh Bắc, xã Tân Thanh Tây","layer_id":262,"fid":406,"label":"HỘ KINH DOANH DƯƠNG VĂN LỊCH"}},{"type":"Feature","id":321,"geometry":{"type":"Point","coordinates":[10.09477,105.87356]},"properties":{"Họ và tên":"Cổ Văn Vũ Linh","Tên Đại Lý":"Công ty cổ phần hóa chất Galaxy","Địa chỉ đại lý":"Số 9, Quốc lộ 1A, tổ 2, ấp Phú Mỹ, xã Tân Phú, huyện Tam Bình, tỉnh Vĩnh Long","layer_id":262,"fid":321,"label":"Công ty cổ phần hóa chất Galaxy"}},{"type":"Feature","id":322,"geometry":{"type":"Point","coordinates":[10.13863,105.96352]},"properties":{"Họ và tên":"Hà Mỹ Nhân","Tên Đại Lý":"HKD cửa hàng VTNN Nông Phát","Địa chỉ đại lý":"Số 315, tổ 22, ấp 2, xã Tân Lộc, huyện Tam Bình, tỉnh Vĩnh Long","layer_id":262,"fid":322,"label":"HKD cửa hàng VTNN Nông Phát"}},{"type":"Feature","id":323,"geometry":{"type":"Point","coordinates":[9.966243,105.91944]},"properties":{"Họ và tên":"Mạch Văn Sơn","Tên Đại Lý":"Hộ kinh doanh Ngọc Danh","Địa chỉ đại lý":"66C, khu 1, thị trấn Trà Ôn, huyện Trà Ôn, tỉnh Vĩnh Long","layer_id":262,"fid":323,"label":"Hộ kinh doanh Ngọc Danh"}},{"type":"Feature","id":407,"geometry":{"type":"Point","coordinates":[10.2312,106.4685]},"properties":{"Họ và tên":"DƯƠNG VĂN MỘNG ","Tên Đại Lý":"Hộ kinh doanh g Duy Phát","Địa chỉ đại lý":"Số 236, ấp An Bình, xã An Hiệp","layer_id":262,"fid":407,"label":"Hộ kinh doanh g Duy Phát"}},{"type":"Feature","id":324,"geometry":{"type":"Point","coordinates":[10.00246,106.02604]},"properties":{"Họ và tên":"Nguyễn Duy Thanh","Tên Đại Lý":"Hộ kinh doanh Duy Thanh","Địa chỉ đại lý":"tổ 05, ấp Trà Sơn, xã Hựu Thành,  huyện Trà Ôn, tỉnh Vĩnh Long","layer_id":262,"fid":324,"label":"Hộ kinh doanh Duy Thanh"}},{"type":"Feature","id":408,"geometry":{"type":"Point","coordinates":[10.1589,106.2512]},"properties":{"Họ và tên":"DƯƠNG VĂN SỬ","Tên Đại Lý":"Hộ kinh doanh  VTNN Ba sử","Địa chỉ đại lý":"ấp Gia Khánh, \nxã Hưng Khánh Trung A","layer_id":262,"fid":408,"label":"Hộ kinh doanh  VTNN Ba sử"}},{"type":"Feature","id":409,"geometry":{"type":"Point","coordinates":[10.1456,106.2987]},"properties":{"Họ và tên":"HÀ KHẮC ĐIỆP","Tên Đại Lý":"Hộ kinh doanh \nHà Khắc Điệp","Địa chỉ đại lý":"847/8, ấp Sơn Long, xã Sơn Định","layer_id":262,"fid":409,"label":"Hộ kinh doanh \nHà Khắc Điệp"}},{"type":"Feature","id":410,"geometry":{"type":"Point","coordinates":[10.1872,106.3214]},"properties":{"Họ và tên":"HÀ LÊ DUY AN","Tên Đại Lý":"CỬA HÀNG VẬT TƯ NÔNG NGHIỆP 199","Địa chỉ đại lý":"Số 215D, ấp Thạnh Hựu, xã Tam Phước","layer_id":262,"fid":410,"label":"CỬA HÀNG VẬT TƯ NÔNG NGHIỆP 199"}},{"type":"Feature","id":325,"geometry":{"type":"Point","coordinates":[9.913701,105.97729]},"properties":{"Họ và tên":"Hồ Văn Thiện","Tên Đại Lý":"Đại lý VTNN Kim Thủy","Địa chỉ đại lý":"ấp Tích Lộc, xã Tích Thiện, huyện Trà Ôn, tỉnh Vĩnh Long","layer_id":262,"fid":325,"label":"Đại lý VTNN Kim Thủy"}},{"type":"Feature","id":326,"geometry":{"type":"Point","coordinates":[10.01604,105.98931]},"properties":{"Họ và tên":"Tạ Công Phúc","Tên Đại Lý":"Hộ kinh doanh Phước Hạnh","Địa chỉ đại lý":"Tổ 9, ấp Trà Ngoa, xã Trà Côn, huyện Trà Ôn, tỉnh Vĩnh Long","layer_id":262,"fid":326,"label":"Hộ kinh doanh Phước Hạnh"}},{"type":"Feature","id":411,"geometry":{"type":"Point","coordinates":[10.1123,106.5245]},"properties":{"Họ và tên":"HÀ THANH BÉ TÁM","Tên Đại Lý":"Hộ kinh doanh \nHà Thanh Bé Tám","Địa chỉ đại lý":"ấp 4, xã Sơn Đông","layer_id":262,"fid":411,"label":"Hộ kinh doanh \nHà Thanh Bé Tám"}},{"type":"Feature","id":327,"geometry":{"type":"Point","coordinates":[9.959964,106.08279]},"properties":{"Họ và tên":"Nguyễn Thành Liêm","Tên Đại Lý":"Hộ kinh doanh Thanh Liêm","Địa chỉ đại lý":"Số 1, tổ 8, ấp Khu phố, xã Hựu Thành, huyện Trà Ôn, tỉnh Vĩnh Long","layer_id":262,"fid":327,"label":"Hộ kinh doanh Thanh Liêm"}},{"type":"Feature","id":328,"geometry":{"type":"Point","coordinates":[995486.0,106.0792]},"properties":{"Họ và tên":"Trần Quốc Thái","Tên Đại Lý":"Hộ kinh doanh Ba Dõng","Địa chỉ đại lý":"Tổ 09, ấp Khu Phố, xã Hựu Thành, huyện Trà Ôn, tỉnh Vĩnh Long","layer_id":262,"fid":328,"label":"Hộ kinh doanh Ba Dõng"}},{"type":"Feature","id":329,"geometry":{"type":"Point","coordinates":[995986.0,106.08277]},"properties":{"Họ và tên":"Phạm Thị Trang","Tên Đại Lý":"Hộ kinh doanh Mười Y","Địa chỉ đại lý":"ấp khu phố, xã Hựu Thành, huyện Trà Ôn, tỉnh Vĩnh Long","layer_id":262,"fid":329,"label":"Hộ kinh doanh Mười Y"}},{"type":"Feature","id":412,"geometry":{"type":"Point","coordinates":[10.2524,106.353]},"properties":{"Họ và tên":"HÀ THỊ XUÂN ĐÀO ","Tên Đại Lý":"Địa điểm kinh doanh \nCông ty TNHH XNK Phúc Thành Khang 07","Địa chỉ đại lý":"ấp Chợ, \nxã Phú Phụng","layer_id":262,"fid":412,"label":"Địa điểm kinh doanh \nCông ty TNHH XNK Phúc Thành Khang 07"}},{"type":"Feature","id":413,"geometry":{"type":"Point","coordinates":[10.1264,106.3158]},"properties":{"Họ và tên":"HỒ ĐĂNG KHÁNH","Tên Đại Lý":"HỘ KINH DOANH HỒ ĐĂNG KHÁNH","Địa chỉ đại lý":"Số 18/2, ấp Thạnh A, xã Tân Phong","layer_id":262,"fid":413,"label":"HỘ KINH DOANH HỒ ĐĂNG KHÁNH"}},{"type":"Feature","id":414,"geometry":{"type":"Point","coordinates":[10.2583,106.1821]},"properties":{"Họ và tên":"Hộ kinh doanh Bửu Ngân","Tên Đại Lý":"Hộ kinh doanh \nBửu Ngân","Địa chỉ đại lý":"ấp Thạnh Hưng A,\n xã Thạnh Hải","layer_id":262,"fid":414,"label":"Hộ kinh doanh \nBửu Ngân"}},{"type":"Feature","id":415,"geometry":{"type":"Point","coordinates":[10.1712,106.2754]},"properties":{"Họ và tên":"HỒ MINH THANH","Tên Đại Lý":"Hộ kinh doanh  Thanh Mai","Địa chỉ đại lý":"ấp Thanh Yên, \nxã Tân Thiềng","layer_id":262,"fid":415,"label":"Hộ kinh doanh  Thanh Mai"}},{"type":"Feature","id":330,"geometry":{"type":"Point","coordinates":[994689.0,106.05525]},"properties":{"Họ và tên":"Nguyễn Minh Tâm ","Tên Đại Lý":"Hộ kinh doanh Nguyễn Minh Tâm (Minh Tâm)","Địa chỉ đại lý":"Tổ 23, ấp Cống Đá, xã Thuận Thới, huyện Trà Ôn, tỉnh Vĩnh Long","layer_id":262,"fid":330,"label":"Hộ kinh doanh Nguyễn Minh Tâm (Minh Tâm)"}},{"type":"Feature","id":331,"geometry":{"type":"Point","coordinates":[9.970691,105.92392]},"properties":{"Họ và tên":"Trần Quốc Cường","Tên Đại Lý":"HKD Hiệp Thành","Địa chỉ đại lý":"Tổ 1, đường 19/5, Khu 7, thị trấn Trà Ôn, huyện Trà Ôn, tỉnh Vĩnh Long","layer_id":262,"fid":331,"label":"HKD Hiệp Thành"}},{"type":"Feature","id":416,"geometry":{"type":"Point","coordinates":[10.1425,106.291]},"properties":{"Họ và tên":"HỒ NHƯ THỦY","Tên Đại Lý":"Hộ kinh doanh  Tấn Tài","Địa chỉ đại lý":"ấp Lân Nam, \nxã Phú Sơn","layer_id":262,"fid":416,"label":"Hộ kinh doanh  Tấn Tài"}},{"type":"Feature","id":332,"geometry":{"type":"Point","coordinates":[999418.0,106.03983]},"properties":{"Họ và tên":"Huỳnh Phước An","Tên Đại Lý":"Hộ kinh doanh An Nông Bio","Địa chỉ đại lý":"Số 1, tổ 1, ấp Trà Sơn, xã Hựu Thành, huyện Trà Ôn, tỉnh Vĩnh Long.","layer_id":262,"fid":332,"label":"Hộ kinh doanh An Nông Bio"}},{"type":"Feature","id":333,"geometry":{"type":"Point","coordinates":[10.15312,106.14262]},"properties":{"Họ và tên":"Lê Văn Thật","Tên Đại Lý":"Hộ kinh doanh Lê Thật","Địa chỉ đại lý":"Tổ 11, ấp 2, xã Tân Quới Trung, huyện Vũng Liêm, tỉnh Vĩnh Long","layer_id":262,"fid":333,"label":"Hộ kinh doanh Lê Thật"}},{"type":"Feature","id":334,"geometry":{"type":"Point","coordinates":[10.03828,106.12625]},"properties":{"Họ và tên":"Đặng Văn Vũ","Tên Đại Lý":"Hộ kinh doanh Đặng Văn Vũ (Tư Vũ)","Địa chỉ đại lý":"Tổ 20, ấp An Hậu, xã Trung An, huyện Vũng Liêm, tỉnh Vĩnh Long","layer_id":262,"fid":334,"label":"Hộ kinh doanh Đặng Văn Vũ (Tư Vũ)"}},{"type":"Feature","id":417,"geometry":{"type":"Point","coordinates":[10.1872,106.3214]},"properties":{"Họ và tên":"HỒ THANH CƯỜNG","Tên Đại Lý":"Hộ kinh doanh Hồ Thanh Cường (Minh Châu)","Địa chỉ đại lý":"Số 70/PT, ấp Phước Thạnh, xã Phước Ngãi","layer_id":262,"fid":417,"label":"Hộ kinh doanh Hồ Thanh Cường (Minh Châu)"}},{"type":"Feature","id":335,"geometry":{"type":"Point","coordinates":[10.09804,106.14208]},"properties":{"Họ và tên":"Đỗ Văn Trực","Tên Đại Lý":"Hộ kinh doanh Út Phiếm","Địa chỉ đại lý":"Tổ 8, ấp Trung Hưng, xã Trung Hiệp, huyện Vũng Liêm, tỉnh Vĩnh Long","layer_id":262,"fid":335,"label":"Hộ kinh doanh Út Phiếm"}},{"type":"Feature","id":418,"geometry":{"type":"Point","coordinates":[10.2365,106.4711]},"properties":{"Họ và tên":"HỒ THANH NGÂN","Tên Đại Lý":"HỘ KINH DOANH THUỐC BẢO VỆ THỰC VẬT THANH TRÚC","Địa chỉ đại lý":"Số 71, ấp Mỹ Quý, xã Tân Xuân","layer_id":262,"fid":418,"label":"HỘ KINH DOANH THUỐC BẢO VỆ THỰC VẬT THANH TRÚC"}},{"type":"Feature","id":419,"geometry":{"type":"Point","coordinates":[10.2312,106.4685]},"properties":{"Họ và tên":"HỒ THỊ HẬU","Tên Đại Lý":"HỘ KINH DOANH CÔNG HẬU","Địa chỉ đại lý":"Số 18/2  ấp Xương Hoà II, xã Thới Thạnh","layer_id":262,"fid":419,"label":"HỘ KINH DOANH CÔNG HẬU"}},{"type":"Feature","id":336,"geometry":{"type":"Point","coordinates":[998357.0,106.10756]},"properties":{"Họ và tên":"Ngô Công Vịnh","Tên Đại Lý":"Hộ kinh doanh Tư Nguyên","Địa chỉ đại lý":"Tổ 1, ấp Hiếu Xuân, xã Hiếu Thành, huyện Vũng Liêm, tỉnh Vĩnh Long","layer_id":262,"fid":336,"label":"Hộ kinh doanh Tư Nguyên"}},{"type":"Feature","id":420,"geometry":{"type":"Point","coordinates":[10.0468,106.5912]},"properties":{"Họ và tên":"HỒ THỊ TEM","Tên Đại Lý":"Hộ kinh doanh  Văn Hây","Địa chỉ đại lý":"ấp Tân Điền 2, \nxã Sơn Phú","layer_id":262,"fid":420,"label":"Hộ kinh doanh  Văn Hây"}},{"type":"Feature","id":337,"geometry":{"type":"Point","coordinates":[10.00705,106.08227]},"properties":{"Họ và tên":"Lê Hoàng Phương","Tên Đại Lý":"HKD Tư Nga","Địa chỉ đại lý":"Tổ 1, ấp Hiếu Thọ, xã Hiếu Thành, huyện Vũng Liêm, tỉnh Vĩnh Long","layer_id":262,"fid":337,"label":"HKD Tư Nga"}},{"type":"Feature","id":338,"geometry":{"type":"Point","coordinates":[10.0297,106.1098]},"properties":{"Họ và tên":"Duương Chí Bảo","Tên Đại Lý":"HKD VTNN Việt Nông 8","Địa chỉ đại lý":"Số 3, tổ 1, ấp Hiếu Hòa A, xã Hiếu NHơn, Vũng Liêm, tỉnh Vĩnh Long","layer_id":262,"fid":338,"label":"HKD VTNN Việt Nông 8"}},{"type":"Feature","id":339,"geometry":{"type":"Point","coordinates":[998670.0,106.09582]},"properties":{"Họ và tên":"Bùi Thị Hồng Diệu ","Tên Đại Lý":"HKD Trần Thị Chậm","Địa chỉ đại lý":"Số 12, tổ 2, ấp Hiếu Xuân, xã Hiếu Thành, huyện Vũng Liêm, tỉnh Vĩnh Long","layer_id":262,"fid":339,"label":"HKD Trần Thị Chậm"}},{"type":"Feature","id":421,"geometry":{"type":"Point","coordinates":[10.1512,106.3421]},"properties":{"Họ và tên":"HỒ THỊ THÙY DƯƠNG","Tên Đại Lý":"Hộ kinh doanh \nThùy Dương","Địa chỉ đại lý":"Số 752/1, ấp Chợ, xã Phú Phụng","layer_id":262,"fid":421,"label":"Hộ kinh doanh \nThùy Dương"}},{"type":"Feature","id":422,"geometry":{"type":"Point","coordinates":[10.1872,106.3214]},"properties":{"Họ và tên":"HỒ VĂN CHƯƠNG","Tên Đại Lý":"Công ty TNHH Tiến Phát – Hoa Kỳ","Địa chỉ đại lý":"435/64, ấp Nhơn Phú,\n xã Hòa Nghĩa","layer_id":262,"fid":422,"label":"Công ty TNHH Tiến Phát – Hoa Kỳ"}},{"type":"Feature","id":423,"geometry":{"type":"Point","coordinates":[10.0355,106.5872]},"properties":{"Họ và tên":"HỒ VĂN LẮM","Tên Đại Lý":"Cửa hàng vật tư nông nghiệp Chín Lắm","Địa chỉ đại lý":"Số 151, ấp Phú Thạnh, xã Phú Lễ, huyện Ba Tri","layer_id":262,"fid":423,"label":"Cửa hàng vật tư nông nghiệp Chín Lắm"}},{"type":"Feature","id":424,"geometry":{"type":"Point","coordinates":[10.1245,106.3112]},"properties":{"Họ và tên":"HỒ VĂN LẬP","Tên Đại Lý":"Cửa hàng VTNN  Hồ Lập","Địa chỉ đại lý":"ấp Phước Hậu,\n xã Tam Phước","layer_id":262,"fid":424,"label":"Cửa hàng VTNN  Hồ Lập"}},{"type":"Feature","id":340,"geometry":{"type":"Point","coordinates":[10.10689,106.2275]},"properties":{"Họ và tên":"Trần Thị Diễm Hương","Tên Đại Lý":"Địa điểm kinh doanh cửa hàng thái bình cửu long số 16-Công ty TNHH Thái Bình Cửu Long","Địa chỉ đại lý":"Thửa đất số 419, tờ bản đồ số 17, tổ 12, ấp Thái Bình, xã Thanh Bình, huyện Vũng Liêm, tỉnh Vĩnh Long","layer_id":262,"fid":340,"label":"Địa điểm kinh doanh cửa hàng thái bình cửu long số 16-Công ty TNHH Thái Bình Cửu Long"}},{"type":"Feature","id":341,"geometry":{"type":"Point","coordinates":[10.1124,106.13633]},"properties":{"Họ và tên":"Võ Anh Quốc","Tên Đại Lý":"HKD Quốc Khánh","Địa chỉ đại lý":"Tổ 17, ấp Trung Hưng, xã Trung Hiệp, huyện Vũng Liêm, tỉnh Vĩnh Long","layer_id":262,"fid":341,"label":"HKD Quốc Khánh"}},{"type":"Feature","id":425,"geometry":{"type":"Point","coordinates":[10.2458,106.2145]},"properties":{"Họ và tên":"HỒ VĂN PHƯƠNG","Tên Đại Lý":"DOANH NGHIỆP TƯ NHÂN HIỀN PHƯƠNG","Địa chỉ đại lý":"Thửa đất số 352, tờ bản đồ số 12, ấp Mỹ Quí, xã Tân Xuân","layer_id":262,"fid":425,"label":"DOANH NGHIỆP TƯ NHÂN HIỀN PHƯƠNG"}},{"type":"Feature","id":342,"geometry":{"type":"Point","coordinates":[10.14187,106.21837]},"properties":{"Họ và tên":"Huỳnh Thị Hiếm","Tên Đại Lý":"HKD Huỳnh Hiếu","Địa chỉ đại lý":"ấp Bình Lương, xã Quới Thiện, huyện Vũng Liêm, tỉnh Vĩnh Long","layer_id":262,"fid":342,"label":"HKD Huỳnh Hiếu"}},{"type":"Feature","id":343,"geometry":{"type":"Point","coordinates":[10.12638,106.21946]},"properties":{"Họ và tên":"Võ Khắc Hào","Tên Đại Lý":"Địa điểm kinh doanh quới thiện công ty TNHH DR.DURIAN","Địa chỉ đại lý":"Thửa đất số 270, tờ bản đồ số 0002, ấp Thanh Lương, xã Thanh Bình, huyện Vũng Liêm, tỉnh Vĩnh Long","layer_id":262,"fid":343,"label":"Địa điểm kinh doanh quới thiện công ty TNHH DR.DURIAN"}},{"type":"Feature","id":344,"geometry":{"type":"Point","coordinates":[10.13793,106.21093]},"properties":{"Họ và tên":"Nguyễn Huỳnh Anh Thư","Tên Đại Lý":"Thửa đất số 184, tờ bản đồ số 5, tổ 18, ấp Bình Lương, xã Quới Thiện, huyện Vũng Liêm, tỉnh Vĩnh Long","Địa chỉ đại lý":null,"layer_id":262,"fid":344,"label":"Thửa đất số 184, tờ bản đồ số 5, tổ 18, ấp Bình Lương, xã Quới Thiện, huyện Vũng Liêm, tỉnh Vĩnh Long"}},{"type":"Feature","id":426,"geometry":{"type":"Point","coordinates":[10.0163,106.6027]},"properties":{"Họ và tên":"HỒ VĂN THIỆT","Tên Đại Lý":"CÔNG TY TNHH CHĂM SÓC SỨC KHOẺ ĐẤT","Địa chỉ đại lý":"Thửa đất số 386, tờ bản đồ số 30, đường 30 tháng 4, ấp Bình An B","layer_id":262,"fid":426,"label":"CÔNG TY TNHH CHĂM SÓC SỨC KHOẺ ĐẤT"}},{"type":"Feature","id":427,"geometry":{"type":"Point","coordinates":[10.0381,106.5624]},"properties":{"Họ và tên":"HỒ VĂN TRÚC BÌNH","Tên Đại Lý":"Hộ kinh doanh Hồ Văn Trúc Bình","Địa chỉ đại lý":"Số 255, ấp Phú Tường, xã Phú Đức","layer_id":262,"fid":427,"label":"Hộ kinh doanh Hồ Văn Trúc Bình"}},{"type":"Feature","id":428,"geometry":{"type":"Point","coordinates":[10.3347,106.2618]},"properties":{"Họ và tên":"HOÀNG NGỌC MINH","Tên Đại Lý":"Hộ kinh doanh  Thúy Minh","Địa chỉ đại lý":"ấp Hòa Thanh,\n xã An Hiệp","layer_id":262,"fid":428,"label":"Hộ kinh doanh  Thúy Minh"}},{"type":"Feature","id":429,"geometry":{"type":"Point","coordinates":[10.2215,106.3142]},"properties":{"Họ và tên":"HUỲNH CÔNG HẬU","Tên Đại Lý":"HỘ KINH DOANH HUỲNH CÔNG HẬU","Địa chỉ đại lý":"Số 343/AĐL, ấp An Điền Lớn, xã An Hiệp","layer_id":262,"fid":429,"label":"HỘ KINH DOANH HUỲNH CÔNG HẬU"}},{"type":"Feature","id":430,"geometry":{"type":"Point","coordinates":[10.1425,106.291]},"properties":{"Họ và tên":"HUỲNH ĐẠT","Tên Đại Lý":"HỘ KINH DOANH CƠ SỞ SẢN XUẤT THƯƠNG MẠI PHƯƠNG ĐẠT.","Địa chỉ đại lý":"Thửa đất số 5, tờ bản đồ số 26, ấp Tân Đông, xã Tân Phú","layer_id":262,"fid":430,"label":"HỘ KINH DOANH CƠ SỞ SẢN XUẤT THƯƠNG MẠI PHƯƠNG ĐẠT."}},{"type":"Feature","id":431,"geometry":{"type":"Point","coordinates":[10.2714,106.3255]},"properties":{"Họ và tên":"HUỲNH ĐÌNH TRƯỜNG","Tên Đại Lý":"Hộ kinh doanh  Sáu Thành","Địa chỉ đại lý":"ấp Tân Thông 2, \nxã Tân Thanh","layer_id":262,"fid":431,"label":"Hộ kinh doanh  Sáu Thành"}},{"type":"Feature","id":432,"geometry":{"type":"Point","coordinates":[10.0245,106.5821]},"properties":{"Họ và tên":"HUỲNH ĐỨC ANH","Tên Đại Lý":"Hộ kinh doanh  Năm Nghĩa","Địa chỉ đại lý":"ấp Tân Điểm, \nxã Tân Xuân","layer_id":262,"fid":432,"label":"Hộ kinh doanh  Năm Nghĩa"}},{"type":"Feature","id":433,"geometry":{"type":"Point","coordinates":[10.2154,106.2415]},"properties":{"Họ và tên":"HUỲNH HÙNG THÀNH","Tên Đại Lý":"Hộ kinh doanh \nPhi Khanh","Địa chỉ đại lý":"295,  Ấp Phú Long, xã Phú Đức","layer_id":262,"fid":433,"label":"Hộ kinh doanh \nPhi Khanh"}},{"type":"Feature","id":434,"geometry":{"type":"Point","coordinates":[10.2552,106.3568]},"properties":{"Họ và tên":"HUỲNH HỮU PHƯỚC","Tên Đại Lý":"Hộ kinh doanh \nSáu Phước","Địa chỉ đại lý":"Thửa đất số 278, tờ bản đồ số 06, tổ NDTQ số 1A, ấp 2, xã Phú Nhuận","layer_id":262,"fid":434,"label":"Hộ kinh doanh \nSáu Phước"}},{"type":"Feature","id":435,"geometry":{"type":"Point","coordinates":[10.2785,106.3842]},"properties":{"Họ và tên":"HUỲNH MINH THẮNG","Tên Đại Lý":"HỘ KINH DOANH HUỲNH MINH THẮNG.","Địa chỉ đại lý":"Số 303, tổ 05, ấp Phú Lợi Hạ, xã An Định","layer_id":262,"fid":435,"label":"HỘ KINH DOANH HUỲNH MINH THẮNG."}},{"type":"Feature","id":436,"geometry":{"type":"Point","coordinates":[10.3012,106.4154]},"properties":{"Họ và tên":"HUỲNH MINH THƯ","Tên Đại Lý":"Hộ kinh doanh VTNN Huỳnh Minh Thư","Địa chỉ đại lý":"ấp Phú Lợi Thượng, xã An Định","layer_id":262,"fid":436,"label":"Hộ kinh doanh VTNN Huỳnh Minh Thư"}},{"type":"Feature","id":437,"geometry":{"type":"Point","coordinates":[10.1512,106.3421]},"properties":{"Họ và tên":"HUỲNH NGỌC LÝ","Tên Đại Lý":"Hộ kinh doanh  Ngọc Tuyền","Địa chỉ đại lý":"ấp Thạnh Lợi, \nxã Thạnh Phong","layer_id":262,"fid":437,"label":"Hộ kinh doanh  Ngọc Tuyền"}},{"type":"Feature","id":438,"geometry":{"type":"Point","coordinates":[10.1872,106.3214]},"properties":{"Họ và tên":"HUỲNH NGỌC XUÂN","Tên Đại Lý":"HỘ KINH DOANH CỬA HÀNG VẬT TƯ NÔNG NGHIỆP PHƯƠNG ĐẠT 2","Địa chỉ đại lý":"Số 268 A, khu phố Chánh, thị trấn Tiên Thuỷ","layer_id":262,"fid":438,"label":"HỘ KINH DOANH CỬA HÀNG VẬT TƯ NÔNG NGHIỆP PHƯƠNG ĐẠT 2"}},{"type":"Feature","id":439,"geometry":{"type":"Point","coordinates":[10.0355,106.5872]},"properties":{"Họ và tên":"HUỲNH SƠN PHONG","Tên Đại Lý":"HỘ KINH DOANH HUỲNH SƠN PHONG (Đại lý phân bón ấp 5)","Địa chỉ đại lý":"Số 274, ấp Sơn Thuận, xã Sơn Phú","layer_id":262,"fid":439,"label":"HỘ KINH DOANH HUỲNH SƠN PHONG (Đại lý phân bón ấp 5)"}},{"type":"Feature","id":440,"geometry":{"type":"Point","coordinates":[10.1245,106.3112]},"properties":{"Họ và tên":"HUỲNH TẤN KIỆT","Tên Đại Lý":"Hộ kinh doanh \nThuý Kiệt","Địa chỉ đại lý":"Số 848, ấp Tân Lợi, xã Tân Thanh","layer_id":262,"fid":440,"label":"Hộ kinh doanh \nThuý Kiệt"}},{"type":"Feature","id":441,"geometry":{"type":"Point","coordinates":[10.2458,106.2145]},"properties":{"Họ và tên":"HUỲNH TẤN PHÁT","Tên Đại Lý":"Hộ kinh doanh \nNam Phát","Địa chỉ đại lý":"Số 357P A, ấp Hoà Trung, xã Sơn Hoà","layer_id":262,"fid":441,"label":"Hộ kinh doanh \nNam Phát"}},{"type":"Feature","id":442,"geometry":{"type":"Point","coordinates":[10.0163,106.6027]},"properties":{"Họ và tên":"HUỲNH THANH KHIẾT","Tên Đại Lý":"Hộ kinh doanh HUỲNH THANH KHIẾT (BẢY DŨNG)","Địa chỉ đại lý":"Số 182, ấp Bình An, xã Bình Thành","layer_id":262,"fid":442,"label":"Hộ kinh doanh HUỲNH THANH KHIẾT (BẢY DŨNG)"}},{"type":"Feature","id":443,"geometry":{"type":"Point","coordinates":[10.0381,106.5624]},"properties":{"Họ và tên":"HUỲNH THỊ BÍCH THUỶ","Tên Đại Lý":"HỘ KINH DOANH TÁM XÊ","Địa chỉ đại lý":"Số 42/3, ấp Xương Thạnh A, xã Thới Thạnh","layer_id":262,"fid":443,"label":"HỘ KINH DOANH TÁM XÊ"}},{"type":"Feature","id":444,"geometry":{"type":"Point","coordinates":[10.3347,106.2618]},"properties":{"Họ và tên":"HUỲNH THỊ HỒNG NHUNG","Tên Đại Lý":"Hộ kinh doanh  Năm Dũng","Địa chỉ đại lý":"ấp Phú Long, \nxã Long Đinh","layer_id":262,"fid":444,"label":"Hộ kinh doanh  Năm Dũng"}},{"type":"Feature","id":445,"geometry":{"type":"Point","coordinates":[10.1872,106.3214]},"properties":{"Họ và tên":"HUỲNH THỊ MỸ DUNG","Tên Đại Lý":"Hộ kinh doanh \nHuỳnh Thị Mỹ Dung","Địa chỉ đại lý":"Số 310/83, ấp Trung Hiệp, xã Hưng Khánh Trung B","layer_id":262,"fid":445,"label":"Hộ kinh doanh \nHuỳnh Thị Mỹ Dung"}},{"type":"Feature","id":446,"geometry":{"type":"Point","coordinates":[10.1512,106.3421]},"properties":{"Họ và tên":"HUỲNH THỊ THU THẢO","Tên Đại Lý":"HỘ KINH DOANH THẢO PHU","Địa chỉ đại lý":"Số 334/38, ấp Thanh Trung, xã Hưng Khánh Trung B","layer_id":262,"fid":446,"label":"HỘ KINH DOANH THẢO PHU"}},{"type":"Feature","id":447,"geometry":{"type":"Point","coordinates":[10.1872,106.3214]},"properties":{"Họ và tên":"HUỲNH THỊ THÙY QUYÊN ","Tên Đại Lý":"Hộ kinh doanh VTNN Tèo","Địa chỉ đại lý":"ấp An Phong, \nxã An Thạnh","layer_id":262,"fid":447,"label":"Hộ kinh doanh VTNN Tèo"}},{"type":"Feature","id":448,"geometry":{"type":"Point","coordinates":[10.0355,106.5872]},"properties":{"Họ và tên":"HUỲNH THỊ THÙY TRANG","Tên Đại Lý":"Chi nhánh công ty cổ phần GOLAD AGRI","Địa chỉ đại lý":"ấp 2, xã Sơn Phú","layer_id":262,"fid":448,"label":"Chi nhánh công ty cổ phần GOLAD AGRI"}},{"type":"Feature","id":449,"geometry":{"type":"Point","coordinates":[10.1245,106.3112]},"properties":{"Họ và tên":"HUỲNH THỊ TUYẾT DUYÊN","Tên Đại Lý":"HỘ KINH DOANH HUỲNH THỊ TUYẾT DUYÊN (MỸ DUYÊN)","Địa chỉ đại lý":"Số 108, tổ 24, ấp Hội Thành, xã Tân Hội","layer_id":262,"fid":449,"label":"HỘ KINH DOANH HUỲNH THỊ TUYẾT DUYÊN (MỸ DUYÊN)"}},{"type":"Feature","id":450,"geometry":{"type":"Point","coordinates":[10.2458,106.2145]},"properties":{"Họ và tên":"HUỲNH THỊ YẾN NHI","Tên Đại Lý":"HỘ KINH DOANH CỬA HÀNG PHÂN BÓN, THUỐC BẢO VỆ THỰC VẬT HUỲNH TRÍ","Địa chỉ đại lý":"Số 256/AP, ấp An Phú, xã An Bình Tây","layer_id":262,"fid":450,"label":"HỘ KINH DOANH CỬA HÀNG PHÂN BÓN, THUỐC BẢO VỆ THỰC VẬT HUỲNH TRÍ"}},{"type":"Feature","id":451,"geometry":{"type":"Point","coordinates":[10.0163,106.6027]},"properties":{"Họ và tên":"HUỲNH VĂN HẢI","Tên Đại Lý":"Hộ kinh doanh \nHuỳnh Hải","Địa chỉ đại lý":"Số nhà 18, Khu phố 2, thị trấn Châu Thành","layer_id":262,"fid":451,"label":"Hộ kinh doanh \nHuỳnh Hải"}},{"type":"Feature","id":452,"geometry":{"type":"Point","coordinates":[10.0381,106.5624]},"properties":{"Họ và tên":"HUỲNH VĂN HỒI","Tên Đại Lý":"Hộ kinh doanh vVTNN Huỳnh Văn Hồi","Địa chỉ đại lý":"ấp An Điền Lớn,\n xã An Hiệp","layer_id":262,"fid":452,"label":"Hộ kinh doanh vVTNN Huỳnh Văn Hồi"}},{"type":"Feature","id":453,"geometry":{"type":"Point","coordinates":[10.3347,106.2618]},"properties":{"Họ và tên":"HUỲNH VĂN MINH","Tên Đại Lý":"HỘ KINH DOANH HUỲNH VĂN MINH (HUỲNH MINH)","Địa chỉ đại lý":"Thửa đất 394, tờ bản đồ số 17, ấp Đinh Lễ, xã Phú Đức","layer_id":262,"fid":453,"label":"HỘ KINH DOANH HUỲNH VĂN MINH (HUỲNH MINH)"}},{"type":"Feature","id":586,"geometry":{"type":"Point","coordinates":[10.2211,106.3135]},"properties":{"Họ và tên":"NGUYỄN NGỌC VUI","Tên Đại Lý":"Hộ kinh doanh Nguyễn Ngọc Vui","Địa chỉ đại lý":"ấp 4, xã Phong Nẫm","layer_id":262,"fid":586,"label":"Hộ kinh doanh Nguyễn Ngọc Vui"}},{"type":"Feature","id":454,"geometry":{"type":"Point","coordinates":[10.2215,106.3142]},"properties":{"Họ và tên":"HUỲNH VĂN PHONG","Tên Đại Lý":"Hộ kinh doanh  Trần Văn Ánh","Địa chỉ đại lý":"số 4, ấp 2, xã\n An Khánh","layer_id":262,"fid":454,"label":"Hộ kinh doanh  Trần Văn Ánh"}},{"type":"Feature","id":455,"geometry":{"type":"Point","coordinates":[10.1425,106.291]},"properties":{"Họ và tên":"KHỔNG THỊ BẠCH HUỆ","Tên Đại Lý":"Cửa hàng vật tư nông nghiệp Út Huệ","Địa chỉ đại lý":"Số 306/PT, ấp Phú Thạnh, xã Phước Ngãi","layer_id":262,"fid":455,"label":"Cửa hàng vật tư nông nghiệp Út Huệ"}},{"type":"Feature","id":456,"geometry":{"type":"Point","coordinates":[10.2714,106.3255]},"properties":{"Họ và tên":"LA CHẤN PHƯƠNG","Tên Đại Lý":"Hộ kinh doanh VTNN La Chấn Phương","Địa chỉ đại lý":"ấp Chợ, \nxã Thành Triệu","layer_id":262,"fid":456,"label":"Hộ kinh doanh VTNN La Chấn Phương"}},{"type":"Feature","id":457,"geometry":{"type":"Point","coordinates":[10.0245,106.5821]},"properties":{"Họ và tên":"LA HÙNG LINH","Tên Đại Lý":"Hộ kinh doanh \nLa Hùng Linh","Địa chỉ đại lý":"Số 714, ấp Tân Thị, xã Tân Hào","layer_id":262,"fid":457,"label":"Hộ kinh doanh \nLa Hùng Linh"}},{"type":"Feature","id":458,"geometry":{"type":"Point","coordinates":[10.2154,106.2415]},"properties":{"Họ và tên":"LÂM HOÀNG TUẤN","Tên Đại Lý":"Hộ kinh doanh  Hoàng Ưng -Hồng Giang 2","Địa chỉ đại lý":"ấp Đại An, \nxã Hòa Nghĩa","layer_id":262,"fid":458,"label":"Hộ kinh doanh  Hoàng Ưng -Hồng Giang 2"}},{"type":"Feature","id":459,"geometry":{"type":"Point","coordinates":[10.2552,106.3568]},"properties":{"Họ và tên":"LÂM KHẮC HUY","Tên Đại Lý":"Hộ kinh doanh Lâm Huệ","Địa chỉ đại lý":"Thửa đất số 130-131, tờ bản đồ số 36, ấp Thạnh An, xã Thạnh Hải","layer_id":262,"fid":459,"label":"Hộ kinh doanh Lâm Huệ"}},{"type":"Feature","id":460,"geometry":{"type":"Point","coordinates":[10.2785,106.3842]},"properties":{"Họ và tên":"LÂM VĂN TRAI","Tên Đại Lý":"Hộ kinh doanh \nLâm Huệ 4","Địa chỉ đại lý":"Ấp An Thạnh, xã Thạnh Hải","layer_id":262,"fid":460,"label":"Hộ kinh doanh \nLâm Huệ 4"}},{"type":"Feature","id":461,"geometry":{"type":"Point","coordinates":[10.3012,106.4154]},"properties":{"Họ và tên":"LÊ ANH BẰNG","Tên Đại Lý":"Hộ kinh doanh \nMười Xuân","Địa chỉ đại lý":"Số 470, ấp Xóm Mới, xã Mỹ Hòa","layer_id":262,"fid":461,"label":"Hộ kinh doanh \nMười Xuân"}},{"type":"Feature","id":462,"geometry":{"type":"Point","coordinates":[10.1512,106.3421]},"properties":{"Họ và tên":"LÊ BÁ ĐẠT","Tên Đại Lý":"Hộ kinh doanh \nVTNN Toàn Đạt","Địa chỉ đại lý":"Số 363, ấp An Lộc Thị, xã An Thạnh","layer_id":262,"fid":462,"label":"Hộ kinh doanh \nVTNN Toàn Đạt"}},{"type":"Feature","id":463,"geometry":{"type":"Point","coordinates":[10.1872,106.3214]},"properties":{"Họ và tên":"LÊ ĐÌNH VĂN","Tên Đại Lý":"Địa điểm kinh doanh cửa hành Thái Bình Cửu Long 02 – Công ty TNHH MTV Thái Bình Cửu Long","Địa chỉ đại lý":"Thửa đất số 397, tờ bản đồ số 18, ấp Tân Bắc, xã Tân Phú","layer_id":262,"fid":463,"label":"Địa điểm kinh doanh cửa hành Thái Bình Cửu Long 02 – Công ty TNHH MTV Thái Bình Cửu Long"}},{"type":"Feature","id":464,"geometry":{"type":"Point","coordinates":[10.0355,106.5872]},"properties":{"Họ và tên":"LÊ HOÀNG BÁ","Tên Đại Lý":"CÔNG TY TNHH DỊCH VỤ THƯƠNG MẠI SÔNG MIỀN TÂY","Địa chỉ đại lý":"Thửa đất số 76, tờ bản đồ số 21, ấp Phú Bình, xã Vĩnh Bình","layer_id":262,"fid":464,"label":"CÔNG TY TNHH DỊCH VỤ THƯƠNG MẠI SÔNG MIỀN TÂY"}},{"type":"Feature","id":465,"geometry":{"type":"Point","coordinates":[10.1245,106.3112]},"properties":{"Họ và tên":"Lê Hoàng Chương","Tên Đại Lý":"Địa điểm kinh doanh số 09-Phú Sơn-Chợ Lách-Bến Tre-Công ty TNHH phát triển nông nghiệp bền vững Long Khải Vân","Địa chỉ đại lý":null,"layer_id":262,"fid":465,"label":"Địa điểm kinh doanh số 09-Phú Sơn-Chợ Lách-Bến Tre-Công ty TNHH phát triển nông nghiệp bền vững Long Khải Vân"}},{"type":"Feature","id":466,"geometry":{"type":"Point","coordinates":[10.2458,106.2145]},"properties":{"Họ và tên":"LÊ HOÀNG DUY KHƯƠNG","Tên Đại Lý":"Hộ kinh doanh \n","Địa chỉ đại lý":"Số nhà 218/85, ấp Hòa An, xã Long Thới","layer_id":262,"fid":466,"label":"Hộ kinh doanh \n"}},{"type":"Feature","id":467,"geometry":{"type":"Point","coordinates":[10.0163,106.6027]},"properties":{"Họ và tên":"LÊ HOÀNG NHÂN ","Tên Đại Lý":"Hộ kinh doanh Lê Hoàng Nhân","Địa chỉ đại lý":"số 281/33, ấp Vĩnh Hiệp, xã Vĩnh Thành","layer_id":262,"fid":467,"label":"Hộ kinh doanh Lê Hoàng Nhân"}},{"type":"Feature","id":468,"geometry":{"type":"Point","coordinates":[10.0381,106.5624]},"properties":{"Họ và tên":"LÊ HỒNG NGỌC ANH","Tên Đại Lý":"CÔNG TY TNHH MTV- XNK NÔNG NGHIỆP ĐĂNG ANH","Địa chỉ đại lý":"Số 605 B5, khu phố 3, phường Phú Khương","layer_id":262,"fid":468,"label":"CÔNG TY TNHH MTV- XNK NÔNG NGHIỆP ĐĂNG ANH"}},{"type":"Feature","id":469,"geometry":{"type":"Point","coordinates":[10.3347,106.2618]},"properties":{"Họ và tên":"LÊ HỒNG VŨ","Tên Đại Lý":"Hộ kinh doanh \nLê Hồng Vũ","Địa chỉ đại lý":"Tổ 15- ấp Thừa Trung, xã Thừa Đức","layer_id":262,"fid":469,"label":"Hộ kinh doanh \nLê Hồng Vũ"}},{"type":"Feature","id":470,"geometry":{"type":"Point","coordinates":[10.2215,106.3142]},"properties":{"Họ và tên":"LÊ KIẾN QUỐC","Tên Đại Lý":"Công ty TNHH Thương Mại Sản Xuất Nhật Quang","Địa chỉ đại lý":"Tờ bản đồ số 02, thửa đất số 161, 162, 1293, tỉnh Lộ 884, thị trấn Tiên Thuỷ","layer_id":262,"fid":470,"label":"Công ty TNHH Thương Mại Sản Xuất Nhật Quang"}},{"type":"Feature","id":471,"geometry":{"type":"Point","coordinates":[10.1425,106.291]},"properties":{"Họ và tên":"LÊ KIẾN TRÚC","Tên Đại Lý":"Hộ kinh doanh \nKiến Trúc","Địa chỉ đại lý":"Thửa đất số 27, tờ bản đồ số 3-2, ấp An Thạnh A, xã Mỹ Thạnh An","layer_id":262,"fid":471,"label":"Hộ kinh doanh \nKiến Trúc"}},{"type":"Feature","id":472,"geometry":{"type":"Point","coordinates":[10.2714,106.3255]},"properties":{"Họ và tên":"LÊ LONG HỒ","Tên Đại Lý":"Hộ kinh doanh \nÚt Hạnh","Địa chỉ đại lý":"Số 175, tổ NDTQ soos, ấp Hưng Bình, xã Hưng Nhượng","layer_id":262,"fid":472,"label":"Hộ kinh doanh \nÚt Hạnh"}},{"type":"Feature","id":473,"geometry":{"type":"Point","coordinates":[10.0245,106.5821]},"properties":{"Họ và tên":"LÊ MINH KHÔI","Tên Đại Lý":"Hộ kinh doanh  Nông Tín Phát","Địa chỉ đại lý":"số 211, ấp Mỹ Thạnh,\n xã Long Mỹ","layer_id":262,"fid":473,"label":"Hộ kinh doanh  Nông Tín Phát"}},{"type":"Feature","id":474,"geometry":{"type":"Point","coordinates":[10.2154,106.2415]},"properties":{"Họ và tên":"LÊ MINH MẪN","Tên Đại Lý":"Địa điểm kinh doanh CÔNG TY TNHH XNK A7 GROUP ","Địa chỉ đại lý":"Thửa đất số 571, tờ bản đồ số 4, ấp Long Thuận, xã Sơn Phú","layer_id":262,"fid":474,"label":"Địa điểm kinh doanh CÔNG TY TNHH XNK A7 GROUP "}},{"type":"Feature","id":475,"geometry":{"type":"Point","coordinates":[10.2552,106.3568]},"properties":{"Họ và tên":"LÊ MINH NHỰT","Tên Đại Lý":"Hộ kinh doanh  Minh Nhựt","Địa chỉ đại lý":"ấp 2, xã Tam Hiệp","layer_id":262,"fid":475,"label":"Hộ kinh doanh  Minh Nhựt"}},{"type":"Feature","id":476,"geometry":{"type":"Point","coordinates":[10.2785,106.3842]},"properties":{"Họ và tên":"LÊ MINH TẤN","Tên Đại Lý":"HỘ KINH DOANH LÊ MINH TẤN (NĂM TRIỆU)","Địa chỉ đại lý":"Số 309/68, ấp Long Quới, xã Long Thới","layer_id":262,"fid":476,"label":"HỘ KINH DOANH LÊ MINH TẤN (NĂM TRIỆU)"}},{"type":"Feature","id":477,"geometry":{"type":"Point","coordinates":[10.3012,106.4154]},"properties":{"Họ và tên":"LÊ MINH TRÍ","Tên Đại Lý":"Hộ kinh doanh  Cường Thanh","Địa chỉ đại lý":"580/63, ấp Long Hiệp,\n xã Hòa Nghĩa","layer_id":262,"fid":477,"label":"Hộ kinh doanh  Cường Thanh"}},{"type":"Feature","id":478,"geometry":{"type":"Point","coordinates":[10.1512,106.3421]},"properties":{"Họ và tên":"LÊ NGỌC THẢO","Tên Đại Lý":"HỘ KINH DOANH LÊ NGỌC THẢO","Địa chỉ đại lý":"Thửa đất số 6, tờ bản đồ số 26, ấp Bình Phú, xã Bình Thành","layer_id":262,"fid":478,"label":"HỘ KINH DOANH LÊ NGỌC THẢO"}},{"type":"Feature","id":479,"geometry":{"type":"Point","coordinates":[10.1872,106.3214]},"properties":{"Họ và tên":"LÊ PHÁT LỘC","Tên Đại Lý":"Hộ kinh doanh  Phát Lộc","Địa chỉ đại lý":"ấp Chánh, xã Tiên Thủy","layer_id":262,"fid":479,"label":"Hộ kinh doanh  Phát Lộc"}},{"type":"Feature","id":480,"geometry":{"type":"Point","coordinates":[10.0355,106.5872]},"properties":{"Họ và tên":"LÊ PHONG VŨ","Tên Đại Lý":"HỘ KINH DOANH LÊ PHONG VŨ (VŨ)","Địa chỉ đại lý":"Số 58/72, ấp Quân Bình, xã Tân Thiềng","layer_id":262,"fid":480,"label":"HỘ KINH DOANH LÊ PHONG VŨ (VŨ)"}},{"type":"Feature","id":481,"geometry":{"type":"Point","coordinates":[10.1245,106.3112]},"properties":{"Họ và tên":"LÊ QUANG HAY","Tên Đại Lý":"HỘ KINH DOANH CỬA HÀNG VẬT TƯ NÔNG NGHIỆP LÊ QUANG HAY","Địa chỉ đại lý":"Số 465/AL, ấp An Lợi, xã An Bình Tây","layer_id":262,"fid":481,"label":"HỘ KINH DOANH CỬA HÀNG VẬT TƯ NÔNG NGHIỆP LÊ QUANG HAY"}},{"type":"Feature","id":482,"geometry":{"type":"Point","coordinates":[10.2458,106.2145]},"properties":{"Họ và tên":"LÊ TẤN ĐỨC","Tên Đại Lý":"Hộ kinh doanh VTNN Đức Thủy","Địa chỉ đại lý":"ấp Hòa Thuận,\n xã Vĩnh Bình","layer_id":262,"fid":482,"label":"Hộ kinh doanh VTNN Đức Thủy"}},{"type":"Feature","id":483,"geometry":{"type":"Point","coordinates":[10.0163,106.6027]},"properties":{"Họ và tên":"LÊ THÁI BẢO","Tên Đại Lý":"CÔNG TY TNHH CNX AGRI USA","Địa chỉ đại lý":"Số 70/79, ấp Phú Hoà, xã Vĩnh Bình","layer_id":262,"fid":483,"label":"CÔNG TY TNHH CNX AGRI USA"}},{"type":"Feature","id":484,"geometry":{"type":"Point","coordinates":[10.0381,106.5624]},"properties":{"Họ và tên":"LÊ THANH HẢI","Tên Đại Lý":"Hộ kinh doanh \nBa Hải","Địa chỉ đại lý":"Số 705, tổ NDTQ số 20, ấp Tân Phước, xã Tân Thanh","layer_id":262,"fid":484,"label":"Hộ kinh doanh \nBa Hải"}},{"type":"Feature","id":485,"geometry":{"type":"Point","coordinates":[10.3347,106.2618]},"properties":{"Họ và tên":"LÊ THANH NHẪN ","Tên Đại Lý":"Hộ kinh doanh  Lê Thanh Nhẫn 2","Địa chỉ đại lý":"ấp Chợ, \nxã Phú Phụng","layer_id":262,"fid":485,"label":"Hộ kinh doanh  Lê Thanh Nhẫn 2"}},{"type":"Feature","id":486,"geometry":{"type":"Point","coordinates":[10.2215,106.3142]},"properties":{"Họ và tên":"LÊ THANH TUẤN","Tên Đại Lý":"Hộ kinh doanh  Nguyên Khang 2","Địa chỉ đại lý":"ấp 6, xã \nThuận Điền","layer_id":262,"fid":486,"label":"Hộ kinh doanh  Nguyên Khang 2"}},{"type":"Feature","id":487,"geometry":{"type":"Point","coordinates":[10.1425,106.291]},"properties":{"Họ và tên":"LÊ THANH TÙNG","Tên Đại Lý":"Địa điểm kinh doanh cửa hàng Thái Bình Cửu Long Số 10","Địa chỉ đại lý":"Số 352A/2, ấp Phụng Đức A, xã Phú Phụng","layer_id":262,"fid":487,"label":"Địa điểm kinh doanh cửa hàng Thái Bình Cửu Long Số 10"}},{"type":"Feature","id":488,"geometry":{"type":"Point","coordinates":[10.2714,106.3255]},"properties":{"Họ và tên":"LÊ THANH TÙNG","Tên Đại Lý":"Hộ kinh doanh\nDR TOP 3 ","Địa chỉ đại lý":"Tổ 13- ấp Tân Nam, xã Tân Phú","layer_id":262,"fid":488,"label":"Hộ kinh doanh\nDR TOP 3 "}},{"type":"Feature","id":489,"geometry":{"type":"Point","coordinates":[10.0245,106.5821]},"properties":{"Họ và tên":"LÊ THANH VŨ","Tên Đại Lý":"Hộ kinh doanh \nNăm Ngành 3","Địa chỉ đại lý":"ấp Định Thọ, xã Tường Đa","layer_id":262,"fid":489,"label":"Hộ kinh doanh \nNăm Ngành 3"}},{"type":"Feature","id":490,"geometry":{"type":"Point","coordinates":[10.2154,106.2415]},"properties":{"Họ và tên":"LÊ THỊ CẨM TIÊN","Tên Đại Lý":"Hộ kinh doanh \nDr Top","Địa chỉ đại lý":"Số 416/81, ấp Phụng Đức, xã Phú Phụng","layer_id":262,"fid":490,"label":"Hộ kinh doanh \nDr Top"}},{"type":"Feature","id":491,"geometry":{"type":"Point","coordinates":[10.2552,106.3568]},"properties":{"Họ và tên":"LÊ THỊ CHUỘNG","Tên Đại Lý":"Hộ kinh doanh \nChín Chuộng","Địa chỉ đại lý":"Thửa đất số 592, tờ bản đồ số 14, ấp 2A, xã Nhơn Thạnh","layer_id":262,"fid":491,"label":"Hộ kinh doanh \nChín Chuộng"}},{"type":"Feature","id":492,"geometry":{"type":"Point","coordinates":[10.2785,106.3842]},"properties":{"Họ và tên":"LÊ THỊ MỘNG","Tên Đại Lý":"HỘ KINH DOANH LÊ THỊ MỘNG","Địa chỉ đại lý":"Số 148, ấp Tân Nhuận, xã Nhuận Phú Tân","layer_id":262,"fid":492,"label":"HỘ KINH DOANH LÊ THỊ MỘNG"}},{"type":"Feature","id":493,"geometry":{"type":"Point","coordinates":[10.3012,106.4154]},"properties":{"Họ và tên":"LÊ THỊ MỸ LỆ","Tên Đại Lý":"Hộ kinh doanh \nThành Đạt","Địa chỉ đại lý":"223/89, ấp Phụng Châu, xã Sơn Định","layer_id":262,"fid":493,"label":"Hộ kinh doanh \nThành Đạt"}},{"type":"Feature","id":494,"geometry":{"type":"Point","coordinates":[10.1589,106.2512]},"properties":{"Họ và tên":"LÊ THỊ NGA","Tên Đại Lý":"HỘ KINH DOANH NGỌC ẨN","Địa chỉ đại lý":"Số 237, ấp Chợ, xã Thới Lai","layer_id":262,"fid":494,"label":"HỘ KINH DOANH NGỌC ẨN"}},{"type":"Feature","id":495,"geometry":{"type":"Point","coordinates":[10.1456,106.2987]},"properties":{"Họ và tên":"LÊ THỊ NGỌC HIỀN","Tên Đại Lý":"HỘ KINH DOANH LÊ THỊ NGỌC HIỀN (CỬA HÀNG BẢO VỆ THỰC VẬT SỐ 97)","Địa chỉ đại lý":"Số 636/2, ấp 2, xã Sơn Đông","layer_id":262,"fid":495,"label":"HỘ KINH DOANH LÊ THỊ NGỌC HIỀN (CỬA HÀNG BẢO VỆ THỰC VẬT SỐ 97)"}},{"type":"Feature","id":496,"geometry":{"type":"Point","coordinates":[10.1712,106.2754]},"properties":{"Họ và tên":"LÊ THỊ PHƯƠNG ĐÀO","Tên Đại Lý":"Hộ kinh doanh \nLê Đơn","Địa chỉ đại lý":"Thửa đất số 117, tờ bản đồ số 30, ấp Sơn Lân, xã Sơn Định","layer_id":262,"fid":496,"label":"Hộ kinh doanh \nLê Đơn"}},{"type":"Feature","id":497,"geometry":{"type":"Point","coordinates":[10.1425,106.291]},"properties":{"Họ và tên":"LÊ THỊ THANH NGÂN","Tên Đại Lý":"Hộ kinh doanh Út Lợi","Địa chỉ đại lý":"Số nhà 199, ấp Tân Thuận Trong, xã Tân Phú Tây","layer_id":262,"fid":497,"label":"Hộ kinh doanh Út Lợi"}},{"type":"Feature","id":498,"geometry":{"type":"Point","coordinates":[10.1872,106.3214]},"properties":{"Họ và tên":"LÊ THỊ THU HẰNG","Tên Đại Lý":"Hộ kinh doanh  Nhơn","Địa chỉ đại lý":"số 34, ấp Phú Thành, \nxã Phú Hưng","layer_id":262,"fid":498,"label":"Hộ kinh doanh  Nhơn"}},{"type":"Feature","id":499,"geometry":{"type":"Point","coordinates":[10.2365,106.4711]},"properties":{"Họ và tên":"LÊ THỊ THỦY NGÂN","Tên Đại Lý":"Hộ kinh doanh  Bảo Ngọc GreenFram","Địa chỉ đại lý":"số 406, ấp Bình Đông 2, \nxã Hương Mỹ","layer_id":262,"fid":499,"label":"Hộ kinh doanh  Bảo Ngọc GreenFram"}},{"type":"Feature","id":500,"geometry":{"type":"Point","coordinates":[10.2312,106.4685]},"properties":{"Họ và tên":"LÊ THỊ TIÊN","Tên Đại Lý":"HHộ kinh doanh Lê Thị Tiên","Địa chỉ đại lý":"Số 680/AP, ấp 3 (nay là ấp An Phú), xã An Bình Tây","layer_id":262,"fid":500,"label":"HHộ kinh doanh Lê Thị Tiên"}},{"type":"Feature","id":501,"geometry":{"type":"Point","coordinates":[10.0468,106.5912]},"properties":{"Họ và tên":"LÊ TUẤN HẢI","Tên Đại Lý":"Hộ kinh doanh Lê Tuấn Hải","Địa chỉ đại lý":"số 195/TTH, ấp Tân Thuận, xã Tân Xuân","layer_id":262,"fid":501,"label":"Hộ kinh doanh Lê Tuấn Hải"}},{"type":"Feature","id":502,"geometry":{"type":"Point","coordinates":[10.1512,106.3421]},"properties":{"Họ và tên":"LÊ VĂN BẰNG","Tên Đại Lý":"Hộ kinh doanh \nLê Văn Bằng","Địa chỉ đại lý":"Số 217, ấp Giồng Quéo, xã An Ngãi Tây","layer_id":262,"fid":502,"label":"Hộ kinh doanh \nLê Văn Bằng"}},{"type":"Feature","id":503,"geometry":{"type":"Point","coordinates":[10.1872,106.3214]},"properties":{"Họ và tên":"LÊ VĂN BÚT","Tên Đại Lý":"HỘ KINH DOANH LÊ VĂN BÚT","Địa chỉ đại lý":"Số 106, ấp 3, xã Tam Hiệp","layer_id":262,"fid":503,"label":"HỘ KINH DOANH LÊ VĂN BÚT"}},{"type":"Feature","id":504,"geometry":{"type":"Point","coordinates":[10.0355,106.5872]},"properties":{"Họ và tên":"LÊ VĂN CẦM","Tên Đại Lý":"Hộ kinh doanh Lê Văn Cầm","Địa chỉ đại lý":"Số 181-Tổ 1, ấp An Hòa, xã An Bình Tây","layer_id":262,"fid":504,"label":"Hộ kinh doanh Lê Văn Cầm"}},{"type":"Feature","id":505,"geometry":{"type":"Point","coordinates":[10.1245,106.3112]},"properties":{"Họ và tên":"LÊ VĂN ĐOÀN","Tên Đại Lý":"Hộ hộ kinh doanh Lê Văn Đoàn ","Địa chỉ đại lý":"khu phố 2, thị trấn Mỏ Cày Nam","layer_id":262,"fid":505,"label":"Hộ hộ kinh doanh Lê Văn Đoàn "}},{"type":"Feature","id":506,"geometry":{"type":"Point","coordinates":[10.2458,106.2145]},"properties":{"Họ và tên":"LÊ VĂN DŨNG","Tên Đại Lý":"HỘ KINH DOANH VRC LÊ DŨNG","Địa chỉ đại lý":"Số 352/23, ấp Quân An, xã Long Thới","layer_id":262,"fid":506,"label":"HỘ KINH DOANH VRC LÊ DŨNG"}},{"type":"Feature","id":507,"geometry":{"type":"Point","coordinates":[10.0163,106.6027]},"properties":{"Họ và tên":"LÊ VĂN HẠNH","Tên Đại Lý":"Hộ kinh doanh \nBa Hạnh","Địa chỉ đại lý":"Số 486, Tổ NDTQ số 15, ấp An Thuận, xã Tân Thanh","layer_id":262,"fid":507,"label":"Hộ kinh doanh \nBa Hạnh"}},{"type":"Feature","id":508,"geometry":{"type":"Point","coordinates":[10.0381,106.5624]},"properties":{"Họ và tên":"LÊ VĂN HIỆP","Tên Đại Lý":"HỘ KINH DOANH LÊ VĂN HIỆP","Địa chỉ đại lý":"Số 233, ấp Bình Long, xã Châu Bình","layer_id":262,"fid":508,"label":"HỘ KINH DOANH LÊ VĂN HIỆP"}},{"type":"Feature","id":509,"geometry":{"type":"Point","coordinates":[10.3347,106.2618]},"properties":{"Họ và tên":"LÊ VĂN HÙNG","Tên Đại Lý":"HỘ KINH DOANH LÊ VĂN HÙNG","Địa chỉ đại lý":"Số 282/MTH, ấp Mỹ Thuận, xã Mỹ Thạnh","layer_id":262,"fid":509,"label":"HỘ KINH DOANH LÊ VĂN HÙNG"}},{"type":"Feature","id":510,"geometry":{"type":"Point","coordinates":[10.2215,106.3142]},"properties":{"Họ và tên":"LÊ VĂN LA","Tên Đại Lý":"Hộ kinh doanh VTNN La Phượng ","Địa chỉ đại lý":"khu phố 2, \nthị trấn","layer_id":262,"fid":510,"label":"Hộ kinh doanh VTNN La Phượng "}},{"type":"Feature","id":511,"geometry":{"type":"Point","coordinates":[10.1425,106.291]},"properties":{"Họ và tên":"LÊ VĂN MINH","Tên Đại Lý":"Hộ kinh doanh \nMinh Phượng (Lê Văn Minh)","Địa chỉ đại lý":"Số 373, ấp Phú Thạnh, xã Phú Mỹ","layer_id":262,"fid":511,"label":"Hộ kinh doanh \nMinh Phượng (Lê Văn Minh)"}},{"type":"Feature","id":512,"geometry":{"type":"Point","coordinates":[10.2714,106.3255]},"properties":{"Họ và tên":"LÊ VĂN NAM","Tên Đại Lý":"Hộ kinh doanh\n  Văn Nam","Địa chỉ đại lý":"ấp Thị, xã Hương Mỹ","layer_id":262,"fid":512,"label":"Hộ kinh doanh\n  Văn Nam"}},{"type":"Feature","id":513,"geometry":{"type":"Point","coordinates":[10.0245,106.5821]},"properties":{"Họ và tên":"LÊ VĂN NGHỈ","Tên Đại Lý":"Hộ kinh doanh\n  Tuấn Khang","Địa chỉ đại lý":"ấp 8, xã Hưng Lễ","layer_id":262,"fid":513,"label":"Hộ kinh doanh\n  Tuấn Khang"}},{"type":"Feature","id":514,"geometry":{"type":"Point","coordinates":[10.2154,106.2415]},"properties":{"Họ và tên":"LÊ VĂN NHANH","Tên Đại Lý":"Hộ kinh doanh \nNhanh","Địa chỉ đại lý":"Ấp Quí Đức B (Chợ Quới Điền), xã Quới Điền","layer_id":262,"fid":514,"label":"Hộ kinh doanh \nNhanh"}},{"type":"Feature","id":515,"geometry":{"type":"Point","coordinates":[10.2552,106.3568]},"properties":{"Họ và tên":"LÊ VĂN NHƯỜNG","Tên Đại Lý":"Hộ kinh doanh Lê Văn Nhường","Địa chỉ đại lý":"Số 157/NH, ấp Nhơn Hòa, xã Mỹ Nhơn","layer_id":262,"fid":515,"label":"Hộ kinh doanh Lê Văn Nhường"}},{"type":"Feature","id":516,"geometry":{"type":"Point","coordinates":[10.2785,106.3842]},"properties":{"Họ và tên":"LÊ VĂN NỮ","Tên Đại Lý":"HỘ KINH DOANH LÊ VĂN NỮ","Địa chỉ đại lý":"Số 304/4B, ấp An Lộc Thị, xã An Thạnh","layer_id":262,"fid":516,"label":"HỘ KINH DOANH LÊ VĂN NỮ"}},{"type":"Feature","id":517,"geometry":{"type":"Point","coordinates":[10.3012,106.4154]},"properties":{"Họ và tên":"LÊ VĂN PHÚ","Tên Đại Lý":"Hộ kinh doanh  Lê Phú","Địa chỉ đại lý":"số 257, ấp Thạnh Hưng, xã Tường Đa","layer_id":262,"fid":517,"label":"Hộ kinh doanh  Lê Phú"}},{"type":"Feature","id":518,"geometry":{"type":"Point","coordinates":[10.1512,106.3421]},"properties":{"Họ và tên":"LÊ VĂN QUANG","Tên Đại Lý":"Hộ kinh doanh \nTư Quang","Địa chỉ đại lý":"Số 09, đường Quang Trung, khu phố 05, thị trấn BaTri","layer_id":262,"fid":518,"label":"Hộ kinh doanh \nTư Quang"}},{"type":"Feature","id":519,"geometry":{"type":"Point","coordinates":[10.1872,106.3214]},"properties":{"Họ và tên":"LÊ VĂN TIẾN","Tên Đại Lý":"HỘ KINH DOANH CỬA HÀNG VẬT TƯ NÔNG NGHIỆP THUỲ TIÊN 3","Địa chỉ đại lý":"Số 162, ấp Lập Hiệp, xã Vĩnh Bình","layer_id":262,"fid":519,"label":"HỘ KINH DOANH CỬA HÀNG VẬT TƯ NÔNG NGHIỆP THUỲ TIÊN 3"}},{"type":"Feature","id":520,"geometry":{"type":"Point","coordinates":[10.0355,106.5872]},"properties":{"Họ và tên":"LÊ VĂN TRUNG","Tên Đại Lý":"Hộ kinh doanh LÊ VĂN TRUNG (MƯỜI TRUNG)","Địa chỉ đại lý":"Số 271, ấp Phú Thạnh, xã Phú Túc","layer_id":262,"fid":520,"label":"Hộ kinh doanh LÊ VĂN TRUNG (MƯỜI TRUNG)"}},{"type":"Feature","id":521,"geometry":{"type":"Point","coordinates":[10.1245,106.3112]},"properties":{"Họ và tên":"LỮ THANH NGA","Tên Đại Lý":"Địa điểm kinh doanh Công ty TNHH Thương Mại Sản Xuất Nhật Quang","Địa chỉ đại lý":"Số 265, khu phố Chánh, thị trấn Tiên Thuỷ","layer_id":262,"fid":521,"label":"Địa điểm kinh doanh Công ty TNHH Thương Mại Sản Xuất Nhật Quang"}},{"type":"Feature","id":522,"geometry":{"type":"Point","coordinates":[10.2458,106.2145]},"properties":{"Họ và tên":"LƯƠNG AN LẠC","Tên Đại Lý":"Hộ kinh doanh\n  Hoàng Oanh","Địa chỉ đại lý":"ấp Hòa Khánh, xã Vĩnh Thành","layer_id":262,"fid":522,"label":"Hộ kinh doanh\n  Hoàng Oanh"}},{"type":"Feature","id":523,"geometry":{"type":"Point","coordinates":[10.0163,106.6027]},"properties":{"Họ và tên":"Lương Thái Hòa","Tên Đại Lý":"Hộ kinh doanh  Hoàng Oanh","Địa chỉ đại lý":"ấp 7, xã Châu Bình","layer_id":262,"fid":523,"label":"Hộ kinh doanh  Hoàng Oanh"}},{"type":"Feature","id":524,"geometry":{"type":"Point","coordinates":[10.0381,106.5624]},"properties":{"Họ và tên":"Lương Thị Ngọc Giàu","Tên Đại Lý":"HKD Lương Thị Ngọc Giàu (Hữu Tài)","Địa chỉ đại lý":null,"layer_id":262,"fid":524,"label":"HKD Lương Thị Ngọc Giàu (Hữu Tài)"}},{"type":"Feature","id":525,"geometry":{"type":"Point","coordinates":[10.3347,106.2618]},"properties":{"Họ và tên":"LƯƠNG THỊ THANH TRÚC","Tên Đại Lý":"HỘ KINH DOANH NGỌC THẠCH","Địa chỉ đại lý":"Số 317, ấp Tân Lợi, xã Tân Phú Tây","layer_id":262,"fid":525,"label":"HỘ KINH DOANH NGỌC THẠCH"}},{"type":"Feature","id":526,"geometry":{"type":"Point","coordinates":[10.2215,106.3142]},"properties":{"Họ và tên":"LƯƠNG THỊ TỐ LINH","Tên Đại Lý":"Hộ kinh doanh \nPhước Thịnh","Địa chỉ đại lý":"50G2, ấp Tân Nam, xã Tân Phú","layer_id":262,"fid":526,"label":"Hộ kinh doanh \nPhước Thịnh"}},{"type":"Feature","id":527,"geometry":{"type":"Point","coordinates":[10.1425,106.291]},"properties":{"Họ và tên":"LƯU THỊ BÍCH PHƯỢNG","Tên Đại Lý":"CỬA HÀNG VẬT TƯ NÔNG NGHIỆP TẤN NGHĨA","Địa chỉ đại lý":"Số 220/6B, ấp Quới Lợi, xã Quới Sơn","layer_id":262,"fid":527,"label":"CỬA HÀNG VẬT TƯ NÔNG NGHIỆP TẤN NGHĨA"}},{"type":"Feature","id":528,"geometry":{"type":"Point","coordinates":[10.2714,106.3255]},"properties":{"Họ và tên":"LƯU THỊ THẮM","Tên Đại Lý":"Địa điểm kinh doanh Sơn Định Công ty TNHH DR Durian","Địa chỉ đại lý":"Thửa đất số 454, tờ bản đồ số 09, ấp Sơn Long, xã Sơn Định","layer_id":262,"fid":528,"label":"Địa điểm kinh doanh Sơn Định Công ty TNHH DR Durian"}},{"type":"Feature","id":529,"geometry":{"type":"Point","coordinates":[10.0245,106.5821]},"properties":{"Họ và tên":"LÝ DŨNG KHIÊM","Tên Đại Lý":"HỘ KINH DOANH DŨNG KHIÊM","Địa chỉ đại lý":"Số 74, ấp Tân Đông, xã Tân Phú","layer_id":262,"fid":529,"label":"HỘ KINH DOANH DŨNG KHIÊM"}},{"type":"Feature","id":530,"geometry":{"type":"Point","coordinates":[10.2154,106.2415]},"properties":{"Họ và tên":"MÃ THÀNH ĐÔNG","Tên Đại Lý":"Hộ kinh doanh \nThành Đông","Địa chỉ đại lý":"Thửa đất số 492, tờ bản đồ số 28, ấp Tân An, xã Long Thới","layer_id":262,"fid":530,"label":"Hộ kinh doanh \nThành Đông"}},{"type":"Feature","id":531,"geometry":{"type":"Point","coordinates":[10.2552,106.3568]},"properties":{"Họ và tên":"MÃ THÀNH XUÂN","Tên Đại Lý":"HỘ KINH DOANH THÀNH XUÂN","Địa chỉ đại lý":"Thửa đất số 1236, tờ bản đồ số 04, ấp An Hoà, xã Long Thới","layer_id":262,"fid":531,"label":"HỘ KINH DOANH THÀNH XUÂN"}},{"type":"Feature","id":532,"geometry":{"type":"Point","coordinates":[10.2785,106.3842]},"properties":{"Họ và tên":"MAI THỊ BÍCH TUYỀN","Tên Đại Lý":"Cửa hàng vật tư nông nghiệp Quốc Bảo","Địa chỉ đại lý":"Số 326/1, ấp Thạnh Lộc, xã Thạnh Phong","layer_id":262,"fid":532,"label":"Cửa hàng vật tư nông nghiệp Quốc Bảo"}},{"type":"Feature","id":533,"geometry":{"type":"Point","coordinates":[10.3012,106.4154]},"properties":{"Họ và tên":"NGÔ HOÀNG THÀNH","Tên Đại Lý":"HỘ KINH DOANH THÀNH THUỶ ","Địa chỉ đại lý":"Số 297, ấp Long Thạnh, xã Giao Long","layer_id":262,"fid":533,"label":"HỘ KINH DOANH THÀNH THUỶ "}},{"type":"Feature","id":534,"geometry":{"type":"Point","coordinates":[10.1512,106.3421]},"properties":{"Họ và tên":"NGÔ THANH TÒNG","Tên Đại Lý":"Hộ kinh doanh  Tám Tòng","Địa chỉ đại lý":"257, ấp Tiên Tây Thượng xã Tiên Thủy","layer_id":262,"fid":534,"label":"Hộ kinh doanh  Tám Tòng"}},{"type":"Feature","id":535,"geometry":{"type":"Point","coordinates":[10.1872,106.3214]},"properties":{"Họ và tên":"NGÔ THỊ CƯƠNG","Tên Đại Lý":"Hộ kinh doanh NGÔ THỊ CƯƠNG (KIM CƯƠNG)","Địa chỉ đại lý":"Tổ 7, ấp Phước Lễ, xã Thành Triệu","layer_id":262,"fid":535,"label":"Hộ kinh doanh NGÔ THỊ CƯƠNG (KIM CƯƠNG)"}},{"type":"Feature","id":536,"geometry":{"type":"Point","coordinates":[10.0355,106.5872]},"properties":{"Họ và tên":"NGÔ THỊ THẢO LAM","Tên Đại Lý":"Hộ kinh doanh TÁM SE","Địa chỉ đại lý":"Số 94/63, ấp Long Hiệp, xã Hoà Nghĩa","layer_id":262,"fid":536,"label":"Hộ kinh doanh TÁM SE"}},{"type":"Feature","id":537,"geometry":{"type":"Point","coordinates":[10.1245,106.3112]},"properties":{"Họ và tên":"NGÔ VĂN HIỀN","Tên Đại Lý":"Công ty cổ phần Hiệp Thanh Group","Địa chỉ đại lý":"Thửa đát 571, tờ bản đồ số 4, ấp 2, xã Sơn Phú","layer_id":262,"fid":537,"label":"Công ty cổ phần Hiệp Thanh Group"}},{"type":"Feature","id":538,"geometry":{"type":"Point","coordinates":[10.2458,106.2145]},"properties":{"Họ và tên":"NGÔ VĂN NGHĨA","Tên Đại Lý":"HỘ KINH DOANH NGÔ VĂN NGHĨA (ÚT NGHĨA)","Địa chỉ đại lý":"Số 153/CV, ấp Cầu Vĩ, xã Mỹ Chánh","layer_id":262,"fid":538,"label":"HỘ KINH DOANH NGÔ VĂN NGHĨA (ÚT NGHĨA)"}},{"type":"Feature","id":539,"geometry":{"type":"Point","coordinates":[10.0163,106.6027]},"properties":{"Họ và tên":"NGỤY VĨ DÂN","Tên Đại Lý":"Cửa hàng vật tư nông nghiệp Dân Thịnh","Địa chỉ đại lý":"Số 36A, đường Lê Lợi, phường An Hội (Phường I)","layer_id":262,"fid":539,"label":"Cửa hàng vật tư nông nghiệp Dân Thịnh"}},{"type":"Feature","id":540,"geometry":{"type":"Point","coordinates":[10.0381,106.5624]},"properties":{"Họ và tên":"NGỤY XUÂN ANH","Tên Đại Lý":"CÔNG TY TNHH MTV TIẾN THẠNH PHÁT","Địa chỉ đại lý":"Số 211A, khu phố 3, phường Phú Tân","layer_id":262,"fid":540,"label":"CÔNG TY TNHH MTV TIẾN THẠNH PHÁT"}},{"type":"Feature","id":541,"geometry":{"type":"Point","coordinates":[10.3347,106.2618]},"properties":{"Họ và tên":"NGUYỄN CHÍ HÙNG","Tên Đại Lý":"Hộ kinh doanh VTNN Chí Hùng","Địa chỉ đại lý":"ấp An Định, \nxã Hòa Nghĩa","layer_id":262,"fid":541,"label":"Hộ kinh doanh VTNN Chí Hùng"}},{"type":"Feature","id":542,"geometry":{"type":"Point","coordinates":[10.2215,106.3142]},"properties":{"Họ và tên":"NGUYỄN CHÍ LINH","Tên Đại Lý":"Hợp tác xã dịch vụ nông nghiệp Phú Hưng  'Hộ kinh doanh \nLinh Tâm","Địa chỉ đại lý":"ấp Phú Thành, xã Phú Hưng","layer_id":262,"fid":542,"label":"Hợp tác xã dịch vụ nông nghiệp Phú Hưng  'Hộ kinh doanh \nLinh Tâm"}},{"type":"Feature","id":543,"geometry":{"type":"Point","coordinates":[10.1425,106.291]},"properties":{"Họ và tên":"NGUYỄN CHÍ NGHĨA","Tên Đại Lý":"Hộ kinh doanh \nNguyễn Chí Nghĩa (3 Nghĩa)","Địa chỉ đại lý":"ấp An Thái, xã An Phú Trung","layer_id":262,"fid":543,"label":"Hộ kinh doanh \nNguyễn Chí Nghĩa (3 Nghĩa)"}},{"type":"Feature","id":544,"geometry":{"type":"Point","coordinates":[10.2714,106.3255]},"properties":{"Họ và tên":"NGUYỄN CÔNG CHÁNH","Tên Đại Lý":"Cửa hàng vật tư nông nghiệp Tân Chánh","Địa chỉ đại lý":"Số 221, ấp Xẻo Sâu, xã Lương Phú","layer_id":262,"fid":544,"label":"Cửa hàng vật tư nông nghiệp Tân Chánh"}},{"type":"Feature","id":545,"geometry":{"type":"Point","coordinates":[10.0245,106.5821]},"properties":{"Họ và tên":"NGUYỄN CỘNG HÒA","Tên Đại Lý":"Hộ kinh doanh  Hòa Anh","Địa chỉ đại lý":"ấp Phú Hòa, xã \nPhú Túc","layer_id":262,"fid":545,"label":"Hộ kinh doanh  Hòa Anh"}},{"type":"Feature","id":546,"geometry":{"type":"Point","coordinates":[10.1505,106.3415]},"properties":{"Họ và tên":"NGUYỄN CÔNG LỢI","Tên Đại Lý":"HỘ KINH DOANH MƯỜI LỢI","Địa chỉ đại lý":"Số 027/MH, ấp Mỹ Hoà, xã Mỹ Hoà","layer_id":262,"fid":546,"label":"HỘ KINH DOANH MƯỜI LỢI"}},{"type":"Feature","id":547,"geometry":{"type":"Point","coordinates":[10.1865,106.3208]},"properties":{"Họ và tên":"NGUYỄN CÔNG TIỂNG","Tên Đại Lý":"Hộ kinh doanh \nCông Tiểng","Địa chỉ đại lý":"Ấp An Hoà, xã An Bình Tây","layer_id":262,"fid":547,"label":"Hộ kinh doanh \nCông Tiểng"}},{"type":"Feature","id":548,"geometry":{"type":"Point","coordinates":[10.0348,106.5865]},"properties":{"Họ và tên":"NGUYỄN ĐĂNG KHOA","Tên Đại Lý":"Hộ kinh doanh Cẩm Châu Bến Tre","Địa chỉ đại lý":"Thửa đất số 500, tờ bản đồ số 10, ấp Sơn Lân, xã Sơn Định","layer_id":262,"fid":548,"label":"Hộ kinh doanh Cẩm Châu Bến Tre"}},{"type":"Feature","id":549,"geometry":{"type":"Point","coordinates":[10.1238,106.3105]},"properties":{"Họ và tên":"NGUYỄN ĐỨC ANH","Tên Đại Lý":"Hộ kinh doanh  Phúc Huy","Địa chỉ đại lý":"Số 91/61, Phú Xuân, xã Hưng Khánh Trung A","layer_id":262,"fid":549,"label":"Hộ kinh doanh  Phúc Huy"}},{"type":"Feature","id":550,"geometry":{"type":"Point","coordinates":[10.2451,106.2138]},"properties":{"Họ và tên":"NGUYỄN DUY QUANG","Tên Đại Lý":"Hộ kinh doanh \nBa Nhất","Địa chỉ đại lý":"1575,  ấp Thanh Hoà, xã Thành An","layer_id":262,"fid":550,"label":"Hộ kinh doanh \nBa Nhất"}},{"type":"Feature","id":551,"geometry":{"type":"Point","coordinates":[10.0158,106.6021]},"properties":{"Họ và tên":"NGUYỄN HÀ NAM THẮNG","Tên Đại Lý":"Hộ kinh doanh Nguyễn Trúc","Địa chỉ đại lý":"ấp Phước Tự, xã An Khánh","layer_id":262,"fid":551,"label":"Hộ kinh doanh Nguyễn Trúc"}},{"type":"Feature","id":552,"geometry":{"type":"Point","coordinates":[10.0375,106.5618]},"properties":{"Họ và tên":"NGUYỄN HIẾU THẢO","Tên Đại Lý":"Hộ kinh doanh cửa hàng thuốc bảo vệ thực vật Sáu Hiếu","Địa chỉ đại lý":"Số nhà 134 (căn số 02), ấp Tân Hòa Ngoài, xã Tân Phú Tây","layer_id":262,"fid":552,"label":"Hộ kinh doanh cửa hàng thuốc bảo vệ thực vật Sáu Hiếu"}},{"type":"Feature","id":553,"geometry":{"type":"Point","coordinates":[10.3341,106.2612]},"properties":{"Họ và tên":"NGUYỄN HOÀI PHONG","Tên Đại Lý":"Địa điểm kinh doanh cửa hàng Thái Bình Cửu Long Số 02\n  ","Địa chỉ đại lý":"ấp Tân Bắc, xã Tân Phú","layer_id":262,"fid":553,"label":"Địa điểm kinh doanh cửa hàng Thái Bình Cửu Long Số 02\n  "}},{"type":"Feature","id":554,"geometry":{"type":"Point","coordinates":[10.2211,106.3135]},"properties":{"Họ và tên":"NGUYỄN HOÀI PHONG","Tên Đại Lý":"Hộ kinh doanh An Giang 9","Địa chỉ đại lý":"Tổ NDTQ số 5, ấp Tân Bắc, xã Tân Phú","layer_id":262,"fid":554,"label":"Hộ kinh doanh An Giang 9"}},{"type":"Feature","id":555,"geometry":{"type":"Point","coordinates":[10.1418,106.2905]},"properties":{"Họ và tên":"NGUYỄN HOÀNG","Tên Đại Lý":"Công ty TNHH BM AGRO","Địa chỉ đại lý":"Số 552 E, âp Phú Thành, xã Phú Hưng","layer_id":262,"fid":555,"label":"Công ty TNHH BM AGRO"}},{"type":"Feature","id":556,"geometry":{"type":"Point","coordinates":[10.2708,106.3248]},"properties":{"Họ và tên":"NGUYỄN HOÀNG ANH","Tên Đại Lý":"HỘ KINH DOANH NGUYỄN HOÀNG ANH","Địa chỉ đại lý":"Tổ NDTQ số 16, ấp Phú Thạnh, xã Phú Thuận","layer_id":262,"fid":556,"label":"HỘ KINH DOANH NGUYỄN HOÀNG ANH"}},{"type":"Feature","id":557,"geometry":{"type":"Point","coordinates":[10.0238,106.5815]},"properties":{"Họ và tên":"NGUYỄN HOÀNG HÀO","Tên Đại Lý":"Địa điểm kinh doanh Công ty CP - TM - XNK TUYÊN MINH","Địa chỉ đại lý":"ấp Tân Huề Đông, xã Tân Thạch","layer_id":262,"fid":557,"label":"Địa điểm kinh doanh Công ty CP - TM - XNK TUYÊN MINH"}},{"type":"Feature","id":558,"geometry":{"type":"Point","coordinates":[10.2148,106.2408]},"properties":{"Họ và tên":"NGUYỄN HOÀNG MINH","Tên Đại Lý":"Hộ kinh doanh \nMinh Hoàng","Địa chỉ đại lý":"Số 30, Tỉnh lộ 885 (nay là Tỉnh lộ 57C), đường Quang Trung, khu phố 1, thị trấn Ba Tri","layer_id":262,"fid":558,"label":"Hộ kinh doanh \nMinh Hoàng"}},{"type":"Feature","id":559,"geometry":{"type":"Point","coordinates":[10.2545,106.3562]},"properties":{"Họ và tên":"NGUYỄN HOÀNG NHÂN","Tên Đại Lý":"HỘ KINH DOANH NGUYỄN HOÀNG NHÂN","Địa chỉ đại lý":"Số 06, ấp Tân Quới Tây B, xã Minh Đức","layer_id":262,"fid":559,"label":"HỘ KINH DOANH NGUYỄN HOÀNG NHÂN"}},{"type":"Feature","id":560,"geometry":{"type":"Point","coordinates":[10.2778,106.3835]},"properties":{"Họ và tên":"NGUYỄN HOÀNG NHÂN","Tên Đại Lý":"HỘ KINH DOANH NGUYỄN HOÀNG NHÂN","Địa chỉ đại lý":"Thửa đất số 381, tờ bản đồ số 12, ấp Tân Trung, xã Hưng Khánh Trung B","layer_id":262,"fid":560,"label":"HỘ KINH DOANH NGUYỄN HOÀNG NHÂN"}},{"type":"Feature","id":561,"geometry":{"type":"Point","coordinates":[10.3005,106.4148]},"properties":{"Họ và tên":"NGUYỄN HOÀNG OANH","Tên Đại Lý":"HỘ KINH DOANH WELOFARM SIÊU THỊ CÂY GIỐNG","Địa chỉ đại lý":"Thửa đất số 6, tờ bản đồ số 34, ấp Tân An, xã Long Thới","layer_id":262,"fid":561,"label":"HỘ KINH DOANH WELOFARM SIÊU THỊ CÂY GIỐNG"}},{"type":"Feature","id":562,"geometry":{"type":"Point","coordinates":[10.1505,106.3415]},"properties":{"Họ và tên":"NGUYỄN HỒNG NGHIỆP","Tên Đại Lý":"Hộ kinh doanh Phát Đạt","Địa chỉ đại lý":"ấp Phú Trạch 1,\n xã Cẩm Cẩm Sơn","layer_id":262,"fid":562,"label":"Hộ kinh doanh Phát Đạt"}},{"type":"Feature","id":563,"geometry":{"type":"Point","coordinates":[10.1865,106.3208]},"properties":{"Họ và tên":"NGUYỄN HỒNG PHÚC","Tên Đại Lý":"Hộ kinh doanh  Nguyễn Hồng Phúc","Địa chỉ đại lý":"ấp Tân Hưng, \nxã Châu Hưng","layer_id":262,"fid":563,"label":"Hộ kinh doanh  Nguyễn Hồng Phúc"}},{"type":"Feature","id":564,"geometry":{"type":"Point","coordinates":[10.0348,106.5865]},"properties":{"Họ và tên":"NGUYỄN HỮU CHÂU","Tên Đại Lý":"HỘ KINH DOANH ĐỒNG XANH","Địa chỉ đại lý":"Thửa đất số 149, tờ bản đồ số 17, ấp Vĩnh Nam, xã Vĩnh Thành","layer_id":262,"fid":564,"label":"HỘ KINH DOANH ĐỒNG XANH"}},{"type":"Feature","id":565,"geometry":{"type":"Point","coordinates":[10.1238,106.3105]},"properties":{"Họ và tên":"NGUYỄN HỮU DUY","Tên Đại Lý":"Hộ kinh doanh \nHữu Duy 2","Địa chỉ đại lý":"Thửa đất số 696, tờ bản đồ số 11, ấp Long Huê, xã Long Thới","layer_id":262,"fid":565,"label":"Hộ kinh doanh \nHữu Duy 2"}},{"type":"Feature","id":566,"geometry":{"type":"Point","coordinates":[10.2451,106.2138]},"properties":{"Họ và tên":"NGUYỄN HỮU VINH","Tên Đại Lý":"Hộ kinh doanh \nNguyễn Hữu Vinh","Địa chỉ đại lý":"357/46, ấp Phú Hòa, xã Hưng Khánh Trung B","layer_id":262,"fid":566,"label":"Hộ kinh doanh \nNguyễn Hữu Vinh"}},{"type":"Feature","id":567,"geometry":{"type":"Point","coordinates":[10.0158,106.6021]},"properties":{"Họ và tên":"NGUYỄN HUỲNH HỒNG THẢO","Tên Đại Lý":"Hộ kinh doanh \nHồng Thái","Địa chỉ đại lý":"Số nhà 643, tổ 1, ấp Phú Long, xã Phú Đức","layer_id":262,"fid":567,"label":"Hộ kinh doanh \nHồng Thái"}},{"type":"Feature","id":568,"geometry":{"type":"Point","coordinates":[10.0375,106.5618]},"properties":{"Họ và tên":"NGUYỄN KIM THỦ","Tên Đại Lý":"Hộ kinh doanh \nHạnh","Địa chỉ đại lý":"Số 741/AP, ấp An Phú, xã An Bình Tây","layer_id":262,"fid":568,"label":"Hộ kinh doanh \nHạnh"}},{"type":"Feature","id":569,"geometry":{"type":"Point","coordinates":[10.3341,106.2612]},"properties":{"Họ và tên":"NGUYỄN LÊ TẤN PHÁT","Tên Đại Lý":"Hộ kinh doanh \nChí Thiện","Địa chỉ đại lý":"Số nhà 316, ấp Phú Hòa, xã Châu Hòa","layer_id":262,"fid":569,"label":"Hộ kinh doanh \nChí Thiện"}},{"type":"Feature","id":570,"geometry":{"type":"Point","coordinates":[10.2211,106.3135]},"properties":{"Họ và tên":"NGUYỄN MINH ĐẠO","Tên Đại Lý":"Hộ kinh doanh  Sáu Đạo","Địa chỉ đại lý":"Số 161, ấp Tân Thuận, xã Nhuận Phú Tân","layer_id":262,"fid":570,"label":"Hộ kinh doanh  Sáu Đạo"}},{"type":"Feature","id":571,"geometry":{"type":"Point","coordinates":[10.1418,106.2905]},"properties":{"Họ và tên":"NGUYỄN MINH KHÁNH","Tên Đại Lý":"Hộ kinh doanh \nHai Tâm","Địa chỉ đại lý":"Tổ NDTQ số 4, ấp Hoà Long, xã Giao Long","layer_id":262,"fid":571,"label":"Hộ kinh doanh \nHai Tâm"}},{"type":"Feature","id":572,"geometry":{"type":"Point","coordinates":[10.2708,106.3248]},"properties":{"Họ và tên":"NGUYỄN MINH LÂM","Tên Đại Lý":"HỢP TÁC XÃ NÔNG NGHIỆP VĨNH BÌNH","Địa chỉ đại lý":"Thửa đất số 23, tờ bản đồ số 30, ấp Lộc Hiệp, xã Vĩnh Bình","layer_id":262,"fid":572,"label":"HỢP TÁC XÃ NÔNG NGHIỆP VĨNH BÌNH"}},{"type":"Feature","id":573,"geometry":{"type":"Point","coordinates":[10.0238,106.5815]},"properties":{"Họ và tên":"NGUYỄN MINH NHẠN","Tên Đại Lý":"Hộ kinh doanh VTNN Nguyễn Minh Nhạn","Địa chỉ đại lý":"ấp Thới Hòa, \nxã Châu Hòa","layer_id":262,"fid":573,"label":"Hộ kinh doanh VTNN Nguyễn Minh Nhạn"}},{"type":"Feature","id":574,"geometry":{"type":"Point","coordinates":[10.2148,106.2408]},"properties":{"Họ và tên":"NGUYỄN MINH PHỤNG","Tên Đại Lý":"Cửa hàng vật tư nông nghiệp Cẩm Tiên 02 (5 Dợt).","Địa chỉ đại lý":"Thửa đất số 81, tờ bản đồ số 05, ấp Trung Hiệp","layer_id":262,"fid":574,"label":"Cửa hàng vật tư nông nghiệp Cẩm Tiên 02 (5 Dợt)."}},{"type":"Feature","id":575,"geometry":{"type":"Point","coordinates":[10.2545,106.3562]},"properties":{"Họ và tên":"NGUYỄN MINH PHỤNG","Tên Đại Lý":"HỘ KINH DOANH NGUYỄN MINH PHỤNG","Địa chỉ đại lý":"Thửa đất 260, tờ bản đồ số 03, ấp 2 xã Phú Nhuận","layer_id":262,"fid":575,"label":"HỘ KINH DOANH NGUYỄN MINH PHỤNG"}},{"type":"Feature","id":576,"geometry":{"type":"Point","coordinates":[10.2778,106.3835]},"properties":{"Họ và tên":"NGUYỄN MINH TIẾN","Tên Đại Lý":"Hộ kinh doanh vật tư nông nghiệp DR TOP 3","Địa chỉ đại lý":"Tổ NDTQ số 3 - ấp Tân Bắc, xã Tân Phú","layer_id":262,"fid":576,"label":"Hộ kinh doanh vật tư nông nghiệp DR TOP 3"}},{"type":"Feature","id":577,"geometry":{"type":"Point","coordinates":[10.3005,106.4148]},"properties":{"Họ và tên":"NGUYỄN MINH TRÍ","Tên Đại Lý":"Hộ kinh doanh Minh Trí","Địa chỉ đại lý":"ấp Kinh Trong, \nxã Bình Hòa","layer_id":262,"fid":577,"label":"Hộ kinh doanh Minh Trí"}},{"type":"Feature","id":578,"geometry":{"type":"Point","coordinates":[10.1505,106.3415]},"properties":{"Họ và tên":"NGUYỄN MINH TRUNG","Tên Đại Lý":"Hộ kinh doanh \nMinh Khôi","Địa chỉ đại lý":"Số 380/23 ấp Quân An, xã Long Thới","layer_id":262,"fid":578,"label":"Hộ kinh doanh \nMinh Khôi"}},{"type":"Feature","id":579,"geometry":{"type":"Point","coordinates":[10.1865,106.3208]},"properties":{"Họ và tên":"NGUYỄN MINH TRƯỜNG","Tên Đại Lý":"HỘ KINH DOANH BVTV TRƯỜNG THỊNH","Địa chỉ đại lý":"Thửa đất số 438, tờ bản đồ số 11, ấp Long Hiệp, xã Hoà Nghĩa","layer_id":262,"fid":579,"label":"HỘ KINH DOANH BVTV TRƯỜNG THỊNH"}},{"type":"Feature","id":580,"geometry":{"type":"Point","coordinates":[10.0348,106.5865]},"properties":{"Họ và tên":"NGUYỄN NGỌC ĐAN THANH","Tên Đại Lý":"CỬA HÀNG VẬT TƯ NÔNG NGHIỆP CƯỜNG THANH","Địa chỉ đại lý":"Số 580/63, ấp Long Hiệp, xã Hoà Nghĩa","layer_id":262,"fid":580,"label":"CỬA HÀNG VẬT TƯ NÔNG NGHIỆP CƯỜNG THANH"}},{"type":"Feature","id":581,"geometry":{"type":"Point","coordinates":[10.1238,106.3105]},"properties":{"Họ và tên":"NGUYỄN NGỌC LAN","Tên Đại Lý":"Hộ kinh doanh  số 181","Địa chỉ đại lý":"159/4, ấp 4, xã\nSơn Đông","layer_id":262,"fid":581,"label":"Hộ kinh doanh  số 181"}},{"type":"Feature","id":582,"geometry":{"type":"Point","coordinates":[10.2451,106.2138]},"properties":{"Họ và tên":"NGUYỄN NGỌC MAI","Tên Đại Lý":"Hộ kinh doanh  Hữu Duy","Địa chỉ đại lý":"ấp Long Huê,\n xã Long Thới","layer_id":262,"fid":582,"label":"Hộ kinh doanh  Hữu Duy"}},{"type":"Feature","id":583,"geometry":{"type":"Point","coordinates":[10.0158,106.6021]},"properties":{"Họ và tên":"NGUYỄN NGỌC PHƯỚC","Tên Đại Lý":"HỘ KINH DOANH NGUYỄN NGỌC PHƯỚC (DUY TÂN)","Địa chỉ đại lý":"Số 171, ấp Phong Phú, xã Phong Nẫm","layer_id":262,"fid":583,"label":"HỘ KINH DOANH NGUYỄN NGỌC PHƯỚC (DUY TÂN)"}},{"type":"Feature","id":584,"geometry":{"type":"Point","coordinates":[10.0375,106.5618]},"properties":{"Họ và tên":"NGUYỄN NGỌC PHƯƠNG","Tên Đại Lý":"CÔNG TY TNHH TRẦN THỊ NGOAN - CHI NHÁNH 07","Địa chỉ đại lý":"Thửa đất số 686, tờ bản đồ số 9, ấp Tân Lộc, xã Tân Hội","layer_id":262,"fid":584,"label":"CÔNG TY TNHH TRẦN THỊ NGOAN - CHI NHÁNH 07"}},{"type":"Feature","id":585,"geometry":{"type":"Point","coordinates":[10.3341,106.2612]},"properties":{"Họ và tên":"NGUYỄN NGỌC THẨM","Tên Đại Lý":"Hộ kinh doanh  Nguyễn Ngọc Thẩm","Địa chỉ đại lý":"ấp Phú Ngãi,\n xã Phú An Hòa","layer_id":262,"fid":585,"label":"Hộ kinh doanh  Nguyễn Ngọc Thẩm"}},{"type":"Feature","id":587,"geometry":{"type":"Point","coordinates":[10.1418,106.2905]},"properties":{"Họ và tên":"NGUYỄN NHẬT THÀNH ","Tên Đại Lý":"Hộ kinh doanh\n  Lành","Địa chỉ đại lý":"ấp Sân Banh, \nxã Thới Lai","layer_id":262,"fid":587,"label":"Hộ kinh doanh\n  Lành"}},{"type":"Feature","id":588,"geometry":{"type":"Point","coordinates":[10.2708,106.3248]},"properties":{"Họ và tên":"NGUYỄN NHỰT HÙNG","Tên Đại Lý":"Hộ kinh doanh \nHùng Tiệp","Địa chỉ đại lý":"Số 361, ấp Đồng Nhơn, xã Lương Quới","layer_id":262,"fid":588,"label":"Hộ kinh doanh \nHùng Tiệp"}},{"type":"Feature","id":589,"geometry":{"type":"Point","coordinates":[10.0238,106.5815]},"properties":{"Họ và tên":"NGUYỄN NHỰT MINH","Tên Đại Lý":"HỘ KINH DOANH NGUYỄN NHỰT MINH","Địa chỉ đại lý":"Số 361, ấp Đồng Nhơn, xã Lương Quới","layer_id":262,"fid":589,"label":"HỘ KINH DOANH NGUYỄN NHỰT MINH"}},{"type":"Feature","id":590,"geometry":{"type":"Point","coordinates":[10.2148,106.2408]},"properties":{"Họ và tên":"NGUYỄN PHI TUẤN","Tên Đại Lý":"Hộ kinh doanh VTNN Gia Bảo","Địa chỉ đại lý":"ấp Thới Lộc, \nxã Sơn Định","layer_id":262,"fid":590,"label":"Hộ kinh doanh VTNN Gia Bảo"}},{"type":"Feature","id":591,"geometry":{"type":"Point","coordinates":[10.2545,106.3562]},"properties":{"Họ và tên":"NGUYỄN PHÚ CƯỜNG","Tên Đại Lý":"HỘ KINH DOANH NGUYỄN PHÚ CƯỜNG ","Địa chỉ đại lý":"Tổ NDTQ số 11, ấp Phú Hưng, xã Phú Thuận","layer_id":262,"fid":591,"label":"HỘ KINH DOANH NGUYỄN PHÚ CƯỜNG "}},{"type":"Feature","id":592,"geometry":{"type":"Point","coordinates":[10.2778,106.3835]},"properties":{"Họ và tên":"NGUYỄN PHÚ THẠNH","Tên Đại Lý":"Hộ kinh doanh \nTrọng Tuyến","Địa chỉ đại lý":"Số 332/01, ấp Chợ, xã Phú Phụng","layer_id":262,"fid":592,"label":"Hộ kinh doanh \nTrọng Tuyến"}},{"type":"Feature","id":612,"geometry":{"type":"Point","coordinates":[10.1418,106.2905]},"properties":{"Họ và tên":"NGUYỄN THANH TRÚC","Tên Đại Lý":"Hộ kinh doanh \nNguyễn Thanh Trúc","Địa chỉ đại lý":"264/1, ấp Thạnh Lợi, xã Thạnh Hải","layer_id":262,"fid":612,"label":"Hộ kinh doanh \nNguyễn Thanh Trúc"}},{"type":"Feature","id":593,"geometry":{"type":"Point","coordinates":[10.3005,106.4148]},"properties":{"Họ và tên":"NGUYỄN QUANG KHẢI","Tên Đại Lý":"HỘ KINH NGUYỄN QUANG KHẢI (TUẤN KHẢI)","Địa chỉ đại lý":"Thửa đất số 126, tờ bản đồ số 08, ấp Phú Long, xã Hưng Khánh Trung B","layer_id":262,"fid":593,"label":"HỘ KINH NGUYỄN QUANG KHẢI (TUẤN KHẢI)"}},{"type":"Feature","id":594,"geometry":{"type":"Point","coordinates":[10.1512,106.3421]},"properties":{"Họ và tên":"NGUYỄN QUỐC CHƯƠNG","Tên Đại Lý":"Hộ kinh doanh  Đóc tờ Chương","Địa chỉ đại lý":"Số 504/55, ấp Lân Đông, xã Phú Sơn","layer_id":262,"fid":594,"label":"Hộ kinh doanh  Đóc tờ Chương"}},{"type":"Feature","id":595,"geometry":{"type":"Point","coordinates":[10.1872,106.3214]},"properties":{"Họ và tên":"NGUYỄN QUỐC DŨNG ","Tên Đại Lý":"HỢP TÁC XÃ NÔNG NGHIỆP BÌNH PHÚ","Địa chỉ đại lý":"ấp Mỹ Đức, xã Bình Phú","layer_id":262,"fid":595,"label":"HỢP TÁC XÃ NÔNG NGHIỆP BÌNH PHÚ"}},{"type":"Feature","id":596,"geometry":{"type":"Point","coordinates":[10.1418,106.2905]},"properties":{"Họ và tên":"NGUYỄN QUỐC THANH ","Tên Đại Lý":"Hộ kinh doanh Quốc Thanh","Địa chỉ đại lý":"ấp Phú Tây, \nxã An Định","layer_id":262,"fid":596,"label":"Hộ kinh doanh Quốc Thanh"}},{"type":"Feature","id":597,"geometry":{"type":"Point","coordinates":[10.2708,106.3248]},"properties":{"Họ và tên":"NGUYỄN QUỐC VIỆT","Tên Đại Lý":"Hộ kinh doanh\n Ba Việt","Địa chỉ đại lý":"ấp Kinh Cũ, \nxã Phong Nẫm","layer_id":262,"fid":597,"label":"Hộ kinh doanh\n Ba Việt"}},{"type":"Feature","id":598,"geometry":{"type":"Point","coordinates":[10.0238,106.5815]},"properties":{"Họ và tên":"NGUYỄN SƠN TRƯỜNG","Tên Đại Lý":"HỘ KINH DOANH NGUYỄN SƠN TRƯỜNG (SƠN TRƯỜNG) ","Địa chỉ đại lý":"Tổ NDTQ số 10, ấp 3, xã Tam Hiệp","layer_id":262,"fid":598,"label":"HỘ KINH DOANH NGUYỄN SƠN TRƯỜNG (SƠN TRƯỜNG) "}},{"type":"Feature","id":599,"geometry":{"type":"Point","coordinates":[10.2148,106.2408]},"properties":{"Họ và tên":"NGUYỄN TẤN ĐẠT","Tên Đại Lý":"CỬA HÀNG VẬT TƯ NÔNG NGHIỆP BÌNH THẠNH","Địa chỉ đại lý":"Số 222, ấp Bình Thạnh, xã Bình Phú","layer_id":262,"fid":599,"label":"CỬA HÀNG VẬT TƯ NÔNG NGHIỆP BÌNH THẠNH"}},{"type":"Feature","id":600,"geometry":{"type":"Point","coordinates":[10.2545,106.3562]},"properties":{"Họ và tên":"NGUYỄN TẤN ĐƯỢC","Tên Đại Lý":"Hộ kinh doanh VRC LÊ DŨNG","Địa chỉ đại lý":"Thửa đất số 108, tờ bản đồ số 26, ấp Quân An, xã Long Thới","layer_id":262,"fid":600,"label":"Hộ kinh doanh VRC LÊ DŨNG"}},{"type":"Feature","id":601,"geometry":{"type":"Point","coordinates":[10.2778,106.3835]},"properties":{"Họ và tên":"NGUYỄN TẤN ĐƯỢC","Tên Đại Lý":"HỘ KINH DOANH TẤN ĐƯỢC","Địa chỉ đại lý":"Số 282/82, ấp Vĩnh Phú, xã Vĩnh Thành","layer_id":262,"fid":601,"label":"HỘ KINH DOANH TẤN ĐƯỢC"}},{"type":"Feature","id":602,"geometry":{"type":"Point","coordinates":[10.3005,106.4148]},"properties":{"Họ và tên":"NGUYỄN TẤN THUẬN","Tên Đại Lý":"CÔNG TY TNHH TM NÔNG DƯỢC TẤN THUẬN","Địa chỉ đại lý":"Số 173/24, ấp An Thạnh, xã Long Thới","layer_id":262,"fid":602,"label":"CÔNG TY TNHH TM NÔNG DƯỢC TẤN THUẬN"}},{"type":"Feature","id":603,"geometry":{"type":"Point","coordinates":[10.1505,106.3415]},"properties":{"Họ và tên":"NGUYỄN TẤN THUẬN","Tên Đại Lý":"HỘ KINH DOANH TẤN THUẬN","Địa chỉ đại lý":"Thửa đất số 165, tờ bản đồ số 21, tổ 13, ấp An Trạch Tây, xã Thành Thới B","layer_id":262,"fid":603,"label":"HỘ KINH DOANH TẤN THUẬN"}},{"type":"Feature","id":604,"geometry":{"type":"Point","coordinates":[10.1865,106.3208]},"properties":{"Họ và tên":"NGUYỄN THÁI BÌNH","Tên Đại Lý":" ĐỊA ĐIỂM KINH DOANH CỬA HÀNG THÁI BÌNH CỬU LONG SỐ 15 – CÔNG TY TNHH MTV THÁI BÌNH CỬU LONG","Địa chỉ đại lý":"Thửa đất số 550, tờ bản đồ số 21, ấp Phú Long, xã Phú Đức","layer_id":262,"fid":604,"label":" ĐỊA ĐIỂM KINH DOANH CỬA HÀNG THÁI BÌNH CỬU LONG SỐ 15 – CÔNG TY TNHH MTV THÁI BÌNH CỬU LONG"}},{"type":"Feature","id":605,"geometry":{"type":"Point","coordinates":[10.0348,106.5865]},"properties":{"Họ và tên":"NGUYỄN THANH GIANG","Tên Đại Lý":"Cửa hàng vật tư nông nghiệp Phú Hưng Thịnh","Địa chỉ đại lý":"Số 59A, tổ NDTQ số 12, ấp Long Thạnh, xã Giao Long","layer_id":262,"fid":605,"label":"Cửa hàng vật tư nông nghiệp Phú Hưng Thịnh"}},{"type":"Feature","id":606,"geometry":{"type":"Point","coordinates":[10.1238,106.3105]},"properties":{"Họ và tên":"NGUYỄN THÀNH HUYỀN","Tên Đại Lý":"Hộ kinh doanh\nÚt Ngò 3","Địa chỉ đại lý":"ấp Tân Bắc, xã Tân Phú","layer_id":262,"fid":606,"label":"Hộ kinh doanh\nÚt Ngò 3"}},{"type":"Feature","id":607,"geometry":{"type":"Point","coordinates":[10.2451,106.2138]},"properties":{"Họ và tên":"NGUYỄN THANH LONG","Tên Đại Lý":"Hộ kinh doanh  Thanh Long","Địa chỉ đại lý":"ấp 6, xã An Thủy","layer_id":262,"fid":607,"label":"Hộ kinh doanh  Thanh Long"}},{"type":"Feature","id":608,"geometry":{"type":"Point","coordinates":[10.0158,106.6021]},"properties":{"Họ và tên":"NGUYỄN THÀNH NAM","Tên Đại Lý":"HỘ KINH DOANH TÁM HUỀ","Địa chỉ đại lý":"Số 03, ấp Bình Đông A, xã Châu Bình","layer_id":262,"fid":608,"label":"HỘ KINH DOANH TÁM HUỀ"}},{"type":"Feature","id":609,"geometry":{"type":"Point","coordinates":[10.0375,106.5618]},"properties":{"Họ và tên":"NGUYỄN THÀNH PHONG","Tên Đại Lý":"Hộ kinh doanh  Nguyễn  Phong","Địa chỉ đại lý":"ấp Vĩnh Chính, xã\nVĩnh Thành","layer_id":262,"fid":609,"label":"Hộ kinh doanh  Nguyễn  Phong"}},{"type":"Feature","id":610,"geometry":{"type":"Point","coordinates":[10.3341,106.2612]},"properties":{"Họ và tên":"NGUYỄN THANH TÂM","Tên Đại Lý":"HỘ KINH DOANH NGUYỄN THANH TÂM","Địa chỉ đại lý":"Số 401/5, ấp Lộc Hiệp, xã Vĩnh Bình","layer_id":262,"fid":610,"label":"HỘ KINH DOANH NGUYỄN THANH TÂM"}},{"type":"Feature","id":611,"geometry":{"type":"Point","coordinates":[10.2211,106.3135]},"properties":{"Họ và tên":"Nguyễn Thành Tâm","Tên Đại Lý":"HKD Cửa hàng VTNN Phúc Huy 2","Địa chỉ đại lý":null,"layer_id":262,"fid":611,"label":"HKD Cửa hàng VTNN Phúc Huy 2"}},{"type":"Feature","id":613,"geometry":{"type":"Point","coordinates":[10.2708,106.3248]},"properties":{"Họ và tên":"NGUYỄN THANH TÙNG","Tên Đại Lý":"HỘ KINH DOANH BVTV THANH TÙNG","Địa chỉ đại lý":"Số 137/14B, khu phố 2, thị trấn Chợ Lách","layer_id":262,"fid":613,"label":"HỘ KINH DOANH BVTV THANH TÙNG"}},{"type":"Feature","id":614,"geometry":{"type":"Point","coordinates":[10.0238,106.5815]},"properties":{"Họ và tên":"NGUYỄN THỊ CẨM TIÊN","Tên Đại Lý":"Hộ kinh doanh  Cẩm Tiên","Địa chỉ đại lý":"ấp Vĩnh Phú, \nxã Vĩnh Thành","layer_id":262,"fid":614,"label":"Hộ kinh doanh  Cẩm Tiên"}},{"type":"Feature","id":615,"geometry":{"type":"Point","coordinates":[10.2148,106.2408]},"properties":{"Họ và tên":"NGUYỄN THỊ CẨM VÂN","Tên Đại Lý":"Hộ kinh doanh  Út Ngò","Địa chỉ đại lý":"ấp Tân Đông, \nxã Tân Phú","layer_id":262,"fid":615,"label":"Hộ kinh doanh  Út Ngò"}},{"type":"Feature","id":616,"geometry":{"type":"Point","coordinates":[10.2545,106.3562]},"properties":{"Họ và tên":"NGUYỄN THỊ DIỆU","Tên Đại Lý":"Hộ kinh doanh  Quốc Thanh","Địa chỉ đại lý":"ấp Phú Tây, \nxã An Định","layer_id":262,"fid":616,"label":"Hộ kinh doanh  Quốc Thanh"}},{"type":"Feature","id":617,"geometry":{"type":"Point","coordinates":[10.2778,106.3835]},"properties":{"Họ và tên":"NGUYỄN THỊ ĐIỂU","Tên Đại Lý":"Hộ kinh doanh \nAnh Mười","Địa chỉ đại lý":"Tổ 28, khu phố Chánh, thị trấn Tiên Thủy","layer_id":262,"fid":617,"label":"Hộ kinh doanh \nAnh Mười"}},{"type":"Feature","id":618,"geometry":{"type":"Point","coordinates":[10.3005,106.4148]},"properties":{"Họ và tên":"NGUYỄN THỊ HỒNG CHÂN","Tên Đại Lý":"HỘ KINH DOANH NGUYỄN THỊ HỒNG CHÂN (BẢY MẾN)","Địa chỉ đại lý":"Số 57/41, ấp Phú Long, xã Hưng Khánh Trung B","layer_id":262,"fid":618,"label":"HỘ KINH DOANH NGUYỄN THỊ HỒNG CHÂN (BẢY MẾN)"}},{"type":"Feature","id":619,"geometry":{"type":"Point","coordinates":[10.1505,106.3415]},"properties":{"Họ và tên":"NGUYỄN THỊ HỒNG HIẾU","Tên Đại Lý":"Hộ kinh doanh  Công Lợi","Địa chỉ đại lý":"0275 3858 318","layer_id":262,"fid":619,"label":"Hộ kinh doanh  Công Lợi"}},{"type":"Feature","id":620,"geometry":{"type":"Point","coordinates":[10.1865,106.3208]},"properties":{"Họ và tên":"NGUYỄN THỊ HỒNG PHƯƠNG","Tên Đại Lý":"Hộ kinh doanh  Hai Lữ","Địa chỉ đại lý":"22/1, ấp Thạnh Khương B, xã Mỹ Hưng","layer_id":262,"fid":620,"label":"Hộ kinh doanh  Hai Lữ"}},{"type":"Feature","id":621,"geometry":{"type":"Point","coordinates":[10.0348,106.5865]},"properties":{"Họ và tên":"NGUYỄN THỊ HUỆ CHI","Tên Đại Lý":"Hộ kinh doanh \nChí Tài","Địa chỉ đại lý":"Thửa đất số 362, ấp Thanh Điền, xã Hưng Khánh Trung A","layer_id":262,"fid":621,"label":"Hộ kinh doanh \nChí Tài"}},{"type":"Feature","id":622,"geometry":{"type":"Point","coordinates":[10.1238,106.3105]},"properties":{"Họ và tên":"NGUYỄN THỊ HƯƠNG THẢO","Tên Đại Lý":"Hộ kinh doanh VTNN Tấn Thuận 3","Địa chỉ đại lý":"ấp Tân Phú, \nxã Sơn Định","layer_id":262,"fid":622,"label":"Hộ kinh doanh VTNN Tấn Thuận 3"}},{"type":"Feature","id":623,"geometry":{"type":"Point","coordinates":[10.2451,106.2138]},"properties":{"Họ và tên":"NGUYỄN THỊ HUYỀN TRÂN","Tên Đại Lý":"Hộ kinh doanh\n  Huyền Trân","Địa chỉ đại lý":"ấp Tân Nam, xã Tân Phú","layer_id":262,"fid":623,"label":"Hộ kinh doanh\n  Huyền Trân"}},{"type":"Feature","id":624,"geometry":{"type":"Point","coordinates":[10.0158,106.6021]},"properties":{"Họ và tên":"NGUYỄN THỊ HUỲNH TIỀN","Tên Đại Lý":"HỘ KINH DOANH HUỲNH TIỀN","Địa chỉ đại lý":"Thửa đất 698, tờ bản đồ số 17, ấp Phú Xuân, xã Phú Đức","layer_id":262,"fid":624,"label":"HỘ KINH DOANH HUỲNH TIỀN"}},{"type":"Feature","id":642,"geometry":{"type":"Point","coordinates":[10.3341,106.2612]},"properties":{"Họ và tên":"NGUYỄN THỊ THANH","Tên Đại Lý":"Hộ kinh doanh \nQuới Thanh","Địa chỉ đại lý":"khu phố 2, \nthị trấn Chợ Lách","layer_id":262,"fid":642,"label":"Hộ kinh doanh \nQuới Thanh"}},{"type":"Feature","id":625,"geometry":{"type":"Point","coordinates":[10.0375,106.5618]},"properties":{"Họ và tên":"NGUYỄN THỊ KIỀU DUYÊN","Tên Đại Lý":"Cửa hàng vật tư nông nghiệp Phú Thịnh ","Địa chỉ đại lý":"Tổ 10B, ấp Chợ, xã Phú Phụng","layer_id":262,"fid":625,"label":"Cửa hàng vật tư nông nghiệp Phú Thịnh "}},{"type":"Feature","id":626,"geometry":{"type":"Point","coordinates":[10.3341,106.2612]},"properties":{"Họ và tên":"NGUYỄN THỊ KIM HUYỀN","Tên Đại Lý":"HỘ KINH DOANH CỬA HÀNG PHÂN BÓN, THUỐC BẢO VỆ THỰC VẬT KIM HUYỀN","Địa chỉ đại lý":"Số 261D, ấp 3, xã Nhơn Thạnh","layer_id":262,"fid":626,"label":"HỘ KINH DOANH CỬA HÀNG PHÂN BÓN, THUỐC BẢO VỆ THỰC VẬT KIM HUYỀN"}},{"type":"Feature","id":627,"geometry":{"type":"Point","coordinates":[10.2211,106.3135]},"properties":{"Họ và tên":"NGUYỄN THỊ KIM LOAN","Tên Đại Lý":"HỘ KINH DOANH DƯƠNG HUÂN TUẤN","Địa chỉ đại lý":"Số 92B, đường Công Lý, khu phố 2, thị trấn Mỏ Cày","layer_id":262,"fid":627,"label":"HỘ KINH DOANH DƯƠNG HUÂN TUẤN"}},{"type":"Feature","id":628,"geometry":{"type":"Point","coordinates":[10.1418,106.2905]},"properties":{"Họ và tên":"NGUYỄN THỊ KIM THẮM","Tên Đại Lý":"Hộ kinh doanh\n  Tấn Lực","Địa chỉ đại lý":"ấp Chợ Mới, xã Thạnh Ngãi","layer_id":262,"fid":628,"label":"Hộ kinh doanh\n  Tấn Lực"}},{"type":"Feature","id":629,"geometry":{"type":"Point","coordinates":[10.2708,106.3248]},"properties":{"Họ và tên":"NGUYỄN THỊ KIM THI","Tên Đại Lý":"Hộ kinh doanh  Út Hậu","Địa chỉ đại lý":"ấp Phú Thạnh, xã\n Phước Ngãi","layer_id":262,"fid":629,"label":"Hộ kinh doanh  Út Hậu"}},{"type":"Feature","id":630,"geometry":{"type":"Point","coordinates":[10.0238,106.5815]},"properties":{"Họ và tên":"NGUYỄN THỊ KIM THOA","Tên Đại Lý":"Địa điểm kinh doanh cửa hàng Thái Bình Cửu Long 06 – Công ty TNHH MTV Thái Bình Cửu Long","Địa chỉ đại lý":"Thửa số 51, tờ bản đồ số 22, ấp 3, xã Phú Túc","layer_id":262,"fid":630,"label":"Địa điểm kinh doanh cửa hàng Thái Bình Cửu Long 06 – Công ty TNHH MTV Thái Bình Cửu Long"}},{"type":"Feature","id":631,"geometry":{"type":"Point","coordinates":[10.2148,106.2408]},"properties":{"Họ và tên":"NGUYỄN THỊ KIM THUỶ","Tên Đại Lý":"Hộ kinh doanh \nKim Thuỷ","Địa chỉ đại lý":"Thửa đất số 267, tờ bản đồ số 02, ấp Tân Lễ 1, xã Tân Trung","layer_id":262,"fid":631,"label":"Hộ kinh doanh \nKim Thuỷ"}},{"type":"Feature","id":632,"geometry":{"type":"Point","coordinates":[10.2545,106.3562]},"properties":{"Họ và tên":"NGUYỄN THỊ KIM TUYẾN","Tên Đại Lý":"Hộ kinh doanh  Hai BOL 2","Địa chỉ đại lý":"ấp 2, xã Lương Phú","layer_id":262,"fid":632,"label":"Hộ kinh doanh  Hai BOL 2"}},{"type":"Feature","id":633,"geometry":{"type":"Point","coordinates":[10.2778,106.3835]},"properties":{"Họ và tên":"NGUYỄN THỊ KIM VY","Tên Đại Lý":"HỘ KINH DOANH HẢI VY","Địa chỉ đại lý":"Số 328/92, ấp Vĩnh Nam, xã Vĩnh Thành","layer_id":262,"fid":633,"label":"HỘ KINH DOANH HẢI VY"}},{"type":"Feature","id":634,"geometry":{"type":"Point","coordinates":[10.3005,106.4148]},"properties":{"Họ và tên":"NGUYỄN THỊ MƯỜI","Tên Đại Lý":"HỘ KINH DOANH NGUYỄN THỊ MƯỜI (10 HỪNG)","Địa chỉ đại lý":"Số 249, ấp Tiên Đông Thượng, thị trấn Tiên Thuỷ","layer_id":262,"fid":634,"label":"HỘ KINH DOANH NGUYỄN THỊ MƯỜI (10 HỪNG)"}},{"type":"Feature","id":635,"geometry":{"type":"Point","coordinates":[10.1505,106.3415]},"properties":{"Họ và tên":"NGUYỄN THỊ MỸ LỆ","Tên Đại Lý":"HỘ KINH DOANH NGUYỄN THỊ MỸ LỆ (ÚT NGUYÊN)","Địa chỉ đại lý":"Số 198/42, ấp Phú Hưng, xã Hưng Khánh Trung B","layer_id":262,"fid":635,"label":"HỘ KINH DOANH NGUYỄN THỊ MỸ LỆ (ÚT NGUYÊN)"}},{"type":"Feature","id":636,"geometry":{"type":"Point","coordinates":[10.1865,106.3208]},"properties":{"Họ và tên":"NGUYỄN THỊ NGỌC DUNG","Tên Đại Lý":"HỘ KINH DOANH NGUYỄN THỊ NGỌC DUNG (ÚT QUÂN)","Địa chỉ đại lý":"Số 192, ấp Bình Tiên 2, xã Bình Hoà","layer_id":262,"fid":636,"label":"HỘ KINH DOANH NGUYỄN THỊ NGỌC DUNG (ÚT QUÂN)"}},{"type":"Feature","id":637,"geometry":{"type":"Point","coordinates":[10.0348,106.5865]},"properties":{"Họ và tên":"NGUYỄN THỊ NGỌC HÂN ","Tên Đại Lý":"Hộ kinh doanh\n Ngọc Hân","Địa chỉ đại lý":"ấp Ao Vuông, xã Phú Long","layer_id":262,"fid":637,"label":"Hộ kinh doanh\n Ngọc Hân"}},{"type":"Feature","id":638,"geometry":{"type":"Point","coordinates":[10.1238,106.3105]},"properties":{"Họ và tên":"NGUYỄN THỊ NGUYỆT","Tên Đại Lý":"Hộ kinh doanh \nKhôi Nguyên","Địa chỉ đại lý":"Thửa đất số 516, tờ bản đồ số 30, ấp Bình An B","layer_id":262,"fid":638,"label":"Hộ kinh doanh \nKhôi Nguyên"}},{"type":"Feature","id":639,"geometry":{"type":"Point","coordinates":[10.2451,106.2138]},"properties":{"Họ và tên":"NGUYỄN THỊ NHẪN","Tên Đại Lý":"Hộ kinh doanh Nguyễn Thị Nhẫn","Địa chỉ đại lý":"Số 28/1A, khu phố 1, thị trấn Bình Đại","layer_id":262,"fid":639,"label":"Hộ kinh doanh Nguyễn Thị Nhẫn"}},{"type":"Feature","id":640,"geometry":{"type":"Point","coordinates":[10.0158,106.6021]},"properties":{"Họ và tên":"NGUYỄN THỊ RÔ LY","Tên Đại Lý":"Hộ kinh doanh \nRô Ly","Địa chỉ đại lý":"Ấp Giồng Giữa, xã Nhuận Phú Tân","layer_id":262,"fid":640,"label":"Hộ kinh doanh \nRô Ly"}},{"type":"Feature","id":641,"geometry":{"type":"Point","coordinates":[10.0375,106.5618]},"properties":{"Họ và tên":"NGUYỄN THỊ RỒNG","Tên Đại Lý":"HỘ KINH DOANH NĂM NGÀNH-CHI NHÁNH THÀNH TRIỆU","Địa chỉ đại lý":"Thửa đất số 1477, tờ bản đồ số 1, Ấp Chợ, xã Thành Triệu","layer_id":262,"fid":641,"label":"HỘ KINH DOANH NĂM NGÀNH-CHI NHÁNH THÀNH TRIỆU"}},{"type":"Feature","id":644,"geometry":{"type":"Point","coordinates":[10.1418,106.2905]},"properties":{"Họ và tên":"NGUYỄN THỊ THANH THẢO","Tên Đại Lý":"ĐỊA ĐIỂM KINH DOANH CÔNG TY TNHH – MTV PHÂN BÓN TUYÊN PHONG","Địa chỉ đại lý":"Quốc lộ 60, thửa đất 32, tờ bản đồ số 15, ấp An Mỹ, xã An Khánh","layer_id":262,"fid":644,"label":"ĐỊA ĐIỂM KINH DOANH CÔNG TY TNHH – MTV PHÂN BÓN TUYÊN PHONG"}},{"type":"Feature","id":645,"geometry":{"type":"Point","coordinates":[10.1255,106.551]},"properties":{"Họ và tên":"NGUYỄN THỊ THI ","Tên Đại Lý":"Hộ kinh doanh  Thi","Địa chỉ đại lý":"ấp Giồng Lớn, \nxã Nhuận Phú Tân","layer_id":262,"fid":645,"label":"Hộ kinh doanh  Thi"}},{"type":"Feature","id":646,"geometry":{"type":"Point","coordinates":[10.0128,106.601]},"properties":{"Họ và tên":"NGUYỄN THỊ THU HƯƠNG","Tên Đại Lý":"Trung tâm dịch vụ kỹ thuật nông nghiệp LINACO","Địa chỉ đại lý":"Tờ bản đồ số 09, ấp Sơn Long, xã Sơn  Định","layer_id":262,"fid":646,"label":"Trung tâm dịch vụ kỹ thuật nông nghiệp LINACO"}},{"type":"Feature","id":647,"geometry":{"type":"Point","coordinates":[10.2312,106.4702]},"properties":{"Họ và tên":"NGUYỄN THỊ THU THẢO","Tên Đại Lý":"Hộ kinh doanh \nThịn Phát","Địa chỉ đại lý":"Số 100 D1, ấp Hàm Luông, xã Tân Phú","layer_id":262,"fid":647,"label":"Hộ kinh doanh \nThịn Phát"}},{"type":"Feature","id":648,"geometry":{"type":"Point","coordinates":[10.2302,106.4675]},"properties":{"Họ và tên":"NGUYỄN THỊ THUÝ LY","Tên Đại Lý":"HỘ KINH DOANH TÂN ĐIỀN","Địa chỉ đại lý":"Thửa đất số 17, tờ bản đồ số 34, ấp An Thạnh, Xã Long Thới","layer_id":262,"fid":648,"label":"HỘ KINH DOANH TÂN ĐIỀN"}},{"type":"Feature","id":649,"geometry":{"type":"Point","coordinates":[10.0462,106.5905]},"properties":{"Họ và tên":"NGUYỄN THỊ THUỲ TRANG","Tên Đại Lý":"Hộ kinh doanh \nPhú Hưng Thịnh","Địa chỉ đại lý":"ấp An Hoà, xã An Thạnh","layer_id":262,"fid":649,"label":"Hộ kinh doanh \nPhú Hưng Thịnh"}},{"type":"Feature","id":650,"geometry":{"type":"Point","coordinates":[10.252,106.3521]},"properties":{"Họ và tên":"NGUYỄN THỊ TIẾN","Tên Đại Lý":"Hộ kinh doanh Nguyễn Thị Tiến","Địa chỉ đại lý":"Số 033/PT, ấp 1 (nay là ấp Phú Thạnh), xã Phú Lễ","layer_id":262,"fid":650,"label":"Hộ kinh doanh Nguyễn Thị Tiến"}},{"type":"Feature","id":651,"geometry":{"type":"Point","coordinates":[10.1255,106.315]},"properties":{"Họ và tên":"NGUYỄN THỊ YẾN LINH","Tên Đại Lý":"Hộ kinh doanh cửa hàng VTNN Yến Linh","Địa chỉ đại lý":"ấp Bình Phú, xã Thạnh Trị","layer_id":262,"fid":651,"label":"Hộ kinh doanh cửa hàng VTNN Yến Linh"}},{"type":"Feature","id":652,"geometry":{"type":"Point","coordinates":[10.2572,106.1812]},"properties":{"Họ và tên":"NGUYỄN THỊ YẾN OANH","Tên Đại Lý":"HỘ KINH DOANH NGUYỄN THỊ YẾN OANH (OANH NGUYỄN)","Địa chỉ đại lý":"Số 217/10A, khu phố 1, thị trấn Chợ Lách","layer_id":262,"fid":652,"label":"HỘ KINH DOANH NGUYỄN THỊ YẾN OANH (OANH NGUYỄN)"}},{"type":"Feature","id":653,"geometry":{"type":"Point","coordinates":[10.2332,106.2615]},"properties":{"Họ và tên":"NGUYỄN TÍCH THIỆN","Tên Đại Lý":"HỘ KINH DOANH THIỆN","Địa chỉ đại lý":"Thửa đất số 47, tờ bản đồ số 10, ấp Giồng Quéo, xã An Ngãi Tây","layer_id":262,"fid":653,"label":"HỘ KINH DOANH THIỆN"}},{"type":"Feature","id":654,"geometry":{"type":"Point","coordinates":[10.3338,106.261]},"properties":{"Họ và tên":"NGUYỄN TIẾN SĨ","Tên Đại Lý":"Hộ kinh doanh \nSĩ  Ngoan","Địa chỉ đại lý":"339/7, ấp Phú Đa, xã Vĩnh Bình","layer_id":262,"fid":654,"label":"Hộ kinh doanh \nSĩ  Ngoan"}},{"type":"Feature","id":655,"geometry":{"type":"Point","coordinates":[10.0372,106.5615]},"properties":{"Họ và tên":"NGUYỄN TỐNG KIỆT ","Tên Đại Lý":"Hộ kinh doanh  Tống Kiệt","Địa chỉ đại lý":"ấp Tiên Hưng,\n xã Tiên Long","layer_id":262,"fid":655,"label":"Hộ kinh doanh  Tống Kiệt"}},{"type":"Feature","id":656,"geometry":{"type":"Point","coordinates":[10.334,106.2608]},"properties":{"Họ và tên":"NGUYỄN TRI PHƯƠNG","Tên Đại Lý":"Hộ kinh doanh \nPhương Thảo","Địa chỉ đại lý":"ấp Đại An, \nxã Hòa Nghĩa","layer_id":262,"fid":656,"label":"Hộ kinh doanh \nPhương Thảo"}},{"type":"Feature","id":657,"geometry":{"type":"Point","coordinates":[10.2208,106.3132]},"properties":{"Họ và tên":"NGUYỄN TRỌNG HỨA","Tên Đại Lý":"Hộ kinh doanh  Năm Ngành","Địa chỉ đại lý":"ấp Phú Khương, \nxã Phú Túc","layer_id":262,"fid":657,"label":"Hộ kinh doanh  Năm Ngành"}},{"type":"Feature","id":658,"geometry":{"type":"Point","coordinates":[10.1415,106.2902]},"properties":{"Họ và tên":"NGUYỄN TRÚC BÌNH","Tên Đại Lý":"Hộ kinh doanh vật tư nông nghiệp Phúc 2 ","Địa chỉ đại lý":"Số nhà 249, tổ 10, ấp Phú Mỹ, xã Phú Túc","layer_id":262,"fid":658,"label":"Hộ kinh doanh vật tư nông nghiệp Phúc 2 "}},{"type":"Feature","id":659,"geometry":{"type":"Point","coordinates":[10.2705,106.3245]},"properties":{"Họ và tên":"Nguyễn Trúc Quỳnh","Tên Đại Lý":"HKD Nguyễn Quỳnh","Địa chỉ đại lý":null,"layer_id":262,"fid":659,"label":"HKD Nguyễn Quỳnh"}},{"type":"Feature","id":660,"geometry":{"type":"Point","coordinates":[10.0235,106.5812]},"properties":{"Họ và tên":"NGUYỄN TRUNG MINH","Tên Đại Lý":"Hộ kinh doanh \nHai Tâm","Địa chỉ đại lý":"Tổ 11, ấp Long Phú, xã Long Định","layer_id":262,"fid":660,"label":"Hộ kinh doanh \nHai Tâm"}},{"type":"Feature","id":661,"geometry":{"type":"Point","coordinates":[10.2145,106.2405]},"properties":{"Họ và tên":"NGUYỄN TRUNG THIỆN","Tên Đại Lý":"Địa điểm kinh doanh cửa hàng Thái Bình Cửu Long số 05 - Công ty TNHH MTV Thái Bình Cửu Long ","Địa chỉ đại lý":"Thửa đất số 386, tờ bản đồ số 11, ấp Long Hiệp, xã Hoà Nghĩa","layer_id":262,"fid":661,"label":"Địa điểm kinh doanh cửa hàng Thái Bình Cửu Long số 05 - Công ty TNHH MTV Thái Bình Cửu Long "}},{"type":"Feature","id":662,"geometry":{"type":"Point","coordinates":[10.2542,106.356]},"properties":{"Họ và tên":"NGUYỄN TRUNG TÍNH","Tên Đại Lý":"Hộ kinh doanh  Tính Hằng","Địa chỉ đại lý":"ấp Phú Điền, \nxã Thuận Điền","layer_id":262,"fid":662,"label":"Hộ kinh doanh  Tính Hằng"}},{"type":"Feature","id":663,"geometry":{"type":"Point","coordinates":[10.2775,106.3832]},"properties":{"Họ và tên":"NGUYỄN TRƯỜNG AN","Tên Đại Lý":"Hộ kinh doanh  Tường Vân","Địa chỉ đại lý":"ấp Tân Phong, xã \nThành Thới A","layer_id":262,"fid":663,"label":"Hộ kinh doanh  Tường Vân"}},{"type":"Feature","id":664,"geometry":{"type":"Point","coordinates":[10.3002,106.4145]},"properties":{"Họ và tên":"NGUYỄN TRƯỜNG SƠN","Tên Đại Lý":"HỘ KINH DOANH XUÂN DIỆU","Địa chỉ đại lý":"Tổ NDTQ số 11, ấp Long Quới, xã Long Định","layer_id":262,"fid":664,"label":"HỘ KINH DOANH XUÂN DIỆU"}},{"type":"Feature","id":665,"geometry":{"type":"Point","coordinates":[10.1502,106.3412]},"properties":{"Họ và tên":"NGUYỄN TUẤN ANH","Tên Đại Lý":"Địa điểm kinh doanh Công ty TNHH XNK Phúc Thành Khang 09","Địa chỉ đại lý":"ấp Sơn Lân, xã Sơn Định","layer_id":262,"fid":665,"label":"Địa điểm kinh doanh Công ty TNHH XNK Phúc Thành Khang 09"}},{"type":"Feature","id":666,"geometry":{"type":"Point","coordinates":[10.1862,106.3205]},"properties":{"Họ và tên":"NGUYỄN TUẤN KHẢI","Tên Đại Lý":"Hộ kinh doanh\nTuấn Khải  ","Địa chỉ đại lý":"ấp Quân Bình, \nxã Tân Thiềng","layer_id":262,"fid":666,"label":"Hộ kinh doanh\nTuấn Khải  "}},{"type":"Feature","id":667,"geometry":{"type":"Point","coordinates":[10.0345,106.5862]},"properties":{"Họ và tên":"NGUYỄN VĂN BẢY","Tên Đại Lý":"Hợp tác bưởi da xanh Giồng Trôm","Địa chỉ đại lý":"ấp Đồng Nhơn, xã Lương Quới","layer_id":262,"fid":667,"label":"Hợp tác bưởi da xanh Giồng Trôm"}},{"type":"Feature","id":668,"geometry":{"type":"Point","coordinates":[10.1235,106.3102]},"properties":{"Họ và tên":"NGUYỄN VĂN BÉ HAI","Tên Đại Lý":"Hộ kinh doanh Đào","Địa chỉ đại lý":"Tổ 5, ấp Tân Đông, xã Tân Phú","layer_id":262,"fid":668,"label":"Hộ kinh doanh Đào"}},{"type":"Feature","id":669,"geometry":{"type":"Point","coordinates":[10.2448,106.2135]},"properties":{"Họ và tên":"NGUYỄN VĂN BỰC","Tên Đại Lý":"Cửa hàng VTNN Hai Bực\n","Địa chỉ đại lý":"Số 110/XM, âp Xóm Mới, xã Mỹ Hoà","layer_id":262,"fid":669,"label":"Cửa hàng VTNN Hai Bực\n"}},{"type":"Feature","id":670,"geometry":{"type":"Point","coordinates":[10.0155,106.6018]},"properties":{"Họ và tên":"NGUYỄN VĂN CHỦ","Tên Đại Lý":"Hộ kinh doanh \nÚt Đề","Địa chỉ đại lý":"Số 2001, ấp An Vĩnh 2, xã Đa Phước Hội","layer_id":262,"fid":670,"label":"Hộ kinh doanh \nÚt Đề"}},{"type":"Feature","id":671,"geometry":{"type":"Point","coordinates":[10.0372,106.5615]},"properties":{"Họ và tên":"NGUYỄN VĂN CỎN","Tên Đại Lý":"Hộ kinh doanh \nBảy Cỏn","Địa chỉ đại lý":"Số 156/TT, ấp Tân Thị, xã Tân Xuân","layer_id":262,"fid":671,"label":"Hộ kinh doanh \nBảy Cỏn"}},{"type":"Feature","id":672,"geometry":{"type":"Point","coordinates":[10.3338,106.261]},"properties":{"Họ và tên":"NGUYỄN VĂN CƯNG","Tên Đại Lý":"Hộ kinh doanh \n6 Cưng","Địa chỉ đại lý":"Tổ NDTQ số 12, ấp Hữu Thành, xã Hữu Định","layer_id":262,"fid":672,"label":"Hộ kinh doanh \n6 Cưng"}},{"type":"Feature","id":673,"geometry":{"type":"Point","coordinates":[10.2208,106.3132]},"properties":{"Họ và tên":"NGUYỄN VĂN ĐỜ RO","Tên Đại Lý":"Hộ kinh doanh \nNguyễn Văn Đờ Ro","Địa chỉ đại lý":"Số 17, ấp Tích Phúc, xã Khánh Thạnh Tân","layer_id":262,"fid":673,"label":"Hộ kinh doanh \nNguyễn Văn Đờ Ro"}},{"type":"Feature","id":674,"geometry":{"type":"Point","coordinates":[10.1415,106.2902]},"properties":{"Họ và tên":"NGUYỄN VĂN DỦ","Tên Đại Lý":"Hộ kinh doanh  Nguyễn Văn Dủ","Địa chỉ đại lý":"365, ấp Vinh Xương, xã Vang Quới Đông","layer_id":262,"fid":674,"label":"Hộ kinh doanh  Nguyễn Văn Dủ"}},{"type":"Feature","id":675,"geometry":{"type":"Point","coordinates":[10.2705,106.3245]},"properties":{"Họ và tên":"NGUYỄN VĂN ĐỨC","Tên Đại Lý":"Hộ kinh doanh  Ngọc Trinh","Địa chỉ đại lý":"số 165 B, ấp Phú Xuân, xã Phú Túc","layer_id":262,"fid":675,"label":"Hộ kinh doanh  Ngọc Trinh"}},{"type":"Feature","id":676,"geometry":{"type":"Point","coordinates":[10.0235,106.5812]},"properties":{"Họ và tên":"NGUYỄN VĂN ĐỨC","Tên Đại Lý":"Hộ kinh doanh NGUYỄN VĂN ĐỨC","Địa chỉ đại lý":"Số 125, ấp Giồng Lớn, xã Nhuận Phú Tân","layer_id":262,"fid":676,"label":"Hộ kinh doanh NGUYỄN VĂN ĐỨC"}},{"type":"Feature","id":677,"geometry":{"type":"Point","coordinates":[10.2145,106.2405]},"properties":{"Họ và tên":"NGUYỄN VĂN DŨNG","Tên Đại Lý":"Hộ kinh doanh  Tiến Hưng","Địa chỉ đại lý":"251 C/7, ấp An Thạnh, xã An Khánh","layer_id":262,"fid":677,"label":"Hộ kinh doanh  Tiến Hưng"}},{"type":"Feature","id":678,"geometry":{"type":"Point","coordinates":[10.2542,106.356]},"properties":{"Họ và tên":"NGUYỄN VĂN DUY","Tên Đại Lý":"Hộ kinh doanh \nBVTV Thanh Duy","Địa chỉ đại lý":"Thửa đất số 326, tờ bản đổ số 11, ấp Long Huê, xã Long Thới","layer_id":262,"fid":678,"label":"Hộ kinh doanh \nBVTV Thanh Duy"}},{"type":"Feature","id":679,"geometry":{"type":"Point","coordinates":[10.2775,106.3832]},"properties":{"Họ và tên":"NGUYỄN VĂN HAI","Tên Đại Lý":"Hộ kinh doanh\n  Hai Hương","Địa chỉ đại lý":"ấp Tân Trung, xã Hưng Khánh Trung B","layer_id":262,"fid":679,"label":"Hộ kinh doanh\n  Hai Hương"}},{"type":"Feature","id":680,"geometry":{"type":"Point","coordinates":[10.3002,106.4145]},"properties":{"Họ và tên":"NGUYỄN VĂN HẢI ","Tên Đại Lý":"Hộ kinh doanh Thuý Hải","Địa chỉ đại lý":"ấp Thanh Trung, xã Hưng Khánh Trung B","layer_id":262,"fid":680,"label":"Hộ kinh doanh Thuý Hải"}},{"type":"Feature","id":681,"geometry":{"type":"Point","coordinates":[10.1502,106.3412]},"properties":{"Họ và tên":"NGUYỄN VĂN HÀO","Tên Đại Lý":"Hộ kinh doanh \nNguyễn Văn Hào","Địa chỉ đại lý":"Tổ 66, ấp Đại Định (ấp 4) , xã Hữu Định","layer_id":262,"fid":681,"label":"Hộ kinh doanh \nNguyễn Văn Hào"}},{"type":"Feature","id":682,"geometry":{"type":"Point","coordinates":[10.1862,106.3205]},"properties":{"Họ và tên":"NGUYỄN VĂN HÂY","Tên Đại Lý":"HỘ KINH DOANH ĐẠI LÝ PHÂN THUỐC NGUYỄN VĂN HÂY","Địa chỉ đại lý":"Số 164/ML, Ấp Mỹ Lợi, xã Mỹ Thạnh","layer_id":262,"fid":682,"label":"HỘ KINH DOANH ĐẠI LÝ PHÂN THUỐC NGUYỄN VĂN HÂY"}},{"type":"Feature","id":683,"geometry":{"type":"Point","coordinates":[10.0345,106.5862]},"properties":{"Họ và tên":"NGUYỄN VĂN HẾT","Tên Đại Lý":"Doanh nghiệp tư nhân Mỹ Nhơn","Địa chỉ đại lý":"Số 238, ấp 2, xã Mỹ Nhơn","layer_id":262,"fid":683,"label":"Doanh nghiệp tư nhân Mỹ Nhơn"}},{"type":"Feature","id":684,"geometry":{"type":"Point","coordinates":[10.1235,106.3102]},"properties":{"Họ và tên":"NGUYỄN VĂN HOẢNH","Tên Đại Lý":"Hộ kinh doanh \nTám Hoảnh","Địa chỉ đại lý":"Số 13A, tổ NDTQ số 11, KP3, thị trấn Giồng Trôm","layer_id":262,"fid":684,"label":"Hộ kinh doanh \nTám Hoảnh"}},{"type":"Feature","id":685,"geometry":{"type":"Point","coordinates":[10.2448,106.2135]},"properties":{"Họ và tên":"NGUYỄN VĂN HUY","Tên Đại Lý":"Hộ kinh doanh Nguyễn Văn Huy","Địa chỉ đại lý":"Số 128, ấp 1 (nay là ấp Phú Điền), xã Thuận Điền","layer_id":262,"fid":685,"label":"Hộ kinh doanh Nguyễn Văn Huy"}},{"type":"Feature","id":686,"geometry":{"type":"Point","coordinates":[10.0155,106.6018]},"properties":{"Họ và tên":"NGUYỄN VĂN KIỆT","Tên Đại Lý":"Hộ kinh doanh Nguyễn Văn Kiệt","Địa chỉ đại lý":"Số 454/NP, ấp Nhơn Phú, xã Mỹ Nhơn","layer_id":262,"fid":686,"label":"Hộ kinh doanh Nguyễn Văn Kiệt"}},{"type":"Feature","id":687,"geometry":{"type":"Point","coordinates":[10.0372,106.5615]},"properties":{"Họ và tên":"NGUYỄN VĂN LÀO","Tên Đại Lý":"HỘ KINH DOANH NGUYỄN VĂN LÀO","Địa chỉ đại lý":"Số 45B/3, ấp 3, xã Sơn Đông","layer_id":262,"fid":687,"label":"HỘ KINH DOANH NGUYỄN VĂN LÀO"}},{"type":"Feature","id":688,"geometry":{"type":"Point","coordinates":[10.3338,106.261]},"properties":{"Họ và tên":"NGUYỄN VĂN LẠT","Tên Đại Lý":"Hộ kinh doanh Út Lạt","Địa chỉ đại lý":"Số 16/3, ấp Quí An, xã Hoà Lợi","layer_id":262,"fid":688,"label":"Hộ kinh doanh Út Lạt"}},{"type":"Feature","id":689,"geometry":{"type":"Point","coordinates":[10.2208,106.3132]},"properties":{"Họ và tên":"NGUYỄN VĂN LƯỢNG","Tên Đại Lý":"Hộ kinh doanh  Tư Lượng","Địa chỉ đại lý":"ấp Tân Nam,\n xã Tân Phú","layer_id":262,"fid":689,"label":"Hộ kinh doanh  Tư Lượng"}},{"type":"Feature","id":690,"geometry":{"type":"Point","coordinates":[10.1415,106.2902]},"properties":{"Họ và tên":"NGUYỄN VĂN MINH","Tên Đại Lý":"Hộ kinh doanh Út Ngò III","Địa chỉ đại lý":"Tổ 6B, ấp Phú Mỹ, xã Phú Túc","layer_id":262,"fid":690,"label":"Hộ kinh doanh Út Ngò III"}},{"type":"Feature","id":691,"geometry":{"type":"Point","coordinates":[10.2705,106.3245]},"properties":{"Họ và tên":"NGUYỄN VĂN NĂM","Tên Đại Lý":"Hộ kinh doanh  Năm Luyền","Địa chỉ đại lý":"ấp Thiện Lương,\n xã Tân Thiềng","layer_id":262,"fid":691,"label":"Hộ kinh doanh  Năm Luyền"}},{"type":"Feature","id":692,"geometry":{"type":"Point","coordinates":[10.0235,106.5812]},"properties":{"Họ và tên":"NGUYỄN VĂN NHƠN ","Tên Đại Lý":"Hộ kinh doanh Minh Đăng I ","Địa chỉ đại lý":"ấp Bình An A,\n thị trấn Chợ Lách","layer_id":262,"fid":692,"label":"Hộ kinh doanh Minh Đăng I "}},{"type":"Feature","id":693,"geometry":{"type":"Point","coordinates":[10.2145,106.2405]},"properties":{"Họ và tên":"NGUYỄN VĂN SÁU","Tên Đại Lý":"HỘ KINH DOANH VTNN MỸ DUNG","Địa chỉ đại lý":"Số 14/2 Hùng Vương, phường An Hội","layer_id":262,"fid":693,"label":"HỘ KINH DOANH VTNN MỸ DUNG"}},{"type":"Feature","id":694,"geometry":{"type":"Point","coordinates":[10.2542,106.356]},"properties":{"Họ và tên":"NGUYỄN VĂN THAN","Tên Đại Lý":"Hộ kinh doanh Ngọc Xoàn","Địa chỉ đại lý":"Số 121/2, ấp Giao Hòa A, xã Giao Thạnh","layer_id":262,"fid":694,"label":"Hộ kinh doanh Ngọc Xoàn"}},{"type":"Feature","id":695,"geometry":{"type":"Point","coordinates":[10.1582,106.321]},"properties":{"Họ và tên":"NGUYỄN VĂN THANH","Tên Đại Lý":"Hộ kinh doanh cửa hàng thuốc bảo vệ thực vật Mười Phót","Địa chỉ đại lý":"Số 214/BB, ấp Bến Bàu, xã Mỹ Chánh","layer_id":262,"fid":695,"label":"Hộ kinh doanh cửa hàng thuốc bảo vệ thực vật Mười Phót"}},{"type":"Feature","id":696,"geometry":{"type":"Point","coordinates":[10.1412,106.2892]},"properties":{"Họ và tên":"NGUYỄN VĂN TIÊN","Tên Đại Lý":"Cửa hàng vật tư nông nghiệp Tiên","Địa chỉ đại lý":"Số 48, ấp Ông Cốm, xã Thạnh Ngãi","layer_id":262,"fid":696,"label":"Cửa hàng vật tư nông nghiệp Tiên"}},{"type":"Feature","id":697,"geometry":{"type":"Point","coordinates":[10.1862,106.3195]},"properties":{"Họ và tên":"NGUYỄN VĂN TRUNG","Tên Đại Lý":"Hộ kinh doanh \nNguyễn Trung","Địa chỉ đại lý":"Số 478/29, ấp Vĩnh Hưng I, xã Vĩnh Thành","layer_id":262,"fid":697,"label":"Hộ kinh doanh \nNguyễn Trung"}},{"type":"Feature","id":698,"geometry":{"type":"Point","coordinates":[10.171,106.2742]},"properties":{"Họ và tên":"NGUYỄN VĂN TRUYỀN","Tên Đại Lý":"HỘ KINH DOANH NGUYỄN VĂN TRUYỀN (NĂM TRUYỀN)","Địa chỉ đại lý":"Số 308/46, ấp Tân Nhơn, xã Hưng Khánh Trung A","layer_id":262,"fid":698,"label":"HỘ KINH DOANH NGUYỄN VĂN TRUYỀN (NĂM TRUYỀN)"}},{"type":"Feature","id":699,"geometry":{"type":"Point","coordinates":[10.158,106.2502]},"properties":{"Họ và tên":"NGUYỄN VĂN TUẤN","Tên Đại Lý":"HỘ KINH DOANH TUẤN KHẢI","Địa chỉ đại lý":"Số 327/34, ấp Bình Tây, xã Vĩnh Thành","layer_id":262,"fid":699,"label":"HỘ KINH DOANH TUẤN KHẢI"}},{"type":"Feature","id":700,"geometry":{"type":"Point","coordinates":[10.145,106.2975]},"properties":{"Họ và tên":"NGUYỄN VĂN TUẤN EM","Tên Đại Lý":"Hộ kinh doanh  Tuấn Linh","Địa chỉ đại lý":"ấp 4 , xã Sơn Phú","layer_id":262,"fid":700,"label":"Hộ kinh doanh  Tuấn Linh"}},{"type":"Feature","id":701,"geometry":{"type":"Point","coordinates":[10.1865,106.3202]},"properties":{"Họ và tên":"NGUYỄN VĂN ÚT","Tên Đại Lý":"Hộ kinh doanh  Nguyễn Văn Út","Địa chỉ đại lý":"ấp Phúc Hiệp, \nxã Phú Sơn","layer_id":262,"fid":701,"label":"Hộ kinh doanh  Nguyễn Văn Út"}},{"type":"Feature","id":702,"geometry":{"type":"Point","coordinates":[10.1115,106.5235]},"properties":{"Họ và tên":"NGUYỄN VĂN YẾN","Tên Đại Lý":"Hộ kinh doanh \nNguyễn Văn Yến","Địa chỉ đại lý":"364/AH, âp An Hoà, xã An Bình Tây","layer_id":262,"fid":702,"label":"Hộ kinh doanh \nNguyễn Văn Yến"}},{"type":"Feature","id":703,"geometry":{"type":"Point","coordinates":[10.1542,106.3102]},"properties":{"Họ và tên":"NGUYỄN VIỆT BẤT","Tên Đại Lý":"Địa điểm kinh doanh Công ty MTV Nông Nghiệp Quốc Nông – Số 01\n  ","Địa chỉ đại lý":"ấp Hưng Nhơn, xã Hòa Nghĩa","layer_id":262,"fid":703,"label":"Địa điểm kinh doanh Công ty MTV Nông Nghiệp Quốc Nông – Số 01\n  "}},{"type":"Feature","id":704,"geometry":{"type":"Point","coordinates":[10.1862,106.3205]},"properties":{"Họ và tên":"NGUYỄN VŨ MINH","Tên Đại Lý":"Hộ kinh doanh\n  Võ Văn Thạnh","Địa chỉ đại lý":"ấp Tân Lợi, xã Tân Phú Tây","layer_id":262,"fid":704,"label":"Hộ kinh doanh\n  Võ Văn Thạnh"}},{"type":"Feature","id":705,"geometry":{"type":"Point","coordinates":[10.2405,106.3672]},"properties":{"Họ và tên":"NGUYỄN VŨ MINH","Tên Đại Lý":"CÔNG TY TNHH THƯƠNG MẠI DỊCH VỤ NÔNG NGHIỆP MINH NGUYÊN","Địa chỉ đại lý":"Số 474, tổ 12, ấp Bình Đông 2, xã Hương Mỹ","layer_id":262,"fid":705,"label":"CÔNG TY TNHH THƯƠNG MẠI DỊCH VỤ NÔNG NGHIỆP MINH NGUYÊN"}},{"type":"Feature","id":706,"geometry":{"type":"Point","coordinates":[10.2238,106.3345]},"properties":{"Họ và tên":"NGUYỄN XUÂN HOÀNG","Tên Đại Lý":"CÔNG TY TNHH TM NÔNG DƯỢC TẤN THUẬN – ĐỊA ĐIỂM KINH DOANH TẤN THUẬN 03","Địa chỉ đại lý":"Thửa đất số 735, tờ bản đồ số 10, ấp Long Huê, xã Long Thới","layer_id":262,"fid":706,"label":"CÔNG TY TNHH TM NÔNG DƯỢC TẤN THUẬN – ĐỊA ĐIỂM KINH DOANH TẤN THUẬN 03"}},{"type":"Feature","id":731,"geometry":{"type":"Point","coordinates":[10.1235,106.3102]},"properties":{"Họ và tên":"PHẠM VĂN NHỨT","Tên Đại Lý":"Hộ kinh doanh \nBa Nhứt","Địa chỉ đại lý":"Ấp 1, xã Hưng Nhượng","layer_id":262,"fid":731,"label":"Hộ kinh doanh \nBa Nhứt"}},{"type":"Feature","id":707,"geometry":{"type":"Point","coordinates":[10.1635,106.2862]},"properties":{"Họ và tên":"NGUYỄN XUÂN KIỆT","Tên Đại Lý":"HỘ KINH DOANH THÀNH NGHĨA","Địa chỉ đại lý":"Số 208, ấp Định Thọ, xã Tường Đa","layer_id":262,"fid":707,"label":"HỘ KINH DOANH THÀNH NGHĨA"}},{"type":"Feature","id":708,"geometry":{"type":"Point","coordinates":[10.2145,106.2405]},"properties":{"Họ và tên":"PHẠM ĐỨC HUY","Tên Đại Lý":"Hộ kinh doanh \n","Địa chỉ đại lý":"Số 71, tổ NDTQ số 11, ấp Bình An, xã Tường Đa","layer_id":262,"fid":708,"label":"Hộ kinh doanh \n"}},{"type":"Feature","id":709,"geometry":{"type":"Point","coordinates":[10.2575,106.1812]},"properties":{"Họ và tên":"PHẠM HỒNG TIẾN","Tên Đại Lý":"Đại lý phân bón\n Tiến Hạnh","Địa chỉ đại lý":"ấp Phong Quới, \nxã Phong Nẫm","layer_id":262,"fid":709,"label":"Đại lý phân bón\n Tiến Hạnh"}},{"type":"Feature","id":710,"geometry":{"type":"Point","coordinates":[10.1702,106.2745]},"properties":{"Họ và tên":"PHẠM HÙNG DŨNG","Tên Đại Lý":"Hộ kinh doanh  Hùng Dũng","Địa chỉ đại lý":"ấp Thạnh Lợi, \nxã Bình Thạnh","layer_id":262,"fid":710,"label":"Hộ kinh doanh  Hùng Dũng"}},{"type":"Feature","id":711,"geometry":{"type":"Point","coordinates":[10.1415,106.2902]},"properties":{"Họ và tên":"PHẠM HÙNG SƠN","Tên Đại Lý":"HỘ KINH DOANH CỬA HÀNG THUỐC BẢO VỆ THỰC VẬT BA HÙNG","Địa chỉ đại lý":"Số 249/1 Khu phố 1, thị trấn Thạnh Phú","layer_id":262,"fid":711,"label":"HỘ KINH DOANH CỬA HÀNG THUỐC BẢO VỆ THỰC VẬT BA HÙNG"}},{"type":"Feature","id":712,"geometry":{"type":"Point","coordinates":[10.1862,106.3205]},"properties":{"Họ và tên":"PHẠM MINH MẪN","Tên Đại Lý":"Hộ kinh doanh  Minh Mẫn","Địa chỉ đại lý":"22/1, ấp Thạnh Khương B, xã Mỹ Hưng","layer_id":262,"fid":712,"label":"Hộ kinh doanh  Minh Mẫn"}},{"type":"Feature","id":713,"geometry":{"type":"Point","coordinates":[10.2355,106.4702]},"properties":{"Họ và tên":"PHẠM NGỌC ĐỨC","Tên Đại Lý":"HỘ KINH DOANH AN TRƯỜNG THỊNH","Địa chỉ đại lý":"Thửa đất số 535, tờ bản đồ số 1, ấp Long Thạnh, xã Giao Long","layer_id":262,"fid":713,"label":"HỘ KINH DOANH AN TRƯỜNG THỊNH"}},{"type":"Feature","id":714,"geometry":{"type":"Point","coordinates":[10.2302,106.4675]},"properties":{"Họ và tên":"PHẠM NGỌC THẢO","Tên Đại Lý":"Hộ kinh doanh Tư Đức","Địa chỉ đại lý":"ấp Hòa II, \nxã Vĩnh Hòa","layer_id":262,"fid":714,"label":"Hộ kinh doanh Tư Đức"}},{"type":"Feature","id":715,"geometry":{"type":"Point","coordinates":[10.158,106.2502]},"properties":{"Họ và tên":"PHẠM NGỌC THẢO","Tên Đại Lý":"ĐỊA ĐIỂM KINH DOANH TÂN PHÚ CÔNG TY TNHH DR. DURIAN ","Địa chỉ đại lý":"Thửa đất 2248, tờ bản đồ số 02, Tổ 3, ấp Tân Bắc, xã Tân Phú","layer_id":262,"fid":715,"label":"ĐỊA ĐIỂM KINH DOANH TÂN PHÚ CÔNG TY TNHH DR. DURIAN "}},{"type":"Feature","id":716,"geometry":{"type":"Point","coordinates":[10.145,106.2975]},"properties":{"Họ và tên":"PHẠM THANH LONG","Tên Đại Lý":"Hộ kinh doanh \nPhạm Thanh Long","Địa chỉ đại lý":"Số 155, tổ NDTQ số 8, ấp An Thuận, xã Tân Thanh","layer_id":262,"fid":716,"label":"Hộ kinh doanh \nPhạm Thanh Long"}},{"type":"Feature","id":717,"geometry":{"type":"Point","coordinates":[10.1865,106.3202]},"properties":{"Họ và tên":"PHẠM THANH PHONG","Tên Đại Lý":"Hộ kinh doanh \nBa Tra","Địa chỉ đại lý":"Số 160/CV, ấp Cầu Vĩ, xã Mỹ Chánh","layer_id":262,"fid":717,"label":"Hộ kinh doanh \nBa Tra"}},{"type":"Feature","id":718,"geometry":{"type":"Point","coordinates":[10.1115,106.5235]},"properties":{"Họ và tên":"PHẠM THÀNH TRUNG","Tên Đại Lý":"HỘ KINH DOANH PHÂN BÓN, THUỐC BẢO VỆ THỰC VẬT THÀNH TRUNG","Địa chỉ đại lý":"Số 637, tổ NDTQ số 10, ấp Bình Tiên, xã Bình Thành","layer_id":262,"fid":718,"label":"HỘ KINH DOANH PHÂN BÓN, THUỐC BẢO VỆ THỰC VẬT THÀNH TRUNG"}},{"type":"Feature","id":719,"geometry":{"type":"Point","coordinates":[10.252,106.3521]},"properties":{"Họ và tên":"PHẠM THẾ CHUẨN","Tên Đại Lý":"HỘ KINH DOANH CỬA HÀNG SỐ 18","Địa chỉ đại lý":"Tổ NDTQ số 06, ấp Lộc Hoà, xã, Lộc Thuận","layer_id":262,"fid":719,"label":"HỘ KINH DOANH CỬA HÀNG SỐ 18"}},{"type":"Feature","id":720,"geometry":{"type":"Point","coordinates":[10.1255,106.315]},"properties":{"Họ và tên":"PHẠM THỊ ĐIỀN","Tên Đại Lý":"Hộ kinh doanh  Điền An","Địa chỉ đại lý":"số 88, ấp Bình Khương, xã Châu Bình","layer_id":262,"fid":720,"label":"Hộ kinh doanh  Điền An"}},{"type":"Feature","id":721,"geometry":{"type":"Point","coordinates":[10.2572,106.1812]},"properties":{"Họ và tên":"PHẠM THỊ HOÀNG DUNG","Tên Đại Lý":"HỘ KINH DOANH PHẠM THỊ HOÀNG DUNG (NĂM NGÀNH CHI NHÁNH 4)","Địa chỉ đại lý":"Thửa đất số 531, tờ bản đồ số 19, ấp Tân Bắc, xã Tân Phú","layer_id":262,"fid":721,"label":"HỘ KINH DOANH PHẠM THỊ HOÀNG DUNG (NĂM NGÀNH CHI NHÁNH 4)"}},{"type":"Feature","id":722,"geometry":{"type":"Point","coordinates":[10.1702,106.2745]},"properties":{"Họ và tên":"PHẠM THỊ MAI PHƯƠNG ","Tên Đại Lý":"Địa điểm kinh doanh \nCông ty TNHH XNK Phúc Thành Khang 06","Địa chỉ đại lý":"ấp Bình Thanh, \nxã Hòa Nghĩa","layer_id":262,"fid":722,"label":"Địa điểm kinh doanh \nCông ty TNHH XNK Phúc Thành Khang 06"}},{"type":"Feature","id":723,"geometry":{"type":"Point","coordinates":[10.1415,106.2902]},"properties":{"Họ và tên":"PHẠM THỊ NGA","Tên Đại Lý":"Hộ kinh doanh  Phạm Thị Nga","Địa chỉ đại lý":"ấp 3, xã \nBình Thới","layer_id":262,"fid":723,"label":"Hộ kinh doanh  Phạm Thị Nga"}},{"type":"Feature","id":724,"geometry":{"type":"Point","coordinates":[10.1862,106.3205]},"properties":{"Họ và tên":"PHẠM THỊ NGỌC TRÂM","Tên Đại Lý":"Hộ kinh doanh\n  Sáu Lợi","Địa chỉ đại lý":"ấp Phú Thuận, xã Châu Hoà","layer_id":262,"fid":724,"label":"Hộ kinh doanh\n  Sáu Lợi"}},{"type":"Feature","id":725,"geometry":{"type":"Point","coordinates":[10.2355,106.4702]},"properties":{"Họ và tên":"PHẠM THỊ NO ","Tên Đại Lý":"Hộ kinh doanh Phạm Thị No","Địa chỉ đại lý":"ấp Phú Long, xã Hưng Khánh Trung B","layer_id":262,"fid":725,"label":"Hộ kinh doanh Phạm Thị No"}},{"type":"Feature","id":726,"geometry":{"type":"Point","coordinates":[10.2302,106.4675]},"properties":{"Họ và tên":"PHẠM THỊ THANH THUÝ","Tên Đại Lý":"HỘ KINH DOANH PHÁT ĐẠT (HAI ĐÁ)","Địa chỉ đại lý":"Số 36, ấp Phú Trạch 1, xã Cẩm Sơn","layer_id":262,"fid":726,"label":"HỘ KINH DOANH PHÁT ĐẠT (HAI ĐÁ)"}},{"type":"Feature","id":727,"geometry":{"type":"Point","coordinates":[10.0462,106.5905]},"properties":{"Họ và tên":"PHẠM THỊ TRÚC PHƯƠNG","Tên Đại Lý":"Hộ kinh doanh  Vũ Phương","Địa chỉ đại lý":"ấp Phú Lơi, \nxã Phú Khánh","layer_id":262,"fid":727,"label":"Hộ kinh doanh  Vũ Phương"}},{"type":"Feature","id":728,"geometry":{"type":"Point","coordinates":[10.1502,106.3412]},"properties":{"Họ và tên":"PHẠM VĂN CHUẨN","Tên Đại Lý":"Cửa hàng bảo vệ thực vật số 18","Địa chỉ đại lý":"Số 168, ấp Lộc Sơn, xã Lộc Thuận","layer_id":262,"fid":728,"label":"Cửa hàng bảo vệ thực vật số 18"}},{"type":"Feature","id":729,"geometry":{"type":"Point","coordinates":[10.1862,106.3205]},"properties":{"Họ và tên":"PHẠM VĂN LIN","Tên Đại Lý":"Hộ kinh doanh Khang Thịnh Long Thới","Địa chỉ đại lý":"Thửa đất số 345, tờ bản đồ số 20, ấp An Quy, xã Long Thới","layer_id":262,"fid":729,"label":"Hộ kinh doanh Khang Thịnh Long Thới"}},{"type":"Feature","id":730,"geometry":{"type":"Point","coordinates":[10.0345,106.5862]},"properties":{"Họ và tên":"PHẠM VĂN LINH EM","Tên Đại Lý":"Hộ kinh doanh cửa hàng BVTV THANH TRÚC","Địa chỉ đại lý":"Số 433/MT, ấp Mỹ Trung, xã Mỹ Thạnh","layer_id":262,"fid":730,"label":"Hộ kinh doanh cửa hàng BVTV THANH TRÚC"}},{"type":"Feature","id":732,"geometry":{"type":"Point","coordinates":[10.2448,106.2135]},"properties":{"Họ và tên":"PHẠM VĂN THẢO","Tên Đại Lý":"HỘ KINH DOANH TƯ THẢO","Địa chỉ đại lý":"ấp Bến Vựa, xã Vĩnh Hoà","layer_id":262,"fid":732,"label":"HỘ KINH DOANH TƯ THẢO"}},{"type":"Feature","id":733,"geometry":{"type":"Point","coordinates":[10.0155,106.6018]},"properties":{"Họ và tên":"PHẠM VĂN THỌ","Tên Đại Lý":"Hộ kinh doanh Phạm Văn Thọ","Địa chỉ đại lý":"Số 084/NT, ấp Nhơn Thuận, xã Mỹ Nhơn","layer_id":262,"fid":733,"label":"Hộ kinh doanh Phạm Văn Thọ"}},{"type":"Feature","id":734,"geometry":{"type":"Point","coordinates":[10.0372,106.5615]},"properties":{"Họ và tên":"PHẠM VĂN VŨ","Tên Đại Lý":"Hộ kinh doanh  Vũ Phương","Địa chỉ đại lý":"số 464/55, ấp Lân Đông, xã Phú Sơn","layer_id":262,"fid":734,"label":"Hộ kinh doanh  Vũ Phương"}},{"type":"Feature","id":735,"geometry":{"type":"Point","coordinates":[10.3338,106.261]},"properties":{"Họ và tên":"PHAN CHÂU THỊNH","Tên Đại Lý":"Hộ kinh doanh \nHưng Thịnh","Địa chỉ đại lý":"số 70/29, ấp Vĩnh Hưng I, xã Vĩnh Thành","layer_id":262,"fid":735,"label":"Hộ kinh doanh \nHưng Thịnh"}},{"type":"Feature","id":736,"geometry":{"type":"Point","coordinates":[10.2208,106.3132]},"properties":{"Họ và tên":"PHAN CÔNG DANH","Tên Đại Lý":"ĐỊA ĐIỂM KINH DOANH PHÚ PHỤNG CÔNG TY TNHH DR. DURIAN","Địa chỉ đại lý":"Thửa đất 671, tờ bản đồ số 12, ấp Chợ, xã Phú Phụng","layer_id":262,"fid":736,"label":"ĐỊA ĐIỂM KINH DOANH PHÚ PHỤNG CÔNG TY TNHH DR. DURIAN"}},{"type":"Feature","id":737,"geometry":{"type":"Point","coordinates":[10.1415,106.2902]},"properties":{"Họ và tên":"PHAN DANH TRƯỜNG","Tên Đại Lý":"HỘ KINH DOANH PHAN DANH TRƯỜNG (NHI TRƯỜNG)","Địa chỉ đại lý":"Thửa đất số 140, tờ bản đồ số 01, ấp Tây Lộc, xã Vĩnh Thành","layer_id":262,"fid":737,"label":"HỘ KINH DOANH PHAN DANH TRƯỜNG (NHI TRƯỜNG)"}},{"type":"Feature","id":814,"geometry":{"type":"Point","coordinates":[10.2302,106.4675]},"properties":{"Họ và tên":"TRẦN VĂN VẤN","Tên Đại Lý":"Hộ kinh doanh \nTư Vấn","Địa chỉ đại lý":"Ấp Tân Bình, xã Tân Thuỷ","layer_id":262,"fid":814,"label":"Hộ kinh doanh \nTư Vấn"}},{"type":"Feature","id":738,"geometry":{"type":"Point","coordinates":[10.2705,106.3245]},"properties":{"Họ và tên":"PHAN HỮU TÀI","Tên Đại Lý":"HỘ KINH DOANH HỮU PHÁT","Địa chỉ đại lý":"số 48/2, ấp Thạnh Lợi, xã Thạnh Phong","layer_id":262,"fid":738,"label":"HỘ KINH DOANH HỮU PHÁT"}},{"type":"Feature","id":739,"geometry":{"type":"Point","coordinates":[10.0235,106.5812]},"properties":{"Họ và tên":"PHAN HUY THƯỢC","Tên Đại Lý":"Hộ kinh doanh \nHuy Thược","Địa chỉ đại lý":"Ấp 2, xã Hưng Nhượng","layer_id":262,"fid":739,"label":"Hộ kinh doanh \nHuy Thược"}},{"type":"Feature","id":740,"geometry":{"type":"Point","coordinates":[10.2145,106.2405]},"properties":{"Họ và tên":"PHAN QUỐC ĐẠT","Tên Đại Lý":"Hộ kinh doanh  Phan Quốc Đạt","Địa chỉ đại lý":"244B, ấp Tân Nam,\n xã Tân Phú","layer_id":262,"fid":740,"label":"Hộ kinh doanh  Phan Quốc Đạt"}},{"type":"Feature","id":741,"geometry":{"type":"Point","coordinates":[10.2542,106.356]},"properties":{"Họ và tên":"PHAN QUỐC ĐẠT","Tên Đại Lý":"Hộ kinh doanh  Quốc Đạt","Địa chỉ đại lý":"ấp Gia Thạnh, \nxã Thạnh Ngãi","layer_id":262,"fid":741,"label":"Hộ kinh doanh  Quốc Đạt"}},{"type":"Feature","id":742,"geometry":{"type":"Point","coordinates":[10.2775,106.3832]},"properties":{"Họ và tên":"PHAN THANH TRẠNG","Tên Đại Lý":"Hộ kinh doanh  Phan Thanh Trạng","Địa chỉ đại lý":"ấp 4, xã \nAn Phú Trung","layer_id":262,"fid":742,"label":"Hộ kinh doanh  Phan Thanh Trạng"}},{"type":"Feature","id":743,"geometry":{"type":"Point","coordinates":[10.3002,106.4145]},"properties":{"Họ và tên":"PHAN THANH TÙNG","Tên Đại Lý":"HỘ KINH DOANH TẠP HOÁ THANH TÙNG","Địa chỉ đại lý":"Số 097/BV, ấp Bến Vựa, xã Vĩnh Hoà","layer_id":262,"fid":743,"label":"HỘ KINH DOANH TẠP HOÁ THANH TÙNG"}},{"type":"Feature","id":744,"geometry":{"type":"Point","coordinates":[10.1502,106.3412]},"properties":{"Họ và tên":"PHAN THỊ BẠCH TUYẾT","Tên Đại Lý":"Hộ kinh doanh \nTrường Nhân","Địa chỉ đại lý":"Số 135,  ấp 3, xã Bình Thành","layer_id":262,"fid":744,"label":"Hộ kinh doanh \nTrường Nhân"}},{"type":"Feature","id":745,"geometry":{"type":"Point","coordinates":[10.1865,106.3208]},"properties":{"Họ và tên":"PHAN THỊ CẨM DUYÊN","Tên Đại Lý":"Hộ kinh doanh Út Na","Địa chỉ đại lý":"ấp Lân Đông, \nxã Phú Sơn","layer_id":262,"fid":745,"label":"Hộ kinh doanh Út Na"}},{"type":"Feature","id":746,"geometry":{"type":"Point","coordinates":[10.0348,106.5865]},"properties":{"Họ và tên":"PHAN THỊ NGỌC CHÂU","Tên Đại Lý":"Địa điểm kinh doanh cửa hàng Thái Bình Cửu Long Số 05","Địa chỉ đại lý":"Thửa đất số 475, tờ bản đồ số 15, ấp Tân Thạnh","layer_id":262,"fid":746,"label":"Địa điểm kinh doanh cửa hàng Thái Bình Cửu Long Số 05"}},{"type":"Feature","id":747,"geometry":{"type":"Point","coordinates":[10.1238,106.3105]},"properties":{"Họ và tên":"PHAN THỊ NGỌC GIÀU","Tên Đại Lý":"Hộ kinh doanh \nTrung Tâm","Địa chỉ đại lý":"ấp Thạnh Thới B, xã Thạnh Hải","layer_id":262,"fid":747,"label":"Hộ kinh doanh \nTrung Tâm"}},{"type":"Feature","id":748,"geometry":{"type":"Point","coordinates":[10.2451,106.2138]},"properties":{"Họ và tên":"Phan Thị Thanh Ngân","Tên Đại Lý":"HKD cửa hàng VTNN Tường Duy","Địa chỉ đại lý":null,"layer_id":262,"fid":748,"label":"HKD cửa hàng VTNN Tường Duy"}},{"type":"Feature","id":749,"geometry":{"type":"Point","coordinates":[10.0158,106.6021]},"properties":{"Họ và tên":"PHAN THỊ THANH THẢO","Tên Đại Lý":"Hộ kinh doanh  Quốc Nông","Địa chỉ đại lý":"230/65, ấp Hưng Nhơn, xã Hòa Nghĩa","layer_id":262,"fid":749,"label":"Hộ kinh doanh  Quốc Nông"}},{"type":"Feature","id":750,"geometry":{"type":"Point","coordinates":[10.0375,106.5618]},"properties":{"Họ và tên":"PHAN VĂN TRƯỚC","Tên Đại Lý":"Hộ kinh doanh \nBảy Trước","Địa chỉ đại lý":"Số 101/1, ấp Quí Hoà, xã Hoà Lợi","layer_id":262,"fid":750,"label":"Hộ kinh doanh \nBảy Trước"}},{"type":"Feature","id":751,"geometry":{"type":"Point","coordinates":[10.3341,106.2612]},"properties":{"Họ và tên":"PHÙNG THỊ KIM","Tên Đại Lý":"Hộ kinh doanh Trung Kim","Địa chỉ đại lý":"ấp 1, xã Bình Thành","layer_id":262,"fid":751,"label":"Hộ kinh doanh Trung Kim"}},{"type":"Feature","id":752,"geometry":{"type":"Point","coordinates":[10.2211,106.3135]},"properties":{"Họ và tên":"QUÁCH THỊ HUỲNH NGA","Tên Đại Lý":"HỘ KINH DOANH CHƯƠNG SẦU RIÊNG","Địa chỉ đại lý":"Thửa đất số 640, tờ bản đồ số 10, ấp Long Hiệp, xã Hoà Nghĩa","layer_id":262,"fid":752,"label":"HỘ KINH DOANH CHƯƠNG SẦU RIÊNG"}},{"type":"Feature","id":753,"geometry":{"type":"Point","coordinates":[10.1418,106.2905]},"properties":{"Họ và tên":"Tạ Thái Bảo","Tên Đại Lý":"HKD Tạ Thái Bảo","Địa chỉ đại lý":null,"layer_id":262,"fid":753,"label":"HKD Tạ Thái Bảo"}},{"type":"Feature","id":754,"geometry":{"type":"Point","coordinates":[10.2708,106.3248]},"properties":{"Họ và tên":"TĂNG HỮU ĐÔNG","Tên Đại Lý":"HỘ KINH DOANH TIẾN ĐÔNG 3","Địa chỉ đại lý":"Thửa đất số 36, bản đồ số 42, ấp Thạnh Lộc, xã Thạnh Phong","layer_id":262,"fid":754,"label":"HỘ KINH DOANH TIẾN ĐÔNG 3"}},{"type":"Feature","id":755,"geometry":{"type":"Point","coordinates":[10.0238,106.5815]},"properties":{"Họ và tên":"THÁI CHÂU","Tên Đại Lý":"Hộ kinh doanh  Thái Hòa Hưng","Địa chỉ đại lý":" 492/BB, ấp Bến Bàu \nxã Mỹ Chánh","layer_id":262,"fid":755,"label":"Hộ kinh doanh  Thái Hòa Hưng"}},{"type":"Feature","id":756,"geometry":{"type":"Point","coordinates":[10.2148,106.2408]},"properties":{"Họ và tên":"Thái Châu","Tên Đại Lý":"HKD cửa hàng thuốc BVTV Số 9 (Thái Hòa Hưng)","Địa chỉ đại lý":null,"layer_id":262,"fid":756,"label":"HKD cửa hàng thuốc BVTV Số 9 (Thái Hòa Hưng)"}},{"type":"Feature","id":757,"geometry":{"type":"Point","coordinates":[10.2545,106.3562]},"properties":{"Họ và tên":"THI MINH KIỆT","Tên Đại Lý":"Hộ kinh doanh  Huynh Đệ","Địa chỉ đại lý":"Phụng Đức B, \nxã Phú Phụng","layer_id":262,"fid":757,"label":"Hộ kinh doanh  Huynh Đệ"}},{"type":"Feature","id":758,"geometry":{"type":"Point","coordinates":[10.2778,106.3835]},"properties":{"Họ và tên":"TÔ THANH AN","Tên Đại Lý":"Hộ kinh doanh \nKhang Thịnh Ba Vát","Địa chỉ đại lý":"Gia Khánh, Hưng Khánh Trung A","layer_id":262,"fid":758,"label":"Hộ kinh doanh \nKhang Thịnh Ba Vát"}},{"type":"Feature","id":759,"geometry":{"type":"Point","coordinates":[10.3005,106.4148]},"properties":{"Họ và tên":"TỐNG TẤN VĨNH THƯ","Tên Đại Lý":"HỘ KINH DOANH TỐNG TẤN VĨNH THƯ (VÂN)","Địa chỉ đại lý":"Tổ 28, khu phố Chánh, thị trấn Tiên Thuỷ","layer_id":262,"fid":759,"label":"HỘ KINH DOANH TỐNG TẤN VĨNH THƯ (VÂN)"}},{"type":"Feature","id":760,"geometry":{"type":"Point","coordinates":[10.1505,106.3415]},"properties":{"Họ và tên":"TỐNG VĂN MỊNH","Tên Đại Lý":"Hộ kinh doanh TỐNG VĂN MỊNH","Địa chỉ đại lý":"Số 171/1, ấp Giao Hoà A, xã Giao Thạnh","layer_id":262,"fid":760,"label":"Hộ kinh doanh TỐNG VĂN MỊNH"}},{"type":"Feature","id":761,"geometry":{"type":"Point","coordinates":[10.1865,106.3208]},"properties":{"Họ và tên":"TỐNG VIẾT NHỨT","Tên Đại Lý":"HỘ KINH DOANH TỔNG VIẾT NHỨT","Địa chỉ đại lý":"Số 156/TH, ấp Tân Hòa, xã Tân Xuân","layer_id":262,"fid":761,"label":"HỘ KINH DOANH TỔNG VIẾT NHỨT"}},{"type":"Feature","id":762,"geometry":{"type":"Point","coordinates":[10.0348,106.5865]},"properties":{"Họ và tên":"TRẦN CHÍ DŨNG","Tên Đại Lý":"HỘ KINH DOANH CỬA HÀNG VẬT TƯ NÔNG NGHIỆP THÀNH Y","Địa chỉ đại lý":"Số 06, ấp Phú Thạnh, xã Phú Thuận","layer_id":262,"fid":762,"label":"HỘ KINH DOANH CỬA HÀNG VẬT TƯ NÔNG NGHIỆP THÀNH Y"}},{"type":"Feature","id":763,"geometry":{"type":"Point","coordinates":[10.1238,106.3105]},"properties":{"Họ và tên":"TRẦN HOÀ ĐẠT","Tên Đại Lý":"HỘ KINH DOANH TRẦN LÂM","Địa chỉ đại lý":"Số 257/29, ấp Vĩnh Hưng 1, xã Vĩnh Thành","layer_id":262,"fid":763,"label":"HỘ KINH DOANH TRẦN LÂM"}},{"type":"Feature","id":764,"geometry":{"type":"Point","coordinates":[10.2451,106.2138]},"properties":{"Họ và tên":"TRẦN HOÀNG ÂN","Tên Đại Lý":"Hộ kinh doanh \nÚt Muối","Địa chỉ đại lý":"332/PTH, ấp Phú Thuận, xã Phước Ngãi","layer_id":262,"fid":764,"label":"Hộ kinh doanh \nÚt Muối"}},{"type":"Feature","id":765,"geometry":{"type":"Point","coordinates":[10.0158,106.6021]},"properties":{"Họ và tên":"TRẦN HỮU TRƯỜNG","Tên Đại Lý":"HỘ KINH DOANH ĐĂNG KHOA","Địa chỉ đại lý":"Số 176/5 ấp Lộc Hiệp, xã Vĩnh Bình","layer_id":262,"fid":765,"label":"HỘ KINH DOANH ĐĂNG KHOA"}},{"type":"Feature","id":766,"geometry":{"type":"Point","coordinates":[10.0375,106.5618]},"properties":{"Họ và tên":"TRẦN HUỲNH TRANG","Tên Đại Lý":"HỘ KINH DOANH TẠP HOÁ TRẦN HUỲNH TRANG (TÁM TRUNG)","Địa chỉ đại lý":"Số 147/TNG, ấp Thạnh Nghĩa, xã Bảo Thạnh","layer_id":262,"fid":766,"label":"HỘ KINH DOANH TẠP HOÁ TRẦN HUỲNH TRANG (TÁM TRUNG)"}},{"type":"Feature","id":767,"geometry":{"type":"Point","coordinates":[10.3341,106.2612]},"properties":{"Họ và tên":"TRẦN KIM QUY","Tên Đại Lý":"HỘ KINH DOANH TRẦN THẾ NĂNG","Địa chỉ đại lý":"Thửa đất số 187, tờ bản đồ số 5, ấp 2, xã Phong Nẫm","layer_id":262,"fid":767,"label":"HỘ KINH DOANH TRẦN THẾ NĂNG"}},{"type":"Feature","id":768,"geometry":{"type":"Point","coordinates":[10.2211,106.3135]},"properties":{"Họ và tên":"TRẦN KIM THI","Tên Đại Lý":"HỘ KINH DOANH ĐẠI LÝ PHÂN BÓN TRƯỜNG THI (CỬA HÀNG VẬT TƯ NÔNG NGHIỆP TRƯỜNG THI)","Địa chỉ đại lý":"Số 308/3, ấp Đại Thôn, xã Thạnh Phong","layer_id":262,"fid":768,"label":"HỘ KINH DOANH ĐẠI LÝ PHÂN BÓN TRƯỜNG THI (CỬA HÀNG VẬT TƯ NÔNG NGHIỆP TRƯỜNG THI)"}},{"type":"Feature","id":769,"geometry":{"type":"Point","coordinates":[10.1418,106.2905]},"properties":{"Họ và tên":"TRẦN LÊ TẤN ĐẠT","Tên Đại Lý":"Hộ kinh doanh  BVTV Tấn Đạt ","Địa chỉ đại lý":"310/69, ấp An Hòa, xã Long Thới","layer_id":262,"fid":769,"label":"Hộ kinh doanh  BVTV Tấn Đạt "}},{"type":"Feature","id":770,"geometry":{"type":"Point","coordinates":[10.2708,106.3248]},"properties":{"Họ và tên":"TRẦN MINH CHÁNH","Tên Đại Lý":"Doanh nghiệp tư nhân Kim Tiến Thịnh","Địa chỉ đại lý":"Thửa đất 294, tờ bản đồ số 16, ấp Gò Dầu, xã Mỹ Chánh","layer_id":262,"fid":770,"label":"Doanh nghiệp tư nhân Kim Tiến Thịnh"}},{"type":"Feature","id":771,"geometry":{"type":"Point","coordinates":[10.0238,106.5815]},"properties":{"Họ và tên":"TRẦN MINH TÚ","Tên Đại Lý":"Hộ kinh doanh  cửa hàng VTNN Văn Tùng","Địa chỉ đại lý":"465, Ấp Chợ Xếp, xã Tân Thành Bình","layer_id":262,"fid":771,"label":"Hộ kinh doanh  cửa hàng VTNN Văn Tùng"}},{"type":"Feature","id":772,"geometry":{"type":"Point","coordinates":[10.2148,106.2408]},"properties":{"Họ và tên":"TRẦN NGỌC NHƯỜNG","Tên Đại Lý":"HỘ KINH DOANH VTNN HỒNG PHÁT","Địa chỉ đại lý":"Thửa đất số 261, tờ bản đồ số 02, ấp Đông Thọ, xã Vĩnh Hoà","layer_id":262,"fid":772,"label":"HỘ KINH DOANH VTNN HỒNG PHÁT"}},{"type":"Feature","id":773,"geometry":{"type":"Point","coordinates":[10.2545,106.3562]},"properties":{"Họ và tên":"TRẦN PHƯỚC ĐIỀN","Tên Đại Lý":"HỘ KINH DOANH TRẦN PHƯỚC ĐIỀN","Địa chỉ đại lý":"Số 293/55 ấp Lân Đông, xã Phú Sơn","layer_id":262,"fid":773,"label":"HỘ KINH DOANH TRẦN PHƯỚC ĐIỀN"}},{"type":"Feature","id":774,"geometry":{"type":"Point","coordinates":[10.2778,106.3835]},"properties":{"Họ và tên":"TRẦN QUANG HỒNG","Tên Đại Lý":"Hộ kinh doanh cửa hàng VTNN TRẦN QUANG HỒNG (Hồng Loan)","Địa chỉ đại lý":"Số 124/PTHA, ấp Phước Thạnh, xã Phước Ngãi","layer_id":262,"fid":774,"label":"Hộ kinh doanh cửa hàng VTNN TRẦN QUANG HỒNG (Hồng Loan)"}},{"type":"Feature","id":775,"geometry":{"type":"Point","coordinates":[10.3005,106.4148]},"properties":{"Họ và tên":"TRẦN QUANG KHẢI ","Tên Đại Lý":"Hộ kinh doanh Ba Đượm","Địa chỉ đại lý":"số 329, ấp Bình Đông, xã Cẩm Sơn","layer_id":262,"fid":775,"label":"Hộ kinh doanh Ba Đượm"}},{"type":"Feature","id":776,"geometry":{"type":"Point","coordinates":[10.1505,106.3415]},"properties":{"Họ và tên":"TRẦN QUANG THÁI","Tên Đại Lý":"Địa điểm kinh doanh cửa hàng Thái Bình Cửu Long Số 03","Địa chỉ đại lý":"ấp Phú Hiệp, \nxã Vĩnh Bình","layer_id":262,"fid":776,"label":"Địa điểm kinh doanh cửa hàng Thái Bình Cửu Long Số 03"}},{"type":"Feature","id":777,"geometry":{"type":"Point","coordinates":[10.1865,106.3208]},"properties":{"Họ và tên":"TRẦN QUỐC THỐNG","Tên Đại Lý":"HỘ KINH DOANH CỬA HÀNG THANH THẢO","Địa chỉ đại lý":"Tổ 1, ấp Phú Hoà, xã Quới Thành","layer_id":262,"fid":777,"label":"HỘ KINH DOANH CỬA HÀNG THANH THẢO"}},{"type":"Feature","id":778,"geometry":{"type":"Point","coordinates":[10.0348,106.5865]},"properties":{"Họ và tên":"TRẦN QUỐC VIỆT","Tên Đại Lý":"HỘ KINH DOANH TẠP HOÁ TRẦN QUỐC VIỆT","Địa chỉ đại lý":"Số 105/AP2, ấp An Phú 2, xã An Hoà Tây","layer_id":262,"fid":778,"label":"HỘ KINH DOANH TẠP HOÁ TRẦN QUỐC VIỆT"}},{"type":"Feature","id":779,"geometry":{"type":"Point","coordinates":[10.1238,106.3105]},"properties":{"Họ và tên":"TRẦN THANH GIANG","Tên Đại Lý":"HỢP TÁC XÃ NÔNG NGHIỆP PHÚ TÚC","Địa chỉ đại lý":"Tổ NDTQ số 18, ấp Phú Mỹ, xã Phú Túc","layer_id":262,"fid":779,"label":"HỢP TÁC XÃ NÔNG NGHIỆP PHÚ TÚC"}},{"type":"Feature","id":780,"geometry":{"type":"Point","coordinates":[10.2451,106.2138]},"properties":{"Họ và tên":"Trần Thanh Phong","Tên Đại Lý":"Hộ kinh doanh  Năm Phong","Địa chỉ đại lý":"ấp 2 xã Tân Hưng ","layer_id":262,"fid":780,"label":"Hộ kinh doanh  Năm Phong"}},{"type":"Feature","id":781,"geometry":{"type":"Point","coordinates":[10.0158,106.6021]},"properties":{"Họ và tên":"TRẦN THỊ HIỂU","Tên Đại Lý":"Hộ kinh doanh  Khang Thịnh","Địa chỉ đại lý":"ấp 7, xã Phước Long","layer_id":262,"fid":781,"label":"Hộ kinh doanh  Khang Thịnh"}},{"type":"Feature","id":782,"geometry":{"type":"Point","coordinates":[10.0375,106.5618]},"properties":{"Họ và tên":"TRẦN THỊ KIM THOA","Tên Đại Lý":"Địa điểm kinh doanh Công ty TNHH - XNK Phúc Thành Khang - số 02","Địa chỉ đại lý":"ấp Tân Ngãi, \nxã Thạnh Ngãi","layer_id":262,"fid":782,"label":"Địa điểm kinh doanh Công ty TNHH - XNK Phúc Thành Khang - số 02"}},{"type":"Feature","id":783,"geometry":{"type":"Point","coordinates":[10.3341,106.2612]},"properties":{"Họ và tên":"TRẦN THỊ KIM THOA","Tên Đại Lý":"Địa điểm kinh doanh Công ty TNHH - XNK \nPhúc Thành Khang - số 03","Địa chỉ đại lý":"ấp Phước Hậu, \nxã Phước Mỹ Trung","layer_id":262,"fid":783,"label":"Địa điểm kinh doanh Công ty TNHH - XNK \nPhúc Thành Khang - số 03"}},{"type":"Feature","id":784,"geometry":{"type":"Point","coordinates":[10.2211,106.3135]},"properties":{"Họ và tên":"TRẦN THỊ KIM THOA","Tên Đại Lý":"ĐỊA ĐIỂM KINH DOANH CÔNG TY TNHH XUẤT NHẬP KHẨU PHÚC THÀNH KHANG – SỐ 09","Địa chỉ đại lý":"Thửa đất số 704, tờ bản đồ số 19, ấp Tân Nam, xã Tân Phú","layer_id":262,"fid":784,"label":"ĐỊA ĐIỂM KINH DOANH CÔNG TY TNHH XUẤT NHẬP KHẨU PHÚC THÀNH KHANG – SỐ 09"}},{"type":"Feature","id":785,"geometry":{"type":"Point","coordinates":[10.1418,106.2905]},"properties":{"Họ và tên":"TRẦN THỊ LỆ HỒNG","Tên Đại Lý":"HỘ KINH DOANH HỒNG","Địa chỉ đại lý":"Số 422/26, ấp Tân Thanh, xã Tân Thiềng","layer_id":262,"fid":785,"label":"HỘ KINH DOANH HỒNG"}},{"type":"Feature","id":786,"geometry":{"type":"Point","coordinates":[10.2708,106.3248]},"properties":{"Họ và tên":"TRẦN THỊ MỸ QUYÊN","Tên Đại Lý":"Hộ kinh doanh\nMỹ Quyên  ","Địa chỉ đại lý":"ấp Tân Thạnh, xã Tân Thiềng","layer_id":262,"fid":786,"label":"Hộ kinh doanh\nMỹ Quyên  "}},{"type":"Feature","id":787,"geometry":{"type":"Point","coordinates":[10.0238,106.5815]},"properties":{"Họ và tên":"TRẦN THỊ NGỌC AN","Tên Đại Lý":"Hộ kinh doanh\n Lê Thị Hẹn ","Địa chỉ đại lý":"Số 1097, ấp 2, xã Hưng Nhượng","layer_id":262,"fid":787,"label":"Hộ kinh doanh\n Lê Thị Hẹn "}},{"type":"Feature","id":788,"geometry":{"type":"Point","coordinates":[10.2148,106.2408]},"properties":{"Họ và tên":"TRẦN THỊ NGỌC YẾN ","Tên Đại Lý":"Hộ kinh doanh\n Ngọc Yến","Địa chỉ đại lý":"số 146/2, ấp Thạnh B, xã Tân Phong","layer_id":262,"fid":788,"label":"Hộ kinh doanh\n Ngọc Yến"}},{"type":"Feature","id":807,"geometry":{"type":"Point","coordinates":[10.1635,106.2862]},"properties":{"Họ và tên":"TRẦN VĂN THÁI NGỌC","Tên Đại Lý":"Hộ kinh doanh\nThái Ngọc  ","Địa chỉ đại lý":"ấp Phú Hội, xã Vĩnh Thành","layer_id":262,"fid":807,"label":"Hộ kinh doanh\nThái Ngọc  "}},{"type":"Feature","id":789,"geometry":{"type":"Point","coordinates":[10.2545,106.3562]},"properties":{"Họ và tên":"TRẦN THỊ NHÃ","Tên Đại Lý":"HỘ KINH DOANH CỬA HÀNG PHÂN BÓN 368","Địa chỉ đại lý":"Số 265B/1, ấp Quới Thạnh Tây, xã Quới Sơn","layer_id":262,"fid":789,"label":"HỘ KINH DOANH CỬA HÀNG PHÂN BÓN 368"}},{"type":"Feature","id":790,"geometry":{"type":"Point","coordinates":[10.2778,106.3835]},"properties":{"Họ và tên":"TRẦN THỊ PHÚC","Tên Đại Lý":"HỘ KINH DOANH PHÚC NHỎI","Địa chỉ đại lý":"Thửa đất số 425, tờ bản đồ số 11, ấp Thanh Trung, xã Hưng Khánh Trung B","layer_id":262,"fid":790,"label":"HỘ KINH DOANH PHÚC NHỎI"}},{"type":"Feature","id":791,"geometry":{"type":"Point","coordinates":[10.3005,106.4148]},"properties":{"Họ và tên":"TRẦN THỊ PHƯƠNG THANH","Tên Đại Lý":"Hộ kinh doanh BVTV Hoàng Nhân","Địa chỉ đại lý":"Thửa đất 613, tờ bản đồ số 20, ấp An Quy, xã Long Thới","layer_id":262,"fid":791,"label":"Hộ kinh doanh BVTV Hoàng Nhân"}},{"type":"Feature","id":792,"geometry":{"type":"Point","coordinates":[10.1584,106.2512]},"properties":{"Họ và tên":"TRẦN THỊ THU THỦY  ","Tên Đại Lý":"HỢP TÁC XÃ BƯỞI DA XANH QUỚI SƠN","Địa chỉ đại lý":"ấp Quới Lợi,\n xã Quới Sơn","layer_id":262,"fid":792,"label":"HỢP TÁC XÃ BƯỞI DA XANH QUỚI SƠN"}},{"type":"Feature","id":793,"geometry":{"type":"Point","coordinates":[10.1415,106.2895]},"properties":{"Họ và tên":"TRẦN THỊ THU TRANG","Tên Đại Lý":"Hộ kinh doanh \nSong An","Địa chỉ đại lý":"Tổ NDTQ số 12, ấp Bình Tiên 2, xã Bình Hòa","layer_id":262,"fid":793,"label":"Hộ kinh doanh \nSong An"}},{"type":"Feature","id":794,"geometry":{"type":"Point","coordinates":[10.1865,106.3198]},"properties":{"Họ và tên":"TRẦN THỊ TUYẾT PHƯỢNG ","Tên Đại Lý":"CỬA HÀNG VẬT TƯ NÔNG NGHIỆP PHƯỢNG HOÀNG","Địa chỉ đại lý":"Số 281A, ấp Quới An, xã Quới Sơn","layer_id":262,"fid":794,"label":"CỬA HÀNG VẬT TƯ NÔNG NGHIỆP PHƯỢNG HOÀNG"}},{"type":"Feature","id":795,"geometry":{"type":"Point","coordinates":[10.1582,106.321]},"properties":{"Họ và tên":"TRẦN THỊ VÂN","Tên Đại Lý":"HỘ KINH DOANH  PHÂN BÓN, THUỐC BVTV GIA HUY","Địa chỉ đại lý":"Số 631, ấp Phú Hữu, xã Phú Hưng","layer_id":262,"fid":795,"label":"HỘ KINH DOANH  PHÂN BÓN, THUỐC BVTV GIA HUY"}},{"type":"Feature","id":796,"geometry":{"type":"Point","coordinates":[10.1412,106.2892]},"properties":{"Họ và tên":"TRẦN TIẾT CHINH","Tên Đại Lý":"hộ kinh doanh Trần Tiết Chinh (Trần Thế Năng) ","Địa chỉ đại lý":"Số 326, ấp Long Hòa, xã Giao Long","layer_id":262,"fid":796,"label":"hộ kinh doanh Trần Tiết Chinh (Trần Thế Năng) "}},{"type":"Feature","id":797,"geometry":{"type":"Point","coordinates":[10.1862,106.3195]},"properties":{"Họ và tên":"TRẦN TRỌNG NGHĨA","Tên Đại Lý":"Hộ kinh doanh  Trọng Nghĩa","Địa chỉ đại lý":"ấp Long Hiệp, \nxã Hòa Nghĩa","layer_id":262,"fid":797,"label":"Hộ kinh doanh  Trọng Nghĩa"}},{"type":"Feature","id":798,"geometry":{"type":"Point","coordinates":[10.171,106.2742]},"properties":{"Họ và tên":"TRẦN VĂN AN","Tên Đại Lý":"Hộ kinh doanh \nKhang Thịnh Nhơn Phú","Địa chỉ đại lý":"ấp Nhơn Phú, \nxã Hòa Nghĩa","layer_id":262,"fid":798,"label":"Hộ kinh doanh \nKhang Thịnh Nhơn Phú"}},{"type":"Feature","id":799,"geometry":{"type":"Point","coordinates":[10.158,106.2502]},"properties":{"Họ và tên":"TRẦN VĂN BÉ NĂM","Tên Đại Lý":"Hộ kinh doanh \nBé Năm","Địa chỉ đại lý":"Số 161/47, ấp Hòa Thuận II, xã Vĩnh Hòa","layer_id":262,"fid":799,"label":"Hộ kinh doanh \nBé Năm"}},{"type":"Feature","id":800,"geometry":{"type":"Point","coordinates":[10.145,106.2975]},"properties":{"Họ và tên":"TRẦN VĂN CU","Tên Đại Lý":"HỘ KINH DOANH CỬA HÀNG HUỲNH ANH","Địa chỉ đại lý":"Số 220/AB1, ấp An Bình 1, xã An Hoà Tây","layer_id":262,"fid":800,"label":"HỘ KINH DOANH CỬA HÀNG HUỲNH ANH"}},{"type":"Feature","id":801,"geometry":{"type":"Point","coordinates":[10.1865,106.3202]},"properties":{"Họ và tên":"TRẦN VĂN ĐOÀN","Tên Đại Lý":"HỘ KINH DOANH CỬA HÀNG VẬT TƯ NÔNG NGHIỆP TƯ ĐOÀN","Địa chỉ đại lý":"Số 199/MTH, ấp Mỹ Thuận, xã Mỹ Thạnh","layer_id":262,"fid":801,"label":"HỘ KINH DOANH CỬA HÀNG VẬT TƯ NÔNG NGHIỆP TƯ ĐOÀN"}},{"type":"Feature","id":802,"geometry":{"type":"Point","coordinates":[10.1115,106.5235]},"properties":{"Họ và tên":"TRẦN VĂN HƯỞNG","Tên Đại Lý":"Hộ kinh doanh \n2 Hưởng","Địa chỉ đại lý":"Tổ NDTQ số 16, số 250, ấp Tân Hoà, xã Tân Thanh","layer_id":262,"fid":802,"label":"Hộ kinh doanh \n2 Hưởng"}},{"type":"Feature","id":803,"geometry":{"type":"Point","coordinates":[10.1542,106.3102]},"properties":{"Họ và tên":"TRẦN VĂN LÂM ","Tên Đại Lý":"Hộ kinh doanh\n Út Lâm","Địa chỉ đại lý":"ấp Long Thuận, xã Sơn Phú","layer_id":262,"fid":803,"label":"Hộ kinh doanh\n Út Lâm"}},{"type":"Feature","id":804,"geometry":{"type":"Point","coordinates":[10.1862,106.3205]},"properties":{"Họ và tên":"Trần Văn Quyền","Tên Đại Lý":"HKD Ba Phiêm","Địa chỉ đại lý":"số 78/72, ấp Quân Bình, xã Tân Thiềng","layer_id":262,"fid":804,"label":"HKD Ba Phiêm"}},{"type":"Feature","id":805,"geometry":{"type":"Point","coordinates":[10.2405,106.3672]},"properties":{"Họ và tên":"TRẦN VĂN RĂNG","Tên Đại Lý":"Hộ kinh doanh  Tư Răng","Địa chỉ đại lý":"số 294/68, ấp Long Quới, xã Long Thới","layer_id":262,"fid":805,"label":"Hộ kinh doanh  Tư Răng"}},{"type":"Feature","id":806,"geometry":{"type":"Point","coordinates":[10.2238,106.3345]},"properties":{"Họ và tên":"TRẦN VĂN TÂN","Tên Đại Lý":"HỘ KINH DOANH TRẦN VĂN TÂN  ( DUY TÂN)","Địa chỉ đại lý":": Số 515/VĐĐ, ấp Vĩnh Đức Đông, xã Vĩnh Hoà","layer_id":262,"fid":806,"label":"HỘ KINH DOANH TRẦN VĂN TÂN  ( DUY TÂN)"}},{"type":"Feature","id":808,"geometry":{"type":"Point","coordinates":[10.2145,106.2405]},"properties":{"Họ và tên":"TRẦN VĂN THẬN","Tên Đại Lý":"HỘ KINH DOANH TRẦN VĂN THẬN","Địa chỉ đại lý":"Quầy số 01, ấp Tân Thành Hạ (chợ), xã Tân Trung","layer_id":262,"fid":808,"label":"HỘ KINH DOANH TRẦN VĂN THẬN"}},{"type":"Feature","id":809,"geometry":{"type":"Point","coordinates":[10.2575,106.1812]},"properties":{"Họ và tên":"TRẦN VĂN THÊM","Tên Đại Lý":"Hệ thống cửa hàng vật tư nông nghiệp PTK Số 4","Địa chỉ đại lý":"số 191A, khu phố 4, phường 8","layer_id":262,"fid":809,"label":"Hệ thống cửa hàng vật tư nông nghiệp PTK Số 4"}},{"type":"Feature","id":810,"geometry":{"type":"Point","coordinates":[10.1702,106.2745]},"properties":{"Họ và tên":"TRẦN VĂN THỎ","Tên Đại Lý":"HỘ KINH DOANH TRẦN VĂN THỎ","Địa chỉ đại lý":"Số 100/PL, ấp Phú Long, xã Phước Ngãi","layer_id":262,"fid":810,"label":"HỘ KINH DOANH TRẦN VĂN THỎ"}},{"type":"Feature","id":811,"geometry":{"type":"Point","coordinates":[10.1415,106.2902]},"properties":{"Họ và tên":"TRẦN VĂN TIẾP","Tên Đại Lý":"Hộ kinh doanh \nSáu Tiếp","Địa chỉ đại lý":"ấp Giồng Trôm, xã An Ngãi Tây","layer_id":262,"fid":811,"label":"Hộ kinh doanh \nSáu Tiếp"}},{"type":"Feature","id":812,"geometry":{"type":"Point","coordinates":[10.1862,106.3205]},"properties":{"Họ và tên":"TRẦN VĂN TƠ","Tên Đại Lý":"Hộ kinh doanh cửa hàng phân bón, thuốc BVTV Năm Tơ","Địa chỉ đại lý":"Số 29/PL, ấp Phú Lợi, xã Phú Lễ","layer_id":262,"fid":812,"label":"Hộ kinh doanh cửa hàng phân bón, thuốc BVTV Năm Tơ"}},{"type":"Feature","id":813,"geometry":{"type":"Point","coordinates":[10.2355,106.4702]},"properties":{"Họ và tên":"TRẦN VĂN TRIỆU","Tên Đại Lý":"CỬA HÀNG VẬT TƯ NÔNG NGHIỆP TÁM TRIỆU (ĐĂNG KHOA)","Địa chỉ đại lý":"Số 271/TT, ấp Thạnh Tân, xã Bảo Thuận","layer_id":262,"fid":813,"label":"CỬA HÀNG VẬT TƯ NÔNG NGHIỆP TÁM TRIỆU (ĐĂNG KHOA)"}},{"type":"Feature","id":815,"geometry":{"type":"Point","coordinates":[10.158,106.2502]},"properties":{"Họ và tên":"TRẦN VIỆT HÙNG","Tên Đại Lý":"Hộ kinh doanh  Kỹ Sư Hùng","Địa chỉ đại lý":"ấp Hòa Trung, \nxã Sơn Hòa","layer_id":262,"fid":815,"label":"Hộ kinh doanh  Kỹ Sư Hùng"}},{"type":"Feature","id":816,"geometry":{"type":"Point","coordinates":[10.145,106.2975]},"properties":{"Họ và tên":"TRẦN VŨ PHƯƠNG","Tên Đại Lý":"Hộ kinh doanh  Phương Nga","Địa chỉ đại lý":"ấp Tân Phước,\n xã Tân Thanh","layer_id":262,"fid":816,"label":"Hộ kinh doanh  Phương Nga"}},{"type":"Feature","id":817,"geometry":{"type":"Point","coordinates":[10.1865,106.3202]},"properties":{"Họ và tên":"TRIỆU QUỐC HỮU","Tên Đại Lý":"Hộ kinh doanh  Hữu Đào","Địa chỉ đại lý":"ấp Phụng Đức,\n xã Phú Phụng","layer_id":262,"fid":817,"label":"Hộ kinh doanh  Hữu Đào"}},{"type":"Feature","id":818,"geometry":{"type":"Point","coordinates":[10.1115,106.5235]},"properties":{"Họ và tên":"TRỊNH MINH TÂN","Tên Đại Lý":"Hộ kinh doanh VTNN Minh Tân","Địa chỉ đại lý":"ấp Thanh Vân, xã Định Thủy","layer_id":262,"fid":818,"label":"Hộ kinh doanh VTNN Minh Tân"}},{"type":"Feature","id":819,"geometry":{"type":"Point","coordinates":[10.1425,106.291]},"properties":{"Họ và tên":"TRƯƠNG ĐẶNG THANH THUÝ","Tên Đại Lý":"HỘ KINH DOANH TRƯƠNG ĐẶNG THANH THUÝ (KHÁN ĐIỆP 2)","Địa chỉ đại lý":"Số 313/1, ấp Chợ, xã Phú Phụng","layer_id":262,"fid":819,"label":"HỘ KINH DOANH TRƯƠNG ĐẶNG THANH THUÝ (KHÁN ĐIỆP 2)"}},{"type":"Feature","id":820,"geometry":{"type":"Point","coordinates":[10.0235,106.5812]},"properties":{"Họ và tên":"TRƯƠNG MINH TOÀN","Tên Đại Lý":"HỘ KINH DOANH THUỶ TÙNG","Địa chỉ đại lý":"Số 382, ấp Thị, xã Hương Mỹ","layer_id":262,"fid":820,"label":"HỘ KINH DOANH THUỶ TÙNG"}},{"type":"Feature","id":821,"geometry":{"type":"Point","coordinates":[10.2145,106.2405]},"properties":{"Họ và tên":"TRƯƠNG PHƯƠNG YẾN","Tên Đại Lý":"Hộ kinh doanh \nMộc Coffee (Trọng Lý).","Địa chỉ đại lý":"ấp An Thạnh, xã Long Thới","layer_id":262,"fid":821,"label":"Hộ kinh doanh \nMộc Coffee (Trọng Lý)."}},{"type":"Feature","id":822,"geometry":{"type":"Point","coordinates":[10.2542,106.356]},"properties":{"Họ và tên":"TRƯƠNG QUỐC CƯỜNG","Tên Đại Lý":"Công ty TNHH TM-DV Trương Hùng","Địa chỉ đại lý":"Số 667, ấp An Định 1, xã An Ngãi Trung","layer_id":262,"fid":822,"label":"Công ty TNHH TM-DV Trương Hùng"}},{"type":"Feature","id":823,"geometry":{"type":"Point","coordinates":[10.2775,106.3832]},"properties":{"Họ và tên":"TRƯƠNG QUỐC HÀO","Tên Đại Lý":"Hộ kinh doanh  Trương Quốc Hào","Địa chỉ đại lý":"số 100/1, ấp 2 B, xã Thạnh Hải","layer_id":262,"fid":823,"label":"Hộ kinh doanh  Trương Quốc Hào"}},{"type":"Feature","id":824,"geometry":{"type":"Point","coordinates":[10.3002,106.4145]},"properties":{"Họ và tên":"TRƯƠNG TẤN ĐẠT","Tên Đại Lý":"HỘ KINH DOANH TRỌNG LÝ","Địa chỉ đại lý":"Thửa đất 108, tờ bản đồ số 34, ấp An Thạnh, xã Long Thới","layer_id":262,"fid":824,"label":"HỘ KINH DOANH TRỌNG LÝ"}},{"type":"Feature","id":825,"geometry":{"type":"Point","coordinates":[10.1502,106.3412]},"properties":{"Họ và tên":"TRƯƠNG THỊ MỸ LY","Tên Đại Lý":"Hộ kinh doanh \nNam Thắng","Địa chỉ đại lý":"ấp Sơn Lân, xã Sơn Định","layer_id":262,"fid":825,"label":"Hộ kinh doanh \nNam Thắng"}},{"type":"Feature","id":826,"geometry":{"type":"Point","coordinates":[10.1862,106.3205]},"properties":{"Họ và tên":"Trương Văn Bình","Tên Đại Lý":"Công ty TNHH MTV vật liệu xây dựng-VTNN Trương Bình","Địa chỉ đại lý":"Ấp 1, xã An Ngãi Trung","layer_id":262,"fid":826,"label":"Công ty TNHH MTV vật liệu xây dựng-VTNN Trương Bình"}},{"type":"Feature","id":827,"geometry":{"type":"Point","coordinates":[10.0345,106.5862]},"properties":{"Họ và tên":"TRƯƠNG VĂN CẢNH","Tên Đại Lý":"Hộ kinh doanh  Trương Văn Cảnh","Địa chỉ đại lý":"ấp Thừa Trung, \nxã Thừa Đức","layer_id":262,"fid":827,"label":"Hộ kinh doanh  Trương Văn Cảnh"}},{"type":"Feature","id":828,"geometry":{"type":"Point","coordinates":[10.1235,106.3102]},"properties":{"Họ và tên":"TRƯƠNG VĂN MÁNH","Tên Đại Lý":"Hộ kinh doanh  Thúy Diễn","Địa chỉ đại lý":"số 312/60, ấp Phú Thạnh,\n xã Phú Mỹ","layer_id":262,"fid":828,"label":"Hộ kinh doanh  Thúy Diễn"}},{"type":"Feature","id":829,"geometry":{"type":"Point","coordinates":[10.2448,106.2135]},"properties":{"Họ và tên":"VĂN BÁ BẢO THOẠI","Tên Đại Lý":"Hộ kinh doanh  Bảo Việt","Địa chỉ đại lý":"ấp Phú Xuân, \nxã Phú Đức","layer_id":262,"fid":829,"label":"Hộ kinh doanh  Bảo Việt"}},{"type":"Feature","id":830,"geometry":{"type":"Point","coordinates":[10.0155,106.6018]},"properties":{"Họ và tên":"VÕ DUY THÁI","Tên Đại Lý":"Hộ kinh doanh  Thái Hưng","Địa chỉ đại lý":"ấp Phú Hữu, \nxã Hữu Định","layer_id":262,"fid":830,"label":"Hộ kinh doanh  Thái Hưng"}},{"type":"Feature","id":831,"geometry":{"type":"Point","coordinates":[10.0372,106.5615]},"properties":{"Họ và tên":"VÕ HOÀNG DƯƠNG","Tên Đại Lý":"HỘ KINH DOANH CỬA HÀNG THUỐC THÚ Y, THUỶ SẢN HOÀNG PHƯỢNG","Địa chỉ đại lý":"Số 008/GG, ấp Giồng Gạch, xã An Hiệp","layer_id":262,"fid":831,"label":"HỘ KINH DOANH CỬA HÀNG THUỐC THÚ Y, THUỶ SẢN HOÀNG PHƯỢNG"}},{"type":"Feature","id":832,"geometry":{"type":"Point","coordinates":[10.3338,106.261]},"properties":{"Họ và tên":"VÕ HOÀNG TÂM","Tên Đại Lý":"Hộ kinh doanh VÕ HOÀNG TÂM ","Địa chỉ đại lý":"Tổ NDTQ số 23, ấp Tân Định, xã Định Trung","layer_id":262,"fid":832,"label":"Hộ kinh doanh VÕ HOÀNG TÂM "}},{"type":"Feature","id":833,"geometry":{"type":"Point","coordinates":[10.2208,106.3132]},"properties":{"Họ và tên":"VÕ KHẮC HÀO","Tên Đại Lý":"HỘ KINH DOANH VẬT TƯ NÔNG NGHIỆP DR DURIAN","Địa chỉ đại lý":"Thửa đất số 454, tờ bản đồ số 09, ấp Sơn Long, xã Sơn Định","layer_id":262,"fid":833,"label":"HỘ KINH DOANH VẬT TƯ NÔNG NGHIỆP DR DURIAN"}},{"type":"Feature","id":834,"geometry":{"type":"Point","coordinates":[10.1415,106.2902]},"properties":{"Họ và tên":"VÕ MINH TÂM","Tên Đại Lý":"Hộ kinh doanh\n  Võ Minh Tâm","Địa chỉ đại lý":"ấp Hòa Long, xã Giao Long","layer_id":262,"fid":834,"label":"Hộ kinh doanh\n  Võ Minh Tâm"}},{"type":"Feature","id":835,"geometry":{"type":"Point","coordinates":[10.2705,106.3245]},"properties":{"Họ và tên":"VÕ MỸ LINH","Tên Đại Lý":"Hộ kinh doanh  Mỹ Linh","Địa chỉ đại lý":"số 1434, ấp Đông Trị,\n xã Thành An","layer_id":262,"fid":835,"label":"Hộ kinh doanh  Mỹ Linh"}},{"type":"Feature","id":836,"geometry":{"type":"Point","coordinates":[10.0235,106.5812]},"properties":{"Họ và tên":"VÕ TẤN PHÁT ","Tên Đại Lý":"Hộ kinh doanh VTNN  Tính Phương 3","Địa chỉ đại lý":"ấp Phú Hữu, xã Hữu Định","layer_id":262,"fid":836,"label":"Hộ kinh doanh VTNN  Tính Phương 3"}},{"type":"Feature","id":837,"geometry":{"type":"Point","coordinates":[10.2145,106.2405]},"properties":{"Họ và tên":"VÕ THANH PHONG","Tên Đại Lý":"HỘ KINH DOANH VÕ THANH PHONG","Địa chỉ đại lý":"Số 338/24, ấp An Thạnh, xã Long Thới","layer_id":262,"fid":837,"label":"HỘ KINH DOANH VÕ THANH PHONG"}},{"type":"Feature","id":838,"geometry":{"type":"Point","coordinates":[10.2542,106.356]},"properties":{"Họ và tên":"VÕ THÀNH PHƯƠNG","Tên Đại Lý":"Hộ kinh doanh\n  Hai Thành","Địa chỉ đại lý":"ấp Thanh Hòa, xã Thành An","layer_id":262,"fid":838,"label":"Hộ kinh doanh\n  Hai Thành"}},{"type":"Feature","id":839,"geometry":{"type":"Point","coordinates":[10.2775,106.3832]},"properties":{"Họ và tên":"VÕ THANH SANG","Tên Đại Lý":"Địa điểm kinh doanh Công ty TNHH - MTV Nông Lợi Phát","Địa chỉ đại lý":"ấp Tích Khánh, \nxã Khánh Thạnh Tân","layer_id":262,"fid":839,"label":"Địa điểm kinh doanh Công ty TNHH - MTV Nông Lợi Phát"}},{"type":"Feature","id":840,"geometry":{"type":"Point","coordinates":[10.2312,106.2584]},"properties":{"Họ và tên":"VÕ THANH TÂM","Tên Đại Lý":"HỘ KINH DOANH TÂM","Địa chỉ đại lý":"Số 108, ấp Gia Thạnh, xã Thạnh Ngãi, huyện Mỏ Cày Bắc","layer_id":262,"fid":840,"label":"HỘ KINH DOANH TÂM"}},{"type":"Feature","id":841,"geometry":{"type":"Point","coordinates":[10.0392,106.6051]},"properties":{"Họ và tên":"VÕ THỊ BẢY","Tên Đại Lý":"Hộ kinh doanh mua bán phân bón, thuốc trừ sâu VÕ THỊ BẢY","Địa chỉ đại lý":"Số 16, đường  Nguyễn Đình Chiểu, KP2, thị trấn Ba Tri","layer_id":262,"fid":841,"label":"Hộ kinh doanh mua bán phân bón, thuốc trừ sâu VÕ THỊ BẢY"}},{"type":"Feature","id":842,"geometry":{"type":"Point","coordinates":[10.1458,106.2995]},"properties":{"Họ và tên":"VÕ THỊ MỸ LINH","Tên Đại Lý":"HỘ KINH DOANH VÕ THỊ MỸ LINH","Địa chỉ đại lý":"Số 1434, ấp Đông Trị, xã Thành An","layer_id":262,"fid":842,"label":"HỘ KINH DOANH VÕ THỊ MỸ LINH"}},{"type":"Feature","id":843,"geometry":{"type":"Point","coordinates":[10.3214,106.3452]},"properties":{"Họ và tên":"VÕ THỊ TOÀN","Tên Đại Lý":"Hộ kinh doanh  Bảy Khanh","Địa chỉ đại lý":"ấp 3, xã Quới Sơn","layer_id":262,"fid":843,"label":"Hộ kinh doanh  Bảy Khanh"}},{"type":"Feature","id":844,"geometry":{"type":"Point","coordinates":[10.1152,106.5281]},"properties":{"Họ và tên":"VÕ THỊ TRÚC LY","Tên Đại Lý":"HỘ KINH DOANH VẬT TƯ NÔNG NGHIỆP TRÚC LY","Địa chỉ đại lý":"Số 102/3, ấp Xương Hoà 2, xã Thới Thạnh","layer_id":262,"fid":844,"label":"HỘ KINH DOANH VẬT TƯ NÔNG NGHIỆP TRÚC LY"}},{"type":"Feature","id":845,"geometry":{"type":"Point","coordinates":[10.1245,106.3112]},"properties":{"Họ và tên":"VÕ TRÍ SĨ ","Tên Đại Lý":"Hộ kinh doanh\n Võ Trí Sĩ","Địa chỉ đại lý":"số 278/7, ấp 7, xã Quới Sơn","layer_id":262,"fid":845,"label":"Hộ kinh doanh\n Võ Trí Sĩ"}},{"type":"Feature","id":846,"geometry":{"type":"Point","coordinates":[10.2154,106.2415]},"properties":{"Họ và tên":"VÕ VĂN BON","Tên Đại Lý":"Cửa hàng vật tư nông nghiệp Năm Bon","Địa chỉ đại lý":"Số 159/BVB, ấp Bến Vựa Bắc, xã Vĩnh Hòa","layer_id":262,"fid":846,"label":"Cửa hàng vật tư nông nghiệp Năm Bon"}},{"type":"Feature","id":847,"geometry":{"type":"Point","coordinates":[10.1712,106.2754]},"properties":{"Họ và tên":"VÕ VĂN NGHIỆP","Tên Đại Lý":"HỘ KINH DOANH THANH NGUYÊN","Địa chỉ đại lý":"Thửa đất số 264, tờ bản đồ số 15, ấp Thủ Sở, xã Thạnh Ngãi","layer_id":262,"fid":847,"label":"HỘ KINH DOANH THANH NGUYÊN"}},{"type":"Feature","id":848,"geometry":{"type":"Point","coordinates":[10.1242,106.3108]},"properties":{"Họ và tên":"VÕ VĂN PHÚC","Tên Đại Lý":"Hộ kinh doanh  Huy Chương","Địa chỉ đại lý":"số 9/91, ấp Thới Định, thị trấn Chợ Lách","layer_id":262,"fid":848,"label":"Hộ kinh doanh  Huy Chương"}},{"type":"Feature","id":849,"geometry":{"type":"Point","coordinates":[10.1118,106.5238]},"properties":{"Họ và tên":"VÕ VĂN TÍNH","Tên Đại Lý":"Hộ kinh doanh\n  Phương Tính","Địa chỉ đại lý":"số 173, ấp Phước Thành, xã Tam Phước","layer_id":262,"fid":849,"label":"Hộ kinh doanh\n  Phương Tính"}},{"type":"Feature","id":850,"geometry":{"type":"Point","coordinates":[10.3214,106.3452]},"properties":{"Họ và tên":"VÕ VĂN TRIỀU","Tên Đại Lý":"Hộ kinh doanh Tấn Phát","Địa chỉ đại lý":"Tổ 01, ấp Phú Thạnh, xã Phú Mỹ","layer_id":262,"fid":850,"label":"Hộ kinh doanh Tấn Phát"}},{"type":"Feature","id":851,"geometry":{"type":"Point","coordinates":[10.2785,106.3842]},"properties":{"Họ và tên":"VÕ VĂN VIỆT","Tên Đại Lý":"Hộ kinh doanh  Chín Việt","Địa chỉ đại lý":"114, ấp chợ, \nxã Thành Triệu","layer_id":262,"fid":851,"label":"Hộ kinh doanh  Chín Việt"}}]}
