{"type":"FeatureCollection","name":"Thuốc bảo vệ thực vật","metadata":{"source":"https://hatang.vinhlong.gov.vn/","downloaded_at":"2026-07-20T01:13:47+00:00","layer_id":263,"layer_name":"Thuốc bảo vệ thực vật","catalog_endpoints":["/map/publicLayers2?inputs=bvtv"],"requested_bbox":[104.0,8.0,108.0,12.0],"tile_size":0.0,"tile_count":1,"tile_errors":[],"feature_count":1286,"coordinate_order":"x,y (thường là longitude,latitude theo cấu hình EPSG:4326 của WebGIS)"},"features":[{"type":"Feature","id":89,"geometry":{"type":"Point","coordinates":[10571800.0,1014271.0]},"properties":{"Họ và tên":"Lương Thanh Tùng","Tên Đại Lý":"Hộ kinh doanh Lương Thanh Tùng ","Địa chỉ đại lý":"Khóm Tân Thuận, thị trấn Tân Quới, huyện Bình Tân, tỉnh Vĩnh Long","layer_id":263,"fid":89,"label":"Hộ kinh doanh Lương Thanh Tùng "}},{"type":"Feature","id":90,"geometry":{"type":"Point","coordinates":[105.79,10.07]},"properties":{"Họ và tên":"Trần Thanh Bình","Tên Đại Lý":"Hộ kinh doanh Trần Thanh Bình (Thanh Bình)","Địa chỉ đại lý":"Tổ 70, ấp Hòa Thuận, xã Nguyễn Văn Thảnh, huyện Bình Tân, tỉnh Vĩnh Long","layer_id":263,"fid":90,"label":"Hộ kinh doanh Trần Thanh Bình (Thanh Bình)"}},{"type":"Feature","id":167,"geometry":{"type":"Point","coordinates":[105.83316,10.07987]},"properties":{"Họ và tên":"Đỗ Trí Dũng","Tên Đại Lý":"Hộ kinh doanh Trí Dũng","Địa chỉ đại lý":"số 0808, tổ 6, ấp Thuận Tiến B, xã Thuận An, thị xã Bình Minh, tỉnh Vĩnh Long","layer_id":263,"fid":167,"label":"Hộ kinh doanh Trí Dũng"}},{"type":"Feature","id":91,"geometry":{"type":"Point","coordinates":[105.79352,10.14098]},"properties":{"Họ và tên":"Trần Thị Kim Thảo","Tên Đại Lý":"HKD Trần Thị Kim Thảo (Vũ Thảo)","Địa chỉ đại lý":"Tổ 15, ấp Tân Vĩnh, xã Tân Lược, huyện Bình Tân","layer_id":263,"fid":91,"label":"HKD Trần Thị Kim Thảo (Vũ Thảo)"}},{"type":"Feature","id":272,"geometry":{"type":"Point","coordinates":[10.22,106.11]},"properties":{"Họ và tên":"Đặng Tây Đô","Tên Đại Lý":"CH VTNN Phúc Nông","Địa chỉ đại lý":"Ấp Thuận Thới, AN Phước, Mang Thít","layer_id":263,"fid":272,"label":"CH VTNN Phúc Nông"}},{"type":"Feature","id":168,"geometry":{"type":"Point","coordinates":[105.85162,10.07686]},"properties":{"Họ và tên":"Nguyễn Thị Nhung","Tên Đại Lý":"Hộ kinh doanh cửa hàng VTNN Thế Anh","Địa chỉ đại lý":"Số 38, tổ 2, ấp Đông Thạnh C, xã Đông Thạnh, thị xã Bình Minh, tỉnh Vĩnh Long","layer_id":263,"fid":168,"label":"Hộ kinh doanh cửa hàng VTNN Thế Anh"}},{"type":"Feature","id":283,"geometry":{"type":"Point","coordinates":[10.1472,105.91192]},"properties":{"Họ và tên":"Lê Thành Huệ","Tên Đại Lý":"HKD Thành Huệ","Địa chỉ đại lý":"ấp Phú Long B, xã Phú Quới, huyện Long Hồ, tỉnh Vĩnh Long","layer_id":263,"fid":283,"label":"HKD Thành Huệ"}},{"type":"Feature","id":273,"geometry":{"type":"Point","coordinates":[10.16,106.1]},"properties":{"Họ và tên":"Nguyễn Văn Khen","Tên Đại Lý":"HKD VTNN Hùng Bò Hút","Địa chỉ đại lý":"ấp Tân Mỹ, xã Chánh An, huyện Mang Thít,","layer_id":263,"fid":273,"label":"HKD VTNN Hùng Bò Hút"}},{"type":"Feature","id":274,"geometry":{"type":"Point","coordinates":[10.179018,106.105456]},"properties":{"Họ và tên":"Trương Vĩ Bình","Tên Đại Lý":"CH VTNN Gia Phát","Địa chỉ đại lý":"Tổ 13, khóm 2, thị trấn Cái Nhum, Mang Thít","layer_id":263,"fid":274,"label":"CH VTNN Gia Phát"}},{"type":"Feature","id":387,"geometry":{"type":"Point","coordinates":[1009514.0,10583120.0]},"properties":{"Họ và tên":"Lê Thị Mứt","Tên Đại Lý":"HKD Lê Thị Mứt","Địa chỉ đại lý":"Tổ 15, ấp Thuận Phú A, xã Thuận An, thị xã Bình Minh, tỉnh Vĩnh Long","layer_id":263,"fid":387,"label":"HKD Lê Thị Mứt"}},{"type":"Feature","id":517,"geometry":{"type":"Point","coordinates":[106.324888,9.921319]},"properties":{"Họ và tên":"Hoàng Cao Khải","Tên Đại Lý":"CH VTNN Thùy Khải","Địa chỉ đại lý":"Thanh Mỹ, Châu Thành","layer_id":263,"fid":517,"label":"CH VTNN Thùy Khải"}},{"type":"Feature","id":655,"geometry":{"type":"Point","coordinates":[106.326887,9.851756]},"properties":{"Họ và tên":"Lê Thanh Nhàn","Tên Đại Lý":"Cửa hàng VTNN Thanh Nhàn","Địa chỉ đại lý":"Trà Cú, Trà Cú","layer_id":263,"fid":655,"label":"Cửa hàng VTNN Thanh Nhàn"}},{"type":"Feature","id":92,"geometry":{"type":"Point","coordinates":[105.69,10.15]},"properties":{"Họ và tên":"Trần Tuyết Mai","Tên Đại Lý":"HKD Hiếu Mai","Địa chỉ đại lý":"Số 116, tổ 05, ấp An Thạnh, xã Tân An Thạnh, huyện Bình Tân, tỉnh Vĩnh Long","layer_id":263,"fid":92,"label":"HKD Hiếu Mai"}},{"type":"Feature","id":284,"geometry":{"type":"Point","coordinates":[10.15767,105.94266]},"properties":{"Họ và tên":"Lê Văn Hưng","Tên Đại Lý":"HKD Bán phân bón vật tư nông nghiệp Năm Ai","Địa chỉ đại lý":"ấp Hòa Hưng, xã Hòa Phú, huyện Long Hồ, tỉnh Vĩnh Long","layer_id":263,"fid":284,"label":"HKD Bán phân bón vật tư nông nghiệp Năm Ai"}},{"type":"Feature","id":93,"geometry":{"type":"Point","coordinates":[105.723632,10.146825]},"properties":{"Họ và tên":"Trần Thị Kim Luôn","Tên Đại Lý":"HKD Trần Thị Kim Luôn (Tư Cọp)","Địa chỉ đại lý":"Tổ 04, ấp Tân Khánh, xã Tân Lược, huyện Bình Tân, tỉnh Vĩnh Long","layer_id":263,"fid":93,"label":"HKD Trần Thị Kim Luôn (Tư Cọp)"}},{"type":"Feature","id":160,"geometry":{"type":"Point","coordinates":[106.231038,10.10826]},"properties":{"Họ và tên":"Phan Thị Trinh","Tên Đại Lý":"Phan Thị Trinh","Địa chỉ đại lý":"Thái Bình Thanh Bình","layer_id":263,"fid":160,"label":"Phan Thị Trinh"}},{"type":"Feature","id":94,"geometry":{"type":"Point","coordinates":[105.73758,10.13357]},"properties":{"Họ và tên":"Nguyễn Văn Út","Tên Đại Lý":"HKD Út Hiền","Địa chỉ đại lý":"Tổ 08, ấp Tân Qui, xã Tân Bình, huyện Bình Tân","layer_id":263,"fid":94,"label":"HKD Út Hiền"}},{"type":"Feature","id":169,"geometry":{"type":"Point","coordinates":[105.82094,10.07433]},"properties":{"Họ và tên":"Đỗ Thị Kim Thúy","Tên Đại Lý":"Hộ kinh doanh Ngọc Thúy","Địa chỉ đại lý":"Tổ 1, ấp Thuận Tân A, xã Thuận An, thị xã Bình Minh, tỉnh Vĩnh Long","layer_id":263,"fid":169,"label":"Hộ kinh doanh Ngọc Thúy"}},{"type":"Feature","id":285,"geometry":{"type":"Point","coordinates":[10.20334,105.9174]},"properties":{"Họ và tên":"Võ Trung Hậu","Tên Đại Lý":"HKD Võ Trung Hậu","Địa chỉ đại lý":"Lô 28, ấp An Hiệp, xã Lộc Hòa, huyện Long Hồ, tỉnh Vĩnh Long","layer_id":263,"fid":285,"label":"HKD Võ Trung Hậu"}},{"type":"Feature","id":161,"geometry":{"type":"Point","coordinates":[106.228055,10.1125]},"properties":{"Họ và tên":"Nguyễn Công Luận","Tên Đại Lý":"Nguyễn Công Luận","Địa chỉ đại lý":"Thái Bình Thanh Bình","layer_id":263,"fid":161,"label":"Nguyễn Công Luận"}},{"type":"Feature","id":388,"geometry":{"type":"Point","coordinates":[1000770.0,10586289.0]},"properties":{"Họ và tên":"Bùi Thị Cẩm Nho","Tên Đại Lý":"HKD Cẩm Nho","Địa chỉ đại lý":"Tổ 01, ấp Đông Hưng 3, xã Đông Thành, thị xã Bình Minh, tỉnh Vĩnh Long","layer_id":263,"fid":388,"label":"HKD Cẩm Nho"}},{"type":"Feature","id":162,"geometry":{"type":"Point","coordinates":[106.256246,10.08471]},"properties":{"Họ và tên":"Chinh","Tên Đại Lý":"Chinh","Địa chỉ đại lý":"Bình Thủy Thanh Bình","layer_id":263,"fid":162,"label":"Chinh"}},{"type":"Feature","id":836,"geometry":{"type":"Point","coordinates":[106.1130614,9.8700593]},"properties":{"Họ và tên":"Phạm Thị Nga","Tên Đại Lý":"Cửa hàng VTNN Ba Nhỏ","Địa chỉ đại lý":"Hòa Tân, Cầu Kè","layer_id":263,"fid":836,"label":"Cửa hàng VTNN Ba Nhỏ"}},{"type":"Feature","id":518,"geometry":{"type":"Point","coordinates":[106.124614,9.897368]},"properties":{"Họ và tên":"Hoàng Ngọc Lâm","Tên Đại Lý":"CH VTNN Thông Thẩm","Địa chỉ đại lý":"Thị trấn Cầu Kè, Cầu Kè","layer_id":263,"fid":518,"label":"CH VTNN Thông Thẩm"}},{"type":"Feature","id":163,"geometry":{"type":"Point","coordinates":[106.200416,10.14213]},"properties":{"Họ và tên":"Lê Thanh Hậu","Tên Đại Lý":"Lê Thanh Hậu","Địa chỉ đại lý":"Phú Thới Quới Thiện","layer_id":263,"fid":163,"label":"Lê Thanh Hậu"}},{"type":"Feature","id":164,"geometry":{"type":"Point","coordinates":[106.204569,10.1435]},"properties":{"Họ và tên":"Lê Thị Hồng Nhi","Tên Đại Lý":"Lê Thị Hồng Nhi","Địa chỉ đại lý":"Phu thoi Quới Thiện","layer_id":263,"fid":164,"label":"Lê Thị Hồng Nhi"}},{"type":"Feature","id":95,"geometry":{"type":"Point","coordinates":[105.74037,10.18042]},"properties":{"Họ và tên":"Phan Minh Hoài","Tên Đại Lý":"Hộ kinh doanh Minh Hoài","Địa chỉ đại lý":"Tổ 01, ấp Hưng Lợi, xã Tân Hưng, huyện Bình Tân, tỉnh Vĩnh Long","layer_id":263,"fid":95,"label":"Hộ kinh doanh Minh Hoài"}},{"type":"Feature","id":170,"geometry":{"type":"Point","coordinates":[105.82266,10.06536]},"properties":{"Họ và tên":"Trần Kim Thông","Tên Đại Lý":"Hộ kinh doanh CSKD VTNN Tân Nguyên (Sáu Lũy)","Địa chỉ đại lý":"Khóm 1, Phường Cái Vồn, thị xã Bình Minh, tỉnh Vĩnh Long","layer_id":263,"fid":170,"label":"Hộ kinh doanh CSKD VTNN Tân Nguyên (Sáu Lũy)"}},{"type":"Feature","id":96,"geometry":{"type":"Point","coordinates":[105.7965,10.11713]},"properties":{"Họ và tên":"Lê Thị Giúp ","Tên Đại Lý":"Hộ kinh doanh Đức Tân (Bé Tư)","Địa chỉ đại lý":"Tổ 14, ấp Tân Minh, xã Tân Lược, Bình Tân","layer_id":263,"fid":96,"label":"Hộ kinh doanh Đức Tân (Bé Tư)"}},{"type":"Feature","id":286,"geometry":{"type":"Point","coordinates":[10.17838,106.11548]},"properties":{"Họ và tên":"Phạm Lê Tuấn","Tên Đại Lý":"Hộ kinh doanh Lê Tuấn","Địa chỉ đại lý":"Tổ 26, Khóm 1, thị trấn Cái Nhum, huyện Mang Thít, tỉnh Vĩnh Long","layer_id":263,"fid":286,"label":"Hộ kinh doanh Lê Tuấn"}},{"type":"Feature","id":97,"geometry":{"type":"Point","coordinates":[106.02147,10.18141]},"properties":{"Họ và tên":"Đào Công Nhân","Tên Đại Lý":"HKD cửa hàng VTNN Mỹ Diễm","Địa chỉ đại lý":"ấp An Phú A, xã Long An, huyện Long Hồ, tỉnh Vĩnh Long","layer_id":263,"fid":97,"label":"HKD cửa hàng VTNN Mỹ Diễm"}},{"type":"Feature","id":389,"geometry":{"type":"Point","coordinates":[1003795.0,10587484.0]},"properties":{"Họ và tên":"Trương Nhật Khải","Tên Đại Lý":"HKD Trương Nhật Khải (Ưng Yến)","Địa chỉ đại lý":"ấp Đông Thạnh A, xã Đông Thạnh, thị xã Bình Minh, tỉnh Vĩnh Long","layer_id":263,"fid":389,"label":"HKD Trương Nhật Khải (Ưng Yến)"}},{"type":"Feature","id":171,"geometry":{"type":"Point","coordinates":[105.82,10.09]},"properties":{"Họ và tên":"Nguyễn Văn Tâm","Tên Đại Lý":"HKD Tâm Hiếu II","Địa chỉ đại lý":"Tổ 01, ấp Thuận Thới, xã Thuận An, thị xã Bình Minh, tỉnh Vĩnh Long","layer_id":263,"fid":171,"label":"HKD Tâm Hiếu II"}},{"type":"Feature","id":98,"geometry":{"type":"Point","coordinates":[106.009,10.27319]},"properties":{"Họ và tên":"Nguyễn Hữu Toàn","Tên Đại Lý":"Hộ kinh doanh Hữu Toàn","Địa chỉ đại lý":"ấp Bình Hòa 1, xã Bình Hòa Phước, huyện Long Hồ, tỉnh Vĩnh Long","layer_id":263,"fid":98,"label":"Hộ kinh doanh Hữu Toàn"}},{"type":"Feature","id":287,"geometry":{"type":"Point","coordinates":[10.08936,105.88758]},"properties":{"Họ và tên":"Nguyễn Ngọc Sơn","Tên Đại Lý":"Hộ kinh doanh Sơn Hà","Địa chỉ đại lý":"Tổ 1, ấp Phú Thọ, xã Tân Phú, huyện Tam Bình, tỉnh Vĩnh Long","layer_id":263,"fid":287,"label":"Hộ kinh doanh Sơn Hà"}},{"type":"Feature","id":390,"geometry":{"type":"Point","coordinates":[1007069.0,10582184.0]},"properties":{"Họ và tên":"Lê Văn Biên","Tên Đại Lý":"HKD Lê Văn Biên (VTNN Anh Pha)","Địa chỉ đại lý":"Tổ 21, Khóm 5, phường Cái Vồn, thị xã Bình Minh, tỉnh Vĩnh Long","layer_id":263,"fid":390,"label":"HKD Lê Văn Biên (VTNN Anh Pha)"}},{"type":"Feature","id":656,"geometry":{"type":"Point","coordinates":[106.324888,9.921319]},"properties":{"Họ và tên":"Lê Thanh Thảo","Tên Đại Lý":"CH VTNN Nam Thành","Địa chỉ đại lý":"Nguyệt Hóa, Châu Thành","layer_id":263,"fid":656,"label":"CH VTNN Nam Thành"}},{"type":"Feature","id":519,"geometry":{"type":"Point","coordinates":[106.502888,9.814322]},"properties":{"Họ và tên":"Hồng Thái Hiền","Tên Đại Lý":"CH VTNN Thái Hiền","Địa chỉ đại lý":"Trường Thọ, Cầu Ngang","layer_id":263,"fid":519,"label":"CH VTNN Thái Hiền"}},{"type":"Feature","id":172,"geometry":{"type":"Point","coordinates":[105.94,10.16]},"properties":{"Họ và tên":"Nguyễn Văn Thạnh","Tên Đại Lý":"Hộ kinh doanh Cửa hàng VTNN Thạnh An","Địa chỉ đại lý":"số 86/5, ấp Hòa Hưng, xã Hòa Phú, huyện Long Hồ, tỉnh Vĩnh Long","layer_id":263,"fid":172,"label":"Hộ kinh doanh Cửa hàng VTNN Thạnh An"}},{"type":"Feature","id":99,"geometry":{"type":"Point","coordinates":[105.97332,10.28173]},"properties":{"Họ và tên":"Trịnh Thanh Tâm","Tên Đại Lý":"HKD Thanh Tâm","Địa chỉ đại lý":"ấp An Thới, xã An Bình, huyện Long Hồ, tỉnh Vĩnh Long","layer_id":263,"fid":99,"label":"HKD Thanh Tâm"}},{"type":"Feature","id":288,"geometry":{"type":"Point","coordinates":[10.05168,105.93287]},"properties":{"Họ và tên":"Lê Hoàng Trọng","Tên Đại Lý":"HKD Lê Hoàng Trọng (VTNN Được Mùa)","Địa chỉ đại lý":"Tổ 03, ấp Bình Hòa, xã Loan Mỹ, huyện Tam Bình, tỉnh Vĩnh Long","layer_id":263,"fid":288,"label":"HKD Lê Hoàng Trọng (VTNN Được Mùa)"}},{"type":"Feature","id":100,"geometry":{"type":"Point","coordinates":[105.97549,10.18104]},"properties":{"Họ và tên":"Phạm Thanh Sang","Tên Đại Lý":"HKD Ba Bé","Địa chỉ đại lý":"Tổ 28, ấp An Thành, xã Phú Đức, huyện Long Hồ, tỉnh Vĩnh Long","layer_id":263,"fid":100,"label":"HKD Ba Bé"}},{"type":"Feature","id":173,"geometry":{"type":"Point","coordinates":[105.89,10.16]},"properties":{"Họ và tên":"Đoàn Xuân Thùy","Tên Đại Lý":"Hộ kinh doanh Năm Sơn","Địa chỉ đại lý":"Số 42/3, Ấp Hòa Thạnh 2, Thạnh Quới, Long Hồ, Vĩnh Long","layer_id":263,"fid":173,"label":"Hộ kinh doanh Năm Sơn"}},{"type":"Feature","id":101,"geometry":{"type":"Point","coordinates":[105.97,10.18]},"properties":{"Họ và tên":"Nguyễn Kim Tuyết","Tên Đại Lý":"Hộ kinh doanh Nguyễn Kim Tuyết (VTNN Tư Hà)","Địa chỉ đại lý":"Số 27/2, ấp Long Bình, xã Lộc Hòa, huyện Long Hồ, tỉnh Vĩnh Long","layer_id":263,"fid":101,"label":"Hộ kinh doanh Nguyễn Kim Tuyết (VTNN Tư Hà)"}},{"type":"Feature","id":289,"geometry":{"type":"Point","coordinates":[10.04567,106.00883]},"properties":{"Họ và tên":"Nguyễn Thành Kiệt","Tên Đại Lý":"HKD Nguyễn Thành Kiệt","Địa chỉ đại lý":"Tổ 1, ấp Tường trí, xã Nhơn Bình, huyện Trà Ôn, tỉnh Vĩnh Long","layer_id":263,"fid":289,"label":"HKD Nguyễn Thành Kiệt"}},{"type":"Feature","id":236,"geometry":{"type":"Point","coordinates":[10.205341,106.089334]},"properties":{"Họ và tên":"Trần Văn Phùng","Tên Đại Lý":"Hộ kinh doanh VTNN Tám Phùng","Địa chỉ đại lý":"Tổ 03, ấp Phú Thạnh B, xã Nhơn Phú, huyện Mang Thít,","layer_id":263,"fid":236,"label":"Hộ kinh doanh VTNN Tám Phùng"}},{"type":"Feature","id":237,"geometry":{"type":"Point","coordinates":[10.236581,106.057724]},"properties":{"Họ và tên":"Kha Ngọc Thuận","Tên Đại Lý":"Cơ sở kinh doanh thuốc BVTV Ngọc Thuận","Địa chỉ đại lý":"ấp Hòa Mỹ 2, xã Mỹ An, huyện Mang Thít","layer_id":263,"fid":237,"label":"Cơ sở kinh doanh thuốc BVTV Ngọc Thuận"}},{"type":"Feature","id":391,"geometry":{"type":"Point","coordinates":[1009513.0,10582596.0]},"properties":{"Họ và tên":"Nguyên Thành Trung","Tên Đại Lý":"Hộ kinh doanh Nguyễn Thành Trung","Địa chỉ đại lý":"Tổ 6, ấp Thuận Thành, xã Thuận An, thị xã Bình Minh, tỉnh Vĩnh Long","layer_id":263,"fid":391,"label":"Hộ kinh doanh Nguyễn Thành Trung"}},{"type":"Feature","id":837,"geometry":{"type":"Point","coordinates":[106.1557088,10.0401878]},"properties":{"Họ và tên":"Phạm Thị Ngọc","Tên Đại Lý":"CH VTNN Tám Nải","Địa chỉ đại lý":"Ấn Trường, Càng Long","layer_id":263,"fid":837,"label":"CH VTNN Tám Nải"}},{"type":"Feature","id":472,"geometry":{"type":"Point","coordinates":[106.096359,9.897258]},"properties":{"Họ và tên":"Chung Thị Huyền","Tên Đại Lý":"CH VTNN Pha Huyền","Địa chỉ đại lý":"Châu Điền, Cầu Kè","layer_id":263,"fid":472,"label":"CH VTNN Pha Huyền"}},{"type":"Feature","id":657,"geometry":{"type":"Point","coordinates":[106.324888,9.921319]},"properties":{"Họ và tên":"Lê Thanh Thủy","Tên Đại Lý":"CH VTNN Tử Thắm","Địa chỉ đại lý":"Nguyệt Hóa, Châu Thành","layer_id":263,"fid":657,"label":"CH VTNN Tử Thắm"}},{"type":"Feature","id":174,"geometry":{"type":"Point","coordinates":[105.94,10.23]},"properties":{"Họ và tên":"Phan Tấn Lập","Tên Đại Lý":"Hộ kinh doanh Phương Mai 1","Địa chỉ đại lý":"số 19A/1, ấp Tân An, xã Tân Hạnh, huyện Long Hồ, tỉnh Vĩnh Long","layer_id":263,"fid":174,"label":"Hộ kinh doanh Phương Mai 1"}},{"type":"Feature","id":102,"geometry":{"type":"Point","coordinates":[106.10836,10.17584]},"properties":{"Họ và tên":"Nguyễn Hồng Vinh","Tên Đại Lý":"HKD Mua bán hóa chất sử dụng trong nông nghiệp (Vinh  Huy)","Địa chỉ đại lý":"Tổ 16, khóm 1, thị trấn Cái Nhum, huyện Mang Thít, tỉnh Vĩnh Long","layer_id":263,"fid":102,"label":"HKD Mua bán hóa chất sử dụng trong nông nghiệp (Vinh  Huy)"}},{"type":"Feature","id":290,"geometry":{"type":"Point","coordinates":[10.03465,106.11084]},"properties":{"Họ và tên":"Trần Vinh Khung","Tên Đại Lý":"HKD Trần Vĩnh Khung","Địa chỉ đại lý":"ấp Hiếu Minh B, xã hiếu Nhơn, huyện Vũng Liêm, tỉnh Vĩnh Long","layer_id":263,"fid":290,"label":"HKD Trần Vĩnh Khung"}},{"type":"Feature","id":103,"geometry":{"type":"Point","coordinates":[106.077731,10.16593]},"properties":{"Họ và tên":"Nguyễn Thị Ánh Tuyết","Tên Đại Lý":"HKD mua bán VTNN Uy Tuyền","Địa chỉ đại lý":"Tổ 14, ấp Phước Thới A, xã Bình Phước, huyện Mang Thít, tỉnh Vĩnh Long","layer_id":263,"fid":103,"label":"HKD mua bán VTNN Uy Tuyền"}},{"type":"Feature","id":220,"geometry":{"type":"Point","coordinates":[106.1121,10.08632]},"properties":{"Họ và tên":"Lê Minh Trí","Tên Đại Lý":"Hộ kinh doanh Minh Trí","Địa chỉ đại lý":"Số 88, Tổ 8, Ấp Hiếu hiệp, Hiếu phụng, Vũng Liêm, tỉnh Vĩnh Long","layer_id":263,"fid":220,"label":"Hộ kinh doanh Minh Trí"}},{"type":"Feature","id":175,"geometry":{"type":"Point","coordinates":[105.98,10.32]},"properties":{"Họ và tên":"Mai Linh Khá","Tên Đại Lý":"HKD Mai Linh Khá","Địa chỉ đại lý":"Thửa đất số 85, tờ bản đồ số 07, ấp Phú Mỹ 2, xã Đồng Phú, huyện Long Hồ, tỉnh Vĩnh Long","layer_id":263,"fid":175,"label":"HKD Mai Linh Khá"}},{"type":"Feature","id":165,"geometry":{"type":"Point","coordinates":[106.189604,10.16076]},"properties":{"Họ và tên":"Trương Văn Aril","Tên Đại Lý":"Trương Văn Aril","Địa chỉ đại lý":"Rạch Sâu Quới Thiện","layer_id":263,"fid":165,"label":"Trương Văn Aril"}},{"type":"Feature","id":520,"geometry":{"type":"Point","coordinates":[106.402517,9.880945]},"properties":{"Họ và tên":"Hồng Văn Thân","Tên Đại Lý":"CH VTNN Sáu Thân","Địa chỉ đại lý":"Ngãi Xuyên, Trà Cú","layer_id":263,"fid":520,"label":"CH VTNN Sáu Thân"}},{"type":"Feature","id":166,"geometry":{"type":"Point","coordinates":[106203806.0,10.1446]},"properties":{"Họ và tên":"Đỗ Quan Lộc","Tên Đại Lý":"Đỗ Quan Lộc","Địa chỉ đại lý":"Phú Thới Quới Thiện","layer_id":263,"fid":166,"label":"Đỗ Quan Lộc"}},{"type":"Feature","id":291,"geometry":{"type":"Point","coordinates":[106.11206,10.03919]},"properties":{"Họ và tên":"Huỳnh Tuấn","Tên Đại Lý":"Hộ kinh doanh Huỳnh Tuấn","Địa chỉ đại lý":"ấp Phú Cường, xã Hiếu Thuận, huyện Vũng Liêm","layer_id":263,"fid":291,"label":"Hộ kinh doanh Huỳnh Tuấn"}},{"type":"Feature","id":221,"geometry":{"type":"Point","coordinates":[106.1,9.99]},"properties":{"Họ và tên":"Nguyễn Thị Thanh Hiếu","Tên Đại Lý":"Hộ kinh doanh Hưng Phát Vĩnh Long 3","Địa chỉ đại lý":"Tổ 12, ấp Hiếu Xuân Tây, xã Hiếu Thành, huyện Vũng Liêm, tỉnh Vĩnh Long","layer_id":263,"fid":221,"label":"Hộ kinh doanh Hưng Phát Vĩnh Long 3"}},{"type":"Feature","id":392,"geometry":{"type":"Point","coordinates":[1006501.0,10582277.0]},"properties":{"Họ và tên":"Lê Ngọc Đặng","Tên Đại Lý":"HKD Tiệm phân Tân Hưng","Địa chỉ đại lý":"Khóm 1, Phường Cái Vồn, thị xã Bình Minh, tỉnh Vĩnh Long","layer_id":263,"fid":392,"label":"HKD Tiệm phân Tân Hưng"}},{"type":"Feature","id":104,"geometry":{"type":"Point","coordinates":[106.16305,10.1695]},"properties":{"Họ và tên":"Bùi Văn Ngọc","Tên Đại Lý":"HKD Cơ sở mua bán VTNN Hữu Hiệu","Địa chỉ đại lý":"SN 04, tổ 01, ấp Mỹ Chánh, xã Chánh An,  huyện Mang Thít, tỉnh Vĩnh Long","layer_id":263,"fid":104,"label":"HKD Cơ sở mua bán VTNN Hữu Hiệu"}},{"type":"Feature","id":176,"geometry":{"type":"Point","coordinates":[106.08978,10.13064]},"properties":{"Họ và tên":"Phan Thị Hà Thanh","Tên Đại Lý":"HKD cơ sở mua bán phân bón, thuốc BVTV (Năm Già)","Địa chỉ đại lý":"Tổ 03, ấp Tân Hội, xã Tân An Hội, huyện Mang Thít, tỉnh Vĩnh Long","layer_id":263,"fid":176,"label":"HKD cơ sở mua bán phân bón, thuốc BVTV (Năm Già)"}},{"type":"Feature","id":105,"geometry":{"type":"Point","coordinates":[106.09102,10.20524]},"properties":{"Họ và tên":"Phan Ngọc Tấn","Tên Đại Lý":"Hộ kinh doanh Phú Khang","Địa chỉ đại lý":"Tổ 4, ấp Phú Thạnh A, xã Nhơn Phú, huyện Mang Thít, tỉnh Vĩnh Long","layer_id":263,"fid":105,"label":"Hộ kinh doanh Phú Khang"}},{"type":"Feature","id":106,"geometry":{"type":"Point","coordinates":[106.04986,10.15879]},"properties":{"Họ và tên":"Trần Thị Út Em","Tên Đại Lý":"HKD cửa hàng VTNN Năm Thành","Địa chỉ đại lý":"Tổ 11, ấp Thân Bình, xã Tân Long, huyện Mang Thít, tỉnh Vĩnh Long","layer_id":263,"fid":106,"label":"HKD cửa hàng VTNN Năm Thành"}},{"type":"Feature","id":177,"geometry":{"type":"Point","coordinates":[106.10804,10.17288]},"properties":{"Họ và tên":"Mai Thị Ngọc Hương","Tên Đại Lý":"HKD Minh Hương","Địa chỉ đại lý":"khóm 2, thị trấn Cái Nhum, huyện Mang Thít, tỉnh Vĩnh Long","layer_id":263,"fid":177,"label":"HKD Minh Hương"}},{"type":"Feature","id":292,"geometry":{"type":"Point","coordinates":[106.11952,10.11061]},"properties":{"Họ và tên":"Âu Văn Trường Giang","Tên Đại Lý":"Cửa hàng VTNN Chí Thiện","Địa chỉ đại lý":"ấp Chợ Mới, xã Trung Chánh, huyện Vũng Liêm","layer_id":263,"fid":292,"label":"Cửa hàng VTNN Chí Thiện"}},{"type":"Feature","id":393,"geometry":{"type":"Point","coordinates":[1009305.0,10583180.0]},"properties":{"Họ và tên":"Nguyễn Quang Hiển","Tên Đại Lý":"Hộ kinh doanh Nguyễn Quang Hiển","Địa chỉ đại lý":"Tổ 12, ấp Thuận Phú A, xã Thuận An, thị xã Bình Minh, tỉnh Vĩnh Long","layer_id":263,"fid":393,"label":"Hộ kinh doanh Nguyễn Quang Hiển"}},{"type":"Feature","id":293,"geometry":{"type":"Point","coordinates":[106.17858,10.13855]},"properties":{"Họ và tên":"Nguyễn Thanh Liêm","Tên Đại Lý":"Cửa hàng VTNN Thanh Liêm","Địa chỉ đại lý":"ấp Phước Thọ, xã Quới An, huyện Vũng Liêm","layer_id":263,"fid":293,"label":"Cửa hàng VTNN Thanh Liêm"}},{"type":"Feature","id":521,"geometry":{"type":"Point","coordinates":[106.311756,9.873212]},"properties":{"Họ và tên":"Hứa Thành Hiếu","Tên Đại Lý":"Cửa hàng VTNN Hiếu Hằng","Địa chỉ đại lý":"ấp Lò Ngò, xã Song Lộc, huyện Châu Thành","layer_id":263,"fid":521,"label":"Cửa hàng VTNN Hiếu Hằng"}},{"type":"Feature","id":658,"geometry":{"type":"Point","coordinates":[106.262451,9.929845]},"properties":{"Họ và tên":"Lê Thanh Thúy","Tên Đại Lý":"Cửa hàng VTNN Thanh Tú","Địa chỉ đại lý":"Tân Bình, Càng Long","layer_id":263,"fid":658,"label":"Cửa hàng VTNN Thanh Tú"}},{"type":"Feature","id":473,"geometry":{"type":"Point","coordinates":[106.180295,9.940733]},"properties":{"Họ và tên":"Chung Thị Kim","Tên Đại Lý":"CH VTNN Thanh Cúc","Địa chỉ đại lý":"Tân Hòa, Tiểu Cần","layer_id":263,"fid":473,"label":"CH VTNN Thanh Cúc"}},{"type":"Feature","id":838,"geometry":{"type":"Point","coordinates":[106.213572,9.9997097]},"properties":{"Họ và tên":"Phạm Thị Nữ","Tên Đại Lý":"Công ty TNHH Út Nữ","Địa chỉ đại lý":"TT. Càng Long, Càng Long","layer_id":263,"fid":838,"label":"Công ty TNHH Út Nữ"}},{"type":"Feature","id":474,"geometry":{"type":"Point","coordinates":[106.326887,9.851756]},"properties":{"Họ và tên":"Đặng Quang Huy","Tên Đại Lý":"CH VTNN Út Huy","Địa chỉ đại lý":"An Quảng Hữu Trà Cú","layer_id":263,"fid":474,"label":"CH VTNN Út Huy"}},{"type":"Feature","id":107,"geometry":{"type":"Point","coordinates":[106.09055,10.21347]},"properties":{"Họ và tên":"Lê Văn Thắng","Tên Đại Lý":"HKD cửa hàng VTNN Thắng Lợi","Địa chỉ đại lý":"Tổ 13, ấp Phú Thọ, xã Nhơn Phú, Mang Thít, Vĩnh Long","layer_id":263,"fid":107,"label":"HKD cửa hàng VTNN Thắng Lợi"}},{"type":"Feature","id":178,"geometry":{"type":"Point","coordinates":[106.01315,10.21893]},"properties":{"Họ và tên":"Ngô Đức Tín","Tên Đại Lý":"HKD Cơ sở mua bán phân bón, thuốc BVTV - Đức Tín","Địa chỉ đại lý":"Tổ 14, ấp Long Hòa 2, xã Long Mỹ, huyện Mang Thít, tỉnh Vĩnh Long","layer_id":263,"fid":178,"label":"HKD Cơ sở mua bán phân bón, thuốc BVTV - Đức Tín"}},{"type":"Feature","id":394,"geometry":{"type":"Point","coordinates":[1002380.0,10583777.0]},"properties":{"Họ và tên":"Vũ Quang Trường","Tên Đại Lý":"Hộ kinh doanh Minh Anh","Địa chỉ đại lý":"Tổ 19, ấp Mỹ Lợi, xã Mỹ Hòa, thị xã Bình Minh, tỉnh Vĩnh Long","layer_id":263,"fid":394,"label":"Hộ kinh doanh Minh Anh"}},{"type":"Feature","id":108,"geometry":{"type":"Point","coordinates":[106.05966,10.23999]},"properties":{"Họ và tên":"Nguyễn Thị Thanh Vân","Tên Đại Lý":"HKD Lê Hoàng Bá","Địa chỉ đại lý":"Tổ 2, ấp Chợ, xã Mỹ An, Mang Thít, tỉnh Vĩnh Long","layer_id":263,"fid":108,"label":"HKD Lê Hoàng Bá"}},{"type":"Feature","id":109,"geometry":{"type":"Point","coordinates":[105.89568,10.11267]},"properties":{"Họ và tên":"Từ Nguyệt Yến","Tên Đại Lý":"HKD Thuận Phát","Địa chỉ đại lý":"Tổ 12, ấp Phú Tường, xã Song Phú, huyện Tam Bình, tỉnh Vĩnh Long","layer_id":263,"fid":109,"label":"HKD Thuận Phát"}},{"type":"Feature","id":179,"geometry":{"type":"Point","coordinates":[106.06698,10.01384]},"properties":{"Họ và tên":"Lâm Văn Cứ","Tên Đại Lý":"Hộ kinh doanh Tư Cứ","Địa chỉ đại lý":"Tổ 4, ấp Tường Thọ, xã Thới Hòa, huyện Trà Ôn, tỉnh Vĩnh Long","layer_id":263,"fid":179,"label":"Hộ kinh doanh Tư Cứ"}},{"type":"Feature","id":110,"geometry":{"type":"Point","coordinates":[105.89558,10.11314]},"properties":{"Họ và tên":"Châu Vĩnh Xuân","Tên Đại Lý":"Châu Vĩnh Xuân (VTNN SÁU TỶ)","Địa chỉ đại lý":"Tổ 10, ấp Phú Trường, xã Song Phú, huyện Tam Bình, tỉnh Vĩnh Long","layer_id":263,"fid":110,"label":"Châu Vĩnh Xuân (VTNN SÁU TỶ)"}},{"type":"Feature","id":180,"geometry":{"type":"Point","coordinates":[105.79506,10.14295]},"properties":{"Họ và tên":"Huỳnh Ngọc Nghĩa","Tên Đại Lý":"Hộ kinh doanh Bé Sáu","Địa chỉ đại lý":"Tổ 04, ấp Thành Hiếu, xã Thành Trung, huyện Bình Tân, tỉnh Vĩnh Long","layer_id":263,"fid":180,"label":"Hộ kinh doanh Bé Sáu"}},{"type":"Feature","id":294,"geometry":{"type":"Point","coordinates":[106.08539,9.96321]},"properties":{"Họ và tên":"Phan Văn Tiến","Tên Đại Lý":"Phan Văn Tiến (Chín Tiến)","Địa chỉ đại lý":"ấp Hiếu Ân, xã Hiếu Nghĩa, huyện Vũng Liêm","layer_id":263,"fid":294,"label":"Phan Văn Tiến (Chín Tiến)"}},{"type":"Feature","id":522,"geometry":{"type":"Point","coordinates":[106.262451,9.929845]},"properties":{"Họ và tên":"Hứa Văn Út","Tên Đại Lý":"Cửa hàng VTNN Út Nhứt","Địa chỉ đại lý":"Đôn Xuân, Duyên Hải","layer_id":263,"fid":522,"label":"Cửa hàng VTNN Út Nhứt"}},{"type":"Feature","id":659,"geometry":{"type":"Point","coordinates":[106.262451,9.929845]},"properties":{"Họ và tên":"Lê Thanh Tuyền","Tên Đại Lý":"CH VTNN Tuyền Tươi","Địa chỉ đại lý":"Tân Bình, Càng Long","layer_id":263,"fid":659,"label":"CH VTNN Tuyền Tươi"}},{"type":"Feature","id":475,"geometry":{"type":"Point","coordinates":[106.108754,9.923487]},"properties":{"Họ và tên":"Đặng T. Ngọc Phượng","Tên Đại Lý":"CH VTNN Nhã Phượng","Địa chỉ đại lý":"Phong Thạnh, Cầu Kè","layer_id":263,"fid":475,"label":"CH VTNN Nhã Phượng"}},{"type":"Feature","id":181,"geometry":{"type":"Point","coordinates":[105.7965,10.11713]},"properties":{"Họ và tên":"Nguyễn Ngọc Phúc","Tên Đại Lý":"HKD Năm Phúc","Địa chỉ đại lý":"Tổ 04, ấp Thành Giang, xã Thành Trung, huyện Bình Tân","layer_id":263,"fid":181,"label":"HKD Năm Phúc"}},{"type":"Feature","id":111,"geometry":{"type":"Point","coordinates":[105.89685,10.1139]},"properties":{"Họ và tên":"Lê Thị Ái","Tên Đại Lý":"Hộ kinh doanh Tám Huyền","Địa chỉ đại lý":"Số 14, tổ 01, ấp Phú Hòa, xã Phú Thịnh, huyện Tam Bình, tỉnh Vĩnh Long","layer_id":263,"fid":111,"label":"Hộ kinh doanh Tám Huyền"}},{"type":"Feature","id":68,"geometry":{"type":"Point","coordinates":[105.96633,10.1125]},"properties":{"Họ và tên":"Nguyễn Ánh Ngọc","Tên Đại Lý":"HKD Nhật Ngọc","Địa chỉ đại lý":"Số 156, tổ 11, ấp Mỹ Phú, Mỹ Lộc, Tam Bình","layer_id":263,"fid":68,"label":"HKD Nhật Ngọc"}},{"type":"Feature","id":507,"geometry":{"type":"Point","coordinates":[106.096359,9.897258]},"properties":{"Họ và tên":"Giang Thị Sò Phí","Tên Đại Lý":"CH VTNN Thanh Sắt","Địa chỉ đại lý":"Châu Điền, Cầu Kè","layer_id":263,"fid":507,"label":"CH VTNN Thanh Sắt"}},{"type":"Feature","id":69,"geometry":{"type":"Point","coordinates":[105.97265,10.15133]},"properties":{"Họ và tên":"Nguyễn Duy Vũ","Tên Đại Lý":"Hộ kinh doanh Thanh Duy","Địa chỉ đại lý":"Số 76, tổ 6, ấp 8, xã Tân Lộc, huyện Tam Bình, tỉnh Vĩnh Long","layer_id":263,"fid":69,"label":"Hộ kinh doanh Thanh Duy"}},{"type":"Feature","id":112,"geometry":{"type":"Point","coordinates":[105.99821,10.10662]},"properties":{"Họ và tên":"Nguyễn Văn Đạt","Tên Đại Lý":"Hộ kinh doanh Hai Đạt","Địa chỉ đại lý":"Tổ 2, ấp 3, xã Hậu Lộc, huyện Tam Bình, tỉnh Vĩnh Long","layer_id":263,"fid":112,"label":"Hộ kinh doanh Hai Đạt"}},{"type":"Feature","id":295,"geometry":{"type":"Point","coordinates":[106.08429,10.10095]},"properties":{"Họ và tên":"Phan Thị Cẩm Vân","Tên Đại Lý":"Cửa hàng VTNN Trung Vân","Địa chỉ đại lý":"tổ 8, ấp 8, xã Tân An Luông, huyện Vũng Liêm","layer_id":263,"fid":295,"label":"Cửa hàng VTNN Trung Vân"}},{"type":"Feature","id":70,"geometry":{"type":"Point","coordinates":[106.01,9.95]},"properties":{"Họ và tên":"Nguyễn Thanh Hùng","Tên Đại Lý":"HKD Nguyễn Thanh Hùng","Địa chỉ đại lý":"Tổ 4, ấp Vĩnh Trinh, xã Vĩnh Xuân, Trà Ôn, Vĩnh Long","layer_id":263,"fid":70,"label":"HKD Nguyễn Thanh Hùng"}},{"type":"Feature","id":182,"geometry":{"type":"Point","coordinates":[105.71168,10.14513]},"properties":{"Họ và tên":"Nguyễn Ngọc Thơ","Tên Đại Lý":"Hộ kinh doanh Minh Tú","Địa chỉ đại lý":"tổ 04, ấp An Khánh, xã Tân An Thạnh, huyện Bình Tân","layer_id":263,"fid":182,"label":"Hộ kinh doanh Minh Tú"}},{"type":"Feature","id":395,"geometry":{"type":"Point","coordinates":[1005119.0,10584194.0]},"properties":{"Họ và tên":"Sơn Văn Trương","Tên Đại Lý":"HKD Trương Phát","Địa chỉ đại lý":"Số thửa đất 464, tờ bản đồ 8, tổ 10, ấp Phù Ly 2, xã Đông Bình, thị xã Bình Minh, tỉnh Vĩnh Long","layer_id":263,"fid":395,"label":"HKD Trương Phát"}},{"type":"Feature","id":296,"geometry":{"type":"Point","coordinates":[106.15208,10.11046]},"properties":{"Họ và tên":"Nguyễn Văn Liệt","Tên Đại Lý":"Trường Thịnh","Địa chỉ đại lý":"ấp Trung Hưng, xã Trung Hiệp, huyện Vũng Liêm","layer_id":263,"fid":296,"label":"Trường Thịnh"}},{"type":"Feature","id":523,"geometry":{"type":"Point","coordinates":[106.324888,9.921319]},"properties":{"Họ và tên":"Huỳnh Chịa","Tên Đại Lý":"CH VTNN Huỳnh Chịa","Địa chỉ đại lý":"Hòa Lợi, Châu Thành","layer_id":263,"fid":523,"label":"CH VTNN Huỳnh Chịa"}},{"type":"Feature","id":476,"geometry":{"type":"Point","coordinates":[106.452109,9.814573]},"properties":{"Họ và tên":"Đặng Thanh Long","Tên Đại Lý":"CH VTNN Bé Bảy","Địa chỉ đại lý":"Vĩnh Kim, Cầu Ngang","layer_id":263,"fid":476,"label":"CH VTNN Bé Bảy"}},{"type":"Feature","id":113,"geometry":{"type":"Point","coordinates":[106.00441,10.08477]},"properties":{"Họ và tên":"Nguyễn Văn Dũng","Tên Đại Lý":"Hộ kinh doanh Dũng Chi","Địa chỉ đại lý":"Tổ 19, ấp 2, xã Hòa Lộc, huyện Tam Bình, tỉnh Vĩnh Long","layer_id":263,"fid":113,"label":"Hộ kinh doanh Dũng Chi"}},{"type":"Feature","id":183,"geometry":{"type":"Point","coordinates":[105.78,10.17]},"properties":{"Họ và tên":"Nguyễn Hoàng Anh ","Tên Đại Lý":"Hộ kinh doanh đại lý VTNN Tân Thành (Hoàng Anh)","Địa chỉ đại lý":"Tổ 05, ấp Tân lập, Tân Thành, Bình Tân, vĩnh long","layer_id":263,"fid":183,"label":"Hộ kinh doanh đại lý VTNN Tân Thành (Hoàng Anh)"}},{"type":"Feature","id":114,"geometry":{"type":"Point","coordinates":[105.91307,9.99306]},"properties":{"Họ và tên":"Nguyễn Thị Thu Yến","Tên Đại Lý":"Hộ kinh doanh cửa hàng VTNN Yến Phong","Địa chỉ đại lý":"Số 155, tổ 10, ấp Nhứt, xã Ngãi Tứ, huyện Tam Bình, tỉnh Vĩnh Long","layer_id":263,"fid":114,"label":"Hộ kinh doanh cửa hàng VTNN Yến Phong"}},{"type":"Feature","id":115,"geometry":{"type":"Point","coordinates":[105.91368,10.0776]},"properties":{"Họ và tên":"Nguyễn Thu Thủy","Tên Đại Lý":"HKD Nguyễn Thu Thủy (VTNN Lâm Thủy)","Địa chỉ đại lý":"Tổ 39, ấp Phú Sơn A, xã Long Phú, huyện Tam Bình, tỉnh Vĩnh Long","layer_id":263,"fid":115,"label":"HKD Nguyễn Thu Thủy (VTNN Lâm Thủy)"}},{"type":"Feature","id":184,"geometry":{"type":"Point","coordinates":[105.77,10.09]},"properties":{"Họ và tên":"Trần Anh Tú","Tên Đại Lý":"Hộ kinh doanh Trần Anh Tú","Địa chỉ đại lý":"Tổ 02, khóm Tân Hạnh, thị trấn Tân Quới, huyện Bình Tân, tỉnh Vĩnh Long","layer_id":263,"fid":184,"label":"Hộ kinh doanh Trần Anh Tú"}},{"type":"Feature","id":396,"geometry":{"type":"Point","coordinates":[1010446.0,10575041.0]},"properties":{"Họ và tên":"Bùi Hồng Xuân","Tên Đại Lý":"Hộ kinh doanh Bùi Hồng Xuân (VTNN Tư On)","Địa chỉ đại lý":"Tổ 16, ấp Tân Thuận, thị trấn Tân Quới, huyện Bình Tân, tỉnh Vĩnh Long","layer_id":263,"fid":396,"label":"Hộ kinh doanh Bùi Hồng Xuân (VTNN Tư On)"}},{"type":"Feature","id":297,"geometry":{"type":"Point","coordinates":[106.1985,10.05703]},"properties":{"Họ và tên":"Võ Quốc Tiến","Tên Đại Lý":"Cửa hàng VTNN  Mười Dùng","Địa chỉ đại lý":"ấp Giồng Ké, xã Trung Ngãi, huyện Vũng Liêm","layer_id":263,"fid":297,"label":"Cửa hàng VTNN  Mười Dùng"}},{"type":"Feature","id":269,"geometry":{"type":"Point","coordinates":[10.2,106.13]},"properties":{"Họ và tên":"Lê Quốc Thông","Tên Đại Lý":"HKD DR Durian","Địa chỉ đại lý":"Ấp Thanh Thủy, An Phước, Mang Thít","layer_id":263,"fid":269,"label":"HKD DR Durian"}},{"type":"Feature","id":660,"geometry":{"type":"Point","coordinates":[106.134297,10.007651]},"properties":{"Họ và tên":"Lê Thị Phượng","Tên Đại Lý":"CH VTNN Lệ Phượng","Địa chỉ đại lý":"Tân An, Càng Long","layer_id":263,"fid":660,"label":"CH VTNN Lệ Phượng"}},{"type":"Feature","id":270,"geometry":{"type":"Point","coordinates":[10.2,106.12]},"properties":{"Họ và tên":"Lê Hoàng Bá","Tên Đại Lý":"CH VTNN Lê Hoàng Bá","Địa chỉ đại lý":"ấp Chợ, Mỹ An, Mang Thít","layer_id":263,"fid":270,"label":"CH VTNN Lê Hoàng Bá"}},{"type":"Feature","id":271,"geometry":{"type":"Point","coordinates":[102500.0,10603000.0]},"properties":{"Họ và tên":"Ngô Thị Cẩm Hằng","Tên Đại Lý":"Hộ kinh doanh Tài Lộc","Địa chỉ đại lý":"Tổ 11, ấp An Hương 1, xã Mỹ An, Mang Thít","layer_id":263,"fid":271,"label":"Hộ kinh doanh Tài Lộc"}},{"type":"Feature","id":397,"geometry":{"type":"Point","coordinates":[1018808.0,10577504.0]},"properties":{"Họ và tên":"Đào Thu Hiếu","Tên Đại Lý":"Hộ kinh doanh Đào Thu Hiếu","Địa chỉ đại lý":"Tổ 01, ấp Tân Lập, xã Tân Thành, huyện Bình Tân","layer_id":263,"fid":397,"label":"Hộ kinh doanh Đào Thu Hiếu"}},{"type":"Feature","id":839,"geometry":{"type":"Point","coordinates":[106.3468501,9.9272338]},"properties":{"Họ và tên":"Phạm Thị Thanh Lan","Tên Đại Lý":"Công ty TNHH MTV DV - KT Nông","Địa chỉ đại lý":"Ấp Long Bình, Phường 4, TP. Trà Vinh","layer_id":263,"fid":839,"label":"Công ty TNHH MTV DV - KT Nông"}},{"type":"Feature","id":185,"geometry":{"type":"Point","coordinates":[105.74,10.18]},"properties":{"Họ và tên":"Trần Bá Đức","Tên Đại Lý":"HKD Đức Hưng Phát","Địa chỉ đại lý":"ấp Hưng Thuận, xã Tân Hưng, huyện Bình Tân, tỉnh Vĩnh Long","layer_id":263,"fid":185,"label":"HKD Đức Hưng Phát"}},{"type":"Feature","id":298,"geometry":{"type":"Point","coordinates":[106.19909,10.05394]},"properties":{"Họ và tên":"Nguyễn Thị Nga","Tên Đại Lý":"Nguyễn Thị Nga (VTNN Nga Trung)","Địa chỉ đại lý":"ấp 1, xã Trung Ngãi, huyện Vũng Liêm","layer_id":263,"fid":298,"label":"Nguyễn Thị Nga (VTNN Nga Trung)"}},{"type":"Feature","id":116,"geometry":{"type":"Point","coordinates":[105.93577,9.98731]},"properties":{"Họ và tên":"Liêu Minh Đức","Tên Đại Lý":"HKD Liêu Minh Đức (Đại lý VTNN Bảy Sạp)","Địa chỉ đại lý":"Số 157, tổ 12, ấp Mỹ An, xã Bình Ninh, huyện Tam Bình, tỉnh Vĩnh Long","layer_id":263,"fid":116,"label":"HKD Liêu Minh Đức (Đại lý VTNN Bảy Sạp)"}},{"type":"Feature","id":524,"geometry":{"type":"Point","coordinates":[106.195254,9.966812]},"properties":{"Họ và tên":"Huỳnh Công Định","Tên Đại Lý":"CH VTNN Huỳnh Công Định","Địa chỉ đại lý":"Mỹ Cẩm, Càng Long","layer_id":263,"fid":524,"label":"CH VTNN Huỳnh Công Định"}},{"type":"Feature","id":117,"geometry":{"type":"Point","coordinates":[106.00486,10.08473]},"properties":{"Họ và tên":"Phạm Tấn Triều","Tên Đại Lý":"Hộ kinh doanh Nhựt Định","Địa chỉ đại lý":"Tổ 2, ấp 2, xã Hòa Lộc, huyện Tam Bình, tỉnh Vĩnh Long","layer_id":263,"fid":117,"label":"Hộ kinh doanh Nhựt Định"}},{"type":"Feature","id":186,"geometry":{"type":"Point","coordinates":[105.76,10.1]},"properties":{"Họ và tên":"Nguyễn Thị Thu Trang","Tên Đại Lý":"HKD VTNN Vạn Phát","Địa chỉ đại lý":"Số 1225, tổ 18, khóm Thành Quới, thị trấn Tân Quới, huyện Bình Tân, tỉnh Vĩnh Long","layer_id":263,"fid":186,"label":"HKD VTNN Vạn Phát"}},{"type":"Feature","id":187,"geometry":{"type":"Point","coordinates":[105.718,10.14271]},"properties":{"Họ và tên":"Phan Thị Mỹ Thùy","Tên Đại Lý":"HKD Phan Hùng Dũng","Địa chỉ đại lý":"084, tổ 03, ấp Tân Lộc, xã Tân Lược, huyện Bình Tân, tỉnh Vĩnh Long","layer_id":263,"fid":187,"label":"HKD Phan Hùng Dũng"}},{"type":"Feature","id":224,"geometry":{"type":"Point","coordinates":[10.064,105.822]},"properties":{"Họ và tên":"Phùng Bửu Châu","Tên Đại Lý":"HKD Phùng Bửu Châu (Dân Thuận)","Địa chỉ đại lý":"Tổ 10, khóm 1, phường Cái Vồn, thị xã Bình Minh, tỉnh Vĩnh Long","layer_id":263,"fid":224,"label":"HKD Phùng Bửu Châu (Dân Thuận)"}},{"type":"Feature","id":299,"geometry":{"type":"Point","coordinates":[106.19413,10.0717]},"properties":{"Họ và tên":"Nguyễn Thị Thanh Như","Tên Đại Lý":"Hộ kinh doanh Thanh Như","Địa chỉ đại lý":"tổ 7, ấp Trung Trạch, xã Trung Thành, huyện Vũng Liêm","layer_id":263,"fid":299,"label":"Hộ kinh doanh Thanh Như"}},{"type":"Feature","id":398,"geometry":{"type":"Point","coordinates":[1018808.0,10577518.0]},"properties":{"Họ và tên":"Văng Tấn Thành","Tên Đại Lý":"Hộ kinh doanh Văng Tấn Thành (Hải Hậu)","Địa chỉ đại lý":"Tổ 1, ấp Tân Lập, xã Tân Thành, huyện Bình Tân, tỉnh Vĩnh Long","layer_id":263,"fid":398,"label":"Hộ kinh doanh Văng Tấn Thành (Hải Hậu)"}},{"type":"Feature","id":661,"geometry":{"type":"Point","coordinates":[106.529341,9.771618]},"properties":{"Họ và tên":"Lê Thị Gòn","Tên Đại Lý":"CH VTNN Lê Thị Gòn","Địa chỉ đại lý":"Trường Long Hòa, Tx. Duyên Hải","layer_id":263,"fid":661,"label":"CH VTNN Lê Thị Gòn"}},{"type":"Feature","id":591,"geometry":{"type":"Point","coordinates":[106.287841,9.917409]},"properties":{"Họ và tên":"Lê Quốc Dũng","Tên Đại Lý":"CH VTNN Dũng Phát","Địa chỉ đại lý":"Đa Lộc, Châu Thành","layer_id":263,"fid":591,"label":"CH VTNN Dũng Phát"}},{"type":"Feature","id":118,"geometry":{"type":"Point","coordinates":[105.94711,10.13791]},"properties":{"Họ và tên":"Lữ Thị Thúy Oanh","Tên Đại Lý":"Hộ kinh doanh Lữ Thị Thúy Oanh","Địa chỉ đại lý":"Số 171, tổ 10, ấp Lung Đồng, xã Phú Lộc, huyện Tam Bình, tỉnh Vĩnh Long","layer_id":263,"fid":118,"label":"Hộ kinh doanh Lữ Thị Thúy Oanh"}},{"type":"Feature","id":119,"geometry":{"type":"Point","coordinates":[106.00382,10.0842]},"properties":{"Họ và tên":"Nguyễn Thị Nguyệt Loan","Tên Đại Lý":"Hộ kinh doanh Sáu Đen","Địa chỉ đại lý":"Tổ 8, ấp 2, xã Hòa Lộc, huyện Tam Bình, tỉnh Vĩnh Long","layer_id":263,"fid":119,"label":"Hộ kinh doanh Sáu Đen"}},{"type":"Feature","id":45,"geometry":{"type":"Point","coordinates":[105.79506,10.14295]},"properties":{"Họ và tên":"Huỳnh Ngọc Nghĩa","Tên Đại Lý":"Hộ kinh doanh Bé Sáu","Địa chỉ đại lý":"Tổ 04. ấp Thành Hiếu. xã Thành Trung. huyện Bình Tân. tỉnh Vĩnh Long","layer_id":263,"fid":45,"label":"Hộ kinh doanh Bé Sáu"}},{"type":"Feature","id":300,"geometry":{"type":"Point","coordinates":[106.16417,10.15376]},"properties":{"Họ và tên":"Huỳnh Ngọc Tấn","Tên Đại Lý":"Tấn","Địa chỉ đại lý":"ấp Phước Tường, xã Quới An, huyện Vũng Liêm","layer_id":263,"fid":300,"label":"Tấn"}},{"type":"Feature","id":46,"geometry":{"type":"Point","coordinates":[105.7965,10.11713]},"properties":{"Họ và tên":"Nguyễn Ngọc Phúc","Tên Đại Lý":"HKD Năm Phúc","Địa chỉ đại lý":"Tổ 04. ấp Thành Giang. xã Thành Trung. huyện Bình Tân","layer_id":263,"fid":46,"label":"HKD Năm Phúc"}},{"type":"Feature","id":188,"geometry":{"type":"Point","coordinates":[105.79,10.07]},"properties":{"Họ và tên":"Nguyễn Minh Chánh","Tên Đại Lý":"Văn phòng Công ty TNHH nông nghiệp hữu cơ sông hậu VN","Địa chỉ đại lý":"Số 0179, tổ 8, ấp Thành Phú, xã Thành Lợi, huyện Bình Tân, tỉnh Vĩnh Long","layer_id":263,"fid":188,"label":"Văn phòng Công ty TNHH nông nghiệp hữu cơ sông hậu VN"}},{"type":"Feature","id":120,"geometry":{"type":"Point","coordinates":[106.04272,10.09811]},"properties":{"Họ và tên":"Hộ kinh doanh Nguyễn Văn Bé Chính (Chính Nguyên)","Tên Đại Lý":"Số 159, tổ 11, ấp 4, xã Hòa Hiệp, huyện Tam Bình, tỉnh Vĩnh Long","Địa chỉ đại lý":null,"layer_id":263,"fid":120,"label":"Số 159, tổ 11, ấp 4, xã Hòa Hiệp, huyện Tam Bình, tỉnh Vĩnh Long"}},{"type":"Feature","id":47,"geometry":{"type":"Point","coordinates":[105.71168,10.14513]},"properties":{"Họ và tên":"Nguyễn Ngọc Thơ","Tên Đại Lý":"Hộ kinh doanh Minh Tú","Địa chỉ đại lý":"tổ 04, ấp An Khánh, xã Tân An Thạnh, huyện Bình Tân","layer_id":263,"fid":47,"label":"Hộ kinh doanh Minh Tú"}},{"type":"Feature","id":399,"geometry":{"type":"Point","coordinates":[1015.0,10571.0]},"properties":{"Họ và tên":"Phan Thanh Tâm","Tên Đại Lý":"Hộ kinh doanh Tâm Hằng","Địa chỉ đại lý":"Tổ 10, ấp An Khánh, xã Tân An Thạnh, huyện Bình Tân, tỉnh Vĩnh Long","layer_id":263,"fid":399,"label":"Hộ kinh doanh Tâm Hằng"}},{"type":"Feature","id":525,"geometry":{"type":"Point","coordinates":[106.529341,9.771618]},"properties":{"Họ và tên":"Huỳnh Hoàng Vũ","Tên Đại Lý":"Cửa hàng Vật tư nông nghiệp Hoàng","Địa chỉ đại lý":"ấp Bến Kinh, xã Mỹ Long Bắc, huyện Cầu Ngang","layer_id":263,"fid":525,"label":"Cửa hàng Vật tư nông nghiệp Hoàng"}},{"type":"Feature","id":662,"geometry":{"type":"Point","coordinates":[106.311756,9.873212]},"properties":{"Họ và tên":"Lê Thị Kim Loan","Tên Đại Lý":"CH VTNN Đông Loan","Địa chỉ đại lý":"Phước Hưng, Trà Cú","layer_id":263,"fid":662,"label":"CH VTNN Đông Loan"}},{"type":"Feature","id":491,"geometry":{"type":"Point","coordinates":[106.529341,9.771618]},"properties":{"Họ và tên":"Đoàn Ngọc Tiệm","Tên Đại Lý":"CH VTNN Ánh Duyên","Địa chỉ đại lý":"Mỹ Long Bắc, Cầu Ngang","layer_id":263,"fid":491,"label":"CH VTNN Ánh Duyên"}},{"type":"Feature","id":48,"geometry":{"type":"Point","coordinates":[105.78,10.17]},"properties":{"Họ và tên":"Nguyễn Hoàng Anh ","Tên Đại Lý":"Hộ kinh doanh đại lý VTNN Tân Thành (Hoàng Anh)","Địa chỉ đại lý":"Tổ 05, ấp Tân lập, Tân Thành, Bình Tân, vĩnh long","layer_id":263,"fid":48,"label":"Hộ kinh doanh đại lý VTNN Tân Thành (Hoàng Anh)"}},{"type":"Feature","id":301,"geometry":{"type":"Point","coordinates":[106.15224,10.15356]},"properties":{"Họ và tên":"Nguyễn Thanh Thanh","Tên Đại Lý":"Hộ kinh doanh Cửa hàng VTNN Gia Thanh","Địa chỉ đại lý":"tổ 12, ấp Nhứt, xã Quới An, huyện Vũng Liêm","layer_id":263,"fid":301,"label":"Hộ kinh doanh Cửa hàng VTNN Gia Thanh"}},{"type":"Feature","id":49,"geometry":{"type":"Point","coordinates":[105.77,10.09]},"properties":{"Họ và tên":"Trần Anh Tú","Tên Đại Lý":"Hộ kinh doanh Trần Anh Tú","Địa chỉ đại lý":"Tổ 02, khóm Tân Hạnh, thị trấn Tân Quới, huyện Bình Tân, tỉnh Vĩnh Long","layer_id":263,"fid":49,"label":"Hộ kinh doanh Trần Anh Tú"}},{"type":"Feature","id":121,"geometry":{"type":"Point","coordinates":[105.9765,10.07675]},"properties":{"Họ và tên":"Nguyễn Thị Thúy An","Tên Đại Lý":"HKD Minh - Phương","Địa chỉ đại lý":"Số 49,  tổ 4, ấp Mỹ Hưng, xã Mỹ Thạnh Trung, huyện Tam Bình, tỉnh Vĩn Long","layer_id":263,"fid":121,"label":"HKD Minh - Phương"}},{"type":"Feature","id":189,"geometry":{"type":"Point","coordinates":[106.04442,10.21003]},"properties":{"Họ và tên":"Trần Thị Đẹp","Tên Đại Lý":"HKD Cơ sở mua bán VTNN (Trần Thị Đẹp)","Địa chỉ đại lý":"Tổ 07, ấp Bình Hòa 2, xã Hòa Tịnh, huyện Mang Thít, tỉnh Vĩnh Long","layer_id":263,"fid":189,"label":"HKD Cơ sở mua bán VTNN (Trần Thị Đẹp)"}},{"type":"Feature","id":50,"geometry":{"type":"Point","coordinates":[105.74,10.18]},"properties":{"Họ và tên":"Trần Bá Đức","Tên Đại Lý":"HKD Đức Hưng Phát","Địa chỉ đại lý":"ấp Hưng Thuận, xã Tân Hưng, huyện Bình Tân, tỉnh Vĩnh Long","layer_id":263,"fid":50,"label":"HKD Đức Hưng Phát"}},{"type":"Feature","id":400,"geometry":{"type":"Point","coordinates":[1016.0,10577.0]},"properties":{"Họ và tên":"Nguyễn Văn Điều","Tên Đại Lý":"Hộ kinh doanh Hồng Đào","Địa chỉ đại lý":"Tổ 09, ấp Tân Mỹ, xã Tân Thành, huyện Bình Tân","layer_id":263,"fid":400,"label":"Hộ kinh doanh Hồng Đào"}},{"type":"Feature","id":51,"geometry":{"type":"Point","coordinates":[105.76,10.1]},"properties":{"Họ và tên":"Nguyễn Thị Thu Trang","Tên Đại Lý":"HKD VTNN Vạn Phát","Địa chỉ đại lý":"Số 1225, tổ 18, khóm Thành Quới, thị trấn Tân Quới, huyện Bình Tân, tỉnh Vĩnh Long","layer_id":263,"fid":51,"label":"HKD VTNN Vạn Phát"}},{"type":"Feature","id":122,"geometry":{"type":"Point","coordinates":[106.1101,10.17055]},"properties":{"Họ và tên":"Đặng Ngọc Toàn Dương","Tên Đại Lý":"Hộ kinh doanh Minh Tâm","Địa chỉ đại lý":"Tổ 1, ấp Tân Quới, xã Tân Quới Trung, huyện Vũng Liêm, tỉnh Vĩnh Long","layer_id":263,"fid":122,"label":"Hộ kinh doanh Minh Tâm"}},{"type":"Feature","id":190,"geometry":{"type":"Point","coordinates":[106.07,10.16]},"properties":{"Họ và tên":"Phạm Thế Hùng","Tên Đại Lý":"Cửa hàng VTNN Phạm Thế Hùng","Địa chỉ đại lý":"ấp Tân Qui 2, xã Tân An Hội, huyện Mang Thít, tỉnh Vĩnh Long","layer_id":263,"fid":190,"label":"Cửa hàng VTNN Phạm Thế Hùng"}},{"type":"Feature","id":302,"geometry":{"type":"Point","coordinates":[106.11,10.03424]},"properties":{"Họ và tên":"Hồ Văn Hội","Tên Đại Lý":"Hộ kinh doanh Hồ Văn Hội (Mười Hội)","Địa chỉ đại lý":"ấp Hiếu Minh B, xã Hiếu Nhơn, huyện Vũng Liêm","layer_id":263,"fid":302,"label":"Hộ kinh doanh Hồ Văn Hội (Mười Hội)"}},{"type":"Feature","id":401,"geometry":{"type":"Point","coordinates":[1012164.0,10577295.0]},"properties":{"Họ và tên":"Trần Thanh Long","Tên Đại Lý":"HKD Trần Thanh Long (Sáu Long)","Địa chỉ đại lý":"Tổ 04, ấp Thành An, xã Thành Lợi, huyện Bình Tân, tỉnh Vĩnh Long","layer_id":263,"fid":401,"label":"HKD Trần Thanh Long (Sáu Long)"}},{"type":"Feature","id":303,"geometry":{"type":"Point","coordinates":[106.2038,10.1446]},"properties":{"Họ và tên":"Đỗ Quang Lộc","Tên Đại Lý":"Hộ kinh doanh Đỗ Quang Lộc (Tư Phục)","Địa chỉ đại lý":"ấp Phú Thới, xã Quới Thiện, huyện Vũng Liêm","layer_id":263,"fid":303,"label":"Hộ kinh doanh Đỗ Quang Lộc (Tư Phục)"}},{"type":"Feature","id":526,"geometry":{"type":"Point","coordinates":[106.315056,9.882195]},"properties":{"Họ và tên":"Huỳnh Hữu Phước","Tên Đại Lý":"Cửa hàng VTNN Hữu Phước","Địa chỉ đại lý":"ấp Chợ, xã Tập Sơn, huyện Trà Cú","layer_id":263,"fid":526,"label":"Cửa hàng VTNN Hữu Phước"}},{"type":"Feature","id":840,"geometry":{"type":"Point","coordinates":[106.213572,9.9997097]},"properties":{"Họ và tên":"Phạm Thị Thu Hà","Tên Đại Lý":"CH VTNN Phương Hà","Địa chỉ đại lý":"Khóm 1, TT. Càng Long","layer_id":263,"fid":840,"label":"CH VTNN Phương Hà"}},{"type":"Feature","id":663,"geometry":{"type":"Point","coordinates":[106.311756,9.873212]},"properties":{"Họ và tên":"Lê Thị Kim Tuyến","Tên Đại Lý":"Cửa hàng VTNN Kim Linh","Địa chỉ đại lý":"Phước Hưng, Trà Cú","layer_id":263,"fid":663,"label":"Cửa hàng VTNN Kim Linh"}},{"type":"Feature","id":123,"geometry":{"type":"Point","coordinates":[106.11732,10.07447]},"properties":{"Họ và tên":"Cao Quốc Khanh","Tên Đại Lý":"Hộ kinh doanh Cao Quốc Khanh (Hưng Phú)","Địa chỉ đại lý":"Tổ 05, ấp Quang Thạnh, xã Hiếu Phụng, huyện Vũng Liêm, tỉnh Vĩnh Long","layer_id":263,"fid":123,"label":"Hộ kinh doanh Cao Quốc Khanh (Hưng Phú)"}},{"type":"Feature","id":52,"geometry":{"type":"Point","coordinates":[105.718,10.14271]},"properties":{"Họ và tên":"Lê Hoàng Phúc","Tên Đại Lý":"HKD Ba Thổ","Địa chỉ đại lý":"Số 0479, tổ 22, ấp An Khánh, xã Tân An Thạnh, huyện Bình Tân, tỉnh Vĩnh Long","layer_id":263,"fid":52,"label":"HKD Ba Thổ"}},{"type":"Feature","id":191,"geometry":{"type":"Point","coordinates":[106.03,10.21]},"properties":{"Họ và tên":"Nguyễn Thị Út","Tên Đại Lý":"Hộ kinh doanh Út Nhân","Địa chỉ đại lý":"Tổ 01, ấp Bình Hòa 2, xã Hòa Tịnh, huyện Mang Thít, tỉnh Vĩnh Long","layer_id":263,"fid":191,"label":"Hộ kinh doanh Út Nhân"}},{"type":"Feature","id":53,"geometry":{"type":"Point","coordinates":[105.79,10.07]},"properties":{"Họ và tên":"Phan Thị Mỹ Thùy","Tên Đại Lý":"HKD Phan Hùng Dũng","Địa chỉ đại lý":"084, tổ 03, ấp Tân Lộc, xã Tân Lược, huyện Bình Tân, tỉnh Vĩnh Long","layer_id":263,"fid":53,"label":"HKD Phan Hùng Dũng"}},{"type":"Feature","id":402,"geometry":{"type":"Point","coordinates":[1015.0,10579.0]},"properties":{"Họ và tên":"Ngô Văn Thuận","Tên Đại Lý":"Hộ kinh doanh Ngô Văn Thuận","Địa chỉ đại lý":"Tổ 02, ấp Thành Hiếu, xã Thành Trung, huyện Bình Tân","layer_id":263,"fid":402,"label":"Hộ kinh doanh Ngô Văn Thuận"}},{"type":"Feature","id":124,"geometry":{"type":"Point","coordinates":[106.15962,10.02259]},"properties":{"Họ và tên":"Hà Văn Toàn","Tên Đại Lý":"HKD Hà Văn Toàn","Địa chỉ đại lý":"Tổ 5, ấp Trung Hòa 1, xã Trung An, huyện Vũng Liêm, tỉnh Vĩnh Long","layer_id":263,"fid":124,"label":"HKD Hà Văn Toàn"}},{"type":"Feature","id":54,"geometry":{"type":"Point","coordinates":[106.04442,10.21003]},"properties":{"Họ và tên":"Nguyễn Minh Chánh","Tên Đại Lý":"Văn phòng Công ty TNHH nông nghiệp hữu cơ sông hậu VN","Địa chỉ đại lý":"Số 0179, tổ 8, ấp Thành Phú, xã Thành Lợi, huyện Bình Tân, tỉnh Vĩnh Long","layer_id":263,"fid":54,"label":"Văn phòng Công ty TNHH nông nghiệp hữu cơ sông hậu VN"}},{"type":"Feature","id":55,"geometry":{"type":"Point","coordinates":[106.07,10.16]},"properties":{"Họ và tên":"Phạm Thế Hùng","Tên Đại Lý":"Cửa hàng VTNN Phạm Thế Hùng","Địa chỉ đại lý":"ấp Tân Qui 2, xã Tân An Hội, huyện Mang Thít, tỉnh Vĩnh Long","layer_id":263,"fid":55,"label":"Cửa hàng VTNN Phạm Thế Hùng"}},{"type":"Feature","id":125,"geometry":{"type":"Point","coordinates":[106.14785,10.04754]},"properties":{"Họ và tên":"Nguyễn Thanh Nhàn","Tên Đại Lý":"HKD Nguyễn Thanh Nhàn","Địa chỉ đại lý":"Số 30, tổ 2, ấp An Lạc 1, xã Trung An, huyện Vũng Liêm, tỉnh Vĩnh Long","layer_id":263,"fid":125,"label":"HKD Nguyễn Thanh Nhàn"}},{"type":"Feature","id":192,"geometry":{"type":"Point","coordinates":[106.03,10.25]},"properties":{"Họ và tên":"Ngô Thị Cẩm Hằng","Tên Đại Lý":"Hộ kinh doanh Tài Lộc","Địa chỉ đại lý":"Tổ 11, ấp An Hương 1, xã Mỹ An, Mang Thít, tỉnh Vĩnh Long","layer_id":263,"fid":192,"label":"Hộ kinh doanh Tài Lộc"}},{"type":"Feature","id":304,"geometry":{"type":"Point","coordinates":[106.1407,10.13783]},"properties":{"Họ và tên":"Trần Thị Hiếu","Tên Đại Lý":null,"Địa chỉ đại lý":"Quới An, Vũng Liêm","layer_id":263,"fid":304,"label":null}},{"type":"Feature","id":234,"geometry":{"type":"Point","coordinates":[10.240814,106.050395]},"properties":{"Họ và tên":"Châu Ngọc Sơn","Tên Đại Lý":"HKD cửa hàng VTNN Bảy Sơn (Ngọc Sơn)","Địa chỉ đại lý":"ấp Hòa Long, xã Mỹ An, huyện Mang Thít","layer_id":263,"fid":234,"label":"HKD cửa hàng VTNN Bảy Sơn (Ngọc Sơn)"}},{"type":"Feature","id":583,"geometry":{"type":"Point","coordinates":[106.241512,10.027845]},"properties":{"Họ và tên":"Lê Bảo Lộc","Tên Đại Lý":"CH VTNN Bảy Lộc","Địa chỉ đại lý":"Đại Phước, Càng Long","layer_id":263,"fid":583,"label":"CH VTNN Bảy Lộc"}},{"type":"Feature","id":233,"geometry":{"type":"Point","coordinates":[105.99321,9.9892]},"properties":{"Họ và tên":"Thạch Thái Huy","Tên Đại Lý":"HKD Thanh Hùng","Địa chỉ đại lý":"Tổ 11, ấp Tầm Vu, xã Trà Côn, huyện Trà Ôn, tỉnh Vĩnh Long, Việt Nam","layer_id":263,"fid":233,"label":"HKD Thanh Hùng"}},{"type":"Feature","id":235,"geometry":{"type":"Point","coordinates":[10.021295,106.09807]},"properties":{"Họ và tên":"Nguyễn Thị Phượng","Tên Đại Lý":"HKD Cơ sở VTNN Tứ Phượng 2","Địa chỉ đại lý":"ấp Phước Thới A, xã Bình Phước, huyện Mang Thít,","layer_id":263,"fid":235,"label":"HKD Cơ sở VTNN Tứ Phượng 2"}},{"type":"Feature","id":492,"geometry":{"type":"Point","coordinates":[106.495033,9.791654]},"properties":{"Họ và tên":"Đoàn Thị Nga","Tên Đại Lý":"CH VTNN Tuấn","Địa chỉ đại lý":"TT. Mỹ Long, Cầu Ngang","layer_id":263,"fid":492,"label":"CH VTNN Tuấn"}},{"type":"Feature","id":503,"geometry":{"type":"Point","coordinates":[106.166418,9.966774]},"properties":{"Họ và tên":"Dương Văn Cảnh","Tên Đại Lý":"CH VTNN Hùng Thịnh","Địa chỉ đại lý":"Phú Cần, Tiểu Cần","layer_id":263,"fid":503,"label":"CH VTNN Hùng Thịnh"}},{"type":"Feature","id":126,"geometry":{"type":"Point","coordinates":[106.09099,9.97347]},"properties":{"Họ và tên":"Huỳnh Văn Thuận","Tên Đại Lý":"HKD Huỳnh Thuận","Địa chỉ đại lý":"Tổ 12, ấp Hiếu Văn, xã Hiếu Nghĩa, huyện Vũng Liêm, tỉnh Vĩnh Long","layer_id":263,"fid":126,"label":"HKD Huỳnh Thuận"}},{"type":"Feature","id":193,"geometry":{"type":"Point","coordinates":[106.07,10.24]},"properties":{"Họ và tên":"Di Trần Đua","Tên Đại Lý":"Hộ kinh doanh cửa hàng VTNN Bảo Trân","Địa chỉ đại lý":"ấp Mỹ Điền, xã Mỹ Phước, huyện Mang Thít, tỉnh Vĩnh Long","layer_id":263,"fid":193,"label":"Hộ kinh doanh cửa hàng VTNN Bảo Trân"}},{"type":"Feature","id":56,"geometry":{"type":"Point","coordinates":[106.03,10.21]},"properties":{"Họ và tên":"Nguyễn Thị Út","Tên Đại Lý":"Hộ kinh doanh Út Nhân","Địa chỉ đại lý":"Tổ 01, ấp Bình Hòa 2, xã Hòa Tịnh, huyện Mang Thít, tỉnh Vĩnh Long","layer_id":263,"fid":56,"label":"Hộ kinh doanh Út Nhân"}},{"type":"Feature","id":57,"geometry":{"type":"Point","coordinates":[106.03,10.25]},"properties":{"Họ và tên":"Ngô Thị Cẩm Hằng","Tên Đại Lý":"Hộ kinh doanh Tài Lộc","Địa chỉ đại lý":"Tổ 11, ấp An Hương 1, xã Mỹ An, Mang Thít, tỉnh Vĩnh Long","layer_id":263,"fid":57,"label":"Hộ kinh doanh Tài Lộc"}},{"type":"Feature","id":127,"geometry":{"type":"Point","coordinates":[106.18511,10.09836]},"properties":{"Họ và tên":"Nguyễn Hoàng Phụng","Tên Đại Lý":"HKD Cơ sở sản xuất Hân Thiên Phát","Địa chỉ đại lý":"Số 95, tổ 12, ấp Hòa Nghĩa, xã Trung Thành Tây, huyện Vũng Liêm, tỉnh Vĩnh Long","layer_id":263,"fid":127,"label":"HKD Cơ sở sản xuất Hân Thiên Phát"}},{"type":"Feature","id":58,"geometry":{"type":"Point","coordinates":[106.07,10.24]},"properties":{"Họ và tên":"Di Trần Đua","Tên Đại Lý":"Hộ kinh doanh cửa hàng VTNN Bảo Trân","Địa chỉ đại lý":"ấp Mỹ Điền, xã Mỹ Phước, huyện Mang Thít, tỉnh Vĩnh Long","layer_id":263,"fid":58,"label":"Hộ kinh doanh cửa hàng VTNN Bảo Trân"}},{"type":"Feature","id":305,"geometry":{"type":"Point","coordinates":[106.1896,10.16076]},"properties":{"Họ và tên":"Trương Văn Arin","Tên Đại Lý":"Trương Văn Arin","Địa chỉ đại lý":"ấp Rạch Sâu, xã Quới Thiện, huyện Vũng Liêm","layer_id":263,"fid":305,"label":"Trương Văn Arin"}},{"type":"Feature","id":59,"geometry":{"type":"Point","coordinates":[106.1489,10.16868]},"properties":{"Họ và tên":"Phạm Anh Hoài","Tên Đại Lý":"HKD Lợi Ngũ Hiệp","Địa chỉ đại lý":"ấp Tân Mỹ, xã Chánh An, huyện Mang Thít, tỉnh Vĩnh Long","layer_id":263,"fid":59,"label":"HKD Lợi Ngũ Hiệp"}},{"type":"Feature","id":128,"geometry":{"type":"Point","coordinates":[106.20352,10.03333]},"properties":{"Họ và tên":"Châu Thị Thanh Thúy","Tên Đại Lý":"HKD Châu Thị Thanh Thúy","Địa chỉ đại lý":"Tổ 14, ấp Phú Tiên, xã Trung Nghĩa, huyện Vũng Liêm, tỉnh Vĩnh Long","layer_id":263,"fid":128,"label":"HKD Châu Thị Thanh Thúy"}},{"type":"Feature","id":194,"geometry":{"type":"Point","coordinates":[106.1489,10.16868]},"properties":{"Họ và tên":"Phạm Anh Hoài","Tên Đại Lý":"HKD Lợi Ngũ Hiệp","Địa chỉ đại lý":"ấp Tân Mỹ, xã Chánh An, huyện Mang Thít, tỉnh Vĩnh Long","layer_id":263,"fid":194,"label":"HKD Lợi Ngũ Hiệp"}},{"type":"Feature","id":403,"geometry":{"type":"Point","coordinates":[1008.0,10578.0]},"properties":{"Họ và tên":"Ngô Hữu Đức","Tên Đại Lý":"Hộ kinh doanh Đức Hạnh","Địa chỉ đại lý":"Tổ 14, khóm Thành Tâm, thị trấn Tân Quới, huyện Bình Tân, tỉnh Vĩnh Long","layer_id":263,"fid":403,"label":"Hộ kinh doanh Đức Hạnh"}},{"type":"Feature","id":195,"geometry":{"type":"Point","coordinates":[106.06878,10.1970591]},"properties":{"Họ và tên":"Nguyễn Hữu Nam","Tên Đại Lý":"Văn phòng công ty TNHH Vĩnh Khang AG","Địa chỉ đại lý":"Tổ 6, ấp Phú Thạnh C, xã Nhơn Phú, huyện Mang Thít, tỉnh Vĩnh Long","layer_id":263,"fid":195,"label":"Văn phòng công ty TNHH Vĩnh Khang AG"}},{"type":"Feature","id":527,"geometry":{"type":"Point","coordinates":[106.124614,9.897368]},"properties":{"Họ và tên":"Huỳnh Hữu Trí","Tên Đại Lý":"Cửa hàng VTNN Trí Dung","Địa chỉ đại lý":"ấp Mỹ Vân, xã Ninh Thới, huyện Cầu Kè","layer_id":263,"fid":527,"label":"Cửa hàng VTNN Trí Dung"}},{"type":"Feature","id":306,"geometry":{"type":"Point","coordinates":[106.13728,10.08215]},"properties":{"Họ và tên":"Nguyễn Phúc Diễm","Tên Đại Lý":"Nguyễn Phúc Diễm","Địa chỉ đại lý":"ấp Mướp Sát, xã Trung Hiệp, huyện Vũng Liêm","layer_id":263,"fid":306,"label":"Nguyễn Phúc Diễm"}},{"type":"Feature","id":404,"geometry":{"type":"Point","coordinates":[1017.0,10578.0]},"properties":{"Họ và tên":"Nguyễn Kim Hương","Tên Đại Lý":"Hộ kinh doanh Tân Minh Thành (Hải Hương)","Địa chỉ đại lý":"ấp Tân Lập, xã Tân Thành, huyện Bình Tân","layer_id":263,"fid":404,"label":"Hộ kinh doanh Tân Minh Thành (Hải Hương)"}},{"type":"Feature","id":664,"geometry":{"type":"Point","coordinates":[106.452109,9.589871]},"properties":{"Họ và tên":"Lê Thị Tuyết Vân","Tên Đại Lý":"CH VTNN Tuyết Vân","Địa chỉ đại lý":"Xã Long Hòa, Tx Duyên Hải","layer_id":263,"fid":664,"label":"CH VTNN Tuyết Vân"}},{"type":"Feature","id":129,"geometry":{"type":"Point","coordinates":[106.12957,9.99682]},"properties":{"Họ và tên":"Lưu Hoàng Diệt","Tên Đại Lý":"HKD Út Điệt","Địa chỉ đại lý":"ấp Ngã Hậu, xã Hiếu Nhơn, huyện Vũng Liêm, tỉnh Vĩnh Long","layer_id":263,"fid":129,"label":"HKD Út Điệt"}},{"type":"Feature","id":60,"geometry":{"type":"Point","coordinates":[106.06878748,10.1970591]},"properties":{"Họ và tên":"Nguyễn Hữu Nam","Tên Đại Lý":"Văn phòng công ty TNHH Vĩnh Khang AG","Địa chỉ đại lý":"Tổ 6, ấp Phú Thạnh C, xã Nhơn Phú, huyện Mang Thít, tỉnh Vĩnh Long","layer_id":263,"fid":60,"label":"Văn phòng công ty TNHH Vĩnh Khang AG"}},{"type":"Feature","id":61,"geometry":{"type":"Point","coordinates":[106.06878748,10.07774]},"properties":{"Họ và tên":"Nguyễn Văn Khải","Tên Đại Lý":"HKD Nguyễn Văn Khải (VTNN Năm Chiến)","Địa chỉ đại lý":"Tổ 43, ấp Phú Sơn A, xã Long Phú, huyện Tam Bình, tỉnh Vĩnh Long","layer_id":263,"fid":61,"label":"HKD Nguyễn Văn Khải (VTNN Năm Chiến)"}},{"type":"Feature","id":130,"geometry":{"type":"Point","coordinates":[106.19757,10.06014]},"properties":{"Họ và tên":"Trần Quang Khải","Tên Đại Lý":"HKD Trần Quang Khải (Khải Thi)","Địa chỉ đại lý":"ấp Giồng Ké, xã Trung Ngãi, huyện Vũng Liêm, tỉnh Vĩnh Long","layer_id":263,"fid":130,"label":"HKD Trần Quang Khải (Khải Thi)"}},{"type":"Feature","id":307,"geometry":{"type":"Point","coordinates":[106.087,9.96272]},"properties":{"Họ và tên":"Mai Thị Vàng","Tên Đại Lý":"Mai Thị Vàng (Huỳnh Nhuận)","Địa chỉ đại lý":"ấp Hiếu Trung A, xã Hiếu Nghĩa, huyện Vũng Liêm","layer_id":263,"fid":307,"label":"Mai Thị Vàng (Huỳnh Nhuận)"}},{"type":"Feature","id":62,"geometry":{"type":"Point","coordinates":[106.06878748,10.07744]},"properties":{"Họ và tên":"Phan Thị Tiếng","Tên Đại Lý":"Hộ kinh doanh Tiếng-Anh Thư","Địa chỉ đại lý":"Số 419, tổ 34, ấp Phú Sơn A, xã Long Phú, huyện Tam Bình, tỉnh Vĩnh Long","layer_id":263,"fid":62,"label":"Hộ kinh doanh Tiếng-Anh Thư"}},{"type":"Feature","id":196,"geometry":{"type":"Point","coordinates":[105.91337,10.07774]},"properties":{"Họ và tên":"Nguyễn Văn Khải","Tên Đại Lý":"HKD Nguyễn Văn Khải (VTNN Năm Chiến)","Địa chỉ đại lý":"Tổ 43, ấp Phú Sơn A, xã Long Phú, huyện Tam Bình, tỉnh Vĩnh Long","layer_id":263,"fid":196,"label":"HKD Nguyễn Văn Khải (VTNN Năm Chiến)"}},{"type":"Feature","id":131,"geometry":{"type":"Point","coordinates":[105.9765,10.07675]},"properties":{"Họ và tên":"Đỗ Viết Phương","Tên Đại Lý":"HKD Đỗ Viết Phương (VTNN Minh Phương)","Địa chỉ đại lý":"ấp Mỹ Hưng, xã Mỹ Thạnh Trung, huyện Tam Bình","layer_id":263,"fid":131,"label":"HKD Đỗ Viết Phương (VTNN Minh Phương)"}},{"type":"Feature","id":132,"geometry":{"type":"Point","coordinates":[105.88963,10.12337]},"properties":{"Họ và tên":"Nguyễn Thị Kim Ngân","Tên Đại Lý":"Hộ kinh doanh VTNN Kim Ngân","Địa chỉ đại lý":"Số 332, tổ 23, ấp Phú Thuận, xã Phú Thịnh, huyện Tam Bình, tỉnh Vĩnh Long","layer_id":263,"fid":132,"label":"Hộ kinh doanh VTNN Kim Ngân"}},{"type":"Feature","id":197,"geometry":{"type":"Point","coordinates":[105.91386,10.07744]},"properties":{"Họ và tên":"Phan Thị Tiếng","Tên Đại Lý":"Hộ kinh doanh Tiếng-Anh Thư","Địa chỉ đại lý":"Số 419, tổ 34, ấp Phú Sơn A, xã Long Phú, huyện Tam Bình, tỉnh Vĩnh Long","layer_id":263,"fid":197,"label":"Hộ kinh doanh Tiếng-Anh Thư"}},{"type":"Feature","id":405,"geometry":{"type":"Point","coordinates":[1011112.0,10573500.0]},"properties":{"Họ và tên":"Nguyễn Văn Tường","Tên Đại Lý":"Hộ kinh doanh Nguyễn Văn Tường","Địa chỉ đại lý":"Tổ 3, ấp Tân Hiệp, xã Tân Bình, huyện Bình Tân, tỉnh Vĩnh Long","layer_id":263,"fid":405,"label":"Hộ kinh doanh Nguyễn Văn Tường"}},{"type":"Feature","id":308,"geometry":{"type":"Point","coordinates":[106.21489,10.13325]},"properties":{"Họ và tên":"Nguyễn Chí Nhân","Tên Đại Lý":"Nguyễn Chí Nhân (Chí Nhân)","Địa chỉ đại lý":"ấp Bình Lương, xã Quới Thiện, huyện Vũng Liêm","layer_id":263,"fid":308,"label":"Nguyễn Chí Nhân (Chí Nhân)"}},{"type":"Feature","id":528,"geometry":{"type":"Point","coordinates":[106.134297,10.007651]},"properties":{"Họ và tên":"Huỳnh Kim Yến","Tên Đại Lý":"CH VTNN Huỳnh Ngọt","Địa chỉ đại lý":"Tân An, Càng Long","layer_id":263,"fid":528,"label":"CH VTNN Huỳnh Ngọt"}},{"type":"Feature","id":406,"geometry":{"type":"Point","coordinates":[1017899.0,10573932.0]},"properties":{"Họ và tên":"Võ Văn Dừng","Tên Đại Lý":"Hộ kinh doanh Võ Văn Dừng","Địa chỉ đại lý":"ấp Hưng Lợi, xã Tân Hưng, huyện Bình Tân","layer_id":263,"fid":406,"label":"Hộ kinh doanh Võ Văn Dừng"}},{"type":"Feature","id":841,"geometry":{"type":"Point","coordinates":[106.213572,9.9997097]},"properties":{"Họ và tên":"Phạm Thị Thu Hà","Tên Đại Lý":"Cửa hàng VTNN Phương Hà","Địa chỉ đại lý":"Khóm 4, thị trấn Càng Long","layer_id":263,"fid":841,"label":"Cửa hàng VTNN Phương Hà"}},{"type":"Feature","id":529,"geometry":{"type":"Point","coordinates":[106.326887,9.851756]},"properties":{"Họ và tên":"Huỳnh Minh Hiếu","Tên Đại Lý":"CH VTNN Huỳnh Minh Hiếu","Địa chỉ đại lý":"Ngọc Biên, Trà Cú","layer_id":263,"fid":529,"label":"CH VTNN Huỳnh Minh Hiếu"}},{"type":"Feature","id":63,"geometry":{"type":"Point","coordinates":[105.91386,10.04845]},"properties":{"Họ và tên":"Phạm Văn Minh","Tên Đại Lý":"HKD Phạm Văn Minh (VTNN Hai Minh)","Địa chỉ đại lý":"Tổ 05, ấp Mỹ Phú 4, xã Mỹ Thạnh Trung, huyện Tam Bình, tỉnh Vĩnh Long","layer_id":263,"fid":63,"label":"HKD Phạm Văn Minh (VTNN Hai Minh)"}},{"type":"Feature","id":309,"geometry":{"type":"Point","coordinates":[10610237.0,1014556.0]},"properties":{"Họ và tên":"Trần Thị Chậm","Tên Đại Lý":"Hộ kinh doanh Trần Thị Chậm (Tư Chậm)","Địa chỉ đại lý":"ấp Hiếu Xuân, xã Hiếu Thành, huyện Vũng Liêm","layer_id":263,"fid":309,"label":"Hộ kinh doanh Trần Thị Chậm (Tư Chậm)"}},{"type":"Feature","id":64,"geometry":{"type":"Point","coordinates":[106.04456,10.12106]},"properties":{"Họ và tên":"Nguyễn Văn Bé Bảy","Tên Đại Lý":"HKD Nguyễn Văn Bé Bảy","Địa chỉ đại lý":"tổ 2, ấp Thạnh Trí, xã Hòa Thạnh, huyện Tam Bình","layer_id":263,"fid":64,"label":"HKD Nguyễn Văn Bé Bảy"}},{"type":"Feature","id":133,"geometry":{"type":"Point","coordinates":[105.94984,10.09445]},"properties":{"Họ và tên":"Nguyễn Văn Chớp","Tên Đại Lý":"Hộ kinh doanh Nguyễn Văn Chớp (Tư Chớp)","Địa chỉ đại lý":"Tổ 09, ấp 11, xã Mỹ Lộc, huyện Tam Bình, tỉnh Vĩnh Long","layer_id":263,"fid":133,"label":"Hộ kinh doanh Nguyễn Văn Chớp (Tư Chớp)"}},{"type":"Feature","id":65,"geometry":{"type":"Point","coordinates":[105.95,10.16]},"properties":{"Họ và tên":"Lê Thanh Phong","Tên Đại Lý":"Hộ kinh doanh Lê Thanh Phong","Địa chỉ đại lý":"Số 20, Tổ 2, Ấp 1, Tân Lộc, Tam Bình, tỉnh Vĩnh Long","layer_id":263,"fid":65,"label":"Hộ kinh doanh Lê Thanh Phong"}},{"type":"Feature","id":66,"geometry":{"type":"Point","coordinates":[105.95,10.1]},"properties":{"Họ và tên":"Nguyễn Ngọc Phương Anh","Tên Đại Lý":"HKD Phương Anh","Địa chỉ đại lý":"Tổ 6, ấp cây Điều, Phú Lộc, Tam Bình, Vĩnh Long","layer_id":263,"fid":66,"label":"HKD Phương Anh"}},{"type":"Feature","id":198,"geometry":{"type":"Point","coordinates":[105.97322,10.04845]},"properties":{"Họ và tên":"Phạm Văn Minh","Tên Đại Lý":"HKD Phạm Văn Minh (VTNN Hai Minh)","Địa chỉ đại lý":"Tổ 05, ấp Mỹ Phú 4, xã Mỹ Thạnh Trung, huyện Tam Bình, tỉnh Vĩnh Long","layer_id":263,"fid":198,"label":"HKD Phạm Văn Minh (VTNN Hai Minh)"}},{"type":"Feature","id":134,"geometry":{"type":"Point","coordinates":[106.14487,10.1943]},"properties":{"Họ và tên":"Nguyễn Anh Thư","Tên Đại Lý":"HKD Cửa hàng VTNN Thành Thư","Địa chỉ đại lý":"Tổ 06, ấp Hòa Phú, xã An Phước, huyện Mang Thít, tỉnh Vĩnh Long","layer_id":263,"fid":134,"label":"HKD Cửa hàng VTNN Thành Thư"}},{"type":"Feature","id":67,"geometry":{"type":"Point","coordinates":[105.97244,10.15094]},"properties":{"Họ và tên":"Nguyễn THị Mộng Tuyền","Tên Đại Lý":"Công ty TNHH MTV Phúc Lâm Vĩnh Long","Địa chỉ đại lý":"Tổ 6, Ấp 8, Tân Lộc, Tam Bình","layer_id":263,"fid":67,"label":"Công ty TNHH MTV Phúc Lâm Vĩnh Long"}},{"type":"Feature","id":135,"geometry":{"type":"Point","coordinates":[105.92205,10.17323]},"properties":{"Họ và tên":"Lê Tứ Quốc","Tên Đại Lý":"HKD Lê Tứ Quốc","Địa chỉ đại lý":"ấp Phú Thạnh A, xã Phú Quới, huyện Long Hồ, tỉnh Vĩnh Long","layer_id":263,"fid":135,"label":"HKD Lê Tứ Quốc"}},{"type":"Feature","id":407,"geometry":{"type":"Point","coordinates":[0.0,0.0]},"properties":{"Họ và tên":"Phạm Thanh Hiếu","Tên Đại Lý":"Hộ kinh doanh Hiếu Hằng","Địa chỉ đại lý":"ấp Tân Lập, xã Tân Thành, huyện Bình Tân","layer_id":263,"fid":407,"label":"Hộ kinh doanh Hiếu Hằng"}},{"type":"Feature","id":199,"geometry":{"type":"Point","coordinates":[106.04456,10.12106]},"properties":{"Họ và tên":"Nguyễn Văn Bé Bảy","Tên Đại Lý":"HKD Nguyễn Văn Bé Bảy","Địa chỉ đại lý":"tổ 2, ấp Thạnh Trí, xã Hòa Thạnh, huyện Tam Bình","layer_id":263,"fid":199,"label":"HKD Nguyễn Văn Bé Bảy"}},{"type":"Feature","id":310,"geometry":{"type":"Point","coordinates":[106.0999,10.00057]},"properties":{"Họ và tên":"Trần Thị Phi Thuyền","Tên Đại Lý":"Trần Thị Phi Thuyền","Địa chỉ đại lý":"ấp Hiếu Xuân Đông, xã Hiếu Thành, huyện Vũng Liêm","layer_id":263,"fid":310,"label":"Trần Thị Phi Thuyền"}},{"type":"Feature","id":408,"geometry":{"type":"Point","coordinates":[1015527.0,10569637.0]},"properties":{"Họ và tên":"Nguyễn Ngọc Thỉnh","Tên Đại Lý":"Hộ kinh doanh Nguyễn Ngọc Thĩnh","Địa chỉ đại lý":"Tổ 10, ấp An Thới, xã Tân An Thạnh, huyện Bình Tân","layer_id":263,"fid":408,"label":"Hộ kinh doanh Nguyễn Ngọc Thĩnh"}},{"type":"Feature","id":665,"geometry":{"type":"Point","coordinates":[106.173874,9.967819]},"properties":{"Họ và tên":"Lê Văn Bách","Tên Đại Lý":"Cửa hàng VTNN Bách","Địa chỉ đại lý":"Khóm 1, thị trấn Tiểu Cần, huyện Tiểu Cần, TV","layer_id":263,"fid":665,"label":"Cửa hàng VTNN Bách"}},{"type":"Feature","id":530,"geometry":{"type":"Point","coordinates":[106.241512,10.027845]},"properties":{"Họ và tên":"Huỳnh Minh Hùng","Tên Đại Lý":"CH VTNN Nguyên Hùng","Địa chỉ đại lý":"Đại Phước, Càng Long","layer_id":263,"fid":530,"label":"CH VTNN Nguyên Hùng"}},{"type":"Feature","id":842,"geometry":{"type":"Point","coordinates":[106.3533261,9.9839424]},"properties":{"Họ và tên":"Phạm Văn Duy","Tên Đại Lý":"Công ty TNHH Điền Tín Khang","Địa chỉ đại lý":"Kim Hòa, Cầu Ngang","layer_id":263,"fid":842,"label":"Công ty TNHH Điền Tín Khang"}},{"type":"Feature","id":508,"geometry":{"type":"Point","coordinates":[106.173874,9.967819]},"properties":{"Họ và tên":"Hà Bích Phượng","Tên Đại Lý":"Cửa hàng VTNN Hà Đức Kỷ","Địa chỉ đại lý":"Khóm 1, TT. Tiểu Cần","layer_id":263,"fid":508,"label":"Cửa hàng VTNN Hà Đức Kỷ"}},{"type":"Feature","id":71,"geometry":{"type":"Point","coordinates":[106.01,10.05]},"properties":{"Họ và tên":"Bùi Tấn Đạt","Tên Đại Lý":"Hộ kinh doanh Đạt Phương","Địa chỉ đại lý":"Tổ 1, ấp Tường trí, xã Nhơn Bình, huyện Trà Ôn, tỉnh Vĩnh Long","layer_id":263,"fid":71,"label":"Hộ kinh doanh Đạt Phương"}},{"type":"Feature","id":72,"geometry":{"type":"Point","coordinates":[105.96,9.94]},"properties":{"Họ và tên":"Dương Văn Minh Giàu","Tên Đại Lý":"HKD Cửa hàng vật tư nông nghiệp Kim Vân Truyền 2","Địa chỉ đại lý":"ấp Đục Dông, xã Thiện Mỹ, huyện Trà Ôn, tỉnh Vĩnh Long","layer_id":263,"fid":72,"label":"HKD Cửa hàng vật tư nông nghiệp Kim Vân Truyền 2"}},{"type":"Feature","id":311,"geometry":{"type":"Point","coordinates":[106.07397,10.09482]},"properties":{"Họ và tên":"Nguyễn Văn Mười","Tên Đại Lý":"Nguyễn Văn Mười","Địa chỉ đại lý":"ấp Nước Xoáy, xã Tân An Luông, huyện Vũng Liêm","layer_id":263,"fid":311,"label":"Nguyễn Văn Mười"}},{"type":"Feature","id":136,"geometry":{"type":"Point","coordinates":[105.69236,10.15305]},"properties":{"Họ và tên":"Lê Hoài Thương","Tên Đại Lý":"HKD Huỳnh Sul","Địa chỉ đại lý":"Tổ 04, ấp An Thạnh, xã Tân An Thạnh, huyện Bình Tân, tỉnh Vĩnh Long","layer_id":263,"fid":136,"label":"HKD Huỳnh Sul"}},{"type":"Feature","id":73,"geometry":{"type":"Point","coordinates":[106.01,10.04]},"properties":{"Họ và tên":"Lê Thị Chiêu","Tên Đại Lý":"Hộ kinh doanh Thịnh Nông","Địa chỉ đại lý":"Tổ 8, ấp Tường Ngãi, xã Nhơn Bình, huyện Trà Ôn, tỉnh Vĩnh Long","layer_id":263,"fid":73,"label":"Hộ kinh doanh Thịnh Nông"}},{"type":"Feature","id":200,"geometry":{"type":"Point","coordinates":[105.95,10.16]},"properties":{"Họ và tên":"Lê Thanh Phong","Tên Đại Lý":"Hộ kinh doanh Lê Thanh Phong","Địa chỉ đại lý":"Số 20, Tổ 2, Ấp 1, Tân Lộc, Tam Bình, tỉnh Vĩnh Long","layer_id":263,"fid":200,"label":"Hộ kinh doanh Lê Thanh Phong"}},{"type":"Feature","id":74,"geometry":{"type":"Point","coordinates":[105.91207,10.01177]},"properties":{"Họ và tên":"Phạm Thị Thúy","Tên Đại Lý":"Hộ kinh doanh: Cửa hàng VTNN Nguyễn Trung Hiếu 8","Địa chỉ đại lý":"Tổ 2, ấp Nhứt, xã Ngãi Tứ, huyện Tam Bình, tỉnh Vĩnh Long","layer_id":263,"fid":74,"label":"Hộ kinh doanh: Cửa hàng VTNN Nguyễn Trung Hiếu 8"}},{"type":"Feature","id":201,"geometry":{"type":"Point","coordinates":[105.95,10.1]},"properties":{"Họ và tên":"Nguyễn Ngọc Phương Anh","Tên Đại Lý":"HKD Phương Anh","Địa chỉ đại lý":"Tổ 6, ấp cây Điều, Phú Lộc, Tam Bình, Vĩnh Long","layer_id":263,"fid":201,"label":"HKD Phương Anh"}},{"type":"Feature","id":409,"geometry":{"type":"Point","coordinates":[1014299.0,10571817.0]},"properties":{"Họ và tên":"Nguyễn Thị Mười","Tên Đại Lý":"Hộ kinh doanh Như Vân","Địa chỉ đại lý":"ấp Tân Lộc, xã Tân Lược, huyện Bình Tân, tỉnh Vĩnh Long","layer_id":263,"fid":409,"label":"Hộ kinh doanh Như Vân"}},{"type":"Feature","id":312,"geometry":{"type":"Point","coordinates":[106.11756,10.07666]},"properties":{"Họ và tên":"Trần Trọng Hữu ","Tên Đại Lý":null,"Địa chỉ đại lý":"Hiếu Phụng, Vũng Liêm","layer_id":263,"fid":312,"label":null}},{"type":"Feature","id":202,"geometry":{"type":"Point","coordinates":[105.97244,10.15094]},"properties":{"Họ và tên":"Nguyễn THị Mộng Tuyền","Tên Đại Lý":"Công ty TNHH MTV Phúc Lâm Vĩnh Long","Địa chỉ đại lý":"Tổ 6, Ấp 8, Tân Lộc, Tam Bình","layer_id":263,"fid":202,"label":"Công ty TNHH MTV Phúc Lâm Vĩnh Long"}},{"type":"Feature","id":313,"geometry":{"type":"Point","coordinates":[106.19362,10.06171]},"properties":{"Họ và tên":"Trần Phúc Tân","Tên Đại Lý":"Hộ kinh doanh Trần Phúc Tân (Sáu Thạch)","Địa chỉ đại lý":"ấp Tân Xuân, xã Trung Thành, huyện Vũng Liêm","layer_id":263,"fid":313,"label":"Hộ kinh doanh Trần Phúc Tân (Sáu Thạch)"}},{"type":"Feature","id":410,"geometry":{"type":"Point","coordinates":[1013905.0,10581277.0]},"properties":{"Họ và tên":"Nguyễn Khắc Nhu","Tên Đại Lý":"HKD Nguyễn Khắc Nhu","Địa chỉ đại lý":"ấp Hòa An, xã Nguyễn Văn Thảnh, huyện Bình Tân, tỉnh Vĩnh Long","layer_id":263,"fid":410,"label":"HKD Nguyễn Khắc Nhu"}},{"type":"Feature","id":531,"geometry":{"type":"Point","coordinates":[106.241512,10.027845]},"properties":{"Họ và tên":"Huỳnh Ngọc Khải","Tên Đại Lý":"CH VTNN Khải Hoàng","Địa chỉ đại lý":"Đại Phước, Càng Long","layer_id":263,"fid":531,"label":"CH VTNN Khải Hoàng"}},{"type":"Feature","id":666,"geometry":{"type":"Point","coordinates":[106.134297,9.923487]},"properties":{"Họ và tên":"Lê Văn Chàng","Tên Đại Lý":"CH VTNN Hữu Nghị","Địa chỉ đại lý":"Hòa Tân, Cầu Kè","layer_id":263,"fid":666,"label":"CH VTNN Hữu Nghị"}},{"type":"Feature","id":510,"geometry":{"type":"Point","coordinates":[106.402517,9.880945]},"properties":{"Họ và tên":"Hà Minh Hải","Tên Đại Lý":"CH VTNN Minh Hải","Địa chỉ đại lý":"Long Sơn, Cầu Ngang","layer_id":263,"fid":510,"label":"CH VTNN Minh Hải"}},{"type":"Feature","id":75,"geometry":{"type":"Point","coordinates":[106.2,10.05]},"properties":{"Họ và tên":"Trần Thị Đào","Tên Đại Lý":"Hộ kinh doanh Sáu Mai","Địa chỉ đại lý":"tổ 08, ấp Giồng Ké, xã Trung Ngãi, huyện Vũng Liêm","layer_id":263,"fid":75,"label":"Hộ kinh doanh Sáu Mai"}},{"type":"Feature","id":76,"geometry":{"type":"Point","coordinates":[106.23,10.11]},"properties":{"Họ và tên":"Phan Thị Trinh","Tên Đại Lý":"Hộ kinh doanh Phan Thị Trinh (VTNN Trinh Phát)","Địa chỉ đại lý":"Tổ 15, ấp Thái Bình, xã Thanh Bình, huyện Vũng Liêm, tỉnh Vĩnh Long","layer_id":263,"fid":76,"label":"Hộ kinh doanh Phan Thị Trinh (VTNN Trinh Phát)"}},{"type":"Feature","id":137,"geometry":{"type":"Point","coordinates":[106.086313,9.961382]},"properties":{"Họ và tên":"Ngô Văn Hiếu","Tên Đại Lý":"Ngô Văn Hiếu","Địa chỉ đại lý":"Hiếu Ân Hiếu Nghĩa","layer_id":263,"fid":137,"label":"Ngô Văn Hiếu"}},{"type":"Feature","id":203,"geometry":{"type":"Point","coordinates":[105.96633,10.1125]},"properties":{"Họ và tên":"Nguyễn Ánh Ngọc","Tên Đại Lý":"HKD Nhật Ngọc","Địa chỉ đại lý":"Số 156, tổ 11, ấp Mỹ Phú, Mỹ Lộc, Tam Bình","layer_id":263,"fid":203,"label":"HKD Nhật Ngọc"}},{"type":"Feature","id":77,"geometry":{"type":"Point","coordinates":[106.08,9.96]},"properties":{"Họ và tên":"Nguyễn Văn Toàn","Tên Đại Lý":"Hộ kinh doanh Cửa hàng VTNN Nguyễn Toàn","Địa chỉ đại lý":"Tổ 14, ấp Hiếu Hạnh, xã Hiếu Nghĩa, huyện Vũng Liêm","layer_id":263,"fid":77,"label":"Hộ kinh doanh Cửa hàng VTNN Nguyễn Toàn"}},{"type":"Feature","id":314,"geometry":{"type":"Point","coordinates":[106.12313,10.12744]},"properties":{"Họ và tên":"Lê Văn Út Em","Tên Đại Lý":"Hộ kinh doanh Lê Văn Út Em (Út Em)","Địa chỉ đại lý":"ấp Rạch Rô, xã Trung Chánh, huyện Vũng Liêm","layer_id":263,"fid":314,"label":"Hộ kinh doanh Lê Văn Út Em (Út Em)"}},{"type":"Feature","id":78,"geometry":{"type":"Point","coordinates":[106.21,10.14]},"properties":{"Họ và tên":"Lê Văn Khanh","Tên Đại Lý":"HKD Đại lý BBBVTV 3 Khanh","Địa chỉ đại lý":"Tổ 05, ấp Phú thới, xã Quới Thiện, huyện Vũng Liêm, tỉnh Vĩnh Long","layer_id":263,"fid":78,"label":"HKD Đại lý BBBVTV 3 Khanh"}},{"type":"Feature","id":138,"geometry":{"type":"Point","coordinates":[106.084878,9.963386]},"properties":{"Họ và tên":"Phan văn Hải","Tên Đại Lý":"Phan văn Hải","Địa chỉ đại lý":"Hiếu Ân Hiếu Nghĩa","layer_id":263,"fid":138,"label":"Phan văn Hải"}},{"type":"Feature","id":139,"geometry":{"type":"Point","coordinates":[106.083835,9.961509]},"properties":{"Họ và tên":"Nguyễn Văn Toàn","Tên Đại Lý":"Nguyễn Văn Toàn","Địa chỉ đại lý":"Hiếu Ân Hiếu Nghĩa","layer_id":263,"fid":139,"label":"Nguyễn Văn Toàn"}},{"type":"Feature","id":204,"geometry":{"type":"Point","coordinates":[105.97265,10.15133]},"properties":{"Họ và tên":"Nguyễn Duy Vũ","Tên Đại Lý":"Hộ kinh doanh Thanh Duy","Địa chỉ đại lý":"Số 76, tổ 6, ấp 8, xã Tân Lộc, huyện Tam Bình, tỉnh Vĩnh Long","layer_id":263,"fid":204,"label":"Hộ kinh doanh Thanh Duy"}},{"type":"Feature","id":140,"geometry":{"type":"Point","coordinates":[106.116442,10.06626]},"properties":{"Họ và tên":"Chín Tiến 3","Tên Đại Lý":"Chín Tiến 3","Địa chỉ đại lý":" Hiếu Thuận","layer_id":263,"fid":140,"label":"Chín Tiến 3"}},{"type":"Feature","id":411,"geometry":{"type":"Point","coordinates":[1015676.0,10572839.0]},"properties":{"Họ và tên":"Mai Văn Bé Ba","Tên Đại Lý":"HKD Mai Văn Bé Ba","Địa chỉ đại lý":"Tổ 01, ấp Tân Khánh, xã Tân Lược, huyện Bình Tân, tỉnh Vĩnh Long","layer_id":263,"fid":411,"label":"HKD Mai Văn Bé Ba"}},{"type":"Feature","id":141,"geometry":{"type":"Point","coordinates":[106.083427,10.01093]},"properties":{"Họ và tên":"Nguyễn Văn Nam","Tên Đại Lý":"Nguyễn Văn Nam","Địa chỉ đại lý":"Hiếu Thọ Hiếu Thành","layer_id":263,"fid":141,"label":"Nguyễn Văn Nam"}},{"type":"Feature","id":205,"geometry":{"type":"Point","coordinates":[106.01,9.95]},"properties":{"Họ và tên":"Nguyễn Thanh Hùng","Tên Đại Lý":"HKD Nguyễn Thanh Hùng","Địa chỉ đại lý":"Tổ 4, ấp Vĩnh Trinh, xã Vĩnh Xuân, Trà Ôn, Vĩnh Long","layer_id":263,"fid":205,"label":"HKD Nguyễn Thanh Hùng"}},{"type":"Feature","id":315,"geometry":{"type":"Point","coordinates":[106.16759,10.0793]},"properties":{"Họ và tên":"Trần Quốc Việt","Tên Đại Lý":"Chi nhánh Vĩnh Long - Công ty CP Tập đoàn Lộc Trời","Địa chỉ đại lý":"Ấp An Điền 1, xã Trung Hiếu, huyện Vũng Liêm, tỉnh Vĩnh Long, Việt Nam.","layer_id":263,"fid":315,"label":"Chi nhánh Vĩnh Long - Công ty CP Tập đoàn Lộc Trời"}},{"type":"Feature","id":532,"geometry":{"type":"Point","coordinates":[106.402517,9.880945]},"properties":{"Họ và tên":"Huỳnh Ngọc Vĩnh","Tên Đại Lý":"DL Kim Phụng","Địa chỉ đại lý":"Long Sơn, Cầu Ngang","layer_id":263,"fid":532,"label":"DL Kim Phụng"}},{"type":"Feature","id":412,"geometry":{"type":"Point","coordinates":[1013078.0,10586181.0]},"properties":{"Họ và tên":"Nguyễn Văn Mảnh","Tên Đại Lý":"HKD Võ Văn Mảnh (Hai Mảnh)","Địa chỉ đại lý":"Tổ 20, ấp Hòa Hiệp, xã Nguyễn Văn Thảnh, huyện Bình Tân, tỉnh Vĩnh Long","layer_id":263,"fid":412,"label":"HKD Võ Văn Mảnh (Hai Mảnh)"}},{"type":"Feature","id":667,"geometry":{"type":"Point","coordinates":[106.155708,9.948281]},"properties":{"Họ và tên":"Lê Văn Bé Nhỏ","Tên Đại Lý":"CH VTNN Bé Xuân","Địa chỉ đại lý":"Tân Hưng, Hưng Hòa, Tiểu Cần, TV","layer_id":263,"fid":667,"label":"CH VTNN Bé Xuân"}},{"type":"Feature","id":843,"geometry":{"type":"Point","coordinates":[106.1557088,10.0401878]},"properties":{"Họ và tên":"Phạm Văn Dũng","Tên Đại Lý":"CH VTNN Dũng Nga","Địa chỉ đại lý":"Huyện Hội, Càng Long","layer_id":263,"fid":843,"label":"CH VTNN Dũng Nga"}},{"type":"Feature","id":592,"geometry":{"type":"Point","coordinates":[106.155708,9.948281]},"properties":{"Họ và tên":"Lê Quốc Tòng","Tên Đại Lý":"CH VTNN Thái Thảo","Địa chỉ đại lý":"Hưng Hòa, Tiểu Cần","layer_id":263,"fid":592,"label":"CH VTNN Thái Thảo"}},{"type":"Feature","id":142,"geometry":{"type":"Point","coordinates":[106.098624,9.995638]},"properties":{"Họ và tên":"Nguyễn Trọng Khôi","Tên Đại Lý":"Nguyễn Trọng Khôi","Địa chỉ đại lý":"Hiếu Xuân Đông Hiếu Thành","layer_id":263,"fid":142,"label":"Nguyễn Trọng Khôi"}},{"type":"Feature","id":79,"geometry":{"type":"Point","coordinates":[106.23,10.11]},"properties":{"Họ và tên":"Nguyễn Minh Phương","Tên Đại Lý":"Hộ kinh doanh Phương Quyên","Địa chỉ đại lý":"Số 190, tổ 13, ấp Thái Bình, xã Thanh Bình, huyện Vũng Liêm","layer_id":263,"fid":79,"label":"Hộ kinh doanh Phương Quyên"}},{"type":"Feature","id":509,"geometry":{"type":"Point","coordinates":[106.108754,9.923487]},"properties":{"Họ và tên":"Hà Chế Linh","Tên Đại Lý":"CH VTNN Phùng Xuân","Địa chỉ đại lý":"ấp II, xã Phong Thạnh, huyện Cầu Kè","layer_id":263,"fid":509,"label":"CH VTNN Phùng Xuân"}},{"type":"Feature","id":80,"geometry":{"type":"Point","coordinates":[106.15,10.04]},"properties":{"Họ và tên":"Lê Hữu Phước","Tên Đại Lý":"HKD Liễu Linh Ngân","Địa chỉ đại lý":"Tổ 6, ấp An Lạc 1, xã Trung An, huyện Vũng Liêm, tỉnh Vĩnh Long","layer_id":263,"fid":80,"label":"HKD Liễu Linh Ngân"}},{"type":"Feature","id":143,"geometry":{"type":"Point","coordinates":[106.100716,10.00246]},"properties":{"Họ và tên":"Hiệp Phát","Tên Đại Lý":"Hiệp Phát","Địa chỉ đại lý":"Hiếu Xuân Đông Hiếu Thành","layer_id":263,"fid":143,"label":"Hiệp Phát"}},{"type":"Feature","id":81,"geometry":{"type":"Point","coordinates":[106.2,10.07]},"properties":{"Họ và tên":"Nguyễn Văn Phấn ","Tên Đại Lý":"Hộ kinh doanh Nguyễn Văn Phấn","Địa chỉ đại lý":"Tổ 4, ấp An Trung, xã Trung Thành, huyện Vũng Liêm, tỉnh Vĩnh Long","layer_id":263,"fid":81,"label":"Hộ kinh doanh Nguyễn Văn Phấn"}},{"type":"Feature","id":82,"geometry":{"type":"Point","coordinates":[106.08632,10.11427]},"properties":{"Họ và tên":"Lý Thanh Hiền","Tên Đại Lý":"Hộ kinh doanh Lý Thanh Hiền","Địa chỉ đại lý":"Tổ 3, ấp Gò Ân, xã Tân An Luông, huyện Vũng Liêm, tỉnh Vĩnh Long","layer_id":263,"fid":82,"label":"Hộ kinh doanh Lý Thanh Hiền"}},{"type":"Feature","id":144,"geometry":{"type":"Point","coordinates":[106187238.0,10.09742]},"properties":{"Họ và tên":"Trần Hớn Quang","Tên Đại Lý":"Trần Hớn Quang","Địa chỉ đại lý":"Khóm 2 TT Vũng Liêm","layer_id":263,"fid":144,"label":"Trần Hớn Quang"}},{"type":"Feature","id":206,"geometry":{"type":"Point","coordinates":[106.01,10.05]},"properties":{"Họ và tên":"Bùi Tấn Đạt","Tên Đại Lý":"Hộ kinh doanh Đạt Phương","Địa chỉ đại lý":"Tổ 1, ấp Tường trí, xã Nhơn Bình, huyện Trà Ôn, tỉnh Vĩnh Long","layer_id":263,"fid":206,"label":"Hộ kinh doanh Đạt Phương"}},{"type":"Feature","id":145,"geometry":{"type":"Point","coordinates":[106.114755,10.10263]},"properties":{"Họ và tên":"Nguyễn Kim Phượng","Tên Đại Lý":"Nguyễn Kim Phượng","Địa chỉ đại lý":"Rạch Ngay Trung Hiệp","layer_id":263,"fid":145,"label":"Nguyễn Kim Phượng"}},{"type":"Feature","id":316,"geometry":{"type":"Point","coordinates":[106.1135,10.08568]},"properties":{"Họ và tên":"Trần Văn Ngoan","Tên Đại Lý":"Hộ kinh doanh Trần Văn Ngoan (Ba Ẩn)","Địa chỉ đại lý":"ấp Tân Huy, xã Hiếu Phụng, huyện Vũng Liêm","layer_id":263,"fid":316,"label":"Hộ kinh doanh Trần Văn Ngoan (Ba Ẩn)"}},{"type":"Feature","id":413,"geometry":{"type":"Point","coordinates":[1011297.0,10583341.0]},"properties":{"Họ và tên":"Nguyễn Văn Thơm","Tên Đại Lý":"Hộ kinh doanh Thuận Nguyên","Địa chỉ đại lý":"Tổ 3, ấp Mỹ Thạnh A, xã Mỹ Thuận, thị xã Bình Minh, tỉnh Vĩnh Long","layer_id":263,"fid":413,"label":"Hộ kinh doanh Thuận Nguyên"}},{"type":"Feature","id":146,"geometry":{"type":"Point","coordinates":[106.152909,10.11258]},"properties":{"Họ và tên":"Nguyễn Thị Cẩm giang","Tên Đại Lý":"Nguyễn Thị Cẩm giang","Địa chỉ đại lý":"Ấp Bình Phụng Trung Hiệp","layer_id":263,"fid":146,"label":"Nguyễn Thị Cẩm giang"}},{"type":"Feature","id":533,"geometry":{"type":"Point","coordinates":[106.402517,9.880945]},"properties":{"Họ và tên":"Huỳnh Ngọc Vĩnh","Tên Đại Lý":"Cửa hàng VTNN Vĩnh Phụng","Địa chỉ đại lý":"ấp Tân Lập, xã Long Sơn, huyện Cầu Ngang","layer_id":263,"fid":533,"label":"Cửa hàng VTNN Vĩnh Phụng"}},{"type":"Feature","id":147,"geometry":{"type":"Point","coordinates":[106.204544,10.03858]},"properties":{"Họ và tên":"Lữ Văn Bình","Tên Đại Lý":"Lữ Văn Bình","Địa chỉ đại lý":"Phú Tân Trung Nghĩa","layer_id":263,"fid":147,"label":"Lữ Văn Bình"}},{"type":"Feature","id":317,"geometry":{"type":"Point","coordinates":[106.10999,10.03029]},"properties":{"Họ và tên":"Võ Văn Tuấn","Tên Đại Lý":"Hộ kinh doanh Tuấn - Sang","Địa chỉ đại lý":"ấp Hiếu Minh B, xã Hiếu Nhơn, huyện Vũng Liêm","layer_id":263,"fid":317,"label":"Hộ kinh doanh Tuấn - Sang"}},{"type":"Feature","id":668,"geometry":{"type":"Point","coordinates":[106.324888,9.921319]},"properties":{"Họ và tên":"Lê Văn Đẹp","Tên Đại Lý":"CH VTNN Nhỏ Đẹp","Địa chỉ đại lý":"Hòa Lợi, Châu Thành","layer_id":263,"fid":668,"label":"CH VTNN Nhỏ Đẹp"}},{"type":"Feature","id":493,"geometry":{"type":"Point","coordinates":[106.273418,9.972305]},"properties":{"Họ và tên":"Đoàn Văn Châu","Tên Đại Lý":"Cửa hàng VTNN Út Châu","Địa chỉ đại lý":"An Trường, Càng Long","layer_id":263,"fid":493,"label":"Cửa hàng VTNN Út Châu"}},{"type":"Feature","id":83,"geometry":{"type":"Point","coordinates":[106.22,10.13]},"properties":{"Họ và tên":"Nguyễn Văn Bảy","Tên Đại Lý":"Hộ kinh doanh Nguyễn Văn Bảy","Địa chỉ đại lý":"Tổ 20, ấp Bình Lương, xã Quới Thiện, huyện Vũng Liêm, tỉnh Vĩnh Long","layer_id":263,"fid":83,"label":"Hộ kinh doanh Nguyễn Văn Bảy"}},{"type":"Feature","id":207,"geometry":{"type":"Point","coordinates":[105.96,9.94]},"properties":{"Họ và tên":"Dương Văn Minh Giàu","Tên Đại Lý":"HKD Cửa hàng vật tư nông nghiệp Kim Vân Truyền 2","Địa chỉ đại lý":"ấp Đục Dông, xã Thiện Mỹ, huyện Trà Ôn, tỉnh Vĩnh Long","layer_id":263,"fid":207,"label":"HKD Cửa hàng vật tư nông nghiệp Kim Vân Truyền 2"}},{"type":"Feature","id":148,"geometry":{"type":"Point","coordinates":[106.112041,10.0862]},"properties":{"Họ và tên":"Lê Minh Trí","Tên Đại Lý":"Lê Minh Trí","Địa chỉ đại lý":"Hiếu Hiệp Hiếu Phụng","layer_id":263,"fid":148,"label":"Lê Minh Trí"}},{"type":"Feature","id":84,"geometry":{"type":"Point","coordinates":[106.10237,10.14556]},"properties":{"Họ và tên":"Nguyễn Thị Lệ Thủy","Tên Đại Lý":"Hộ kinh doanh Nguyễn Thị Lệ Thủy","Địa chỉ đại lý":"ấp Đập Thủ, xã Tân Quới Trung, huyện Vũng Liêm, tỉnh Vĩnh Long","layer_id":263,"fid":84,"label":"Hộ kinh doanh Nguyễn Thị Lệ Thủy"}},{"type":"Feature","id":85,"geometry":{"type":"Point","coordinates":[106.1121,10.08632]},"properties":{"Họ và tên":"Lê Minh Trí","Tên Đại Lý":"Hộ kinh doanh Minh Trí","Địa chỉ đại lý":"Số 88, Tổ 8, Ấp Hiếu hiệp, Hiếu phụng, Vũng Liêm, tỉnh Vĩnh Long","layer_id":263,"fid":85,"label":"Hộ kinh doanh Minh Trí"}},{"type":"Feature","id":149,"geometry":{"type":"Point","coordinates":[106.092995,10.09224]},"properties":{"Họ và tên":"Võ Thị Hồng Mai","Tên Đại Lý":"Võ Thị Hồng Mai","Địa chỉ đại lý":"Quang phú Hiếu Phụng","layer_id":263,"fid":149,"label":"Võ Thị Hồng Mai"}},{"type":"Feature","id":86,"geometry":{"type":"Point","coordinates":[106.1,9.99]},"properties":{"Họ và tên":"Nguyễn Thị Thanh Hiếu","Tên Đại Lý":"Hộ kinh doanh Hưng Phát Vĩnh Long 3","Địa chỉ đại lý":"Tổ 12, ấp Hiếu Xuân Tây, xã Hiếu Thành, huyện Vũng Liêm, tỉnh Vĩnh Long","layer_id":263,"fid":86,"label":"Hộ kinh doanh Hưng Phát Vĩnh Long 3"}},{"type":"Feature","id":414,"geometry":{"type":"Point","coordinates":[1014859.0,10582866.0]},"properties":{"Họ và tên":"Hoàng Thị Kim Thanh","Tên Đại Lý":"Hộ kinh doanh Phạm Minh Không","Địa chỉ đại lý":"Tổ 4, ấp Hòa Thuận, xã Nguyễn Văn Thảnh, huyện Bình Tân, tỉnh Vĩnh Long","layer_id":263,"fid":414,"label":"Hộ kinh doanh Phạm Minh Không"}},{"type":"Feature","id":208,"geometry":{"type":"Point","coordinates":[106.01,10.04]},"properties":{"Họ và tên":"Lê Thị Chiêu","Tên Đại Lý":"Hộ kinh doanh Thịnh Nông","Địa chỉ đại lý":"Tổ 8, ấp Tường Ngãi, xã Nhơn Bình, huyện Trà Ôn, tỉnh Vĩnh Long","layer_id":263,"fid":208,"label":"Hộ kinh doanh Thịnh Nông"}},{"type":"Feature","id":150,"geometry":{"type":"Point","coordinates":[106.195337,10.06893]},"properties":{"Họ và tên":"Nguyễn Văn Phấn","Tên Đại Lý":"Nguyễn Văn Phấn","Địa chỉ đại lý":"An Trung Trung Thành","layer_id":263,"fid":150,"label":"Nguyễn Văn Phấn"}},{"type":"Feature","id":318,"geometry":{"type":"Point","coordinates":[106.13138,10.14286]},"properties":{"Họ và tên":"Nguyễn Thị Diễm","Tên Đại Lý":null,"Địa chỉ đại lý":"Tân Quới Trung, Vũng Liêm","layer_id":263,"fid":318,"label":null}},{"type":"Feature","id":534,"geometry":{"type":"Point","coordinates":[106.402517,9.880945]},"properties":{"Họ và tên":"Huỳnh Phong Vinh","Tên Đại Lý":"CH VTNN Cỏ Xuyên","Địa chỉ đại lý":"Hiệp Hòa, Cầu Ngang","layer_id":263,"fid":534,"label":"CH VTNN Cỏ Xuyên"}},{"type":"Feature","id":151,"geometry":{"type":"Point","coordinates":[106.194135,10.0717]},"properties":{"Họ và tên":"Thanh Như","Tên Đại Lý":"Thanh Như","Địa chỉ đại lý":"Trung Trạch Trung Thành","layer_id":263,"fid":151,"label":"Thanh Như"}},{"type":"Feature","id":152,"geometry":{"type":"Point","coordinates":[106.164161,10.15818]},"properties":{"Họ và tên":"Lộc Phát 2","Tên Đại Lý":"Lộc Phát 2","Địa chỉ đại lý":"Vàm An Quới An","layer_id":263,"fid":152,"label":"Lộc Phát 2"}},{"type":"Feature","id":319,"geometry":{"type":"Point","coordinates":[106.1551,10.06924]},"properties":{"Họ và tên":"Bùi Ngọc Sơn","Tên Đại Lý":null,"Địa chỉ đại lý":"Trung Hiếu, Vũng Liêm","layer_id":263,"fid":319,"label":null}},{"type":"Feature","id":153,"geometry":{"type":"Point","coordinates":[106.152247,1.153563]},"properties":{"Họ và tên":"Gia Thanh","Tên Đại Lý":"Gia Thanh","Địa chỉ đại lý":"Ấp I, Quới An","layer_id":263,"fid":153,"label":"Gia Thanh"}},{"type":"Feature","id":415,"geometry":{"type":"Point","coordinates":[1014937.0,10570446.0]},"properties":{"Họ và tên":"Nguyễn Thành Công","Tên Đại Lý":"HKD Nguyễn Thành Công","Địa chỉ đại lý":"Tổ 6, ấp An Thới, xã Tân An Thạnh, huyện Bình Tân, tỉnh Vĩnh Long","layer_id":263,"fid":415,"label":"HKD Nguyễn Thành Công"}},{"type":"Feature","id":320,"geometry":{"type":"Point","coordinates":[106.11845,10.0971]},"properties":{"Họ và tên":"Nguyễn Thái In","Tên Đại Lý":null,"Địa chỉ đại lý":"Hiếu Phụng, Vũng Liêm","layer_id":263,"fid":320,"label":null}},{"type":"Feature","id":669,"geometry":{"type":"Point","coordinates":[106.324888,9.921319]},"properties":{"Họ và tên":"Lê Văn Khỏe","Tên Đại Lý":"CH VTNN Thấy Khỏe","Địa chỉ đại lý":"Lương Hòa, Châu Thành","layer_id":263,"fid":669,"label":"CH VTNN Thấy Khỏe"}},{"type":"Feature","id":969,"geometry":{"type":"Point","coordinates":[10.2215,106.3142]},"properties":{"Họ và tên":"HUỲNH CÔNG HẬU","Tên Đại Lý":"HỘ KINH DOANH HUỲNH CÔNG HẬU","Địa chỉ đại lý":"Số 343/AĐL, ấp An Điền Lớn, xã An Hiệp","layer_id":263,"fid":969,"label":"HỘ KINH DOANH HUỲNH CÔNG HẬU"}},{"type":"Feature","id":87,"geometry":{"type":"Point","coordinates":[106.11792,9.94549]},"properties":{"Họ và tên":"Nguyễn Thị Ngọc Đang","Tên Đại Lý":"HKD Nguyễn Thị Ngọc Đang","Địa chỉ đại lý":"Tổ 8, ấp Hiếu Hậu, xã Hiếu Nghĩa, huyện Vũng Liêm, tỉnh Vĩnh Long","layer_id":263,"fid":87,"label":"HKD Nguyễn Thị Ngọc Đang"}},{"type":"Feature","id":209,"geometry":{"type":"Point","coordinates":[105.91207,10.01177]},"properties":{"Họ và tên":"Phạm Thị Thúy","Tên Đại Lý":"Hộ kinh doanh: Cửa hàng VTNN Nguyễn Trung Hiếu 8","Địa chỉ đại lý":"Tổ 2, ấp Nhứt, xã Ngãi Tứ, huyện Tam Bình, tỉnh Vĩnh Long","layer_id":263,"fid":209,"label":"Hộ kinh doanh: Cửa hàng VTNN Nguyễn Trung Hiếu 8"}},{"type":"Feature","id":154,"geometry":{"type":"Point","coordinates":[106.145985,10.04105]},"properties":{"Họ và tên":"Lê Hữu Phước","Tên Đại Lý":"Lê Hữu Phước","Địa chỉ đại lý":"An Lạc I Trung An","layer_id":263,"fid":154,"label":"Lê Hữu Phước"}},{"type":"Feature","id":88,"geometry":{"type":"Point","coordinates":[106.26,10.08]},"properties":{"Họ và tên":"Trần Văn Chinh","Tên Đại Lý":"HKD Chinh (6 xã)","Địa chỉ đại lý":"Tổ 8, ấp Bình Thủy, xã Thanh Bình, huyện Vũng Liêm, tỉnh Vĩnh Long","layer_id":263,"fid":88,"label":"HKD Chinh (6 xã)"}},{"type":"Feature","id":155,"geometry":{"type":"Point","coordinates":[106.103214,10.14301]},"properties":{"Họ và tên":"Nguyễn Hoàng Sơn","Tên Đại Lý":"Nguyễn Hoàng Sơn","Địa chỉ đại lý":"Đập Thủ Tân Q Trung","layer_id":263,"fid":155,"label":"Nguyễn Hoàng Sơn"}},{"type":"Feature","id":210,"geometry":{"type":"Point","coordinates":[106.2,10.05]},"properties":{"Họ và tên":"Trần Thị Đào","Tên Đại Lý":"Hộ kinh doanh Sáu Mai","Địa chỉ đại lý":"tổ 08, ấp Giồng Ké, xã Trung Ngãi, huyện Vũng Liêm","layer_id":263,"fid":210,"label":"Hộ kinh doanh Sáu Mai"}},{"type":"Feature","id":156,"geometry":{"type":"Point","coordinates":[106.110177,10.17032]},"properties":{"Họ và tên":"Nguyễn thanh Phong","Tên Đại Lý":"Nguyễn thanh Phong","Địa chỉ đại lý":"ấp 1 Tân Q Trung","layer_id":263,"fid":156,"label":"Nguyễn thanh Phong"}},{"type":"Feature","id":321,"geometry":{"type":"Point","coordinates":[106.09588,9.98736]},"properties":{"Họ và tên":"Huỳnh Thị Nguyệt Nga","Tên Đại Lý":"Chín Tiến 2","Địa chỉ đại lý":"Tổ 3, ấp Hiếu Xuân, xã Hiếu Thành, huyện Vũng Liêm","layer_id":263,"fid":321,"label":"Chín Tiến 2"}},{"type":"Feature","id":157,"geometry":{"type":"Point","coordinates":[106.13246,10.14255]},"properties":{"Họ và tên":"Nguyễn Thị Kiều Duyên","Tên Đại Lý":"Nguyễn Thị Kiều Duyên","Địa chỉ đại lý":" Trung Chánh","layer_id":263,"fid":157,"label":"Nguyễn Thị Kiều Duyên"}},{"type":"Feature","id":416,"geometry":{"type":"Point","coordinates":[1009935.0,10577519.0]},"properties":{"Họ và tên":"Nguyễn Thị Hồng Thắm","Tên Đại Lý":"Hộ kinh doanh Trung Trực","Địa chỉ đại lý":"Tổ 01, ấp Thành Ninh, xã Thành Lợi, huyện Bình Tân, tỉnh Vĩnh Long","layer_id":263,"fid":416,"label":"Hộ kinh doanh Trung Trực"}},{"type":"Feature","id":211,"geometry":{"type":"Point","coordinates":[106.23,10.11]},"properties":{"Họ và tên":"Phan Thị Trinh","Tên Đại Lý":"Hộ kinh doanh Phan Thị Trinh (VTNN Trinh Phát)","Địa chỉ đại lý":"Tổ 15, ấp Thái Bình, xã Thanh Bình, huyện Vũng Liêm, tỉnh Vĩnh Long","layer_id":263,"fid":211,"label":"Hộ kinh doanh Phan Thị Trinh (VTNN Trinh Phát)"}},{"type":"Feature","id":158,"geometry":{"type":"Point","coordinates":[106.230611,10.10688]},"properties":{"Họ và tên":"Nguyễn Minh Phương","Tên Đại Lý":"Nguyễn Minh Phương","Địa chỉ đại lý":"Cái Dứa Thanh Bình","layer_id":263,"fid":158,"label":"Nguyễn Minh Phương"}},{"type":"Feature","id":535,"geometry":{"type":"Point","coordinates":[106.324888,9.921319]},"properties":{"Họ và tên":"Huỳnh Phước Duy","Tên Đại Lý":"CH VTNN Anh Đức","Địa chỉ đại lý":"TT. Châu Thành, Châu Thành","layer_id":263,"fid":535,"label":"CH VTNN Anh Đức"}},{"type":"Feature","id":159,"geometry":{"type":"Point","coordinates":[106.232608,10.11028]},"properties":{"Họ và tên":"Nguyễn Anh Viễn Chinh","Tên Đại Lý":"Nguyễn Anh Viễn Chinh","Địa chỉ đại lý":" Thanh Bình","layer_id":263,"fid":159,"label":"Nguyễn Anh Viễn Chinh"}},{"type":"Feature","id":322,"geometry":{"type":"Point","coordinates":[106.17658,10.11114]},"properties":{"Họ và tên":"Lê Hồng Đậm","Tên Đại Lý":"Tám Đèo","Địa chỉ đại lý":"Tổ 9, ấp Quới Hiệp, xã Trung Thành Tây, huyện Vũng Liêm","layer_id":263,"fid":322,"label":"Tám Đèo"}},{"type":"Feature","id":417,"geometry":{"type":"Point","coordinates":[1011868.0,10574192.0]},"properties":{"Họ và tên":"Phạm Thành Phước","Tên Đại Lý":"Hộ kinh doanh Thành Phước (Sáu Mảnh)","Địa chỉ đại lý":"Tổ 05, ấp Tân Trung, xã Tân Bình, huyện Bình Tân, tỉnh Vĩnh Long","layer_id":263,"fid":417,"label":"Hộ kinh doanh Thành Phước (Sáu Mảnh)"}},{"type":"Feature","id":844,"geometry":{"type":"Point","coordinates":[106.0969562,9.9197022]},"properties":{"Họ và tên":"Phạm Văn Bình","Tên Đại Lý":"Cửa hàng VTNN Tầm Thông 2","Địa chỉ đại lý":"ấp Ngọc Hồ, xã Tam Ngãi, huyện Cầu Kè","layer_id":263,"fid":844,"label":"Cửa hàng VTNN Tầm Thông 2"}},{"type":"Feature","id":536,"geometry":{"type":"Point","coordinates":[106.124614,9.897368]},"properties":{"Họ và tên":"Huỳnh Thanh Bình","Tên Đại Lý":"CH VTNN Thanh Bình","Địa chỉ đại lý":"Ninh Thới, Cầu Kè","layer_id":263,"fid":536,"label":"CH VTNN Thanh Bình"}},{"type":"Feature","id":670,"geometry":{"type":"Point","coordinates":[106.155708,9.948281]},"properties":{"Họ và tên":"Lê Văn Rớt","Tên Đại Lý":"CH VTNN Rớt","Địa chỉ đại lý":"Hùng Hòa, Tiểu Cần","layer_id":263,"fid":670,"label":"CH VTNN Rớt"}},{"type":"Feature","id":212,"geometry":{"type":"Point","coordinates":[106.08,9.96]},"properties":{"Họ và tên":"Nguyễn Văn Toàn","Tên Đại Lý":"Hộ kinh doanh Cửa hàng VTNN Nguyễn Toàn","Địa chỉ đại lý":"Tổ 14, ấp Hiếu Hạnh, xã Hiếu Nghĩa, huyện Vũng Liêm","layer_id":263,"fid":212,"label":"Hộ kinh doanh Cửa hàng VTNN Nguyễn Toàn"}},{"type":"Feature","id":323,"geometry":{"type":"Point","coordinates":[106.15103,10.07514]},"properties":{"Họ và tên":"Trần Thị Diệp Anh","Tên Đại Lý":"Vũ Anh","Địa chỉ đại lý":"Tổ 19, ấp Bình Thành, xã Trung hiếu, Vũng Liêm","layer_id":263,"fid":323,"label":"Vũ Anh"}},{"type":"Feature","id":213,"geometry":{"type":"Point","coordinates":[106.21,10.14]},"properties":{"Họ và tên":"Lê Văn Khanh","Tên Đại Lý":"HKD Đại lý BBBVTV 3 Khanh","Địa chỉ đại lý":"Tổ 05, ấp Phú thới, xã Quới Thiện, huyện Vũng Liêm, tỉnh Vĩnh Long","layer_id":263,"fid":213,"label":"HKD Đại lý BBBVTV 3 Khanh"}},{"type":"Feature","id":214,"geometry":{"type":"Point","coordinates":[106.23,10.11]},"properties":{"Họ và tên":"Nguyễn Minh Phương","Tên Đại Lý":"Hộ kinh doanh Phương Quyên","Địa chỉ đại lý":"Số 190, tổ 13, ấp Thái Bình, xã Thanh Bình, huyện Vũng Liêm","layer_id":263,"fid":214,"label":"Hộ kinh doanh Phương Quyên"}},{"type":"Feature","id":418,"geometry":{"type":"Point","coordinates":[1015624.0,10572792.0]},"properties":{"Họ và tên":"Nguyễn Thành Trung","Tên Đại Lý":"Hộ kinh doanh Trung Thủy","Địa chỉ đại lý":"ấp Tân Khánh, xã Tân Lược, huyện Bình Tân","layer_id":263,"fid":418,"label":"Hộ kinh doanh Trung Thủy"}},{"type":"Feature","id":324,"geometry":{"type":"Point","coordinates":[106.18783,10.12598]},"properties":{"Họ và tên":"Trương Thị Ngọc Hân","Tên Đại Lý":"Nhựt Hân","Địa chỉ đại lý":"ấp Trường Thọ, xã Trung Thành Tây, Vũng Liêm","layer_id":263,"fid":324,"label":"Nhựt Hân"}},{"type":"Feature","id":215,"geometry":{"type":"Point","coordinates":[106.15,10.04]},"properties":{"Họ và tên":"Lê Hữu Phước","Tên Đại Lý":"HKD Liễu Linh Ngân","Địa chỉ đại lý":"Tổ 6, ấp An Lạc 1, xã Trung An, huyện Vũng Liêm, tỉnh Vĩnh Long","layer_id":263,"fid":215,"label":"HKD Liễu Linh Ngân"}},{"type":"Feature","id":325,"geometry":{"type":"Point","coordinates":[106.1164,10.06625]},"properties":{"Họ và tên":"Phan Thị Yến Nhi","Tên Đại Lý":"Hộ kinh doanh Chín Tiến 03","Địa chỉ đại lý":"Số 7, tổ 9, ấp Quang Tường, xã Hiếu Thuận,","layer_id":263,"fid":325,"label":"Hộ kinh doanh Chín Tiến 03"}},{"type":"Feature","id":419,"geometry":{"type":"Point","coordinates":[1010067.0,10575718.0]},"properties":{"Họ và tên":"Lê Thị Hồng Hạnh","Tên Đại Lý":"Hộ kinh doanh Lê Thị Hồng Hạnh (Hai Em)","Địa chỉ đại lý":"Tổ 2, khóm Tân Lợi, thị trấn Tân Quới, huyện Bình Tân, tỉnh Vĩnh Long","layer_id":263,"fid":419,"label":"Hộ kinh doanh Lê Thị Hồng Hạnh (Hai Em)"}},{"type":"Feature","id":326,"geometry":{"type":"Point","coordinates":[106.09862,9.99563]},"properties":{"Họ và tên":"Vỏ Nguyễn Trọng Khôi","Tên Đại Lý":"Hộ kinh doanh Vỏ Nguyễn Trọng Khôi","Địa chỉ đại lý":"Tổ 07, ấp Hiếu Xuân Đông, xã Hiếu Thành","layer_id":263,"fid":326,"label":"Hộ kinh doanh Vỏ Nguyễn Trọng Khôi"}},{"type":"Feature","id":420,"geometry":{"type":"Point","coordinates":[1011655.0,10574428.0]},"properties":{"Họ và tên":"Nguyễn Thị Thu Oanh","Tên Đại Lý":"Hộ kinh doanh Nguyễn Thị Thu Oanh","Địa chỉ đại lý":"Tổ 13, ấp Tân Phước, xã Tân Bình, huyện Bình Tân, tỉnh Vĩnh Long","layer_id":263,"fid":420,"label":"Hộ kinh doanh Nguyễn Thị Thu Oanh"}},{"type":"Feature","id":537,"geometry":{"type":"Point","coordinates":[106.155708,9.948281]},"properties":{"Họ và tên":"Huỳnh Thị Chiến","Tên Đại Lý":"Cửa hàng VTNN Anh Vũ","Địa chỉ đại lý":"Hưng Hòa, Tiểu Cần","layer_id":263,"fid":537,"label":"Cửa hàng VTNN Anh Vũ"}},{"type":"Feature","id":538,"geometry":{"type":"Point","coordinates":[106.529341,9.771618]},"properties":{"Họ và tên":"Huỳnh Thị Loan","Tên Đại Lý":"CH VTNN Kim Loan","Địa chỉ đại lý":"Mỹ Long Bắc, Cầu Ngang","layer_id":263,"fid":538,"label":"CH VTNN Kim Loan"}},{"type":"Feature","id":671,"geometry":{"type":"Point","coordinates":[106.173874,9.967819]},"properties":{"Họ và tên":"Lê Văn Hùng","Tên Đại Lý":"CH VTNN Tâm Bình","Địa chỉ đại lý":"Tân Hưng, Tiểu Cần","layer_id":263,"fid":671,"label":"CH VTNN Tâm Bình"}},{"type":"Feature","id":845,"geometry":{"type":"Point","coordinates":[106.1557088,10.0401878]},"properties":{"Họ và tên":"Phạm Văn Chí","Tên Đại Lý":"Cửa hàng VTNN Chí","Địa chỉ đại lý":"ấp Long Hội, xã Tân An, huyện Càng Long","layer_id":263,"fid":845,"label":"Cửa hàng VTNN Chí"}},{"type":"Feature","id":216,"geometry":{"type":"Point","coordinates":[106.2,10.07]},"properties":{"Họ và tên":"Nguyễn Văn Phấn ","Tên Đại Lý":"Hộ kinh doanh Nguyễn Văn Phấn","Địa chỉ đại lý":"Tổ 4, ấp An Trung, xã Trung Thành, huyện Vũng Liêm, tỉnh Vĩnh Long","layer_id":263,"fid":216,"label":"Hộ kinh doanh Nguyễn Văn Phấn"}},{"type":"Feature","id":217,"geometry":{"type":"Point","coordinates":[106.08632,10.11427]},"properties":{"Họ và tên":"Lý Thanh Hiền","Tên Đại Lý":"Hộ kinh doanh Lý Thanh Hiền","Địa chỉ đại lý":"Tổ 3, ấp Gò Ân, xã Tân An Luông, huyện Vũng Liêm, tỉnh Vĩnh Long","layer_id":263,"fid":217,"label":"Hộ kinh doanh Lý Thanh Hiền"}},{"type":"Feature","id":327,"geometry":{"type":"Point","coordinates":[10610980.0,1002970.0]},"properties":{"Họ và tên":"Dương Chí bảo","Tên Đại Lý":"HKD VTNN Việt Nông 8","Địa chỉ đại lý":"số 3, tổ 1, Ấp Hiếu Hòa A, xã Hiếu nhơn, Vũng Liêm","layer_id":263,"fid":327,"label":"HKD VTNN Việt Nông 8"}},{"type":"Feature","id":421,"geometry":{"type":"Point","coordinates":[1012615.0,10573185.0]},"properties":{"Họ và tên":"Phan Thành Thạo","Tên Đại Lý":"HKD cửa hàng VTNN Hằng Thạo","Địa chỉ đại lý":"Tổ 05, ấp Tân Qui, xã Tân Bình, huyện Bình Tân, tỉnh Vĩnh Long","layer_id":263,"fid":421,"label":"HKD cửa hàng VTNN Hằng Thạo"}},{"type":"Feature","id":218,"geometry":{"type":"Point","coordinates":[106.22,10.13]},"properties":{"Họ và tên":"Nguyễn Văn Bảy","Tên Đại Lý":"Hộ kinh doanh Nguyễn Văn Bảy","Địa chỉ đại lý":"Tổ 20, ấp Bình Lương, xã Quới Thiện, huyện Vũng Liêm, tỉnh Vĩnh Long","layer_id":263,"fid":218,"label":"Hộ kinh doanh Nguyễn Văn Bảy"}},{"type":"Feature","id":328,"geometry":{"type":"Point","coordinates":[10582266.0,1006546.0]},"properties":{"Họ và tên":"Trần Minh Tài","Tên Đại Lý":"HKD Tân Nguyên Thuận","Địa chỉ đại lý":"Số 278, đường Ngô Quyền, khóm 1, phường Cái Vồn, TX.Bình Minh, tỉnh Vĩnh Long.","layer_id":263,"fid":328,"label":"HKD Tân Nguyên Thuận"}},{"type":"Feature","id":219,"geometry":{"type":"Point","coordinates":[106.10237,10.14556]},"properties":{"Họ và tên":"Nguyễn Thị Lệ Thủy","Tên Đại Lý":"Hộ kinh doanh Nguyễn Thị Lệ Thủy","Địa chỉ đại lý":"ấp Đập Thủ, xã Tân Quới Trung, huyện Vũng Liêm, tỉnh Vĩnh Long","layer_id":263,"fid":219,"label":"Hộ kinh doanh Nguyễn Thị Lệ Thủy"}},{"type":"Feature","id":329,"geometry":{"type":"Point","coordinates":[10596662.0,1013483.0]},"properties":{"Họ và tên":"Lưu Thị Thảo Trang","Tên Đại Lý":"HKD Cửa hàng VTNN Nhân Trang","Địa chỉ đại lý":"Số 173, tổ 13, ấp 7, xã Hậu Lộc, huyện Tam Bình, tỉnh Vĩnh Long","layer_id":263,"fid":329,"label":"HKD Cửa hàng VTNN Nhân Trang"}},{"type":"Feature","id":330,"geometry":{"type":"Point","coordinates":[10603114.0,993434.0]},"properties":{"Họ và tên":"Nguyễn Văn Hậu","Tên Đại Lý":"HKD Nguyễn Văn Hậu","Địa chỉ đại lý":"662, ấp Ông Lãnh, xã Thuận Thới, huyện Trà Ôn, tỉnh Vĩnh Long","layer_id":263,"fid":330,"label":"HKD Nguyễn Văn Hậu"}},{"type":"Feature","id":422,"geometry":{"type":"Point","coordinates":[1015844.0,10572889.0]},"properties":{"Họ và tên":"Nguyễn Ngọc Hòa","Tên Đại Lý":"HKD Ngọc Thĩnh 3","Địa chỉ đại lý":"Tổ 05, ấp Tân Long, xã Tân Lược, huyện Bình Tân, tỉnh Vĩnh Long","layer_id":263,"fid":422,"label":"HKD Ngọc Thĩnh 3"}},{"type":"Feature","id":539,"geometry":{"type":"Point","coordinates":[106.155708,9.948281]},"properties":{"Họ và tên":"Huỳnh Thị Mỹ Hằng","Tên Đại Lý":"HKD Huỳnh Thị Mỹ Hằng","Địa chỉ đại lý":"ấp Đại Thôn, xã Hưng Mỹ, tỉnh Vĩnh Long","layer_id":263,"fid":539,"label":"HKD Huỳnh Thị Mỹ Hằng"}},{"type":"Feature","id":672,"geometry":{"type":"Point","coordinates":[106.350325,9.929845]},"properties":{"Họ và tên":"Lê Văn Tấn","Tên Đại Lý":"Cửa hàng VTNN Văn Hùng","Địa chỉ đại lý":"Phường 3, Tp. Trà Vinh","layer_id":263,"fid":672,"label":"Cửa hàng VTNN Văn Hùng"}},{"type":"Feature","id":477,"geometry":{"type":"Point","coordinates":[106.136275,9.980482]},"properties":{"Họ và tên":"Đặng Thị Kiều Trang","Tên Đại Lý":"CH VTNN Dũng Trang","Địa chỉ đại lý":"Long Thới, Tiểu Cần","layer_id":263,"fid":477,"label":"CH VTNN Dũng Trang"}},{"type":"Feature","id":478,"geometry":{"type":"Point","coordinates":[106.173874,9.967819]},"properties":{"Họ và tên":"Đặng Thị Ngọc Minh","Tên Đại Lý":"Cửa hàng VTNN Hồng Minh","Địa chỉ đại lý":"Khóm 1, thị trấn Tiểu Cần, huyện Tiểu Cần","layer_id":263,"fid":478,"label":"Cửa hàng VTNN Hồng Minh"}},{"type":"Feature","id":540,"geometry":{"type":"Point","coordinates":[106.108754,9.923487]},"properties":{"Họ và tên":"Huỳnh Thị Thắm","Tên Đại Lý":"CH VTNN Thắm Thái","Địa chỉ đại lý":"Phong Thạnh, Cầu Kè","layer_id":263,"fid":540,"label":"CH VTNN Thắm Thái"}},{"type":"Feature","id":846,"geometry":{"type":"Point","coordinates":[106.1664188,9.9678393]},"properties":{"Họ và tên":"Phạm Văn Hoài","Tên Đại Lý":"CH VTNN Sáu Hoài","Địa chỉ đại lý":"Hòa Thuận, Châu Thành","layer_id":263,"fid":846,"label":"CH VTNN Sáu Hoài"}},{"type":"Feature","id":222,"geometry":{"type":"Point","coordinates":[106.11792,9.94549]},"properties":{"Họ và tên":"Nguyễn Thị Ngọc Đang","Tên Đại Lý":"HKD Nguyễn Thị Ngọc Đang","Địa chỉ đại lý":"Tổ 8, ấp Hiếu Hậu, xã Hiếu Nghĩa, huyện Vũng Liêm, tỉnh Vĩnh Long","layer_id":263,"fid":222,"label":"HKD Nguyễn Thị Ngọc Đang"}},{"type":"Feature","id":331,"geometry":{"type":"Point","coordinates":[10601931.0,1017244.0]},"properties":{"Họ và tên":"Trần Lê Tuấn Việt","Tên Đại Lý":"Hộ kinh doanh Trần Lê Tuấn Việt","Địa chỉ đại lý":"ấp An Phú A, xã Long An, huyện Long Hồ, tỉnh Vĩnh Long","layer_id":263,"fid":331,"label":"Hộ kinh doanh Trần Lê Tuấn Việt"}},{"type":"Feature","id":223,"geometry":{"type":"Point","coordinates":[106.26,10.08]},"properties":{"Họ và tên":"Trần Văn Chinh","Tên Đại Lý":"HKD Chinh (6 xã)","Địa chỉ đại lý":"Tổ 8, ấp Bình Thủy, xã Thanh Bình, huyện Vũng Liêm, tỉnh Vĩnh Long","layer_id":263,"fid":223,"label":"HKD Chinh (6 xã)"}},{"type":"Feature","id":423,"geometry":{"type":"Point","coordinates":[1011050.0,10576478.0]},"properties":{"Họ và tên":"Dương Hoài Ân","Tên Đại Lý":"Địa điểm kinh doanh công ty TNHH MTV Hương Vị Trái Cây Việt-Chi nhánh Vĩnh Long-Cửa hàng VTNN Quang Vinh","Địa chỉ đại lý":"Thửa đất số 335, tờ bản đồ số 44, tổ 1, ấp Thành Khương, thị trấn Tân Quới, huyện Bình Tân, tỉnh Vĩnh Long","layer_id":263,"fid":423,"label":"Địa điểm kinh doanh công ty TNHH MTV Hương Vị Trái Cây Việt-Chi nhánh Vĩnh Long-Cửa hàng VTNN Quang Vinh"}},{"type":"Feature","id":332,"geometry":{"type":"Point","coordinates":[10603729.0,1021176.0]},"properties":{"Họ và tên":"Nguyễn Văn Phúc","Tên Đại Lý":"HKD Cửa hàng VTNN Phúc Loan","Địa chỉ đại lý":"Tổ 2, ấp Bình Hòa 2, Hòa Tịnh, Mang Thít, tỉnh Vĩnh Long","layer_id":263,"fid":332,"label":"HKD Cửa hàng VTNN Phúc Loan"}},{"type":"Feature","id":333,"geometry":{"type":"Point","coordinates":[10611603.0,1022629.0]},"properties":{"Họ và tên":"Nguyễn Thị Kim Thanh","Tên Đại Lý":"HKD Cửa hàng Dịch vụ kỹ thuật nông nghiệp Phúc Nông","Địa chỉ đại lý":"Tổ 2, Ấp Định Thới A, An Phước, Mang Thít, Vĩnh Long","layer_id":263,"fid":333,"label":"HKD Cửa hàng Dịch vụ kỹ thuật nông nghiệp Phúc Nông"}},{"type":"Feature","id":424,"geometry":{"type":"Point","coordinates":[1014098.0,10579352.0]},"properties":{"Họ và tên":"Trần Thanh Phong","Tên Đại Lý":"HKD Thuận phong Vũ","Địa chỉ đại lý":"ấp Thành Hiếu, xã Thành Trung, huyện Bình Tân, tỉnh Vĩnh Long","layer_id":263,"fid":424,"label":"HKD Thuận phong Vũ"}},{"type":"Feature","id":357,"geometry":{"type":"Point","coordinates":[105.932,10.0544]},"properties":{"Họ và tên":"Lê Thị Kim Thoa","Tên Đại Lý":"HKD Lê Thị Kim Thoa","Địa chỉ đại lý":"Thửa đất số 20, tờ bản đất số 9, ấp Bình Hòa, xã Loan Mỹ, huyện Tam Bình, tỉnh Vĩnh Long","layer_id":263,"fid":357,"label":"HKD Lê Thị Kim Thoa"}},{"type":"Feature","id":361,"geometry":{"type":"Point","coordinates":[106.0557,9.94734]},"properties":{"Họ và tên":"Nguyễn Thanh Nam","Tên Đại Lý":"Hộ kinh doanh Nguyễn Thanh Nam","Địa chỉ đại lý":"Tổ 4, ấp Cống Đá, xã Thuận Thới, huyện Trà Ôn, tỉnh Vĩnh Long","layer_id":263,"fid":361,"label":"Hộ kinh doanh Nguyễn Thanh Nam"}},{"type":"Feature","id":673,"geometry":{"type":"Point","coordinates":[106.488319,9.813054]},"properties":{"Họ và tên":"Lê Văn Tiến","Tên Đại Lý":"Cửa hàng VTNN Vĩnh Lộc","Địa chỉ đại lý":"ấp Trà Vong, xã Hiệp Mỹ Tây, huyện Cầu Ngang","layer_id":263,"fid":673,"label":"Cửa hàng VTNN Vĩnh Lộc"}},{"type":"Feature","id":541,"geometry":{"type":"Point","coordinates":[106.311756,9.873212]},"properties":{"Họ và tên":"Huỳnh Thị Thanh Bình","Tên Đại Lý":"CH VTNN Thanh Bình","Địa chỉ đại lý":"Phước Hưng, Trà Cú","layer_id":263,"fid":541,"label":"CH VTNN Thanh Bình"}},{"type":"Feature","id":479,"geometry":{"type":"Point","coordinates":[106.402517,9.880945]},"properties":{"Họ và tên":"Đặng Văn Vũ","Tên Đại Lý":"CH VTNN Quế Chi","Địa chỉ đại lý":"Long Sơn, Cầu Ngang","layer_id":263,"fid":479,"label":"CH VTNN Quế Chi"}},{"type":"Feature","id":847,"geometry":{"type":"Point","coordinates":[106.1557088,10.0401878]},"properties":{"Họ và tên":"Phạm Văn Lâm","Tên Đại Lý":"CH VTNN Lâm Nhanh","Địa chỉ đại lý":"Ấn Trường, Càng Long","layer_id":263,"fid":847,"label":"CH VTNN Lâm Nhanh"}},{"type":"Feature","id":480,"geometry":{"type":"Point","coordinates":[106.353342,9.914848]},"properties":{"Họ và tên":"Đào Thị Thu My","Tên Đại Lý":"Công ty TNHH Nông Dược Sunny","Địa chỉ đại lý":"Khóm 9, phường 9, thành phố Trà Vinh","layer_id":263,"fid":480,"label":"Công ty TNHH Nông Dược Sunny"}},{"type":"Feature","id":674,"geometry":{"type":"Point","coordinates":[106.388835,9.866572]},"properties":{"Họ và tên":"Lương Vĩnh Thanh","Tên Đại Lý":"CH VTNN Tân Phát","Địa chỉ đại lý":"Hàm Giang, Trà Cú","layer_id":263,"fid":674,"label":"CH VTNN Tân Phát"}},{"type":"Feature","id":225,"geometry":{"type":"Point","coordinates":[10.147,105.709]},"properties":{"Họ và tên":"Võ Huỳnh Quế Trâm","Tên Đại Lý":"Địa điểm kinh doanh cửa hàng thái bình cửu long số 13-Công ty TNHH MTV Thái bình cửu long","Địa chỉ đại lý":"Thửa đất số 388, tờ bản đồ số 11, tổ 2, ấp An Khánh, xã Tân An Thạnh, huyện Bình Tân, tỉnh Vĩnh Long","layer_id":263,"fid":225,"label":"Địa điểm kinh doanh cửa hàng thái bình cửu long số 13-Công ty TNHH MTV Thái bình cửu long"}},{"type":"Feature","id":425,"geometry":{"type":"Point","coordinates":[1030077.0,10597488.0]},"properties":{"Họ và tên":"Võ Thành Tiền","Tên Đại Lý":"Hộ kinh doanh Tiền Dung","Địa chỉ đại lý":"Số 215A/13, ấp Hòa Thuận, xã Hòa Ninh, huyện Long Hồ, tỉnh Vĩnh Long","layer_id":263,"fid":425,"label":"Hộ kinh doanh Tiền Dung"}},{"type":"Feature","id":226,"geometry":{"type":"Point","coordinates":[10.269,106.021]},"properties":{"Họ và tên":"Trần Hoàng Minh","Tên Đại Lý":"HKD Trần Hoàng Minh","Địa chỉ đại lý":"ấp Phước Định 2, xã Bình Hòa Phước, huyện Long Hồ, tỉnh Vĩnh Long","layer_id":263,"fid":226,"label":"HKD Trần Hoàng Minh"}},{"type":"Feature","id":227,"geometry":{"type":"Point","coordinates":[10.284,105.991]},"properties":{"Họ và tên":"Võ Thiện Thành","Tên Đại Lý":"HKD Thiện Thành","Địa chỉ đại lý":"ấp Hòa Quí, xã Hòa Ninh, huyện Long Hồ, tỉnh Vĩnh Long","layer_id":263,"fid":227,"label":"HKD Thiện Thành"}},{"type":"Feature","id":542,"geometry":{"type":"Point","coordinates":[106.311756,9.873212]},"properties":{"Họ và tên":"Huỳnh Thị Thanh Bình","Tên Đại Lý":"Cửa hàng Vật tư nông nghiệp Thanh Bình","Địa chỉ đại lý":"ấp Trà Tum, xã Phước Hưng, huyện Trà Cú","layer_id":263,"fid":542,"label":"Cửa hàng Vật tư nông nghiệp Thanh Bình"}},{"type":"Feature","id":228,"geometry":{"type":"Point","coordinates":[10.268,105.975]},"properties":{"Họ và tên":"Huỳnh Văn Mật","Tên Đại Lý":"Hộ kinh doanh Huỳnh Mật","Địa chỉ đại lý":"ấp An Thành, xã An Bình, huyện Long Hồ, tỉnh Vĩnh Long","layer_id":263,"fid":228,"label":"Hộ kinh doanh Huỳnh Mật"}},{"type":"Feature","id":334,"geometry":{"type":"Point","coordinates":[106.204103,10.030182]},"properties":{"Họ và tên":"Đoàn Thị Thắm","Tên Đại Lý":"Phúc Thịnh","Địa chỉ đại lý":"ấp Phú Tiên, xã Trung Nghĩa, huyện Vũng Liêm","layer_id":263,"fid":334,"label":"Phúc Thịnh"}},{"type":"Feature","id":229,"geometry":{"type":"Point","coordinates":[10.06,105.872]},"properties":{"Họ và tên":"Huỳnh Nhựt Thành","Tên Đại Lý":"HKD Cửa hàng VTNN Thanh Thúy","Địa chỉ đại lý":"Số 183, tổ 13, ấp Long Phú , xã Tân Phú, huyện Tam Bình, tỉnh Vĩnh Long","layer_id":263,"fid":229,"label":"HKD Cửa hàng VTNN Thanh Thúy"}},{"type":"Feature","id":230,"geometry":{"type":"Point","coordinates":[10.01,106.083]},"properties":{"Họ và tên":"Nguyễn Văn Nam","Tên Đại Lý":"Hộ kinh doanh Nguyễn Nam","Địa chỉ đại lý":"Tổ 13, ấp Hiếu Thọ, xã Hiếu Thành, huyện Vũng Liêm, tỉnh Vĩnh Long","layer_id":263,"fid":230,"label":"Hộ kinh doanh Nguyễn Nam"}},{"type":"Feature","id":426,"geometry":{"type":"Point","coordinates":[1020.0,10600.0]},"properties":{"Họ và tên":"Đinh Ngọc Sơn","Tên Đại Lý":"Hộ kinh doanh cửa hàng VTNN Sơn Hồng","Địa chỉ đại lý":"Số 308/24 khóm 6, thị trấn Long Hồ, huyện Long Hồ, tỉnh Vĩnh Long","layer_id":263,"fid":426,"label":"Hộ kinh doanh cửa hàng VTNN Sơn Hồng"}},{"type":"Feature","id":231,"geometry":{"type":"Point","coordinates":[105.88645,10.0128]},"properties":{"Họ và tên":"Nguyễn Việt Bằng","Tên Đại Lý":"HKD Tường Huy","Địa chỉ đại lý":"Số 2654, tổ 3, ấp Hóa Thành 1, xã Đông Thành, thị xã Bình Minh, tỉnh Vĩnh Long, Việt Nam","layer_id":263,"fid":231,"label":"HKD Tường Huy"}},{"type":"Feature","id":584,"geometry":{"type":"Point","coordinates":[106.294116,9.932457]},"properties":{"Họ và tên":"Lê Cẩm Huệ","Tên Đại Lý":"CH VTNN Huệ Lộc","Địa chỉ đại lý":"Phước Hảo, Châu Thành","layer_id":263,"fid":584,"label":"CH VTNN Huệ Lộc"}},{"type":"Feature","id":335,"geometry":{"type":"Point","coordinates":[106.110769,10.033055]},"properties":{"Họ và tên":"Lê Minh Chảnh","Tên Đại Lý":"Hộ kinh doanh Lê Minh Chảnh (Chảnh Thủy)","Địa chỉ đại lý":"ấp Hiếu Minh B, xã Hiếu Nhơn, huyện Vũng Liêm","layer_id":263,"fid":335,"label":"Hộ kinh doanh Lê Minh Chảnh (Chảnh Thủy)"}},{"type":"Feature","id":232,"geometry":{"type":"Point","coordinates":[106.06175,10.209]},"properties":{"Họ và tên":"Trần Minh Kha","Tên Đại Lý":"HKD đại lý thuốc BVTV-Phân bón Kha Hoàng","Địa chỉ đại lý":"Tổ 08, ấp Phú Thuận B, xã Nhơn Phú, huyện Mang Thít, tỉnh Vĩnh Long, Việt Nam","layer_id":263,"fid":232,"label":"HKD đại lý thuốc BVTV-Phân bón Kha Hoàng"}},{"type":"Feature","id":543,"geometry":{"type":"Point","coordinates":[106.402517,9.880945]},"properties":{"Họ và tên":"Huỳnh Thị Thanh Mai","Tên Đại Lý":"CH VTNN Thanh Mai","Địa chỉ đại lý":"Long Hiệp, Trà Cú","layer_id":263,"fid":543,"label":"CH VTNN Thanh Mai"}},{"type":"Feature","id":675,"geometry":{"type":"Point","coordinates":[106.388835,9.866572]},"properties":{"Họ và tên":"Liêu Thanh Văn","Tên Đại Lý":"CH VTNN Thọ Thanh","Địa chỉ đại lý":"Hàm Giang, Trà Cú","layer_id":263,"fid":675,"label":"CH VTNN Thọ Thanh"}},{"type":"Feature","id":848,"geometry":{"type":"Point","coordinates":[106.213572,9.9997097]},"properties":{"Họ và tên":"Phạm Văn Miền","Tên Đại Lý":"Cửa hàng VTNN Sáu Miền","Địa chỉ đại lý":"TT. Càng Long, Càng Long","layer_id":263,"fid":848,"label":"Cửa hàng VTNN Sáu Miền"}},{"type":"Feature","id":238,"geometry":{"type":"Point","coordinates":[0.0,0.0]},"properties":{"Họ và tên":"Nguyễn Hoàng Lương","Tên Đại Lý":"Cở sở mua bán thuốc BVTV Thanh Lương","Địa chỉ đại lý":"ấp Tân Hội, xã Tân An Hội, huyện Mang Thít","layer_id":263,"fid":238,"label":"Cở sở mua bán thuốc BVTV Thanh Lương"}},{"type":"Feature","id":239,"geometry":{"type":"Point","coordinates":[10.195402,106.014139]},"properties":{"Họ và tên":"Nguyễn Tấn Tứ","Tên Đại Lý":"HKD Cơ sở mua bán VTNN Tứ Phượng 1","Địa chỉ đại lý":" ấp Bình Tịnh, xã Hòa Tịnh, huyện Mang Thít","layer_id":263,"fid":239,"label":"HKD Cơ sở mua bán VTNN Tứ Phượng 1"}},{"type":"Feature","id":240,"geometry":{"type":"Point","coordinates":[10.165807,106.077366]},"properties":{"Họ và tên":"Nguyễn Thị Ánh Tuyết","Tên Đại Lý":"CH VTNN Vi Tuyền","Địa chỉ đại lý":"ấp Phước Thới A, xã Bình Phước, huyện Mang Thít","layer_id":263,"fid":240,"label":"CH VTNN Vi Tuyền"}},{"type":"Feature","id":336,"geometry":{"type":"Point","coordinates":[106.161809,10.130891]},"properties":{"Họ và tên":"Lâm Thị Bông","Tên Đại Lý":"Cửa hàng VTNN Lâm Thị Bông","Địa chỉ đại lý":"ấp Quang Bình, xã Quới An, huyện Vũng Liêm","layer_id":263,"fid":336,"label":"Cửa hàng VTNN Lâm Thị Bông"}},{"type":"Feature","id":241,"geometry":{"type":"Point","coordinates":[10.122642,106.074337]},"properties":{"Họ và tên":"Nguyễn Xuân Dũng","Tên Đại Lý":"Điểm mua bán VTNN - Xuân Dũng","Địa chỉ đại lý":"ấp Thanh Phong, xã Tân Long Hội,  huyện Mang Thít","layer_id":263,"fid":241,"label":"Điểm mua bán VTNN - Xuân Dũng"}},{"type":"Feature","id":427,"geometry":{"type":"Point","coordinates":[1022.0,10597.0]},"properties":{"Họ và tên":"Lương Hoài Tâm","Tên Đại Lý":"Địa điểm kinh doanh công ty TNHH MTV DV Nông Hưng Thịnh - Cửa hàng VTNN Gia An ","Địa chỉ đại lý":"Số 122/7 đường Nguyễn Văn Nhung, ấp Phước Hanh A, xã Phước Hậu, huyện Long Hồ, tỉnh Vĩnh Long, Việt Nam","layer_id":263,"fid":427,"label":"Địa điểm kinh doanh công ty TNHH MTV DV Nông Hưng Thịnh - Cửa hàng VTNN Gia An "}},{"type":"Feature","id":242,"geometry":{"type":"Point","coordinates":[101695.0,10616305.0]},"properties":{"Họ và tên":"Bùi Văn Ngọc","Tên Đại Lý":"HKD Cơ sở mua bán VTNN Hữu Hiệu","Địa chỉ đại lý":"ấp Mỹ Chánh, xã Chánh An,  huyện Mang Thit","layer_id":263,"fid":242,"label":"HKD Cơ sở mua bán VTNN Hữu Hiệu"}},{"type":"Feature","id":243,"geometry":{"type":"Point","coordinates":[10.237179,106.051606]},"properties":{"Họ và tên":"Võ Văn Lộc","Tên Đại Lý":"Cơ sở mua bán thuốc BVTV - Năm Lộc","Địa chỉ đại lý":"ấp Hòa Mỹ 2, xã Mỹ An, huyện Mang Thít","layer_id":263,"fid":243,"label":"Cơ sở mua bán thuốc BVTV - Năm Lộc"}},{"type":"Feature","id":337,"geometry":{"type":"Point","coordinates":[106.179849,10.082297]},"properties":{"Họ và tên":"Nguyễn Vũ Khanh","Tên Đại Lý":"Cửa hàng VTNN Vũ Khanh","Địa chỉ đại lý":"số 90, tổ 7, ấp Rạch Trúc, TT Vũng Liêm, huyện Vũng Liêm","layer_id":263,"fid":337,"label":"Cửa hàng VTNN Vũ Khanh"}},{"type":"Feature","id":428,"geometry":{"type":"Point","coordinates":[1024122.0,10604875.0]},"properties":{"Họ và tên":"Châu Gia Lăng","Tên Đại Lý":"HKD VTNN DR TOP 2","Địa chỉ đại lý":"Số nhà 42, ấp Hòa Long, xã Mỹ An, huyện Mang Thít, tỉnh Vĩnh Long","layer_id":263,"fid":428,"label":"HKD VTNN DR TOP 2"}},{"type":"Feature","id":338,"geometry":{"type":"Point","coordinates":[106.186335,10.102628]},"properties":{"Họ và tên":"Phạm Thị Mỹ Tiên","Tên Đại Lý":"Hùng Mai","Địa chỉ đại lý":"ấp Hòa Nghĩa, xã Trung Thành Tây, Vũng Liêm","layer_id":263,"fid":338,"label":"Hùng Mai"}},{"type":"Feature","id":544,"geometry":{"type":"Point","coordinates":[106.402517,9.880945]},"properties":{"Họ và tên":"Huỳnh Thị Thanh Mai","Tên Đại Lý":"Cửa hàng VTNN Thanh Mai","Địa chỉ đại lý":"ấp Chợ, xã Long Hiệp, huyện Trà Cú","layer_id":263,"fid":544,"label":"Cửa hàng VTNN Thanh Mai"}},{"type":"Feature","id":676,"geometry":{"type":"Point","coordinates":[106.326887,9.851756]},"properties":{"Họ và tên":"Lương Văn Cường","Tên Đại Lý":"CH VTNN Cường Mân","Địa chỉ đại lý":"Tân Hiệp, Trà Cú","layer_id":263,"fid":676,"label":"CH VTNN Cường Mân"}},{"type":"Feature","id":677,"geometry":{"type":"Point","coordinates":[106.529341,9.771618]},"properties":{"Họ và tên":"Lương Văn Mân","Tên Đại Lý":"CH VTNN Mân Cường","Địa chỉ đại lý":"Trường Long Hòa, Tx. Duyên Hải","layer_id":263,"fid":677,"label":"CH VTNN Mân Cường"}},{"type":"Feature","id":849,"geometry":{"type":"Point","coordinates":[106.1557088,10.0401878]},"properties":{"Họ và tên":"Phạm Văn Nguyên","Tên Đại Lý":"Cửa hàng VTNN Hai Cúc","Địa chỉ đại lý":"ấp 4A, xã An Trường, huyện Càng Long","layer_id":263,"fid":849,"label":"Cửa hàng VTNN Hai Cúc"}},{"type":"Feature","id":244,"geometry":{"type":"Point","coordinates":[10.228651,106.00445]},"properties":{"Họ và tên":"Lê Đức Minh","Tên Đại Lý":"Cơ sớ bán thuốc BVTV, phân bón (Đức Minh)","Địa chỉ đại lý":"ấp Long Phước, xã Long Mỹ,  huyện Mang Thít","layer_id":263,"fid":244,"label":"Cơ sớ bán thuốc BVTV, phân bón (Đức Minh)"}},{"type":"Feature","id":245,"geometry":{"type":"Point","coordinates":[10.20222,106.13]},"properties":{"Họ và tên":"Trần Thanh Thùy","Tên Đại Lý":"CH VTNN Thanh Thùy","Địa chỉ đại lý":"ấp Thanh Thủy, xã An Phước,  huyện Mang Thít","layer_id":263,"fid":245,"label":"CH VTNN Thanh Thùy"}},{"type":"Feature","id":246,"geometry":{"type":"Point","coordinates":[10.2076,106.0873]},"properties":{"Họ và tên":"Phan Ngọc Tấn","Tên Đại Lý":"CH VTNN Phú Khang","Địa chỉ đại lý":"ấp Chợ, xã Nhơn Phú, huyện Mang Thít","layer_id":263,"fid":246,"label":"CH VTNN Phú Khang"}},{"type":"Feature","id":339,"geometry":{"type":"Point","coordinates":[106.218891,10.084539]},"properties":{"Họ và tên":"Võ Văn Đạt","Tên Đại Lý":"Hộ kinh doanh Ba Hiệp","Địa chỉ đại lý":"tổ 6, ấp Đại Nghĩa, xã Trung Thành Đông, huyện Vũng Liêm","layer_id":263,"fid":339,"label":"Hộ kinh doanh Ba Hiệp"}},{"type":"Feature","id":247,"geometry":{"type":"Point","coordinates":[10.16,10607000.0]},"properties":{"Họ và tên":"Phạm Thế Hùng","Tên Đại Lý":"Cửa hàng VTNN Phạm Thế Hùng","Địa chỉ đại lý":"Ấp Tân Qui 2, Xã Tân An Hội, Mang Thít","layer_id":263,"fid":247,"label":"Cửa hàng VTNN Phạm Thế Hùng"}},{"type":"Feature","id":429,"geometry":{"type":"Point","coordinates":[1003993.0,10605490.0]},"properties":{"Họ và tên":"Phạm mạnh Khang","Tên Đại Lý":"Địa điểm kinh doanh cửa hàng thái bình cửu long số 21- Công ty TNHH MTV Thái Bình Cửu Long","Địa chỉ đại lý":"Thửa đất số 59, tờ bản đồ số 30, tổ 8, ấp Hòa Long, xã Mỹ An, huyện Mang Thít, tỉnh Vĩnh Long","layer_id":263,"fid":429,"label":"Địa điểm kinh doanh cửa hàng thái bình cửu long số 21- Công ty TNHH MTV Thái Bình Cửu Long"}},{"type":"Feature","id":248,"geometry":{"type":"Point","coordinates":[10.15878,106.049876]},"properties":{"Họ và tên":"Trần Thị Út Em","Tên Đại Lý":"Cơ sở mua bán thuốc BVTV (Năm Thành)","Địa chỉ đại lý":"ấp Thân Bình, xã Tân Long, huyện Mang Thít","layer_id":263,"fid":248,"label":"Cơ sở mua bán thuốc BVTV (Năm Thành)"}},{"type":"Feature","id":249,"geometry":{"type":"Point","coordinates":[10.162125,106.097415]},"properties":{"Họ và tên":"Nguyễn Minh Hải","Tên Đại Lý":"Cơ sở mua bán thuốc BVTV Minh Hải","Địa chỉ đại lý":"ấp An Hội 1, xã Tân An Hội, huyện Mang Thít","layer_id":263,"fid":249,"label":"Cơ sở mua bán thuốc BVTV Minh Hải"}},{"type":"Feature","id":545,"geometry":{"type":"Point","coordinates":[106.173874,9.967819]},"properties":{"Họ và tên":"Huỳnh Thị Thiệt","Tên Đại Lý":"CH VTNN Thanh Phát","Địa chỉ đại lý":"TT. Tiểu Cần, Tiểu Cần","layer_id":263,"fid":545,"label":"CH VTNN Thanh Phát"}},{"type":"Feature","id":250,"geometry":{"type":"Point","coordinates":[10.16,106.07]},"properties":{"Họ và tên":"Trần Thị Thu Chi","Tên Đại Lý":"Công Ty TNHH ADC CN Mang Thít","Địa chỉ đại lý":"Ấp Tân Qui 2, Tân An Hội, Mang Thít","layer_id":263,"fid":250,"label":"Công Ty TNHH ADC CN Mang Thít"}},{"type":"Feature","id":340,"geometry":{"type":"Point","coordinates":[106.220437,10.047916]},"properties":{"Họ và tên":"Nguyễn Minh Luân","Tên Đại Lý":"Hộ kinh doanh Nguyễn Minh Luân (Minh Luân)","Địa chỉ đại lý":"ấp Phú Khương, xã Trung Nghĩa, huyện Vũng Liêm","layer_id":263,"fid":340,"label":"Hộ kinh doanh Nguyễn Minh Luân (Minh Luân)"}},{"type":"Feature","id":430,"geometry":{"type":"Point","coordinates":[1018194.0,10605126.0]},"properties":{"Họ và tên":"Nguyễn Nhựt Trường","Tên Đại Lý":"HKD Cửa hàng VTNN Trường Trinh","Địa chỉ đại lý":"Số 587, tổ 02, ấp Phước Chí, xã Bình Phước, huyện Mang Thít, tỉnh Vĩnh Long","layer_id":263,"fid":430,"label":"HKD Cửa hàng VTNN Trường Trinh"}},{"type":"Feature","id":341,"geometry":{"type":"Point","coordinates":[106.133864,10.003588]},"properties":{"Họ và tên":"Trần Văn Chính","Tên Đại Lý":"Trần Văn Chính (Trần Chính)","Địa chỉ đại lý":"ấp Ngã Hậu, xã Hiếu Nhơn, huyện Vũng Liêm","layer_id":263,"fid":341,"label":"Trần Văn Chính (Trần Chính)"}},{"type":"Feature","id":546,"geometry":{"type":"Point","coordinates":[106.388835,9.866572]},"properties":{"Họ và tên":"Huỳnh Thị Thu Trang","Tên Đại Lý":"CH VTNN Thu Trang","Địa chỉ đại lý":"Hàm Giang, Trà Cú","layer_id":263,"fid":546,"label":"CH VTNN Thu Trang"}},{"type":"Feature","id":850,"geometry":{"type":"Point","coordinates":[106.0969562,9.9197022]},"properties":{"Họ và tên":"Phạm Văn Thông","Tên Đại Lý":"CH VTNN Tầm Thông","Địa chỉ đại lý":"Tam Ngãi Cầu Kè","layer_id":263,"fid":850,"label":"CH VTNN Tầm Thông"}},{"type":"Feature","id":706,"geometry":{"type":"Point","coordinates":[106.262451,9.929845]},"properties":{"Họ và tên":"Lê Thanh Tuyền","Tên Đại Lý":"CH VTNN Tuyền Tươi","Địa chỉ đại lý":"Tân Bình, Càng Long","layer_id":263,"fid":706,"label":"CH VTNN Tuyền Tươi"}},{"type":"Feature","id":251,"geometry":{"type":"Point","coordinates":[10.21,106.03]},"properties":{"Họ và tên":"Châu Hữu Nhân","Tên Đại Lý":"Cơ sở mua bán thuốc BVTV Năm Hưng","Địa chỉ đại lý":"ấp Bình Hòa 1, xã Hòa Tịnh, huyện Mang Thít","layer_id":263,"fid":251,"label":"Cơ sở mua bán thuốc BVTV Năm Hưng"}},{"type":"Feature","id":252,"geometry":{"type":"Point","coordinates":[140.222,106.0921]},"properties":{"Họ và tên":"Cao Kim Thanh","Tên Đại Lý":"Cơ sở mua bán thuốc BVTV (Cao Kim Thanh)","Địa chỉ đại lý":"ấp Mỹ Phú, xã Mỹ Phước, huyện Mang Thít","layer_id":263,"fid":252,"label":"Cơ sở mua bán thuốc BVTV (Cao Kim Thanh)"}},{"type":"Feature","id":342,"geometry":{"type":"Point","coordinates":[106.210812,10.07574]},"properties":{"Họ và tên":"Lâm Tấn Long","Tên Đại Lý":"VTNN Lâm Tấn Long","Địa chỉ đại lý":"ấp Đức Hòa, xã Trung Thành Đông, huyện Vũng Liêm","layer_id":263,"fid":342,"label":"VTNN Lâm Tấn Long"}},{"type":"Feature","id":253,"geometry":{"type":"Point","coordinates":[10.19,106.13]},"properties":{"Họ và tên":"Mai Hồng Xuân","Tên Đại Lý":"CH VTNN Hồng Xuân","Địa chỉ đại lý":"ấp Phước Thủy, xã An Phước, huyện Mang Thít","layer_id":263,"fid":253,"label":"CH VTNN Hồng Xuân"}},{"type":"Feature","id":431,"geometry":{"type":"Point","coordinates":[1008189.0,10588454.0]},"properties":{"Họ và tên":"Nguyễn Tấn Quyền","Tên Đại Lý":"Hộ kinh doanh Nguyễn Tấn Quyền","Địa chỉ đại lý":"Số 201, tổ 17, ấp Phú Yên, xã Tân Phú, huyện Tam Bình, tỉnh Vĩnh Long","layer_id":263,"fid":431,"label":"Hộ kinh doanh Nguyễn Tấn Quyền"}},{"type":"Feature","id":254,"geometry":{"type":"Point","coordinates":[10.169692,106.026998]},"properties":{"Họ và tên":"Nguyễn Văn Có","Tên Đại Lý":"Cửa hàng VTNN Có Hương","Địa chỉ đại lý":"ấp Phước Lộc Thọ, xã Bình Phước, huyện Mang Thít","layer_id":263,"fid":254,"label":"Cửa hàng VTNN Có Hương"}},{"type":"Feature","id":255,"geometry":{"type":"Point","coordinates":[10.21295,106.090807]},"properties":{"Họ và tên":"Đặng Thế Mãi","Tên Đại Lý":"Cơ sở mua bán Thuốc BVTV- Phân bón Thế Nhơn","Địa chỉ đại lý":"ấp Phú Thạnh C, xã Nhơn Phú, huyện Mang Thít","layer_id":263,"fid":255,"label":"Cơ sở mua bán Thuốc BVTV- Phân bón Thế Nhơn"}},{"type":"Feature","id":256,"geometry":{"type":"Point","coordinates":[10.23,106.02]},"properties":{"Họ và tên":"Nguyễn Thị Hồng Thắm  ","Tên Đại Lý":"CH VTNN Thu Hà","Địa chỉ đại lý":"ấp An Hưng, xã Mỹ An, huyện Mang Thít","layer_id":263,"fid":256,"label":"CH VTNN Thu Hà"}},{"type":"Feature","id":343,"geometry":{"type":"Point","coordinates":[106.208834,10.014786]},"properties":{"Họ và tên":"Nguyễn Văn Vọng","Tên Đại Lý":"Hộ kinh doanh Nguyễn Văn Vọng (Thúy An)","Địa chỉ đại lý":"ấp Trường Hội, xã Trung Nghĩa, huyện Vũng Liêm","layer_id":263,"fid":343,"label":"Hộ kinh doanh Nguyễn Văn Vọng (Thúy An)"}},{"type":"Feature","id":432,"geometry":{"type":"Point","coordinates":[1006208.0,10589374.0]},"properties":{"Họ và tên":"Nguyễn Thị Chính","Tên Đại Lý":"Hộ kinh doanh Nguyễn Thị Chính (Lộc Chính)","Địa chỉ đại lý":"ấp Phú Thạnh, xã Long Phú, huyện Tam Bình, tỉnh Vĩnh Long","layer_id":263,"fid":432,"label":"Hộ kinh doanh Nguyễn Thị Chính (Lộc Chính)"}},{"type":"Feature","id":344,"geometry":{"type":"Point","coordinates":[106.17385,10.104607]},"properties":{"Họ và tên":"Phạm Thị Kim Ngân","Tên Đại Lý":"Kim Ngân","Địa chỉ đại lý":"Tổ 2, ấp Hòa Hiệp, xã Trung Thành Tây, huyện Vũng Liêm","layer_id":263,"fid":344,"label":"Kim Ngân"}},{"type":"Feature","id":678,"geometry":{"type":"Point","coordinates":[106.124614,9.897368]},"properties":{"Họ và tên":"Lương Ba Tòng","Tên Đại Lý":"Cửa hàng VTNN Mỹ Ức","Địa chỉ đại lý":"ấp 2, xã Thanh Phú, huyện Cầu Kè, TV","layer_id":263,"fid":678,"label":"Cửa hàng VTNN Mỹ Ức"}},{"type":"Feature","id":547,"geometry":{"type":"Point","coordinates":[106.173874,9.967819]},"properties":{"Họ và tên":"Huỳnh Tuấn Kiệt","Tên Đại Lý":"Cửa hàng VTNN Tùng Thu","Địa chỉ đại lý":"ấp Tân Trường Giồng A, xã Hiếu Trung, huyện Tiểu Cần","layer_id":263,"fid":547,"label":"Cửa hàng VTNN Tùng Thu"}},{"type":"Feature","id":481,"geometry":{"type":"Point","coordinates":[106.134297,10.007651]},"properties":{"Họ và tên":"Nguyễn Minh Tâm","Tên Đại Lý":"Địa điểm 4 cty Nguyễn Minh Tâm","Địa chỉ đại lý":"Tân An, Càng Long","layer_id":263,"fid":481,"label":"Địa điểm 4 cty Nguyễn Minh Tâm"}},{"type":"Feature","id":851,"geometry":{"type":"Point","coordinates":[106.1557088,10.0401878]},"properties":{"Họ và tên":"Phạm Văn Trai","Tên Đại Lý":"Cửa hàng VTNN Năm Trai","Địa chỉ đại lý":"Ấn Trường, Càng Long","layer_id":263,"fid":851,"label":"Cửa hàng VTNN Năm Trai"}},{"type":"Feature","id":482,"geometry":{"type":"Point","coordinates":[106.134297,10.007651]},"properties":{"Họ và tên":"Nguyễn Minh Tâm","Tên Đại Lý":"Địa điểm 5 Nguyễn Minh Tâm","Địa chỉ đại lý":"ấp Trà Óp, xã Tân An, huyện Càng Long","layer_id":263,"fid":482,"label":"Địa điểm 5 Nguyễn Minh Tâm"}},{"type":"Feature","id":257,"geometry":{"type":"Point","coordinates":[10210.0,106030.0]},"properties":{"Họ và tên":"Nguyễn Thị Út","Tên Đại Lý":"Hộ kinh doanhVTNN  Út Nhân","Địa chỉ đại lý":"Tổ 01, ấp Bình Hòa 2, xã Hòa Tịnh, huyện Mang Thít, tỉnh Vĩnh Long","layer_id":263,"fid":257,"label":"Hộ kinh doanhVTNN  Út Nhân"}},{"type":"Feature","id":258,"geometry":{"type":"Point","coordinates":[10.168507,106.031628]},"properties":{"Họ và tên":"Trần Văn Minh Tâm","Tên Đại Lý":"Hộ Kinh Doanh cơ sở mua bán VTNN Tâm Như","Địa chỉ đại lý":"Tổ 09, ấp Thân Bình, xã Tân Long, huyện Mang Thít","layer_id":263,"fid":258,"label":"Hộ Kinh Doanh cơ sở mua bán VTNN Tâm Như"}},{"type":"Feature","id":345,"geometry":{"type":"Point","coordinates":[106.164088,10.156934]},"properties":{"Họ và tên":"Phạm Thị Bích Như","Tên Đại Lý":"Lộc Phát 2","Địa chỉ đại lý":"Tổ 13, ấp Vàm An, xã Quới An, huyện Vũng Liêm","layer_id":263,"fid":345,"label":"Lộc Phát 2"}},{"type":"Feature","id":259,"geometry":{"type":"Point","coordinates":[10.235783,106.08773]},"properties":{"Họ và tên":"Nguyễn Nhi Phương","Tên Đại Lý":"HKD Phương Xuyên","Địa chỉ đại lý":"Ấp Mỹ Thanh, Xã Mỹ Phước, huyện Mang Thít","layer_id":263,"fid":259,"label":"HKD Phương Xuyên"}},{"type":"Feature","id":433,"geometry":{"type":"Point","coordinates":[1004637.0,10597780.0]},"properties":{"Họ và tên":"Từ Quang Duy","Tên Đại Lý":"HKD Cửa hàng dịch vụ kỷ thuật nông nghiệp Lộc Nông","Địa chỉ đại lý":"tổ 3, ấp Mỹ Phú 4, xã Mỹ Thạnh Trung, huyện Tam Bình, tỉnh Vĩnh Long","layer_id":263,"fid":433,"label":"HKD Cửa hàng dịch vụ kỷ thuật nông nghiệp Lộc Nông"}},{"type":"Feature","id":260,"geometry":{"type":"Point","coordinates":[10.24,106.033]},"properties":{"Họ và tên":"Võ Bùi Tuyết Hạnh","Tên Đại Lý":"HKD Linaco 4","Địa chỉ đại lý":"Ấp An Hưng , Mỹ An , Mang Thít","layer_id":263,"fid":260,"label":"HKD Linaco 4"}},{"type":"Feature","id":261,"geometry":{"type":"Point","coordinates":[10.22,106.12]},"properties":{"Họ và tên":"Hồ Thị Diễm Mi","Tên Đại Lý":"CH VTNN Thiên Minh","Địa chỉ đại lý":"Tổ 7,ấp Thuận Thới, xã An Phước, huyện Mang Thít","layer_id":263,"fid":261,"label":"CH VTNN Thiên Minh"}},{"type":"Feature","id":548,"geometry":{"type":"Point","coordinates":[106.262451,9.929845]},"properties":{"Họ và tên":"Huỳnh Văn Ân","Tên Đại Lý":"Cửa hàng VTNN Huỳnh Ân","Địa chỉ đại lý":"Tân Bình, Càng Long","layer_id":263,"fid":548,"label":"Cửa hàng VTNN Huỳnh Ân"}},{"type":"Feature","id":262,"geometry":{"type":"Point","coordinates":[10.22,106.11]},"properties":{"Họ và tên":"Phạm Thị Tuyết Hồng","Tên Đại Lý":"Hộ Kinh Doanh Quang Phục","Địa chỉ đại lý":"Tổ 03, ấp Định Thới A, xã An Phước, huyện Mang Thít ","layer_id":263,"fid":262,"label":"Hộ Kinh Doanh Quang Phục"}},{"type":"Feature","id":346,"geometry":{"type":"Point","coordinates":[106.139517,10.024207]},"properties":{"Họ và tên":"Trần Lê Duy","Tên Đại Lý":"Hưng Phát ","Địa chỉ đại lý":"Tổ 11, ấp An Phước, xã Trung An, Vũng Liêm","layer_id":263,"fid":346,"label":"Hưng Phát "}},{"type":"Feature","id":434,"geometry":{"type":"Point","coordinates":[1009477.0,10587356.0]},"properties":{"Họ và tên":"Cổ Văn Vũ Linh","Tên Đại Lý":"Công ty cổ phần hóa chất Galaxy","Địa chỉ đại lý":"Số 9, Quốc lộ 1A, tổ 2, ấp Phú Mỹ, xã Tân Phú, huyện Tam Bình, tỉnh Vĩnh Long","layer_id":263,"fid":434,"label":"Công ty cổ phần hóa chất Galaxy"}},{"type":"Feature","id":347,"geometry":{"type":"Point","coordinates":[105.8367,10.0442]},"properties":{"Họ và tên":"Phạm Quốc Anh","Tên Đại Lý":"Hộ kinh doanh Phạm Quốc Anh (Hồng Liêm)","Địa chỉ đại lý":"Số 476, tổ 49, khóm Đông Thuận, phường Đông Thuận, Tx Bình Minh","layer_id":263,"fid":347,"label":"Hộ kinh doanh Phạm Quốc Anh (Hồng Liêm)"}},{"type":"Feature","id":679,"geometry":{"type":"Point","coordinates":[106.311756,9.873212]},"properties":{"Họ và tên":"Lương Tùng Toàn","Tên Đại Lý":"Công ty TNHH MTV Nông Dược Thành","Địa chỉ đại lý":"xã Phước Hưng, huyện Trà Cú","layer_id":263,"fid":679,"label":"Công ty TNHH MTV Nông Dược Thành"}},{"type":"Feature","id":348,"geometry":{"type":"Point","coordinates":[105.8228,10.0659]},"properties":{"Họ và tên":"Tiêu Bửu Khánh","Tên Đại Lý":"HKD Thuận Hưng Long","Địa chỉ đại lý":"Số 96, đường Bạch Đằng, tổ 7, Khóm 1, Phường Cái Vồn, thị xã Bình Minh, tỉnh Vĩnh Long","layer_id":263,"fid":348,"label":"HKD Thuận Hưng Long"}},{"type":"Feature","id":549,"geometry":{"type":"Point","coordinates":[106.488319,9.813054]},"properties":{"Họ và tên":"Huỳnh Văn Chiến","Tên Đại Lý":"CH VTNN Hải Chiến","Địa chỉ đại lý":"Hiệp Mỹ Tây, Cầu Ngang","layer_id":263,"fid":549,"label":"CH VTNN Hải Chiến"}},{"type":"Feature","id":852,"geometry":{"type":"Point","coordinates":[106.1557088,10.0401878]},"properties":{"Họ và tên":"Phạm Đức Tài","Tên Đại Lý":"ĐẠI LÝ VTNN Thành Đạt","Địa chỉ đại lý":"Huyện Hội, Càng Long","layer_id":263,"fid":852,"label":"ĐẠI LÝ VTNN Thành Đạt"}},{"type":"Feature","id":435,"geometry":{"type":"Point","coordinates":[1013863.0,10596352.0]},"properties":{"Họ và tên":"Hà Mỹ Nhân","Tên Đại Lý":"HKD cửa hàng VTNN Nông Phát","Địa chỉ đại lý":"Số 315, tổ 22, ấp 2, xã Tân Lộc, huyện Tam Bình, tỉnh Vĩnh Long","layer_id":263,"fid":435,"label":"HKD cửa hàng VTNN Nông Phát"}},{"type":"Feature","id":263,"geometry":{"type":"Point","coordinates":[10.240032,106.065072]},"properties":{"Họ và tên":"Nguyễn Thị Đài Trang","Tên Đại Lý":"Hộ kinh doanh Năm Bửu","Địa chỉ đại lý":"tổ 12, ấp Cái Cạn, xã Mỹ Phước, huyện Mang Thít","layer_id":263,"fid":263,"label":"Hộ kinh doanh Năm Bửu"}},{"type":"Feature","id":264,"geometry":{"type":"Point","coordinates":[10.17,106.13]},"properties":{"Họ và tên":"Mai Hà Thanh Trà","Tên Đại Lý":"Cửa hàng VTNN Thuận Phát","Địa chỉ đại lý":"tổ 01, ấp Chánh Hòa, xã Chánh An, huyện Mang Thít","layer_id":263,"fid":264,"label":"Cửa hàng VTNN Thuận Phát"}},{"type":"Feature","id":265,"geometry":{"type":"Point","coordinates":[10.169987,106.091478]},"properties":{"Họ và tên":"Trần Ngọc Thắng","Tên Đại Lý":"CHVTNN Ngọc Thắng","Địa chỉ đại lý":"Khóm 6, TTCN, huyện Mang Thít","layer_id":263,"fid":265,"label":"CHVTNN Ngọc Thắng"}},{"type":"Feature","id":349,"geometry":{"type":"Point","coordinates":[105.8295,10.0284]},"properties":{"Họ và tên":"Nguyễn Thị Dung","Tên Đại Lý":"Công ty TNHH phân bón hóa chất Hà Linh","Địa chỉ đại lý":"Thửa đất số 861, tờ bản đồ số 9, tổ 10, ấp Mỹ Hưng 2, xã Mỹ Hòa, TX.Bình Minh, tỉnh Vĩnh Long","layer_id":263,"fid":349,"label":"Công ty TNHH phân bón hóa chất Hà Linh"}},{"type":"Feature","id":266,"geometry":{"type":"Point","coordinates":[10.172094,106.161946]},"properties":{"Họ và tên":"Nguyễn Văn Ni","Tên Đại Lý":"Hộ kinh doanh Cửa hàng VTNN Tám Ni","Địa chỉ đại lý":" ấp Mỹ Long, xã Chánh An, huyện Mang Thít","layer_id":263,"fid":266,"label":"Hộ kinh doanh Cửa hàng VTNN Tám Ni"}},{"type":"Feature","id":267,"geometry":{"type":"Point","coordinates":[10.16,106.16]},"properties":{"Họ và tên":"Nguyễn Văn Sử","Tên Đại Lý":"Hộ kinh doanh Năm Sử","Địa chỉ đại lý":"Tổ 02, ấp Mỹ Long, xã Chánh An, huyện Mang Thít","layer_id":263,"fid":267,"label":"Hộ kinh doanh Năm Sử"}},{"type":"Feature","id":268,"geometry":{"type":"Point","coordinates":[10.22,106.12]},"properties":{"Họ và tên":"Nguyễn Phúc Hảo","Tên Đại Lý":"CH VTNN Quốc Thắng","Địa chỉ đại lý":"Ấp Thuận Thới, An Phước, Mang Thít","layer_id":263,"fid":268,"label":"CH VTNN Quốc Thắng"}},{"type":"Feature","id":436,"geometry":{"type":"Point","coordinates":[9966243.0,10591944.0]},"properties":{"Họ và tên":"Mạch Văn Sơn","Tên Đại Lý":"Hộ kinh doanh Ngọc Danh","Địa chỉ đại lý":"66C, khu 1, thị trấn Trà Ôn, huyện Trà Ôn, tỉnh Vĩnh Long","layer_id":263,"fid":436,"label":"Hộ kinh doanh Ngọc Danh"}},{"type":"Feature","id":350,"geometry":{"type":"Point","coordinates":[105.7326,10.1185]},"properties":{"Họ và tên":"Trần Bình Trọng","Tên Đại Lý":"HKD Trần Bình Trọng","Địa chỉ đại lý":"ấp Tân Phước, xã Tân Bình, huyện Bình Tân, tỉnh Vĩnh Long","layer_id":263,"fid":350,"label":"HKD Trần Bình Trọng"}},{"type":"Feature","id":550,"geometry":{"type":"Point","coordinates":[106.324888,9.921319]},"properties":{"Họ và tên":"Huỳnh Văn Hạ","Tên Đại Lý":"CH VTNN Ba Hạ","Địa chỉ đại lý":"Mỹ Chánh, Châu Thành","layer_id":263,"fid":550,"label":"CH VTNN Ba Hạ"}},{"type":"Feature","id":437,"geometry":{"type":"Point","coordinates":[1000246.0,10602604.0]},"properties":{"Họ và tên":"Nguyễn Duy Thanh","Tên Đại Lý":"Hộ kinh doanh Duy Thanh","Địa chỉ đại lý":"tổ 05, ấp Trà Sơn, xã Hựu Thành,  huyện Trà Ôn, tỉnh Vĩnh Long","layer_id":263,"fid":437,"label":"Hộ kinh doanh Duy Thanh"}},{"type":"Feature","id":680,"geometry":{"type":"Point","coordinates":[106.502888,9.814322]},"properties":{"Họ và tên":"Lương Văn Minh","Tên Đại Lý":"CH VTNN Hoàng Minh","Địa chỉ đại lý":"Trường Thọ, Cầu Ngang","layer_id":263,"fid":680,"label":"CH VTNN Hoàng Minh"}},{"type":"Feature","id":551,"geometry":{"type":"Point","coordinates":[106.529341,9.771618]},"properties":{"Họ và tên":"Huỳnh Văn Hiếu","Tên Đại Lý":"CH VTNN Sáu Nơi 2","Địa chỉ đại lý":"Mỹ Long Bắc, Cầu Ngang","layer_id":263,"fid":551,"label":"CH VTNN Sáu Nơi 2"}},{"type":"Feature","id":552,"geometry":{"type":"Point","coordinates":[106.402517,9.880945]},"properties":{"Họ và tên":"Huỳnh Văn Thanh","Tên Đại Lý":"Cửa hàng VTNN Diễm Trinh","Địa chỉ đại lý":"Ngãi Xuyên, Trà Cú","layer_id":263,"fid":552,"label":"Cửa hàng VTNN Diễm Trinh"}},{"type":"Feature","id":681,"geometry":{"type":"Point","coordinates":[106.173874,9.967819]},"properties":{"Họ và tên":"Mai Linh","Tên Đại Lý":"CH VTNN Mai Linh","Địa chỉ đại lý":"Thường Thới, Tiểu Cần","layer_id":263,"fid":681,"label":"CH VTNN Mai Linh"}},{"type":"Feature","id":853,"geometry":{"type":"Point","coordinates":[106.1557088,10.0401878]},"properties":{"Họ và tên":"Phạm Quang Khải","Tên Đại Lý":"Cửa hàng VTNN Phi Oanh","Địa chỉ đại lý":"Huyện Hội, Càng Long","layer_id":263,"fid":853,"label":"Cửa hàng VTNN Phi Oanh"}},{"type":"Feature","id":275,"geometry":{"type":"Point","coordinates":[10.2,106.08]},"properties":{"Họ và tên":"Nguyễn Ngọc Đan Thanh","Tên Đại Lý":"HKD Đan Thanh","Địa chỉ đại lý":"Ấp Phú Thạnh A, xã Nhơn Phú, Mang Thít","layer_id":263,"fid":275,"label":"HKD Đan Thanh"}},{"type":"Feature","id":276,"geometry":{"type":"Point","coordinates":[10.23,106.06]},"properties":{"Họ và tên":"Đỗ Văn Ý","Tên Đại Lý":"HKD VTNN Út Ý","Địa chỉ đại lý":"Ấp Cái Cạn, Xã Mỹ Phước, Mang Thít","layer_id":263,"fid":276,"label":"HKD VTNN Út Ý"}},{"type":"Feature","id":351,"geometry":{"type":"Point","coordinates":[105.9957,10.2586]},"properties":{"Họ và tên":"Nguyễn Thị Tú Ngọc","Tên Đại Lý":"HKD Ba Nin","Địa chỉ đại lý":"Số 208/15, ấp Thanh Mỹ 1, xã Thanh Đức, huyện Long Hồ, tỉnh Vĩnh Long","layer_id":263,"fid":351,"label":"HKD Ba Nin"}},{"type":"Feature","id":277,"geometry":{"type":"Point","coordinates":[10.17,106.12]},"properties":{"Họ và tên":"Thạch Tú Trinh","Tên Đại Lý":"CH VTNN Đăng Khoa","Địa chỉ đại lý":"Ấp An Hòa, Chánh An, Mang Thít","layer_id":263,"fid":277,"label":"CH VTNN Đăng Khoa"}},{"type":"Feature","id":438,"geometry":{"type":"Point","coordinates":[9913701.0,10597729.0]},"properties":{"Họ và tên":"Hồ Văn Thiện","Tên Đại Lý":"Đại lý VTNN Kim Thủy","Địa chỉ đại lý":"ấp Tích Lộc, xã Tích Thiện, huyện Trà Ôn, tỉnh Vĩnh Long","layer_id":263,"fid":438,"label":"Đại lý VTNN Kim Thủy"}},{"type":"Feature","id":278,"geometry":{"type":"Point","coordinates":[10.203192,106.023291]},"properties":{"Họ và tên":"Nguyễn Mỹ Tiên","Tên Đại Lý":"Hộ kinh doanh Cửa hàng VTNN Tấn Phát","Địa chỉ đại lý":"Tổ 9, ấp Bình Tịnh B, xã Hòa Tịnh, Mang Thít","layer_id":263,"fid":278,"label":"Hộ kinh doanh Cửa hàng VTNN Tấn Phát"}},{"type":"Feature","id":279,"geometry":{"type":"Point","coordinates":[10.16,106.16]},"properties":{"Họ và tên":"Lê Thị Anh Vân","Tên Đại Lý":"CH VTNN Trung Vân","Địa chỉ đại lý":"tổ 3, ấp Mỹ Long, xã Chánh An, huyện Mang Thít","layer_id":263,"fid":279,"label":"CH VTNN Trung Vân"}},{"type":"Feature","id":280,"geometry":{"type":"Point","coordinates":[10.2200001,106.09]},"properties":{"Họ và tên":"Võ Bùi Tâm Hiếu","Tên Đại Lý":"HKD Linaco 2","Địa chỉ đại lý":"Tổ 4, ấp Mỹ Phú, xã Mỹ Phước, huyện Mang Thít ","layer_id":263,"fid":280,"label":"HKD Linaco 2"}},{"type":"Feature","id":352,"geometry":{"type":"Point","coordinates":[105.8937,10.1688]},"properties":{"Họ và tên":"Phan Thanh Liêm","Tên Đại Lý":"HKD Phan Thanh Liêm Tý Xuyến","Địa chỉ đại lý":"Số 113/8, ấp Thạnh Phú, xã Thạnh Quới, huyện Long Hồ, tỉnh Vĩnh Long","layer_id":263,"fid":352,"label":"HKD Phan Thanh Liêm Tý Xuyến"}},{"type":"Feature","id":439,"geometry":{"type":"Point","coordinates":[1001604.0,10598931.0]},"properties":{"Họ và tên":"Tạ Công Phúc","Tên Đại Lý":"Hộ kinh doanh Phước Hạnh","Địa chỉ đại lý":"Tổ 9, ấp Trà Ngoa, xã Trà Côn, huyện Trà Ôn, tỉnh Vĩnh Long","layer_id":263,"fid":439,"label":"Hộ kinh doanh Phước Hạnh"}},{"type":"Feature","id":440,"geometry":{"type":"Point","coordinates":[9959964.0,10608279.0]},"properties":{"Họ và tên":"Nguyễn Thành Liêm","Tên Đại Lý":"Hộ kinh doanh Thanh Liêm","Địa chỉ đại lý":"Số 1, tổ 8, ấp Khu phố, xã Hựu Thành, huyện Trà Ôn, tỉnh Vĩnh Long","layer_id":263,"fid":440,"label":"Hộ kinh doanh Thanh Liêm"}},{"type":"Feature","id":553,"geometry":{"type":"Point","coordinates":[106.315056,9.882195]},"properties":{"Họ và tên":"Huỳnh Văn Tú","Tên Đại Lý":"CH VTNN Huỳnh Văn Tú","Địa chỉ đại lý":"ấp An Chay, Trà Cú","layer_id":263,"fid":553,"label":"CH VTNN Huỳnh Văn Tú"}},{"type":"Feature","id":682,"geometry":{"type":"Point","coordinates":[106.502888,9.814322]},"properties":{"Họ và tên":"Mai Chí Linh","Tên Đại Lý":"CH VTNN Chí Linh","Địa chỉ đại lý":"Trường Thọ, Cầu Ngang","layer_id":263,"fid":682,"label":"CH VTNN Chí Linh"}},{"type":"Feature","id":483,"geometry":{"type":"Point","coordinates":[106.270921,9.992644]},"properties":{"Họ và tên":"Diệp Thị Phụng Tiên","Tên Đại Lý":"CH VTNN Đông Tâm","Địa chỉ đại lý":"TT. Càng Long, Càng Long","layer_id":263,"fid":483,"label":"CH VTNN Đông Tâm"}},{"type":"Feature","id":484,"geometry":{"type":"Point","coordinates":[106.324888,9.921319]},"properties":{"Họ và tên":"Diệp Thúy Vân","Tên Đại Lý":"Cửa hàng VTNN Thúy Vân","Địa chỉ đại lý":"Khóm 1, Phường 8, TP TV","layer_id":263,"fid":484,"label":"Cửa hàng VTNN Thúy Vân"}},{"type":"Feature","id":554,"geometry":{"type":"Point","coordinates":[106.273418,9.972305]},"properties":{"Họ và tên":"Huỳnh Văn Tùng","Tên Đại Lý":"Cửa hàng VTNN Minh Thư","Địa chỉ đại lý":"Huyện Hội, Càng Long","layer_id":263,"fid":554,"label":"Cửa hàng VTNN Minh Thư"}},{"type":"Feature","id":281,"geometry":{"type":"Point","coordinates":[10.200001,106.13]},"properties":{"Họ và tên":"Trần Quang Thái","Tên Đại Lý":"Công ty TNHH MTV Thái Bình Cửu Long","Địa chỉ đại lý":"Tổ 13, ấp Thanh Thủy, xã An Phước, huyện Mang Thít","layer_id":263,"fid":281,"label":"Công ty TNHH MTV Thái Bình Cửu Long"}},{"type":"Feature","id":353,"geometry":{"type":"Point","coordinates":[106.0695,10.1753]},"properties":{"Họ và tên":"Lê Văn Điền","Tên Đại Lý":"Địa điểm kinh doanh cửa hàng thái bình cửu long số 14- Công ty TNHH MTV Thái Bình Cửu Long","Địa chỉ đại lý":"Thửa đất số 88, tờ bản đồ số 17, tổ 23, ấp Phước Thới, xã Bình Phước, huyện Mang Thít, tỉnh Vĩnh Long","layer_id":263,"fid":353,"label":"Địa điểm kinh doanh cửa hàng thái bình cửu long số 14- Công ty TNHH MTV Thái Bình Cửu Long"}},{"type":"Feature","id":282,"geometry":{"type":"Point","coordinates":[10.221111,106.09]},"properties":{"Họ và tên":"Nguyễn Tấn Lợi","Tên Đại Lý":"HKD Nông nghiệp Xanh 4.0","Địa chỉ đại lý":"tổ 07, ấp Mỹ Phú, xã Mỹ Phước, huyện Mang Thít","layer_id":263,"fid":282,"label":"HKD Nông nghiệp Xanh 4.0"}},{"type":"Feature","id":441,"geometry":{"type":"Point","coordinates":[995486.0,10607920.0]},"properties":{"Họ và tên":"Trần Quốc Thái","Tên Đại Lý":"Hộ kinh doanh Ba Dõng","Địa chỉ đại lý":"Tổ 09, ấp Khu Phố, xã Hựu Thành, huyện Trà Ôn, tỉnh Vĩnh Long","layer_id":263,"fid":441,"label":"Hộ kinh doanh Ba Dõng"}},{"type":"Feature","id":354,"geometry":{"type":"Point","coordinates":[106.12,10.2221]},"properties":{"Họ và tên":"Vũ Đình Hưng","Tên Đại Lý":"HKD cửa hàng VTNN Quốc Thắng","Địa chỉ đại lý":"Tổ 04, ấp Định Thới A, xã An Phước, huyện Mang Thít, tỉnh Vĩnh Long","layer_id":263,"fid":354,"label":"HKD cửa hàng VTNN Quốc Thắng"}},{"type":"Feature","id":442,"geometry":{"type":"Point","coordinates":[995986.0,10608277.0]},"properties":{"Họ và tên":"Phạm Thị Trang","Tên Đại Lý":"Hộ kinh doanh Mười Y","Địa chỉ đại lý":"ấp khu phố, xã Hựu Thành, huyện Trà Ôn, tỉnh Vĩnh Long","layer_id":263,"fid":442,"label":"Hộ kinh doanh Mười Y"}},{"type":"Feature","id":355,"geometry":{"type":"Point","coordinates":[105.9071,10.0807]},"properties":{"Họ và tên":"Trần Phước An","Tên Đại Lý":"HKD Nông Thịnh 64","Địa chỉ đại lý":"Số 2, tổ 17, ấp Phú Sơn A, xã Long Phú, huyện Tam Bình, tỉnh Vĩnh Long","layer_id":263,"fid":355,"label":"HKD Nông Thịnh 64"}},{"type":"Feature","id":356,"geometry":{"type":"Point","coordinates":[105.9142,10.04]},"properties":{"Họ và tên":"Mai Minh Huân","Tên Đại Lý":"HKD cửa hàng VTNN Huy Phát","Địa chỉ đại lý":"Số 240, tổ 15, ấp Bình Phú, xã Loan Mỹ, huyện Tam Bình, tỉnh Vĩnh Long","layer_id":263,"fid":356,"label":"HKD cửa hàng VTNN Huy Phát"}},{"type":"Feature","id":443,"geometry":{"type":"Point","coordinates":[994689.0,10605525.0]},"properties":{"Họ và tên":"Nguyễn Minh Tâm ","Tên Đại Lý":"Hộ kinh doanh Nguyễn Minh Tâm (Minh Tâm)","Địa chỉ đại lý":"Tổ 23, ấp Cống Đá, xã Thuận Thới, huyện Trà Ôn, tỉnh Vĩnh Long","layer_id":263,"fid":443,"label":"Hộ kinh doanh Nguyễn Minh Tâm (Minh Tâm)"}},{"type":"Feature","id":683,"geometry":{"type":"Point","coordinates":[106.270921,9.992644]},"properties":{"Họ và tên":"Mai Thị Thu Thảo","Tên Đại Lý":"Cửa hàng VTNN Hoàng Thảo","Địa chỉ đại lý":"TT. Càng Long, Càng Long","layer_id":263,"fid":683,"label":"Cửa hàng VTNN Hoàng Thảo"}},{"type":"Feature","id":555,"geometry":{"type":"Point","coordinates":[106.402517,9.880945]},"properties":{"Họ và tên":"Kiên Ân","Tên Đại Lý":"CH VTNN Kiên Ân Sôn","Địa chỉ đại lý":"Thanh Hòa Sơn, Cầu Ngang","layer_id":263,"fid":555,"label":"CH VTNN Kiên Ân Sôn"}},{"type":"Feature","id":485,"geometry":{"type":"Point","coordinates":[106.287841,9.917409]},"properties":{"Họ và tên":"Diệp Văn Thẳng","Tên Đại Lý":"CH VTNN Agrihospital 14","Địa chỉ đại lý":"Đa Lộc, Châu Thành","layer_id":263,"fid":485,"label":"CH VTNN Agrihospital 14"}},{"type":"Feature","id":854,"geometry":{"type":"Point","coordinates":[106.1130614,9.8700593]},"properties":{"Họ và tên":"Phạm Thái Hòa","Tên Đại Lý":"CH VTNN Thanh Nhỏ","Địa chỉ đại lý":"Hương Mỹ, Cầu Kè","layer_id":263,"fid":854,"label":"CH VTNN Thanh Nhỏ"}},{"type":"Feature","id":486,"geometry":{"type":"Point","coordinates":[106.166418,9.966774]},"properties":{"Họ và tên":"Đỗ Minh Đức","Tên Đại Lý":"CH VTNN Út Được","Địa chỉ đại lý":"Phú Cần, Tiểu Cần","layer_id":263,"fid":486,"label":"CH VTNN Út Được"}},{"type":"Feature","id":556,"geometry":{"type":"Point","coordinates":[106.402517,9.880945]},"properties":{"Họ và tên":"Kiên Ân","Tên Đại Lý":"CH VTNN Kiên Ân","Địa chỉ đại lý":"Ngãi Xuyên, Trà Cú","layer_id":263,"fid":556,"label":"CH VTNN Kiên Ân"}},{"type":"Feature","id":487,"geometry":{"type":"Point","coordinates":[106.195254,9.966812]},"properties":{"Họ và tên":"Đỗ Quang Phục","Tên Đại Lý":"CH VTNN Kim Hồng","Địa chỉ đại lý":"Bình Phú, Càng Long","layer_id":263,"fid":487,"label":"CH VTNN Kim Hồng"}},{"type":"Feature","id":444,"geometry":{"type":"Point","coordinates":[9970691.0,10592392.0]},"properties":{"Họ và tên":"Trần Quốc Cường","Tên Đại Lý":"HKD Hiệp Thành","Địa chỉ đại lý":"Tổ 1, đường 19/5, Khu 7, thị trấn Trà Ôn, huyện Trà Ôn, tỉnh Vĩnh Long","layer_id":263,"fid":444,"label":"HKD Hiệp Thành"}},{"type":"Feature","id":684,"geometry":{"type":"Point","coordinates":[106.166418,9.966774]},"properties":{"Họ và tên":"Mai Văn Huệ","Tên Đại Lý":"CH VTNN Huệ","Địa chỉ đại lý":"TT. Cầu Quan, Tiểu Cần","layer_id":263,"fid":684,"label":"CH VTNN Huệ"}},{"type":"Feature","id":358,"geometry":{"type":"Point","coordinates":[105.9626,10.0536]},"properties":{"Họ và tên":"Lê Việt Phú","Tên Đại Lý":"HKD Đại lý VTNN Lê Quân","Địa chỉ đại lý":"Số 77, tổ 7, ấp Bằng Tăng, xã Mỹ Thạnh Trung, huyện Tam Bình, tỉnh Vĩnh Long","layer_id":263,"fid":358,"label":"HKD Đại lý VTNN Lê Quân"}},{"type":"Feature","id":359,"geometry":{"type":"Point","coordinates":[106.0643,9.97374]},"properties":{"Họ và tên":"Võ Ngọc Khánh Thoại","Tên Đại Lý":"Hộ kinh doanh Tiến Đạt","Địa chỉ đại lý":"Tổ 12, ấp Vĩnh Thành, xã Hựu Thành, huyện Trà Ôn, tỉnh Vĩnh Long","layer_id":263,"fid":359,"label":"Hộ kinh doanh Tiến Đạt"}},{"type":"Feature","id":445,"geometry":{"type":"Point","coordinates":[999418.0,10603983.0]},"properties":{"Họ và tên":"Huỳnh Phước An","Tên Đại Lý":"Hộ kinh doanh An Nông Bio","Địa chỉ đại lý":"Số 1, tổ 1, ấp Trà Sơn, xã Hựu Thành, huyện Trà Ôn, tỉnh Vĩnh Long.","layer_id":263,"fid":445,"label":"Hộ kinh doanh An Nông Bio"}},{"type":"Feature","id":360,"geometry":{"type":"Point","coordinates":[106.0465,10.0402]},"properties":{"Họ và tên":"Nguyễn Hồng Minh","Tên Đại Lý":"Hộ kinh doanh Năm Vân","Địa chỉ đại lý":"Tổ 12, ấp Ngãi Hòa, xã Hòa Bình, huyện Trà Ôn, tỉnh Vĩnh Long","layer_id":263,"fid":360,"label":"Hộ kinh doanh Năm Vân"}},{"type":"Feature","id":446,"geometry":{"type":"Point","coordinates":[1015312.0,10614262.0]},"properties":{"Họ và tên":"Lê Văn Thật","Tên Đại Lý":"Hộ kinh doanh Lê Thật","Địa chỉ đại lý":"Tổ 11, ấp 2, xã Tân Quới Trung, huyện Vũng Liêm, tỉnh Vĩnh Long","layer_id":263,"fid":446,"label":"Hộ kinh doanh Lê Thật"}},{"type":"Feature","id":364,"geometry":{"type":"Point","coordinates":[105.7795,10.0855]},"properties":{"Họ và tên":"Trịnh Tấn Duy","Tên Đại Lý":"HKD Ngọc Huyền 2","Địa chỉ đại lý":"khóm Thành Tâm, thị trấn Tân Quới, huyện Bình Tân, tỉnh Vĩnh Long","layer_id":263,"fid":364,"label":"HKD Ngọc Huyền 2"}},{"type":"Feature","id":365,"geometry":{"type":"Point","coordinates":[105.95731,10.21299]},"properties":{"Họ và tên":"Lê Thị Thu Hà","Tên Đại Lý":"HKD Lê Thị Thu Hà","Địa chỉ đại lý":"ấp Phước Lợi B, xã Phước Hậu, huyện Long Hồ, tỉnh Vĩnh Long","layer_id":263,"fid":365,"label":"HKD Lê Thị Thu Hà"}},{"type":"Feature","id":447,"geometry":{"type":"Point","coordinates":[1003828.0,10612625.0]},"properties":{"Họ và tên":"Đặng Văn Vũ","Tên Đại Lý":"Hộ kinh doanh Đặng Văn Vũ (Tư Vũ)","Địa chỉ đại lý":"Tổ 20, ấp An Hậu, xã Trung An, huyện Vũng Liêm, tỉnh Vĩnh Long","layer_id":263,"fid":447,"label":"Hộ kinh doanh Đặng Văn Vũ (Tư Vũ)"}},{"type":"Feature","id":557,"geometry":{"type":"Point","coordinates":[106.402517,9.880945]},"properties":{"Họ và tên":"Kiên Cường","Tên Đại Lý":"Cửa hàng VTNN Kiên Cường","Địa chỉ đại lý":"Long Sơn, Cầu Ngang","layer_id":263,"fid":557,"label":"Cửa hàng VTNN Kiên Cường"}},{"type":"Feature","id":366,"geometry":{"type":"Point","coordinates":[105.87945,10.08032]},"properties":{"Họ và tên":"Trần Thanh Lộc","Tên Đại Lý":"HKD Trần Thanh Lộc","Địa chỉ đại lý":"Số 11, tổ 8, ấp Phú Yên, xã Tân Phú, huyện Tam Bình, tỉnh Vĩnh Long","layer_id":263,"fid":366,"label":"HKD Trần Thanh Lộc"}},{"type":"Feature","id":855,"geometry":{"type":"Point","coordinates":[106.1557088,10.0401878]},"properties":{"Họ và tên":"Phan Thị Kim Đăng","Tên Đại Lý":"Cửa hàng VTNN Tín Nông Phát","Địa chỉ đại lý":"Ấp Lừu Tư, xã Huyện Hội, huyện Càng Long","layer_id":263,"fid":855,"label":"Cửa hàng VTNN Tín Nông Phát"}},{"type":"Feature","id":558,"geometry":{"type":"Point","coordinates":[106.353342,9.774401]},"properties":{"Họ và tên":"Kiên Sa Môn","Tên Đại Lý":"CH VTNN Sa Môn","Địa chỉ đại lý":"Ngũ Lạc, Duyên Hải","layer_id":263,"fid":558,"label":"CH VTNN Sa Môn"}},{"type":"Feature","id":685,"geometry":{"type":"Point","coordinates":[106.096359,9.897258]},"properties":{"Họ và tên":"Mai Văn Út Em","Tên Đại Lý":"CH VTNN Út Em","Địa chỉ đại lý":"Châu Điền, Cầu Kè","layer_id":263,"fid":685,"label":"CH VTNN Út Em"}},{"type":"Feature","id":686,"geometry":{"type":"Point","coordinates":[106.124614,9.897368]},"properties":{"Họ và tên":"Khare","Tên Đại Lý":"CH VTNN Khare","Địa chỉ đại lý":"Ninh Thới, Cầu Kè","layer_id":263,"fid":686,"label":"CH VTNN Khare"}},{"type":"Feature","id":362,"geometry":{"type":"Point","coordinates":[106.1176,10.0766]},"properties":{"Họ và tên":"Trần Trọng Hữu","Tên Đại Lý":"Hộ kinh doanh Hiếu Hồng","Địa chỉ đại lý":"Tổ 03, ấp Quang Thạnh, xã Hiếu Phụng, huyện Vũng Liêm, tỉnh Vĩnh Long","layer_id":263,"fid":362,"label":"Hộ kinh doanh Hiếu Hồng"}},{"type":"Feature","id":448,"geometry":{"type":"Point","coordinates":[1009804.0,10614208.0]},"properties":{"Họ và tên":"Đỗ Văn Trực","Tên Đại Lý":"Hộ kinh doanh Út Phiếm","Địa chỉ đại lý":"Tổ 8, ấp Trung Hưng, xã Trung Hiệp, huyện Vũng Liêm, tỉnh Vĩnh Long","layer_id":263,"fid":448,"label":"Hộ kinh doanh Út Phiếm"}},{"type":"Feature","id":559,"geometry":{"type":"Point","coordinates":[106.324888,9.921319]},"properties":{"Họ và tên":"Kiên Văn Chương","Tên Đại Lý":"CH VTNN Tài Lộc","Địa chỉ đại lý":"Hòa Lợi, Châu Thành","layer_id":263,"fid":559,"label":"CH VTNN Tài Lộc"}},{"type":"Feature","id":363,"geometry":{"type":"Point","coordinates":[106.2143,10.1489]},"properties":{"Họ và tên":"Đoàn Nhật Duy","Tên Đại Lý":"HKD Duy Yến","Địa chỉ đại lý":"ấp Phú Thới, xã Quới Thiện, huyện Vũng Liêm, tỉnh Vĩnh Long","layer_id":263,"fid":363,"label":"HKD Duy Yến"}},{"type":"Feature","id":449,"geometry":{"type":"Point","coordinates":[998357.0,10610756.0]},"properties":{"Họ và tên":"Ngô Công Vịnh","Tên Đại Lý":"Hộ kinh doanh Tư Nguyên","Địa chỉ đại lý":"Tổ 1, ấp Hiếu Xuân, xã Hiếu Thành, huyện Vũng Liêm, tỉnh Vĩnh Long","layer_id":263,"fid":449,"label":"Hộ kinh doanh Tư Nguyên"}},{"type":"Feature","id":450,"geometry":{"type":"Point","coordinates":[1000705.0,10608227.0]},"properties":{"Họ và tên":"Lê Hoàng Phương","Tên Đại Lý":"HKD Tư Nga","Địa chỉ đại lý":"Tổ 1, ấp Hiếu Thọ, xã Hiếu Thành, huyện Vũng Liêm, tỉnh Vĩnh Long","layer_id":263,"fid":450,"label":"HKD Tư Nga"}},{"type":"Feature","id":451,"geometry":{"type":"Point","coordinates":[1002970.0,10610980.0]},"properties":{"Họ và tên":"Duương Chí Bảo","Tên Đại Lý":"HKD VTNN Việt Nông 8","Địa chỉ đại lý":"Số 3, tổ 1, ấp Hiếu Hòa A, xã Hiếu NHơn, Vũng Liêm, tỉnh Vĩnh Long","layer_id":263,"fid":451,"label":"HKD VTNN Việt Nông 8"}},{"type":"Feature","id":560,"geometry":{"type":"Point","coordinates":[106.402517,9.549282]},"properties":{"Họ và tên":"Kim Ngọc Thạch Tuyên","Tên Đại Lý":"Cửa hàng VTNN Thanh Tuyền","Địa chỉ đại lý":"ấp Hồ Thùng, xã Đông Hải, huyện Duyên Hải","layer_id":263,"fid":560,"label":"Cửa hàng VTNN Thanh Tuyền"}},{"type":"Feature","id":856,"geometry":{"type":"Point","coordinates":[106.1557088,10.0401878]},"properties":{"Họ và tên":"Phan Thị Mỹ Hạnh","Tên Đại Lý":"CH VTNN Mỹ Hạnh","Địa chỉ đại lý":"Tân Bình, Càng Long","layer_id":263,"fid":856,"label":"CH VTNN Mỹ Hạnh"}},{"type":"Feature","id":687,"geometry":{"type":"Point","coordinates":[106.096359,9.897258]},"properties":{"Họ và tên":"Khare","Tên Đại Lý":"CH VTNN Khach Dae","Địa chỉ đại lý":"Châu Điền, Cầu Kè","layer_id":263,"fid":687,"label":"CH VTNN Khach Dae"}},{"type":"Feature","id":561,"geometry":{"type":"Point","coordinates":[106.287841,9.917409]},"properties":{"Họ và tên":"Kim Sa Thạch","Tên Đại Lý":"Cửa hàng VTNN Kim Chọt","Địa chỉ đại lý":"ấp Hưng Phú B, xã Đa Lộc, huyện Châu Thành","layer_id":263,"fid":561,"label":"Cửa hàng VTNN Kim Chọt"}},{"type":"Feature","id":688,"geometry":{"type":"Point","coordinates":[106.273418,9.972305]},"properties":{"Họ và tên":"Lê Thị Huỳnh Em","Tên Đại Lý":"CH VTNN Huỳnh Em","Địa chỉ đại lý":"Huyến Hòa, Càng Long","layer_id":263,"fid":688,"label":"CH VTNN Huỳnh Em"}},{"type":"Feature","id":857,"geometry":{"type":"Point","coordinates":[106.1664188,9.9678393]},"properties":{"Họ và tên":"Phan Thị Nguyệt","Tên Đại Lý":"CH VTNN Thanh Anh Tuấn","Địa chỉ đại lý":"Lương Hòa A, Châu Thành","layer_id":263,"fid":857,"label":"CH VTNN Thanh Anh Tuấn"}},{"type":"Feature","id":689,"geometry":{"type":"Point","coordinates":[106.353342,9.914848]},"properties":{"Họ và tên":"Lê Thanh Liêm","Tên Đại Lý":"CH VTNN Thành Liêm","Địa chỉ đại lý":"ấp Phú Hòa, xã Long Đức, huyện Châu Thành","layer_id":263,"fid":689,"label":"CH VTNN Thành Liêm"}},{"type":"Feature","id":367,"geometry":{"type":"Point","coordinates":[105.93454,10.12687]},"properties":{"Họ và tên":"Bùi Tấn Phước","Tên Đại Lý":"HKD Bùi Tấn Phước (VTNN Tấn Phước)","Địa chỉ đại lý":"Số 245, tổ 15, ấp 3B, xã Phú Lộc, huyện Tam Bình, tỉnh Vĩnh Long","layer_id":263,"fid":367,"label":"HKD Bùi Tấn Phước (VTNN Tấn Phước)"}},{"type":"Feature","id":452,"geometry":{"type":"Point","coordinates":[998670.0,10609582.0]},"properties":{"Họ và tên":"Bùi Thị Hồng Diệu ","Tên Đại Lý":"HKD Trần Thị Chậm","Địa chỉ đại lý":"Số 12, tổ 2, ấp Hiếu Xuân, xã Hiếu Thành, huyện Vũng Liêm, tỉnh Vĩnh Long","layer_id":263,"fid":452,"label":"HKD Trần Thị Chậm"}},{"type":"Feature","id":562,"geometry":{"type":"Point","coordinates":[106.324888,9.921319]},"properties":{"Họ và tên":"Kim Chọt","Tên Đại Lý":"CH VTNN Kim Chọt","Địa chỉ đại lý":"Hòa Thuận, Châu Thành","layer_id":263,"fid":562,"label":"CH VTNN Kim Chọt"}},{"type":"Feature","id":368,"geometry":{"type":"Point","coordinates":[106.003,10.04741]},"properties":{"Họ và tên":"Trương Thị Hưởng","Tên Đại Lý":"HKD Trương Thị Hưởng","Địa chỉ đại lý":"Số 28, tổ 02, ấp Nhà Thờ, xã Tường Lộc, huyện Tam Bình, tỉnh Vĩnh Long","layer_id":263,"fid":368,"label":"HKD Trương Thị Hưởng"}},{"type":"Feature","id":453,"geometry":{"type":"Point","coordinates":[1010689.0,10622750.0]},"properties":{"Họ và tên":"Trần Thị Diễm Hương","Tên Đại Lý":"Địa điểm kinh doanh cửa hàng thái bình cửu long số 16-Công ty TNHH Thái Bình Cửu Long","Địa chỉ đại lý":"Thửa đất số 419, tờ bản đồ số 17, tổ 12, ấp Thái Bình, xã Thanh Bình, huyện Vũng Liêm, tỉnh Vĩnh Long","layer_id":263,"fid":453,"label":"Địa điểm kinh doanh cửa hàng thái bình cửu long số 16-Công ty TNHH Thái Bình Cửu Long"}},{"type":"Feature","id":369,"geometry":{"type":"Point","coordinates":[105.90381,10.04557]},"properties":{"Họ và tên":"Nguyễn Thanh Ngọc","Tên Đại Lý":"Hộ kinh doanh Ngọc Quỳnh","Địa chỉ đại lý":"Số 1464, tổ 4, ấp Bình Ninh, xã Ngãi Tứ, huyện Tam Bình, tỉnh Vĩnh Long","layer_id":263,"fid":369,"label":"Hộ kinh doanh Ngọc Quỳnh"}},{"type":"Feature","id":858,"geometry":{"type":"Point","coordinates":[106.1557088,10.0401878]},"properties":{"Họ và tên":"Phan Thị Thúy","Tên Đại Lý":"CH VTNN Lâm Thúy","Địa chỉ đại lý":"Huyện Hội, Càng Long","layer_id":263,"fid":858,"label":"CH VTNN Lâm Thúy"}},{"type":"Feature","id":370,"geometry":{"type":"Point","coordinates":[105.90132,10.03719]},"properties":{"Họ và tên":"Huỳnh Thị Bé Phương","Tên Đại Lý":"HKD Huỳnh Thị Bé Phương (Ngọc Phương)","Địa chỉ đại lý":"Tổ 10, ấp Bình Quí, xã Ngãi Tứ, huyện Tam Bình, tỉnh Vĩnh Long","layer_id":263,"fid":370,"label":"HKD Huỳnh Thị Bé Phương (Ngọc Phương)"}},{"type":"Feature","id":454,"geometry":{"type":"Point","coordinates":[1011240.0,10613633.0]},"properties":{"Họ và tên":"Võ Anh Quốc","Tên Đại Lý":"HKD Quốc Khánh","Địa chỉ đại lý":"Tổ 17, ấp Trung Hưng, xã Trung Hiệp, huyện Vũng Liêm, tỉnh Vĩnh Long","layer_id":263,"fid":454,"label":"HKD Quốc Khánh"}},{"type":"Feature","id":455,"geometry":{"type":"Point","coordinates":[1014187.0,10621837.0]},"properties":{"Họ và tên":"Huỳnh Thị Hiếm","Tên Đại Lý":"HKD Huỳnh Hiếu","Địa chỉ đại lý":"ấp Bình Lương, xã Quới Thiện, huyện Vũng Liêm, tỉnh Vĩnh Long","layer_id":263,"fid":455,"label":"HKD Huỳnh Hiếu"}},{"type":"Feature","id":494,"geometry":{"type":"Point","coordinates":[106.134297,10.007651]},"properties":{"Họ và tên":"Đoàn Văn Trãi","Tên Đại Lý":"Cửa hàng VTNN Sáu Tình","Địa chỉ đại lý":"Tân An, Càng Long","layer_id":263,"fid":494,"label":"Cửa hàng VTNN Sáu Tình"}},{"type":"Feature","id":563,"geometry":{"type":"Point","coordinates":[106.287841,9.917409]},"properties":{"Họ và tên":"Kim Ngọc","Tên Đại Lý":"CH VTNN Kim Ngọc","Địa chỉ đại lý":"Đa Lộc, Châu Thành","layer_id":263,"fid":563,"label":"CH VTNN Kim Ngọc"}},{"type":"Feature","id":495,"geometry":{"type":"Point","coordinates":[106.324888,9.921319]},"properties":{"Họ và tên":"Đoàn Văn Trãi","Tên Đại Lý":"CH VTNN Mười Trãi","Địa chỉ đại lý":"TT. Châu Thành, Châu Thành","layer_id":263,"fid":495,"label":"CH VTNN Mười Trãi"}},{"type":"Feature","id":496,"geometry":{"type":"Point","coordinates":[106.294116,9.932457]},"properties":{"Họ và tên":"Dương Hoàng Khang","Tên Đại Lý":"CH VTNN Hoàng Khang","Địa chỉ đại lý":"Phước Hảo, Châu Thành","layer_id":263,"fid":496,"label":"CH VTNN Hoàng Khang"}},{"type":"Feature","id":690,"geometry":{"type":"Point","coordinates":[106.287841,9.917409]},"properties":{"Họ và tên":"Lâm Văn Châu","Tên Đại Lý":"CH VTNN Mười Châu","Địa chỉ đại lý":"Đa Lộc, Châu Thành","layer_id":263,"fid":690,"label":"CH VTNN Mười Châu"}},{"type":"Feature","id":564,"geometry":{"type":"Point","coordinates":[106.388835,9.866572]},"properties":{"Họ và tên":"Kim Ngọc Thanh","Tên Đại Lý":"CH VTNN Năm Thanh","Địa chỉ đại lý":"Hàm Giang, Trà Cú","layer_id":263,"fid":564,"label":"CH VTNN Năm Thanh"}},{"type":"Feature","id":859,"geometry":{"type":"Point","coordinates":[106.1130614,9.8700593]},"properties":{"Họ và tên":"Phan Văn Hiển","Tên Đại Lý":"CH VTNN Hiển Muôn","Địa chỉ đại lý":"Thông Hòa, Cầu Kè","layer_id":263,"fid":859,"label":"CH VTNN Hiển Muôn"}},{"type":"Feature","id":371,"geometry":{"type":"Point","coordinates":[106.01348,10.06782]},"properties":{"Họ và tên":"Mai Trần Vinh","Tên Đại Lý":"HKD Mai Trần Vinh","Địa chỉ đại lý":"Số 69, ấp Tường Nhơn B, xã Tường Lộc, huyện Tam Bình, tỉnh Vĩnh Long","layer_id":263,"fid":371,"label":"HKD Mai Trần Vinh"}},{"type":"Feature","id":372,"geometry":{"type":"Point","coordinates":[105.99756,10.05313]},"properties":{"Họ và tên":"Nguyễn Văn Hai","Tên Đại Lý":"HKD Đại lý phân bón Ngọc Tuyết (VTNN Ngọc Tuyết)","Địa chỉ đại lý":"Số 187, khóm 2, thị trấn Tam Bình, huyện Tam Bình, tỉnh Vĩnh Long","layer_id":263,"fid":372,"label":"HKD Đại lý phân bón Ngọc Tuyết (VTNN Ngọc Tuyết)"}},{"type":"Feature","id":456,"geometry":{"type":"Point","coordinates":[1012638.0,10621946.0]},"properties":{"Họ và tên":"Võ Khắc Hào","Tên Đại Lý":"Địa điểm kinh doanh quới thiện công ty TNHH DR.DURIAN","Địa chỉ đại lý":"Thửa đất số 270, tờ bản đồ số 0002, ấp Thanh Lương, xã Thanh Bình, huyện Vũng Liêm, tỉnh Vĩnh Long","layer_id":263,"fid":456,"label":"Địa điểm kinh doanh quới thiện công ty TNHH DR.DURIAN"}},{"type":"Feature","id":373,"geometry":{"type":"Point","coordinates":[105.99163,10.05932]},"properties":{"Họ và tên":"Nguyễn Tiến Đức","Tên Đại Lý":"HKD Nguyễn Tiến Đức (Ngọc Mỹ)","Địa chỉ đại lý":"ấp Mỹ Trung 2, Mỹ Thạnh Trung, huyện Tam Bình, tỉnh Vĩnh Long","layer_id":263,"fid":373,"label":"HKD Nguyễn Tiến Đức (Ngọc Mỹ)"}},{"type":"Feature","id":457,"geometry":{"type":"Point","coordinates":[1013793.0,10621093.0]},"properties":{"Họ và tên":"Nguyễn Huỳnh Anh Thư","Tên Đại Lý":"Thửa đất số 184, tờ bản đồ số 5, tổ 18, ấp Bình Lương, xã Quới Thiện, huyện Vũng Liêm, tỉnh Vĩnh Long","Địa chỉ đại lý":null,"layer_id":263,"fid":457,"label":"Thửa đất số 184, tờ bản đồ số 5, tổ 18, ấp Bình Lương, xã Quới Thiện, huyện Vũng Liêm, tỉnh Vĩnh Long"}},{"type":"Feature","id":374,"geometry":{"type":"Point","coordinates":[105.93462,10.06727]},"properties":{"Họ và tên":"Phùng Nhất Đỉnh","Tên Đại Lý":"Hộ kinh doanh Phùng Nhất Đỉnh (Đỉnh Đạt)","Địa chỉ đại lý":"ấp Mỹ Phú Tân, xã Mỹ Thạnh Trung, huyện Tam Bình","layer_id":263,"fid":374,"label":"Hộ kinh doanh Phùng Nhất Đỉnh (Đỉnh Đạt)"}},{"type":"Feature","id":565,"geometry":{"type":"Point","coordinates":[106.324888,9.921319]},"properties":{"Họ và tên":"Kim Ngọc Thạnh","Tên Đại Lý":"CH VTNN Kim Thạnh","Địa chỉ đại lý":"Nguyệt Hóa, Châu Thành","layer_id":263,"fid":565,"label":"CH VTNN Kim Thạnh"}},{"type":"Feature","id":691,"geometry":{"type":"Point","coordinates":[106.353342,9.774401]},"properties":{"Họ và tên":"Lâm Văn Châu","Tên Đại Lý":"Cửa hàng VTNN Mười Châu","Địa chỉ đại lý":"Ngũ Lạc, Duyên Hải","layer_id":263,"fid":691,"label":"Cửa hàng VTNN Mười Châu"}},{"type":"Feature","id":488,"geometry":{"type":"Point","coordinates":[106.488319,9.813054]},"properties":{"Họ và tên":"Đỗ Quốc Tuấn","Tên Đại Lý":"Cửa hàng VTNN Tuấn Nông Phát","Địa chỉ đại lý":"ấp Giồng Dài, xã Hiệp Mỹ Tây, huyện Cầu Ngang","layer_id":263,"fid":488,"label":"Cửa hàng VTNN Tuấn Nông Phát"}},{"type":"Feature","id":489,"geometry":{"type":"Point","coordinates":[106.350325,9.929845]},"properties":{"Họ và tên":"Đỗ Thủy Thanh Lan","Tên Đại Lý":"DNTN VTNN Thái Xương","Địa chỉ đại lý":"Phường 3, Tp. TV","layer_id":263,"fid":489,"label":"DNTN VTNN Thái Xương"}},{"type":"Feature","id":566,"geometry":{"type":"Point","coordinates":[106.324888,9.921319]},"properties":{"Họ và tên":"Kim Phú","Tên Đại Lý":"CH VTNN Phú Chưn","Địa chỉ đại lý":"Nguyệt Hóa, Châu Thành","layer_id":263,"fid":566,"label":"CH VTNN Phú Chưn"}},{"type":"Feature","id":490,"geometry":{"type":"Point","coordinates":[106.155708,9.948281]},"properties":{"Họ và tên":"Đỗ Tri Thức","Tên Đại Lý":"HKD Đỗ Tri Thức","Địa chỉ đại lý":"ấp Đại Thôn, xã Hưng Mỹ, tỉnh Vĩnh Long","layer_id":263,"fid":490,"label":"HKD Đỗ Tri Thức"}},{"type":"Feature","id":567,"geometry":{"type":"Point","coordinates":[106.452109,9.589871]},"properties":{"Họ và tên":"Kim Trúc Loan","Tên Đại Lý":"CH VTNN Loan Trúc","Địa chỉ đại lý":"ấp Long Hữu, xã Dân Thành, Tx Duyên Hải","layer_id":263,"fid":567,"label":"CH VTNN Loan Trúc"}},{"type":"Feature","id":692,"geometry":{"type":"Point","coordinates":[106.166418,9.966774]},"properties":{"Họ và tên":"Lâm Văn Chương","Tên Đại Lý":"CH VTNN Nông Dược Chương","Địa chỉ đại lý":"Phú Cần, Tiểu Cần","layer_id":263,"fid":692,"label":"CH VTNN Nông Dược Chương"}},{"type":"Feature","id":860,"geometry":{"type":"Point","coordinates":[106.1130614,9.8700593]},"properties":{"Họ và tên":"Phan Văn Tâm","Tên Đại Lý":"CH VTNN Tâm Nhơn","Địa chỉ đại lý":"Châu Phú, Cầu Kè","layer_id":263,"fid":860,"label":"CH VTNN Tâm Nhơn"}},{"type":"Feature","id":375,"geometry":{"type":"Point","coordinates":[105.95562,10.02391]},"properties":{"Họ và tên":"Nguyễn Thái Dương","Tên Đại Lý":"Hộ kinh doanh Tuấn Oanh","Địa chỉ đại lý":"Tổ 9, ấp Kỳ Son, xã Loan Mỹ, huyện Tam Bình, tỉnh Vĩnh Long","layer_id":263,"fid":375,"label":"Hộ kinh doanh Tuấn Oanh"}},{"type":"Feature","id":376,"geometry":{"type":"Point","coordinates":[105.99203,10.11769]},"properties":{"Họ và tên":"Phan Tấn Phúc","Tên Đại Lý":"Hộ kinh doanh Phan Tấn Phúc","Địa chỉ đại lý":"ấp Danh Tấm, xã Hậu Lộc, huyện Tam Bình, tỉnh Vĩnh Long","layer_id":263,"fid":376,"label":"Hộ kinh doanh Phan Tấn Phúc"}},{"type":"Feature","id":458,"geometry":{"type":"Point","coordinates":[106.311756,9.873212]},"properties":{"Họ và tên":"Bùi Quốc Chung","Tên Đại Lý":"Đại lý VTNN Chung Tiền","Địa chỉ đại lý":"ấp Đầu Giồng B, xã Phước Hưng, huyện Trà Cú","layer_id":263,"fid":458,"label":"Đại lý VTNN Chung Tiền"}},{"type":"Feature","id":377,"geometry":{"type":"Point","coordinates":[105.9434,10.09346]},"properties":{"Họ và tên":"Đặng Thành Lợi","Tên Đại Lý":"HKD Cửa hàng VTNN Hải Hương","Địa chỉ đại lý":"Số 59, tổ 3, ấp 6A, xã Mỹ Lộc, huyện Tam Bình, tỉnh Vĩnh Long","layer_id":263,"fid":377,"label":"HKD Cửa hàng VTNN Hải Hương"}},{"type":"Feature","id":693,"geometry":{"type":"Point","coordinates":[106.388835,9.866572]},"properties":{"Họ và tên":"Mai Thanh Hùng","Tên Đại Lý":"CH VTNN Tâm Thành","Địa chỉ đại lý":"Tân Sơn, Trà Cú","layer_id":263,"fid":693,"label":"CH VTNN Tâm Thành"}},{"type":"Feature","id":378,"geometry":{"type":"Point","coordinates":[105.91056,10.01599]},"properties":{"Họ và tên":"Trần Văn Hoài Hận","Tên Đại Lý":"Hộ kinh doanh Ngọc - 2","Địa chỉ đại lý":"Số 39, tổ 9, ấp An Phong, xã Ngãi Tứ, huyện Tam Bình, tỉnh Vĩnh Long","layer_id":263,"fid":378,"label":"Hộ kinh doanh Ngọc - 2"}},{"type":"Feature","id":568,"geometry":{"type":"Point","coordinates":[106.136275,9.980482]},"properties":{"Họ và tên":"Kim Văn Út","Tên Đại Lý":"CH VTNN Trọng Nghĩa","Địa chỉ đại lý":"Long Thới, Tiểu Cần","layer_id":263,"fid":568,"label":"CH VTNN Trọng Nghĩa"}},{"type":"Feature","id":459,"geometry":{"type":"Point","coordinates":[106.155708,9.948281]},"properties":{"Họ và tên":"Bùi Thanh Sang","Tên Đại Lý":"CH VTNN Thủy Sang","Địa chỉ đại lý":"Hùng Hòa, Tiểu Cần","layer_id":263,"fid":459,"label":"CH VTNN Thủy Sang"}},{"type":"Feature","id":460,"geometry":{"type":"Point","coordinates":[106.402517,9.549282]},"properties":{"Họ và tên":"Bùi Thị Hồng Loan","Tên Đại Lý":"Cửa hàng Phân thuốc bảo vệ thực vật","Địa chỉ đại lý":"ấp Hồ Thùng, xã Đông Hải, huyện Duyên Hải","layer_id":263,"fid":460,"label":"Cửa hàng Phân thuốc bảo vệ thực vật"}},{"type":"Feature","id":569,"geometry":{"type":"Point","coordinates":[106.155708,9.948281]},"properties":{"Họ và tên":"Lâm Thị Bích","Tên Đại Lý":"CH VTNN Lợi Bán","Địa chỉ đại lý":"Hiếu Tử, Tiểu Cần","layer_id":263,"fid":569,"label":"CH VTNN Lợi Bán"}},{"type":"Feature","id":861,"geometry":{"type":"Point","coordinates":[106.3533261,9.9839424]},"properties":{"Họ và tên":"Phan Văn Thiện","Tên Đại Lý":"CH VTNN Thiện Kha","Địa chỉ đại lý":"Mỹ Long, Cầu Ngang","layer_id":263,"fid":861,"label":"CH VTNN Thiện Kha"}},{"type":"Feature","id":694,"geometry":{"type":"Point","coordinates":[106.324888,9.921319]},"properties":{"Họ và tên":"Lê Văn Hiệp","Tên Đại Lý":"CH VTNN Đắc Lợi","Địa chỉ đại lý":"Lương Hòa, Châu Thành","layer_id":263,"fid":694,"label":"CH VTNN Đắc Lợi"}},{"type":"Feature","id":570,"geometry":{"type":"Point","coordinates":[106.287841,9.917409]},"properties":{"Họ và tên":"Lã Thị Hạnh","Tên Đại Lý":"Cửa hàng VTNN Trọng Ngọc Điệp","Địa chỉ đại lý":"ấp Hưng Phú A, xã Đa Lộc, huyện Châu Thành","layer_id":263,"fid":570,"label":"Cửa hàng VTNN Trọng Ngọc Điệp"}},{"type":"Feature","id":695,"geometry":{"type":"Point","coordinates":[106.108754,9.923487]},"properties":{"Họ và tên":"Mai Văn Hiệp","Tên Đại Lý":"CH VTNN Hiệp Út","Địa chỉ đại lý":"Thạnh Phú, Cầu Kè","layer_id":263,"fid":695,"label":"CH VTNN Hiệp Út"}},{"type":"Feature","id":862,"geometry":{"type":"Point","coordinates":[106.279883,9.8825854]},"properties":{"Họ và tên":"Quan Tấn Đạt","Tên Đại Lý":"Cửa hàng VTNN Anh Tác","Địa chỉ đại lý":"Khóm 1, địa trần Tiểu Cần, huyện Tiểu Cần","layer_id":263,"fid":862,"label":"Cửa hàng VTNN Anh Tác"}},{"type":"Feature","id":379,"geometry":{"type":"Point","coordinates":[106.03901,10.04353]},"properties":{"Họ và tên":"Lê Văn Chem","Tên Đại Lý":"Hộ kinh doanh Sáu Chem","Địa chỉ đại lý":"Tổ 5, ấp Tường Thạnh, xã Hòa Bình, huyện Trà Ôn, tỉnh Vĩnh Long","layer_id":263,"fid":379,"label":"Hộ kinh doanh Sáu Chem"}},{"type":"Feature","id":461,"geometry":{"type":"Point","coordinates":[106.124614,9.897368]},"properties":{"Họ và tên":"Bùi Thị Hồng Yến","Tên Đại Lý":"Cửa hàng VTNN Hồng Yến","Địa chỉ đại lý":"ấp 4, xã Phong Phú, huyện Cầu Kè","layer_id":263,"fid":461,"label":"Cửa hàng VTNN Hồng Yến"}},{"type":"Feature","id":380,"geometry":{"type":"Point","coordinates":[106.0244,10.04174]},"properties":{"Họ và tên":"Trương Văn Chính","Tên Đại Lý":"Hộ kinh doanh Chính Nối","Địa chỉ đại lý":"ấp Tường Ngãi, xã Nhơn Bình, huyện Trà Ôn, tỉnh Vĩnh Long","layer_id":263,"fid":380,"label":"Hộ kinh doanh Chính Nối"}},{"type":"Feature","id":381,"geometry":{"type":"Point","coordinates":[105.97928,9.96464]},"properties":{"Họ và tên":"Dương Hoàng An","Tên Đại Lý":"Hộ kinh doanh Phước Thắng","Địa chỉ đại lý":"ấp Gia Kiết, xã Tân Mỹ, huyện Trà Ôn, tỉnh Vĩnh Long","layer_id":263,"fid":381,"label":"Hộ kinh doanh Phước Thắng"}},{"type":"Feature","id":462,"geometry":{"type":"Point","coordinates":[106.353342,9.774401]},"properties":{"Họ và tên":"Bùi Văn Định","Tên Đại Lý":"Cửa hàng VTNN Hai Định","Địa chỉ đại lý":"ấp Cây Da, xã Ngũ Lạc, huyện Duyên Hải","layer_id":263,"fid":462,"label":"Cửa hàng VTNN Hai Định"}},{"type":"Feature","id":571,"geometry":{"type":"Point","coordinates":[106.324888,9.921319]},"properties":{"Họ và tên":"Lâm Hoài Khương","Tên Đại Lý":"CH VTNN Lâm Anh Tuấn","Địa chỉ đại lý":"Lương Hòa A, Châu Thành","layer_id":263,"fid":571,"label":"CH VTNN Lâm Anh Tuấn"}},{"type":"Feature","id":382,"geometry":{"type":"Point","coordinates":[106.03987,9.97981]},"properties":{"Họ và tên":"Trần Văn Hương","Tên Đại Lý":"HKD Hương","Địa chỉ đại lý":"Tổ 07, ấp Vĩnh Tiến, xã Hựu Thành, huyện Trà Ôn, tỉnh Vĩnh Long","layer_id":263,"fid":382,"label":"HKD Hương"}},{"type":"Feature","id":696,"geometry":{"type":"Point","coordinates":[106.388835,9.866572]},"properties":{"Họ và tên":"Lê Văn Hải","Tên Đại Lý":"CH VTNN Văn Hải","Địa chỉ đại lý":"Tân Sơn, Trà Cú","layer_id":263,"fid":696,"label":"CH VTNN Văn Hải"}},{"type":"Feature","id":463,"geometry":{"type":"Point","coordinates":[106.324888,9.921319]},"properties":{"Họ và tên":"Bùi Văn Hải","Tên Đại Lý":"CH VTNN Tám Hải","Địa chỉ đại lý":"Thanh Mỹ, Châu Thành","layer_id":263,"fid":463,"label":"CH VTNN Tám Hải"}},{"type":"Feature","id":464,"geometry":{"type":"Point","coordinates":[106.108754,9.923487]},"properties":{"Họ và tên":"Bùi Văn Lớn","Tên Đại Lý":"Cửa hàng VTNN Hưng Khoát","Địa chỉ đại lý":"Phong Thạnh, Cầu Kè","layer_id":263,"fid":464,"label":"Cửa hàng VTNN Hưng Khoát"}},{"type":"Feature","id":572,"geometry":{"type":"Point","coordinates":[106.294116,9.932457]},"properties":{"Họ và tên":"Lâm Huệ Lệ","Tên Đại Lý":"CH VTNN Lâm Huệ Lệ","Địa chỉ đại lý":"Phước Hảo, Châu Thành","layer_id":263,"fid":572,"label":"CH VTNN Lâm Huệ Lệ"}},{"type":"Feature","id":465,"geometry":{"type":"Point","coordinates":[106.452109,9.814573]},"properties":{"Họ và tên":"Bùi Xuân Qui","Tên Đại Lý":"CH VTNN Vạn Nông Thịnh","Địa chỉ đại lý":"Vĩnh Kim, Cầu Ngang","layer_id":263,"fid":465,"label":"CH VTNN Vạn Nông Thịnh"}},{"type":"Feature","id":573,"geometry":{"type":"Point","coordinates":[106.324888,9.921319]},"properties":{"Họ và tên":"Lâm Quốc Thắng","Tên Đại Lý":"CH VTNN Lâm Quốc Thắng","Địa chỉ đại lý":"Thanh Mỹ, Châu Thành","layer_id":263,"fid":573,"label":"CH VTNN Lâm Quốc Thắng"}},{"type":"Feature","id":697,"geometry":{"type":"Point","coordinates":[106.388835,9.866572]},"properties":{"Họ và tên":"Lê Văn Hải","Tên Đại Lý":"CH VTNN Văn Hải","Địa chỉ đại lý":"Tân Sơn, Trà Cú","layer_id":263,"fid":697,"label":"CH VTNN Văn Hải"}},{"type":"Feature","id":863,"geometry":{"type":"Point","coordinates":[106.1664188,9.9678393]},"properties":{"Họ và tên":"Si Văn Dũng","Tên Đại Lý":"CH VTNN Bay Dũng","Địa chỉ đại lý":"Đường Long Hòa, Xã Duy Xuyên","layer_id":263,"fid":863,"label":"CH VTNN Bay Dũng"}},{"type":"Feature","id":698,"geometry":{"type":"Point","coordinates":[106.324888,9.921319]},"properties":{"Họ và tên":"Lê Văn Hiệp","Tên Đại Lý":"CH VTNN Đắc Lợi","Địa chỉ đại lý":"Hòa Thuận, Châu Thành","layer_id":263,"fid":698,"label":"CH VTNN Đắc Lợi"}},{"type":"Feature","id":864,"geometry":{"type":"Point","coordinates":[106.279883,9.8825854]},"properties":{"Họ và tên":"Sơn Hùng","Tên Đại Lý":"CH VTNN Hưng","Địa chỉ đại lý":"Hiếu Tử, Tiểu Cần","layer_id":263,"fid":864,"label":"CH VTNN Hưng"}},{"type":"Feature","id":383,"geometry":{"type":"Point","coordinates":[106.03747,9.99741]},"properties":{"Họ và tên":"Bùi Ngọc Mỹ","Tên Đại Lý":"Hộ kinh doanh Thành Mỹ","Địa chỉ đại lý":"Số 65, tổ 3, ấp Vĩnh Sơn, xã Hựu Thành, huyện Trà Ôn, tỉnh Vĩnh Long","layer_id":263,"fid":383,"label":"Hộ kinh doanh Thành Mỹ"}},{"type":"Feature","id":470,"geometry":{"type":"Point","coordinates":[106.402517,9.880945]},"properties":{"Họ và tên":"Châu Thanh Hoài","Tên Đại Lý":"Cửa hàng VTNN Thanh Hoài","Địa chỉ đại lý":"Nhị Trường, Cầu Ngang","layer_id":263,"fid":470,"label":"Cửa hàng VTNN Thanh Hoài"}},{"type":"Feature","id":384,"geometry":{"type":"Point","coordinates":[106.04686,10.04022]},"properties":{"Họ và tên":"Mai Văn Tư","Tên Đại Lý":"Hộ kinh doanh Mai Văn Tư (Năm Tư)","Địa chỉ đại lý":"ấp Ngãi Hòa, xã Hòa Bình, huyện Trà Ôn, tỉnh Vĩnh Long","layer_id":263,"fid":384,"label":"Hộ kinh doanh Mai Văn Tư (Năm Tư)"}},{"type":"Feature","id":466,"geometry":{"type":"Point","coordinates":[106.273418,9.972305]},"properties":{"Họ và tên":"Cao Thị Bảy","Tên Đại Lý":"CH VTNN Bé Bảy","Địa chỉ đại lý":"An Trường, Càng Long","layer_id":263,"fid":466,"label":"CH VTNN Bé Bảy"}},{"type":"Feature","id":385,"geometry":{"type":"Point","coordinates":[105.91963,9.96534]},"properties":{"Họ và tên":"Cao Đức Hưng","Tên Đại Lý":"Hộ kinh doanh Phương Linh","Địa chỉ đại lý":"khu 8, thị trấn Trà Ôn, huyện Trà Ôn, tỉnh Vĩnh Long","layer_id":263,"fid":385,"label":"Hộ kinh doanh Phương Linh"}},{"type":"Feature","id":574,"geometry":{"type":"Point","coordinates":[106.262451,9.929845]},"properties":{"Họ và tên":"Lâm Tấn Đạt","Tên Đại Lý":"CH VTNN Út Cọp","Địa chỉ đại lý":"Xã Đôn Xuân, huyện Duyên Hải, TV","layer_id":263,"fid":574,"label":"CH VTNN Út Cọp"}},{"type":"Feature","id":386,"geometry":{"type":"Point","coordinates":[105.95398,9.97492]},"properties":{"Họ và tên":"Thạch Thắng","Tên Đại Lý":"HKD Như Ý","Địa chỉ đại lý":"số 6, tổ 1, ấp Mỹ Trung, xã Thiện Mỹ, huyện Trà Ôn, tỉnh Vĩnh Long","layer_id":263,"fid":386,"label":"HKD Như Ý"}},{"type":"Feature","id":467,"geometry":{"type":"Point","coordinates":[106.134297,10.007651]},"properties":{"Họ và tên":"Cao Thị Chiến","Tên Đại Lý":"CH VTNN Tám Chiến","Địa chỉ đại lý":"Tân An, Càng Long","layer_id":263,"fid":467,"label":"CH VTNN Tám Chiến"}},{"type":"Feature","id":468,"geometry":{"type":"Point","coordinates":[106.270921,9.992644]},"properties":{"Họ và tên":"Cao Văn Vẻn","Tên Đại Lý":"CH VTNN Bảy Hoàng","Địa chỉ đại lý":"TT. Càng Long, Càng Long","layer_id":263,"fid":468,"label":"CH VTNN Bảy Hoàng"}},{"type":"Feature","id":575,"geometry":{"type":"Point","coordinates":[106.294116,9.932457]},"properties":{"Họ và tên":"Lâm Tấn Lợi","Tên Đại Lý":"Cửa hàng VTNN Kiều Hưng","Địa chỉ đại lý":"ấp Hồ Tàu, xã Hòa Minh, huyện Châu Thành","layer_id":263,"fid":575,"label":"Cửa hàng VTNN Kiều Hưng"}},{"type":"Feature","id":469,"geometry":{"type":"Point","coordinates":[106.262451,9.929845]},"properties":{"Họ và tên":"Châu Minh Phước","Tên Đại Lý":"CH VTNN Hóa Hiệp","Địa chỉ đại lý":"Đôn Xuân, Duyên Hải","layer_id":263,"fid":469,"label":"CH VTNN Hóa Hiệp"}},{"type":"Feature","id":699,"geometry":{"type":"Point","coordinates":[106.388835,9.866572]},"properties":{"Họ và tên":"Lê Văn Tiệp","Tên Đại Lý":"CH VTNN Mộng Tuyền","Địa chỉ đại lý":"Hàm Giang, Trà Cú","layer_id":263,"fid":699,"label":"CH VTNN Mộng Tuyền"}},{"type":"Feature","id":471,"geometry":{"type":"Point","coordinates":[106.273418,9.972305]},"properties":{"Họ và tên":"Châu Văn Cường","Tên Đại Lý":"CH VTNN Mộng Thường","Địa chỉ đại lý":"An Trường, Càng Long","layer_id":263,"fid":471,"label":"CH VTNN Mộng Thường"}},{"type":"Feature","id":576,"geometry":{"type":"Point","coordinates":[106.502888,9.814322]},"properties":{"Họ và tên":"Lâm Thị Phượng","Tên Đại Lý":"CH VTNN Bé Phượng","Địa chỉ đại lý":"Trường Thọ, Cầu Ngang","layer_id":263,"fid":576,"label":"CH VTNN Bé Phượng"}},{"type":"Feature","id":865,"geometry":{"type":"Point","coordinates":[106.1664188,9.9678393]},"properties":{"Họ và tên":"Sơn Mạnh","Tên Đại Lý":"CH VTNN Út Sáu","Địa chỉ đại lý":"Song Lộc, Châu Thành","layer_id":263,"fid":865,"label":"CH VTNN Út Sáu"}},{"type":"Feature","id":700,"geometry":{"type":"Point","coordinates":[106.388835,9.866572]},"properties":{"Họ và tên":"Lê Văn Tiệp","Tên Đại Lý":"CH VTNN Mộng Tuyền","Địa chỉ đại lý":"Hàm Giang, Trà Cú","layer_id":263,"fid":700,"label":"CH VTNN Mộng Tuyền"}},{"type":"Feature","id":866,"geometry":{"type":"Point","coordinates":[106.1664188,9.9678393]},"properties":{"Họ và tên":"Sơn Mót","Tên Đại Lý":"Cửa hàng VTNN Út Mót","Địa chỉ đại lý":"ấp Né Cò, xã Song Lộc, huyện Châu Thành","layer_id":263,"fid":866,"label":"Cửa hàng VTNN Út Mót"}},{"type":"Feature","id":497,"geometry":{"type":"Point","coordinates":[106.347895,9.940733]},"properties":{"Họ và tên":"Dương Hồng Nam","Tên Đại Lý":"Cửa hàng Nông sản ATTP Nam Loan","Địa chỉ đại lý":"Phường 4, Tp. Trà Vinh","layer_id":263,"fid":497,"label":"Cửa hàng Nông sản ATTP Nam Loan"}},{"type":"Feature","id":701,"geometry":{"type":"Point","coordinates":[106.241512,10.027845]},"properties":{"Họ và tên":"Lê Văn Vẹn","Tên Đại Lý":"CH VTNN Vẹn Hằng","Địa chỉ đại lý":"Đại Phúc, Càng Long","layer_id":263,"fid":701,"label":"CH VTNN Vẹn Hằng"}},{"type":"Feature","id":498,"geometry":{"type":"Point","coordinates":[106.108754,9.923487]},"properties":{"Họ và tên":"Dương Kim","Tên Đại Lý":"Cửa hàng VTNN Ty","Địa chỉ đại lý":"Phong Thạnh, Cầu Kè","layer_id":263,"fid":498,"label":"Cửa hàng VTNN Ty"}},{"type":"Feature","id":577,"geometry":{"type":"Point","coordinates":[106.502888,9.814322]},"properties":{"Họ và tên":"Lâm Thị Bích Nhung","Tên Đại Lý":"Cửa hàng VTNN Tấn Nhung","Địa chỉ đại lý":"Trường Thọ, Cầu Ngang","layer_id":263,"fid":577,"label":"Cửa hàng VTNN Tấn Nhung"}},{"type":"Feature","id":499,"geometry":{"type":"Point","coordinates":[106.262451,9.929845]},"properties":{"Họ và tên":"Dương Minh Nhật","Tên Đại Lý":"CH VTNN Nông Phát","Địa chỉ đại lý":"Tân Bình, Càng Long","layer_id":263,"fid":499,"label":"CH VTNN Nông Phát"}},{"type":"Feature","id":500,"geometry":{"type":"Point","coordinates":[106.402517,9.549282]},"properties":{"Họ và tên":"Dương Thị Bích Hợp","Tên Đại Lý":"Cửa hàng VTNN Duy Hợp","Địa chỉ đại lý":"ấp Cồn Cù, xã Đông Hải, huyện Duyên Hải","layer_id":263,"fid":500,"label":"Cửa hàng VTNN Duy Hợp"}},{"type":"Feature","id":578,"geometry":{"type":"Point","coordinates":[106.294116,9.932457]},"properties":{"Họ và tên":"Lâm Văn Kha","Tên Đại Lý":"HKD Bảy Kha","Địa chỉ đại lý":"Phước Hảo, Châu Thành","layer_id":263,"fid":578,"label":"HKD Bảy Kha"}},{"type":"Feature","id":501,"geometry":{"type":"Point","coordinates":[106.452109,9.589871]},"properties":{"Họ và tên":"Dương Thị Phượng","Tên Đại Lý":"CH VTNN Vững Bền","Địa chỉ đại lý":"Phường 2, Tx. Duyên Hải","layer_id":263,"fid":501,"label":"CH VTNN Vững Bền"}},{"type":"Feature","id":702,"geometry":{"type":"Point","coordinates":[106.241512,10.027845]},"properties":{"Họ và tên":"Lê Văn Vẹn","Tên Đại Lý":"CH VTNN Vẹn Hằng","Địa chỉ đại lý":"Đại Phúc, Càng Long","layer_id":263,"fid":702,"label":"CH VTNN Vẹn Hằng"}},{"type":"Feature","id":502,"geometry":{"type":"Point","coordinates":[106.435782,9.845621]},"properties":{"Họ và tên":"Dương Văn Bình","Tên Đại Lý":"CH VTNN Bình Điệp","Địa chỉ đại lý":"Thuận Hòa, Cầu Ngang","layer_id":263,"fid":502,"label":"CH VTNN Bình Điệp"}},{"type":"Feature","id":579,"geometry":{"type":"Point","coordinates":[106.388835,9.866572]},"properties":{"Họ và tên":"Lâm Văn Khoa","Tên Đại Lý":"CH VTNN Lâm Văn Khoa (Gia Hân)","Địa chỉ đại lý":"Thanh Sơn, Trà Cú","layer_id":263,"fid":579,"label":"CH VTNN Lâm Văn Khoa (Gia Hân)"}},{"type":"Feature","id":580,"geometry":{"type":"Point","coordinates":[106.324888,9.921319]},"properties":{"Họ và tên":"Lâm Văn Tài","Tên Đại Lý":"CH VTNN Chín Tài","Địa chỉ đại lý":"Nguyệt Hóa, Châu Thành","layer_id":263,"fid":580,"label":"CH VTNN Chín Tài"}},{"type":"Feature","id":867,"geometry":{"type":"Point","coordinates":[106.3533261,9.9839424]},"properties":{"Họ và tên":"Sơn Na Ra","Tên Đại Lý":"DNTN Út Rị","Địa chỉ đại lý":"Kim Hòa, Cầu Ngang","layer_id":263,"fid":867,"label":"DNTN Út Rị"}},{"type":"Feature","id":703,"geometry":{"type":"Point","coordinates":[106.195254,9.966812]},"properties":{"Họ và tên":"Lê Văn Phục","Tên Đại Lý":"Cửa hàng VTNN Phú Cường","Địa chỉ đại lý":"Mỹ Cẩm, Càng Long","layer_id":263,"fid":703,"label":"Cửa hàng VTNN Phú Cường"}},{"type":"Feature","id":581,"geometry":{"type":"Point","coordinates":[106.353342,9.774401]},"properties":{"Họ và tên":"Lâm Văn Tài","Tên Đại Lý":"CH VTNN Chín Tài","Địa chỉ đại lý":"Ngũ Lạc, Duyên Hải","layer_id":263,"fid":581,"label":"CH VTNN Chín Tài"}},{"type":"Feature","id":704,"geometry":{"type":"Point","coordinates":[106.241512,10.027845]},"properties":{"Họ và tên":"Lê Văn Phục","Tên Đại Lý":"CH VTNN Phú Cường","Địa chỉ đại lý":"Đại Phước, Càng Long","layer_id":263,"fid":704,"label":"CH VTNN Phú Cường"}},{"type":"Feature","id":868,"geometry":{"type":"Point","coordinates":[106.3533261,9.9839424]},"properties":{"Họ và tên":"Sơn Ngọc Bạch","Tên Đại Lý":"CH VTNN Thầy Bạch","Địa chỉ đại lý":"Thuận Hòa, Cầu Ngang","layer_id":263,"fid":868,"label":"CH VTNN Thầy Bạch"}},{"type":"Feature","id":504,"geometry":{"type":"Point","coordinates":[106.262451,9.929845]},"properties":{"Họ và tên":"Dương Văn Chiến","Tên Đại Lý":"CH VTNN Tư Chiến","Địa chỉ đại lý":"Đôn Châu, Duyên Hải","layer_id":263,"fid":504,"label":"CH VTNN Tư Chiến"}},{"type":"Feature","id":505,"geometry":{"type":"Point","coordinates":[106.262451,9.929845]},"properties":{"Họ và tên":"Dương Văn Thời","Tên Đại Lý":"CH VTNN Út Đạt","Địa chỉ đại lý":"Đôn Xuân, Duyên Hải","layer_id":263,"fid":505,"label":"CH VTNN Út Đạt"}},{"type":"Feature","id":582,"geometry":{"type":"Point","coordinates":[106.173874,9.967819]},"properties":{"Họ và tên":"Lâm Văn Tấn","Tên Đại Lý":"Cửa hàng VTNN Bao Trùng","Địa chỉ đại lý":"Tiêu Cần, Trà Cú","layer_id":263,"fid":582,"label":"Cửa hàng VTNN Bao Trùng"}},{"type":"Feature","id":705,"geometry":{"type":"Point","coordinates":[106.262451,9.929845]},"properties":{"Họ và tên":"Lê Thanh Tuyền","Tên Đại Lý":"Cửa hàng VTNN Tuyền Tươi","Địa chỉ đại lý":"Tân Bình, Càng Long","layer_id":263,"fid":705,"label":"Cửa hàng VTNN Tuyền Tươi"}},{"type":"Feature","id":506,"geometry":{"type":"Point","coordinates":[106.124614,9.897368]},"properties":{"Họ và tên":"Giang T. Ngọc Huệ","Tên Đại Lý":"CH VTNN Giang Thị Ngọc Huệ","Địa chỉ đại lý":"ấp Sóc Tràm, Cầu Kè","layer_id":263,"fid":506,"label":"CH VTNN Giang Thị Ngọc Huệ"}},{"type":"Feature","id":869,"geometry":{"type":"Point","coordinates":[106.1664188,9.9678393]},"properties":{"Họ và tên":"Sơn Ngọc Danh","Tên Đại Lý":"CH VTNN Sơn Ngọc Danh","Địa chỉ đại lý":"Lương Hòa A, Châu Thành","layer_id":263,"fid":869,"label":"CH VTNN Sơn Ngọc Danh"}},{"type":"Feature","id":585,"geometry":{"type":"Point","coordinates":[106.350325,9.929845]},"properties":{"Họ và tên":"Lê Chí Thanh","Tên Đại Lý":"Cửa hàng VTNN Sai Mai-Công ty TN","Địa chỉ đại lý":"Phường 3, Tp. Trà Vinh","layer_id":263,"fid":585,"label":"Cửa hàng VTNN Sai Mai-Công ty TN"}},{"type":"Feature","id":707,"geometry":{"type":"Point","coordinates":[106.241512,10.027845]},"properties":{"Họ và tên":"Lê Thị Thanh","Tên Đại Lý":"CH VTNN Thanh Sĩ","Địa chỉ đại lý":"Đại Phước, Càng Long","layer_id":263,"fid":707,"label":"CH VTNN Thanh Sĩ"}},{"type":"Feature","id":870,"geometry":{"type":"Point","coordinates":[106.3828941,9.775877]},"properties":{"Họ và tên":"Sơn Nhật Tâm","Tên Đại Lý":"Cửa hàng VTNN Sơn Nhật Tâm","Địa chỉ đại lý":"ấp Nô Men, xã Tân Hiệp, huyện Trà Cú","layer_id":263,"fid":870,"label":"Cửa hàng VTNN Sơn Nhật Tâm"}},{"type":"Feature","id":708,"geometry":{"type":"Point","coordinates":[106.241512,10.027845]},"properties":{"Họ và tên":"Lê Thị Thanh","Tên Đại Lý":"CH VTNN Thanh Sĩ","Địa chỉ đại lý":"Đại Phước, Càng Long","layer_id":263,"fid":708,"label":"CH VTNN Thanh Sĩ"}},{"type":"Feature","id":871,"geometry":{"type":"Point","coordinates":[106.3533261,9.9839424]},"properties":{"Họ và tên":"Sơn Rị","Tên Đại Lý":"CH VTNN Út Rị","Địa chỉ đại lý":"Kim Hòa, Cầu Ngang","layer_id":263,"fid":871,"label":"CH VTNN Út Rị"}},{"type":"Feature","id":511,"geometry":{"type":"Point","coordinates":[106.353342,9.914848]},"properties":{"Họ và tên":"Hà Thị Thúy Đầm","Tên Đại Lý":"Công ty CP Rynan Smart Agriculture","Địa chỉ đại lý":"xã Long Đức, TP. Trà Vinh","layer_id":263,"fid":511,"label":"Công ty CP Rynan Smart Agriculture"}},{"type":"Feature","id":586,"geometry":{"type":"Point","coordinates":[106.195254,9.966812]},"properties":{"Họ và tên":"Lê Hoàng Phong","Tên Đại Lý":"CH VTNN Hằng Phong","Địa chỉ đại lý":"Bình Phú, Càng Long","layer_id":263,"fid":586,"label":"CH VTNN Hằng Phong"}},{"type":"Feature","id":512,"geometry":{"type":"Point","coordinates":[106.134297,9.923487]},"properties":{"Họ và tên":"Hàng Văn Rộng","Tên Đại Lý":"Cửa hàng VTNN Rộng Cúc","Địa chỉ đại lý":"xã Hòa Tân, huyện Cầu Kè","layer_id":263,"fid":512,"label":"Cửa hàng VTNN Rộng Cúc"}},{"type":"Feature","id":513,"geometry":{"type":"Point","coordinates":[106.241512,10.027845]},"properties":{"Họ và tên":"Hồ Minh Trúc","Tên Đại Lý":"CH VTNN Út Thức","Địa chỉ đại lý":"Đại Phước, Càng Long","layer_id":263,"fid":513,"label":"CH VTNN Út Thức"}},{"type":"Feature","id":587,"geometry":{"type":"Point","coordinates":[106.195254,9.966812]},"properties":{"Họ và tên":"Lê Hoàng Thao","Tên Đại Lý":"Cửa hàng VTNN Hoàng Thao","Địa chỉ đại lý":"Bình Phú, Càng Long","layer_id":263,"fid":587,"label":"Cửa hàng VTNN Hoàng Thao"}},{"type":"Feature","id":514,"geometry":{"type":"Point","coordinates":[106.324888,9.921319]},"properties":{"Họ và tên":"Hồ Tấn Hoàng","Tên Đại Lý":"Cửa hàng VTNN Tấn Hoàng","Địa chỉ đại lý":"ấp An Chay, xã Thanh Mỹ, huyện Châu Thành","layer_id":263,"fid":514,"label":"Cửa hàng VTNN Tấn Hoàng"}},{"type":"Feature","id":515,"geometry":{"type":"Point","coordinates":[106.124614,9.897368]},"properties":{"Họ và tên":"Hồ Thanh Tú","Tên Đại Lý":"CH VTNN Thuận Tâm","Địa chỉ đại lý":"An Phú Tân, Cầu Kè","layer_id":263,"fid":515,"label":"CH VTNN Thuận Tâm"}},{"type":"Feature","id":709,"geometry":{"type":"Point","coordinates":[106.388835,9.866572]},"properties":{"Họ và tên":"Mai Thanh Hùng","Tên Đại Lý":"CH VTNN Tâm Thành","Địa chỉ đại lý":"Tân Sơn, Trà Cú","layer_id":263,"fid":709,"label":"CH VTNN Tâm Thành"}},{"type":"Feature","id":588,"geometry":{"type":"Point","coordinates":[106.134297,10.007651]},"properties":{"Họ và tên":"Lê Hữu Luân","Tên Đại Lý":"CH VTNN Hữu Luân","Địa chỉ đại lý":"Tân An, Càng Long","layer_id":263,"fid":588,"label":"CH VTNN Hữu Luân"}},{"type":"Feature","id":516,"geometry":{"type":"Point","coordinates":[106.353342,9.914848]},"properties":{"Họ và tên":"Hồ Thị Mộng Nhờ","Tên Đại Lý":"Cửa hàng VTNN Phước Trinh","Địa chỉ đại lý":"Xã Long Đức, Trà Vinh","layer_id":263,"fid":516,"label":"Cửa hàng VTNN Phước Trinh"}},{"type":"Feature","id":589,"geometry":{"type":"Point","coordinates":[106.166418,9.966774]},"properties":{"Họ và tên":"Lê Huỳnh Linh","Tên Đại Lý":"CH VTNN Út Đạt","Địa chỉ đại lý":"Phú Cần, Tiểu Cần","layer_id":263,"fid":589,"label":"CH VTNN Út Đạt"}},{"type":"Feature","id":872,"geometry":{"type":"Point","coordinates":[106.1664188,9.9678393]},"properties":{"Họ và tên":"Sơn Thị Hiếu","Tên Đại Lý":"Cửa hàng VTNN Sang Hiếu","Địa chỉ đại lý":"ấp Bót Chéch, xã Lương Hòa, huyện Châu Thành","layer_id":263,"fid":872,"label":"Cửa hàng VTNN Sang Hiếu"}},{"type":"Feature","id":710,"geometry":{"type":"Point","coordinates":[106.388835,9.866572]},"properties":{"Họ và tên":"Mai Thanh Hùng","Tên Đại Lý":"CH VTNN Tâm Thành","Địa chỉ đại lý":"Tân Sơn, Trà Cú","layer_id":263,"fid":710,"label":"CH VTNN Tâm Thành"}},{"type":"Feature","id":590,"geometry":{"type":"Point","coordinates":[106.287841,9.917409]},"properties":{"Họ và tên":"Lê Quốc Cường","Tên Đại Lý":"Cửa hàng VTNN Quốc Cường","Địa chỉ đại lý":"Đa Lộc, Châu Thành","layer_id":263,"fid":590,"label":"Cửa hàng VTNN Quốc Cường"}},{"type":"Feature","id":711,"geometry":{"type":"Point","coordinates":[106.262451,9.929845]},"properties":{"Họ và tên":"Lâm Văn Trạng","Tên Đại Lý":"Cửa hàng VTNN Lâm Văn Trạng","Địa chỉ đại lý":"Tân Bình, Càng Long","layer_id":263,"fid":711,"label":"Cửa hàng VTNN Lâm Văn Trạng"}},{"type":"Feature","id":873,"geometry":{"type":"Point","coordinates":[106.1664188,9.9678393]},"properties":{"Họ và tên":"Sơn Thị Ngọc Loan","Tên Đại Lý":"Cửa hàng VTNN Huỳnh Loan","Địa chỉ đại lý":"ấp Né Cò, xã Song Lộc, huyện Châu Thành","layer_id":263,"fid":873,"label":"Cửa hàng VTNN Huỳnh Loan"}},{"type":"Feature","id":712,"geometry":{"type":"Point","coordinates":[106.262451,9.929845]},"properties":{"Họ và tên":"Lâm Văn Trạng","Tên Đại Lý":"CH VTNN Lâm Văn Trạng","Địa chỉ đại lý":"Tân Bình, Càng Long","layer_id":263,"fid":712,"label":"CH VTNN Lâm Văn Trạng"}},{"type":"Feature","id":713,"geometry":{"type":"Point","coordinates":[106.353342,9.774401]},"properties":{"Họ và tên":"Lâm Văn Tài","Tên Đại Lý":"CH VTNN Chín Tài","Địa chỉ đại lý":"Ngũ Lạc, Duyên Hải","layer_id":263,"fid":713,"label":"CH VTNN Chín Tài"}},{"type":"Feature","id":714,"geometry":{"type":"Point","coordinates":[106.353342,9.774401]},"properties":{"Họ và tên":"Lâm Văn Tài","Tên Đại Lý":"CH VTNN Chín Tài","Địa chỉ đại lý":"Ngũ Lạc, Duyên Hải","layer_id":263,"fid":714,"label":"CH VTNN Chín Tài"}},{"type":"Feature","id":874,"geometry":{"type":"Point","coordinates":[106.1557088,10.0401878]},"properties":{"Họ và tên":"Sơn Thị Sơ Phiệp","Tên Đại Lý":"Cửa hàng VTNN Sol Phiệp","Địa chỉ đại lý":"Huyện Hội, Càng Long","layer_id":263,"fid":874,"label":"Cửa hàng VTNN Sol Phiệp"}},{"type":"Feature","id":715,"geometry":{"type":"Point","coordinates":[106.502888,9.814322]},"properties":{"Họ và tên":"Huỳnh Tấn Minh","Tên Đại Lý":"CH VTNN Minh Thư","Địa chỉ đại lý":"Trường Thọ, Cầu Ngang","layer_id":263,"fid":715,"label":"CH VTNN Minh Thư"}},{"type":"Feature","id":752,"geometry":{"type":"Point","coordinates":[106.311756,9.873212]},"properties":{"Họ và tên":"Nguyễn Quốc Nhựt","Tên Đại Lý":"Cửa hàng VTNN Thanh Nhựt","Địa chỉ đại lý":"ấp Trà Uông, xã Song Lộc, huyện Châu Thành, T","layer_id":263,"fid":752,"label":"Cửa hàng VTNN Thanh Nhựt"}},{"type":"Feature","id":716,"geometry":{"type":"Point","coordinates":[106.502888,9.814322]},"properties":{"Họ và tên":"Huỳnh Tấn Minh","Tên Đại Lý":"CH VTNN Minh Thư","Địa chỉ đại lý":"Trường Thọ, Cầu Ngang","layer_id":263,"fid":716,"label":"CH VTNN Minh Thư"}},{"type":"Feature","id":875,"geometry":{"type":"Point","coordinates":[106.3533261,9.9839424]},"properties":{"Họ và tên":"Sơn Thị Sô Phiệp","Tên Đại Lý":"Cửa hàng VTNN Sol Phiệp","Địa chỉ đại lý":"ấp Lạc Sơn, xã Thanh Hòa, huyện Cầu Ngang","layer_id":263,"fid":875,"label":"Cửa hàng VTNN Sol Phiệp"}},{"type":"Feature","id":753,"geometry":{"type":"Point","coordinates":[106.311756,9.873212]},"properties":{"Họ và tên":"Nguyễn Quốc Vinh","Tên Đại Lý":"CH VTNN Hải Cúc","Địa chỉ đại lý":"Phước Hưng, Trà Cú","layer_id":263,"fid":753,"label":"CH VTNN Hải Cúc"}},{"type":"Feature","id":754,"geometry":{"type":"Point","coordinates":[106.324888,9.921319]},"properties":{"Họ và tên":"Nguyễn Quốc Vinh","Tên Đại Lý":"CH VTNN Hải Cúc","Địa chỉ đại lý":"Hòa Thuận, Châu Thành","layer_id":263,"fid":754,"label":"CH VTNN Hải Cúc"}},{"type":"Feature","id":717,"geometry":{"type":"Point","coordinates":[106.108754,9.923487]},"properties":{"Họ và tên":"Ngô Công Liêm","Tên Đại Lý":"Cty TNHH MTV Vĩnh Phát","Địa chỉ đại lý":"Phong Thạnh, Cầu Kè","layer_id":263,"fid":717,"label":"Cty TNHH MTV Vĩnh Phát"}},{"type":"Feature","id":876,"geometry":{"type":"Point","coordinates":[106.279883,9.8825854]},"properties":{"Họ và tên":"Tăng Cao Duy Phương","Tên Đại Lý":"CH VTNN Duy Phương","Địa chỉ đại lý":"Phù Cần, Tiểu Cần","layer_id":263,"fid":876,"label":"CH VTNN Duy Phương"}},{"type":"Feature","id":718,"geometry":{"type":"Point","coordinates":[106.096359,9.897258]},"properties":{"Họ và tên":"Ngô T. Đoan Trang","Tên Đại Lý":"Cửa hàng Thuốc BVTV","Địa chỉ đại lý":"ấp Chùa, xã Châu Điền, huyện Cầu Kè, TV","layer_id":263,"fid":718,"label":"Cửa hàng Thuốc BVTV"}},{"type":"Feature","id":719,"geometry":{"type":"Point","coordinates":[106.402517,9.880945]},"properties":{"Họ và tên":"Ngô Thị Mỹ Lân","Tên Đại Lý":"CH VTNN Mỹ Lân","Địa chỉ đại lý":"Cầu Ngang, Cầu Ngang","layer_id":263,"fid":719,"label":"CH VTNN Mỹ Lân"}},{"type":"Feature","id":877,"geometry":{"type":"Point","coordinates":[106.1664188,9.9678393]},"properties":{"Họ và tên":"Tăng Hữu Quốc","Tên Đại Lý":"CH VTNN Tư Huyện","Địa chỉ đại lý":"Mỹ Chánh, Châu Thành","layer_id":263,"fid":877,"label":"CH VTNN Tư Huyện"}},{"type":"Feature","id":720,"geometry":{"type":"Point","coordinates":[106.452109,9.589871]},"properties":{"Họ và tên":"Ngô Văn Tấn","Tên Đại Lý":"Cửa hàng VTNN Việt Cường","Địa chỉ đại lý":"Long Hữu, Tx Duyên Hải","layer_id":263,"fid":720,"label":"Cửa hàng VTNN Việt Cường"}},{"type":"Feature","id":878,"geometry":{"type":"Point","coordinates":[106.3533261,9.9839424]},"properties":{"Họ và tên":"Tăng Ngọc Anh","Tên Đại Lý":"CH VTNN 999","Địa chỉ đại lý":"Mỹ Long Bắc, Cầu Ngang","layer_id":263,"fid":878,"label":"CH VTNN 999"}},{"type":"Feature","id":879,"geometry":{"type":"Point","coordinates":[106.3533261,9.9839424]},"properties":{"Họ và tên":"Tăng Thị Huệ Viên","Tên Đại Lý":"CH VTNN Ba Thường","Địa chỉ đại lý":"Kim Hòa, Cầu Ngang","layer_id":263,"fid":879,"label":"CH VTNN Ba Thường"}},{"type":"Feature","id":721,"geometry":{"type":"Point","coordinates":[106.452109,9.589871]},"properties":{"Họ và tên":"Ngô Văn Triệu","Tên Đại Lý":"CH VTNN Bá Trọng","Địa chỉ đại lý":"Long Hữu, Tx Duyên Hải","layer_id":263,"fid":721,"label":"CH VTNN Bá Trọng"}},{"type":"Feature","id":722,"geometry":{"type":"Point","coordinates":[106.324888,9.921319]},"properties":{"Họ và tên":"Nguyễn Anh Duy","Tên Đại Lý":"CH VTNN Anh Duy","Địa chỉ đại lý":"Hòa Lợi, Châu Thành","layer_id":263,"fid":722,"label":"CH VTNN Anh Duy"}},{"type":"Feature","id":880,"geometry":{"type":"Point","coordinates":[106.279883,9.8825854]},"properties":{"Họ và tên":"Thạch Đức","Tên Đại Lý":"Cửa hàng VTNN Đức Điểm","Địa chỉ đại lý":"Phù Cần, Tiểu Cần","layer_id":263,"fid":880,"label":"Cửa hàng VTNN Đức Điểm"}},{"type":"Feature","id":723,"geometry":{"type":"Point","coordinates":[106.270921,9.992644]},"properties":{"Họ và tên":"Nguyễn Ánh Quí","Tên Đại Lý":"Cửa hàng VTNN Ánh Quí","Địa chỉ đại lý":"TT. Càng Long, Càng Long","layer_id":263,"fid":723,"label":"Cửa hàng VTNN Ánh Quí"}},{"type":"Feature","id":724,"geometry":{"type":"Point","coordinates":[106.324888,9.921319]},"properties":{"Họ và tên":"Nguyễn Bá Cường","Tên Đại Lý":"Cửa hàng VTNN Nông Khang 8","Địa chỉ đại lý":"Lương Hòa, Châu Thành","layer_id":263,"fid":724,"label":"Cửa hàng VTNN Nông Khang 8"}},{"type":"Feature","id":881,"geometry":{"type":"Point","coordinates":[106.3533261,9.9839424]},"properties":{"Họ và tên":"Thạch Dưrơne","Tên Đại Lý":"Cửa hàng VTNN Ngọc Thạch","Địa chỉ đại lý":"Nhị Trường, Cầu Ngang","layer_id":263,"fid":881,"label":"Cửa hàng VTNN Ngọc Thạch"}},{"type":"Feature","id":882,"geometry":{"type":"Point","coordinates":[106.3468501,9.9272338]},"properties":{"Họ và tên":"Thạch Hoàng Oanh","Tên Đại Lý":"CH VTNN Tư Bé","Địa chỉ đại lý":"Phường 3, Tp. Trà Vinh","layer_id":263,"fid":882,"label":"CH VTNN Tư Bé"}},{"type":"Feature","id":725,"geometry":{"type":"Point","coordinates":[106.402517,9.880945]},"properties":{"Họ và tên":"Nguyễn Bạch Yến","Tên Đại Lý":"CH VTNN Bạch Yến","Địa chỉ đại lý":"Long Sơn, Cầu Ngang","layer_id":263,"fid":725,"label":"CH VTNN Bạch Yến"}},{"type":"Feature","id":966,"geometry":{"type":"Point","coordinates":[10.0163,106.6027]},"properties":{"Họ và tên":"HỒ VĂN THIỆT","Tên Đại Lý":"CÔNG TY TNHH CHĂM SÓC SỨC KHOẺ ĐẤT","Địa chỉ đại lý":"Thửa đất số 386, tờ bản đồ số 30, đường 30 tháng 4, ấp Bình An B","layer_id":263,"fid":966,"label":"CÔNG TY TNHH CHĂM SÓC SỨC KHOẺ ĐẤT"}},{"type":"Feature","id":726,"geometry":{"type":"Point","coordinates":[106.262451,9.929845]},"properties":{"Họ và tên":"Nguyễn Bích Đào","Tên Đại Lý":"Công ty CP Rynan Smart Agriculture","Địa chỉ đại lý":"Đôn Xuân, Duyên Hải","layer_id":263,"fid":726,"label":"Công ty CP Rynan Smart Agriculture"}},{"type":"Feature","id":883,"geometry":{"type":"Point","coordinates":[106.1557088,10.0401878]},"properties":{"Họ và tên":"Thạch Khỏe","Tên Đại Lý":"Cửa hàng VTNN Thạch Khỏe","Địa chỉ đại lý":"Bình Phú, Càng Long","layer_id":263,"fid":883,"label":"Cửa hàng VTNN Thạch Khỏe"}},{"type":"Feature","id":727,"geometry":{"type":"Point","coordinates":[106.324888,9.921319]},"properties":{"Họ và tên":"Nguyễn Hoài Nam","Tên Đại Lý":"CH VTNN Hope 99","Địa chỉ đại lý":"Hòa Thuận, Châu Thành","layer_id":263,"fid":727,"label":"CH VTNN Hope 99"}},{"type":"Feature","id":728,"geometry":{"type":"Point","coordinates":[106.324888,9.921319]},"properties":{"Họ và tên":"Nguyễn Hoài Nam","Tên Đại Lý":"CH VTNN Hope 99","Địa chỉ đại lý":"ấp Long Bình B, xã Hòa Thuận, Châu Thành, TV","layer_id":263,"fid":728,"label":"CH VTNN Hope 99"}},{"type":"Feature","id":884,"geometry":{"type":"Point","coordinates":[106.279883,9.8825854]},"properties":{"Họ và tên":"Thạch Kim Thene","Tên Đại Lý":"Thạch Kim Thene","Địa chỉ đại lý":"Hiếu Tử, Tiểu Cần","layer_id":263,"fid":884,"label":"Thạch Kim Thene"}},{"type":"Feature","id":965,"geometry":{"type":"Point","coordinates":[10.2458,106.2145]},"properties":{"Họ và tên":"HỒ VĂN PHƯƠNG","Tên Đại Lý":"DOANH NGHIỆP TƯ NHÂN HIỀN PHƯƠNG","Địa chỉ đại lý":"Thửa đất số 352, tờ bản đồ số 12, ấp Mỹ Quí, xã Tân Xuân","layer_id":263,"fid":965,"label":"DOANH NGHIỆP TƯ NHÂN HIỀN PHƯƠNG"}},{"type":"Feature","id":729,"geometry":{"type":"Point","coordinates":[106.273418,9.972305]},"properties":{"Họ và tên":"Nguyễn Hoài Thương","Tên Đại Lý":"CH VTNN Nông Phát 1","Địa chỉ đại lý":"An Trường, Càng Long","layer_id":263,"fid":729,"label":"CH VTNN Nông Phát 1"}},{"type":"Feature","id":967,"geometry":{"type":"Point","coordinates":[10.0381,106.5624]},"properties":{"Họ và tên":"HỒ VĂN TRÚC BÌNH","Tên Đại Lý":"Hộ kinh doanh Hồ Văn Trúc Bình","Địa chỉ đại lý":"Số 255, ấp Phú Tường, xã Phú Đức","layer_id":263,"fid":967,"label":"Hộ kinh doanh Hồ Văn Trúc Bình"}},{"type":"Feature","id":730,"geometry":{"type":"Point","coordinates":[106.270921,9.992644]},"properties":{"Họ và tên":"Nguyễn Hoàng Khang","Tên Đại Lý":"CH VTNN Agrihospital 12","Địa chỉ đại lý":"TT. Càng Long, Càng Long","layer_id":263,"fid":730,"label":"CH VTNN Agrihospital 12"}},{"type":"Feature","id":885,"geometry":{"type":"Point","coordinates":[10.2248,106.3355]},"properties":{"Họ và tên":" PHAN THỊ LAN","Tên Đại Lý":"Hộ kinh doanh  Phan Thị Lan","Địa chỉ đại lý":"29/4, ấp Thạnh B,\n xã Tân Phong","layer_id":263,"fid":885,"label":"Hộ kinh doanh  Phan Thị Lan"}},{"type":"Feature","id":731,"geometry":{"type":"Point","coordinates":[106.262451,9.929845]},"properties":{"Họ và tên":"Nguyễn Hồng Loan","Tên Đại Lý":"Cửa hàng VTNN Hồng Loan","Địa chỉ đại lý":"ấp Tà Lét, xã Đôn Xuân, huyện Duyên Hải, TV","layer_id":263,"fid":731,"label":"Cửa hàng VTNN Hồng Loan"}},{"type":"Feature","id":886,"geometry":{"type":"Point","coordinates":[10.0163,106.6027]},"properties":{"Họ và tên":"\nCHUNG THỊ CÚC","Tên Đại Lý":"Hộ kinh doanh VTNN \nChung Thị Cúc","Địa chỉ đại lý":"Số 206/TP, xã\nTân Thủy","layer_id":263,"fid":886,"label":"Hộ kinh doanh VTNN \nChung Thị Cúc"}},{"type":"Feature","id":732,"geometry":{"type":"Point","coordinates":[106.294116,9.932457]},"properties":{"Họ và tên":"Nguyễn Hữu Khương","Tên Đại Lý":"Cửa hàng VTNN Khương Huệ","Địa chỉ đại lý":"Phước Hảo, Châu Thành","layer_id":263,"fid":732,"label":"Cửa hàng VTNN Khương Huệ"}},{"type":"Feature","id":733,"geometry":{"type":"Point","coordinates":[106.402517,9.880945]},"properties":{"Họ và tên":"Nguyễn Hữu Long","Tên Đại Lý":"CH VTNN Long Nguyên","Địa chỉ đại lý":"Long Sơn, Cầu Ngang","layer_id":263,"fid":733,"label":"CH VTNN Long Nguyên"}},{"type":"Feature","id":887,"geometry":{"type":"Point","coordinates":[10.2365,106.4711]},"properties":{"Họ và tên":"\nNGUYỄN VĂN THIỆN","Tên Đại Lý":"Hộ kinh doanh Chí Thiện 3","Địa chỉ đại lý":"ấp Lương Thuận, xã Lương Quới","layer_id":263,"fid":887,"label":"Hộ kinh doanh Chí Thiện 3"}},{"type":"Feature","id":888,"geometry":{"type":"Point","coordinates":[10.2312,106.4685]},"properties":{"Họ và tên":"BÀNH ĐỨC THỊNH","Tên Đại Lý":"Hộ kinh doanh \nHai Lệ","Địa chỉ đại lý":"414, ấp Đồng Nhơn, xã Lương Quới","layer_id":263,"fid":888,"label":"Hộ kinh doanh \nHai Lệ"}},{"type":"Feature","id":734,"geometry":{"type":"Point","coordinates":[106.324888,9.921319]},"properties":{"Họ và tên":"Nguyễn Hữu Thắng","Tên Đại Lý":"CH VTNN Trọng Hiếu 7","Địa chỉ đại lý":"Thanh Mỹ, Châu Thành","layer_id":263,"fid":734,"label":"CH VTNN Trọng Hiếu 7"}},{"type":"Feature","id":889,"geometry":{"type":"Point","coordinates":[10.0468,106.5912]},"properties":{"Họ và tên":"BÙI KIM KHÁNH","Tên Đại Lý":"Doanh nghiệp tư nhân Bùi Tấn Phát (Khánh)","Địa chỉ đại lý":"Số nhà 397/AH, ấp An Hội, thị trấn Ba Tri","layer_id":263,"fid":889,"label":"Doanh nghiệp tư nhân Bùi Tấn Phát (Khánh)"}},{"type":"Feature","id":735,"geometry":{"type":"Point","coordinates":[106.136275,9.980482]},"properties":{"Họ và tên":"Nguyễn Huy Cường","Tên Đại Lý":"Cửa hàng VTNN Huy Cường","Địa chỉ đại lý":"Long Thới, Tiểu Cần","layer_id":263,"fid":735,"label":"Cửa hàng VTNN Huy Cường"}},{"type":"Feature","id":736,"geometry":{"type":"Point","coordinates":[106.124614,9.897368]},"properties":{"Họ và tên":"Nguyễn Huy Hoàng","Tên Đại Lý":"CH VTNN Trung Hiếu 2","Địa chỉ đại lý":"Thanh Phú, Cầu Kè","layer_id":263,"fid":736,"label":"CH VTNN Trung Hiếu 2"}},{"type":"Feature","id":890,"geometry":{"type":"Point","coordinates":[10.2524,106.353]},"properties":{"Họ và tên":"BÙI MINH ĐOAN","Tên Đại Lý":"Hộ kinh doanh  Minh Đoan","Địa chỉ đại lý":"313/2, ấp 2,\n xã Sơn Đông","layer_id":263,"fid":890,"label":"Hộ kinh doanh  Minh Đoan"}},{"type":"Feature","id":737,"geometry":{"type":"Point","coordinates":[106.270921,9.992644]},"properties":{"Họ và tên":"Nguyễn Huy Khang","Tên Đại Lý":"Cửa hàng VTNN Cửu Long","Địa chỉ đại lý":"Khóm 1, thị trấn Càng Long, huyện Càng Long, TV","layer_id":263,"fid":737,"label":"Cửa hàng VTNN Cửu Long"}},{"type":"Feature","id":891,"geometry":{"type":"Point","coordinates":[10.1264,106.3158]},"properties":{"Họ và tên":"BÙI THỊ DƯ","Tên Đại Lý":"Hộ kinh doanh  Bùi Thị Dư","Địa chỉ đại lý":"số 390, ấp Tân Hậu II, xã Tân Trung","layer_id":263,"fid":891,"label":"Hộ kinh doanh  Bùi Thị Dư"}},{"type":"Feature","id":738,"geometry":{"type":"Point","coordinates":[106.262451,9.929845]},"properties":{"Họ và tên":"Nguyễn Huy Khanh","Tên Đại Lý":"CH VTNN Kim Hằng","Địa chỉ đại lý":"Tân Bình, Càng Long","layer_id":263,"fid":738,"label":"CH VTNN Kim Hằng"}},{"type":"Feature","id":892,"geometry":{"type":"Point","coordinates":[10.2583,106.1821]},"properties":{"Họ và tên":"BÙI THỊ THẮM","Tên Đại Lý":"Hộ kinh doanh cửa hàng vật tư nông nghiệp Bùi Thị Thắm (8 Hồng)","Địa chỉ đại lý":"Số 167/CD, ấp Cây Dầu, xã Mỹ Chánh","layer_id":263,"fid":892,"label":"Hộ kinh doanh cửa hàng vật tư nông nghiệp Bùi Thị Thắm (8 Hồng)"}},{"type":"Feature","id":739,"geometry":{"type":"Point","coordinates":[106.324888,9.921319]},"properties":{"Họ và tên":"Nguyễn Kim Chi","Tên Đại Lý":"CH VTNN Kim Chi","Địa chỉ đại lý":"Lương Hòa, Châu Thành","layer_id":263,"fid":739,"label":"CH VTNN Kim Chi"}},{"type":"Feature","id":893,"geometry":{"type":"Point","coordinates":[10.2341,106.2625]},"properties":{"Họ và tên":"BÙI VĂN CƠ","Tên Đại Lý":"Hộ kinh doanh  Bùi Văn Cơ","Địa chỉ đại lý":"ấp Hồ Sen, \nxã Bình Thành","layer_id":263,"fid":893,"label":"Hộ kinh doanh  Bùi Văn Cơ"}},{"type":"Feature","id":740,"geometry":{"type":"Point","coordinates":[106.324888,9.921319]},"properties":{"Họ và tên":"Nguyễn Kim Hà","Tên Đại Lý":"CH VTNN Bảy Hiền","Địa chỉ đại lý":"TT. Châu Thành, Châu Thành","layer_id":263,"fid":740,"label":"CH VTNN Bảy Hiền"}},{"type":"Feature","id":741,"geometry":{"type":"Point","coordinates":[106.096359,9.897258]},"properties":{"Họ và tên":"Nguyễn Kim Phụng","Tên Đại Lý":"Cửa hàng VTNN Kim Phụng","Địa chỉ đại lý":"Châu Điền, Cầu Kè","layer_id":263,"fid":741,"label":"Cửa hàng VTNN Kim Phụng"}},{"type":"Feature","id":894,"geometry":{"type":"Point","coordinates":[10.3347,106.2618]},"properties":{"Họ và tên":"BÙI VĂN DŨNG","Tên Đại Lý":"Hộ kinh doanh Bùi Văn Dũng","Địa chỉ đại lý":"Số 358, ấp 1 (nay là ấp Vĩnh Đức Trung), xã Vĩnh An","layer_id":263,"fid":894,"label":"Hộ kinh doanh Bùi Văn Dũng"}},{"type":"Feature","id":742,"geometry":{"type":"Point","coordinates":[106.311756,9.873212]},"properties":{"Họ và tên":"Nguyễn Minh Cường","Tên Đại Lý":"Cửa hàng VTNN Út Nương","Địa chỉ đại lý":"Phước Hưng, Trà Cú","layer_id":263,"fid":742,"label":"Cửa hàng VTNN Út Nương"}},{"type":"Feature","id":895,"geometry":{"type":"Point","coordinates":[10.0381,106.5624]},"properties":{"Họ và tên":"BÙI VĂN LỦY","Tên Đại Lý":"Hộ kinh doanh  Phượng Lủy","Địa chỉ đại lý":"số 428, ấp Hữu Nhơn, xã Hữu Định","layer_id":263,"fid":895,"label":"Hộ kinh doanh  Phượng Lủy"}},{"type":"Feature","id":743,"geometry":{"type":"Point","coordinates":[106.096359,9.897258]},"properties":{"Họ và tên":"Nguyễn Minh Hùng","Tên Đại Lý":"CH VTNN Minh Hùng","Địa chỉ đại lý":"Châu Điền, Cầu Kè","layer_id":263,"fid":743,"label":"CH VTNN Minh Hùng"}},{"type":"Feature","id":896,"geometry":{"type":"Point","coordinates":[10.3347,106.2618]},"properties":{"Họ và tên":"BÙI VĂN VŨ","Tên Đại Lý":"Hộ kinh doanh\nVũ  ","Địa chỉ đại lý":"ấp Nhơn Quới, \nxã Mỹ Nhơn","layer_id":263,"fid":896,"label":"Hộ kinh doanh\nVũ  "}},{"type":"Feature","id":744,"geometry":{"type":"Point","coordinates":[106.353342,9.774401]},"properties":{"Họ và tên":"Nguyễn Minh Thắng","Tên Đại Lý":"Cửa hàng VTNN Bảy Trọng","Địa chỉ đại lý":"Ngũ Lạc, Duyên Hải","layer_id":263,"fid":744,"label":"Cửa hàng VTNN Bảy Trọng"}},{"type":"Feature","id":897,"geometry":{"type":"Point","coordinates":[10.2215,106.3142]},"properties":{"Họ và tên":"BÙI VŨ TRỌNG NGHĨA","Tên Đại Lý":"Hộ kinh doanh Ngọc Đáng","Địa chỉ đại lý":"ấp Phong Điền, \nxã Lương Hòa","layer_id":263,"fid":897,"label":"Hộ kinh doanh Ngọc Đáng"}},{"type":"Feature","id":745,"geometry":{"type":"Point","coordinates":[106.452109,9.589871]},"properties":{"Họ và tên":"Nguyễn Ngọc Phước","Tên Đại Lý":"CH VTNN Ngọc Phước","Địa chỉ đại lý":"ấp Dân Thành, xã Dân Thành, Tx Duyên Hải","layer_id":263,"fid":745,"label":"CH VTNN Ngọc Phước"}},{"type":"Feature","id":746,"geometry":{"type":"Point","coordinates":[106.270921,9.992644]},"properties":{"Họ và tên":"Nguyễn Ngọc Quí","Tên Đại Lý":"CH VTNN Sa Môn","Địa chỉ đại lý":"TT. Càng Long, Càng Long","layer_id":263,"fid":746,"label":"CH VTNN Sa Môn"}},{"type":"Feature","id":898,"geometry":{"type":"Point","coordinates":[10.1425,106.291]},"properties":{"Họ và tên":"CAO ĐẶNG PHY","Tên Đại Lý":"Cửa hàng vật tư nông nghiệp Thiên Phú ","Địa chỉ đại lý":"Thửa đất 472, tờ bản đồ số 09, tổ NDTQ số 01, ấp Nhơn Nghĩa","layer_id":263,"fid":898,"label":"Cửa hàng vật tư nông nghiệp Thiên Phú "}},{"type":"Feature","id":747,"geometry":{"type":"Point","coordinates":[106.108754,9.923487]},"properties":{"Họ và tên":"Nguyễn Ngọc Lý","Tên Đại Lý":"CH VTNN Sáu Móc","Địa chỉ đại lý":"Phong Thạnh, Cầu Kè","layer_id":263,"fid":747,"label":"CH VTNN Sáu Móc"}},{"type":"Feature","id":899,"geometry":{"type":"Point","coordinates":[10.2714,106.3255]},"properties":{"Họ và tên":"CAO ĐÌNH KHIẾP","Tên Đại Lý":"HỘ KINH DOANH MỸ KIM","Địa chỉ đại lý":"Thửa đất số 139, tờ bản đồ số 05, ấp Hưng Nhơn, xã Hoà Nghĩa","layer_id":263,"fid":899,"label":"HỘ KINH DOANH MỸ KIM"}},{"type":"Feature","id":748,"geometry":{"type":"Point","coordinates":[106.324888,9.921319]},"properties":{"Họ và tên":"Nguyễn Ngọc Lý","Tên Đại Lý":"CH VTNN AgriGood","Địa chỉ đại lý":"ấp Trà Quýt, xã Nguyệt Hóa, huyện Châu Thành, TV","layer_id":263,"fid":748,"label":"CH VTNN AgriGood"}},{"type":"Feature","id":900,"geometry":{"type":"Point","coordinates":[10.0245,106.5821]},"properties":{"Họ và tên":"CAO HOÀNG SANG","Tên Đại Lý":"Hộ kinh doanh VTNN Cao Hoàng Sang (Diễm Sang)","Địa chỉ đại lý":"ấp Phú Bình, \nxã Vĩnh Bình","layer_id":263,"fid":900,"label":"Hộ kinh doanh VTNN Cao Hoàng Sang (Diễm Sang)"}},{"type":"Feature","id":749,"geometry":{"type":"Point","coordinates":[106.294116,9.932457]},"properties":{"Họ và tên":"Nguyễn Ngọc Nhân","Tên Đại Lý":"CH VTNN Kim Ngân","Địa chỉ đại lý":"ấp An Lợi, xã Phước Hảo, huyện Châu Thành, TV","layer_id":263,"fid":749,"label":"CH VTNN Kim Ngân"}},{"type":"Feature","id":750,"geometry":{"type":"Point","coordinates":[106.155708,9.948281]},"properties":{"Họ và tên":"Nguyễn Ngọc Phước","Tên Đại Lý":"CH VTNN Ngọc Phước","Địa chỉ đại lý":"Hiếu Tử, Tiểu Cần","layer_id":263,"fid":750,"label":"CH VTNN Ngọc Phước"}},{"type":"Feature","id":901,"geometry":{"type":"Point","coordinates":[10.2154,106.2415]},"properties":{"Họ và tên":"CAO NGUYỄN HỒNG ÂN","Tên Đại Lý":"Hộ kinh doanh  Hồng Phúc","Địa chỉ đại lý":"ấp Vĩnh Bắc, \nxã Vĩnh Thành","layer_id":263,"fid":901,"label":"Hộ kinh doanh  Hồng Phúc"}},{"type":"Feature","id":751,"geometry":{"type":"Point","coordinates":[106.324888,9.921319]},"properties":{"Họ và tên":"Nguyễn Quốc Ánh","Tên Đại Lý":"Cửa hàng VTNN Nông Dược Tri Lâm","Địa chỉ đại lý":"Lương Hòa, Châu Thành","layer_id":263,"fid":751,"label":"Cửa hàng VTNN Nông Dược Tri Lâm"}},{"type":"Feature","id":902,"geometry":{"type":"Point","coordinates":[10.2552,106.3568]},"properties":{"Họ và tên":"CHÂU QUANG ĐÔNG","Tên Đại Lý":"Hộ kinh doanh \nChâu Quang Đông","Địa chỉ đại lý":"ấp 2, xã Hưng Nhượng","layer_id":263,"fid":902,"label":"Hộ kinh doanh \nChâu Quang Đông"}},{"type":"Feature","id":903,"geometry":{"type":"Point","coordinates":[10.2785,106.3842]},"properties":{"Họ và tên":"CHÂU VINH ","Tên Đại Lý":"hộ kinh doanh Tư Liêm","Địa chỉ đại lý":"ấp Thị, \nxã Hương Mỹ","layer_id":263,"fid":903,"label":"hộ kinh doanh Tư Liêm"}},{"type":"Feature","id":755,"geometry":{"type":"Point","coordinates":[106.273418,9.972305]},"properties":{"Họ và tên":"Nguyễn Thanh Liêm","Tên Đại Lý":"Cửa hàng VTNN Út Liêm","Địa chỉ đại lý":"ấp Sóc, xã Huyền Hội, huyện Càng Long, TV","layer_id":263,"fid":755,"label":"Cửa hàng VTNN Út Liêm"}},{"type":"Feature","id":904,"geometry":{"type":"Point","coordinates":[10.3012,106.4154]},"properties":{"Họ và tên":"CHU QUANG CƯỜNG","Tên Đại Lý":"Hộ kinh doanh  Cường Thịnh","Địa chỉ đại lý":"số 68A/I, ấp Phước Tân, xã Tam Phước","layer_id":263,"fid":904,"label":"Hộ kinh doanh  Cường Thịnh"}},{"type":"Feature","id":756,"geometry":{"type":"Point","coordinates":[106.134297,10.007651]},"properties":{"Họ và tên":"Nguyễn Thanh Luân","Tên Đại Lý":"CH VTNN Tâm Úc","Địa chỉ đại lý":"Tân An, Càng Long","layer_id":263,"fid":756,"label":"CH VTNN Tâm Úc"}},{"type":"Feature","id":757,"geometry":{"type":"Point","coordinates":[106.402517,9.880945]},"properties":{"Họ và tên":"Nguyễn Thanh Ngân","Tên Đại Lý":"Cửa hàng VTNN Thảo Nguyên","Địa chỉ đại lý":"Long Sơn, Cầu Ngang","layer_id":263,"fid":757,"label":"Cửa hàng VTNN Thảo Nguyên"}},{"type":"Feature","id":905,"geometry":{"type":"Point","coordinates":[10.3012,106.4154]},"properties":{"Họ và tên":"ĐẶNG HẢI ĐĂNG","Tên Đại Lý":"Hộ kinh doanh  Duy Hà","Địa chỉ đại lý":"ấp Trung Hiệp, xã \nHưng Khánh Trung B","layer_id":263,"fid":905,"label":"Hộ kinh doanh  Duy Hà"}},{"type":"Feature","id":758,"geometry":{"type":"Point","coordinates":[106.311756,9.873212]},"properties":{"Họ và tên":"Nguyễn Thanh Nghĩa","Tên Đại Lý":"Cửa hàng VTNN Thanh Nghĩa","Địa chỉ đại lý":"ấp Đầu Giồng A, xã Phước Hưng, huyện Trà Cú,","layer_id":263,"fid":758,"label":"Cửa hàng VTNN Thanh Nghĩa"}},{"type":"Feature","id":906,"geometry":{"type":"Point","coordinates":[10.1512,106.3421]},"properties":{"Họ và tên":"ĐẶNG HOÀNG DUY","Tên Đại Lý":"Hộ kinh doanh  9 Dũng","Địa chỉ đại lý":"138/40, ấp Tân Trung, xã Hưng Khánh Trung B","layer_id":263,"fid":906,"label":"Hộ kinh doanh  9 Dũng"}},{"type":"Feature","id":759,"geometry":{"type":"Point","coordinates":[106.108754,9.923487]},"properties":{"Họ và tên":"Nguyễn Thanh Nhường","Tên Đại Lý":"CH VTNN Tư Nhường","Địa chỉ đại lý":"Phong Thạnh, Cầu Kè","layer_id":263,"fid":759,"label":"CH VTNN Tư Nhường"}},{"type":"Feature","id":907,"geometry":{"type":"Point","coordinates":[10.1872,106.3214]},"properties":{"Họ và tên":"ĐẶNG LÊ DUY PHƯƠNG","Tên Đại Lý":"HỘ KINH DOANH ĐẶNG LÊ DUY PHƯƠNG (NHƠN)","Địa chỉ đại lý":"Số 34, ấp Phú Thành, xã Phú Hưng","layer_id":263,"fid":907,"label":"HỘ KINH DOANH ĐẶNG LÊ DUY PHƯƠNG (NHƠN)"}},{"type":"Feature","id":760,"geometry":{"type":"Point","coordinates":[106.402517,9.880945]},"properties":{"Họ và tên":"Nguyễn Thanh Nhựt","Tên Đại Lý":"CH VTNN Út Nhựt","Địa chỉ đại lý":"Khóm Mỹ Chánh A, thị trấn Cầu Ngang, huyện Cầu Ngang","layer_id":263,"fid":760,"label":"CH VTNN Út Nhựt"}},{"type":"Feature","id":908,"geometry":{"type":"Point","coordinates":[10.0355,106.5872]},"properties":{"Họ và tên":"ĐẶNG NGỌC HIỆP","Tên Đại Lý":"Hộ kinh doanh  Minh Hằng","Địa chỉ đại lý":"số 19 F, khu phố 2, phường Phú Khương","layer_id":263,"fid":908,"label":"Hộ kinh doanh  Minh Hằng"}},{"type":"Feature","id":761,"geometry":{"type":"Point","coordinates":[106.195254,9.966812]},"properties":{"Họ và tên":"Nguyễn Thanh Thắng","Tên Đại Lý":"HKD Nông nghiệp Đông Phát","Địa chỉ đại lý":"xã Định Phú, Càng Long","layer_id":263,"fid":761,"label":"HKD Nông nghiệp Đông Phát"}},{"type":"Feature","id":909,"geometry":{"type":"Point","coordinates":[10.1245,106.3112]},"properties":{"Họ và tên":"ĐẶNG NHẤT GIANG","Tên Đại Lý":"Hộ kinh doanh  Hai Ca 2","Địa chỉ đại lý":"ấp Lộc Hiệp, \nxã Vĩnh Bình","layer_id":263,"fid":909,"label":"Hộ kinh doanh  Hai Ca 2"}},{"type":"Feature","id":762,"geometry":{"type":"Point","coordinates":[106.262451,9.929845]},"properties":{"Họ và tên":"Nguyễn Thanh Thu","Tên Đại Lý":"Cửa hàng VTNN Thanh Tùng","Địa chỉ đại lý":"Tân Bình, Càng Long","layer_id":263,"fid":762,"label":"Cửa hàng VTNN Thanh Tùng"}},{"type":"Feature","id":763,"geometry":{"type":"Point","coordinates":[106.350325,9.929845]},"properties":{"Họ và tên":"Nguyễn Thanh Tùng","Tên Đại Lý":"Công ty TNHH MTV Đương Phàm","Địa chỉ đại lý":"Phường 3, Tp. Trà Vinh","layer_id":263,"fid":763,"label":"Công ty TNHH MTV Đương Phàm"}},{"type":"Feature","id":910,"geometry":{"type":"Point","coordinates":[10.2458,106.2145]},"properties":{"Họ và tên":"ĐẶNG THỊ HUỲNH TUYẾT LOAN","Tên Đại Lý":"Hộ kinh doanh  Ba Đen","Địa chỉ đại lý":"ấp Cầu Hòa, \nxã Phong Nẫm","layer_id":263,"fid":910,"label":"Hộ kinh doanh  Ba Đen"}},{"type":"Feature","id":764,"geometry":{"type":"Point","coordinates":[106.134297,10.007651]},"properties":{"Họ và tên":"Nguyễn Thanh Truyền","Tên Đại Lý":"CH VTNN Tiền Truyền","Địa chỉ đại lý":"ấp An Phú, Tân An, Càng Long","layer_id":263,"fid":764,"label":"CH VTNN Tiền Truyền"}},{"type":"Feature","id":911,"geometry":{"type":"Point","coordinates":[10.0163,106.6027]},"properties":{"Họ và tên":"ĐẶNG THỊ LỰU","Tên Đại Lý":"HỘ KINH DOANH DỊCH VỤ CẦM ĐỒ, MUA BÁN TẠP HOÁ ĐẶNG THỊ LỰU.","Địa chỉ đại lý":"Số 209/GDA, ấp Gò Dầu, xã Mỹ Chánh","layer_id":263,"fid":911,"label":"HỘ KINH DOANH DỊCH VỤ CẦM ĐỒ, MUA BÁN TẠP HOÁ ĐẶNG THỊ LỰU."}},{"type":"Feature","id":765,"geometry":{"type":"Point","coordinates":[106.294116,9.932457]},"properties":{"Họ và tên":"Nguyễn Thị Dương","Tên Đại Lý":"Cửa hàng VTNN Việt Linh","Địa chỉ đại lý":"Phước Hảo, Châu Thành","layer_id":263,"fid":765,"label":"Cửa hàng VTNN Việt Linh"}},{"type":"Feature","id":912,"geometry":{"type":"Point","coordinates":[10.0381,106.5624]},"properties":{"Họ và tên":"ĐẶNG THỊ MỘNG ĐIỆP","Tên Đại Lý":"HỘ KINH DOANH KHÁN ĐIỆP","Địa chỉ đại lý":"Số 530/1, Ấp Chợ, xã Phú Phụng","layer_id":263,"fid":912,"label":"HỘ KINH DOANH KHÁN ĐIỆP"}},{"type":"Feature","id":968,"geometry":{"type":"Point","coordinates":[10.3347,106.2618]},"properties":{"Họ và tên":"HOÀNG NGỌC MINH","Tên Đại Lý":"Hộ kinh doanh  Thúy Minh","Địa chỉ đại lý":"ấp Hòa Thanh,\n xã An Hiệp","layer_id":263,"fid":968,"label":"Hộ kinh doanh  Thúy Minh"}},{"type":"Feature","id":766,"geometry":{"type":"Point","coordinates":[106.452109,9.589871]},"properties":{"Họ và tên":"Nguyễn Thị Huệ","Tên Đại Lý":"CH VTNN Lý Huệ","Địa chỉ đại lý":"Long Hữu, Tx Duyên Hải","layer_id":263,"fid":766,"label":"CH VTNN Lý Huệ"}},{"type":"Feature","id":767,"geometry":{"type":"Point","coordinates":[106.124614,9.897368]},"properties":{"Họ và tên":"Nguyễn Thị Kim Dầm","Tên Đại Lý":"CH VTNN Kim Dầm","Địa chỉ đại lý":"xã Ninh Thới, Cầu Kè","layer_id":263,"fid":767,"label":"CH VTNN Kim Dầm"}},{"type":"Feature","id":913,"geometry":{"type":"Point","coordinates":[10.3347,106.2618]},"properties":{"Họ và tên":"ĐẶNG THỊ TƯỜNG VI","Tên Đại Lý":"HỘ KINH DOANH HAI CA","Địa chỉ đại lý":"Số 120/12B, khu phố 2, thị trấn Chợ Lách","layer_id":263,"fid":913,"label":"HỘ KINH DOANH HAI CA"}},{"type":"Feature","id":768,"geometry":{"type":"Point","coordinates":[106.166418,9.966774]},"properties":{"Họ và tên":"Nguyễn Thị Lụa","Tên Đại Lý":"Cửa hàng VTNN Nhựt Lụa","Địa chỉ đại lý":"TT. Cầu Quan, Tiểu Cần","layer_id":263,"fid":768,"label":"Cửa hàng VTNN Nhựt Lụa"}},{"type":"Feature","id":769,"geometry":{"type":"Point","coordinates":[106.353342,9.914848]},"properties":{"Họ và tên":"Nguyễn Thị Minh","Tên Đại Lý":"CH VTNN Agrihospital 2","Địa chỉ đại lý":"Long Đức, TP. Trà Vinh","layer_id":263,"fid":769,"label":"CH VTNN Agrihospital 2"}},{"type":"Feature","id":914,"geometry":{"type":"Point","coordinates":[10.2215,106.3142]},"properties":{"Họ và tên":"ĐẶNG VĂN RẠNG","Tên Đại Lý":"Hộ kinh doanh \nRạng Loan","Địa chỉ đại lý":"Thửa đất số 217, ấp Thạnh An, xã Thạnh Hải","layer_id":263,"fid":914,"label":"Hộ kinh doanh \nRạng Loan"}},{"type":"Feature","id":781,"geometry":{"type":"Point","coordinates":[106.273418,9.972305]},"properties":{"Họ và tên":"Nguyễn Văn Bằng","Tên Đại Lý":"Cửa hàng VTNN Bảy Bằng","Địa chỉ đại lý":"An Trường, Càng Long","layer_id":263,"fid":781,"label":"Cửa hàng VTNN Bảy Bằng"}},{"type":"Feature","id":770,"geometry":{"type":"Point","coordinates":[106.324888,9.921319]},"properties":{"Họ và tên":"Nguyễn Thị Ngọc","Tên Đại Lý":"CH VTNN Ngọc","Địa chỉ đại lý":"Hòa Lợi, Châu Thành","layer_id":263,"fid":770,"label":"CH VTNN Ngọc"}},{"type":"Feature","id":771,"geometry":{"type":"Point","coordinates":[106.402517,9.880945]},"properties":{"Họ và tên":"Nguyễn Thị Ngọc","Tên Đại Lý":"CH VTNN Ngọc Liên","Địa chỉ đại lý":"Long Sơn, Cầu Ngang","layer_id":263,"fid":771,"label":"CH VTNN Ngọc Liên"}},{"type":"Feature","id":915,"geometry":{"type":"Point","coordinates":[10.1425,106.291]},"properties":{"Họ và tên":"ĐẶNG VĂN ÚT","Tên Đại Lý":"HỘ KINH DOANH ĐẶNG VĂN ÚT","Địa chỉ đại lý":"Số 248/TQ, ấp Tân Quý, xã Tân Mỹ","layer_id":263,"fid":915,"label":"HỘ KINH DOANH ĐẶNG VĂN ÚT"}},{"type":"Feature","id":782,"geometry":{"type":"Point","coordinates":[106.124614,9.897368]},"properties":{"Họ và tên":"Nguyễn Văn Điểm","Tên Đại Lý":"CH VTNN Út Diễm","Địa chỉ đại lý":"Ninh Thới, Cầu Kè","layer_id":263,"fid":782,"label":"CH VTNN Út Diễm"}},{"type":"Feature","id":916,"geometry":{"type":"Point","coordinates":[10.2714,106.3255]},"properties":{"Họ và tên":"ĐẶNG VĨNH PHÚC","Tên Đại Lý":"CÔNG TY TNHH XNK PHÚC THÀNH KHANG","Địa chỉ đại lý":" ấp An Thuận B, xã Mỹ Thạnh An","layer_id":263,"fid":916,"label":"CÔNG TY TNHH XNK PHÚC THÀNH KHANG"}},{"type":"Feature","id":783,"geometry":{"type":"Point","coordinates":[106.326887,9.851756]},"properties":{"Họ và tên":"Nguyễn Văn Dương","Tên Đại Lý":"CH VTNN Út Hai","Địa chỉ đại lý":"An Quảng Hữu, Trà Cú","layer_id":263,"fid":783,"label":"CH VTNN Út Hai"}},{"type":"Feature","id":784,"geometry":{"type":"Point","coordinates":[106.155708,9.948281]},"properties":{"Họ và tên":"Nguyễn Văn Hào","Tên Đại Lý":"CH VTNN Hải","Địa chỉ đại lý":"Hùng Hòa, Tiểu Cần","layer_id":263,"fid":784,"label":"CH VTNN Hải"}},{"type":"Feature","id":772,"geometry":{"type":"Point","coordinates":[106.495033,9.791654]},"properties":{"Họ và tên":"Nguyễn Thị Ngọc Diệp","Tên Đại Lý":"CH VTNN Ngọc Diệp","Địa chỉ đại lý":"ấp xã Mỹ Long Nam, huyện Cầu Ngang, TV","layer_id":263,"fid":772,"label":"CH VTNN Ngọc Diệp"}},{"type":"Feature","id":777,"geometry":{"type":"Point","coordinates":[106.311756,9.873212]},"properties":{"Họ và tên":"Nguyễn Thị Thu","Tên Đại Lý":"CH VTNN Thuận Phát","Địa chỉ đại lý":"Phước Hưng, Trà Cú","layer_id":263,"fid":777,"label":"CH VTNN Thuận Phát"}},{"type":"Feature","id":773,"geometry":{"type":"Point","coordinates":[106.326887,9.851756]},"properties":{"Họ và tên":"Nguyễn Thị Ngọc Đẹp","Tên Đại Lý":"CH VTNN Tám Hôi","Địa chỉ đại lý":"An Quảng Hữu, Trà Cú","layer_id":263,"fid":773,"label":"CH VTNN Tám Hôi"}},{"type":"Feature","id":917,"geometry":{"type":"Point","coordinates":[10.0245,106.5821]},"properties":{"Họ và tên":"Đặng Vĩnh Phúc","Tên Đại Lý":"Công ty TNHH XNK Phúc Thành Khang","Địa chỉ đại lý":"ấp Long Huê, xã Long Thới","layer_id":263,"fid":917,"label":"Công ty TNHH XNK Phúc Thành Khang"}},{"type":"Feature","id":774,"geometry":{"type":"Point","coordinates":[106.326887,9.851756]},"properties":{"Họ và tên":"Nguyễn Thị Phượng","Tên Đại Lý":"Cửa hàng VTNN Vĩnh Phù","Địa chỉ đại lý":"ấp Trà Vang, xã Ngọc Biên, huyện Trà Cú, TV","layer_id":263,"fid":774,"label":"Cửa hàng VTNN Vĩnh Phù"}},{"type":"Feature","id":775,"geometry":{"type":"Point","coordinates":[106.108754,9.923487]},"properties":{"Họ và tên":"Nguyễn Thị Thúy","Tên Đại Lý":"Cửa hàng VTNN Thị Phấn","Địa chỉ đại lý":"Phong Thạnh, Cầu Kè","layer_id":263,"fid":775,"label":"Cửa hàng VTNN Thị Phấn"}},{"type":"Feature","id":918,"geometry":{"type":"Point","coordinates":[10.2154,106.2415]},"properties":{"Họ và tên":"ĐÀO PHƯƠNG LỘC","Tên Đại Lý":"Hộ kinh doanh \nLê Thị Hẹn","Địa chỉ đại lý":"Thửa đất số 9, tờ bản đồ số 20, ấp Hưng Hoà Tây, xã Hưng Nhượng","layer_id":263,"fid":918,"label":"Hộ kinh doanh \nLê Thị Hẹn"}},{"type":"Feature","id":776,"geometry":{"type":"Point","coordinates":[106.155708,9.948281]},"properties":{"Họ và tên":"Nguyễn Thị Thu Thảo","Tên Đại Lý":"CH VTNN Tám Thảo","Địa chỉ đại lý":"Hiếu Tử, Tiểu Cần","layer_id":263,"fid":776,"label":"CH VTNN Tám Thảo"}},{"type":"Feature","id":919,"geometry":{"type":"Point","coordinates":[10.2552,106.3568]},"properties":{"Họ và tên":"ĐÀO THỊ MỸ NHA","Tên Đại Lý":"Cửa hàng vật tư nông nghiệp Chính Nha","Địa chỉ đại lý":"Số 594/1, ấp Chợ, xã Phú Phụng","layer_id":263,"fid":919,"label":"Cửa hàng vật tư nông nghiệp Chính Nha"}},{"type":"Feature","id":778,"geometry":{"type":"Point","coordinates":[106.311756,9.873212]},"properties":{"Họ và tên":"Nguyễn Thị Thu Vân","Tên Đại Lý":"CH VTNN Minh Thùy","Địa chỉ đại lý":"Phước Hưng, Trà Cú","layer_id":263,"fid":778,"label":"CH VTNN Minh Thùy"}},{"type":"Feature","id":779,"geometry":{"type":"Point","coordinates":[106.452109,9.589871]},"properties":{"Họ và tên":"Nguyễn Thị Thủy","Tên Đại Lý":"CH VTNN Thiện Lợi","Địa chỉ đại lý":"Long Hữu, Tx Duyên Hải","layer_id":263,"fid":779,"label":"CH VTNN Thiện Lợi"}},{"type":"Feature","id":780,"geometry":{"type":"Point","coordinates":[106.173874,9.967819]},"properties":{"Họ và tên":"Nguyễn Thị Yến","Tên Đại Lý":"CH VTNN Yến Ngân","Địa chỉ đại lý":"TT. Tiểu Cần, Tiểu Cần","layer_id":263,"fid":780,"label":"CH VTNN Yến Ngân"}},{"type":"Feature","id":785,"geometry":{"type":"Point","coordinates":[106.195254,9.966812]},"properties":{"Họ và tên":"Nguyễn Văn Hậu","Tên Đại Lý":"Cửa hàng VTNN Hậu Cúc","Địa chỉ đại lý":"Mỹ Cẩm, Càng Long","layer_id":263,"fid":785,"label":"Cửa hàng VTNN Hậu Cúc"}},{"type":"Feature","id":920,"geometry":{"type":"Point","coordinates":[10.2785,106.3842]},"properties":{"Họ và tên":"ĐÀO VĂN TUẤN","Tên Đại Lý":"HỘ KINH DOANH ĐÀO VĂN TUẤN  (THÀNH ĐẠT)","Địa chỉ đại lý":"Số 165/4, ấp Thạnh An, xã Thạnh Hải","layer_id":263,"fid":920,"label":"HỘ KINH DOANH ĐÀO VĂN TUẤN  (THÀNH ĐẠT)"}},{"type":"Feature","id":786,"geometry":{"type":"Point","coordinates":[106.294116,9.932457]},"properties":{"Họ và tên":"Nguyễn Văn Kim","Tên Đại Lý":"Cửa hàng VTNN Kim","Địa chỉ đại lý":"Phước Hảo, Châu Thành","layer_id":263,"fid":786,"label":"Cửa hàng VTNN Kim"}},{"type":"Feature","id":921,"geometry":{"type":"Point","coordinates":[10.3012,106.4154]},"properties":{"Họ và tên":"DIỆP BẢO TÂM ","Tên Đại Lý":"Hộ kinh doanh\n Bảo Tâm","Địa chỉ đại lý":"khu phố 3, thị trấn Thạnh Phú","layer_id":263,"fid":921,"label":"Hộ kinh doanh\n Bảo Tâm"}},{"type":"Feature","id":787,"geometry":{"type":"Point","coordinates":[106.195254,9.966812]},"properties":{"Họ và tên":"Nguyễn Văn Lên","Tên Đại Lý":"CH VTNN Út Lên","Địa chỉ đại lý":"Mỹ Cẩm, Càng Long","layer_id":263,"fid":787,"label":"CH VTNN Út Lên"}},{"type":"Feature","id":788,"geometry":{"type":"Point","coordinates":[106.166418,9.966774]},"properties":{"Họ và tên":"Nguyễn Văn Liêm","Tên Đại Lý":"CH VTNN Lớn Liêm","Địa chỉ đại lý":"Phú Cần, Tiểu Cần","layer_id":263,"fid":788,"label":"CH VTNN Lớn Liêm"}},{"type":"Feature","id":922,"geometry":{"type":"Point","coordinates":[10.1512,106.3421]},"properties":{"Họ và tên":"ĐINH LÊ TRƯỜNG LINH","Tên Đại Lý":"HỘ KINH DOANH ĐINH LÊ TRƯỜNG LINH","Địa chỉ đại lý":"Thửa đất 329, tờ bản đồ số 10, ấp Lân Tây, xã Phú Sơn","layer_id":263,"fid":922,"label":"HỘ KINH DOANH ĐINH LÊ TRƯỜNG LINH"}},{"type":"Feature","id":789,"geometry":{"type":"Point","coordinates":[106.195254,9.966812]},"properties":{"Họ và tên":"Nguyễn Văn Lọt","Tên Đại Lý":"CH VTNN Thảo Lọt","Địa chỉ đại lý":"Mỹ Cẩm, Càng Long","layer_id":263,"fid":789,"label":"CH VTNN Thảo Lọt"}},{"type":"Feature","id":923,"geometry":{"type":"Point","coordinates":[10.1872,106.3214]},"properties":{"Họ và tên":"ĐINH QUỐC HÙNG","Tên Đại Lý":"Hộ kinh doanh Đinh Quốc Hùng","Địa chỉ đại lý":"Số 26, ấp An Lộc, xã An Thới","layer_id":263,"fid":923,"label":"Hộ kinh doanh Đinh Quốc Hùng"}},{"type":"Feature","id":790,"geometry":{"type":"Point","coordinates":[106.096359,9.897258]},"properties":{"Họ và tên":"Nguyễn Văn Lớn","Tên Đại Lý":"Cửa hàng VTNN Hồng Thu","Địa chỉ đại lý":"ấp Chùa, xã Châu Điền, huyện Cầu Kè, TV","layer_id":263,"fid":790,"label":"Cửa hàng VTNN Hồng Thu"}},{"type":"Feature","id":791,"geometry":{"type":"Point","coordinates":[106.124614,9.897368]},"properties":{"Họ và tên":"Nguyễn Văn Lợi","Tên Đại Lý":"CH VTNN Thảo Lợi","Địa chỉ đại lý":"Ninh Thới, Cầu Kè","layer_id":263,"fid":791,"label":"CH VTNN Thảo Lợi"}},{"type":"Feature","id":924,"geometry":{"type":"Point","coordinates":[10.0355,106.5872]},"properties":{"Họ và tên":"ĐỖ CHÍ CÔNG","Tên Đại Lý":"Hộ kinh doanh  Minh Hưng","Địa chỉ đại lý":"ấp Cái Tắc, \nxã HKT A","layer_id":263,"fid":924,"label":"Hộ kinh doanh  Minh Hưng"}},{"type":"Feature","id":792,"geometry":{"type":"Point","coordinates":[106.529341,9.771618]},"properties":{"Họ và tên":"Nguyễn Văn Minh","Tên Đại Lý":"Cty CP Nông Nghiệp Tây Cát","Địa chỉ đại lý":"ấp Mỹ Thập, xã Mỹ Long Bắc, huyện Cầu Ngang, TV","layer_id":263,"fid":792,"label":"Cty CP Nông Nghiệp Tây Cát"}},{"type":"Feature","id":925,"geometry":{"type":"Point","coordinates":[10.1245,106.3112]},"properties":{"Họ và tên":"ĐỖ HOÀNG TUẤN","Tên Đại Lý":"Hộ kinh doanh Đỗ Sáu","Địa chỉ đại lý":"Số 38/4B, khu phố 2, thị trấn Chợ Lách","layer_id":263,"fid":925,"label":"Hộ kinh doanh Đỗ Sáu"}},{"type":"Feature","id":793,"geometry":{"type":"Point","coordinates":[106.136275,9.980482]},"properties":{"Họ và tên":"Nguyễn Văn Minh","Tên Đại Lý":"Cty CP Nông Vàng-Hệ thống cửa","Địa chỉ đại lý":"Long Thới, Tiểu Cần","layer_id":263,"fid":793,"label":"Cty CP Nông Vàng-Hệ thống cửa"}},{"type":"Feature","id":926,"geometry":{"type":"Point","coordinates":[10.2458,106.2145]},"properties":{"Họ và tên":"ĐỖ HUỲNH GIANG","Tên Đại Lý":"HỘ KINH DOANH TÁM SO 2","Địa chỉ đại lý":"Thửa đất số 468, tờ bản đồ số 42, ấp Bình Phú, xã Bình Thành","layer_id":263,"fid":926,"label":"HỘ KINH DOANH TÁM SO 2"}},{"type":"Feature","id":794,"geometry":{"type":"Point","coordinates":[106.273418,9.972305]},"properties":{"Họ và tên":"Nguyễn Văn Mười","Tên Đại Lý":"CH VTNN Bảy Mót","Địa chỉ đại lý":"An Trường, Càng Long","layer_id":263,"fid":794,"label":"CH VTNN Bảy Mót"}},{"type":"Feature","id":795,"geometry":{"type":"Point","coordinates":[106.495033,9.791654]},"properties":{"Họ và tên":"Nguyễn Văn Nhàn","Tên Đại Lý":"CH VTNN Cúc Nhàn","Địa chỉ đại lý":"Mỹ Long Nam, Cầu Ngang","layer_id":263,"fid":795,"label":"CH VTNN Cúc Nhàn"}},{"type":"Feature","id":927,"geometry":{"type":"Point","coordinates":[10.0163,106.6027]},"properties":{"Họ và tên":"Đỗ Huỳnh Nam","Tên Đại Lý":"Công ty TNHH phân bón Tám So","Địa chỉ đại lý":"Số 640, ấp Bình Tiên, xã Bình Thành","layer_id":263,"fid":927,"label":"Công ty TNHH phân bón Tám So"}},{"type":"Feature","id":796,"geometry":{"type":"Point","coordinates":[106.402517,9.880945]},"properties":{"Họ và tên":"Nguyễn Văn Nhân","Tên Đại Lý":"CH VTNN Út Nhân","Địa chỉ đại lý":"Định An, Trà Cú","layer_id":263,"fid":796,"label":"CH VTNN Út Nhân"}},{"type":"Feature","id":928,"geometry":{"type":"Point","coordinates":[10.0381,106.5624]},"properties":{"Họ và tên":"ĐỖ THÀNH TRUNG","Tên Đại Lý":"HỘ KINH DOANH HAI ẨN","Địa chỉ đại lý":"Số 250/6, ấp Thạnh A, xã Tân Phong","layer_id":263,"fid":928,"label":"HỘ KINH DOANH HAI ẨN"}},{"type":"Feature","id":797,"geometry":{"type":"Point","coordinates":[106.155708,9.948281]},"properties":{"Họ và tên":"Nguyễn Văn Phát","Tên Đại Lý":"Địa điểm VTNN khác","Địa chỉ đại lý":"Định Hòa, Tiểu Cần","layer_id":263,"fid":797,"label":"Địa điểm VTNN khác"}},{"type":"Feature","id":929,"geometry":{"type":"Point","coordinates":[10.3347,106.2618]},"properties":{"Họ và tên":"ĐỖ THỊ TRÚC PHƯƠNG","Tên Đại Lý":"Hộ kinh doanh\n  Tấn Phát","Địa chỉ đại lý":"ấp Hòa Thạnh B, xã Lương Hòa","layer_id":263,"fid":929,"label":"Hộ kinh doanh\n  Tấn Phát"}},{"type":"Feature","id":798,"geometry":{"type":"Point","coordinates":[106.353342,9.914848]},"properties":{"Họ và tên":"Nguyễn Văn Phép","Tên Đại Lý":"HTX NN Long Đức","Địa chỉ đại lý":"ấp Sa Bình, xã Long Đức, TP. TV, TV","layer_id":263,"fid":798,"label":"HTX NN Long Đức"}},{"type":"Feature","id":930,"geometry":{"type":"Point","coordinates":[10.2215,106.3142]},"properties":{"Họ và tên":"ĐOÀN HUY LƯỢNG","Tên Đại Lý":"HỘ KINH DOANH ĐOÀN HUY LƯỢNG (MAI CHÂU)","Địa chỉ đại lý":"ấp Tân Bắc, xã Tân Phú","layer_id":263,"fid":930,"label":"HỘ KINH DOANH ĐOÀN HUY LƯỢNG (MAI CHÂU)"}},{"type":"Feature","id":799,"geometry":{"type":"Point","coordinates":[106.324888,9.921319]},"properties":{"Họ và tên":"Nguyễn Văn Phúc","Tên Đại Lý":"CH VTNN Phước Quyền","Địa chỉ đại lý":"Lương Hòa A, Châu Thành","layer_id":263,"fid":799,"label":"CH VTNN Phước Quyền"}},{"type":"Feature","id":931,"geometry":{"type":"Point","coordinates":[10.1425,106.291]},"properties":{"Họ và tên":"ĐOÀN MINH LUÂN","Tên Đại Lý":"CHI NHÁNH CÔNG TY TNHH MỘT THÀNH VIÊN XĂNG DẦU MAI LÊN – CHI NHÁNH 01","Địa chỉ đại lý":"Số 193/1, Ấp Thạnh Hưng B, xã Thạnh Hải","layer_id":263,"fid":931,"label":"CHI NHÁNH CÔNG TY TNHH MỘT THÀNH VIÊN XĂNG DẦU MAI LÊN – CHI NHÁNH 01"}},{"type":"Feature","id":800,"geometry":{"type":"Point","coordinates":[106.324888,9.921319]},"properties":{"Họ và tên":"Nguyễn Văn Quý","Tên Đại Lý":"CH VTNN Út Quý","Địa chỉ đại lý":"Lương Hòa A, Châu Thành","layer_id":263,"fid":800,"label":"CH VTNN Út Quý"}},{"type":"Feature","id":801,"geometry":{"type":"Point","coordinates":[106.324888,9.921319]},"properties":{"Họ và tên":"Nguyễn Văn Quang","Tên Đại Lý":"Cửa hàng VTNN Khang","Địa chỉ đại lý":"ấp Sóc Giành, xã Nguyệt Hóa, huyện Châu Thành","layer_id":263,"fid":801,"label":"Cửa hàng VTNN Khang"}},{"type":"Feature","id":932,"geometry":{"type":"Point","coordinates":[10.2714,106.3255]},"properties":{"Họ và tên":"ĐOÀN MINH VĂN","Tên Đại Lý":"Hộ kinh doanh\n  Minh Văn","Địa chỉ đại lý":"Số 125/1, ấp Thạnh Lợi, xã Thạnh Hải","layer_id":263,"fid":932,"label":"Hộ kinh doanh\n  Minh Văn"}},{"type":"Feature","id":802,"geometry":{"type":"Point","coordinates":[106.402517,9.880945]},"properties":{"Họ và tên":"Nguyễn Văn Soạn","Tên Đại Lý":"CH VTNN Bảy Soạn","Địa chỉ đại lý":"Hiệp Mỹ Đông, Cầu Ngang","layer_id":263,"fid":802,"label":"CH VTNN Bảy Soạn"}},{"type":"Feature","id":933,"geometry":{"type":"Point","coordinates":[10.0245,106.5821]},"properties":{"Họ và tên":"ĐOÀN NGỌC YẾN","Tên Đại Lý":"Hộ kinh doanh Đoàn Ngọc Yến","Địa chỉ đại lý":"ấp Thị, xã Hương Mỹ","layer_id":263,"fid":933,"label":"Hộ kinh doanh Đoàn Ngọc Yến"}},{"type":"Feature","id":803,"geometry":{"type":"Point","coordinates":[106.402517,9.880945]},"properties":{"Họ và tên":"Nguyễn Văn Thiệu","Tên Đại Lý":"CH VTNN Thanh Sơn","Địa chỉ đại lý":"Hiệp Mỹ Đông, Cầu Ngang","layer_id":263,"fid":803,"label":"CH VTNN Thanh Sơn"}},{"type":"Feature","id":934,"geometry":{"type":"Point","coordinates":[10.2154,106.2415]},"properties":{"Họ và tên":"ĐOÀN THỊ HẢO","Tên Đại Lý":"HỘ KINH DOANH ĐẠI LÝ VẬT TƯ NÔNG NGHIỆP THÀNH PHÁT","Địa chỉ đại lý":"Thửa đất số 180, tờ bản đồ 10, tổ NDTQ số 09, ấp Hoà An, xã Giao Long","layer_id":263,"fid":934,"label":"HỘ KINH DOANH ĐẠI LÝ VẬT TƯ NÔNG NGHIỆP THÀNH PHÁT"}},{"type":"Feature","id":804,"geometry":{"type":"Point","coordinates":[106.402517,9.880945]},"properties":{"Họ và tên":"Nguyễn Văn Thuận","Tên Đại Lý":"CH VTNN Kim Phượng","Địa chỉ đại lý":"Hiệp Mỹ Đông, Cầu Ngang","layer_id":263,"fid":804,"label":"CH VTNN Kim Phượng"}},{"type":"Feature","id":935,"geometry":{"type":"Point","coordinates":[10.2552,106.3568]},"properties":{"Họ và tên":"ĐOÀN THỊ THU","Tên Đại Lý":"HỘ KINH DOANH TÂN CHÂU","Địa chỉ đại lý":"Số 336/68, ấp Long Quới, xã Long Thới","layer_id":263,"fid":935,"label":"HỘ KINH DOANH TÂN CHÂU"}},{"type":"Feature","id":805,"geometry":{"type":"Point","coordinates":[106.324888,9.921319]},"properties":{"Họ và tên":"Nguyễn Văn Thông","Tên Đại Lý":"CH VTNN Bảy Thông","Địa chỉ đại lý":"Hòa Thuận, Châu Thành","layer_id":263,"fid":805,"label":"CH VTNN Bảy Thông"}},{"type":"Feature","id":806,"geometry":{"type":"Point","coordinates":[106.324888,9.921319]},"properties":{"Họ và tên":"Nguyễn Văn Tiến","Tên Đại Lý":"Cửa hàng VTNN Tư Tiến","Địa chỉ đại lý":"Long Hòa, Châu Thành","layer_id":263,"fid":806,"label":"Cửa hàng VTNN Tư Tiến"}},{"type":"Feature","id":936,"geometry":{"type":"Point","coordinates":[10.1552,106.3114]},"properties":{"Họ và tên":"ĐOÀN THỊ ÚT EM","Tên Đại Lý":"HỘ KINH DOANH CỬA HÀNG VẬT TƯ NÔNG NGHIỆP MINH ĐỨC","Địa chỉ đại lý":"Số 70C, ấp Phú Nhơn, thị trấn Châu Thành","layer_id":263,"fid":936,"label":"HỘ KINH DOANH CỬA HÀNG VẬT TƯ NÔNG NGHIỆP MINH ĐỨC"}},{"type":"Feature","id":807,"geometry":{"type":"Point","coordinates":[106.324888,9.921319]},"properties":{"Họ và tên":"Nguyễn Văn Tính","Tên Đại Lý":"CH VTNN Tư Tính","Địa chỉ đại lý":"Long Hòa, Châu Thành","layer_id":263,"fid":807,"label":"CH VTNN Tư Tính"}},{"type":"Feature","id":937,"geometry":{"type":"Point","coordinates":[10.1872,106.3214]},"properties":{"Họ và tên":"ĐOÀN VĂN NON","Tên Đại Lý":"HỘ KINH DOANH ĐOÀN VĂN NON","Địa chỉ đại lý":"Số 19, ấp Tân Khai, xã Tân Hưng","layer_id":263,"fid":937,"label":"HỘ KINH DOANH ĐOÀN VĂN NON"}},{"type":"Feature","id":808,"geometry":{"type":"Point","coordinates":[106.353342,9.774401]},"properties":{"Họ và tên":"Nguyễn Văn Tuấn","Tên Đại Lý":"CH VTNN Bá Thanh","Địa chỉ đại lý":"ấp Sóc Rừng, xã Ngũ Lạc, huyện Duyên Hải, TV","layer_id":263,"fid":808,"label":"CH VTNN Bá Thanh"}},{"type":"Feature","id":938,"geometry":{"type":"Point","coordinates":[10.2415,106.3682]},"properties":{"Họ và tên":"DU HOÀ TÁM","Tên Đại Lý":"HỘ KINH DOANH DU HOÀ TÁM","Địa chỉ đại lý":"Số 281, ấp An Hoà, xã Tường Đa","layer_id":263,"fid":938,"label":"HỘ KINH DOANH DU HOÀ TÁM"}},{"type":"Feature","id":809,"geometry":{"type":"Point","coordinates":[106.311756,9.873212]},"properties":{"Họ và tên":"Nguyễn Văn Tuấn","Tên Đại Lý":"CH VTNN Út Tuấn","Địa chỉ đại lý":"Phước Hưng, Trà Cú","layer_id":263,"fid":809,"label":"CH VTNN Út Tuấn"}},{"type":"Feature","id":939,"geometry":{"type":"Point","coordinates":[10.2248,106.3355]},"properties":{"Họ và tên":"DƯƠNG HÙNG","Tên Đại Lý":"Hộ kinh doanh  Sáu Hòn","Địa chỉ đại lý":"Số 061/BBA, ấp Bến Bàu, xã Mỹ Chánh","layer_id":263,"fid":939,"label":"Hộ kinh doanh  Sáu Hòn"}},{"type":"Feature","id":810,"geometry":{"type":"Point","coordinates":[106.173874,9.967819]},"properties":{"Họ và tên":"Nguyễn Văn Tư","Tên Đại Lý":"CH VTNN Út Tư","Địa chỉ đại lý":"Tân Hưng, Tiểu Cần","layer_id":263,"fid":810,"label":"CH VTNN Út Tư"}},{"type":"Feature","id":811,"geometry":{"type":"Point","coordinates":[106.134297,10.007651]},"properties":{"Họ và tên":"Nguyễn Văn Vẹn","Tên Đại Lý":"Cửa hàng VTNN Bảy Vẹn","Địa chỉ đại lý":"Tân An, Càng Long","layer_id":263,"fid":811,"label":"Cửa hàng VTNN Bảy Vẹn"}},{"type":"Feature","id":940,"geometry":{"type":"Point","coordinates":[10.1645,106.2872]},"properties":{"Họ và tên":"DƯƠNG HỮU THỌ","Tên Đại Lý":"Hộ kinh doanh \nHữu Thọ","Địa chỉ đại lý":"Thửa số 34, tờ bản đồ số 23, ấp Phú Hiệp, xã Phú Sơn","layer_id":263,"fid":940,"label":"Hộ kinh doanh \nHữu Thọ"}},{"type":"Feature","id":812,"geometry":{"type":"Point","coordinates":[106.262451,9.929845]},"properties":{"Họ và tên":"Phạm Châu Minh","Tên Đại Lý":"CH VTNN Khải Quỳnh","Địa chỉ đại lý":"Tân Bình, Càng Long","layer_id":263,"fid":812,"label":"CH VTNN Khải Quỳnh"}},{"type":"Feature","id":941,"geometry":{"type":"Point","coordinates":[10.2154,106.2415]},"properties":{"Họ và tên":"DƯƠNG PHẠM HỮU THẮNG","Tên Đại Lý":"Hộ kinh doanh\n  Hữu Thắng","Địa chỉ đại lý":"Ấp Thới Lộc, xã Sơn Định","layer_id":263,"fid":941,"label":"Hộ kinh doanh\n  Hữu Thắng"}},{"type":"Feature","id":813,"geometry":{"type":"Point","coordinates":[106.262451,9.929845]},"properties":{"Họ và tên":"Phạm Châu Minh Nhựt","Tên Đại Lý":"CH VTNN Khải Quỳnh","Địa chỉ đại lý":"Tân Bình, Càng Long","layer_id":263,"fid":813,"label":"CH VTNN Khải Quỳnh"}},{"type":"Feature","id":814,"geometry":{"type":"Point","coordinates":[106.195254,9.966812]},"properties":{"Họ và tên":"Phạm Văn Bảy","Tên Đại Lý":"CH VTNN Bảy Nương","Địa chỉ đại lý":"Bình Phú, Càng Long","layer_id":263,"fid":814,"label":"CH VTNN Bảy Nương"}},{"type":"Feature","id":942,"geometry":{"type":"Point","coordinates":[10.2583,106.1821]},"properties":{"Họ và tên":"DƯƠNG QUỐC BỬU","Tên Đại Lý":"Hộ kinh doanh\nBửu Ngân  ","Địa chỉ đại lý":"ấp Thạnh Hưng A, xã Thạnh Hải","layer_id":263,"fid":942,"label":"Hộ kinh doanh\nBửu Ngân  "}},{"type":"Feature","id":943,"geometry":{"type":"Point","coordinates":[10.1712,106.2754]},"properties":{"Họ và tên":"DƯƠNG TẤN LẠC","Tên Đại Lý":"HỘ KINH DOANH DƯƠNG TẤN LẠC","Địa chỉ đại lý":"Số 376D, ấp Phú Lợi, xã Bình Phú","layer_id":263,"fid":943,"label":"HỘ KINH DOANH DƯƠNG TẤN LẠC"}},{"type":"Feature","id":815,"geometry":{"type":"Point","coordinates":[106.124614,9.897368]},"properties":{"Họ và tên":"Phạm Châu Nhựt","Tên Đại Lý":"Cửa hàng VTNN Hoàng Thuận","Địa chỉ đại lý":"ấp Thống Nhất, xã Ninh Thới, huyện Cầu Kè, TV","layer_id":263,"fid":815,"label":"Cửa hàng VTNN Hoàng Thuận"}},{"type":"Feature","id":944,"geometry":{"type":"Point","coordinates":[10.1425,106.291]},"properties":{"Họ và tên":"DƯƠNG THỊ HỒNG ","Tên Đại Lý":"Hộ kinh doanh Hồng Ly","Địa chỉ đại lý":"ấp Căn Cứ,\n xã Mỹ Thạnh","layer_id":263,"fid":944,"label":"Hộ kinh doanh Hồng Ly"}},{"type":"Feature","id":816,"geometry":{"type":"Point","coordinates":[106.273418,9.972305]},"properties":{"Họ và tên":"Phạm Văn Lợi","Tên Đại Lý":"CH VTNN Lợi","Địa chỉ đại lý":"An Trường, Càng Long","layer_id":263,"fid":816,"label":"CH VTNN Lợi"}},{"type":"Feature","id":945,"geometry":{"type":"Point","coordinates":[10.1872,106.3214]},"properties":{"Họ và tên":"DƯƠNG VĂN KHỬU","Tên Đại Lý":"Hộ kinh doanh \nDương Văn Khửu","Địa chỉ đại lý":"Số 67, ấp Thừa Trung, xã Thừa Đức","layer_id":263,"fid":945,"label":"Hộ kinh doanh \nDương Văn Khửu"}},{"type":"Feature","id":817,"geometry":{"type":"Point","coordinates":[106.273418,9.972305]},"properties":{"Họ và tên":"Phạm Bá Tòng","Tên Đại Lý":"CH VTNN Phú Xuân","Địa chỉ đại lý":"An Trường, Càng Long","layer_id":263,"fid":817,"label":"CH VTNN Phú Xuân"}},{"type":"Feature","id":818,"geometry":{"type":"Point","coordinates":[106.262451,9.929845]},"properties":{"Họ và tên":"Phạm Công Định","Tên Đại Lý":"CH VTNN Công Định","Địa chỉ đại lý":"Tân Bình, Càng Long","layer_id":263,"fid":818,"label":"CH VTNN Công Định"}},{"type":"Feature","id":946,"geometry":{"type":"Point","coordinates":[10.2365,106.4711]},"properties":{"Họ và tên":"DƯƠNG VĂN LỊCH","Tên Đại Lý":"HỘ KINH DOANH DƯƠNG VĂN LỊCH","Địa chỉ đại lý":"Ấp Thanh Bắc, xã Tân Thanh Tây","layer_id":263,"fid":946,"label":"HỘ KINH DOANH DƯƠNG VĂN LỊCH"}},{"type":"Feature","id":819,"geometry":{"type":"Point","coordinates":[106.324888,9.921319]},"properties":{"Họ và tên":"Phạm Hữu Thanh","Tên Đại Lý":"CH VTNN Thanh Hiếu","Địa chỉ đại lý":"Hòa Lợi, Châu Thành","layer_id":263,"fid":819,"label":"CH VTNN Thanh Hiếu"}},{"type":"Feature","id":947,"geometry":{"type":"Point","coordinates":[10.2312,106.4685]},"properties":{"Họ và tên":"DƯƠNG VĂN MỘNG ","Tên Đại Lý":"Hộ kinh doanh g Duy Phát","Địa chỉ đại lý":"Số 236, ấp An Bình, xã An Hiệp","layer_id":263,"fid":947,"label":"Hộ kinh doanh g Duy Phát"}},{"type":"Feature","id":820,"geometry":{"type":"Point","coordinates":[106.324888,9.921319]},"properties":{"Họ và tên":"Phạm Hữu Thanh","Tên Đại Lý":"CH VTNN Thanh Hiếu","Địa chỉ đại lý":"Hòa Lợi, Châu Thành","layer_id":263,"fid":820,"label":"CH VTNN Thanh Hiếu"}},{"type":"Feature","id":821,"geometry":{"type":"Point","coordinates":[106.324888,9.921319]},"properties":{"Họ và tên":"Phạm Khắc Hưởng","Tên Đại Lý":"Cửa hàng VTNN Dũng Hưởng","Địa chỉ đại lý":"Long Hòa, Châu Thành","layer_id":263,"fid":821,"label":"Cửa hàng VTNN Dũng Hưởng"}},{"type":"Feature","id":948,"geometry":{"type":"Point","coordinates":[10.1589,106.2512]},"properties":{"Họ và tên":"DƯƠNG VĂN SỬ","Tên Đại Lý":"Hộ kinh doanh  VTNN Ba sử","Địa chỉ đại lý":"ấp Gia Khánh, \nxã Hưng Khánh Trung A","layer_id":263,"fid":948,"label":"Hộ kinh doanh  VTNN Ba sử"}},{"type":"Feature","id":949,"geometry":{"type":"Point","coordinates":[10.1456,106.2987]},"properties":{"Họ và tên":"HÀ KHẮC ĐIỆP","Tên Đại Lý":"Hộ kinh doanh \nHà Khắc Điệp","Địa chỉ đại lý":"847/8, ấp Sơn Long, xã Sơn Định","layer_id":263,"fid":949,"label":"Hộ kinh doanh \nHà Khắc Điệp"}},{"type":"Feature","id":822,"geometry":{"type":"Point","coordinates":[106.134297,10.007651]},"properties":{"Họ và tên":"Phạm Lê Duy","Tên Đại Lý":"CH VTNN Út Lành","Địa chỉ đại lý":"Tân An, Càng Long","layer_id":263,"fid":822,"label":"CH VTNN Út Lành"}},{"type":"Feature","id":823,"geometry":{"type":"Point","coordinates":[106.402517,9.880945]},"properties":{"Họ và tên":"Phạm Minh Tâm","Tên Đại Lý":"CH VTNN Phượng Mai","Địa chỉ đại lý":"Ngãi Xuyên, Trà Cú","layer_id":263,"fid":823,"label":"CH VTNN Phượng Mai"}},{"type":"Feature","id":950,"geometry":{"type":"Point","coordinates":[10.1872,106.3214]},"properties":{"Họ và tên":"HÀ LÊ DUY AN","Tên Đại Lý":"CỬA HÀNG VẬT TƯ NÔNG NGHIỆP 199","Địa chỉ đại lý":"Số 215D, ấp Thạnh Hựu, xã Tam Phước","layer_id":263,"fid":950,"label":"CỬA HÀNG VẬT TƯ NÔNG NGHIỆP 199"}},{"type":"Feature","id":824,"geometry":{"type":"Point","coordinates":[106.324888,9.921319]},"properties":{"Họ và tên":"Phạm Minh Thắng","Tên Đại Lý":"CH VTNN Bảy Thắng","Địa chỉ đại lý":"Thanh Mỹ, Châu Thành","layer_id":263,"fid":824,"label":"CH VTNN Bảy Thắng"}},{"type":"Feature","id":951,"geometry":{"type":"Point","coordinates":[10.1123,106.5245]},"properties":{"Họ và tên":"HÀ THANH BÉ TÁM","Tên Đại Lý":"Hộ kinh doanh \nHà Thanh Bé Tám","Địa chỉ đại lý":"ấp 4, xã Sơn Đông","layer_id":263,"fid":951,"label":"Hộ kinh doanh \nHà Thanh Bé Tám"}},{"type":"Feature","id":825,"geometry":{"type":"Point","coordinates":[106.324888,9.921319]},"properties":{"Họ và tên":"Phạm Minh Thắng","Tên Đại Lý":"CH VTNN Bảy Thắng","Địa chỉ đại lý":"Thanh Mỹ, Châu Thành","layer_id":263,"fid":825,"label":"CH VTNN Bảy Thắng"}},{"type":"Feature","id":826,"geometry":{"type":"Point","coordinates":[106.324888,9.921319]},"properties":{"Họ và tên":"Phạm Quốc Công","Tên Đại Lý":"CH VTNN Thiên Thư","Địa chỉ đại lý":"Long Hòa, Châu Thành","layer_id":263,"fid":826,"label":"CH VTNN Thiên Thư"}},{"type":"Feature","id":952,"geometry":{"type":"Point","coordinates":[10.2524,106.353]},"properties":{"Họ và tên":"HÀ THỊ XUÂN ĐÀO ","Tên Đại Lý":"Địa điểm kinh doanh \nCông ty TNHH XNK Phúc Thành Khang 07","Địa chỉ đại lý":"ấp Chợ, \nxã Phú Phụng","layer_id":263,"fid":952,"label":"Địa điểm kinh doanh \nCông ty TNHH XNK Phúc Thành Khang 07"}},{"type":"Feature","id":827,"geometry":{"type":"Point","coordinates":[106.529341,9.771618]},"properties":{"Họ và tên":"Phạm Tấn Bửu","Tên Đại Lý":"Cửa hàng VTNN Hạnh","Địa chỉ đại lý":"ấp Bến Kinh, xã Mỹ Long Bắc, huyện Cầu Ngang","layer_id":263,"fid":827,"label":"Cửa hàng VTNN Hạnh"}},{"type":"Feature","id":953,"geometry":{"type":"Point","coordinates":[10.1264,106.3158]},"properties":{"Họ và tên":"HỒ ĐĂNG KHÁNH","Tên Đại Lý":"HỘ KINH DOANH HỒ ĐĂNG KHÁNH","Địa chỉ đại lý":"Số 18/2, ấp Thạnh A, xã Tân Phong","layer_id":263,"fid":953,"label":"HỘ KINH DOANH HỒ ĐĂNG KHÁNH"}},{"type":"Feature","id":828,"geometry":{"type":"Point","coordinates":[106.155708,9.948281]},"properties":{"Họ và tên":"Phạm Tấn Thắng","Tên Đại Lý":"CH VTNN Nông Dược","Địa chỉ đại lý":"Hùng Hòa, Tiểu Cần","layer_id":263,"fid":828,"label":"CH VTNN Nông Dược"}},{"type":"Feature","id":954,"geometry":{"type":"Point","coordinates":[10.2583,106.1821]},"properties":{"Họ và tên":"Hộ kinh doanh Bửu Ngân","Tên Đại Lý":"Hộ kinh doanh \nBửu Ngân","Địa chỉ đại lý":"ấp Thạnh Hưng A,\n xã Thạnh Hải","layer_id":263,"fid":954,"label":"Hộ kinh doanh \nBửu Ngân"}},{"type":"Feature","id":829,"geometry":{"type":"Point","coordinates":[106.155708,9.948281]},"properties":{"Họ và tên":"Phạm Tấn Thắng","Tên Đại Lý":"Cửa hàng VTNN Thanh Xuân","Địa chỉ đại lý":"Hùng Hòa, Tiểu Cần","layer_id":263,"fid":829,"label":"Cửa hàng VTNN Thanh Xuân"}},{"type":"Feature","id":955,"geometry":{"type":"Point","coordinates":[10.1712,106.2754]},"properties":{"Họ và tên":"HỒ MINH THANH","Tên Đại Lý":"Hộ kinh doanh  Thanh Mai","Địa chỉ đại lý":"ấp Thanh Yên, \nxã Tân Thiềng","layer_id":263,"fid":955,"label":"Hộ kinh doanh  Thanh Mai"}},{"type":"Feature","id":830,"geometry":{"type":"Point","coordinates":[106.155708,9.948281]},"properties":{"Họ và tên":"Phạm Thanh Giàu","Tên Đại Lý":"CH VTNN Giàu","Địa chỉ đại lý":"Định Hòa, Tiểu Cần","layer_id":263,"fid":830,"label":"CH VTNN Giàu"}},{"type":"Feature","id":831,"geometry":{"type":"Point","coordinates":[106.155708,9.948281]},"properties":{"Họ và tên":"Phạm Thanh Giàu","Tên Đại Lý":"CH VTNN Giàu","Địa chỉ đại lý":"Định Hòa, Tiểu Cần","layer_id":263,"fid":831,"label":"CH VTNN Giàu"}},{"type":"Feature","id":956,"geometry":{"type":"Point","coordinates":[10.1425,106.291]},"properties":{"Họ và tên":"HỒ NHƯ THỦY","Tên Đại Lý":"Hộ kinh doanh  Tấn Tài","Địa chỉ đại lý":"ấp Lân Nam, \nxã Phú Sơn","layer_id":263,"fid":956,"label":"Hộ kinh doanh  Tấn Tài"}},{"type":"Feature","id":832,"geometry":{"type":"Point","coordinates":[106.324888,9.921319]},"properties":{"Họ và tên":"Phạm Thanh Hiệp","Tên Đại Lý":"CH VTNN Phú Quý","Địa chỉ đại lý":"Nguyệt Hóa, Châu Thành","layer_id":263,"fid":832,"label":"CH VTNN Phú Quý"}},{"type":"Feature","id":957,"geometry":{"type":"Point","coordinates":[10.1872,106.3214]},"properties":{"Họ và tên":"HỒ THANH CƯỜNG","Tên Đại Lý":"Hộ kinh doanh Hồ Thanh Cường (Minh Châu)","Địa chỉ đại lý":"Số 70/PT, ấp Phước Thạnh, xã Phước Ngãi","layer_id":263,"fid":957,"label":"Hộ kinh doanh Hồ Thanh Cường (Minh Châu)"}},{"type":"Feature","id":833,"geometry":{"type":"Point","coordinates":[106.402517,9.880945]},"properties":{"Họ và tên":"Phạm Thanh Nhân","Tên Đại Lý":"CH VTNN Kim Phước","Địa chỉ đại lý":"Nhị Trường, Cầu Ngang","layer_id":263,"fid":833,"label":"CH VTNN Kim Phước"}},{"type":"Feature","id":958,"geometry":{"type":"Point","coordinates":[10.2365,106.4711]},"properties":{"Họ và tên":"HỒ THANH NGÂN","Tên Đại Lý":"HỘ KINH DOANH THUỐC BẢO VỆ THỰC VẬT THANH TRÚC","Địa chỉ đại lý":"Số 71, ấp Mỹ Quý, xã Tân Xuân","layer_id":263,"fid":958,"label":"HỘ KINH DOANH THUỐC BẢO VỆ THỰC VẬT THANH TRÚC"}},{"type":"Feature","id":959,"geometry":{"type":"Point","coordinates":[10.2312,106.4685]},"properties":{"Họ và tên":"HỒ THỊ HẬU","Tên Đại Lý":"HỘ KINH DOANH CÔNG HẬU","Địa chỉ đại lý":"Số 18/2  ấp Xương Hoà II, xã Thới Thạnh","layer_id":263,"fid":959,"label":"HỘ KINH DOANH CÔNG HẬU"}},{"type":"Feature","id":834,"geometry":{"type":"Point","coordinates":[106.262451,9.929845]},"properties":{"Họ và tên":"Phạm Thị Hồng","Tên Đại Lý":"Cửa hàng VTNN Nông Phát","Địa chỉ đại lý":"ấp Tà Âm, xã Đôn Xuân, huyện Duyên Hải, TV","layer_id":263,"fid":834,"label":"Cửa hàng VTNN Nông Phát"}},{"type":"Feature","id":835,"geometry":{"type":"Point","coordinates":[106.155708,9.948281]},"properties":{"Họ và tên":"Phạm Thị Kim Thoa","Tên Đại Lý":"Cửa hàng VTNN Dũng Thoa","Địa chỉ đại lý":"Hùng Hòa, Tiểu Cần","layer_id":263,"fid":835,"label":"Cửa hàng VTNN Dũng Thoa"}},{"type":"Feature","id":960,"geometry":{"type":"Point","coordinates":[10.0468,106.5912]},"properties":{"Họ và tên":"HỒ THỊ TEM","Tên Đại Lý":"Hộ kinh doanh  Văn Hây","Địa chỉ đại lý":"ấp Tân Điền 2, \nxã Sơn Phú","layer_id":263,"fid":960,"label":"Hộ kinh doanh  Văn Hây"}},{"type":"Feature","id":961,"geometry":{"type":"Point","coordinates":[10.1512,106.3421]},"properties":{"Họ và tên":"HỒ THỊ THÙY DƯƠNG","Tên Đại Lý":"Hộ kinh doanh \nThùy Dương","Địa chỉ đại lý":"Số 752/1, ấp Chợ, xã Phú Phụng","layer_id":263,"fid":961,"label":"Hộ kinh doanh \nThùy Dương"}},{"type":"Feature","id":962,"geometry":{"type":"Point","coordinates":[10.1872,106.3214]},"properties":{"Họ và tên":"HỒ VĂN CHƯƠNG","Tên Đại Lý":"Công ty TNHH Tiến Phát – Hoa Kỳ","Địa chỉ đại lý":"435/64, ấp Nhơn Phú,\n xã Hòa Nghĩa","layer_id":263,"fid":962,"label":"Công ty TNHH Tiến Phát – Hoa Kỳ"}},{"type":"Feature","id":963,"geometry":{"type":"Point","coordinates":[10.0355,106.5872]},"properties":{"Họ và tên":"HỒ VĂN LẮM","Tên Đại Lý":"Cửa hàng vật tư nông nghiệp Chín Lắm","Địa chỉ đại lý":"Số 151, ấp Phú Thạnh, xã Phú Lễ, huyện Ba Tri","layer_id":263,"fid":963,"label":"Cửa hàng vật tư nông nghiệp Chín Lắm"}},{"type":"Feature","id":964,"geometry":{"type":"Point","coordinates":[10.1245,106.3112]},"properties":{"Họ và tên":"HỒ VĂN LẬP","Tên Đại Lý":"Cửa hàng VTNN  Hồ Lập","Địa chỉ đại lý":"ấp Phước Hậu,\n xã Tam Phước","layer_id":263,"fid":964,"label":"Cửa hàng VTNN  Hồ Lập"}},{"type":"Feature","id":970,"geometry":{"type":"Point","coordinates":[10.1425,106.291]},"properties":{"Họ và tên":"HUỲNH ĐẠT","Tên Đại Lý":"HỘ KINH DOANH CƠ SỞ SẢN XUẤT THƯƠNG MẠI PHƯƠNG ĐẠT.","Địa chỉ đại lý":"Thửa đất số 5, tờ bản đồ số 26, ấp Tân Đông, xã Tân Phú","layer_id":263,"fid":970,"label":"HỘ KINH DOANH CƠ SỞ SẢN XUẤT THƯƠNG MẠI PHƯƠNG ĐẠT."}},{"type":"Feature","id":971,"geometry":{"type":"Point","coordinates":[10.2714,106.3255]},"properties":{"Họ và tên":"HUỲNH ĐÌNH TRƯỜNG","Tên Đại Lý":"Hộ kinh doanh  Sáu Thành","Địa chỉ đại lý":"ấp Tân Thông 2, \nxã Tân Thanh","layer_id":263,"fid":971,"label":"Hộ kinh doanh  Sáu Thành"}},{"type":"Feature","id":972,"geometry":{"type":"Point","coordinates":[10.0245,106.5821]},"properties":{"Họ và tên":"HUỲNH ĐỨC ANH","Tên Đại Lý":"Hộ kinh doanh  Năm Nghĩa","Địa chỉ đại lý":"ấp Tân Điểm, \nxã Tân Xuân","layer_id":263,"fid":972,"label":"Hộ kinh doanh  Năm Nghĩa"}},{"type":"Feature","id":973,"geometry":{"type":"Point","coordinates":[10.2154,106.2415]},"properties":{"Họ và tên":"HUỲNH HÙNG THÀNH","Tên Đại Lý":"Hộ kinh doanh \nPhi Khanh","Địa chỉ đại lý":"295,  Ấp Phú Long, xã Phú Đức","layer_id":263,"fid":973,"label":"Hộ kinh doanh \nPhi Khanh"}},{"type":"Feature","id":974,"geometry":{"type":"Point","coordinates":[10.2552,106.3568]},"properties":{"Họ và tên":"HUỲNH HỮU PHƯỚC","Tên Đại Lý":"Hộ kinh doanh \nSáu Phước","Địa chỉ đại lý":"Thửa đất số 278, tờ bản đồ số 06, tổ NDTQ số 1A, ấp 2, xã Phú Nhuận","layer_id":263,"fid":974,"label":"Hộ kinh doanh \nSáu Phước"}},{"type":"Feature","id":975,"geometry":{"type":"Point","coordinates":[10.2785,106.3842]},"properties":{"Họ và tên":"HUỲNH MINH THẮNG","Tên Đại Lý":"HỘ KINH DOANH HUỲNH MINH THẮNG.","Địa chỉ đại lý":"Số 303, tổ 05, ấp Phú Lợi Hạ, xã An Định","layer_id":263,"fid":975,"label":"HỘ KINH DOANH HUỲNH MINH THẮNG."}},{"type":"Feature","id":976,"geometry":{"type":"Point","coordinates":[10.3012,106.4154]},"properties":{"Họ và tên":"HUỲNH MINH THƯ","Tên Đại Lý":"Hộ kinh doanh VTNN Huỳnh Minh Thư","Địa chỉ đại lý":"ấp Phú Lợi Thượng, xã An Định","layer_id":263,"fid":976,"label":"Hộ kinh doanh VTNN Huỳnh Minh Thư"}},{"type":"Feature","id":977,"geometry":{"type":"Point","coordinates":[10.1512,106.3421]},"properties":{"Họ và tên":"HUỲNH NGỌC LÝ","Tên Đại Lý":"Hộ kinh doanh  Ngọc Tuyền","Địa chỉ đại lý":"ấp Thạnh Lợi, \nxã Thạnh Phong","layer_id":263,"fid":977,"label":"Hộ kinh doanh  Ngọc Tuyền"}},{"type":"Feature","id":978,"geometry":{"type":"Point","coordinates":[10.1872,106.3214]},"properties":{"Họ và tên":"HUỲNH NGỌC XUÂN","Tên Đại Lý":"HỘ KINH DOANH CỬA HÀNG VẬT TƯ NÔNG NGHIỆP PHƯƠNG ĐẠT 2","Địa chỉ đại lý":"Số 268 A, khu phố Chánh, thị trấn Tiên Thuỷ","layer_id":263,"fid":978,"label":"HỘ KINH DOANH CỬA HÀNG VẬT TƯ NÔNG NGHIỆP PHƯƠNG ĐẠT 2"}},{"type":"Feature","id":979,"geometry":{"type":"Point","coordinates":[10.0355,106.5872]},"properties":{"Họ và tên":"HUỲNH SƠN PHONG","Tên Đại Lý":"HỘ KINH DOANH HUỲNH SƠN PHONG (Đại lý phân bón ấp 5)","Địa chỉ đại lý":"Số 274, ấp Sơn Thuận, xã Sơn Phú","layer_id":263,"fid":979,"label":"HỘ KINH DOANH HUỲNH SƠN PHONG (Đại lý phân bón ấp 5)"}},{"type":"Feature","id":980,"geometry":{"type":"Point","coordinates":[10.1245,106.3112]},"properties":{"Họ và tên":"HUỲNH TẤN KIỆT","Tên Đại Lý":"Hộ kinh doanh \nThuý Kiệt","Địa chỉ đại lý":"Số 848, ấp Tân Lợi, xã Tân Thanh","layer_id":263,"fid":980,"label":"Hộ kinh doanh \nThuý Kiệt"}},{"type":"Feature","id":981,"geometry":{"type":"Point","coordinates":[10.2458,106.2145]},"properties":{"Họ và tên":"HUỲNH TẤN PHÁT","Tên Đại Lý":"Hộ kinh doanh \nNam Phát","Địa chỉ đại lý":"Số 357P A, ấp Hoà Trung, xã Sơn Hoà","layer_id":263,"fid":981,"label":"Hộ kinh doanh \nNam Phát"}},{"type":"Feature","id":982,"geometry":{"type":"Point","coordinates":[10.0163,106.6027]},"properties":{"Họ và tên":"HUỲNH THANH KHIẾT","Tên Đại Lý":"Hộ kinh doanh HUỲNH THANH KHIẾT (BẢY DŨNG)","Địa chỉ đại lý":"Số 182, ấp Bình An, xã Bình Thành","layer_id":263,"fid":982,"label":"Hộ kinh doanh HUỲNH THANH KHIẾT (BẢY DŨNG)"}},{"type":"Feature","id":983,"geometry":{"type":"Point","coordinates":[10.0381,106.5624]},"properties":{"Họ và tên":"HUỲNH THỊ BÍCH THUỶ","Tên Đại Lý":"HỘ KINH DOANH TÁM XÊ","Địa chỉ đại lý":"Số 42/3, ấp Xương Thạnh A, xã Thới Thạnh","layer_id":263,"fid":983,"label":"HỘ KINH DOANH TÁM XÊ"}},{"type":"Feature","id":984,"geometry":{"type":"Point","coordinates":[10.3347,106.2618]},"properties":{"Họ và tên":"HUỲNH THỊ HỒNG NHUNG","Tên Đại Lý":"Hộ kinh doanh  Năm Dũng","Địa chỉ đại lý":"ấp Phú Long, \nxã Long Đinh","layer_id":263,"fid":984,"label":"Hộ kinh doanh  Năm Dũng"}},{"type":"Feature","id":985,"geometry":{"type":"Point","coordinates":[10.1872,106.3214]},"properties":{"Họ và tên":"HUỲNH THỊ MỸ DUNG","Tên Đại Lý":"Hộ kinh doanh \nHuỳnh Thị Mỹ Dung","Địa chỉ đại lý":"Số 310/83, ấp Trung Hiệp, xã Hưng Khánh Trung B","layer_id":263,"fid":985,"label":"Hộ kinh doanh \nHuỳnh Thị Mỹ Dung"}},{"type":"Feature","id":986,"geometry":{"type":"Point","coordinates":[10.1512,106.3421]},"properties":{"Họ và tên":"HUỲNH THỊ THU THẢO","Tên Đại Lý":"HỘ KINH DOANH THẢO PHU","Địa chỉ đại lý":"Số 334/38, ấp Thanh Trung, xã Hưng Khánh Trung B","layer_id":263,"fid":986,"label":"HỘ KINH DOANH THẢO PHU"}},{"type":"Feature","id":987,"geometry":{"type":"Point","coordinates":[10.1872,106.3214]},"properties":{"Họ và tên":"HUỲNH THỊ THÙY QUYÊN ","Tên Đại Lý":"Hộ kinh doanh VTNN Tèo","Địa chỉ đại lý":"ấp An Phong, \nxã An Thạnh","layer_id":263,"fid":987,"label":"Hộ kinh doanh VTNN Tèo"}},{"type":"Feature","id":1127,"geometry":{"type":"Point","coordinates":[10.1418,106.2905]},"properties":{"Họ và tên":"NGUYỄN NHẬT THÀNH ","Tên Đại Lý":"Hộ kinh doanh\n  Lành","Địa chỉ đại lý":"ấp Sân Banh, \nxã Thới Lai","layer_id":263,"fid":1127,"label":"Hộ kinh doanh\n  Lành"}},{"type":"Feature","id":988,"geometry":{"type":"Point","coordinates":[10.0355,106.5872]},"properties":{"Họ và tên":"HUỲNH THỊ THÙY TRANG","Tên Đại Lý":"Chi nhánh công ty cổ phần GOLAD AGRI","Địa chỉ đại lý":"ấp 2, xã Sơn Phú","layer_id":263,"fid":988,"label":"Chi nhánh công ty cổ phần GOLAD AGRI"}},{"type":"Feature","id":989,"geometry":{"type":"Point","coordinates":[10.1245,106.3112]},"properties":{"Họ và tên":"HUỲNH THỊ TUYẾT DUYÊN","Tên Đại Lý":"HỘ KINH DOANH HUỲNH THỊ TUYẾT DUYÊN (MỸ DUYÊN)","Địa chỉ đại lý":"Số 108, tổ 24, ấp Hội Thành, xã Tân Hội","layer_id":263,"fid":989,"label":"HỘ KINH DOANH HUỲNH THỊ TUYẾT DUYÊN (MỸ DUYÊN)"}},{"type":"Feature","id":990,"geometry":{"type":"Point","coordinates":[10.2458,106.2145]},"properties":{"Họ và tên":"HUỲNH THỊ YẾN NHI","Tên Đại Lý":"HỘ KINH DOANH CỬA HÀNG PHÂN BÓN, THUỐC BẢO VỆ THỰC VẬT HUỲNH TRÍ","Địa chỉ đại lý":"Số 256/AP, ấp An Phú, xã An Bình Tây","layer_id":263,"fid":990,"label":"HỘ KINH DOANH CỬA HÀNG PHÂN BÓN, THUỐC BẢO VỆ THỰC VẬT HUỲNH TRÍ"}},{"type":"Feature","id":991,"geometry":{"type":"Point","coordinates":[10.0163,106.6027]},"properties":{"Họ và tên":"HUỲNH VĂN HẢI","Tên Đại Lý":"Hộ kinh doanh \nHuỳnh Hải","Địa chỉ đại lý":"Số nhà 18, Khu phố 2, thị trấn Châu Thành","layer_id":263,"fid":991,"label":"Hộ kinh doanh \nHuỳnh Hải"}},{"type":"Feature","id":992,"geometry":{"type":"Point","coordinates":[10.0381,106.5624]},"properties":{"Họ và tên":"HUỲNH VĂN HỒI","Tên Đại Lý":"Hộ kinh doanh vVTNN Huỳnh Văn Hồi","Địa chỉ đại lý":"ấp An Điền Lớn,\n xã An Hiệp","layer_id":263,"fid":992,"label":"Hộ kinh doanh vVTNN Huỳnh Văn Hồi"}},{"type":"Feature","id":993,"geometry":{"type":"Point","coordinates":[10.3347,106.2618]},"properties":{"Họ và tên":"HUỲNH VĂN MINH","Tên Đại Lý":"HỘ KINH DOANH HUỲNH VĂN MINH (HUỲNH MINH)","Địa chỉ đại lý":"Thửa đất 394, tờ bản đồ số 17, ấp Đinh Lễ, xã Phú Đức","layer_id":263,"fid":993,"label":"HỘ KINH DOANH HUỲNH VĂN MINH (HUỲNH MINH)"}},{"type":"Feature","id":994,"geometry":{"type":"Point","coordinates":[10.2215,106.3142]},"properties":{"Họ và tên":"HUỲNH VĂN PHONG","Tên Đại Lý":"Hộ kinh doanh  Trần Văn Ánh","Địa chỉ đại lý":"số 4, ấp 2, xã\n An Khánh","layer_id":263,"fid":994,"label":"Hộ kinh doanh  Trần Văn Ánh"}},{"type":"Feature","id":995,"geometry":{"type":"Point","coordinates":[10.1425,106.291]},"properties":{"Họ và tên":"KHỔNG THỊ BẠCH HUỆ","Tên Đại Lý":"Cửa hàng vật tư nông nghiệp Út Huệ","Địa chỉ đại lý":"Số 306/PT, ấp Phú Thạnh, xã Phước Ngãi","layer_id":263,"fid":995,"label":"Cửa hàng vật tư nông nghiệp Út Huệ"}},{"type":"Feature","id":996,"geometry":{"type":"Point","coordinates":[10.2714,106.3255]},"properties":{"Họ và tên":"LA CHẤN PHƯƠNG","Tên Đại Lý":"Hộ kinh doanh VTNN La Chấn Phương","Địa chỉ đại lý":"ấp Chợ, \nxã Thành Triệu","layer_id":263,"fid":996,"label":"Hộ kinh doanh VTNN La Chấn Phương"}},{"type":"Feature","id":997,"geometry":{"type":"Point","coordinates":[10.0245,106.5821]},"properties":{"Họ và tên":"LA HÙNG LINH","Tên Đại Lý":"Hộ kinh doanh \nLa Hùng Linh","Địa chỉ đại lý":"Số 714, ấp Tân Thị, xã Tân Hào","layer_id":263,"fid":997,"label":"Hộ kinh doanh \nLa Hùng Linh"}},{"type":"Feature","id":998,"geometry":{"type":"Point","coordinates":[10.2154,106.2415]},"properties":{"Họ và tên":"LÂM HOÀNG TUẤN","Tên Đại Lý":"Hộ kinh doanh  Hoàng Ưng -Hồng Giang 2","Địa chỉ đại lý":"ấp Đại An, \nxã Hòa Nghĩa","layer_id":263,"fid":998,"label":"Hộ kinh doanh  Hoàng Ưng -Hồng Giang 2"}},{"type":"Feature","id":999,"geometry":{"type":"Point","coordinates":[10.2552,106.3568]},"properties":{"Họ và tên":"LÂM KHẮC HUY","Tên Đại Lý":"Hộ kinh doanh Lâm Huệ","Địa chỉ đại lý":"Thửa đất số 130-131, tờ bản đồ số 36, ấp Thạnh An, xã Thạnh Hải","layer_id":263,"fid":999,"label":"Hộ kinh doanh Lâm Huệ"}},{"type":"Feature","id":1000,"geometry":{"type":"Point","coordinates":[10.2785,106.3842]},"properties":{"Họ và tên":"LÂM VĂN TRAI","Tên Đại Lý":"Hộ kinh doanh \nLâm Huệ 4","Địa chỉ đại lý":"Ấp An Thạnh, xã Thạnh Hải","layer_id":263,"fid":1000,"label":"Hộ kinh doanh \nLâm Huệ 4"}},{"type":"Feature","id":1001,"geometry":{"type":"Point","coordinates":[10.3012,106.4154]},"properties":{"Họ và tên":"LÊ ANH BẰNG","Tên Đại Lý":"Hộ kinh doanh \nMười Xuân","Địa chỉ đại lý":"Số 470, ấp Xóm Mới, xã Mỹ Hòa","layer_id":263,"fid":1001,"label":"Hộ kinh doanh \nMười Xuân"}},{"type":"Feature","id":1002,"geometry":{"type":"Point","coordinates":[10.1512,106.3421]},"properties":{"Họ và tên":"LÊ BÁ ĐẠT","Tên Đại Lý":"Hộ kinh doanh \nVTNN Toàn Đạt","Địa chỉ đại lý":"Số 363, ấp An Lộc Thị, xã An Thạnh","layer_id":263,"fid":1002,"label":"Hộ kinh doanh \nVTNN Toàn Đạt"}},{"type":"Feature","id":1003,"geometry":{"type":"Point","coordinates":[10.1872,106.3214]},"properties":{"Họ và tên":"LÊ ĐÌNH VĂN","Tên Đại Lý":"Địa điểm kinh doanh cửa hành Thái Bình Cửu Long 02 – Công ty TNHH MTV Thái Bình Cửu Long","Địa chỉ đại lý":"Thửa đất số 397, tờ bản đồ số 18, ấp Tân Bắc, xã Tân Phú","layer_id":263,"fid":1003,"label":"Địa điểm kinh doanh cửa hành Thái Bình Cửu Long 02 – Công ty TNHH MTV Thái Bình Cửu Long"}},{"type":"Feature","id":1004,"geometry":{"type":"Point","coordinates":[10.0355,106.5872]},"properties":{"Họ và tên":"LÊ HOÀNG BÁ","Tên Đại Lý":"CÔNG TY TNHH DỊCH VỤ THƯƠNG MẠI SÔNG MIỀN TÂY","Địa chỉ đại lý":"Thửa đất số 76, tờ bản đồ số 21, ấp Phú Bình, xã Vĩnh Bình","layer_id":263,"fid":1004,"label":"CÔNG TY TNHH DỊCH VỤ THƯƠNG MẠI SÔNG MIỀN TÂY"}},{"type":"Feature","id":1005,"geometry":{"type":"Point","coordinates":[10.1245,106.3112]},"properties":{"Họ và tên":"Lê Hoàng Chương","Tên Đại Lý":"Địa điểm kinh doanh số 09-Phú Sơn-Chợ Lách-Bến Tre-Công ty TNHH phát triển nông nghiệp bền vững Long Khải Vân","Địa chỉ đại lý":null,"layer_id":263,"fid":1005,"label":"Địa điểm kinh doanh số 09-Phú Sơn-Chợ Lách-Bến Tre-Công ty TNHH phát triển nông nghiệp bền vững Long Khải Vân"}},{"type":"Feature","id":1006,"geometry":{"type":"Point","coordinates":[10.2458,106.2145]},"properties":{"Họ và tên":"LÊ HOÀNG DUY KHƯƠNG","Tên Đại Lý":"Hộ kinh doanh \n","Địa chỉ đại lý":"Số nhà 218/85, ấp Hòa An, xã Long Thới","layer_id":263,"fid":1006,"label":"Hộ kinh doanh \n"}},{"type":"Feature","id":1007,"geometry":{"type":"Point","coordinates":[10.0163,106.6027]},"properties":{"Họ và tên":"LÊ HOÀNG NHÂN ","Tên Đại Lý":"Hộ kinh doanh Lê Hoàng Nhân","Địa chỉ đại lý":"số 281/33, ấp Vĩnh Hiệp, xã Vĩnh Thành","layer_id":263,"fid":1007,"label":"Hộ kinh doanh Lê Hoàng Nhân"}},{"type":"Feature","id":1008,"geometry":{"type":"Point","coordinates":[10.0381,106.5624]},"properties":{"Họ và tên":"LÊ HỒNG NGỌC ANH","Tên Đại Lý":"CÔNG TY TNHH MTV- XNK NÔNG NGHIỆP ĐĂNG ANH","Địa chỉ đại lý":"Số 605 B5, khu phố 3, phường Phú Khương","layer_id":263,"fid":1008,"label":"CÔNG TY TNHH MTV- XNK NÔNG NGHIỆP ĐĂNG ANH"}},{"type":"Feature","id":1009,"geometry":{"type":"Point","coordinates":[10.3347,106.2618]},"properties":{"Họ và tên":"LÊ HỒNG VŨ","Tên Đại Lý":"Hộ kinh doanh \nLê Hồng Vũ","Địa chỉ đại lý":"Tổ 15- ấp Thừa Trung, xã Thừa Đức","layer_id":263,"fid":1009,"label":"Hộ kinh doanh \nLê Hồng Vũ"}},{"type":"Feature","id":1010,"geometry":{"type":"Point","coordinates":[10.2215,106.3142]},"properties":{"Họ và tên":"LÊ KIẾN QUỐC","Tên Đại Lý":"Công ty TNHH Thương Mại Sản Xuất Nhật Quang","Địa chỉ đại lý":"Tờ bản đồ số 02, thửa đất số 161, 162, 1293, tỉnh Lộ 884, thị trấn Tiên Thuỷ","layer_id":263,"fid":1010,"label":"Công ty TNHH Thương Mại Sản Xuất Nhật Quang"}},{"type":"Feature","id":1011,"geometry":{"type":"Point","coordinates":[10.1425,106.291]},"properties":{"Họ và tên":"LÊ KIẾN TRÚC","Tên Đại Lý":"Hộ kinh doanh \nKiến Trúc","Địa chỉ đại lý":"Thửa đất số 27, tờ bản đồ số 3-2, ấp An Thạnh A, xã Mỹ Thạnh An","layer_id":263,"fid":1011,"label":"Hộ kinh doanh \nKiến Trúc"}},{"type":"Feature","id":1012,"geometry":{"type":"Point","coordinates":[10.2714,106.3255]},"properties":{"Họ và tên":"LÊ LONG HỒ","Tên Đại Lý":"Hộ kinh doanh \nÚt Hạnh","Địa chỉ đại lý":"Số 175, tổ NDTQ soos, ấp Hưng Bình, xã Hưng Nhượng","layer_id":263,"fid":1012,"label":"Hộ kinh doanh \nÚt Hạnh"}},{"type":"Feature","id":1013,"geometry":{"type":"Point","coordinates":[10.0245,106.5821]},"properties":{"Họ và tên":"LÊ MINH KHÔI","Tên Đại Lý":"Hộ kinh doanh  Nông Tín Phát","Địa chỉ đại lý":"số 211, ấp Mỹ Thạnh,\n xã Long Mỹ","layer_id":263,"fid":1013,"label":"Hộ kinh doanh  Nông Tín Phát"}},{"type":"Feature","id":1014,"geometry":{"type":"Point","coordinates":[10.2154,106.2415]},"properties":{"Họ và tên":"LÊ MINH MẪN","Tên Đại Lý":"Địa điểm kinh doanh CÔNG TY TNHH XNK A7 GROUP ","Địa chỉ đại lý":"Thửa đất số 571, tờ bản đồ số 4, ấp Long Thuận, xã Sơn Phú","layer_id":263,"fid":1014,"label":"Địa điểm kinh doanh CÔNG TY TNHH XNK A7 GROUP "}},{"type":"Feature","id":1015,"geometry":{"type":"Point","coordinates":[10.2552,106.3568]},"properties":{"Họ và tên":"LÊ MINH NHỰT","Tên Đại Lý":"Hộ kinh doanh  Minh Nhựt","Địa chỉ đại lý":"ấp 2, xã Tam Hiệp","layer_id":263,"fid":1015,"label":"Hộ kinh doanh  Minh Nhựt"}},{"type":"Feature","id":1016,"geometry":{"type":"Point","coordinates":[10.2785,106.3842]},"properties":{"Họ và tên":"LÊ MINH TẤN","Tên Đại Lý":"HỘ KINH DOANH LÊ MINH TẤN (NĂM TRIỆU)","Địa chỉ đại lý":"Số 309/68, ấp Long Quới, xã Long Thới","layer_id":263,"fid":1016,"label":"HỘ KINH DOANH LÊ MINH TẤN (NĂM TRIỆU)"}},{"type":"Feature","id":1017,"geometry":{"type":"Point","coordinates":[10.3012,106.4154]},"properties":{"Họ và tên":"LÊ MINH TRÍ","Tên Đại Lý":"Hộ kinh doanh  Cường Thanh","Địa chỉ đại lý":"580/63, ấp Long Hiệp,\n xã Hòa Nghĩa","layer_id":263,"fid":1017,"label":"Hộ kinh doanh  Cường Thanh"}},{"type":"Feature","id":1018,"geometry":{"type":"Point","coordinates":[10.1512,106.3421]},"properties":{"Họ và tên":"LÊ NGỌC THẢO","Tên Đại Lý":"HỘ KINH DOANH LÊ NGỌC THẢO","Địa chỉ đại lý":"Thửa đất số 6, tờ bản đồ số 26, ấp Bình Phú, xã Bình Thành","layer_id":263,"fid":1018,"label":"HỘ KINH DOANH LÊ NGỌC THẢO"}},{"type":"Feature","id":1019,"geometry":{"type":"Point","coordinates":[10.1872,106.3214]},"properties":{"Họ và tên":"LÊ PHÁT LỘC","Tên Đại Lý":"Hộ kinh doanh  Phát Lộc","Địa chỉ đại lý":"ấp Chánh, xã Tiên Thủy","layer_id":263,"fid":1019,"label":"Hộ kinh doanh  Phát Lộc"}},{"type":"Feature","id":1020,"geometry":{"type":"Point","coordinates":[10.0355,106.5872]},"properties":{"Họ và tên":"LÊ PHONG VŨ","Tên Đại Lý":"HỘ KINH DOANH LÊ PHONG VŨ (VŨ)","Địa chỉ đại lý":"Số 58/72, ấp Quân Bình, xã Tân Thiềng","layer_id":263,"fid":1020,"label":"HỘ KINH DOANH LÊ PHONG VŨ (VŨ)"}},{"type":"Feature","id":1021,"geometry":{"type":"Point","coordinates":[10.1245,106.3112]},"properties":{"Họ và tên":"LÊ QUANG HAY","Tên Đại Lý":"HỘ KINH DOANH CỬA HÀNG VẬT TƯ NÔNG NGHIỆP LÊ QUANG HAY","Địa chỉ đại lý":"Số 465/AL, ấp An Lợi, xã An Bình Tây","layer_id":263,"fid":1021,"label":"HỘ KINH DOANH CỬA HÀNG VẬT TƯ NÔNG NGHIỆP LÊ QUANG HAY"}},{"type":"Feature","id":1022,"geometry":{"type":"Point","coordinates":[10.2458,106.2145]},"properties":{"Họ và tên":"LÊ TẤN ĐỨC","Tên Đại Lý":"Hộ kinh doanh VTNN Đức Thủy","Địa chỉ đại lý":"ấp Hòa Thuận,\n xã Vĩnh Bình","layer_id":263,"fid":1022,"label":"Hộ kinh doanh VTNN Đức Thủy"}},{"type":"Feature","id":1023,"geometry":{"type":"Point","coordinates":[10.0163,106.6027]},"properties":{"Họ và tên":"LÊ THÁI BẢO","Tên Đại Lý":"CÔNG TY TNHH CNX AGRI USA","Địa chỉ đại lý":"Số 70/79, ấp Phú Hoà, xã Vĩnh Bình","layer_id":263,"fid":1023,"label":"CÔNG TY TNHH CNX AGRI USA"}},{"type":"Feature","id":1024,"geometry":{"type":"Point","coordinates":[10.0381,106.5624]},"properties":{"Họ và tên":"LÊ THANH HẢI","Tên Đại Lý":"Hộ kinh doanh \nBa Hải","Địa chỉ đại lý":"Số 705, tổ NDTQ số 20, ấp Tân Phước, xã Tân Thanh","layer_id":263,"fid":1024,"label":"Hộ kinh doanh \nBa Hải"}},{"type":"Feature","id":1025,"geometry":{"type":"Point","coordinates":[10.3347,106.2618]},"properties":{"Họ và tên":"LÊ THANH NHẪN ","Tên Đại Lý":"Hộ kinh doanh  Lê Thanh Nhẫn 2","Địa chỉ đại lý":"ấp Chợ, \nxã Phú Phụng","layer_id":263,"fid":1025,"label":"Hộ kinh doanh  Lê Thanh Nhẫn 2"}},{"type":"Feature","id":1026,"geometry":{"type":"Point","coordinates":[10.2215,106.3142]},"properties":{"Họ và tên":"LÊ THANH TUẤN","Tên Đại Lý":"Hộ kinh doanh  Nguyên Khang 2","Địa chỉ đại lý":"ấp 6, xã \nThuận Điền","layer_id":263,"fid":1026,"label":"Hộ kinh doanh  Nguyên Khang 2"}},{"type":"Feature","id":1027,"geometry":{"type":"Point","coordinates":[10.1425,106.291]},"properties":{"Họ và tên":"LÊ THANH TÙNG","Tên Đại Lý":"Địa điểm kinh doanh cửa hàng Thái Bình Cửu Long Số 10","Địa chỉ đại lý":"Số 352A/2, ấp Phụng Đức A, xã Phú Phụng","layer_id":263,"fid":1027,"label":"Địa điểm kinh doanh cửa hàng Thái Bình Cửu Long Số 10"}},{"type":"Feature","id":1028,"geometry":{"type":"Point","coordinates":[10.2714,106.3255]},"properties":{"Họ và tên":"LÊ THANH TÙNG","Tên Đại Lý":"Hộ kinh doanh\nDR TOP 3 ","Địa chỉ đại lý":"Tổ 13- ấp Tân Nam, xã Tân Phú","layer_id":263,"fid":1028,"label":"Hộ kinh doanh\nDR TOP 3 "}},{"type":"Feature","id":1029,"geometry":{"type":"Point","coordinates":[10.0245,106.5821]},"properties":{"Họ và tên":"LÊ THANH VŨ","Tên Đại Lý":"Hộ kinh doanh \nNăm Ngành 3","Địa chỉ đại lý":"ấp Định Thọ, xã Tường Đa","layer_id":263,"fid":1029,"label":"Hộ kinh doanh \nNăm Ngành 3"}},{"type":"Feature","id":1030,"geometry":{"type":"Point","coordinates":[10.2154,106.2415]},"properties":{"Họ và tên":"LÊ THỊ CẨM TIÊN","Tên Đại Lý":"Hộ kinh doanh \nDr Top","Địa chỉ đại lý":"Số 416/81, ấp Phụng Đức, xã Phú Phụng","layer_id":263,"fid":1030,"label":"Hộ kinh doanh \nDr Top"}},{"type":"Feature","id":1031,"geometry":{"type":"Point","coordinates":[10.2552,106.3568]},"properties":{"Họ và tên":"LÊ THỊ CHUỘNG","Tên Đại Lý":"Hộ kinh doanh \nChín Chuộng","Địa chỉ đại lý":"Thửa đất số 592, tờ bản đồ số 14, ấp 2A, xã Nhơn Thạnh","layer_id":263,"fid":1031,"label":"Hộ kinh doanh \nChín Chuộng"}},{"type":"Feature","id":1032,"geometry":{"type":"Point","coordinates":[10.2785,106.3842]},"properties":{"Họ và tên":"LÊ THỊ MỘNG","Tên Đại Lý":"HỘ KINH DOANH LÊ THỊ MỘNG","Địa chỉ đại lý":"Số 148, ấp Tân Nhuận, xã Nhuận Phú Tân","layer_id":263,"fid":1032,"label":"HỘ KINH DOANH LÊ THỊ MỘNG"}},{"type":"Feature","id":1033,"geometry":{"type":"Point","coordinates":[10.3012,106.4154]},"properties":{"Họ và tên":"LÊ THỊ MỸ LỆ","Tên Đại Lý":"Hộ kinh doanh \nThành Đạt","Địa chỉ đại lý":"223/89, ấp Phụng Châu, xã Sơn Định","layer_id":263,"fid":1033,"label":"Hộ kinh doanh \nThành Đạt"}},{"type":"Feature","id":1034,"geometry":{"type":"Point","coordinates":[10.1589,106.2512]},"properties":{"Họ và tên":"LÊ THỊ NGA","Tên Đại Lý":"HỘ KINH DOANH NGỌC ẨN","Địa chỉ đại lý":"Số 237, ấp Chợ, xã Thới Lai","layer_id":263,"fid":1034,"label":"HỘ KINH DOANH NGỌC ẨN"}},{"type":"Feature","id":1035,"geometry":{"type":"Point","coordinates":[10.1456,106.2987]},"properties":{"Họ và tên":"LÊ THỊ NGỌC HIỀN","Tên Đại Lý":"HỘ KINH DOANH LÊ THỊ NGỌC HIỀN (CỬA HÀNG BẢO VỆ THỰC VẬT SỐ 97)","Địa chỉ đại lý":"Số 636/2, ấp 2, xã Sơn Đông","layer_id":263,"fid":1035,"label":"HỘ KINH DOANH LÊ THỊ NGỌC HIỀN (CỬA HÀNG BẢO VỆ THỰC VẬT SỐ 97)"}},{"type":"Feature","id":1036,"geometry":{"type":"Point","coordinates":[10.1712,106.2754]},"properties":{"Họ và tên":"LÊ THỊ PHƯƠNG ĐÀO","Tên Đại Lý":"Hộ kinh doanh \nLê Đơn","Địa chỉ đại lý":"Thửa đất số 117, tờ bản đồ số 30, ấp Sơn Lân, xã Sơn Định","layer_id":263,"fid":1036,"label":"Hộ kinh doanh \nLê Đơn"}},{"type":"Feature","id":1037,"geometry":{"type":"Point","coordinates":[10.1425,106.291]},"properties":{"Họ và tên":"LÊ THỊ THANH NGÂN","Tên Đại Lý":"Hộ kinh doanh Út Lợi","Địa chỉ đại lý":"Số nhà 199, ấp Tân Thuận Trong, xã Tân Phú Tây","layer_id":263,"fid":1037,"label":"Hộ kinh doanh Út Lợi"}},{"type":"Feature","id":1038,"geometry":{"type":"Point","coordinates":[10.1872,106.3214]},"properties":{"Họ và tên":"LÊ THỊ THU HẰNG","Tên Đại Lý":"Hộ kinh doanh  Nhơn","Địa chỉ đại lý":"số 34, ấp Phú Thành, \nxã Phú Hưng","layer_id":263,"fid":1038,"label":"Hộ kinh doanh  Nhơn"}},{"type":"Feature","id":1039,"geometry":{"type":"Point","coordinates":[10.2365,106.4711]},"properties":{"Họ và tên":"LÊ THỊ THỦY NGÂN","Tên Đại Lý":"Hộ kinh doanh  Bảo Ngọc GreenFram","Địa chỉ đại lý":"số 406, ấp Bình Đông 2, \nxã Hương Mỹ","layer_id":263,"fid":1039,"label":"Hộ kinh doanh  Bảo Ngọc GreenFram"}},{"type":"Feature","id":1040,"geometry":{"type":"Point","coordinates":[10.2312,106.4685]},"properties":{"Họ và tên":"LÊ THỊ TIÊN","Tên Đại Lý":"HHộ kinh doanh Lê Thị Tiên","Địa chỉ đại lý":"Số 680/AP, ấp 3 (nay là ấp An Phú), xã An Bình Tây","layer_id":263,"fid":1040,"label":"HHộ kinh doanh Lê Thị Tiên"}},{"type":"Feature","id":1041,"geometry":{"type":"Point","coordinates":[10.0468,106.5912]},"properties":{"Họ và tên":"LÊ TUẤN HẢI","Tên Đại Lý":"Hộ kinh doanh Lê Tuấn Hải","Địa chỉ đại lý":"số 195/TTH, ấp Tân Thuận, xã Tân Xuân","layer_id":263,"fid":1041,"label":"Hộ kinh doanh Lê Tuấn Hải"}},{"type":"Feature","id":1042,"geometry":{"type":"Point","coordinates":[10.1512,106.3421]},"properties":{"Họ và tên":"LÊ VĂN BẰNG","Tên Đại Lý":"Hộ kinh doanh \nLê Văn Bằng","Địa chỉ đại lý":"Số 217, ấp Giồng Quéo, xã An Ngãi Tây","layer_id":263,"fid":1042,"label":"Hộ kinh doanh \nLê Văn Bằng"}},{"type":"Feature","id":1043,"geometry":{"type":"Point","coordinates":[10.1872,106.3214]},"properties":{"Họ và tên":"LÊ VĂN BÚT","Tên Đại Lý":"HỘ KINH DOANH LÊ VĂN BÚT","Địa chỉ đại lý":"Số 106, ấp 3, xã Tam Hiệp","layer_id":263,"fid":1043,"label":"HỘ KINH DOANH LÊ VĂN BÚT"}},{"type":"Feature","id":1044,"geometry":{"type":"Point","coordinates":[10.0355,106.5872]},"properties":{"Họ và tên":"LÊ VĂN CẦM","Tên Đại Lý":"Hộ kinh doanh Lê Văn Cầm","Địa chỉ đại lý":"Số 181-Tổ 1, ấp An Hòa, xã An Bình Tây","layer_id":263,"fid":1044,"label":"Hộ kinh doanh Lê Văn Cầm"}},{"type":"Feature","id":1045,"geometry":{"type":"Point","coordinates":[10.1245,106.3112]},"properties":{"Họ và tên":"LÊ VĂN ĐOÀN","Tên Đại Lý":"Hộ hộ kinh doanh Lê Văn Đoàn ","Địa chỉ đại lý":"khu phố 2, thị trấn Mỏ Cày Nam","layer_id":263,"fid":1045,"label":"Hộ hộ kinh doanh Lê Văn Đoàn "}},{"type":"Feature","id":1046,"geometry":{"type":"Point","coordinates":[10.2458,106.2145]},"properties":{"Họ và tên":"LÊ VĂN DŨNG","Tên Đại Lý":"HỘ KINH DOANH VRC LÊ DŨNG","Địa chỉ đại lý":"Số 352/23, ấp Quân An, xã Long Thới","layer_id":263,"fid":1046,"label":"HỘ KINH DOANH VRC LÊ DŨNG"}},{"type":"Feature","id":1047,"geometry":{"type":"Point","coordinates":[10.0163,106.6027]},"properties":{"Họ và tên":"LÊ VĂN HẠNH","Tên Đại Lý":"Hộ kinh doanh \nBa Hạnh","Địa chỉ đại lý":"Số 486, Tổ NDTQ số 15, ấp An Thuận, xã Tân Thanh","layer_id":263,"fid":1047,"label":"Hộ kinh doanh \nBa Hạnh"}},{"type":"Feature","id":1048,"geometry":{"type":"Point","coordinates":[10.0381,106.5624]},"properties":{"Họ và tên":"LÊ VĂN HIỆP","Tên Đại Lý":"HỘ KINH DOANH LÊ VĂN HIỆP","Địa chỉ đại lý":"Số 233, ấp Bình Long, xã Châu Bình","layer_id":263,"fid":1048,"label":"HỘ KINH DOANH LÊ VĂN HIỆP"}},{"type":"Feature","id":1049,"geometry":{"type":"Point","coordinates":[10.3347,106.2618]},"properties":{"Họ và tên":"LÊ VĂN HÙNG","Tên Đại Lý":"HỘ KINH DOANH LÊ VĂN HÙNG","Địa chỉ đại lý":"Số 282/MTH, ấp Mỹ Thuận, xã Mỹ Thạnh","layer_id":263,"fid":1049,"label":"HỘ KINH DOANH LÊ VĂN HÙNG"}},{"type":"Feature","id":1050,"geometry":{"type":"Point","coordinates":[10.2215,106.3142]},"properties":{"Họ và tên":"LÊ VĂN LA","Tên Đại Lý":"Hộ kinh doanh VTNN La Phượng ","Địa chỉ đại lý":"khu phố 2, \nthị trấn","layer_id":263,"fid":1050,"label":"Hộ kinh doanh VTNN La Phượng "}},{"type":"Feature","id":1051,"geometry":{"type":"Point","coordinates":[10.1425,106.291]},"properties":{"Họ và tên":"LÊ VĂN MINH","Tên Đại Lý":"Hộ kinh doanh \nMinh Phượng (Lê Văn Minh)","Địa chỉ đại lý":"Số 373, ấp Phú Thạnh, xã Phú Mỹ","layer_id":263,"fid":1051,"label":"Hộ kinh doanh \nMinh Phượng (Lê Văn Minh)"}},{"type":"Feature","id":1052,"geometry":{"type":"Point","coordinates":[10.2714,106.3255]},"properties":{"Họ và tên":"LÊ VĂN NAM","Tên Đại Lý":"Hộ kinh doanh\n  Văn Nam","Địa chỉ đại lý":"ấp Thị, xã Hương Mỹ","layer_id":263,"fid":1052,"label":"Hộ kinh doanh\n  Văn Nam"}},{"type":"Feature","id":1053,"geometry":{"type":"Point","coordinates":[10.0245,106.5821]},"properties":{"Họ và tên":"LÊ VĂN NGHỈ","Tên Đại Lý":"Hộ kinh doanh\n  Tuấn Khang","Địa chỉ đại lý":"ấp 8, xã Hưng Lễ","layer_id":263,"fid":1053,"label":"Hộ kinh doanh\n  Tuấn Khang"}},{"type":"Feature","id":1054,"geometry":{"type":"Point","coordinates":[10.2154,106.2415]},"properties":{"Họ và tên":"LÊ VĂN NHANH","Tên Đại Lý":"Hộ kinh doanh \nNhanh","Địa chỉ đại lý":"Ấp Quí Đức B (Chợ Quới Điền), xã Quới Điền","layer_id":263,"fid":1054,"label":"Hộ kinh doanh \nNhanh"}},{"type":"Feature","id":1055,"geometry":{"type":"Point","coordinates":[10.2552,106.3568]},"properties":{"Họ và tên":"LÊ VĂN NHƯỜNG","Tên Đại Lý":"Hộ kinh doanh Lê Văn Nhường","Địa chỉ đại lý":"Số 157/NH, ấp Nhơn Hòa, xã Mỹ Nhơn","layer_id":263,"fid":1055,"label":"Hộ kinh doanh Lê Văn Nhường"}},{"type":"Feature","id":1056,"geometry":{"type":"Point","coordinates":[10.2785,106.3842]},"properties":{"Họ và tên":"LÊ VĂN NỮ","Tên Đại Lý":"HỘ KINH DOANH LÊ VĂN NỮ","Địa chỉ đại lý":"Số 304/4B, ấp An Lộc Thị, xã An Thạnh","layer_id":263,"fid":1056,"label":"HỘ KINH DOANH LÊ VĂN NỮ"}},{"type":"Feature","id":1057,"geometry":{"type":"Point","coordinates":[10.3012,106.4154]},"properties":{"Họ và tên":"LÊ VĂN PHÚ","Tên Đại Lý":"Hộ kinh doanh  Lê Phú","Địa chỉ đại lý":"số 257, ấp Thạnh Hưng, xã Tường Đa","layer_id":263,"fid":1057,"label":"Hộ kinh doanh  Lê Phú"}},{"type":"Feature","id":1058,"geometry":{"type":"Point","coordinates":[10.1512,106.3421]},"properties":{"Họ và tên":"LÊ VĂN QUANG","Tên Đại Lý":"Hộ kinh doanh \nTư Quang","Địa chỉ đại lý":"Số 09, đường Quang Trung, khu phố 05, thị trấn BaTri","layer_id":263,"fid":1058,"label":"Hộ kinh doanh \nTư Quang"}},{"type":"Feature","id":1059,"geometry":{"type":"Point","coordinates":[10.1872,106.3214]},"properties":{"Họ và tên":"LÊ VĂN TIẾN","Tên Đại Lý":"HỘ KINH DOANH CỬA HÀNG VẬT TƯ NÔNG NGHIỆP THUỲ TIÊN 3","Địa chỉ đại lý":"Số 162, ấp Lập Hiệp, xã Vĩnh Bình","layer_id":263,"fid":1059,"label":"HỘ KINH DOANH CỬA HÀNG VẬT TƯ NÔNG NGHIỆP THUỲ TIÊN 3"}},{"type":"Feature","id":1060,"geometry":{"type":"Point","coordinates":[10.0355,106.5872]},"properties":{"Họ và tên":"LÊ VĂN TRUNG","Tên Đại Lý":"Hộ kinh doanh LÊ VĂN TRUNG (MƯỜI TRUNG)","Địa chỉ đại lý":"Số 271, ấp Phú Thạnh, xã Phú Túc","layer_id":263,"fid":1060,"label":"Hộ kinh doanh LÊ VĂN TRUNG (MƯỜI TRUNG)"}},{"type":"Feature","id":1061,"geometry":{"type":"Point","coordinates":[10.1245,106.3112]},"properties":{"Họ và tên":"LỮ THANH NGA","Tên Đại Lý":"Địa điểm kinh doanh Công ty TNHH Thương Mại Sản Xuất Nhật Quang","Địa chỉ đại lý":"Số 265, khu phố Chánh, thị trấn Tiên Thuỷ","layer_id":263,"fid":1061,"label":"Địa điểm kinh doanh Công ty TNHH Thương Mại Sản Xuất Nhật Quang"}},{"type":"Feature","id":1062,"geometry":{"type":"Point","coordinates":[10.2458,106.2145]},"properties":{"Họ và tên":"LƯƠNG AN LẠC","Tên Đại Lý":"Hộ kinh doanh\n  Hoàng Oanh","Địa chỉ đại lý":"ấp Hòa Khánh, xã Vĩnh Thành","layer_id":263,"fid":1062,"label":"Hộ kinh doanh\n  Hoàng Oanh"}},{"type":"Feature","id":1063,"geometry":{"type":"Point","coordinates":[10.0163,106.6027]},"properties":{"Họ và tên":"Lương Thái Hòa","Tên Đại Lý":"Hộ kinh doanh  Hoàng Oanh","Địa chỉ đại lý":"ấp 7, xã Châu Bình","layer_id":263,"fid":1063,"label":"Hộ kinh doanh  Hoàng Oanh"}},{"type":"Feature","id":1064,"geometry":{"type":"Point","coordinates":[10.0381,106.5624]},"properties":{"Họ và tên":"Lương Thị Ngọc Giàu","Tên Đại Lý":"HKD Lương Thị Ngọc Giàu (Hữu Tài)","Địa chỉ đại lý":null,"layer_id":263,"fid":1064,"label":"HKD Lương Thị Ngọc Giàu (Hữu Tài)"}},{"type":"Feature","id":1065,"geometry":{"type":"Point","coordinates":[10.3347,106.2618]},"properties":{"Họ và tên":"LƯƠNG THỊ THANH TRÚC","Tên Đại Lý":"HỘ KINH DOANH NGỌC THẠCH","Địa chỉ đại lý":"Số 317, ấp Tân Lợi, xã Tân Phú Tây","layer_id":263,"fid":1065,"label":"HỘ KINH DOANH NGỌC THẠCH"}},{"type":"Feature","id":1066,"geometry":{"type":"Point","coordinates":[10.2215,106.3142]},"properties":{"Họ và tên":"LƯƠNG THỊ TỐ LINH","Tên Đại Lý":"Hộ kinh doanh \nPhước Thịnh","Địa chỉ đại lý":"50G2, ấp Tân Nam, xã Tân Phú","layer_id":263,"fid":1066,"label":"Hộ kinh doanh \nPhước Thịnh"}},{"type":"Feature","id":1067,"geometry":{"type":"Point","coordinates":[10.1425,106.291]},"properties":{"Họ và tên":"LƯU THỊ BÍCH PHƯỢNG","Tên Đại Lý":"CỬA HÀNG VẬT TƯ NÔNG NGHIỆP TẤN NGHĨA","Địa chỉ đại lý":"Số 220/6B, ấp Quới Lợi, xã Quới Sơn","layer_id":263,"fid":1067,"label":"CỬA HÀNG VẬT TƯ NÔNG NGHIỆP TẤN NGHĨA"}},{"type":"Feature","id":1068,"geometry":{"type":"Point","coordinates":[10.2714,106.3255]},"properties":{"Họ và tên":"LƯU THỊ THẮM","Tên Đại Lý":"Địa điểm kinh doanh Sơn Định Công ty TNHH DR Durian","Địa chỉ đại lý":"Thửa đất số 454, tờ bản đồ số 09, ấp Sơn Long, xã Sơn Định","layer_id":263,"fid":1068,"label":"Địa điểm kinh doanh Sơn Định Công ty TNHH DR Durian"}},{"type":"Feature","id":1069,"geometry":{"type":"Point","coordinates":[10.0245,106.5821]},"properties":{"Họ và tên":"LÝ DŨNG KHIÊM","Tên Đại Lý":"HỘ KINH DOANH DŨNG KHIÊM","Địa chỉ đại lý":"Số 74, ấp Tân Đông, xã Tân Phú","layer_id":263,"fid":1069,"label":"HỘ KINH DOANH DŨNG KHIÊM"}},{"type":"Feature","id":1070,"geometry":{"type":"Point","coordinates":[10.2154,106.2415]},"properties":{"Họ và tên":"MÃ THÀNH ĐÔNG","Tên Đại Lý":"Hộ kinh doanh \nThành Đông","Địa chỉ đại lý":"Thửa đất số 492, tờ bản đồ số 28, ấp Tân An, xã Long Thới","layer_id":263,"fid":1070,"label":"Hộ kinh doanh \nThành Đông"}},{"type":"Feature","id":1071,"geometry":{"type":"Point","coordinates":[10.2552,106.3568]},"properties":{"Họ và tên":"MÃ THÀNH XUÂN","Tên Đại Lý":"HỘ KINH DOANH THÀNH XUÂN","Địa chỉ đại lý":"Thửa đất số 1236, tờ bản đồ số 04, ấp An Hoà, xã Long Thới","layer_id":263,"fid":1071,"label":"HỘ KINH DOANH THÀNH XUÂN"}},{"type":"Feature","id":1072,"geometry":{"type":"Point","coordinates":[10.2785,106.3842]},"properties":{"Họ và tên":"MAI THỊ BÍCH TUYỀN","Tên Đại Lý":"Cửa hàng vật tư nông nghiệp Quốc Bảo","Địa chỉ đại lý":"Số 326/1, ấp Thạnh Lộc, xã Thạnh Phong","layer_id":263,"fid":1072,"label":"Cửa hàng vật tư nông nghiệp Quốc Bảo"}},{"type":"Feature","id":1073,"geometry":{"type":"Point","coordinates":[10.3012,106.4154]},"properties":{"Họ và tên":"NGÔ HOÀNG THÀNH","Tên Đại Lý":"HỘ KINH DOANH THÀNH THUỶ ","Địa chỉ đại lý":"Số 297, ấp Long Thạnh, xã Giao Long","layer_id":263,"fid":1073,"label":"HỘ KINH DOANH THÀNH THUỶ "}},{"type":"Feature","id":1074,"geometry":{"type":"Point","coordinates":[10.1512,106.3421]},"properties":{"Họ và tên":"NGÔ THANH TÒNG","Tên Đại Lý":"Hộ kinh doanh  Tám Tòng","Địa chỉ đại lý":"257, ấp Tiên Tây Thượng xã Tiên Thủy","layer_id":263,"fid":1074,"label":"Hộ kinh doanh  Tám Tòng"}},{"type":"Feature","id":1075,"geometry":{"type":"Point","coordinates":[10.1872,106.3214]},"properties":{"Họ và tên":"NGÔ THỊ CƯƠNG","Tên Đại Lý":"Hộ kinh doanh NGÔ THỊ CƯƠNG (KIM CƯƠNG)","Địa chỉ đại lý":"Tổ 7, ấp Phước Lễ, xã Thành Triệu","layer_id":263,"fid":1075,"label":"Hộ kinh doanh NGÔ THỊ CƯƠNG (KIM CƯƠNG)"}},{"type":"Feature","id":1076,"geometry":{"type":"Point","coordinates":[10.0355,106.5872]},"properties":{"Họ và tên":"NGÔ THỊ THẢO LAM","Tên Đại Lý":"Hộ kinh doanh TÁM SE","Địa chỉ đại lý":"Số 94/63, ấp Long Hiệp, xã Hoà Nghĩa","layer_id":263,"fid":1076,"label":"Hộ kinh doanh TÁM SE"}},{"type":"Feature","id":1077,"geometry":{"type":"Point","coordinates":[10.1245,106.3112]},"properties":{"Họ và tên":"NGÔ VĂN HIỀN","Tên Đại Lý":"Công ty cổ phần Hiệp Thanh Group","Địa chỉ đại lý":"Thửa đát 571, tờ bản đồ số 4, ấp 2, xã Sơn Phú","layer_id":263,"fid":1077,"label":"Công ty cổ phần Hiệp Thanh Group"}},{"type":"Feature","id":1078,"geometry":{"type":"Point","coordinates":[10.2458,106.2145]},"properties":{"Họ và tên":"NGÔ VĂN NGHĨA","Tên Đại Lý":"HỘ KINH DOANH NGÔ VĂN NGHĨA (ÚT NGHĨA)","Địa chỉ đại lý":"Số 153/CV, ấp Cầu Vĩ, xã Mỹ Chánh","layer_id":263,"fid":1078,"label":"HỘ KINH DOANH NGÔ VĂN NGHĨA (ÚT NGHĨA)"}},{"type":"Feature","id":1079,"geometry":{"type":"Point","coordinates":[10.0163,106.6027]},"properties":{"Họ và tên":"NGỤY VĨ DÂN","Tên Đại Lý":"Cửa hàng vật tư nông nghiệp Dân Thịnh","Địa chỉ đại lý":"Số 36A, đường Lê Lợi, phường An Hội (Phường I)","layer_id":263,"fid":1079,"label":"Cửa hàng vật tư nông nghiệp Dân Thịnh"}},{"type":"Feature","id":1080,"geometry":{"type":"Point","coordinates":[10.0381,106.5624]},"properties":{"Họ và tên":"NGỤY XUÂN ANH","Tên Đại Lý":"CÔNG TY TNHH MTV TIẾN THẠNH PHÁT","Địa chỉ đại lý":"Số 211A, khu phố 3, phường Phú Tân","layer_id":263,"fid":1080,"label":"CÔNG TY TNHH MTV TIẾN THẠNH PHÁT"}},{"type":"Feature","id":1081,"geometry":{"type":"Point","coordinates":[10.3347,106.2618]},"properties":{"Họ và tên":"NGUYỄN CHÍ HÙNG","Tên Đại Lý":"Hộ kinh doanh VTNN Chí Hùng","Địa chỉ đại lý":"ấp An Định, \nxã Hòa Nghĩa","layer_id":263,"fid":1081,"label":"Hộ kinh doanh VTNN Chí Hùng"}},{"type":"Feature","id":1082,"geometry":{"type":"Point","coordinates":[10.2215,106.3142]},"properties":{"Họ và tên":"NGUYỄN CHÍ LINH","Tên Đại Lý":"Hợp tác xã dịch vụ nông nghiệp Phú Hưng  'Hộ kinh doanh \nLinh Tâm","Địa chỉ đại lý":"ấp Phú Thành, xã Phú Hưng","layer_id":263,"fid":1082,"label":"Hợp tác xã dịch vụ nông nghiệp Phú Hưng  'Hộ kinh doanh \nLinh Tâm"}},{"type":"Feature","id":1083,"geometry":{"type":"Point","coordinates":[10.1425,106.291]},"properties":{"Họ và tên":"NGUYỄN CHÍ NGHĨA","Tên Đại Lý":"Hộ kinh doanh \nNguyễn Chí Nghĩa (3 Nghĩa)","Địa chỉ đại lý":"ấp An Thái, xã An Phú Trung","layer_id":263,"fid":1083,"label":"Hộ kinh doanh \nNguyễn Chí Nghĩa (3 Nghĩa)"}},{"type":"Feature","id":1084,"geometry":{"type":"Point","coordinates":[10.2714,106.3255]},"properties":{"Họ và tên":"NGUYỄN CÔNG CHÁNH","Tên Đại Lý":"Cửa hàng vật tư nông nghiệp Tân Chánh","Địa chỉ đại lý":"Số 221, ấp Xẻo Sâu, xã Lương Phú","layer_id":263,"fid":1084,"label":"Cửa hàng vật tư nông nghiệp Tân Chánh"}},{"type":"Feature","id":1085,"geometry":{"type":"Point","coordinates":[10.0245,106.5821]},"properties":{"Họ và tên":"NGUYỄN CỘNG HÒA","Tên Đại Lý":"Hộ kinh doanh  Hòa Anh","Địa chỉ đại lý":"ấp Phú Hòa, xã \nPhú Túc","layer_id":263,"fid":1085,"label":"Hộ kinh doanh  Hòa Anh"}},{"type":"Feature","id":1086,"geometry":{"type":"Point","coordinates":[10.1505,106.3415]},"properties":{"Họ và tên":"NGUYỄN CÔNG LỢI","Tên Đại Lý":"HỘ KINH DOANH MƯỜI LỢI","Địa chỉ đại lý":"Số 027/MH, ấp Mỹ Hoà, xã Mỹ Hoà","layer_id":263,"fid":1086,"label":"HỘ KINH DOANH MƯỜI LỢI"}},{"type":"Feature","id":1087,"geometry":{"type":"Point","coordinates":[10.1865,106.3208]},"properties":{"Họ và tên":"NGUYỄN CÔNG TIỂNG","Tên Đại Lý":"Hộ kinh doanh \nCông Tiểng","Địa chỉ đại lý":"Ấp An Hoà, xã An Bình Tây","layer_id":263,"fid":1087,"label":"Hộ kinh doanh \nCông Tiểng"}},{"type":"Feature","id":1088,"geometry":{"type":"Point","coordinates":[10.0348,106.5865]},"properties":{"Họ và tên":"NGUYỄN ĐĂNG KHOA","Tên Đại Lý":"Hộ kinh doanh Cẩm Châu Bến Tre","Địa chỉ đại lý":"Thửa đất số 500, tờ bản đồ số 10, ấp Sơn Lân, xã Sơn Định","layer_id":263,"fid":1088,"label":"Hộ kinh doanh Cẩm Châu Bến Tre"}},{"type":"Feature","id":1089,"geometry":{"type":"Point","coordinates":[10.1238,106.3105]},"properties":{"Họ và tên":"NGUYỄN ĐỨC ANH","Tên Đại Lý":"Hộ kinh doanh  Phúc Huy","Địa chỉ đại lý":"Số 91/61, Phú Xuân, xã Hưng Khánh Trung A","layer_id":263,"fid":1089,"label":"Hộ kinh doanh  Phúc Huy"}},{"type":"Feature","id":1090,"geometry":{"type":"Point","coordinates":[10.2451,106.2138]},"properties":{"Họ và tên":"NGUYỄN DUY QUANG","Tên Đại Lý":"Hộ kinh doanh \nBa Nhất","Địa chỉ đại lý":"1575,  ấp Thanh Hoà, xã Thành An","layer_id":263,"fid":1090,"label":"Hộ kinh doanh \nBa Nhất"}},{"type":"Feature","id":1091,"geometry":{"type":"Point","coordinates":[10.0158,106.6021]},"properties":{"Họ và tên":"NGUYỄN HÀ NAM THẮNG","Tên Đại Lý":"Hộ kinh doanh Nguyễn Trúc","Địa chỉ đại lý":"ấp Phước Tự, xã An Khánh","layer_id":263,"fid":1091,"label":"Hộ kinh doanh Nguyễn Trúc"}},{"type":"Feature","id":1092,"geometry":{"type":"Point","coordinates":[10.0375,106.5618]},"properties":{"Họ và tên":"NGUYỄN HIẾU THẢO","Tên Đại Lý":"Hộ kinh doanh cửa hàng thuốc bảo vệ thực vật Sáu Hiếu","Địa chỉ đại lý":"Số nhà 134 (căn số 02), ấp Tân Hòa Ngoài, xã Tân Phú Tây","layer_id":263,"fid":1092,"label":"Hộ kinh doanh cửa hàng thuốc bảo vệ thực vật Sáu Hiếu"}},{"type":"Feature","id":1093,"geometry":{"type":"Point","coordinates":[10.3341,106.2612]},"properties":{"Họ và tên":"NGUYỄN HOÀI PHONG","Tên Đại Lý":"Địa điểm kinh doanh cửa hàng Thái Bình Cửu Long Số 02\n  ","Địa chỉ đại lý":"ấp Tân Bắc, xã Tân Phú","layer_id":263,"fid":1093,"label":"Địa điểm kinh doanh cửa hàng Thái Bình Cửu Long Số 02\n  "}},{"type":"Feature","id":1094,"geometry":{"type":"Point","coordinates":[10.2211,106.3135]},"properties":{"Họ và tên":"NGUYỄN HOÀI PHONG","Tên Đại Lý":"Hộ kinh doanh An Giang 9","Địa chỉ đại lý":"Tổ NDTQ số 5, ấp Tân Bắc, xã Tân Phú","layer_id":263,"fid":1094,"label":"Hộ kinh doanh An Giang 9"}},{"type":"Feature","id":1095,"geometry":{"type":"Point","coordinates":[10.1418,106.2905]},"properties":{"Họ và tên":"NGUYỄN HOÀNG","Tên Đại Lý":"Công ty TNHH BM AGRO","Địa chỉ đại lý":"Số 552 E, âp Phú Thành, xã Phú Hưng","layer_id":263,"fid":1095,"label":"Công ty TNHH BM AGRO"}},{"type":"Feature","id":1096,"geometry":{"type":"Point","coordinates":[10.2708,106.3248]},"properties":{"Họ và tên":"NGUYỄN HOÀNG ANH","Tên Đại Lý":"HỘ KINH DOANH NGUYỄN HOÀNG ANH","Địa chỉ đại lý":"Tổ NDTQ số 16, ấp Phú Thạnh, xã Phú Thuận","layer_id":263,"fid":1096,"label":"HỘ KINH DOANH NGUYỄN HOÀNG ANH"}},{"type":"Feature","id":1097,"geometry":{"type":"Point","coordinates":[10.0238,106.5815]},"properties":{"Họ và tên":"NGUYỄN HOÀNG HÀO","Tên Đại Lý":"Địa điểm kinh doanh Công ty CP - TM - XNK TUYÊN MINH","Địa chỉ đại lý":"ấp Tân Huề Đông, xã Tân Thạch","layer_id":263,"fid":1097,"label":"Địa điểm kinh doanh Công ty CP - TM - XNK TUYÊN MINH"}},{"type":"Feature","id":1098,"geometry":{"type":"Point","coordinates":[10.2148,106.2408]},"properties":{"Họ và tên":"NGUYỄN HOÀNG MINH","Tên Đại Lý":"Hộ kinh doanh \nMinh Hoàng","Địa chỉ đại lý":"Số 30, Tỉnh lộ 885 (nay là Tỉnh lộ 57C), đường Quang Trung, khu phố 1, thị trấn Ba Tri","layer_id":263,"fid":1098,"label":"Hộ kinh doanh \nMinh Hoàng"}},{"type":"Feature","id":1099,"geometry":{"type":"Point","coordinates":[10.2545,106.3562]},"properties":{"Họ và tên":"NGUYỄN HOÀNG NHÂN","Tên Đại Lý":"HỘ KINH DOANH NGUYỄN HOÀNG NHÂN","Địa chỉ đại lý":"Số 06, ấp Tân Quới Tây B, xã Minh Đức","layer_id":263,"fid":1099,"label":"HỘ KINH DOANH NGUYỄN HOÀNG NHÂN"}},{"type":"Feature","id":1100,"geometry":{"type":"Point","coordinates":[10.2778,106.3835]},"properties":{"Họ và tên":"NGUYỄN HOÀNG NHÂN","Tên Đại Lý":"HỘ KINH DOANH NGUYỄN HOÀNG NHÂN","Địa chỉ đại lý":"Thửa đất số 381, tờ bản đồ số 12, ấp Tân Trung, xã Hưng Khánh Trung B","layer_id":263,"fid":1100,"label":"HỘ KINH DOANH NGUYỄN HOÀNG NHÂN"}},{"type":"Feature","id":1101,"geometry":{"type":"Point","coordinates":[10.3005,106.4148]},"properties":{"Họ và tên":"NGUYỄN HOÀNG OANH","Tên Đại Lý":"HỘ KINH DOANH WELOFARM SIÊU THỊ CÂY GIỐNG","Địa chỉ đại lý":"Thửa đất số 6, tờ bản đồ số 34, ấp Tân An, xã Long Thới","layer_id":263,"fid":1101,"label":"HỘ KINH DOANH WELOFARM SIÊU THỊ CÂY GIỐNG"}},{"type":"Feature","id":1102,"geometry":{"type":"Point","coordinates":[10.1505,106.3415]},"properties":{"Họ và tên":"NGUYỄN HỒNG NGHIỆP","Tên Đại Lý":"Hộ kinh doanh Phát Đạt","Địa chỉ đại lý":"ấp Phú Trạch 1,\n xã Cẩm Cẩm Sơn","layer_id":263,"fid":1102,"label":"Hộ kinh doanh Phát Đạt"}},{"type":"Feature","id":1103,"geometry":{"type":"Point","coordinates":[10.1865,106.3208]},"properties":{"Họ và tên":"NGUYỄN HỒNG PHÚC","Tên Đại Lý":"Hộ kinh doanh  Nguyễn Hồng Phúc","Địa chỉ đại lý":"ấp Tân Hưng, \nxã Châu Hưng","layer_id":263,"fid":1103,"label":"Hộ kinh doanh  Nguyễn Hồng Phúc"}},{"type":"Feature","id":1104,"geometry":{"type":"Point","coordinates":[10.0348,106.5865]},"properties":{"Họ và tên":"NGUYỄN HỮU CHÂU","Tên Đại Lý":"HỘ KINH DOANH ĐỒNG XANH","Địa chỉ đại lý":"Thửa đất số 149, tờ bản đồ số 17, ấp Vĩnh Nam, xã Vĩnh Thành","layer_id":263,"fid":1104,"label":"HỘ KINH DOANH ĐỒNG XANH"}},{"type":"Feature","id":1105,"geometry":{"type":"Point","coordinates":[10.1238,106.3105]},"properties":{"Họ và tên":"NGUYỄN HỮU DUY","Tên Đại Lý":"Hộ kinh doanh \nHữu Duy 2","Địa chỉ đại lý":"Thửa đất số 696, tờ bản đồ số 11, ấp Long Huê, xã Long Thới","layer_id":263,"fid":1105,"label":"Hộ kinh doanh \nHữu Duy 2"}},{"type":"Feature","id":1106,"geometry":{"type":"Point","coordinates":[10.2451,106.2138]},"properties":{"Họ và tên":"NGUYỄN HỮU VINH","Tên Đại Lý":"Hộ kinh doanh \nNguyễn Hữu Vinh","Địa chỉ đại lý":"357/46, ấp Phú Hòa, xã Hưng Khánh Trung B","layer_id":263,"fid":1106,"label":"Hộ kinh doanh \nNguyễn Hữu Vinh"}},{"type":"Feature","id":1107,"geometry":{"type":"Point","coordinates":[10.0158,106.6021]},"properties":{"Họ và tên":"NGUYỄN HUỲNH HỒNG THẢO","Tên Đại Lý":"Hộ kinh doanh \nHồng Thái","Địa chỉ đại lý":"Số nhà 643, tổ 1, ấp Phú Long, xã Phú Đức","layer_id":263,"fid":1107,"label":"Hộ kinh doanh \nHồng Thái"}},{"type":"Feature","id":1108,"geometry":{"type":"Point","coordinates":[10.0375,106.5618]},"properties":{"Họ và tên":"NGUYỄN KIM THỦ","Tên Đại Lý":"Hộ kinh doanh \nHạnh","Địa chỉ đại lý":"Số 741/AP, ấp An Phú, xã An Bình Tây","layer_id":263,"fid":1108,"label":"Hộ kinh doanh \nHạnh"}},{"type":"Feature","id":1109,"geometry":{"type":"Point","coordinates":[10.3341,106.2612]},"properties":{"Họ và tên":"NGUYỄN LÊ TẤN PHÁT","Tên Đại Lý":"Hộ kinh doanh \nChí Thiện","Địa chỉ đại lý":"Số nhà 316, ấp Phú Hòa, xã Châu Hòa","layer_id":263,"fid":1109,"label":"Hộ kinh doanh \nChí Thiện"}},{"type":"Feature","id":1110,"geometry":{"type":"Point","coordinates":[10.2211,106.3135]},"properties":{"Họ và tên":"NGUYỄN MINH ĐẠO","Tên Đại Lý":"Hộ kinh doanh  Sáu Đạo","Địa chỉ đại lý":"Số 161, ấp Tân Thuận, xã Nhuận Phú Tân","layer_id":263,"fid":1110,"label":"Hộ kinh doanh  Sáu Đạo"}},{"type":"Feature","id":1111,"geometry":{"type":"Point","coordinates":[10.1418,106.2905]},"properties":{"Họ và tên":"NGUYỄN MINH KHÁNH","Tên Đại Lý":"Hộ kinh doanh \nHai Tâm","Địa chỉ đại lý":"Tổ NDTQ số 4, ấp Hoà Long, xã Giao Long","layer_id":263,"fid":1111,"label":"Hộ kinh doanh \nHai Tâm"}},{"type":"Feature","id":1112,"geometry":{"type":"Point","coordinates":[10.2708,106.3248]},"properties":{"Họ và tên":"NGUYỄN MINH LÂM","Tên Đại Lý":"HỢP TÁC XÃ NÔNG NGHIỆP VĨNH BÌNH","Địa chỉ đại lý":"Thửa đất số 23, tờ bản đồ số 30, ấp Lộc Hiệp, xã Vĩnh Bình","layer_id":263,"fid":1112,"label":"HỢP TÁC XÃ NÔNG NGHIỆP VĨNH BÌNH"}},{"type":"Feature","id":1113,"geometry":{"type":"Point","coordinates":[10.0238,106.5815]},"properties":{"Họ và tên":"NGUYỄN MINH NHẠN","Tên Đại Lý":"Hộ kinh doanh VTNN Nguyễn Minh Nhạn","Địa chỉ đại lý":"ấp Thới Hòa, \nxã Châu Hòa","layer_id":263,"fid":1113,"label":"Hộ kinh doanh VTNN Nguyễn Minh Nhạn"}},{"type":"Feature","id":1114,"geometry":{"type":"Point","coordinates":[10.2148,106.2408]},"properties":{"Họ và tên":"NGUYỄN MINH PHỤNG","Tên Đại Lý":"Cửa hàng vật tư nông nghiệp Cẩm Tiên 02 (5 Dợt).","Địa chỉ đại lý":"Thửa đất số 81, tờ bản đồ số 05, ấp Trung Hiệp","layer_id":263,"fid":1114,"label":"Cửa hàng vật tư nông nghiệp Cẩm Tiên 02 (5 Dợt)."}},{"type":"Feature","id":1115,"geometry":{"type":"Point","coordinates":[10.2545,106.3562]},"properties":{"Họ và tên":"NGUYỄN MINH PHỤNG","Tên Đại Lý":"HỘ KINH DOANH NGUYỄN MINH PHỤNG","Địa chỉ đại lý":"Thửa đất 260, tờ bản đồ số 03, ấp 2 xã Phú Nhuận","layer_id":263,"fid":1115,"label":"HỘ KINH DOANH NGUYỄN MINH PHỤNG"}},{"type":"Feature","id":1116,"geometry":{"type":"Point","coordinates":[10.2778,106.3835]},"properties":{"Họ và tên":"NGUYỄN MINH TIẾN","Tên Đại Lý":"Hộ kinh doanh vật tư nông nghiệp DR TOP 3","Địa chỉ đại lý":"Tổ NDTQ số 3 - ấp Tân Bắc, xã Tân Phú","layer_id":263,"fid":1116,"label":"Hộ kinh doanh vật tư nông nghiệp DR TOP 3"}},{"type":"Feature","id":1117,"geometry":{"type":"Point","coordinates":[10.3005,106.4148]},"properties":{"Họ và tên":"NGUYỄN MINH TRÍ","Tên Đại Lý":"Hộ kinh doanh Minh Trí","Địa chỉ đại lý":"ấp Kinh Trong, \nxã Bình Hòa","layer_id":263,"fid":1117,"label":"Hộ kinh doanh Minh Trí"}},{"type":"Feature","id":1118,"geometry":{"type":"Point","coordinates":[10.1505,106.3415]},"properties":{"Họ và tên":"NGUYỄN MINH TRUNG","Tên Đại Lý":"Hộ kinh doanh \nMinh Khôi","Địa chỉ đại lý":"Số 380/23 ấp Quân An, xã Long Thới","layer_id":263,"fid":1118,"label":"Hộ kinh doanh \nMinh Khôi"}},{"type":"Feature","id":1119,"geometry":{"type":"Point","coordinates":[10.1865,106.3208]},"properties":{"Họ và tên":"NGUYỄN MINH TRƯỜNG","Tên Đại Lý":"HỘ KINH DOANH BVTV TRƯỜNG THỊNH","Địa chỉ đại lý":"Thửa đất số 438, tờ bản đồ số 11, ấp Long Hiệp, xã Hoà Nghĩa","layer_id":263,"fid":1119,"label":"HỘ KINH DOANH BVTV TRƯỜNG THỊNH"}},{"type":"Feature","id":1120,"geometry":{"type":"Point","coordinates":[10.0348,106.5865]},"properties":{"Họ và tên":"NGUYỄN NGỌC ĐAN THANH","Tên Đại Lý":"CỬA HÀNG VẬT TƯ NÔNG NGHIỆP CƯỜNG THANH","Địa chỉ đại lý":"Số 580/63, ấp Long Hiệp, xã Hoà Nghĩa","layer_id":263,"fid":1120,"label":"CỬA HÀNG VẬT TƯ NÔNG NGHIỆP CƯỜNG THANH"}},{"type":"Feature","id":1121,"geometry":{"type":"Point","coordinates":[10.1238,106.3105]},"properties":{"Họ và tên":"NGUYỄN NGỌC LAN","Tên Đại Lý":"Hộ kinh doanh  số 181","Địa chỉ đại lý":"159/4, ấp 4, xã\nSơn Đông","layer_id":263,"fid":1121,"label":"Hộ kinh doanh  số 181"}},{"type":"Feature","id":1122,"geometry":{"type":"Point","coordinates":[10.2451,106.2138]},"properties":{"Họ và tên":"NGUYỄN NGỌC MAI","Tên Đại Lý":"Hộ kinh doanh  Hữu Duy","Địa chỉ đại lý":"ấp Long Huê,\n xã Long Thới","layer_id":263,"fid":1122,"label":"Hộ kinh doanh  Hữu Duy"}},{"type":"Feature","id":1123,"geometry":{"type":"Point","coordinates":[10.0158,106.6021]},"properties":{"Họ và tên":"NGUYỄN NGỌC PHƯỚC","Tên Đại Lý":"HỘ KINH DOANH NGUYỄN NGỌC PHƯỚC (DUY TÂN)","Địa chỉ đại lý":"Số 171, ấp Phong Phú, xã Phong Nẫm","layer_id":263,"fid":1123,"label":"HỘ KINH DOANH NGUYỄN NGỌC PHƯỚC (DUY TÂN)"}},{"type":"Feature","id":1124,"geometry":{"type":"Point","coordinates":[10.0375,106.5618]},"properties":{"Họ và tên":"NGUYỄN NGỌC PHƯƠNG","Tên Đại Lý":"CÔNG TY TNHH TRẦN THỊ NGOAN - CHI NHÁNH 07","Địa chỉ đại lý":"Thửa đất số 686, tờ bản đồ số 9, ấp Tân Lộc, xã Tân Hội","layer_id":263,"fid":1124,"label":"CÔNG TY TNHH TRẦN THỊ NGOAN - CHI NHÁNH 07"}},{"type":"Feature","id":1125,"geometry":{"type":"Point","coordinates":[10.3341,106.2612]},"properties":{"Họ và tên":"NGUYỄN NGỌC THẨM","Tên Đại Lý":"Hộ kinh doanh  Nguyễn Ngọc Thẩm","Địa chỉ đại lý":"ấp Phú Ngãi,\n xã Phú An Hòa","layer_id":263,"fid":1125,"label":"Hộ kinh doanh  Nguyễn Ngọc Thẩm"}},{"type":"Feature","id":1126,"geometry":{"type":"Point","coordinates":[10.2211,106.3135]},"properties":{"Họ và tên":"NGUYỄN NGỌC VUI","Tên Đại Lý":"Hộ kinh doanh Nguyễn Ngọc Vui","Địa chỉ đại lý":"ấp 4, xã Phong Nẫm","layer_id":263,"fid":1126,"label":"Hộ kinh doanh Nguyễn Ngọc Vui"}},{"type":"Feature","id":1128,"geometry":{"type":"Point","coordinates":[10.2708,106.3248]},"properties":{"Họ và tên":"NGUYỄN NHỰT HÙNG","Tên Đại Lý":"Hộ kinh doanh \nHùng Tiệp","Địa chỉ đại lý":"Số 361, ấp Đồng Nhơn, xã Lương Quới","layer_id":263,"fid":1128,"label":"Hộ kinh doanh \nHùng Tiệp"}},{"type":"Feature","id":1129,"geometry":{"type":"Point","coordinates":[10.0238,106.5815]},"properties":{"Họ và tên":"NGUYỄN NHỰT MINH","Tên Đại Lý":"HỘ KINH DOANH NGUYỄN NHỰT MINH","Địa chỉ đại lý":"Số 361, ấp Đồng Nhơn, xã Lương Quới","layer_id":263,"fid":1129,"label":"HỘ KINH DOANH NGUYỄN NHỰT MINH"}},{"type":"Feature","id":1130,"geometry":{"type":"Point","coordinates":[10.2148,106.2408]},"properties":{"Họ và tên":"NGUYỄN PHI TUẤN","Tên Đại Lý":"Hộ kinh doanh VTNN Gia Bảo","Địa chỉ đại lý":"ấp Thới Lộc, \nxã Sơn Định","layer_id":263,"fid":1130,"label":"Hộ kinh doanh VTNN Gia Bảo"}},{"type":"Feature","id":1131,"geometry":{"type":"Point","coordinates":[10.2545,106.3562]},"properties":{"Họ và tên":"NGUYỄN PHÚ CƯỜNG","Tên Đại Lý":"HỘ KINH DOANH NGUYỄN PHÚ CƯỜNG ","Địa chỉ đại lý":"Tổ NDTQ số 11, ấp Phú Hưng, xã Phú Thuận","layer_id":263,"fid":1131,"label":"HỘ KINH DOANH NGUYỄN PHÚ CƯỜNG "}},{"type":"Feature","id":1132,"geometry":{"type":"Point","coordinates":[10.2778,106.3835]},"properties":{"Họ và tên":"NGUYỄN PHÚ THẠNH","Tên Đại Lý":"Hộ kinh doanh \nTrọng Tuyến","Địa chỉ đại lý":"Số 332/01, ấp Chợ, xã Phú Phụng","layer_id":263,"fid":1132,"label":"Hộ kinh doanh \nTrọng Tuyến"}},{"type":"Feature","id":1133,"geometry":{"type":"Point","coordinates":[10.3005,106.4148]},"properties":{"Họ và tên":"NGUYỄN QUANG KHẢI","Tên Đại Lý":"HỘ KINH NGUYỄN QUANG KHẢI (TUẤN KHẢI)","Địa chỉ đại lý":"Thửa đất số 126, tờ bản đồ số 08, ấp Phú Long, xã Hưng Khánh Trung B","layer_id":263,"fid":1133,"label":"HỘ KINH NGUYỄN QUANG KHẢI (TUẤN KHẢI)"}},{"type":"Feature","id":1134,"geometry":{"type":"Point","coordinates":[10.1512,106.3421]},"properties":{"Họ và tên":"NGUYỄN QUỐC CHƯƠNG","Tên Đại Lý":"Hộ kinh doanh  Đóc tờ Chương","Địa chỉ đại lý":"Số 504/55, ấp Lân Đông, xã Phú Sơn","layer_id":263,"fid":1134,"label":"Hộ kinh doanh  Đóc tờ Chương"}},{"type":"Feature","id":1135,"geometry":{"type":"Point","coordinates":[10.1872,106.3214]},"properties":{"Họ và tên":"NGUYỄN QUỐC DŨNG ","Tên Đại Lý":"HỢP TÁC XÃ NÔNG NGHIỆP BÌNH PHÚ","Địa chỉ đại lý":"ấp Mỹ Đức, xã Bình Phú","layer_id":263,"fid":1135,"label":"HỢP TÁC XÃ NÔNG NGHIỆP BÌNH PHÚ"}},{"type":"Feature","id":1136,"geometry":{"type":"Point","coordinates":[10.1418,106.2905]},"properties":{"Họ và tên":"NGUYỄN QUỐC THANH ","Tên Đại Lý":"Hộ kinh doanh Quốc Thanh","Địa chỉ đại lý":"ấp Phú Tây, \nxã An Định","layer_id":263,"fid":1136,"label":"Hộ kinh doanh Quốc Thanh"}},{"type":"Feature","id":1137,"geometry":{"type":"Point","coordinates":[10.2708,106.3248]},"properties":{"Họ và tên":"NGUYỄN QUỐC VIỆT","Tên Đại Lý":"Hộ kinh doanh\n Ba Việt","Địa chỉ đại lý":"ấp Kinh Cũ, \nxã Phong Nẫm","layer_id":263,"fid":1137,"label":"Hộ kinh doanh\n Ba Việt"}},{"type":"Feature","id":1138,"geometry":{"type":"Point","coordinates":[10.0238,106.5815]},"properties":{"Họ và tên":"NGUYỄN SƠN TRƯỜNG","Tên Đại Lý":"HỘ KINH DOANH NGUYỄN SƠN TRƯỜNG (SƠN TRƯỜNG) ","Địa chỉ đại lý":"Tổ NDTQ số 10, ấp 3, xã Tam Hiệp","layer_id":263,"fid":1138,"label":"HỘ KINH DOANH NGUYỄN SƠN TRƯỜNG (SƠN TRƯỜNG) "}},{"type":"Feature","id":1139,"geometry":{"type":"Point","coordinates":[10.2148,106.2408]},"properties":{"Họ và tên":"NGUYỄN TẤN ĐẠT","Tên Đại Lý":"CỬA HÀNG VẬT TƯ NÔNG NGHIỆP BÌNH THẠNH","Địa chỉ đại lý":"Số 222, ấp Bình Thạnh, xã Bình Phú","layer_id":263,"fid":1139,"label":"CỬA HÀNG VẬT TƯ NÔNG NGHIỆP BÌNH THẠNH"}},{"type":"Feature","id":1140,"geometry":{"type":"Point","coordinates":[10.2545,106.3562]},"properties":{"Họ và tên":"NGUYỄN TẤN ĐƯỢC","Tên Đại Lý":"Hộ kinh doanh VRC LÊ DŨNG","Địa chỉ đại lý":"Thửa đất số 108, tờ bản đồ số 26, ấp Quân An, xã Long Thới","layer_id":263,"fid":1140,"label":"Hộ kinh doanh VRC LÊ DŨNG"}},{"type":"Feature","id":1141,"geometry":{"type":"Point","coordinates":[10.2778,106.3835]},"properties":{"Họ và tên":"NGUYỄN TẤN ĐƯỢC","Tên Đại Lý":"HỘ KINH DOANH TẤN ĐƯỢC","Địa chỉ đại lý":"Số 282/82, ấp Vĩnh Phú, xã Vĩnh Thành","layer_id":263,"fid":1141,"label":"HỘ KINH DOANH TẤN ĐƯỢC"}},{"type":"Feature","id":1142,"geometry":{"type":"Point","coordinates":[10.3005,106.4148]},"properties":{"Họ và tên":"NGUYỄN TẤN THUẬN","Tên Đại Lý":"CÔNG TY TNHH TM NÔNG DƯỢC TẤN THUẬN","Địa chỉ đại lý":"Số 173/24, ấp An Thạnh, xã Long Thới","layer_id":263,"fid":1142,"label":"CÔNG TY TNHH TM NÔNG DƯỢC TẤN THUẬN"}},{"type":"Feature","id":1143,"geometry":{"type":"Point","coordinates":[10.1505,106.3415]},"properties":{"Họ và tên":"NGUYỄN TẤN THUẬN","Tên Đại Lý":"HỘ KINH DOANH TẤN THUẬN","Địa chỉ đại lý":"Thửa đất số 165, tờ bản đồ số 21, tổ 13, ấp An Trạch Tây, xã Thành Thới B","layer_id":263,"fid":1143,"label":"HỘ KINH DOANH TẤN THUẬN"}},{"type":"Feature","id":1144,"geometry":{"type":"Point","coordinates":[10.1865,106.3208]},"properties":{"Họ và tên":"NGUYỄN THÁI BÌNH","Tên Đại Lý":" ĐỊA ĐIỂM KINH DOANH CỬA HÀNG THÁI BÌNH CỬU LONG SỐ 15 – CÔNG TY TNHH MTV THÁI BÌNH CỬU LONG","Địa chỉ đại lý":"Thửa đất số 550, tờ bản đồ số 21, ấp Phú Long, xã Phú Đức","layer_id":263,"fid":1144,"label":" ĐỊA ĐIỂM KINH DOANH CỬA HÀNG THÁI BÌNH CỬU LONG SỐ 15 – CÔNG TY TNHH MTV THÁI BÌNH CỬU LONG"}},{"type":"Feature","id":1145,"geometry":{"type":"Point","coordinates":[10.0348,106.5865]},"properties":{"Họ và tên":"NGUYỄN THANH GIANG","Tên Đại Lý":"Cửa hàng vật tư nông nghiệp Phú Hưng Thịnh","Địa chỉ đại lý":"Số 59A, tổ NDTQ số 12, ấp Long Thạnh, xã Giao Long","layer_id":263,"fid":1145,"label":"Cửa hàng vật tư nông nghiệp Phú Hưng Thịnh"}},{"type":"Feature","id":1146,"geometry":{"type":"Point","coordinates":[10.1238,106.3105]},"properties":{"Họ và tên":"NGUYỄN THÀNH HUYỀN","Tên Đại Lý":"Hộ kinh doanh\nÚt Ngò 3","Địa chỉ đại lý":"ấp Tân Bắc, xã Tân Phú","layer_id":263,"fid":1146,"label":"Hộ kinh doanh\nÚt Ngò 3"}},{"type":"Feature","id":1147,"geometry":{"type":"Point","coordinates":[10.2451,106.2138]},"properties":{"Họ và tên":"NGUYỄN THANH LONG","Tên Đại Lý":"Hộ kinh doanh  Thanh Long","Địa chỉ đại lý":"ấp 6, xã An Thủy","layer_id":263,"fid":1147,"label":"Hộ kinh doanh  Thanh Long"}},{"type":"Feature","id":1148,"geometry":{"type":"Point","coordinates":[10.0158,106.6021]},"properties":{"Họ và tên":"NGUYỄN THÀNH NAM","Tên Đại Lý":"HỘ KINH DOANH TÁM HUỀ","Địa chỉ đại lý":"Số 03, ấp Bình Đông A, xã Châu Bình","layer_id":263,"fid":1148,"label":"HỘ KINH DOANH TÁM HUỀ"}},{"type":"Feature","id":1149,"geometry":{"type":"Point","coordinates":[10.0375,106.5618]},"properties":{"Họ và tên":"NGUYỄN THÀNH PHONG","Tên Đại Lý":"Hộ kinh doanh  Nguyễn  Phong","Địa chỉ đại lý":"ấp Vĩnh Chính, xã\nVĩnh Thành","layer_id":263,"fid":1149,"label":"Hộ kinh doanh  Nguyễn  Phong"}},{"type":"Feature","id":1150,"geometry":{"type":"Point","coordinates":[10.3341,106.2612]},"properties":{"Họ và tên":"NGUYỄN THANH TÂM","Tên Đại Lý":"HỘ KINH DOANH NGUYỄN THANH TÂM","Địa chỉ đại lý":"Số 401/5, ấp Lộc Hiệp, xã Vĩnh Bình","layer_id":263,"fid":1150,"label":"HỘ KINH DOANH NGUYỄN THANH TÂM"}},{"type":"Feature","id":1151,"geometry":{"type":"Point","coordinates":[10.2211,106.3135]},"properties":{"Họ và tên":"Nguyễn Thành Tâm","Tên Đại Lý":"HKD Cửa hàng VTNN Phúc Huy 2","Địa chỉ đại lý":null,"layer_id":263,"fid":1151,"label":"HKD Cửa hàng VTNN Phúc Huy 2"}},{"type":"Feature","id":1152,"geometry":{"type":"Point","coordinates":[10.1418,106.2905]},"properties":{"Họ và tên":"NGUYỄN THANH TRÚC","Tên Đại Lý":"Hộ kinh doanh \nNguyễn Thanh Trúc","Địa chỉ đại lý":"264/1, ấp Thạnh Lợi, xã Thạnh Hải","layer_id":263,"fid":1152,"label":"Hộ kinh doanh \nNguyễn Thanh Trúc"}},{"type":"Feature","id":1153,"geometry":{"type":"Point","coordinates":[10.2708,106.3248]},"properties":{"Họ và tên":"NGUYỄN THANH TÙNG","Tên Đại Lý":"HỘ KINH DOANH BVTV THANH TÙNG","Địa chỉ đại lý":"Số 137/14B, khu phố 2, thị trấn Chợ Lách","layer_id":263,"fid":1153,"label":"HỘ KINH DOANH BVTV THANH TÙNG"}},{"type":"Feature","id":1154,"geometry":{"type":"Point","coordinates":[10.0238,106.5815]},"properties":{"Họ và tên":"NGUYỄN THỊ CẨM TIÊN","Tên Đại Lý":"Hộ kinh doanh  Cẩm Tiên","Địa chỉ đại lý":"ấp Vĩnh Phú, \nxã Vĩnh Thành","layer_id":263,"fid":1154,"label":"Hộ kinh doanh  Cẩm Tiên"}},{"type":"Feature","id":1155,"geometry":{"type":"Point","coordinates":[10.2148,106.2408]},"properties":{"Họ và tên":"NGUYỄN THỊ CẨM VÂN","Tên Đại Lý":"Hộ kinh doanh  Út Ngò","Địa chỉ đại lý":"ấp Tân Đông, \nxã Tân Phú","layer_id":263,"fid":1155,"label":"Hộ kinh doanh  Út Ngò"}},{"type":"Feature","id":1156,"geometry":{"type":"Point","coordinates":[10.2545,106.3562]},"properties":{"Họ và tên":"NGUYỄN THỊ DIỆU","Tên Đại Lý":"Hộ kinh doanh  Quốc Thanh","Địa chỉ đại lý":"ấp Phú Tây, \nxã An Định","layer_id":263,"fid":1156,"label":"Hộ kinh doanh  Quốc Thanh"}},{"type":"Feature","id":1157,"geometry":{"type":"Point","coordinates":[10.2778,106.3835]},"properties":{"Họ và tên":"NGUYỄN THỊ ĐIỂU","Tên Đại Lý":"Hộ kinh doanh \nAnh Mười","Địa chỉ đại lý":"Tổ 28, khu phố Chánh, thị trấn Tiên Thủy","layer_id":263,"fid":1157,"label":"Hộ kinh doanh \nAnh Mười"}},{"type":"Feature","id":1158,"geometry":{"type":"Point","coordinates":[10.3005,106.4148]},"properties":{"Họ và tên":"NGUYỄN THỊ HỒNG CHÂN","Tên Đại Lý":"HỘ KINH DOANH NGUYỄN THỊ HỒNG CHÂN (BẢY MẾN)","Địa chỉ đại lý":"Số 57/41, ấp Phú Long, xã Hưng Khánh Trung B","layer_id":263,"fid":1158,"label":"HỘ KINH DOANH NGUYỄN THỊ HỒNG CHÂN (BẢY MẾN)"}},{"type":"Feature","id":1159,"geometry":{"type":"Point","coordinates":[10.1505,106.3415]},"properties":{"Họ và tên":"NGUYỄN THỊ HỒNG HIẾU","Tên Đại Lý":"Hộ kinh doanh  Công Lợi","Địa chỉ đại lý":"0275 3858 318","layer_id":263,"fid":1159,"label":"Hộ kinh doanh  Công Lợi"}},{"type":"Feature","id":1160,"geometry":{"type":"Point","coordinates":[10.1865,106.3208]},"properties":{"Họ và tên":"NGUYỄN THỊ HỒNG PHƯƠNG","Tên Đại Lý":"Hộ kinh doanh  Hai Lữ","Địa chỉ đại lý":"22/1, ấp Thạnh Khương B, xã Mỹ Hưng","layer_id":263,"fid":1160,"label":"Hộ kinh doanh  Hai Lữ"}},{"type":"Feature","id":1161,"geometry":{"type":"Point","coordinates":[10.0348,106.5865]},"properties":{"Họ và tên":"NGUYỄN THỊ HUỆ CHI","Tên Đại Lý":"Hộ kinh doanh \nChí Tài","Địa chỉ đại lý":"Thửa đất số 362, ấp Thanh Điền, xã Hưng Khánh Trung A","layer_id":263,"fid":1161,"label":"Hộ kinh doanh \nChí Tài"}},{"type":"Feature","id":1162,"geometry":{"type":"Point","coordinates":[10.1238,106.3105]},"properties":{"Họ và tên":"NGUYỄN THỊ HƯƠNG THẢO","Tên Đại Lý":"Hộ kinh doanh VTNN Tấn Thuận 3","Địa chỉ đại lý":"ấp Tân Phú, \nxã Sơn Định","layer_id":263,"fid":1162,"label":"Hộ kinh doanh VTNN Tấn Thuận 3"}},{"type":"Feature","id":1163,"geometry":{"type":"Point","coordinates":[10.2451,106.2138]},"properties":{"Họ và tên":"NGUYỄN THỊ HUYỀN TRÂN","Tên Đại Lý":"Hộ kinh doanh\n  Huyền Trân","Địa chỉ đại lý":"ấp Tân Nam, xã Tân Phú","layer_id":263,"fid":1163,"label":"Hộ kinh doanh\n  Huyền Trân"}},{"type":"Feature","id":1164,"geometry":{"type":"Point","coordinates":[10.0158,106.6021]},"properties":{"Họ và tên":"NGUYỄN THỊ HUỲNH TIỀN","Tên Đại Lý":"HỘ KINH DOANH HUỲNH TIỀN","Địa chỉ đại lý":"Thửa đất 698, tờ bản đồ số 17, ấp Phú Xuân, xã Phú Đức","layer_id":263,"fid":1164,"label":"HỘ KINH DOANH HUỲNH TIỀN"}},{"type":"Feature","id":1165,"geometry":{"type":"Point","coordinates":[10.0375,106.5618]},"properties":{"Họ và tên":"NGUYỄN THỊ KIỀU DUYÊN","Tên Đại Lý":"Cửa hàng vật tư nông nghiệp Phú Thịnh ","Địa chỉ đại lý":"Tổ 10B, ấp Chợ, xã Phú Phụng","layer_id":263,"fid":1165,"label":"Cửa hàng vật tư nông nghiệp Phú Thịnh "}},{"type":"Feature","id":1166,"geometry":{"type":"Point","coordinates":[10.3341,106.2612]},"properties":{"Họ và tên":"NGUYỄN THỊ KIM HUYỀN","Tên Đại Lý":"HỘ KINH DOANH CỬA HÀNG PHÂN BÓN, THUỐC BẢO VỆ THỰC VẬT KIM HUYỀN","Địa chỉ đại lý":"Số 261D, ấp 3, xã Nhơn Thạnh","layer_id":263,"fid":1166,"label":"HỘ KINH DOANH CỬA HÀNG PHÂN BÓN, THUỐC BẢO VỆ THỰC VẬT KIM HUYỀN"}},{"type":"Feature","id":1167,"geometry":{"type":"Point","coordinates":[10.2211,106.3135]},"properties":{"Họ và tên":"NGUYỄN THỊ KIM LOAN","Tên Đại Lý":"HỘ KINH DOANH DƯƠNG HUÂN TUẤN","Địa chỉ đại lý":"Số 92B, đường Công Lý, khu phố 2, thị trấn Mỏ Cày","layer_id":263,"fid":1167,"label":"HỘ KINH DOANH DƯƠNG HUÂN TUẤN"}},{"type":"Feature","id":1168,"geometry":{"type":"Point","coordinates":[10.1418,106.2905]},"properties":{"Họ và tên":"NGUYỄN THỊ KIM THẮM","Tên Đại Lý":"Hộ kinh doanh\n  Tấn Lực","Địa chỉ đại lý":"ấp Chợ Mới, xã Thạnh Ngãi","layer_id":263,"fid":1168,"label":"Hộ kinh doanh\n  Tấn Lực"}},{"type":"Feature","id":1169,"geometry":{"type":"Point","coordinates":[10.2708,106.3248]},"properties":{"Họ và tên":"NGUYỄN THỊ KIM THI","Tên Đại Lý":"Hộ kinh doanh  Út Hậu","Địa chỉ đại lý":"ấp Phú Thạnh, xã\n Phước Ngãi","layer_id":263,"fid":1169,"label":"Hộ kinh doanh  Út Hậu"}},{"type":"Feature","id":1170,"geometry":{"type":"Point","coordinates":[10.0238,106.5815]},"properties":{"Họ và tên":"NGUYỄN THỊ KIM THOA","Tên Đại Lý":"Địa điểm kinh doanh cửa hàng Thái Bình Cửu Long 06 – Công ty TNHH MTV Thái Bình Cửu Long","Địa chỉ đại lý":"Thửa số 51, tờ bản đồ số 22, ấp 3, xã Phú Túc","layer_id":263,"fid":1170,"label":"Địa điểm kinh doanh cửa hàng Thái Bình Cửu Long 06 – Công ty TNHH MTV Thái Bình Cửu Long"}},{"type":"Feature","id":1171,"geometry":{"type":"Point","coordinates":[10.2148,106.2408]},"properties":{"Họ và tên":"NGUYỄN THỊ KIM THUỶ","Tên Đại Lý":"Hộ kinh doanh \nKim Thuỷ","Địa chỉ đại lý":"Thửa đất số 267, tờ bản đồ số 02, ấp Tân Lễ 1, xã Tân Trung","layer_id":263,"fid":1171,"label":"Hộ kinh doanh \nKim Thuỷ"}},{"type":"Feature","id":1172,"geometry":{"type":"Point","coordinates":[10.2545,106.3562]},"properties":{"Họ và tên":"NGUYỄN THỊ KIM TUYẾN","Tên Đại Lý":"Hộ kinh doanh  Hai BOL 2","Địa chỉ đại lý":"ấp 2, xã Lương Phú","layer_id":263,"fid":1172,"label":"Hộ kinh doanh  Hai BOL 2"}},{"type":"Feature","id":1173,"geometry":{"type":"Point","coordinates":[10.2778,106.3835]},"properties":{"Họ và tên":"NGUYỄN THỊ KIM VY","Tên Đại Lý":"HỘ KINH DOANH HẢI VY","Địa chỉ đại lý":"Số 328/92, ấp Vĩnh Nam, xã Vĩnh Thành","layer_id":263,"fid":1173,"label":"HỘ KINH DOANH HẢI VY"}},{"type":"Feature","id":1174,"geometry":{"type":"Point","coordinates":[10.3005,106.4148]},"properties":{"Họ và tên":"NGUYỄN THỊ MƯỜI","Tên Đại Lý":"HỘ KINH DOANH NGUYỄN THỊ MƯỜI (10 HỪNG)","Địa chỉ đại lý":"Số 249, ấp Tiên Đông Thượng, thị trấn Tiên Thuỷ","layer_id":263,"fid":1174,"label":"HỘ KINH DOANH NGUYỄN THỊ MƯỜI (10 HỪNG)"}},{"type":"Feature","id":1175,"geometry":{"type":"Point","coordinates":[10.1505,106.3415]},"properties":{"Họ và tên":"NGUYỄN THỊ MỸ LỆ","Tên Đại Lý":"HỘ KINH DOANH NGUYỄN THỊ MỸ LỆ (ÚT NGUYÊN)","Địa chỉ đại lý":"Số 198/42, ấp Phú Hưng, xã Hưng Khánh Trung B","layer_id":263,"fid":1175,"label":"HỘ KINH DOANH NGUYỄN THỊ MỸ LỆ (ÚT NGUYÊN)"}},{"type":"Feature","id":1176,"geometry":{"type":"Point","coordinates":[10.1865,106.3208]},"properties":{"Họ và tên":"NGUYỄN THỊ NGỌC DUNG","Tên Đại Lý":"HỘ KINH DOANH NGUYỄN THỊ NGỌC DUNG (ÚT QUÂN)","Địa chỉ đại lý":"Số 192, ấp Bình Tiên 2, xã Bình Hoà","layer_id":263,"fid":1176,"label":"HỘ KINH DOANH NGUYỄN THỊ NGỌC DUNG (ÚT QUÂN)"}},{"type":"Feature","id":1177,"geometry":{"type":"Point","coordinates":[10.0348,106.5865]},"properties":{"Họ và tên":"NGUYỄN THỊ NGỌC HÂN ","Tên Đại Lý":"Hộ kinh doanh\n Ngọc Hân","Địa chỉ đại lý":"ấp Ao Vuông, xã Phú Long","layer_id":263,"fid":1177,"label":"Hộ kinh doanh\n Ngọc Hân"}},{"type":"Feature","id":1178,"geometry":{"type":"Point","coordinates":[10.1238,106.3105]},"properties":{"Họ và tên":"NGUYỄN THỊ NGUYỆT","Tên Đại Lý":"Hộ kinh doanh \nKhôi Nguyên","Địa chỉ đại lý":"Thửa đất số 516, tờ bản đồ số 30, ấp Bình An B","layer_id":263,"fid":1178,"label":"Hộ kinh doanh \nKhôi Nguyên"}},{"type":"Feature","id":1179,"geometry":{"type":"Point","coordinates":[10.2451,106.2138]},"properties":{"Họ và tên":"NGUYỄN THỊ NHẪN","Tên Đại Lý":"Hộ kinh doanh Nguyễn Thị Nhẫn","Địa chỉ đại lý":"Số 28/1A, khu phố 1, thị trấn Bình Đại","layer_id":263,"fid":1179,"label":"Hộ kinh doanh Nguyễn Thị Nhẫn"}},{"type":"Feature","id":1180,"geometry":{"type":"Point","coordinates":[10.0158,106.6021]},"properties":{"Họ và tên":"NGUYỄN THỊ RÔ LY","Tên Đại Lý":"Hộ kinh doanh \nRô Ly","Địa chỉ đại lý":"Ấp Giồng Giữa, xã Nhuận Phú Tân","layer_id":263,"fid":1180,"label":"Hộ kinh doanh \nRô Ly"}},{"type":"Feature","id":1181,"geometry":{"type":"Point","coordinates":[10.0375,106.5618]},"properties":{"Họ và tên":"NGUYỄN THỊ RỒNG","Tên Đại Lý":"HỘ KINH DOANH NĂM NGÀNH-CHI NHÁNH THÀNH TRIỆU","Địa chỉ đại lý":"Thửa đất số 1477, tờ bản đồ số 1, Ấp Chợ, xã Thành Triệu","layer_id":263,"fid":1181,"label":"HỘ KINH DOANH NĂM NGÀNH-CHI NHÁNH THÀNH TRIỆU"}},{"type":"Feature","id":1182,"geometry":{"type":"Point","coordinates":[10.3341,106.2612]},"properties":{"Họ và tên":"NGUYỄN THỊ THANH","Tên Đại Lý":"Hộ kinh doanh \nQuới Thanh","Địa chỉ đại lý":"khu phố 2, \nthị trấn Chợ Lách","layer_id":263,"fid":1182,"label":"Hộ kinh doanh \nQuới Thanh"}},{"type":"Feature","id":1183,"geometry":{"type":"Point","coordinates":[10.2211,106.3135]},"properties":{"Họ và tên":"NGUYỄN THỊ THÀNH","Tên Đại Lý":"Hộ kinh doanh  Nguyễn Thị Thành","Địa chỉ đại lý":"ấp 1, xã Hữu Định","layer_id":263,"fid":1183,"label":"Hộ kinh doanh  Nguyễn Thị Thành"}},{"type":"Feature","id":1184,"geometry":{"type":"Point","coordinates":[10.1418,106.2905]},"properties":{"Họ và tên":"NGUYỄN THỊ THANH THẢO","Tên Đại Lý":"ĐỊA ĐIỂM KINH DOANH CÔNG TY TNHH – MTV PHÂN BÓN TUYÊN PHONG","Địa chỉ đại lý":"Quốc lộ 60, thửa đất 32, tờ bản đồ số 15, ấp An Mỹ, xã An Khánh","layer_id":263,"fid":1184,"label":"ĐỊA ĐIỂM KINH DOANH CÔNG TY TNHH – MTV PHÂN BÓN TUYÊN PHONG"}},{"type":"Feature","id":1185,"geometry":{"type":"Point","coordinates":[10.1255,106.551]},"properties":{"Họ và tên":"NGUYỄN THỊ THI ","Tên Đại Lý":"Hộ kinh doanh  Thi","Địa chỉ đại lý":"ấp Giồng Lớn, \nxã Nhuận Phú Tân","layer_id":263,"fid":1185,"label":"Hộ kinh doanh  Thi"}},{"type":"Feature","id":1186,"geometry":{"type":"Point","coordinates":[10.0128,106.601]},"properties":{"Họ và tên":"NGUYỄN THỊ THU HƯƠNG","Tên Đại Lý":"Trung tâm dịch vụ kỹ thuật nông nghiệp LINACO","Địa chỉ đại lý":"Tờ bản đồ số 09, ấp Sơn Long, xã Sơn  Định","layer_id":263,"fid":1186,"label":"Trung tâm dịch vụ kỹ thuật nông nghiệp LINACO"}},{"type":"Feature","id":1187,"geometry":{"type":"Point","coordinates":[10.2312,106.4702]},"properties":{"Họ và tên":"NGUYỄN THỊ THU THẢO","Tên Đại Lý":"Hộ kinh doanh \nThịn Phát","Địa chỉ đại lý":"Số 100 D1, ấp Hàm Luông, xã Tân Phú","layer_id":263,"fid":1187,"label":"Hộ kinh doanh \nThịn Phát"}},{"type":"Feature","id":1188,"geometry":{"type":"Point","coordinates":[10.2302,106.4675]},"properties":{"Họ và tên":"NGUYỄN THỊ THUÝ LY","Tên Đại Lý":"HỘ KINH DOANH TÂN ĐIỀN","Địa chỉ đại lý":"Thửa đất số 17, tờ bản đồ số 34, ấp An Thạnh, Xã Long Thới","layer_id":263,"fid":1188,"label":"HỘ KINH DOANH TÂN ĐIỀN"}},{"type":"Feature","id":1189,"geometry":{"type":"Point","coordinates":[10.0462,106.5905]},"properties":{"Họ và tên":"NGUYỄN THỊ THUỲ TRANG","Tên Đại Lý":"Hộ kinh doanh \nPhú Hưng Thịnh","Địa chỉ đại lý":"ấp An Hoà, xã An Thạnh","layer_id":263,"fid":1189,"label":"Hộ kinh doanh \nPhú Hưng Thịnh"}},{"type":"Feature","id":1190,"geometry":{"type":"Point","coordinates":[10.252,106.3521]},"properties":{"Họ và tên":"NGUYỄN THỊ TIẾN","Tên Đại Lý":"Hộ kinh doanh Nguyễn Thị Tiến","Địa chỉ đại lý":"Số 033/PT, ấp 1 (nay là ấp Phú Thạnh), xã Phú Lễ","layer_id":263,"fid":1190,"label":"Hộ kinh doanh Nguyễn Thị Tiến"}},{"type":"Feature","id":1191,"geometry":{"type":"Point","coordinates":[10.1255,106.315]},"properties":{"Họ và tên":"NGUYỄN THỊ YẾN LINH","Tên Đại Lý":"Hộ kinh doanh cửa hàng VTNN Yến Linh","Địa chỉ đại lý":"ấp Bình Phú, xã Thạnh Trị","layer_id":263,"fid":1191,"label":"Hộ kinh doanh cửa hàng VTNN Yến Linh"}},{"type":"Feature","id":1192,"geometry":{"type":"Point","coordinates":[10.2572,106.1812]},"properties":{"Họ và tên":"NGUYỄN THỊ YẾN OANH","Tên Đại Lý":"HỘ KINH DOANH NGUYỄN THỊ YẾN OANH (OANH NGUYỄN)","Địa chỉ đại lý":"Số 217/10A, khu phố 1, thị trấn Chợ Lách","layer_id":263,"fid":1192,"label":"HỘ KINH DOANH NGUYỄN THỊ YẾN OANH (OANH NGUYỄN)"}},{"type":"Feature","id":1193,"geometry":{"type":"Point","coordinates":[10.2332,106.2615]},"properties":{"Họ và tên":"NGUYỄN TÍCH THIỆN","Tên Đại Lý":"HỘ KINH DOANH THIỆN","Địa chỉ đại lý":"Thửa đất số 47, tờ bản đồ số 10, ấp Giồng Quéo, xã An Ngãi Tây","layer_id":263,"fid":1193,"label":"HỘ KINH DOANH THIỆN"}},{"type":"Feature","id":1194,"geometry":{"type":"Point","coordinates":[10.3338,106.261]},"properties":{"Họ và tên":"NGUYỄN TIẾN SĨ","Tên Đại Lý":"Hộ kinh doanh \nSĩ  Ngoan","Địa chỉ đại lý":"339/7, ấp Phú Đa, xã Vĩnh Bình","layer_id":263,"fid":1194,"label":"Hộ kinh doanh \nSĩ  Ngoan"}},{"type":"Feature","id":1195,"geometry":{"type":"Point","coordinates":[10.0372,106.5615]},"properties":{"Họ và tên":"NGUYỄN TỐNG KIỆT ","Tên Đại Lý":"Hộ kinh doanh  Tống Kiệt","Địa chỉ đại lý":"ấp Tiên Hưng,\n xã Tiên Long","layer_id":263,"fid":1195,"label":"Hộ kinh doanh  Tống Kiệt"}},{"type":"Feature","id":1196,"geometry":{"type":"Point","coordinates":[10.334,106.2608]},"properties":{"Họ và tên":"NGUYỄN TRI PHƯƠNG","Tên Đại Lý":"Hộ kinh doanh \nPhương Thảo","Địa chỉ đại lý":"ấp Đại An, \nxã Hòa Nghĩa","layer_id":263,"fid":1196,"label":"Hộ kinh doanh \nPhương Thảo"}},{"type":"Feature","id":1197,"geometry":{"type":"Point","coordinates":[10.2208,106.3132]},"properties":{"Họ và tên":"NGUYỄN TRỌNG HỨA","Tên Đại Lý":"Hộ kinh doanh  Năm Ngành","Địa chỉ đại lý":"ấp Phú Khương, \nxã Phú Túc","layer_id":263,"fid":1197,"label":"Hộ kinh doanh  Năm Ngành"}},{"type":"Feature","id":1198,"geometry":{"type":"Point","coordinates":[10.1415,106.2902]},"properties":{"Họ và tên":"NGUYỄN TRÚC BÌNH","Tên Đại Lý":"Hộ kinh doanh vật tư nông nghiệp Phúc 2 ","Địa chỉ đại lý":"Số nhà 249, tổ 10, ấp Phú Mỹ, xã Phú Túc","layer_id":263,"fid":1198,"label":"Hộ kinh doanh vật tư nông nghiệp Phúc 2 "}},{"type":"Feature","id":1199,"geometry":{"type":"Point","coordinates":[10.2705,106.3245]},"properties":{"Họ và tên":"Nguyễn Trúc Quỳnh","Tên Đại Lý":"HKD Nguyễn Quỳnh","Địa chỉ đại lý":null,"layer_id":263,"fid":1199,"label":"HKD Nguyễn Quỳnh"}},{"type":"Feature","id":1200,"geometry":{"type":"Point","coordinates":[10.0235,106.5812]},"properties":{"Họ và tên":"NGUYỄN TRUNG MINH","Tên Đại Lý":"Hộ kinh doanh \nHai Tâm","Địa chỉ đại lý":"Tổ 11, ấp Long Phú, xã Long Định","layer_id":263,"fid":1200,"label":"Hộ kinh doanh \nHai Tâm"}},{"type":"Feature","id":1201,"geometry":{"type":"Point","coordinates":[10.2145,106.2405]},"properties":{"Họ và tên":"NGUYỄN TRUNG THIỆN","Tên Đại Lý":"Địa điểm kinh doanh cửa hàng Thái Bình Cửu Long số 05 - Công ty TNHH MTV Thái Bình Cửu Long ","Địa chỉ đại lý":"Thửa đất số 386, tờ bản đồ số 11, ấp Long Hiệp, xã Hoà Nghĩa","layer_id":263,"fid":1201,"label":"Địa điểm kinh doanh cửa hàng Thái Bình Cửu Long số 05 - Công ty TNHH MTV Thái Bình Cửu Long "}},{"type":"Feature","id":1202,"geometry":{"type":"Point","coordinates":[10.2542,106.356]},"properties":{"Họ và tên":"NGUYỄN TRUNG TÍNH","Tên Đại Lý":"Hộ kinh doanh  Tính Hằng","Địa chỉ đại lý":"ấp Phú Điền, \nxã Thuận Điền","layer_id":263,"fid":1202,"label":"Hộ kinh doanh  Tính Hằng"}},{"type":"Feature","id":1203,"geometry":{"type":"Point","coordinates":[10.2775,106.3832]},"properties":{"Họ và tên":"NGUYỄN TRƯỜNG AN","Tên Đại Lý":"Hộ kinh doanh  Tường Vân","Địa chỉ đại lý":"ấp Tân Phong, xã \nThành Thới A","layer_id":263,"fid":1203,"label":"Hộ kinh doanh  Tường Vân"}},{"type":"Feature","id":1204,"geometry":{"type":"Point","coordinates":[10.3002,106.4145]},"properties":{"Họ và tên":"NGUYỄN TRƯỜNG SƠN","Tên Đại Lý":"HỘ KINH DOANH XUÂN DIỆU","Địa chỉ đại lý":"Tổ NDTQ số 11, ấp Long Quới, xã Long Định","layer_id":263,"fid":1204,"label":"HỘ KINH DOANH XUÂN DIỆU"}},{"type":"Feature","id":1205,"geometry":{"type":"Point","coordinates":[10.1502,106.3412]},"properties":{"Họ và tên":"NGUYỄN TUẤN ANH","Tên Đại Lý":"Địa điểm kinh doanh Công ty TNHH XNK Phúc Thành Khang 09","Địa chỉ đại lý":"ấp Sơn Lân, xã Sơn Định","layer_id":263,"fid":1205,"label":"Địa điểm kinh doanh Công ty TNHH XNK Phúc Thành Khang 09"}},{"type":"Feature","id":1206,"geometry":{"type":"Point","coordinates":[10.1862,106.3205]},"properties":{"Họ và tên":"NGUYỄN TUẤN KHẢI","Tên Đại Lý":"Hộ kinh doanh\nTuấn Khải  ","Địa chỉ đại lý":"ấp Quân Bình, \nxã Tân Thiềng","layer_id":263,"fid":1206,"label":"Hộ kinh doanh\nTuấn Khải  "}},{"type":"Feature","id":1207,"geometry":{"type":"Point","coordinates":[10.0345,106.5862]},"properties":{"Họ và tên":"NGUYỄN VĂN BẢY","Tên Đại Lý":"Hợp tác bưởi da xanh Giồng Trôm","Địa chỉ đại lý":"ấp Đồng Nhơn, xã Lương Quới","layer_id":263,"fid":1207,"label":"Hợp tác bưởi da xanh Giồng Trôm"}},{"type":"Feature","id":1208,"geometry":{"type":"Point","coordinates":[10.1235,106.3102]},"properties":{"Họ và tên":"NGUYỄN VĂN BÉ HAI","Tên Đại Lý":"Hộ kinh doanh Đào","Địa chỉ đại lý":"Tổ 5, ấp Tân Đông, xã Tân Phú","layer_id":263,"fid":1208,"label":"Hộ kinh doanh Đào"}},{"type":"Feature","id":1209,"geometry":{"type":"Point","coordinates":[10.2448,106.2135]},"properties":{"Họ và tên":"NGUYỄN VĂN BỰC","Tên Đại Lý":"Cửa hàng VTNN Hai Bực\n","Địa chỉ đại lý":"Số 110/XM, âp Xóm Mới, xã Mỹ Hoà","layer_id":263,"fid":1209,"label":"Cửa hàng VTNN Hai Bực\n"}},{"type":"Feature","id":1210,"geometry":{"type":"Point","coordinates":[10.0155,106.6018]},"properties":{"Họ và tên":"NGUYỄN VĂN CHỦ","Tên Đại Lý":"Hộ kinh doanh \nÚt Đề","Địa chỉ đại lý":"Số 2001, ấp An Vĩnh 2, xã Đa Phước Hội","layer_id":263,"fid":1210,"label":"Hộ kinh doanh \nÚt Đề"}},{"type":"Feature","id":1211,"geometry":{"type":"Point","coordinates":[10.0372,106.5615]},"properties":{"Họ và tên":"NGUYỄN VĂN CỎN","Tên Đại Lý":"Hộ kinh doanh \nBảy Cỏn","Địa chỉ đại lý":"Số 156/TT, ấp Tân Thị, xã Tân Xuân","layer_id":263,"fid":1211,"label":"Hộ kinh doanh \nBảy Cỏn"}},{"type":"Feature","id":1212,"geometry":{"type":"Point","coordinates":[10.3338,106.261]},"properties":{"Họ và tên":"NGUYỄN VĂN CƯNG","Tên Đại Lý":"Hộ kinh doanh \n6 Cưng","Địa chỉ đại lý":"Tổ NDTQ số 12, ấp Hữu Thành, xã Hữu Định","layer_id":263,"fid":1212,"label":"Hộ kinh doanh \n6 Cưng"}},{"type":"Feature","id":1213,"geometry":{"type":"Point","coordinates":[10.2208,106.3132]},"properties":{"Họ và tên":"NGUYỄN VĂN ĐỜ RO","Tên Đại Lý":"Hộ kinh doanh \nNguyễn Văn Đờ Ro","Địa chỉ đại lý":"Số 17, ấp Tích Phúc, xã Khánh Thạnh Tân","layer_id":263,"fid":1213,"label":"Hộ kinh doanh \nNguyễn Văn Đờ Ro"}},{"type":"Feature","id":1214,"geometry":{"type":"Point","coordinates":[10.1415,106.2902]},"properties":{"Họ và tên":"NGUYỄN VĂN DỦ","Tên Đại Lý":"Hộ kinh doanh  Nguyễn Văn Dủ","Địa chỉ đại lý":"365, ấp Vinh Xương, xã Vang Quới Đông","layer_id":263,"fid":1214,"label":"Hộ kinh doanh  Nguyễn Văn Dủ"}},{"type":"Feature","id":1215,"geometry":{"type":"Point","coordinates":[10.2705,106.3245]},"properties":{"Họ và tên":"NGUYỄN VĂN ĐỨC","Tên Đại Lý":"Hộ kinh doanh  Ngọc Trinh","Địa chỉ đại lý":"số 165 B, ấp Phú Xuân, xã Phú Túc","layer_id":263,"fid":1215,"label":"Hộ kinh doanh  Ngọc Trinh"}},{"type":"Feature","id":1216,"geometry":{"type":"Point","coordinates":[10.0235,106.5812]},"properties":{"Họ và tên":"NGUYỄN VĂN ĐỨC","Tên Đại Lý":"Hộ kinh doanh NGUYỄN VĂN ĐỨC","Địa chỉ đại lý":"Số 125, ấp Giồng Lớn, xã Nhuận Phú Tân","layer_id":263,"fid":1216,"label":"Hộ kinh doanh NGUYỄN VĂN ĐỨC"}},{"type":"Feature","id":1217,"geometry":{"type":"Point","coordinates":[10.2145,106.2405]},"properties":{"Họ và tên":"NGUYỄN VĂN DŨNG","Tên Đại Lý":"Hộ kinh doanh  Tiến Hưng","Địa chỉ đại lý":"251 C/7, ấp An Thạnh, xã An Khánh","layer_id":263,"fid":1217,"label":"Hộ kinh doanh  Tiến Hưng"}},{"type":"Feature","id":1218,"geometry":{"type":"Point","coordinates":[10.2542,106.356]},"properties":{"Họ và tên":"NGUYỄN VĂN DUY","Tên Đại Lý":"Hộ kinh doanh \nBVTV Thanh Duy","Địa chỉ đại lý":"Thửa đất số 326, tờ bản đổ số 11, ấp Long Huê, xã Long Thới","layer_id":263,"fid":1218,"label":"Hộ kinh doanh \nBVTV Thanh Duy"}},{"type":"Feature","id":1219,"geometry":{"type":"Point","coordinates":[10.2775,106.3832]},"properties":{"Họ và tên":"NGUYỄN VĂN HAI","Tên Đại Lý":"Hộ kinh doanh\n  Hai Hương","Địa chỉ đại lý":"ấp Tân Trung, xã Hưng Khánh Trung B","layer_id":263,"fid":1219,"label":"Hộ kinh doanh\n  Hai Hương"}},{"type":"Feature","id":1220,"geometry":{"type":"Point","coordinates":[10.3002,106.4145]},"properties":{"Họ và tên":"NGUYỄN VĂN HẢI ","Tên Đại Lý":"Hộ kinh doanh Thuý Hải","Địa chỉ đại lý":"ấp Thanh Trung, xã Hưng Khánh Trung B","layer_id":263,"fid":1220,"label":"Hộ kinh doanh Thuý Hải"}},{"type":"Feature","id":1221,"geometry":{"type":"Point","coordinates":[10.1502,106.3412]},"properties":{"Họ và tên":"NGUYỄN VĂN HÀO","Tên Đại Lý":"Hộ kinh doanh \nNguyễn Văn Hào","Địa chỉ đại lý":"Tổ 66, ấp Đại Định (ấp 4) , xã Hữu Định","layer_id":263,"fid":1221,"label":"Hộ kinh doanh \nNguyễn Văn Hào"}},{"type":"Feature","id":1222,"geometry":{"type":"Point","coordinates":[10.1862,106.3205]},"properties":{"Họ và tên":"NGUYỄN VĂN HÂY","Tên Đại Lý":"HỘ KINH DOANH ĐẠI LÝ PHÂN THUỐC NGUYỄN VĂN HÂY","Địa chỉ đại lý":"Số 164/ML, Ấp Mỹ Lợi, xã Mỹ Thạnh","layer_id":263,"fid":1222,"label":"HỘ KINH DOANH ĐẠI LÝ PHÂN THUỐC NGUYỄN VĂN HÂY"}},{"type":"Feature","id":1223,"geometry":{"type":"Point","coordinates":[10.0345,106.5862]},"properties":{"Họ và tên":"NGUYỄN VĂN HẾT","Tên Đại Lý":"Doanh nghiệp tư nhân Mỹ Nhơn","Địa chỉ đại lý":"Số 238, ấp 2, xã Mỹ Nhơn","layer_id":263,"fid":1223,"label":"Doanh nghiệp tư nhân Mỹ Nhơn"}},{"type":"Feature","id":1224,"geometry":{"type":"Point","coordinates":[10.1235,106.3102]},"properties":{"Họ và tên":"NGUYỄN VĂN HOẢNH","Tên Đại Lý":"Hộ kinh doanh \nTám Hoảnh","Địa chỉ đại lý":"Số 13A, tổ NDTQ số 11, KP3, thị trấn Giồng Trôm","layer_id":263,"fid":1224,"label":"Hộ kinh doanh \nTám Hoảnh"}},{"type":"Feature","id":1225,"geometry":{"type":"Point","coordinates":[10.2448,106.2135]},"properties":{"Họ và tên":"NGUYỄN VĂN HUY","Tên Đại Lý":"Hộ kinh doanh Nguyễn Văn Huy","Địa chỉ đại lý":"Số 128, ấp 1 (nay là ấp Phú Điền), xã Thuận Điền","layer_id":263,"fid":1225,"label":"Hộ kinh doanh Nguyễn Văn Huy"}},{"type":"Feature","id":1226,"geometry":{"type":"Point","coordinates":[10.0155,106.6018]},"properties":{"Họ và tên":"NGUYỄN VĂN KIỆT","Tên Đại Lý":"Hộ kinh doanh Nguyễn Văn Kiệt","Địa chỉ đại lý":"Số 454/NP, ấp Nhơn Phú, xã Mỹ Nhơn","layer_id":263,"fid":1226,"label":"Hộ kinh doanh Nguyễn Văn Kiệt"}},{"type":"Feature","id":1227,"geometry":{"type":"Point","coordinates":[10.0372,106.5615]},"properties":{"Họ và tên":"NGUYỄN VĂN LÀO","Tên Đại Lý":"HỘ KINH DOANH NGUYỄN VĂN LÀO","Địa chỉ đại lý":"Số 45B/3, ấp 3, xã Sơn Đông","layer_id":263,"fid":1227,"label":"HỘ KINH DOANH NGUYỄN VĂN LÀO"}},{"type":"Feature","id":1228,"geometry":{"type":"Point","coordinates":[10.3338,106.261]},"properties":{"Họ và tên":"NGUYỄN VĂN LẠT","Tên Đại Lý":"Hộ kinh doanh Út Lạt","Địa chỉ đại lý":"Số 16/3, ấp Quí An, xã Hoà Lợi","layer_id":263,"fid":1228,"label":"Hộ kinh doanh Út Lạt"}},{"type":"Feature","id":1229,"geometry":{"type":"Point","coordinates":[10.2208,106.3132]},"properties":{"Họ và tên":"NGUYỄN VĂN LƯỢNG","Tên Đại Lý":"Hộ kinh doanh  Tư Lượng","Địa chỉ đại lý":"ấp Tân Nam,\n xã Tân Phú","layer_id":263,"fid":1229,"label":"Hộ kinh doanh  Tư Lượng"}},{"type":"Feature","id":1230,"geometry":{"type":"Point","coordinates":[10.1415,106.2902]},"properties":{"Họ và tên":"NGUYỄN VĂN MINH","Tên Đại Lý":"Hộ kinh doanh Út Ngò III","Địa chỉ đại lý":"Tổ 6B, ấp Phú Mỹ, xã Phú Túc","layer_id":263,"fid":1230,"label":"Hộ kinh doanh Út Ngò III"}},{"type":"Feature","id":1231,"geometry":{"type":"Point","coordinates":[10.2705,106.3245]},"properties":{"Họ và tên":"NGUYỄN VĂN NĂM","Tên Đại Lý":"Hộ kinh doanh  Năm Luyền","Địa chỉ đại lý":"ấp Thiện Lương,\n xã Tân Thiềng","layer_id":263,"fid":1231,"label":"Hộ kinh doanh  Năm Luyền"}},{"type":"Feature","id":1232,"geometry":{"type":"Point","coordinates":[10.0235,106.5812]},"properties":{"Họ và tên":"NGUYỄN VĂN NHƠN ","Tên Đại Lý":"Hộ kinh doanh Minh Đăng I ","Địa chỉ đại lý":"ấp Bình An A,\n thị trấn Chợ Lách","layer_id":263,"fid":1232,"label":"Hộ kinh doanh Minh Đăng I "}},{"type":"Feature","id":1233,"geometry":{"type":"Point","coordinates":[10.2145,106.2405]},"properties":{"Họ và tên":"NGUYỄN VĂN SÁU","Tên Đại Lý":"HỘ KINH DOANH VTNN MỸ DUNG","Địa chỉ đại lý":"Số 14/2 Hùng Vương, phường An Hội","layer_id":263,"fid":1233,"label":"HỘ KINH DOANH VTNN MỸ DUNG"}},{"type":"Feature","id":1234,"geometry":{"type":"Point","coordinates":[10.2542,106.356]},"properties":{"Họ và tên":"NGUYỄN VĂN THAN","Tên Đại Lý":"Hộ kinh doanh Ngọc Xoàn","Địa chỉ đại lý":"Số 121/2, ấp Giao Hòa A, xã Giao Thạnh","layer_id":263,"fid":1234,"label":"Hộ kinh doanh Ngọc Xoàn"}},{"type":"Feature","id":1235,"geometry":{"type":"Point","coordinates":[10.1582,106.321]},"properties":{"Họ và tên":"NGUYỄN VĂN THANH","Tên Đại Lý":"Hộ kinh doanh cửa hàng thuốc bảo vệ thực vật Mười Phót","Địa chỉ đại lý":"Số 214/BB, ấp Bến Bàu, xã Mỹ Chánh","layer_id":263,"fid":1235,"label":"Hộ kinh doanh cửa hàng thuốc bảo vệ thực vật Mười Phót"}},{"type":"Feature","id":1236,"geometry":{"type":"Point","coordinates":[10.1412,106.2892]},"properties":{"Họ và tên":"NGUYỄN VĂN TIÊN","Tên Đại Lý":"Cửa hàng vật tư nông nghiệp Tiên","Địa chỉ đại lý":"Số 48, ấp Ông Cốm, xã Thạnh Ngãi","layer_id":263,"fid":1236,"label":"Cửa hàng vật tư nông nghiệp Tiên"}},{"type":"Feature","id":1237,"geometry":{"type":"Point","coordinates":[10.1862,106.3195]},"properties":{"Họ và tên":"NGUYỄN VĂN TRUNG","Tên Đại Lý":"Hộ kinh doanh \nNguyễn Trung","Địa chỉ đại lý":"Số 478/29, ấp Vĩnh Hưng I, xã Vĩnh Thành","layer_id":263,"fid":1237,"label":"Hộ kinh doanh \nNguyễn Trung"}},{"type":"Feature","id":1238,"geometry":{"type":"Point","coordinates":[10.171,106.2742]},"properties":{"Họ và tên":"NGUYỄN VĂN TRUYỀN","Tên Đại Lý":"HỘ KINH DOANH NGUYỄN VĂN TRUYỀN (NĂM TRUYỀN)","Địa chỉ đại lý":"Số 308/46, ấp Tân Nhơn, xã Hưng Khánh Trung A","layer_id":263,"fid":1238,"label":"HỘ KINH DOANH NGUYỄN VĂN TRUYỀN (NĂM TRUYỀN)"}},{"type":"Feature","id":1239,"geometry":{"type":"Point","coordinates":[10.158,106.2502]},"properties":{"Họ và tên":"NGUYỄN VĂN TUẤN","Tên Đại Lý":"HỘ KINH DOANH TUẤN KHẢI","Địa chỉ đại lý":"Số 327/34, ấp Bình Tây, xã Vĩnh Thành","layer_id":263,"fid":1239,"label":"HỘ KINH DOANH TUẤN KHẢI"}},{"type":"Feature","id":1240,"geometry":{"type":"Point","coordinates":[10.145,106.2975]},"properties":{"Họ và tên":"NGUYỄN VĂN TUẤN EM","Tên Đại Lý":"Hộ kinh doanh  Tuấn Linh","Địa chỉ đại lý":"ấp 4 , xã Sơn Phú","layer_id":263,"fid":1240,"label":"Hộ kinh doanh  Tuấn Linh"}},{"type":"Feature","id":1241,"geometry":{"type":"Point","coordinates":[10.1865,106.3202]},"properties":{"Họ và tên":"NGUYỄN VĂN ÚT","Tên Đại Lý":"Hộ kinh doanh  Nguyễn Văn Út","Địa chỉ đại lý":"ấp Phúc Hiệp, \nxã Phú Sơn","layer_id":263,"fid":1241,"label":"Hộ kinh doanh  Nguyễn Văn Út"}},{"type":"Feature","id":1242,"geometry":{"type":"Point","coordinates":[10.1115,106.5235]},"properties":{"Họ và tên":"NGUYỄN VĂN YẾN","Tên Đại Lý":"Hộ kinh doanh \nNguyễn Văn Yến","Địa chỉ đại lý":"364/AH, âp An Hoà, xã An Bình Tây","layer_id":263,"fid":1242,"label":"Hộ kinh doanh \nNguyễn Văn Yến"}},{"type":"Feature","id":1243,"geometry":{"type":"Point","coordinates":[10.1542,106.3102]},"properties":{"Họ và tên":"NGUYỄN VIỆT BẤT","Tên Đại Lý":"Địa điểm kinh doanh Công ty MTV Nông Nghiệp Quốc Nông – Số 01\n  ","Địa chỉ đại lý":"ấp Hưng Nhơn, xã Hòa Nghĩa","layer_id":263,"fid":1243,"label":"Địa điểm kinh doanh Công ty MTV Nông Nghiệp Quốc Nông – Số 01\n  "}},{"type":"Feature","id":1244,"geometry":{"type":"Point","coordinates":[10.1862,106.3205]},"properties":{"Họ và tên":"NGUYỄN VŨ MINH","Tên Đại Lý":"Hộ kinh doanh\n  Võ Văn Thạnh","Địa chỉ đại lý":"ấp Tân Lợi, xã Tân Phú Tây","layer_id":263,"fid":1244,"label":"Hộ kinh doanh\n  Võ Văn Thạnh"}},{"type":"Feature","id":1245,"geometry":{"type":"Point","coordinates":[10.2405,106.3672]},"properties":{"Họ và tên":"NGUYỄN VŨ MINH","Tên Đại Lý":"CÔNG TY TNHH THƯƠNG MẠI DỊCH VỤ NÔNG NGHIỆP MINH NGUYÊN","Địa chỉ đại lý":"Số 474, tổ 12, ấp Bình Đông 2, xã Hương Mỹ","layer_id":263,"fid":1245,"label":"CÔNG TY TNHH THƯƠNG MẠI DỊCH VỤ NÔNG NGHIỆP MINH NGUYÊN"}},{"type":"Feature","id":1246,"geometry":{"type":"Point","coordinates":[10.2238,106.3345]},"properties":{"Họ và tên":"NGUYỄN XUÂN HOÀNG","Tên Đại Lý":"CÔNG TY TNHH TM NÔNG DƯỢC TẤN THUẬN – ĐỊA ĐIỂM KINH DOANH TẤN THUẬN 03","Địa chỉ đại lý":"Thửa đất số 735, tờ bản đồ số 10, ấp Long Huê, xã Long Thới","layer_id":263,"fid":1246,"label":"CÔNG TY TNHH TM NÔNG DƯỢC TẤN THUẬN – ĐỊA ĐIỂM KINH DOANH TẤN THUẬN 03"}},{"type":"Feature","id":1247,"geometry":{"type":"Point","coordinates":[10.1635,106.2862]},"properties":{"Họ và tên":"NGUYỄN XUÂN KIỆT","Tên Đại Lý":"HỘ KINH DOANH THÀNH NGHĨA","Địa chỉ đại lý":"Số 208, ấp Định Thọ, xã Tường Đa","layer_id":263,"fid":1247,"label":"HỘ KINH DOANH THÀNH NGHĨA"}},{"type":"Feature","id":1248,"geometry":{"type":"Point","coordinates":[10.2145,106.2405]},"properties":{"Họ và tên":"PHẠM ĐỨC HUY","Tên Đại Lý":"Hộ kinh doanh \n","Địa chỉ đại lý":"Số 71, tổ NDTQ số 11, ấp Bình An, xã Tường Đa","layer_id":263,"fid":1248,"label":"Hộ kinh doanh \n"}},{"type":"Feature","id":1249,"geometry":{"type":"Point","coordinates":[10.2575,106.1812]},"properties":{"Họ và tên":"PHẠM HỒNG TIẾN","Tên Đại Lý":"Đại lý phân bón\n Tiến Hạnh","Địa chỉ đại lý":"ấp Phong Quới, \nxã Phong Nẫm","layer_id":263,"fid":1249,"label":"Đại lý phân bón\n Tiến Hạnh"}},{"type":"Feature","id":1250,"geometry":{"type":"Point","coordinates":[10.1702,106.2745]},"properties":{"Họ và tên":"PHẠM HÙNG DŨNG","Tên Đại Lý":"Hộ kinh doanh  Hùng Dũng","Địa chỉ đại lý":"ấp Thạnh Lợi, \nxã Bình Thạnh","layer_id":263,"fid":1250,"label":"Hộ kinh doanh  Hùng Dũng"}},{"type":"Feature","id":1251,"geometry":{"type":"Point","coordinates":[10.1415,106.2902]},"properties":{"Họ và tên":"PHẠM HÙNG SƠN","Tên Đại Lý":"HỘ KINH DOANH CỬA HÀNG THUỐC BẢO VỆ THỰC VẬT BA HÙNG","Địa chỉ đại lý":"Số 249/1 Khu phố 1, thị trấn Thạnh Phú","layer_id":263,"fid":1251,"label":"HỘ KINH DOANH CỬA HÀNG THUỐC BẢO VỆ THỰC VẬT BA HÙNG"}},{"type":"Feature","id":1252,"geometry":{"type":"Point","coordinates":[10.1862,106.3205]},"properties":{"Họ và tên":"PHẠM MINH MẪN","Tên Đại Lý":"Hộ kinh doanh  Minh Mẫn","Địa chỉ đại lý":"22/1, ấp Thạnh Khương B, xã Mỹ Hưng","layer_id":263,"fid":1252,"label":"Hộ kinh doanh  Minh Mẫn"}},{"type":"Feature","id":1253,"geometry":{"type":"Point","coordinates":[10.2355,106.4702]},"properties":{"Họ và tên":"PHẠM NGỌC ĐỨC","Tên Đại Lý":"HỘ KINH DOANH AN TRƯỜNG THỊNH","Địa chỉ đại lý":"Thửa đất số 535, tờ bản đồ số 1, ấp Long Thạnh, xã Giao Long","layer_id":263,"fid":1253,"label":"HỘ KINH DOANH AN TRƯỜNG THỊNH"}},{"type":"Feature","id":1254,"geometry":{"type":"Point","coordinates":[10.2302,106.4675]},"properties":{"Họ và tên":"PHẠM NGỌC THẢO","Tên Đại Lý":"Hộ kinh doanh Tư Đức","Địa chỉ đại lý":"ấp Hòa II, \nxã Vĩnh Hòa","layer_id":263,"fid":1254,"label":"Hộ kinh doanh Tư Đức"}},{"type":"Feature","id":1255,"geometry":{"type":"Point","coordinates":[10.158,106.2502]},"properties":{"Họ và tên":"PHẠM NGỌC THẢO","Tên Đại Lý":"ĐỊA ĐIỂM KINH DOANH TÂN PHÚ CÔNG TY TNHH DR. DURIAN ","Địa chỉ đại lý":"Thửa đất 2248, tờ bản đồ số 02, Tổ 3, ấp Tân Bắc, xã Tân Phú","layer_id":263,"fid":1255,"label":"ĐỊA ĐIỂM KINH DOANH TÂN PHÚ CÔNG TY TNHH DR. DURIAN "}},{"type":"Feature","id":1256,"geometry":{"type":"Point","coordinates":[10.145,106.2975]},"properties":{"Họ và tên":"PHẠM THANH LONG","Tên Đại Lý":"Hộ kinh doanh \nPhạm Thanh Long","Địa chỉ đại lý":"Số 155, tổ NDTQ số 8, ấp An Thuận, xã Tân Thanh","layer_id":263,"fid":1256,"label":"Hộ kinh doanh \nPhạm Thanh Long"}},{"type":"Feature","id":1257,"geometry":{"type":"Point","coordinates":[10.1865,106.3202]},"properties":{"Họ và tên":"PHẠM THANH PHONG","Tên Đại Lý":"Hộ kinh doanh \nBa Tra","Địa chỉ đại lý":"Số 160/CV, ấp Cầu Vĩ, xã Mỹ Chánh","layer_id":263,"fid":1257,"label":"Hộ kinh doanh \nBa Tra"}},{"type":"Feature","id":1258,"geometry":{"type":"Point","coordinates":[10.1115,106.5235]},"properties":{"Họ và tên":"PHẠM THÀNH TRUNG","Tên Đại Lý":"HỘ KINH DOANH PHÂN BÓN, THUỐC BẢO VỆ THỰC VẬT THÀNH TRUNG","Địa chỉ đại lý":"Số 637, tổ NDTQ số 10, ấp Bình Tiên, xã Bình Thành","layer_id":263,"fid":1258,"label":"HỘ KINH DOANH PHÂN BÓN, THUỐC BẢO VỆ THỰC VẬT THÀNH TRUNG"}},{"type":"Feature","id":1259,"geometry":{"type":"Point","coordinates":[10.252,106.3521]},"properties":{"Họ và tên":"PHẠM THẾ CHUẨN","Tên Đại Lý":"HỘ KINH DOANH CỬA HÀNG SỐ 18","Địa chỉ đại lý":"Tổ NDTQ số 06, ấp Lộc Hoà, xã, Lộc Thuận","layer_id":263,"fid":1259,"label":"HỘ KINH DOANH CỬA HÀNG SỐ 18"}},{"type":"Feature","id":1260,"geometry":{"type":"Point","coordinates":[10.1255,106.315]},"properties":{"Họ và tên":"PHẠM THỊ ĐIỀN","Tên Đại Lý":"Hộ kinh doanh  Điền An","Địa chỉ đại lý":"số 88, ấp Bình Khương, xã Châu Bình","layer_id":263,"fid":1260,"label":"Hộ kinh doanh  Điền An"}},{"type":"Feature","id":1261,"geometry":{"type":"Point","coordinates":[10.2572,106.1812]},"properties":{"Họ và tên":"PHẠM THỊ HOÀNG DUNG","Tên Đại Lý":"HỘ KINH DOANH PHẠM THỊ HOÀNG DUNG (NĂM NGÀNH CHI NHÁNH 4)","Địa chỉ đại lý":"Thửa đất số 531, tờ bản đồ số 19, ấp Tân Bắc, xã Tân Phú","layer_id":263,"fid":1261,"label":"HỘ KINH DOANH PHẠM THỊ HOÀNG DUNG (NĂM NGÀNH CHI NHÁNH 4)"}},{"type":"Feature","id":1262,"geometry":{"type":"Point","coordinates":[10.1702,106.2745]},"properties":{"Họ và tên":"PHẠM THỊ MAI PHƯƠNG ","Tên Đại Lý":"Địa điểm kinh doanh \nCông ty TNHH XNK Phúc Thành Khang 06","Địa chỉ đại lý":"ấp Bình Thanh, \nxã Hòa Nghĩa","layer_id":263,"fid":1262,"label":"Địa điểm kinh doanh \nCông ty TNHH XNK Phúc Thành Khang 06"}},{"type":"Feature","id":1263,"geometry":{"type":"Point","coordinates":[10.1415,106.2902]},"properties":{"Họ và tên":"PHẠM THỊ NGA","Tên Đại Lý":"Hộ kinh doanh  Phạm Thị Nga","Địa chỉ đại lý":"ấp 3, xã \nBình Thới","layer_id":263,"fid":1263,"label":"Hộ kinh doanh  Phạm Thị Nga"}},{"type":"Feature","id":1264,"geometry":{"type":"Point","coordinates":[10.1862,106.3205]},"properties":{"Họ và tên":"PHẠM THỊ NGỌC TRÂM","Tên Đại Lý":"Hộ kinh doanh\n  Sáu Lợi","Địa chỉ đại lý":"ấp Phú Thuận, xã Châu Hoà","layer_id":263,"fid":1264,"label":"Hộ kinh doanh\n  Sáu Lợi"}},{"type":"Feature","id":1265,"geometry":{"type":"Point","coordinates":[10.2355,106.4702]},"properties":{"Họ và tên":"PHẠM THỊ NO ","Tên Đại Lý":"Hộ kinh doanh Phạm Thị No","Địa chỉ đại lý":"ấp Phú Long, xã Hưng Khánh Trung B","layer_id":263,"fid":1265,"label":"Hộ kinh doanh Phạm Thị No"}},{"type":"Feature","id":1266,"geometry":{"type":"Point","coordinates":[10.2302,106.4675]},"properties":{"Họ và tên":"PHẠM THỊ THANH THUÝ","Tên Đại Lý":"HỘ KINH DOANH PHÁT ĐẠT (HAI ĐÁ)","Địa chỉ đại lý":"Số 36, ấp Phú Trạch 1, xã Cẩm Sơn","layer_id":263,"fid":1266,"label":"HỘ KINH DOANH PHÁT ĐẠT (HAI ĐÁ)"}},{"type":"Feature","id":1267,"geometry":{"type":"Point","coordinates":[10.0462,106.5905]},"properties":{"Họ và tên":"PHẠM THỊ TRÚC PHƯƠNG","Tên Đại Lý":"Hộ kinh doanh  Vũ Phương","Địa chỉ đại lý":"ấp Phú Lơi, \nxã Phú Khánh","layer_id":263,"fid":1267,"label":"Hộ kinh doanh  Vũ Phương"}},{"type":"Feature","id":1268,"geometry":{"type":"Point","coordinates":[10.1502,106.3412]},"properties":{"Họ và tên":"PHẠM VĂN CHUẨN","Tên Đại Lý":"Cửa hàng bảo vệ thực vật số 18","Địa chỉ đại lý":"Số 168, ấp Lộc Sơn, xã Lộc Thuận","layer_id":263,"fid":1268,"label":"Cửa hàng bảo vệ thực vật số 18"}},{"type":"Feature","id":1269,"geometry":{"type":"Point","coordinates":[10.1862,106.3205]},"properties":{"Họ và tên":"PHẠM VĂN LIN","Tên Đại Lý":"Hộ kinh doanh Khang Thịnh Long Thới","Địa chỉ đại lý":"Thửa đất số 345, tờ bản đồ số 20, ấp An Quy, xã Long Thới","layer_id":263,"fid":1269,"label":"Hộ kinh doanh Khang Thịnh Long Thới"}},{"type":"Feature","id":1270,"geometry":{"type":"Point","coordinates":[10.0345,106.5862]},"properties":{"Họ và tên":"PHẠM VĂN LINH EM","Tên Đại Lý":"Hộ kinh doanh cửa hàng BVTV THANH TRÚC","Địa chỉ đại lý":"Số 433/MT, ấp Mỹ Trung, xã Mỹ Thạnh","layer_id":263,"fid":1270,"label":"Hộ kinh doanh cửa hàng BVTV THANH TRÚC"}},{"type":"Feature","id":1271,"geometry":{"type":"Point","coordinates":[10.1235,106.3102]},"properties":{"Họ và tên":"PHẠM VĂN NHỨT","Tên Đại Lý":"Hộ kinh doanh \nBa Nhứt","Địa chỉ đại lý":"Ấp 1, xã Hưng Nhượng","layer_id":263,"fid":1271,"label":"Hộ kinh doanh \nBa Nhứt"}},{"type":"Feature","id":1272,"geometry":{"type":"Point","coordinates":[10.2448,106.2135]},"properties":{"Họ và tên":"PHẠM VĂN THẢO","Tên Đại Lý":"HỘ KINH DOANH TƯ THẢO","Địa chỉ đại lý":"ấp Bến Vựa, xã Vĩnh Hoà","layer_id":263,"fid":1272,"label":"HỘ KINH DOANH TƯ THẢO"}},{"type":"Feature","id":1273,"geometry":{"type":"Point","coordinates":[10.0155,106.6018]},"properties":{"Họ và tên":"PHẠM VĂN THỌ","Tên Đại Lý":"Hộ kinh doanh Phạm Văn Thọ","Địa chỉ đại lý":"Số 084/NT, ấp Nhơn Thuận, xã Mỹ Nhơn","layer_id":263,"fid":1273,"label":"Hộ kinh doanh Phạm Văn Thọ"}},{"type":"Feature","id":1274,"geometry":{"type":"Point","coordinates":[10.0372,106.5615]},"properties":{"Họ và tên":"PHẠM VĂN VŨ","Tên Đại Lý":"Hộ kinh doanh  Vũ Phương","Địa chỉ đại lý":"số 464/55, ấp Lân Đông, xã Phú Sơn","layer_id":263,"fid":1274,"label":"Hộ kinh doanh  Vũ Phương"}},{"type":"Feature","id":1275,"geometry":{"type":"Point","coordinates":[10.3338,106.261]},"properties":{"Họ và tên":"PHAN CHÂU THỊNH","Tên Đại Lý":"Hộ kinh doanh \nHưng Thịnh","Địa chỉ đại lý":"số 70/29, ấp Vĩnh Hưng I, xã Vĩnh Thành","layer_id":263,"fid":1275,"label":"Hộ kinh doanh \nHưng Thịnh"}},{"type":"Feature","id":1276,"geometry":{"type":"Point","coordinates":[10.2208,106.3132]},"properties":{"Họ và tên":"PHAN CÔNG DANH","Tên Đại Lý":"ĐỊA ĐIỂM KINH DOANH PHÚ PHỤNG CÔNG TY TNHH DR. DURIAN","Địa chỉ đại lý":"Thửa đất 671, tờ bản đồ số 12, ấp Chợ, xã Phú Phụng","layer_id":263,"fid":1276,"label":"ĐỊA ĐIỂM KINH DOANH PHÚ PHỤNG CÔNG TY TNHH DR. DURIAN"}},{"type":"Feature","id":1277,"geometry":{"type":"Point","coordinates":[10.1415,106.2902]},"properties":{"Họ và tên":"PHAN DANH TRƯỜNG","Tên Đại Lý":"HỘ KINH DOANH PHAN DANH TRƯỜNG (NHI TRƯỜNG)","Địa chỉ đại lý":"Thửa đất số 140, tờ bản đồ số 01, ấp Tây Lộc, xã Vĩnh Thành","layer_id":263,"fid":1277,"label":"HỘ KINH DOANH PHAN DANH TRƯỜNG (NHI TRƯỜNG)"}},{"type":"Feature","id":1278,"geometry":{"type":"Point","coordinates":[10.2705,106.3245]},"properties":{"Họ và tên":"PHAN HỮU TÀI","Tên Đại Lý":"HỘ KINH DOANH HỮU PHÁT","Địa chỉ đại lý":"số 48/2, ấp Thạnh Lợi, xã Thạnh Phong","layer_id":263,"fid":1278,"label":"HỘ KINH DOANH HỮU PHÁT"}},{"type":"Feature","id":1279,"geometry":{"type":"Point","coordinates":[10.0235,106.5812]},"properties":{"Họ và tên":"PHAN HUY THƯỢC","Tên Đại Lý":"Hộ kinh doanh \nHuy Thược","Địa chỉ đại lý":"Ấp 2, xã Hưng Nhượng","layer_id":263,"fid":1279,"label":"Hộ kinh doanh \nHuy Thược"}},{"type":"Feature","id":1280,"geometry":{"type":"Point","coordinates":[10.2145,106.2405]},"properties":{"Họ và tên":"PHAN QUỐC ĐẠT","Tên Đại Lý":"Hộ kinh doanh  Phan Quốc Đạt","Địa chỉ đại lý":"244B, ấp Tân Nam,\n xã Tân Phú","layer_id":263,"fid":1280,"label":"Hộ kinh doanh  Phan Quốc Đạt"}},{"type":"Feature","id":1281,"geometry":{"type":"Point","coordinates":[10.2542,106.356]},"properties":{"Họ và tên":"PHAN QUỐC ĐẠT","Tên Đại Lý":"Hộ kinh doanh  Quốc Đạt","Địa chỉ đại lý":"ấp Gia Thạnh, \nxã Thạnh Ngãi","layer_id":263,"fid":1281,"label":"Hộ kinh doanh  Quốc Đạt"}},{"type":"Feature","id":1282,"geometry":{"type":"Point","coordinates":[10.2775,106.3832]},"properties":{"Họ và tên":"PHAN THANH TRẠNG","Tên Đại Lý":"Hộ kinh doanh  Phan Thanh Trạng","Địa chỉ đại lý":"ấp 4, xã \nAn Phú Trung","layer_id":263,"fid":1282,"label":"Hộ kinh doanh  Phan Thanh Trạng"}},{"type":"Feature","id":1283,"geometry":{"type":"Point","coordinates":[10.3002,106.4145]},"properties":{"Họ và tên":"PHAN THANH TÙNG","Tên Đại Lý":"HỘ KINH DOANH TẠP HOÁ THANH TÙNG","Địa chỉ đại lý":"Số 097/BV, ấp Bến Vựa, xã Vĩnh Hoà","layer_id":263,"fid":1283,"label":"HỘ KINH DOANH TẠP HOÁ THANH TÙNG"}},{"type":"Feature","id":1284,"geometry":{"type":"Point","coordinates":[10.1502,106.3412]},"properties":{"Họ và tên":"PHAN THỊ BẠCH TUYẾT","Tên Đại Lý":"Hộ kinh doanh \nTrường Nhân","Địa chỉ đại lý":"Số 135,  ấp 3, xã Bình Thành","layer_id":263,"fid":1284,"label":"Hộ kinh doanh \nTrường Nhân"}},{"type":"Feature","id":1285,"geometry":{"type":"Point","coordinates":[10.1865,106.3208]},"properties":{"Họ và tên":"PHAN THỊ CẨM DUYÊN","Tên Đại Lý":"Hộ kinh doanh Út Na","Địa chỉ đại lý":"ấp Lân Đông, \nxã Phú Sơn","layer_id":263,"fid":1285,"label":"Hộ kinh doanh Út Na"}},{"type":"Feature","id":1286,"geometry":{"type":"Point","coordinates":[10.0348,106.5865]},"properties":{"Họ và tên":"PHAN THỊ NGỌC CHÂU","Tên Đại Lý":"Địa điểm kinh doanh cửa hàng Thái Bình Cửu Long Số 05","Địa chỉ đại lý":"Thửa đất số 475, tờ bản đồ số 15, ấp Tân Thạnh","layer_id":263,"fid":1286,"label":"Địa điểm kinh doanh cửa hàng Thái Bình Cửu Long Số 05"}},{"type":"Feature","id":1287,"geometry":{"type":"Point","coordinates":[10.1238,106.3105]},"properties":{"Họ và tên":"PHAN THỊ NGỌC GIÀU","Tên Đại Lý":"Hộ kinh doanh \nTrung Tâm","Địa chỉ đại lý":"ấp Thạnh Thới B, xã Thạnh Hải","layer_id":263,"fid":1287,"label":"Hộ kinh doanh \nTrung Tâm"}},{"type":"Feature","id":1288,"geometry":{"type":"Point","coordinates":[10.2451,106.2138]},"properties":{"Họ và tên":"Phan Thị Thanh Ngân","Tên Đại Lý":"HKD cửa hàng VTNN Tường Duy","Địa chỉ đại lý":null,"layer_id":263,"fid":1288,"label":"HKD cửa hàng VTNN Tường Duy"}},{"type":"Feature","id":1289,"geometry":{"type":"Point","coordinates":[10.0158,106.6021]},"properties":{"Họ và tên":"PHAN THỊ THANH THẢO","Tên Đại Lý":"Hộ kinh doanh  Quốc Nông","Địa chỉ đại lý":"230/65, ấp Hưng Nhơn, xã Hòa Nghĩa","layer_id":263,"fid":1289,"label":"Hộ kinh doanh  Quốc Nông"}},{"type":"Feature","id":1290,"geometry":{"type":"Point","coordinates":[10.0375,106.5618]},"properties":{"Họ và tên":"PHAN VĂN TRƯỚC","Tên Đại Lý":"Hộ kinh doanh \nBảy Trước","Địa chỉ đại lý":"Số 101/1, ấp Quí Hoà, xã Hoà Lợi","layer_id":263,"fid":1290,"label":"Hộ kinh doanh \nBảy Trước"}},{"type":"Feature","id":1291,"geometry":{"type":"Point","coordinates":[10.3341,106.2612]},"properties":{"Họ và tên":"PHÙNG THỊ KIM","Tên Đại Lý":"Hộ kinh doanh Trung Kim","Địa chỉ đại lý":"ấp 1, xã Bình Thành","layer_id":263,"fid":1291,"label":"Hộ kinh doanh Trung Kim"}},{"type":"Feature","id":1305,"geometry":{"type":"Point","coordinates":[10.0158,106.6021]},"properties":{"Họ và tên":"TRẦN HỮU TRƯỜNG","Tên Đại Lý":"HỘ KINH DOANH ĐĂNG KHOA","Địa chỉ đại lý":"Số 176/5 ấp Lộc Hiệp, xã Vĩnh Bình","layer_id":263,"fid":1305,"label":"HỘ KINH DOANH ĐĂNG KHOA"}},{"type":"Feature","id":1292,"geometry":{"type":"Point","coordinates":[10.2211,106.3135]},"properties":{"Họ và tên":"QUÁCH THỊ HUỲNH NGA","Tên Đại Lý":"HỘ KINH DOANH CHƯƠNG SẦU RIÊNG","Địa chỉ đại lý":"Thửa đất số 640, tờ bản đồ số 10, ấp Long Hiệp, xã Hoà Nghĩa","layer_id":263,"fid":1292,"label":"HỘ KINH DOANH CHƯƠNG SẦU RIÊNG"}},{"type":"Feature","id":1293,"geometry":{"type":"Point","coordinates":[10.1418,106.2905]},"properties":{"Họ và tên":"Tạ Thái Bảo","Tên Đại Lý":"HKD Tạ Thái Bảo","Địa chỉ đại lý":null,"layer_id":263,"fid":1293,"label":"HKD Tạ Thái Bảo"}},{"type":"Feature","id":1294,"geometry":{"type":"Point","coordinates":[10.2708,106.3248]},"properties":{"Họ và tên":"TĂNG HỮU ĐÔNG","Tên Đại Lý":"HỘ KINH DOANH TIẾN ĐÔNG 3","Địa chỉ đại lý":"Thửa đất số 36, bản đồ số 42, ấp Thạnh Lộc, xã Thạnh Phong","layer_id":263,"fid":1294,"label":"HỘ KINH DOANH TIẾN ĐÔNG 3"}},{"type":"Feature","id":1295,"geometry":{"type":"Point","coordinates":[10.0238,106.5815]},"properties":{"Họ và tên":"THÁI CHÂU","Tên Đại Lý":"Hộ kinh doanh  Thái Hòa Hưng","Địa chỉ đại lý":" 492/BB, ấp Bến Bàu \nxã Mỹ Chánh","layer_id":263,"fid":1295,"label":"Hộ kinh doanh  Thái Hòa Hưng"}},{"type":"Feature","id":1296,"geometry":{"type":"Point","coordinates":[10.2148,106.2408]},"properties":{"Họ và tên":"Thái Châu","Tên Đại Lý":"HKD cửa hàng thuốc BVTV Số 9 (Thái Hòa Hưng)","Địa chỉ đại lý":null,"layer_id":263,"fid":1296,"label":"HKD cửa hàng thuốc BVTV Số 9 (Thái Hòa Hưng)"}},{"type":"Feature","id":1297,"geometry":{"type":"Point","coordinates":[10.2545,106.3562]},"properties":{"Họ và tên":"THI MINH KIỆT","Tên Đại Lý":"Hộ kinh doanh  Huynh Đệ","Địa chỉ đại lý":"Phụng Đức B, \nxã Phú Phụng","layer_id":263,"fid":1297,"label":"Hộ kinh doanh  Huynh Đệ"}},{"type":"Feature","id":1298,"geometry":{"type":"Point","coordinates":[10.2778,106.3835]},"properties":{"Họ và tên":"TÔ THANH AN","Tên Đại Lý":"Hộ kinh doanh \nKhang Thịnh Ba Vát","Địa chỉ đại lý":"Gia Khánh, Hưng Khánh Trung A","layer_id":263,"fid":1298,"label":"Hộ kinh doanh \nKhang Thịnh Ba Vát"}},{"type":"Feature","id":1299,"geometry":{"type":"Point","coordinates":[10.3005,106.4148]},"properties":{"Họ và tên":"TỐNG TẤN VĨNH THƯ","Tên Đại Lý":"HỘ KINH DOANH TỐNG TẤN VĨNH THƯ (VÂN)","Địa chỉ đại lý":"Tổ 28, khu phố Chánh, thị trấn Tiên Thuỷ","layer_id":263,"fid":1299,"label":"HỘ KINH DOANH TỐNG TẤN VĨNH THƯ (VÂN)"}},{"type":"Feature","id":1300,"geometry":{"type":"Point","coordinates":[10.1505,106.3415]},"properties":{"Họ và tên":"TỐNG VĂN MỊNH","Tên Đại Lý":"Hộ kinh doanh TỐNG VĂN MỊNH","Địa chỉ đại lý":"Số 171/1, ấp Giao Hoà A, xã Giao Thạnh","layer_id":263,"fid":1300,"label":"Hộ kinh doanh TỐNG VĂN MỊNH"}},{"type":"Feature","id":1301,"geometry":{"type":"Point","coordinates":[10.1865,106.3208]},"properties":{"Họ và tên":"TỐNG VIẾT NHỨT","Tên Đại Lý":"HỘ KINH DOANH TỔNG VIẾT NHỨT","Địa chỉ đại lý":"Số 156/TH, ấp Tân Hòa, xã Tân Xuân","layer_id":263,"fid":1301,"label":"HỘ KINH DOANH TỔNG VIẾT NHỨT"}},{"type":"Feature","id":1302,"geometry":{"type":"Point","coordinates":[10.0348,106.5865]},"properties":{"Họ và tên":"TRẦN CHÍ DŨNG","Tên Đại Lý":"HỘ KINH DOANH CỬA HÀNG VẬT TƯ NÔNG NGHIỆP THÀNH Y","Địa chỉ đại lý":"Số 06, ấp Phú Thạnh, xã Phú Thuận","layer_id":263,"fid":1302,"label":"HỘ KINH DOANH CỬA HÀNG VẬT TƯ NÔNG NGHIỆP THÀNH Y"}},{"type":"Feature","id":1303,"geometry":{"type":"Point","coordinates":[10.1238,106.3105]},"properties":{"Họ và tên":"TRẦN HOÀ ĐẠT","Tên Đại Lý":"HỘ KINH DOANH TRẦN LÂM","Địa chỉ đại lý":"Số 257/29, ấp Vĩnh Hưng 1, xã Vĩnh Thành","layer_id":263,"fid":1303,"label":"HỘ KINH DOANH TRẦN LÂM"}},{"type":"Feature","id":1304,"geometry":{"type":"Point","coordinates":[10.2451,106.2138]},"properties":{"Họ và tên":"TRẦN HOÀNG ÂN","Tên Đại Lý":"Hộ kinh doanh \nÚt Muối","Địa chỉ đại lý":"332/PTH, ấp Phú Thuận, xã Phước Ngãi","layer_id":263,"fid":1304,"label":"Hộ kinh doanh \nÚt Muối"}},{"type":"Feature","id":1306,"geometry":{"type":"Point","coordinates":[10.0375,106.5618]},"properties":{"Họ và tên":"TRẦN HUỲNH TRANG","Tên Đại Lý":"HỘ KINH DOANH TẠP HOÁ TRẦN HUỲNH TRANG (TÁM TRUNG)","Địa chỉ đại lý":"Số 147/TNG, ấp Thạnh Nghĩa, xã Bảo Thạnh","layer_id":263,"fid":1306,"label":"HỘ KINH DOANH TẠP HOÁ TRẦN HUỲNH TRANG (TÁM TRUNG)"}},{"type":"Feature","id":1307,"geometry":{"type":"Point","coordinates":[10.3341,106.2612]},"properties":{"Họ và tên":"TRẦN KIM QUY","Tên Đại Lý":"HỘ KINH DOANH TRẦN THẾ NĂNG","Địa chỉ đại lý":"Thửa đất số 187, tờ bản đồ số 5, ấp 2, xã Phong Nẫm","layer_id":263,"fid":1307,"label":"HỘ KINH DOANH TRẦN THẾ NĂNG"}},{"type":"Feature","id":1308,"geometry":{"type":"Point","coordinates":[10.2211,106.3135]},"properties":{"Họ và tên":"TRẦN KIM THI","Tên Đại Lý":"HỘ KINH DOANH ĐẠI LÝ PHÂN BÓN TRƯỜNG THI (CỬA HÀNG VẬT TƯ NÔNG NGHIỆP TRƯỜNG THI)","Địa chỉ đại lý":"Số 308/3, ấp Đại Thôn, xã Thạnh Phong","layer_id":263,"fid":1308,"label":"HỘ KINH DOANH ĐẠI LÝ PHÂN BÓN TRƯỜNG THI (CỬA HÀNG VẬT TƯ NÔNG NGHIỆP TRƯỜNG THI)"}},{"type":"Feature","id":1309,"geometry":{"type":"Point","coordinates":[10.1418,106.2905]},"properties":{"Họ và tên":"TRẦN LÊ TẤN ĐẠT","Tên Đại Lý":"Hộ kinh doanh  BVTV Tấn Đạt ","Địa chỉ đại lý":"310/69, ấp An Hòa, xã Long Thới","layer_id":263,"fid":1309,"label":"Hộ kinh doanh  BVTV Tấn Đạt "}},{"type":"Feature","id":1310,"geometry":{"type":"Point","coordinates":[10.2708,106.3248]},"properties":{"Họ và tên":"TRẦN MINH CHÁNH","Tên Đại Lý":"Doanh nghiệp tư nhân Kim Tiến Thịnh","Địa chỉ đại lý":"Thửa đất 294, tờ bản đồ số 16, ấp Gò Dầu, xã Mỹ Chánh","layer_id":263,"fid":1310,"label":"Doanh nghiệp tư nhân Kim Tiến Thịnh"}},{"type":"Feature","id":1354,"geometry":{"type":"Point","coordinates":[10.2302,106.4675]},"properties":{"Họ và tên":"TRẦN VĂN VẤN","Tên Đại Lý":"Hộ kinh doanh \nTư Vấn","Địa chỉ đại lý":"Ấp Tân Bình, xã Tân Thuỷ","layer_id":263,"fid":1354,"label":"Hộ kinh doanh \nTư Vấn"}},{"type":"Feature","id":1311,"geometry":{"type":"Point","coordinates":[10.0238,106.5815]},"properties":{"Họ và tên":"TRẦN MINH TÚ","Tên Đại Lý":"Hộ kinh doanh  cửa hàng VTNN Văn Tùng","Địa chỉ đại lý":"465, Ấp Chợ Xếp, xã Tân Thành Bình","layer_id":263,"fid":1311,"label":"Hộ kinh doanh  cửa hàng VTNN Văn Tùng"}},{"type":"Feature","id":1312,"geometry":{"type":"Point","coordinates":[10.2148,106.2408]},"properties":{"Họ và tên":"TRẦN NGỌC NHƯỜNG","Tên Đại Lý":"HỘ KINH DOANH VTNN HỒNG PHÁT","Địa chỉ đại lý":"Thửa đất số 261, tờ bản đồ số 02, ấp Đông Thọ, xã Vĩnh Hoà","layer_id":263,"fid":1312,"label":"HỘ KINH DOANH VTNN HỒNG PHÁT"}},{"type":"Feature","id":1313,"geometry":{"type":"Point","coordinates":[10.2545,106.3562]},"properties":{"Họ và tên":"TRẦN PHƯỚC ĐIỀN","Tên Đại Lý":"HỘ KINH DOANH TRẦN PHƯỚC ĐIỀN","Địa chỉ đại lý":"Số 293/55 ấp Lân Đông, xã Phú Sơn","layer_id":263,"fid":1313,"label":"HỘ KINH DOANH TRẦN PHƯỚC ĐIỀN"}},{"type":"Feature","id":1314,"geometry":{"type":"Point","coordinates":[10.2778,106.3835]},"properties":{"Họ và tên":"TRẦN QUANG HỒNG","Tên Đại Lý":"Hộ kinh doanh cửa hàng VTNN TRẦN QUANG HỒNG (Hồng Loan)","Địa chỉ đại lý":"Số 124/PTHA, ấp Phước Thạnh, xã Phước Ngãi","layer_id":263,"fid":1314,"label":"Hộ kinh doanh cửa hàng VTNN TRẦN QUANG HỒNG (Hồng Loan)"}},{"type":"Feature","id":1315,"geometry":{"type":"Point","coordinates":[10.3005,106.4148]},"properties":{"Họ và tên":"TRẦN QUANG KHẢI ","Tên Đại Lý":"Hộ kinh doanh Ba Đượm","Địa chỉ đại lý":"số 329, ấp Bình Đông, xã Cẩm Sơn","layer_id":263,"fid":1315,"label":"Hộ kinh doanh Ba Đượm"}},{"type":"Feature","id":1316,"geometry":{"type":"Point","coordinates":[10.1505,106.3415]},"properties":{"Họ và tên":"TRẦN QUANG THÁI","Tên Đại Lý":"Địa điểm kinh doanh cửa hàng Thái Bình Cửu Long Số 03","Địa chỉ đại lý":"ấp Phú Hiệp, \nxã Vĩnh Bình","layer_id":263,"fid":1316,"label":"Địa điểm kinh doanh cửa hàng Thái Bình Cửu Long Số 03"}},{"type":"Feature","id":1317,"geometry":{"type":"Point","coordinates":[10.1865,106.3208]},"properties":{"Họ và tên":"TRẦN QUỐC THỐNG","Tên Đại Lý":"HỘ KINH DOANH CỬA HÀNG THANH THẢO","Địa chỉ đại lý":"Tổ 1, ấp Phú Hoà, xã Quới Thành","layer_id":263,"fid":1317,"label":"HỘ KINH DOANH CỬA HÀNG THANH THẢO"}},{"type":"Feature","id":1318,"geometry":{"type":"Point","coordinates":[10.0348,106.5865]},"properties":{"Họ và tên":"TRẦN QUỐC VIỆT","Tên Đại Lý":"HỘ KINH DOANH TẠP HOÁ TRẦN QUỐC VIỆT","Địa chỉ đại lý":"Số 105/AP2, ấp An Phú 2, xã An Hoà Tây","layer_id":263,"fid":1318,"label":"HỘ KINH DOANH TẠP HOÁ TRẦN QUỐC VIỆT"}},{"type":"Feature","id":1319,"geometry":{"type":"Point","coordinates":[10.1238,106.3105]},"properties":{"Họ và tên":"TRẦN THANH GIANG","Tên Đại Lý":"HỢP TÁC XÃ NÔNG NGHIỆP PHÚ TÚC","Địa chỉ đại lý":"Tổ NDTQ số 18, ấp Phú Mỹ, xã Phú Túc","layer_id":263,"fid":1319,"label":"HỢP TÁC XÃ NÔNG NGHIỆP PHÚ TÚC"}},{"type":"Feature","id":1320,"geometry":{"type":"Point","coordinates":[10.2451,106.2138]},"properties":{"Họ và tên":"Trần Thanh Phong","Tên Đại Lý":"Hộ kinh doanh  Năm Phong","Địa chỉ đại lý":"ấp 2 xã Tân Hưng ","layer_id":263,"fid":1320,"label":"Hộ kinh doanh  Năm Phong"}},{"type":"Feature","id":1321,"geometry":{"type":"Point","coordinates":[10.0158,106.6021]},"properties":{"Họ và tên":"TRẦN THỊ HIỂU","Tên Đại Lý":"Hộ kinh doanh  Khang Thịnh","Địa chỉ đại lý":"ấp 7, xã Phước Long","layer_id":263,"fid":1321,"label":"Hộ kinh doanh  Khang Thịnh"}},{"type":"Feature","id":1322,"geometry":{"type":"Point","coordinates":[10.0375,106.5618]},"properties":{"Họ và tên":"TRẦN THỊ KIM THOA","Tên Đại Lý":"Địa điểm kinh doanh Công ty TNHH - XNK Phúc Thành Khang - số 02","Địa chỉ đại lý":"ấp Tân Ngãi, \nxã Thạnh Ngãi","layer_id":263,"fid":1322,"label":"Địa điểm kinh doanh Công ty TNHH - XNK Phúc Thành Khang - số 02"}},{"type":"Feature","id":1323,"geometry":{"type":"Point","coordinates":[10.3341,106.2612]},"properties":{"Họ và tên":"TRẦN THỊ KIM THOA","Tên Đại Lý":"Địa điểm kinh doanh Công ty TNHH - XNK \nPhúc Thành Khang - số 03","Địa chỉ đại lý":"ấp Phước Hậu, \nxã Phước Mỹ Trung","layer_id":263,"fid":1323,"label":"Địa điểm kinh doanh Công ty TNHH - XNK \nPhúc Thành Khang - số 03"}},{"type":"Feature","id":1324,"geometry":{"type":"Point","coordinates":[10.2211,106.3135]},"properties":{"Họ và tên":"TRẦN THỊ KIM THOA","Tên Đại Lý":"ĐỊA ĐIỂM KINH DOANH CÔNG TY TNHH XUẤT NHẬP KHẨU PHÚC THÀNH KHANG – SỐ 09","Địa chỉ đại lý":"Thửa đất số 704, tờ bản đồ số 19, ấp Tân Nam, xã Tân Phú","layer_id":263,"fid":1324,"label":"ĐỊA ĐIỂM KINH DOANH CÔNG TY TNHH XUẤT NHẬP KHẨU PHÚC THÀNH KHANG – SỐ 09"}},{"type":"Feature","id":1325,"geometry":{"type":"Point","coordinates":[10.1418,106.2905]},"properties":{"Họ và tên":"TRẦN THỊ LỆ HỒNG","Tên Đại Lý":"HỘ KINH DOANH HỒNG","Địa chỉ đại lý":"Số 422/26, ấp Tân Thanh, xã Tân Thiềng","layer_id":263,"fid":1325,"label":"HỘ KINH DOANH HỒNG"}},{"type":"Feature","id":1326,"geometry":{"type":"Point","coordinates":[10.2708,106.3248]},"properties":{"Họ và tên":"TRẦN THỊ MỸ QUYÊN","Tên Đại Lý":"Hộ kinh doanh\nMỹ Quyên  ","Địa chỉ đại lý":"ấp Tân Thạnh, xã Tân Thiềng","layer_id":263,"fid":1326,"label":"Hộ kinh doanh\nMỹ Quyên  "}},{"type":"Feature","id":1327,"geometry":{"type":"Point","coordinates":[10.0238,106.5815]},"properties":{"Họ và tên":"TRẦN THỊ NGỌC AN","Tên Đại Lý":"Hộ kinh doanh\n Lê Thị Hẹn ","Địa chỉ đại lý":"Số 1097, ấp 2, xã Hưng Nhượng","layer_id":263,"fid":1327,"label":"Hộ kinh doanh\n Lê Thị Hẹn "}},{"type":"Feature","id":1328,"geometry":{"type":"Point","coordinates":[10.2148,106.2408]},"properties":{"Họ và tên":"TRẦN THỊ NGỌC YẾN ","Tên Đại Lý":"Hộ kinh doanh\n Ngọc Yến","Địa chỉ đại lý":"số 146/2, ấp Thạnh B, xã Tân Phong","layer_id":263,"fid":1328,"label":"Hộ kinh doanh\n Ngọc Yến"}},{"type":"Feature","id":1329,"geometry":{"type":"Point","coordinates":[10.2545,106.3562]},"properties":{"Họ và tên":"TRẦN THỊ NHÃ","Tên Đại Lý":"HỘ KINH DOANH CỬA HÀNG PHÂN BÓN 368","Địa chỉ đại lý":"Số 265B/1, ấp Quới Thạnh Tây, xã Quới Sơn","layer_id":263,"fid":1329,"label":"HỘ KINH DOANH CỬA HÀNG PHÂN BÓN 368"}},{"type":"Feature","id":1330,"geometry":{"type":"Point","coordinates":[10.2778,106.3835]},"properties":{"Họ và tên":"TRẦN THỊ PHÚC","Tên Đại Lý":"HỘ KINH DOANH PHÚC NHỎI","Địa chỉ đại lý":"Thửa đất số 425, tờ bản đồ số 11, ấp Thanh Trung, xã Hưng Khánh Trung B","layer_id":263,"fid":1330,"label":"HỘ KINH DOANH PHÚC NHỎI"}},{"type":"Feature","id":1331,"geometry":{"type":"Point","coordinates":[10.3005,106.4148]},"properties":{"Họ và tên":"TRẦN THỊ PHƯƠNG THANH","Tên Đại Lý":"Hộ kinh doanh BVTV Hoàng Nhân","Địa chỉ đại lý":"Thửa đất 613, tờ bản đồ số 20, ấp An Quy, xã Long Thới","layer_id":263,"fid":1331,"label":"Hộ kinh doanh BVTV Hoàng Nhân"}},{"type":"Feature","id":1332,"geometry":{"type":"Point","coordinates":[10.1584,106.2512]},"properties":{"Họ và tên":"TRẦN THỊ THU THỦY  ","Tên Đại Lý":"HỢP TÁC XÃ BƯỞI DA XANH QUỚI SƠN","Địa chỉ đại lý":"ấp Quới Lợi,\n xã Quới Sơn","layer_id":263,"fid":1332,"label":"HỢP TÁC XÃ BƯỞI DA XANH QUỚI SƠN"}},{"type":"Feature","id":1333,"geometry":{"type":"Point","coordinates":[10.1415,106.2895]},"properties":{"Họ và tên":"TRẦN THỊ THU TRANG","Tên Đại Lý":"Hộ kinh doanh \nSong An","Địa chỉ đại lý":"Tổ NDTQ số 12, ấp Bình Tiên 2, xã Bình Hòa","layer_id":263,"fid":1333,"label":"Hộ kinh doanh \nSong An"}},{"type":"Feature","id":1334,"geometry":{"type":"Point","coordinates":[10.1865,106.3198]},"properties":{"Họ và tên":"TRẦN THỊ TUYẾT PHƯỢNG ","Tên Đại Lý":"CỬA HÀNG VẬT TƯ NÔNG NGHIỆP PHƯỢNG HOÀNG","Địa chỉ đại lý":"Số 281A, ấp Quới An, xã Quới Sơn","layer_id":263,"fid":1334,"label":"CỬA HÀNG VẬT TƯ NÔNG NGHIỆP PHƯỢNG HOÀNG"}},{"type":"Feature","id":1335,"geometry":{"type":"Point","coordinates":[10.1582,106.321]},"properties":{"Họ và tên":"TRẦN THỊ VÂN","Tên Đại Lý":"HỘ KINH DOANH  PHÂN BÓN, THUỐC BVTV GIA HUY","Địa chỉ đại lý":"Số 631, ấp Phú Hữu, xã Phú Hưng","layer_id":263,"fid":1335,"label":"HỘ KINH DOANH  PHÂN BÓN, THUỐC BVTV GIA HUY"}},{"type":"Feature","id":1336,"geometry":{"type":"Point","coordinates":[10.1412,106.2892]},"properties":{"Họ và tên":"TRẦN TIẾT CHINH","Tên Đại Lý":"hộ kinh doanh Trần Tiết Chinh (Trần Thế Năng) ","Địa chỉ đại lý":"Số 326, ấp Long Hòa, xã Giao Long","layer_id":263,"fid":1336,"label":"hộ kinh doanh Trần Tiết Chinh (Trần Thế Năng) "}},{"type":"Feature","id":1337,"geometry":{"type":"Point","coordinates":[10.1862,106.3195]},"properties":{"Họ và tên":"TRẦN TRỌNG NGHĨA","Tên Đại Lý":"Hộ kinh doanh  Trọng Nghĩa","Địa chỉ đại lý":"ấp Long Hiệp, \nxã Hòa Nghĩa","layer_id":263,"fid":1337,"label":"Hộ kinh doanh  Trọng Nghĩa"}},{"type":"Feature","id":1338,"geometry":{"type":"Point","coordinates":[10.171,106.2742]},"properties":{"Họ và tên":"TRẦN VĂN AN","Tên Đại Lý":"Hộ kinh doanh \nKhang Thịnh Nhơn Phú","Địa chỉ đại lý":"ấp Nhơn Phú, \nxã Hòa Nghĩa","layer_id":263,"fid":1338,"label":"Hộ kinh doanh \nKhang Thịnh Nhơn Phú"}},{"type":"Feature","id":1339,"geometry":{"type":"Point","coordinates":[10.158,106.2502]},"properties":{"Họ và tên":"TRẦN VĂN BÉ NĂM","Tên Đại Lý":"Hộ kinh doanh \nBé Năm","Địa chỉ đại lý":"Số 161/47, ấp Hòa Thuận II, xã Vĩnh Hòa","layer_id":263,"fid":1339,"label":"Hộ kinh doanh \nBé Năm"}},{"type":"Feature","id":1340,"geometry":{"type":"Point","coordinates":[10.145,106.2975]},"properties":{"Họ và tên":"TRẦN VĂN CU","Tên Đại Lý":"HỘ KINH DOANH CỬA HÀNG HUỲNH ANH","Địa chỉ đại lý":"Số 220/AB1, ấp An Bình 1, xã An Hoà Tây","layer_id":263,"fid":1340,"label":"HỘ KINH DOANH CỬA HÀNG HUỲNH ANH"}},{"type":"Feature","id":1341,"geometry":{"type":"Point","coordinates":[10.1865,106.3202]},"properties":{"Họ và tên":"TRẦN VĂN ĐOÀN","Tên Đại Lý":"HỘ KINH DOANH CỬA HÀNG VẬT TƯ NÔNG NGHIỆP TƯ ĐOÀN","Địa chỉ đại lý":"Số 199/MTH, ấp Mỹ Thuận, xã Mỹ Thạnh","layer_id":263,"fid":1341,"label":"HỘ KINH DOANH CỬA HÀNG VẬT TƯ NÔNG NGHIỆP TƯ ĐOÀN"}},{"type":"Feature","id":1342,"geometry":{"type":"Point","coordinates":[10.1115,106.5235]},"properties":{"Họ và tên":"TRẦN VĂN HƯỞNG","Tên Đại Lý":"Hộ kinh doanh \n2 Hưởng","Địa chỉ đại lý":"Tổ NDTQ số 16, số 250, ấp Tân Hoà, xã Tân Thanh","layer_id":263,"fid":1342,"label":"Hộ kinh doanh \n2 Hưởng"}},{"type":"Feature","id":1343,"geometry":{"type":"Point","coordinates":[10.1542,106.3102]},"properties":{"Họ và tên":"TRẦN VĂN LÂM ","Tên Đại Lý":"Hộ kinh doanh\n Út Lâm","Địa chỉ đại lý":"ấp Long Thuận, xã Sơn Phú","layer_id":263,"fid":1343,"label":"Hộ kinh doanh\n Út Lâm"}},{"type":"Feature","id":1344,"geometry":{"type":"Point","coordinates":[10.1862,106.3205]},"properties":{"Họ và tên":"Trần Văn Quyền","Tên Đại Lý":"HKD Ba Phiêm","Địa chỉ đại lý":"số 78/72, ấp Quân Bình, xã Tân Thiềng","layer_id":263,"fid":1344,"label":"HKD Ba Phiêm"}},{"type":"Feature","id":1345,"geometry":{"type":"Point","coordinates":[10.2405,106.3672]},"properties":{"Họ và tên":"TRẦN VĂN RĂNG","Tên Đại Lý":"Hộ kinh doanh  Tư Răng","Địa chỉ đại lý":"số 294/68, ấp Long Quới, xã Long Thới","layer_id":263,"fid":1345,"label":"Hộ kinh doanh  Tư Răng"}},{"type":"Feature","id":1346,"geometry":{"type":"Point","coordinates":[10.2238,106.3345]},"properties":{"Họ và tên":"TRẦN VĂN TÂN","Tên Đại Lý":"HỘ KINH DOANH TRẦN VĂN TÂN  ( DUY TÂN)","Địa chỉ đại lý":": Số 515/VĐĐ, ấp Vĩnh Đức Đông, xã Vĩnh Hoà","layer_id":263,"fid":1346,"label":"HỘ KINH DOANH TRẦN VĂN TÂN  ( DUY TÂN)"}},{"type":"Feature","id":1347,"geometry":{"type":"Point","coordinates":[10.1635,106.2862]},"properties":{"Họ và tên":"TRẦN VĂN THÁI NGỌC","Tên Đại Lý":"Hộ kinh doanh\nThái Ngọc  ","Địa chỉ đại lý":"ấp Phú Hội, xã Vĩnh Thành","layer_id":263,"fid":1347,"label":"Hộ kinh doanh\nThái Ngọc  "}},{"type":"Feature","id":1348,"geometry":{"type":"Point","coordinates":[10.2145,106.2405]},"properties":{"Họ và tên":"TRẦN VĂN THẬN","Tên Đại Lý":"HỘ KINH DOANH TRẦN VĂN THẬN","Địa chỉ đại lý":"Quầy số 01, ấp Tân Thành Hạ (chợ), xã Tân Trung","layer_id":263,"fid":1348,"label":"HỘ KINH DOANH TRẦN VĂN THẬN"}},{"type":"Feature","id":1349,"geometry":{"type":"Point","coordinates":[10.2575,106.1812]},"properties":{"Họ và tên":"TRẦN VĂN THÊM","Tên Đại Lý":"Hệ thống cửa hàng vật tư nông nghiệp PTK Số 4","Địa chỉ đại lý":"số 191A, khu phố 4, phường 8","layer_id":263,"fid":1349,"label":"Hệ thống cửa hàng vật tư nông nghiệp PTK Số 4"}},{"type":"Feature","id":1350,"geometry":{"type":"Point","coordinates":[10.1702,106.2745]},"properties":{"Họ và tên":"TRẦN VĂN THỎ","Tên Đại Lý":"HỘ KINH DOANH TRẦN VĂN THỎ","Địa chỉ đại lý":"Số 100/PL, ấp Phú Long, xã Phước Ngãi","layer_id":263,"fid":1350,"label":"HỘ KINH DOANH TRẦN VĂN THỎ"}},{"type":"Feature","id":1351,"geometry":{"type":"Point","coordinates":[10.1415,106.2902]},"properties":{"Họ và tên":"TRẦN VĂN TIẾP","Tên Đại Lý":"Hộ kinh doanh \nSáu Tiếp","Địa chỉ đại lý":"ấp Giồng Trôm, xã An Ngãi Tây","layer_id":263,"fid":1351,"label":"Hộ kinh doanh \nSáu Tiếp"}},{"type":"Feature","id":1352,"geometry":{"type":"Point","coordinates":[10.1862,106.3205]},"properties":{"Họ và tên":"TRẦN VĂN TƠ","Tên Đại Lý":"Hộ kinh doanh cửa hàng phân bón, thuốc BVTV Năm Tơ","Địa chỉ đại lý":"Số 29/PL, ấp Phú Lợi, xã Phú Lễ","layer_id":263,"fid":1352,"label":"Hộ kinh doanh cửa hàng phân bón, thuốc BVTV Năm Tơ"}},{"type":"Feature","id":1353,"geometry":{"type":"Point","coordinates":[10.2355,106.4702]},"properties":{"Họ và tên":"TRẦN VĂN TRIỆU","Tên Đại Lý":"CỬA HÀNG VẬT TƯ NÔNG NGHIỆP TÁM TRIỆU (ĐĂNG KHOA)","Địa chỉ đại lý":"Số 271/TT, ấp Thạnh Tân, xã Bảo Thuận","layer_id":263,"fid":1353,"label":"CỬA HÀNG VẬT TƯ NÔNG NGHIỆP TÁM TRIỆU (ĐĂNG KHOA)"}},{"type":"Feature","id":1355,"geometry":{"type":"Point","coordinates":[10.158,106.2502]},"properties":{"Họ và tên":"TRẦN VIỆT HÙNG","Tên Đại Lý":"Hộ kinh doanh  Kỹ Sư Hùng","Địa chỉ đại lý":"ấp Hòa Trung, \nxã Sơn Hòa","layer_id":263,"fid":1355,"label":"Hộ kinh doanh  Kỹ Sư Hùng"}},{"type":"Feature","id":1356,"geometry":{"type":"Point","coordinates":[10.145,106.2975]},"properties":{"Họ và tên":"TRẦN VŨ PHƯƠNG","Tên Đại Lý":"Hộ kinh doanh  Phương Nga","Địa chỉ đại lý":"ấp Tân Phước,\n xã Tân Thanh","layer_id":263,"fid":1356,"label":"Hộ kinh doanh  Phương Nga"}},{"type":"Feature","id":1357,"geometry":{"type":"Point","coordinates":[10.1865,106.3202]},"properties":{"Họ và tên":"TRIỆU QUỐC HỮU","Tên Đại Lý":"Hộ kinh doanh  Hữu Đào","Địa chỉ đại lý":"ấp Phụng Đức,\n xã Phú Phụng","layer_id":263,"fid":1357,"label":"Hộ kinh doanh  Hữu Đào"}},{"type":"Feature","id":1358,"geometry":{"type":"Point","coordinates":[10.1115,106.5235]},"properties":{"Họ và tên":"TRỊNH MINH TÂN","Tên Đại Lý":"Hộ kinh doanh VTNN Minh Tân","Địa chỉ đại lý":"ấp Thanh Vân, xã Định Thủy","layer_id":263,"fid":1358,"label":"Hộ kinh doanh VTNN Minh Tân"}},{"type":"Feature","id":1359,"geometry":{"type":"Point","coordinates":[10.1425,106.291]},"properties":{"Họ và tên":"TRƯƠNG ĐẶNG THANH THUÝ","Tên Đại Lý":"HỘ KINH DOANH TRƯƠNG ĐẶNG THANH THUÝ (KHÁN ĐIỆP 2)","Địa chỉ đại lý":"Số 313/1, ấp Chợ, xã Phú Phụng","layer_id":263,"fid":1359,"label":"HỘ KINH DOANH TRƯƠNG ĐẶNG THANH THUÝ (KHÁN ĐIỆP 2)"}},{"type":"Feature","id":1360,"geometry":{"type":"Point","coordinates":[10.0235,106.5812]},"properties":{"Họ và tên":"TRƯƠNG MINH TOÀN","Tên Đại Lý":"HỘ KINH DOANH THUỶ TÙNG","Địa chỉ đại lý":"Số 382, ấp Thị, xã Hương Mỹ","layer_id":263,"fid":1360,"label":"HỘ KINH DOANH THUỶ TÙNG"}},{"type":"Feature","id":1361,"geometry":{"type":"Point","coordinates":[10.2145,106.2405]},"properties":{"Họ và tên":"TRƯƠNG PHƯƠNG YẾN","Tên Đại Lý":"Hộ kinh doanh \nMộc Coffee (Trọng Lý).","Địa chỉ đại lý":"ấp An Thạnh, xã Long Thới","layer_id":263,"fid":1361,"label":"Hộ kinh doanh \nMộc Coffee (Trọng Lý)."}},{"type":"Feature","id":1362,"geometry":{"type":"Point","coordinates":[10.2542,106.356]},"properties":{"Họ và tên":"TRƯƠNG QUỐC CƯỜNG","Tên Đại Lý":"Công ty TNHH TM-DV Trương Hùng","Địa chỉ đại lý":"Số 667, ấp An Định 1, xã An Ngãi Trung","layer_id":263,"fid":1362,"label":"Công ty TNHH TM-DV Trương Hùng"}},{"type":"Feature","id":1363,"geometry":{"type":"Point","coordinates":[10.2775,106.3832]},"properties":{"Họ và tên":"TRƯƠNG QUỐC HÀO","Tên Đại Lý":"Hộ kinh doanh  Trương Quốc Hào","Địa chỉ đại lý":"số 100/1, ấp 2 B, xã Thạnh Hải","layer_id":263,"fid":1363,"label":"Hộ kinh doanh  Trương Quốc Hào"}},{"type":"Feature","id":1364,"geometry":{"type":"Point","coordinates":[10.3002,106.4145]},"properties":{"Họ và tên":"TRƯƠNG TẤN ĐẠT","Tên Đại Lý":"HỘ KINH DOANH TRỌNG LÝ","Địa chỉ đại lý":"Thửa đất 108, tờ bản đồ số 34, ấp An Thạnh, xã Long Thới","layer_id":263,"fid":1364,"label":"HỘ KINH DOANH TRỌNG LÝ"}},{"type":"Feature","id":1365,"geometry":{"type":"Point","coordinates":[10.1502,106.3412]},"properties":{"Họ và tên":"TRƯƠNG THỊ MỸ LY","Tên Đại Lý":"Hộ kinh doanh \nNam Thắng","Địa chỉ đại lý":"ấp Sơn Lân, xã Sơn Định","layer_id":263,"fid":1365,"label":"Hộ kinh doanh \nNam Thắng"}},{"type":"Feature","id":1366,"geometry":{"type":"Point","coordinates":[10.1862,106.3205]},"properties":{"Họ và tên":"Trương Văn Bình","Tên Đại Lý":"Công ty TNHH MTV vật liệu xây dựng-VTNN Trương Bình","Địa chỉ đại lý":"Ấp 1, xã An Ngãi Trung","layer_id":263,"fid":1366,"label":"Công ty TNHH MTV vật liệu xây dựng-VTNN Trương Bình"}},{"type":"Feature","id":1367,"geometry":{"type":"Point","coordinates":[10.0345,106.5862]},"properties":{"Họ và tên":"TRƯƠNG VĂN CẢNH","Tên Đại Lý":"Hộ kinh doanh  Trương Văn Cảnh","Địa chỉ đại lý":"ấp Thừa Trung, \nxã Thừa Đức","layer_id":263,"fid":1367,"label":"Hộ kinh doanh  Trương Văn Cảnh"}},{"type":"Feature","id":1368,"geometry":{"type":"Point","coordinates":[10.1235,106.3102]},"properties":{"Họ và tên":"TRƯƠNG VĂN MÁNH","Tên Đại Lý":"Hộ kinh doanh  Thúy Diễn","Địa chỉ đại lý":"số 312/60, ấp Phú Thạnh,\n xã Phú Mỹ","layer_id":263,"fid":1368,"label":"Hộ kinh doanh  Thúy Diễn"}},{"type":"Feature","id":1369,"geometry":{"type":"Point","coordinates":[10.2448,106.2135]},"properties":{"Họ và tên":"VĂN BÁ BẢO THOẠI","Tên Đại Lý":"Hộ kinh doanh  Bảo Việt","Địa chỉ đại lý":"ấp Phú Xuân, \nxã Phú Đức","layer_id":263,"fid":1369,"label":"Hộ kinh doanh  Bảo Việt"}},{"type":"Feature","id":1370,"geometry":{"type":"Point","coordinates":[10.0155,106.6018]},"properties":{"Họ và tên":"VÕ DUY THÁI","Tên Đại Lý":"Hộ kinh doanh  Thái Hưng","Địa chỉ đại lý":"ấp Phú Hữu, \nxã Hữu Định","layer_id":263,"fid":1370,"label":"Hộ kinh doanh  Thái Hưng"}},{"type":"Feature","id":1371,"geometry":{"type":"Point","coordinates":[10.0372,106.5615]},"properties":{"Họ và tên":"VÕ HOÀNG DƯƠNG","Tên Đại Lý":"HỘ KINH DOANH CỬA HÀNG THUỐC THÚ Y, THUỶ SẢN HOÀNG PHƯỢNG","Địa chỉ đại lý":"Số 008/GG, ấp Giồng Gạch, xã An Hiệp","layer_id":263,"fid":1371,"label":"HỘ KINH DOANH CỬA HÀNG THUỐC THÚ Y, THUỶ SẢN HOÀNG PHƯỢNG"}},{"type":"Feature","id":1372,"geometry":{"type":"Point","coordinates":[10.3338,106.261]},"properties":{"Họ và tên":"VÕ HOÀNG TÂM","Tên Đại Lý":"Hộ kinh doanh VÕ HOÀNG TÂM ","Địa chỉ đại lý":"Tổ NDTQ số 23, ấp Tân Định, xã Định Trung","layer_id":263,"fid":1372,"label":"Hộ kinh doanh VÕ HOÀNG TÂM "}},{"type":"Feature","id":1373,"geometry":{"type":"Point","coordinates":[10.2208,106.3132]},"properties":{"Họ và tên":"VÕ KHẮC HÀO","Tên Đại Lý":"HỘ KINH DOANH VẬT TƯ NÔNG NGHIỆP DR DURIAN","Địa chỉ đại lý":"Thửa đất số 454, tờ bản đồ số 09, ấp Sơn Long, xã Sơn Định","layer_id":263,"fid":1373,"label":"HỘ KINH DOANH VẬT TƯ NÔNG NGHIỆP DR DURIAN"}},{"type":"Feature","id":1374,"geometry":{"type":"Point","coordinates":[10.1415,106.2902]},"properties":{"Họ và tên":"VÕ MINH TÂM","Tên Đại Lý":"Hộ kinh doanh\n  Võ Minh Tâm","Địa chỉ đại lý":"ấp Hòa Long, xã Giao Long","layer_id":263,"fid":1374,"label":"Hộ kinh doanh\n  Võ Minh Tâm"}},{"type":"Feature","id":1375,"geometry":{"type":"Point","coordinates":[10.2705,106.3245]},"properties":{"Họ và tên":"VÕ MỸ LINH","Tên Đại Lý":"Hộ kinh doanh  Mỹ Linh","Địa chỉ đại lý":"số 1434, ấp Đông Trị,\n xã Thành An","layer_id":263,"fid":1375,"label":"Hộ kinh doanh  Mỹ Linh"}},{"type":"Feature","id":1376,"geometry":{"type":"Point","coordinates":[10.0235,106.5812]},"properties":{"Họ và tên":"VÕ TẤN PHÁT ","Tên Đại Lý":"Hộ kinh doanh VTNN  Tính Phương 3","Địa chỉ đại lý":"ấp Phú Hữu, xã Hữu Định","layer_id":263,"fid":1376,"label":"Hộ kinh doanh VTNN  Tính Phương 3"}},{"type":"Feature","id":1377,"geometry":{"type":"Point","coordinates":[10.2145,106.2405]},"properties":{"Họ và tên":"VÕ THANH PHONG","Tên Đại Lý":"HỘ KINH DOANH VÕ THANH PHONG","Địa chỉ đại lý":"Số 338/24, ấp An Thạnh, xã Long Thới","layer_id":263,"fid":1377,"label":"HỘ KINH DOANH VÕ THANH PHONG"}},{"type":"Feature","id":1378,"geometry":{"type":"Point","coordinates":[10.2542,106.356]},"properties":{"Họ và tên":"VÕ THÀNH PHƯƠNG","Tên Đại Lý":"Hộ kinh doanh\n  Hai Thành","Địa chỉ đại lý":"ấp Thanh Hòa, xã Thành An","layer_id":263,"fid":1378,"label":"Hộ kinh doanh\n  Hai Thành"}},{"type":"Feature","id":1379,"geometry":{"type":"Point","coordinates":[10.2775,106.3832]},"properties":{"Họ và tên":"VÕ THANH SANG","Tên Đại Lý":"Địa điểm kinh doanh Công ty TNHH - MTV Nông Lợi Phát","Địa chỉ đại lý":"ấp Tích Khánh, \nxã Khánh Thạnh Tân","layer_id":263,"fid":1379,"label":"Địa điểm kinh doanh Công ty TNHH - MTV Nông Lợi Phát"}},{"type":"Feature","id":1380,"geometry":{"type":"Point","coordinates":[10.2312,106.2584]},"properties":{"Họ và tên":"VÕ THANH TÂM","Tên Đại Lý":"HỘ KINH DOANH TÂM","Địa chỉ đại lý":"Số 108, ấp Gia Thạnh, xã Thạnh Ngãi, huyện Mỏ Cày Bắc","layer_id":263,"fid":1380,"label":"HỘ KINH DOANH TÂM"}},{"type":"Feature","id":1381,"geometry":{"type":"Point","coordinates":[10.0392,106.6051]},"properties":{"Họ và tên":"VÕ THỊ BẢY","Tên Đại Lý":"Hộ kinh doanh mua bán phân bón, thuốc trừ sâu VÕ THỊ BẢY","Địa chỉ đại lý":"Số 16, đường  Nguyễn Đình Chiểu, KP2, thị trấn Ba Tri","layer_id":263,"fid":1381,"label":"Hộ kinh doanh mua bán phân bón, thuốc trừ sâu VÕ THỊ BẢY"}},{"type":"Feature","id":1382,"geometry":{"type":"Point","coordinates":[10.1458,106.2995]},"properties":{"Họ và tên":"VÕ THỊ MỸ LINH","Tên Đại Lý":"HỘ KINH DOANH VÕ THỊ MỸ LINH","Địa chỉ đại lý":"Số 1434, ấp Đông Trị, xã Thành An","layer_id":263,"fid":1382,"label":"HỘ KINH DOANH VÕ THỊ MỸ LINH"}},{"type":"Feature","id":1383,"geometry":{"type":"Point","coordinates":[10.3214,106.3452]},"properties":{"Họ và tên":"VÕ THỊ TOÀN","Tên Đại Lý":"Hộ kinh doanh  Bảy Khanh","Địa chỉ đại lý":"ấp 3, xã Quới Sơn","layer_id":263,"fid":1383,"label":"Hộ kinh doanh  Bảy Khanh"}},{"type":"Feature","id":1384,"geometry":{"type":"Point","coordinates":[10.1152,106.5281]},"properties":{"Họ và tên":"VÕ THỊ TRÚC LY","Tên Đại Lý":"HỘ KINH DOANH VẬT TƯ NÔNG NGHIỆP TRÚC LY","Địa chỉ đại lý":"Số 102/3, ấp Xương Hoà 2, xã Thới Thạnh","layer_id":263,"fid":1384,"label":"HỘ KINH DOANH VẬT TƯ NÔNG NGHIỆP TRÚC LY"}},{"type":"Feature","id":1385,"geometry":{"type":"Point","coordinates":[10.1245,106.3112]},"properties":{"Họ và tên":"VÕ TRÍ SĨ ","Tên Đại Lý":"Hộ kinh doanh\n Võ Trí Sĩ","Địa chỉ đại lý":"số 278/7, ấp 7, xã Quới Sơn","layer_id":263,"fid":1385,"label":"Hộ kinh doanh\n Võ Trí Sĩ"}},{"type":"Feature","id":1386,"geometry":{"type":"Point","coordinates":[10.2154,106.2415]},"properties":{"Họ và tên":"VÕ VĂN BON","Tên Đại Lý":"Cửa hàng vật tư nông nghiệp Năm Bon","Địa chỉ đại lý":"Số 159/BVB, ấp Bến Vựa Bắc, xã Vĩnh Hòa","layer_id":263,"fid":1386,"label":"Cửa hàng vật tư nông nghiệp Năm Bon"}},{"type":"Feature","id":1387,"geometry":{"type":"Point","coordinates":[10.1712,106.2754]},"properties":{"Họ và tên":"VÕ VĂN NGHIỆP","Tên Đại Lý":"HỘ KINH DOANH THANH NGUYÊN","Địa chỉ đại lý":"Thửa đất số 264, tờ bản đồ số 15, ấp Thủ Sở, xã Thạnh Ngãi","layer_id":263,"fid":1387,"label":"HỘ KINH DOANH THANH NGUYÊN"}},{"type":"Feature","id":1388,"geometry":{"type":"Point","coordinates":[10.1242,106.3108]},"properties":{"Họ và tên":"VÕ VĂN PHÚC","Tên Đại Lý":"Hộ kinh doanh  Huy Chương","Địa chỉ đại lý":"số 9/91, ấp Thới Định, thị trấn Chợ Lách","layer_id":263,"fid":1388,"label":"Hộ kinh doanh  Huy Chương"}},{"type":"Feature","id":1389,"geometry":{"type":"Point","coordinates":[10.1118,106.5238]},"properties":{"Họ và tên":"VÕ VĂN TÍNH","Tên Đại Lý":"Hộ kinh doanh\n  Phương Tính","Địa chỉ đại lý":"số 173, ấp Phước Thành, xã Tam Phước","layer_id":263,"fid":1389,"label":"Hộ kinh doanh\n  Phương Tính"}},{"type":"Feature","id":1390,"geometry":{"type":"Point","coordinates":[10.3214,106.3452]},"properties":{"Họ và tên":"VÕ VĂN TRIỀU","Tên Đại Lý":"Hộ kinh doanh Tấn Phát","Địa chỉ đại lý":"Tổ 01, ấp Phú Thạnh, xã Phú Mỹ","layer_id":263,"fid":1390,"label":"Hộ kinh doanh Tấn Phát"}},{"type":"Feature","id":1391,"geometry":{"type":"Point","coordinates":[10.2785,106.3842]},"properties":{"Họ và tên":"VÕ VĂN VIỆT","Tên Đại Lý":"Hộ kinh doanh  Chín Việt","Địa chỉ đại lý":"114, ấp chợ, \nxã Thành Triệu","layer_id":263,"fid":1391,"label":"Hộ kinh doanh  Chín Việt"}},{"type":"Feature","id":1392,"geometry":{"type":"Point","coordinates":[0.0,0.0]},"properties":{"Họ và tên":"VÕ VĂN XUÂN","Tên Đại Lý":"HỘ KINH DOANH VÕ VĂN XUÂN","Địa chỉ đại lý":"Số 01/2, ấp Quí Hoà, xã Hoà Lợi","layer_id":263,"fid":1392,"label":"HỘ KINH DOANH VÕ VĂN XUÂN"}}]}
