{"type":"FeatureCollection","name":"Cơ sở nuôi lồng bè","metadata":{"source":"https://hatang.vinhlong.gov.vn/","downloaded_at":"2026-07-20T01:14:09+00:00","layer_id":274,"layer_name":"Cơ sở nuôi lồng bè","catalog_endpoints":["/map/publicLayers2?inputs=thuy_san"],"requested_bbox":[104.0,8.0,108.0,12.0],"tile_size":0.0,"tile_count":1,"tile_errors":[],"feature_count":222,"coordinate_order":"x,y (thường là longitude,latitude theo cấu hình EPSG:4326 của WebGIS)"},"features":[{"type":"Feature","id":243,"geometry":{"type":"Point","coordinates":[105.991059,10.328386]},"properties":{"Tên cơ sở":"Phan Văn Dũng","Loại hình":"hộ nuôi","Địa chỉ sản xuất":"Ấp Phú Mỹ 1, xã An Bình tỉnh Vĩnh Long","Mã số nhận dạng cơ sở":"","Chủ cơ sở / Người đại diện":"Phan Văn Dũng","Tổng thể tích":"2377","Tổng số lồng bè":"6","Chứng nhận":"","Số giấy chứng nhận ATTP":"","Ngày cấp giấy chứng nhận ATTP":"","Tình trạng hoạt động":"Đang hoạt động","Ghi chú":"","layer_id":274,"fid":243,"label":"Phan Văn Dũng"}},{"type":"Feature","id":244,"geometry":{"type":"Point","coordinates":[105.988003,10.327899]},"properties":{"Tên cơ sở":"Phan Văn Nhách","Loại hình":"hộ nuôi","Địa chỉ sản xuất":"Ấp Phú Mỹ 1, xã An Bình tỉnh Vĩnh Long","Mã số nhận dạng cơ sở":"","Chủ cơ sở / Người đại diện":"Phan Văn Nhách","Tổng thể tích":"1170","Tổng số lồng bè":"7","Chứng nhận":"","Số giấy chứng nhận ATTP":"","Ngày cấp giấy chứng nhận ATTP":"","Tình trạng hoạt động":"Đang hoạt động","Ghi chú":"","layer_id":274,"fid":244,"label":"Phan Văn Nhách"}},{"type":"Feature","id":245,"geometry":{"type":"Point","coordinates":[105.986801,10.327319]},"properties":{"Tên cơ sở":"Phan Thanh Phong","Loại hình":"hộ nuôi","Địa chỉ sản xuất":"Ấp Phú Mỹ 1, xã An Bình tỉnh Vĩnh Long","Mã số nhận dạng cơ sở":"","Chủ cơ sở / Người đại diện":"Phan Thanh Phong","Tổng thể tích":"438","Tổng số lồng bè":"3","Chứng nhận":"","Số giấy chứng nhận ATTP":"","Ngày cấp giấy chứng nhận ATTP":"","Tình trạng hoạt động":"Đang hoạt động","Ghi chú":"","layer_id":274,"fid":245,"label":"Phan Thanh Phong"}},{"type":"Feature","id":246,"geometry":{"type":"Point","coordinates":[105.956023,10.306083]},"properties":{"Tên cơ sở":"Huỳnh Văn Truyền","Loại hình":"hộ nuôi","Địa chỉ sản xuất":"Ấp Phú Thuận 2, xã An Bình, tỉnh Vĩnh Long","Mã số nhận dạng cơ sở":"","Chủ cơ sở / Người đại diện":"Huỳnh Văn Truyền","Tổng thể tích":"4806","Tổng số lồng bè":"20","Chứng nhận":"","Số giấy chứng nhận ATTP":"","Ngày cấp giấy chứng nhận ATTP":"","Tình trạng hoạt động":"Đang hoạt động","Ghi chú":"","layer_id":274,"fid":246,"label":"Huỳnh Văn Truyền"}},{"type":"Feature","id":247,"geometry":{"type":"Point","coordinates":[105.953619,10.304286]},"properties":{"Tên cơ sở":"Nguyễn Văn Vũ   ","Loại hình":"hộ nuôi","Địa chỉ sản xuất":"Ấp Phú Thuận 2, xã An Bình, tỉnh Vĩnh Long","Mã số nhận dạng cơ sở":"","Chủ cơ sở / Người đại diện":"Nguyễn Văn Vủ   ","Tổng thể tích":"3888","Tổng số lồng bè":"18","Chứng nhận":"","Số giấy chứng nhận ATTP":"","Ngày cấp giấy chứng nhận ATTP":"","Tình trạng hoạt động":"Đang hoạt động","Ghi chú":"","layer_id":274,"fid":247,"label":"Nguyễn Văn Vũ   "}},{"type":"Feature","id":248,"geometry":{"type":"Point","coordinates":[105.954515,10.304948]},"properties":{"Tên cơ sở":"Nguyễn  Anh Thi ","Loại hình":"hộ nuôi","Địa chỉ sản xuất":"Ấp Phú Thuận 2, xã An Bình, tỉnh Vĩnh Long","Mã số nhận dạng cơ sở":"","Chủ cơ sở / Người đại diện":"Nguyễn  Anh Thi ","Tổng thể tích":"3456","Tổng số lồng bè":"18","Chứng nhận":"","Số giấy chứng nhận ATTP":"","Ngày cấp giấy chứng nhận ATTP":"","Tình trạng hoạt động":"Đang hoạt động","Ghi chú":"","layer_id":274,"fid":248,"label":"Nguyễn  Anh Thi "}},{"type":"Feature","id":249,"geometry":{"type":"Point","coordinates":[106.030929,10.263948]},"properties":{"Tên cơ sở":"Trần Phúc Hiền","Loại hình":"hộ nuôi","Địa chỉ sản xuất":"Ấp Phước Định 2, xã An Bình, tỉnh Vĩnh Long","Mã số nhận dạng cơ sở":"","Chủ cơ sở / Người đại diện":"Trần Phúc Hiền","Tổng thể tích":"1296","Tổng số lồng bè":"6","Chứng nhận":"","Số giấy chứng nhận ATTP":"","Ngày cấp giấy chứng nhận ATTP":"","Tình trạng hoạt động":"Đang hoạt động","Ghi chú":"","layer_id":274,"fid":249,"label":"Trần Phúc Hiền"}},{"type":"Feature","id":250,"geometry":{"type":"Point","coordinates":[105.958165,10.307406]},"properties":{"Tên cơ sở":"Mai Tấn Nghĩa","Loại hình":"hộ nuôi","Địa chỉ sản xuất":"Ấp Phú Thuận 2, xã An Bình, tỉnh Vĩnh Long","Mã số nhận dạng cơ sở":"","Chủ cơ sở / Người đại diện":"Mai Tấn Nghĩa","Tổng thể tích":"360","Tổng số lồng bè":"2","Chứng nhận":"","Số giấy chứng nhận ATTP":"","Ngày cấp giấy chứng nhận ATTP":"","Tình trạng hoạt động":"Đang hoạt động","Ghi chú":"","layer_id":274,"fid":250,"label":"Mai Tấn Nghĩa"}},{"type":"Feature","id":251,"geometry":{"type":"Point","coordinates":[105.939053,10.288275]},"properties":{"Tên cơ sở":"Trần Văn sang  ","Loại hình":"hộ nuôi","Địa chỉ sản xuất":"Ấp An Long, xã An Bình, tỉnh Vĩnh Long","Mã số nhận dạng cơ sở":"","Chủ cơ sở / Người đại diện":"Trần Văn sang  ","Tổng thể tích":"810","Tổng số lồng bè":"4","Chứng nhận":"","Số giấy chứng nhận ATTP":"","Ngày cấp giấy chứng nhận ATTP":"","Tình trạng hoạt động":"Đang hoạt động","Ghi chú":"","layer_id":274,"fid":251,"label":"Trần Văn sang  "}},{"type":"Feature","id":252,"geometry":{"type":"Point","coordinates":[105.978348,10.263499]},"properties":{"Tên cơ sở":"Nguyễn Văn Đẹp","Loại hình":"hộ nuôi","Địa chỉ sản xuất":"Ấp An Thành, xã An Bình, tỉnh Vĩnh Long","Mã số nhận dạng cơ sở":"","Chủ cơ sở / Người đại diện":"Nguyễn Văn Đẹp","Tổng thể tích":"318","Tổng số lồng bè":"4","Chứng nhận":"","Số giấy chứng nhận ATTP":"","Ngày cấp giấy chứng nhận ATTP":"","Tình trạng hoạt động":"Đang hoạt động","Ghi chú":"","layer_id":274,"fid":252,"label":"Nguyễn Văn Đẹp"}},{"type":"Feature","id":253,"geometry":{"type":"Point","coordinates":[105.97914,10.263718]},"properties":{"Tên cơ sở":"Nguyễn Văn Tâm","Loại hình":"hộ nuôi","Địa chỉ sản xuất":"Ấp An Thành, xã An Bình, tỉnh Vĩnh Long","Mã số nhận dạng cơ sở":"","Chủ cơ sở / Người đại diện":"Nguyễn Văn Tâm","Tổng thể tích":"864","Tổng số lồng bè":"5","Chứng nhận":"","Số giấy chứng nhận ATTP":"","Ngày cấp giấy chứng nhận ATTP":"","Tình trạng hoạt động":"Đang hoạt động","Ghi chú":"","layer_id":274,"fid":253,"label":"Nguyễn Văn Tâm"}},{"type":"Feature","id":254,"geometry":{"type":"Point","coordinates":[105.97996,10.264032]},"properties":{"Tên cơ sở":"Dương Sơn Bằng","Loại hình":"hộ nuôi","Địa chỉ sản xuất":"Ấp An Thành, xã An Bình, tỉnh Vĩnh Long","Mã số nhận dạng cơ sở":"","Chủ cơ sở / Người đại diện":"Dương Sơn Bằng","Tổng thể tích":"1296","Tổng số lồng bè":"8","Chứng nhận":"","Số giấy chứng nhận ATTP":"","Ngày cấp giấy chứng nhận ATTP":"","Tình trạng hoạt động":"Đang hoạt động","Ghi chú":"","layer_id":274,"fid":254,"label":"Dương Sơn Bằng"}},{"type":"Feature","id":255,"geometry":{"type":"Point","coordinates":[106.014863,10.267871]},"properties":{"Tên cơ sở":"Nguyễn Thanh Liêm ","Loại hình":"hộ nuôi","Địa chỉ sản xuất":"Ấp Phước Định 1, xã An Bình, tỉnh Vĩnh Long","Mã số nhận dạng cơ sở":"","Chủ cơ sở / Người đại diện":"Nguyễn Thanh Liêm ","Tổng thể tích":"1944","Tổng số lồng bè":"15","Chứng nhận":"","Số giấy chứng nhận ATTP":"","Ngày cấp giấy chứng nhận ATTP":"","Tình trạng hoạt động":"Đang hoạt động","Ghi chú":"","layer_id":274,"fid":255,"label":"Nguyễn Thanh Liêm "}},{"type":"Feature","id":256,"geometry":{"type":"Point","coordinates":[106.015641,10.267797]},"properties":{"Tên cơ sở":"Lê Thanh Hải","Loại hình":"hộ nuôi","Địa chỉ sản xuất":"Ấp Phước Định 1, xã An Bình, tỉnh Vĩnh Long","Mã số nhận dạng cơ sở":"","Chủ cơ sở / Người đại diện":"Lê Thanh Hải","Tổng thể tích":"1350","Tổng số lồng bè":"7","Chứng nhận":"","Số giấy chứng nhận ATTP":"","Ngày cấp giấy chứng nhận ATTP":"","Tình trạng hoạt động":"Đang hoạt động","Ghi chú":"","layer_id":274,"fid":256,"label":"Lê Thanh Hải"}},{"type":"Feature","id":257,"geometry":{"type":"Point","coordinates":[106.017701,10.267517]},"properties":{"Tên cơ sở":"Lê Minh Hùng","Loại hình":"hộ nuôi","Địa chỉ sản xuất":"Ấp Phước Định 1, xã An Bình, tỉnh Vĩnh Long","Mã số nhận dạng cơ sở":"","Chủ cơ sở / Người đại diện":"Lê Minh Hùng","Tổng thể tích":"864","Tổng số lồng bè":"4","Chứng nhận":"","Số giấy chứng nhận ATTP":"","Ngày cấp giấy chứng nhận ATTP":"","Tình trạng hoạt động":"Đang hoạt động","Ghi chú":"","layer_id":274,"fid":257,"label":"Lê Minh Hùng"}},{"type":"Feature","id":258,"geometry":{"type":"Point","coordinates":[10.307122,105.957813]},"properties":{"Tên cơ sở":"Hồ Minh Hiền","Loại hình":"hộ nuôi","Địa chỉ sản xuất":"Ấp Phú Thuận 2, xã An Bình, tỉnh Vĩnh Long","Mã số nhận dạng cơ sở":"","Chủ cơ sở / Người đại diện":"Hồ Minh Hiền","Tổng thể tích":"294","Tổng số lồng bè":"2","Chứng nhận":"","Số giấy chứng nhận ATTP":"","Ngày cấp giấy chứng nhận ATTP":"","Tình trạng hoạt động":"Đang hoạt động","Ghi chú":"","layer_id":274,"fid":258,"label":"Hồ Minh Hiền"}},{"type":"Feature","id":259,"geometry":{"type":"Point","coordinates":[105.93923,10.28866]},"properties":{"Tên cơ sở":"Trần Minh Tiến         ","Loại hình":"hộ nuôi","Địa chỉ sản xuất":"Ấp An Long, xã An Bình, tỉnh Vĩnh Long","Mã số nhận dạng cơ sở":"","Chủ cơ sở / Người đại diện":"Trần Minh Tiến         ","Tổng thể tích":"1080","Tổng số lồng bè":"5","Chứng nhận":"","Số giấy chứng nhận ATTP":"","Ngày cấp giấy chứng nhận ATTP":"","Tình trạng hoạt động":"Đang hoạt động","Ghi chú":"","layer_id":274,"fid":259,"label":"Trần Minh Tiến         "}},{"type":"Feature","id":260,"geometry":{"type":"Point","coordinates":[106.029413,10.264165]},"properties":{"Tên cơ sở":"Trần Phúc Thanh","Loại hình":"hộ nuôi","Địa chỉ sản xuất":"Ấp Phước Định 2, xã An Bình, tỉnh Vĩnh Long","Mã số nhận dạng cơ sở":"","Chủ cơ sở / Người đại diện":"Trần Phúc Thanh","Tổng thể tích":"4320","Tổng số lồng bè":"16","Chứng nhận":"","Số giấy chứng nhận ATTP":"","Ngày cấp giấy chứng nhận ATTP":"","Tình trạng hoạt động":"Đang hoạt động","Ghi chú":"","layer_id":274,"fid":260,"label":"Trần Phúc Thanh"}},{"type":"Feature","id":261,"geometry":{"type":"Point","coordinates":[105.953619,10.304286]},"properties":{"Tên cơ sở":"Nguyễn Văn Vũ   ","Loại hình":"hộ nuôi","Địa chỉ sản xuất":"Ấp Phú Thuận 2, xã An Bình, tỉnh Vĩnh Long","Mã số nhận dạng cơ sở":"","Chủ cơ sở / Người đại diện":"Nguyễn Văn Vủ   ","Tổng thể tích":"3888","Tổng số lồng bè":"18","Chứng nhận":"","Số giấy chứng nhận ATTP":"","Ngày cấp giấy chứng nhận ATTP":"","Tình trạng hoạt động":"Đang hoạt động","Ghi chú":"","layer_id":274,"fid":261,"label":"Nguyễn Văn Vũ   "}},{"type":"Feature","id":262,"geometry":{"type":"Point","coordinates":[106.014863,10.267871]},"properties":{"Tên cơ sở":"Lê Thanh Hải","Loại hình":"hộ nuôi","Địa chỉ sản xuất":"Ấp Phước Định 1, xã An Bình, tỉnh Vĩnh Long","Mã số nhận dạng cơ sở":"","Chủ cơ sở / Người đại diện":"Lê Thanh Hải","Tổng thể tích":"1350","Tổng số lồng bè":"7","Chứng nhận":"","Số giấy chứng nhận ATTP":"","Ngày cấp giấy chứng nhận ATTP":"","Tình trạng hoạt động":"Đang hoạt động","Ghi chú":"","layer_id":274,"fid":262,"label":"Lê Thanh Hải"}},{"type":"Feature","id":263,"geometry":{"type":"Point","coordinates":[106.029413,10.264165]},"properties":{"Tên cơ sở":"Trần Phúc Thanh","Loại hình":"hộ nuôi","Địa chỉ sản xuất":"Ấp Phước Định 2, xã An Bình, tỉnh Vĩnh Long","Mã số nhận dạng cơ sở":"","Chủ cơ sở / Người đại diện":"Trần Phúc Thanh","Tổng thể tích":"4320","Tổng số lồng bè":"16","Chứng nhận":"","Số giấy chứng nhận ATTP":"","Ngày cấp giấy chứng nhận ATTP":"","Tình trạng hoạt động":"Đang hoạt động","Ghi chú":"","layer_id":274,"fid":263,"label":"Trần Phúc Thanh"}},{"type":"Feature","id":264,"geometry":{"type":"Point","coordinates":[106.015641,10.267797]},"properties":{"Tên cơ sở":"Lê Thanh Hải","Loại hình":"hộ nuôi","Địa chỉ sản xuất":"Ấp Phước Định 1, xã An Bình, tỉnh Vĩnh Long","Mã số nhận dạng cơ sở":"","Chủ cơ sở / Người đại diện":"Lê Thanh Hải","Tổng thể tích":"1350","Tổng số lồng bè":"7","Chứng nhận":"","Số giấy chứng nhận ATTP":"","Ngày cấp giấy chứng nhận ATTP":"","Tình trạng hoạt động":"Đang hoạt động","Ghi chú":"","layer_id":274,"fid":264,"label":"Lê Thanh Hải"}},{"type":"Feature","id":265,"geometry":{"type":"Point","coordinates":[106.015641,10.267797]},"properties":{"Tên cơ sở":"Lê Minh Hùng","Loại hình":"hộ nuôi","Địa chỉ sản xuất":"Ấp Phước Định 1, xã An Bình, tỉnh Vĩnh Long","Mã số nhận dạng cơ sở":"","Chủ cơ sở / Người đại diện":"Lê Minh Hùng","Tổng thể tích":"864","Tổng số lồng bè":"4","Chứng nhận":"","Số giấy chứng nhận ATTP":"","Ngày cấp giấy chứng nhận ATTP":"","Tình trạng hoạt động":"Đang hoạt động","Ghi chú":"","layer_id":274,"fid":265,"label":"Lê Minh Hùng"}},{"type":"Feature","id":266,"geometry":{"type":"Point","coordinates":[106.017701,10.267517]},"properties":{"Tên cơ sở":"Trần Minh Tiến         ","Loại hình":"hộ nuôi","Địa chỉ sản xuất":"Ấp An Long, xã An Bình, tỉnh Vĩnh Long","Mã số nhận dạng cơ sở":"","Chủ cơ sở / Người đại diện":"Trần Minh Tiến         ","Tổng thể tích":"1080","Tổng số lồng bè":"5","Chứng nhận":"","Số giấy chứng nhận ATTP":"","Ngày cấp giấy chứng nhận ATTP":"","Tình trạng hoạt động":"Đang hoạt động","Ghi chú":"","layer_id":274,"fid":266,"label":"Trần Minh Tiến         "}},{"type":"Feature","id":267,"geometry":{"type":"Point","coordinates":[106.030929,10.263948]},"properties":{"Tên cơ sở":"Trần Phúc Hiền","Loại hình":"hộ nuôi","Địa chỉ sản xuất":"Ấp Phước Định 2, xã An Bình, tỉnh Vĩnh Long","Mã số nhận dạng cơ sở":"","Chủ cơ sở / Người đại diện":"Trần Phúc Hiền","Tổng thể tích":"1296","Tổng số lồng bè":"6","Chứng nhận":"","Số giấy chứng nhận ATTP":"","Ngày cấp giấy chứng nhận ATTP":"","Tình trạng hoạt động":"Đang hoạt động","Ghi chú":"","layer_id":274,"fid":267,"label":"Trần Phúc Hiền"}},{"type":"Feature","id":268,"geometry":{"type":"Point","coordinates":[105.958488,10.307909]},"properties":{"Tên cơ sở":"Nguyễn Hồng Khoa","Loại hình":"hộ nuôi","Địa chỉ sản xuất":"Ấp Phú Thuận 2, xã An Bình, tỉnh Vĩnh Long","Mã số nhận dạng cơ sở":"","Chủ cơ sở / Người đại diện":"Nguyễn Hồng Khoa","Tổng thể tích":"648","Tổng số lồng bè":"3","Chứng nhận":"","Số giấy chứng nhận ATTP":"","Ngày cấp giấy chứng nhận ATTP":"","Tình trạng hoạt động":"Đang hoạt động","Ghi chú":"","layer_id":274,"fid":268,"label":"Nguyễn Hồng Khoa"}},{"type":"Feature","id":269,"geometry":{"type":"Point","coordinates":[105.957479,10.306971]},"properties":{"Tên cơ sở":"Hồ Minh Đạt","Loại hình":"hộ nuôi","Địa chỉ sản xuất":"Ấp Phú Thuận 2, xã An Bình, tỉnh Vĩnh Long","Mã số nhận dạng cơ sở":"","Chủ cơ sở / Người đại diện":"Hồ Minh Đạt","Tổng thể tích":"144","Tổng số lồng bè":"1","Chứng nhận":"","Số giấy chứng nhận ATTP":"","Ngày cấp giấy chứng nhận ATTP":"","Tình trạng hoạt động":"Đang hoạt động","Ghi chú":"","layer_id":274,"fid":269,"label":"Hồ Minh Đạt"}},{"type":"Feature","id":270,"geometry":{"type":"Point","coordinates":[105.957488,10.307178]},"properties":{"Tên cơ sở":"Trần Duy Khánh","Loại hình":"hộ nuôi","Địa chỉ sản xuất":"Ấp Phú Thuận 2, xã An Bình, tỉnh Vĩnh Long","Mã số nhận dạng cơ sở":"","Chủ cơ sở / Người đại diện":"Trần Duy Khánh","Tổng thể tích":"216","Tổng số lồng bè":"1","Chứng nhận":"","Số giấy chứng nhận ATTP":"","Ngày cấp giấy chứng nhận ATTP":"","Tình trạng hoạt động":"Đang hoạt động","Ghi chú":"","layer_id":274,"fid":270,"label":"Trần Duy Khánh"}},{"type":"Feature","id":271,"geometry":{"type":"Point","coordinates":[105.957326,10.307158]},"properties":{"Tên cơ sở":"Trần Thị Hồng Thu      ","Loại hình":"hộ nuôi","Địa chỉ sản xuất":"Ấp Phú Thuận 2, xã An Bình, tỉnh Vĩnh Long","Mã số nhận dạng cơ sở":"","Chủ cơ sở / Người đại diện":"Trần Thị Hồng Thu      ","Tổng thể tích":"2016","Tổng số lồng bè":"7","Chứng nhận":"","Số giấy chứng nhận ATTP":"","Ngày cấp giấy chứng nhận ATTP":"","Tình trạng hoạt động":"Đang hoạt động","Ghi chú":"","layer_id":274,"fid":271,"label":"Trần Thị Hồng Thu      "}},{"type":"Feature","id":272,"geometry":{"type":"Point","coordinates":[105.956471,10.306303]},"properties":{"Tên cơ sở":"Nguyễn Văn Hải          ","Loại hình":"hộ nuôi","Địa chỉ sản xuất":"Ấp Phú Thuận 2, xã An Bình, tỉnh Vĩnh Long","Mã số nhận dạng cơ sở":"","Chủ cơ sở / Người đại diện":"Nguyễn Văn Hải          ","Tổng thể tích":"432","Tổng số lồng bè":"2","Chứng nhận":"","Số giấy chứng nhận ATTP":"","Ngày cấp giấy chứng nhận ATTP":"","Tình trạng hoạt động":"Đang hoạt động","Ghi chú":"","layer_id":274,"fid":272,"label":"Nguyễn Văn Hải          "}},{"type":"Feature","id":273,"geometry":{"type":"Point","coordinates":[105.955473,10.305536]},"properties":{"Tên cơ sở":"Phan Văn Tư             ","Loại hình":"hộ nuôi","Địa chỉ sản xuất":"Ấp Phú Thuận 2, xã An Bình, tỉnh Vĩnh Long","Mã số nhận dạng cơ sở":"","Chủ cơ sở / Người đại diện":"Phan Văn Tư             ","Tổng thể tích":"846","Tổng số lồng bè":"3","Chứng nhận":"","Số giấy chứng nhận ATTP":"","Ngày cấp giấy chứng nhận ATTP":"","Tình trạng hoạt động":"Đang hoạt động","Ghi chú":"","layer_id":274,"fid":273,"label":"Phan Văn Tư             "}},{"type":"Feature","id":274,"geometry":{"type":"Point","coordinates":[105.95531,10.305355]},"properties":{"Tên cơ sở":"Lê Thị Kim Huệ","Loại hình":"hộ nuôi","Địa chỉ sản xuất":"Ấp Phú Thuận 2, xã An Bình, tỉnh Vĩnh Long","Mã số nhận dạng cơ sở":"","Chủ cơ sở / Người đại diện":"Lê Thị Kim Huệ","Tổng thể tích":"1512","Tổng số lồng bè":"7","Chứng nhận":"","Số giấy chứng nhận ATTP":"","Ngày cấp giấy chứng nhận ATTP":"","Tình trạng hoạt động":"Đang hoạt động","Ghi chú":"","layer_id":274,"fid":274,"label":"Lê Thị Kim Huệ"}},{"type":"Feature","id":275,"geometry":{"type":"Point","coordinates":[105.955199,10.305166]},"properties":{"Tên cơ sở":"Trần Văn Thanh ","Loại hình":"hộ nuôi","Địa chỉ sản xuất":"Ấp Phú Thuận 2, xã An Bình, tỉnh Vĩnh Long","Mã số nhận dạng cơ sở":"","Chủ cơ sở / Người đại diện":"Trần Văn Thanh ","Tổng thể tích":"648","Tổng số lồng bè":"3","Chứng nhận":"","Số giấy chứng nhận ATTP":"","Ngày cấp giấy chứng nhận ATTP":"","Tình trạng hoạt động":"Đang hoạt động","Ghi chú":"","layer_id":274,"fid":275,"label":"Trần Văn Thanh "}},{"type":"Feature","id":276,"geometry":{"type":"Point","coordinates":[105.955012,10.30533]},"properties":{"Tên cơ sở":"Hồ Hoàng Sang     ","Loại hình":"hộ nuôi","Địa chỉ sản xuất":"Ấp Phú Thuận 2, xã An Bình, tỉnh Vĩnh Long","Mã số nhận dạng cơ sở":"","Chủ cơ sở / Người đại diện":"Hồ Hoàng Sang     ","Tổng thể tích":"1152","Tổng số lồng bè":"4","Chứng nhận":"","Số giấy chứng nhận ATTP":"","Ngày cấp giấy chứng nhận ATTP":"","Tình trạng hoạt động":"Đang hoạt động","Ghi chú":"","layer_id":274,"fid":276,"label":"Hồ Hoàng Sang     "}},{"type":"Feature","id":277,"geometry":{"type":"Point","coordinates":[105.954876,10.304964]},"properties":{"Tên cơ sở":"Trần Văn Mướp  ","Loại hình":"hộ nuôi","Địa chỉ sản xuất":"Ấp Phú Thuận 2, xã An Bình, tỉnh Vĩnh Long","Mã số nhận dạng cơ sở":"","Chủ cơ sở / Người đại diện":"Trần Văn Mướp  ","Tổng thể tích":"1800","Tổng số lồng bè":"6","Chứng nhận":"","Số giấy chứng nhận ATTP":"","Ngày cấp giấy chứng nhận ATTP":"","Tình trạng hoạt động":"Đang hoạt động","Ghi chú":"","layer_id":274,"fid":277,"label":"Trần Văn Mướp  "}},{"type":"Feature","id":278,"geometry":{"type":"Point","coordinates":[105.955046,10.304776]},"properties":{"Tên cơ sở":"Trương Văn Tài","Loại hình":"hộ nuôi","Địa chỉ sản xuất":"Ấp Phú Thuận 2, xã An Bình, tỉnh Vĩnh Long","Mã số nhận dạng cơ sở":"","Chủ cơ sở / Người đại diện":"Trương Văn Tài","Tổng thể tích":"648","Tổng số lồng bè":"3","Chứng nhận":"","Số giấy chứng nhận ATTP":"","Ngày cấp giấy chứng nhận ATTP":"","Tình trạng hoạt động":"Đang hoạt động","Ghi chú":"","layer_id":274,"fid":278,"label":"Trương Văn Tài"}},{"type":"Feature","id":279,"geometry":{"type":"Point","coordinates":[105.954512,10.304952]},"properties":{"Tên cơ sở":"Lê Thanh Quang","Loại hình":"hộ nuôi","Địa chỉ sản xuất":"Ấp Phú Thuận 2, xã An Bình, tỉnh Vĩnh Long","Mã số nhận dạng cơ sở":"","Chủ cơ sở / Người đại diện":"Lê Thanh Quang","Tổng thể tích":"1296","Tổng số lồng bè":"6","Chứng nhận":"","Số giấy chứng nhận ATTP":"","Ngày cấp giấy chứng nhận ATTP":"","Tình trạng hoạt động":"Đang hoạt động","Ghi chú":"","layer_id":274,"fid":279,"label":"Lê Thanh Quang"}},{"type":"Feature","id":280,"geometry":{"type":"Point","coordinates":[105.95335,10.30401]},"properties":{"Tên cơ sở":"Hồ Thanh Tâm           ","Loại hình":"hộ nuôi","Địa chỉ sản xuất":"Ấp Phú Thuận 2, xã An Bình, tỉnh Vĩnh Long","Mã số nhận dạng cơ sở":"","Chủ cơ sở / Người đại diện":"Hồ Thanh Tâm           ","Tổng thể tích":"2808","Tổng số lồng bè":"13","Chứng nhận":"","Số giấy chứng nhận ATTP":"","Ngày cấp giấy chứng nhận ATTP":"","Tình trạng hoạt động":"Đang hoạt động","Ghi chú":"","layer_id":274,"fid":280,"label":"Hồ Thanh Tâm           "}},{"type":"Feature","id":281,"geometry":{"type":"Point","coordinates":[105.953284,10.303647]},"properties":{"Tên cơ sở":"Nguyễn Văn Chánh ","Loại hình":"hộ nuôi","Địa chỉ sản xuất":"Ấp Phú Thuận 2, xã An Bình, tỉnh Vĩnh Long","Mã số nhận dạng cơ sở":"","Chủ cơ sở / Người đại diện":"Nguyễn Văn Chánh ","Tổng thể tích":"3168","Tổng số lồng bè":"11","Chứng nhận":"","Số giấy chứng nhận ATTP":"","Ngày cấp giấy chứng nhận ATTP":"","Tình trạng hoạt động":"Đang hoạt động","Ghi chú":"","layer_id":274,"fid":281,"label":"Nguyễn Văn Chánh "}},{"type":"Feature","id":282,"geometry":{"type":"Point","coordinates":[105.952913,10.302829]},"properties":{"Tên cơ sở":"Trương Văn Tài","Loại hình":"hộ nuôi","Địa chỉ sản xuất":"Ấp Phú Thuận 2, xã An Bình, tỉnh Vĩnh Long","Mã số nhận dạng cơ sở":"","Chủ cơ sở / Người đại diện":"Trương Văn Tài","Tổng thể tích":"2592","Tổng số lồng bè":"7","Chứng nhận":"","Số giấy chứng nhận ATTP":"","Ngày cấp giấy chứng nhận ATTP":"","Tình trạng hoạt động":"Đang hoạt động","Ghi chú":"","layer_id":274,"fid":282,"label":"Trương Văn Tài"}},{"type":"Feature","id":283,"geometry":{"type":"Point","coordinates":[105.952913,10.303146]},"properties":{"Tên cơ sở":"Nguyễn Văn Thành ","Loại hình":"hộ nuôi","Địa chỉ sản xuất":"Ấp Phú Thuận 2, xã An Bình, tỉnh Vĩnh Long","Mã số nhận dạng cơ sở":"","Chủ cơ sở / Người đại diện":"Nguyễn Văn Thành ","Tổng thể tích":"432","Tổng số lồng bè":"2","Chứng nhận":"","Số giấy chứng nhận ATTP":"","Ngày cấp giấy chứng nhận ATTP":"","Tình trạng hoạt động":"Đang hoạt động","Ghi chú":"","layer_id":274,"fid":283,"label":"Nguyễn Văn Thành "}},{"type":"Feature","id":284,"geometry":{"type":"Point","coordinates":[105.952602,10.302871]},"properties":{"Tên cơ sở":"Trần Thị Chanh","Loại hình":"hộ nuôi","Địa chỉ sản xuất":"Ấp Phú Thuận 2, xã An Bình, tỉnh Vĩnh Long","Mã số nhận dạng cơ sở":"","Chủ cơ sở / Người đại diện":"Trần Thị Chanh","Tổng thể tích":"648","Tổng số lồng bè":"3","Chứng nhận":"","Số giấy chứng nhận ATTP":"","Ngày cấp giấy chứng nhận ATTP":"","Tình trạng hoạt động":"Đang hoạt động","Ghi chú":"","layer_id":274,"fid":284,"label":"Trần Thị Chanh"}},{"type":"Feature","id":285,"geometry":{"type":"Point","coordinates":[105.952252,10.303004]},"properties":{"Tên cơ sở":"Hồ Thị Thu Thủy","Loại hình":"hộ nuôi","Địa chỉ sản xuất":"Ấp Phú Thuận 2, xã An Bình, tỉnh Vĩnh Long","Mã số nhận dạng cơ sở":"","Chủ cơ sở / Người đại diện":"Hồ Thị Thu Thủy","Tổng thể tích":"3024","Tổng số lồng bè":"14","Chứng nhận":"","Số giấy chứng nhận ATTP":"","Ngày cấp giấy chứng nhận ATTP":"","Tình trạng hoạt động":"Đang hoạt động","Ghi chú":"","layer_id":274,"fid":285,"label":"Hồ Thị Thu Thủy"}},{"type":"Feature","id":286,"geometry":{"type":"Point","coordinates":[105.951534,10.301999]},"properties":{"Tên cơ sở":"Hồ Thanh Thế ","Loại hình":"hộ nuôi","Địa chỉ sản xuất":"Ấp Phú Thuận 2, xã An Bình, tỉnh Vĩnh Long","Mã số nhận dạng cơ sở":"","Chủ cơ sở / Người đại diện":"Hồ Thanh Thế ","Tổng thể tích":"4086","Tổng số lồng bè":"14","Chứng nhận":"","Số giấy chứng nhận ATTP":"","Ngày cấp giấy chứng nhận ATTP":"","Tình trạng hoạt động":"Đang hoạt động","Ghi chú":"","layer_id":274,"fid":286,"label":"Hồ Thanh Thế "}},{"type":"Feature","id":287,"geometry":{"type":"Point","coordinates":[105.951869,10.302]},"properties":{"Tên cơ sở":"Trương Văn Tài","Loại hình":"hộ nuôi","Địa chỉ sản xuất":"Ấp Phú Thuận 2, xã An Bình, tỉnh Vĩnh Long","Mã số nhận dạng cơ sở":"","Chủ cơ sở / Người đại diện":"Trương Văn Tài","Tổng thể tích":"648","Tổng số lồng bè":"3","Chứng nhận":"","Số giấy chứng nhận ATTP":"","Ngày cấp giấy chứng nhận ATTP":"","Tình trạng hoạt động":"Đang hoạt động","Ghi chú":"","layer_id":274,"fid":287,"label":"Trương Văn Tài"}},{"type":"Feature","id":288,"geometry":{"type":"Point","coordinates":[105.951614,10.302308]},"properties":{"Tên cơ sở":"Đặng Văn Hòa ","Loại hình":"hộ nuôi","Địa chỉ sản xuất":"Ấp Phú Thuận 2, xã An Bình, tỉnh Vĩnh Long","Mã số nhận dạng cơ sở":"","Chủ cơ sở / Người đại diện":"Đặng Văn Hòa ","Tổng thể tích":"1692","Tổng số lồng bè":"6","Chứng nhận":"","Số giấy chứng nhận ATTP":"","Ngày cấp giấy chứng nhận ATTP":"","Tình trạng hoạt động":"Đang hoạt động","Ghi chú":"","layer_id":274,"fid":288,"label":"Đặng Văn Hòa "}},{"type":"Feature","id":289,"geometry":{"type":"Point","coordinates":[105.952019,10.302377]},"properties":{"Tên cơ sở":"Võ Thị Do ","Loại hình":"hộ nuôi","Địa chỉ sản xuất":"Ấp Phú Thuận 2, xã An Bình, tỉnh Vĩnh Long","Mã số nhận dạng cơ sở":"","Chủ cơ sở / Người đại diện":"Võ Thị Do ","Tổng thể tích":"2016","Tổng số lồng bè":"11","Chứng nhận":"","Số giấy chứng nhận ATTP":"","Ngày cấp giấy chứng nhận ATTP":"","Tình trạng hoạt động":"Đang hoạt động","Ghi chú":"","layer_id":274,"fid":289,"label":"Võ Thị Do "}},{"type":"Feature","id":290,"geometry":{"type":"Point","coordinates":[105.951108,10.301618]},"properties":{"Tên cơ sở":"Hồ Văn Lắm","Loại hình":"hộ nuôi","Địa chỉ sản xuất":"Ấp Phú Thuận 2, xã An Bình, tỉnh Vĩnh Long","Mã số nhận dạng cơ sở":"","Chủ cơ sở / Người đại diện":"Hồ Văn Lắm","Tổng thể tích":"1728","Tổng số lồng bè":"8","Chứng nhận":"","Số giấy chứng nhận ATTP":"","Ngày cấp giấy chứng nhận ATTP":"","Tình trạng hoạt động":"Đang hoạt động","Ghi chú":"","layer_id":274,"fid":290,"label":"Hồ Văn Lắm"}},{"type":"Feature","id":291,"geometry":{"type":"Point","coordinates":[105.950836,10.301122]},"properties":{"Tên cơ sở":"Trần Văn Thơm  ","Loại hình":"hộ nuôi","Địa chỉ sản xuất":"Ấp Phú Thuận 2, xã An Bình, tỉnh Vĩnh Long","Mã số nhận dạng cơ sở":"","Chủ cơ sở / Người đại diện":"Trần Văn Thơm  ","Tổng thể tích":"2016","Tổng số lồng bè":"7","Chứng nhận":"","Số giấy chứng nhận ATTP":"","Ngày cấp giấy chứng nhận ATTP":"","Tình trạng hoạt động":"Đang hoạt động","Ghi chú":"","layer_id":274,"fid":291,"label":"Trần Văn Thơm  "}},{"type":"Feature","id":292,"geometry":{"type":"Point","coordinates":[105.950958,10.300975]},"properties":{"Tên cơ sở":"Trần Long  Toàn ","Loại hình":"hộ nuôi","Địa chỉ sản xuất":"Ấp Phú Thuận 2, xã An Bình, tỉnh Vĩnh Long","Mã số nhận dạng cơ sở":"","Chủ cơ sở / Người đại diện":"Trần Long  Toàn ","Tổng thể tích":"1728","Tổng số lồng bè":"8","Chứng nhận":"","Số giấy chứng nhận ATTP":"","Ngày cấp giấy chứng nhận ATTP":"","Tình trạng hoạt động":"Đang hoạt động","Ghi chú":"","layer_id":274,"fid":292,"label":"Trần Long  Toàn "}},{"type":"Feature","id":293,"geometry":{"type":"Point","coordinates":[105.950013,10.300668]},"properties":{"Tên cơ sở":"Đặng Văn Lượm     ","Loại hình":"hộ nuôi","Địa chỉ sản xuất":"Ấp Phú Thuận 2, xã An Bình, tỉnh Vĩnh Long","Mã số nhận dạng cơ sở":"","Chủ cơ sở / Người đại diện":"Đặng Văn Lượm     ","Tổng thể tích":"3024","Tổng số lồng bè":"14","Chứng nhận":"","Số giấy chứng nhận ATTP":"","Ngày cấp giấy chứng nhận ATTP":"","Tình trạng hoạt động":"Đang hoạt động","Ghi chú":"","layer_id":274,"fid":293,"label":"Đặng Văn Lượm     "}},{"type":"Feature","id":294,"geometry":{"type":"Point","coordinates":[105.949487,10.300115]},"properties":{"Tên cơ sở":"Đặng Văn Oi ","Loại hình":"hộ nuôi","Địa chỉ sản xuất":"Ấp Phú Thuận 2, xã An Bình, tỉnh Vĩnh Long","Mã số nhận dạng cơ sở":"","Chủ cơ sở / Người đại diện":"Đặng Văn Oi ","Tổng thể tích":"3672","Tổng số lồng bè":"17","Chứng nhận":"","Số giấy chứng nhận ATTP":"","Ngày cấp giấy chứng nhận ATTP":"","Tình trạng hoạt động":"Đang hoạt động","Ghi chú":"","layer_id":274,"fid":294,"label":"Đặng Văn Oi "}},{"type":"Feature","id":295,"geometry":{"type":"Point","coordinates":[105.949053,10.299826]},"properties":{"Tên cơ sở":"Huỳnh Văn Khỏe","Loại hình":"hộ nuôi","Địa chỉ sản xuất":"Ấp Phú Thuận 2, xã An Bình, tỉnh Vĩnh Long","Mã số nhận dạng cơ sở":"","Chủ cơ sở / Người đại diện":"Huỳnh Văn Khỏe","Tổng thể tích":"1728","Tổng số lồng bè":"8","Chứng nhận":"","Số giấy chứng nhận ATTP":"","Ngày cấp giấy chứng nhận ATTP":"","Tình trạng hoạt động":"Đang hoạt động","Ghi chú":"","layer_id":274,"fid":295,"label":"Huỳnh Văn Khỏe"}},{"type":"Feature","id":296,"geometry":{"type":"Point","coordinates":[105.948273,10.298973]},"properties":{"Tên cơ sở":"Huỳnh Văn Tấn ","Loại hình":"hộ nuôi","Địa chỉ sản xuất":"Ấp Phú Thuận 2, xã An Bình, tỉnh Vĩnh Long","Mã số nhận dạng cơ sở":"","Chủ cơ sở / Người đại diện":"Huỳnh Văn Tấn ","Tổng thể tích":"2016","Tổng số lồng bè":"7","Chứng nhận":"","Số giấy chứng nhận ATTP":"","Ngày cấp giấy chứng nhận ATTP":"","Tình trạng hoạt động":"Đang hoạt động","Ghi chú":"","layer_id":274,"fid":296,"label":"Huỳnh Văn Tấn "}},{"type":"Feature","id":297,"geometry":{"type":"Point","coordinates":[105.948476,10.298709]},"properties":{"Tên cơ sở":"Châu Văn Quy","Loại hình":"hộ nuôi","Địa chỉ sản xuất":"Ấp Phú Thuận 2, xã An Bình, tỉnh Vĩnh Long","Mã số nhận dạng cơ sở":"","Chủ cơ sở / Người đại diện":"Châu Văn Quy","Tổng thể tích":"1296","Tổng số lồng bè":"6","Chứng nhận":"","Số giấy chứng nhận ATTP":"","Ngày cấp giấy chứng nhận ATTP":"","Tình trạng hoạt động":"Đang hoạt động","Ghi chú":"","layer_id":274,"fid":297,"label":"Châu Văn Quy"}},{"type":"Feature","id":298,"geometry":{"type":"Point","coordinates":[105.947997,10.298847]},"properties":{"Tên cơ sở":"Trần Văn Luận","Loại hình":"hộ nuôi","Địa chỉ sản xuất":"Ấp Phú Thuận 2, xã An Bình, tỉnh Vĩnh Long","Mã số nhận dạng cơ sở":"","Chủ cơ sở / Người đại diện":"Trần Văn Luận","Tổng thể tích":"1728","Tổng số lồng bè":"8","Chứng nhận":"","Số giấy chứng nhận ATTP":"","Ngày cấp giấy chứng nhận ATTP":"","Tình trạng hoạt động":"Đang hoạt động","Ghi chú":"","layer_id":274,"fid":298,"label":"Trần Văn Luận"}},{"type":"Feature","id":299,"geometry":{"type":"Point","coordinates":[105.947537,10.298316]},"properties":{"Tên cơ sở":"Đỗ Thành Đức                ","Loại hình":"hộ nuôi","Địa chỉ sản xuất":"Ấp An Long, xã An Bình, tỉnh Vĩnh Long","Mã số nhận dạng cơ sở":"","Chủ cơ sở / Người đại diện":"Đỗ Thành Đức                ","Tổng thể tích":"2268","Tổng số lồng bè":"12","Chứng nhận":"","Số giấy chứng nhận ATTP":"","Ngày cấp giấy chứng nhận ATTP":"","Tình trạng hoạt động":"Đang hoạt động","Ghi chú":"","layer_id":274,"fid":299,"label":"Đỗ Thành Đức                "}},{"type":"Feature","id":300,"geometry":{"type":"Point","coordinates":[105.946214,10.296997]},"properties":{"Tên cơ sở":"Lê Văn Nhiệm","Loại hình":"hộ nuôi","Địa chỉ sản xuất":"Ấp An Long, xã An Bình, tỉnh Vĩnh Long","Mã số nhận dạng cơ sở":"","Chủ cơ sở / Người đại diện":"Lê Văn Nhiệm","Tổng thể tích":"2592","Tổng số lồng bè":"12","Chứng nhận":"","Số giấy chứng nhận ATTP":"","Ngày cấp giấy chứng nhận ATTP":"","Tình trạng hoạt động":"Đang hoạt động","Ghi chú":"","layer_id":274,"fid":300,"label":"Lê Văn Nhiệm"}},{"type":"Feature","id":301,"geometry":{"type":"Point","coordinates":[105.946518,10.297526]},"properties":{"Tên cơ sở":"Đỗ Hàn Phong","Loại hình":"hộ nuôi","Địa chỉ sản xuất":"Ấp An Long, xã An Bình, tỉnh Vĩnh Long","Mã số nhận dạng cơ sở":"","Chủ cơ sở / Người đại diện":"Đỗ Hàn Phong","Tổng thể tích":"3186","Tổng số lồng bè":"14","Chứng nhận":"","Số giấy chứng nhận ATTP":"","Ngày cấp giấy chứng nhận ATTP":"","Tình trạng hoạt động":"Đang hoạt động","Ghi chú":"","layer_id":274,"fid":301,"label":"Đỗ Hàn Phong"}},{"type":"Feature","id":302,"geometry":{"type":"Point","coordinates":[105.947757,10.297842]},"properties":{"Tên cơ sở":"Đỗ Văn Nghĩa ","Loại hình":"hộ nuôi","Địa chỉ sản xuất":"Ấp An Long, xã An Bình, tỉnh Vĩnh Long","Mã số nhận dạng cơ sở":"","Chủ cơ sở / Người đại diện":"Đỗ Văn Nghĩa ","Tổng thể tích":"2106","Tổng số lồng bè":"10","Chứng nhận":"","Số giấy chứng nhận ATTP":"","Ngày cấp giấy chứng nhận ATTP":"","Tình trạng hoạt động":"Đang hoạt động","Ghi chú":"","layer_id":274,"fid":302,"label":"Đỗ Văn Nghĩa "}},{"type":"Feature","id":303,"geometry":{"type":"Point","coordinates":[105.947549,10.297724]},"properties":{"Tên cơ sở":"Nguyễn Thị Thu Hương","Loại hình":"hộ nuôi","Địa chỉ sản xuất":"Ấp An Long, xã An Bình, tỉnh Vĩnh Long","Mã số nhận dạng cơ sở":"","Chủ cơ sở / Người đại diện":"Nguyễn Thị Thu Hương","Tổng thể tích":"756","Tổng số lồng bè":"4","Chứng nhận":"","Số giấy chứng nhận ATTP":"","Ngày cấp giấy chứng nhận ATTP":"","Tình trạng hoạt động":"Đang hoạt động","Ghi chú":"","layer_id":274,"fid":303,"label":"Nguyễn Thị Thu Hương"}},{"type":"Feature","id":310,"geometry":{"type":"Point","coordinates":[105.945213,10.295892]},"properties":{"Tên cơ sở":"Nguyễn Hữu Thiện","Loại hình":"hộ nuôi","Địa chỉ sản xuất":"Ấp An Long, xã An Bình, tỉnh Vĩnh Long","Mã số nhận dạng cơ sở":"","Chủ cơ sở / Người đại diện":"Nguyễn Hữu Thiện","Tổng thể tích":"2304","Tổng số lồng bè":"8","Chứng nhận":"","Số giấy chứng nhận ATTP":"","Ngày cấp giấy chứng nhận ATTP":"","Tình trạng hoạt động":"Đang hoạt động","Ghi chú":"","layer_id":274,"fid":310,"label":"Nguyễn Hữu Thiện"}},{"type":"Feature","id":304,"geometry":{"type":"Point","coordinates":[105.947078,10.297761]},"properties":{"Tên cơ sở":"Huỳnh Thanh Tuấn     ","Loại hình":"hộ nuôi","Địa chỉ sản xuất":"Ấp An Long, xã An Bình, tỉnh Vĩnh Long","Mã số nhận dạng cơ sở":"","Chủ cơ sở / Người đại diện":"Huỳnh Thanh Tuấn     ","Tổng thể tích":"4134","Tổng số lồng bè":"20","Chứng nhận":"","Số giấy chứng nhận ATTP":"","Ngày cấp giấy chứng nhận ATTP":"","Tình trạng hoạt động":"Đang hoạt động","Ghi chú":"","layer_id":274,"fid":304,"label":"Huỳnh Thanh Tuấn     "}},{"type":"Feature","id":305,"geometry":{"type":"Point","coordinates":[105.946536,10.296716]},"properties":{"Tên cơ sở":"Huỳnh Văn Cai","Loại hình":"hộ nuôi","Địa chỉ sản xuất":"Ấp An Long, xã An Bình, tỉnh Vĩnh Long","Mã số nhận dạng cơ sở":"","Chủ cơ sở / Người đại diện":"Huỳnh Văn Cai","Tổng thể tích":"864","Tổng số lồng bè":"4","Chứng nhận":"","Số giấy chứng nhận ATTP":"","Ngày cấp giấy chứng nhận ATTP":"","Tình trạng hoạt động":"Đang hoạt động","Ghi chú":"","layer_id":274,"fid":305,"label":"Huỳnh Văn Cai"}},{"type":"Feature","id":306,"geometry":{"type":"Point","coordinates":[105.945821,10.296644]},"properties":{"Tên cơ sở":"Hồ Văn Bé Tám         ","Loại hình":"hộ nuôi","Địa chỉ sản xuất":"Ấp An Long, xã An Bình, tỉnh Vĩnh Long","Mã số nhận dạng cơ sở":"","Chủ cơ sở / Người đại diện":"Hồ Văn Bé Tám         ","Tổng thể tích":"1944","Tổng số lồng bè":"9","Chứng nhận":"","Số giấy chứng nhận ATTP":"","Ngày cấp giấy chứng nhận ATTP":"","Tình trạng hoạt động":"Đang hoạt động","Ghi chú":"","layer_id":274,"fid":306,"label":"Hồ Văn Bé Tám         "}},{"type":"Feature","id":326,"geometry":{"type":"Point","coordinates":[105.94026,10.28999]},"properties":{"Tên cơ sở":"Hồ Văn Thanh ","Loại hình":"hộ nuôi","Địa chỉ sản xuất":"Ấp An Long, xã An Bình, tỉnh Vĩnh Long","Mã số nhận dạng cơ sở":"","Chủ cơ sở / Người đại diện":"Hồ Văn Thanh ","Tổng thể tích":"648","Tổng số lồng bè":"3","Chứng nhận":"","Số giấy chứng nhận ATTP":"","Ngày cấp giấy chứng nhận ATTP":"","Tình trạng hoạt động":"Đang hoạt động","Ghi chú":"","layer_id":274,"fid":326,"label":"Hồ Văn Thanh "}},{"type":"Feature","id":307,"geometry":{"type":"Point","coordinates":[105.946474,10.296821]},"properties":{"Tên cơ sở":"Cao Thành Quí   ","Loại hình":"hộ nuôi","Địa chỉ sản xuất":"Ấp An Long, xã An Bình, tỉnh Vĩnh Long","Mã số nhận dạng cơ sở":"","Chủ cơ sở / Người đại diện":"Cao Thành Quí   ","Tổng thể tích":"864","Tổng số lồng bè":"4","Chứng nhận":"","Số giấy chứng nhận ATTP":"","Ngày cấp giấy chứng nhận ATTP":"","Tình trạng hoạt động":"Đang hoạt động","Ghi chú":"","layer_id":274,"fid":307,"label":"Cao Thành Quí   "}},{"type":"Feature","id":308,"geometry":{"type":"Point","coordinates":[105.946439,10.296924]},"properties":{"Tên cơ sở":"Hồ Tấn Bình","Loại hình":"hộ nuôi","Địa chỉ sản xuất":"Ấp An Long, xã An Bình, tỉnh Vĩnh Long","Mã số nhận dạng cơ sở":"","Chủ cơ sở / Người đại diện":"Hồ Tấn Bình","Tổng thể tích":"1080","Tổng số lồng bè":"5","Chứng nhận":"","Số giấy chứng nhận ATTP":"","Ngày cấp giấy chứng nhận ATTP":"","Tình trạng hoạt động":"Đang hoạt động","Ghi chú":"","layer_id":274,"fid":308,"label":"Hồ Tấn Bình"}},{"type":"Feature","id":309,"geometry":{"type":"Point","coordinates":[105.945502,10.296124]},"properties":{"Tên cơ sở":"Hồ Văn Nhiều ","Loại hình":"hộ nuôi","Địa chỉ sản xuất":"Ấp An Long, xã An Bình, tỉnh Vĩnh Long","Mã số nhận dạng cơ sở":"","Chủ cơ sở / Người đại diện":"Hồ Văn Nhiều ","Tổng thể tích":"864","Tổng số lồng bè":"4","Chứng nhận":"","Số giấy chứng nhận ATTP":"","Ngày cấp giấy chứng nhận ATTP":"","Tình trạng hoạt động":"Đang hoạt động","Ghi chú":"","layer_id":274,"fid":309,"label":"Hồ Văn Nhiều "}},{"type":"Feature","id":311,"geometry":{"type":"Point","coordinates":[105.944862,10.295357]},"properties":{"Tên cơ sở":"Châu Tiến Phát      ","Loại hình":"hộ nuôi","Địa chỉ sản xuất":"Ấp An Long, xã An Bình, tỉnh Vĩnh Long","Mã số nhận dạng cơ sở":"","Chủ cơ sở / Người đại diện":"Châu Tiến Phát      ","Tổng thể tích":"3456","Tổng số lồng bè":"16","Chứng nhận":"","Số giấy chứng nhận ATTP":"","Ngày cấp giấy chứng nhận ATTP":"","Tình trạng hoạt động":"Đang hoạt động","Ghi chú":"","layer_id":274,"fid":311,"label":"Châu Tiến Phát      "}},{"type":"Feature","id":312,"geometry":{"type":"Point","coordinates":[105.944503,10.295111]},"properties":{"Tên cơ sở":"Phạm Ngọc Tân ","Loại hình":"hộ nuôi","Địa chỉ sản xuất":"Ấp An Long, xã An Bình, tỉnh Vĩnh Long","Mã số nhận dạng cơ sở":"","Chủ cơ sở / Người đại diện":"Phạm Ngọc Tân ","Tổng thể tích":"2160","Tổng số lồng bè":"10","Chứng nhận":"","Số giấy chứng nhận ATTP":"","Ngày cấp giấy chứng nhận ATTP":"","Tình trạng hoạt động":"Đang hoạt động","Ghi chú":"","layer_id":274,"fid":312,"label":"Phạm Ngọc Tân "}},{"type":"Feature","id":313,"geometry":{"type":"Point","coordinates":[105.944503,10.29506]},"properties":{"Tên cơ sở":"Trần Văn Bằng","Loại hình":"hộ nuôi","Địa chỉ sản xuất":"Ấp An Long, xã An Bình, tỉnh Vĩnh Long","Mã số nhận dạng cơ sở":null,"Chủ cơ sở / Người đại diện":"Trần Văn Bằng","Tổng thể tích":"1152","Tổng số lồng bè":"4","Chứng nhận":null,"Số giấy chứng nhận ATTP":null,"Ngày cấp giấy chứng nhận ATTP":null,"Tình trạng hoạt động":"Đang hoạt động","Ghi chú":null,"layer_id":274,"fid":313,"label":"Trần Văn Bằng"}},{"type":"Feature","id":314,"geometry":{"type":"Point","coordinates":[105.944736,10.294974]},"properties":{"Tên cơ sở":"Nguyễn Quang Huy","Loại hình":"hộ nuôi","Địa chỉ sản xuất":"Ấp An Long, xã An Bình, tỉnh Vĩnh Long","Mã số nhận dạng cơ sở":"","Chủ cơ sở / Người đại diện":"Nguyễn Quang Huy","Tổng thể tích":"864","Tổng số lồng bè":"4","Chứng nhận":"","Số giấy chứng nhận ATTP":"","Ngày cấp giấy chứng nhận ATTP":"","Tình trạng hoạt động":"Đang hoạt động","Ghi chú":"","layer_id":274,"fid":314,"label":"Nguyễn Quang Huy"}},{"type":"Feature","id":315,"geometry":{"type":"Point","coordinates":[105.944412,10.294948]},"properties":{"Tên cơ sở":"Nguyễn Phương Qui","Loại hình":"hộ nuôi","Địa chỉ sản xuất":"Ấp An Long, xã An Bình, tỉnh Vĩnh Long","Mã số nhận dạng cơ sở":"","Chủ cơ sở / Người đại diện":"Nguyễn Phương Qui","Tổng thể tích":"864","Tổng số lồng bè":"4","Chứng nhận":"","Số giấy chứng nhận ATTP":"","Ngày cấp giấy chứng nhận ATTP":"","Tình trạng hoạt động":"Đang hoạt động","Ghi chú":"","layer_id":274,"fid":315,"label":"Nguyễn Phương Qui"}},{"type":"Feature","id":316,"geometry":{"type":"Point","coordinates":[105.944372,10.294808]},"properties":{"Tên cơ sở":"Trần Văn Đang    ","Loại hình":"hộ nuôi","Địa chỉ sản xuất":"Ấp An Long, xã An Bình, tỉnh Vĩnh Long","Mã số nhận dạng cơ sở":"","Chủ cơ sở / Người đại diện":"Trần Văn Đang    ","Tổng thể tích":"1080","Tổng số lồng bè":"5","Chứng nhận":"","Số giấy chứng nhận ATTP":"","Ngày cấp giấy chứng nhận ATTP":"","Tình trạng hoạt động":"Đang hoạt động","Ghi chú":"","layer_id":274,"fid":316,"label":"Trần Văn Đang    "}},{"type":"Feature","id":317,"geometry":{"type":"Point","coordinates":[105.944153,10.294681]},"properties":{"Tên cơ sở":"Nguyễn Phi Hải          ","Loại hình":"hộ nuôi","Địa chỉ sản xuất":"Ấp An Long, xã An Bình, tỉnh Vĩnh Long","Mã số nhận dạng cơ sở":"","Chủ cơ sở / Người đại diện":"Nguyễn Phi Hải          ","Tổng thể tích":"1404","Tổng số lồng bè":"6","Chứng nhận":"","Số giấy chứng nhận ATTP":"","Ngày cấp giấy chứng nhận ATTP":"","Tình trạng hoạt động":"Đang hoạt động","Ghi chú":"","layer_id":274,"fid":317,"label":"Nguyễn Phi Hải          "}},{"type":"Feature","id":318,"geometry":{"type":"Point","coordinates":[105.943914,10.294209]},"properties":{"Tên cơ sở":"Nguyễn Thị Công ","Loại hình":"hộ nuôi","Địa chỉ sản xuất":"Ấp An Long, xã An Bình, tỉnh Vĩnh Long","Mã số nhận dạng cơ sở":"","Chủ cơ sở / Người đại diện":"Nguyễn Thị Công ","Tổng thể tích":"1512","Tổng số lồng bè":"7","Chứng nhận":"","Số giấy chứng nhận ATTP":"","Ngày cấp giấy chứng nhận ATTP":"","Tình trạng hoạt động":"Đang hoạt động","Ghi chú":"","layer_id":274,"fid":318,"label":"Nguyễn Thị Công "}},{"type":"Feature","id":319,"geometry":{"type":"Point","coordinates":[105.943661,10.29402]},"properties":{"Tên cơ sở":"Đinh Thị Thi Thảo   ","Loại hình":"hộ nuôi","Địa chỉ sản xuất":"Ấp An Long, xã An Bình, tỉnh Vĩnh Long","Mã số nhận dạng cơ sở":"","Chủ cơ sở / Người đại diện":"Đinh Thị Thi Thảo   ","Tổng thể tích":"2052","Tổng số lồng bè":"9","Chứng nhận":"","Số giấy chứng nhận ATTP":"","Ngày cấp giấy chứng nhận ATTP":"","Tình trạng hoạt động":"Đang hoạt động","Ghi chú":"","layer_id":274,"fid":319,"label":"Đinh Thị Thi Thảo   "}},{"type":"Feature","id":320,"geometry":{"type":"Point","coordinates":[105.943034,10.293274]},"properties":{"Tên cơ sở":"Trần Thị Ngàn          ","Loại hình":"hộ nuôi","Địa chỉ sản xuất":"Ấp An Long, xã An Bình, tỉnh Vĩnh Long","Mã số nhận dạng cơ sở":"","Chủ cơ sở / Người đại diện":"Trần Thị Ngàn          ","Tổng thể tích":"2808","Tổng số lồng bè":"12","Chứng nhận":"","Số giấy chứng nhận ATTP":"","Ngày cấp giấy chứng nhận ATTP":"","Tình trạng hoạt động":"Đang hoạt động","Ghi chú":"","layer_id":274,"fid":320,"label":"Trần Thị Ngàn          "}},{"type":"Feature","id":321,"geometry":{"type":"Point","coordinates":[105.942302,10.292287]},"properties":{"Tên cơ sở":"Nguyễn Văn Sang            ","Loại hình":"hộ nuôi","Địa chỉ sản xuất":"Ấp An Long, xã An Bình, tỉnh Vĩnh Long","Mã số nhận dạng cơ sở":"","Chủ cơ sở / Người đại diện":"Nguyễn Văn Sang            ","Tổng thể tích":"864","Tổng số lồng bè":"4","Chứng nhận":"","Số giấy chứng nhận ATTP":"","Ngày cấp giấy chứng nhận ATTP":"","Tình trạng hoạt động":"Đang hoạt động","Ghi chú":"","layer_id":274,"fid":321,"label":"Nguyễn Văn Sang            "}},{"type":"Feature","id":322,"geometry":{"type":"Point","coordinates":[105.941365,10.291462]},"properties":{"Tên cơ sở":"Nguyễn Văn Phần  ","Loại hình":"hộ nuôi","Địa chỉ sản xuất":"Ấp An Long, xã An Bình, tỉnh Vĩnh Long","Mã số nhận dạng cơ sở":"","Chủ cơ sở / Người đại diện":"Nguyễn Văn Phần  ","Tổng thể tích":"648","Tổng số lồng bè":"3","Chứng nhận":"","Số giấy chứng nhận ATTP":"","Ngày cấp giấy chứng nhận ATTP":"","Tình trạng hoạt động":"Đang hoạt động","Ghi chú":"","layer_id":274,"fid":322,"label":"Nguyễn Văn Phần  "}},{"type":"Feature","id":323,"geometry":{"type":"Point","coordinates":[105.941269,10.291304]},"properties":{"Tên cơ sở":"Nguyễn Hoàng Khiêm    ","Loại hình":"hộ nuôi","Địa chỉ sản xuất":"Ấp An Long, xã An Bình, tỉnh Vĩnh Long","Mã số nhận dạng cơ sở":"","Chủ cơ sở / Người đại diện":"Nguyễn Hoàng Khiêm    ","Tổng thể tích":"648","Tổng số lồng bè":"3","Chứng nhận":"","Số giấy chứng nhận ATTP":"","Ngày cấp giấy chứng nhận ATTP":"","Tình trạng hoạt động":"Đang hoạt động","Ghi chú":"","layer_id":274,"fid":323,"label":"Nguyễn Hoàng Khiêm    "}},{"type":"Feature","id":324,"geometry":{"type":"Point","coordinates":[105.941132,10.291161]},"properties":{"Tên cơ sở":"Ngô Ánh Xuân","Loại hình":"hộ nuôi","Địa chỉ sản xuất":"Ấp An Long, xã An Bình, tỉnh Vĩnh Long","Mã số nhận dạng cơ sở":"","Chủ cơ sở / Người đại diện":"Ngô Ánh Xuân","Tổng thể tích":"432","Tổng số lồng bè":"2","Chứng nhận":"","Số giấy chứng nhận ATTP":"","Ngày cấp giấy chứng nhận ATTP":"","Tình trạng hoạt động":"Đang hoạt động","Ghi chú":"","layer_id":274,"fid":324,"label":"Ngô Ánh Xuân"}},{"type":"Feature","id":325,"geometry":{"type":"Point","coordinates":[105.941867,10.291971]},"properties":{"Tên cơ sở":"Nguyễn Văn Chính        ","Loại hình":"hộ nuôi","Địa chỉ sản xuất":"Ấp An Long, xã An Bình, tỉnh Vĩnh Long","Mã số nhận dạng cơ sở":"","Chủ cơ sở / Người đại diện":"Nguyễn Văn Chính        ","Tổng thể tích":"3240","Tổng số lồng bè":"15","Chứng nhận":"","Số giấy chứng nhận ATTP":"","Ngày cấp giấy chứng nhận ATTP":"","Tình trạng hoạt động":"Đang hoạt động","Ghi chú":"","layer_id":274,"fid":325,"label":"Nguyễn Văn Chính        "}},{"type":"Feature","id":327,"geometry":{"type":"Point","coordinates":[105.940043,10.289697]},"properties":{"Tên cơ sở":"Lê Văn Bé Tám","Loại hình":"hộ nuôi","Địa chỉ sản xuất":"Ấp An Long, xã An Bình, tỉnh Vĩnh Long","Mã số nhận dạng cơ sở":"","Chủ cơ sở / Người đại diện":"Lê Văn Bé Tám","Tổng thể tích":"432","Tổng số lồng bè":"2","Chứng nhận":"","Số giấy chứng nhận ATTP":"","Ngày cấp giấy chứng nhận ATTP":"","Tình trạng hoạt động":"Đang hoạt động","Ghi chú":"","layer_id":274,"fid":327,"label":"Lê Văn Bé Tám"}},{"type":"Feature","id":328,"geometry":{"type":"Point","coordinates":[105.939922,10.289541]},"properties":{"Tên cơ sở":"Trần Văn Ngân         ","Loại hình":"hộ nuôi","Địa chỉ sản xuất":"Ấp An Long, xã An Bình, tỉnh Vĩnh Long","Mã số nhận dạng cơ sở":"","Chủ cơ sở / Người đại diện":"Trần Văn Ngân         ","Tổng thể tích":"594","Tổng số lồng bè":"3","Chứng nhận":"","Số giấy chứng nhận ATTP":"","Ngày cấp giấy chứng nhận ATTP":"","Tình trạng hoạt động":"Đang hoạt động","Ghi chú":"","layer_id":274,"fid":328,"label":"Trần Văn Ngân         "}},{"type":"Feature","id":329,"geometry":{"type":"Point","coordinates":[105.945539,10.275505]},"properties":{"Tên cơ sở":"Hồ Ngọc Ninh ","Loại hình":"hộ nuôi","Địa chỉ sản xuất":"Ấp An Long, xã An Bình, tỉnh Vĩnh Long","Mã số nhận dạng cơ sở":"","Chủ cơ sở / Người đại diện":"Hồ Ngọc Ninh ","Tổng thể tích":"2160","Tổng số lồng bè":"10","Chứng nhận":"","Số giấy chứng nhận ATTP":"","Ngày cấp giấy chứng nhận ATTP":"","Tình trạng hoạt động":"Đang hoạt động","Ghi chú":"","layer_id":274,"fid":329,"label":"Hồ Ngọc Ninh "}},{"type":"Feature","id":345,"geometry":{"type":"Point","coordinates":[105.937591,10.281782]},"properties":{"Tên cơ sở":"Trần Ngọc Diễn","Loại hình":"hộ nuôi","Địa chỉ sản xuất":"Ấp An Hòa, xã An Bình, tỉnh Vĩnh Long","Mã số nhận dạng cơ sở":"","Chủ cơ sở / Người đại diện":"Trần Ngọc Diễn","Tổng thể tích":"1674","Tổng số lồng bè":"8","Chứng nhận":"","Số giấy chứng nhận ATTP":"","Ngày cấp giấy chứng nhận ATTP":"","Tình trạng hoạt động":"Đang hoạt động","Ghi chú":"","layer_id":274,"fid":345,"label":"Trần Ngọc Diễn"}},{"type":"Feature","id":330,"geometry":{"type":"Point","coordinates":[105.938383,10.287286]},"properties":{"Tên cơ sở":"Phạm Văn Hiền","Loại hình":"hộ nuôi","Địa chỉ sản xuất":"Ấp An Long, xã An Bình, tỉnh Vĩnh Long","Mã số nhận dạng cơ sở":"","Chủ cơ sở / Người đại diện":"Phạm Văn Hiền","Tổng thể tích":"1512","Tổng số lồng bè":"7","Chứng nhận":"","Số giấy chứng nhận ATTP":"","Ngày cấp giấy chứng nhận ATTP":"","Tình trạng hoạt động":"Đang hoạt động","Ghi chú":"","layer_id":274,"fid":330,"label":"Phạm Văn Hiền"}},{"type":"Feature","id":331,"geometry":{"type":"Point","coordinates":[105.938881,10.287908]},"properties":{"Tên cơ sở":"Phạm Văn Tài          ","Loại hình":"hộ nuôi","Địa chỉ sản xuất":"Ấp An Long, xã An Bình, tỉnh Vĩnh Long","Mã số nhận dạng cơ sở":"","Chủ cơ sở / Người đại diện":"Phạm Văn Tài          ","Tổng thể tích":"2160","Tổng số lồng bè":"10","Chứng nhận":"","Số giấy chứng nhận ATTP":"","Ngày cấp giấy chứng nhận ATTP":"","Tình trạng hoạt động":"Đang hoạt động","Ghi chú":"","layer_id":274,"fid":331,"label":"Phạm Văn Tài          "}},{"type":"Feature","id":332,"geometry":{"type":"Point","coordinates":[105.938051,10.286281]},"properties":{"Tên cơ sở":"Phạm Văn Đởm    ","Loại hình":"hộ nuôi","Địa chỉ sản xuất":"Ấp An Long, xã An Bình, tỉnh Vĩnh Long","Mã số nhận dạng cơ sở":"","Chủ cơ sở / Người đại diện":"Phạm Văn Đởm    ","Tổng thể tích":"1998","Tổng số lồng bè":"8","Chứng nhận":"","Số giấy chứng nhận ATTP":"","Ngày cấp giấy chứng nhận ATTP":"","Tình trạng hoạt động":"Đang hoạt động","Ghi chú":"","layer_id":274,"fid":332,"label":"Phạm Văn Đởm    "}},{"type":"Feature","id":333,"geometry":{"type":"Point","coordinates":[105.938506,10.287098]},"properties":{"Tên cơ sở":"Phạm Văn Đức            ","Loại hình":"hộ nuôi","Địa chỉ sản xuất":"Ấp An Long, xã An Bình, tỉnh Vĩnh Long","Mã số nhận dạng cơ sở":"","Chủ cơ sở / Người đại diện":"Phạm Văn Đức            ","Tổng thể tích":"2592","Tổng số lồng bè":"10","Chứng nhận":"","Số giấy chứng nhận ATTP":"","Ngày cấp giấy chứng nhận ATTP":"","Tình trạng hoạt động":"Đang hoạt động","Ghi chú":"","layer_id":274,"fid":333,"label":"Phạm Văn Đức            "}},{"type":"Feature","id":334,"geometry":{"type":"Point","coordinates":[105.937897,10.286414]},"properties":{"Tên cơ sở":"Phạm Văn Đa  ","Loại hình":"hộ nuôi","Địa chỉ sản xuất":"Ấp An Long, xã An Bình, tỉnh Vĩnh Long","Mã số nhận dạng cơ sở":"","Chủ cơ sở / Người đại diện":"Phạm Văn Đa  ","Tổng thể tích":"1296","Tổng số lồng bè":"6","Chứng nhận":"","Số giấy chứng nhận ATTP":"","Ngày cấp giấy chứng nhận ATTP":"","Tình trạng hoạt động":"Đang hoạt động","Ghi chú":"","layer_id":274,"fid":334,"label":"Phạm Văn Đa  "}},{"type":"Feature","id":335,"geometry":{"type":"Point","coordinates":[105.937724,10.286115]},"properties":{"Tên cơ sở":"Phan Quốc Nhiều ","Loại hình":"hộ nuôi","Địa chỉ sản xuất":"Ấp An Long, xã An Bình, tỉnh Vĩnh Long","Mã số nhận dạng cơ sở":"","Chủ cơ sở / Người đại diện":"Phan Quốc Nhiều ","Tổng thể tích":"1296","Tổng số lồng bè":"6","Chứng nhận":"","Số giấy chứng nhận ATTP":"","Ngày cấp giấy chứng nhận ATTP":"","Tình trạng hoạt động":"Đang hoạt động","Ghi chú":"","layer_id":274,"fid":335,"label":"Phan Quốc Nhiều "}},{"type":"Feature","id":336,"geometry":{"type":"Point","coordinates":[105.937029,10.285234]},"properties":{"Tên cơ sở":"Trịnh Văn Hùng ","Loại hình":"hộ nuôi","Địa chỉ sản xuất":"Ấp An Long, xã An Bình, tỉnh Vĩnh Long","Mã số nhận dạng cơ sở":"","Chủ cơ sở / Người đại diện":"Trịnh Văn Hùng ","Tổng thể tích":"1944","Tổng số lồng bè":"7","Chứng nhận":"","Số giấy chứng nhận ATTP":"","Ngày cấp giấy chứng nhận ATTP":"","Tình trạng hoạt động":"Đang hoạt động","Ghi chú":"","layer_id":274,"fid":336,"label":"Trịnh Văn Hùng "}},{"type":"Feature","id":337,"geometry":{"type":"Point","coordinates":[105.936781,10.284808]},"properties":{"Tên cơ sở":"Trịnh Ngọc Hưng","Loại hình":"hộ nuôi","Địa chỉ sản xuất":"Ấp An Long, xã An Bình, tỉnh Vĩnh Long","Mã số nhận dạng cơ sở":"","Chủ cơ sở / Người đại diện":"Trịnh Ngọc Hưng","Tổng thể tích":"648","Tổng số lồng bè":"3","Chứng nhận":"","Số giấy chứng nhận ATTP":"","Ngày cấp giấy chứng nhận ATTP":"","Tình trạng hoạt động":"Đang hoạt động","Ghi chú":"","layer_id":274,"fid":337,"label":"Trịnh Ngọc Hưng"}},{"type":"Feature","id":338,"geometry":{"type":"Point","coordinates":[105.936605,10.28463]},"properties":{"Tên cơ sở":"Nguyễn Hữu Dưỡng","Loại hình":"hộ nuôi","Địa chỉ sản xuất":"Ấp An Long, xã An Bình, tỉnh Vĩnh Long","Mã số nhận dạng cơ sở":"","Chủ cơ sở / Người đại diện":"Nguyễn Hữu Dưỡng","Tổng thể tích":"1512","Tổng số lồng bè":"7","Chứng nhận":"","Số giấy chứng nhận ATTP":"","Ngày cấp giấy chứng nhận ATTP":"","Tình trạng hoạt động":"Đang hoạt động","Ghi chú":"","layer_id":274,"fid":338,"label":"Nguyễn Hữu Dưỡng"}},{"type":"Feature","id":339,"geometry":{"type":"Point","coordinates":[105.936306,10.284047]},"properties":{"Tên cơ sở":"Hồ Ngọc Phước","Loại hình":"hộ nuôi","Địa chỉ sản xuất":"Ấp An Long, xã An Bình, tỉnh Vĩnh Long","Mã số nhận dạng cơ sở":"","Chủ cơ sở / Người đại diện":"Hồ Ngọc Phước","Tổng thể tích":"3528","Tổng số lồng bè":"12","Chứng nhận":"","Số giấy chứng nhận ATTP":"","Ngày cấp giấy chứng nhận ATTP":"","Tình trạng hoạt động":"Đang hoạt động","Ghi chú":"","layer_id":274,"fid":339,"label":"Hồ Ngọc Phước"}},{"type":"Feature","id":340,"geometry":{"type":"Point","coordinates":[105.937046,10.282179]},"properties":{"Tên cơ sở":"Trần Thanh Tân","Loại hình":"hộ nuôi","Địa chỉ sản xuất":"Ấp An Hòa, xã An Bình, tỉnh Vĩnh Long","Mã số nhận dạng cơ sở":"","Chủ cơ sở / Người đại diện":"Trần Thanh Tân","Tổng thể tích":"1440","Tổng số lồng bè":"5","Chứng nhận":"","Số giấy chứng nhận ATTP":"","Ngày cấp giấy chứng nhận ATTP":"","Tình trạng hoạt động":"Đang hoạt động","Ghi chú":"","layer_id":274,"fid":340,"label":"Trần Thanh Tân"}},{"type":"Feature","id":341,"geometry":{"type":"Point","coordinates":[105.937046,10.282179]},"properties":{"Tên cơ sở":"Trần Thị Thu Thủy","Loại hình":"hộ nuôi","Địa chỉ sản xuất":"Ấp An Hòa, xã An Bình, tỉnh Vĩnh Long","Mã số nhận dạng cơ sở":null,"Chủ cơ sở / Người đại diện":"Trần Thị Thu Thủy","Tổng thể tích":"864","Tổng số lồng bè":"3","Chứng nhận":null,"Số giấy chứng nhận ATTP":null,"Ngày cấp giấy chứng nhận ATTP":null,"Tình trạng hoạt động":"Đang hoạt động","Ghi chú":null,"layer_id":274,"fid":341,"label":"Trần Thị Thu Thủy"}},{"type":"Feature","id":342,"geometry":{"type":"Point","coordinates":[105.937468,10.281815]},"properties":{"Tên cơ sở":"Nguyễn Văn Lập","Loại hình":"hộ nuôi","Địa chỉ sản xuất":"Ấp An Hòa, xã An Bình, tỉnh Vĩnh Long","Mã số nhận dạng cơ sở":"","Chủ cơ sở / Người đại diện":"Nguyễn Văn Lập","Tổng thể tích":"648","Tổng số lồng bè":"4","Chứng nhận":"","Số giấy chứng nhận ATTP":"","Ngày cấp giấy chứng nhận ATTP":"","Tình trạng hoạt động":"Đang hoạt động","Ghi chú":"","layer_id":274,"fid":342,"label":"Nguyễn Văn Lập"}},{"type":"Feature","id":343,"geometry":{"type":"Point","coordinates":[105.938761,10.280875]},"properties":{"Tên cơ sở":"Võ Hoàng Vủ","Loại hình":"hộ nuôi","Địa chỉ sản xuất":"Ấp An Hòa, xã An Bình, tỉnh Vĩnh Long","Mã số nhận dạng cơ sở":"","Chủ cơ sở / Người đại diện":"Võ Hoàng Vủ","Tổng thể tích":"1782","Tổng số lồng bè":"7","Chứng nhận":"","Số giấy chứng nhận ATTP":"","Ngày cấp giấy chứng nhận ATTP":"","Tình trạng hoạt động":"Đang hoạt động","Ghi chú":"","layer_id":274,"fid":343,"label":"Võ Hoàng Vủ"}},{"type":"Feature","id":344,"geometry":{"type":"Point","coordinates":[105.937919,10.281334]},"properties":{"Tên cơ sở":"Phạm Văn Dâu","Loại hình":"HTX","Địa chỉ sản xuất":"Ấp An Hòa, xã An Bình, tỉnh Vĩnh Long","Mã số nhận dạng cơ sở":"","Chủ cơ sở / Người đại diện":"Phạm Văn Dâu","Tổng thể tích":"2160","Tổng số lồng bè":"10","Chứng nhận":"","Số giấy chứng nhận ATTP":"","Ngày cấp giấy chứng nhận ATTP":"","Tình trạng hoạt động":"Đang hoạt động","Ghi chú":"","layer_id":274,"fid":344,"label":"Phạm Văn Dâu"}},{"type":"Feature","id":346,"geometry":{"type":"Point","coordinates":[105.93982,10.280002]},"properties":{"Tên cơ sở":"Phạm Tấn Đạt","Loại hình":"hộ nuôi","Địa chỉ sản xuất":"Ấp An Hòa, xã An Bình, tỉnh Vĩnh Long","Mã số nhận dạng cơ sở":"","Chủ cơ sở / Người đại diện":"Phạm Tấn Đạt","Tổng thể tích":"1296","Tổng số lồng bè":"6","Chứng nhận":"","Số giấy chứng nhận ATTP":"","Ngày cấp giấy chứng nhận ATTP":"","Tình trạng hoạt động":"Đang hoạt động","Ghi chú":"","layer_id":274,"fid":346,"label":"Phạm Tấn Đạt"}},{"type":"Feature","id":347,"geometry":{"type":"Point","coordinates":[105.941052,10.279062]},"properties":{"Tên cơ sở":"Ngô Thanh Nhàn  ","Loại hình":"hộ nuôi","Địa chỉ sản xuất":"Ấp An Thuận, xã An Bình, tỉnh Vĩnh Long","Mã số nhận dạng cơ sở":"","Chủ cơ sở / Người đại diện":"Ngô Thanh Nhàn  ","Tổng thể tích":"1296","Tổng số lồng bè":"6","Chứng nhận":"","Số giấy chứng nhận ATTP":"","Ngày cấp giấy chứng nhận ATTP":"","Tình trạng hoạt động":"Đang hoạt động","Ghi chú":"","layer_id":274,"fid":347,"label":"Ngô Thanh Nhàn  "}},{"type":"Feature","id":348,"geometry":{"type":"Point","coordinates":[105.941463,10.278707]},"properties":{"Tên cơ sở":"Nguyễn Hữu Sự ","Loại hình":"hộ nuôi","Địa chỉ sản xuất":"Ấp An Thuận, xã An Bình, tỉnh Vĩnh Long","Mã số nhận dạng cơ sở":"","Chủ cơ sở / Người đại diện":"Nguyễn Hữu Sự ","Tổng thể tích":"1296","Tổng số lồng bè":"6","Chứng nhận":"","Số giấy chứng nhận ATTP":"","Ngày cấp giấy chứng nhận ATTP":"","Tình trạng hoạt động":"Đang hoạt động","Ghi chú":"","layer_id":274,"fid":348,"label":"Nguyễn Hữu Sự "}},{"type":"Feature","id":349,"geometry":{"type":"Point","coordinates":[105.941792,10.27849]},"properties":{"Tên cơ sở":"Ng Thanh Phong   ","Loại hình":"hộ nuôi","Địa chỉ sản xuất":"Ấp An Thuận, xã An Bình, tỉnh Vĩnh Long","Mã số nhận dạng cơ sở":"","Chủ cơ sở / Người đại diện":"Ng Thanh Phong   ","Tổng thể tích":"648","Tổng số lồng bè":"3","Chứng nhận":"","Số giấy chứng nhận ATTP":"","Ngày cấp giấy chứng nhận ATTP":"","Tình trạng hoạt động":"Đang hoạt động","Ghi chú":"","layer_id":274,"fid":349,"label":"Ng Thanh Phong   "}},{"type":"Feature","id":350,"geometry":{"type":"Point","coordinates":[105.942001,10.278268]},"properties":{"Tên cơ sở":"Nguyễn Văn Thành   ","Loại hình":"hộ nuôi","Địa chỉ sản xuất":"Ấp An Thuận, xã An Bình, tỉnh Vĩnh Long","Mã số nhận dạng cơ sở":"","Chủ cơ sở / Người đại diện":"Nguyễn Văn Thành   ","Tổng thể tích":"756","Tổng số lồng bè":"4","Chứng nhận":"","Số giấy chứng nhận ATTP":"","Ngày cấp giấy chứng nhận ATTP":"","Tình trạng hoạt động":"Đang hoạt động","Ghi chú":"","layer_id":274,"fid":350,"label":"Nguyễn Văn Thành   "}},{"type":"Feature","id":351,"geometry":{"type":"Point","coordinates":[105.942167,10.278234]},"properties":{"Tên cơ sở":"Nguyễn Tấn Mẫn","Loại hình":"hộ nuôi","Địa chỉ sản xuất":"Ấp An Thuận, xã An Bình, tỉnh Vĩnh Long","Mã số nhận dạng cơ sở":"","Chủ cơ sở / Người đại diện":"Nguyễn Tấn Mẫn","Tổng thể tích":"1080","Tổng số lồng bè":"4","Chứng nhận":"","Số giấy chứng nhận ATTP":"","Ngày cấp giấy chứng nhận ATTP":"","Tình trạng hoạt động":"Đang hoạt động","Ghi chú":"","layer_id":274,"fid":351,"label":"Nguyễn Tấn Mẫn"}},{"type":"Feature","id":352,"geometry":{"type":"Point","coordinates":[105.942251,10.278043]},"properties":{"Tên cơ sở":"Nguyễn Văn Vui                  ","Loại hình":"hộ nuôi","Địa chỉ sản xuất":"Ấp An Thuận, xã An Bình, tỉnh Vĩnh Long","Mã số nhận dạng cơ sở":"","Chủ cơ sở / Người đại diện":"Nguyễn Văn Vui                  ","Tổng thể tích":"1080","Tổng số lồng bè":"5","Chứng nhận":"","Số giấy chứng nhận ATTP":"","Ngày cấp giấy chứng nhận ATTP":"","Tình trạng hoạt động":"Đang hoạt động","Ghi chú":"","layer_id":274,"fid":352,"label":"Nguyễn Văn Vui                  "}},{"type":"Feature","id":353,"geometry":{"type":"Point","coordinates":[105.943195,10.277481]},"properties":{"Tên cơ sở":"Trần Văn Chờ   ","Loại hình":"hộ nuôi","Địa chỉ sản xuất":"Ấp An Thuận, xã An Bình, tỉnh Vĩnh Long","Mã số nhận dạng cơ sở":"","Chủ cơ sở / Người đại diện":"Trần Văn Chờ   ","Tổng thể tích":"432","Tổng số lồng bè":"2","Chứng nhận":"","Số giấy chứng nhận ATTP":"","Ngày cấp giấy chứng nhận ATTP":"","Tình trạng hoạt động":"Đang hoạt động","Ghi chú":"","layer_id":274,"fid":353,"label":"Trần Văn Chờ   "}},{"type":"Feature","id":354,"geometry":{"type":"Point","coordinates":[105.942879,10.277562]},"properties":{"Tên cơ sở":"Lê Văn Sang  ","Loại hình":"hộ nuôi","Địa chỉ sản xuất":"Ấp An Thuận, xã An Bình, tỉnh Vĩnh Long","Mã số nhận dạng cơ sở":"","Chủ cơ sở / Người đại diện":"Lê Văn Sang  ","Tổng thể tích":"2574","Tổng số lồng bè":"12","Chứng nhận":"","Số giấy chứng nhận ATTP":"","Ngày cấp giấy chứng nhận ATTP":"","Tình trạng hoạt động":"Đang hoạt động","Ghi chú":"","layer_id":274,"fid":354,"label":"Lê Văn Sang  "}},{"type":"Feature","id":355,"geometry":{"type":"Point","coordinates":[105.9425,10.277883]},"properties":{"Tên cơ sở":"Nguyễn Văn Khải    ","Loại hình":"hộ nuôi","Địa chỉ sản xuất":"Ấp An Thuận, xã An Bình, tỉnh Vĩnh Long","Mã số nhận dạng cơ sở":"","Chủ cơ sở / Người đại diện":"Nguyễn Văn Khải    ","Tổng thể tích":"1392","Tổng số lồng bè":"7","Chứng nhận":"","Số giấy chứng nhận ATTP":"","Ngày cấp giấy chứng nhận ATTP":"","Tình trạng hoạt động":"Đang hoạt động","Ghi chú":"","layer_id":274,"fid":355,"label":"Nguyễn Văn Khải    "}},{"type":"Feature","id":356,"geometry":{"type":"Point","coordinates":[105.94345,10.277025]},"properties":{"Tên cơ sở":"Võ Văn Phong ","Loại hình":"hộ nuôi","Địa chỉ sản xuất":"Ấp An Thuận, xã An Bình, tỉnh Vĩnh Long","Mã số nhận dạng cơ sở":"","Chủ cơ sở / Người đại diện":"Võ Văn Phong ","Tổng thể tích":"1410","Tổng số lồng bè":"7","Chứng nhận":"","Số giấy chứng nhận ATTP":"","Ngày cấp giấy chứng nhận ATTP":"","Tình trạng hoạt động":"Đang hoạt động","Ghi chú":"","layer_id":274,"fid":356,"label":"Võ Văn Phong "}},{"type":"Feature","id":357,"geometry":{"type":"Point","coordinates":[105.943827,10.276833]},"properties":{"Tên cơ sở":"Đỗ Phước Nhứt","Loại hình":"hộ nuôi","Địa chỉ sản xuất":"Ấp An Thuận, xã An Bình, tỉnh Vĩnh Long","Mã số nhận dạng cơ sở":"","Chủ cơ sở / Người đại diện":"Đỗ Phước Nhứt","Tổng thể tích":"1512","Tổng số lồng bè":"7","Chứng nhận":"","Số giấy chứng nhận ATTP":"","Ngày cấp giấy chứng nhận ATTP":"","Tình trạng hoạt động":"Đang hoạt động","Ghi chú":"","layer_id":274,"fid":357,"label":"Đỗ Phước Nhứt"}},{"type":"Feature","id":358,"geometry":{"type":"Point","coordinates":[105.944185,10.276581]},"properties":{"Tên cơ sở":"Nguyễn Thành Nam","Loại hình":"hộ nuôi","Địa chỉ sản xuất":"Ấp An Thuận, xã An Bình, tỉnh Vĩnh Long","Mã số nhận dạng cơ sở":"","Chủ cơ sở / Người đại diện":"Nguyễn Thành Nam","Tổng thể tích":"1539","Tổng số lồng bè":"5","Chứng nhận":"","Số giấy chứng nhận ATTP":"","Ngày cấp giấy chứng nhận ATTP":"","Tình trạng hoạt động":"Đang hoạt động","Ghi chú":"","layer_id":274,"fid":358,"label":"Nguyễn Thành Nam"}},{"type":"Feature","id":359,"geometry":{"type":"Point","coordinates":[105.944314,10.276435]},"properties":{"Tên cơ sở":"Nguyễn Minh Nhựt  ","Loại hình":"hộ nuôi","Địa chỉ sản xuất":"Ấp An Thuận, xã An Bình, tỉnh Vĩnh Long","Mã số nhận dạng cơ sở":"","Chủ cơ sở / Người đại diện":"Nguyễn Minh Nhựt  ","Tổng thể tích":"1080","Tổng số lồng bè":"5","Chứng nhận":"","Số giấy chứng nhận ATTP":"","Ngày cấp giấy chứng nhận ATTP":"","Tình trạng hoạt động":"Đang hoạt động","Ghi chú":"","layer_id":274,"fid":359,"label":"Nguyễn Minh Nhựt  "}},{"type":"Feature","id":360,"geometry":{"type":"Point","coordinates":[105.944581,10.276217]},"properties":{"Tên cơ sở":"Hồ Tấn Phát ","Loại hình":"hộ nuôi","Địa chỉ sản xuất":"Ấp An Thuận, xã An Bình, tỉnh Vĩnh Long","Mã số nhận dạng cơ sở":"","Chủ cơ sở / Người đại diện":"Hồ Tấn Phát ","Tổng thể tích":"1500","Tổng số lồng bè":"8","Chứng nhận":"","Số giấy chứng nhận ATTP":"","Ngày cấp giấy chứng nhận ATTP":"","Tình trạng hoạt động":"Đang hoạt động","Ghi chú":"","layer_id":274,"fid":360,"label":"Hồ Tấn Phát "}},{"type":"Feature","id":361,"geometry":{"type":"Point","coordinates":[105.945072,10.275792]},"properties":{"Tên cơ sở":"Hồ Tấn Hải ","Loại hình":"hộ nuôi","Địa chỉ sản xuất":"Ấp An Thuận, xã An Bình, tỉnh Vĩnh Long","Mã số nhận dạng cơ sở":"","Chủ cơ sở / Người đại diện":"Hồ Tấn Hải ","Tổng thể tích":"1083","Tổng số lồng bè":"5","Chứng nhận":"","Số giấy chứng nhận ATTP":"","Ngày cấp giấy chứng nhận ATTP":"","Tình trạng hoạt động":"Đang hoạt động","Ghi chú":"","layer_id":274,"fid":361,"label":"Hồ Tấn Hải "}},{"type":"Feature","id":362,"geometry":{"type":"Point","coordinates":[105.945965,10.275225]},"properties":{"Tên cơ sở":"Trần Văn Dũng","Loại hình":"HTX","Địa chỉ sản xuất":"Ấp An Thuận, xã An Bình, tỉnh Vĩnh Long","Mã số nhận dạng cơ sở":"","Chủ cơ sở / Người đại diện":"Trần Văn Dũng","Tổng thể tích":"1728","Tổng số lồng bè":"8","Chứng nhận":"","Số giấy chứng nhận ATTP":"","Ngày cấp giấy chứng nhận ATTP":"","Tình trạng hoạt động":"Đang hoạt động","Ghi chú":"","layer_id":274,"fid":362,"label":"Trần Văn Dũng"}},{"type":"Feature","id":363,"geometry":{"type":"Point","coordinates":[105.946397,10.27489]},"properties":{"Tên cơ sở":"Nguyễn Văn Hải","Loại hình":"hộ nuôi","Địa chỉ sản xuất":"Ấp An Thuận, xã An Bình, tỉnh Vĩnh Long","Mã số nhận dạng cơ sở":"","Chủ cơ sở / Người đại diện":"Nguyễn Văn Hải","Tổng thể tích":"1942","Tổng số lồng bè":"7","Chứng nhận":"","Số giấy chứng nhận ATTP":"","Ngày cấp giấy chứng nhận ATTP":"","Tình trạng hoạt động":"Đang hoạt động","Ghi chú":"","layer_id":274,"fid":363,"label":"Nguyễn Văn Hải"}},{"type":"Feature","id":364,"geometry":{"type":"Point","coordinates":[105.947311,10.274196]},"properties":{"Tên cơ sở":"Nguyễn Ngọc Ngân","Loại hình":"hộ nuôi","Địa chỉ sản xuất":"Ấp An Thuận, xã An Bình, tỉnh Vĩnh Long","Mã số nhận dạng cơ sở":"","Chủ cơ sở / Người đại diện":"Nguyễn Ngọc Ngân","Tổng thể tích":"648","Tổng số lồng bè":"3","Chứng nhận":"","Số giấy chứng nhận ATTP":"","Ngày cấp giấy chứng nhận ATTP":"","Tình trạng hoạt động":"Đang hoạt động","Ghi chú":"","layer_id":274,"fid":364,"label":"Nguyễn Ngọc Ngân"}},{"type":"Feature","id":365,"geometry":{"type":"Point","coordinates":[105.946776,10.274592]},"properties":{"Tên cơ sở":"Giảng Thanh Dũng ","Loại hình":"hộ nuôi","Địa chỉ sản xuất":"Ấp An Thuận, xã An Bình, tỉnh Vĩnh Long","Mã số nhận dạng cơ sở":"","Chủ cơ sở / Người đại diện":"Giảng Thanh Dũng ","Tổng thể tích":"3726","Tổng số lồng bè":"18","Chứng nhận":"","Số giấy chứng nhận ATTP":"","Ngày cấp giấy chứng nhận ATTP":"","Tình trạng hoạt động":"Đang hoạt động","Ghi chú":"","layer_id":274,"fid":365,"label":"Giảng Thanh Dũng "}},{"type":"Feature","id":366,"geometry":{"type":"Point","coordinates":[105.948278,10.273552]},"properties":{"Tên cơ sở":"Trần Văn Việt","Loại hình":"hộ nuôi","Địa chỉ sản xuất":"Ấp An Thuận, xã An Bình, tỉnh Vĩnh Long","Mã số nhận dạng cơ sở":"","Chủ cơ sở / Người đại diện":"Trần Văn Việt","Tổng thể tích":"5535","Tổng số lồng bè":"11","Chứng nhận":"","Số giấy chứng nhận ATTP":"","Ngày cấp giấy chứng nhận ATTP":"","Tình trạng hoạt động":"Đang hoạt động","Ghi chú":"","layer_id":274,"fid":366,"label":"Trần Văn Việt"}},{"type":"Feature","id":367,"geometry":{"type":"Point","coordinates":[105.948957,10.272846]},"properties":{"Tên cơ sở":"Hồ Văn Tính ","Loại hình":"hộ nuôi","Địa chỉ sản xuất":"Ấp An Thuận, xã An Bình, tỉnh Vĩnh Long","Mã số nhận dạng cơ sở":"","Chủ cơ sở / Người đại diện":"Hồ Văn Tính ","Tổng thể tích":"8738","Tổng số lồng bè":"49","Chứng nhận":"","Số giấy chứng nhận ATTP":"","Ngày cấp giấy chứng nhận ATTP":"","Tình trạng hoạt động":"Đang hoạt động","Ghi chú":"","layer_id":274,"fid":367,"label":"Hồ Văn Tính "}},{"type":"Feature","id":368,"geometry":{"type":"Point","coordinates":[105.94967,10.272458]},"properties":{"Tên cơ sở":"Dương Văn công  ","Loại hình":"hộ nuôi","Địa chỉ sản xuất":"Ấp An Thuận, xã An Bình, tỉnh Vĩnh Long","Mã số nhận dạng cơ sở":"","Chủ cơ sở / Người đại diện":"Dương Văn công  ","Tổng thể tích":"2634","Tổng số lồng bè":"12","Chứng nhận":"","Số giấy chứng nhận ATTP":"","Ngày cấp giấy chứng nhận ATTP":"","Tình trạng hoạt động":"Đang hoạt động","Ghi chú":"","layer_id":274,"fid":368,"label":"Dương Văn công  "}},{"type":"Feature","id":369,"geometry":{"type":"Point","coordinates":[105.950478,10.272036]},"properties":{"Tên cơ sở":"Huỳnh Văn Vững    ","Loại hình":"hộ nuôi","Địa chỉ sản xuất":"Ấp An Thuận, xã An Bình, tỉnh Vĩnh Long","Mã số nhận dạng cơ sở":"","Chủ cơ sở / Người đại diện":"Huỳnh Văn Vững    ","Tổng thể tích":"3402","Tổng số lồng bè":"16","Chứng nhận":"","Số giấy chứng nhận ATTP":"","Ngày cấp giấy chứng nhận ATTP":"","Tình trạng hoạt động":"Đang hoạt động","Ghi chú":"","layer_id":274,"fid":369,"label":"Huỳnh Văn Vững    "}},{"type":"Feature","id":370,"geometry":{"type":"Point","coordinates":[105.950899,10.271555]},"properties":{"Tên cơ sở":"Nguyễn Trúc Giang ","Loại hình":"hộ nuôi","Địa chỉ sản xuất":"Ấp An Thuận, xã An Bình, tỉnh Vĩnh Long","Mã số nhận dạng cơ sở":"","Chủ cơ sở / Người đại diện":"Nguyễn Trúc Giang ","Tổng thể tích":"760","Tổng số lồng bè":"4","Chứng nhận":"","Số giấy chứng nhận ATTP":"","Ngày cấp giấy chứng nhận ATTP":"","Tình trạng hoạt động":"Đang hoạt động","Ghi chú":"","layer_id":274,"fid":370,"label":"Nguyễn Trúc Giang "}},{"type":"Feature","id":371,"geometry":{"type":"Point","coordinates":[105.951145,10.271357]},"properties":{"Tên cơ sở":"Nguyễn Thành Được ","Loại hình":"hộ nuôi","Địa chỉ sản xuất":"Ấp An Thuận, xã An Bình, tỉnh Vĩnh Long","Mã số nhận dạng cơ sở":"","Chủ cơ sở / Người đại diện":"Nguyễn Thành Được ","Tổng thể tích":"1134","Tổng số lồng bè":"5","Chứng nhận":"","Số giấy chứng nhận ATTP":"","Ngày cấp giấy chứng nhận ATTP":"","Tình trạng hoạt động":"Đang hoạt động","Ghi chú":"","layer_id":274,"fid":371,"label":"Nguyễn Thành Được "}},{"type":"Feature","id":372,"geometry":{"type":"Point","coordinates":[105.951498,10.271219]},"properties":{"Tên cơ sở":"Huỳnh Văn Hưng","Loại hình":"hộ nuôi","Địa chỉ sản xuất":"Ấp An Thuận, xã An Bình, tỉnh Vĩnh Long","Mã số nhận dạng cơ sở":"","Chủ cơ sở / Người đại diện":"Huỳnh Văn Hưng","Tổng thể tích":"1296","Tổng số lồng bè":"6","Chứng nhận":"","Số giấy chứng nhận ATTP":"","Ngày cấp giấy chứng nhận ATTP":"","Tình trạng hoạt động":"Đang hoạt động","Ghi chú":"","layer_id":274,"fid":372,"label":"Huỳnh Văn Hưng"}},{"type":"Feature","id":373,"geometry":{"type":"Point","coordinates":[105.956783,10.266655]},"properties":{"Tên cơ sở":"Phạm Hùng Dũng    ","Loại hình":"HTX","Địa chỉ sản xuất":"Ấp Bình Lương, xã An Bình, tỉnh Vĩnh Long","Mã số nhận dạng cơ sở":"","Chủ cơ sở / Người đại diện":"Phạm Hùng Dũng    ","Tổng thể tích":"11088","Tổng số lồng bè":"52","Chứng nhận":"","Số giấy chứng nhận ATTP":"","Ngày cấp giấy chứng nhận ATTP":"","Tình trạng hoạt động":"Đang hoạt động","Ghi chú":"","layer_id":274,"fid":373,"label":"Phạm Hùng Dũng    "}},{"type":"Feature","id":374,"geometry":{"type":"Point","coordinates":[105.957409,10.266139]},"properties":{"Tên cơ sở":"Lê Thi Chạnh","Loại hình":"hộ nuôi","Địa chỉ sản xuất":"Ấp Bình Lương, xã An Bình, tỉnh Vĩnh Long","Mã số nhận dạng cơ sở":"","Chủ cơ sở / Người đại diện":"Lê Thi Chạnh","Tổng thể tích":"3627","Tổng số lồng bè":"12","Chứng nhận":"","Số giấy chứng nhận ATTP":"","Ngày cấp giấy chứng nhận ATTP":"","Tình trạng hoạt động":"Đang hoạt động","Ghi chú":"","layer_id":274,"fid":374,"label":"Lê Thi Chạnh"}},{"type":"Feature","id":375,"geometry":{"type":"Point","coordinates":[105.957838,10.265721]},"properties":{"Tên cơ sở":"Lê Văn Mười","Loại hình":"hộ nuôi","Địa chỉ sản xuất":"Ấp Bình Lương, xã An Bình, tỉnh Vĩnh Long","Mã số nhận dạng cơ sở":"","Chủ cơ sở / Người đại diện":"Lê Văn Mười","Tổng thể tích":"18144","Tổng số lồng bè":"63","Chứng nhận":"","Số giấy chứng nhận ATTP":"","Ngày cấp giấy chứng nhận ATTP":"","Tình trạng hoạt động":"Đang hoạt động","Ghi chú":"","layer_id":274,"fid":375,"label":"Lê Văn Mười"}},{"type":"Feature","id":376,"geometry":{"type":"Point","coordinates":[105.958137,10.265468]},"properties":{"Tên cơ sở":"Lâm Trường Giang","Loại hình":"hộ nuôi","Địa chỉ sản xuất":"Ấp Bình Lương, xã An Bình, tỉnh Vĩnh Long","Mã số nhận dạng cơ sở":null,"Chủ cơ sở / Người đại diện":"Lâm Trường Giang","Tổng thể tích":"10368","Tổng số lồng bè":"36","Chứng nhận":null,"Số giấy chứng nhận ATTP":null,"Ngày cấp giấy chứng nhận ATTP":null,"Tình trạng hoạt động":"Đang hoạt động","Ghi chú":"","layer_id":274,"fid":376,"label":"Lâm Trường Giang"}},{"type":"Feature","id":377,"geometry":{"type":"Point","coordinates":[105.958137,10.265468]},"properties":{"Tên cơ sở":"Phạm Minh Thái","Loại hình":"hộ nuôi","Địa chỉ sản xuất":"Ấp Bình Lương, xã An Bình, tỉnh Vĩnh Long","Mã số nhận dạng cơ sở":null,"Chủ cơ sở / Người đại diện":"Phạm Minh Thái","Tổng thể tích":"2880","Tổng số lồng bè":"10","Chứng nhận":null,"Số giấy chứng nhận ATTP":null,"Ngày cấp giấy chứng nhận ATTP":null,"Tình trạng hoạt động":"Đang hoạt động","Ghi chú":"","layer_id":274,"fid":377,"label":"Phạm Minh Thái"}},{"type":"Feature","id":378,"geometry":{"type":"Point","coordinates":[105.958137,10.265468]},"properties":{"Tên cơ sở":"Lê Vĩnh Thuận","Loại hình":"hộ nuôi","Địa chỉ sản xuất":"Ấp Bình Lương, xã An Bình, tỉnh Vĩnh Long","Mã số nhận dạng cơ sở":null,"Chủ cơ sở / Người đại diện":"Lê Vĩnh Thuận","Tổng thể tích":"2880","Tổng số lồng bè":"10","Chứng nhận":null,"Số giấy chứng nhận ATTP":null,"Ngày cấp giấy chứng nhận ATTP":null,"Tình trạng hoạt động":"Đang hoạt động","Ghi chú":"","layer_id":274,"fid":378,"label":"Lê Vĩnh Thuận"}},{"type":"Feature","id":379,"geometry":{"type":"Point","coordinates":[105.958137,10.265468]},"properties":{"Tên cơ sở":"Võ Hoàng Minh","Loại hình":"hộ nuôi","Địa chỉ sản xuất":"Ấp Bình Lương, xã An Bình, tỉnh Vĩnh Long","Mã số nhận dạng cơ sở":null,"Chủ cơ sở / Người đại diện":"Võ Hoàng Minh","Tổng thể tích":"2880","Tổng số lồng bè":"10","Chứng nhận":null,"Số giấy chứng nhận ATTP":null,"Ngày cấp giấy chứng nhận ATTP":null,"Tình trạng hoạt động":"Đang hoạt động","Ghi chú":"","layer_id":274,"fid":379,"label":"Võ Hoàng Minh"}},{"type":"Feature","id":380,"geometry":{"type":"Point","coordinates":[105.958452,10.264969]},"properties":{"Tên cơ sở":"Nguyễn Quang Hoanh ","Loại hình":"hộ nuôi","Địa chỉ sản xuất":"Ấp Bình Lương, xã An Bình, tỉnh Vĩnh Long","Mã số nhận dạng cơ sở":"","Chủ cơ sở / Người đại diện":"Nguyễn Quang Hoanh ","Tổng thể tích":"4266","Tổng số lồng bè":"20","Chứng nhận":"","Số giấy chứng nhận ATTP":"","Ngày cấp giấy chứng nhận ATTP":"","Tình trạng hoạt động":"Đang hoạt động","Ghi chú":"","layer_id":274,"fid":380,"label":"Nguyễn Quang Hoanh "}},{"type":"Feature","id":381,"geometry":{"type":"Point","coordinates":[105.957998,10.265584]},"properties":{"Tên cơ sở":"Nguyễn Trọng Nhân ","Loại hình":"hộ nuôi","Địa chỉ sản xuất":"Ấp Bình Lương, xã An Bình, tỉnh Vĩnh Long","Mã số nhận dạng cơ sở":"","Chủ cơ sở / Người đại diện":"Nguyễn Trọng Nhân ","Tổng thể tích":"1080","Tổng số lồng bè":"6","Chứng nhận":"","Số giấy chứng nhận ATTP":"","Ngày cấp giấy chứng nhận ATTP":"","Tình trạng hoạt động":"Đang hoạt động","Ghi chú":"","layer_id":274,"fid":381,"label":"Nguyễn Trọng Nhân "}},{"type":"Feature","id":382,"geometry":{"type":"Point","coordinates":[105.958979,10.264417]},"properties":{"Tên cơ sở":"Huỳnh Văn Xâm","Loại hình":"hộ nuôi","Địa chỉ sản xuất":"Ấp Bình Lương, xã An Bình, tỉnh Vĩnh Long","Mã số nhận dạng cơ sở":"","Chủ cơ sở / Người đại diện":"Huỳnh Văn Xâm","Tổng thể tích":"810","Tổng số lồng bè":"4","Chứng nhận":"","Số giấy chứng nhận ATTP":"","Ngày cấp giấy chứng nhận ATTP":"","Tình trạng hoạt động":"Đang hoạt động","Ghi chú":"","layer_id":274,"fid":382,"label":"Huỳnh Văn Xâm"}},{"type":"Feature","id":383,"geometry":{"type":"Point","coordinates":[105.959148,10.264357]},"properties":{"Tên cơ sở":"Nguyễn Công  Toàn","Loại hình":"hộ nuôi","Địa chỉ sản xuất":"Ấp Bình Lương, xã An Bình, tỉnh Vĩnh Long","Mã số nhận dạng cơ sở":"","Chủ cơ sở / Người đại diện":"Nguyễn Công  Toàn","Tổng thể tích":"1296","Tổng số lồng bè":"2","Chứng nhận":"","Số giấy chứng nhận ATTP":"","Ngày cấp giấy chứng nhận ATTP":"","Tình trạng hoạt động":"Đang hoạt động","Ghi chú":"","layer_id":274,"fid":383,"label":"Nguyễn Công  Toàn"}},{"type":"Feature","id":384,"geometry":{"type":"Point","coordinates":[105.959539,10.264077]},"properties":{"Tên cơ sở":"Nguyễn Trung Thiên","Loại hình":"hộ nuôi","Địa chỉ sản xuất":"Ấp Bình Lương, xã An Bình, tỉnh Vĩnh Long","Mã số nhận dạng cơ sở":"","Chủ cơ sở / Người đại diện":"Nguyễn Trung Thiên","Tổng thể tích":"918","Tổng số lồng bè":"5","Chứng nhận":"","Số giấy chứng nhận ATTP":"","Ngày cấp giấy chứng nhận ATTP":"","Tình trạng hoạt động":"Đang hoạt động","Ghi chú":"","layer_id":274,"fid":384,"label":"Nguyễn Trung Thiên"}},{"type":"Feature","id":385,"geometry":{"type":"Point","coordinates":[105.959887,10.263813]},"properties":{"Tên cơ sở":"Nguyễn Văn Bình    ","Loại hình":"hộ nuôi","Địa chỉ sản xuất":"Ấp Bình Lương, xã An Bình, tỉnh Vĩnh Long","Mã số nhận dạng cơ sở":"","Chủ cơ sở / Người đại diện":"Nguyễn Văn Bình    ","Tổng thể tích":"720","Tổng số lồng bè":"4","Chứng nhận":"","Số giấy chứng nhận ATTP":"","Ngày cấp giấy chứng nhận ATTP":"","Tình trạng hoạt động":"Đang hoạt động","Ghi chú":"","layer_id":274,"fid":385,"label":"Nguyễn Văn Bình    "}},{"type":"Feature","id":386,"geometry":{"type":"Point","coordinates":[105.960171,10.263656]},"properties":{"Tên cơ sở":"Nguyễn Văn Toàn","Loại hình":"hộ nuôi","Địa chỉ sản xuất":"Ấp Bình Lương, xã An Bình, tỉnh Vĩnh Long","Mã số nhận dạng cơ sở":"","Chủ cơ sở / Người đại diện":"Nguyễn Văn Toàn","Tổng thể tích":"972","Tổng số lồng bè":"6","Chứng nhận":"","Số giấy chứng nhận ATTP":"","Ngày cấp giấy chứng nhận ATTP":"","Tình trạng hoạt động":"Đang hoạt động","Ghi chú":"","layer_id":274,"fid":386,"label":"Nguyễn Văn Toàn"}},{"type":"Feature","id":387,"geometry":{"type":"Point","coordinates":[105.960356,10.263563]},"properties":{"Tên cơ sở":"Nguyễn Văn Nhân ","Loại hình":"hộ nuôi","Địa chỉ sản xuất":"Ấp Bình Lương, xã An Bình, tỉnh Vĩnh Long","Mã số nhận dạng cơ sở":"","Chủ cơ sở / Người đại diện":"Nguyễn Văn Nhân ","Tổng thể tích":"717","Tổng số lồng bè":"4","Chứng nhận":"","Số giấy chứng nhận ATTP":"","Ngày cấp giấy chứng nhận ATTP":"","Tình trạng hoạt động":"Đang hoạt động","Ghi chú":"","layer_id":274,"fid":387,"label":"Nguyễn Văn Nhân "}},{"type":"Feature","id":388,"geometry":{"type":"Point","coordinates":[105.96061,10.26344]},"properties":{"Tên cơ sở":"Nguyễn Văn Anh Tài","Loại hình":"hộ nuôi","Địa chỉ sản xuất":"Ấp Bình Lương, xã An Bình, tỉnh Vĩnh Long","Mã số nhận dạng cơ sở":"","Chủ cơ sở / Người đại diện":"Nguyễn Văn Anh Tài","Tổng thể tích":"1134","Tổng số lồng bè":"6","Chứng nhận":"","Số giấy chứng nhận ATTP":"","Ngày cấp giấy chứng nhận ATTP":"","Tình trạng hoạt động":"Đang hoạt động","Ghi chú":"","layer_id":274,"fid":388,"label":"Nguyễn Văn Anh Tài"}},{"type":"Feature","id":389,"geometry":{"type":"Point","coordinates":[105.960992,10.263261]},"properties":{"Tên cơ sở":"Võ Văn Thu","Loại hình":"hộ nuôi","Địa chỉ sản xuất":"Ấp Bình Lương, xã An Bình, tỉnh Vĩnh Long","Mã số nhận dạng cơ sở":"","Chủ cơ sở / Người đại diện":"Võ Văn Thu","Tổng thể tích":"270","Tổng số lồng bè":"1","Chứng nhận":"","Số giấy chứng nhận ATTP":"","Ngày cấp giấy chứng nhận ATTP":"","Tình trạng hoạt động":"Đang hoạt động","Ghi chú":"","layer_id":274,"fid":389,"label":"Võ Văn Thu"}},{"type":"Feature","id":390,"geometry":{"type":"Point","coordinates":[105.962188,10.262645]},"properties":{"Tên cơ sở":"Trần Văn Nam","Loại hình":"hộ nuôi","Địa chỉ sản xuất":"Ấp Bình Lương, xã An Bình, tỉnh Vĩnh Long","Mã số nhận dạng cơ sở":"","Chủ cơ sở / Người đại diện":"Trần Văn Nam","Tổng thể tích":"1242","Tổng số lồng bè":"6","Chứng nhận":"","Số giấy chứng nhận ATTP":"","Ngày cấp giấy chứng nhận ATTP":"","Tình trạng hoạt động":"Đang hoạt động","Ghi chú":"","layer_id":274,"fid":390,"label":"Trần Văn Nam"}},{"type":"Feature","id":391,"geometry":{"type":"Point","coordinates":[105.962526,10.262562]},"properties":{"Tên cơ sở":"Nguyễn Ngọc Huân","Loại hình":"hộ nuôi","Địa chỉ sản xuất":"Ấp Bình Lương, xã An Bình, tỉnh Vĩnh Long","Mã số nhận dạng cơ sở":"","Chủ cơ sở / Người đại diện":"Nguyễn Ngọc Huân","Tổng thể tích":"648","Tổng số lồng bè":"3","Chứng nhận":"","Số giấy chứng nhận ATTP":"","Ngày cấp giấy chứng nhận ATTP":"","Tình trạng hoạt động":"Đang hoạt động","Ghi chú":"","layer_id":274,"fid":391,"label":"Nguyễn Ngọc Huân"}},{"type":"Feature","id":392,"geometry":{"type":"Point","coordinates":[105.964005,10.26196]},"properties":{"Tên cơ sở":"Nguyễn Văn Giàu  ","Loại hình":"hộ nuôi","Địa chỉ sản xuất":"Ấp Bình Lương, xã An Bình, tỉnh Vĩnh Long","Mã số nhận dạng cơ sở":"","Chủ cơ sở / Người đại diện":"Nguyễn Văn Giàu  ","Tổng thể tích":"648","Tổng số lồng bè":"3","Chứng nhận":"","Số giấy chứng nhận ATTP":"","Ngày cấp giấy chứng nhận ATTP":"","Tình trạng hoạt động":"Đang hoạt động","Ghi chú":"","layer_id":274,"fid":392,"label":"Nguyễn Văn Giàu  "}},{"type":"Feature","id":393,"geometry":{"type":"Point","coordinates":[105.961614,10.262822]},"properties":{"Tên cơ sở":"Huỳnh Thanh Hà","Loại hình":"hộ nuôi","Địa chỉ sản xuất":"Ấp Bình Lương, xã An Bình, tỉnh Vĩnh Long","Mã số nhận dạng cơ sở":"","Chủ cơ sở / Người đại diện":"Huỳnh Thanh Hà","Tổng thể tích":"3504","Tổng số lồng bè":"17","Chứng nhận":"","Số giấy chứng nhận ATTP":"","Ngày cấp giấy chứng nhận ATTP":"","Tình trạng hoạt động":"Đang hoạt động","Ghi chú":"","layer_id":274,"fid":393,"label":"Huỳnh Thanh Hà"}},{"type":"Feature","id":394,"geometry":{"type":"Point","coordinates":[105.962962,10.262242]},"properties":{"Tên cơ sở":"Võ Hồng Đào   ","Loại hình":"hộ nuôi","Địa chỉ sản xuất":"Ấp Bình Lương, xã An Bình, tỉnh Vĩnh Long","Mã số nhận dạng cơ sở":"","Chủ cơ sở / Người đại diện":"Võ Hồng Đào   ","Tổng thể tích":"3888","Tổng số lồng bè":"18","Chứng nhận":"","Số giấy chứng nhận ATTP":"","Ngày cấp giấy chứng nhận ATTP":"","Tình trạng hoạt động":"Đang hoạt động","Ghi chú":"","layer_id":274,"fid":394,"label":"Võ Hồng Đào   "}},{"type":"Feature","id":395,"geometry":{"type":"Point","coordinates":[105.964213,10.261922]},"properties":{"Tên cơ sở":"Trần Văn Hải","Loại hình":"hộ nuôi","Địa chỉ sản xuất":"Ấp Bình Lương, xã An Bình, tỉnh Vĩnh Long","Mã số nhận dạng cơ sở":"","Chủ cơ sở / Người đại diện":"Trần Văn Hải","Tổng thể tích":"594","Tổng số lồng bè":"3","Chứng nhận":"","Số giấy chứng nhận ATTP":"","Ngày cấp giấy chứng nhận ATTP":"","Tình trạng hoạt động":"Đang hoạt động","Ghi chú":"","layer_id":274,"fid":395,"label":"Trần Văn Hải"}},{"type":"Feature","id":396,"geometry":{"type":"Point","coordinates":[105.961171,10.263043]},"properties":{"Tên cơ sở":"Võ Văn Dũng    ","Loại hình":"hộ nuôi","Địa chỉ sản xuất":"Ấp Bình Lương, xã An Bình, tỉnh Vĩnh Long","Mã số nhận dạng cơ sở":"","Chủ cơ sở / Người đại diện":"Võ Văn Dũng    ","Tổng thể tích":"1026","Tổng số lồng bè":"5","Chứng nhận":"","Số giấy chứng nhận ATTP":"","Ngày cấp giấy chứng nhận ATTP":"","Tình trạng hoạt động":"Đang hoạt động","Ghi chú":"","layer_id":274,"fid":396,"label":"Võ Văn Dũng    "}},{"type":"Feature","id":397,"geometry":{"type":"Point","coordinates":[105.964759,10.261502]},"properties":{"Tên cơ sở":"Huỳnh Văn Nhựt","Loại hình":"hộ nuôi","Địa chỉ sản xuất":"Ấp Bình Lương, xã An Bình, tỉnh Vĩnh Long","Mã số nhận dạng cơ sở":"","Chủ cơ sở / Người đại diện":"Huỳnh Văn Nhựt","Tổng thể tích":"1944","Tổng số lồng bè":"9","Chứng nhận":"","Số giấy chứng nhận ATTP":"","Ngày cấp giấy chứng nhận ATTP":"","Tình trạng hoạt động":"Đang hoạt động","Ghi chú":"","layer_id":274,"fid":397,"label":"Huỳnh Văn Nhựt"}},{"type":"Feature","id":398,"geometry":{"type":"Point","coordinates":[105.962581,10.262441]},"properties":{"Tên cơ sở":"Nguyễn Văn Đoán","Loại hình":"hộ nuôi","Địa chỉ sản xuất":"Ấp Bình Lương, xã An Bình, tỉnh Vĩnh Long","Mã số nhận dạng cơ sở":"","Chủ cơ sở / Người đại diện":"Nguyễn Văn Đoán","Tổng thể tích":"324","Tổng số lồng bè":"2","Chứng nhận":"","Số giấy chứng nhận ATTP":"","Ngày cấp giấy chứng nhận ATTP":"","Tình trạng hoạt động":"Đang hoạt động","Ghi chú":"","layer_id":274,"fid":398,"label":"Nguyễn Văn Đoán"}},{"type":"Feature","id":399,"geometry":{"type":"Point","coordinates":[105.965178,10.261445]},"properties":{"Tên cơ sở":"Nguyễn Minh Hoàng","Loại hình":"hộ nuôi","Địa chỉ sản xuất":"Ấp Bình Lương, xã An Bình, tỉnh Vĩnh Long","Mã số nhận dạng cơ sở":"","Chủ cơ sở / Người đại diện":"Nguyễn Minh Hoàng","Tổng thể tích":"4729","Tổng số lồng bè":"18","Chứng nhận":"","Số giấy chứng nhận ATTP":"","Ngày cấp giấy chứng nhận ATTP":"","Tình trạng hoạt động":"Đang hoạt động","Ghi chú":"","layer_id":274,"fid":399,"label":"Nguyễn Minh Hoàng"}},{"type":"Feature","id":400,"geometry":{"type":"Point","coordinates":[105.961147,10.263107]},"properties":{"Tên cơ sở":"Phạm Anh Duy","Loại hình":"hộ nuôi","Địa chỉ sản xuất":"Ấp Bình Lương, xã An Bình, tỉnh Vĩnh Long","Mã số nhận dạng cơ sở":"","Chủ cơ sở / Người đại diện":"Phạm Anh Duy","Tổng thể tích":"540","Tổng số lồng bè":"3","Chứng nhận":"","Số giấy chứng nhận ATTP":"","Ngày cấp giấy chứng nhận ATTP":"","Tình trạng hoạt động":"Đang hoạt động","Ghi chú":"","layer_id":274,"fid":400,"label":"Phạm Anh Duy"}},{"type":"Feature","id":401,"geometry":{"type":"Point","coordinates":[105.962285,10.262645]},"properties":{"Tên cơ sở":"Lê Chí Hùng      ","Loại hình":"hộ nuôi","Địa chỉ sản xuất":"Ấp Bình Lương, xã An Bình, tỉnh Vĩnh Long","Mã số nhận dạng cơ sở":"","Chủ cơ sở / Người đại diện":"Lê Chí Hùng      ","Tổng thể tích":"1080","Tổng số lồng bè":"5","Chứng nhận":"","Số giấy chứng nhận ATTP":"","Ngày cấp giấy chứng nhận ATTP":"","Tình trạng hoạt động":"Đang hoạt động","Ghi chú":"","layer_id":274,"fid":401,"label":"Lê Chí Hùng      "}},{"type":"Feature","id":402,"geometry":{"type":"Point","coordinates":[105.964315,10.261988]},"properties":{"Tên cơ sở":"Nguyễn Văn Tổng","Loại hình":"hộ nuôi","Địa chỉ sản xuất":"Ấp Bình Lương, xã An Bình, tỉnh Vĩnh Long","Mã số nhận dạng cơ sở":"","Chủ cơ sở / Người đại diện":"Nguyễn Văn Tổng","Tổng thể tích":"216","Tổng số lồng bè":"1","Chứng nhận":"","Số giấy chứng nhận ATTP":"","Ngày cấp giấy chứng nhận ATTP":"","Tình trạng hoạt động":"Đang hoạt động","Ghi chú":"","layer_id":274,"fid":402,"label":"Nguyễn Văn Tổng"}},{"type":"Feature","id":403,"geometry":{"type":"Point","coordinates":[105.964442,10.261845]},"properties":{"Tên cơ sở":"Trần Thị Hạnh  ","Loại hình":"hộ nuôi","Địa chỉ sản xuất":"Ấp Bình Lương, xã An Bình, tỉnh Vĩnh Long","Mã số nhận dạng cơ sở":"","Chủ cơ sở / Người đại diện":"Trần Thị Hạnh  ","Tổng thể tích":"2808","Tổng số lồng bè":"13","Chứng nhận":"","Số giấy chứng nhận ATTP":"","Ngày cấp giấy chứng nhận ATTP":"","Tình trạng hoạt động":"Đang hoạt động","Ghi chú":"","layer_id":274,"fid":403,"label":"Trần Thị Hạnh  "}},{"type":"Feature","id":404,"geometry":{"type":"Point","coordinates":[105.967034,10.261212]},"properties":{"Tên cơ sở":"Nguyễn Bích Liễu     ","Loại hình":"hộ nuôi","Địa chỉ sản xuất":"Ấp Bình Lương, xã An Bình, tỉnh Vĩnh Long","Mã số nhận dạng cơ sở":"","Chủ cơ sở / Người đại diện":"Nguyễn Bích Liễu     ","Tổng thể tích":"3528","Tổng số lồng bè":"14","Chứng nhận":"","Số giấy chứng nhận ATTP":"","Ngày cấp giấy chứng nhận ATTP":"","Tình trạng hoạt động":"Đang hoạt động","Ghi chú":"","layer_id":274,"fid":404,"label":"Nguyễn Bích Liễu     "}},{"type":"Feature","id":405,"geometry":{"type":"Point","coordinates":[105.967744,10.261318]},"properties":{"Tên cơ sở":"Nguyễn Thị Hồng Cẩm","Loại hình":"hộ nuôi","Địa chỉ sản xuất":"Ấp Bình Lương, xã An Bình, tỉnh Vĩnh Long","Mã số nhận dạng cơ sở":"","Chủ cơ sở / Người đại diện":"Nguyễn Thị Hồng Cẩm","Tổng thể tích":"432","Tổng số lồng bè":"2","Chứng nhận":"","Số giấy chứng nhận ATTP":"","Ngày cấp giấy chứng nhận ATTP":"","Tình trạng hoạt động":"Đang hoạt động","Ghi chú":"","layer_id":274,"fid":405,"label":"Nguyễn Thị Hồng Cẩm"}},{"type":"Feature","id":406,"geometry":{"type":"Point","coordinates":[105.966837,10.261461]},"properties":{"Tên cơ sở":"Nguyễn Thị Tài         ","Loại hình":"hộ nuôi","Địa chỉ sản xuất":"Ấp Bình Lương, xã An Bình, tỉnh Vĩnh Long","Mã số nhận dạng cơ sở":"","Chủ cơ sở / Người đại diện":"Nguyễn Thị Tài         ","Tổng thể tích":"1080","Tổng số lồng bè":"6","Chứng nhận":"","Số giấy chứng nhận ATTP":"","Ngày cấp giấy chứng nhận ATTP":"","Tình trạng hoạt động":"Đang hoạt động","Ghi chú":"","layer_id":274,"fid":406,"label":"Nguyễn Thị Tài         "}},{"type":"Feature","id":407,"geometry":{"type":"Point","coordinates":[105.967412,10.261511]},"properties":{"Tên cơ sở":"Nguyễn Thị Bảy","Loại hình":"hộ nuôi","Địa chỉ sản xuất":"Ấp Bình Lương, xã An Bình, tỉnh Vĩnh Long","Mã số nhận dạng cơ sở":"","Chủ cơ sở / Người đại diện":"Nguyễn Thị Bảy","Tổng thể tích":"864","Tổng số lồng bè":"4","Chứng nhận":"","Số giấy chứng nhận ATTP":"","Ngày cấp giấy chứng nhận ATTP":"","Tình trạng hoạt động":"Đang hoạt động","Ghi chú":"","layer_id":274,"fid":407,"label":"Nguyễn Thị Bảy"}},{"type":"Feature","id":408,"geometry":{"type":"Point","coordinates":[105.96746,10.261229]},"properties":{"Tên cơ sở":"Nguyễn Văn Thái   ","Loại hình":"hộ nuôi","Địa chỉ sản xuất":"Ấp Bình Lương, xã An Bình, tỉnh Vĩnh Long","Mã số nhận dạng cơ sở":"","Chủ cơ sở / Người đại diện":"Nguyễn Văn Thái   ","Tổng thể tích":"3240","Tổng số lồng bè":"11","Chứng nhận":"","Số giấy chứng nhận ATTP":"","Ngày cấp giấy chứng nhận ATTP":"","Tình trạng hoạt động":"Đang hoạt động","Ghi chú":"","layer_id":274,"fid":408,"label":"Nguyễn Văn Thái   "}},{"type":"Feature","id":409,"geometry":{"type":"Point","coordinates":[105.9674,10.261577]},"properties":{"Tên cơ sở":"Nguyễn Hoàng Tân","Loại hình":"hộ nuôi","Địa chỉ sản xuất":"Ấp Bình Lương, xã An Bình, tỉnh Vĩnh Long","Mã số nhận dạng cơ sở":null,"Chủ cơ sở / Người đại diện":"Nguyễn Hoàng Tân","Tổng thể tích":"432","Tổng số lồng bè":"2","Chứng nhận":null,"Số giấy chứng nhận ATTP":null,"Ngày cấp giấy chứng nhận ATTP":null,"Tình trạng hoạt động":"Đang hoạt động","Ghi chú":null,"layer_id":274,"fid":409,"label":"Nguyễn Hoàng Tân"}},{"type":"Feature","id":410,"geometry":{"type":"Point","coordinates":[105.967966,10.261332]},"properties":{"Tên cơ sở":"Nguyễn Văn Tân","Loại hình":"hộ nuôi","Địa chỉ sản xuất":"Ấp Bình Lương, xã An Bình, tỉnh Vĩnh Long","Mã số nhận dạng cơ sở":"","Chủ cơ sở / Người đại diện":"Nguyễn Văn Tân","Tổng thể tích":"1440","Tổng số lồng bè":"5","Chứng nhận":"","Số giấy chứng nhận ATTP":"","Ngày cấp giấy chứng nhận ATTP":"","Tình trạng hoạt động":"Đang hoạt động","Ghi chú":"","layer_id":274,"fid":410,"label":"Nguyễn Văn Tân"}},{"type":"Feature","id":411,"geometry":{"type":"Point","coordinates":[105.98103,10.264343]},"properties":{"Tên cơ sở":"Phạm Hoàng Phú ","Loại hình":"hộ nuôi","Địa chỉ sản xuất":"Ấp An Thạnh, xã An Bình, tỉnh Vĩnh Long","Mã số nhận dạng cơ sở":"","Chủ cơ sở / Người đại diện":"Phạm Hoàng Phú ","Tổng thể tích":"2160","Tổng số lồng bè":"10","Chứng nhận":"","Số giấy chứng nhận ATTP":"","Ngày cấp giấy chứng nhận ATTP":"","Tình trạng hoạt động":"Đang hoạt động","Ghi chú":"","layer_id":274,"fid":411,"label":"Phạm Hoàng Phú "}},{"type":"Feature","id":412,"geometry":{"type":"Point","coordinates":[105.981712,10.2646]},"properties":{"Tên cơ sở":"Lê Thanh Tiền","Loại hình":"hộ nuôi","Địa chỉ sản xuất":"Ấp An Thạnh, xã An Bình, tỉnh Vĩnh Long","Mã số nhận dạng cơ sở":"","Chủ cơ sở / Người đại diện":"Lê Thanh Tiền","Tổng thể tích":"2376","Tổng số lồng bè":"11","Chứng nhận":"","Số giấy chứng nhận ATTP":"","Ngày cấp giấy chứng nhận ATTP":"","Tình trạng hoạt động":"Đang hoạt động","Ghi chú":"","layer_id":274,"fid":412,"label":"Lê Thanh Tiền"}},{"type":"Feature","id":413,"geometry":{"type":"Point","coordinates":[105.98316,10.264995]},"properties":{"Tên cơ sở":"Trần Ngọc Ánh","Loại hình":"hộ nuôi","Địa chỉ sản xuất":"Ấp An Thạnh, xã An Bình, tỉnh Vĩnh Long","Mã số nhận dạng cơ sở":"","Chủ cơ sở / Người đại diện":"Trần Ngọc Ánh","Tổng thể tích":"1296","Tổng số lồng bè":"6","Chứng nhận":"","Số giấy chứng nhận ATTP":"","Ngày cấp giấy chứng nhận ATTP":"","Tình trạng hoạt động":"Đang hoạt động","Ghi chú":"","layer_id":274,"fid":413,"label":"Trần Ngọc Ánh"}},{"type":"Feature","id":414,"geometry":{"type":"Point","coordinates":[105.982384,10.2648]},"properties":{"Tên cơ sở":"Trần Ngọc Thức","Loại hình":"hộ nuôi","Địa chỉ sản xuất":"Ấp An Thạnh, xã An Bình, tỉnh Vĩnh Long","Mã số nhận dạng cơ sở":"","Chủ cơ sở / Người đại diện":"Trần Ngọc Thức","Tổng thể tích":"2916","Tổng số lồng bè":"18","Chứng nhận":"","Số giấy chứng nhận ATTP":"","Ngày cấp giấy chứng nhận ATTP":"","Tình trạng hoạt động":"Đang hoạt động","Ghi chú":"","layer_id":274,"fid":414,"label":"Trần Ngọc Thức"}},{"type":"Feature","id":415,"geometry":{"type":"Point","coordinates":[105.983737,10.265462]},"properties":{"Tên cơ sở":"Trần Ngọc Vững   ","Loại hình":"hộ nuôi","Địa chỉ sản xuất":"Ấp An Thạnh, xã An Bình, tỉnh Vĩnh Long","Mã số nhận dạng cơ sở":"","Chủ cơ sở / Người đại diện":"Trần Ngọc Vững   ","Tổng thể tích":"648","Tổng số lồng bè":"4","Chứng nhận":"","Số giấy chứng nhận ATTP":"","Ngày cấp giấy chứng nhận ATTP":"","Tình trạng hoạt động":"Đang hoạt động","Ghi chú":"","layer_id":274,"fid":415,"label":"Trần Ngọc Vững   "}},{"type":"Feature","id":416,"geometry":{"type":"Point","coordinates":[105.983791,10.265288]},"properties":{"Tên cơ sở":"Phạm Văn Tâm  ","Loại hình":"hộ nuôi","Địa chỉ sản xuất":"Ấp An Thạnh, xã An Bình, tỉnh Vĩnh Long","Mã số nhận dạng cơ sở":"","Chủ cơ sở / Người đại diện":"Phạm Văn Tâm  ","Tổng thể tích":"1944","Tổng số lồng bè":"12","Chứng nhận":"","Số giấy chứng nhận ATTP":"","Ngày cấp giấy chứng nhận ATTP":"","Tình trạng hoạt động":"Đang hoạt động","Ghi chú":"","layer_id":274,"fid":416,"label":"Phạm Văn Tâm  "}},{"type":"Feature","id":417,"geometry":{"type":"Point","coordinates":[105.984716,10.265479]},"properties":{"Tên cơ sở":"Trần Ngọc Trí            ","Loại hình":"hộ nuôi","Địa chỉ sản xuất":"Ấp An Thạnh, xã An Bình, tỉnh Vĩnh Long","Mã số nhận dạng cơ sở":"","Chủ cơ sở / Người đại diện":"Trần Ngọc Trí            ","Tổng thể tích":"5922","Tổng số lồng bè":"28","Chứng nhận":"","Số giấy chứng nhận ATTP":"","Ngày cấp giấy chứng nhận ATTP":"","Tình trạng hoạt động":"Đang hoạt động","Ghi chú":"","layer_id":274,"fid":417,"label":"Trần Ngọc Trí            "}},{"type":"Feature","id":418,"geometry":{"type":"Point","coordinates":[105.983796,10.265035]},"properties":{"Tên cơ sở":"Phạm Xuân Mỹ ","Loại hình":"hộ nuôi","Địa chỉ sản xuất":"Ấp An Thạnh, xã An Bình, tỉnh Vĩnh Long","Mã số nhận dạng cơ sở":"","Chủ cơ sở / Người đại diện":"Phạm Xuân Mỹ ","Tổng thể tích":"2592","Tổng số lồng bè":"12","Chứng nhận":"","Số giấy chứng nhận ATTP":"","Ngày cấp giấy chứng nhận ATTP":"","Tình trạng hoạt động":"Đang hoạt động","Ghi chú":"","layer_id":274,"fid":418,"label":"Phạm Xuân Mỹ "}},{"type":"Feature","id":419,"geometry":{"type":"Point","coordinates":[105.985474,10.265692]},"properties":{"Tên cơ sở":"Đặng Chí Hậu   ","Loại hình":"hộ nuôi","Địa chỉ sản xuất":"Ấp An Thạnh, xã An Bình, tỉnh Vĩnh Long","Mã số nhận dạng cơ sở":"","Chủ cơ sở / Người đại diện":"Đặng Chí Hậu   ","Tổng thể tích":"1728","Tổng số lồng bè":"8","Chứng nhận":"","Số giấy chứng nhận ATTP":"","Ngày cấp giấy chứng nhận ATTP":"","Tình trạng hoạt động":"Đang hoạt động","Ghi chú":"","layer_id":274,"fid":419,"label":"Đặng Chí Hậu   "}},{"type":"Feature","id":420,"geometry":{"type":"Point","coordinates":[105.986115,10.265838]},"properties":{"Tên cơ sở":"Nguyễn Huy Phong    ","Loại hình":"hộ nuôi","Địa chỉ sản xuất":"Ấp An Thạnh, xã An Bình, tỉnh Vĩnh Long","Mã số nhận dạng cơ sở":"","Chủ cơ sở / Người đại diện":"Nguyễn Huy Phong    ","Tổng thể tích":"1296","Tổng số lồng bè":"8","Chứng nhận":"","Số giấy chứng nhận ATTP":"","Ngày cấp giấy chứng nhận ATTP":"","Tình trạng hoạt động":"Đang hoạt động","Ghi chú":"","layer_id":274,"fid":420,"label":"Nguyễn Huy Phong    "}},{"type":"Feature","id":432,"geometry":{"type":"Point","coordinates":[105.996654,10.267802]},"properties":{"Tên cơ sở":"Phạm Văn Đởm    ","Loại hình":"hộ nuôi","Địa chỉ sản xuất":"Ấp Bình Thuận 1, xã An Bình, tỉnh Vĩnh Long","Mã số nhận dạng cơ sở":"","Chủ cơ sở / Người đại diện":"Phạm Văn Đởm    ","Tổng thể tích":"1296","Tổng số lồng bè":"6","Chứng nhận":"","Số giấy chứng nhận ATTP":"","Ngày cấp giấy chứng nhận ATTP":"","Tình trạng hoạt động":"Đang hoạt động","Ghi chú":"","layer_id":274,"fid":432,"label":"Phạm Văn Đởm    "}},{"type":"Feature","id":421,"geometry":{"type":"Point","coordinates":[105.989377,10.267323]},"properties":{"Tên cơ sở":"Nguyễn Văn Phương","Loại hình":"hộ nuôi","Địa chỉ sản xuất":"Ấp Bình Thuận 1, xã An Bình, tỉnh Vĩnh Long","Mã số nhận dạng cơ sở":"","Chủ cơ sở / Người đại diện":"Nguyễn Văn Phương","Tổng thể tích":"1296","Tổng số lồng bè":"8","Chứng nhận":"","Số giấy chứng nhận ATTP":"","Ngày cấp giấy chứng nhận ATTP":"","Tình trạng hoạt động":"Đang hoạt động","Ghi chú":"","layer_id":274,"fid":421,"label":"Nguyễn Văn Phương"}},{"type":"Feature","id":422,"geometry":{"type":"Point","coordinates":[105.990388,10.266512]},"properties":{"Tên cơ sở":"Nguyễn Văn Lý","Loại hình":"hộ nuôi","Địa chỉ sản xuất":"Ấp Bình Thuận 1, xã An Bình, tỉnh Vĩnh Long","Mã số nhận dạng cơ sở":"","Chủ cơ sở / Người đại diện":"Nguyễn Văn Lý","Tổng thể tích":"432","Tổng số lồng bè":"2","Chứng nhận":"","Số giấy chứng nhận ATTP":"","Ngày cấp giấy chứng nhận ATTP":"","Tình trạng hoạt động":"Đang hoạt động","Ghi chú":"","layer_id":274,"fid":422,"label":"Nguyễn Văn Lý"}},{"type":"Feature","id":423,"geometry":{"type":"Point","coordinates":[105.99054,10.266527]},"properties":{"Tên cơ sở":"Nguyễn Thế Hùng","Loại hình":"hộ nuôi","Địa chỉ sản xuất":"Ấp Bình Thuận 1, xã An Bình, tỉnh Vĩnh Long","Mã số nhận dạng cơ sở":"","Chủ cơ sở / Người đại diện":"Nguyễn Thế Hùng","Tổng thể tích":"1296","Tổng số lồng bè":"6","Chứng nhận":"","Số giấy chứng nhận ATTP":"","Ngày cấp giấy chứng nhận ATTP":"","Tình trạng hoạt động":"Đang hoạt động","Ghi chú":"","layer_id":274,"fid":423,"label":"Nguyễn Thế Hùng"}},{"type":"Feature","id":424,"geometry":{"type":"Point","coordinates":[105.990688,10.26658]},"properties":{"Tên cơ sở":"Trần Ngọc Bỉ","Loại hình":"hộ nuôi","Địa chỉ sản xuất":"Ấp Bình Thuận 1, xã An Bình, tỉnh Vĩnh Long","Mã số nhận dạng cơ sở":"","Chủ cơ sở / Người đại diện":"Trần Ngọc Bỉ","Tổng thể tích":"648","Tổng số lồng bè":"4","Chứng nhận":"","Số giấy chứng nhận ATTP":"","Ngày cấp giấy chứng nhận ATTP":"","Tình trạng hoạt động":"Đang hoạt động","Ghi chú":"","layer_id":274,"fid":424,"label":"Trần Ngọc Bỉ"}},{"type":"Feature","id":425,"geometry":{"type":"Point","coordinates":[105.990825,10.266587]},"properties":{"Tên cơ sở":"Trần Văn Ngọc Tấn  ","Loại hình":"hộ nuôi","Địa chỉ sản xuất":"Ấp Bình Thuận 1, xã An Bình, tỉnh Vĩnh Long","Mã số nhận dạng cơ sở":"","Chủ cơ sở / Người đại diện":"Trần Văn Ngọc Tấn  ","Tổng thể tích":"1350","Tổng số lồng bè":"6","Chứng nhận":"","Số giấy chứng nhận ATTP":"","Ngày cấp giấy chứng nhận ATTP":"","Tình trạng hoạt động":"Đang hoạt động","Ghi chú":"","layer_id":274,"fid":425,"label":"Trần Văn Ngọc Tấn  "}},{"type":"Feature","id":426,"geometry":{"type":"Point","coordinates":[105.991257,10.266703]},"properties":{"Tên cơ sở":"Phạm Xuân Mỹ ","Loại hình":"hộ nuôi","Địa chỉ sản xuất":"Ấp Bình Thuận 1, xã An Bình, tỉnh Vĩnh Long","Mã số nhận dạng cơ sở":"","Chủ cơ sở / Người đại diện":"Phạm Xuân Mỹ ","Tổng thể tích":"2592","Tổng số lồng bè":"12","Chứng nhận":"","Số giấy chứng nhận ATTP":"","Ngày cấp giấy chứng nhận ATTP":"","Tình trạng hoạt động":"Đang hoạt động","Ghi chú":"","layer_id":274,"fid":426,"label":"Phạm Xuân Mỹ "}},{"type":"Feature","id":427,"geometry":{"type":"Point","coordinates":[105.992604,10.267125]},"properties":{"Tên cơ sở":"Nguyễn Tấn Đạt       ","Loại hình":"hộ nuôi","Địa chỉ sản xuất":"Ấp Bình Thuận 1, xã An Bình, tỉnh Vĩnh Long","Mã số nhận dạng cơ sở":"","Chủ cơ sở / Người đại diện":"Nguyễn Tấn Đạt       ","Tổng thể tích":"1728","Tổng số lồng bè":"8","Chứng nhận":"","Số giấy chứng nhận ATTP":"","Ngày cấp giấy chứng nhận ATTP":"","Tình trạng hoạt động":"Đang hoạt động","Ghi chú":"","layer_id":274,"fid":427,"label":"Nguyễn Tấn Đạt       "}},{"type":"Feature","id":428,"geometry":{"type":"Point","coordinates":[105.994151,10.267174]},"properties":{"Tên cơ sở":"Ngô Văn Tân","Loại hình":"hộ nuôi","Địa chỉ sản xuất":"Ấp Bình Thuận 1, xã An Bình, tỉnh Vĩnh Long","Mã số nhận dạng cơ sở":"","Chủ cơ sở / Người đại diện":"Ngô Văn Tân","Tổng thể tích":"3456","Tổng số lồng bè":"16","Chứng nhận":"","Số giấy chứng nhận ATTP":"","Ngày cấp giấy chứng nhận ATTP":"","Tình trạng hoạt động":"Đang hoạt động","Ghi chú":"","layer_id":274,"fid":428,"label":"Ngô Văn Tân"}},{"type":"Feature","id":429,"geometry":{"type":"Point","coordinates":[105.993131,10.267147]},"properties":{"Tên cơ sở":"lê Hồng Đức","Loại hình":"hộ nuôi","Địa chỉ sản xuất":"Ấp Bình Thuận 1, xã An Bình, tỉnh Vĩnh Long","Mã số nhận dạng cơ sở":"","Chủ cơ sở / Người đại diện":"lê Hồng Đức","Tổng thể tích":"432","Tổng số lồng bè":"2","Chứng nhận":"","Số giấy chứng nhận ATTP":"","Ngày cấp giấy chứng nhận ATTP":"","Tình trạng hoạt động":"Đang hoạt động","Ghi chú":"","layer_id":274,"fid":429,"label":"lê Hồng Đức"}},{"type":"Feature","id":430,"geometry":{"type":"Point","coordinates":[105.994958,10.267373]},"properties":{"Tên cơ sở":"Hồ Văn Phương Em","Loại hình":"hộ nuôi","Địa chỉ sản xuất":"Ấp Bình Thuận 1, xã An Bình, tỉnh Vĩnh Long","Mã số nhận dạng cơ sở":"","Chủ cơ sở / Người đại diện":"Hồ Văn Phương Em","Tổng thể tích":"648","Tổng số lồng bè":"3","Chứng nhận":"","Số giấy chứng nhận ATTP":"","Ngày cấp giấy chứng nhận ATTP":"","Tình trạng hoạt động":"Đang hoạt động","Ghi chú":"","layer_id":274,"fid":430,"label":"Hồ Văn Phương Em"}},{"type":"Feature","id":431,"geometry":{"type":"Point","coordinates":[105.995557,10.267653]},"properties":{"Tên cơ sở":"Nguyễn Hoàng Nhật Duy","Loại hình":"hộ nuôi","Địa chỉ sản xuất":"Ấp Bình Thuận 1, xã An Bình, tỉnh Vĩnh Long","Mã số nhận dạng cơ sở":"","Chủ cơ sở / Người đại diện":"Nguyễn Hoàng Nhật Duy","Tổng thể tích":"864","Tổng số lồng bè":"4","Chứng nhận":"","Số giấy chứng nhận ATTP":"","Ngày cấp giấy chứng nhận ATTP":"","Tình trạng hoạt động":"Đang hoạt động","Ghi chú":"","layer_id":274,"fid":431,"label":"Nguyễn Hoàng Nhật Duy"}},{"type":"Feature","id":433,"geometry":{"type":"Point","coordinates":[105.998565,10.268274]},"properties":{"Tên cơ sở":"Võ Hoàng Việt","Loại hình":"hộ nuôi","Địa chỉ sản xuất":"Ấp Bình Thuận 1, xã An Bình, tỉnh Vĩnh Long","Mã số nhận dạng cơ sở":"","Chủ cơ sở / Người đại diện":"Võ Hoàng Việt","Tổng thể tích":"1080","Tổng số lồng bè":"5","Chứng nhận":"","Số giấy chứng nhận ATTP":"","Ngày cấp giấy chứng nhận ATTP":"","Tình trạng hoạt động":"Đang hoạt động","Ghi chú":"","layer_id":274,"fid":433,"label":"Võ Hoàng Việt"}},{"type":"Feature","id":434,"geometry":{"type":"Point","coordinates":[105.99749,10.2679]},"properties":{"Tên cơ sở":"Phạm Văn Đương ","Loại hình":"hộ nuôi","Địa chỉ sản xuất":"Ấp Bình Thuận 1, xã An Bình, tỉnh Vĩnh Long","Mã số nhận dạng cơ sở":"","Chủ cơ sở / Người đại diện":"Phạm Văn Đương ","Tổng thể tích":"2160","Tổng số lồng bè":"10","Chứng nhận":"","Số giấy chứng nhận ATTP":"","Ngày cấp giấy chứng nhận ATTP":"","Tình trạng hoạt động":"Đang hoạt động","Ghi chú":"","layer_id":274,"fid":434,"label":"Phạm Văn Đương "}},{"type":"Feature","id":435,"geometry":{"type":"Point","coordinates":[105.999649,10.268282]},"properties":{"Tên cơ sở":"Phạm Quang Tuân ","Loại hình":"hộ nuôi","Địa chỉ sản xuất":"Ấp Bình Thuận 1, xã An Bình, tỉnh Vĩnh Long","Mã số nhận dạng cơ sở":"","Chủ cơ sở / Người đại diện":"Phạm Quang Tuân ","Tổng thể tích":"3456","Tổng số lồng bè":"17","Chứng nhận":"","Số giấy chứng nhận ATTP":"","Ngày cấp giấy chứng nhận ATTP":"","Tình trạng hoạt động":"Đang hoạt động","Ghi chú":"","layer_id":274,"fid":435,"label":"Phạm Quang Tuân "}},{"type":"Feature","id":464,"geometry":{"type":"Point","coordinates":[105.965976,10.261303]},"properties":{"Tên cơ sở":"Công ty Kỳ Quang","Loại hình":"Doanh nghiệp","Địa chỉ sản xuất":"Ấp Bình Lương, xã An Bình, tỉnh Vĩnh Long","Mã số nhận dạng cơ sở":"","Chủ cơ sở / Người đại diện":"Kỳ Quang (Phong)","Tổng thể tích":"7464","Tổng số lồng bè":"33","Chứng nhận":"","Số giấy chứng nhận ATTP":"","Ngày cấp giấy chứng nhận ATTP":"","Tình trạng hoạt động":"Đang hoạt động","Ghi chú":"","layer_id":274,"fid":464,"label":"Công ty Kỳ Quang"}},{"type":"Feature","id":436,"geometry":{"type":"Point","coordinates":[106.010404,10.268233]},"properties":{"Tên cơ sở":"Nguyễn Hữu Thọ","Loại hình":"hộ nuôi","Địa chỉ sản xuất":"Ấp Phước Định 1, xã An Bình, tỉnh Vĩnh Long","Mã số nhận dạng cơ sở":"","Chủ cơ sở / Người đại diện":"Nguyễn Hữu Thọ","Tổng thể tích":"4104","Tổng số lồng bè":"19","Chứng nhận":"","Số giấy chứng nhận ATTP":"","Ngày cấp giấy chứng nhận ATTP":"","Tình trạng hoạt động":"Đang hoạt động","Ghi chú":"","layer_id":274,"fid":436,"label":"Nguyễn Hữu Thọ"}},{"type":"Feature","id":437,"geometry":{"type":"Point","coordinates":[106.010004,10.268327]},"properties":{"Tên cơ sở":"Lê Thành Phong","Loại hình":"hộ nuôi","Địa chỉ sản xuất":"Ấp Phước Định 1, xã An Bình, tỉnh Vĩnh Long","Mã số nhận dạng cơ sở":"","Chủ cơ sở / Người đại diện":"Lê Thành Phong","Tổng thể tích":"384","Tổng số lồng bè":"2","Chứng nhận":"","Số giấy chứng nhận ATTP":"","Ngày cấp giấy chứng nhận ATTP":"","Tình trạng hoạt động":"Đang hoạt động","Ghi chú":"","layer_id":274,"fid":437,"label":"Lê Thành Phong"}},{"type":"Feature","id":438,"geometry":{"type":"Point","coordinates":[106.008643,10.268514]},"properties":{"Tên cơ sở":"Lê Thành Nhơn","Loại hình":"hộ nuôi","Địa chỉ sản xuất":"Ấp Phước Định 1, xã An Bình, tỉnh Vĩnh Long","Mã số nhận dạng cơ sở":"","Chủ cơ sở / Người đại diện":"Lê Thành Nhơn","Tổng thể tích":"384","Tổng số lồng bè":"2","Chứng nhận":"","Số giấy chứng nhận ATTP":"","Ngày cấp giấy chứng nhận ATTP":"","Tình trạng hoạt động":"Đang hoạt động","Ghi chú":"","layer_id":274,"fid":438,"label":"Lê Thành Nhơn"}},{"type":"Feature","id":439,"geometry":{"type":"Point","coordinates":[106.010967,10.268291]},"properties":{"Tên cơ sở":"Đặng Hòa Hiệp","Loại hình":"hộ nuôi","Địa chỉ sản xuất":"Ấp Phước Định 1, xã An Bình, tỉnh Vĩnh Long","Mã số nhận dạng cơ sở":"","Chủ cơ sở / Người đại diện":"Đặng Hòa Hiệp","Tổng thể tích":"1944","Tổng số lồng bè":"9","Chứng nhận":"","Số giấy chứng nhận ATTP":"","Ngày cấp giấy chứng nhận ATTP":"","Tình trạng hoạt động":"Đang hoạt động","Ghi chú":"","layer_id":274,"fid":439,"label":"Đặng Hòa Hiệp"}},{"type":"Feature","id":440,"geometry":{"type":"Point","coordinates":[105.879467,10.264108]},"properties":{"Tên cơ sở":"Nguyễn Văn Sơn","Loại hình":"hộ nuôi","Địa chỉ sản xuất":"Khóm Tân Thạnh, Phường Tân Ngãi, tỉnh Vĩnh Long","Mã số nhận dạng cơ sở":"","Chủ cơ sở / Người đại diện":"Nguyễn Văn Sơn","Tổng thể tích":"3662","Tổng số lồng bè":"19","Chứng nhận":"","Số giấy chứng nhận ATTP":"","Ngày cấp giấy chứng nhận ATTP":"","Tình trạng hoạt động":"Đang hoạt động","Ghi chú":"","layer_id":274,"fid":440,"label":"Nguyễn Văn Sơn"}},{"type":"Feature","id":441,"geometry":{"type":"Point","coordinates":[106.011788,10.267923]},"properties":{"Tên cơ sở":"Trần Văn Na                         ","Loại hình":"hộ nuôi","Địa chỉ sản xuất":"Ấp Phước Định 1, xã An Bình, tỉnh Vĩnh Long","Mã số nhận dạng cơ sở":"","Chủ cơ sở / Người đại diện":"Trần Văn Na                         ","Tổng thể tích":"3456","Tổng số lồng bè":"16","Chứng nhận":"","Số giấy chứng nhận ATTP":"","Ngày cấp giấy chứng nhận ATTP":"","Tình trạng hoạt động":"Đang hoạt động","Ghi chú":"","layer_id":274,"fid":441,"label":"Trần Văn Na                         "}},{"type":"Feature","id":442,"geometry":{"type":"Point","coordinates":[106.012935,10.268083]},"properties":{"Tên cơ sở":"Lê Văn Hiền","Loại hình":"hộ nuôi","Địa chỉ sản xuất":"Ấp Phước Định 1, xã An Bình, tỉnh Vĩnh Long","Mã số nhận dạng cơ sở":"","Chủ cơ sở / Người đại diện":"Lê Văn Hiền","Tổng thể tích":"1512","Tổng số lồng bè":"7","Chứng nhận":"","Số giấy chứng nhận ATTP":"","Ngày cấp giấy chứng nhận ATTP":"","Tình trạng hoạt động":"Đang hoạt động","Ghi chú":"","layer_id":274,"fid":442,"label":"Lê Văn Hiền"}},{"type":"Feature","id":443,"geometry":{"type":"Point","coordinates":[105.878337,10.263838]},"properties":{"Tên cơ sở":"Võ Trần Minh","Loại hình":"hộ nuôi","Địa chỉ sản xuất":"Khóm Tân Thạnh, Phường Tân Ngãi, tỉnh Vĩnh Long","Mã số nhận dạng cơ sở":"","Chủ cơ sở / Người đại diện":"Võ Trần Minh","Tổng thể tích":"528","Tổng số lồng bè":"3","Chứng nhận":"","Số giấy chứng nhận ATTP":"","Ngày cấp giấy chứng nhận ATTP":"","Tình trạng hoạt động":"Đang hoạt động","Ghi chú":"","layer_id":274,"fid":443,"label":"Võ Trần Minh"}},{"type":"Feature","id":444,"geometry":{"type":"Point","coordinates":[105.881276,10.264474]},"properties":{"Tên cơ sở":"Lê Văn Chúc ","Loại hình":"hộ nuôi","Địa chỉ sản xuất":"Khóm Tân Thạnh, Phường Tân Ngãi, tỉnh Vĩnh Long","Mã số nhận dạng cơ sở":"","Chủ cơ sở / Người đại diện":"Lê Văn Chúc ","Tổng thể tích":"846","Tổng số lồng bè":"6","Chứng nhận":"","Số giấy chứng nhận ATTP":"","Ngày cấp giấy chứng nhận ATTP":"","Tình trạng hoạt động":"Đang hoạt động","Ghi chú":"","layer_id":274,"fid":444,"label":"Lê Văn Chúc "}},{"type":"Feature","id":445,"geometry":{"type":"Point","coordinates":[105.965976,10.261303]},"properties":{"Tên cơ sở":"Trần Văn Giáp","Loại hình":"Doanh nghiệp","Địa chỉ sản xuất":"Ấp Bình Lương, xã An Bình, tỉnh Vĩnh Long","Mã số nhận dạng cơ sở":"","Chủ cơ sở / Người đại diện":"Trần Văn Giáp","Tổng thể tích":"7896","Tổng số lồng bè":"35","Chứng nhận":"","Số giấy chứng nhận ATTP":"","Ngày cấp giấy chứng nhận ATTP":"","Tình trạng hoạt động":"Đang hoạt động","Ghi chú":"","layer_id":274,"fid":445,"label":"Trần Văn Giáp"}},{"type":"Feature","id":446,"geometry":{"type":"Point","coordinates":[106.010404,10.268233]},"properties":{"Tên cơ sở":"Nguyễn Hữu Thọ","Loại hình":"hộ nuôi","Địa chỉ sản xuất":"Ấp Phước Định 1, xã An Bình, tỉnh Vĩnh Long","Mã số nhận dạng cơ sở":"","Chủ cơ sở / Người đại diện":"Nguyễn Hữu Thọ","Tổng thể tích":"4104","Tổng số lồng bè":"19","Chứng nhận":"","Số giấy chứng nhận ATTP":"","Ngày cấp giấy chứng nhận ATTP":"","Tình trạng hoạt động":"Đang hoạt động","Ghi chú":"","layer_id":274,"fid":446,"label":"Nguyễn Hữu Thọ"}},{"type":"Feature","id":447,"geometry":{"type":"Point","coordinates":[106.010004,10.268327]},"properties":{"Tên cơ sở":"Lê Thành Phong","Loại hình":"hộ nuôi","Địa chỉ sản xuất":"Ấp Phước Định 1, xã An Bình, tỉnh Vĩnh Long","Mã số nhận dạng cơ sở":"","Chủ cơ sở / Người đại diện":"Lê Thành Phong","Tổng thể tích":"384","Tổng số lồng bè":"2","Chứng nhận":"","Số giấy chứng nhận ATTP":"","Ngày cấp giấy chứng nhận ATTP":"","Tình trạng hoạt động":"Đang hoạt động","Ghi chú":"","layer_id":274,"fid":447,"label":"Lê Thành Phong"}},{"type":"Feature","id":448,"geometry":{"type":"Point","coordinates":[106.008643,10.268514]},"properties":{"Tên cơ sở":"Lê Thành Nhơn","Loại hình":"hộ nuôi","Địa chỉ sản xuất":"Ấp Phước Định 1, xã An Bình, tỉnh Vĩnh Long","Mã số nhận dạng cơ sở":"","Chủ cơ sở / Người đại diện":"Lê Thành Nhơn","Tổng thể tích":"384","Tổng số lồng bè":"2","Chứng nhận":"","Số giấy chứng nhận ATTP":"","Ngày cấp giấy chứng nhận ATTP":"","Tình trạng hoạt động":"Đang hoạt động","Ghi chú":"","layer_id":274,"fid":448,"label":"Lê Thành Nhơn"}},{"type":"Feature","id":449,"geometry":{"type":"Point","coordinates":[106.010967,10.268291]},"properties":{"Tên cơ sở":"Đặng Hòa Hiệp","Loại hình":"hộ nuôi","Địa chỉ sản xuất":"Ấp Phước Định 1, xã An Bình, tỉnh Vĩnh Long","Mã số nhận dạng cơ sở":"","Chủ cơ sở / Người đại diện":"Đặng Hòa Hiệp","Tổng thể tích":"1944","Tổng số lồng bè":"9","Chứng nhận":"","Số giấy chứng nhận ATTP":"","Ngày cấp giấy chứng nhận ATTP":"","Tình trạng hoạt động":"Đang hoạt động","Ghi chú":"","layer_id":274,"fid":449,"label":"Đặng Hòa Hiệp"}},{"type":"Feature","id":450,"geometry":{"type":"Point","coordinates":[105.879467,10.264108]},"properties":{"Tên cơ sở":"Nguyễn Văn Sơn","Loại hình":"hộ nuôi","Địa chỉ sản xuất":"Khóm Tân Thạnh, phường Tân Ngãi, tỉnh Vĩnh Long","Mã số nhận dạng cơ sở":"","Chủ cơ sở / Người đại diện":"Nguyễn Văn Sơn","Tổng thể tích":"3662","Tổng số lồng bè":"19","Chứng nhận":"","Số giấy chứng nhận ATTP":"","Ngày cấp giấy chứng nhận ATTP":"","Tình trạng hoạt động":"Đang hoạt động","Ghi chú":"","layer_id":274,"fid":450,"label":"Nguyễn Văn Sơn"}},{"type":"Feature","id":451,"geometry":{"type":"Point","coordinates":[106.011788,10.267923]},"properties":{"Tên cơ sở":"Trần Văn Na                         ","Loại hình":"hộ nuôi","Địa chỉ sản xuất":"Ấp Phước Định 1, xã An Bình, tỉnh Vĩnh Long","Mã số nhận dạng cơ sở":"","Chủ cơ sở / Người đại diện":"Trần Văn Na                         ","Tổng thể tích":"3456","Tổng số lồng bè":"16","Chứng nhận":"","Số giấy chứng nhận ATTP":"","Ngày cấp giấy chứng nhận ATTP":"","Tình trạng hoạt động":"Đang hoạt động","Ghi chú":"","layer_id":274,"fid":451,"label":"Trần Văn Na                         "}},{"type":"Feature","id":452,"geometry":{"type":"Point","coordinates":[106.012935,10.268083]},"properties":{"Tên cơ sở":"Lê Văn Hiền","Loại hình":"hộ nuôi","Địa chỉ sản xuất":"Ấp Phước Định 1, xã An Bình, tỉnh Vĩnh Long","Mã số nhận dạng cơ sở":"","Chủ cơ sở / Người đại diện":"Lê Văn Hiền","Tổng thể tích":"1512","Tổng số lồng bè":"7","Chứng nhận":"","Số giấy chứng nhận ATTP":"","Ngày cấp giấy chứng nhận ATTP":"","Tình trạng hoạt động":"Đang hoạt động","Ghi chú":"","layer_id":274,"fid":452,"label":"Lê Văn Hiền"}},{"type":"Feature","id":453,"geometry":{"type":"Point","coordinates":[105.878337,10.263838]},"properties":{"Tên cơ sở":"Võ Trần Minh","Loại hình":"hộ nuôi","Địa chỉ sản xuất":"Khóm Tân Thạnh, phường Tân Ngãi, tỉnh Vĩnh Long","Mã số nhận dạng cơ sở":"","Chủ cơ sở / Người đại diện":"Võ Trần Minh","Tổng thể tích":"528","Tổng số lồng bè":"3","Chứng nhận":"","Số giấy chứng nhận ATTP":"","Ngày cấp giấy chứng nhận ATTP":"","Tình trạng hoạt động":"Đang hoạt động","Ghi chú":"","layer_id":274,"fid":453,"label":"Võ Trần Minh"}},{"type":"Feature","id":454,"geometry":{"type":"Point","coordinates":[105.881364,10.264596]},"properties":{"Tên cơ sở":"Võ Quang Nhự","Loại hình":"hộ nuôi","Địa chỉ sản xuất":"Khóm Tân Thạnh, phường Tân Ngãi, tỉnh Vĩnh Long","Mã số nhận dạng cơ sở":"","Chủ cơ sở / Người đại diện":"Võ Quang Nhự","Tổng thể tích":"476","Tổng số lồng bè":"1","Chứng nhận":"","Số giấy chứng nhận ATTP":"","Ngày cấp giấy chứng nhận ATTP":"","Tình trạng hoạt động":"Đang hoạt động","Ghi chú":"","layer_id":274,"fid":454,"label":"Võ Quang Nhự"}},{"type":"Feature","id":455,"geometry":{"type":"Point","coordinates":[105.881276,10.264474]},"properties":{"Tên cơ sở":"Lê Văn Chúc ","Loại hình":"hộ nuôi","Địa chỉ sản xuất":"Khóm Tân Thạnh, phường Tân Ngãi, tỉnh Vĩnh Long","Mã số nhận dạng cơ sở":"","Chủ cơ sở / Người đại diện":"Lê Văn Chúc ","Tổng thể tích":"846","Tổng số lồng bè":"6","Chứng nhận":"","Số giấy chứng nhận ATTP":"","Ngày cấp giấy chứng nhận ATTP":"","Tình trạng hoạt động":"Đang hoạt động","Ghi chú":"","layer_id":274,"fid":455,"label":"Lê Văn Chúc "}},{"type":"Feature","id":456,"geometry":{"type":"Point","coordinates":[105.901245,10.272]},"properties":{"Tên cơ sở":"Trần Duy Nhân","Loại hình":"hộ nuôi","Địa chỉ sản xuất":"Khóm Tân Hưng, phường Tân Ngãi, tỉnh Vĩnh Long","Mã số nhận dạng cơ sở":"","Chủ cơ sở / Người đại diện":"Trần Duy Nhân","Tổng thể tích":"702","Tổng số lồng bè":"3","Chứng nhận":"","Số giấy chứng nhận ATTP":"","Ngày cấp giấy chứng nhận ATTP":"","Tình trạng hoạt động":"Đang hoạt động","Ghi chú":"","layer_id":274,"fid":456,"label":"Trần Duy Nhân"}},{"type":"Feature","id":457,"geometry":{"type":"Point","coordinates":[105.901532,10.272035]},"properties":{"Tên cơ sở":"Phạm Thị Ánh","Loại hình":"hộ nuôi","Địa chỉ sản xuất":"Khóm Tân Hưng, phường Tân Ngãi, tỉnh Vĩnh Long","Mã số nhận dạng cơ sở":"","Chủ cơ sở / Người đại diện":"Phạm Thị Ánh","Tổng thể tích":"660","Tổng số lồng bè":"4","Chứng nhận":"","Số giấy chứng nhận ATTP":"","Ngày cấp giấy chứng nhận ATTP":"","Tình trạng hoạt động":"Đang hoạt động","Ghi chú":"","layer_id":274,"fid":457,"label":"Phạm Thị Ánh"}},{"type":"Feature","id":458,"geometry":{"type":"Point","coordinates":[105.902975,10.272378]},"properties":{"Tên cơ sở":"Nguyễn Văn Tấn","Loại hình":"hộ nuôi","Địa chỉ sản xuất":"Khóm Tân Hưng, phường Tân Ngãi, tỉnh Vĩnh Long","Mã số nhận dạng cơ sở":"","Chủ cơ sở / Người đại diện":"Nguyễn Văn Tấn","Tổng thể tích":"96","Tổng số lồng bè":"1","Chứng nhận":"","Số giấy chứng nhận ATTP":"","Ngày cấp giấy chứng nhận ATTP":"","Tình trạng hoạt động":"Đang hoạt động","Ghi chú":"","layer_id":274,"fid":458,"label":"Nguyễn Văn Tấn"}},{"type":"Feature","id":459,"geometry":{"type":"Point","coordinates":[105.901737,10.272066]},"properties":{"Tên cơ sở":"La Thị An Tiên","Loại hình":"hộ nuôi","Địa chỉ sản xuất":"Khóm Tân Hưng, phường Tân Ngãi, tỉnh Vĩnh Long","Mã số nhận dạng cơ sở":"","Chủ cơ sở / Người đại diện":"La Thị An Tiên","Tổng thể tích":"216","Tổng số lồng bè":"1","Chứng nhận":"","Số giấy chứng nhận ATTP":"","Ngày cấp giấy chứng nhận ATTP":"","Tình trạng hoạt động":"Đang hoạt động","Ghi chú":"","layer_id":274,"fid":459,"label":"La Thị An Tiên"}},{"type":"Feature","id":460,"geometry":{"type":"Point","coordinates":[105.90225,10.272263]},"properties":{"Tên cơ sở":"La Tấn Liệt ","Loại hình":"hộ nuôi","Địa chỉ sản xuất":"Khóm Tân Hưng, phường Tân Ngãi, tỉnh Vĩnh Long","Mã số nhận dạng cơ sở":"","Chủ cơ sở / Người đại diện":"La Tấn Liệt ","Tổng thể tích":"1638","Tổng số lồng bè":"7","Chứng nhận":"","Số giấy chứng nhận ATTP":"","Ngày cấp giấy chứng nhận ATTP":"","Tình trạng hoạt động":"Đang hoạt động","Ghi chú":"","layer_id":274,"fid":460,"label":"La Tấn Liệt "}},{"type":"Feature","id":461,"geometry":{"type":"Point","coordinates":[105.902705,10.272367]},"properties":{"Tên cơ sở":"Trần Văn Khiêm","Loại hình":"hộ nuôi","Địa chỉ sản xuất":"Khóm Tân Hưng, phường Tân Ngãi, tỉnh Vĩnh Long","Mã số nhận dạng cơ sở":"","Chủ cơ sở / Người đại diện":"Trần Văn Khiêm","Tổng thể tích":"1188","Tổng số lồng bè":"6","Chứng nhận":"","Số giấy chứng nhận ATTP":"","Ngày cấp giấy chứng nhận ATTP":"","Tình trạng hoạt động":"Đang hoạt động","Ghi chú":"","layer_id":274,"fid":461,"label":"Trần Văn Khiêm"}},{"type":"Feature","id":462,"geometry":{"type":"Point","coordinates":[105.90313,10.272341]},"properties":{"Tên cơ sở":"Nguyễn Thị Thanh Huyền","Loại hình":"hộ nuôi","Địa chỉ sản xuất":"Khóm Tân Hưng, phường Tân Ngãi, tỉnh Vĩnh Long","Mã số nhận dạng cơ sở":"","Chủ cơ sở / Người đại diện":"Nguyễn Thị Thanh Huyền","Tổng thể tích":"864","Tổng số lồng bè":"4","Chứng nhận":"","Số giấy chứng nhận ATTP":"","Ngày cấp giấy chứng nhận ATTP":"","Tình trạng hoạt động":"Đang hoạt động","Ghi chú":"","layer_id":274,"fid":462,"label":"Nguyễn Thị Thanh Huyền"}},{"type":"Feature","id":463,"geometry":{"type":"Point","coordinates":[105.903662,10.272397]},"properties":{"Tên cơ sở":"Lê Minh Quang","Loại hình":"hộ nuôi","Địa chỉ sản xuất":"Khóm Tân Hưng, phường Tân Ngãi, tỉnh Vĩnh Long","Mã số nhận dạng cơ sở":"","Chủ cơ sở / Người đại diện":"Lê Minh Quang","Tổng thể tích":"1269","Tổng số lồng bè":"5","Chứng nhận":"","Số giấy chứng nhận ATTP":"","Ngày cấp giấy chứng nhận ATTP":"","Tình trạng hoạt động":"Đang hoạt động","Ghi chú":"","layer_id":274,"fid":463,"label":"Lê Minh Quang"}}]}
