{"type":"FeatureCollection","name":"Doanh nghiệp","metadata":{"source":"https://hatang.vinhlong.gov.vn/","downloaded_at":"2026-07-20T01:14:59+00:00","layer_id":288,"layer_name":"Doanh nghiệp","catalog_endpoints":["/map/publicLayers2?inputs=sokhdt"],"requested_bbox":[104.0,8.0,108.0,12.0],"tile_size":0.0,"tile_count":1,"tile_errors":[],"feature_count":984,"coordinate_order":"x,y (thường là longitude,latitude theo cấu hình EPSG:4326 của WebGIS)"},"features":[{"type":"Feature","geometry":{"type":"Point","coordinates":[106.702803536,10.17870477]},"properties":{"Mã số doanh nghiệp":"1300987237","Tên doanh nghiệp":"CÔNG TY TNHH MỘT THÀNH VIÊN SẢN  XUẤT NƯỚC UỐNG ĐÓNG CHAI NAM VIỆT","Địa chỉ trụ sở chính":"232/1/B, khu phố 2, xã Bình Đại","Người đại diện theo pháp luật":"VÕ HỒNG THANH","Chủ sở hữu":"VÕ HỒNG THANH","layer_id":288,"fid":718,"label":"CÔNG TY TNHH MỘT THÀNH VIÊN SẢN  XUẤT NƯỚC UỐNG ĐÓNG CHAI NAM VIỆT"}},{"type":"Feature","geometry":{"type":"Point","coordinates":[105.875962323,10.093856464]},"properties":{"Mã số doanh nghiệp":"1801583330","Tên doanh nghiệp":"CÔNG TY TNHH XUẤT NHẬP KHẨU JISTEEL","Địa chỉ trụ sở chính":"Số 17 tổ 26, ấp Phú Thành, Xã Song Phú ","Người đại diện theo pháp luật":"TRẦN SĨ TUẤN","Chủ sở hữu":null,"layer_id":288,"fid":129,"label":"CÔNG TY TNHH XUẤT NHẬP KHẨU JISTEEL"}},{"type":"Feature","geometry":{"type":"Point","coordinates":[106.355737294,10.246768833]},"properties":{"Mã số doanh nghiệp":"1300970219","Tên doanh nghiệp":"CÔNG TY TNHH TÔN ĐOÀN KẾT","Địa chỉ trụ sở chính":"17A16, đường Đồng Văn Cống, khu phố Bình Khởi, Phường Sơn Đông","Người đại diện theo pháp luật":"TRẦN THÁI NHỊ KHUÊ","Chủ sở hữu":null,"layer_id":288,"fid":130,"label":"CÔNG TY TNHH TÔN ĐOÀN KẾT"}},{"type":"Feature","geometry":{"type":"Point","coordinates":[105.958936694,10.240742164]},"properties":{"Mã số doanh nghiệp":"1500171823","Tên doanh nghiệp":"CÔNG TY TRÁCH NHIỆM HỮU HẠN MỘT THÀNH VIÊN THUỐC LÁ CỬU LONG","Địa chỉ trụ sở chính":"Số 4D đường Nguyễn Trung Trực, phường Tân Hạnh","Người đại diện theo pháp luật":"TRƯƠNG KHÁNH NGUYÊN","Chủ sở hữu":null,"layer_id":288,"fid":719,"label":"CÔNG TY TRÁCH NHIỆM HỮU HẠN MỘT THÀNH VIÊN THUỐC LÁ CỬU LONG"}},{"type":"Feature","geometry":{"type":"Point","coordinates":[106.357317723,10.305492217]},"properties":{"Mã số doanh nghiệp":"1300622998","Tên doanh nghiệp":"CÔNG TY TNHH  PHÚ NHƠN","Địa chỉ trụ sở chính":"Ấp Phú Nhơn (thửa đất số 288, 289, tờ bản đồ số 09), xã Phú Túc","Người đại diện theo pháp luật":"LẠI NGỌC QUANG","Chủ sở hữu":null,"layer_id":288,"fid":131,"label":"CÔNG TY TNHH  PHÚ NHƠN"}},{"type":"Feature","geometry":{"type":"Point","coordinates":[106.362292085,9.94519046]},"properties":{"Mã số doanh nghiệp":"2100578905","Tên doanh nghiệp":"DOANH NGHIỆP TƯ NHÂN VÕ HOÀNG PHÚC","Địa chỉ trụ sở chính":"Ấp Bích Trì, phường Hòa Thuận","Người đại diện theo pháp luật":null,"Chủ sở hữu":"VÕ NGỌC PHÚC","layer_id":288,"fid":1323,"label":"DOANH NGHIỆP TƯ NHÂN VÕ HOÀNG PHÚC"}},{"type":"Feature","geometry":{"type":"Point","coordinates":[105.958936694,10.240742164]},"properties":{"Mã số doanh nghiệp":"1500171823","Tên doanh nghiệp":"CÔNG TY TRÁCH NHIỆM HỮU HẠN MỘT THÀNH VIÊN THUỐC LÁ CỬU LONG","Địa chỉ trụ sở chính":"Số 4D đường Nguyễn Trung Trực, phường Tân Hạnh","Người đại diện theo pháp luật":"LÊ PHƯƠNG ĐẰNG","Chủ sở hữu":null,"layer_id":288,"fid":720,"label":"CÔNG TY TRÁCH NHIỆM HỮU HẠN MỘT THÀNH VIÊN THUỐC LÁ CỬU LONG"}},{"type":"Feature","geometry":{"type":"Point","coordinates":[106.458107565,9.899979179]},"properties":{"Mã số doanh nghiệp":"2100574876","Tên doanh nghiệp":"CÔNG TY TNHH HÒA MINH PHÁT","Địa chỉ trụ sở chính":"Ấp Ông Yễn, Xã Hòa Minh","Người đại diện theo pháp luật":"NGUYỄN QUỐC THÁI","Chủ sở hữu":null,"layer_id":288,"fid":1324,"label":"CÔNG TY TNHH HÒA MINH PHÁT"}},{"type":"Feature","geometry":{"type":"Point","coordinates":[106.670374836,10.210075333]},"properties":{"Mã số doanh nghiệp":"1300950678","Tên doanh nghiệp":"CÔNG TY TNHH TÔN THÉP QUANG MINH","Địa chỉ trụ sở chính":"Ấp 3 (thửa đất số 9; tờ bản đồ số 30), Xã Bình Đại","Người đại diện theo pháp luật":"TẠ THANH LIÊM","Chủ sở hữu":null,"layer_id":288,"fid":132,"label":"CÔNG TY TNHH TÔN THÉP QUANG MINH"}},{"type":"Feature","geometry":{"type":"Point","coordinates":[106.517397823,9.943356079]},"properties":{"Mã số doanh nghiệp":"1300361369","Tên doanh nghiệp":"DOANH NGHIỆP TƯ NHÂN  TÂN HƯNG","Địa chỉ trụ sở chính":"Ấp 5 (Số thửa 29, tờ bản đồ số 27) xã Thạnh Phú","Người đại diện theo pháp luật":null,"Chủ sở hữu":"NGUYỄN HỒNG PHÚC","layer_id":288,"fid":133,"label":"DOANH NGHIỆP TƯ NHÂN  TÂN HƯNG"}},{"type":"Feature","geometry":{"type":"Point","coordinates":[106.403291782,9.960645562]},"properties":{"Mã số doanh nghiệp":"2100626549","Tên doanh nghiệp":"CÔNG TY TRÁCH NHIỆM HỮU HẠN VẬT LIỆU XÂY DỰNG LÝ TƯỞNG","Địa chỉ trụ sở chính":"ấp Ngãi Hiệp , Xã Hưng Mỹ","Người đại diện theo pháp luật":"HUỲNH THỊ THIẾT","Chủ sở hữu":"HUỲNH THỊ THIẾT","layer_id":288,"fid":1325,"label":"CÔNG TY TRÁCH NHIỆM HỮU HẠN VẬT LIỆU XÂY DỰNG LÝ TƯỞNG"}},{"type":"Feature","geometry":{"type":"Point","coordinates":[106.395215494,10.299086377]},"properties":{"Mã số doanh nghiệp":"1300409363","Tên doanh nghiệp":"CÔNG TY TRÁCH NHIỆM HỮU HẠN MIN WIE VIỆT NAM","Địa chỉ trụ sở chính":"Lô D1,D2,D3 Khu công nghiệp Giao Long, Xã Giao Long","Người đại diện theo pháp luật":"XIAO DING FENG","Chủ sở hữu":null,"layer_id":288,"fid":721,"label":"CÔNG TY TRÁCH NHIỆM HỮU HẠN MIN WIE VIỆT NAM"}},{"type":"Feature","geometry":{"type":"Point","coordinates":[106.347439294,9.945484113]},"properties":{"Mã số doanh nghiệp":"2100337931","Tên doanh nghiệp":"CÔNG TY TNHH TÂN THANH THẾ","Địa chỉ trụ sở chính":"Số 12, Dương Quang Đông, Khóm 4, phường Hòa Thuận","Người đại diện theo pháp luật":"BÙI ĐÌNH HUY","Chủ sở hữu":null,"layer_id":288,"fid":134,"label":"CÔNG TY TNHH TÂN THANH THẾ"}},{"type":"Feature","geometry":{"type":"Point","coordinates":[106.347439294,9.945484113]},"properties":{"Mã số doanh nghiệp":"2100337931","Tên doanh nghiệp":"CÔNG TY TNHH TÂN THANH THẾ","Địa chỉ trụ sở chính":"Số 12, Dương Quang Đông, Khóm 4, phường Hòa Thuận","Người đại diện theo pháp luật":"BÙI THÀNH ĐÔ","Chủ sở hữu":null,"layer_id":288,"fid":135,"label":"CÔNG TY TNHH TÂN THANH THẾ"}},{"type":"Feature","geometry":{"type":"Point","coordinates":[106.390456194,10.297596134]},"properties":{"Mã số doanh nghiệp":"1301012466","Tên doanh nghiệp":"CÔNG TY TNHH UNIHWASIN VINA","Địa chỉ trụ sở chính":"Khu BII, KCN Giao Long Giai đoạn II, Xã Giao Long","Người đại diện theo pháp luật":"JUNG JUNG LAE","Chủ sở hữu":null,"layer_id":288,"fid":722,"label":"CÔNG TY TNHH UNIHWASIN VINA"}},{"type":"Feature","geometry":{"type":"Point","coordinates":[106.280721669,9.855750682]},"properties":{"Mã số doanh nghiệp":"2100495159","Tên doanh nghiệp":"CÔNG TY TNHH MỘT THÀNH VIÊN THƯƠNG MẠI DỊCH VỤ XÂY DỰNG PHÚ NÔNG","Địa chỉ trụ sở chính":"Ấp Ô Bắp, Xã Song Lộc","Người đại diện theo pháp luật":"LÊ THANH DŨNG","Chủ sở hữu":"LÊ THANH DŨNG","layer_id":288,"fid":1326,"label":"CÔNG TY TNHH MỘT THÀNH VIÊN THƯƠNG MẠI DỊCH VỤ XÂY DỰNG PHÚ NÔNG"}},{"type":"Feature","geometry":{"type":"Point","coordinates":[106.346022052,9.975129823]},"properties":{"Mã số doanh nghiệp":"2100423732","Tên doanh nghiệp":"CÔNG TY TNHH MỘT THÀNH VIÊN PCT VIỆT NAM","Địa chỉ trụ sở chính":"Lô E, đường số 4, Khu công nghiệp Long Đức, phường Long Đức","Người đại diện theo pháp luật":"ANGELA RODRIGUE","Chủ sở hữu":null,"layer_id":288,"fid":136,"label":"CÔNG TY TNHH MỘT THÀNH VIÊN PCT VIỆT NAM"}},{"type":"Feature","geometry":{"type":"Point","coordinates":[106.20465895,9.987169848]},"properties":{"Mã số doanh nghiệp":"2100454498","Tên doanh nghiệp":"CÔNG TY TRÁCH NHIỆM HỮU HẠN SẢN XUẤT THƯƠNG MẠI MAY XUẤT KHẨU HOÀNG LONG","Địa chỉ trụ sở chính":"Khóm 5, xã Càng Long","Người đại diện theo pháp luật":"KIM THỊ NGỌC LAN","Chủ sở hữu":null,"layer_id":288,"fid":723,"label":"CÔNG TY TRÁCH NHIỆM HỮU HẠN SẢN XUẤT THƯƠNG MẠI MAY XUẤT KHẨU HOÀNG LONG"}},{"type":"Feature","geometry":{"type":"Point","coordinates":[106.283376533,9.908673344]},"properties":{"Mã số doanh nghiệp":"2100607056","Tên doanh nghiệp":"CÔNG TY TNHH SẢN XUẤT NGUYỄN TOÀN","Địa chỉ trụ sở chính":"Ấp Sâm Bua, Xã Sông Lộc ","Người đại diện theo pháp luật":"NGUYỄN VĂN TOÀN","Chủ sở hữu":"NGUYỄN VĂN TOÀN","layer_id":288,"fid":1327,"label":"CÔNG TY TNHH SẢN XUẤT NGUYỄN TOÀN"}},{"type":"Feature","geometry":{"type":"Point","coordinates":[106.347726658,9.970180708]},"properties":{"Mã số doanh nghiệp":"2100416164","Tên doanh nghiệp":"CÔNG TY TNHH  MỘT THÀNH VIÊN VIỆT TRẦN","Địa chỉ trụ sở chính":"Lô A, Đường số 1, Khu công nghiệp Long Đức,phường Long Đức","Người đại diện theo pháp luật":"TRẦN PHƯỚC LÂM  ","Chủ sở hữu":"TRẦN PHƯỚC LÂM  ","layer_id":288,"fid":137,"label":"CÔNG TY TNHH  MỘT THÀNH VIÊN VIỆT TRẦN"}},{"type":"Feature","geometry":{"type":"Point","coordinates":[106.394300252,10.300575644]},"properties":{"Mã số doanh nghiệp":"1300487033","Tên doanh nghiệp":"CÔNG TY TNHH  MỘT THÀNH VIÊN FURUKAWA AUTOMOTIVE SYSTEMS (VIỆT NAM)","Địa chỉ trụ sở chính":"Lô C1-C5, Khu công nghiệp Giao Long, Xã Giao Long","Người đại diện theo pháp luật":"AOKI HIROFUMI","Chủ sở hữu":null,"layer_id":288,"fid":138,"label":"CÔNG TY TNHH  MỘT THÀNH VIÊN FURUKAWA AUTOMOTIVE SYSTEMS (VIỆT NAM)"}},{"type":"Feature","geometry":{"type":"Point","coordinates":[105.922993452,10.264153704]},"properties":{"Mã số doanh nghiệp":"1501080368","Tên doanh nghiệp":"CÔNG TY TNHH LA LA FACTORY","Địa chỉ trụ sở chính":"Số A352 Khóm Vĩnh Hòa, Phường Tân Ngãi","Người đại diện theo pháp luật":"CHUNG SEONG DOO ","Chủ sở hữu":null,"layer_id":288,"fid":724,"label":"CÔNG TY TNHH LA LA FACTORY"}},{"type":"Feature","geometry":{"type":"Point","coordinates":[105.995129825,10.2499277]},"properties":{"Mã số doanh nghiệp":"1501079517","Tên doanh nghiệp":"CÔNG TY TNHH MTV KISOO - CHÂU THY","Địa chỉ trụ sở chính":"ấp Long Hưng, phường Thanh Đức","Người đại diện theo pháp luật":"TRẦN THỊ BÍCH TUYỀN","Chủ sở hữu":"TRẦN THỊ BÍCH TUYỀN","layer_id":288,"fid":725,"label":"CÔNG TY TNHH MTV KISOO - CHÂU THY"}},{"type":"Feature","geometry":{"type":"Point","coordinates":[106.070036172,9.932584414]},"properties":{"Mã số doanh nghiệp":"2100639058","Tên doanh nghiệp":"CÔNG TY TNHH HƯNG HOA LONG","Địa chỉ trụ sở chính":"ấp An Hòa, Xã An Phú Tân","Người đại diện theo pháp luật":"VÕ THANH HƯNG ","Chủ sở hữu":null,"layer_id":288,"fid":1328,"label":"CÔNG TY TNHH HƯNG HOA LONG"}},{"type":"Feature","geometry":{"type":"Point","coordinates":[106.121593384,10.221767937]},"properties":{"Mã số doanh nghiệp":"1500770312","Tên doanh nghiệp":"CÔNG TY TNHH MAY XUẤT NHẬP KHẨU VINH PHƯỚC","Địa chỉ trụ sở chính":"Tổ 11, ấp Thủy Thuận, Xã Cái Nhum","Người đại diện theo pháp luật":"TẠ CHÍ DŨNG","Chủ sở hữu":null,"layer_id":288,"fid":726,"label":"CÔNG TY TNHH MAY XUẤT NHẬP KHẨU VINH PHƯỚC"}},{"type":"Feature","geometry":{"type":"Point","coordinates":[106.086489756,9.942154129]},"properties":{"Mã số doanh nghiệp":"2100266945","Tên doanh nghiệp":"DOANH NGHIỆP TƯ NHÂN VẠN PHƯỚC II","Địa chỉ trụ sở chính":"Ấp An Hòa, Xã An Phú Tân","Người đại diện theo pháp luật":null,"Chủ sở hữu":"TRẦN THỊ NƯƠNG","layer_id":288,"fid":1329,"label":"DOANH NGHIỆP TƯ NHÂN VẠN PHƯỚC II"}},{"type":"Feature","geometry":{"type":"Point","coordinates":[106.401573584,10.31048793]},"properties":{"Mã số doanh nghiệp":"1300990825","Tên doanh nghiệp":"CÔNG TY CỔ PHẦN CÔNG NGHỆ CAO VÀ THIẾT BỊ CHIẾU SÁNG ĐỨC HẬU LONG","Địa chỉ trụ sở chính":"Lô EI-5, EI-6, Khu Công Nghiệp Giao Long, Xã Giao Long","Người đại diện theo pháp luật":"ĐỖ LÂM","Chủ sở hữu":null,"layer_id":288,"fid":139,"label":"CÔNG TY CỔ PHẦN CÔNG NGHỆ CAO VÀ THIẾT BỊ CHIẾU SÁNG ĐỨC HẬU LONG"}},{"type":"Feature","geometry":{"type":"Point","coordinates":[105.970601994,10.234423727]},"properties":{"Mã số doanh nghiệp":"1500321719","Tên doanh nghiệp":"CÔNG TY PHÁT TRIỂN KỸ THUẬT VĨNH LONG (TNHH )","Địa chỉ trụ sở chính":"Số 69/21 đường Phó Cơ Điều, Phường Phước Hậu","Người đại diện theo pháp luật":"TRẦN THỊ KIM LOAN","Chủ sở hữu":null,"layer_id":288,"fid":140,"label":"CÔNG TY PHÁT TRIỂN KỸ THUẬT VĨNH LONG (TNHH )"}},{"type":"Feature","geometry":{"type":"Point","coordinates":[106.228408278,10.273909018]},"properties":{"Mã số doanh nghiệp":"1300668424","Tên doanh nghiệp":"CÔNG TY TNHH THE BLUES TERRITORY","Địa chỉ trụ sở chính":"Số 143, ấp Phú Hòa, Xã Tiên Thủy","Người đại diện theo pháp luật":"LÂM QUANG VINH","Chủ sở hữu":null,"layer_id":288,"fid":728,"label":"CÔNG TY TNHH THE BLUES TERRITORY"}},{"type":"Feature","geometry":{"type":"Point","coordinates":[106.057945094,10.068565789]},"properties":{"Mã số doanh nghiệp":"1501026730","Tên doanh nghiệp":"DOANH NGHIỆP TƯ NHÂN THUẬN TRANG THẢO","Địa chỉ trụ sở chính":"Số 158 ấp Hồi Trinh, Xã Hòa Bình","Người đại diện theo pháp luật":null,"Chủ sở hữu":"NGUYỄN HIẾU THUẬN","layer_id":288,"fid":727,"label":"DOANH NGHIỆP TƯ NHÂN THUẬN TRANG THẢO"}},{"type":"Feature","geometry":{"type":"Point","coordinates":[106.117224367,10.225315159]},"properties":{"Mã số doanh nghiệp":"1501058309","Tên doanh nghiệp":"CÔNG TY TNHH PHÂN HỮU CƠ TƯ THẠCH","Địa chỉ trụ sở chính":"Tổ 2, ấp Thuận Thới, xã An Phước","Người đại diện theo pháp luật":"VÕ VĂN HÙNG","Chủ sở hữu":null,"layer_id":288,"fid":141,"label":"CÔNG TY TNHH PHÂN HỮU CƠ TƯ THẠCH"}},{"type":"Feature","geometry":{"type":"Point","coordinates":[106.402410871,10.268549227]},"properties":{"Mã số doanh nghiệp":"1301014985","Tên doanh nghiệp":"CÔNG TY TNHH MỘT THÀNH VIÊN ĐẤT SẠCH PHÚ HƯNG THỊNH","Địa chỉ trụ sở chính":"Số 16, ấp Phú Chánh, phường Phú Khương","Người đại diện theo pháp luật":"PHAN GIA THỊNH","Chủ sở hữu":"PHAN GIA THỊNH","layer_id":288,"fid":142,"label":"CÔNG TY TNHH MỘT THÀNH VIÊN ĐẤT SẠCH PHÚ HƯNG THỊNH"}},{"type":"Feature","geometry":{"type":"Point","coordinates":[106.063470336,9.814686427]},"properties":{"Mã số doanh nghiệp":"2100568431","Tên doanh nghiệp":"CÔNG TY TNHH XÂY DỰNG - THƯƠNG MẠI BẢY ĐẸP 2","Địa chỉ trụ sở chính":"Ấp Trà Điêu, Xã Phong Thạnh ","Người đại diện theo pháp luật":"VÕ MINH THANH","Chủ sở hữu":"VÕ MINH THANH","layer_id":288,"fid":1330,"label":"CÔNG TY TNHH XÂY DỰNG - THƯƠNG MẠI BẢY ĐẸP 2"}},{"type":"Feature","geometry":{"type":"Point","coordinates":[106.392595036,10.303889974]},"properties":{"Mã số doanh nghiệp":"1300937370","Tên doanh nghiệp":"CÔNG TY CỔ PHẦN THƯƠNG MẠI MAY VIỆT THÀNH","Địa chỉ trụ sở chính":"Lô B3-B4, KCN Giao Long, Xã Giao Long","Người đại diện theo pháp luật":"ĐỖ TUẤN","Chủ sở hữu":null,"layer_id":288,"fid":729,"label":"CÔNG TY CỔ PHẦN THƯƠNG MẠI MAY VIỆT THÀNH"}},{"type":"Feature","geometry":{"type":"Point","coordinates":[106.131463727,9.777260725]},"properties":{"Mã số doanh nghiệp":"2100318424","Tên doanh nghiệp":"DOANH NGHIỆP TƯ NHÂN TƯ HƯNG","Địa chỉ trụ sở chính":"Khóm 1, xã Tân Hòa","Người đại diện theo pháp luật":null,"Chủ sở hữu":"NGUYỄN THANH PHƯƠNG","layer_id":288,"fid":1331,"label":"DOANH NGHIỆP TƯ NHÂN TƯ HƯNG"}},{"type":"Feature","geometry":{"type":"Point","coordinates":[106.400726136,10.236233358]},"properties":{"Mã số doanh nghiệp":"1300413793","Tên doanh nghiệp":"CÔNG TY TNHH  THỐNG NHẤT","Địa chỉ trụ sở chính":"Số 293C1, Nguyễn Đình Chiểu, Khu phố 2, Phường Phú Khương","Người đại diện theo pháp luật":"PHẠM THỊ PHƯƠNG TRANG","Chủ sở hữu":null,"layer_id":288,"fid":143,"label":"CÔNG TY TNHH  THỐNG NHẤT"}},{"type":"Feature","geometry":{"type":"Point","coordinates":[106.369285581,10.206644128]},"properties":{"Mã số doanh nghiệp":"1301045535","Tên doanh nghiệp":"CÔNG TY TNHH SẢN XUẤT ĐẤT SẠCH HIỆP NHẤT","Địa chỉ trụ sở chính":"226E, ấp An Thuận B, phường An Hội","Người đại diện theo pháp luật":"NGÔ HIỀN HÒA","Chủ sở hữu":"NGÔ HIỀN HÒA","layer_id":288,"fid":144,"label":"CÔNG TY TNHH SẢN XUẤT ĐẤT SẠCH HIỆP NHẤT"}},{"type":"Feature","geometry":{"type":"Point","coordinates":[106.405752894,10.300399032]},"properties":{"Mã số doanh nghiệp":"1201482115","Tên doanh nghiệp":"CÔNG TY TNHH MỘT THÀNH VIÊN JEA-MUST VIỆT NAM.","Địa chỉ trụ sở chính":"Lô A21 - Khu công nghiệp Giao Long, Xã Giao Long","Người đại diện theo pháp luật":"YANG, CHENG-LUNG","Chủ sở hữu":null,"layer_id":288,"fid":730,"label":"CÔNG TY TNHH MỘT THÀNH VIÊN JEA-MUST VIỆT NAM."}},{"type":"Feature","geometry":{"type":"Point","coordinates":[106.43500158,10.287697173]},"properties":{"Mã số doanh nghiệp":"1300646396","Tên doanh nghiệp":"CÔNG TY TNHH MỘT THÀNH VIÊN SẢN XUẤT THƯƠNG MẠI DỊCH VỤ XUẤT NHẬP KHẨU CÁNH ĐỒNG XANH","Địa chỉ trụ sở chính":"Ấp 2 (tờ bản đồ số 1, thửa đất số 1630), Xã Giao Long","Người đại diện theo pháp luật":"PHẠM CÔNG THÀNH","Chủ sở hữu":"PHẠM CÔNG THÀNH","layer_id":288,"fid":145,"label":"CÔNG TY TNHH MỘT THÀNH VIÊN SẢN XUẤT THƯƠNG MẠI DỊCH VỤ XUẤT NHẬP KHẨU CÁNH ĐỒNG XANH"}},{"type":"Feature","geometry":{"type":"Point","coordinates":[106.405955052,10.300343888]},"properties":{"Mã số doanh nghiệp":"1300952040","Tên doanh nghiệp":"CÔNG TY TNHH  YONG QING INTERNATIONAL","Địa chỉ trụ sở chính":"Lô A21, Khu công nghiệp Giao Long, xã Giao Long","Người đại diện theo pháp luật":"WANG, YU - YEN","Chủ sở hữu":null,"layer_id":288,"fid":731,"label":"CÔNG TY TNHH  YONG QING INTERNATIONAL"}},{"type":"Feature","geometry":{"type":"Point","coordinates":[106.1844102,9.837594489]},"properties":{"Mã số doanh nghiệp":"2100287462","Tên doanh nghiệp":"CÔNG TY TNHH MTV  VẬT LIỆU XÂY DỰNG TRẦN THANH VÂN","Địa chỉ trụ sở chính":"Số 008 Trần Phú,ấp 4, xã Tiểu Cần","Người đại diện theo pháp luật":"NGUYỄN THANH DŨNG","Chủ sở hữu":"NGUYỄN THANH DŨNG","layer_id":288,"fid":1332,"label":"CÔNG TY TNHH MTV  VẬT LIỆU XÂY DỰNG TRẦN THANH VÂN"}},{"type":"Feature","geometry":{"type":"Point","coordinates":[106.294270994,10.27764685]},"properties":{"Mã số doanh nghiệp":"1300928111","Tên doanh nghiệp":"CÔNG TY TNHH  MAY MẶC SHOWA - BẾN TRE","Địa chỉ trụ sở chính":"ấp An Bình, Xã Phú Túc","Người đại diện theo pháp luật":"KEISHIRO NISHIZAWA","Chủ sở hữu":null,"layer_id":288,"fid":732,"label":"CÔNG TY TNHH  MAY MẶC SHOWA - BẾN TRE"}},{"type":"Feature","geometry":{"type":"Point","coordinates":[106.2206226,9.901765029]},"properties":{"Mã số doanh nghiệp":"2100540203","Tên doanh nghiệp":"DOANH NGHIỆP TƯ NHÂN ĐẶNG THÀNH ĐƯỢC","Địa chỉ trụ sở chính":"Ấp Kinh Xáng, Xã Tập Ngãi","Người đại diện theo pháp luật":null,"Chủ sở hữu":"ĐẶNG VĂN ĐƯỢC","layer_id":288,"fid":1333,"label":"DOANH NGHIỆP TƯ NHÂN ĐẶNG THÀNH ĐƯỢC"}},{"type":"Feature","geometry":{"type":"Point","coordinates":[106.347857923,10.316851553]},"properties":{"Mã số doanh nghiệp":"1300704827","Tên doanh nghiệp":"CÔNG TY TRÁCH NHIỆM HỮU HẠN MỘT THÀNH VIÊN PHÂN BÓN TUYÊN PHONG","Địa chỉ trụ sở chính":"Quốc lộ 60 (Thửa đất số 32, Tờ bản đồ số 15), Ấp An Mỹ, xã Phú Túc","Người đại diện theo pháp luật":"PHẠM HOÀNG PHONG","Chủ sở hữu":"PHẠM HOÀNG PHONG","layer_id":288,"fid":146,"label":"CÔNG TY TRÁCH NHIỆM HỮU HẠN MỘT THÀNH VIÊN PHÂN BÓN TUYÊN PHONG"}},{"type":"Feature","geometry":{"type":"Point","coordinates":[106.294270994,10.27764685]},"properties":{"Mã số doanh nghiệp":"1300928111","Tên doanh nghiệp":"CÔNG TY TNHH  MAY MẶC SHOWA - BẾN TRE","Địa chỉ trụ sở chính":"ấp An Bình, Xã Phú Túc","Người đại diện theo pháp luật":"KAZUO TSUKANE","Chủ sở hữu":null,"layer_id":288,"fid":733,"label":"CÔNG TY TNHH  MAY MẶC SHOWA - BẾN TRE"}},{"type":"Feature","geometry":{"type":"Point","coordinates":[106.126550508,10.278162823]},"properties":{"Mã số doanh nghiệp":"1300412863","Tên doanh nghiệp":"CÔNG TY TRÁCH NHIỆM HỮU HẠN  ANH EM","Địa chỉ trụ sở chính":"Số 98/75, Ấp Sơn Long, xã Phú Phụng","Người đại diện theo pháp luật":"NGUYỄN VĂN HẬU","Chủ sở hữu":null,"layer_id":288,"fid":147,"label":"CÔNG TY TRÁCH NHIỆM HỮU HẠN  ANH EM"}},{"type":"Feature","geometry":{"type":"Point","coordinates":[106.419996952,10.214988224]},"properties":{"Mã số doanh nghiệp":"1300946431","Tên doanh nghiệp":"CÔNG TY TNHH MỘT THÀNH VIÊN THƯƠNG MẠI - DỊCH VỤ - VẬN TẢI BA HẠT LÚA","Địa chỉ trụ sở chính":"Ấp Nghĩa Huấn (thửa đất số 635, tờ bản đồ số 5), Xã Lương Phú","Người đại diện theo pháp luật":"PHẠM CÔNG DANH","Chủ sở hữu":"NGÔ THỊ KIỀU HẠNH","layer_id":288,"fid":148,"label":"CÔNG TY TNHH MỘT THÀNH VIÊN THƯƠNG MẠI - DỊCH VỤ - VẬN TẢI BA HẠT LÚA"}},{"type":"Feature","geometry":{"type":"Point","coordinates":[106.395159279,10.021011854]},"properties":{"Mã số doanh nghiệp":"0306704571","Tên doanh nghiệp":"CÔNG TY TNHH HOÀNG NGỌC TRÚC","Địa chỉ trụ sở chính":"Số 307, Tổ 13, ấp Thạnh Tây, Xã Hương Mỹ","Người đại diện theo pháp luật":"TRƯƠNG VÂN BỘI TRÂN","Chủ sở hữu":null,"layer_id":288,"fid":734,"label":"CÔNG TY TNHH HOÀNG NGỌC TRÚC"}},{"type":"Feature","geometry":{"type":"Point","coordinates":[105.952276379,9.954709206]},"properties":{"Mã số doanh nghiệp":"1500718993","Tên doanh nghiệp":"CÔNG TY TNHH MTV PHÂN BÓN HỮU NÔNG SÔNG HẬU","Địa chỉ trụ sở chính":"Tổ 8, ấp Mỹ Lợi, Xã Trà Ôn","Người đại diện theo pháp luật":"TRƯƠNG MINH TÂM","Chủ sở hữu":"TRƯƠNG MINH TÂM","layer_id":288,"fid":149,"label":"CÔNG TY TNHH MTV PHÂN BÓN HỮU NÔNG SÔNG HẬU"}},{"type":"Feature","geometry":{"type":"Point","coordinates":[106.450262994,9.785700491]},"properties":{"Mã số doanh nghiệp":"2100533037","Tên doanh nghiệp":"CÔNG TY TNHH MỘT THÀNH VIÊN NGHI TRANG","Địa chỉ trụ sở chính":"Ấp Thủy Hòa, Xã  Cầu Ngang","Người đại diện theo pháp luật":"NGUYỄN THÁI CÔNG","Chủ sở hữu":"NGUYỄN THÁI CÔNG","layer_id":288,"fid":1334,"label":"CÔNG TY TNHH MỘT THÀNH VIÊN NGHI TRANG"}},{"type":"Feature","geometry":{"type":"Point","coordinates":[106.323059949,10.11111145]},"properties":{"Mã số doanh nghiệp":"1301012723","Tên doanh nghiệp":"CÔNG TY TNHH MTV MAY KỲ ANH","Địa chỉ trụ sở chính":"227A khu phố 4, xã Mỏ Cày","Người đại diện theo pháp luật":"DƯƠNG MINH TUẤN","Chủ sở hữu":"DƯƠNG MINH TUẤN","layer_id":288,"fid":735,"label":"CÔNG TY TNHH MTV MAY KỲ ANH"}},{"type":"Feature","geometry":{"type":"Point","coordinates":[106.259905094,9.690137509]},"properties":{"Mã số doanh nghiệp":"2100352785","Tên doanh nghiệp":"CÔNG TY TNHH XÂY DỰNG THƯƠNG MẠI DỊCH VỤ TÂN HIỆP HƯNG","Địa chỉ trụ sở chính":"Khóm 5, xã Trà Cú","Người đại diện theo pháp luật":"VÕ THANH HIỆP","Chủ sở hữu":"VÕ THANH HIỆP","layer_id":288,"fid":1335,"label":"CÔNG TY TNHH XÂY DỰNG THƯƠNG MẠI DỊCH VỤ TÂN HIỆP HƯNG"}},{"type":"Feature","geometry":{"type":"Point","coordinates":[106.344877852,9.939474711]},"properties":{"Mã số doanh nghiệp":"2100494797","Tên doanh nghiệp":"CÔNG TY TNHH MỘT THÀNH VIÊN BIO THAILAND","Địa chỉ trụ sở chính":"Số 68/6, Lý Tự Trọng, Phường Long Đức","Người đại diện theo pháp luật":"TRƯƠNG HÒA PHONG ","Chủ sở hữu":"TRƯƠNG HÒA PHONG ","layer_id":288,"fid":150,"label":"CÔNG TY TNHH MỘT THÀNH VIÊN BIO THAILAND"}},{"type":"Feature","geometry":{"type":"Point","coordinates":[106.323199194,10.207895388]},"properties":{"Mã số doanh nghiệp":"1301054096","Tên doanh nghiệp":"CÔNG TY TNHH THƯƠNG MẠI VIỆT VƯƠNG 3","Địa chỉ trụ sở chính":"Ấp Tân Long II, CCN Tân Thành Bình, Xã Tân Thành Bình","Người đại diện theo pháp luật":"TRẦN VIỆT HÙNG","Chủ sở hữu":null,"layer_id":288,"fid":736,"label":"CÔNG TY TNHH THƯƠNG MẠI VIỆT VƯƠNG 3"}},{"type":"Feature","geometry":{"type":"Point","coordinates":[106.344289036,9.968702528]},"properties":{"Mã số doanh nghiệp":"2100383053","Tên doanh nghiệp":"CÔNG TY CỔ PHẦN  MYLAN QUANG ĐIỆN TỬ","Địa chỉ trụ sở chính":"ô A, Khu công nghiệp Long Đức, Ấp Vĩnh Yên, Phường Long Đức","Người đại diện theo pháp luật":"BÙI THỊ NHÀN","Chủ sở hữu":null,"layer_id":288,"fid":151,"label":"CÔNG TY CỔ PHẦN  MYLAN QUANG ĐIỆN TỬ"}},{"type":"Feature","geometry":{"type":"Point","coordinates":[106.340785123,9.930563061]},"properties":{"Mã số doanh nghiệp":"2100294685","Tên doanh nghiệp":"CÔNG TY TNHH HAI YẾN","Địa chỉ trụ sở chính":"Số 67D Điện Biên Phủ, Khóm 10, Phường Trà Vinh","Người đại diện theo pháp luật":"ÔNG TUẤN PHONG","Chủ sở hữu":null,"layer_id":288,"fid":1336,"label":"CÔNG TY TNHH HAI YẾN"}},{"type":"Feature","geometry":{"type":"Point","coordinates":[105.978117194,10.251890898]},"properties":{"Mã số doanh nghiệp":"1500498508","Tên doanh nghiệp":"CÔNG TY TNHH MỘT THÀNH VIÊN SX TM THANH TRÂM","Địa chỉ trụ sở chính":"ố 47/9B đường Trần Phú, Phường Phước Hậu","Người đại diện theo pháp luật":"NGUYỄN THỊ HUYỀN TRÂM","Chủ sở hữu":"NGUYỄN THỊ HUYỀN TRÂM","layer_id":288,"fid":152,"label":"CÔNG TY TNHH MỘT THÀNH VIÊN SX TM THANH TRÂM"}},{"type":"Feature","geometry":{"type":"Point","coordinates":[106.322499767,10.217481451]},"properties":{"Mã số doanh nghiệp":"1301055572","Tên doanh nghiệp":"CÔNG TY TNHH SẢN XUẤT THƯƠNG MẠI XUẤT NHẬP KHẨU MING XING","Địa chỉ trụ sở chính":"ấp Tân Long 2, Xã Tân Thành Bình","Người đại diện theo pháp luật":"NGUYỄN THỊ BÍCH PHƯỢNG","Chủ sở hữu":"NGUYỄN THỊ BÍCH PHƯỢNG","layer_id":288,"fid":737,"label":"CÔNG TY TNHH SẢN XUẤT THƯƠNG MẠI XUẤT NHẬP KHẨU MING XING"}},{"type":"Feature","geometry":{"type":"Point","coordinates":[106.515993836,10.146197516]},"properties":{"Mã số doanh nghiệp":"1300671339","Tên doanh nghiệp":"CÔNG TY TNHH MỘT THÀNH VIÊN LIỄU NGUYÊN","Địa chỉ trụ sở chính":"Số 828, ấp Bình An, Xã Giồng Trôm","Người đại diện theo pháp luật":"ĐỖ KIM LIỄU ","Chủ sở hữu":"ĐỖ KIM LIỄU ","layer_id":288,"fid":738,"label":"CÔNG TY TNHH MỘT THÀNH VIÊN LIỄU NGUYÊN"}},{"type":"Feature","geometry":{"type":"Point","coordinates":[105.945201608,10.259341193]},"properties":{"Mã số doanh nghiệp":"1500988661","Tên doanh nghiệp":"DOANH NGHIỆP TƯ NHÂN THANH TÂM VĨNH LONG","Địa chỉ trụ sở chính":"Số 26B đường Phạm Hùng, phường Long Châu","Người đại diện theo pháp luật":null,"Chủ sở hữu":"HUỲNH CÔNG HUỲNH","layer_id":288,"fid":250,"label":"DOANH NGHIỆP TƯ NHÂN THANH TÂM VĨNH LONG"}},{"type":"Feature","geometry":{"type":"Point","coordinates":[105.943209675,10.202391033]},"properties":{"Mã số doanh nghiệp":"1500749857","Tên doanh nghiệp":"CÔNG TY TNHH MỘT THÀNH VIÊN TM DV XD ĐẠI PHÚ LỘC","Địa chỉ trụ sở chính":"Số 57/4 đường Đinh Tiên Hoàng, Tổ 3, Khóm 2, Phường Tân Hạnh","Người đại diện theo pháp luật":"TÔ MINH ĐẠO","Chủ sở hữu":"TÔ MINH ĐẠO","layer_id":288,"fid":1337,"label":"CÔNG TY TNHH MỘT THÀNH VIÊN TM DV XD ĐẠI PHÚ LỘC"}},{"type":"Feature","geometry":{"type":"Point","coordinates":[105.974018309,10.253191213]},"properties":{"Mã số doanh nghiệp":"1500781709","Tên doanh nghiệp":"CÔNG TY TNHH MTV MỸ PHẨM DÁNG VIỆT","Địa chỉ trụ sở chính":"Số 50 đường Hưng Đạo Vương, Phường Long Châu ","Người đại diện theo pháp luật":"TRƯƠNG THỊ DIỄM TRINH","Chủ sở hữu":"TRƯƠNG THỊ DIỄM TRINH","layer_id":288,"fid":153,"label":"CÔNG TY TNHH MTV MỸ PHẨM DÁNG VIỆT"}},{"type":"Feature","geometry":{"type":"Point","coordinates":[106.432590736,10.213030502]},"properties":{"Mã số doanh nghiệp":"1300917776","Tên doanh nghiệp":"CÔNG TY TNHH MỘT THÀNH  VIÊN HÓA MỸ PHẨM NGỌC HIỆP","Địa chỉ trụ sở chính":"Số 307, ấp 5, Tổ NDTQ số 7, Xã Lương Phú,","Người đại diện theo pháp luật":"NGUYỄN THỊ NGỌC HIỆP","Chủ sở hữu":"NGUYỄN THỊ NGỌC HIỆP","layer_id":288,"fid":154,"label":"CÔNG TY TNHH MỘT THÀNH  VIÊN HÓA MỸ PHẨM NGỌC HIỆP"}},{"type":"Feature","geometry":{"type":"Point","coordinates":[106.505337079,10.240422296]},"properties":{"Mã số doanh nghiệp":"1301051232","Tên doanh nghiệp":"CÔNG TY TNHH ĐẦU TƯ - SẢN XUẤT - DỊCH VỤ PHÚ THUẬN","Địa chỉ trụ sở chính":"ấp Hưng Thạnh, Xã Châu Hưng","Người đại diện theo pháp luật":"NGUYỄN THỊ THANH HƯƠNG","Chủ sở hữu":null,"layer_id":288,"fid":739,"label":"CÔNG TY TNHH ĐẦU TƯ - SẢN XUẤT - DỊCH VỤ PHÚ THUẬN"}},{"type":"Feature","geometry":{"type":"Point","coordinates":[105.974009279,10.252912055]},"properties":{"Mã số doanh nghiệp":"1500754328","Tên doanh nghiệp":"CÔNG TY TNHH MTV HÓA MỸ PHẨM HỒNG HUỆ","Địa chỉ trụ sở chính":"Số 50 đường Hưng Đạo Vương, Phường Long Châu","Người đại diện theo pháp luật":"TRẦN KIM HOA","Chủ sở hữu":"TRẦN KIM HOA","layer_id":288,"fid":155,"label":"CÔNG TY TNHH MTV HÓA MỸ PHẨM HỒNG HUỆ"}},{"type":"Feature","geometry":{"type":"Point","coordinates":[106.432797102,10.01784821]},"properties":{"Mã số doanh nghiệp":"1300922310","Tên doanh nghiệp":"CÔNG TY TNHH MỘT THÀNH VIÊN SẢN XUẤT VÀ THƯƠNG MẠI GỖ HAI THU","Địa chỉ trụ sở chính":"Số 147/6, ấp Thạnh Hòa A, Xã Thạnh Phú","Người đại diện theo pháp luật":"HỒ ĐĂNG KHOA","Chủ sở hữu":"HỒ ĐĂNG KHOA","layer_id":288,"fid":1338,"label":"CÔNG TY TNHH MỘT THÀNH VIÊN SẢN XUẤT VÀ THƯƠNG MẠI GỖ HAI THU"}},{"type":"Feature","geometry":{"type":"Point","coordinates":[106.395424335,10.253239136]},"properties":{"Mã số doanh nghiệp":"1300972865","Tên doanh nghiệp":"CÔNG TY TNHH CHẾ BIẾN SẢN PHẨM DỪA CỬU LONG","Địa chỉ trụ sở chính":"Số 15B, đường Nguyễn Đình Chiểu, Phường Phú Khương","Người đại diện theo pháp luật":"TRƯƠNG THỊ CẨM HỒNG","Chủ sở hữu":null,"layer_id":288,"fid":156,"label":"CÔNG TY TNHH CHẾ BIẾN SẢN PHẨM DỪA CỬU LONG"}},{"type":"Feature","geometry":{"type":"Point","coordinates":[106.655695635,10.073507213]},"properties":{"Mã số doanh nghiệp":"1300622250","Tên doanh nghiệp":"CÔNG TY TNHH MAY MẶC THÀNH KIỀU","Địa chỉ trụ sở chính":"ấp Thạnh Nghĩa, Xã Bảo Thạnh","Người đại diện theo pháp luật":"NGUYỄN ĐĂNG DUY","Chủ sở hữu":"NGUYỄN ĐĂNG DUY","layer_id":288,"fid":740,"label":"CÔNG TY TNHH MAY MẶC THÀNH KIỀU"}},{"type":"Feature","geometry":{"type":"Point","coordinates":[106.291788327,9.717701926]},"properties":{"Mã số doanh nghiệp":"2100606422","Tên doanh nghiệp":"DOANH NGHIỆP TN XUÂN NGHIỆP","Địa chỉ trụ sở chính":"Số nhà 17 Ấp Cà Săng, Xã Hàm Giang","Người đại diện theo pháp luật":null,"Chủ sở hữu":"NGUYỄN THỊ THANH XUÂN","layer_id":288,"fid":1339,"label":"DOANH NGHIỆP TN XUÂN NGHIỆP"}},{"type":"Feature","geometry":{"type":"Point","coordinates":[106.347246294,9.969693727]},"properties":{"Mã số doanh nghiệp":"2100494606","Tên doanh nghiệp":"CÔNG TY TNHH  MAY MẶC LEIOULA VIỆT NAM","Địa chỉ trụ sở chính":"Lô A, Đường số 2, KCN Long Đức,phường Long Đức","Người đại diện theo pháp luật":"LIN, SHENG-YU","Chủ sở hữu":null,"layer_id":288,"fid":741,"label":"CÔNG TY TNHH  MAY MẶC LEIOULA VIỆT NAM"}},{"type":"Feature","geometry":{"type":"Point","coordinates":[106.399624123,10.303608962]},"properties":{"Mã số doanh nghiệp":"1301014512","Tên doanh nghiệp":"CÔNG TY CỔ PHẦN PHÁT TRIỂN THỰC MỸ PHẨM VFARM","Địa chỉ trụ sở chính":"Số 4-5, lô 7, Chung cư Giao Long, ấp Quới Thạnh Đông, Xã Giao Long","Người đại diện theo pháp luật":"ĐINH THỊ HẠNH TÂM","Chủ sở hữu":null,"layer_id":288,"fid":157,"label":"CÔNG TY CỔ PHẦN PHÁT TRIỂN THỰC MỸ PHẨM VFARM"}},{"type":"Feature","geometry":{"type":"Point","coordinates":[106.120571198,10.262029074]},"properties":{"Mã số doanh nghiệp":"1300262872","Tên doanh nghiệp":"DOANH NGHIỆP TƯ NHÂN THẾ TÔN","Địa chỉ trụ sở chính":"Số 369/18B, ấp 2, Xã Chợ Lách","Người đại diện theo pháp luật":null,"Chủ sở hữu":"NGUYỄN THẾ TÔN","layer_id":288,"fid":1340,"label":"DOANH NGHIỆP TƯ NHÂN THẾ TÔN"}},{"type":"Feature","geometry":{"type":"Point","coordinates":[106.48487535,10.185971445]},"properties":{"Mã số doanh nghiệp":"1301036428","Tên doanh nghiệp":"CÔNG TY TRÁCH NHIỆM HỮU HẠN MỸ PHẨM AN NAM","Địa chỉ trụ sở chính":"Ấp 4 (thửa đất số 03, tờ bản đồ số 13), Xã Giồng Trôm","Người đại diện theo pháp luật":"TRẦN MINH HOÀNG","Chủ sở hữu":null,"layer_id":288,"fid":158,"label":"CÔNG TY TRÁCH NHIỆM HỮU HẠN MỸ PHẨM AN NAM"}},{"type":"Feature","geometry":{"type":"Point","coordinates":[106.347246294,9.96968316]},"properties":{"Mã số doanh nghiệp":"2100494606","Tên doanh nghiệp":"CÔNG TY TNHH  MAY MẶC LEIOULA VIỆT NAM","Địa chỉ trụ sở chính":"Lô A, Đường số 2, KCN Long Đức, phường Long Đức","Người đại diện theo pháp luật":"LIN, YEN-SHENG","Chủ sở hữu":null,"layer_id":288,"fid":742,"label":"CÔNG TY TNHH  MAY MẶC LEIOULA VIỆT NAM"}},{"type":"Feature","geometry":{"type":"Point","coordinates":[106.342537223,9.92389642]},"properties":{"Mã số doanh nghiệp":"2100475071","Tên doanh nghiệp":"CÔNG TY TNHH MỘT THÀNH VIÊN TM-SX PHÚ QUỚI","Địa chỉ trụ sở chính":"Số 37 Phan Đình Phùng, Khóm 2, Phường Nguyệt Hóa","Người đại diện theo pháp luật":"TÔ PHÚ QUỚI","Chủ sở hữu":"TÔ PHÚ QUỚI","layer_id":288,"fid":159,"label":"CÔNG TY TNHH MỘT THÀNH VIÊN TM-SX PHÚ QUỚI"}},{"type":"Feature","geometry":{"type":"Point","coordinates":[106.347214108,9.96971486]},"properties":{"Mã số doanh nghiệp":"2100494606","Tên doanh nghiệp":"CÔNG TY TNHH  MAY MẶC LEIOULA VIỆT NAM","Địa chỉ trụ sở chính":"Lô A, Đường số 2, KCN Long Đức, phường Long Đức","Người đại diện theo pháp luật":"CHAO, LING-HSUN","Chủ sở hữu":null,"layer_id":288,"fid":743,"label":"CÔNG TY TNHH  MAY MẶC LEIOULA VIỆT NAM"}},{"type":"Feature","geometry":{"type":"Point","coordinates":[106.382746694,10.258349509]},"properties":{"Mã số doanh nghiệp":"1300128436","Tên doanh nghiệp":"CÔNG TY TNHH MỘT THÀNH VIÊN LONG HUÊ","Địa chỉ trụ sở chính":"đường Nguyễn Thị Định , Phường Phú Khương","Người đại diện theo pháp luật":"ĐẶNG VĂN SANH","Chủ sở hữu":"ĐẶNG VĂN SANH","layer_id":288,"fid":1341,"label":"CÔNG TY TNHH MỘT THÀNH VIÊN LONG HUÊ"}},{"type":"Feature","geometry":{"type":"Point","coordinates":[106.372904164,10.088088319]},"properties":{"Mã số doanh nghiệp":"1300947058","Tên doanh nghiệp":"DOANH NGHIỆP TƯ NHÂN LÊ VĂN NGHỆ","Địa chỉ trụ sở chính":"Quốc lộ 57, khu phố 3 (thửa đất số 02, tờ bản đồ số 55) xã Mỏ Cày","Người đại diện theo pháp luật":null,"Chủ sở hữu":"PHAN VĂN TÌM","layer_id":288,"fid":160,"label":"DOANH NGHIỆP TƯ NHÂN LÊ VĂN NGHỆ"}},{"type":"Feature","geometry":{"type":"Point","coordinates":[106.302976294,10.005885234]},"properties":{"Mã số doanh nghiệp":"2100613130","Tên doanh nghiệp":"CÔNG TY TNHH MAY MẶC ĐÔNG THÁI","Địa chỉ trụ sở chính":"Số 225, Ấp Trại Luận, Xã Nhị Long","Người đại diện theo pháp luật":"NGUYỄN THỊ THU HÀ","Chủ sở hữu":"NGUYỄN THỊ THU HÀ","layer_id":288,"fid":744,"label":"CÔNG TY TNHH MAY MẶC ĐÔNG THÁI"}},{"type":"Feature","geometry":{"type":"Point","coordinates":[106.346799936,9.946545342]},"properties":{"Mã số doanh nghiệp":"2100549492","Tên doanh nghiệp":"CÔNG TY CỔ PHẦN PHÂN BÓN NHẤT NÔNG","Địa chỉ trụ sở chính":"Số 14A, Ấp Long Bình, Phường Long Đức","Người đại diện theo pháp luật":"TRƯƠNG THỊ HỒNG GIANG","Chủ sở hữu":null,"layer_id":288,"fid":161,"label":"CÔNG TY CỔ PHẦN PHÂN BÓN NHẤT NÔNG"}},{"type":"Feature","geometry":{"type":"Point","coordinates":[106.415704193,10.234296389]},"properties":{"Mã số doanh nghiệp":"1300279266","Tên doanh nghiệp":"CÔNG TY TRÁCH NHIỆM HỮU HẠN THƯƠNG MẠI XÂY DỰNG HIỆP HÒA PHÁT","Địa chỉ trụ sở chính":" ấp Phú Hào, Phường Phú Khương","Người đại diện theo pháp luật":"NGUYỄN THỊ HUỲNH","Chủ sở hữu":"NGUYỄN THỊ HUỲNH","layer_id":288,"fid":1342,"label":"CÔNG TY TRÁCH NHIỆM HỮU HẠN THƯƠNG MẠI XÂY DỰNG HIỆP HÒA PHÁT"}},{"type":"Feature","geometry":{"type":"Point","coordinates":[106.361904913,10.087437285]},"properties":{"Mã số doanh nghiệp":"1300372219","Tên doanh nghiệp":"CÔNG TY TNHH MỘT THÀNH VIÊN XUẤT NHẬP KHẨU DỪA HƯNG LONG","Địa chỉ trụ sở chính":"Số 2B, khu phố 7, xã Mỏ Cày","Người đại diện theo pháp luật":"MAI ĐÌNH MỸ KHÊ","Chủ sở hữu":"MAI ĐÌNH MỸ KHÊ","layer_id":288,"fid":162,"label":"CÔNG TY TNHH MỘT THÀNH VIÊN XUẤT NHẬP KHẨU DỪA HƯNG LONG"}},{"type":"Feature","geometry":{"type":"Point","coordinates":[106.349009408,9.854649583]},"properties":{"Mã số doanh nghiệp":"2100625866","Tên doanh nghiệp":"CÔNG TY TNHH NEW MINGDA VIÊT NAM","Địa chỉ trụ sở chính":"ấp Thanh Nguyên A , Xã Châu Thành","Người đại diện theo pháp luật":"QIU MIAOFA","Chủ sở hữu":null,"layer_id":288,"fid":745,"label":"CÔNG TY TNHH NEW MINGDA VIÊT NAM"}},{"type":"Feature","geometry":{"type":"Point","coordinates":[106.340799569,9.928655015]},"properties":{"Mã số doanh nghiệp":"2100401993","Tên doanh nghiệp":"CÔNG TY CỔ PHẦN LỘC PHÁT","Địa chỉ trụ sở chính":"Số 105, Điện Biên Phủ","Người đại diện theo pháp luật":"HUỲNH VĂN THANH","Chủ sở hữu":null,"layer_id":288,"fid":163,"label":"CÔNG TY CỔ PHẦN LỘC PHÁT"}},{"type":"Feature","geometry":{"type":"Point","coordinates":[106.342513581,9.889369426]},"properties":{"Mã số doanh nghiệp":"2100533446","Tên doanh nghiệp":"CÔNG TY TRÁCH NHIỆM HỮU HẠN DARLING TRÀ VINH","Địa chỉ trụ sở chính":"khóm 4 xã Châu Thành","Người đại diện theo pháp luật":"VŨ ĐỨC THÀNH ","Chủ sở hữu":null,"layer_id":288,"fid":746,"label":"CÔNG TY TRÁCH NHIỆM HỮU HẠN DARLING TRÀ VINH"}},{"type":"Feature","geometry":{"type":"Point","coordinates":[106.3305695,10.010658768]},"properties":{"Mã số doanh nghiệp":"2100455981","Tên doanh nghiệp":"CÔNG TY TNHH MỘT THÀNH VIÊN VẬT LIỆU XÂY DỰNG NGUYỄN CƯỜNG","Địa chỉ trụ sở chính":"Ấp Long Đại, Phường Long Đức","Người đại diện theo pháp luật":"NGUYỄN PHÚC NHỰT CƯỜNG","Chủ sở hữu":"NGUYỄN PHÚC NHỰT CƯỜNG","layer_id":288,"fid":1343,"label":"CÔNG TY TNHH MỘT THÀNH VIÊN VẬT LIỆU XÂY DỰNG NGUYỄN CƯỜNG"}},{"type":"Feature","geometry":{"type":"Point","coordinates":[106.375382427,10.240472137]},"properties":{"Mã số doanh nghiệp":null,"Tên doanh nghiệp":"DOANH NGHIỆP TƯ NHÂN DŨNG - ĐÀO","Địa chỉ trụ sở chính":"37 đường 30/4","Người đại diện theo pháp luật":null,"Chủ sở hữu":"NGUYỄN THÀNH DŨNG","layer_id":288,"fid":164,"label":"DOANH NGHIỆP TƯ NHÂN DŨNG - ĐÀO"}},{"type":"Feature","geometry":{"type":"Point","coordinates":[106.446813836,9.852646143]},"properties":{"Mã số doanh nghiệp":"2100617311","Tên doanh nghiệp":"CÔNG TY TNHH WOO SUNG GLOBAL VINA","Địa chỉ trụ sở chính":"Ấp Chà Và, Xã Vinh Kim","Người đại diện theo pháp luật":"LEE HYUN SOO","Chủ sở hữu":null,"layer_id":288,"fid":747,"label":"CÔNG TY TNHH WOO SUNG GLOBAL VINA"}},{"type":"Feature","geometry":{"type":"Point","coordinates":[106.377281339,10.236118203]},"properties":{"Mã số doanh nghiệp":"1300399362","Tên doanh nghiệp":"DOANH NGHIỆP TƯ NHÂN THẢO NGÂN","Địa chỉ trụ sở chính":"Số 52, Nguyễn Trãi","Người đại diện theo pháp luật":null,"Chủ sở hữu":"LẠC THỊ CẨM HƯỜNG","layer_id":288,"fid":165,"label":"DOANH NGHIỆP TƯ NHÂN THẢO NGÂN"}},{"type":"Feature","geometry":{"type":"Point","coordinates":[106.374204023,10.25552376]},"properties":{"Mã số doanh nghiệp":"1300142085","Tên doanh nghiệp":"DOANH NGHIỆP TƯ NHÂN ANH HUY","Địa chỉ trụ sở chính":"502D Nguyễn Thị Định, ấp Phú Chiến","Người đại diện theo pháp luật":null,"Chủ sở hữu":"TRẦN VĂN LỢI","layer_id":288,"fid":166,"label":"DOANH NGHIỆP TƯ NHÂN ANH HUY"}},{"type":"Feature","geometry":{"type":"Point","coordinates":[105.805146663,10.080216698]},"properties":{"Mã số doanh nghiệp":"1500411722","Tên doanh nghiệp":"CÔNG TY TNHH MỘT THÀNH VIÊN KHANG THỊNH","Địa chỉ trụ sở chính":"Số 625 đường Phan Văn Năm, tổ 17, khóm 4, Phường Cái Vồn","Người đại diện theo pháp luật":"LÊ THANH TÙNG","Chủ sở hữu":null,"layer_id":288,"fid":748,"label":"CÔNG TY TNHH MỘT THÀNH VIÊN KHANG THỊNH"}},{"type":"Feature","geometry":{"type":"Point","coordinates":[106.377664004,10.256667942]},"properties":{"Mã số doanh nghiệp":null,"Tên doanh nghiệp":"DOANH NGHIỆP TƯ NHÂN DỊCH VỤ THƯƠNG MẠI TỔNG HỢP Á ĐÔNG","Địa chỉ trụ sở chính":"234B1, ấp 1","Người đại diện theo pháp luật":null,"Chủ sở hữu":"NGUYỄN VĂN GIÀU","layer_id":288,"fid":167,"label":"DOANH NGHIỆP TƯ NHÂN DỊCH VỤ THƯƠNG MẠI TỔNG HỢP Á ĐÔNG"}},{"type":"Feature","geometry":{"type":"Point","coordinates":[106.377123392,10.258702673]},"properties":{"Mã số doanh nghiệp":"1300421850","Tên doanh nghiệp":"DOANH NGHIỆP TƯ NHÂN THƯƠNG MẠI TRƯỜNG SƠN","Địa chỉ trụ sở chính":"250 E, đường Nguyễn Thị Định, ấp Phú Thành","Người đại diện theo pháp luật":null,"Chủ sở hữu":"NGUYỄN THỊ HỒNG ĐIỆP","layer_id":288,"fid":168,"label":"DOANH NGHIỆP TƯ NHÂN THƯƠNG MẠI TRƯỜNG SƠN"}},{"type":"Feature","geometry":{"type":"Point","coordinates":[105.973550136,10.254406712]},"properties":{"Mã số doanh nghiệp":"1500476705","Tên doanh nghiệp":"CÔNG TY CỔ PHẦN MAY VĨNH TIẾN","Địa chỉ trụ sở chính":"Số 01A đường Hưng Đạo Vương, Phường Long Châu","Người đại diện theo pháp luật":"NGUYỄN HỮU PHƯỚC","Chủ sở hữu":null,"layer_id":288,"fid":749,"label":"CÔNG TY CỔ PHẦN MAY VĨNH TIẾN"}},{"type":"Feature","geometry":{"type":"Point","coordinates":[106.07073668,10.220614024]},"properties":{"Mã số doanh nghiệp":"1300964529","Tên doanh nghiệp":"DOANH NGHIỆP TƯ NHÂN THƯƠNG MẠI DỊCH VỤ BA MAI","Địa chỉ trụ sở chính":"Số 852/1, ấp Chợ, Xã Phú Phụng","Người đại diện theo pháp luật":null,"Chủ sở hữu":"NGUYỄN THỊ MỸ TIÊN ","layer_id":288,"fid":1344,"label":"DOANH NGHIỆP TƯ NHÂN THƯƠNG MẠI DỊCH VỤ BA MAI"}},{"type":"Feature","geometry":{"type":"Point","coordinates":[106.490933108,9.622386104]},"properties":{"Mã số doanh nghiệp":"2100603453","Tên doanh nghiệp":"CÔNG TY TNHH MỘT THÀNH VIÊN ÚT TÂM","Địa chỉ trụ sở chính":"Ấp Thống Nhất, Phường Duyên Hải","Người đại diện theo pháp luật":"LÊ HOÀNG PHƯỚC","Chủ sở hữu":"LÊ HOÀNG PHƯỚC","layer_id":288,"fid":1345,"label":"CÔNG TY TNHH MỘT THÀNH VIÊN ÚT TÂM"}},{"type":"Feature","geometry":{"type":"Point","coordinates":[106.274542052,10.200999256]},"properties":{"Mã số doanh nghiệp":"1301027504","Tên doanh nghiệp":"CÔNG TY TNHH GREAT EVERGREEN APPAREL VIỆT NAM","Địa chỉ trụ sở chính":"Số 679/1, Khu phố Phước Trung, Xã Phước Mỹ Trung","Người đại diện theo pháp luật":"CHEN, WEIDONG","Chủ sở hữu":null,"layer_id":288,"fid":750,"label":"CÔNG TY TNHH GREAT EVERGREEN APPAREL VIỆT NAM"}},{"type":"Feature","geometry":{"type":"Point","coordinates":[106.350208317,10.24395094]},"properties":{"Mã số doanh nghiệp":null,"Tên doanh nghiệp":"CÔNG TY TNHH MỘT THÀNH VIÊN VẬN TẢI - DU LỊCH THUẬN HƯNG","Địa chỉ trụ sở chính":"Số 117C, ấp Bình Thạnh","Người đại diện theo pháp luật":"DIỆP HƯNG THUẬN","Chủ sở hữu":"DIỆP HƯNG THUẬN","layer_id":288,"fid":169,"label":"CÔNG TY TNHH MỘT THÀNH VIÊN VẬN TẢI - DU LỊCH THUẬN HƯNG"}},{"type":"Feature","geometry":{"type":"Point","coordinates":[106.358361071,10.229955642]},"properties":{"Mã số doanh nghiệp":"1300391733","Tên doanh nghiệp":"DOANH NGHIỆP TƯ NHÂN XÂY DỰNG & VẬT TƯ QUỐC DŨNG","Địa chỉ trụ sở chính":"225C1 Khu phố 3, Nguyễn Văn Tư","Người đại diện theo pháp luật":null,"Chủ sở hữu":"NGUYỄN THỊ NGỌC CHÂU","layer_id":288,"fid":170,"label":"DOANH NGHIỆP TƯ NHÂN XÂY DỰNG & VẬT TƯ QUỐC DŨNG"}},{"type":"Feature","geometry":{"type":"Point","coordinates":[106.289178694,9.664375045]},"properties":{"Mã số doanh nghiệp":"2100602555","Tên doanh nghiệp":"CÔNG TY TNHH MTV XÂY DỰNG THƯƠNG MẠI AN AN PHÁT","Địa chỉ trụ sở chính":"Ấp Cà Săng, Xã Hàm Giang","Người đại diện theo pháp luật":"VÕ THANH HẢI","Chủ sở hữu":"VÕ THANH HẢI ","layer_id":288,"fid":1346,"label":"CÔNG TY TNHH MTV XÂY DỰNG THƯƠNG MẠI AN AN PHÁT"}},{"type":"Feature","geometry":{"type":"Point","coordinates":[106.503885699,10.134763739]},"properties":{"Mã số doanh nghiệp":"1300937490","Tên doanh nghiệp":"CÔNG TY TNHH MỘT THÀNH VIÊN MAY THỜI TRANG SAO MAI","Địa chỉ trụ sở chính":"Ấp Bình Thuận, Xã Hưng Nhượng","Người đại diện theo pháp luật":"NGÔ CÔNG SỸ","Chủ sở hữu":"NGÔ CÔNG SỸ","layer_id":288,"fid":751,"label":"CÔNG TY TNHH MỘT THÀNH VIÊN MAY THỜI TRANG SAO MAI"}},{"type":"Feature","geometry":{"type":"Point","coordinates":[106.35978113,10.219026021]},"properties":{"Mã số doanh nghiệp":null,"Tên doanh nghiệp":"DOANH NGHIỆP TƯ NHÂN TRUNG NHÂN","Địa chỉ trụ sở chính":"Ngã ba Hàm Luông ( về phía hạ lưu sông Bến Tre 300m phía bờ Mỹ Thạnh An)","Người đại diện theo pháp luật":null,"Chủ sở hữu":"NGUYỄN THỊ THÚY HẰNG","layer_id":288,"fid":171,"label":"DOANH NGHIỆP TƯ NHÂN TRUNG NHÂN"}},{"type":"Feature","geometry":{"type":"Point","coordinates":[106.35575764,10.231033576]},"properties":{"Mã số doanh nghiệp":"1300396185","Tên doanh nghiệp":"DOANH NGHIỆP TƯ NHÂN HÙNG","Địa chỉ trụ sở chính":"Số 144C4, Nguyễn Văn Tư, Khu phố 3","Người đại diện theo pháp luật":null,"Chủ sở hữu":"LÊ MINH QUÂN","layer_id":288,"fid":172,"label":"DOANH NGHIỆP TƯ NHÂN HÙNG"}},{"type":"Feature","geometry":{"type":"Point","coordinates":[106.394421399,10.299394358]},"properties":{"Mã số doanh nghiệp":"1300929563","Tên doanh nghiệp":"CÔNG TY TNHH  UNISOLL VINA","Địa chỉ trụ sở chính":"Khu BI, BII, BIII, BIV - Khu công nghiệp Giao Long giai đoạn II, Xã Giao Long","Người đại diện theo pháp luật":"SHUR JUNG BUM","Chủ sở hữu":null,"layer_id":288,"fid":752,"label":"CÔNG TY TNHH  UNISOLL VINA"}},{"type":"Feature","geometry":{"type":"Point","coordinates":[106.327034694,9.909321303]},"properties":{"Mã số doanh nghiệp":"2100604312","Tên doanh nghiệp":"CÔNG TY TNHH VLXD TRƯỜNG PHÁT TRÀ VINH","Địa chỉ trụ sở chính":"Số 151, Khóm 9, Phường Trà Vinh","Người đại diện theo pháp luật":"TRẦN THỊ THU HÀ","Chủ sở hữu":"TRẦN THỊ THU HÀ","layer_id":288,"fid":1347,"label":"CÔNG TY TNHH VLXD TRƯỜNG PHÁT TRÀ VINH"}},{"type":"Feature","geometry":{"type":"Point","coordinates":[105.959257411,10.246306771]},"properties":{"Mã số doanh nghiệp":"1500499540","Tên doanh nghiệp":"CÔNG TY TNHH MỘT THÀNH VIÊN ÂN NGHĨA THÀNH","Địa chỉ trụ sở chính":"Số 259/6/3, khóm 4","Người đại diện theo pháp luật":"ĐOÀN HỮU TÂM","Chủ sở hữu":"ĐOÀN HỮU TÂM","layer_id":288,"fid":173,"label":"CÔNG TY TNHH MỘT THÀNH VIÊN ÂN NGHĨA THÀNH"}},{"type":"Feature","geometry":{"type":"Point","coordinates":[106.406955852,10.295577092]},"properties":{"Mã số doanh nghiệp":"1300970547","Tên doanh nghiệp":"CÔNG TY TRÁCH NHIỆM HỮU HẠN  CÔNG NGHIỆP SIGMA VIỆT NAM","Địa chỉ trụ sở chính":"Khu AV, Khu AVI- Khu công nghiệp Giao long giai đoạn II, Xã Giao Long","Người đại diện theo pháp luật":"AIBA MIKI","Chủ sở hữu":null,"layer_id":288,"fid":753,"label":"CÔNG TY TRÁCH NHIỆM HỮU HẠN  CÔNG NGHIỆP SIGMA VIỆT NAM"}},{"type":"Feature","geometry":{"type":"Point","coordinates":[106.359191865,10.302591219]},"properties":{"Mã số doanh nghiệp":"1301025867","Tên doanh nghiệp":"CÔNG TY TNHH MỘT THÀNH VIÊN THƯƠNG MẠI DỊCH VỤ XÂY DỰNG KHANG MINH T & T","Địa chỉ trụ sở chính":"119A13, khu phố 2, Phường Phú Tân","Người đại diện theo pháp luật":"HUỲNH VĂN TRÍ ","Chủ sở hữu":"HUỲNH VĂN TRÍ ","layer_id":288,"fid":1348,"label":"CÔNG TY TNHH MỘT THÀNH VIÊN THƯƠNG MẠI DỊCH VỤ XÂY DỰNG KHANG MINH T & T"}},{"type":"Feature","geometry":{"type":"Point","coordinates":[105.986109138,10.25875907]},"properties":{"Mã số doanh nghiệp":"1500165971","Tên doanh nghiệp":"DOANH NGHIỆP TƯ NHÂN CHẾ BIẾN LƯƠNG THỰC, THỰC PHẨM VÀ THƯƠNG MẠI THUẬN PHÁT","Địa chỉ trụ sở chính":"Số 209, đường 14 tháng 9","Người đại diện theo pháp luật":null,"Chủ sở hữu":"NGUYỄN ANH TUẤN","layer_id":288,"fid":174,"label":"DOANH NGHIỆP TƯ NHÂN CHẾ BIẾN LƯƠNG THỰC, THỰC PHẨM VÀ THƯƠNG MẠI THUẬN PHÁT"}},{"type":"Feature","geometry":{"type":"Point","coordinates":[105.984347025,10.247234327]},"properties":{"Mã số doanh nghiệp":"1500343889","Tên doanh nghiệp":"DOANH NGHIỆP TƯ NHÂN TRUNG CHÁNH TOÀN","Địa chỉ trụ sở chính":"Số 194/2 Tổ 3 đường 8/3","Người đại diện theo pháp luật":null,"Chủ sở hữu":"NGUYỄN PHÚC TRUNG","layer_id":288,"fid":175,"label":"DOANH NGHIỆP TƯ NHÂN TRUNG CHÁNH TOÀN"}},{"type":"Feature","geometry":{"type":"Point","coordinates":[106.393914297,10.301578245]},"properties":{"Mã số doanh nghiệp":"1300415046","Tên doanh nghiệp":"CÔNG TY TRÁCH NHIỆM HỮU HẠN  MAY MẶC ALLIANCE ONE","Địa chỉ trụ sở chính":"Khu B (Lô B1, B2, B5, B6, B7, B8, B9, B10, B11, B12), Khu công nghiệp Giao Long, Xã Giao Long","Người đại diện theo pháp luật":"NATHWADEE WIRATPHONG","Chủ sở hữu":null,"layer_id":288,"fid":754,"label":"CÔNG TY TRÁCH NHIỆM HỮU HẠN  MAY MẶC ALLIANCE ONE"}},{"type":"Feature","geometry":{"type":"Point","coordinates":[105.952485519,10.230045624]},"properties":{"Mã số doanh nghiệp":"1500446316","Tên doanh nghiệp":"CÔNG TY TNHH GIA VŨ","Địa chỉ trụ sở chính":"Số 136D đường Nguyễn Văn Lâu","Người đại diện theo pháp luật":"LÊ THANH VŨ","Chủ sở hữu":null,"layer_id":288,"fid":176,"label":"CÔNG TY TNHH GIA VŨ"}},{"type":"Feature","geometry":{"type":"Point","coordinates":[106.340130594,9.923754356]},"properties":{"Mã số doanh nghiệp":"2100100996","Tên doanh nghiệp":"CÔNG TY TNHH MTV HIỆP THÀNH","Địa chỉ trụ sở chính":"Số 522, Nguyễn Đáng, Phường Trà Vinh","Người đại diện theo pháp luật":"DIỆP THỊ NGỌC THU","Chủ sở hữu":"DIỆP THỊ NGỌC THU","layer_id":288,"fid":1349,"label":"CÔNG TY TNHH MTV HIỆP THÀNH"}},{"type":"Feature","geometry":{"type":"Point","coordinates":[105.980162853,10.242007846]},"properties":{"Mã số doanh nghiệp":"1500446845","Tên doanh nghiệp":"DOANH NGHIỆP TƯ NHÂN NGUYỄN THY","Địa chỉ trụ sở chính":"Số 52/1, đường Phạm Thái Bường","Người đại diện theo pháp luật":null,"Chủ sở hữu":"NGUYỄN MINH SƠN","layer_id":288,"fid":177,"label":"DOANH NGHIỆP TƯ NHÂN NGUYỄN THY"}},{"type":"Feature","geometry":{"type":"Point","coordinates":[106.393914297,10.301578245]},"properties":{"Mã số doanh nghiệp":"1300415046","Tên doanh nghiệp":"CÔNG TY TRÁCH NHIỆM HỮU HẠN  MAY MẶC ALLIANCE ONE","Địa chỉ trụ sở chính":"Khu B (Lô B1, B2, B5, B6, B7, B8, B9, B10, B11, B12), Khu công nghiệp Giao Long, Xã Giao Long","Người đại diện theo pháp luật":"POLLAWUT PATUMPATTANAKIT","Chủ sở hữu":null,"layer_id":288,"fid":755,"label":"CÔNG TY TRÁCH NHIỆM HỮU HẠN  MAY MẶC ALLIANCE ONE"}},{"type":"Feature","geometry":{"type":"Point","coordinates":[105.97810844,10.253998554]},"properties":{"Mã số doanh nghiệp":"1500475490","Tên doanh nghiệp":"CÔNG TY TNHH TM & DV KỸ THUẬT CHĂN NUÔI BẢO KHÁNH","Địa chỉ trụ sở chính":"Số 16/2 đường Nguyễn Chí Thanh","Người đại diện theo pháp luật":"HUỲNH BỬU LONG","Chủ sở hữu":null,"layer_id":288,"fid":178,"label":"CÔNG TY TNHH TM & DV KỸ THUẬT CHĂN NUÔI BẢO KHÁNH"}},{"type":"Feature","geometry":{"type":"Point","coordinates":[105.976937283,10.233370344]},"properties":{"Mã số doanh nghiệp":"1500477113","Tên doanh nghiệp":"CÔNG TY TNHH THÁI TOÀN","Địa chỉ trụ sở chính":"Số 67/28C đường Phó Cơ Điều","Người đại diện theo pháp luật":"THÁI HÙNG TRÁNG","Chủ sở hữu":null,"layer_id":288,"fid":179,"label":"CÔNG TY TNHH THÁI TOÀN"}},{"type":"Feature","geometry":{"type":"Point","coordinates":[106.360053282,9.938931254]},"properties":{"Mã số doanh nghiệp":"2100360539","Tên doanh nghiệp":"CÔNG TY TNHH MỘT THÀNH VIÊN XÂY DỰNG - THƯƠNG MẠI - DỊCH VỤ VƯƠNG SIÊU","Địa chỉ trụ sở chính":"Ấp Đầu Bờ, Phường Hòa Thuận","Người đại diện theo pháp luật":"DƯƠNG MỘC XIÊU","Chủ sở hữu":"DƯƠNG MỘC XIÊU","layer_id":288,"fid":1350,"label":"CÔNG TY TNHH MỘT THÀNH VIÊN XÂY DỰNG - THƯƠNG MẠI - DỊCH VỤ VƯƠNG SIÊU"}},{"type":"Feature","geometry":{"type":"Point","coordinates":[105.9575284,10.239132748]},"properties":{"Mã số doanh nghiệp":"1500419577","Tên doanh nghiệp":"DOANH NGHIỆP TƯ NHÂN PHƯỚC HÒA","Địa chỉ trụ sở chính":"Số 67/27, đường Phó Cơ Điều","Người đại diện theo pháp luật":null,"Chủ sở hữu":"ĐẶNG THỊ MỘNG ĐIỆP","layer_id":288,"fid":180,"label":"DOANH NGHIỆP TƯ NHÂN PHƯỚC HÒA"}},{"type":"Feature","geometry":{"type":"Point","coordinates":[106.041638444,10.006676663]},"properties":{"Mã số doanh nghiệp":"0314109350","Tên doanh nghiệp":"CÔNG TY TNHH MAY CÁT TƯỜNG","Địa chỉ trụ sở chính":"tổ 22, ấp Cống Đá, Xã Vĩnh Xuân","Người đại diện theo pháp luật":"NGUYỄN THỊ HỒNG THẮM ","Chủ sở hữu":"NGUYỄN THỊ HỒNG THẮM","layer_id":288,"fid":757,"label":"CÔNG TY TNHH MAY CÁT TƯỜNG"}},{"type":"Feature","geometry":{"type":"Point","coordinates":[106.397006394,10.305374854]},"properties":{"Mã số doanh nghiệp":"1300994153","Tên doanh nghiệp":"CÔNG TY CỔ PHẦN SẢN XUẤT THƯƠNG MẠI CÔNG NGHỆ SÁNG TẠO XANH","Địa chỉ trụ sở chính":"Lô F4, Khu công nghiệp Giao Long, Xã Giao Long","Người đại diện theo pháp luật":"POLLAWUT PATUMPATTANAKIT","Chủ sở hữu":null,"layer_id":288,"fid":756,"label":"CÔNG TY CỔ PHẦN SẢN XUẤT THƯƠNG MẠI CÔNG NGHỆ SÁNG TẠO XANH"}},{"type":"Feature","geometry":{"type":"Point","coordinates":[106.343143321,9.924849656]},"properties":{"Mã số doanh nghiệp":"2100587674","Tên doanh nghiệp":"CÔNG TY TNHH MTV HOA TRÍ TÍN","Địa chỉ trụ sở chính":"Số 60, Điện Biên Phủ, Phường Trà Vinh","Người đại diện theo pháp luật":"ÔNG HUY HOÀNG","Chủ sở hữu":"ÔNG HOA","layer_id":288,"fid":1351,"label":"CÔNG TY TNHH MTV HOA TRÍ TÍN"}},{"type":"Feature","geometry":{"type":"Point","coordinates":[105.976834619,10.246056272]},"properties":{"Mã số doanh nghiệp":"1500704327","Tên doanh nghiệp":"CÔNG TY TNHH MỘT THÀNH VIÊN MÁY TÍNH HƯNG THỊNH","Địa chỉ trụ sở chính":"Số 56/4A đường Phạm Thái Bường","Người đại diện theo pháp luật":"LƯU QUỐC MINH","Chủ sở hữu":"LƯU QUỐC MINH","layer_id":288,"fid":181,"label":"CÔNG TY TNHH MỘT THÀNH VIÊN MÁY TÍNH HƯNG THỊNH"}},{"type":"Feature","geometry":{"type":"Point","coordinates":[106.270947936,9.946995677]},"properties":{"Mã số doanh nghiệp":"2100467715","Tên doanh nghiệp":"CÔNG TY TNHH J&H VINA","Địa chỉ trụ sở chính":"Số 261, Quốc lộ 53, Ấp Chợ, Xã Bình Phú","Người đại diện theo pháp luật":"HWANG JOSEPH","Chủ sở hữu":null,"layer_id":288,"fid":758,"label":"CÔNG TY TNHH J&H VINA"}},{"type":"Feature","geometry":{"type":"Point","coordinates":[106.34526935,9.942205815]},"properties":{"Mã số doanh nghiệp":"2100356684","Tên doanh nghiệp":"CÔNG TY CỔ PHẦN ĐẦU TƯ VÀ XÂY DỰNG VIỄN THÔNG THANH LONG","Địa chỉ trụ sở chính":null,"Người đại diện theo pháp luật":"MÃ QUỐC CANG","Chủ sở hữu":null,"layer_id":288,"fid":182,"label":"CÔNG TY CỔ PHẦN ĐẦU TƯ VÀ XÂY DỰNG VIỄN THÔNG THANH LONG"}},{"type":"Feature","geometry":{"type":"Point","coordinates":[106.192505815,10.078368675]},"properties":{"Mã số doanh nghiệp":"1500117537","Tên doanh nghiệp":"NHÀ MÁY XAY LÚA VẠN PHÁT (DOANH NGHIỆP TƯ NHÂN)","Địa chỉ trụ sở chính":"Ấp An Nhơn","Người đại diện theo pháp luật":null,"Chủ sở hữu":"TRẦN VĂN PHÁT","layer_id":288,"fid":183,"label":"NHÀ MÁY XAY LÚA VẠN PHÁT (DOANH NGHIỆP TƯ NHÂN)"}},{"type":"Feature","geometry":{"type":"Point","coordinates":[106.409070551,10.302468752]},"properties":{"Mã số doanh nghiệp":"1300987685","Tên doanh nghiệp":"CÔNG TY TNHH MỘT THÀNH VIÊN VẬT LIỆU XÂY DỰNG KIM PHÁT","Địa chỉ trụ sở chính":"611B, Ấp Phú Hữu, Phường Phú Khương","Người đại diện theo pháp luật":"VÕ KIM BẰNG","Chủ sở hữu":"VÕ KIM BẰNG","layer_id":288,"fid":1352,"label":"CÔNG TY TNHH MỘT THÀNH VIÊN VẬT LIỆU XÂY DỰNG KIM PHÁT"}},{"type":"Feature","geometry":{"type":"Point","coordinates":[106.403699894,10.295336892]},"properties":{"Mã số doanh nghiệp":"1300932904","Tên doanh nghiệp":"CÔNG TY TNHH  CORONET VIỆT NAM","Địa chỉ trụ sở chính":"Lô EI-7, EI-8, EI-9, Khu công nghiệp Giao Long giai đoạn II, Xã Giao Long ","Người đại diện theo pháp luật":"UMBERTO DE MARCO","Chủ sở hữu":null,"layer_id":288,"fid":759,"label":"CÔNG TY TNHH  CORONET VIỆT NAM"}},{"type":"Feature","geometry":{"type":"Point","coordinates":[105.971315692,10.233719666]},"properties":{"Mã số doanh nghiệp":"1500526138","Tên doanh nghiệp":"CÔNG TY TNHH DŨNG PHƯƠNG","Địa chỉ trụ sở chính":"Số 73/19A đường Phó Cơ Điều","Người đại diện theo pháp luật":"TRƯƠNG THANH PHƯƠNG","Chủ sở hữu":null,"layer_id":288,"fid":184,"label":"CÔNG TY TNHH DŨNG PHƯƠNG"}},{"type":"Feature","geometry":{"type":"Point","coordinates":[105.966839391,10.25325024]},"properties":{"Mã số doanh nghiệp":"1500342412","Tên doanh nghiệp":"DOANH NGHIỆP TƯ NHÂN THƯƠNG MẠI NGA PHÁT","Địa chỉ trụ sở chính":"Số 14/3 hẻm Cây Khế, đường Lê Thái Tổ","Người đại diện theo pháp luật":null,"Chủ sở hữu":"NGUYỄN TẤN PHÁT","layer_id":288,"fid":185,"label":"DOANH NGHIỆP TƯ NHÂN THƯƠNG MẠI NGA PHÁT"}},{"type":"Feature","geometry":{"type":"Point","coordinates":[106.399275236,10.301773031]},"properties":{"Mã số doanh nghiệp":"1300596473","Tên doanh nghiệp":"CÔNG TY TNHH  MỘT THÀNH VIÊN PUNGKOOK BẾN TRE","Địa chỉ trụ sở chính":"Lô E4, E5, E10, E11, Khu công nghiệp Giao Long, Xã Giao Long","Người đại diện theo pháp luật":"KIM DOO HOON","Chủ sở hữu":null,"layer_id":288,"fid":760,"label":"CÔNG TY TNHH  MỘT THÀNH VIÊN PUNGKOOK BẾN TRE"}},{"type":"Feature","geometry":{"type":"Point","coordinates":[106.479195109,9.72760768]},"properties":{"Mã số doanh nghiệp":"2100287039","Tên doanh nghiệp":"DOANH NGHIỆP TƯ NHÂN NGỌC NGÂN","Địa chỉ trụ sở chính":"Ấp Giồng Dài, Xã Hiệp Mỹ","Người đại diện theo pháp luật":null,"Chủ sở hữu":"LÂM NGỌC NGÂN","layer_id":288,"fid":857,"label":"DOANH NGHIỆP TƯ NHÂN NGỌC NGÂN"}},{"type":"Feature","geometry":{"type":"Point","coordinates":[106.36978955,10.30697316]},"properties":{"Mã số doanh nghiệp":"1300993777","Tên doanh nghiệp":"CÔNG TY TNHH VẬT LIỆU XÂY DỰNG VÕ HOÀNG PHƯỚC","Địa chỉ trụ sở chính":"Số 115, Ấp Chợ, Xã Tiên Thủy","Người đại diện theo pháp luật":"VÕ HOÀNG PHƯỚC","Chủ sở hữu":null,"layer_id":288,"fid":1353,"label":"CÔNG TY TNHH VẬT LIỆU XÂY DỰNG VÕ HOÀNG PHƯỚC"}},{"type":"Feature","geometry":{"type":"Point","coordinates":[105.970225966,10.24462572]},"properties":{"Mã số doanh nghiệp":"1500354263","Tên doanh nghiệp":"CÔNG TY TNHH TƯ VẤN - THIẾT KẾ XÂY DỰNG MINH HIỀN (TNHH)","Địa chỉ trụ sở chính":"sỐ 38/2, Mậu Thân","Người đại diện theo pháp luật":"LÊ VĂN HIẾN","Chủ sở hữu":null,"layer_id":288,"fid":186,"label":"CÔNG TY TNHH TƯ VẤN - THIẾT KẾ XÂY DỰNG MINH HIỀN (TNHH)"}},{"type":"Feature","geometry":{"type":"Point","coordinates":[106.342680337,9.979651788]},"properties":{"Mã số doanh nghiệp":"2100436097","Tên doanh nghiệp":"CÔNG TY TNHH  MỘT THÀNH VIÊN CY VINA","Địa chỉ trụ sở chính":"Lô N, Đường số 1, Khu Công nghiệp Long Đức, phường Long Đức","Người đại diện theo pháp luật":"CHOI BYUNG MAN","Chủ sở hữu":null,"layer_id":288,"fid":761,"label":"CÔNG TY TNHH  MỘT THÀNH VIÊN CY VINA"}},{"type":"Feature","geometry":{"type":"Point","coordinates":[105.965484357,10.253789325]},"properties":{"Mã số doanh nghiệp":"1500154793","Tên doanh nghiệp":"DOANH NGHIỆP TƯ NHÂN TƯ GIÃNG","Địa chỉ trụ sở chính":"Số 128, đường Lê Thái Tổ","Người đại diện theo pháp luật":null,"Chủ sở hữu":"LÊ THỊ HẠNH","layer_id":288,"fid":187,"label":"DOANH NGHIỆP TƯ NHÂN TƯ GIÃNG"}},{"type":"Feature","geometry":{"type":"Point","coordinates":[106.490922379,9.622364948]},"properties":{"Mã số doanh nghiệp":"2100401023","Tên doanh nghiệp":"CÔNG TY TRÁCH NHIỆM HỮU HẠN  MỘT THÀNH VIÊN ÚT TÂM","Địa chỉ trụ sở chính":"Số 49, Ấp Thống Nhất, Phường Duyên Hải","Người đại diện theo pháp luật":"LÊ HOÀNG TÂM","Chủ sở hữu":"LÊ HOÀNG TÂM ","layer_id":288,"fid":1354,"label":"CÔNG TY TRÁCH NHIỆM HỮU HẠN  MỘT THÀNH VIÊN ÚT TÂM"}},{"type":"Feature","geometry":{"type":"Point","coordinates":[105.977938244,10.244582863]},"properties":{"Mã số doanh nghiệp":"1500156102","Tên doanh nghiệp":"DOANH NGHIỆP TƯ NHÂN TIẾN DŨNG","Địa chỉ trụ sở chính":"Số 58D đường Phạm Thái Bường","Người đại diện theo pháp luật":null,"Chủ sở hữu":"NGUYỄN VĂN DŨNG","layer_id":288,"fid":188,"label":"DOANH NGHIỆP TƯ NHÂN TIẾN DŨNG"}},{"type":"Feature","geometry":{"type":"Point","coordinates":[105.990020836,10.260252178]},"properties":{"Mã số doanh nghiệp":"1500970632","Tên doanh nghiệp":"CÔNG TY TRÁCH NHIỆM HỮU HẠN MỘT THÀNH VIÊN NEOBAGS VIỆT NAM ","Địa chỉ trụ sở chính":"Số 22/2, Ấp Thanh Mỹ 2, Phường Thanh Đức","Người đại diện theo pháp luật":"CHOI BYOUNGJO","Chủ sở hữu":null,"layer_id":288,"fid":762,"label":"CÔNG TY TRÁCH NHIỆM HỮU HẠN MỘT THÀNH VIÊN NEOBAGS VIỆT NAM "}},{"type":"Feature","geometry":{"type":"Point","coordinates":[105.967913289,10.235316658]},"properties":{"Mã số doanh nghiệp":"1500411313","Tên doanh nghiệp":"DOANH NGHIỆP TƯ NHÂN NÔNG SINH","Địa chỉ trụ sở chính":"Số 73/19A đường Phó Cơ Điều","Người đại diện theo pháp luật":null,"Chủ sở hữu":"HUỲNH THỊ HỒNG LAN","layer_id":288,"fid":189,"label":"DOANH NGHIỆP TƯ NHÂN NÔNG SINH"}},{"type":"Feature","geometry":{"type":"Point","coordinates":[106.043379645,10.258243732]},"properties":{"Mã số doanh nghiệp":"1500998162","Tên doanh nghiệp":"CÔNG TY CỔ PHẦN THANH LONG MEKONG","Địa chỉ trụ sở chính":"Tổ 1, Ấp An Hương 2, Xã Nhơn Phú","Người đại diện theo pháp luật":"TRẦN ĐẮC QUỐC VIỆT","Chủ sở hữu":null,"layer_id":288,"fid":1355,"label":"CÔNG TY CỔ PHẦN THANH LONG MEKONG"}},{"type":"Feature","geometry":{"type":"Point","coordinates":[105.956184941,10.235079128]},"properties":{"Mã số doanh nghiệp":"1500484865","Tên doanh nghiệp":"DOANH NGHIỆP TƯ NHÂN TRUNG TÂM ĐIỆN THOẠI QUỐC TẾ SÀI GÒN","Địa chỉ trụ sở chính":"Số 52 Đ, đường Đinh Tiên Hoàng","Người đại diện theo pháp luật":null,"Chủ sở hữu":"PHẠM THỊ CẨM MƠ","layer_id":288,"fid":190,"label":"DOANH NGHIỆP TƯ NHÂN TRUNG TÂM ĐIỆN THOẠI QUỐC TẾ SÀI GÒN"}},{"type":"Feature","geometry":{"type":"Point","coordinates":[105.990020836,10.260252178]},"properties":{"Mã số doanh nghiệp":"1500970632","Tên doanh nghiệp":"CÔNG TY TRÁCH NHIỆM HỮU HẠN MỘT THÀNH VIÊN NEOBAGS VIỆT NAM ","Địa chỉ trụ sở chính":"Số 22/2, Ấp Thanh Mỹ 2, Phường Thanh Đức","Người đại diện theo pháp luật":"SEOG JONG MIN","Chủ sở hữu":null,"layer_id":288,"fid":763,"label":"CÔNG TY TRÁCH NHIỆM HỮU HẠN MỘT THÀNH VIÊN NEOBAGS VIỆT NAM "}},{"type":"Feature","geometry":{"type":"Point","coordinates":[105.97050204,10.242285441]},"properties":{"Mã số doanh nghiệp":"1500354834","Tên doanh nghiệp":"CÔNG TY TNHH HẢI MINH","Địa chỉ trụ sở chính":"Số 61/20 đường Mậu Thân","Người đại diện theo pháp luật":"LÊ TRỌNG THỦY","Chủ sở hữu":null,"layer_id":288,"fid":191,"label":"CÔNG TY TNHH HẢI MINH"}},{"type":"Feature","geometry":{"type":"Point","coordinates":[106.040291175,9.907470287]},"properties":{"Mã số doanh nghiệp":"2100612923","Tên doanh nghiệp":"CÔNG TY TNHH THƯƠNG MẠI DỊCH VỤ VẬT LIỆU XÂY DỰNG THỊNH PHÁT","Địa chỉ trụ sở chính":"Thửa đất số 42, tờ bản đồ số 11, Ấp Bà My, Xã Tam Ngãi","Người đại diện theo pháp luật":"TRẦN QUỐC HUY","Chủ sở hữu":"TRẦN QUỐC HUY","layer_id":288,"fid":1356,"label":"CÔNG TY TNHH THƯƠNG MẠI DỊCH VỤ VẬT LIỆU XÂY DỰNG THỊNH PHÁT"}},{"type":"Feature","geometry":{"type":"Point","coordinates":[105.97091459,10.248249836]},"properties":{"Mã số doanh nghiệp":"1500346047","Tên doanh nghiệp":"CÔNG TY TNHH MẠNH HÙNG","Địa chỉ trụ sở chính":"Số 61/20D đường Mậu Thân","Người đại diện theo pháp luật":"VŨ ĐỨC THẦM","Chủ sở hữu":null,"layer_id":288,"fid":192,"label":"CÔNG TY TNHH MẠNH HÙNG"}},{"type":"Feature","geometry":{"type":"Point","coordinates":[106.589364579,10.031902781]},"properties":{"Mã số doanh nghiệp":"1301033547","Tên doanh nghiệp":"CÔNG TY TNHH JSB INTERNATIONAL VINA","Địa chỉ trụ sở chính":"Lô B, đường CN.1, CCN Thị trấn - An Đức, Xã Ba Tri","Người đại diện theo pháp luật":"JANG JI SOO","Chủ sở hữu":null,"layer_id":288,"fid":764,"label":"CÔNG TY TNHH JSB INTERNATIONAL VINA"}},{"type":"Feature","geometry":{"type":"Point","coordinates":[106.375396575,10.24042702]},"properties":{"Mã số doanh nghiệp":"1300340538","Tên doanh nghiệp":"DOANH NGHIỆP TƯ NHÂN THIÊN LONG","Địa chỉ trụ sở chính":"271/1, Đường 30/4","Người đại diện theo pháp luật":null,"Chủ sở hữu":"NGUYỄN THỊ ĐIỂM","layer_id":288,"fid":193,"label":"DOANH NGHIỆP TƯ NHÂN THIÊN LONG"}},{"type":"Feature","geometry":{"type":"Point","coordinates":[106.408381068,10.233810041]},"properties":{"Mã số doanh nghiệp":"1300515153","Tên doanh nghiệp":"CÔNG TY TNHH THƯƠNG MẠI DỊCH VỤ VẬN TẢI HOÀNG TRÍ HỒNG","Địa chỉ trụ sở chính":"Số 89, ấp Phú Chánh","Người đại diện theo pháp luật":"HUỲNH THANH HỒNG","Chủ sở hữu":null,"layer_id":288,"fid":194,"label":"CÔNG TY TNHH THƯƠNG MẠI DỊCH VỤ VẬN TẢI HOÀNG TRÍ HỒNG"}},{"type":"Feature","geometry":{"type":"Point","coordinates":[106.120377996,9.772881426]},"properties":{"Mã số doanh nghiệp":"2100487976","Tên doanh nghiệp":"CÔNG TY TNHH MỘT THÀNH VIÊN PHƯỢNG TÙNG ANH","Địa chỉ trụ sở chính":"Khóm 4 xã Châu Thành","Người đại diện theo pháp luật":"PHẠM THỊ PHƯỢNG","Chủ sở hữu":"PHẠM THỊ PHƯỢNG","layer_id":288,"fid":765,"label":"CÔNG TY TNHH MỘT THÀNH VIÊN PHƯỢNG TÙNG ANH"}},{"type":"Feature","geometry":{"type":"Point","coordinates":[106.334423318,10.009935725]},"properties":{"Mã số doanh nghiệp":"2100613596","Tên doanh nghiệp":"CÔNG TY TNHH 268 MIỀN TÂY","Địa chỉ trụ sở chính":"Ấp Long Đại, Phường Long Đức","Người đại diện theo pháp luật":"NGÔ THỊ THU GIANG","Chủ sở hữu":"NGÔ THỊ THU GIANG","layer_id":288,"fid":1357,"label":"CÔNG TY TNHH 268 MIỀN TÂY"}},{"type":"Feature","geometry":{"type":"Point","coordinates":[106.348086733,9.937017307]},"properties":{"Mã số doanh nghiệp":"2100105377","Tên doanh nghiệp":"CÔNG TY TNHH HIỀN THÀNH TRIỆU","Địa chỉ trụ sở chính":"Số 53 Hùng Vương, Khóm 2, Phường Hòa Thuận","Người đại diện theo pháp luật":"PHAN THỊ TUYẾT HẠNH","Chủ sở hữu":"PHAN THỊ TUYẾT HẠNH","layer_id":288,"fid":766,"label":"CÔNG TY TNHH HIỀN THÀNH TRIỆU"}},{"type":"Feature","geometry":{"type":"Point","coordinates":[106.411089866,10.245004703]},"properties":{"Mã số doanh nghiệp":"1300225623","Tên doanh nghiệp":"CÔNG TY TNHH CHẾ BIẾN THỰC PHẨM PHÚ HƯNG","Địa chỉ trụ sở chính":"53D tỉnh lộ 885 ấp Phú Chiến xã Phú Hưng ","Người đại diện theo pháp luật":"ĐẶNG NHẠC","Chủ sở hữu":null,"layer_id":288,"fid":195,"label":"CÔNG TY TNHH CHẾ BIẾN THỰC PHẨM PHÚ HƯNG"}},{"type":"Feature","geometry":{"type":"Point","coordinates":[106.347019948,10.2420392]},"properties":{"Mã số doanh nghiệp":"1300521830","Tên doanh nghiệp":"DOANH NGHIỆP TƯ NHÂN ĐẶNG HOÀNG NHẬT","Địa chỉ trụ sở chính":"96B, ấp Bình Thành","Người đại diện theo pháp luật":null,"Chủ sở hữu":"ĐẶNG HOÀNG NHẬT","layer_id":288,"fid":196,"label":"DOANH NGHIỆP TƯ NHÂN ĐẶNG HOÀNG NHẬT"}},{"type":"Feature","geometry":{"type":"Point","coordinates":[105.970199691,10.282644364]},"properties":{"Mã số doanh nghiệp":"1500994665","Tên doanh nghiệp":"CÔNG TY TNHH MTV NHẬT TOÀN PHÁT","Địa chỉ trụ sở chính":"Số 61/1C đường Mậu Thân, Phường Phước Hậu","Người đại diện theo pháp luật":"NGUYỄN VŨ KHANH","Chủ sở hữu":"NGUYỄN VŨ KHANH","layer_id":288,"fid":1358,"label":"CÔNG TY TNHH MTV NHẬT TOÀN PHÁT"}},{"type":"Feature","geometry":{"type":"Point","coordinates":[106.578496628,10.123679223]},"properties":{"Mã số doanh nghiệp":"1300925858","Tên doanh nghiệp":"DOANH NGHIỆP TƯ NHÂN SẢN XUẤT - THƯƠNG MẠI GỖ DUY PHÚC","Địa chỉ trụ sở chính":"182/MT, Ấp Mỹ Trung, Xã An Ngãi Trung,","Người đại diện theo pháp luật":null,"Chủ sở hữu":"PHẠM VĂN PHÚC","layer_id":288,"fid":767,"label":"DOANH NGHIỆP TƯ NHÂN SẢN XUẤT - THƯƠNG MẠI GỖ DUY PHÚC"}},{"type":"Feature","geometry":{"type":"Point","coordinates":[106.360709876,10.236171287]},"properties":{"Mã số doanh nghiệp":"1300468746","Tên doanh nghiệp":"DOANH NGHIỆP TƯ NHÂN YẾN THU","Địa chỉ trụ sở chính":"148D1, khu phố 4","Người đại diện theo pháp luật":null,"Chủ sở hữu":"NGUYỄN THỊ YẾN THU","layer_id":288,"fid":197,"label":"DOANH NGHIỆP TƯ NHÂN YẾN THU"}},{"type":"Feature","geometry":{"type":"Point","coordinates":[106.343610886,9.936343777]},"properties":{"Mã số doanh nghiệp":"2100254516","Tên doanh nghiệp":"DOANH NGHIỆP TƯ NHÂN HƯNG LAN","Địa chỉ trụ sở chính":"Số 91 Lý Thường Kiệt, khóm 1","Người đại diện theo pháp luật":null,"Chủ sở hữu":"VÕ THỊ VŨ LOAN","layer_id":288,"fid":198,"label":"DOANH NGHIỆP TƯ NHÂN HƯNG LAN"}},{"type":"Feature","geometry":{"type":"Point","coordinates":[105.971028379,10.250543372]},"properties":{"Mã số doanh nghiệp":"1500716883","Tên doanh nghiệp":"CÔNG TY TNHH MỘT THÀNH VIÊN SẢN XUẤT-THƯƠNG MẠI ÁNH HỒNG","Địa chỉ trụ sở chính":"Số 161, đường Nguyễn Thị Minh Khai, phường Trà Vinh","Người đại diện theo pháp luật":"NGUYỄN ÁNH HỒNG","Chủ sở hữu":"NGUYỄN ÁNH HỒNG","layer_id":288,"fid":768,"label":"CÔNG TY TNHH MỘT THÀNH VIÊN SẢN XUẤT-THƯƠNG MẠI ÁNH HỒNG"}},{"type":"Feature","geometry":{"type":"Point","coordinates":[105.981478036,10.243138205]},"properties":{"Mã số doanh nghiệp":"1500980856","Tên doanh nghiệp":"CÔNG TY TNHH MTV VIỆT HOA MEKONG","Địa chỉ trụ sở chính":"Số 110 đường Trần Đại Nghĩa, khóm 4, Phường Phước Hậu","Người đại diện theo pháp luật":"NGUYỄN VÂN PHƯƠNG YẾN","Chủ sở hữu":"NGUYỄN VÂN PHƯƠNG YẾN","layer_id":288,"fid":1359,"label":"CÔNG TY TNHH MTV VIỆT HOA MEKONG"}},{"type":"Feature","geometry":{"type":"Point","coordinates":[106.34202309,9.934071759]},"properties":{"Mã số doanh nghiệp":"2100346358","Tên doanh nghiệp":"CÔNG TY TNHH MỘT THÀNH VIÊN TÂN THOẠI PHÁT","Địa chỉ trụ sở chính":"Số 65, Võ Thị Sáu, Khóm 4","Người đại diện theo pháp luật":"VƯƠNG VINH","Chủ sở hữu":"VƯƠNG VINH","layer_id":288,"fid":199,"label":"CÔNG TY TNHH MỘT THÀNH VIÊN TÂN THOẠI PHÁT"}},{"type":"Feature","geometry":{"type":"Point","coordinates":[105.951554924,10.224544013]},"properties":{"Mã số doanh nghiệp":"1500530536","Tên doanh nghiệp":"CÔNG TY TNHH MỘT THÀNH VIÊN THƯƠNG MẠI VÀ DỊCH VỤ NGUYỄN HOÀNG","Địa chỉ trụ sở chính":"Số 41Z đường Đinh Tiên Hoàng","Người đại diện theo pháp luật":"NGUYỄN TẤN PHONG","Chủ sở hữu":"NGUYỄN TẤN PHONG","layer_id":288,"fid":200,"label":"CÔNG TY TNHH MỘT THÀNH VIÊN THƯƠNG MẠI VÀ DỊCH VỤ NGUYỄN HOÀNG"}},{"type":"Feature","geometry":{"type":"Point","coordinates":[105.911887181,10.073156713]},"properties":{"Mã số doanh nghiệp":"1501073836","Tên doanh nghiệp":"CÔNG TY TNHH MTV THỦ CÔNG MỸ NGHỆ NHỰT LINH","Địa chỉ trụ sở chính":"Tổ 1,  ấp Phú Sơn B, Xã Long Phú","Người đại diện theo pháp luật":"ĐỖ THỊ KIM HUỆ","Chủ sở hữu":"ĐỖ THỊ KIM HUỆ","layer_id":288,"fid":769,"label":"CÔNG TY TNHH MTV THỦ CÔNG MỸ NGHỆ NHỰT LINH"}},{"type":"Feature","geometry":{"type":"Point","coordinates":[105.983406336,10.23235817]},"properties":{"Mã số doanh nghiệp":"1501060393","Tên doanh nghiệp":"CÔNG TY TNHH MTV AGRIPLUS","Địa chỉ trụ sở chính":"Số 67/20 đường Phó Cơ Điều, Phường Phước Hậu","Người đại diện theo pháp luật":"MAI THẾ SƠN","Chủ sở hữu":"MAI THẾ SƠN","layer_id":288,"fid":1360,"label":"CÔNG TY TNHH MTV AGRIPLUS"}},{"type":"Feature","geometry":{"type":"Point","coordinates":[106.379463035,10.236974682]},"properties":{"Mã số doanh nghiệp":"1300444216","Tên doanh nghiệp":"CÔNG TY TNHH PHÒNG KHÁM ĐA KHOA TÂM ĐỨC","Địa chỉ trụ sở chính":"Số 22, Nguyễn Trung Trực","Người đại diện theo pháp luật":"ĐINH THỊ ÁNH","Chủ sở hữu":null,"layer_id":288,"fid":201,"label":"CÔNG TY TNHH PHÒNG KHÁM ĐA KHOA TÂM ĐỨC"}},{"type":"Feature","geometry":{"type":"Point","coordinates":[106.35875073,10.23025808]},"properties":{"Mã số doanh nghiệp":"1300480750","Tên doanh nghiệp":"DOANH NGHIỆP TƯ NHÂN THIỆN PHÚC","Địa chỉ trụ sở chính":"Số 294A, Khu phố  3","Người đại diện theo pháp luật":null,"Chủ sở hữu":"NGUYỄN KIM OANH","layer_id":288,"fid":202,"label":"DOANH NGHIỆP TƯ NHÂN THIỆN PHÚC"}},{"type":"Feature","geometry":{"type":"Point","coordinates":[106.145691536,10.076844357]},"properties":{"Mã số doanh nghiệp":"1501072462","Tên doanh nghiệp":"CÔNG TY TNHH MTV THỦ CÔNG MỸ NGHỆ NHÂN TRÍ","Địa chỉ trụ sở chính":"Tổ 8, ấp Bình Thành, Xã Trung Thành","Người đại diện theo pháp luật":"NGUYỄN VĂN TÂN","Chủ sở hữu":"NGUYỄN VĂN TÂN","layer_id":288,"fid":770,"label":"CÔNG TY TNHH MTV THỦ CÔNG MỸ NGHỆ NHÂN TRÍ"}},{"type":"Feature","geometry":{"type":"Point","coordinates":[106.095594865,10.121947289]},"properties":{"Mã số doanh nghiệp":"1500856873","Tên doanh nghiệp":"CÔNG TY TNHH MTV LƯƠNG HUY","Địa chỉ trụ sở chính":"Số 3 tổ 13, Ấp Rạch Cốc, Xã Trung Hiệp","Người đại diện theo pháp luật":"ĐINH NGỌC THẮM","Chủ sở hữu":"ĐINH NGỌC THẮM","layer_id":288,"fid":771,"label":"CÔNG TY TNHH MTV LƯƠNG HUY"}},{"type":"Feature","geometry":{"type":"Point","coordinates":[106.012007994,10.199262657]},"properties":{"Mã số doanh nghiệp":"1500240347","Tên doanh nghiệp":"ĐẠI LÝ VẬT TƯ NÔNG NGHIỆP PHƯỚC THÀNH (DNTN)","Địa chỉ trụ sở chính":"Số 66/5 Quốc lộ 53, khóm 3, xã Long Hồ","Người đại diện theo pháp luật":null,"Chủ sở hữu":"BÙI THỊ KIM CHI","layer_id":288,"fid":1361,"label":"ĐẠI LÝ VẬT TƯ NÔNG NGHIỆP PHƯỚC THÀNH (DNTN)"}},{"type":"Feature","geometry":{"type":"Point","coordinates":[106.350398691,10.225645301]},"properties":{"Mã số doanh nghiệp":"1300392222","Tên doanh nghiệp":"DOANH NGHIỆP TƯ NHÂN VĨNH HÒA","Địa chỉ trụ sở chính":"248D1 Nguyễn Văn Tư, Khóm 4","Người đại diện theo pháp luật":null,"Chủ sở hữu":"NGUYỄN VĂN ĐỜI","layer_id":288,"fid":203,"label":"DOANH NGHIỆP TƯ NHÂN VĨNH HÒA"}},{"type":"Feature","geometry":{"type":"Point","coordinates":[105.934028194,10.230793655]},"properties":{"Mã số doanh nghiệp":"1501075079","Tên doanh nghiệp":"CÔNG TY TNHH MTV ĐỒNG LÂM","Địa chỉ trụ sở chính":"tổ 4, ấp Tân Thuận, Xã Tân Hạnh","Người đại diện theo pháp luật":"TRẦN KIỀU THOA","Chủ sở hữu":"TRẦN KIỀU THOA","layer_id":288,"fid":1362,"label":"CÔNG TY TNHH MTV ĐỒNG LÂM"}},{"type":"Feature","geometry":{"type":"Point","coordinates":[105.948368991,10.224984998]},"properties":{"Mã số doanh nghiệp":"1300264566","Tên doanh nghiệp":"DOANH NGHIỆP TƯ NHÂN NGỌC TÂN","Địa chỉ trụ sở chính":"Số 230D Khóm 3","Người đại diện theo pháp luật":null,"Chủ sở hữu":"NGUYỄN NGỌC HUỆ","layer_id":288,"fid":204,"label":"DOANH NGHIỆP TƯ NHÂN NGỌC TÂN"}},{"type":"Feature","geometry":{"type":"Point","coordinates":[106.252843265,10.062158594]},"properties":{"Mã số doanh nghiệp":"2100340684","Tên doanh nghiệp":"CÔNG TY TRÁCH NHIỆM HỮU HẠN KIM BÔI TRÀ VINH","Địa chỉ trụ sở chính":"273 Hương lộ 1, Ấp Mỹ Hiệp, Xã Nhị Long","Người đại diện theo pháp luật":"ĐẶNG QUỐC HÙNG","Chủ sở hữu":null,"layer_id":288,"fid":772,"label":"CÔNG TY TRÁCH NHIỆM HỮU HẠN KIM BÔI TRÀ VINH"}},{"type":"Feature","geometry":{"type":"Point","coordinates":[106.366401263,10.240715997]},"properties":{"Mã số doanh nghiệp":"1300497257","Tên doanh nghiệp":"CÔNG TY CỔ PHẦN RƯỢU DỪA BẾN TRE","Địa chỉ trụ sở chính":"Số 203 A1, đường Đoàn Hoàng Minh","Người đại diện theo pháp luật":"NGUYỄN VĂN HOÀNG","Chủ sở hữu":null,"layer_id":288,"fid":205,"label":"CÔNG TY CỔ PHẦN RƯỢU DỪA BẾN TRE"}},{"type":"Feature","geometry":{"type":"Point","coordinates":[106.367323475,10.252416047]},"properties":{"Mã số doanh nghiệp":null,"Tên doanh nghiệp":"DOANH NGHIỆP TƯ NHÂN XÂY DỰNG ĐỒNG TÂM","Địa chỉ trụ sở chính":"Số 91/1A, đường 30/4","Người đại diện theo pháp luật":null,"Chủ sở hữu":"MAI CHÁNH TÂM","layer_id":288,"fid":206,"label":"DOANH NGHIỆP TƯ NHÂN XÂY DỰNG ĐỒNG TÂM"}},{"type":"Feature","geometry":{"type":"Point","coordinates":[106.231904736,10.060351568]},"properties":{"Mã số doanh nghiệp":"2100390364","Tên doanh nghiệp":"CÔNG TY TNHH MTV ÚT MỪNG","Địa chỉ trụ sở chính":"Ấp Đại Đức, Xã Nhị Long","Người đại diện theo pháp luật":"NGUYỄN THỊ KIM THÚY","Chủ sở hữu":"NGUYỄN THỊ KIM THÚY","layer_id":288,"fid":773,"label":"CÔNG TY TNHH MTV ÚT MỪNG"}},{"type":"Feature","geometry":{"type":"Point","coordinates":[106.259721064,9.689698436]},"properties":{"Mã số doanh nghiệp":"2100410589","Tên doanh nghiệp":"CÔNG TY CỔ PHẦN SẢN XUẤT DỊCH VỤ THƯƠNG MẠI TÂN QUYỀN","Địa chỉ trụ sở chính":"Xã Trà Cú","Người đại diện theo pháp luật":"LÊ HỒNG HÀ","Chủ sở hữu":null,"layer_id":288,"fid":207,"label":"CÔNG TY CỔ PHẦN SẢN XUẤT DỊCH VỤ THƯƠNG MẠI TÂN QUYỀN"}},{"type":"Feature","geometry":{"type":"Point","coordinates":[105.8797504,10.043805359]},"properties":{"Mã số doanh nghiệp":"1501055770","Tên doanh nghiệp":"CÔNG TY TNHH THƯƠNG MẠI AN PHÁT NÔNG","Địa chỉ trụ sở chính":"Số 67, tổ 4, ấp Thạnh Lý, Xã Đông Thành","Người đại diện theo pháp luật":"NGUYỄN VĂN LUẬN","Chủ sở hữu":null,"layer_id":288,"fid":1363,"label":"CÔNG TY TNHH THƯƠNG MẠI AN PHÁT NÔNG"}},{"type":"Feature","geometry":{"type":"Point","coordinates":[105.835228936,10.052472901]},"properties":{"Mã số doanh nghiệp":"1501075054","Tên doanh nghiệp":"CÔNG TY TNHH TM DV HỮU CƠ PHÁT ĐẠT","Địa chỉ trụ sở chính":"Số 36 tổ 38, khóm Đông Thuận, Phường Đông Thành","Người đại diện theo pháp luật":"BẠCH VĂN GIỎI","Chủ sở hữu":"BẠCH VĂN GIỎI","layer_id":288,"fid":1364,"label":"CÔNG TY TNHH TM DV HỮU CƠ PHÁT ĐẠT"}},{"type":"Feature","geometry":{"type":"Point","coordinates":[106.293455227,9.620405159]},"properties":{"Mã số doanh nghiệp":"2100407628","Tên doanh nghiệp":"CÔNG TY TNHH SEOTRA","Địa chỉ trụ sở chính":"Khóm 3, xã Trà Cú","Người đại diện theo pháp luật":"LÊ TRỌNG THỦY","Chủ sở hữu":null,"layer_id":288,"fid":208,"label":"CÔNG TY TNHH SEOTRA"}},{"type":"Feature","geometry":{"type":"Point","coordinates":[106.405164908,10.298414622]},"properties":{"Mã số doanh nghiệp":"1300565235","Tên doanh nghiệp":"CÔNG TY TNHH  MỘT THÀNH VIÊN JACOBI CARBONS VIỆT NAM","Địa chỉ trụ sở chính":"Lô A10-A11-A12, KCN Giao Long, Xã Giao Long","Người đại diện theo pháp luật":"TỪ THIỆN HÙNG","Chủ sở hữu":null,"layer_id":288,"fid":774,"label":"CÔNG TY TNHH  MỘT THÀNH VIÊN JACOBI CARBONS VIỆT NAM"}},{"type":"Feature","geometry":{"type":"Point","coordinates":[106.184300651,9.725906581]},"properties":{"Mã số doanh nghiệp":"2100326224","Tên doanh nghiệp":"DOANH NGHIỆP TƯ NHÂN DŨNG PHƯỢNG","Địa chỉ trụ sở chính":"Ấp Chợ, Xã Trà Cú","Người đại diện theo pháp luật":null,"Chủ sở hữu":"TRẦN VĂN DŨNG","layer_id":288,"fid":209,"label":"DOANH NGHIỆP TƯ NHÂN DŨNG PHƯỢNG"}},{"type":"Feature","geometry":{"type":"Point","coordinates":[106.30395353,9.634007764]},"properties":{"Mã số doanh nghiệp":"2100396239","Tên doanh nghiệp":"CÔNG TY TNHH MỘT THÀNH VIÊN XÂY DỰNG VÀ THƯƠNG MẠI HOÀN AN","Địa chỉ trụ sở chính":"Ấp Chợ, Xã Trà Cú","Người đại diện theo pháp luật":"TĂNG VĂN TÚC","Chủ sở hữu":"TĂNG VĂN TÚC","layer_id":288,"fid":210,"label":"CÔNG TY TNHH MỘT THÀNH VIÊN XÂY DỰNG VÀ THƯƠNG MẠI HOÀN AN"}},{"type":"Feature","geometry":{"type":"Point","coordinates":[106.445432182,10.279523684]},"properties":{"Mã số doanh nghiệp":"1300841100","Tên doanh nghiệp":"CÔNG TY TNHH  SX TM DỪA XANH","Địa chỉ trụ sở chính":"Ấp Long Nhơn, Xã Châu Hưng","Người đại diện theo pháp luật":"LIESELOTTE ADRIAANTJE THEODORA BERGWERFF","Chủ sở hữu":null,"layer_id":288,"fid":775,"label":"CÔNG TY TNHH  SX TM DỪA XANH"}},{"type":"Feature","geometry":{"type":"Point","coordinates":[106.481821974,9.647612445]},"properties":{"Mã số doanh nghiệp":null,"Tên doanh nghiệp":"DOANH NGHIỆP TƯ NHÂN NGHĨA PHƯỢNG","Địa chỉ trụ sở chính":"Ấp Phước Trị, Xã Duyên Hải","Người đại diện theo pháp luật":null,"Chủ sở hữu":"NGUYỄN THỊ PHƯỢNG","layer_id":288,"fid":211,"label":"DOANH NGHIỆP TƯ NHÂN NGHĨA PHƯỢNG"}},{"type":"Feature","geometry":{"type":"Point","coordinates":[105.935935294,9.950624774]},"properties":{"Mã số doanh nghiệp":"1500499526","Tên doanh nghiệp":"CÔNG TY TNHH MTV HIỆP HÒA","Địa chỉ trụ sở chính":"tổ 07, khóm Mỹ Lợi, Xã Trà Ôn","Người đại diện theo pháp luật":"DIỆP VĂN HÒA","Chủ sở hữu":"DIỆP VĂN HÒA","layer_id":288,"fid":1365,"label":"CÔNG TY TNHH MTV HIỆP HÒA"}},{"type":"Feature","geometry":{"type":"Point","coordinates":[106.500130537,9.635718868]},"properties":{"Mã số doanh nghiệp":"2100360144","Tên doanh nghiệp":"CÔNG TY CỔ PHẦN XÂY DỰNG BÁCH VIỆT","Địa chỉ trụ sở chính":"Số 209 đường 3/2, Khóm 1, xã Duyên Hải","Người đại diện theo pháp luật":"NGUYỄN VĂN ĐỨC","Chủ sở hữu":null,"layer_id":288,"fid":212,"label":"CÔNG TY CỔ PHẦN XÂY DỰNG BÁCH VIỆT"}},{"type":"Feature","geometry":{"type":"Point","coordinates":[105.957626223,10.192161359]},"properties":{"Mã số doanh nghiệp":"1501051399","Tên doanh nghiệp":"CÔNG TY TNHH MTV TCMN ĐỒNG TIẾN","Địa chỉ trụ sở chính":"Tổ 1, ấp Phước Tân, Xã Phú Quới","Người đại diện theo pháp luật":"BÙI VĂN OANH","Chủ sở hữu":"BÙI VĂN OANH","layer_id":288,"fid":776,"label":"CÔNG TY TNHH MTV TCMN ĐỒNG TIẾN"}},{"type":"Feature","geometry":{"type":"Point","coordinates":[106.084546894,10.108031323]},"properties":{"Mã số doanh nghiệp":"1500217073","Tên doanh nghiệp":"CÔNG TY TNHH THƯƠNG MẠI THANH PHONG","Địa chỉ trụ sở chính":"Số 61B, Ấp 7, Xã Trung Hiệp","Người đại diện theo pháp luật":"HUỲNH SANG","Chủ sở hữu":"HUỲNH SANG","layer_id":288,"fid":1366,"label":"CÔNG TY TNHH THƯƠNG MẠI THANH PHONG"}},{"type":"Feature","geometry":{"type":"Point","coordinates":[106.365163374,10.229119316]},"properties":{"Mã số doanh nghiệp":"1300357820","Tên doanh nghiệp":"CÔNG TY TRÁCH NHIỆM HỮU HẠN MỘT THÀNH VIÊN MINH CƯỜNG","Địa chỉ trụ sở chính":"Số 186C, ấp Mỹ An C, phường An Hội","Người đại diện theo pháp luật":"TRẦN MINH CƯỜNG","Chủ sở hữu":"TRẦN MINH CƯỜNG","layer_id":288,"fid":777,"label":"CÔNG TY TRÁCH NHIỆM HỮU HẠN MỘT THÀNH VIÊN MINH CƯỜNG"}},{"type":"Feature","geometry":{"type":"Point","coordinates":[106.340281829,9.958980365]},"properties":{"Mã số doanh nghiệp":"2100336744","Tên doanh nghiệp":"CÔNG TY CỔ PHẦN TƯ VẤN -THIẾT KẾ HỒNG ANH","Địa chỉ trụ sở chính":"Số 75 Phạm Ngũ Lão","Người đại diện theo pháp luật":"NGUYỄN TRUNG NGHĨA","Chủ sở hữu":null,"layer_id":288,"fid":213,"label":"CÔNG TY CỔ PHẦN TƯ VẤN -THIẾT KẾ HỒNG ANH"}},{"type":"Feature","geometry":{"type":"Point","coordinates":[106.306933065,9.923375362]},"properties":{"Mã số doanh nghiệp":"2100334634","Tên doanh nghiệp":"DOANH NGHIỆP TƯ NHÂN HOÀNG MINH","Địa chỉ trụ sở chính":"Đường tránh Quốc lộ 53, Khóm 4","Người đại diện theo pháp luật":null,"Chủ sở hữu":"VÕ VIỆT MINH","layer_id":288,"fid":214,"label":"DOANH NGHIỆP TƯ NHÂN HOÀNG MINH"}},{"type":"Feature","geometry":{"type":"Point","coordinates":[106.409384594,10.298990733]},"properties":{"Mã số doanh nghiệp":"1300358260","Tên doanh nghiệp":"CÔNG TY CỔ PHẦN  ĐÔNG HẢI BẾN TRE","Địa chỉ trụ sở chính":"Lô AIII, Khu công nghiệp Giao Long, Xã Giao Long","Người đại diện theo pháp luật":"LÊ BÁ PHƯƠNG","Chủ sở hữu":null,"layer_id":288,"fid":778,"label":"CÔNG TY CỔ PHẦN  ĐÔNG HẢI BẾN TRE"}},{"type":"Feature","geometry":{"type":"Point","coordinates":[106.342173886,9.907155366]},"properties":{"Mã số doanh nghiệp":"2100110200","Tên doanh nghiệp":"CÔNG TY CỔ PHẦN PHÁT TRIỂN ĐIỆN NÔNG THÔN TRÀ VINH","Địa chỉ trụ sở chính":"phường Trà Vinh","Người đại diện theo pháp luật":"TRƯƠNG VĂN ĐỊNH","Chủ sở hữu":null,"layer_id":288,"fid":215,"label":"CÔNG TY CỔ PHẦN PHÁT TRIỂN ĐIỆN NÔNG THÔN TRÀ VINH"}},{"type":"Feature","geometry":{"type":"Point","coordinates":[106.196312123,10.065417592]},"properties":{"Mã số doanh nghiệp":"1501037820","Tên doanh nghiệp":"CÔNG TY TNHH PHÂN BÓN HỮU CƠ SINH HỌC ĐẠT PHÁT NÔNG","Địa chỉ trụ sở chính":"Tổ 05, Ấp An Trung, Xã Trung Thành","Người đại diện theo pháp luật":"PHAN THỊ HỒNG NHẠN","Chủ sở hữu":"PHAN THỊ HỒNG NHẠN","layer_id":288,"fid":1367,"label":"CÔNG TY TNHH PHÂN BÓN HỮU CƠ SINH HỌC ĐẠT PHÁT NÔNG"}},{"type":"Feature","geometry":{"type":"Point","coordinates":[106.341180939,9.922161411]},"properties":{"Mã số doanh nghiệp":"2100110200","Tên doanh nghiệp":"CÔNG TY CỔ PHẦN PHÁT TRIỂN ĐIỆN NÔNG THÔN TRÀ VINH","Địa chỉ trụ sở chính":"phường Trà Vinh","Người đại diện theo pháp luật":"TRƯƠNG VĂN ĐỊNH","Chủ sở hữu":null,"layer_id":288,"fid":216,"label":"CÔNG TY CỔ PHẦN PHÁT TRIỂN ĐIỆN NÔNG THÔN TRÀ VINH"}},{"type":"Feature","geometry":{"type":"Point","coordinates":[106.394625264,10.285273192]},"properties":{"Mã số doanh nghiệp":"1300392166","Tên doanh nghiệp":"CÔNG TY TRÁCH NHIỆM HỮU HẠN IN - QUẢNG CÁO ÁNH SÁNG","Địa chỉ trụ sở chính":"Số 416, Nguyễn Thị Định, Phường Phú Khương","Người đại diện theo pháp luật":"PHẠM VIỆT ÁI","Chủ sở hữu":null,"layer_id":288,"fid":779,"label":"CÔNG TY TRÁCH NHIỆM HỮU HẠN IN - QUẢNG CÁO ÁNH SÁNG"}},{"type":"Feature","geometry":{"type":"Point","coordinates":[106.282820182,9.672779332]},"properties":{"Mã số doanh nghiệp":"2100395891","Tên doanh nghiệp":"DOANH NGHIỆP TƯ NHÂN SÁU DŨNG","Địa chỉ trụ sở chính":"đường Trần Thành Đại, Khóm 1, Xã Đại An","Người đại diện theo pháp luật":null,"Chủ sở hữu":"NGUYỄN VĂN DŨNG","layer_id":288,"fid":843,"label":"DOANH NGHIỆP TƯ NHÂN SÁU DŨNG"}},{"type":"Feature","geometry":{"type":"Point","coordinates":[106.354043952,10.246465402]},"properties":{"Mã số doanh nghiệp":"1301029276","Tên doanh nghiệp":"CÔNG TY TNHH THUỐC THÚ Y THỦY SẢN LAN ANH","Địa chỉ trụ sở chính":"183, đường Võ Nguyên Giáp, ấp Bình Thành, phường Bến Tre","Người đại diện theo pháp luật":"TRẦM VĂN ĐỞM","Chủ sở hữu":"TRẦM VĂN ĐỞM","layer_id":288,"fid":1368,"label":"CÔNG TY TNHH THUỐC THÚ Y THỦY SẢN LAN ANH"}},{"type":"Feature","geometry":{"type":"Point","coordinates":[106.338766831,9.926973029]},"properties":{"Mã số doanh nghiệp":"2100294646","Tên doanh nghiệp":"CÔNG TY CỔ PHẦN TƯ VẤN THIẾT KẾ KỸ THUẬT XÂY DỰNG MIỀN TÂY","Địa chỉ trụ sở chính":"542 Phan Đình Phùng, Khóm 3","Người đại diện theo pháp luật":"NGUYỄN MINH VƯƠNG","Chủ sở hữu":null,"layer_id":288,"fid":217,"label":"CÔNG TY CỔ PHẦN TƯ VẤN THIẾT KẾ KỸ THUẬT XÂY DỰNG MIỀN TÂY"}},{"type":"Feature","geometry":{"type":"Point","coordinates":[106.400157152,10.298939933]},"properties":{"Mã số doanh nghiệp":"1301049191","Tên doanh nghiệp":"CÔNG TY CỔ PHẦN XUẤT NHẬP KHẨU BAO BÌ ASEAN","Địa chỉ trụ sở chính":"Lô A IV-2, KCN Giao Long GĐ II, Xã Giao Long","Người đại diện theo pháp luật":"PHAN HOÀNG HẢI","Chủ sở hữu":null,"layer_id":288,"fid":780,"label":"CÔNG TY CỔ PHẦN XUẤT NHẬP KHẨU BAO BÌ ASEAN"}},{"type":"Feature","geometry":{"type":"Point","coordinates":[106.339875602,9.931592509]},"properties":{"Mã số doanh nghiệp":"2100323054","Tên doanh nghiệp":"CÔNG TY CỔ PHẦN XÂY DỰNG PHÚ THÀNH","Địa chỉ trụ sở chính":"Số 2 Phan Đình Phùng, Khóm 3","Người đại diện theo pháp luật":"NGUYỄN VŨ LANG","Chủ sở hữu":null,"layer_id":288,"fid":218,"label":"CÔNG TY CỔ PHẦN XÂY DỰNG PHÚ THÀNH"}},{"type":"Feature","geometry":{"type":"Point","coordinates":[106.342776444,9.942241445]},"properties":{"Mã số doanh nghiệp":"2100356684","Tên doanh nghiệp":"CÔNG TY CỔ PHẦN ĐẦU TƯ VÀ XÂY DỰNG VIỄN THÔNG THANH LONG","Địa chỉ trụ sở chính":"phường Trà Vinh","Người đại diện theo pháp luật":"MÃ QUỐC CANG","Chủ sở hữu":null,"layer_id":288,"fid":219,"label":"CÔNG TY CỔ PHẦN ĐẦU TƯ VÀ XÂY DỰNG VIỄN THÔNG THANH LONG"}},{"type":"Feature","geometry":{"type":"Point","coordinates":[106.324581394,10.269841643]},"properties":{"Mã số doanh nghiệp":"1301057308","Tên doanh nghiệp":"CÔNG TY TRÁCH NHIỆM HỮU HẠN VĂN MAI HƯNG","Địa chỉ trụ sở chính":"408/3, ấp 3, phường Sơn Đông","Người đại diện theo pháp luật":"HÀ THANH VĂN","Chủ sở hữu":null,"layer_id":288,"fid":781,"label":"CÔNG TY TRÁCH NHIỆM HỮU HẠN VĂN MAI HƯNG"}},{"type":"Feature","geometry":{"type":"Point","coordinates":[106.338321938,9.924509042]},"properties":{"Mã số doanh nghiệp":"2100361557","Tên doanh nghiệp":"CÔNG TY CỔ PHẦN TƯ VẤN THIẾT KẾ XÂY DỰNG HƯNG LONG","Địa chỉ trụ sở chính":"Số 461B Phan Đình Phùng, Khóm 3","Người đại diện theo pháp luật":"NGUYỄN MINH DŨNG","Chủ sở hữu":null,"layer_id":288,"fid":220,"label":"CÔNG TY CỔ PHẦN TƯ VẤN THIẾT KẾ XÂY DỰNG HƯNG LONG"}},{"type":"Feature","geometry":{"type":"Point","coordinates":[106.380178736,10.235695316]},"properties":{"Mã số doanh nghiệp":"1300404848","Tên doanh nghiệp":"DOANH NGHIỆP TƯ NHÂN  THU DUNG","Địa chỉ trụ sở chính":"Số 27/6, Lê Lợi, Phường An Hội","Người đại diện theo pháp luật":null,"Chủ sở hữu":"NGUYỄN THỊ THU","layer_id":288,"fid":1369,"label":"DOANH NGHIỆP TƯ NHÂN  THU DUNG"}},{"type":"Feature","geometry":{"type":"Point","coordinates":[105.965600252,10.253985612]},"properties":{"Mã số doanh nghiệp":"1500994023","Tên doanh nghiệp":"CÔNG TY TNHH MTV IN XUÂN TRANG","Địa chỉ trụ sở chính":"Số 124 đường Lê Thái Tổ, Phường Long Châu","Người đại diện theo pháp luật":"NGÔ THANH TRUNG","Chủ sở hữu":"NGÔ THANH TRUNG","layer_id":288,"fid":782,"label":"CÔNG TY TNHH MTV IN XUÂN TRANG"}},{"type":"Feature","geometry":{"type":"Point","coordinates":[106.356415265,10.245572145]},"properties":{"Mã số doanh nghiệp":"1300934556","Tên doanh nghiệp":"CÔNG TY TNHH SẢN XUẤT VÀ THƯƠNG MẠI NỆM NỘI THẤT NAM VIỆT ","Địa chỉ trụ sở chính":"khu phố Bình Khởi, Phường Sơn Đông","Người đại diện theo pháp luật":"NGUYỄN BÉ VIỆC","Chủ sở hữu":"NGUYỄN BÉ VIỆC","layer_id":288,"fid":1370,"label":"CÔNG TY TNHH SẢN XUẤT VÀ THƯƠNG MẠI NỆM NỘI THẤT NAM VIỆT "}},{"type":"Feature","geometry":{"type":"Point","coordinates":[106.340183932,9.931792628]},"properties":{"Mã số doanh nghiệp":"2100392410","Tên doanh nghiệp":"CÔNG TY CỔ PHẦN TƯ VẤN - KIỂM ĐỊNH XÂY DỰNG TOÀN PHÚC","Địa chỉ trụ sở chính":"Số 4A Phan Đình Phùng","Người đại diện theo pháp luật":"NGUYỄN TẤN THÀNH","Chủ sở hữu":null,"layer_id":288,"fid":221,"label":"CÔNG TY CỔ PHẦN TƯ VẤN - KIỂM ĐỊNH XÂY DỰNG TOÀN PHÚC"}},{"type":"Feature","geometry":{"type":"Point","coordinates":[105.962360452,10.253274625]},"properties":{"Mã số doanh nghiệp":"1500172827","Tên doanh nghiệp":"CÔNG TY CỔ PHẦN IN NGUYỄN VĂN THẢNH VĨNH LONG","Địa chỉ trụ sở chính":"Số 48 đường Nguyễn Huệ, Phường Long Châu","Người đại diện theo pháp luật":"NGUYỄN MINH TIẾN","Chủ sở hữu":null,"layer_id":288,"fid":783,"label":"CÔNG TY CỔ PHẦN IN NGUYỄN VĂN THẢNH VĨNH LONG"}},{"type":"Feature","geometry":{"type":"Point","coordinates":[106.33909366,9.959999071]},"properties":{"Mã số doanh nghiệp":"2100398074","Tên doanh nghiệp":"CÔNG TY CỔ PHẦN XÂY DỰNG KHÁNH MINH","Địa chỉ trụ sở chính":"Số A3/15 chung cư Hồng Lực, Phạm Ngũ Lão, Khóm 3","Người đại diện theo pháp luật":"BÙI NGỌC PHÁT","Chủ sở hữu":null,"layer_id":288,"fid":222,"label":"CÔNG TY CỔ PHẦN XÂY DỰNG KHÁNH MINH"}},{"type":"Feature","geometry":{"type":"Point","coordinates":[106.419975494,10.215041018]},"properties":{"Mã số doanh nghiệp":"1300964399","Tên doanh nghiệp":"CÔNG TY TNHH MỘT THÀNH VIÊN XUẤT NHẬP KHẨU DỪA KHẢI DOANH","Địa chỉ trụ sở chính":"Ấp Nghĩa Huấn, Xã Lương Phú","Người đại diện theo pháp luật":"CAO HUỲNH YẾN NGỌC","Chủ sở hữu":"CAO HUỲNH YẾN NGỌC","layer_id":288,"fid":223,"label":"CÔNG TY TNHH MỘT THÀNH VIÊN XUẤT NHẬP KHẨU DỪA KHẢI DOANH"}},{"type":"Feature","geometry":{"type":"Point","coordinates":[105.975266636,10.233705686]},"properties":{"Mã số doanh nghiệp":"1501065384","Tên doanh nghiệp":"CÔNG TY TNHH MTV THƯƠNG MẠI DỊCH VỤ IN KIẾN TƯỜNG","Địa chỉ trụ sở chính":"Số 68/5G đường Phó Cơ Điều, khóm 2, Phường Phước Hậu","Người đại diện theo pháp luật":"BÙI HUY QUANG","Chủ sở hữu":"BÙI HUY QUANG","layer_id":288,"fid":784,"label":"CÔNG TY TNHH MTV THƯƠNG MẠI DỊCH VỤ IN KIẾN TƯỜNG"}},{"type":"Feature","geometry":{"type":"Point","coordinates":[106.381025965,10.252175841]},"properties":{"Mã số doanh nghiệp":"1300697062","Tên doanh nghiệp":"CÔNG TY CỔ PHẦN PHÂN BÓN VĨNH PHÁT","Địa chỉ trụ sở chính":"Số 596F, khu phố 2, Phường Phú Khương","Người đại diện theo pháp luật":"LÊ HỒNG NGỌC ANH","Chủ sở hữu":null,"layer_id":288,"fid":1371,"label":"CÔNG TY CỔ PHẦN PHÂN BÓN VĨNH PHÁT"}},{"type":"Feature","geometry":{"type":"Point","coordinates":[105.995901192,10.248088901]},"properties":{"Mã số doanh nghiệp":"1500471714","Tên doanh nghiệp":"CÔNG TY TNHH MTV SẢN XUẤT THƯƠNG MẠI IN PHƯỚC CHÂU","Địa chỉ trụ sở chính":"Số 72 A/05, Ấp Long Hưng, phường Thanh Đức","Người đại diện theo pháp luật":"TRẦN THỊ TRANG","Chủ sở hữu":"TRẦN THỊ TRANG","layer_id":288,"fid":785,"label":"CÔNG TY TNHH MTV SẢN XUẤT THƯƠNG MẠI IN PHƯỚC CHÂU"}},{"type":"Feature","geometry":{"type":"Point","coordinates":[106.235542808,10.276012452]},"properties":{"Mã số doanh nghiệp":"1300420254","Tên doanh nghiệp":"CÔNG TY TNHH  THƯƠNG MẠI - SẢN XUẤT NHẬT QUANG","Địa chỉ trụ sở chính":null,"Người đại diện theo pháp luật":"LÊ KIẾN QUỐC","Chủ sở hữu":null,"layer_id":288,"fid":1372,"label":"CÔNG TY TNHH  THƯƠNG MẠI - SẢN XUẤT NHẬT QUANG"}},{"type":"Feature","geometry":{"type":"Point","coordinates":[106.517955815,10.198054467]},"properties":{"Mã số doanh nghiệp":"1300485759","Tên doanh nghiệp":"CÔNG TY TRÁCH NHIỆM HỮU HẠN SẢN XUẤT - THƯƠNG MẠI CHỈ XƠ DỪA DIỆU PHONG","Địa chỉ trụ sở chính":"Số 195, Tổ 13, ấp Phú Thuận, Xã Châu Hòa","Người đại diện theo pháp luật":"NGUYỄN VĂN PHONG","Chủ sở hữu":"NGUYỄN VĂN PHONG","layer_id":288,"fid":224,"label":"CÔNG TY TRÁCH NHIỆM HỮU HẠN SẢN XUẤT - THƯƠNG MẠI CHỈ XƠ DỪA DIỆU PHONG"}},{"type":"Feature","geometry":{"type":"Point","coordinates":[106.343152036,9.897658912]},"properties":{"Mã số doanh nghiệp":"2100274872","Tên doanh nghiệp":"CÔNG TY CỔ PHẦN  DƯỢC PHẨM TV.PHARM","Địa chỉ trụ sở chính":"Số 27, Đường Nguyễn Chí Thanh, Khóm 21, Phường Trà Vinh","Người đại diện theo pháp luật":"NGUYỄN ĐẮC HẢI","Chủ sở hữu":null,"layer_id":288,"fid":225,"label":"CÔNG TY CỔ PHẦN  DƯỢC PHẨM TV.PHARM"}},{"type":"Feature","geometry":{"type":"Point","coordinates":[106.304841165,10.109105898]},"properties":{"Mã số doanh nghiệp":"1301052878","Tên doanh nghiệp":"CÔNG TY TNHH THƯƠNG MẠI XUẤT NHẬP KHẨU VIỆT MALAYSIA","Địa chỉ trụ sở chính":"Số 252/1B, ấp Vĩnh Khánh, Xã  Mỏ Cày ","Người đại diện theo pháp luật":"TRẦN THỊ YẾN LY","Chủ sở hữu":"TRẦN THỊ YẾN LY","layer_id":288,"fid":1373,"label":"CÔNG TY TNHH THƯƠNG MẠI XUẤT NHẬP KHẨU VIỆT MALAYSIA"}},{"type":"Feature","geometry":{"type":"Point","coordinates":[106.394948136,10.249134143]},"properties":{"Mã số doanh nghiệp":"1300561784","Tên doanh nghiệp":"CÔNG TY TNHH IN -  BAO BÌ NAM VIỆT","Địa chỉ trụ sở chính":"Số 624D, ấp Phú Chiến phường Phú Khương","Người đại diện theo pháp luật":"HỒ BÌNH TRỌNG","Chủ sở hữu":null,"layer_id":288,"fid":786,"label":"CÔNG TY TNHH IN -  BAO BÌ NAM VIỆT"}},{"type":"Feature","geometry":{"type":"Point","coordinates":[106.343184223,9.897701188]},"properties":{"Mã số doanh nghiệp":"2100274872","Tên doanh nghiệp":"CÔNG TY CỔ PHẦN  DƯỢC PHẨM TV.PHARM","Địa chỉ trụ sở chính":"Số 27, Đường Nguyễn Chí Thanh, Khóm 21, Phường Trà Vinh","Người đại diện theo pháp luật":"NGUYỄN VĂN TẨM","Chủ sở hữu":null,"layer_id":288,"fid":226,"label":"CÔNG TY CỔ PHẦN  DƯỢC PHẨM TV.PHARM"}},{"type":"Feature","geometry":{"type":"Point","coordinates":[106.359736685,9.991831147]},"properties":{"Mã số doanh nghiệp":"1501055763","Tên doanh nghiệp":"CÔNG TY TNHH CÔNG NGHỆ SINH HỌC GREENFARM","Địa chỉ trụ sở chính":"Tổ 18, ấp 6B, Xã Song Phú","Người đại diện theo pháp luật":"ĐẶNG CHÍ CÔNG","Chủ sở hữu":null,"layer_id":288,"fid":227,"label":"CÔNG TY TNHH CÔNG NGHỆ SINH HỌC GREENFARM"}},{"type":"Feature","geometry":{"type":"Point","coordinates":[106.4064238,10.014940624]},"properties":{"Mã số doanh nghiệp":"1300982006","Tên doanh nghiệp":"CÔNG TY TNHH MỘT THÀNH VIÊN QUẢNG CÁO NGUYỄN VĂN NGOAN","Địa chỉ trụ sở chính":"Số 384, ấp Thị, Xã Hương Mỹ","Người đại diện theo pháp luật":"NGUYỄN VĂN NGOAN","Chủ sở hữu":"NGUYỄN VĂN NGOAN","layer_id":288,"fid":787,"label":"CÔNG TY TNHH MỘT THÀNH VIÊN QUẢNG CÁO NGUYỄN VĂN NGOAN"}},{"type":"Feature","geometry":{"type":"Point","coordinates":[106.324935908,10.129003956]},"properties":{"Mã số doanh nghiệp":"1301038986","Tên doanh nghiệp":"CÔNG TY TNHH ĐẦU TƯ SẢN XUẤT THƯƠNG MẠI ĐẤT VIỆT","Địa chỉ trụ sở chính":"ố 1158, ấp Phú Quới, Xã Mỏ Cày","Người đại diện theo pháp luật":"VŨ PHƯƠNG NAM","Chủ sở hữu":null,"layer_id":288,"fid":1374,"label":"CÔNG TY TNHH ĐẦU TƯ SẢN XUẤT THƯƠNG MẠI ĐẤT VIỆT"}},{"type":"Feature","geometry":{"type":"Point","coordinates":[106.581993852,10.045874906]},"properties":{"Mã số doanh nghiệp":"1301028466","Tên doanh nghiệp":"CÔNG TY TNHH  MỘT THÀNH VIÊN NĂM HOÀNG THẮNG","Địa chỉ trụ sở chính":"71, khu phố 2, Thị Trấn Ba Tri, xã Ba Tri","Người đại diện theo pháp luật":"HÀ QUỐC THẮNG","Chủ sở hữu":"HÀ QUỐC THẮNG","layer_id":288,"fid":788,"label":"CÔNG TY TNHH  MỘT THÀNH VIÊN NĂM HOÀNG THẮNG"}},{"type":"Feature","geometry":{"type":"Point","coordinates":[105.984834867,10.258861651]},"properties":{"Mã số doanh nghiệp":"1500202535","Tên doanh nghiệp":"CÔNG TY CỔ PHẦN DƯỢC PHẨM CỬU LONG","Địa chỉ trụ sở chính":"Số 150 đường 14 tháng 9, Phường Thanh Đức","Người đại diện theo pháp luật":"NGUYỄN THỊ THU HƯỜNG","Chủ sở hữu":null,"layer_id":288,"fid":228,"label":"CÔNG TY CỔ PHẦN DƯỢC PHẨM CỬU LONG"}},{"type":"Feature","geometry":{"type":"Point","coordinates":[105.984813409,10.258819422]},"properties":{"Mã số doanh nghiệp":"1500202535","Tên doanh nghiệp":"CÔNG TY CỔ PHẦN DƯỢC PHẨM CỬU LONG","Địa chỉ trụ sở chính":"Số 150 đường 14 tháng 9, Phường Thanh Đức","Người đại diện theo pháp luật":"NGUYỄN VĂN SANG ","Chủ sở hữu":null,"layer_id":288,"fid":229,"label":"CÔNG TY CỔ PHẦN DƯỢC PHẨM CỬU LONG"}},{"type":"Feature","geometry":{"type":"Point","coordinates":[106.335330536,10.127349985]},"properties":{"Mã số doanh nghiệp":"1301035706","Tên doanh nghiệp":"CÔNG TY TRÁCH NHIỆM HỮU HẠN MỘT THÀNH VIÊN THUỐC THÚ Y THỦY SẢN TẤN LỢI T&T","Địa chỉ trụ sở chính":"Số 245/16, khu phố 3, QL 60, xã Mỏ Cày","Người đại diện theo pháp luật":"LÊ QUANG HIẾU","Chủ sở hữu":"LÊ QUANG HIẾU","layer_id":288,"fid":1375,"label":"CÔNG TY TRÁCH NHIỆM HỮU HẠN MỘT THÀNH VIÊN THUỐC THÚ Y THỦY SẢN TẤN LỢI T&T"}},{"type":"Feature","geometry":{"type":"Point","coordinates":[106.340671794,9.933481418]},"properties":{"Mã số doanh nghiệp":"2100113258","Tên doanh nghiệp":"CÔNG TY CỔ PHẦN VĂN HÓA TỔNG HỢP TRÀ VINH","Địa chỉ trụ sở chính":"Số 72A Trần Phú, Phường Trà Vinh","Người đại diện theo pháp luật":"NGUYỄN QUANG KHÁNH","Chủ sở hữu":null,"layer_id":288,"fid":789,"label":"CÔNG TY CỔ PHẦN VĂN HÓA TỔNG HỢP TRÀ VINH"}},{"type":"Feature","geometry":{"type":"Point","coordinates":[105.969149236,10.256404168]},"properties":{"Mã số doanh nghiệp":"1501024758","Tên doanh nghiệp":"CÔNG TY TNHH MỘT THÀNH VIÊN ĐỨC THỌ SANH","Địa chỉ trụ sở chính":"Số 04 đường Trưng Nữ Vương, Phường Long Châu","Người đại diện theo pháp luật":"LÝ TẤN THÀNH","Chủ sở hữu":"LÝ TẤN THÀNH","layer_id":288,"fid":230,"label":"CÔNG TY TNHH MỘT THÀNH VIÊN ĐỨC THỌ SANH"}},{"type":"Feature","geometry":{"type":"Point","coordinates":[105.973041859,10.235629957]},"properties":{"Mã số doanh nghiệp":"0302089501","Tên doanh nghiệp":"CÔNG TY TNHH LONG CHÂU","Địa chỉ trụ sở chính":"Số 69/21 đường Phó Cơ Điều, Phường Phước Hậu","Người đại diện theo pháp luật":"TRẦN THỊ KIM LOAN","Chủ sở hữu":null,"layer_id":288,"fid":231,"label":"CÔNG TY TNHH LONG CHÂU"}},{"type":"Feature","geometry":{"type":"Point","coordinates":[106.340951265,9.936038881]},"properties":{"Mã số doanh nghiệp":"2100556108","Tên doanh nghiệp":"CÔNG TY TNHH MỘT THÀNH VIÊN QUẢNG CÁO MINH MẪN","Địa chỉ trụ sở chính":"Số Nhà 02, Đường Nam Kỳ Khởi Nghĩa, Khóm 3, Phường Trà Vinh","Người đại diện theo pháp luật":"HUỲNH PHƯƠNG QUÊ","Chủ sở hữu":"HUỲNH PHƯƠNG QUÊ","layer_id":288,"fid":790,"label":"CÔNG TY TNHH MỘT THÀNH VIÊN QUẢNG CÁO MINH MẪN"}},{"type":"Feature","geometry":{"type":"Point","coordinates":[106.34217582,9.907164114]},"properties":{"Mã số doanh nghiệp":"2100110200","Tên doanh nghiệp":"CÔNG TY CỔ PHẦN PHÁT TRIỂN ĐIỆN TRÀ VINH","Địa chỉ trụ sở chính":"Số 68, Nguyễn Chí Thanh, khóm 1, Phường Trà Vinh","Người đại diện theo pháp luật":"LÝ NGỌC TUẤN ","Chủ sở hữu":null,"layer_id":288,"fid":1376,"label":"CÔNG TY CỔ PHẦN PHÁT TRIỂN ĐIỆN TRÀ VINH"}},{"type":"Feature","geometry":{"type":"Point","coordinates":[105.927772504,10.273539239]},"properties":{"Mã số doanh nghiệp":"1501057383","Tên doanh nghiệp":"CÔNG TY TNHH SẢN XUẤT NHỰA THÁI HOA","Địa chỉ trụ sở chính":"Số 9H, tổ 1, khóm Tân Quới Hưng, phường Long Châu","Người đại diện theo pháp luật":"TRẦN UYỂN SANG","Chủ sở hữu":null,"layer_id":288,"fid":232,"label":"CÔNG TY TNHH SẢN XUẤT NHỰA THÁI HOA"}},{"type":"Feature","geometry":{"type":"Point","coordinates":[106.354175494,10.279390192]},"properties":{"Mã số doanh nghiệp":"1301028314","Tên doanh nghiệp":"CÔNG TY TRÁCH NHIỆM HỮU HẠN  MỘT THÀNH VIÊN IN HƯNG PHÚ","Địa chỉ trụ sở chính":"Số 119H, HL173, Khu phố Phú Hữu, Phường Phú Tân","Người đại diện theo pháp luật":"TRƯƠNG THỊ MỸ HẰNG","Chủ sở hữu":"TRƯƠNG THỊ MỸ HẰNG","layer_id":288,"fid":791,"label":"CÔNG TY TRÁCH NHIỆM HỮU HẠN  MỘT THÀNH VIÊN IN HƯNG PHÚ"}},{"type":"Feature","geometry":{"type":"Point","coordinates":[105.798505736,10.067954144]},"properties":{"Mã số doanh nghiệp":"1500477106","Tên doanh nghiệp":"CÔNG TY TNHH SẢN XUẤT - THƯƠNG MẠI NHỰA HỒNG HẢI ĐĂNG","Địa chỉ trụ sở chính":"Số 10/1 tổ 1 dân cư khóm II, Phường Cái Vồn","Người đại diện theo pháp luật":"HUỲNH THANH HÙNG","Chủ sở hữu":null,"layer_id":288,"fid":233,"label":"CÔNG TY TNHH SẢN XUẤT - THƯƠNG MẠI NHỰA HỒNG HẢI ĐĂNG"}},{"type":"Feature","geometry":{"type":"Point","coordinates":[106.344681371,9.923843787]},"properties":{"Mã số doanh nghiệp":"2100618315","Tên doanh nghiệp":"CÔNG TY TNHH SX TM DV KING FARM","Địa chỉ trụ sở chính":"79 Nguyễn Thiện Thành, Khóm 4, Phường Hòa Thuận","Người đại diện theo pháp luật":"TỐNG THANH THẢO  ","Chủ sở hữu":"HỒ MINH HOÀNG","layer_id":288,"fid":1377,"label":"CÔNG TY TNHH SX TM DV KING FARM"}},{"type":"Feature","geometry":{"type":"Point","coordinates":[105.843643536,10.076398357]},"properties":{"Mã số doanh nghiệp":"1500407363","Tên doanh nghiệp":"CÔNG TY TRÁCH NHIỆM HỮU HẠN NHỰA THỊNH HÒA","Địa chỉ trụ sở chính":"Số 0965, tổ 14, ấp Thuận Tiến B, phường Bình Minh","Người đại diện theo pháp luật":"THÁI TRẦM CÁT HUYÊN","Chủ sở hữu":null,"layer_id":288,"fid":234,"label":"CÔNG TY TRÁCH NHIỆM HỮU HẠN NHỰA THỊNH HÒA"}},{"type":"Feature","geometry":{"type":"Point","coordinates":[105.98586275,10.231924887]},"properties":{"Mã số doanh nghiệp":"1501074050","Tên doanh nghiệp":"CÔNG TY TNHH IN CẢNH HỒNG","Địa chỉ trụ sở chính":"Số 67/19B đường Phó Cơ Điều, Phường Phước Hậu","Người đại diện theo pháp luật":"NGUYỄN THỊ KIM CHI","Chủ sở hữu":null,"layer_id":288,"fid":792,"label":"CÔNG TY TNHH IN CẢNH HỒNG"}},{"type":"Feature","geometry":{"type":"Point","coordinates":[106.350338086,10.237574909]},"properties":{"Mã số doanh nghiệp":"1301057322","Tên doanh nghiệp":"CÔNG TY TRÁCH NHIỆM HỮU HẠN IN TIẾN PHÚC","Địa chỉ trụ sở chính":"Số 336A, Khu phố 1, Phường Bến Tre","Người đại diện theo pháp luật":"HÀ NHẬT TIẾN","Chủ sở hữu":null,"layer_id":288,"fid":793,"label":"CÔNG TY TRÁCH NHIỆM HỮU HẠN IN TIẾN PHÚC"}},{"type":"Feature","geometry":{"type":"Point","coordinates":[106.349807294,9.924119534]},"properties":{"Mã số doanh nghiệp":"2100598958","Tên doanh nghiệp":"CÔNG TY TNHH PHÂN BÓN HÓA NÔNG VIỆT NHẬT","Địa chỉ trụ sở chính":"79 Nguyễn Thiện Thành, khóm 4, Phường Hòa Thuận","Người đại diện theo pháp luật":"LÂM MẠNH THƯỜNG","Chủ sở hữu":"HỒ MINH HOÀNG","layer_id":288,"fid":1378,"label":"CÔNG TY TNHH PHÂN BÓN HÓA NÔNG VIỆT NHẬT"}},{"type":"Feature","geometry":{"type":"Point","coordinates":[106.340013952,10.26675323]},"properties":{"Mã số doanh nghiệp":"1300759784","Tên doanh nghiệp":"CÔNG TY TRÁCH NHIỆM HỮU HẠN TÔN, NHỰA THÁI THÀNH","Địa chỉ trụ sở chính":"Ấp 2, phường Sơn Đông","Người đại diện theo pháp luật":"HUỲNH NGỌC DIỄM PHƯƠNG","Chủ sở hữu":null,"layer_id":288,"fid":235,"label":"CÔNG TY TRÁCH NHIỆM HỮU HẠN TÔN, NHỰA THÁI THÀNH"}},{"type":"Feature","geometry":{"type":"Point","coordinates":[106.490465609,9.638130503]},"properties":{"Mã số doanh nghiệp":"2100307373","Tên doanh nghiệp":"DOANH NGHIỆP TƯ NHÂN NĂM SỸ","Địa chỉ trụ sở chính":"Số 156 Quốc lộ 53, Khóm Phước Trị, Phường Duyên Hải","Người đại diện theo pháp luật":null,"Chủ sở hữu":"NGUYỄN QUỐC LỊNH","layer_id":288,"fid":1380,"label":"DOANH NGHIỆP TƯ NHÂN NĂM SỸ"}},{"type":"Feature","geometry":{"type":"Point","coordinates":[106.701696673,10.176861624]},"properties":{"Mã số doanh nghiệp":"1300965716","Tên doanh nghiệp":"DOANH NGHIỆP TƯ NHÂN  NGỌC SANG BT- 99145 -TS","Địa chỉ trụ sở chính":"Ấp 4, Xã Bình Đại","Người đại diện theo pháp luật":null,"Chủ sở hữu":"TRẦN THỊ NẾT","layer_id":288,"fid":290,"label":"DOANH NGHIỆP TƯ NHÂN  NGỌC SANG BT- 99145 -TS"}},{"type":"Feature","geometry":{"type":"Point","coordinates":[106.424740308,10.308234937]},"properties":{"Mã số doanh nghiệp":"1300595494","Tên doanh nghiệp":"CÔNG TY CỔ PHẦN  SẢN XUẤT - THƯƠNG MẠI PHƯƠNG ĐÔNG","Địa chỉ trụ sở chính":"Khu công nghiệp Giao Long, Xã Giao Long","Người đại diện theo pháp luật":"SUCHAI KOSRIYARAKVONG","Chủ sở hữu":null,"layer_id":288,"fid":236,"label":"CÔNG TY CỔ PHẦN  SẢN XUẤT - THƯƠNG MẠI PHƯƠNG ĐÔNG"}},{"type":"Feature","geometry":{"type":"Point","coordinates":[106.703003034,10.186990771]},"properties":{"Mã số doanh nghiệp":"1301009706","Tên doanh nghiệp":"CÔNG TY TNHH THIẾT KẾ - IN SẮC MÀU","Địa chỉ trụ sở chính":"Số nhà 503, ấp Bình Thới 3, Xã Bình Đại","Người đại diện theo pháp luật":"VÕ CHÍ DŨ","Chủ sở hữu":null,"layer_id":288,"fid":795,"label":"CÔNG TY TNHH THIẾT KẾ - IN SẮC MÀU"}},{"type":"Feature","geometry":{"type":"Point","coordinates":[106.403485552,10.298861021]},"properties":{"Mã số doanh nghiệp":"1301011053","Tên doanh nghiệp":"CÔNG TY TNHH BAO BÌ WALLY VIỆT NAM","Địa chỉ trụ sở chính":"Lô A13, KCN Giao Long, Xã Giao Long","Người đại diện theo pháp luật":"TAN XIUJIN","Chủ sở hữu":null,"layer_id":288,"fid":237,"label":"CÔNG TY TNHH BAO BÌ WALLY VIỆT NAM"}},{"type":"Feature","geometry":{"type":"Point","coordinates":[106.393568394,10.238049914]},"properties":{"Mã số doanh nghiệp":"1301012762","Tên doanh nghiệp":"CÔNG TY TNHH MỘT THÀNH VIÊN IN - THIẾT KẾ - QUẢNG CÁO MAI VÀNG","Địa chỉ trụ sở chính":"109B1, Nguyễn Đình Chiểu, Khu phố 7, Phường Phú Khương","Người đại diện theo pháp luật":"LÊ VĂN ĐẸP","Chủ sở hữu":"LÊ VĂN ĐẸP ","layer_id":288,"fid":794,"label":"CÔNG TY TNHH MỘT THÀNH VIÊN IN - THIẾT KẾ - QUẢNG CÁO MAI VÀNG"}},{"type":"Feature","geometry":{"type":"Point","coordinates":[106.346647736,9.972020626]},"properties":{"Mã số doanh nghiệp":"2100461706","Tên doanh nghiệp":"CÔNG TY TNHH YING HSIN","Địa chỉ trụ sở chính":"Khu Công nghiệp Long Đức, Ấp Vĩnh Yên, phường Long Đức","Người đại diện theo pháp luật":"TRẦN THỊ HƯỚNG","Chủ sở hữu":null,"layer_id":288,"fid":238,"label":"CÔNG TY TNHH YING HSIN"}},{"type":"Feature","geometry":{"type":"Point","coordinates":[106.175748623,10.008118433]},"properties":{"Mã số doanh nghiệp":"2100634892","Tên doanh nghiệp":"CÔNG TY TNHH ĐỒNG PHÁT DOPHACO","Địa chỉ trụ sở chính":"ấp số 2, Xã Mỹ Cẩm, xã Càng Long","Người đại diện theo pháp luật":"ĐỒNG THANH PHONG ","Chủ sở hữu":null,"layer_id":288,"fid":1379,"label":"CÔNG TY TNHH ĐỒNG PHÁT DOPHACO"}},{"type":"Feature","geometry":{"type":"Point","coordinates":[106.341074394,9.934699049]},"properties":{"Mã số doanh nghiệp":"2100606493","Tên doanh nghiệp":"CÔNG TY TNHH DỊCH VỤ HỮU NHÂN","Địa chỉ trụ sở chính":"Đường Nam Kỳ Khởi Nghĩa, phường Trà Vinh","Người đại diện theo pháp luật":"ĐẶNG VĂN HÙNG","Chủ sở hữu":"ĐẶNG VĂN HÙNG","layer_id":288,"fid":239,"label":"CÔNG TY TNHH DỊCH VỤ HỮU NHÂN"}},{"type":"Feature","geometry":{"type":"Point","coordinates":[106.576085694,10.150139652]},"properties":{"Mã số doanh nghiệp":"1300976806","Tên doanh nghiệp":"CÔNG TY TNHH NHIÊN LIỆU XANH TẤN LÊ","Địa chỉ trụ sở chính":"079/MH, ấp Mỹ Hòa, Xã Mỹ Chánh Hòa","Người đại diện theo pháp luật":"LÊ VĂN PHÁT","Chủ sở hữu":"LÊ VĂN PHÁT","layer_id":288,"fid":796,"label":"CÔNG TY TNHH NHIÊN LIỆU XANH TẤN LÊ"}},{"type":"Feature","geometry":{"type":"Point","coordinates":[106.340955408,9.868869972]},"properties":{"Mã số doanh nghiệp":"2100572131","Tên doanh nghiệp":"CÔNG TY TNHH MỘT THÀNH VIÊN MỸ NGUYÊN VIỆT NAM","Địa chỉ trụ sở chính":"Ấp Thanh Trì A, Xã Châu Thành","Người đại diện theo pháp luật":"TRẦN CHÍ ĐỨC","Chủ sở hữu":"TRẦN CHÍ ĐỨC","layer_id":288,"fid":240,"label":"CÔNG TY TNHH MỘT THÀNH VIÊN MỸ NGUYÊN VIỆT NAM"}},{"type":"Feature","geometry":{"type":"Point","coordinates":[106.334677556,9.934510478]},"properties":{"Mã số doanh nghiệp":"2100309684","Tên doanh nghiệp":"CÔNG TY TNHH DỊCH VỤ QUẢNG CÁO THƯƠNG MẠI TRẦN MINH NHỰT","Địa chỉ trụ sở chính":"Số 102A, Nguyễn Thị Minh Khai, Phường Nguyệt Hóa","Người đại diện theo pháp luật":"TRẦN MINH NHỰT","Chủ sở hữu":"TRẦN MINH NHỰT","layer_id":288,"fid":1381,"label":"CÔNG TY TNHH DỊCH VỤ QUẢNG CÁO THƯƠNG MẠI TRẦN MINH NHỰT"}},{"type":"Feature","geometry":{"type":"Point","coordinates":[106.008911465,10.254604941]},"properties":{"Mã số doanh nghiệp":"1500188400","Tên doanh nghiệp":"DOANH NGHIỆP TƯ NHÂN PHONG VÂN","Địa chỉ trụ sở chính":"Số 54 ấp Thanh Sơn, phường Thanh Đức","Người đại diện theo pháp luật":null,"Chủ sở hữu":"HỒ THỊ LIÊM","layer_id":288,"fid":241,"label":"DOANH NGHIỆP TƯ NHÂN PHONG VÂN"}},{"type":"Feature","geometry":{"type":"Point","coordinates":[105.946432079,10.209311287]},"properties":{"Mã số doanh nghiệp":"1501067127","Tên doanh nghiệp":"CÔNG TY CỔ PHẦN HÓA DẦU SUBARU VIỆT NAM","Địa chỉ trụ sở chính":"Số 10A/13 Quốc lộ 1A, Ấp Tân Hưng, phường Tân Hạnh","Người đại diện theo pháp luật":"BÙI THỊ HỒNG TRANG","Chủ sở hữu":null,"layer_id":288,"fid":797,"label":"CÔNG TY CỔ PHẦN HÓA DẦU SUBARU VIỆT NAM"}},{"type":"Feature","geometry":{"type":"Point","coordinates":[106.031682286,10.247832396]},"properties":{"Mã số doanh nghiệp":"1500398912","Tên doanh nghiệp":"DOANH NGHIỆP TƯ NHÂN THIÊN LỘC HƯNG","Địa chỉ trụ sở chính":"ố 147, Tổ 14, ấp An Hương 1, Xã Nhơn Phú","Người đại diện theo pháp luật":null,"Chủ sở hữu":"NGUYỄN BÍCH LOAN","layer_id":288,"fid":242,"label":"DOANH NGHIỆP TƯ NHÂN THIÊN LỘC HƯNG"}},{"type":"Feature","geometry":{"type":"Point","coordinates":[105.991556277,10.223615705]},"properties":{"Mã số doanh nghiệp":"1500615677","Tên doanh nghiệp":"CÔNG TY TNHH MTV QUỐC TOÀN","Địa chỉ trụ sở chính":"Số 169 B/10 ấp Long Thuận A, Xã Long Hồ","Người đại diện theo pháp luật":"TRẦN VĂN BÉ","Chủ sở hữu":"TRẦN VĂN BÉ","layer_id":288,"fid":798,"label":"CÔNG TY TNHH MTV QUỐC TOÀN"}},{"type":"Feature","geometry":{"type":"Point","coordinates":[106.154558594,10.074443785]},"properties":{"Mã số doanh nghiệp":"1500351424","Tên doanh nghiệp":"DOANH NGHIỆP TƯ NHÂN ÚT MÂN","Địa chỉ trụ sở chính":"Số 287 ấp Bình Thành, Xã Trung Thành","Người đại diện theo pháp luật":null,"Chủ sở hữu":"NGUYỄN VĂN MÂN","layer_id":288,"fid":1382,"label":"DOANH NGHIỆP TƯ NHÂN ÚT MÂN"}},{"type":"Feature","geometry":{"type":"Point","coordinates":[105.991453474,10.267333244]},"properties":{"Mã số doanh nghiệp":"1500325022","Tên doanh nghiệp":"CÔNG TY TRÁCH NHIỆM HỮU HẠN THƯƠNG MẠI VÀ SẢN XUẤT CỬU LONG","Địa chỉ trụ sở chính":"Số 297/5 đường 14 tháng 9 phường Thanh Đức","Người đại diện theo pháp luật":"NGUYỄN TẤN NGHĨA","Chủ sở hữu":null,"layer_id":288,"fid":243,"label":"CÔNG TY TRÁCH NHIỆM HỮU HẠN THƯƠNG MẠI VÀ SẢN XUẤT CỬU LONG"}},{"type":"Feature","geometry":{"type":"Point","coordinates":[106.044452479,10.231223088]},"properties":{"Mã số doanh nghiệp":"1501008989","Tên doanh nghiệp":"DOANH NGHIỆP TƯ NHÂN SÔNG MÂN","Địa chỉ trụ sở chính":"ố 70 tổ 6, Ấp Hòa Long, Xã Nhơn Phú","Người đại diện theo pháp luật":null,"Chủ sở hữu":"NGUYỄN THỊ CẨM","layer_id":288,"fid":799,"label":"DOANH NGHIỆP TƯ NHÂN SÔNG MÂN"}},{"type":"Feature","geometry":{"type":"Point","coordinates":[106.333394936,9.909317203]},"properties":{"Mã số doanh nghiệp":"2100579514","Tên doanh nghiệp":"CÔNG TY TNHH MTV VĂN MINH LED","Địa chỉ trụ sở chính":"Số 230/17, Mậu Thân, Khóm 22, Phường Trà Vinh","Người đại diện theo pháp luật":"TRƯƠNG VĂN HÙNG","Chủ sở hữu":"TRƯƠNG VĂN HÙNG","layer_id":288,"fid":1383,"label":"CÔNG TY TNHH MTV VĂN MINH LED"}},{"type":"Feature","geometry":{"type":"Point","coordinates":[106.132885136,10.209636269]},"properties":{"Mã số doanh nghiệp":"1500355027","Tên doanh nghiệp":"DOANH NGHIỆP TƯ NHÂN  HIỆP LỢI III","Địa chỉ trụ sở chính":"Số 35 ấp Thanh Mỹ 2, phường Thanh Đức","Người đại diện theo pháp luật":null,"Chủ sở hữu":"TRẦN VĂN SÁU","layer_id":288,"fid":244,"label":"DOANH NGHIỆP TƯ NHÂN  HIỆP LỢI III"}},{"type":"Feature","geometry":{"type":"Point","coordinates":[106.068072481,10.239735291]},"properties":{"Mã số doanh nghiệp":"1500206441","Tên doanh nghiệp":"DOANH NGHIỆP TƯ NHÂN NGUYỄN HOÀNG","Địa chỉ trụ sở chính":"Số 107 tổ 11 ấp Cái Cạn xã Nhơn Phú","Người đại diện theo pháp luật":null,"Chủ sở hữu":"NGUYỄN MINH NHÃ","layer_id":288,"fid":245,"label":"DOANH NGHIỆP TƯ NHÂN NGUYỄN HOÀNG"}},{"type":"Feature","geometry":{"type":"Point","coordinates":[106.417800065,10.228393473]},"properties":{"Mã số doanh nghiệp":"1300941049","Tên doanh nghiệp":"CÔNG TY TRÁCH NHIỆM HỮU HẠN THƯƠNG MẠI VẬN TẢI THUẬN LỘC","Địa chỉ trụ sở chính":"Số 86, ấp Nghĩa Huấn, Xã Lương Phú","Người đại diện theo pháp luật":"LÊ PHÚ LỘC","Chủ sở hữu":null,"layer_id":288,"fid":800,"label":"CÔNG TY TRÁCH NHIỆM HỮU HẠN THƯƠNG MẠI VẬN TẢI THUẬN LỘC"}},{"type":"Feature","geometry":{"type":"Point","coordinates":[106.141438635,9.764994939]},"properties":{"Mã số doanh nghiệp":"2100624492","Tên doanh nghiệp":"CÔNG TY TNHH THỦ CÔNG MỸ NGHỆ THIÊN PHÚC","Địa chỉ trụ sở chính":"Ấp Tân Thành Tây, Xã Tân Hòa,","Người đại diện theo pháp luật":"TRẦN THIÊN LINH SƠN","Chủ sở hữu":"TRẦN THIÊN LINH SƠN","layer_id":288,"fid":246,"label":"CÔNG TY TNHH THỦ CÔNG MỸ NGHỆ THIÊN PHÚC"}},{"type":"Feature","geometry":{"type":"Point","coordinates":[106.340866294,9.933607522]},"properties":{"Mã số doanh nghiệp":"2100632750","Tên doanh nghiệp":"CÔNG TY TNHH MTV LÂM THUẬN LỢI","Địa chỉ trụ sở chính":"112 Trần Phú, khóm 2, Phường Trà Vinh","Người đại diện theo pháp luật":"LÂM NGỌC ẨN ","Chủ sở hữu":"LÂM NGỌC ẨN ","layer_id":288,"fid":801,"label":"CÔNG TY TNHH MTV LÂM THUẬN LỢI"}},{"type":"Feature","geometry":{"type":"Point","coordinates":[106.289185232,10.083221683]},"properties":{"Mã số doanh nghiệp":"1300924149","Tên doanh nghiệp":"CÔNG TY TNHH MỘT THÀNH VIÊN THƯƠNG MẠI - SẢN XUẤT - XUẤT NHẬP KHẨU DỪA LIÊN THÀNH","Địa chỉ trụ sở chính":"Số 83, ấp An Thiện, Xã Thành Thới","Người đại diện theo pháp luật":"LÊ TIẾN THUẬN","Chủ sở hữu":"LÊ TIẾN THUẬN","layer_id":288,"fid":1384,"label":"CÔNG TY TNHH MỘT THÀNH VIÊN THƯƠNG MẠI - SẢN XUẤT - XUẤT NHẬP KHẨU DỪA LIÊN THÀNH"}},{"type":"Feature","geometry":{"type":"Point","coordinates":[105.986164211,10.26039044]},"properties":{"Mã số doanh nghiệp":"1500500683","Tên doanh nghiệp":"CÔNG TY TNHH GỐM SỨ THIÊN LONG","Địa chỉ trụ sở chính":"Số 260/1 đường 14 tháng 9, Phường Thanh Đức,","Người đại diện theo pháp luật":"NGUYỄN CHÍ VIỄN","Chủ sở hữu":null,"layer_id":288,"fid":247,"label":"CÔNG TY TNHH GỐM SỨ THIÊN LONG"}},{"type":"Feature","geometry":{"type":"Point","coordinates":[106.342921547,9.954086591]},"properties":{"Mã số doanh nghiệp":"2100228114","Tên doanh nghiệp":"CÔNG TY TNHH MTV LÊ QUÂN","Địa chỉ trụ sở chính":"Số 46 Bạch Đằng, Khóm 6, Phường Long Đức","Người đại diện theo pháp luật":"TRẦN THỊ CHANH","Chủ sở hữu":"TRẦN THỊ CHANH","layer_id":288,"fid":802,"label":"CÔNG TY TNHH MTV LÊ QUÂN"}},{"type":"Feature","geometry":{"type":"Point","coordinates":[106.008548052,10.255177339]},"properties":{"Mã số doanh nghiệp":"1500618396","Tên doanh nghiệp":"CÔNG TY TNHH MỘT THÀNH VIÊN ÚT DIỆP","Địa chỉ trụ sở chính":"Số 47/03 ấp Thanh Mỹ II, Phường Thanh Đức,","Người đại diện theo pháp luật":"HUỲNH HỒNG DIỆP","Chủ sở hữu":"HUỲNH HỒNG DIỆP","layer_id":288,"fid":248,"label":"CÔNG TY TNHH MỘT THÀNH VIÊN ÚT DIỆP"}},{"type":"Feature","geometry":{"type":"Point","coordinates":[105.938095194,10.260791149]},"properties":{"Mã số doanh nghiệp":"1500507015","Tên doanh nghiệp":"CÔNG TY CỔ PHẦN BÊ TÔNG TRƯỜNG THỊNH","Địa chỉ trụ sở chính":"Số 214A, Khóm Tân Quới Hưng, phường Long Châu","Người đại diện theo pháp luật":"NGUYỄN VĂN DŨNG","Chủ sở hữu":null,"layer_id":288,"fid":249,"label":"CÔNG TY CỔ PHẦN BÊ TÔNG TRƯỜNG THỊNH"}},{"type":"Feature","geometry":{"type":"Point","coordinates":[106.2681726,9.97879647]},"properties":{"Mã số doanh nghiệp":"2100518818","Tên doanh nghiệp":"CÔNG TY TNHH MỘT THÀNH VIÊN SX-TM-DV THANH ĐỒNG","Địa chỉ trụ sở chính":"Ấp Mỹ Hiệp, Xã Nhị Long","Người đại diện theo pháp luật":"NGUYỄN HOÀNG THANH MỘNG","Chủ sở hữu":"NGUYỄN HOÀNG THANH MỘNG","layer_id":288,"fid":1385,"label":"CÔNG TY TNHH MỘT THÀNH VIÊN SX-TM-DV THANH ĐỒNG"}},{"type":"Feature","geometry":{"type":"Point","coordinates":[106.530709694,9.843357708]},"properties":{"Mã số doanh nghiệp":"2100558497","Tên doanh nghiệp":"CÔNG TY TNHH MỘT THÀNH VIÊN XÂY DỰNG VẬN TẢI PHƯỚC TÀI","Địa chỉ trụ sở chính":"Số 60, Ấp Rạch Gốc, Xã Long Hòa","Người đại diện theo pháp luật":"CAO THỊ BÍCH TUYÊN","Chủ sở hữu":"CAO THỊ BÍCH TUYỀN","layer_id":288,"fid":803,"label":"CÔNG TY TNHH MỘT THÀNH VIÊN XÂY DỰNG VẬN TẢI PHƯỚC TÀI"}},{"type":"Feature","geometry":{"type":"Point","coordinates":[105.998878293,10.256826962]},"properties":{"Mã số doanh nghiệp":"1500357585","Tên doanh nghiệp":"CÔNG TY TNHH MỘT THÀNH VIÊN KHO XĂNG DẦU PETEC VĨNH LONG","Địa chỉ trụ sở chính":"ố 546B  Khóm Thanh Mỹ 2, Phường Thanh Đức","Người đại diện theo pháp luật":"TRẦN ĐÌNH THẮNG","Chủ sở hữu":null,"layer_id":288,"fid":804,"label":"CÔNG TY TNHH MỘT THÀNH VIÊN KHO XĂNG DẦU PETEC VĨNH LONG"}},{"type":"Feature","geometry":{"type":"Point","coordinates":[106.121187252,9.911592764]},"properties":{"Mã số doanh nghiệp":"2100602770","Tên doanh nghiệp":"CÔNG TY TNHH MTV CHÍ TÌNH","Địa chỉ trụ sở chính":"Số nhà 285, Ấp Trà Ốt , Xã Tam Ngãi","Người đại diện theo pháp luật":"NGUYỄN VĂN NGOÃN EM","Chủ sở hữu":"NGUYỄN VĂN NGOÃN EM","layer_id":288,"fid":1386,"label":"CÔNG TY TNHH MTV CHÍ TÌNH"}},{"type":"Feature","geometry":{"type":"Point","coordinates":[105.962505394,10.255252011]},"properties":{"Mã số doanh nghiệp":"1500220164","Tên doanh nghiệp":"CÔNG TY CỔ PHẦN CẢNG VĨNH LONG","Địa chỉ trụ sở chính":"Số 170/2 đường Phạm Hùng, Phường Long Châu","Người đại diện theo pháp luật":"NGUYỄN HỒNG NGUYÊN","Chủ sở hữu":null,"layer_id":288,"fid":805,"label":"CÔNG TY CỔ PHẦN CẢNG VĨNH LONG"}},{"type":"Feature","geometry":{"type":"Point","coordinates":[105.975527515,10.234002902]},"properties":{"Mã số doanh nghiệp":"1501080336","Tên doanh nghiệp":"CÔNG TY TNHH MTV TM DV SƠN TUẤN THÀNH","Địa chỉ trụ sở chính":"số nhà 67/4M, khóm 8, Phường Phước Hậu","Người đại diện theo pháp luật":"LÊ HỮU THÀNH","Chủ sở hữu":"LÊ HỮU THÀNH","layer_id":288,"fid":1387,"label":"CÔNG TY TNHH MTV TM DV SƠN TUẤN THÀNH"}},{"type":"Feature","geometry":{"type":"Point","coordinates":[106.350612723,10.263904776]},"properties":{"Mã số doanh nghiệp":"1300971727","Tên doanh nghiệp":"CÔNG TY TNHH  THƯƠNG MẠI DỊCH VỤ GIAO NHẬN GIANG HÀ","Địa chỉ trụ sở chính":"369/3, ấp 3, phường Sơn Đông","Người đại diện theo pháp luật":"NGUYỄN HỒNG NAM","Chủ sở hữu":null,"layer_id":288,"fid":806,"label":"CÔNG TY TNHH  THƯƠNG MẠI DỊCH VỤ GIAO NHẬN GIANG HÀ"}},{"type":"Feature","geometry":{"type":"Point","coordinates":[106.318409233,9.925683101]},"properties":{"Mã số doanh nghiệp":"2100568664","Tên doanh nghiệp":"CÔNG TY TNHH MỘT THÀNH VIÊN SX-TM-DV THÀNH ÚT","Địa chỉ trụ sở chính":"Số 20, Đường Võ Văn Kiệt, Khóm 8, Phường Nguyệt Hóa,","Người đại diện theo pháp luật":"HÀ VĂN ÚT EM","Chủ sở hữu":"HÀ VĂN ÚT EM","layer_id":288,"fid":253,"label":"CÔNG TY TNHH MỘT THÀNH VIÊN SX-TM-DV THÀNH ÚT"}},{"type":"Feature","geometry":{"type":"Point","coordinates":[106.428647132,10.304321573]},"properties":{"Mã số doanh nghiệp":"1300570820","Tên doanh nghiệp":"CÔNG TY TNHH MỘT THÀNH VIÊN THƯƠNG MẠI - XÂY DỰNG VÀ DỊCH VỤ GIAO LONG","Địa chỉ trụ sở chính":"ấp 7, Xã Giao Long","Người đại diện theo pháp luật":"LƯU MINH NHÂN","Chủ sở hữu":"TRẦN THỊ KIM UYÊN","layer_id":288,"fid":251,"label":"CÔNG TY TNHH MỘT THÀNH VIÊN THƯƠNG MẠI - XÂY DỰNG VÀ DỊCH VỤ GIAO LONG"}},{"type":"Feature","geometry":{"type":"Point","coordinates":[105.822149436,10.040332739]},"properties":{"Mã số doanh nghiệp":"1501068811","Tên doanh nghiệp":"CÔNG TY TNHH TÔN LẠNH VIỆT ÚC","Địa chỉ trụ sở chính":"Lô A7 KCN Bình Minh, ấp Mỹ Lợi, phường Cái Vồn","Người đại diện theo pháp luật":"HUỲNH THỊ HỒNG NHẠN ","Chủ sở hữu":null,"layer_id":288,"fid":254,"label":"CÔNG TY TNHH TÔN LẠNH VIỆT ÚC"}},{"type":"Feature","geometry":{"type":"Point","coordinates":[106.4255554,10.308992953]},"properties":{"Mã số doanh nghiệp":"1301029910","Tên doanh nghiệp":"CÔNG TY CỔ PHẦN BÊ TÔNG 620 GIAO LONG","Địa chỉ trụ sở chính":"ấp 7, Xã Giao Long","Người đại diện theo pháp luật":"LƯU MINH NHÂN","Chủ sở hữu":null,"layer_id":288,"fid":252,"label":"CÔNG TY CỔ PHẦN BÊ TÔNG 620 GIAO LONG"}},{"type":"Feature","geometry":{"type":"Point","coordinates":[106.428339794,10.310639046]},"properties":{"Mã số doanh nghiệp":"1300990134","Tên doanh nghiệp":"CÔNG TY CỔ PHẦN TÂN CẢNG GIAO LONG","Địa chỉ trụ sở chính":null,"Người đại diện theo pháp luật":"TRẦN TẤN LỰC","Chủ sở hữu":null,"layer_id":288,"fid":807,"label":"CÔNG TY CỔ PHẦN TÂN CẢNG GIAO LONG"}},{"type":"Feature","geometry":{"type":"Point","coordinates":[106.367725123,10.255880138]},"properties":{"Mã số doanh nghiệp":"1300229378","Tên doanh nghiệp":"DOANH NGHIỆP TƯ NHÂN CHÍ CÔNG","Địa chỉ trụ sở chính":"Số 80A1, Đại lộ Đồng Khởi, Phường Phú Tân","Người đại diện theo pháp luật":null,"Chủ sở hữu":"VÕ CHÍ CÔNG","layer_id":288,"fid":1388,"label":"DOANH NGHIỆP TƯ NHÂN CHÍ CÔNG"}},{"type":"Feature","geometry":{"type":"Point","coordinates":[106.349417428,10.313285036]},"properties":{"Mã số doanh nghiệp":"1300919614","Tên doanh nghiệp":"CÔNG TY TNHH MỘT THÀNH VIÊN SẢN XUẤT SẮT, THÉP, GANG TÂN ĐỨC ĐỊNH","Địa chỉ trụ sở chính":"Số 319A/3, ấp Phước Thạnh, phường Sơn Đông","Người đại diện theo pháp luật":"NGUYỄN VĂN ỨNG","Chủ sở hữu":"NGUYỄN VĂN ỨNG","layer_id":288,"fid":255,"label":"CÔNG TY TNHH MỘT THÀNH VIÊN SẢN XUẤT SẮT, THÉP, GANG TÂN ĐỨC ĐỊNH"}},{"type":"Feature","geometry":{"type":"Point","coordinates":[106.493504046,9.636857942]},"properties":{"Mã số doanh nghiệp":"2100632461","Tên doanh nghiệp":"CÔNG TY TNHH DỊCH VỤ NHÀ NGHỈ MINH THƯ","Địa chỉ trụ sở chính":"206 Đường 19/5, Khóm 2, Phường Duyên Hải","Người đại diện theo pháp luật":"NGUYỄN THỊ NHUYỄN","Chủ sở hữu":"NGUYỄN THỊ NHUYỄN","layer_id":288,"fid":808,"label":"CÔNG TY TNHH DỊCH VỤ NHÀ NGHỈ MINH THƯ"}},{"type":"Feature","geometry":{"type":"Point","coordinates":[106.278181008,10.200724056]},"properties":{"Mã số doanh nghiệp":"1301038658","Tên doanh nghiệp":"CÔNG TY TNHH THƯƠNG MẠI NAM ĐỨC ĐỊNH","Địa chỉ trụ sở chính":"ấp Phước Trung, Xã Phước Mỹ Trung","Người đại diện theo pháp luật":"PHẠM VĂN LINH","Chủ sở hữu":"PHẠM VĂN LINH","layer_id":288,"fid":256,"label":"CÔNG TY TNHH THƯƠNG MẠI NAM ĐỨC ĐỊNH"}},{"type":"Feature","geometry":{"type":"Point","coordinates":[106.401605994,10.249932727]},"properties":{"Mã số doanh nghiệp":"1300754881","Tên doanh nghiệp":"CÔNG TY TRÁCH NHIỆM HỮU HẠN CHÁNH BẠCH","Địa chỉ trụ sở chính":"63/P3, Lộ Bờ Đấp, Khu phố Phú Chiến, Phường Phú Khương","Người đại diện theo pháp luật":"NGUYỄN THỊ MINH THƠ","Chủ sở hữu":"NGUYỄN THỊ MINH THƠ","layer_id":288,"fid":1389,"label":"CÔNG TY TRÁCH NHIỆM HỮU HẠN CHÁNH BẠCH"}},{"type":"Feature","geometry":{"type":"Point","coordinates":[106.360062194,9.939864617]},"properties":{"Mã số doanh nghiệp":"2100578856","Tên doanh nghiệp":"DOANH NGHIỆP TN VÀNG BÍCH HUYỀN","Địa chỉ trụ sở chính":"Ấp Bích Trì, phường Hòa Thuận","Người đại diện theo pháp luật":null,"Chủ sở hữu":"THẠCH NGỌC NHÂN","layer_id":288,"fid":257,"label":"DOANH NGHIỆP TN VÀNG BÍCH HUYỀN"}},{"type":"Feature","geometry":{"type":"Point","coordinates":[105.943203436,10.259690894]},"properties":{"Mã số doanh nghiệp":"1500498515","Tên doanh nghiệp":"CÔNG TY TRÁCH NHIỆM HỮU HẠN KHÁCH SẠN NGỌC TRÂM","Địa chỉ trụ sở chính":"Số 64T-64U Khu nhà phố thương mại An Cư, khóm 5, Phường Long Châu","Người đại diện theo pháp luật":"LÊ THỊ ĐAN THANH","Chủ sở hữu":null,"layer_id":288,"fid":809,"label":"CÔNG TY TRÁCH NHIỆM HỮU HẠN KHÁCH SẠN NGỌC TRÂM"}},{"type":"Feature","geometry":{"type":"Point","coordinates":[105.919869418,10.019333695]},"properties":{"Mã số doanh nghiệp":"1501077936","Tên doanh nghiệp":"CÔNG TY TNHH MTV CƠ KHÍ XÂY DỰNG TRỌNG NHÂN","Địa chỉ trụ sở chính":"Số 117, ấp An Thạnh, Xã Lục Sĩ Thành","Người đại diện theo pháp luật":"BỒ VĂN TRONG","Chủ sở hữu":"BỒ VĂN TRONG","layer_id":288,"fid":258,"label":"CÔNG TY TNHH MTV CƠ KHÍ XÂY DỰNG TRỌNG NHÂN"}},{"type":"Feature","geometry":{"type":"Point","coordinates":[105.941147367,10.207716133]},"properties":{"Mã số doanh nghiệp":"1501061421","Tên doanh nghiệp":"CÔNG TY TNHH MTV TÂM AN VĨNH LONG","Địa chỉ trụ sở chính":"Số 10A/3, Khóm Tân Bình, Phường Tân Hạnh","Người đại diện theo pháp luật":"NGUYỄN THỊ HỒNG YẾN","Chủ sở hữu":"NGUYỄN THỊ HỒNG YẾN","layer_id":288,"fid":1390,"label":"CÔNG TY TNHH MTV TÂM AN VĨNH LONG"}},{"type":"Feature","geometry":{"type":"Point","coordinates":[105.970166352,10.234435785]},"properties":{"Mã số doanh nghiệp":"1501056693","Tên doanh nghiệp":"DOANH NGHIỆP TƯ NHÂN KHÁCH SẠN BAN MÊ","Địa chỉ trụ sở chính":"Số 73/16D đường Phó Cơ Điều, Phường Phước Hậu","Người đại diện theo pháp luật":null,"Chủ sở hữu":"PHẠM THỊ HUỲNH MAI","layer_id":288,"fid":810,"label":"DOANH NGHIỆP TƯ NHÂN KHÁCH SẠN BAN MÊ"}},{"type":"Feature","geometry":{"type":"Point","coordinates":[106.359157561,10.268266061]},"properties":{"Mã số doanh nghiệp":"1300666681","Tên doanh nghiệp":"CÔNG TY TNHH MỘT THÀNH VIÊN SẢN XUẤT THƯƠNG MẠI KÍNH XÂY DỰNG THẠNH PHÁT","Địa chỉ trụ sở chính":"Ấp 1, phường Sơn Đông","Người đại diện theo pháp luật":"NGUYỄN PHÚ THẠNH","Chủ sở hữu":"NGUYỄN PHÚ THẠNH","layer_id":288,"fid":259,"label":"CÔNG TY TNHH MỘT THÀNH VIÊN SẢN XUẤT THƯƠNG MẠI KÍNH XÂY DỰNG THẠNH PHÁT"}},{"type":"Feature","geometry":{"type":"Point","coordinates":[106.304828065,9.924093929]},"properties":{"Mã số doanh nghiệp":"2100633088","Tên doanh nghiệp":"CÔNG TY TNHH MINABECO","Địa chỉ trụ sở chính":"Quốc Lộ 53, Khóm Bến Có, Phường Nguyệt Hóa","Người đại diện theo pháp luật":"TRƯƠNG MẠNH HÙNG","Chủ sở hữu":"TRƯƠNG MẠNH HÙNG","layer_id":288,"fid":1391,"label":"CÔNG TY TNHH MINABECO"}},{"type":"Feature","geometry":{"type":"Point","coordinates":[105.972288308,10.234067118]},"properties":{"Mã số doanh nghiệp":"1501009904","Tên doanh nghiệp":"CÔNG TY TNHH MTV HỒNG ĐẠI LỢI","Địa chỉ trụ sở chính":"Số 73/17B đường Phó Cơ Điều, khóm 3, Phường Phước Hậu","Người đại diện theo pháp luật":"LAI BẠCH LAN","Chủ sở hữu":"LAI BẠCH LAN","layer_id":288,"fid":260,"label":"CÔNG TY TNHH MTV HỒNG ĐẠI LỢI"}},{"type":"Feature","geometry":{"type":"Point","coordinates":[105.974160452,10.253262513]},"properties":{"Mã số doanh nghiệp":"1501072920","Tên doanh nghiệp":"CÔNG TY TNHH MTV KHÁCH SẠN ĐÔNG QUÂN","Địa chỉ trụ sở chính":"Số 07 đường Hưng Đạo Vương, Phường Long Châu","Người đại diện theo pháp luật":"ĐỖ THỊ THU YẾN","Chủ sở hữu":"ĐỖ THỊ THU YẾN","layer_id":288,"fid":811,"label":"CÔNG TY TNHH MTV KHÁCH SẠN ĐÔNG QUÂN"}},{"type":"Feature","geometry":{"type":"Point","coordinates":[105.964766365,10.254324169]},"properties":{"Mã số doanh nghiệp":"1500974161","Tên doanh nghiệp":"CÔNG TY TNHH MTV KIM LONG VĨNH LONG","Địa chỉ trụ sở chính":"Số 158/4 đường Lê Thái Tổ, Phường Long Châu","Người đại diện theo pháp luật":"PHẠM HỮU CẦU","Chủ sở hữu":"PHẠM HỮU CẦU","layer_id":288,"fid":261,"label":"CÔNG TY TNHH MTV KIM LONG VĨNH LONG"}},{"type":"Feature","geometry":{"type":"Point","coordinates":[105.977566258,10.25369555]},"properties":{"Mã số doanh nghiệp":"1501081530","Tên doanh nghiệp":"CÔNG TY TNHH MTV KHÁCH SẠN KIM CHI HOÀNG GIA","Địa chỉ trụ sở chính":"Số 53F12 -53F13 - 53F14 đường Phạm Thái Bường, khóm 1, Phường Phước Hậu","Người đại diện theo pháp luật":"NGUYỄN THỊ KIM CHI","Chủ sở hữu":"NGUYỄN THỊ KIM CHI","layer_id":288,"fid":812,"label":"CÔNG TY TNHH MTV KHÁCH SẠN KIM CHI HOÀNG GIA"}},{"type":"Feature","geometry":{"type":"Point","coordinates":[105.9733616,10.255715342]},"properties":{"Mã số doanh nghiệp":"1501075015","Tên doanh nghiệp":"CÔNG TY CỔ PHẦN KHAI TRÍ VĨNH LONG","Địa chỉ trụ sở chính":"Số 12A đường Hoàng Thái Hiếu, Phường Long Châu","Người đại diện theo pháp luật":"VĂN CẤP TRÍ","Chủ sở hữu":null,"layer_id":288,"fid":1392,"label":"CÔNG TY CỔ PHẦN KHAI TRÍ VĨNH LONG"}},{"type":"Feature","geometry":{"type":"Point","coordinates":[106.362353594,10.230562739]},"properties":{"Mã số doanh nghiệp":"1300424467","Tên doanh nghiệp":"CÔNG TY TNHH TÔN THÉP SÀI GÒN","Địa chỉ trụ sở chính":"97D2, đường Hùng Vương, khu phố 4, Phường Bến Tre","Người đại diện theo pháp luật":"TRẦN QUỐC TRÍ","Chủ sở hữu":null,"layer_id":288,"fid":262,"label":"CÔNG TY TNHH TÔN THÉP SÀI GÒN"}},{"type":"Feature","geometry":{"type":"Point","coordinates":[106.334732294,9.925021529]},"properties":{"Mã số doanh nghiệp":"2100560760","Tên doanh nghiệp":"CÔNG TY TNHH  THƯƠNG MẠI ÁI XUÂN","Địa chỉ trụ sở chính":"Số 03 Sơn Thông, Khóm 10, Phường Trà Vinh","Người đại diện theo pháp luật":"TRƯƠNG ÁI XUÂN","Chủ sở hữu":null,"layer_id":288,"fid":1393,"label":"CÔNG TY TNHH  THƯƠNG MẠI ÁI XUÂN"}},{"type":"Feature","geometry":{"type":"Point","coordinates":[106.343351258,9.991614678]},"properties":{"Mã số doanh nghiệp":"2100316360","Tên doanh nghiệp":"DOANH NGHIỆP TƯ NHÂN TƯ THAO","Địa chỉ trụ sở chính":"Số 178 Bạch Đằng, khóm 4, Phường Trà Vinh","Người đại diện theo pháp luật":null,"Chủ sở hữu":"LƯƠNG NGỌC ĐÔNG","layer_id":288,"fid":263,"label":"DOANH NGHIỆP TƯ NHÂN TƯ THAO"}},{"type":"Feature","geometry":{"type":"Point","coordinates":[105.973084035,10.255158973]},"properties":{"Mã số doanh nghiệp":"1500691798","Tên doanh nghiệp":"CÔNG TY TNHH MỘT THÀNH VIÊN KHÁCH SẠN ÁNH HỒNG","Địa chỉ trụ sở chính":"Số 1/2 - 1/4 đường Hoàng Thái Hiếu, Phường Long Châu","Người đại diện theo pháp luật":"LAI XUÂN HOÀNG","Chủ sở hữu":"LAI XUÂN HOÀNG","layer_id":288,"fid":813,"label":"CÔNG TY TNHH MỘT THÀNH VIÊN KHÁCH SẠN ÁNH HỒNG"}},{"type":"Feature","geometry":{"type":"Point","coordinates":[106.21695057,9.852912577]},"properties":{"Mã số doanh nghiệp":"2100436989","Tên doanh nghiệp":"CÔNG TY TNHH MỘT THÀNH VIÊN DỊCH VỤ - THƯƠNG MẠI - SẢN XUẤT TUẤN KIỆT","Địa chỉ trụ sở chính":"Ấp Tân Đại, Xã Tập Ngãi","Người đại diện theo pháp luật":"HUỲNH TUẤN KIỆT","Chủ sở hữu":"HUỲNH TUẤN KIỆT","layer_id":288,"fid":264,"label":"CÔNG TY TNHH MỘT THÀNH VIÊN DỊCH VỤ - THƯƠNG MẠI - SẢN XUẤT TUẤN KIỆT"}},{"type":"Feature","geometry":{"type":"Point","coordinates":[105.957288209,10.253663949]},"properties":{"Mã số doanh nghiệp":"1500429039","Tên doanh nghiệp":"CÔNG TY TNHH CƠ KHÍ - THƯƠNG MẠI - XÂY DỰNG MƯỜI TÂM","Địa chỉ trụ sở chính":"Số 15D đường Phó Cơ Điều, Phường Tân Hạnh","Người đại diện theo pháp luật":"ĐIỀN HÒA TÂM","Chủ sở hữu":null,"layer_id":288,"fid":265,"label":"CÔNG TY TNHH CƠ KHÍ - THƯƠNG MẠI - XÂY DỰNG MƯỜI TÂM"}},{"type":"Feature","geometry":{"type":"Point","coordinates":[105.962673423,10.258981041]},"properties":{"Mã số doanh nghiệp":"1501090976","Tên doanh nghiệp":"CÔNG TY TNHH MTV TM DV HOTEL TRƯỜNG AN","Địa chỉ trụ sở chính":"Số 2/15D đường Phạm Hùng, Phường Long Châu","Người đại diện theo pháp luật":"LÊ TẤN SANG","Chủ sở hữu":"LÊ TẤN SANG","layer_id":288,"fid":814,"label":"CÔNG TY TNHH MTV TM DV HOTEL TRƯỜNG AN"}},{"type":"Feature","geometry":{"type":"Point","coordinates":[106.497046361,9.704437235]},"properties":{"Mã số doanh nghiệp":"2100613652","Tên doanh nghiệp":"CÔNG TY TNHH MỘT THÀNH VIÊN THƯƠNG MẠI DỊCH VỤ ĐIỆN CƠ QUỐC DŨNG","Địa chỉ trụ sở chính":"Quốc lộ 53, Khóm 2, Phường Duyên Hải","Người đại diện theo pháp luật":"ĐOÀN QUỐC DŨNG","Chủ sở hữu":"ĐOÀN QUỐC DŨNG","layer_id":288,"fid":1394,"label":"CÔNG TY TNHH MỘT THÀNH VIÊN THƯƠNG MẠI DỊCH VỤ ĐIỆN CƠ QUỐC DŨNG"}},{"type":"Feature","geometry":{"type":"Point","coordinates":[105.989187325,10.232264969]},"properties":{"Mã số doanh nghiệp":"1501044867","Tên doanh nghiệp":"CÔNG TY TNHH TDM VĨNH LONG","Địa chỉ trụ sở chính":"Số 301 đường Trần Phú, Phường Phước Hậu","Người đại diện theo pháp luật":"NGUYỄN THỊ HỒNG HƯƠNG","Chủ sở hữu":null,"layer_id":288,"fid":1395,"label":"CÔNG TY TNHH TDM VĨNH LONG"}},{"type":"Feature","geometry":{"type":"Point","coordinates":[105.963187263,10.236703964]},"properties":{"Mã số doanh nghiệp":"1500173891","Tên doanh nghiệp":"CÔNG TY CỔ PHẦN CƠ KHÍ CỬU LONG","Địa chỉ trụ sở chính":"Số 11 đường Phó Cơ Điều, Phường Tân Hạnh","Người đại diện theo pháp luật":"NGUYỄN THÀNH THÁI","Chủ sở hữu":null,"layer_id":288,"fid":266,"label":"CÔNG TY CỔ PHẦN CƠ KHÍ CỬU LONG"}},{"type":"Feature","geometry":{"type":"Point","coordinates":[105.981297171,10.257206385]},"properties":{"Mã số doanh nghiệp":"1501072166","Tên doanh nghiệp":"DOANH NGHIỆP TƯ NHÂN TM - XD VÀ DU LỊCH MINH ĐỨC CNC","Địa chỉ trụ sở chính":"Số 83B đường 14 tháng 9, Phường Thanh Đức","Người đại diện theo pháp luật":null,"Chủ sở hữu":"NGUYỄN THÁI BÌNH","layer_id":288,"fid":267,"label":"DOANH NGHIỆP TƯ NHÂN TM - XD VÀ DU LỊCH MINH ĐỨC CNC"}},{"type":"Feature","geometry":{"type":"Point","coordinates":[105.946214452,10.018187426]},"properties":{"Mã số doanh nghiệp":"1500979473","Tên doanh nghiệp":"CÔNG TY TNHH THANH NGỌC TAM BÌNH","Địa chỉ trụ sở chính":"Số 24 Tổ 2, Ấp Bình An, Xã Ngãi Tứ","Người đại diện theo pháp luật":"HUỲNH THÁI NGỌC","Chủ sở hữu":null,"layer_id":288,"fid":716,"label":"CÔNG TY TNHH THANH NGỌC TAM BÌNH"}},{"type":"Feature","geometry":{"type":"Point","coordinates":[105.937392265,10.214150901]},"properties":{"Mã số doanh nghiệp":"1501035661","Tên doanh nghiệp":"CÔNG TY TNHH MTV NỘI THẤT HQ MIỀN TÂY","Địa chỉ trụ sở chính":"Số 153/52 khóm Tân Quới Hưng, Phường Long Châu","Người đại diện theo pháp luật":"NGUYỄN ĐĂNG TIẾN","Chủ sở hữu":"NGUYỄN ĐĂNG TIẾN","layer_id":288,"fid":268,"label":"CÔNG TY TNHH MTV NỘI THẤT HQ MIỀN TÂY"}},{"type":"Feature","geometry":{"type":"Point","coordinates":[105.956552579,10.235478184]},"properties":{"Mã số doanh nghiệp":"1501089145","Tên doanh nghiệp":"CÔNG TY TNHH MTV CƠ KHÍ TÂM HỮU TÍN","Địa chỉ trụ sở chính":"Số 37 đường Đinh Tiên Hoàng, Phường Tân Hạnh","Người đại diện theo pháp luật":"HUỲNH DÂN TÂM","Chủ sở hữu":"HUỲNH DÂN TÂM","layer_id":288,"fid":269,"label":"CÔNG TY TNHH MTV CƠ KHÍ TÂM HỮU TÍN"}},{"type":"Feature","geometry":{"type":"Point","coordinates":[106.66589355,10.022122918]},"properties":{"Mã số doanh nghiệp":"1300934563","Tên doanh nghiệp":"CÔNG TY TNHH  THỦY SẢN VIỆT - NGA","Địa chỉ trụ sở chính":"ấp Thạnh, xã Bảo Thạnh","Người đại diện theo pháp luật":"SABIROV MARAT","Chủ sở hữu":null,"layer_id":288,"fid":295,"label":"CÔNG TY TNHH  THỦY SẢN VIỆT - NGA"}},{"type":"Feature","geometry":{"type":"Point","coordinates":[106.213667845,10.004642882]},"properties":{"Mã số doanh nghiệp":"2100241813","Tên doanh nghiệp":"CÔNG TY TNHH NÔNG SẢN THÚY AN","Địa chỉ trụ sở chính":"Khóm 6, Xã Càng Long","Người đại diện theo pháp luật":"VÕ THỊ TUYẾT","Chủ sở hữu":"VÕ THỊ TUYẾT","layer_id":288,"fid":1396,"label":"CÔNG TY TNHH NÔNG SẢN THÚY AN"}},{"type":"Feature","geometry":{"type":"Point","coordinates":[105.986927294,10.239728797]},"properties":{"Mã số doanh nghiệp":"1501049431","Tên doanh nghiệp":"CÔNG TY TNHH TÂN THÀNH MEKONG","Địa chỉ trụ sở chính":"Số 37/13 đường Trần Phú, Phường Phước Hậu","Người đại diện theo pháp luật":"CHÂU TÚ ANH","Chủ sở hữu":"CHÂU TÚ ANH","layer_id":288,"fid":717,"label":"CÔNG TY TNHH TÂN THÀNH MEKONG"}},{"type":"Feature","geometry":{"type":"Point","coordinates":[106.341347685,9.719082175]},"properties":{"Mã số doanh nghiệp":"2100272628","Tên doanh nghiệp":"DOANH NGHIỆP TƯ NHÂN TRIỆU THÀNH","Địa chỉ trụ sở chính":"ấp Chợ, Xã Long Hiệp","Người đại diện theo pháp luật":null,"Chủ sở hữu":"KIM THIÊN","layer_id":288,"fid":855,"label":"DOANH NGHIỆP TƯ NHÂN TRIỆU THÀNH"}},{"type":"Feature","geometry":{"type":"Point","coordinates":[105.807055144,10.069601816]},"properties":{"Mã số doanh nghiệp":"1500745355","Tên doanh nghiệp":"CÔNG TY TNHH MTV THƯƠNG MẠI DỊCH VỤ GIA KHÁNH BÌNH MINH","Địa chỉ trụ sở chính":"Số 6151, tổ 1, khóm 4,  phường Bình Minh","Người đại diện theo pháp luật":"BIỆN THỊ TÍM","Chủ sở hữu":"BIỆN THỊ TÍM","layer_id":288,"fid":1397,"label":"CÔNG TY TNHH MTV THƯƠNG MẠI DỊCH VỤ GIA KHÁNH BÌNH MINH"}},{"type":"Feature","geometry":{"type":"Point","coordinates":[105.972965537,10.251641715]},"properties":{"Mã số doanh nghiệp":"1501035005","Tên doanh nghiệp":"DOANH NGHIỆP TƯ NHÂN KHÁCH SẠN NGÔI SAO VĨNH LONG","Địa chỉ trụ sở chính":"Số 81A, đường Trưng Nữ Vương, Phường Long Châu ","Người đại diện theo pháp luật":null,"Chủ sở hữu":"NGUYỄN THỊ HẠNH DUNG","layer_id":288,"fid":815,"label":"DOANH NGHIỆP TƯ NHÂN KHÁCH SẠN NGÔI SAO VĨNH LONG"}},{"type":"Feature","geometry":{"type":"Point","coordinates":[106.011098836,10.157101065]},"properties":{"Mã số doanh nghiệp":"1501073748","Tên doanh nghiệp":"CÔNG TY TNHH MTV CƠ KHÍ XÂY DỰNG TÂM LONG HỒ","Địa chỉ trụ sở chính":"Số 141A, tổ 11, khóm 2, xã Long Hồ","Người đại diện theo pháp luật":"LÊ THANH TÂM","Chủ sở hữu":"LÊ THANH TÂM","layer_id":288,"fid":270,"label":"CÔNG TY TNHH MTV CƠ KHÍ XÂY DỰNG TÂM LONG HỒ"}},{"type":"Feature","geometry":{"type":"Point","coordinates":[105.924986279,10.161041725]},"properties":{"Mã số doanh nghiệp":"1501079958","Tên doanh nghiệp":"CÔNG TY TNHH MTV VL THUẬN THÀNH PHÁT","Địa chỉ trụ sở chính":"Số 227B/19, ấp Phú Long A, Xã Phú Quới","Người đại diện theo pháp luật":"NGUYỄN THÀNH THUẬN","Chủ sở hữu":"NGUYỄN THÀNH THUẬN","layer_id":288,"fid":271,"label":"CÔNG TY TNHH MTV VL THUẬN THÀNH PHÁT"}},{"type":"Feature","geometry":{"type":"Point","coordinates":[106.230522708,10.040054004]},"properties":{"Mã số doanh nghiệp":"1501047297","Tên doanh nghiệp":"CÔNG TY TNHH MTV TM DV DL COCO RIVERSIDE LODGE","Địa chỉ trụ sở chính":"Tổ 15, ấp Phú Ân, Xã Trung Ngãi","Người đại diện theo pháp luật":"LÊ VĂN HIỂU","Chủ sở hữu":"LÊ VĂN HIỂU","layer_id":288,"fid":816,"label":"CÔNG TY TNHH MTV TM DV DL COCO RIVERSIDE LODGE"}},{"type":"Feature","geometry":{"type":"Point","coordinates":[105.88769235,10.107107537]},"properties":{"Mã số doanh nghiệp":"1501057714","Tên doanh nghiệp":"CÔNG TY TNHH MTV THƯƠNG MẠI CƠ KHÍ VIỆT NAM BROACH","Địa chỉ trụ sở chính":"Số 197, tổ 6, ấp Phú Hòa Yên, Xã Song Phú","Người đại diện theo pháp luật":"TRƯƠNG THỊ NGỌC NHUNG","Chủ sở hữu":"TRƯƠNG THỊ NGỌC NHUNG","layer_id":288,"fid":272,"label":"CÔNG TY TNHH MTV THƯƠNG MẠI CƠ KHÍ VIỆT NAM BROACH"}},{"type":"Feature","geometry":{"type":"Point","coordinates":[106.374652252,10.204217928]},"properties":{"Mã số doanh nghiệp":"1301019380","Tên doanh nghiệp":"CÔNG TY TNHH MỘT THÀNH VIÊN TA KEN ","Địa chỉ trụ sở chính":"Số 26/9 Nguyễn Trung Trực, Phường An Hội","Người đại diện theo pháp luật":"TRẦN QUỐC BẢO","Chủ sở hữu":"TRẦN QUỐC BẢO","layer_id":288,"fid":1398,"label":"CÔNG TY TNHH MỘT THÀNH VIÊN TA KEN "}},{"type":"Feature","geometry":{"type":"Point","coordinates":[106.377532669,10.240280511]},"properties":{"Mã số doanh nghiệp":"1300515160","Tên doanh nghiệp":"DOANH NGHIỆP TƯ NHÂN KHÁCH SẠN QUÊ HƯƠNG","Địa chỉ trụ sở chính":"Số 38, Đường Hai Bà Trưng, Phường An Hội","Người đại diện theo pháp luật":null,"Chủ sở hữu":"NGUYỄN NGỌC TIỀM","layer_id":288,"fid":817,"label":"DOANH NGHIỆP TƯ NHÂN KHÁCH SẠN QUÊ HƯƠNG"}},{"type":"Feature","geometry":{"type":"Point","coordinates":[106.341493882,10.287972384]},"properties":{"Mã số doanh nghiệp":"1300935373","Tên doanh nghiệp":"CÔNG TY CỔ PHẦN PHÂN PHỐI RƯỢU PHÚ LỄ","Địa chỉ trụ sở chính":"Số 944/2, Ấp 2, Phường Sơn Đông","Người đại diện theo pháp luật":"TRẦN THỊ THU TÂM","Chủ sở hữu":null,"layer_id":288,"fid":1399,"label":"CÔNG TY CỔ PHẦN PHÂN PHỐI RƯỢU PHÚ LỄ"}},{"type":"Feature","geometry":{"type":"Point","coordinates":[106.347524822,9.975330666]},"properties":{"Mã số doanh nghiệp":"2100421319","Tên doanh nghiệp":"CÔNG TY TNHH MỘT THÀNH VIÊN NGUYỄN TRÌNH","Địa chỉ trụ sở chính":"Lô E, Khu công nghiệp Long Đức, phường Long Đức","Người đại diện theo pháp luật":"NGUYỄN VĂN TRÌNH","Chủ sở hữu":"NGUYỄN VĂN TRÌNH","layer_id":288,"fid":273,"label":"CÔNG TY TNHH MỘT THÀNH VIÊN NGUYỄN TRÌNH"}},{"type":"Feature","geometry":{"type":"Point","coordinates":[106.362211365,10.258524566]},"properties":{"Mã số doanh nghiệp":"1300571422","Tên doanh nghiệp":"CÔNG TY TRÁCH NHIỆM HỮU HẠN  DỊCH VỤ ĐÔNG NAM Á ","Địa chỉ trụ sở chính":"Số 180A1, Đại Lộ Đồng Khởi, Phường Phú Tân","Người đại diện theo pháp luật":"NGUYỄN THỤY NHƯ BĂNG","Chủ sở hữu":null,"layer_id":288,"fid":818,"label":"CÔNG TY TRÁCH NHIỆM HỮU HẠN  DỊCH VỤ ĐÔNG NAM Á "}},{"type":"Feature","geometry":{"type":"Point","coordinates":[106.523224369,9.600927042]},"properties":{"Mã số doanh nghiệp":"2100572597","Tên doanh nghiệp":"CÔNG TY TNHH MỘT THÀNH VIÊN CƠ KHÍ PHỤNG NGHI","Địa chỉ trụ sở chính":"Số 39, ấp Láng Cháo, Phường Duyên Hải","Người đại diện theo pháp luật":"THÒNG NHÌ MÚI","Chủ sở hữu":"THÒNG NHÌ MÚI","layer_id":288,"fid":274,"label":"CÔNG TY TNHH MỘT THÀNH VIÊN CƠ KHÍ PHỤNG NGHI"}},{"type":"Feature","geometry":{"type":"Point","coordinates":[105.96924635,10.235862826]},"properties":{"Mã số doanh nghiệp":"1501053413","Tên doanh nghiệp":"CÔNG TY TNHH MTV SX-TM HOÀI CÚC","Địa chỉ trụ sở chính":"Tổ 22, Khóm Đông Thuận, Phường Đông Thành","Người đại diện theo pháp luật":"NGUYỄN THANH HOÀI","Chủ sở hữu":"NGUYỄN THANH HOÀI","layer_id":288,"fid":275,"label":"CÔNG TY TNHH MTV SX-TM HOÀI CÚC"}},{"type":"Feature","geometry":{"type":"Point","coordinates":[106.375972694,10.2497015]},"properties":{"Mã số doanh nghiệp":"1300768362","Tên doanh nghiệp":"CÔNG TY TRÁCH NHIỆM HỮU HẠN KHÁCH SẠN HOÀI PHÚ","Địa chỉ trụ sở chính":"Số 616B2, Tổ 1A, khu phố 6, Phường Phú Khương","Người đại diện theo pháp luật":"NGUYỄN HOÀI YÊN","Chủ sở hữu":null,"layer_id":288,"fid":819,"label":"CÔNG TY TRÁCH NHIỆM HỮU HẠN KHÁCH SẠN HOÀI PHÚ"}},{"type":"Feature","geometry":{"type":"Point","coordinates":[106.234615481,10.286932456]},"properties":{"Mã số doanh nghiệp":"1300985173","Tên doanh nghiệp":"CÔNG TY TNHH MỘT THÀNH VIÊN CƠ KHÍ CHÍNH XÁC HÒA PHONG","Địa chỉ trụ sở chính":"Ấp Phú Thành, Xã Tiên Thủy","Người đại diện theo pháp luật":"LÊ THỊ KIM DUNG","Chủ sở hữu":"LÊ THỊ KIM DUNG","layer_id":288,"fid":276,"label":"CÔNG TY TNHH MỘT THÀNH VIÊN CƠ KHÍ CHÍNH XÁC HÒA PHONG"}},{"type":"Feature","geometry":{"type":"Point","coordinates":[105.98101659,10.255900715]},"properties":{"Mã số doanh nghiệp":"1500410535","Tên doanh nghiệp":"DOANH NGHIỆP TƯ NHÂN QUỲNH ANH","Địa chỉ trụ sở chính":"Số 81/3 đường 14 tháng 9, khóm 2, Phường Thanh Đức","Người đại diện theo pháp luật":null,"Chủ sở hữu":"NGUYỄN THỊ ĐẦY","layer_id":288,"fid":1400,"label":"DOANH NGHIỆP TƯ NHÂN QUỲNH ANH"}},{"type":"Feature","geometry":{"type":"Point","coordinates":[105.923068947,10.268459737]},"properties":{"Mã số doanh nghiệp":"1500358123","Tên doanh nghiệp":"DOANH NGHIỆP TƯ NHÂN NGUYỄN ĐẠT","Địa chỉ trụ sở chính":"Số 278A khóm Tân Thuận An, Phường Tân Ngãi","Người đại diện theo pháp luật":null,"Chủ sở hữu":"NGUYỄN THỊ CẨM VÂN","layer_id":288,"fid":1401,"label":"DOANH NGHIỆP TƯ NHÂN NGUYỄN ĐẠT"}},{"type":"Feature","geometry":{"type":"Point","coordinates":[106.365629452,10.256545395]},"properties":{"Mã số doanh nghiệp":"1300986339","Tên doanh nghiệp":"CÔNG TY TRÁCH NHIỆM HỮU HẠN NHÀ HÀNG KHÁCH SẠN MÊ KÔNG","Địa chỉ trụ sở chính":"232-239A1, đại lộ Đồng Khởi, Phường Phú Tân","Người đại diện theo pháp luật":"NGUYỄN DUY KHANG","Chủ sở hữu":"NGUYỄN DUY KHANG","layer_id":288,"fid":820,"label":"CÔNG TY TRÁCH NHIỆM HỮU HẠN NHÀ HÀNG KHÁCH SẠN MÊ KÔNG"}},{"type":"Feature","geometry":{"type":"Point","coordinates":[105.988545509,10.237845724]},"properties":{"Mã số doanh nghiệp":"1501049449","Tên doanh nghiệp":"CÔNG TY TNHH CƠ KHÍ - TM - XD MINH TRỰC","Địa chỉ trụ sở chính":"ố 47/13 đường Trần Phú, khóm 5, Phường Phước Hậu","Người đại diện theo pháp luật":"TRẦN THỊ LOAN PHƯƠNG","Chủ sở hữu":null,"layer_id":288,"fid":277,"label":"CÔNG TY TNHH CƠ KHÍ - TM - XD MINH TRỰC"}},{"type":"Feature","geometry":{"type":"Point","coordinates":[106.379028065,10.248039228]},"properties":{"Mã số doanh nghiệp":"1501052177","Tên doanh nghiệp":"CÔNG TY TNHH MTV NÔNG NGHIỆP XANH VĨNH LONG","Địa chỉ trụ sở chính":null,"Người đại diện theo pháp luật":"NGUYỄN CHIẾN THẮNG","Chủ sở hữu":"NGUYỄN CHIẾN THẮNG","layer_id":288,"fid":278,"label":"CÔNG TY TNHH MTV NÔNG NGHIỆP XANH VĨNH LONG"}},{"type":"Feature","geometry":{"type":"Point","coordinates":[106.363744139,10.258181324]},"properties":{"Mã số doanh nghiệp":"1300671466","Tên doanh nghiệp":"DOANH NGHIỆP TƯ NHÂN THƯƠNG MẠI VÀ DỊCH VỤ ANH THY","Địa chỉ trụ sở chính":"Số 375K, khu  phố 3 , Phường Phú Tân","Người đại diện theo pháp luật":null,"Chủ sở hữu":"TRẦN THỊ THU VÂN","layer_id":288,"fid":821,"label":"DOANH NGHIỆP TƯ NHÂN THƯƠNG MẠI VÀ DỊCH VỤ ANH THY"}},{"type":"Feature","geometry":{"type":"Point","coordinates":[105.974816326,10.237241982]},"properties":{"Mã số doanh nghiệp":"1500238362","Tên doanh nghiệp":"ĐẠI LÝ XĂNG DẦU THU HỒNG (DNTN)","Địa chỉ trụ sở chính":"Số 68/5A đường Phó Cơ Điều, Phường Phước Hậu","Người đại diện theo pháp luật":null,"Chủ sở hữu":"TRẦN THỊ HỒNG","layer_id":288,"fid":1402,"label":"ĐẠI LÝ XĂNG DẦU THU HỒNG (DNTN)"}},{"type":"Feature","geometry":{"type":"Point","coordinates":[106.330026507,9.946746337]},"properties":{"Mã số doanh nghiệp":"2100625425","Tên doanh nghiệp":"CÔNG TY TNHH SX-TM ÚT THỌ","Địa chỉ trụ sở chính":"Đường Võ Văn Kiệt, Khóm 8, Phường Nguyệt Hóa","Người đại diện theo pháp luật":"NGUYỄN HỮU THỌ","Chủ sở hữu":"NGUYỄN HỮU THỌ","layer_id":288,"fid":279,"label":"CÔNG TY TNHH SX-TM ÚT THỌ"}},{"type":"Feature","geometry":{"type":"Point","coordinates":[105.987985723,10.271958355]},"properties":{"Mã số doanh nghiệp":"1500704856","Tên doanh nghiệp":"CÔNG TY TNHH MTV NÔNG TRANG ISLAND","Địa chỉ trụ sở chính":"ố 77/7 ấp Bình Thuận 1, Xã An Bình","Người đại diện theo pháp luật":"NGUYỄN TRÍ NGHIỆP","Chủ sở hữu":"NGUYỄN TRÍ NGHIỆP","layer_id":288,"fid":280,"label":"CÔNG TY TNHH MTV NÔNG TRANG ISLAND"}},{"type":"Feature","geometry":{"type":"Point","coordinates":[106.268245257,10.31153838]},"properties":{"Mã số doanh nghiệp":"1300513607","Tên doanh nghiệp":"CÔNG TY TRÁCH NHIỆM HỮU HẠN AN KHÁNH","Địa chỉ trụ sở chính":"ấp 5, Xã Phú Túc","Người đại diện theo pháp luật":"NGUYỄN THÀNH VINH","Chủ sở hữu":null,"layer_id":288,"fid":822,"label":"CÔNG TY TRÁCH NHIỆM HỮU HẠN AN KHÁNH"}},{"type":"Feature","geometry":{"type":"Point","coordinates":[106.123294828,10.261293084]},"properties":{"Mã số doanh nghiệp":"1300331533","Tên doanh nghiệp":"DOANH NGHIỆP TƯ NHÂN VÂN ANH","Địa chỉ trụ sở chính":"194/10A, Khu phố 1, xã Chợ Lách","Người đại diện theo pháp luật":null,"Chủ sở hữu":"TRẦN VĂN PHÚ","layer_id":288,"fid":823,"label":"DOANH NGHIỆP TƯ NHÂN VÂN ANH"}},{"type":"Feature","geometry":{"type":"Point","coordinates":[105.982493563,10.256798571]},"properties":{"Mã số doanh nghiệp":"1500974443","Tên doanh nghiệp":"CÔNG TY TNHH MỘT THÀNH VIÊN KHANG LÊ","Địa chỉ trụ sở chính":"Số 136 đường 14 tháng 9, Phường Thanh Đức","Người đại diện theo pháp luật":"LÊ THANH BÌNH","Chủ sở hữu":"LÊ THANH BÌNH","layer_id":288,"fid":1403,"label":"CÔNG TY TNHH MỘT THÀNH VIÊN KHANG LÊ"}},{"type":"Feature","geometry":{"type":"Point","coordinates":[106.218739436,10.219628962]},"properties":{"Mã số doanh nghiệp":"1301035801","Tên doanh nghiệp":"DOANH NGHIỆP TƯ NHÂN CÂY GIỐNG & HOA KIỂNG MINH NGUYỆT","Địa chỉ trụ sở chính":"225/34, ấp Bình Tây, Xã Vĩnh Thành","Người đại diện theo pháp luật":null,"Chủ sở hữu":"PHAN MINH NGUYỆT","layer_id":288,"fid":281,"label":"DOANH NGHIỆP TƯ NHÂN CÂY GIỐNG & HOA KIỂNG MINH NGUYỆT"}},{"type":"Feature","geometry":{"type":"Point","coordinates":[106.069551487,9.93012889]},"properties":{"Mã số doanh nghiệp":"2100188038","Tên doanh nghiệp":"DOANH NGHIỆP TƯ NHÂN HAI QUẬNC980:N984C979C979;C980:C979;C980:N986","Địa chỉ trụ sở chính":"Ấp Trà Ốt, Xã Tam Ngãi","Người đại diện theo pháp luật":null,"Chủ sở hữu":"NGUYỄN VĂN QUẬN","layer_id":288,"fid":824,"label":"DOANH NGHIỆP TƯ NHÂN HAI QUẬNC980:N984C979C979;C980:C979;C980:N986"}},{"type":"Feature","geometry":{"type":"Point","coordinates":[106.112904279,10.229081348]},"properties":{"Mã số doanh nghiệp":"1500976144","Tên doanh nghiệp":"CÔNG TY TRÁCH NHIỆM HỮU HẠN THẠCH VÕ","Địa chỉ trụ sở chính":"Số 4 tổ 2, Ấp Định Thới A, Xã Cái Nhum","Người đại diện theo pháp luật":"VÕ THỊ THÙY ","Chủ sở hữu":null,"layer_id":288,"fid":282,"label":"CÔNG TY TRÁCH NHIỆM HỮU HẠN THẠCH VÕ"}},{"type":"Feature","geometry":{"type":"Point","coordinates":[105.962983365,10.254641654]},"properties":{"Mã số doanh nghiệp":"1500151792","Tên doanh nghiệp":"CÔNG TY TNHH MTV LINH VŨ BÌNH","Địa chỉ trụ sở chính":"Số 71/3A đường Nguyễn Huệ, Phường Long Châu","Người đại diện theo pháp luật":"LÊ HUỲNH LAN","Chủ sở hữu":"LÊ VŨ BÌNH","layer_id":288,"fid":1404,"label":"CÔNG TY TNHH MTV LINH VŨ BÌNH"}},{"type":"Feature","geometry":{"type":"Point","coordinates":[106.479606952,10.258469537]},"properties":{"Mã số doanh nghiệp":"1300549265","Tên doanh nghiệp":"CÔNG TY CỔ PHẦN  MẬT ONG TÍN PHÁT","Địa chỉ trụ sở chính":"ấp Hưng Nhơn, Xã Châu Hưng","Người đại diện theo pháp luật":"TRẦN MINH PHÁT","Chủ sở hữu":null,"layer_id":288,"fid":283,"label":"CÔNG TY CỔ PHẦN  MẬT ONG TÍN PHÁT"}},{"type":"Feature","geometry":{"type":"Point","coordinates":[106.012582444,9.912898665]},"properties":{"Mã số doanh nghiệp":"2100614021","Tên doanh nghiệp":"CÔNG TY TNHH MỘT THÀNH VIÊN THƯƠNG MẠI - DỊCH VỤ HỮU BÌNH 3","Địa chỉ trụ sở chính":"ấp Giồng Nổi, Xã Tam Ngãi","Người đại diện theo pháp luật":"NGUYỄN MẠNH QUANG","Chủ sở hữu":"NGUYỄN MẠNH QUANG","layer_id":288,"fid":825,"label":"CÔNG TY TNHH MỘT THÀNH VIÊN THƯƠNG MẠI - DỊCH VỤ HỮU BÌNH 3"}},{"type":"Feature","geometry":{"type":"Point","coordinates":[106.433531265,9.752249762]},"properties":{"Mã số doanh nghiệp":"2100288226","Tên doanh nghiệp":"CÔNG TY CỔ PHẦN KHOA HỌC NÔNG NGHIỆP MINH TRÂN","Địa chỉ trụ sở chính":"Ấp Sóc Mới, Xã Hiệp Mỹ","Người đại diện theo pháp luật":"HÀ VĂN LẬP","Chủ sở hữu":null,"layer_id":288,"fid":284,"label":"CÔNG TY CỔ PHẦN KHOA HỌC NÔNG NGHIỆP MINH TRÂN"}},{"type":"Feature","geometry":{"type":"Point","coordinates":[106.055368907,9.812311545]},"properties":{"Mã số doanh nghiệp":"2100287053","Tên doanh nghiệp":"DOANH NGHIỆP TƯ NHÂN VẠN TIẾP","Địa chỉ trụ sở chính":"Ấp Vàm Đình, Xã Phong Thạnh","Người đại diện theo pháp luật":null,"Chủ sở hữu":"LƯU VĂN TIẾP","layer_id":288,"fid":826,"label":"DOANH NGHIỆP TƯ NHÂN VẠN TIẾP"}},{"type":"Feature","geometry":{"type":"Point","coordinates":[105.989062248,10.22900281]},"properties":{"Mã số doanh nghiệp":"1500156529","Tên doanh nghiệp":"DOANH NGHIỆP TƯ NHÂN ĐỨC THÀNH","Địa chỉ trụ sở chính":"Số 35/2A, khóm 6, Phường Phước Hậu","Người đại diện theo pháp luật":null,"Chủ sở hữu":"NGUYỄN THỊ DIỆU","layer_id":288,"fid":1405,"label":"DOANH NGHIỆP TƯ NHÂN ĐỨC THÀNH"}},{"type":"Feature","geometry":{"type":"Point","coordinates":[106.458216436,10.264913011]},"properties":{"Mã số doanh nghiệp":"1300623007","Tên doanh nghiệp":"DOANH NGHIỆP TƯ NHÂN  THẢO TRANG BT. 99082 .TS","Địa chỉ trụ sở chính":"Số 75, ấp 5, Xã Bình Đại","Người đại diện theo pháp luật":null,"Chủ sở hữu":"ĐỖ THANH PHONG","layer_id":288,"fid":285,"label":"DOANH NGHIỆP TƯ NHÂN  THẢO TRANG BT. 99082 .TS"}},{"type":"Feature","geometry":{"type":"Point","coordinates":[105.892583391,10.24580978]},"properties":{"Mã số doanh nghiệp":"1500966932","Tên doanh nghiệp":"CÔNG TY TNHH MTV XĂNG DẦU NGỌC THẢO","Địa chỉ trụ sở chính":"Số 201F Tổ 6, Khóm Tân Bình, Phường Tân Ngãi","Người đại diện theo pháp luật":"TRẦN THỊ HỒNG HUỆ","Chủ sở hữu":"TRẦN THỊ HỒNG HUỆ","layer_id":288,"fid":1406,"label":"CÔNG TY TNHH MTV XĂNG DẦU NGỌC THẢO"}},{"type":"Feature","geometry":{"type":"Point","coordinates":[106.717409994,10.183401306]},"properties":{"Mã số doanh nghiệp":"1300521823","Tên doanh nghiệp":"DOANH NGHIỆP TƯ NHÂN TÀI LỢI","Địa chỉ trụ sở chính":"Số 339/3, ấp 3, Xã Bình Đại","Người đại diện theo pháp luật":null,"Chủ sở hữu":"VÕ VĂN TÀI","layer_id":288,"fid":286,"label":"DOANH NGHIỆP TƯ NHÂN TÀI LỢI"}},{"type":"Feature","geometry":{"type":"Point","coordinates":[106.063321665,9.84604407]},"properties":{"Mã số doanh nghiệp":"2100582595","Tên doanh nghiệp":"CÔNG TY TNHH MỘT THÀNH VIÊN XĂNG DẦU VẠN TIẾP","Địa chỉ trụ sở chính":"Ấp Trà Điêu, Xã Phong Thạnhh","Người đại diện theo pháp luật":"LƯU VĂN TIẾP","Chủ sở hữu":"LƯU VĂN TIẾP","layer_id":288,"fid":827,"label":"CÔNG TY TNHH MỘT THÀNH VIÊN XĂNG DẦU VẠN TIẾP"}},{"type":"Feature","geometry":{"type":"Point","coordinates":[106.493399794,10.262986876]},"properties":{"Mã số doanh nghiệp":"1300623511","Tên doanh nghiệp":"DOANH NGHIỆP TƯ NHÂN  MINH THUẬN","Địa chỉ trụ sở chính":"p 2, Xã Bình Đại","Người đại diện theo pháp luật":null,"Chủ sở hữu":"PHẠM VĂN HÓA","layer_id":288,"fid":287,"label":"DOANH NGHIỆP TƯ NHÂN  MINH THUẬN"}},{"type":"Feature","geometry":{"type":"Point","coordinates":[106.699876328,10.161547919]},"properties":{"Mã số doanh nghiệp":"1300369865","Tên doanh nghiệp":"DOANH NGHIỆP TƯ NHÂN  QUỐC TÀI","Địa chỉ trụ sở chính":"424/III, ấp 3, Xã Bình Đại","Người đại diện theo pháp luật":null,"Chủ sở hữu":"TRẦN CHÍ HIẾU","layer_id":288,"fid":288,"label":"DOANH NGHIỆP TƯ NHÂN  QUỐC TÀI"}},{"type":"Feature","geometry":{"type":"Point","coordinates":[106.191966826,9.815138616]},"properties":{"Mã số doanh nghiệp":"2100100354","Tên doanh nghiệp":"DOANH NGHIỆP TƯ NHÂN BẢO XUÂN","Địa chỉ trụ sở chính":"Số 32, Khóm 6, xã Tiểu Cần","Người đại diện theo pháp luật":null,"Chủ sở hữu":"TRẦN BẢO XUÂN","layer_id":288,"fid":828,"label":"DOANH NGHIỆP TƯ NHÂN BẢO XUÂN"}},{"type":"Feature","geometry":{"type":"Point","coordinates":[106.723585823,10.17805479]},"properties":{"Mã số doanh nghiệp":"1300596459","Tên doanh nghiệp":"DOANH NGHIỆP TƯ NHÂN HIỆP PHÁT","Địa chỉ trụ sở chính":"Số 330/3, ấp 3, Xã Bình Đại","Người đại diện theo pháp luật":null,"Chủ sở hữu":"NGUYỄN MINH BẰNG","layer_id":288,"fid":289,"label":"DOANH NGHIỆP TƯ NHÂN HIỆP PHÁT"}},{"type":"Feature","geometry":{"type":"Point","coordinates":[105.928331468,10.258230079]},"properties":{"Mã số doanh nghiệp":"1501078601","Tên doanh nghiệp":"CÔNG TY TNHH MTV XĂNG DẦU ĐẦY","Địa chỉ trụ sở chính":"Số 211, tổ 2, khóm Tân Quới Tây, Phường Long Châu","Người đại diện theo pháp luật":"HUỲNH THỊ YẾN NHUNG","Chủ sở hữu":"HUỲNH THỊ YẾN NHUNG","layer_id":288,"fid":1407,"label":"CÔNG TY TNHH MTV XĂNG DẦU ĐẦY"}},{"type":"Feature","geometry":{"type":"Point","coordinates":[106.25335031,9.846366708]},"properties":{"Mã số doanh nghiệp":"2100509891","Tên doanh nghiệp":"DOANH NGHIỆP TƯ NHÂN DƯƠNG HẢI QUAN","Địa chỉ trụ sở chính":"Ấp Ngãi Hưng, Xã Hùng Hòa","Người đại diện theo pháp luật":null,"Chủ sở hữu":"DƯƠNG VĂN LIỀM","layer_id":288,"fid":829,"label":"DOANH NGHIỆP TƯ NHÂN DƯƠNG HẢI QUAN"}},{"type":"Feature","geometry":{"type":"Point","coordinates":[106.528945994,10.249947527]},"properties":{"Mã số doanh nghiệp":"1300986794","Tên doanh nghiệp":"DOANH NGHIỆP TƯ NHÂN KHAI THÁC THỦY SẢN MINH HIỀN","Địa chỉ trụ sở chính":"Ấp Vinh Điền, Xã Lộc Thuận","Người đại diện theo pháp luật":null,"Chủ sở hữu":"TRẦN MINH HIỀN","layer_id":288,"fid":291,"label":"DOANH NGHIỆP TƯ NHÂN KHAI THÁC THỦY SẢN MINH HIỀN"}},{"type":"Feature","geometry":{"type":"Point","coordinates":[106.119898609,9.770316162]},"properties":{"Mã số doanh nghiệp":"2100349888","Tên doanh nghiệp":"DOANH NGHIỆP TƯ NHÂN LỄ NGHĨA","Địa chỉ trụ sở chính":"Khóm 3 xã Tân Hòa","Người đại diện theo pháp luật":null,"Chủ sở hữu":"NGUYỄN THỊ TUYẾT","layer_id":288,"fid":830,"label":"DOANH NGHIỆP TƯ NHÂN LỄ NGHĨA"}},{"type":"Feature","geometry":{"type":"Point","coordinates":[106.669444008,10.210593968]},"properties":{"Mã số doanh nghiệp":"1300639423","Tên doanh nghiệp":"DOANH NGHIỆP TƯ NHÂN ĐÁNH BẮT XA BỜ VẠN HƯNG","Địa chỉ trụ sở chính":"Ấp 3, Xã Bình Đại","Người đại diện theo pháp luật":null,"Chủ sở hữu":"PHAN NGỌC SƠN","layer_id":288,"fid":292,"label":"DOANH NGHIỆP TƯ NHÂN ĐÁNH BẮT XA BỜ VẠN HƯNG"}},{"type":"Feature","geometry":{"type":"Point","coordinates":[105.992850871,10.280587399]},"properties":{"Mã số doanh nghiệp":"1500398077","Tên doanh nghiệp":"DOANH NGHIỆP TƯ NHÂN HỒNG DUYÊN","Địa chỉ trụ sở chính":"Số 204/15 ấp Long Thuận , Xã Long Hồ","Người đại diện theo pháp luật":null,"Chủ sở hữu":"LÝ THỊ GIÙM","layer_id":288,"fid":1408,"label":"DOANH NGHIỆP TƯ NHÂN HỒNG DUYÊN"}},{"type":"Feature","geometry":{"type":"Point","coordinates":[106.717556165,10.186089003]},"properties":{"Mã số doanh nghiệp":"1300932132","Tên doanh nghiệp":"DOANH NGHIỆP TƯ NHÂN ÁNH DƯƠNG BT.95672.TS","Địa chỉ trụ sở chính":"Ấp 4, Tổ NDTQ số 3, Xã Bình Đại","Người đại diện theo pháp luật":null,"Chủ sở hữu":"NGUYỄN DUY THỊNH","layer_id":288,"fid":293,"label":"DOANH NGHIỆP TƯ NHÂN ÁNH DƯƠNG BT.95672.TS"}},{"type":"Feature","geometry":{"type":"Point","coordinates":[106.221398253,9.928892951]},"properties":{"Mã số doanh nghiệp":"2100465972","Tên doanh nghiệp":"DOANH NGHIỆP TN XĂNG DẦU THÀNH TUẤN","Địa chỉ trụ sở chính":"Ấp Ô Đùng, Xã Tập Ngãi","Người đại diện theo pháp luật":null,"Chủ sở hữu":"NGUYỄN THANH TÒNG","layer_id":288,"fid":831,"label":"DOANH NGHIỆP TN XĂNG DẦU THÀNH TUẤN"}},{"type":"Feature","geometry":{"type":"Point","coordinates":[106.116940623,10.151866473]},"properties":{"Mã số doanh nghiệp":"1501014414","Tên doanh nghiệp":"DOANH NGHIỆP TƯ NHÂN TRANG TRẠI ĐỒNG TÂM","Địa chỉ trụ sở chính":"Số 139, ấp Nhứt, Xã Quới An","Người đại diện theo pháp luật":null,"Chủ sở hữu":"NGUYỄN VĂN KHIÊM","layer_id":288,"fid":294,"label":"DOANH NGHIỆP TƯ NHÂN TRANG TRẠI ĐỒNG TÂM"}},{"type":"Feature","geometry":{"type":"Point","coordinates":[106.151924799,9.824278976]},"properties":{"Mã số doanh nghiệp":"2100102263","Tên doanh nghiệp":"CÔNG TY TRÁCH NHIỆM HỮU HẠN MỘT THÀNH VIÊN PHÚ CẦN","Địa chỉ trụ sở chính":"Quốc lộ 60, ấp Cây Hẹ, Xã Tiểu Cần","Người đại diện theo pháp luật":"CHUNG HỮU NHƠN","Chủ sở hữu":"CHUNG HỮU NHƠN","layer_id":288,"fid":832,"label":"CÔNG TY TRÁCH NHIỆM HỮU HẠN MỘT THÀNH VIÊN PHÚ CẦN"}},{"type":"Feature","geometry":{"type":"Point","coordinates":[105.924947966,10.154873912]},"properties":{"Mã số doanh nghiệp":"1500645569","Tên doanh nghiệp":"CÔNG TY TNHH THƯƠNG MẠI - XÂY DỰNG - DỊCH VỤ PHÚ LỢI","Địa chỉ trụ sở chính":"tổ 3, ấp Phú Hưng, Xã Phú Quới","Người đại diện theo pháp luật":"NGUYỄN VĂN SÁNG","Chủ sở hữu":null,"layer_id":288,"fid":1409,"label":"CÔNG TY TNHH THƯƠNG MẠI - XÂY DỰNG - DỊCH VỤ PHÚ LỢI"}},{"type":"Feature","geometry":{"type":"Point","coordinates":[106.66589355,10.022122918]},"properties":{"Mã số doanh nghiệp":"1300934563","Tên doanh nghiệp":"CÔNG TY TNHH  THỦY SẢN VIỆT - NGA","Địa chỉ trụ sở chính":"ấp Thạnh, xã Bảo Thạnh","Người đại diện theo pháp luật":"GOLYSHEV PETR","Chủ sở hữu":null,"layer_id":288,"fid":296,"label":"CÔNG TY TNHH  THỦY SẢN VIỆT - NGA"}},{"type":"Feature","geometry":{"type":"Point","coordinates":[106.4233081,9.810663955]},"properties":{"Mã số doanh nghiệp":"2100327281","Tên doanh nghiệp":"DOANH NGHIỆP TƯ NHÂN PHÚC TUYỀN","Địa chỉ trụ sở chính":"Ấp Sơn Lang, Xã Hiệp Mỹ","Người đại diện theo pháp luật":null,"Chủ sở hữu":"VÕ VĂN TUYỀN","layer_id":288,"fid":833,"label":"DOANH NGHIỆP TƯ NHÂN PHÚC TUYỀN"}},{"type":"Feature","geometry":{"type":"Point","coordinates":[105.949890673,10.237786842]},"properties":{"Mã số doanh nghiệp":"1500230130","Tên doanh nghiệp":"DOANH NGHIỆP TƯ NHÂN XĂNG DẦU THANH TRÚC VĨNH LONG","Địa chỉ trụ sở chính":"Số 5A/2, quốc lộ 1A, ấp Tân Hưng, phường Tân Hạnh","Người đại diện theo pháp luật":null,"Chủ sở hữu":"PHẠM THỊ THANH TRÚC","layer_id":288,"fid":1410,"label":"DOANH NGHIỆP TƯ NHÂN XĂNG DẦU THANH TRÚC VĨNH LONG"}},{"type":"Feature","geometry":{"type":"Point","coordinates":[106.66830423,10.147364804]},"properties":{"Mã số doanh nghiệp":"1300498807","Tên doanh nghiệp":"CÔNG TY TNHH  NUÔI TRỒNG THỦY SẢN SIMMY","Địa chỉ trụ sở chính":"Ấp Bình Lộc, Xã Thạnh Phước","Người đại diện theo pháp luật":"CHEN, HSIN- MING","Chủ sở hữu":"CHEN, HSIN- MING","layer_id":288,"fid":297,"label":"CÔNG TY TNHH  NUÔI TRỒNG THỦY SẢN SIMMY"}},{"type":"Feature","geometry":{"type":"Point","coordinates":[106.580045565,9.67391554]},"properties":{"Mã số doanh nghiệp":"2100613317","Tên doanh nghiệp":"CÔNG TY CỔ PHẦN THỦY SẢN THÔNG THUẬN - TRÀ VINH","Địa chỉ trụ sở chính":"Ấp Nhà Mát, Phường Trường Long Hòa","Người đại diện theo pháp luật":"TRƯƠNG HỮU PHIẾU","Chủ sở hữu":null,"layer_id":288,"fid":298,"label":"CÔNG TY CỔ PHẦN THỦY SẢN THÔNG THUẬN - TRÀ VINH"}},{"type":"Feature","geometry":{"type":"Point","coordinates":[106.400911077,9.848802271]},"properties":{"Mã số doanh nghiệp":"2100458566","Tên doanh nghiệp":"DOANH NGHIỆP TƯ NHÂN CÔ XUYẾN","Địa chỉ trụ sở chính":"Số 44, Ấp Tri Liêm, Xã Nhị Trường","Người đại diện theo pháp luật":null,"Chủ sở hữu":"TRẦN ĐẠI NGHIỆP","layer_id":288,"fid":834,"label":"DOANH NGHIỆP TƯ NHÂN CÔ XUYẾN"}},{"type":"Feature","geometry":{"type":"Point","coordinates":[106.733895823,10.062180294]},"properties":{"Mã số doanh nghiệp":"1300931241","Tên doanh nghiệp":"DOANH NGHIỆP TƯ NHÂN  SẢN XUẤT TÔM GIỐNG QUANG MINH","Địa chỉ trụ sở chính":"Ấp Thới Lợi 1, Xã Thới Thuận","Người đại diện theo pháp luật":null,"Chủ sở hữu":"HUỲNH QUANG MINH","layer_id":288,"fid":299,"label":"DOANH NGHIỆP TƯ NHÂN  SẢN XUẤT TÔM GIỐNG QUANG MINH"}},{"type":"Feature","geometry":{"type":"Point","coordinates":[106.425604461,9.809574703]},"properties":{"Mã số doanh nghiệp":"2100105698","Tên doanh nghiệp":"DOANH NGHIỆP TƯ NHÂN LOAN TRIỀU","Địa chỉ trụ sở chính":"Hương lộ 21, Ấp Long Hanh, Xã Hiệp Mỹ","Người đại diện theo pháp luật":null,"Chủ sở hữu":"HÀ THANH TRIỀU","layer_id":288,"fid":835,"label":"DOANH NGHIỆP TƯ NHÂN LOAN TRIỀU"}},{"type":"Feature","geometry":{"type":"Point","coordinates":[105.974334264,10.326104175]},"properties":{"Mã số doanh nghiệp":"1500354947","Tên doanh nghiệp":"CÔNG TY TNHH MTV HÒA THUẬN","Địa chỉ trụ sở chính":"Số 100/5 ấp An Thành, Xã An Bình","Người đại diện theo pháp luật":"ĐẶNG VĂN NHU","Chủ sở hữu":"ĐẶNG VĂN NHU","layer_id":288,"fid":1411,"label":"CÔNG TY TNHH MTV HÒA THUẬN"}},{"type":"Feature","geometry":{"type":"Point","coordinates":[106.450347526,9.806193487]},"properties":{"Mã số doanh nghiệp":"2100148927","Tên doanh nghiệp":"DOANH NGHIỆP TƯ NHÂN THANH GIANG","Địa chỉ trụ sở chính":"Khóm Minh Thuận A, xã Cầu Ngang","Người đại diện theo pháp luật":null,"Chủ sở hữu":"ĐƯỜNG MINH CHỦNG","layer_id":288,"fid":836,"label":"DOANH NGHIỆP TƯ NHÂN THANH GIANG"}},{"type":"Feature","geometry":{"type":"Point","coordinates":[106.594280108,10.160883844]},"properties":{"Mã số doanh nghiệp":"1300745372","Tên doanh nghiệp":"CÔNG TY CỔ PHẦN HÙNG VƯƠNG - BA TRI","Địa chỉ trụ sở chính":"ấp Tân Quý, Xã Mỹ Chánh Hòa","Người đại diện theo pháp luật":"VÕ VĂN PHONG","Chủ sở hữu":null,"layer_id":288,"fid":300,"label":"CÔNG TY CỔ PHẦN HÙNG VƯƠNG - BA TRI"}},{"type":"Feature","geometry":{"type":"Point","coordinates":[105.944606594,10.205713813]},"properties":{"Mã số doanh nghiệp":"1500980133","Tên doanh nghiệp":"CÔNG TY TNHH MTV XĂNG DẦU THIÊN PHÚC VĨNH LONG","Địa chỉ trụ sở chính":"Số 8, tổ 6, ấp Tân Bình, phường Tân Hạnh","Người đại diện theo pháp luật":"NGUYỄN THỊ KIM NGÂN","Chủ sở hữu":"NGUYỄN THỊ KIM NGÂN","layer_id":288,"fid":1412,"label":"CÔNG TY TNHH MTV XĂNG DẦU THIÊN PHÚC VĨNH LONG"}},{"type":"Feature","geometry":{"type":"Point","coordinates":[106.083151465,9.960335301]},"properties":{"Mã số doanh nghiệp":"1500583062","Tên doanh nghiệp":"CÔNG TY TNHH MỘT THÀNH VIÊN TRƯƠNG ĐỨC HUY","Địa chỉ trụ sở chính":"Số 6, tổ 13, ấp Khu Phố, Xã Vĩnh Xuân","Người đại diện theo pháp luật":"TRƯƠNG TẤN HUY","Chủ sở hữu":"TRƯƠNG TẤN HUY","layer_id":288,"fid":301,"label":"CÔNG TY TNHH MỘT THÀNH VIÊN TRƯƠNG ĐỨC HUY"}},{"type":"Feature","geometry":{"type":"Point","coordinates":[106.387588309,9.763944849]},"properties":{"Mã số doanh nghiệp":"2100287568","Tên doanh nghiệp":"DOANH NGHIỆP TƯ NHÂN THẠCH BÌNH","Địa chỉ trụ sở chính":"Ấp Nô Lựa A, Xã Nhị Trường","Người đại diện theo pháp luật":null,"Chủ sở hữu":"THẠCH BÌNH","layer_id":288,"fid":837,"label":"DOANH NGHIỆP TƯ NHÂN THẠCH BÌNH"}},{"type":"Feature","geometry":{"type":"Point","coordinates":[106.2029564,10.035119455]},"properties":{"Mã số doanh nghiệp":"2100608765","Tên doanh nghiệp":"CÔNG TY TRÁCH NHIỆM HỮU HẠN MỘT THÀNH VIÊN MUỐI TRÀ VINH","Địa chỉ trụ sở chính":"Số 131, khóm 2, xã Càng Long","Người đại diện theo pháp luật":"LƯU HIẾU TÂM","Chủ sở hữu":"CHUNG MỸ LAN","layer_id":288,"fid":302,"label":"CÔNG TY TRÁCH NHIỆM HỮU HẠN MỘT THÀNH VIÊN MUỐI TRÀ VINH"}},{"type":"Feature","geometry":{"type":"Point","coordinates":[106.428759236,9.666713909]},"properties":{"Mã số doanh nghiệp":"2100345675","Tên doanh nghiệp":"DOANH NGHIỆP TƯ NHÂN NHƯ NGỌC","Địa chỉ trụ sở chính":"Ấp Rọ Say, Xã Ngũ Lạc,","Người đại diện theo pháp luật":null,"Chủ sở hữu":"TRẦN THỊ BÍCH NGỌC","layer_id":288,"fid":303,"label":"DOANH NGHIỆP TƯ NHÂN NHƯ NGỌC"}},{"type":"Feature","geometry":{"type":"Point","coordinates":[106.281635727,9.659193499]},"properties":{"Mã số doanh nghiệp":"2100321924","Tên doanh nghiệp":"DOANH NGHIỆP TƯ NHÂN TẤN THÀNH I","Địa chỉ trụ sở chính":"Ấp Chợ, Xã Hàm Giang","Người đại diện theo pháp luật":null,"Chủ sở hữu":"TRẦM MINH TẤN","layer_id":288,"fid":838,"label":"DOANH NGHIỆP TƯ NHÂN TẤN THÀNH I"}},{"type":"Feature","geometry":{"type":"Point","coordinates":[106.103315643,10.212702464]},"properties":{"Mã số doanh nghiệp":"1500640634","Tên doanh nghiệp":"DOANH NGHIỆP TƯ NHÂN  TRẦN SƠN HẢI","Địa chỉ trụ sở chính":"Khóm 2, xã Cái Nhum","Người đại diện theo pháp luật":null,"Chủ sở hữu":"MAI THANH KIỀU","layer_id":288,"fid":1413,"label":"DOANH NGHIỆP TƯ NHÂN  TRẦN SƠN HẢI"}},{"type":"Feature","geometry":{"type":"Point","coordinates":[106.266497952,9.740273497]},"properties":{"Mã số doanh nghiệp":"2100249876","Tên doanh nghiệp":"CÔNG TY TNHH MỘT THÀNH VIÊN BÀ TÂY","Địa chỉ trụ sở chính":"Ấp Đông Sơn, Xã Tập Sơn","Người đại diện theo pháp luật":"TRỊNH VĂN TRẠCH","Chủ sở hữu":"TRỊNH VĂN TRẠCH","layer_id":288,"fid":839,"label":"CÔNG TY TNHH MỘT THÀNH VIÊN BÀ TÂY"}},{"type":"Feature","geometry":{"type":"Point","coordinates":[106.089569818,10.240420945]},"properties":{"Mã số doanh nghiệp":"1500615074","Tên doanh nghiệp":"DOANH NGHIỆP TƯ NHÂN SÁU HÊN","Địa chỉ trụ sở chính":"Số 46/2 ấp Phú Thọ, Xã Nhơn Phú","Người đại diện theo pháp luật":null,"Chủ sở hữu":"DƯƠNG THỊ HÊN","layer_id":288,"fid":1414,"label":"DOANH NGHIỆP TƯ NHÂN SÁU HÊN"}},{"type":"Feature","geometry":{"type":"Point","coordinates":[106.382532721,10.041332651]},"properties":{"Mã số doanh nghiệp":"1301032367","Tên doanh nghiệp":"CÔNG TY TNHH MỘT THÀNH VIÊN THANH THÊM","Địa chỉ trụ sở chính":"Ấp Tân Thành Hạ, Xã An Định","Người đại diện theo pháp luật":"DƯƠNG VĂN THANH","Chủ sở hữu":"DƯƠNG VĂN THANH","layer_id":288,"fid":304,"label":"CÔNG TY TNHH MỘT THÀNH VIÊN THANH THÊM"}},{"type":"Feature","geometry":{"type":"Point","coordinates":[106.286727136,9.615887465]},"properties":{"Mã số doanh nghiệp":"2100183304","Tên doanh nghiệp":"DOANH NGHIỆP TƯ NHÂN ÚT TIẾN","Địa chỉ trụ sở chính":"Khóm II xã Đại An","Người đại diện theo pháp luật":null,"Chủ sở hữu":"LÝ VĂN TIẾN","layer_id":288,"fid":840,"label":"DOANH NGHIỆP TƯ NHÂN ÚT TIẾN"}},{"type":"Feature","geometry":{"type":"Point","coordinates":[106.010993536,10.243725378]},"properties":{"Mã số doanh nghiệp":"1500429303","Tên doanh nghiệp":"CÔNG TY CỔ PHẦN CHẾ BIẾN XUẤT NHẬP KHẨU THỦY HẢI SẢN HÙNG CƯỜNG","Địa chỉ trụ sở chính":"Tổ 2, Ấp Thanh Mỹ 2, phường Thanh Đức","Người đại diện theo pháp luật":"PHAN DUY HÀ","Chủ sở hữu":null,"layer_id":288,"fid":305,"label":"CÔNG TY CỔ PHẦN CHẾ BIẾN XUẤT NHẬP KHẨU THỦY HẢI SẢN HÙNG CƯỜNG"}},{"type":"Feature","geometry":{"type":"Point","coordinates":[105.875256494,10.094962821]},"properties":{"Mã số doanh nghiệp":"1501078993","Tên doanh nghiệp":"CÔNG TY TNHH CHẾ BIẾN THỰC PHẨM PHÚC THẢO","Địa chỉ trụ sở chính":"Tổ 2, ấp Phú Mỹ, Xã Tân Phú","Người đại diện theo pháp luật":"LÊ HOÀNG PHÚC","Chủ sở hữu":null,"layer_id":288,"fid":306,"label":"CÔNG TY TNHH CHẾ BIẾN THỰC PHẨM PHÚC THẢO"}},{"type":"Feature","geometry":{"type":"Point","coordinates":[106.153335553,9.748648142]},"properties":{"Mã số doanh nghiệp":"2100636875","Tên doanh nghiệp":"CÔNG TY TNHH MỘT THÀNH VIÊN THƯƠNG MẠI XĂNG DẦU VẠN PHÚC","Địa chỉ trụ sở chính":"ấp Vàm , Xã An Quảng Hữu","Người đại diện theo pháp luật":"TRẦN THỊ THU BA","Chủ sở hữu":"TRẦN THỊ THU BA","layer_id":288,"fid":841,"label":"CÔNG TY TNHH MỘT THÀNH VIÊN THƯƠNG MẠI XĂNG DẦU VẠN PHÚC"}},{"type":"Feature","geometry":{"type":"Point","coordinates":[106.041498176,10.169808249]},"properties":{"Mã số doanh nghiệp":"1500404330","Tên doanh nghiệp":"DOANH NGHIỆP TƯ NHÂN THUẬN PHÁT MANG THÍT","Địa chỉ trụ sở chính":"Tổ 10, ấp Ngã Ngay, Xã Tân Long Hội","Người đại diện theo pháp luật":null,"Chủ sở hữu":"ĐOÀN THỊ ÁNH","layer_id":288,"fid":1415,"label":"DOANH NGHIỆP TƯ NHÂN THUẬN PHÁT MANG THÍT"}},{"type":"Feature","geometry":{"type":"Point","coordinates":[106.378892652,10.244253762]},"properties":{"Mã số doanh nghiệp":"1301031532","Tên doanh nghiệp":"CÔNG TY TNHH MỘT THÀNH VIÊN SẢN XUẤT KINH DOANH TỔNG HỢP AN PHÁT","Địa chỉ trụ sở chính":"248-C1 đường Phan Đình Phùng, Phường Phú Khương","Người đại diện theo pháp luật":"TÔ THANH BÌNH","Chủ sở hữu":"TÔ THANH BÌNH","layer_id":288,"fid":307,"label":"CÔNG TY TNHH MỘT THÀNH VIÊN SẢN XUẤT KINH DOANH TỔNG HỢP AN PHÁT"}},{"type":"Feature","geometry":{"type":"Point","coordinates":[106.352092647,9.647040858]},"properties":{"Mã số doanh nghiệp":"2100159735","Tên doanh nghiệp":"DOANH NGHIỆP TƯ NHÂN BÌNH AN","Địa chỉ trụ sở chính":"ấp Chợ xã Đôn Châu","Người đại diện theo pháp luật":null,"Chủ sở hữu":"HÀ THỊ ÁNH HỒNG","layer_id":288,"fid":842,"label":"DOANH NGHIỆP TƯ NHÂN BÌNH AN"}},{"type":"Feature","geometry":{"type":"Point","coordinates":[106.130755632,10.242461193]},"properties":{"Mã số doanh nghiệp":"1501072342","Tên doanh nghiệp":"CÔNG TY TNHH MTV XĂNG DẦU GIA PHÚ","Địa chỉ trụ sở chính":"Tổ 12, ấp Thủy Thuận, xã Cái Nhum","Người đại diện theo pháp luật":"PHẠM MINH TÁ","Chủ sở hữu":"PHẠM MINH TÁ","layer_id":288,"fid":1416,"label":"CÔNG TY TNHH MTV XĂNG DẦU GIA PHÚ"}},{"type":"Feature","geometry":{"type":"Point","coordinates":[106.280145544,9.88770116]},"properties":{"Mã số doanh nghiệp":"2100326390","Tên doanh nghiệp":"DOANH NGHIỆP TƯ NHÂN BẢO HIỀN","Địa chỉ trụ sở chính":"531 hương lộ 13, Ấp Hòa Lạc C, Xã Song Lộc","Người đại diện theo pháp luật":null,"Chủ sở hữu":"TRẦN THỊ XUÂN PHƯỢNG","layer_id":288,"fid":844,"label":"DOANH NGHIỆP TƯ NHÂN BẢO HIỀN"}},{"type":"Feature","geometry":{"type":"Point","coordinates":[105.962207761,10.259010965]},"properties":{"Mã số doanh nghiệp":"1501035615","Tên doanh nghiệp":"DOANH NGHIỆP TƯ NHÂN MINH ĐẠO VĨNH LONG","Địa chỉ trụ sở chính":"Số 11 tổ 24, khóm 1, xã Cái Nhum","Người đại diện theo pháp luật":null,"Chủ sở hữu":"NGUYỄN MINH ĐẠO","layer_id":288,"fid":1417,"label":"DOANH NGHIỆP TƯ NHÂN MINH ĐẠO VĨNH LONG"}},{"type":"Feature","geometry":{"type":"Point","coordinates":[106.345742827,9.93773614]},"properties":{"Mã số doanh nghiệp":"2100119281","Tên doanh nghiệp":"CÔNG TY TRÁCH NHIỆM HỮU HẠN MỘT THÀNH VIÊN XĂNG DẦU DẦU KHÍ TRÀ VINH","Địa chỉ trụ sở chính":"Số 187A  Hùng Vương, Phường Hòa Thuận","Người đại diện theo pháp luật":"NGUYỄN HỮU THUẬT","Chủ sở hữu":null,"layer_id":288,"fid":845,"label":"CÔNG TY TRÁCH NHIỆM HỮU HẠN MỘT THÀNH VIÊN XĂNG DẦU DẦU KHÍ TRÀ VINH"}},{"type":"Feature","geometry":{"type":"Point","coordinates":[106.274048073,10.02760066]},"properties":{"Mã số doanh nghiệp":"2100593163","Tên doanh nghiệp":"DOANH NGHIỆP TN TÂN TÂN BÌNH PHÚ","Địa chỉ trụ sở chính":"Quốc lộ 60, Ấp Phú Phong 1, Xã Bình Phú","Người đại diện theo pháp luật":null,"Chủ sở hữu":"ĐẶNG THỊ HỒNG","layer_id":288,"fid":846,"label":"DOANH NGHIỆP TN TÂN TÂN BÌNH PHÚ"}},{"type":"Feature","geometry":{"type":"Point","coordinates":[105.846778891,10.035380581]},"properties":{"Mã số doanh nghiệp":"1500493771","Tên doanh nghiệp":"DOANH NGHIỆP TƯ NHÂN CHÍNH PHƯỚC","Địa chỉ trụ sở chính":"Số 314, Tổ 11, Ấp Đông Hưng I  , phường Đông Thành","Người đại diện theo pháp luật":null,"Chủ sở hữu":"NGÔ THỊ CHÍNH","layer_id":288,"fid":1418,"label":"DOANH NGHIỆP TƯ NHÂN CHÍNH PHƯỚC"}},{"type":"Feature","geometry":{"type":"Point","coordinates":[105.838786645,10.110463114]},"properties":{"Mã số doanh nghiệp":"1500419175","Tên doanh nghiệp":"CÔNG TY TNHH MTV CƯỜNG PHÁT","Địa chỉ trụ sở chính":"Số 3897 tổ 8, Ấp Đông Hậu, phường Đông Thành","Người đại diện theo pháp luật":"TÔ VĂN QUÝ","Chủ sở hữu":"NGUYỄN THỊ THU THỦY","layer_id":288,"fid":1419,"label":"CÔNG TY TNHH MTV CƯỜNG PHÁT"}},{"type":"Feature","geometry":{"type":"Point","coordinates":[106.692909836,10.188826083]},"properties":{"Mã số doanh nghiệp":"1301053871","Tên doanh nghiệp":"CÔNG TY TRÁCH NHIỆM HỮU HẠN MỘT THÀNH VIÊN GAS THANH HIỀN BÌNH ĐẠI","Địa chỉ trụ sở chính":"Số 50C khu phố 3, Xã Bình Đại","Người đại diện theo pháp luật":"HUỲNH THỊ BÍCH HÀ","Chủ sở hữu":"HUỲNH THỊ BÍCH HÀ","layer_id":288,"fid":847,"label":"CÔNG TY TRÁCH NHIỆM HỮU HẠN MỘT THÀNH VIÊN GAS THANH HIỀN BÌNH ĐẠI"}},{"type":"Feature","geometry":{"type":"Point","coordinates":[105.772388084,10.121071665]},"properties":{"Mã số doanh nghiệp":"1501083753","Tên doanh nghiệp":"CÔNG TY TNHH MTV XĂNG DẦU HUỲNH TRÍ","Địa chỉ trụ sở chính":" Tổ 4, Ấp Thành An, Xã Tân Quới","Người đại diện theo pháp luật":"HUỲNH VĂN TRÍ","Chủ sở hữu":"HUỲNH VĂN TRÍ","layer_id":288,"fid":1422,"label":"CÔNG TY TNHH MTV XĂNG DẦU HUỲNH TRÍ"}},{"type":"Feature","geometry":{"type":"Point","coordinates":[105.965239485,10.187772012]},"properties":{"Mã số doanh nghiệp":"1500194210","Tên doanh nghiệp":"DOANH NGHIỆP TƯ NHÂN HOÀNG SƠN","Địa chỉ trụ sở chính":"Số nhà 93, tổ 7, ấp Phú Đức, Xã Long Hồ","Người đại diện theo pháp luật":null,"Chủ sở hữu":"TRẦN THỊ NGỌC DUNG","layer_id":288,"fid":848,"label":"DOANH NGHIỆP TƯ NHÂN HOÀNG SƠN"}},{"type":"Feature","geometry":{"type":"Point","coordinates":[106.26432582,9.82923735]},"properties":{"Mã số doanh nghiệp":"2100420890","Tên doanh nghiệp":"DOANH NGHIỆP TƯ NHÂN HỮU NGHỊ","Địa chỉ trụ sở chính":"Số 348 ĐT 912, Ấp Ngãi Hoà, Xã Tập Ngãi","Người đại diện theo pháp luật":null,"Chủ sở hữu":"TRẦN VĂN NGHỊ","layer_id":288,"fid":849,"label":"DOANH NGHIỆP TƯ NHÂN HỮU NGHỊ"}},{"type":"Feature","geometry":{"type":"Point","coordinates":[105.815212591,10.072771756]},"properties":{"Mã số doanh nghiệp":"1500321652","Tên doanh nghiệp":"ĐẠI LÝ XĂNG DẦU NGUYỄN QUYỀN (DNTN)","Địa chỉ trụ sở chính":"Số 256/137 đường Lê Văn Dị, tổ 38, khóm 3, Phường Cái Vồn","Người đại diện theo pháp luật":null,"Chủ sở hữu":"LÊ THỊ HẢI","layer_id":288,"fid":1420,"label":"ĐẠI LÝ XĂNG DẦU NGUYỄN QUYỀN (DNTN)"}},{"type":"Feature","geometry":{"type":"Point","coordinates":[106.546072361,10.101353892]},"properties":{"Mã số doanh nghiệp":"1300340619","Tên doanh nghiệp":"CÔNG TY TRÁCH NHIỆM HỮU HẠN MỘT THÀNH VIÊN XĂNG DẦU BÌNH PHƯƠNG","Địa chỉ trụ sở chính":"Ấp 1, Xã An Ngãi Trung","Người đại diện theo pháp luật":"LÊ VĂN BỒNG","Chủ sở hữu":"LÊ VĂN BỒNG","layer_id":288,"fid":850,"label":"CÔNG TY TRÁCH NHIỆM HỮU HẠN MỘT THÀNH VIÊN XĂNG DẦU BÌNH PHƯƠNG"}},{"type":"Feature","geometry":{"type":"Point","coordinates":[106.334616823,9.735765751]},"properties":{"Mã số doanh nghiệp":"2100277256","Tên doanh nghiệp":"DOANH NGHIỆP TƯ NHÂN ĐÔNG HIẾU","Địa chỉ trụ sở chính":"Ấp Long Trường, Xã Long Hiệp","Người đại diện theo pháp luật":null,"Chủ sở hữu":"TỪ CHÍ ĐÔNG","layer_id":288,"fid":856,"label":"DOANH NGHIỆP TƯ NHÂN ĐÔNG HIẾU"}},{"type":"Feature","geometry":{"type":"Point","coordinates":[105.871561152,9.996664307]},"properties":{"Mã số doanh nghiệp":"1500698666","Tên doanh nghiệp":"DOANH NGHIỆP TƯ NHÂN CÓ THU","Địa chỉ trụ sở chính":"Số 1630, Ấp Mỹ Thới 2, phường Cái Vồn","Người đại diện theo pháp luật":null,"Chủ sở hữu":"LÊ VĂN CÓ","layer_id":288,"fid":1421,"label":"DOANH NGHIỆP TƯ NHÂN CÓ THU"}},{"type":"Feature","geometry":{"type":"Point","coordinates":[106.386848686,10.277255221]},"properties":{"Mã số doanh nghiệp":"1300578403","Tên doanh nghiệp":"CÔNG TY TRÁCH NHIỆM HỮU HẠN THƯƠNG MẠI XĂNG DẦU THÀNH LỘC","Địa chỉ trụ sở chính":"Số 4C, Đường Nguyễn Văn Cánh, Khu phố Hữu Thành, Phường Phú Tân,","Người đại diện theo pháp luật":"HUỲNH VĂN THÀNH","Chủ sở hữu":"HUỲNH VĂN THÀNH","layer_id":288,"fid":851,"label":"CÔNG TY TRÁCH NHIỆM HỮU HẠN THƯƠNG MẠI XĂNG DẦU THÀNH LỘC"}},{"type":"Feature","geometry":{"type":"Point","coordinates":[106.647834904,9.869937193]},"properties":{"Mã số doanh nghiệp":"1300444304","Tên doanh nghiệp":"DOANH NGHIỆP TƯ NHÂN  HIỆP THÀNH TRIỆU","Địa chỉ trụ sở chính":"ấp Thạnh An, Xã Thạnh Hải","Người đại diện theo pháp luật":null,"Chủ sở hữu":"BÙI VĂN THỨC","layer_id":288,"fid":852,"label":"DOANH NGHIỆP TƯ NHÂN  HIỆP THÀNH TRIỆU"}},{"type":"Feature","geometry":{"type":"Point","coordinates":[106.196705445,10.135721655]},"properties":{"Mã số doanh nghiệp":"1501072374","Tên doanh nghiệp":"CÔNG TY TNHH MTV GAS TRẦN NGUYỄN","Địa chỉ trụ sở chính":"Tổ 7, ấp Trung Trạch, Xã Trung Thành","Người đại diện theo pháp luật":"TRẦN THIẾT VINH","Chủ sở hữu":"NGUYỄN THỊ HỒNG THU","layer_id":288,"fid":854,"label":"CÔNG TY TNHH MTV GAS TRẦN NGUYỄN"}},{"type":"Feature","geometry":{"type":"Point","coordinates":[105.82121999,10.10884596]},"properties":{"Mã số doanh nghiệp":"1501056044","Tên doanh nghiệp":"DOANH NGHIỆP TƯ NHÂN XĂNG DẦU HUỲNH LIỄU ","Địa chỉ trụ sở chính":"tổ 4, ấp Mỹ Tân, Xã Mỹ Thuận","Người đại diện theo pháp luật":null,"Chủ sở hữu":"HUỲNH THỊ BÍCH LIỄU","layer_id":288,"fid":1424,"label":"DOANH NGHIỆP TƯ NHÂN XĂNG DẦU HUỲNH LIỄU "}},{"type":"Feature","geometry":{"type":"Point","coordinates":[105.794313445,10.135401185]},"properties":{"Mã số doanh nghiệp":"1501035157","Tên doanh nghiệp":"DOANH NGHIỆP TƯ NHÂN ĐỨC THÀNH BÌNH TÂN","Địa chỉ trụ sở chính":"ổ 17, ấp Thành Phú, Xã Tân Quới","Người đại diện theo pháp luật":null,"Chủ sở hữu":"NGUYỄN THÀNH TÀI","layer_id":288,"fid":1425,"label":"DOANH NGHIỆP TƯ NHÂN ĐỨC THÀNH BÌNH TÂN"}},{"type":"Feature","geometry":{"type":"Point","coordinates":[105.829914715,10.110551166]},"properties":{"Mã số doanh nghiệp":"1400818218","Tên doanh nghiệp":"DOANH NGHIỆP TƯ NHÂN XĂNG DẦU HUỲNH THÀNH ĐẠT","Địa chỉ trụ sở chính":"Tổ 2, ấp Hòa Thuận, Xã Mỹ Thuận","Người đại diện theo pháp luật":null,"Chủ sở hữu":"HUỲNH THANH TUÂN","layer_id":288,"fid":1423,"label":"DOANH NGHIỆP TƯ NHÂN XĂNG DẦU HUỲNH THÀNH ĐẠT"}},{"type":"Feature","geometry":{"type":"Point","coordinates":[106.265802573,10.314794407]},"properties":{"Mã số doanh nghiệp":"1301014329","Tên doanh nghiệp":"CÔNG TY TNHH MỘT THÀNH VIÊN HUY PHI LONG","Địa chỉ trụ sở chính":"205, ấp Tân An Thượng, Xã Phú Túc","Người đại diện theo pháp luật":"HUỲNH TRẦN THANH PHONG","Chủ sở hữu":"HUỲNH TRẦN THANH PHONG","layer_id":288,"fid":853,"label":"CÔNG TY TNHH MỘT THÀNH VIÊN HUY PHI LONG"}},{"type":"Feature","geometry":{"type":"Point","coordinates":[105.723903177,10.133651603]},"properties":{"Mã số doanh nghiệp":"1501069276","Tên doanh nghiệp":"CÔNG TY TNHH PHÁT TIẾN BÌNH TÂN","Địa chỉ trụ sở chính":"Tổ 19, khóm Thành Quới, xã Tân Quới","Người đại diện theo pháp luật":"HUỲNH NGỌC CÓ","Chủ sở hữu":null,"layer_id":288,"fid":1426,"label":"CÔNG TY TNHH PHÁT TIẾN BÌNH TÂN"}},{"type":"Feature","geometry":{"type":"Point","coordinates":[106.301268775,9.815973659]},"properties":{"Mã số doanh nghiệp":"2100259320","Tên doanh nghiệp":"DOANH NGHIỆP TƯ NHÂN GIA THÀNH","Địa chỉ trụ sở chính":"Số 262 Đường Tỉnh Lộ 912, Ấp An Chay, Xã Châu Thành","Người đại diện theo pháp luật":null,"Chủ sở hữu":"THI VĂN THĂNG","layer_id":288,"fid":858,"label":"DOANH NGHIỆP TƯ NHÂN GIA THÀNH"}},{"type":"Feature","geometry":{"type":"Point","coordinates":[106.340644236,9.978501287]},"properties":{"Mã số doanh nghiệp":"2100399303","Tên doanh nghiệp":"CÔNG TY TNHH NGỌC QUỲNH","Địa chỉ trụ sở chính":"Đường Trần Văn Ẩn, Ấp Vĩnh Hội, Phường Long Đức","Người đại diện theo pháp luật":"ĐOÀN TẤN QUỐC","Chủ sở hữu":null,"layer_id":288,"fid":859,"label":"CÔNG TY TNHH NGỌC QUỲNH"}},{"type":"Feature","geometry":{"type":"Point","coordinates":[105.91711461,10.078682559]},"properties":{"Mã số doanh nghiệp":"1500667548","Tên doanh nghiệp":"DOANH NGHIỆP TƯ NHÂN PHI VŨ","Địa chỉ trụ sở chính":"Tổ 38, ấp Phú Sơn A, Xã Long Phú","Người đại diện theo pháp luật":null,"Chủ sở hữu":"TRƯƠNG VĂN THÊ (TRƯƠNG VĂN VŨ)","layer_id":288,"fid":1427,"label":"DOANH NGHIỆP TƯ NHÂN PHI VŨ"}},{"type":"Feature","geometry":{"type":"Point","coordinates":[106.376080394,10.242962705]},"properties":{"Mã số doanh nghiệp":"1801090832","Tên doanh nghiệp":"CÔNG TY CP TẬP ĐOÀN ĐẦU TƯ NGÂN TÍN ","Địa chỉ trụ sở chính":"Số 28K, Khu phố 3, Phường Phú Tân","Người đại diện theo pháp luật":"NGUYỄN BẢO LONG","Chủ sở hữu":null,"layer_id":288,"fid":860,"label":"CÔNG TY CP TẬP ĐOÀN ĐẦU TƯ NGÂN TÍN "}},{"type":"Feature","geometry":{"type":"Point","coordinates":[106.350590595,10.311380568]},"properties":{"Mã số doanh nghiệp":"1300443741","Tên doanh nghiệp":"CÔNG TY TNHH  THƯƠNG MẠI & DỊCH VỤ RẠCH MIỄU","Địa chỉ trụ sở chính":"Số 180, ấp Phú Nhơn, Xã Phú Túc","Người đại diện theo pháp luật":"ĐINH VĂN THẮNG","Chủ sở hữu":null,"layer_id":288,"fid":861,"label":"CÔNG TY TNHH  THƯƠNG MẠI & DỊCH VỤ RẠCH MIỄU"}},{"type":"Feature","geometry":{"type":"Point","coordinates":[105.910760656,10.015344081]},"properties":{"Mã số doanh nghiệp":"1500217919","Tên doanh nghiệp":"DOANH NGHIỆP TƯ NHÂN  HẢI HƯNG","Địa chỉ trụ sở chính":"ố 3/3 ấp An Phong, Xã Ngãi Tứ","Người đại diện theo pháp luật":null,"Chủ sở hữu":"BÙI VĂN HẢI","layer_id":288,"fid":1428,"label":"DOANH NGHIỆP TƯ NHÂN  HẢI HƯNG"}},{"type":"Feature","geometry":{"type":"Point","coordinates":[105.951299221,10.099879585]},"properties":{"Mã số doanh nghiệp":"1500748081","Tên doanh nghiệp":"CÔNG TY TNHH MTV XĂNG DẦU ĐẶNG PHÁT TÀI","Địa chỉ trụ sở chính":"Số 66 tổ 5, ấp 11, Xã Cái Ngang","Người đại diện theo pháp luật":"ĐẶNG VĂN TÀI","Chủ sở hữu":"ĐẶNG VĂN TÀI","layer_id":288,"fid":1429,"label":"CÔNG TY TNHH MTV XĂNG DẦU ĐẶNG PHÁT TÀI"}},{"type":"Feature","geometry":{"type":"Point","coordinates":[106.621037749,10.157139132]},"properties":{"Mã số doanh nghiệp":"1300524599","Tên doanh nghiệp":"DOANH NGHIỆP TƯ NHÂN  HIỀN PHƯƠNG","Địa chỉ trụ sở chính":"Ấp Mỹ Quí, Xã Tân Xuân","Người đại diện theo pháp luật":null,"Chủ sở hữu":"HỒ VĂN PHƯƠNG","layer_id":288,"fid":862,"label":"DOANH NGHIỆP TƯ NHÂN  HIỀN PHƯƠNG"}},{"type":"Feature","geometry":{"type":"Point","coordinates":[106.457713076,10.21087906]},"properties":{"Mã số doanh nghiệp":"1300351071","Tên doanh nghiệp":"DOANH NGHIỆP TƯ NHÂN TRẦN THANH PHONG","Địa chỉ trụ sở chính":"Ấp Lương Thuận, Xã Châu Hòa","Người đại diện theo pháp luật":null,"Chủ sở hữu":"TRẦN THANH PHONG","layer_id":288,"fid":863,"label":"DOANH NGHIỆP TƯ NHÂN TRẦN THANH PHONG"}},{"type":"Feature","geometry":{"type":"Point","coordinates":[106.041233745,10.064788163]},"properties":{"Mã số doanh nghiệp":"1500132038","Tên doanh nghiệp":"DOANH NGHIỆP TƯ NHÂN THẢO NHÂN","Địa chỉ trụ sở chính":"Tổ 15, Ấp Ngãi Hòa, Xã Hòa Bình","Người đại diện theo pháp luật":null,"Chủ sở hữu":"NGUYỄN THANH NGHỊ","layer_id":288,"fid":1430,"label":"DOANH NGHIỆP TƯ NHÂN THẢO NHÂN"}},{"type":"Feature","geometry":{"type":"Point","coordinates":[106.234785155,10.310546658]},"properties":{"Mã số doanh nghiệp":"1300377947","Tên doanh nghiệp":"DOANH NGHIỆP TƯ NHÂN  XĂNG DẦU MAI HUỲNH (ĐỔI TÊN TỪ DOANH NGHIỆP TƯ NHÂN MAI QUỲNH)","Địa chỉ trụ sở chính":"Ấp Hòa Khánh, Xã Vĩnh Thành","Người đại diện theo pháp luật":null,"Chủ sở hữu":"MAI TÙNG LÂM","layer_id":288,"fid":864,"label":"DOANH NGHIỆP TƯ NHÂN  XĂNG DẦU MAI HUỲNH (ĐỔI TÊN TỪ DOANH NGHIỆP TƯ NHÂN MAI QUỲNH)"}},{"type":"Feature","geometry":{"type":"Point","coordinates":[106.434758048,10.278352886]},"properties":{"Mã số doanh nghiệp":"1300230817","Tên doanh nghiệp":"DOANH NGHIỆP TƯ NHÂN TRẠM XĂNG DẦU MỸ THẠNH","Địa chỉ trụ sở chính":"74, ấp Chợ, Xã Lương Phú","Người đại diện theo pháp luật":null,"Chủ sở hữu":"ĐẶNG THANH TÙNG","layer_id":288,"fid":865,"label":"DOANH NGHIỆP TƯ NHÂN TRẠM XĂNG DẦU MỸ THẠNH"}},{"type":"Feature","geometry":{"type":"Point","coordinates":[105.948164944,10.028261875]},"properties":{"Mã số doanh nghiệp":"1500460945","Tên doanh nghiệp":"CÔNG TY TNHH XĂNG DẦU CƯỜNG QUỐC","Địa chỉ trụ sở chính":"Số 125 tổ 6, khóm Mỹ Hòa, xã Trà Ôn","Người đại diện theo pháp luật":"NGUYỄN ĐINH NGỌC CƯỜNG","Chủ sở hữu":"ĐINH NGỌC Y","layer_id":288,"fid":1431,"label":"CÔNG TY TNHH XĂNG DẦU CƯỜNG QUỐC"}},{"type":"Feature","geometry":{"type":"Point","coordinates":[106.627957289,9.880668788]},"properties":{"Mã số doanh nghiệp":"1300619480","Tên doanh nghiệp":"DOANH NGHIỆP TƯ NHÂN XĂNG DẦU KIM CƯƠNG","Địa chỉ trụ sở chính":"Ấp Thạnh Phước, Xã Thạnh Phong","Người đại diện theo pháp luật":null,"Chủ sở hữu":"QUANG THỊ TỚI","layer_id":288,"fid":866,"label":"DOANH NGHIỆP TƯ NHÂN XĂNG DẦU KIM CƯƠNG"}},{"type":"Feature","geometry":{"type":"Point","coordinates":[106.011284577,10.012132088]},"properties":{"Mã số doanh nghiệp":"1500367488","Tên doanh nghiệp":"DOANH NGHIỆP TƯ NHÂN LÊ TOÀN","Địa chỉ trụ sở chính":"Tổ 3, ấp Vĩnh Trinh, Xã Vĩnh Xuân","Người đại diện theo pháp luật":null,"Chủ sở hữu":"NGUYỄN NGỌC ẢNH","layer_id":288,"fid":1432,"label":"DOANH NGHIỆP TƯ NHÂN LÊ TOÀN"}},{"type":"Feature","geometry":{"type":"Point","coordinates":[106.377525852,10.201528893]},"properties":{"Mã số doanh nghiệp":"1300932333","Tên doanh nghiệp":"CÔNG TY CỔ PHẦN DẦU NHỚT VI NA CO","Địa chỉ trụ sở chính":"335B, quốc lộ 57C, khu phố Phú nhuận 2, Phường An Hội","Người đại diện theo pháp luật":"HÀ THỊ PHON","Chủ sở hữu":null,"layer_id":288,"fid":867,"label":"CÔNG TY CỔ PHẦN DẦU NHỚT VI NA CO"}},{"type":"Feature","geometry":{"type":"Point","coordinates":[106.057924718,10.071728813]},"properties":{"Mã số doanh nghiệp":"1500652862","Tên doanh nghiệp":"DOANH NGHIỆP TƯ NHÂN VÕ THANH TÙNG","Địa chỉ trụ sở chính":"Tổ 12, Ấp Vĩnh Thành, Xã Vĩnh Xuân","Người đại diện theo pháp luật":null,"Chủ sở hữu":"VÕ THÀNH LẬP","layer_id":288,"fid":1433,"label":"DOANH NGHIỆP TƯ NHÂN VÕ THANH TÙNG"}},{"type":"Feature","geometry":{"type":"Point","coordinates":[106.411142128,10.246876716]},"properties":{"Mã số doanh nghiệp":"1300984130","Tên doanh nghiệp":"CÔNG TY TNHH MỘT THÀNH VIÊN THƯƠNG MẠI - DỊCH VỤ TIẾN PHÁT NGHĨA","Địa chỉ trụ sở chính":"378D, Khu Phố Phú Chiến, Phường Phú Khương","Người đại diện theo pháp luật":"HUỲNH CÔNG DANH","Chủ sở hữu":"HUỲNH CÔNG DANH","layer_id":288,"fid":868,"label":"CÔNG TY TNHH MỘT THÀNH VIÊN THƯƠNG MẠI - DỊCH VỤ TIẾN PHÁT NGHĨA"}},{"type":"Feature","geometry":{"type":"Point","coordinates":[106.334678294,10.13526991]},"properties":{"Mã số doanh nghiệp":"1301033402","Tên doanh nghiệp":"CÔNG TY TNHH THƯƠNG MẠI DỊCH VỤ XĂNG DẦU ANH KIỆT","Địa chỉ trụ sở chính":"ấp Thới Hòa , Xã Thành Thới","Người đại diện theo pháp luật":"PHẠM QUỐC CƯỜNG","Chủ sở hữu":"PHẠM QUỐC CƯỜNG","layer_id":288,"fid":869,"label":"CÔNG TY TNHH THƯƠNG MẠI DỊCH VỤ XĂNG DẦU ANH KIỆT"}},{"type":"Feature","geometry":{"type":"Point","coordinates":[105.912019636,9.956929704]},"properties":{"Mã số doanh nghiệp":"1500983511","Tên doanh nghiệp":"DOANH NGHIỆP TƯ NHÂN XĂNG DẦU HẢI TRANG","Địa chỉ trụ sở chính":"Tổ 14 ấp Tân An, Xã Lục Sỹ Thành","Người đại diện theo pháp luật":null,"Chủ sở hữu":"VÕ VĂN QUANG ","layer_id":288,"fid":1434,"label":"DOANH NGHIỆP TƯ NHÂN XĂNG DẦU HẢI TRANG"}},{"type":"Feature","geometry":{"type":"Point","coordinates":[105.911313952,9.960511486]},"properties":{"Mã số doanh nghiệp":"1501072060","Tên doanh nghiệp":"DOANH NGHIỆP TƯ NHÂN XĂNG DẦU THÚY - BẢO","Địa chỉ trụ sở chính":"Tổ 14, ấp Tân An, Xã Lục Sỹ Thành","Người đại diện theo pháp luật":null,"Chủ sở hữu":"VÕ VĂN HẢI","layer_id":288,"fid":1435,"label":"DOANH NGHIỆP TƯ NHÂN XĂNG DẦU THÚY - BẢO"}},{"type":"Feature","geometry":{"type":"Point","coordinates":[106.059968355,9.954155106]},"properties":{"Mã số doanh nghiệp":"2100622914","Tên doanh nghiệp":"CÔNG TY TNHH NGUYỄN PHƯỚC LONG","Địa chỉ trụ sở chính":"ẤP Bà My, Xã Cầu Kè","Người đại diện theo pháp luật":"VÕ THỊ SÁU","Chủ sở hữu":"VÕ THỊ SÁU","layer_id":288,"fid":870,"label":"CÔNG TY TNHH NGUYỄN PHƯỚC LONG"}},{"type":"Feature","geometry":{"type":"Point","coordinates":[106.350789066,9.611434116]},"properties":{"Mã số doanh nghiệp":"2100232382","Tên doanh nghiệp":"DOANH NGHIỆP TƯ NHÂN DƯƠNG VĨNH HIỆP","Địa chỉ trụ sở chính":"Ấp Thốt Lốt, Xã Long Vĩnh","Người đại diện theo pháp luật":null,"Chủ sở hữu":"DƯƠNG VĨNH HIỆP","layer_id":288,"fid":871,"label":"DOANH NGHIỆP TƯ NHÂN DƯƠNG VĨNH HIỆP"}},{"type":"Feature","geometry":{"type":"Point","coordinates":[106.095402591,10.017647643]},"properties":{"Mã số doanh nghiệp":"1500102379","Tên doanh nghiệp":"DOANH NGHIỆP TƯ NHÂN THƯƠNG TUẤN","Địa chỉ trụ sở chính":"Số 05, tổ 5, ấp Hiếu Xuân, Xã Hiếu Thành","Người đại diện theo pháp luật":null,"Chủ sở hữu":"VỎ VĂN TUẤN","layer_id":288,"fid":1436,"label":"DOANH NGHIỆP TƯ NHÂN THƯƠNG TUẤN"}},{"type":"Feature","geometry":{"type":"Point","coordinates":[106.493599752,9.690282209]},"properties":{"Mã số doanh nghiệp":"2100256739","Tên doanh nghiệp":"DOANH NGHIỆP TƯ NHÂN HUỲNH HOA","Địa chỉ trụ sở chính":"Tỉnh lộ 914, Ấp 15, Xã Long Hữu","Người đại diện theo pháp luật":null,"Chủ sở hữu":"HUỲNH THỊ HOA","layer_id":288,"fid":872,"label":"DOANH NGHIỆP TƯ NHÂN HUỲNH HOA"}},{"type":"Feature","geometry":{"type":"Point","coordinates":[106.216569086,9.852367286]},"properties":{"Mã số doanh nghiệp":"2100114068","Tên doanh nghiệp":"DOANH NGHIỆP TƯ NHÂN LỤC RĂNG","Địa chỉ trụ sở chính":"Ấp Chợ, Xã Tập Ngãi","Người đại diện theo pháp luật":null,"Chủ sở hữu":"SƠN THỊ HÀ","layer_id":288,"fid":873,"label":"DOANH NGHIỆP TƯ NHÂN LỤC RĂNG"}},{"type":"Feature","geometry":{"type":"Point","coordinates":[106.185092908,10.116837308]},"properties":{"Mã số doanh nghiệp":"1500365321","Tên doanh nghiệp":"DOANH NGHIỆP TƯ NHÂN THẾ VINH","Địa chỉ trụ sở chính":"Tổ 8, ấp Rạch Trúc, xã Trung Thành","Người đại diện theo pháp luật":null,"Chủ sở hữu":"NGÔ THỊ SÁU","layer_id":288,"fid":1437,"label":"DOANH NGHIỆP TƯ NHÂN THẾ VINH"}},{"type":"Feature","geometry":{"type":"Point","coordinates":[106.350789066,9.611434116]},"properties":{"Mã số doanh nghiệp":"2100232382","Tên doanh nghiệp":"DOANH NGHIỆP TƯ NHÂN DƯƠNG VĨNH HIỆP","Địa chỉ trụ sở chính":"Ấp Thốt Lốt, Xã Long Vĩnh","Người đại diện theo pháp luật":null,"Chủ sở hữu":"DƯƠNG VĨNH HIỆP","layer_id":288,"fid":874,"label":"DOANH NGHIỆP TƯ NHÂN DƯƠNG VĨNH HIỆP"}},{"type":"Feature","geometry":{"type":"Point","coordinates":[106.15616698,10.193273582]},"properties":{"Mã số doanh nghiệp":"1500217059","Tên doanh nghiệp":"CÔNG TY TNHH TRUNG CƯỜNG","Địa chỉ trụ sở chính":"Số 289 ấp Bình Thành, Xã Trung Thành","Người đại diện theo pháp luật":"NGUYỄN THỊ BÍCH","Chủ sở hữu":null,"layer_id":288,"fid":1438,"label":"CÔNG TY TNHH TRUNG CƯỜNG"}},{"type":"Feature","geometry":{"type":"Point","coordinates":[106.493599752,9.690282209]},"properties":{"Mã số doanh nghiệp":"2100256739","Tên doanh nghiệp":"DOANH NGHIỆP TƯ NHÂN HUỲNH HOA","Địa chỉ trụ sở chính":"Tỉnh lộ 914, Ấp 15, Xã Long Hữu","Người đại diện theo pháp luật":null,"Chủ sở hữu":"HUỲNH THỊ HOA","layer_id":288,"fid":875,"label":"DOANH NGHIỆP TƯ NHÂN HUỲNH HOA"}},{"type":"Feature","geometry":{"type":"Point","coordinates":[106.117507711,10.160574849]},"properties":{"Mã số doanh nghiệp":"1500229985","Tên doanh nghiệp":"DOANH NGHIỆP TƯ NHÂN HUỲNH SƠN","Địa chỉ trụ sở chính":"Số 2 tổ 21, Ấp Phú Cường, Xã Hiếu Phụng","Người đại diện theo pháp luật":null,"Chủ sở hữu":"HUỲNH NGỌC SƠN","layer_id":288,"fid":1439,"label":"DOANH NGHIỆP TƯ NHÂN HUỲNH SƠN"}},{"type":"Feature","geometry":{"type":"Point","coordinates":[106.216569086,9.852367286]},"properties":{"Mã số doanh nghiệp":"2100114068","Tên doanh nghiệp":"DOANH NGHIỆP TƯ NHÂN LỤC RĂNG","Địa chỉ trụ sở chính":"Ấp Chợ, Xã Tập Ngãi","Người đại diện theo pháp luật":null,"Chủ sở hữu":"SƠN THỊ HÀ","layer_id":288,"fid":876,"label":"DOANH NGHIỆP TƯ NHÂN LỤC RĂNG"}},{"type":"Feature","geometry":{"type":"Point","coordinates":[106.38786291,9.774774572]},"properties":{"Mã số doanh nghiệp":"2100287769","Tên doanh nghiệp":"DOANH NGHIỆP TƯ NHÂN LÝ VĂN LIÊN","Địa chỉ trụ sở chính":"Hương lộ 20, Số nhà 288, Ấp Nô Lựa, Xã Nhị Trường","Người đại diện theo pháp luật":null,"Chủ sở hữu":"LÝ VĂN LIÊN","layer_id":288,"fid":877,"label":"DOANH NGHIỆP TƯ NHÂN LÝ VĂN LIÊN"}},{"type":"Feature","geometry":{"type":"Point","coordinates":[106.187511308,10.103115277]},"properties":{"Mã số doanh nghiệp":"1500452052","Tên doanh nghiệp":"DOANH NGHIỆP TƯ NHÂN DUY NGUYÊN","Địa chỉ trụ sở chính":"Số 1345 tổ 10, Ấp Hòa Nghĩa, Xã Quới An","Người đại diện theo pháp luật":null,"Chủ sở hữu":"NGUYỄN THỊ NGỌC THẢO","layer_id":288,"fid":1440,"label":"DOANH NGHIỆP TƯ NHÂN DUY NGUYÊN"}},{"type":"Feature","geometry":{"type":"Point","coordinates":[106.25809681,10.007841979]},"properties":{"Mã số doanh nghiệp":"2100337628","Tên doanh nghiệp":"DOANH NGHIỆP TƯ NHÂN TẤN PHƯƠNG","Địa chỉ trụ sở chính":"Ấp Đon, Xã Nhị Long","Người đại diện theo pháp luật":null,"Chủ sở hữu":"NGUYỄN VĂN TRONG","layer_id":288,"fid":878,"label":"DOANH NGHIỆP TƯ NHÂN TẤN PHƯƠNG"}},{"type":"Feature","geometry":{"type":"Point","coordinates":[105.983267425,10.247536709]},"properties":{"Mã số doanh nghiệp":"1500207131","Tên doanh nghiệp":"CÔNG TY TNHH MTV PETROLIMEX VĨNH LONG","Địa chỉ trụ sở chính":"Số 641 đường Trần Phú, Phường Phước Hậu","Người đại diện theo pháp luật":"VÕ THÁI SƠN","Chủ sở hữu":null,"layer_id":288,"fid":879,"label":"CÔNG TY TNHH MTV PETROLIMEX VĨNH LONG"}},{"type":"Feature","geometry":{"type":"Point","coordinates":[106.0813347,10.026360555]},"properties":{"Mã số doanh nghiệp":"1500117424","Tên doanh nghiệp":"ĐẠI LÝ XĂNG DẦU GIANG SƠN (DNTN)","Địa chỉ trụ sở chính":"ố 751 ấp Hiếu Văn, Xã Hiếu Thành","Người đại diện theo pháp luật":null,"Chủ sở hữu":"VÕ THANH SƠN","layer_id":288,"fid":1441,"label":"ĐẠI LÝ XĂNG DẦU GIANG SƠN (DNTN)"}},{"type":"Feature","geometry":{"type":"Point","coordinates":[106.136372764,10.039517822]},"properties":{"Mã số doanh nghiệp":"1500374340","Tên doanh nghiệp":"DOANH NGHIỆP TƯ NHÂN MINH KHÁNH","Địa chỉ trụ sở chính":"tổ 18, ấp An Lạc 2, Xã Hiếu Phụng","Người đại diện theo pháp luật":null,"Chủ sở hữu":"LÊ VĂN KHÔI","layer_id":288,"fid":1442,"label":"DOANH NGHIỆP TƯ NHÂN MINH KHÁNH"}},{"type":"Feature","geometry":{"type":"Point","coordinates":[105.983267425,10.247536709]},"properties":{"Mã số doanh nghiệp":"1500207131","Tên doanh nghiệp":"CÔNG TY TNHH MTV PETROLIMEX VĨNH LONG","Địa chỉ trụ sở chính":"Số 641 đường Trần Phú, Phường Phước Hậu","Người đại diện theo pháp luật":"PHẠM HOÀNG PHÚC","Chủ sở hữu":null,"layer_id":288,"fid":880,"label":"CÔNG TY TNHH MTV PETROLIMEX VĨNH LONG"}},{"type":"Feature","geometry":{"type":"Point","coordinates":[106.732422422,10.148003057]},"properties":{"Mã số doanh nghiệp":"1300722368","Tên doanh nghiệp":"CÔNG TY TRÁCH NHIỆM HỮU HẠN MỘT THÀNH VIÊN XĂNG DẦU PHƯỚC HUỆ","Địa chỉ trụ sở chính":"Số Q8B, ấp Thừa Trung, Xã Thới Thuận","Người đại diện theo pháp luật":"LƯU THANH TRÍ","Chủ sở hữu":"LƯU THANH TRÍ","layer_id":288,"fid":881,"label":"CÔNG TY TRÁCH NHIỆM HỮU HẠN MỘT THÀNH VIÊN XĂNG DẦU PHƯỚC HUỆ"}},{"type":"Feature","geometry":{"type":"Point","coordinates":[106.166581937,10.167794038]},"properties":{"Mã số doanh nghiệp":"1501026120","Tên doanh nghiệp":"DOANH NGHIỆP TƯ NHÂN THUẬN THỜI","Địa chỉ trụ sở chính":"ổ 1, Ấp Trường Định, Xã Quới An","Người đại diện theo pháp luật":null,"Chủ sở hữu":"NGÔ VĂN THỜI","layer_id":288,"fid":1443,"label":"DOANH NGHIỆP TƯ NHÂN THUẬN THỜI"}},{"type":"Feature","geometry":{"type":"Point","coordinates":[106.276843076,9.674754282]},"properties":{"Mã số doanh nghiệp":"2100508030","Tên doanh nghiệp":"DOANH NGHIỆP TƯ NHÂN XĂNG DẦU LÊ QUÂN","Địa chỉ trụ sở chính":"Quốc lộ 53, Ấp Kosla, Xã Trà Cú","Người đại diện theo pháp luật":null,"Chủ sở hữu":"LÊ CHÁNH NGHĨA","layer_id":288,"fid":882,"label":"DOANH NGHIỆP TƯ NHÂN XĂNG DẦU LÊ QUÂN"}},{"type":"Feature","geometry":{"type":"Point","coordinates":[106.076496149,10.098433235]},"properties":{"Mã số doanh nghiệp":"1501062993","Tên doanh nghiệp":"DOANH NGHIỆP TƯ NHÂN XĂNG DẦU HOÀNG ANH KIỆT","Địa chỉ trụ sở chính":"Tổ 8, ấp Nước Xoáy, Xã Trung Hiệp","Người đại diện theo pháp luật":null,"Chủ sở hữu":"LÊ HOÀNG ANH KIỆT","layer_id":288,"fid":1444,"label":"DOANH NGHIỆP TƯ NHÂN XĂNG DẦU HOÀNG ANH KIỆT"}},{"type":"Feature","geometry":{"type":"Point","coordinates":[106.265773737,10.016693797]},"properties":{"Mã số doanh nghiệp":"2100597908","Tên doanh nghiệp":"CÔNG TY TNHH MTV THƯƠNG MẠI DỊCH VỤ TÂN PHÚ HÒA TPH","Địa chỉ trụ sở chính":"Số 197, Ấp Phú Hòa, Xã Bình Phú,","Người đại diện theo pháp luật":"MAI NGỌC VIỀN","Chủ sở hữu":"MAI NGỌC VIỀN       ","layer_id":288,"fid":883,"label":"CÔNG TY TNHH MTV THƯƠNG MẠI DỊCH VỤ TÂN PHÚ HÒA TPH"}},{"type":"Feature","geometry":{"type":"Point","coordinates":[106.335607736,10.268118287]},"properties":{"Mã số doanh nghiệp":"1300549586","Tên doanh nghiệp":"DOANH NGHIỆP TƯ NHÂN XĂNG DẦU THÀNH TÂM","Địa chỉ trụ sở chính":"Số 14/3, ấp 3, phường Sơn Đông","Người đại diện theo pháp luật":null,"Chủ sở hữu":"NGUYỄN TẤN BỬU","layer_id":288,"fid":1445,"label":"DOANH NGHIỆP TƯ NHÂN XĂNG DẦU THÀNH TÂM"}},{"type":"Feature","geometry":{"type":"Point","coordinates":[106.271189249,9.939785352]},"properties":{"Mã số doanh nghiệp":"2100608596","Tên doanh nghiệp":"DOANH NGHIỆP TN XĂNG DẦU HUỲNH LOAN","Địa chỉ trụ sở chính":"Ấp Nê Có, Xã Song Lộc","Người đại diện theo pháp luật":null,"Chủ sở hữu":"SƠN HUỲNH","layer_id":288,"fid":884,"label":"DOANH NGHIỆP TN XĂNG DẦU HUỲNH LOAN"}},{"type":"Feature","geometry":{"type":"Point","coordinates":[106.655892013,10.172542057]},"properties":{"Mã số doanh nghiệp":"1301010807","Tên doanh nghiệp":"CÔNG TY TNHH CAO HIỆP THÀNH","Địa chỉ trụ sở chính":"ấp 4 xã Thạnh Trị","Người đại diện theo pháp luật":"CAO VĂN TRƯỜNG","Chủ sở hữu":null,"layer_id":288,"fid":1448,"label":"CÔNG TY TNHH CAO HIỆP THÀNH"}},{"type":"Feature","geometry":{"type":"Point","coordinates":[106.253711794,10.276923078]},"properties":{"Mã số doanh nghiệp":"1301055903","Tên doanh nghiệp":"CÔNG TY TNHH THƯƠNG MẠI SẢN XUẤT XĂNG DẦU GIA KHÁNH ","Địa chỉ trụ sở chính":"Số 620, Khu phố Tiên Đông Thượng, Xã Tiên Thủy","Người đại diện theo pháp luật":"NGUYỄN VĂN TÌNH","Chủ sở hữu":null,"layer_id":288,"fid":885,"label":"CÔNG TY TNHH THƯƠNG MẠI SẢN XUẤT XĂNG DẦU GIA KHÁNH "}},{"type":"Feature","geometry":{"type":"Point","coordinates":[106.290194291,10.178168086]},"properties":{"Mã số doanh nghiệp":"1300445121","Tên doanh nghiệp":"DOANH NGHIỆP TƯ NHÂN  XĂNG DẦU SÁU LỢI","Địa chỉ trụ sở chính":"Số 91, Ấp Tân Mỹ, Xã Tân Thanh Bình","Người đại diện theo pháp luật":null,"Chủ sở hữu":"NGUYỄN THỊ KIM THƯƠNG","layer_id":288,"fid":1446,"label":"DOANH NGHIỆP TƯ NHÂN  XĂNG DẦU SÁU LỢI"}},{"type":"Feature","geometry":{"type":"Point","coordinates":[106.495940753,10.028673249]},"properties":{"Mã số doanh nghiệp":"1300190561","Tên doanh nghiệp":"DOANH NGHIỆP TƯ NHÂN  XĂNG DẦU MỸ HƯNG","Địa chỉ trụ sở chính":"Ấp 6, Xã Quới Điền","Người đại diện theo pháp luật":null,"Chủ sở hữu":"PHẠM THỊ BÙI","layer_id":288,"fid":886,"label":"DOANH NGHIỆP TƯ NHÂN  XĂNG DẦU MỸ HƯNG"}},{"type":"Feature","geometry":{"type":"Point","coordinates":[106.345685465,9.69382753]},"properties":{"Mã số doanh nghiệp":"2100167609","Tên doanh nghiệp":"DOANH NGHIỆP TƯ NHÂN  THIÊN LỘC","Địa chỉ trụ sở chính":"Số nhà 42, Ấp Sà Vần B, Xã Long Hiệp","Người đại diện theo pháp luật":null,"Chủ sở hữu":"TÔ THỊ HIỂN","layer_id":288,"fid":887,"label":"DOANH NGHIỆP TƯ NHÂN  THIÊN LỘC"}},{"type":"Feature","geometry":{"type":"Point","coordinates":[106.226599641,10.203893541]},"properties":{"Mã số doanh nghiệp":"1301007681","Tên doanh nghiệp":"DOANH NGHIỆP TƯ NHÂN XĂNG DẦU ĐẠI HÀO","Địa chỉ trụ sở chính":"Ấp Phú Mỹ , Xã Nhuận Phú Tân","Người đại diện theo pháp luật":null,"Chủ sở hữu":"NGÔ VĂN HÙNG","layer_id":288,"fid":1447,"label":"DOANH NGHIỆP TƯ NHÂN XĂNG DẦU ĐẠI HÀO"}},{"type":"Feature","geometry":{"type":"Point","coordinates":[106.204621036,9.992225278]},"properties":{"Mã số doanh nghiệp":"2100103267","Tên doanh nghiệp":"DOANH NGHIỆP TƯ NHÂN NGUYỄN THỊ MIỀN","Địa chỉ trụ sở chính":"Khóm 5, Xã Càng Long","Người đại diện theo pháp luật":null,"Chủ sở hữu":"NGUYỄN THỊ YÊN","layer_id":288,"fid":888,"label":"DOANH NGHIỆP TƯ NHÂN NGUYỄN THỊ MIỀN"}},{"type":"Feature","geometry":{"type":"Point","coordinates":[106.351506599,9.925695751]},"properties":{"Mã số doanh nghiệp":"2100181480","Tên doanh nghiệp":"DOANH NGHIỆP TƯ NHÂN MINH HỚN","Địa chỉ trụ sở chính":"Ấp Đầu Bờ, Phường Hòa Thuận","Người đại diện theo pháp luật":null,"Chủ sở hữu":"VÕ MINH HỚN","layer_id":288,"fid":889,"label":"DOANH NGHIỆP TƯ NHÂN MINH HỚN"}},{"type":"Feature","geometry":{"type":"Point","coordinates":[106.649450579,9.916812606]},"properties":{"Mã số doanh nghiệp":"1301017513","Tên doanh nghiệp":"DOANH NGHIỆP TƯ NHÂN XĂNG DẦU THUẬN TRIỀU","Địa chỉ trụ sở chính":"Ấp Thạnh Thới B , Xã Thạnh Hải","Người đại diện theo pháp luật":null,"Chủ sở hữu":"PHAN VĂN THUẬN","layer_id":288,"fid":1449,"label":"DOANH NGHIỆP TƯ NHÂN XĂNG DẦU THUẬN TRIỀU"}},{"type":"Feature","geometry":{"type":"Point","coordinates":[106.205371788,10.030543106]},"properties":{"Mã số doanh nghiệp":"2100103394","Tên doanh nghiệp":"CÔNG TY TRÁCH NHIỆM HỮU HẠN MỘT THÀNH VIÊN KHẢI HOÀN","Địa chỉ trụ sở chính":"Số 596, Quốc lộ 53, Ấp 3, Xã An Trường","Người đại diện theo pháp luật":"HUỲNH NGỌC KHẢI","Chủ sở hữu":"HUỲNH NGỌC KHẢI","layer_id":288,"fid":890,"label":"CÔNG TY TRÁCH NHIỆM HỮU HẠN MỘT THÀNH VIÊN KHẢI HOÀN"}},{"type":"Feature","geometry":{"type":"Point","coordinates":[106.592424623,10.000231193]},"properties":{"Mã số doanh nghiệp":"1301051472","Tên doanh nghiệp":"CÔNG TY TNHH XĂNG DẦU THẢO NGÂN","Địa chỉ trụ sở chính":"ấp An Hòa, Xã An Qui","Người đại diện theo pháp luật":"LÊ KIM NGÂN","Chủ sở hữu":"LÊ KIM NGÂN","layer_id":288,"fid":1450,"label":"CÔNG TY TNHH XĂNG DẦU THẢO NGÂN"}},{"type":"Feature","geometry":{"type":"Point","coordinates":[106.503734773,9.840251738]},"properties":{"Mã số doanh nghiệp":"2100189264","Tên doanh nghiệp":"DOANH NGHIỆP TƯ NHÂN THÀNH CHÂU","Địa chỉ trụ sở chính":"Số 20, Ấp I, Xã Mỹ Long","Người đại diện theo pháp luật":null,"Chủ sở hữu":"LƯƠNG VĂN TỐT ","layer_id":288,"fid":891,"label":"DOANH NGHIỆP TƯ NHÂN THÀNH CHÂU"}},{"type":"Feature","geometry":{"type":"Point","coordinates":[106.43840835,10.098214633]},"properties":{"Mã số doanh nghiệp":"1301050165","Tên doanh nghiệp":"CÔNG TY TNHH MỘT THÀNH VIÊN BA BƠI","Địa chỉ trụ sở chính":" ấp Xương Thới 1, Xã Thạnh Điền","Người đại diện theo pháp luật":"PHẠM VĂN BƠI","Chủ sở hữu":"PHẠM VĂN BƠI","layer_id":288,"fid":1451,"label":"CÔNG TY TNHH MỘT THÀNH VIÊN BA BƠI"}},{"type":"Feature","geometry":{"type":"Point","coordinates":[106.282322682,9.691515067]},"properties":{"Mã số doanh nghiệp":"2100390149","Tên doanh nghiệp":"DOANH NGHIỆP TƯ NHÂN MINH HOÀNG","Địa chỉ trụ sở chính":"Ấp Chợ, Xã Hàm Giang","Người đại diện theo pháp luật":null,"Chủ sở hữu":"TRẦM PHONG XUÂN","layer_id":288,"fid":892,"label":"DOANH NGHIỆP TƯ NHÂN MINH HOÀNG"}},{"type":"Feature","geometry":{"type":"Point","coordinates":[106.604727452,9.914647077]},"properties":{"Mã số doanh nghiệp":"1300375347","Tên doanh nghiệp":"CÔNG TY TNHH MỘT THÀNH VIÊN TRẠM XĂNG DẦU PHƯƠNG SANG","Địa chỉ trụ sở chính":"Ấp Giao Hòa Chợ, xã Thạnh Phong","Người đại diện theo pháp luật":"LƯU TRẦN TRÚC PHƯƠNG","Chủ sở hữu":"LƯU TRẦN TRÚC PHƯƠNG","layer_id":288,"fid":1452,"label":"CÔNG TY TNHH MỘT THÀNH VIÊN TRẠM XĂNG DẦU PHƯƠNG SANG"}},{"type":"Feature","geometry":{"type":"Point","coordinates":[106.26374482,9.87405895]},"properties":{"Mã số doanh nghiệp":"2100390212","Tên doanh nghiệp":"DOANH NGHIỆP TƯ NHÂN DŨNG HỒNG","Địa chỉ trụ sở chính":"Số 683, Ấp Lê Văn Quới, Xã Tập Ngãi","Người đại diện theo pháp luật":null,"Chủ sở hữu":"TRẦN THỊ THU HỒNG          ","layer_id":288,"fid":893,"label":"DOANH NGHIỆP TƯ NHÂN DŨNG HỒNG"}},{"type":"Feature","geometry":{"type":"Point","coordinates":[106.425767261,9.729339614]},"properties":{"Mã số doanh nghiệp":"2100294621","Tên doanh nghiệp":"CÔNG TY TNHH MTV XĂNG DẦU HOÀNG CHƯƠNG","Địa chỉ trụ sở chính":"Ấp Rọ Say, Xã Ngũ Lạc","Người đại diện theo pháp luật":"NGUYỄN TRƯỜNG PHƯỚC","Chủ sở hữu":"NGUYỄN TRƯỜNG PHƯỚC","layer_id":288,"fid":894,"label":"CÔNG TY TNHH MTV XĂNG DẦU HOÀNG CHƯƠNG"}},{"type":"Feature","geometry":{"type":"Point","coordinates":[105.915174991,9.983636932]},"properties":{"Mã số doanh nghiệp":"1500217732","Tên doanh nghiệp":"DOANH NGHIỆP TƯ NHÂN XĂNG DẦU DUY AN","Địa chỉ trụ sở chính":"Số 04 ấp Đông Hậu, Xã Ngãi Tứ","Người đại diện theo pháp luật":null,"Chủ sở hữu":"TRƯƠNG THANH BẠCH","layer_id":288,"fid":1453,"label":"DOANH NGHIỆP TƯ NHÂN XĂNG DẦU DUY AN"}},{"type":"Feature","geometry":{"type":"Point","coordinates":[105.915066923,9.972318525]},"properties":{"Mã số doanh nghiệp":"1500722164","Tên doanh nghiệp":"DOANH NGHIỆP TƯ NHÂN MƯỜI MẦU","Địa chỉ trụ sở chính":"Tổ 1, ấp Đông Hậu, Xã Ngãi Tứ","Người đại diện theo pháp luật":null,"Chủ sở hữu":"NGUYỄN VĂN MẦU","layer_id":288,"fid":895,"label":"DOANH NGHIỆP TƯ NHÂN MƯỜI MẦU"}},{"type":"Feature","geometry":{"type":"Point","coordinates":[105.968799587,10.018933634]},"properties":{"Mã số doanh nghiệp":"1500366780","Tên doanh nghiệp":"CÔNG TY TNHH MTV DV - TM XĂNG DẦU PHƯƠNG ANH","Địa chỉ trụ sở chính":"Tổ 02, Ấp Thông Nguyên, Xã Ngãi Tứ","Người đại diện theo pháp luật":"DƯƠNG THỊ NHUNG","Chủ sở hữu":"NGUYỄN HOÀNG HỮU","layer_id":288,"fid":1454,"label":"CÔNG TY TNHH MTV DV - TM XĂNG DẦU PHƯƠNG ANH"}},{"type":"Feature","geometry":{"type":"Point","coordinates":[106.385116848,10.264644122]},"properties":{"Mã số doanh nghiệp":"1300444199","Tên doanh nghiệp":"CÔNG TY TRÁCH NHIỆM HỮU HẠN SẢN XUẤT THƯƠNG MẠI DỊCH VỤ HỮU TÍN","Địa chỉ trụ sở chính":"Số 333B1, quốc lộ 57C, Khu Phố Phú Nhuận 2, Phường An Hội","Người đại diện theo pháp luật":"TÔ TẤN TÂM","Chủ sở hữu":"TÔ TẤN TÂM","layer_id":288,"fid":896,"label":"CÔNG TY TRÁCH NHIỆM HỮU HẠN SẢN XUẤT THƯƠNG MẠI DỊCH VỤ HỮU TÍN"}},{"type":"Feature","geometry":{"type":"Point","coordinates":[106.066743439,10.243561975]},"properties":{"Mã số doanh nghiệp":"1500196377","Tên doanh nghiệp":"DOANH NGHIỆP TƯ NHÂN GIÒNG DÀI","Địa chỉ trụ sở chính":"Khóm 6, Xã Cái Nhum","Người đại diện theo pháp luật":null,"Chủ sở hữu":"TRỊNH VĂN ĐẤU","layer_id":288,"fid":1455,"label":"DOANH NGHIỆP TƯ NHÂN GIÒNG DÀI"}},{"type":"Feature","geometry":{"type":"Point","coordinates":[106.514180357,10.16868146]},"properties":{"Mã số doanh nghiệp":"1300873832","Tên doanh nghiệp":"DOANH NGHIỆP TƯ NHÂN XĂNG DẦU PHÚC TIẾN THÀNH","Địa chỉ trụ sở chính":"ấp Tân Phước, Xã Hưng Nhượng","Người đại diện theo pháp luật":null,"Chủ sở hữu":"NGUYỄN VĂN SƠN","layer_id":288,"fid":897,"label":"DOANH NGHIỆP TƯ NHÂN XĂNG DẦU PHÚC TIẾN THÀNH"}},{"type":"Feature","geometry":{"type":"Point","coordinates":[106.093410209,9.875110019]},"properties":{"Mã số doanh nghiệp":"2100564701","Tên doanh nghiệp":"DOANH NGHIỆP TƯ NHÂN THỐNG THẮM","Địa chỉ trụ sở chính":"Ấp Châu Hưng, Xã Cầu Kè","Người đại diện theo pháp luật":null,"Chủ sở hữu":"TRẦN VĂN THỐNG","layer_id":288,"fid":898,"label":"DOANH NGHIỆP TƯ NHÂN THỐNG THẮM"}},{"type":"Feature","geometry":{"type":"Point","coordinates":[106.016519691,10.198888762]},"properties":{"Mã số doanh nghiệp":"1500520087","Tên doanh nghiệp":"CÔNG TY TNHH MTV PHƯỚC HƯNG","Địa chỉ trụ sở chính":"Số 216 tổ 13, ấp Tường Nhơn, Xã Trà Côn","Người đại diện theo pháp luật":"PHAN CÔNG ĐỨC","Chủ sở hữu":"PHAN CÔNG ĐỨC","layer_id":288,"fid":1456,"label":"CÔNG TY TNHH MTV PHƯỚC HƯNG"}},{"type":"Feature","geometry":{"type":"Point","coordinates":[106.347525013,9.662721789]},"properties":{"Mã số doanh nghiệp":"2100636339","Tên doanh nghiệp":"DOANH NGHIỆP TƯ NHÂN XĂNG DẦU VĨNH HIỆP","Địa chỉ trụ sở chính":"Thửa đất số 2104, Tờ bản đồ số 8, Ấp Kinh Đào, Xã Long Vĩnh","Người đại diện theo pháp luật":null,"Chủ sở hữu":"DƯƠNG KHÁNH HÒA","layer_id":288,"fid":899,"label":"DOANH NGHIỆP TƯ NHÂN XĂNG DẦU VĨNH HIỆP"}},{"type":"Feature","geometry":{"type":"Point","coordinates":[106.052507096,10.133755793]},"properties":{"Mã số doanh nghiệp":"1500754430","Tên doanh nghiệp":"DOANH NGHIỆP TƯ NHÂN HOÀNG THẮNG TAM BÌNH","Địa chỉ trụ sở chính":"ấp 6, Xã Hòa Hiệp","Người đại diện theo pháp luật":null,"Chủ sở hữu":"NGUYỄN KIM TUẤN","layer_id":288,"fid":1457,"label":"DOANH NGHIỆP TƯ NHÂN HOÀNG THẮNG TAM BÌNH"}},{"type":"Feature","geometry":{"type":"Point","coordinates":[105.891032336,10.264934604]},"properties":{"Mã số doanh nghiệp":"1501028181","Tên doanh nghiệp":"CÔNG TY TNHH MTV THƯƠNG MẠI DẦU KHÍ MỸ THUẬN","Địa chỉ trụ sở chính":"Số 217B Quốc lộ 80, Khóm Tân Thạnh, Phường Tân Ngãi","Người đại diện theo pháp luật":"LÊ QUỐC ANH","Chủ sở hữu":"LÊ HỒNG NGỌC","layer_id":288,"fid":1458,"label":"CÔNG TY TNHH MTV THƯƠNG MẠI DẦU KHÍ MỸ THUẬN"}},{"type":"Feature","geometry":{"type":"Point","coordinates":[106.263724731,10.229270125]},"properties":{"Mã số doanh nghiệp":"1300917751","Tên doanh nghiệp":"DOANH NGHIỆP TƯ NHÂN SÁU THU - ĐẠI LÝ GAS","Địa chỉ trụ sở chính":"Số 15, ấp Thanh Hòa, Xã Phước Mỹ Trung","Người đại diện theo pháp luật":null,"Chủ sở hữu":"TRẦN VĂN LONG","layer_id":288,"fid":901,"label":"DOANH NGHIỆP TƯ NHÂN SÁU THU - ĐẠI LÝ GAS"}},{"type":"Feature","geometry":{"type":"Point","coordinates":[106.601662345,10.096011637]},"properties":{"Mã số doanh nghiệp":"1300920874","Tên doanh nghiệp":"DOANH NGHIỆP TƯ NHÂN THƯƠNG MẠI XĂNG DẦU TUYẾT NHUNG","Địa chỉ trụ sở chính":"17 TL 885, khu phố 5, xã Ba Tri","Người đại diện theo pháp luật":null,"Chủ sở hữu":"NGUYỄN THỊ TUYẾT NHUNG","layer_id":288,"fid":902,"label":"DOANH NGHIỆP TƯ NHÂN THƯƠNG MẠI XĂNG DẦU TUYẾT NHUNG"}},{"type":"Feature","geometry":{"type":"Point","coordinates":[106.076090221,10.215658197]},"properties":{"Mã số doanh nghiệp":"1500856866","Tên doanh nghiệp":"DOANH NGHIỆP TƯ NHÂN CHÍ ĐẠT VĨNH LONG","Địa chỉ trụ sở chính":"Số 162 ấp Chợ, Xã Nhơn Phú","Người đại diện theo pháp luật":null,"Chủ sở hữu":"TRẦN CHÍ ĐẠT","layer_id":288,"fid":900,"label":"DOANH NGHIỆP TƯ NHÂN CHÍ ĐẠT VĨNH LONG"}},{"type":"Feature","geometry":{"type":"Point","coordinates":[105.834548925,10.067791086]},"properties":{"Mã số doanh nghiệp":"1500237400","Tên doanh nghiệp":"CÔNG TY TNHH THƯƠNG MẠI DỊCH VỤ TUYẾT SƯƠNG","Địa chỉ trụ sở chính":"Ấp Đông Bình, Phường Đông Thành","Người đại diện theo pháp luật":"TĂNG THỊ HỒNG THU","Chủ sở hữu":"TĂNG THỊ HỒNG THU","layer_id":288,"fid":1459,"label":"CÔNG TY TNHH THƯƠNG MẠI DỊCH VỤ TUYẾT SƯƠNG"}},{"type":"Feature","geometry":{"type":"Point","coordinates":[106.131970956,9.82689723]},"properties":{"Mã số doanh nghiệp":"2100463446","Tên doanh nghiệp":"DOANH NGHIỆP TN XĂNG DẦU NGỌC TRANG","Địa chỉ trụ sở chính":"Ấp Tân Thành Tây, Xã Tân Hòa","Người đại diện theo pháp luật":null,"Chủ sở hữu":"NGUYỄN THỊ THU TRANG","layer_id":288,"fid":903,"label":"DOANH NGHIỆP TN XĂNG DẦU NGỌC TRANG"}},{"type":"Feature","geometry":{"type":"Point","coordinates":[105.921341779,10.233613001]},"properties":{"Mã số doanh nghiệp":"1501071973","Tên doanh nghiệp":"CÔNG TY TNHH MTV XĂNG DẦU HỒNG NGA","Địa chỉ trụ sở chính":"Tổ 4, ấp An Hiệp, Xã Phú Quới","Người đại diện theo pháp luật":"PHẠM THỊ THÙA","Chủ sở hữu":"PHẠM THỊ THÙA","layer_id":288,"fid":1460,"label":"CÔNG TY TNHH MTV XĂNG DẦU HỒNG NGA"}},{"type":"Feature","geometry":{"type":"Point","coordinates":[106.4939296,9.632027763]},"properties":{"Mã số doanh nghiệp":"2100620850","Tên doanh nghiệp":"CÔNG TY TNHH MỘT THÀNH VIÊN MƯỜI TUẤN THUẬN","Địa chỉ trụ sở chính":"Khóm 1, Phường  Duyên Hải","Người đại diện theo pháp luật":"TRẦN PHÁT THUẬN","Chủ sở hữu":"TRẦN PHÁT THUẬN","layer_id":288,"fid":904,"label":"CÔNG TY TNHH MỘT THÀNH VIÊN MƯỜI TUẤN THUẬN"}},{"type":"Feature","geometry":{"type":"Point","coordinates":[106.493889312,9.635069501]},"properties":{"Mã số doanh nghiệp":"2100620843","Tên doanh nghiệp":"CÔNG TY TNHH MỘT THÀNH VIÊN MƯỜI TUẤN HOÀ","Địa chỉ trụ sở chính":"Khóm 1, Phường  Duyên Hải","Người đại diện theo pháp luật":"TRẦN QUỐC HÒA","Chủ sở hữu":"TRẦN QUỐC HÒA","layer_id":288,"fid":905,"label":"CÔNG TY TNHH MỘT THÀNH VIÊN MƯỜI TUẤN HOÀ"}},{"type":"Feature","geometry":{"type":"Point","coordinates":[105.925840897,10.263549433]},"properties":{"Mã số doanh nghiệp":"1500732518","Tên doanh nghiệp":"DOANH NGHIỆP TƯ NHÂN XĂNG DẦU 25 CB","Địa chỉ trụ sở chính":"Số 174 QL 1A Tân Vĩnh Thuận, Phường Tân Ngãi","Người đại diện theo pháp luật":null,"Chủ sở hữu":"TRƯƠNG NHẬT LAM","layer_id":288,"fid":1461,"label":"DOANH NGHIỆP TƯ NHÂN XĂNG DẦU 25 CB"}},{"type":"Feature","geometry":{"type":"Point","coordinates":[106.493646546,9.635548183]},"properties":{"Mã số doanh nghiệp":"2100613701","Tên doanh nghiệp":"CÔNG TY TNHH MTV VÀNG BẠC - ĐÁ QUÝ MƯỜI TUẤN THẢO","Địa chỉ trụ sở chính":"Đường 2/9, Khóm 1, Phường  Duyên Hải","Người đại diện theo pháp luật":"TRẦN QUỐC THẢO","Chủ sở hữu":"TRẦN QUỐC THẢO","layer_id":288,"fid":906,"label":"CÔNG TY TNHH MTV VÀNG BẠC - ĐÁ QUÝ MƯỜI TUẤN THẢO"}},{"type":"Feature","geometry":{"type":"Point","coordinates":[105.956354852,10.234782752]},"properties":{"Mã số doanh nghiệp":"1500522775","Tên doanh nghiệp":"CÔNG TY TNHH MỘT THÀNH VIÊN LỘC ĐÀO","Địa chỉ trụ sở chính":"Số 51 đường Đinh Tiên Hoàng, Phường Tân Hạnh","Người đại diện theo pháp luật":"NGUYỀN THỊ ĐÀO","Chủ sở hữu":"NGUYỄN THỊ ĐÀO","layer_id":288,"fid":907,"label":"CÔNG TY TNHH MỘT THÀNH VIÊN LỘC ĐÀO"}},{"type":"Feature","geometry":{"type":"Point","coordinates":[105.742442594,10.180227228]},"properties":{"Mã số doanh nghiệp":"1501057986","Tên doanh nghiệp":"CÔNG TY TNHH XĂNG DẦU HƯNG LỢI PHÁT","Địa chỉ trụ sở chính":"Tổ 2, ấp Hưng Lợi, Xã Tân Lược","Người đại diện theo pháp luật":"CHÂU BẢO PHƯƠNG","Chủ sở hữu":null,"layer_id":288,"fid":1462,"label":"CÔNG TY TNHH XĂNG DẦU HƯNG LỢI PHÁT"}},{"type":"Feature","geometry":{"type":"Point","coordinates":[105.909848307,9.983593384]},"properties":{"Mã số doanh nghiệp":"1500716876","Tên doanh nghiệp":"DOANH NGHIỆP TƯ NHÂN MINH YẾN","Địa chỉ trụ sở chính":"Tổ 6, ấp Tân An, Xã Lục Sỹ Thành","Người đại diện theo pháp luật":null,"Chủ sở hữu":"TRẦN HOÀNG MINH","layer_id":288,"fid":1463,"label":"DOANH NGHIỆP TƯ NHÂN MINH YẾN"}},{"type":"Feature","geometry":{"type":"Point","coordinates":[105.956170723,10.233431644]},"properties":{"Mã số doanh nghiệp":"1501082012","Tên doanh nghiệp":"CÔNG TY TNHH MẪN VĨNH LONG","Địa chỉ trụ sở chính":"Số 75 - 77 đường Đinh Tiên Hoàng, Phường Tân Hạnh","Người đại diện theo pháp luật":"NGUYỄN ĐÌNH MẪN","Chủ sở hữu":"NGUYỄN ĐÌNH MẪN","layer_id":288,"fid":908,"label":"CÔNG TY TNHH MẪN VĨNH LONG"}},{"type":"Feature","geometry":{"type":"Point","coordinates":[105.984527265,10.244581361]},"properties":{"Mã số doanh nghiệp":"1501023017","Tên doanh nghiệp":"CÔNG TY TNHH MTV TÂM VẠN PHÁT","Địa chỉ trụ sở chính":"Số 69/11D đường Trần Phú, Phường Phước Hậu","Người đại diện theo pháp luật":"ĐÀO VĂN TÂM","Chủ sở hữu":"ĐÀO VĂN TÂM","layer_id":288,"fid":909,"label":"CÔNG TY TNHH MTV TÂM VẠN PHÁT"}},{"type":"Feature","geometry":{"type":"Point","coordinates":[105.970659894,10.254298054]},"properties":{"Mã số doanh nghiệp":"1500155451","Tên doanh nghiệp":"DOANH NGHIỆP TƯ NHÂN TÍN MỸ","Địa chỉ trụ sở chính":"Số 45, đường 3 tháng 2, Phường Long Châu","Người đại diện theo pháp luật":null,"Chủ sở hữu":"VÕ THỊ NGỌC TUYẾT","layer_id":288,"fid":1464,"label":"DOANH NGHIỆP TƯ NHÂN TÍN MỸ"}},{"type":"Feature","geometry":{"type":"Point","coordinates":[105.813358591,10.083283183]},"properties":{"Mã số doanh nghiệp":"1500969443","Tên doanh nghiệp":"CÔNG TY TNHH SX TM SÁU BÌNH MINH","Địa chỉ trụ sở chính":"Số 110 đường Nguyễn Văn Thảnh, tổ 21, khóm 5, Phường Cái Vồn","Người đại diện theo pháp luật":"TRƯƠNG VĂN SÁU","Chủ sở hữu":null,"layer_id":288,"fid":910,"label":"CÔNG TY TNHH SX TM SÁU BÌNH MINH"}},{"type":"Feature","geometry":{"type":"Point","coordinates":[106.693291136,10.185051485]},"properties":{"Mã số doanh nghiệp":"1301050359","Tên doanh nghiệp":"CÔNG TY TRÁCH NHIỆM HỮU HẠN THƯƠNG MẠI VÀ DỊCH VỤ PHONG NAM HƯNG","Địa chỉ trụ sở chính":"Số 175/3 Nguyễn Đình Chiểu, khu phố 1, xã Bình Đại,","Người đại diện theo pháp luật":"LÊ THỊ MINH HẰNG","Chủ sở hữu":"LÊ THỊ MINH HẰNG","layer_id":288,"fid":911,"label":"CÔNG TY TRÁCH NHIỆM HỮU HẠN THƯƠNG MẠI VÀ DỊCH VỤ PHONG NAM HƯNG"}},{"type":"Feature","geometry":{"type":"Point","coordinates":[105.978200394,10.244408019]},"properties":{"Mã số doanh nghiệp":"1500444326","Tên doanh nghiệp":"CÔNG TY TNHH KỸ THUẬT CÔNG NGHỆ DƯƠNG LONG","Địa chỉ trụ sở chính":"Số 142 đường Phạm Thái Bường, Phường Phước Hậu","Người đại diện theo pháp luật":"DƯƠNG MINH TRUYỆN","Chủ sở hữu":"DƯƠNG MINH TRUYỆN","layer_id":288,"fid":1465,"label":"CÔNG TY TNHH KỸ THUẬT CÔNG NGHỆ DƯƠNG LONG"}},{"type":"Feature","geometry":{"type":"Point","coordinates":[105.964085599,10.255233181]},"properties":{"Mã số doanh nghiệp":"1500404683","Tên doanh nghiệp":"CÔNG TY TRÁCH NHIỆM HỮU HẠN THƯƠNG MẠI TIN HỌC MEKONG I","Địa chỉ trụ sở chính":"Số 200 đường Lê Thái Tổ, khóm 2, Phường Long Châu","Người đại diện theo pháp luật":"NGUYỄN NGỌC PHÚ","Chủ sở hữu":null,"layer_id":288,"fid":1466,"label":"CÔNG TY TRÁCH NHIỆM HỮU HẠN THƯƠNG MẠI TIN HỌC MEKONG I"}},{"type":"Feature","geometry":{"type":"Point","coordinates":[106.342100858,9.962079301]},"properties":{"Mã số doanh nghiệp":"2100188969","Tên doanh nghiệp":"DOANH NGHIỆP TƯ NHÂN VĨNH LỢI 2","Địa chỉ trụ sở chính":"ố 120 Độc Lập, khóm 2, Phường Trà Vinh","Người đại diện theo pháp luật":null,"Chủ sở hữu":"TRẦN THỊ HOA HƯƠNG","layer_id":288,"fid":912,"label":"DOANH NGHIỆP TƯ NHÂN VĨNH LỢI 2"}},{"type":"Feature","geometry":{"type":"Point","coordinates":[106.343073895,9.998459095]},"properties":{"Mã số doanh nghiệp":"2100100315","Tên doanh nghiệp":"CÔNG TY TRÁCH NHIỆM HỮU HẠN MỘT THÀNH VIÊN PHƯỚC LỘC THỌ","Địa chỉ trụ sở chính":"Số 101-103 Độc Lập, Khóm 2, Phường Trà Vinh","Người đại diện theo pháp luật":"LÊ HỮU PHƯỚC","Chủ sở hữu":"LÊ HỮU PHƯỚC","layer_id":288,"fid":913,"label":"CÔNG TY TRÁCH NHIỆM HỮU HẠN MỘT THÀNH VIÊN PHƯỚC LỘC THỌ"}},{"type":"Feature","geometry":{"type":"Point","coordinates":[105.9789463,10.246649118]},"properties":{"Mã số doanh nghiệp":"1500528424","Tên doanh nghiệp":"CÔNG TY TNHH MỘT THÀNH VIÊN VIỄN TIN","Địa chỉ trụ sở chính":"Số 58/8 đường Nguyễn Văn Thiệt, khóm 2, Phường Phước Hậu","Người đại diện theo pháp luật":"NGUYỄN HỮU NGHĨA","Chủ sở hữu":"NGUYỄN HỮU NGHĨA","layer_id":288,"fid":1467,"label":"CÔNG TY TNHH MỘT THÀNH VIÊN VIỄN TIN"}},{"type":"Feature","geometry":{"type":"Point","coordinates":[106.34143615,9.942537461]},"properties":{"Mã số doanh nghiệp":"2100531167","Tên doanh nghiệp":"CÔNG TY TNHH MỘT THÀNH VIÊN KIM VĨNH LỘC","Địa chỉ trụ sở chính":"Số 103D, Độc Lập, Khóm 3, Phường Trà Vinh","Người đại diện theo pháp luật":"NGÔ KIM SƠN","Chủ sở hữu":"NGÔ KIM SƠN","layer_id":288,"fid":914,"label":"CÔNG TY TNHH MỘT THÀNH VIÊN KIM VĨNH LỘC"}},{"type":"Feature","geometry":{"type":"Point","coordinates":[105.976061964,10.30038409]},"properties":{"Mã số doanh nghiệp":"1500473461","Tên doanh nghiệp":"CÔNG TY TNHH MỘT THÀNH VIÊN MÁY TÍNH HUỲNH","Địa chỉ trụ sở chính":"Số 45 đường Phạm Thái Bường, Phường Phước Hậu","Người đại diện theo pháp luật":"HUỲNH HOÀNG VÂN","Chủ sở hữu":"HUỲNH HOÀNG VÂN","layer_id":288,"fid":1468,"label":"CÔNG TY TNHH MỘT THÀNH VIÊN MÁY TÍNH HUỲNH"}},{"type":"Feature","geometry":{"type":"Point","coordinates":[106.342736394,9.935673717]},"properties":{"Mã số doanh nghiệp":"2100531110","Tên doanh nghiệp":"DOANH NGHIỆP TN VÀNG VĨNH PHÁT","Địa chỉ trụ sở chính":"Số 88, Độc Lập, Khóm 2, Phường Trà Vinh","Người đại diện theo pháp luật":null,"Chủ sở hữu":"PHẠM NGUYỄN VĂN KHANH","layer_id":288,"fid":915,"label":"DOANH NGHIỆP TN VÀNG VĨNH PHÁT"}},{"type":"Feature","geometry":{"type":"Point","coordinates":[105.972148123,10.24106798]},"properties":{"Mã số doanh nghiệp":"1500855728","Tên doanh nghiệp":"CÔNG TY TRÁCH NHIỆM HỮU HẠN VILOCOM","Địa chỉ trụ sở chính":"Số 257 Đường Nguyễn Văn Thiệt, Phường Phước Hậu","Người đại diện theo pháp luật":"NGUYỄN THÁI HÒA","Chủ sở hữu":null,"layer_id":288,"fid":1469,"label":"CÔNG TY TRÁCH NHIỆM HỮU HẠN VILOCOM"}},{"type":"Feature","geometry":{"type":"Point","coordinates":[106.154788536,9.910094209]},"properties":{"Mã số doanh nghiệp":"2100529400","Tên doanh nghiệp":"DOANH NGHIỆP TN KIM TUẤN TÂN AN","Địa chỉ trụ sở chính":"Ấp Tân An Chợ, Xã Tân An","Người đại diện theo pháp luật":null,"Chủ sở hữu":"LÂM VĂN TUẤN","layer_id":288,"fid":916,"label":"DOANH NGHIỆP TN KIM TUẤN TÂN AN"}},{"type":"Feature","geometry":{"type":"Point","coordinates":[106.342707,9.926685687]},"properties":{"Mã số doanh nghiệp":"2100527587","Tên doanh nghiệp":"DOANH NGHIỆP TN THƯƠNG MẠI VÀNG MỸ TRANG II","Địa chỉ trụ sở chính":"Khóm 2, xã Châu Thành","Người đại diện theo pháp luật":null,"Chủ sở hữu":"DƯƠNG MINH THƯ","layer_id":288,"fid":917,"label":"DOANH NGHIỆP TN THƯƠNG MẠI VÀNG MỸ TRANG II"}},{"type":"Feature","geometry":{"type":"Point","coordinates":[105.824833955,10.099963291]},"properties":{"Mã số doanh nghiệp":"1500434416","Tên doanh nghiệp":"CÔNG TY TRÁCH NHIỆM HỮU HẠN VƯƠNG NAM HƯNG","Địa chỉ trụ sở chính":"Số 154 đường Ngô Quyền, tổ 49, khóm 1, Phường Cái Vồn","Người đại diện theo pháp luật":"HỨA TIỂU TƯƠNG","Chủ sở hữu":null,"layer_id":288,"fid":1470,"label":"CÔNG TY TRÁCH NHIỆM HỮU HẠN VƯƠNG NAM HƯNG"}},{"type":"Feature","geometry":{"type":"Point","coordinates":[106.499596536,9.88610682]},"properties":{"Mã số doanh nghiệp":"2100519071","Tên doanh nghiệp":"DOANH NGHIỆP TƯ NHÂN THƯƠNG MẠI VÀNG NGỌC CHÂU","Địa chỉ trụ sở chính":"p Rạch Gốc, Xã Long Hòa","Người đại diện theo pháp luật":null,"Chủ sở hữu":"VÕ VĂN ÚT CHƯA","layer_id":288,"fid":918,"label":"DOANH NGHIỆP TƯ NHÂN THƯƠNG MẠI VÀNG NGỌC CHÂU"}},{"type":"Feature","geometry":{"type":"Point","coordinates":[106.348189465,9.87143039]},"properties":{"Mã số doanh nghiệp":"2100573329","Tên doanh nghiệp":"DOANH NGHIỆP TƯ NHÂN VÀNG BẠC MỸ TRANG 3","Địa chỉ trụ sở chính":"Khóm 2, xã Châu Thành","Người đại diện theo pháp luật":null,"Chủ sở hữu":"LÊ THỊ PHƯỢNG","layer_id":288,"fid":919,"label":"DOANH NGHIỆP TƯ NHÂN VÀNG BẠC MỸ TRANG 3"}},{"type":"Feature","geometry":{"type":"Point","coordinates":[105.920315994,9.965717529]},"properties":{"Mã số doanh nghiệp":"1500445224","Tên doanh nghiệp":"CÔNG TY TNHH MTV TRONG MƠ","Địa chỉ trụ sở chính":"Số 10, Đường Lê Văn Duyệt, Khu I, xã Trà Ôn","Người đại diện theo pháp luật":"NGUYỄN HOÀNG THÂN","Chủ sở hữu":"NGUYỄN HOÀNG THÂN","layer_id":288,"fid":1471,"label":"CÔNG TY TNHH MTV TRONG MƠ"}},{"type":"Feature","geometry":{"type":"Point","coordinates":[106.312562908,9.907119498]},"properties":{"Mã số doanh nghiệp":"2100530283","Tên doanh nghiệp":"DOANH NGHIỆP TN VÀNG HOÀNG ÂN","Địa chỉ trụ sở chính":"Ấp Sâm Bua, Xã Sông Lộc","Người đại diện theo pháp luật":null,"Chủ sở hữu":"TẠ THỊ THANH TRÚC","layer_id":288,"fid":920,"label":"DOANH NGHIỆP TN VÀNG HOÀNG ÂN"}},{"type":"Feature","geometry":{"type":"Point","coordinates":[106.123374848,10.259382683]},"properties":{"Mã số doanh nghiệp":"1301033667","Tên doanh nghiệp":"CÔNG TY TNHH MỘT THÀNH VIÊN CÔNG NGHỆ NHƯ HOÀNG","Địa chỉ trụ sở chính":"76/18B khu phố 2, xã Chợ Lách","Người đại diện theo pháp luật":"TRẦN HOÀNG DUY","Chủ sở hữu":"TRẦN HOÀNG DUY","layer_id":288,"fid":1473,"label":"CÔNG TY TNHH MỘT THÀNH VIÊN CÔNG NGHỆ NHƯ HOÀNG"}},{"type":"Feature","geometry":{"type":"Point","coordinates":[106.384170606,9.902115894]},"properties":{"Mã số doanh nghiệp":"2100571096","Tên doanh nghiệp":"DOANH NGHIỆP TN TÀI KIM NGÂN","Địa chỉ trụ sở chính":"Ấp Qui Nông A, Xã Hưng Mỹ","Người đại diện theo pháp luật":null,"Chủ sở hữu":"NGUYỄN CÔNG TRẠNG","layer_id":288,"fid":921,"label":"DOANH NGHIỆP TN TÀI KIM NGÂN"}},{"type":"Feature","geometry":{"type":"Point","coordinates":[106.186749571,10.093726412]},"properties":{"Mã số doanh nghiệp":"1501069477","Tên doanh nghiệp":"DOANH NGHIỆP TƯ NHÂN THANH HÀ VŨNG LIÊM","Địa chỉ trụ sở chính":"Số 130 đường Nam Kỳ Khởi Nghĩa, khóm 2, xã Trung Thành","Người đại diện theo pháp luật":null,"Chủ sở hữu":"ĐẶNG QUANG THÀNH","layer_id":288,"fid":1472,"label":"DOANH NGHIỆP TƯ NHÂN THANH HÀ VŨNG LIÊM"}},{"type":"Feature","geometry":{"type":"Point","coordinates":[106.397269494,9.879348525]},"properties":{"Mã số doanh nghiệp":"2100598732","Tên doanh nghiệp":"DOANH NGHIỆP TƯ NHÂN VÀNG BẠC TRẦN KIM LIÊN 2","Địa chỉ trụ sở chính":"Ấp Đại Thôn, Xã Hưng Mỹ","Người đại diện theo pháp luật":null,"Chủ sở hữu":"TÔ KIM TUYỀN","layer_id":288,"fid":922,"label":"DOANH NGHIỆP TƯ NHÂN VÀNG BẠC TRẦN KIM LIÊN 2"}},{"type":"Feature","geometry":{"type":"Point","coordinates":[106.348200194,9.87147267]},"properties":{"Mã số doanh nghiệp":"2100529150","Tên doanh nghiệp":"DOANH NGHIỆP TN TIỆM VÀNG MỸ TRANG","Địa chỉ trụ sở chính":"Số 145 đường 30/4, Khóm 2, xã Châu Thành","Người đại diện theo pháp luật":null,"Chủ sở hữu":"DƯƠNG CHIÊU THUẬN","layer_id":288,"fid":923,"label":"DOANH NGHIỆP TN TIỆM VÀNG MỸ TRANG"}},{"type":"Feature","geometry":{"type":"Point","coordinates":[106.340410994,9.923685425]},"properties":{"Mã số doanh nghiệp":"2100572910","Tên doanh nghiệp":"CÔNG TY TNHH TM-DV VI TÍNH TÂM VIỆT","Địa chỉ trụ sở chính":"Số 526, Nguyễn Đáng, Khóm 3, Phường Trà Vinh","Người đại diện theo pháp luật":"CHUNG PHAN HỒNG ĐỈNH","Chủ sở hữu":null,"layer_id":288,"fid":1474,"label":"CÔNG TY TNHH TM-DV VI TÍNH TÂM VIỆT"}},{"type":"Feature","geometry":{"type":"Point","coordinates":[106.18731847,9.840318244]},"properties":{"Mã số doanh nghiệp":"2100576880","Tên doanh nghiệp":"DOANH NGHIỆP TN BÍCH THUYỀN","Địa chỉ trụ sở chính":"Số 47, Đường 30/4, Khóm 1, xã Tiểu Cần","Người đại diện theo pháp luật":null,"Chủ sở hữu":"TRƯƠNG THỊ BÍCH THUYỀN","layer_id":288,"fid":924,"label":"DOANH NGHIỆP TN BÍCH THUYỀN"}},{"type":"Feature","geometry":{"type":"Point","coordinates":[106.451768152,9.796814728]},"properties":{"Mã số doanh nghiệp":"2100529390","Tên doanh nghiệp":"CÔNG TY TNHH MỘT THÀNH VIÊN VÀNG ĐỨC HẠNH","Địa chỉ trụ sở chính":"Số 33 đường Đề Triệu, Khóm Minh Thuận A, xã Cầu Ngang","Người đại diện theo pháp luật":"LÊ MINH ĐỨC","Chủ sở hữu":"LÊ MINH ĐỨC","layer_id":288,"fid":925,"label":"CÔNG TY TNHH MỘT THÀNH VIÊN VÀNG ĐỨC HẠNH"}},{"type":"Feature","geometry":{"type":"Point","coordinates":[106.338975052,9.924388456]},"properties":{"Mã số doanh nghiệp":"2100613437","Tên doanh nghiệp":"CÔNG TY TNHH TM DV THIẾT BỊ VP TRUNG TÂM TIN HỌC TIẾN THÀNH TELECOM","Địa chỉ trụ sở chính":"Số nhà 457G, Đường Nguyễn Đáng, Khóm 3, Phường Trà Vinh","Người đại diện theo pháp luật":"NGUYỄN VĂN ĐÔ","Chủ sở hữu":"NGUYỄN VĂN ĐÔ","layer_id":288,"fid":1475,"label":"CÔNG TY TNHH TM DV THIẾT BỊ VP TRUNG TÂM TIN HỌC TIẾN THÀNH TELECOM"}},{"type":"Feature","geometry":{"type":"Point","coordinates":[106.451054079,9.80332789]},"properties":{"Mã số doanh nghiệp":"2100529584","Tên doanh nghiệp":"DOANH NGHIỆP TN NĂM LINH","Địa chỉ trụ sở chính":"Số 26, Dương Công Nữ, Khóm Minh Thuận A, xã Cầu Ngang","Người đại diện theo pháp luật":null,"Chủ sở hữu":"ĐỖ ĐÌNH ĐỆ","layer_id":288,"fid":926,"label":"DOANH NGHIỆP TN NĂM LINH"}},{"type":"Feature","geometry":{"type":"Point","coordinates":[106.260260964,9.804648025]},"properties":{"Mã số doanh nghiệp":"2100525251","Tên doanh nghiệp":"DOANH NGHIỆP TƯ NHÂN VÀNG SÁU DẦN","Địa chỉ trụ sở chính":"Ấp Chợ, Xã Tập Sơn","Người đại diện theo pháp luật":null,"Chủ sở hữu":"NGUYỄN THỊ ĐẦY","layer_id":288,"fid":927,"label":"DOANH NGHIỆP TƯ NHÂN VÀNG SÁU DẦN"}},{"type":"Feature","geometry":{"type":"Point","coordinates":[106.3428722,10.296614608]},"properties":{"Mã số doanh nghiệp":"1301034188","Tên doanh nghiệp":"CÔNG TY TRÁCH NHIỆM HỮU HẠN MỘT THÀNH VIÊN VIỄN THÔNG KIM BẢO","Địa chỉ trụ sở chính":"455/2, ấp 2, phường Sơn Đông","Người đại diện theo pháp luật":"NGUYỄN THANH SƠN","Chủ sở hữu":"NGUYỄN THANH SƠN","layer_id":288,"fid":1476,"label":"CÔNG TY TRÁCH NHIỆM HỮU HẠN MỘT THÀNH VIÊN VIỄN THÔNG KIM BẢO"}},{"type":"Feature","geometry":{"type":"Point","coordinates":[106.257642082,9.800271187]},"properties":{"Mã số doanh nghiệp":"2100525244","Tên doanh nghiệp":"DOANH NGHIỆP TƯ NHÂN VÀNG BẠC LIÊM","Địa chỉ trụ sở chính":"p Chợ, Xã Tập Sơn","Người đại diện theo pháp luật":null,"Chủ sở hữu":"TRẦN HỮU LIÊM","layer_id":288,"fid":928,"label":"DOANH NGHIỆP TƯ NHÂN VÀNG BẠC LIÊM"}},{"type":"Feature","geometry":{"type":"Point","coordinates":[106.260312865,9.738577124]},"properties":{"Mã số doanh nghiệp":"2100528326","Tên doanh nghiệp":"DOANH NGHIỆP TN NĂM SƯƠNG","Địa chỉ trụ sở chính":"Ấp Chợ, Xã Tập Sơn","Người đại diện theo pháp luật":null,"Chủ sở hữu":"TĂNG THỊ THÙY OANH","layer_id":288,"fid":929,"label":"DOANH NGHIỆP TN NĂM SƯƠNG"}},{"type":"Feature","geometry":{"type":"Point","coordinates":[106.688537222,10.182026685]},"properties":{"Mã số doanh nghiệp":"1301012787","Tên doanh nghiệp":"DOANH NGHIỆP TƯ NHÂN KIM KHÍ ĐIỆN MÁY NGỌC ĐIỆP","Địa chỉ trụ sở chính":"ấp 1 Giồng Sầm, Xã Bình Đại","Người đại diện theo pháp luật":null,"Chủ sở hữu":"ĐỖ NGỌC ĐIỆP","layer_id":288,"fid":1477,"label":"DOANH NGHIỆP TƯ NHÂN KIM KHÍ ĐIỆN MÁY NGỌC ĐIỆP"}},{"type":"Feature","geometry":{"type":"Point","coordinates":[106.309096165,9.759770956]},"properties":{"Mã số doanh nghiệp":"2100605757","Tên doanh nghiệp":"DOANH NGHIỆP TƯ NHÂN VÀNG BẠC BẢO HẢI","Địa chỉ trụ sở chính":"p Chợ Dưới, Xã Tập Sơn ","Người đại diện theo pháp luật":null,"Chủ sở hữu":"DƯƠNG BẢO HẢI","layer_id":288,"fid":930,"label":"DOANH NGHIỆP TƯ NHÂN VÀNG BẠC BẢO HẢI"}},{"type":"Feature","geometry":{"type":"Point","coordinates":[106.380640895,10.236346197]},"properties":{"Mã số doanh nghiệp":"1300839831","Tên doanh nghiệp":"CÔNG TY TNHH MỘT THÀNH VIÊN THƯƠNG MẠI - DỊCH VỤ ĐIỆN TỬ TRƯỜNG PHÚ","Địa chỉ trụ sở chính":"Số 39, Nguyễn Đình Chiểu, Khu phố 4, Phường An Hội","Người đại diện theo pháp luật":"NGUYỄN THẾ HẬU","Chủ sở hữu":"NGUYỄN THẾ HẬU","layer_id":288,"fid":1478,"label":"CÔNG TY TNHH MỘT THÀNH VIÊN THƯƠNG MẠI - DỊCH VỤ ĐIỆN TỬ TRƯỜNG PHÚ"}},{"type":"Feature","geometry":{"type":"Point","coordinates":[106.303809895,9.643242417]},"properties":{"Mã số doanh nghiệp":"2100638858","Tên doanh nghiệp":"DOANH NGHIỆP TN VÀNG BẠC PHONG NGHI","Địa chỉ trụ sở chính":"ấp Chợ , Xã Đại An","Người đại diện theo pháp luật":null,"Chủ sở hữu":"ĐỒ THIÊN HẢI ","layer_id":288,"fid":931,"label":"DOANH NGHIỆP TN VÀNG BẠC PHONG NGHI"}},{"type":"Feature","geometry":{"type":"Point","coordinates":[106.340577565,9.709661293]},"properties":{"Mã số doanh nghiệp":"2100529827","Tên doanh nghiệp":"DOANH NGHIỆP TN VÀNG BẠC THẢO VI","Địa chỉ trụ sở chính":"Ấp Chợ, Xã Long Hiệp","Người đại diện theo pháp luật":null,"Chủ sở hữu":"TRẦN THỊ THU THẢO","layer_id":288,"fid":932,"label":"DOANH NGHIỆP TN VÀNG BẠC THẢO VI"}},{"type":"Feature","geometry":{"type":"Point","coordinates":[105.95521343,10.230070428]},"properties":{"Mã số doanh nghiệp":"1500988407","Tên doanh nghiệp":"DOANH NGHIỆP TƯ NHÂN HIỆP KÝ VĨNH LONG","Địa chỉ trụ sở chính":"Số 29C đường Đinh Tiên Hoàng, Phường Tân Hạnh","Người đại diện theo pháp luật":null,"Chủ sở hữu":"HUỲNH KIM LAN","layer_id":288,"fid":1479,"label":"DOANH NGHIỆP TƯ NHÂN HIỆP KÝ VĨNH LONG"}},{"type":"Feature","geometry":{"type":"Point","coordinates":[106.341065036,9.708244245]},"properties":{"Mã số doanh nghiệp":"2100530357","Tên doanh nghiệp":"DOANH NGHIỆP TN VÀNG VÂN NGA","Địa chỉ trụ sở chính":"Ấp Chợ, Xã Long Hiệp","Người đại diện theo pháp luật":null,"Chủ sở hữu":"NGUYỄN THANH PHƯƠNG","layer_id":288,"fid":933,"label":"DOANH NGHIỆP TN VÀNG VÂN NGA"}},{"type":"Feature","geometry":{"type":"Point","coordinates":[105.975906265,10.251836356]},"properties":{"Mã số doanh nghiệp":"1500168443","Tên doanh nghiệp":"DOANH NGHIỆP TƯ NHÂN THƯƠNG MẠI PHƯỚC VINH","Địa chỉ trụ sở chính":"Số 53/1 đường 2 tháng 9, Phường Long Châu","Người đại diện theo pháp luật":null,"Chủ sở hữu":"TRANG THỊ KIM MAI","layer_id":288,"fid":1480,"label":"DOANH NGHIỆP TƯ NHÂN THƯƠNG MẠI PHƯỚC VINH"}},{"type":"Feature","geometry":{"type":"Point","coordinates":[106.434765743,10.036747983]},"properties":{"Mã số doanh nghiệp":"1300932615","Tên doanh nghiệp":"CÔNG TY TNHH MỘT THÀNH VIÊN KHÁCH SẠN DU LỊCH THẢO ANH","Địa chỉ trụ sở chính":"Số 137/4, ấp Thạnh B, Xã Bình Điền","Người đại diện theo pháp luật":"TRẦN THỊ KIM THOA","Chủ sở hữu":"TRẦN THỊ KIM THOA","layer_id":288,"fid":934,"label":"CÔNG TY TNHH MỘT THÀNH VIÊN KHÁCH SẠN DU LỊCH THẢO ANH"}},{"type":"Feature","geometry":{"type":"Point","coordinates":[106.346411705,9.957086848]},"properties":{"Mã số doanh nghiệp":"2100480427","Tên doanh nghiệp":"CÔNG TY TNHH DÉJÀ VU HUỲNH KHA","Địa chỉ trụ sở chính":"Ấp Long Bình, Phường Long Đức","Người đại diện theo pháp luật":"HUỲNH THỊ HUỲNH","Chủ sở hữu":null,"layer_id":288,"fid":935,"label":"CÔNG TY TNHH DÉJÀ VU HUỲNH KHA"}},{"type":"Feature","geometry":{"type":"Point","coordinates":[105.941674694,10.256139453]},"properties":{"Mã số doanh nghiệp":"1500161800","Tên doanh nghiệp":"DOANH NGHIỆP TƯ NHÂN THƯƠNG MẠI THANH QUANG","Địa chỉ trụ sở chính":"Số 130/1D, đường Phan Văn Đáng, Phường Long Châu","Người đại diện theo pháp luật":null,"Chủ sở hữu":"TRANG THỊ KIM NGUYỆT","layer_id":288,"fid":1481,"label":"DOANH NGHIỆP TƯ NHÂN THƯƠNG MẠI THANH QUANG"}},{"type":"Feature","geometry":{"type":"Point","coordinates":[106.340033894,9.946415042]},"properties":{"Mã số doanh nghiệp":"2100626034","Tên doanh nghiệp":"CÔNG TY TNHH KHÁCH SẠN THE ROSE","Địa chỉ trụ sở chính":"240 Phạm Ngũ Lão, Khóm 4, Phường Trà Vinh","Người đại diện theo pháp luật":"LIÊN HOA MỘNG HỒNG","Chủ sở hữu":"LIÊN HOA MỘNG HỒNG","layer_id":288,"fid":936,"label":"CÔNG TY TNHH KHÁCH SẠN THE ROSE"}},{"type":"Feature","geometry":{"type":"Point","coordinates":[105.977550437,10.236657837]},"properties":{"Mã số doanh nghiệp":"1500350854","Tên doanh nghiệp":"DOANH NGHIỆP TƯ NHÂN TÂM XUÂN","Địa chỉ trụ sở chính":"Số 67/7 Đường Phó Cơ Điều, Khóm 2, Phường Phước Hậu","Người đại diện theo pháp luật":null,"Chủ sở hữu":"NGUYỄN PHÁT TÂM","layer_id":288,"fid":1482,"label":"DOANH NGHIỆP TƯ NHÂN TÂM XUÂN"}},{"type":"Feature","geometry":{"type":"Point","coordinates":[106.334878977,9.932651263]},"properties":{"Mã số doanh nghiệp":"2100274209","Tên doanh nghiệp":"CÔNG TY TRÁCH NHIỆM HỮU HẠN  MỘT THÀNH VIÊN HOÀN MỸ","Địa chỉ trụ sở chính":"Số 105A, Nguyễn Thị Minh Khai, Phường Nguyệt Hóa","Người đại diện theo pháp luật":"NGUYỄN THỊ HỒNG THÚY","Chủ sở hữu":"NGUYỄN THỊ HỒNG THÚY","layer_id":288,"fid":937,"label":"CÔNG TY TRÁCH NHIỆM HỮU HẠN  MỘT THÀNH VIÊN HOÀN MỸ"}},{"type":"Feature","geometry":{"type":"Point","coordinates":[106.343924311,9.918056603]},"properties":{"Mã số doanh nghiệp":"2100623812","Tên doanh nghiệp":"DOANH NGHIỆP TƯ NHÂN SANH PHÚC","Địa chỉ trụ sở chính":"Khóm 1 phường Trà Vinh","Người đại diện theo pháp luật":null,"Chủ sở hữu":"HUỲNH HẨU PHỐC (HUỲNH HẬU SÁNG)","layer_id":288,"fid":938,"label":"DOANH NGHIỆP TƯ NHÂN SANH PHÚC"}},{"type":"Feature","geometry":{"type":"Point","coordinates":[105.973832223,10.233528169]},"properties":{"Mã số doanh nghiệp":"1500342821","Tên doanh nghiệp":"DOANH NGHIỆP TƯ NHÂN THÀNH TRÍ","Địa chỉ trụ sở chính":"ố 69/2C đường Phó Cơ Điều, Phường Phước Hậu","Người đại diện theo pháp luật":null,"Chủ sở hữu":"ĐẶNG THỊ THUÝ","layer_id":288,"fid":1483,"label":"DOANH NGHIỆP TƯ NHÂN THÀNH TRÍ"}},{"type":"Feature","geometry":{"type":"Point","coordinates":[106.058835974,9.911108224]},"properties":{"Mã số doanh nghiệp":"2100607715","Tên doanh nghiệp":"CÔNG TY TNHH DU LỊCH SỸ ĐIỀN","Địa chỉ trụ sở chính":"Hương lộ 32, Ấp Bà My, Xã Cầu kè","Người đại diện theo pháp luật":"PHẠM THỊ THU SƯƠNG","Chủ sở hữu":null,"layer_id":288,"fid":939,"label":"CÔNG TY TNHH DU LỊCH SỸ ĐIỀN"}},{"type":"Feature","geometry":{"type":"Point","coordinates":[106.356797216,10.29996187]},"properties":{"Mã số doanh nghiệp":"1300420670","Tên doanh nghiệp":"DOANH NGHIỆP TƯ NHÂN  KHÁCH SẠN NHÀ NGHỈ ANH ĐÀO","Địa chỉ trụ sở chính":"Số 01, Ấp 3, Xã Phú Túc","Người đại diện theo pháp luật":null,"Chủ sở hữu":"ĐỖ THỊ THANH THÚY","layer_id":288,"fid":940,"label":"DOANH NGHIỆP TƯ NHÂN  KHÁCH SẠN NHÀ NGHỈ ANH ĐÀO"}},{"type":"Feature","geometry":{"type":"Point","coordinates":[105.986177009,10.231880404]},"properties":{"Mã số doanh nghiệp":"1500994464","Tên doanh nghiệp":"CÔNG TY TNHH MTV TM SX KIM LIÊN HOA","Địa chỉ trụ sở chính":"Số 67/31H đường Phó Cơ Điều, Phường Phước Hậu","Người đại diện theo pháp luật":"NGUYỄN THỊ NGỌC LINH","Chủ sở hữu":"NGUYỄN THỊ NGỌC LINH","layer_id":288,"fid":1484,"label":"CÔNG TY TNHH MTV TM SX KIM LIÊN HOA"}},{"type":"Feature","geometry":{"type":"Point","coordinates":[106.009343179,10.196090278]},"properties":{"Mã số doanh nghiệp":"1500399031","Tên doanh nghiệp":"DOANH NGHIỆP TƯ NHÂN HAI NGÀ","Địa chỉ trụ sở chính":"Số 50 khóm 5, xã Long Hồ","Người đại diện theo pháp luật":null,"Chủ sở hữu":"NGUYỄN NGỌC NGÀ","layer_id":288,"fid":1485,"label":"DOANH NGHIỆP TƯ NHÂN HAI NGÀ"}},{"type":"Feature","geometry":{"type":"Point","coordinates":[105.821807365,10.070693888]},"properties":{"Mã số doanh nghiệp":"1501057217","Tên doanh nghiệp":"CÔNG TY TNHH MTV KHÁCH SẠN TRIỀU THUẬN THÀNH","Địa chỉ trụ sở chính":"Số 5279/12, tổ 12, khóm 1, Phường Bình Minh","Người đại diện theo pháp luật":"NGUYỄN THỊ KIM ĐÍNH","Chủ sở hữu":"NGUYỄN THỊ KIM ĐÍNH","layer_id":288,"fid":941,"label":"CÔNG TY TNHH MTV KHÁCH SẠN TRIỀU THUẬN THÀNH"}},{"type":"Feature","geometry":{"type":"Point","coordinates":[105.931013627,10.067570221]},"properties":{"Mã số doanh nghiệp":"1500660743","Tên doanh nghiệp":"CÔNG TY TNHH MỘT THÀNH VIÊN MỸ PHÁT CHUNG","Địa chỉ trụ sở chính":"Tổ 10, Khóm Giồng Thanh Bạch, xã Trà Ôn","Người đại diện theo pháp luật":"TỪ PHƯỚC CHUNG","Chủ sở hữu":"TỪ PHƯỚC CHUNG","layer_id":288,"fid":1486,"label":"CÔNG TY TNHH MỘT THÀNH VIÊN MỸ PHÁT CHUNG"}},{"type":"Feature","geometry":{"type":"Point","coordinates":[106.375167764,10.307315898]},"properties":{"Mã số doanh nghiệp":"1300969580","Tên doanh nghiệp":"CÔNG TY TNHH KHÁCH SẠN MIỀN AN NHIÊN","Địa chỉ trụ sở chính":"Khu Phố 6, Phường Phú Khương","Người đại diện theo pháp luật":"PHẠM THỊ LỢI CHỊ","Chủ sở hữu":"ĐẶNG THANH VI","layer_id":288,"fid":942,"label":"CÔNG TY TNHH KHÁCH SẠN MIỀN AN NHIÊN"}},{"type":"Feature","geometry":{"type":"Point","coordinates":[106.363467979,10.231381138]},"properties":{"Mã số doanh nghiệp":"1300648650","Tên doanh nghiệp":"DOANH NGHIỆP TƯ NHÂN KHÁCH SẠN ĐẠI AN","Địa chỉ trụ sở chính":"Số 234D8, Đường Hùng Vương, Khu phố 4, Phường Bến Tre","Người đại diện theo pháp luật":null,"Chủ sở hữu":"NGUYỄN NGỌC NHÂN ","layer_id":288,"fid":943,"label":"DOANH NGHIỆP TƯ NHÂN KHÁCH SẠN ĐẠI AN"}},{"type":"Feature","geometry":{"type":"Point","coordinates":[106.011120294,10.005402803]},"properties":{"Mã số doanh nghiệp":"1501013900","Tên doanh nghiệp":"CÔNG TY TNHH MTV THƯƠNG MẠI LOAN HIỆP","Địa chỉ trụ sở chính":"Tổ 3, ấp Phạm Thị Mến, Xã Trà Côn","Người đại diện theo pháp luật":"TRƯƠNG ĐỨC HIỆP","Chủ sở hữu":"TRƯƠNG ĐỨC HIỆP","layer_id":288,"fid":1487,"label":"CÔNG TY TNHH MTV THƯƠNG MẠI LOAN HIỆP"}},{"type":"Feature","geometry":{"type":"Point","coordinates":[105.896374281,10.169093296]},"properties":{"Mã số doanh nghiệp":"1500541633","Tên doanh nghiệp":"DOANH NGHIỆP TƯ NHÂN THANH NGÂN","Địa chỉ trụ sở chính":"Số 117A, Ấp Thạnh Phú, Xã Phú Quới","Người đại diện theo pháp luật":null,"Chủ sở hữu":"HUỲNH VĂN HIẾU","layer_id":288,"fid":956,"label":"DOANH NGHIỆP TƯ NHÂN THANH NGÂN"}},{"type":"Feature","geometry":{"type":"Point","coordinates":[106.438073361,9.640059411]},"properties":{"Mã số doanh nghiệp":"2100627609","Tên doanh nghiệp":"CÔNG TY TNHH MỘT THÀNH VIÊN HỌC LỄ","Địa chỉ trụ sở chính":"Khóm 6, xã Long Thành","Người đại diện theo pháp luật":"NGUYỄN VĂN HỌC","Chủ sở hữu":"NGUYỄN VĂN HỌC","layer_id":288,"fid":1488,"label":"CÔNG TY TNHH MỘT THÀNH VIÊN HỌC LỄ"}},{"type":"Feature","geometry":{"type":"Point","coordinates":[106.318283379,9.917058359]},"properties":{"Mã số doanh nghiệp":"2100327764","Tên doanh nghiệp":"DOANH NGHIỆP TƯ NHÂN BẢO CHÂU TRẦN","Địa chỉ trụ sở chính":"Số 323 Võ Nguyên Giáp, khóm 9, Phường Nguyệt Hóa","Người đại diện theo pháp luật":null,"Chủ sở hữu":"TRẦN THỊ BẢO CHÂU","layer_id":288,"fid":944,"label":"DOANH NGHIỆP TƯ NHÂN BẢO CHÂU TRẦN"}},{"type":"Feature","geometry":{"type":"Point","coordinates":[106.702803536,10.17871533]},"properties":{"Mã số doanh nghiệp":"1300983680","Tên doanh nghiệp":"DOANH NGHIỆP TƯ NHÂN NHÀ NGHỈ HOÀNG HUY","Địa chỉ trụ sở chính":"Ấp Bình Hòa, Xã Bình Đại","Người đại diện theo pháp luật":null,"Chủ sở hữu":"PHẠM THỊ SEN","layer_id":288,"fid":945,"label":"DOANH NGHIỆP TƯ NHÂN NHÀ NGHỈ HOÀNG HUY"}},{"type":"Feature","geometry":{"type":"Point","coordinates":[106.086638705,10.121089572]},"properties":{"Mã số doanh nghiệp":"1500301208","Tên doanh nghiệp":"DOANH NGHIỆP TƯ NHÂN PHƯỚC HÙNG","Địa chỉ trụ sở chính":"Số 187 ấp Gò Ân, Xã Trung Hiệp","Người đại diện theo pháp luật":null,"Chủ sở hữu":"LÝ NGỌC DUNG","layer_id":288,"fid":1489,"label":"DOANH NGHIỆP TƯ NHÂN PHƯỚC HÙNG"}},{"type":"Feature","geometry":{"type":"Point","coordinates":[106.372365576,10.22843201]},"properties":{"Mã số doanh nghiệp":"1301032173","Tên doanh nghiệp":"CÔNG TY TNHH MỘT THÀNH VIÊN HOTEL HƯƠNG PHÚC","Địa chỉ trụ sở chính":"Số 25, đường số 4, ấp An Thuận A, Phường An Hội","Người đại diện theo pháp luật":"PHÙNG ĐẮC LỘ","Chủ sở hữu":"PHÙNG ĐẮC LỘ","layer_id":288,"fid":946,"label":"CÔNG TY TNHH MỘT THÀNH VIÊN HOTEL HƯƠNG PHÚC"}},{"type":"Feature","geometry":{"type":"Point","coordinates":[106.354023427,10.316443752]},"properties":{"Mã số doanh nghiệp":"1300946512","Tên doanh nghiệp":"DOANH NGHIỆP TƯ NHÂN NHÀ NGHỈ 168","Địa chỉ trụ sở chính":"Số 168, khu phố 3, xã Châu Thành","Người đại diện theo pháp luật":null,"Chủ sở hữu":"TRẦN THỊ KIM TRANG","layer_id":288,"fid":947,"label":"DOANH NGHIỆP TƯ NHÂN NHÀ NGHỈ 168"}},{"type":"Feature","geometry":{"type":"Point","coordinates":[105.978848536,10.233242679]},"properties":{"Mã số doanh nghiệp":"1500564091","Tên doanh nghiệp":"CÔNG TY TNHH HOÀNG THIÊN LỘC","Địa chỉ trụ sở chính":"Số 67/68 đường Phó Cơ Điều, khóm 5, Phường Phước Hậu","Người đại diện theo pháp luật":"TRẦN VĂN HOÀNG","Chủ sở hữu":null,"layer_id":288,"fid":1490,"label":"CÔNG TY TNHH HOÀNG THIÊN LỘC"}},{"type":"Feature","geometry":{"type":"Point","coordinates":[105.962234194,10.255370511]},"properties":{"Mã số doanh nghiệp":"1500152274","Tên doanh nghiệp":"DOANH NGHIỆP TƯ NHÂN THANH XUÂN","Địa chỉ trụ sở chính":"Số 55 đường Phạm Hùng, Phường Long Châu","Người đại diện theo pháp luật":null,"Chủ sở hữu":"LAI VĂN XUÂN ","layer_id":288,"fid":1491,"label":"DOANH NGHIỆP TƯ NHÂN THANH XUÂN"}},{"type":"Feature","geometry":{"type":"Point","coordinates":[106.481815208,9.651325974]},"properties":{"Mã số doanh nghiệp":"2100287825","Tên doanh nghiệp":"DOANH NGHIỆP TƯ NHÂN ÚT THÍCH","Địa chỉ trụ sở chính":"Ấp Thống Nhất, phường Duyên Hải","Người đại diện theo pháp luật":null,"Chủ sở hữu":"NGUYỄN TRƯỜNG SƠN","layer_id":288,"fid":948,"label":"DOANH NGHIỆP TƯ NHÂN ÚT THÍCH"}},{"type":"Feature","geometry":{"type":"Point","coordinates":[106.511755137,9.594201723]},"properties":{"Mã số doanh nghiệp":"2100398282","Tên doanh nghiệp":"DOANH NGHIỆP TƯ NHÂN NĂM LỢI","Địa chỉ trụ sở chính":"Ấp Giồng Giếng, phường Duyên Hải","Người đại diện theo pháp luật":null,"Chủ sở hữu":"TRẦN VĂN LỢI","layer_id":288,"fid":949,"label":"DOANH NGHIỆP TƯ NHÂN NĂM LỢI"}},{"type":"Feature","geometry":{"type":"Point","coordinates":[106.211621294,10.001867737]},"properties":{"Mã số doanh nghiệp":"2100351608","Tên doanh nghiệp":"CÔNG TY TRÁCH NHIỆM HỮU HẠN  MỘT THÀNH VIÊN AN THÔNG","Địa chỉ trụ sở chính":"Khóm 3, Xã Càng Long","Người đại diện theo pháp luật":"VÕ THÀNH AN","Chủ sở hữu":"VÕ THÀNH AN","layer_id":288,"fid":1492,"label":"CÔNG TY TRÁCH NHIỆM HỮU HẠN  MỘT THÀNH VIÊN AN THÔNG"}},{"type":"Feature","geometry":{"type":"Point","coordinates":[106.496520701,9.761787038]},"properties":{"Mã số doanh nghiệp":"2100250039","Tên doanh nghiệp":"CÔNG TY TNHH TM-DV XĂNG DẦU HOÀNG MAI","Địa chỉ trụ sở chính":"Số 129, Quốc lộ 53, Khóm 3, Phường Duyên Hải","Người đại diện theo pháp luật":"NGUYỄN THỊ KIỀU CHINH","Chủ sở hữu":"NGUYỄN THỊ KIỀU CHINH","layer_id":288,"fid":950,"label":"CÔNG TY TNHH TM-DV XĂNG DẦU HOÀNG MAI"}},{"type":"Feature","geometry":{"type":"Point","coordinates":[106.493634588,9.694366512]},"properties":{"Mã số doanh nghiệp":"2100255044","Tên doanh nghiệp":"DOANH NGHIỆP TƯ NHÂN XĂNG DẦU BẾN GIÁ","Địa chỉ trụ sở chính":"Ấp 11, Xã Long Hữu","Người đại diện theo pháp luật":null,"Chủ sở hữu":"TRẦN THỊ MỸ LINH","layer_id":288,"fid":951,"label":"DOANH NGHIỆP TƯ NHÂN XĂNG DẦU BẾN GIÁ"}},{"type":"Feature","geometry":{"type":"Point","coordinates":[105.899387822,10.227285144]},"properties":{"Mã số doanh nghiệp":"1500976634","Tên doanh nghiệp":"DOANH NGHIỆP TƯ NHÂN SƠN HÙNG PHÁT","Địa chỉ trụ sở chính":"Số 008 ấp Phú Trường, Xã Song Phú","Người đại diện theo pháp luật":null,"Chủ sở hữu":"ĐẶNG THANH TÙNG","layer_id":288,"fid":1493,"label":"DOANH NGHIỆP TƯ NHÂN SƠN HÙNG PHÁT"}},{"type":"Feature","geometry":{"type":"Point","coordinates":[105.964390508,10.254503527]},"properties":{"Mã số doanh nghiệp":"1500312591","Tên doanh nghiệp":"CÔNG TY TNHH MTV THÀNH THÀNH PHÁT","Địa chỉ trụ sở chính":"Số 162, đường Lê Thái Tổ, Phường Long Châu","Người đại diện theo pháp luật":"THÁI VĂN THÀNH ","Chủ sở hữu":"THÁI VĂN THÀNH","layer_id":288,"fid":1494,"label":"CÔNG TY TNHH MTV THÀNH THÀNH PHÁT"}},{"type":"Feature","geometry":{"type":"Point","coordinates":[105.986275361,10.233039622]},"properties":{"Mã số doanh nghiệp":"1500498480","Tên doanh nghiệp":"CÔNG TY CỔ PHẦN THƯƠNG MẠI DẦU KHÍ CỬU LONG","Địa chỉ trụ sở chính":"Số 64/20A-67/6Ađường Phó Cơ Điều, Phường Phước Hậu","Người đại diện theo pháp luật":"NGUYỄN BÌNH DƯƠNG","Chủ sở hữu":null,"layer_id":288,"fid":952,"label":"CÔNG TY CỔ PHẦN THƯƠNG MẠI DẦU KHÍ CỬU LONG"}},{"type":"Feature","geometry":{"type":"Point","coordinates":[106.004425036,10.256337053]},"properties":{"Mã số doanh nghiệp":"1501016228","Tên doanh nghiệp":"CÔNG TY TNHH GAS THU NGỌC","Địa chỉ trụ sở chính":"Số 101A, đường 14 tháng 9, Phường Thanh Đức","Người đại diện theo pháp luật":"NGUYỄN NGỌC ANH THI ","Chủ sở hữu":null,"layer_id":288,"fid":953,"label":"CÔNG TY TNHH GAS THU NGỌC"}},{"type":"Feature","geometry":{"type":"Point","coordinates":[105.975495323,10.233348286]},"properties":{"Mã số doanh nghiệp":"1500974429","Tên doanh nghiệp":"CÔNG TY TNHH MTV AN NINH PCCC PHAN GIA","Địa chỉ trụ sở chính":"Số 67/69E đường Phó Cơ Điều, khóm 2, Phường Phước Hậu","Người đại diện theo pháp luật":"PHAN HÙNG VƯƠNG","Chủ sở hữu":"PHAN HÙNG VƯƠNG","layer_id":288,"fid":1495,"label":"CÔNG TY TNHH MTV AN NINH PCCC PHAN GIA"}},{"type":"Feature","geometry":{"type":"Point","coordinates":[105.952637008,10.232385155]},"properties":{"Mã số doanh nghiệp":"1501086994","Tên doanh nghiệp":"CÔNG TY TNHH XĂNG DẦU VĨNH LONG PETRO","Địa chỉ trụ sở chính":"Số 3H đường Nguyễn Văn Lâu, khóm 1, Phường Tân Hạnh","Người đại diện theo pháp luật":"NGUYỄN BA THÀNH","Chủ sở hữu":null,"layer_id":288,"fid":955,"label":"CÔNG TY TNHH XĂNG DẦU VĨNH LONG PETRO"}},{"type":"Feature","geometry":{"type":"Point","coordinates":[105.893611665,10.260674864]},"properties":{"Mã số doanh nghiệp":"1500981024","Tên doanh nghiệp":"CÔNG TY TNHH MTV CÁT LONG GIANG","Địa chỉ trụ sở chính":"Số 2 tổ 1, Ấp Mỹ Thuận, Xã Tân Hội","Người đại diện theo pháp luật":"NGUYỄN XUÂN CÁT         ","Chủ sở hữu":"NGUYỄN XUÂN CÁT         ","layer_id":288,"fid":954,"label":"CÔNG TY TNHH MTV CÁT LONG GIANG"}},{"type":"Feature","geometry":{"type":"Point","coordinates":[106.36434375,10.257510465]},"properties":{"Mã số doanh nghiệp":"1300776324","Tên doanh nghiệp":"CÔNG TY TNHH MỘT THÀNH VIÊN SIÊU THỊ ĐIỆN MÁY ĐẠI PHÁT","Địa chỉ trụ sở chính":"Số 58A5, khu phố 1, Đại lộ Đồng Khởi, Phường Phú Tân","Người đại diện theo pháp luật":"NGUYỄN BÁ THÔNG","Chủ sở hữu":"NGUYỄN BÁ THÔNG","layer_id":288,"fid":1496,"label":"CÔNG TY TNHH MỘT THÀNH VIÊN SIÊU THỊ ĐIỆN MÁY ĐẠI PHÁT"}},{"type":"Feature","geometry":{"type":"Point","coordinates":[106.378065264,10.294391374]},"properties":{"Mã số doanh nghiệp":"1300942596","Tên doanh nghiệp":"CÔNG TY TRÁCH NHIỆM HỮU HẠN MỘT THÀNH VIÊN THƯƠNG MẠI DỊCH VỤ ĐIỆN GIA DỤNG THUẬN THÀNH","Địa chỉ trụ sở chính":"141B đường Nguyễn Đình Chiểu, Phường An Hội","Người đại diện theo pháp luật":"BÙI VĂN THUẬN","Chủ sở hữu":"BÙI VĂN THUẬN","layer_id":288,"fid":1497,"label":"CÔNG TY TRÁCH NHIỆM HỮU HẠN MỘT THÀNH VIÊN THƯƠNG MẠI DỊCH VỤ ĐIỆN GIA DỤNG THUẬN THÀNH"}},{"type":"Feature","geometry":{"type":"Point","coordinates":[105.991246265,10.223264094]},"properties":{"Mã số doanh nghiệp":"1500859465","Tên doanh nghiệp":"CÔNG TY TNHH MTV ĐẠT HOÀI","Địa chỉ trụ sở chính":"Số 162C tổ 10, QL53, ấp Long Thuận A, Xã Long Hồ","Người đại diện theo pháp luật":"TRẦN THANH HOÀI","Chủ sở hữu":"TRẦN THANH HOÀI","layer_id":288,"fid":957,"label":"CÔNG TY TNHH MTV ĐẠT HOÀI"}},{"type":"Feature","geometry":{"type":"Point","coordinates":[105.844918332,10.125546627]},"properties":{"Mã số doanh nghiệp":"1500244574","Tên doanh nghiệp":"DOANH NGHIỆP TƯ NHÂN THƯƠNG MẠI TÂN NGỌC THU","Địa chỉ trụ sở chính":"Số 1424, tổ 11, ấp Thuận Tiến C, phường Bình Minh","Người đại diện theo pháp luật":null,"Chủ sở hữu":"NGUYỄN NGỌC QUÍ","layer_id":288,"fid":958,"label":"DOANH NGHIỆP TƯ NHÂN THƯƠNG MẠI TÂN NGỌC THU"}},{"type":"Feature","geometry":{"type":"Point","coordinates":[106.358599654,10.246765996]},"properties":{"Mã số doanh nghiệp":"1300548215","Tên doanh nghiệp":"CÔNG TY TNHH  MỘT THÀNH VIÊN TM DV ĐIỆN TỬ ĐẠI PHÁT","Địa chỉ trụ sở chính":"Số 162C, khu phố 3, Phường Bến Tre","Người đại diện theo pháp luật":"NGUYỄN BÁ PHONG","Chủ sở hữu":"NGUYỄN BÁ PHONG","layer_id":288,"fid":1498,"label":"CÔNG TY TNHH  MỘT THÀNH VIÊN TM DV ĐIỆN TỬ ĐẠI PHÁT"}},{"type":"Feature","geometry":{"type":"Point","coordinates":[106.391691579,10.237537641]},"properties":{"Mã số doanh nghiệp":"1300118981","Tên doanh nghiệp":"CÔNG TY TNHH MỘT THÀNH VIÊN  XĂNG DẦU BẾN TRE ","Địa chỉ trụ sở chính":"Số 199B  Nguyễn Đình Chiểu, khu phố 1, Phường Phú Khương","Người đại diện theo pháp luật":"NGUYỄN THỊ CHÂU UYÊN","Chủ sở hữu":null,"layer_id":288,"fid":959,"label":"CÔNG TY TNHH MỘT THÀNH VIÊN  XĂNG DẦU BẾN TRE "}},{"type":"Feature","geometry":{"type":"Point","coordinates":[105.962032794,10.25288877]},"properties":{"Mã số doanh nghiệp":"1501088984","Tên doanh nghiệp":"CÔNG TY TNHH TÂN LỘC PHÁT MEKONG","Địa chỉ trụ sở chính":"Số 52/230A, đường Nguyễn Huệ, khóm 4, Phường Long Châu","Người đại diện theo pháp luật":"NGUYỄN THANH TÂN","Chủ sở hữu":null,"layer_id":288,"fid":1499,"label":"CÔNG TY TNHH TÂN LỘC PHÁT MEKONG"}},{"type":"Feature","geometry":{"type":"Point","coordinates":[106.391691579,10.237537641]},"properties":{"Mã số doanh nghiệp":"1300118981","Tên doanh nghiệp":"CÔNG TY TNHH MỘT THÀNH VIÊN  XĂNG DẦU BẾN TRE ","Địa chỉ trụ sở chính":"Số 199B  Nguyễn Đình Chiểu, khu phố 1, Phường Phú Khương","Người đại diện theo pháp luật":"PHẠM VĂN THÍNH","Chủ sở hữu":null,"layer_id":288,"fid":960,"label":"CÔNG TY TNHH MỘT THÀNH VIÊN  XĂNG DẦU BẾN TRE "}},{"type":"Feature","geometry":{"type":"Point","coordinates":[106.358277793,10.272483555]},"properties":{"Mã số doanh nghiệp":"1300571493","Tên doanh nghiệp":"CÔNG TY TRÁCH NHIỆM HỮU HẠN MỘT THÀNH VIÊN THƯƠNG MẠI DỊCH VỤ XĂNG DẦU PHƯỚC LỘC THỌ","Địa chỉ trụ sở chính":"Số 87C1, ấp 1, phường Sơn Đông","Người đại diện theo pháp luật":"LÂM HẢI","Chủ sở hữu":"LÂM HẢI","layer_id":288,"fid":961,"label":"CÔNG TY TRÁCH NHIỆM HỮU HẠN MỘT THÀNH VIÊN THƯƠNG MẠI DỊCH VỤ XĂNG DẦU PHƯỚC LỘC THỌ"}},{"type":"Feature","geometry":{"type":"Point","coordinates":[106.339119694,9.939569882]},"properties":{"Mã số doanh nghiệp":"2100290521","Tên doanh nghiệp":"CÔNG TY CP SÁCH VÀ THIẾT BỊ TRƯỜNG HỌC TRÀ VINH","Địa chỉ trụ sở chính":"Số 3A Trưng Nữ Vương, Phường Trà Vinh","Người đại diện theo pháp luật":"PHẠM THỊ NGỌC ÁNH","Chủ sở hữu":null,"layer_id":288,"fid":1500,"label":"CÔNG TY CP SÁCH VÀ THIẾT BỊ TRƯỜNG HỌC TRÀ VINH"}},{"type":"Feature","geometry":{"type":"Point","coordinates":[106.39307582,10.254895993]},"properties":{"Mã số doanh nghiệp":"1300424354","Tên doanh nghiệp":"CÔNG TY TNHH  XĂNG DẦU ĐẠI LỘC","Địa chỉ trụ sở chính":"Nguyễn Thị Định, ấp Phú Thành , phường Phú Khương","Người đại diện theo pháp luật":"TRẦN CÔNG NHIỆM","Chủ sở hữu":null,"layer_id":288,"fid":962,"label":"CÔNG TY TNHH  XĂNG DẦU ĐẠI LỘC"}},{"type":"Feature","geometry":{"type":"Point","coordinates":[106.335920075,10.271357919]},"properties":{"Mã số doanh nghiệp":"1300230239","Tên doanh nghiệp":"DOANH NGHIỆP TƯ NHÂN  TRẠM VẬT TƯ XĂNG DẦU SƠN ĐÔNG","Địa chỉ trụ sở chính":"ấp 2 phường Sơn Đông","Người đại diện theo pháp luật":null,"Chủ sở hữu":"HUỲNH THỊ CẨM VÂN","layer_id":288,"fid":963,"label":"DOANH NGHIỆP TƯ NHÂN  TRẠM VẬT TƯ XĂNG DẦU SƠN ĐÔNG"}},{"type":"Feature","geometry":{"type":"Point","coordinates":[106.341853903,9.939228626]},"properties":{"Mã số doanh nghiệp":"2100526128","Tên doanh nghiệp":"DOANH NGHIỆP TƯ NHÂN THƯƠNG MẠI QUẢNG HƯNG","Địa chỉ trụ sở chính":"Số 33-35, Khóm 3, Phường Trà Vinh","Người đại diện theo pháp luật":null,"Chủ sở hữu":"ĐẶNG BÍCH VÂN","layer_id":288,"fid":1501,"label":"DOANH NGHIỆP TƯ NHÂN THƯƠNG MẠI QUẢNG HƯNG"}},{"type":"Feature","geometry":{"type":"Point","coordinates":[106.344072893,9.898907881]},"properties":{"Mã số doanh nghiệp":"2100295858","Tên doanh nghiệp":"CÔNG TY TNHH THANH THẢO","Địa chỉ trụ sở chính":"Số 25, Đồng Khởi, Khóm 2, Phường TRà Vinh","Người đại diện theo pháp luật":"CHUNG THỊ NGỌC THANH","Chủ sở hữu":null,"layer_id":288,"fid":1502,"label":"CÔNG TY TNHH THANH THẢO"}},{"type":"Feature","geometry":{"type":"Point","coordinates":[106.370818752,10.254029539]},"properties":{"Mã số doanh nghiệp":"1300987942","Tên doanh nghiệp":"DOANH NGHIỆP TƯ NHÂN DẦU NHỚT TẤN PHÁT TÀI","Địa chỉ trụ sở chính":"105A2, khu phố 2, Phường Phú Tân","Người đại diện theo pháp luật":null,"Chủ sở hữu":"VŨ ĐÌNH TUẤN","layer_id":288,"fid":964,"label":"DOANH NGHIỆP TƯ NHÂN DẦU NHỚT TẤN PHÁT TÀI"}},{"type":"Feature","geometry":{"type":"Point","coordinates":[106.341739294,9.936910716]},"properties":{"Mã số doanh nghiệp":"2100470041","Tên doanh nghiệp":"CÔNG TY TRÁCH NHIỆM HỮU HẠN MỘT THÀNH VIÊN THƯƠNG MẠI VẬN TẢI TRƯỜNG ANH","Địa chỉ trụ sở chính":"Số 07 Phạm Thái Bường, khóm 1, Phường Trà Vinh","Người đại diện theo pháp luật":"LÊ VĂN TRƯỜNG","Chủ sở hữu":"LÊ VĂN TRƯỜNG","layer_id":288,"fid":1503,"label":"CÔNG TY TRÁCH NHIỆM HỮU HẠN MỘT THÀNH VIÊN THƯƠNG MẠI VẬN TẢI TRƯỜNG ANH"}},{"type":"Feature","geometry":{"type":"Point","coordinates":[106.334289653,10.269120841]},"properties":{"Mã số doanh nghiệp":"1300917102","Tên doanh nghiệp":"CÔNG TY TNHH THƯƠNG MẠI DỊCH VỤ NHẬT BẢO TOÀN","Địa chỉ trụ sở chính":"181A3, khu phố 3, Phường Phú Tân","Người đại diện theo pháp luật":"NGUYỄN TẤN TÀI","Chủ sở hữu":null,"layer_id":288,"fid":965,"label":"CÔNG TY TNHH THƯƠNG MẠI DỊCH VỤ NHẬT BẢO TOÀN"}},{"type":"Feature","geometry":{"type":"Point","coordinates":[106.321765384,10.264026543]},"properties":{"Mã số doanh nghiệp":"1301041259","Tên doanh nghiệp":"CÔNG TY TNHH XĂNG DẦU PHÚ MINH TÂN","Địa chỉ trụ sở chính":"ấp Hòa Chánh, Xã Phú Túc","Người đại diện theo pháp luật":"NGUYỄN THỊ KIM ĐOAN","Chủ sở hữu":null,"layer_id":288,"fid":966,"label":"CÔNG TY TNHH XĂNG DẦU PHÚ MINH TÂN"}},{"type":"Feature","geometry":{"type":"Point","coordinates":[105.985313123,10.234452185]},"properties":{"Mã số doanh nghiệp":"1500457847","Tên doanh nghiệp":"CÔNG TY TNHH THƯƠNG MẠI - DỊCH VỤ - DỊCH THUẬT P.M.C","Địa chỉ trụ sở chính":"Số 68/10B, đường Phạm Thái Bường, khóm 5, Phường Phước Hậu","Người đại diện theo pháp luật":"PHẠM THỊ MỸ HẠNH","Chủ sở hữu":null,"layer_id":288,"fid":1504,"label":"CÔNG TY TNHH THƯƠNG MẠI - DỊCH VỤ - DỊCH THUẬT P.M.C"}},{"type":"Feature","geometry":{"type":"Point","coordinates":[106.321851215,10.263920972]},"properties":{"Mã số doanh nghiệp":"1300250482","Tên doanh nghiệp":"DOANH NGHIỆP TƯ NHÂN  PHƯỚC LỢI","Địa chỉ trụ sở chính":null,"Người đại diện theo pháp luật":null,"Chủ sở hữu":"LÊ NGỌC TUYỀN","layer_id":288,"fid":967,"label":"DOANH NGHIỆP TƯ NHÂN  PHƯỚC LỢI"}},{"type":"Feature","geometry":{"type":"Point","coordinates":[106.390303065,10.305041517]},"properties":{"Mã số doanh nghiệp":"1300541770","Tên doanh nghiệp":"DOANH NGHIỆP TƯ NHÂN  DẦU, NHỚT QUỚI SƠN","Địa chỉ trụ sở chính":"Ấp Phú Thành Tây, Xã Giao Long","Người đại diện theo pháp luật":null,"Chủ sở hữu":"NGUYỄN THỊ BÉ ĐÈO","layer_id":288,"fid":968,"label":"DOANH NGHIỆP TƯ NHÂN  DẦU, NHỚT QUỚI SƠN"}},{"type":"Feature","geometry":{"type":"Point","coordinates":[105.977308164,10.306104398]},"properties":{"Mã số doanh nghiệp":"1501013932","Tên doanh nghiệp":"DOANH NGHIỆP TƯ NHÂN NHÀ HÀNG ĂN UỐNG THIÊN TÂN","Địa chỉ trụ sở chính":"Số 56E đường Phạm Thái Bường, Phường Phước Hậu","Người đại diện theo pháp luật":null,"Chủ sở hữu":"LÊ THỊ HỒNG CHI","layer_id":288,"fid":1505,"label":"DOANH NGHIỆP TƯ NHÂN NHÀ HÀNG ĂN UỐNG THIÊN TÂN"}},{"type":"Feature","geometry":{"type":"Point","coordinates":[106.338933365,10.284954545]},"properties":{"Mã số doanh nghiệp":"1300555565","Tên doanh nghiệp":"DOANH NGHIỆP TƯ NHÂN  XĂNG DẦU XUÂN THỊNH","Địa chỉ trụ sở chính":"372E/1, Ấp Phước Hậu, phường Sơn Đông","Người đại diện theo pháp luật":null,"Chủ sở hữu":"HỨA XUÂN THỤY","layer_id":288,"fid":969,"label":"DOANH NGHIỆP TƯ NHÂN  XĂNG DẦU XUÂN THỊNH"}},{"type":"Feature","geometry":{"type":"Point","coordinates":[106.419276575,10.30136908]},"properties":{"Mã số doanh nghiệp":"1300234402","Tên doanh nghiệp":"CÔNG TY TRÁCH NHIỆM HỮU HẠN XĂNG DẦU ĐẠI LỢI","Địa chỉ trụ sở chính":"Ấp Long Hòa, Xã Giao Long,","Người đại diện theo pháp luật":"TRẦN THỊ KIM PHƯỢNG","Chủ sở hữu":null,"layer_id":288,"fid":970,"label":"CÔNG TY TRÁCH NHIỆM HỮU HẠN XĂNG DẦU ĐẠI LỢI"}},{"type":"Feature","geometry":{"type":"Point","coordinates":[105.974394665,10.2496792]},"properties":{"Mã số doanh nghiệp":"1501036217","Tên doanh nghiệp":"CÔNG TY TNHH MTV 68 PHỐ BIỂN","Địa chỉ trụ sở chính":"Số 51/16A đường Phạm Thái bường, Phường Phước Hậu","Người đại diện theo pháp luật":"NGUYỄN PHÚC HẬU","Chủ sở hữu":"NGUYỄN PHÚC HẬU","layer_id":288,"fid":1506,"label":"CÔNG TY TNHH MTV 68 PHỐ BIỂN"}},{"type":"Feature","geometry":{"type":"Point","coordinates":[106.412605271,10.297670563]},"properties":{"Mã số doanh nghiệp":"1300395142","Tên doanh nghiệp":"CÔNG TY TRÁCH NHIỆM HỮU HẠN MỘT THÀNH VIÊN XĂNG DẦU LINH TÂM","Địa chỉ trụ sở chính":"Số 56A ấp Long Hòa, Xã Giao Long","Người đại diện theo pháp luật":"NGUYỄN THỊ CẨM CHÂU","Chủ sở hữu":"NGUYỄN THỊ CẨM CHÂU","layer_id":288,"fid":971,"label":"CÔNG TY TRÁCH NHIỆM HỮU HẠN MỘT THÀNH VIÊN XĂNG DẦU LINH TÂM"}},{"type":"Feature","geometry":{"type":"Point","coordinates":[105.793108152,10.066186754]},"properties":{"Mã số doanh nghiệp":"1501058757","Tên doanh nghiệp":"CÔNG TY TNHH MTV DỊCH VỤ THÀNH LỢI - BÌNH TÂN","Địa chỉ trụ sở chính":"Số 104, tổ 6, ấp Thành Phú, Xã tân Quới","Người đại diện theo pháp luật":"NGUYỄN THỊ PHƯỢNG","Chủ sở hữu":"NGUYỄN THỊ PHƯỢNG","layer_id":288,"fid":1507,"label":"CÔNG TY TNHH MTV DỊCH VỤ THÀNH LỢI - BÌNH TÂN"}},{"type":"Feature","geometry":{"type":"Point","coordinates":[106.206468795,10.22732602]},"properties":{"Mã số doanh nghiệp":"1300175309","Tên doanh nghiệp":"DOANH NGHIỆP TƯ NHÂN  HỮU DUY","Địa chỉ trụ sở chính":"ấp Tân An, Xã Chợ Lách","Người đại diện theo pháp luật":null,"Chủ sở hữu":"HỒ THỊ NGỌC LOAN","layer_id":288,"fid":973,"label":"DOANH NGHIỆP TƯ NHÂN  HỮU DUY"}},{"type":"Feature","geometry":{"type":"Point","coordinates":[106.197101805,10.284809366]},"properties":{"Mã số doanh nghiệp":"1300204609","Tên doanh nghiệp":"DOANH NGHIỆP TƯ NHÂN PHƯỚC NGUYÊN","Địa chỉ trụ sở chính":"Ấp Tân Bắc, Xã Tân Phú","Người đại diện theo pháp luật":null,"Chủ sở hữu":"NGUYỄN THỊ BÍCH LOAN","layer_id":288,"fid":972,"label":"DOANH NGHIỆP TƯ NHÂN PHƯỚC NGUYÊN"}},{"type":"Feature","geometry":{"type":"Point","coordinates":[106.215990643,10.229177484]},"properties":{"Mã số doanh nghiệp":"1300404911","Tên doanh nghiệp":"DOANH NGHIỆP TƯ NHÂN  XĂNG DẦU TẤN LỢI","Địa chỉ trụ sở chính":"191/29, ấp Vĩnh Hưng 1, Xã Vĩnh Thành","Người đại diện theo pháp luật":null,"Chủ sở hữu":"NGUYỄN TẤN LỰC","layer_id":288,"fid":974,"label":"DOANH NGHIỆP TƯ NHÂN  XĂNG DẦU TẤN LỢI"}},{"type":"Feature","geometry":{"type":"Point","coordinates":[106.185293765,10.235573926]},"properties":{"Mã số doanh nghiệp":"1300329887","Tên doanh nghiệp":"DOANH NGHIỆP TƯ NHÂN  KIM OANH","Địa chỉ trụ sở chính":"297/69, ấp An Hòa, Xã Chợ Lách","Người đại diện theo pháp luật":null,"Chủ sở hữu":"NGUYỄN VĂN BÉ SÁU","layer_id":288,"fid":975,"label":"DOANH NGHIỆP TƯ NHÂN  KIM OANH"}},{"type":"Feature","geometry":{"type":"Point","coordinates":[106.378504357,10.235122799]},"properties":{"Mã số doanh nghiệp":"1301041971","Tên doanh nghiệp":"CÔNG TY TNHH THƯƠNG MẠI DỊCH VỤ DU LỊCH - NHÀ HÀNG ĐÔNG CHÂU","Địa chỉ trụ sở chính":"Số 58-60, đường Hùng Vương, Phường An Hội","Người đại diện theo pháp luật":"TRẦN THỊ VÂN","Chủ sở hữu":"TRẦN THỊ VÂN","layer_id":288,"fid":1509,"label":"CÔNG TY TNHH THƯƠNG MẠI DỊCH VỤ DU LỊCH - NHÀ HÀNG ĐÔNG CHÂU"}},{"type":"Feature","geometry":{"type":"Point","coordinates":[106.136347186,10.268806852]},"properties":{"Mã số doanh nghiệp":"1300225503","Tên doanh nghiệp":"DOANH NGHIỆP TƯ NHÂN  THANH SỰ 7","Địa chỉ trụ sở chính":"Số 140/17, ấp Long Hiệp, xã Chợ Lách","Người đại diện theo pháp luật":null,"Chủ sở hữu":"NGUYỄN THỊ THANH SỰ","layer_id":288,"fid":976,"label":"DOANH NGHIỆP TƯ NHÂN  THANH SỰ 7"}},{"type":"Feature","geometry":{"type":"Point","coordinates":[106.522869241,10.149460237]},"properties":{"Mã số doanh nghiệp":"1300927573","Tên doanh nghiệp":"CÔNG TY TRÁCH NHIỆM HỮU HẠN  GIẢI TRÍ L.Q","Địa chỉ trụ sở chính":"Ấp Bình Thành, phường Bến Tre","Người đại diện theo pháp luật":"NGUYỄN KHOA LUẬN","Chủ sở hữu":null,"layer_id":288,"fid":1508,"label":"CÔNG TY TRÁCH NHIỆM HỮU HẠN  GIẢI TRÍ L.Q"}},{"type":"Feature","geometry":{"type":"Point","coordinates":[106.367069394,10.335456204]},"properties":{"Mã số doanh nghiệp":"1301019888","Tên doanh nghiệp":"CÔNG TY TNHH DU LỊCH NHÀ HÀNG DIỄM PHƯỢNG","Địa chỉ trụ sở chính":"80/10, Ấp Tân Vinh, Xã Phú Túc","Người đại diện theo pháp luật":"LÝ ANH THƯ","Chủ sở hữu":null,"layer_id":288,"fid":1510,"label":"CÔNG TY TNHH DU LỊCH NHÀ HÀNG DIỄM PHƯỢNG"}},{"type":"Feature","geometry":{"type":"Point","coordinates":[106.128549279,10.270472696]},"properties":{"Mã số doanh nghiệp":"1300225503","Tên doanh nghiệp":"DOANH NGHIỆP TƯ NHÂN  THANH SỰ 6","Địa chỉ trụ sở chính":" ấp An Bình B, xã Chợ Lách","Người đại diện theo pháp luật":null,"Chủ sở hữu":"NGUYỄN THỊ THANH SỰ","layer_id":288,"fid":977,"label":"DOANH NGHIỆP TƯ NHÂN  THANH SỰ 6"}},{"type":"Feature","geometry":{"type":"Point","coordinates":[106.285813223,10.097317531]},"properties":{"Mã số doanh nghiệp":"1300280624","Tên doanh nghiệp":"CÔNG TY TNHH XĂNG DẦU QUANG PHÚ","Địa chỉ trụ sở chính":"Số 09, ấp An Thiện, Xã Thành Thới","Người đại diện theo pháp luật":"LÝ THIÊN PHÚ","Chủ sở hữu":"LÝ THIÊN PHÚ","layer_id":288,"fid":978,"label":"CÔNG TY TNHH XĂNG DẦU QUANG PHÚ"}},{"type":"Feature","geometry":{"type":"Point","coordinates":[106.695006152,10.178975069]},"properties":{"Mã số doanh nghiệp":"1300991226","Tên doanh nghiệp":"CÔNG TY TNHH MỘT THÀNH VIÊN SẮC THÁI","Địa chỉ trụ sở chính":"Số 217, Khu Phố 2, xã Bình Đại","Người đại diện theo pháp luật":"NGUYỄN THÁI CƯỜNG","Chủ sở hữu":"NGUYỄN THÁI CƯỜNG","layer_id":288,"fid":1511,"label":"CÔNG TY TNHH MỘT THÀNH VIÊN SẮC THÁI"}},{"type":"Feature","geometry":{"type":"Point","coordinates":[106.325365845,10.117485976]},"properties":{"Mã số doanh nghiệp":"1301051715","Tên doanh nghiệp":"CÔNG TY TNHH MỘT THÀNH VIÊN XĂNG DẦU TRẦN SƠN","Địa chỉ trụ sở chính":"ấp An Bình, Xã Mỏ Cày ","Người đại diện theo pháp luật":"TRẦN MINH SƠN","Chủ sở hữu":"TRẦN MINH SƠN","layer_id":288,"fid":979,"label":"CÔNG TY TNHH MỘT THÀNH VIÊN XĂNG DẦU TRẦN SƠN"}},{"type":"Feature","geometry":{"type":"Point","coordinates":[106.294229365,10.095811621]},"properties":{"Mã số doanh nghiệp":"1300304427","Tên doanh nghiệp":"CÔNG TY TNHH XĂNG DẦU CAO DUY","Địa chỉ trụ sở chính":"03/4C, ấp An Lộc Giồng, Xã Mỏ Cày","Người đại diện theo pháp luật":"PHẠM THẾ NGHIỆP","Chủ sở hữu":"PHẠM THẾ NGHIỆP","layer_id":288,"fid":980,"label":"CÔNG TY TNHH XĂNG DẦU CAO DUY"}},{"type":"Feature","geometry":{"type":"Point","coordinates":[106.596720223,10.044834871]},"properties":{"Mã số doanh nghiệp":"1300470537","Tên doanh nghiệp":"CÔNG TY TNHH MỘT THÀNH VIÊN NHÀ HÀNG HOÀNG PHƯƠNG ANH","Địa chỉ trụ sở chính":"Số 32, Khu phố 5, xã Ba Tri","Người đại diện theo pháp luật":"TRẦN THỊ BÌNH","Chủ sở hữu":"TRẦN THỊ BÌNH","layer_id":288,"fid":1512,"label":"CÔNG TY TNHH MỘT THÀNH VIÊN NHÀ HÀNG HOÀNG PHƯƠNG ANH"}},{"type":"Feature","geometry":{"type":"Point","coordinates":[106.591476155,10.106927027]},"properties":{"Mã số doanh nghiệp":"1301035304","Tên doanh nghiệp":"CÔNG TY TNHH HAPPY GARDEN","Địa chỉ trụ sở chính":"Số 30, đường 19/5, khu phố 5, xã Ba Tri","Người đại diện theo pháp luật":"NGUYỄN THÀNH TRUNG","Chủ sở hữu":null,"layer_id":288,"fid":1513,"label":"CÔNG TY TNHH HAPPY GARDEN"}},{"type":"Feature","geometry":{"type":"Point","coordinates":[106.352653351,10.141048267]},"properties":{"Mã số doanh nghiệp":"1300588585","Tên doanh nghiệp":"CÔNG TY TNHH THƯƠNG MẠI XĂNG DẦU THANH NAM","Địa chỉ trụ sở chính":"Ấp Phú Lộc Hạ 1, Xã An Định","Người đại diện theo pháp luật":"HUỲNH THỊ LOAN THẢO","Chủ sở hữu":"HUỲNH THỊ LOAN THẢO","layer_id":288,"fid":981,"label":"CÔNG TY TNHH THƯƠNG MẠI XĂNG DẦU THANH NAM"}},{"type":"Feature","geometry":{"type":"Point","coordinates":[106.28396295,10.174854945]},"properties":{"Mã số doanh nghiệp":"1300633083","Tên doanh nghiệp":"DOANH NGHIỆP TƯ NHÂN XĂNG DẦU THANH LIÊM","Địa chỉ trụ sở chính":"Ấp Vĩnh Trị, Xã Nhuận Phú Tân","Người đại diện theo pháp luật":null,"Chủ sở hữu":"NGUYỄN THỊ KIM HƯƠNG","layer_id":288,"fid":982,"label":"DOANH NGHIỆP TƯ NHÂN XĂNG DẦU THANH LIÊM"}},{"type":"Feature","geometry":{"type":"Point","coordinates":[106.338218994,9.934846617]},"properties":{"Mã số doanh nghiệp":"2100442566","Tên doanh nghiệp":"CÔNG TY TNHH MỘT THÀNH VIÊN ĐÔNG DANH","Địa chỉ trụ sở chính":"Số 80 Trần Phú, Khóm 5, Phường Trà Vinh","Người đại diện theo pháp luật":"ĐOÀN MỸ VÂN","Chủ sở hữu":"ĐOÀN MỸ VÂN","layer_id":288,"fid":1514,"label":"CÔNG TY TNHH MỘT THÀNH VIÊN ĐÔNG DANH"}},{"type":"Feature","geometry":{"type":"Point","coordinates":[106.256445424,10.180286253]},"properties":{"Mã số doanh nghiệp":"1300305928","Tên doanh nghiệp":"DOANH NGHIỆP TƯ NHÂN PHÚ HUY","Địa chỉ trụ sở chính":"Số 246, ấp Giồng Giữa, Xã Nhuận Phú Tân","Người đại diện theo pháp luật":null,"Chủ sở hữu":"VÕ VĂN THANH TÙNG","layer_id":288,"fid":983,"label":"DOANH NGHIỆP TƯ NHÂN PHÚ HUY"}},{"type":"Feature","geometry":{"type":"Point","coordinates":[106.336994786,10.216966879]},"properties":{"Mã số doanh nghiệp":"1300123413","Tên doanh nghiệp":"DOANH NGHIỆP TƯ NHÂN  6 HỮU","Địa chỉ trụ sở chính":"Số 23, Ấp Thanh Sơn 2, phường Bến Tre","Người đại diện theo pháp luật":null,"Chủ sở hữu":"LÊ THỊ KIM TRANG","layer_id":288,"fid":984,"label":"DOANH NGHIỆP TƯ NHÂN  6 HỮU"}},{"type":"Feature","geometry":{"type":"Point","coordinates":[106.343353665,9.917981797]},"properties":{"Mã số doanh nghiệp":"2100608363","Tên doanh nghiệp":"DOANH NGHIỆP TƯ NHÂN ẨM THỰC THANH NHÀN","Địa chỉ trụ sở chính":"Số 134, Đồng Khởi, Khóm 9, Phường Trà Vinh","Người đại diện theo pháp luật":null,"Chủ sở hữu":"LÂM THANH NHÀN","layer_id":288,"fid":1515,"label":"DOANH NGHIỆP TƯ NHÂN ẨM THỰC THANH NHÀN"}},{"type":"Feature","geometry":{"type":"Point","coordinates":[106.344005733,9.999752058]},"properties":{"Mã số doanh nghiệp":"2100165619","Tên doanh nghiệp":"DOANH NGHIỆP TƯ NHÂN UYÊN ƯƠNG","Địa chỉ trụ sở chính":null,"Người đại diện theo pháp luật":null,"Chủ sở hữu":"LAI TƯỜNG DUY","layer_id":288,"fid":1516,"label":"DOANH NGHIỆP TƯ NHÂN UYÊN ƯƠNG"}},{"type":"Feature","geometry":{"type":"Point","coordinates":[106.331901407,10.186888936]},"properties":{"Mã số doanh nghiệp":"1300501383","Tên doanh nghiệp":"CÔNG TY TRÁCH NHIỆM HỮU HẠN XĂNG DẦU HOA MAI","Địa chỉ trụ sở chính":" Ấp Tân Long 1, Xã Tân Thành Bình","Người đại diện theo pháp luật":"HUỲNH PHƯỚC TIÊN","Chủ sở hữu":"HUỲNH PHƯỚC TIÊN","layer_id":288,"fid":985,"label":"CÔNG TY TRÁCH NHIỆM HỮU HẠN XĂNG DẦU HOA MAI"}},{"type":"Feature","geometry":{"type":"Point","coordinates":[106.455697096,10.209587027]},"properties":{"Mã số doanh nghiệp":"1301038048","Tên doanh nghiệp":"CÔNG TY TRÁCH NHIỆM HỮU HẠN XĂNG DẦU ÚT CHIẾN","Địa chỉ trụ sở chính":"ấp 5, Xã Phước Long","Người đại diện theo pháp luật":"NGUYỄN THỊ MINH THƯ","Chủ sở hữu":"NGUYỄN THỊ MINH THƯ","layer_id":288,"fid":986,"label":"CÔNG TY TRÁCH NHIỆM HỮU HẠN XĂNG DẦU ÚT CHIẾN"}},{"type":"Feature","geometry":{"type":"Point","coordinates":[105.985481065,10.234219669]},"properties":{"Mã số doanh nghiệp":"1501071596","Tên doanh nghiệp":"CÔNG TY TNHH MTV ĐỨC PHÁT HOÀNG GIA","Địa chỉ trụ sở chính":"Số 68/8D đường Phạm Thái Bường, Phường Phước Hậu","Người đại diện theo pháp luật":"TRẦN MINH ĐỨC","Chủ sở hữu":"TRẦN MINH ĐỨC","layer_id":288,"fid":1517,"label":"CÔNG TY TNHH MTV ĐỨC PHÁT HOÀNG GIA"}},{"type":"Feature","geometry":{"type":"Point","coordinates":[106.477643893,10.270421529]},"properties":{"Mã số doanh nghiệp":"1300441007","Tên doanh nghiệp":"CÔNG TY TNHH  MỘT THÀNH VIÊN VẬN TẢI - XĂNG DẦU THÀNH ĐẠT","Địa chỉ trụ sở chính":"ấp Phú Thuận, Xã Châu Hòa","Người đại diện theo pháp luật":"TRẦN NGUYỄN KHẮC DUY","Chủ sở hữu":"TRẦN NGUYỄN KHẮC DUY","layer_id":288,"fid":987,"label":"CÔNG TY TNHH  MỘT THÀNH VIÊN VẬN TẢI - XĂNG DẦU THÀNH ĐẠT"}},{"type":"Feature","geometry":{"type":"Point","coordinates":[106.470686347,10.205945179]},"properties":{"Mã số doanh nghiệp":"1300331131","Tên doanh nghiệp":"DOANH NGHIỆP TƯ NHÂN  CHUNG TẤN CƯỜNG","Địa chỉ trụ sở chính":"Ấp 13, Xã Tân Hào","Người đại diện theo pháp luật":null,"Chủ sở hữu":"VÕ THỊ PHƯỢNG","layer_id":288,"fid":988,"label":"DOANH NGHIỆP TƯ NHÂN  CHUNG TẤN CƯỜNG"}},{"type":"Feature","geometry":{"type":"Point","coordinates":[106.356364315,10.241209871]},"properties":{"Mã số doanh nghiệp":"1301047941","Tên doanh nghiệp":"CÔNG TY TNHH MỘT THÀNH VIÊN DỊCH VỤ ĂN UỐNG GIẢI KHÁT LÀNG CHÀI","Địa chỉ trụ sở chính":"Khu phố Bình Thành, Phường Bến Tre","Người đại diện theo pháp luật":"VÕ VĂN TÂM","Chủ sở hữu":"VÕ VĂN TÂM","layer_id":288,"fid":1518,"label":"CÔNG TY TNHH MỘT THÀNH VIÊN DỊCH VỤ ĂN UỐNG GIẢI KHÁT LÀNG CHÀI"}},{"type":"Feature","geometry":{"type":"Point","coordinates":[106.461098965,10.136384024]},"properties":{"Mã số doanh nghiệp":"1300359218","Tên doanh nghiệp":"DOANH NGHIỆP TƯ NHÂN  MAI HƯƠNG","Địa chỉ trụ sở chính":"ấp 4, Xã Tân Hào","Người đại diện theo pháp luật":null,"Chủ sở hữu":"PHẠM THỊ MAI","layer_id":288,"fid":989,"label":"DOANH NGHIỆP TƯ NHÂN  MAI HƯƠNG"}},{"type":"Feature","geometry":{"type":"Point","coordinates":[106.582198881,10.220315406]},"properties":{"Mã số doanh nghiệp":"1300385137","Tên doanh nghiệp":"DOANH NGHIỆP TƯ NHÂN TÁM NĂNG","Địa chỉ trụ sở chính":"Ấp 8, Xã Lộc Thuận","Người đại diện theo pháp luật":null,"Chủ sở hữu":"NGUYỄN THANH TUYỀN","layer_id":288,"fid":993,"label":"DOANH NGHIỆP TƯ NHÂN TÁM NĂNG"}},{"type":"Feature","geometry":{"type":"Point","coordinates":[106.425125582,10.254355178]},"properties":{"Mã số doanh nghiệp":"1300381968","Tên doanh nghiệp":"DOANH NGHIỆP TƯ NHÂN PHƯỚC VINH","Địa chỉ trụ sở chính":"ấp Nghĩa Huấn, Xã Lương Phú ","Người đại diện theo pháp luật":null,"Chủ sở hữu":"NGUYỄN THỊ HẾT","layer_id":288,"fid":990,"label":"DOANH NGHIỆP TƯ NHÂN PHƯỚC VINH"}},{"type":"Feature","geometry":{"type":"Point","coordinates":[106.339657196,9.971751344]},"properties":{"Mã số doanh nghiệp":"2100638181","Tên doanh nghiệp":"CÔNG TY TRÁCH NHIỆM HỮU HẠN ẨM THỰC CÂY DỪA","Địa chỉ trụ sở chính":"Số 2/77, Phạm Ngũ Lão, Phường Trà Vinh","Người đại diện theo pháp luật":"NGUYỄN THỊ CẨM GIANG","Chủ sở hữu":null,"layer_id":288,"fid":1519,"label":"CÔNG TY TRÁCH NHIỆM HỮU HẠN ẨM THỰC CÂY DỪA"}},{"type":"Feature","geometry":{"type":"Point","coordinates":[106.471804559,10.261801171]},"properties":{"Mã số doanh nghiệp":"1300648241","Tên doanh nghiệp":"DOANH NGHIỆP TƯ NHÂN XĂNG DẦU 10 THẮNG","Địa chỉ trụ sở chính":"Phong Phú, Xã Lương Hòa","Người đại diện theo pháp luật":null,"Chủ sở hữu":"VÕ VĂN THẮNG","layer_id":288,"fid":991,"label":"DOANH NGHIỆP TƯ NHÂN XĂNG DẦU 10 THẮNG"}},{"type":"Feature","geometry":{"type":"Point","coordinates":[106.443695194,10.247928117]},"properties":{"Mã số doanh nghiệp":"1300984405","Tên doanh nghiệp":"CÔNG TY TNHH MỘT THÀNH VIÊN XĂNG DẦU PHẠM GIA","Địa chỉ trụ sở chính":"Ấp 2, Xã Lương Hòa","Người đại diện theo pháp luật":"PHẠM TẤN KHIÊM","Chủ sở hữu":"PHẠM TẤN KHIÊM","layer_id":288,"fid":992,"label":"CÔNG TY TNHH MỘT THÀNH VIÊN XĂNG DẦU PHẠM GIA"}},{"type":"Feature","geometry":{"type":"Point","coordinates":[106.344778512,9.951458262]},"properties":{"Mã số doanh nghiệp":"2100531368","Tên doanh nghiệp":"CÔNG TY TNHH NHÀ HÀNG MỸ KHÁNH","Địa chỉ trụ sở chính":"Đường Đồng Khởi, Khóm 2, Phường Trà Vinh","Người đại diện theo pháp luật":"LÝ THỊ MỸ KHÁNH","Chủ sở hữu":"LÝ THỊ MỸ KHÁNH   ","layer_id":288,"fid":1520,"label":"CÔNG TY TNHH NHÀ HÀNG MỸ KHÁNH"}},{"type":"Feature","geometry":{"type":"Point","coordinates":[106.593087788,10.218561041]},"properties":{"Mã số doanh nghiệp":"1300660633","Tên doanh nghiệp":"DOANH NGHIỆP TƯ NHÂN XĂNG DẦU MƯỜI DIỆP","Địa chỉ trụ sở chính":"Ấp Vinh Hội, Xã Lộc Thuận","Người đại diện theo pháp luật":null,"Chủ sở hữu":"ĐỖ VĂN DIỆP","layer_id":288,"fid":995,"label":"DOANH NGHIỆP TƯ NHÂN XĂNG DẦU MƯỜI DIỆP"}},{"type":"Feature","geometry":{"type":"Point","coordinates":[106.727193236,10.162973647]},"properties":{"Mã số doanh nghiệp":"1301011381","Tên doanh nghiệp":"CÔNG TY TNHH CHIẾN PHƯỚC HUỆ","Địa chỉ trụ sở chính":"Số 60, Tổ 11, ấp Thới Lợi 2, Xã Thới Thuận","Người đại diện theo pháp luật":"BÙI VĂN CHIẾN","Chủ sở hữu":"BÙI VĂN CHIẾN","layer_id":288,"fid":996,"label":"CÔNG TY TNHH CHIẾN PHƯỚC HUỆ"}},{"type":"Feature","geometry":{"type":"Point","coordinates":[106.478726314,10.253260596]},"properties":{"Mã số doanh nghiệp":"1300378027","Tên doanh nghiệp":"DOANH NGHIỆP TƯ NHÂN   MINH THUẬN PHÁT","Địa chỉ trụ sở chính":"ấp Hưng Thạnh, Xã Châu Hưng","Người đại diện theo pháp luật":null,"Chủ sở hữu":"LÊ VĨNH QUÝ","layer_id":288,"fid":994,"label":"DOANH NGHIỆP TƯ NHÂN   MINH THUẬN PHÁT"}},{"type":"Feature","geometry":{"type":"Point","coordinates":[106.585671269,10.197585163]},"properties":{"Mã số doanh nghiệp":"1300629672","Tên doanh nghiệp":"DOANH NGHIỆP TƯ NHÂN  PHƯƠNG GIANG","Địa chỉ trụ sở chính":"Số 184/TP, ấp Tân Phú, Xã Mỹ Chánh Hòa","Người đại diện theo pháp luật":null,"Chủ sở hữu":"NGUYỄN VĂN REN","layer_id":288,"fid":997,"label":"DOANH NGHIỆP TƯ NHÂN  PHƯƠNG GIANG"}},{"type":"Feature","geometry":{"type":"Point","coordinates":[106.582319359,10.117741315]},"properties":{"Mã số doanh nghiệp":"1300345416","Tên doanh nghiệp":"DOANH NGHIỆP TƯ NHÂN CƯỜNG KHA","Địa chỉ trụ sở chính":"Số 191/CD ấp Cây Dầu, Xã Mỹ Chánh Hòa","Người đại diện theo pháp luật":null,"Chủ sở hữu":"NGUYỄN HÙNG CƯỜNG","layer_id":288,"fid":998,"label":"DOANH NGHIỆP TƯ NHÂN CƯỜNG KHA"}},{"type":"Feature","geometry":{"type":"Point","coordinates":[106.560266236,10.038171047]},"properties":{"Mã số doanh nghiệp":"1301015523","Tên doanh nghiệp":"CÔNG TY TNHH THƯƠNG MẠI XĂNG DẦU THIÊN TRỢ","Địa chỉ trụ sở chính":"ấp Giồng Gạch, Xã An Hiệp","Người đại diện theo pháp luật":"TRẦN VĂN NGÀ","Chủ sở hữu":"TRẦN VĂN NGÀ","layer_id":288,"fid":999,"label":"CÔNG TY TNHH THƯƠNG MẠI XĂNG DẦU THIÊN TRỢ"}},{"type":"Feature","geometry":{"type":"Point","coordinates":[106.623037146,10.129604064]},"properties":{"Mã số doanh nghiệp":"1300335707","Tên doanh nghiệp":"DOANH NGHIỆP TƯ NHÂN XĂNG DẦU NGỌC SƠN","Địa chỉ trụ sở chính":"Số 119, ấp Tân Thanh 3, Xã Tân Xuân","Người đại diện theo pháp luật":null,"Chủ sở hữu":"TRẦN VĂN TRUNG","layer_id":288,"fid":1000,"label":"DOANH NGHIỆP TƯ NHÂN XĂNG DẦU NGỌC SƠN"}},{"type":"Feature","geometry":{"type":"Point","coordinates":[106.593871122,10.084805493]},"properties":{"Mã số doanh nghiệp":"1300238372","Tên doanh nghiệp":"DOANH NGHIỆP TƯ NHÂN HOÀN TẤN PHÁT","Địa chỉ trụ sở chính":"Ấp An Phú, Xã Ba Tri","Người đại diện theo pháp luật":null,"Chủ sở hữu":"PHẠM VĂN BÉ","layer_id":288,"fid":1001,"label":"DOANH NGHIỆP TƯ NHÂN HOÀN TẤN PHÁT"}},{"type":"Feature","geometry":{"type":"Point","coordinates":[106.519860648,10.062587108]},"properties":{"Mã số doanh nghiệp":"1300394212","Tên doanh nghiệp":"DOANH NGHIỆP TƯ NHÂN  TRẦN MINH HOÀNG","Địa chỉ trụ sở chính":"140/AH, ấp An Hòa, Xã An Hiệp","Người đại diện theo pháp luật":null,"Chủ sở hữu":"TRẦN THANH BÌNH","layer_id":288,"fid":1002,"label":"DOANH NGHIỆP TƯ NHÂN  TRẦN MINH HOÀNG"}},{"type":"Feature","geometry":{"type":"Point","coordinates":[106.627877025,10.012267651]},"properties":{"Mã số doanh nghiệp":"1300995051","Tên doanh nghiệp":"DOANH NGHIỆP TƯ NHÂN THƯƠNG MẠI XĂNG DẦU TẤN ĐẠT","Địa chỉ trụ sở chính":"Khu phố An Bình, xã Tân thủy","Người đại diện theo pháp luật":null,"Chủ sở hữu":"NGUYỄN THỊ THU","layer_id":288,"fid":1003,"label":"DOANH NGHIỆP TƯ NHÂN THƯƠNG MẠI XĂNG DẦU TẤN ĐẠT"}},{"type":"Feature","geometry":{"type":"Point","coordinates":[106.657226394,10.096623569]},"properties":{"Mã số doanh nghiệp":"1300927132","Tên doanh nghiệp":"DOANH NGHIỆP TƯ NHÂN XĂNG DẦU QUỐC THANH PHƯƠNG","Địa chỉ trụ sở chính":"Ấp 5, Xã Bảo Thạnh","Người đại diện theo pháp luật":null,"Chủ sở hữu":"NGUYỄN QUỐC THANH","layer_id":288,"fid":1004,"label":"DOANH NGHIỆP TƯ NHÂN XĂNG DẦU QUỐC THANH PHƯƠNG"}},{"type":"Feature","geometry":{"type":"Point","coordinates":[106.617957939,10.190822595]},"properties":{"Mã số doanh nghiệp":"1300407831","Tên doanh nghiệp":"DOANH NGHIỆP TƯ NHÂN  MINH CẢNH","Địa chỉ trụ sở chính":"Ấp Tân Thị, Xã Tân Xuân","Người đại diện theo pháp luật":null,"Chủ sở hữu":"BÙI VĂN TIẾN","layer_id":288,"fid":1005,"label":"DOANH NGHIỆP TƯ NHÂN  MINH CẢNH"}},{"type":"Feature","geometry":{"type":"Point","coordinates":[106.540876777,10.157636446]},"properties":{"Mã số doanh nghiệp":"1301046088","Tên doanh nghiệp":"DOANH NGHIỆP TƯ NHÂN XĂNG DẦU KHÁNH TUYỀN","Địa chỉ trụ sở chính":"ấp An Hòa, Xã An Phú Trung","Người đại diện theo pháp luật":null,"Chủ sở hữu":"NGUYỄN DUY KHÁNH","layer_id":288,"fid":1006,"label":"DOANH NGHIỆP TƯ NHÂN XĂNG DẦU KHÁNH TUYỀN"}},{"type":"Feature","geometry":{"type":"Point","coordinates":[106.625994989,10.061622107]},"properties":{"Mã số doanh nghiệp":"1301055607","Tên doanh nghiệp":"CÔNG TY TNHH MỘT THÀNH VIÊN XĂNG DẦU PHAN NHẬT MINH","Địa chỉ trụ sở chính":"357/ATH, Khu phố An Thạnh, xã Anh Thủy","Người đại diện theo pháp luật":"NGUYỄN THỊ BÍCH TUYỀN","Chủ sở hữu":"NGUYỄN THỊ BÍCH TUYỀN","layer_id":288,"fid":1007,"label":"CÔNG TY TNHH MỘT THÀNH VIÊN XĂNG DẦU PHAN NHẬT MINH"}},{"type":"Feature","geometry":{"type":"Point","coordinates":[106.538699879,10.072180287]},"properties":{"Mã số doanh nghiệp":"1301054875","Tên doanh nghiệp":"CÔNG TY TRÁCH NHIỆM HỮU HẠN MỘT THÀNH VIÊN XĂNG DẦU DUY BÌNH","Địa chỉ trụ sở chính":"ấp 2, Xã An Ngãi Trung","Người đại diện theo pháp luật":"LÊ DUY BÌNH","Chủ sở hữu":"LÊ DUY BÌNH","layer_id":288,"fid":1008,"label":"CÔNG TY TRÁCH NHIỆM HỮU HẠN MỘT THÀNH VIÊN XĂNG DẦU DUY BÌNH"}},{"type":"Feature","geometry":{"type":"Point","coordinates":[106.589038091,10.067054398]},"properties":{"Mã số doanh nghiệp":"1301055445","Tên doanh nghiệp":"CÔNG TY TRÁCH NHIỆM HỮU HẠN THƯƠNG MẠI - DỊCH VỤ XĂNG DẦU HÀ PHƯƠNG","Địa chỉ trụ sở chính":"Ấp An Phú, Xã Ba Tri ","Người đại diện theo pháp luật":"HỒ VĂN PHƯƠNG","Chủ sở hữu":"HỒ VĂN PHƯƠNG","layer_id":288,"fid":1009,"label":"CÔNG TY TRÁCH NHIỆM HỮU HẠN THƯƠNG MẠI - DỊCH VỤ XĂNG DẦU HÀ PHƯƠNG"}},{"type":"Feature","geometry":{"type":"Point","coordinates":[106.622462027,10.120814491]},"properties":{"Mã số doanh nghiệp":"1301055156","Tên doanh nghiệp":"DOANH NGHIỆP TƯ NHÂN XĂNG DẦU NHẬT THIỆN","Địa chỉ trụ sở chính":"Số 060/PT, ấp Phú Thạnh, Xã Tân Xuân","Người đại diện theo pháp luật":null,"Chủ sở hữu":"PHẠM THỊ KIM ANH","layer_id":288,"fid":1010,"label":"DOANH NGHIỆP TƯ NHÂN XĂNG DẦU NHẬT THIỆN"}},{"type":"Feature","geometry":{"type":"Point","coordinates":[106.610901365,10.056678254]},"properties":{"Mã số doanh nghiệp":"1300355407","Tên doanh nghiệp":"DOANH NGHIỆP TƯ NHÂN BÙI TẤN PHÁT","Địa chỉ trụ sở chính":"397/AH, ấp An Hội, xã Ba Tri","Người đại diện theo pháp luật":null,"Chủ sở hữu":"BÙI KIM KHÁNH","layer_id":288,"fid":1011,"label":"DOANH NGHIỆP TƯ NHÂN BÙI TẤN PHÁT"}},{"type":"Feature","geometry":{"type":"Point","coordinates":[106.476828208,9.982708351]},"properties":{"Mã số doanh nghiệp":"1300414797","Tên doanh nghiệp":"DOANH NGHIỆP TƯ NHÂN  XĂNG DẦU VĨNH PHÁT","Địa chỉ trụ sở chính":"45/3,ấp Quí Đức, Xã Quới Điền","Người đại diện theo pháp luật":null,"Chủ sở hữu":"NGUYỄN TẤN PHONG","layer_id":288,"fid":1012,"label":"DOANH NGHIỆP TƯ NHÂN  XĂNG DẦU VĨNH PHÁT"}},{"type":"Feature","geometry":{"type":"Point","coordinates":[106.54043029,10.037970054]},"properties":{"Mã số doanh nghiệp":"1301025169","Tên doanh nghiệp":"DOANH NGHIỆP TƯ NHÂN XĂNG DẦU TRÚC QUÂN","Địa chỉ trụ sở chính":"ấp An Hòa, Xã Thạnh Phú","Người đại diện theo pháp luật":null,"Chủ sở hữu":"LÊ THANH TRÚC","layer_id":288,"fid":1013,"label":"DOANH NGHIỆP TƯ NHÂN XĂNG DẦU TRÚC QUÂN"}},{"type":"Feature","geometry":{"type":"Point","coordinates":[106.554111487,9.964976119]},"properties":{"Mã số doanh nghiệp":"1300188869","Tên doanh nghiệp":"CÔNG TY TNHH THƯƠNG MẠI THUẬN HUY","Địa chỉ trụ sở chính":"ấp An Bình , Xã An Qui","Người đại diện theo pháp luật":"LÊ THỊ ÚT","Chủ sở hữu":"LÊ THỊ ÚT","layer_id":288,"fid":1014,"label":"CÔNG TY TNHH THƯƠNG MẠI THUẬN HUY"}},{"type":"Feature","geometry":{"type":"Point","coordinates":[106.65821527,9.925668729]},"properties":{"Mã số doanh nghiệp":"1301033804","Tên doanh nghiệp":"DOANH NGHIỆP TƯ NHÂN XĂNG DẦU GIA KIỆT","Địa chỉ trụ sở chính":"ấp Thạnh Thới Đông, Xã Thạnh Hải","Người đại diện theo pháp luật":null,"Chủ sở hữu":"BÙI VĂN HIỆP","layer_id":288,"fid":1015,"label":"DOANH NGHIỆP TƯ NHÂN XĂNG DẦU GIA KIỆT"}},{"type":"Feature","geometry":{"type":"Point","coordinates":[106.530933552,9.924939692]},"properties":{"Mã số doanh nghiệp":"1301048102","Tên doanh nghiệp":"DOANH NGHIỆP TƯ NHÂN XĂNG DẦU THỊNH HƯNG AN THUẬN","Địa chỉ trụ sở chính":"ấp An Hội A, Xã An Qui","Người đại diện theo pháp luật":null,"Chủ sở hữu":"NGUYỄN CÔNG HƯNG","layer_id":288,"fid":1016,"label":"DOANH NGHIỆP TƯ NHÂN XĂNG DẦU THỊNH HƯNG AN THUẬN"}},{"type":"Feature","geometry":{"type":"Point","coordinates":[106.459379494,9.994625943]},"properties":{"Mã số doanh nghiệp":"1300826399","Tên doanh nghiệp":"DOANH NGHIỆP TƯ NHÂN XĂNG DẦU TỐ NHƯ","Địa chỉ trụ sở chính":"ấp Quí Đức A, Xã Quới Điền","Người đại diện theo pháp luật":null,"Chủ sở hữu":"HUỲNH THỊ TỐ NHƯ","layer_id":288,"fid":1017,"label":"DOANH NGHIỆP TƯ NHÂN XĂNG DẦU TỐ NHƯ"}},{"type":"Feature","geometry":{"type":"Point","coordinates":[106.499203523,10.036048374]},"properties":{"Mã số doanh nghiệp":"1300426150","Tên doanh nghiệp":"DOANH NGHIỆP TƯ NHÂN  THIÊN PHÚC","Địa chỉ trụ sở chính":"Số  4/3, Ấp Thạnh Khương B, Xã Quới Điền","Người đại diện theo pháp luật":null,"Chủ sở hữu":"BÙI THỊ HOÀNG PHƯỢNG","layer_id":288,"fid":1018,"label":"DOANH NGHIỆP TƯ NHÂN  THIÊN PHÚC"}},{"type":"Feature","geometry":{"type":"Point","coordinates":[106.336144175,9.981260114]},"properties":{"Mã số doanh nghiệp":"2100619284","Tên doanh nghiệp":"CÔNG TY TNHH MTV XĂNG DẦU ĐỒNG THANH","Địa chỉ trụ sở chính":"Đường tỉnh 915B, Ấp Sa Bình, Phường Long Đức","Người đại diện theo pháp luật":"NGUYỄN CÔNG THIỆP","Chủ sở hữu":"NGUYỄN CÔNG THIỆP","layer_id":288,"fid":1019,"label":"CÔNG TY TNHH MTV XĂNG DẦU ĐỒNG THANH"}},{"type":"Feature","geometry":{"type":"Point","coordinates":[106.34130933,9.921740976]},"properties":{"Mã số doanh nghiệp":"2100105916","Tên doanh nghiệp":"DOANH NGHIỆP TƯ NHÂN HUỲNH THỊ MUỐI","Địa chỉ trụ sở chính":"103 Nguyễn Chí Thanh, Khóm 8, Phường Trà Vinh","Người đại diện theo pháp luật":null,"Chủ sở hữu":"LƯƠNG HUY HÙNG","layer_id":288,"fid":1020,"label":"DOANH NGHIỆP TƯ NHÂN HUỲNH THỊ MUỐI"}},{"type":"Feature","geometry":{"type":"Point","coordinates":[106.340057765,9.946653112]},"properties":{"Mã số doanh nghiệp":"2100178689","Tên doanh nghiệp":"CÔNG TY TNHH MỘT THÀNH VIÊN BỘI NGỌC","Địa chỉ trụ sở chính":"ố 238, Phạm Ngũ Lão, khóm 4, Phường Trà Vinh","Người đại diện theo pháp luật":"GIANG CHẤN TÂY","Chủ sở hữu":"GIANG CHẤN TÂY","layer_id":288,"fid":1021,"label":"CÔNG TY TNHH MỘT THÀNH VIÊN BỘI NGỌC"}},{"type":"Feature","geometry":{"type":"Point","coordinates":[106.341435817,9.923065932]},"properties":{"Mã số doanh nghiệp":"2100179682","Tên doanh nghiệp":"CÔNG TY TNHH MTV THƯƠNG MẠI DẦU KHÍ HOÀNG ĐÔNG","Địa chỉ trụ sở chính":"Số 164, Nguyễn Chí Thanh, Khóm 7, Phường Trà Vinh","Người đại diện theo pháp luật":"THÁI HOÀNG ĐÔNG","Chủ sở hữu":"THÁI HOÀNG ĐÔNG","layer_id":288,"fid":1022,"label":"CÔNG TY TNHH MTV THƯƠNG MẠI DẦU KHÍ HOÀNG ĐÔNG"}},{"type":"Feature","geometry":{"type":"Point","coordinates":[106.350894166,9.932941421]},"properties":{"Mã số doanh nghiệp":"2100340532","Tên doanh nghiệp":"DOANH NGHIỆP TƯ NHÂN TÂN TÂN","Địa chỉ trụ sở chính":"39 Nguyễn Thiện Thành, khóm 4, Phường Hòa Thuận","Người đại diện theo pháp luật":null,"Chủ sở hữu":"ĐOÀN VĂN ÁNH","layer_id":288,"fid":1023,"label":"DOANH NGHIỆP TƯ NHÂN TÂN TÂN"}},{"type":"Feature","geometry":{"type":"Point","coordinates":[106.338943694,9.924008298]},"properties":{"Mã số doanh nghiệp":"2100276421","Tên doanh nghiệp":"DOANH NGHIỆP TƯ NHÂN QUỐC BÌNH","Địa chỉ trụ sở chính":"Số 476 C, Nguyễn Đáng, khóm 3, Phường Trà Vinh","Người đại diện theo pháp luật":null,"Chủ sở hữu":"BÙI THU THỦY","layer_id":288,"fid":1024,"label":"DOANH NGHIỆP TƯ NHÂN QUỐC BÌNH"}},{"type":"Feature","geometry":{"type":"Point","coordinates":[106.314847699,9.925758643]},"properties":{"Mã số doanh nghiệp":"2100538437","Tên doanh nghiệp":"CÔNG TY TNHH MỘT THÀNH VIÊN GIANG CHẤN HƯNG","Địa chỉ trụ sở chính":"Số 365, Võ Văn Kiệt, Khóm 2, Phường Nguyệt Hóa","Người đại diện theo pháp luật":"NGUYỄN THỊ RIM","Chủ sở hữu":"NGUYỄN THỊ RIM","layer_id":288,"fid":1025,"label":"CÔNG TY TNHH MỘT THÀNH VIÊN GIANG CHẤN HƯNG"}},{"type":"Feature","geometry":{"type":"Point","coordinates":[106.343337457,9.901293174]},"properties":{"Mã số doanh nghiệp":"0313471416","Tên doanh nghiệp":"CÔNG TY TRÁCH NHIỆM HỮU HẠN MỘT THÀNH VIÊN XUẤT NHẬP KHẨU SẢN XUẤT THƯƠNG MẠI DẦU KHÍ PETROL LIFE","Địa chỉ trụ sở chính":"Khóm 23 phường Trà Vinh","Người đại diện theo pháp luật":"NGUYỄN NHẬT TRƯỜNG","Chủ sở hữu":null,"layer_id":288,"fid":1026,"label":"CÔNG TY TRÁCH NHIỆM HỮU HẠN MỘT THÀNH VIÊN XUẤT NHẬP KHẨU SẢN XUẤT THƯƠNG MẠI DẦU KHÍ PETROL LIFE"}},{"type":"Feature","geometry":{"type":"Point","coordinates":[106.348231365,9.926133091]},"properties":{"Mã số doanh nghiệp":"2100627912","Tên doanh nghiệp":"DOANH NGHIỆP TƯ NHÂN XĂNG DẦU PHƯƠNG HÀ","Địa chỉ trụ sở chính":"Khóm 4, Phường Hòa Thuận","Người đại diện theo pháp luật":null,"Chủ sở hữu":"NGUYỄN THỊ KIỀU CHINH","layer_id":288,"fid":1027,"label":"DOANH NGHIỆP TƯ NHÂN XĂNG DẦU PHƯƠNG HÀ"}},{"type":"Feature","geometry":{"type":"Point","coordinates":[106.169383291,10.03376741]},"properties":{"Mã số doanh nghiệp":"2100635060","Tên doanh nghiệp":"CÔNG TY TRÁCH NHIỆM HỮU HẠN MỘT THÀNH VIÊN DỊCH VỤ XĂNG DẦU THANH LẠC","Địa chỉ trụ sở chính":"ấp 4 xã Càng Long","Người đại diện theo pháp luật":"LÊ THANH LẠC","Chủ sở hữu":"LÊ THANH LẠC","layer_id":288,"fid":1028,"label":"CÔNG TY TRÁCH NHIỆM HỮU HẠN MỘT THÀNH VIÊN DỊCH VỤ XĂNG DẦU THANH LẠC"}},{"type":"Feature","geometry":{"type":"Point","coordinates":[106.153416745,9.922333994]},"properties":{"Mã số doanh nghiệp":"2100633779","Tên doanh nghiệp":"DOANH NGHIỆP TƯ NHÂN XĂNG DẦU THIỆN TÂM","Địa chỉ trụ sở chính":"Ấp Tân An Chợ, Xã Tân An","Người đại diện theo pháp luật":null,"Chủ sở hữu":"NGUYỄN THIỆN TÂM","layer_id":288,"fid":1029,"label":"DOANH NGHIỆP TƯ NHÂN XĂNG DẦU THIỆN TÂM"}},{"type":"Feature","geometry":{"type":"Point","coordinates":[106.113947889,9.953985965]},"properties":{"Mã số doanh nghiệp":"2100637741","Tên doanh nghiệp":"CÔNG TY TNHH XĂNG DẦU PHÚ VINH","Địa chỉ trụ sở chính":"Ấp Ninh Bình, Xã An Trường","Người đại diện theo pháp luật":"LÊ VĂN PHONG","Chủ sở hữu":"LÊ VĂN PHONG","layer_id":288,"fid":1030,"label":"CÔNG TY TNHH XĂNG DẦU PHÚ VINH"}},{"type":"Feature","geometry":{"type":"Point","coordinates":[106.299778694,9.907726911]},"properties":{"Mã số doanh nghiệp":"2100270733","Tên doanh nghiệp":"CÔNG TY TRÁCH NHIỆM HỮU HẠN  HOÀNG HIẾU","Địa chỉ trụ sở chính":"QL 60, Ấp Sâm Bua, Xã Sông Lộc","Người đại diện theo pháp luật":"CAO ANH LIỆT","Chủ sở hữu":null,"layer_id":288,"fid":1031,"label":"CÔNG TY TRÁCH NHIỆM HỮU HẠN  HOÀNG HIẾU"}},{"type":"Feature","geometry":{"type":"Point","coordinates":[106.348683694,9.864251135]},"properties":{"Mã số doanh nghiệp":"2100495374","Tên doanh nghiệp":"CÔNG TY TNHH THAN ĐA LỘC","Địa chỉ trụ sở chính":"p Hương Phụ A, Xã Châu Thành","Người đại diện theo pháp luật":"TRẦN CHÍ HIẾU","Chủ sở hữu":null,"layer_id":288,"fid":1032,"label":"CÔNG TY TNHH THAN ĐA LỘC"}},{"type":"Feature","geometry":{"type":"Point","coordinates":[106.364937469,9.87877507]},"properties":{"Mã số doanh nghiệp":"2100617287","Tên doanh nghiệp":"DOANH NGHIỆP TƯ NHÂN XĂNG DẦU MAI TRÂM","Địa chỉ trụ sở chính":"Ấp Bàu Sơn, Xã Châu Thành","Người đại diện theo pháp luật":null,"Chủ sở hữu":"ĐẶNG THỊ MAI TRÂM","layer_id":288,"fid":1033,"label":"DOANH NGHIỆP TƯ NHÂN XĂNG DẦU MAI TRÂM"}},{"type":"Feature","geometry":{"type":"Point","coordinates":[106.384761894,9.940613713]},"properties":{"Mã số doanh nghiệp":"2100623964","Tên doanh nghiệp":"CÔNG TY TNHH MỘT THÀNH VIÊN THƯƠNG MẠI DỊCH VỤ XĂNG DẦU HOÀNG QUÂN","Địa chỉ trụ sở chính":"ấp Rạch Giữa, Xã  Châu Thành","Người đại diện theo pháp luật":"ĐỒNG THỊ LŨY","Chủ sở hữu":"TRẦN VĂN THINH","layer_id":288,"fid":1034,"label":"CÔNG TY TNHH MỘT THÀNH VIÊN THƯƠNG MẠI DỊCH VỤ XĂNG DẦU HOÀNG QUÂN"}},{"type":"Feature","geometry":{"type":"Point","coordinates":[106.283418941,9.943330917]},"properties":{"Mã số doanh nghiệp":"2100181427","Tên doanh nghiệp":"DOANH NGHIỆP TƯ NHÂN THIÊN KIM","Địa chỉ trụ sở chính":"Ấp Bến Có, phường Nguyệt Hóa","Người đại diện theo pháp luật":null,"Chủ sở hữu":"HUỲNH THỊ THU TRANG","layer_id":288,"fid":1035,"label":"DOANH NGHIỆP TƯ NHÂN THIÊN KIM"}},{"type":"Feature","geometry":{"type":"Point","coordinates":[106.292322294,9.87207123]},"properties":{"Mã số doanh nghiệp":"2100637149","Tên doanh nghiệp":"CÔNG TY TNHH XĂNG DẦU QUỲNH NGHI","Địa chỉ trụ sở chính":"ấp Hòa Lạc C, Xã Sông Lộc","Người đại diện theo pháp luật":"HỨA ĐÔNG XUÂN","Chủ sở hữu":"HỨA ĐÔNG XUÂN","layer_id":288,"fid":1036,"label":"CÔNG TY TNHH XĂNG DẦU QUỲNH NGHI"}},{"type":"Feature","geometry":{"type":"Point","coordinates":[106.330560136,9.819566723]},"properties":{"Mã số doanh nghiệp":"2100636917","Tên doanh nghiệp":"CÔNG TY TNHH XĂNG DẦU ANH CƯỜNG","Địa chỉ trụ sở chính":"ấp Đầu Giồng B, Xã Châu Thành","Người đại diện theo pháp luật":"BÙI THỊ ANH","Chủ sở hữu":"BÙI THỊ ANH","layer_id":288,"fid":1037,"label":"CÔNG TY TNHH XĂNG DẦU ANH CƯỜNG"}},{"type":"Feature","geometry":{"type":"Point","coordinates":[106.084752304,9.91336984]},"properties":{"Mã số doanh nghiệp":"2100318417","Tên doanh nghiệp":"DOANH NGHIỆP TƯ NHÂN HỒNG PHẤN","Địa chỉ trụ sở chính":"Ấp Mỹ Văn, Xã Phong Thạnh","Người đại diện theo pháp luật":null,"Chủ sở hữu":"NGUYỄN THỊ KIM HẰNG","layer_id":288,"fid":1038,"label":"DOANH NGHIỆP TƯ NHÂN HỒNG PHẤN"}},{"type":"Feature","geometry":{"type":"Point","coordinates":[106.07932363,9.942576348]},"properties":{"Mã số doanh nghiệp":"2100151380","Tên doanh nghiệp":"DOANH NGHIỆP TƯ NHÂN THU HƯƠNG","Địa chỉ trụ sở chính":"Ấp II, Xã Phong Thạnh","Người đại diện theo pháp luật":null,"Chủ sở hữu":"THẠCH PA THIÊNE","layer_id":288,"fid":1039,"label":"DOANH NGHIỆP TƯ NHÂN THU HƯƠNG"}},{"type":"Feature","geometry":{"type":"Point","coordinates":[106.064502094,9.879677824]},"properties":{"Mã số doanh nghiệp":"2100337434","Tên doanh nghiệp":"DOANH NGHIỆP TƯ NHÂN XĂNG DẦU MINH TÂM HÒA ÂN","Địa chỉ trụ sở chính":"Ấp Giồng Lớn, Xã Cầu Kè,","Người đại diện theo pháp luật":null,"Chủ sở hữu":"TRỊNH THỊ TUYẾT MINH","layer_id":288,"fid":1040,"label":"DOANH NGHIỆP TƯ NHÂN XĂNG DẦU MINH TÂM HÒA ÂN"}},{"type":"Feature","geometry":{"type":"Point","coordinates":[106.133825102,9.950229924]},"properties":{"Mã số doanh nghiệp":"2100620579","Tên doanh nghiệp":"CÔNG TY TNHH XĂNG DẦU HỮU BÌNH 6","Địa chỉ trụ sở chính":"Ấp 4, Xã Tam Ngãi","Người đại diện theo pháp luật":"NGUYỄN HỒNG NGỌC","Chủ sở hữu":"NGUYỄN HỒNG NGỌC","layer_id":288,"fid":1041,"label":"CÔNG TY TNHH XĂNG DẦU HỮU BÌNH 6"}},{"type":"Feature","geometry":{"type":"Point","coordinates":[106.098113073,9.940440476]},"properties":{"Mã số doanh nghiệp":"2100611415","Tên doanh nghiệp":"DOANH NGHIỆP TƯ NHÂN DỊCH VỤ XĂNG DẦU VẠN TIẾP 6","Địa chỉ trụ sở chính":"Ấp Trà Ốt, Xã Tam Ngãi","Người đại diện theo pháp luật":null,"Chủ sở hữu":"LƯU VĂN ĐỨC","layer_id":288,"fid":1042,"label":"DOANH NGHIỆP TƯ NHÂN DỊCH VỤ XĂNG DẦU VẠN TIẾP 6"}},{"type":"Feature","geometry":{"type":"Point","coordinates":[106.054161297,9.895478216]},"properties":{"Mã số doanh nghiệp":"2100365921","Tên doanh nghiệp":"DOANH NGHIỆP TƯ NHÂN NĂM PHO","Địa chỉ trụ sở chính":"Khóm 6, xã Cầu Kè","Người đại diện theo pháp luật":null,"Chủ sở hữu":"KIM SA RY","layer_id":288,"fid":1043,"label":"DOANH NGHIỆP TƯ NHÂN NĂM PHO"}},{"type":"Feature","geometry":{"type":"Point","coordinates":[106.06099543,9.907401361]},"properties":{"Mã số doanh nghiệp":"2100436996","Tên doanh nghiệp":"DOANH NGHIỆP TƯ NHÂN PHƯỚC LONG","Địa chỉ trụ sở chính":"Khóm 2, xã Cầu Kè","Người đại diện theo pháp luật":null,"Chủ sở hữu":"VÕ THỊ SÁU","layer_id":288,"fid":1044,"label":"DOANH NGHIỆP TƯ NHÂN PHƯỚC LONG"}},{"type":"Feature","geometry":{"type":"Point","coordinates":[106.090309459,9.961938765]},"properties":{"Mã số doanh nghiệp":"2100623971","Tên doanh nghiệp":"CÔNG TY TNHH TM-DV XĂNG DẦU VẠN TIẾP","Địa chỉ trụ sở chính":"Ấp 1, Xã Tam Ngãi","Người đại diện theo pháp luật":"LÊ THỊ KIM QUYÊN ","Chủ sở hữu":"LÊ THỊ KIM QUYÊN ","layer_id":288,"fid":1045,"label":"CÔNG TY TNHH TM-DV XĂNG DẦU VẠN TIẾP"}},{"type":"Feature","geometry":{"type":"Point","coordinates":[106.260492994,9.685454761]},"properties":{"Mã số doanh nghiệp":"2100598073","Tên doanh nghiệp":"DOANH NGHIỆP TƯ NHÂN VÀNG BẠC TƯ CÓ","Địa chỉ trụ sở chính":"Số 286 đường 3-2, khóm 3, xã Trà Cú","Người đại diện theo pháp luật":null,"Chủ sở hữu":"NGUYỄN THỊ BẠC","layer_id":288,"fid":1046,"label":"DOANH NGHIỆP TƯ NHÂN VÀNG BẠC TƯ CÓ"}},{"type":"Feature","geometry":{"type":"Point","coordinates":[106.381208136,9.656966427]},"properties":{"Mã số doanh nghiệp":"2100526248","Tên doanh nghiệp":"DOANH NGHIỆP TN VÀNG ĐỨC THẮNG","Địa chỉ trụ sở chính":"Ấp La Bang Chợ, Xã Đôn Châu","Người đại diện theo pháp luật":null,"Chủ sở hữu":"VÕ ĐỨC TRUNG","layer_id":288,"fid":1047,"label":"DOANH NGHIỆP TN VÀNG ĐỨC THẮNG"}},{"type":"Feature","geometry":{"type":"Point","coordinates":[106.340041365,9.643059767]},"properties":{"Mã số doanh nghiệp":"2100527428","Tên doanh nghiệp":"DOANH NGHIỆP TN VÀNG BẠC VĨNH HIỆP","Địa chỉ trụ sở chính":"Ấp Chợ, Xã Đôn Xuân","Người đại diện theo pháp luật":null,"Chủ sở hữu":"NGUYỄN VĂN HIỆP","layer_id":288,"fid":1048,"label":"DOANH NGHIỆP TN VÀNG BẠC VĨNH HIỆP"}},{"type":"Feature","geometry":{"type":"Point","coordinates":[106.0509305,9.924507928]},"properties":{"Mã số doanh nghiệp":"2100526858","Tên doanh nghiệp":"DOANH NGHIỆP TƯ NHÂN KINH DOANH VÀNG NGHĨA","Địa chỉ trụ sở chính":"Đường Lý Tự Trọng, Khóm 4, Xã Cầu Kè","Người đại diện theo pháp luật":null,"Chủ sở hữu":"NGUYỄN VĂN NGHĨA       ","layer_id":288,"fid":1049,"label":"DOANH NGHIỆP TƯ NHÂN KINH DOANH VÀNG NGHĨA"}},{"type":"Feature","geometry":{"type":"Point","coordinates":[106.183790836,9.726697981]},"properties":{"Mã số doanh nghiệp":"2100528301","Tên doanh nghiệp":"DOANH NGHIỆP TN VÀNG TÙNG HÀ","Địa chỉ trụ sở chính":"Số 162, Ấp An Quảng Hữu, Xã Lưu Nghiệp Anh","Người đại diện theo pháp luật":null,"Chủ sở hữu":"LA HƯNG","layer_id":288,"fid":1050,"label":"DOANH NGHIỆP TN VÀNG TÙNG HÀ"}},{"type":"Feature","geometry":{"type":"Point","coordinates":[106.243463565,9.959546899]},"properties":{"Mã số doanh nghiệp":"2100528894","Tên doanh nghiệp":"CÔNG TY TNHH MỘT THÀNH VIÊN VÀNG VĨNH HƯNG","Địa chỉ trụ sở chính":"Ấp Nguyệt Lãng B, Xã Bình Phú","Người đại diện theo pháp luật":"NGUYỄN THỊ PHƯỢNG","Chủ sở hữu":"NGUYỄN THỊ PHƯỢNG","layer_id":288,"fid":1051,"label":"CÔNG TY TNHH MỘT THÀNH VIÊN VÀNG VĨNH HƯNG"}},{"type":"Feature","geometry":{"type":"Point","coordinates":[106.287299265,9.618914799]},"properties":{"Mã số doanh nghiệp":"2100527410","Tên doanh nghiệp":"DOANH NGHIỆP TN VÀNG BẠC HOÀNG LÊN","Địa chỉ trụ sở chính":"Ấp Làng Cá, Xã Đại An","Người đại diện theo pháp luật":null,"Chủ sở hữu":"NGUYỄN VĂN LÊN","layer_id":288,"fid":1052,"label":"DOANH NGHIỆP TN VÀNG BẠC HOÀNG LÊN"}},{"type":"Feature","geometry":{"type":"Point","coordinates":[106.153601091,9.924417589]},"properties":{"Mã số doanh nghiệp":"2100529143","Tên doanh nghiệp":"DOANH NGHIỆP TN VÀNG DANH PHƯƠNG","Địa chỉ trụ sở chính":"Số 939 Tỉnh lộ 911, Ấp Tân An Chợ, Xã Tân An","Người đại diện theo pháp luật":null,"Chủ sở hữu":"NGUYỄN THANH PHƯƠNG","layer_id":288,"fid":1053,"label":"DOANH NGHIỆP TN VÀNG DANH PHƯƠNG"}},{"type":"Feature","geometry":{"type":"Point","coordinates":[106.056536136,9.87160918]},"properties":{"Mã số doanh nghiệp":"2100529129","Tên doanh nghiệp":"DOANH NGHIỆP TƯ NHÂN VÀNG BẠC THANH PHƯƠNG","Địa chỉ trụ sở chính":"Ấp 5, Xã Cầu Kè","Người đại diện theo pháp luật":null,"Chủ sở hữu":"NGUYỄN ĐỨC HOÀNG MINH","layer_id":288,"fid":1054,"label":"DOANH NGHIỆP TƯ NHÂN VÀNG BẠC THANH PHƯƠNG"}},{"type":"Feature","geometry":{"type":"Point","coordinates":[106.489785763,10.207023672]},"properties":{"Mã số doanh nghiệp":"1301040216","Tên doanh nghiệp":"CÔNG TY TNHH MỘT THÀNH VIÊN ĐỨC ĐỊNH THÀNH CÔNG","Địa chỉ trụ sở chính":"ấp Kinh Ngoài, Xã Giồng Trôm","Người đại diện theo pháp luật":"VŨ VĂN TUẤN","Chủ sở hữu":"VŨ VĂN TUẤN","layer_id":288,"fid":1055,"label":"CÔNG TY TNHH MỘT THÀNH VIÊN ĐỨC ĐỊNH THÀNH CÔNG"}},{"type":"Feature","geometry":{"type":"Point","coordinates":[106.342333736,9.935530285]},"properties":{"Mã số doanh nghiệp":"2100520528","Tên doanh nghiệp":"DOANH NGHIỆP TƯ NHÂN VÀNG PHƯƠNG DUNG","Địa chỉ trụ sở chính":"Số 05, Đường Võ Thị Sáu, Phường Trà Vinh","Người đại diện theo pháp luật":null,"Chủ sở hữu":"HÀ DIÊU","layer_id":288,"fid":1056,"label":"DOANH NGHIỆP TƯ NHÂN VÀNG PHƯƠNG DUNG"}},{"type":"Feature","geometry":{"type":"Point","coordinates":[106.204743291,10.005725304]},"properties":{"Mã số doanh nghiệp":"2100354197","Tên doanh nghiệp":"DOANH NGHIỆP TƯ NHÂN TƯ TRÂM","Địa chỉ trụ sở chính":"Khóm 5, xã Càng Long","Người đại diện theo pháp luật":null,"Chủ sở hữu":"PHẠM THỊ TRÂM","layer_id":288,"fid":1125,"label":"DOANH NGHIỆP TƯ NHÂN TƯ TRÂM"}},{"type":"Feature","geometry":{"type":"Point","coordinates":[106.358139836,9.777704369]},"properties":{"Mã số doanh nghiệp":"2100546798","Tên doanh nghiệp":"DOANH NGHIỆP TN TIỆM VÀNG MỸ HIỀN","Địa chỉ trụ sở chính":"Số 68, Ấp Sóc Cụt, Xã Nhị Trường","Người đại diện theo pháp luật":null,"Chủ sở hữu":"DƯƠNG THỊ MỸ HIỀN","layer_id":288,"fid":1057,"label":"DOANH NGHIỆP TN TIỆM VÀNG MỸ HIỀN"}},{"type":"Feature","geometry":{"type":"Point","coordinates":[106.237807298,9.964672464]},"properties":{"Mã số doanh nghiệp":"2100605806","Tên doanh nghiệp":"CÔNG TY TNHH TÔN THÉP TRÀ VINH","Địa chỉ trụ sở chính":null,"Người đại diện theo pháp luật":"VÕ LÊ KIM HÀ","Chủ sở hữu":null,"layer_id":288,"fid":1058,"label":"CÔNG TY TNHH TÔN THÉP TRÀ VINH"}},{"type":"Feature","geometry":{"type":"Point","coordinates":[106.233660157,10.263044047]},"properties":{"Mã số doanh nghiệp":"1300994770","Tên doanh nghiệp":"CÔNG TY TNHH VẬT LIỆU XÂY DỰNG HOÀNG THÀNH","Địa chỉ trụ sở chính":"Số 210, Ấp Tân Nhuận, Xã Nhuận Phú Tân","Người đại diện theo pháp luật":"NGUYỄN TRUNG HOÀNG","Chủ sở hữu":"NGUYỄN TRUNG HOÀNG","layer_id":288,"fid":1059,"label":"CÔNG TY TNHH VẬT LIỆU XÂY DỰNG HOÀNG THÀNH"}},{"type":"Feature","geometry":{"type":"Point","coordinates":[106.288488193,9.889797649]},"properties":{"Mã số doanh nghiệp":"2100529094","Tên doanh nghiệp":"DOANH NGHIỆP TN VÀNG HỒNG DIỄM","Địa chỉ trụ sở chính":"Ấp Chợ Dưới, Xã Tập Sơn","Người đại diện theo pháp luật":null,"Chủ sở hữu":"LƯU THỊ HỒNG DIỄM","layer_id":288,"fid":1060,"label":"DOANH NGHIỆP TN VÀNG HỒNG DIỄM"}},{"type":"Feature","geometry":{"type":"Point","coordinates":[106.230111723,9.926686491]},"properties":{"Mã số doanh nghiệp":"2100529496","Tên doanh nghiệp":"DOANH NGHIỆP TN VÀNG NHƯ Ý","Địa chỉ trụ sở chính":"Số 53, Ấp Lưu Tư, Xã Tân An","Người đại diện theo pháp luật":null,"Chủ sở hữu":"VÕ THỊ HỒNG NHIỂN","layer_id":288,"fid":1061,"label":"DOANH NGHIỆP TN VÀNG NHƯ Ý"}},{"type":"Feature","geometry":{"type":"Point","coordinates":[106.342437094,9.827458418]},"properties":{"Mã số doanh nghiệp":"2100560337","Tên doanh nghiệp":"DOANH NGHIỆP TƯ NHÂN ÚT THA","Địa chỉ trụ sở chính":"Ấp Đầu Giồng A, Xã Châu Thành","Người đại diện theo pháp luật":null,"Chủ sở hữu":"HỒNG VĂN THÀNH","layer_id":288,"fid":1062,"label":"DOANH NGHIỆP TƯ NHÂN ÚT THA"}},{"type":"Feature","geometry":{"type":"Point","coordinates":[106.33790805,9.931518506]},"properties":{"Mã số doanh nghiệp":"2100108113","Tên doanh nghiệp":"CÔNG TY TNHH THƯƠNG MẠI-DỊCH VỤ-XÂY DỰNG-ĐẦU TƯ MINH ĐỨC","Địa chỉ trụ sở chính":"Số 459 Nguyễn Đáng, khóm 11, Phường Trà Vinh","Người đại diện theo pháp luật":"TRẦN THỊ TỶ PHƯỢNG","Chủ sở hữu":"TRẦN THỊ TỶ PHƯỢNG","layer_id":288,"fid":1063,"label":"CÔNG TY TNHH THƯƠNG MẠI-DỊCH VỤ-XÂY DỰNG-ĐẦU TƯ MINH ĐỨC"}},{"type":"Feature","geometry":{"type":"Point","coordinates":[106.496418968,9.666480912]},"properties":{"Mã số doanh nghiệp":"2100581591","Tên doanh nghiệp":"DOANH NGHIỆP TN TRƯỜNG TRƯỜNG NGUYÊN","Địa chỉ trụ sở chính":"Số 63, Đường 19/5, Khóm 3, Phường Duyên Hải","Người đại diện theo pháp luật":null,"Chủ sở hữu":"NGUYỄN THỊ KIM CHI","layer_id":288,"fid":1064,"label":"DOANH NGHIỆP TN TRƯỜNG TRƯỜNG NGUYÊN"}},{"type":"Feature","geometry":{"type":"Point","coordinates":[106.522913852,9.599623677]},"properties":{"Mã số doanh nghiệp":"2100620716","Tên doanh nghiệp":"CÔNG TY TNHH MTV DƯƠNG TẤN THÀNH","Địa chỉ trụ sở chính":"Ấp Láng Cháo, phường Duyên Hải","Người đại diện theo pháp luật":"DƯƠNG QUỐC HẢI       ","Chủ sở hữu":"DƯƠNG QUỐC HẢI       ","layer_id":288,"fid":1065,"label":"CÔNG TY TNHH MTV DƯƠNG TẤN THÀNH"}},{"type":"Feature","geometry":{"type":"Point","coordinates":[106.499932496,9.645418609]},"properties":{"Mã số doanh nghiệp":"2100587995","Tên doanh nghiệp":"CÔNG TY TNHH MTV NGHI MỸ","Địa chỉ trụ sở chính":"Quốc lộ 53, khóm 4, Phường Duyên Hải","Người đại diện theo pháp luật":"TRẦM VŨ PHƯƠNG","Chủ sở hữu":"TRẦM VŨ PHƯƠNG","layer_id":288,"fid":1066,"label":"CÔNG TY TNHH MTV NGHI MỸ"}},{"type":"Feature","geometry":{"type":"Point","coordinates":[106.488882809,9.637221739]},"properties":{"Mã số doanh nghiệp":"2100409992","Tên doanh nghiệp":"CÔNG TY TNHH MỘT THÀNH VIÊN NGHĨA PHƯỢNG","Địa chỉ trụ sở chính":"Số 186, Quốc lộ 53, Khóm Phước Trị, Phường  Duyên Hải","Người đại diện theo pháp luật":"NGUYỄN THỊ PHƯỢNG","Chủ sở hữu":"NGUYỄN THỊ PHƯỢNG","layer_id":288,"fid":1067,"label":"CÔNG TY TNHH MỘT THÀNH VIÊN NGHĨA PHƯỢNG"}},{"type":"Feature","geometry":{"type":"Point","coordinates":[105.978121994,10.251968271]},"properties":{"Mã số doanh nghiệp":"1500551416","Tên doanh nghiệp":"CÔNG TY TNHH MỘT THÀNH VIÊN QUANG TÙNG","Địa chỉ trụ sở chính":"Số 34/9M đường Trần Phú, Phường Phước Hậu","Người đại diện theo pháp luật":"TẠ QUANG TUYÊN","Chủ sở hữu":"TẠ QUANG TUYÊN","layer_id":288,"fid":1068,"label":"CÔNG TY TNHH MỘT THÀNH VIÊN QUANG TÙNG"}},{"type":"Feature","geometry":{"type":"Point","coordinates":[106.378746794,10.237044351]},"properties":{"Mã số doanh nghiệp":"1300225831","Tên doanh nghiệp":"CÔNG TY TNHH  XÂY DỰNG QUANG MINH","Địa chỉ trụ sở chính":"Số 1A, Đường 3/2, Phường An Hộ","Người đại diện theo pháp luật":"PHAN DUY DŨNG","Chủ sở hữu":null,"layer_id":288,"fid":1083,"label":"CÔNG TY TNHH  XÂY DỰNG QUANG MINH"}},{"type":"Feature","geometry":{"type":"Point","coordinates":[105.950593652,10.241200048]},"properties":{"Mã số doanh nghiệp":"1500396721","Tên doanh nghiệp":"CÔNG TY TRÁCH NHIỆM HỮU HẠN HÒA LỢI","Địa chỉ trụ sở chính":"Số 17 đường Phan Văn Đáng, khóm 3, Phường Long Châu","Người đại diện theo pháp luật":"PHẠM TẤN HOÀNG","Chủ sở hữu":null,"layer_id":288,"fid":1069,"label":"CÔNG TY TRÁCH NHIỆM HỮU HẠN HÒA LỢI"}},{"type":"Feature","geometry":{"type":"Point","coordinates":[105.960096194,10.237903014]},"properties":{"Mã số doanh nghiệp":"1500520792","Tên doanh nghiệp":"CÔNG TY CỔ PHẦN VẬT LIỆU XÂY DỰNG VĨNH LONG","Địa chỉ trụ sở chính":"Số 24 đường Phó Cơ Điều, Phường Tân Hạnh","Người đại diện theo pháp luật":"ĐẶNG HỒNG VŨ","Chủ sở hữu":null,"layer_id":288,"fid":1070,"label":"CÔNG TY CỔ PHẦN VẬT LIỆU XÂY DỰNG VĨNH LONG"}},{"type":"Feature","geometry":{"type":"Point","coordinates":[105.975372794,10.233694086]},"properties":{"Mã số doanh nghiệp":"1500974267","Tên doanh nghiệp":"CÔNG TY TNHH MTV THƯƠNG MẠI GIA HÂN VĨNH LONG","Địa chỉ trụ sở chính":"Số 68/5E đường Phó Cơ Điều, Phường Phước Hậu","Người đại diện theo pháp luật":"ĐINH THỊ XUÂN HƯƠNG","Chủ sở hữu":"ĐINH THỊ XUÂN HƯƠNG","layer_id":288,"fid":1071,"label":"CÔNG TY TNHH MTV THƯƠNG MẠI GIA HÂN VĨNH LONG"}},{"type":"Feature","geometry":{"type":"Point","coordinates":[105.921162565,10.246220464]},"properties":{"Mã số doanh nghiệp":"1501065472","Tên doanh nghiệp":"CÔNG TY TNHH MTV TM DV THÀNH THƯ VĨNH LONG","Địa chỉ trụ sở chính":"Số 59, khóm Vĩnh Phú, Phường Tân Ngãi","Người đại diện theo pháp luật":"NGUYỄN HỮU NGHI","Chủ sở hữu":"NGUYỄN HỮU NGHI","layer_id":288,"fid":1072,"label":"CÔNG TY TNHH MTV TM DV THÀNH THƯ VĨNH LONG"}},{"type":"Feature","geometry":{"type":"Point","coordinates":[106.163334698,10.184404122]},"properties":{"Mã số doanh nghiệp":"1500405415","Tên doanh nghiệp":"DOANH NGHIỆP TƯ NHÂN VƯƠN THỊNH","Địa chỉ trụ sở chính":"tổ 1, ấp Mỹ Long, Xã Cái Nhum","Người đại diện theo pháp luật":null,"Chủ sở hữu":"NGUYỄN VĂN THỊNH","layer_id":288,"fid":1073,"label":"DOANH NGHIỆP TƯ NHÂN VƯƠN THỊNH"}},{"type":"Feature","geometry":{"type":"Point","coordinates":[106.112585094,10.174084953]},"properties":{"Mã số doanh nghiệp":"1500679215","Tên doanh nghiệp":"CÔNG TY CỔ PHẦN NƯỚC VÀ MÔI TRƯỜNG MANG THÍT","Địa chỉ trụ sở chính":"Tổ 1, khóm 1, xã Cái Nhum","Người đại diện theo pháp luật":"TRẦN VĂN SÁU","Chủ sở hữu":null,"layer_id":288,"fid":1074,"label":"CÔNG TY CỔ PHẦN NƯỚC VÀ MÔI TRƯỜNG MANG THÍT"}},{"type":"Feature","geometry":{"type":"Point","coordinates":[105.844867794,10.076438147]},"properties":{"Mã số doanh nghiệp":"1500647076","Tên doanh nghiệp":"CÔNG TY TNHH MỘT THÀNH VIÊN TM - DV & XD HOÀNG BỈ","Địa chỉ trụ sở chính":"Tổ 14, khóm Đông Thuận, Phường Đông Thành","Người đại diện theo pháp luật":"NGUYỄN PHÙNG TRÁCH NHIỆM","Chủ sở hữu":"NGUYỄN VĂN BỈ","layer_id":288,"fid":1075,"label":"CÔNG TY TNHH MỘT THÀNH VIÊN TM - DV & XD HOÀNG BỈ"}},{"type":"Feature","geometry":{"type":"Point","coordinates":[105.826306865,10.062566466]},"properties":{"Mã số doanh nghiệp":"1500835337","Tên doanh nghiệp":"DOANH NGHIỆP TƯ NHÂN TƯ HƯƠNG BÌNH MINH","Địa chỉ trụ sở chính":"Số 1658 tổ 31, Khóm Đông Bình A, Phường Đông Thành","Người đại diện theo pháp luật":null,"Chủ sở hữu":"NGUYỄN VĂN HƯƠNG","layer_id":288,"fid":1076,"label":"DOANH NGHIỆP TƯ NHÂN TƯ HƯƠNG BÌNH MINH"}},{"type":"Feature","geometry":{"type":"Point","coordinates":[105.844539269,10.043799235]},"properties":{"Mã số doanh nghiệp":"1501072550","Tên doanh nghiệp":"CÔNG TY TNHH MTV TM VÀ XÂY DỰNG THANH THỦY VĨNH LONG","Địa chỉ trụ sở chính":"Tổ 25, ấp Đông Lợi, Phường Đông Thành","Người đại diện theo pháp luật":"TRƯƠNG THÚY HƯỜNG","Chủ sở hữu":"TRƯƠNG THÚY HƯỜNG","layer_id":288,"fid":1077,"label":"CÔNG TY TNHH MTV TM VÀ XÂY DỰNG THANH THỦY VĨNH LONG"}},{"type":"Feature","geometry":{"type":"Point","coordinates":[106.024041808,10.154155827]},"properties":{"Mã số doanh nghiệp":"1500867674","Tên doanh nghiệp":"CÔNG TY TNHH MTV ĐẠI LÝ SƠN THIÊN TƯỜNG","Địa chỉ trụ sở chính":"Số 3949, tổ 1, khóm 4, Phường Cái Vồn","Người đại diện theo pháp luật":"PHẠM THỊ HỒNG CHÂU","Chủ sở hữu":"PHẠM THỊ HỒNG CHÂU","layer_id":288,"fid":1078,"label":"CÔNG TY TNHH MTV ĐẠI LÝ SƠN THIÊN TƯỜNG"}},{"type":"Feature","geometry":{"type":"Point","coordinates":[105.836414236,10.043003079]},"properties":{"Mã số doanh nghiệp":"1500715537","Tên doanh nghiệp":"DOANH NGHIỆP TƯ NHÂN TÔ DƯ","Địa chỉ trụ sở chính":"Số 0487 ấp Đông Hậu,phường  Đông Thành","Người đại diện theo pháp luật":null,"Chủ sở hữu":"TRỊNH LỆ KIỀU","layer_id":288,"fid":1079,"label":"DOANH NGHIỆP TƯ NHÂN TÔ DƯ"}},{"type":"Feature","geometry":{"type":"Point","coordinates":[106.077969352,10.105511675]},"properties":{"Mã số doanh nghiệp":"1500354979","Tên doanh nghiệp":"CÔNG TY TNHH MỘT THÀNH VIÊN LÊ QUÂN II (ĐƯỢC CHUYỂN ĐỔI TỪ CÔNG TY TRÁCH NHIỆM HỮU HẠN LÊ QUÂN II)","Địa chỉ trụ sở chính":"Số 81 ấp 3, Xã Hòa Hiệp","Người đại diện theo pháp luật":"THÁI HOÀNG DŨNG","Chủ sở hữu":"THÁI HOÀNG DŨNG","layer_id":288,"fid":1080,"label":"CÔNG TY TNHH MỘT THÀNH VIÊN LÊ QUÂN II (ĐƯỢC CHUYỂN ĐỔI TỪ CÔNG TY TRÁCH NHIỆM HỮU HẠN LÊ QUÂN II)"}},{"type":"Feature","geometry":{"type":"Point","coordinates":[106.380757323,10.236345467]},"properties":{"Mã số doanh nghiệp":"1300489841","Tên doanh nghiệp":"CÔNG TY TNHH MỘT THÀNH VIÊN SƠN TÂN TÀI PHÁT","Địa chỉ trụ sở chính":"Số 37, Nguyễn Đình Chiểu, Phường An Hội","Người đại diện theo pháp luật":"NGÔ THỊ TUYẾT NGA","Chủ sở hữu":"NGÔ THỊ TUYẾT NGA","layer_id":288,"fid":1081,"label":"CÔNG TY TNHH MỘT THÀNH VIÊN SƠN TÂN TÀI PHÁT"}},{"type":"Feature","geometry":{"type":"Point","coordinates":[106.40012323,10.237035893]},"properties":{"Mã số doanh nghiệp":"1300108704","Tên doanh nghiệp":"CÔNG TY CỔ PHẦN VẬT LIỆU XÂY DỰNG BẾN TRE","Địa chỉ trụ sở chính":"207D, Nguyễn Đình Chiểu, phường Phú Khương","Người đại diện theo pháp luật":"PHẠM ĐỨC THẮNG","Chủ sở hữu":null,"layer_id":288,"fid":1082,"label":"CÔNG TY CỔ PHẦN VẬT LIỆU XÂY DỰNG BẾN TRE"}},{"type":"Feature","geometry":{"type":"Point","coordinates":[106.373420265,10.249897485]},"properties":{"Mã số doanh nghiệp":"1300381206","Tên doanh nghiệp":"CÔNG TY TRÁCH NHIỆM HỮU HẠN  ĐẦU TƯ VÀ PHÁT TRIỂN TRUNG HUY","Địa chỉ trụ sở chính":"Số 404C3, Đại lộ Đồng Khởi, khu phố 6, Phường Phú Khương","Người đại diện theo pháp luật":"TRẦN MINH TRUNG","Chủ sở hữu":null,"layer_id":288,"fid":1084,"label":"CÔNG TY TRÁCH NHIỆM HỮU HẠN  ĐẦU TƯ VÀ PHÁT TRIỂN TRUNG HUY"}},{"type":"Feature","geometry":{"type":"Point","coordinates":[106.376392994,10.243933246]},"properties":{"Mã số doanh nghiệp":"1300227980","Tên doanh nghiệp":"CÔNG TY TNHH THƯƠNG MẠI DỊCH VỤ SẢN XUẤT TÂN DÂN","Địa chỉ trụ sở chính":"158C, Phan Đình Phùng, Phường Phú Khương","Người đại diện theo pháp luật":"NGUYỄN HỒ ĐĂNG THI","Chủ sở hữu":"NGUYỄN VĂN DÂN","layer_id":288,"fid":1085,"label":"CÔNG TY TNHH THƯƠNG MẠI DỊCH VỤ SẢN XUẤT TÂN DÂN"}},{"type":"Feature","geometry":{"type":"Point","coordinates":[106.38070763,10.238694188]},"properties":{"Mã số doanh nghiệp":"1300710080","Tên doanh nghiệp":"CÔNG TY TRÁCH NHIỆM HỮU HẠN MỘT THÀNH VIÊN TRANG TRÍ NỘI THẤT MAI PHƯƠNG","Địa chỉ trụ sở chính":"Số 53A, khu phố 2, đường Nguyễn Huệ, Phường An Hội","Người đại diện theo pháp luật":"NGUYỄN MAI PHƯƠNG","Chủ sở hữu":"NGUYỄN MAI PHƯƠNG","layer_id":288,"fid":1086,"label":"CÔNG TY TRÁCH NHIỆM HỮU HẠN MỘT THÀNH VIÊN TRANG TRÍ NỘI THẤT MAI PHƯƠNG"}},{"type":"Feature","geometry":{"type":"Point","coordinates":[106.379310926,10.236296904]},"properties":{"Mã số doanh nghiệp":"1300636662","Tên doanh nghiệp":"CÔNG TY TRÁCH NHIỆM HỮU HẠN MỘT THÀNH VIÊN ĐẠI ÂN","Địa chỉ trụ sở chính":"Số 4, đường Lý Thường Kiệt, Phường An Hội","Người đại diện theo pháp luật":"LÝ CƯỜNG","Chủ sở hữu":"LÝ CƯỜNG","layer_id":288,"fid":1087,"label":"CÔNG TY TRÁCH NHIỆM HỮU HẠN MỘT THÀNH VIÊN ĐẠI ÂN"}},{"type":"Feature","geometry":{"type":"Point","coordinates":[106.410552348,10.270848758]},"properties":{"Mã số doanh nghiệp":"1300711373","Tên doanh nghiệp":"CÔNG TY TNHH VẬT LIỆU XÂY DỰNG NGUYỄN THÀNH PHÁT ","Địa chỉ trụ sở chính":"Ấp 3, phường Phú Khương","Người đại diện theo pháp luật":"NGUYỄN MINH THÀNH","Chủ sở hữu":"NGUYỄN MINH THÀNH","layer_id":288,"fid":1088,"label":"CÔNG TY TNHH VẬT LIỆU XÂY DỰNG NGUYỄN THÀNH PHÁT "}},{"type":"Feature","geometry":{"type":"Point","coordinates":[106.347880294,10.327057246]},"properties":{"Mã số doanh nghiệp":"1300377591","Tên doanh nghiệp":"CÔNG TY TNHH TM XD - DV HOÀNG HẢI","Địa chỉ trụ sở chính":"Số 27A, ấp 6A xã Phú Túc","Người đại diện theo pháp luật":"NGUYỄN VĂN HÙNG","Chủ sở hữu":null,"layer_id":288,"fid":1089,"label":"CÔNG TY TNHH TM XD - DV HOÀNG HẢI"}},{"type":"Feature","geometry":{"type":"Point","coordinates":[106.355131767,10.286495818]},"properties":{"Mã số doanh nghiệp":"1300376397","Tên doanh nghiệp":"CÔNG TY TNHH HOÀNG THY","Địa chỉ trụ sở chính":"226/3,  ấp Thạnh Hựu, phường Sơn Đông","Người đại diện theo pháp luật":"NGUYỄN THỊ NGỌC HƯƠNG","Chủ sở hữu":null,"layer_id":288,"fid":1090,"label":"CÔNG TY TNHH HOÀNG THY"}},{"type":"Feature","geometry":{"type":"Point","coordinates":[106.190979496,10.277683032]},"properties":{"Mã số doanh nghiệp":"1301032279","Tên doanh nghiệp":"CÔNG TY TRÁCH NHIỆM HỮU HẠN MỘT THÀNH VIÊN VẬT LIỆU XÂY DỰNG BẢY HIỀN","Địa chỉ trụ sở chính":"ấp Phú Long, Xã Tân Phú","Người đại diện theo pháp luật":"TRƯƠNG THỊ KIM NGÂN","Chủ sở hữu":"TRƯƠNG THỊ KIM NGÂN","layer_id":288,"fid":1091,"label":"CÔNG TY TRÁCH NHIỆM HỮU HẠN MỘT THÀNH VIÊN VẬT LIỆU XÂY DỰNG BẢY HIỀN"}},{"type":"Feature","geometry":{"type":"Point","coordinates":[106.425612988,10.295860343]},"properties":{"Mã số doanh nghiệp":"1301035329","Tên doanh nghiệp":"CÔNG TY TNHH MỘT THÀNH VIÊN XÂY DỰNG SƠN THUẬN PHÁT","Địa chỉ trụ sở chính":"31/4, ấp Phước Thành, Xã Giao Long","Người đại diện theo pháp luật":"HUỲNH THỊ YẾN NHI","Chủ sở hữu":"HUỲNH THỊ YẾN NHI","layer_id":288,"fid":1092,"label":"CÔNG TY TNHH MỘT THÀNH VIÊN XÂY DỰNG SƠN THUẬN PHÁT"}},{"type":"Feature","geometry":{"type":"Point","coordinates":[106.40652976,10.320630395]},"properties":{"Mã số doanh nghiệp":"1301030345","Tên doanh nghiệp":"CÔNG TY TNHH MỘT THÀNH VIÊN THƯƠNG MẠI DỊCH VỤ SẢN XUẤT KÍNH XÂY DỰNG A DÒN","Địa chỉ trụ sở chính":"Ấp Hữu Thành, phường Phú Tân","Người đại diện theo pháp luật":"LƯU THƯ HÀ","Chủ sở hữu":"LƯU THƯ HÀ","layer_id":288,"fid":1093,"label":"CÔNG TY TNHH MỘT THÀNH VIÊN THƯƠNG MẠI DỊCH VỤ SẢN XUẤT KÍNH XÂY DỰNG A DÒN"}},{"type":"Feature","geometry":{"type":"Point","coordinates":[106.3272834,10.26146017]},"properties":{"Mã số doanh nghiệp":"1300113648","Tên doanh nghiệp":"DOANH NGHIỆP TƯ NHÂN  ĐỨC HÀ","Địa chỉ trụ sở chính":"Số 310, ấp Chợ Xếp, Xã Tân Thành Bình","Người đại diện theo pháp luật":null,"Chủ sở hữu":"TRẦN MINH ĐỨC","layer_id":288,"fid":1102,"label":"DOANH NGHIỆP TƯ NHÂN  ĐỨC HÀ"}},{"type":"Feature","geometry":{"type":"Point","coordinates":[106.046394423,10.274707139]},"properties":{"Mã số doanh nghiệp":"1300988671","Tên doanh nghiệp":"CÔNG TY TNHH MỘT THÀNH VIÊN VẬT LIỆU XÂY DỰNG LÊ HOÀNG MINH","Địa chỉ trụ sở chính":"Ấp Cống, Xã Phú Phụng","Người đại diện theo pháp luật":"LÊ VĂN BÉ HAI","Chủ sở hữu":"LÊ VĂN BÉ HAI","layer_id":288,"fid":1094,"label":"CÔNG TY TNHH MỘT THÀNH VIÊN VẬT LIỆU XÂY DỰNG LÊ HOÀNG MINH"}},{"type":"Feature","geometry":{"type":"Point","coordinates":[106.215947636,10.236269151]},"properties":{"Mã số doanh nghiệp":"1301040858","Tên doanh nghiệp":"CÔNG TY TNHH KINH DOANH VẬT LIỆU XÂY DỰNG TRƯỜNG THỊNH","Địa chỉ trụ sở chính":"Ấp Lân Tây, Xã Vĩnh Thành","Người đại diện theo pháp luật":"NGUYỄN VĂN ĐÔNG","Chủ sở hữu":null,"layer_id":288,"fid":1095,"label":"CÔNG TY TNHH KINH DOANH VẬT LIỆU XÂY DỰNG TRƯỜNG THỊNH"}},{"type":"Feature","geometry":{"type":"Point","coordinates":[106.226636714,10.189542486]},"properties":{"Mã số doanh nghiệp":"1301046433","Tên doanh nghiệp":"CÔNG TY TNHH VẬT LIỆU XÂY DỰNG TƯ THÀNH","Địa chỉ trụ sở chính":"ấp Vĩnh Nam, Xã Vĩnh Thành","Người đại diện theo pháp luật":"NGUYỄN VĂN TRUNG","Chủ sở hữu":null,"layer_id":288,"fid":1096,"label":"CÔNG TY TNHH VẬT LIỆU XÂY DỰNG TƯ THÀNH"}},{"type":"Feature","geometry":{"type":"Point","coordinates":[106.292946736,10.064039248]},"properties":{"Mã số doanh nghiệp":"1301017231","Tên doanh nghiệp":"CÔNG TY TNHH MỘT THÀNH VIÊN LÂM THÁI HUY","Địa chỉ trụ sở chính":"Số 330, Tổ 14, ấp Tân Điền, Xã Thành Thới","Người đại diện theo pháp luật":"VÕ VĂN LÂM","Chủ sở hữu":"VÕ VĂN LÂM","layer_id":288,"fid":1097,"label":"CÔNG TY TNHH MỘT THÀNH VIÊN LÂM THÁI HUY"}},{"type":"Feature","geometry":{"type":"Point","coordinates":[106.337252323,10.104808863]},"properties":{"Mã số doanh nghiệp":"1300637049","Tên doanh nghiệp":"CÔNG TY TNHH MỘT THÀNH VIÊN THƯƠNG MẠI QUỐC TRUNG","Địa chỉ trụ sở chính":"Ấp An Nhơn 1, Xã Mỏ Cày","Người đại diện theo pháp luật":"TRẦN THÀNH QUỐC","Chủ sở hữu":"TRẦN THÀNH QUỐC","layer_id":288,"fid":1098,"label":"CÔNG TY TNHH MỘT THÀNH VIÊN THƯƠNG MẠI QUỐC TRUNG"}},{"type":"Feature","geometry":{"type":"Point","coordinates":[106.405316449,10.084545687]},"properties":{"Mã số doanh nghiệp":"1300963557","Tên doanh nghiệp":"CÔNG TY TNHH MỘT THÀNH VIÊN XÂY DỰNG - THƯƠNG MẠI - DỊCH VỤ LÝ TÂM LIÊN","Địa chỉ trụ sở chính":"234 Ấp Tân Lễ II, Xã An Định","Người đại diện theo pháp luật":"NGUYỄN MINH LÝ","Chủ sở hữu":"NGUYỄN VĂN TÂM","layer_id":288,"fid":1099,"label":"CÔNG TY TNHH MỘT THÀNH VIÊN XÂY DỰNG - THƯƠNG MẠI - DỊCH VỤ LÝ TÂM LIÊN"}},{"type":"Feature","geometry":{"type":"Point","coordinates":[106.377479336,10.043088699]},"properties":{"Mã số doanh nghiệp":"1301019609","Tên doanh nghiệp":"CÔNG TY TNHH TÔN THÉP HÀM LUÔNG","Địa chỉ trụ sở chính":"QL57, Ấp Bình, xã Hương Mỹ","Người đại diện theo pháp luật":"PHAN TRUNG ĐỨC","Chủ sở hữu":"PHAN TRUNG ĐỨC","layer_id":288,"fid":1100,"label":"CÔNG TY TNHH TÔN THÉP HÀM LUÔNG"}},{"type":"Feature","geometry":{"type":"Point","coordinates":[106.319189698,10.045547522]},"properties":{"Mã số doanh nghiệp":"1301054508","Tên doanh nghiệp":"CÔNG TY TNHH VẬT LIỆU XÂY DỰNG THÀNH QUÝ","Địa chỉ trụ sở chính":"Ấp Tân Phong, Xã Thành Thới","Người đại diện theo pháp luật":"NGUYỄN THANH QUY","Chủ sở hữu":"NGUYỄN THANH QUY","layer_id":288,"fid":1101,"label":"CÔNG TY TNHH VẬT LIỆU XÂY DỰNG THÀNH QUÝ"}},{"type":"Feature","geometry":{"type":"Point","coordinates":[106.497545616,10.187158275]},"properties":{"Mã số doanh nghiệp":"1300150343","Tên doanh nghiệp":"CÔNG TY TRÁCH NHIỆM HỮU HẠN  MỘT THÀNH VIÊN MUA BÁN VẬT LIỆU XÂY DỰNG HẢO","Địa chỉ trụ sở chính":"ấp Bình Thuận, Xã Hưng Nhượng","Người đại diện theo pháp luật":"NGUYỄN THỊ HẬU","Chủ sở hữu":"NGUYỄN THỊ HẬU","layer_id":288,"fid":1103,"label":"CÔNG TY TRÁCH NHIỆM HỮU HẠN  MỘT THÀNH VIÊN MUA BÁN VẬT LIỆU XÂY DỰNG HẢO"}},{"type":"Feature","geometry":{"type":"Point","coordinates":[106.420615458,10.272329803]},"properties":{"Mã số doanh nghiệp":"1300145921","Tên doanh nghiệp":"DOANH NGHIỆP TƯ NHÂN THƯƠNG MẠI - XÂY DỰNG TÍN PHÁT","Địa chỉ trụ sở chính":"Số 406, Đường tỉnh 885, ấp Chợ, Xã Lương Phú","Người đại diện theo pháp luật":null,"Chủ sở hữu":"ĐỖ HOÀNG DŨNG","layer_id":288,"fid":1104,"label":"DOANH NGHIỆP TƯ NHÂN THƯƠNG MẠI - XÂY DỰNG TÍN PHÁT"}},{"type":"Feature","geometry":{"type":"Point","coordinates":[106.420589594,10.284520419]},"properties":{"Mã số doanh nghiệp":"1300420381","Tên doanh nghiệp":"CÔNG TY TNHH VẬT LIỆU XÂY DỰNG HẢI SƠN","Địa chỉ trụ sở chính":"Số 867 ấp Nghĩa Huấn, Xã Lương Phú","Người đại diện theo pháp luật":"HUỲNH THỊ TUYẾT HẠNH","Chủ sở hữu":null,"layer_id":288,"fid":1105,"label":"CÔNG TY TNHH VẬT LIỆU XÂY DỰNG HẢI SƠN"}},{"type":"Feature","geometry":{"type":"Point","coordinates":[106.516414452,10.147970793]},"properties":{"Mã số doanh nghiệp":"1301055660","Tên doanh nghiệp":"CÔNG TY TRÁCH NHIỆM HỮU HẠN VẬT LIỆU XÂY DỰNG TRANG TRÍ NỘI THẤT THỦY TIÊN","Địa chỉ trụ sở chính":"Số 563, ấp Bình Tiên, Xã Giồng Trôm","Người đại diện theo pháp luật":"HÀ THỊ MY","Chủ sở hữu":"HÀ THỊ MY","layer_id":288,"fid":1106,"label":"CÔNG TY TRÁCH NHIỆM HỮU HẠN VẬT LIỆU XÂY DỰNG TRANG TRÍ NỘI THẤT THỦY TIÊN"}},{"type":"Feature","geometry":{"type":"Point","coordinates":[106.706043752,10.166172899]},"properties":{"Mã số doanh nghiệp":"1300326766","Tên doanh nghiệp":"DOANH NGHIỆP TƯ NHÂN  THƯƠNG MẠI VÀ DỊCH VỤ  NĂM HƯƠNG","Địa chỉ trụ sở chính":"Ấp 5, Xã Thạnh Phước","Người đại diện theo pháp luật":null,"Chủ sở hữu":"TRƯƠNG THANH HƯƠNG","layer_id":288,"fid":1107,"label":"DOANH NGHIỆP TƯ NHÂN  THƯƠNG MẠI VÀ DỊCH VỤ  NĂM HƯƠNG"}},{"type":"Feature","geometry":{"type":"Point","coordinates":[106.540603562,10.052690934]},"properties":{"Mã số doanh nghiệp":"1300988216","Tên doanh nghiệp":"DOANH NGHIỆP TƯ NHÂN VẬT LIỆU XÂY DỰNG DŨNG VÂN","Địa chỉ trụ sở chính":"Ấp 3, Xã An Hiệp","Người đại diện theo pháp luật":null,"Chủ sở hữu":"HỒ THANH DŨNG","layer_id":288,"fid":1108,"label":"DOANH NGHIỆP TƯ NHÂN VẬT LIỆU XÂY DỰNG DŨNG VÂN"}},{"type":"Feature","geometry":{"type":"Point","coordinates":[106.560649975,10.149552962]},"properties":{"Mã số doanh nghiệp":"1301033843","Tên doanh nghiệp":"CÔNG TY TRÁCH NHIỆM HỮU HẠN MỘT THÀNH VIÊN VẬT LIỆU XÂY DỰNG THANH PHƯƠNG","Địa chỉ trụ sở chính":"Ấp Hòa Bình, Xã Mỹ Chánh Hòa","Người đại diện theo pháp luật":"TRẦN VĂN BÍ","Chủ sở hữu":"TRẦN VĂN BÍ","layer_id":288,"fid":1109,"label":"CÔNG TY TRÁCH NHIỆM HỮU HẠN MỘT THÀNH VIÊN VẬT LIỆU XÂY DỰNG THANH PHƯƠNG"}},{"type":"Feature","geometry":{"type":"Point","coordinates":[106.624335436,10.003888986]},"properties":{"Mã số doanh nghiệp":"1300237259","Tên doanh nghiệp":"DOANH NGHIỆP TƯ NHÂN NGỌC HIẾU","Địa chỉ trụ sở chính":"138/AB, Khu phố An Bình, xã Tân Thủy","Người đại diện theo pháp luật":null,"Chủ sở hữu":"NGUYỄN VĂN NHỎ","layer_id":288,"fid":1110,"label":"DOANH NGHIỆP TƯ NHÂN NGỌC HIẾU"}},{"type":"Feature","geometry":{"type":"Point","coordinates":[106.550185028,9.920731671]},"properties":{"Mã số doanh nghiệp":"1300629993","Tên doanh nghiệp":"CÔNG TY TNHH  XÂY DỰNG VÀ THỦY SẢN HOÀNG TRƯỞNG","Địa chỉ trụ sở chính":"Ấp An Phú, Xã An Qui","Người đại diện theo pháp luật":"NGUYỄN HOÀNG TRƯỞNG","Chủ sở hữu":"NGUYỄN HOÀNG TRƯỞNG","layer_id":288,"fid":1111,"label":"CÔNG TY TNHH  XÂY DỰNG VÀ THỦY SẢN HOÀNG TRƯỞNG"}},{"type":"Feature","geometry":{"type":"Point","coordinates":[106.550302041,9.963085254]},"properties":{"Mã số doanh nghiệp":"1300920754","Tên doanh nghiệp":"DOANH NGHIỆP TƯ NHÂN THƯƠNG MẠI VẬT LIỆU XÂY DỰNG ĐỨC PHÚ","Địa chỉ trụ sở chính":"Số 123/1, ấp An Bình, Xã An Qui","Người đại diện theo pháp luật":null,"Chủ sở hữu":"LÊ THỊ MỘNG NHI","layer_id":288,"fid":1112,"label":"DOANH NGHIỆP TƯ NHÂN THƯƠNG MẠI VẬT LIỆU XÂY DỰNG ĐỨC PHÚ"}},{"type":"Feature","geometry":{"type":"Point","coordinates":[106.343580094,9.890985955]},"properties":{"Mã số doanh nghiệp":"2100313320","Tên doanh nghiệp":"DOANH NGHIỆP TƯ NHÂN BẢY CHI 2","Địa chỉ trụ sở chính":"Số 522D, Nguyễn Chí Thanh, Khóm 11, phường Trà Vinh","Người đại diện theo pháp luật":null,"Chủ sở hữu":"HUỲNH VĂN NHỰT","layer_id":288,"fid":1113,"label":"DOANH NGHIỆP TƯ NHÂN BẢY CHI 2"}},{"type":"Feature","geometry":{"type":"Point","coordinates":[106.329238492,9.922976707]},"properties":{"Mã số doanh nghiệp":"2100620240","Tên doanh nghiệp":"CÔNG TY TNHH VẬT LIỆU XÂY DỰNG BA VŨ","Địa chỉ trụ sở chính":"Số 222, Đường Sơn Thông, Khóm 1, Phường Nguyệt Hóa","Người đại diện theo pháp luật":"NGUYỄN VĂN HÀ","Chủ sở hữu":"BÙI VĂN VŨ","layer_id":288,"fid":1114,"label":"CÔNG TY TNHH VẬT LIỆU XÂY DỰNG BA VŨ"}},{"type":"Feature","geometry":{"type":"Point","coordinates":[106.329238492,9.922976707]},"properties":{"Mã số doanh nghiệp":"2100620240","Tên doanh nghiệp":"CÔNG TY TNHH VẬT LIỆU XÂY DỰNG BA VŨ","Địa chỉ trụ sở chính":"Số 222, Đường Sơn Thông, Khóm 1, Phường Nguyệt Hóa","Người đại diện theo pháp luật":"BÙI VĂN VŨ","Chủ sở hữu":"BÙI VĂN VŨ","layer_id":288,"fid":1115,"label":"CÔNG TY TNHH VẬT LIỆU XÂY DỰNG BA VŨ"}},{"type":"Feature","geometry":{"type":"Point","coordinates":[106.351687494,9.924419993]},"properties":{"Mã số doanh nghiệp":"2100380091","Tên doanh nghiệp":"CÔNG TY TNHH  TRƯỜNG TỒN","Địa chỉ trụ sở chính":"Đường Nguyễn Thiện Thành, khóm 4, Phường Hòa Thuận","Người đại diện theo pháp luật":"CAO TRƯỜNG TỒN","Chủ sở hữu":null,"layer_id":288,"fid":1116,"label":"CÔNG TY TNHH  TRƯỜNG TỒN"}},{"type":"Feature","geometry":{"type":"Point","coordinates":[106.350169765,9.936997908]},"properties":{"Mã số doanh nghiệp":"2100195807","Tên doanh nghiệp":"CÔNG TY TNHH  HOÀNG GIA","Địa chỉ trụ sở chính":"Số 89 Hùng Vương, Khóm 2, Phường Hòa Thuận","Người đại diện theo pháp luật":"TRƯƠNG HOÀNG TUẤN","Chủ sở hữu":"TRƯƠNG HOÀNG TUẤN","layer_id":288,"fid":1117,"label":"CÔNG TY TNHH  HOÀNG GIA"}},{"type":"Feature","geometry":{"type":"Point","coordinates":[106.330648265,9.937846883]},"properties":{"Mã số doanh nghiệp":"2100625778","Tên doanh nghiệp":"CÔNG TY TRÁCH NHIỆM HỮU HẠN BÍCH NGOAN","Địa chỉ trụ sở chính":"Võ Văn Kiệt, khóm 8, Phường Nguyệt Hóa","Người đại diện theo pháp luật":"LÂM THỊ BÍCH NGOAN","Chủ sở hữu":"LÂM THỊ BÍCH NGOAN","layer_id":288,"fid":1118,"label":"CÔNG TY TRÁCH NHIỆM HỮU HẠN BÍCH NGOAN"}},{"type":"Feature","geometry":{"type":"Point","coordinates":[106.303893927,9.923663621]},"properties":{"Mã số doanh nghiệp":"2100618410","Tên doanh nghiệp":"CÔNG TY TNHH VLXD NGUYỄN CHÍ KIÊN","Địa chỉ trụ sở chính":"Quốc lộ 60, Khóm 5, Phường Nguyệt Hóa","Người đại diện theo pháp luật":"NGUYỄN CHÍ ANH","Chủ sở hữu":"NGUYỄN CHÍ ANH","layer_id":288,"fid":1119,"label":"CÔNG TY TNHH VLXD NGUYỄN CHÍ KIÊN"}},{"type":"Feature","geometry":{"type":"Point","coordinates":[106.344718483,10.015516406]},"properties":{"Mã số doanh nghiệp":"2100334176","Tên doanh nghiệp":"CÔNG TY TNHH TÂM THỦY","Địa chỉ trụ sở chính":"Số 26-28, Bạch Đằng, Phường Long Đức","Người đại diện theo pháp luật":"NGUYỄN THANH TÂM","Chủ sở hữu":"NGUYỄN THANH TÂM","layer_id":288,"fid":1120,"label":"CÔNG TY TNHH TÂM THỦY"}},{"type":"Feature","geometry":{"type":"Point","coordinates":[106.345596168,10.173022325]},"properties":{"Mã số doanh nghiệp":"2100272434","Tên doanh nghiệp":"CÔNG TY TNHH XÂY DỰNG - THƯƠNG MẠI CHÂU HƯNG","Địa chỉ trụ sở chính":"Số 72, Bạch Đằng, Khóm 6, Phường Hòa Thuận","Người đại diện theo pháp luật":"NGUYỄN THỊ CẨM VÂN","Chủ sở hữu":null,"layer_id":288,"fid":1121,"label":"CÔNG TY TNHH XÂY DỰNG - THƯƠNG MẠI CHÂU HƯNG"}},{"type":"Feature","geometry":{"type":"Point","coordinates":[106.3237354,9.987254255]},"properties":{"Mã số doanh nghiệp":"2100327612","Tên doanh nghiệp":"CÔNG TY TRÁCH NHIỆM HỮU HẠN THƯƠNG MẠI DỊCH VỤ VẬN TẢI XÂY DỰNG PHÚC MINH","Địa chỉ trụ sở chính":"Số 339, Đường Nguyễn Đáng, Khóm 10, Phường Nguyệt Hóa","Người đại diện theo pháp luật":"TRẦN VĂN MINH","Chủ sở hữu":"TRẦN VĂN MINH","layer_id":288,"fid":1122,"label":"CÔNG TY TRÁCH NHIỆM HỮU HẠN THƯƠNG MẠI DỊCH VỤ VẬN TẢI XÂY DỰNG PHÚC MINH"}},{"type":"Feature","geometry":{"type":"Point","coordinates":[106.344675595,9.944298694]},"properties":{"Mã số doanh nghiệp":"2100101012","Tên doanh nghiệp":"DOANH NGHIỆP TƯ NHÂN THANH THẾ","Địa chỉ trụ sở chính":"Số 136 Hùng Vương, khóm 1, Phường Trà Vinh","Người đại diện theo pháp luật":null,"Chủ sở hữu":"BÙI THANH BAY","layer_id":288,"fid":1123,"label":"DOANH NGHIỆP TƯ NHÂN THANH THẾ"}},{"type":"Feature","geometry":{"type":"Point","coordinates":[106.346048483,9.901328837]},"properties":{"Mã số doanh nghiệp":"2100529425","Tên doanh nghiệp":"CÔNG TY TNHH MỘT THÀNH VIÊN THƯƠNG MẠI TRUNG TIẾN","Địa chỉ trụ sở chính":"Đường Đồng Khởi, Khóm 4, Phường Trà Vinh","Người đại diện theo pháp luật":"NGUYỄN THỊ TIỀN","Chủ sở hữu":"NGUYỄN THỊ TIỀN","layer_id":288,"fid":1124,"label":"CÔNG TY TNHH MỘT THÀNH VIÊN THƯƠNG MẠI TRUNG TIẾN"}},{"type":"Feature","geometry":{"type":"Point","coordinates":[106.689332536,10.196363843]},"properties":{"Mã số doanh nghiệp":"1300331036","Tên doanh nghiệp":"DOANH NGHIỆP TƯ NHÂN SÁU NHIỀU","Địa chỉ trụ sở chính":"ấp Bình Hòa, Xã Bình Đại\n","Người đại diện theo pháp luật":null,"Chủ sở hữu":"NGUYỄN VĂN NHIỀU","layer_id":288,"fid":1126,"label":"DOANH NGHIỆP TƯ NHÂN SÁU NHIỀU"}},{"type":"Feature","geometry":{"type":"Point","coordinates":[106.618107845,10.173542847]},"properties":{"Mã số doanh nghiệp":null,"Tên doanh nghiệp":"DOANH NGHIỆP TƯ NHÂN THUẬN THÀNH BT 4524 TS","Địa chỉ trụ sở chính":"ấp 4 (Rach Gừa), Xã Thạnh Trị","Người đại diện theo pháp luật":null,"Chủ sở hữu":"NGUYỄN VĂN HỒNG","layer_id":288,"fid":1127,"label":"DOANH NGHIỆP TƯ NHÂN THUẬN THÀNH BT 4524 TS"}},{"type":"Feature","geometry":{"type":"Point","coordinates":[106.707506559,10.194767799]},"properties":{"Mã số doanh nghiệp":null,"Tên doanh nghiệp":"DOANH NGHIỆP TƯ NHÂN","Địa chỉ trụ sở chính":"Số 42/5, ấp 5, Xã Bình Đại","Người đại diện theo pháp luật":null,"Chủ sở hữu":"PHẠM VĂN NHỚ","layer_id":288,"fid":1128,"label":"DOANH NGHIỆP TƯ NHÂN"}},{"type":"Feature","geometry":{"type":"Point","coordinates":[106.621817234,10.179071766]},"properties":{"Mã số doanh nghiệp":null,"Tên doanh nghiệp":"DOANH NGHIỆP TƯ NHÂN HÒANG GIANG II BT.4895.TS","Địa chỉ trụ sở chính":"Số 159/d, ấp Rạch Gừa, Xã Thạnh Trị","Người đại diện theo pháp luật":null,"Chủ sở hữu":"NGUYỄN THỊ RẮT","layer_id":288,"fid":1129,"label":"DOANH NGHIỆP TƯ NHÂN HÒANG GIANG II BT.4895.TS"}},{"type":"Feature","geometry":{"type":"Point","coordinates":[106.615542612,10.176731711]},"properties":{"Mã số doanh nghiệp":null,"Tên doanh nghiệp":"DOANH NGHIỆP TƯ NHÂN HOA PHƯỢNG BT 4699 TS","Địa chỉ trụ sở chính":"số 233/d, ấp Rạch Gừa, Xã Thạnh Trị","Người đại diện theo pháp luật":null,"Chủ sở hữu":"NGUYỄN VĂN KỲ","layer_id":288,"fid":1130,"label":"DOANH NGHIỆP TƯ NHÂN HOA PHƯỢNG BT 4699 TS"}},{"type":"Feature","geometry":{"type":"Point","coordinates":[106.691662096,10.189231626]},"properties":{"Mã số doanh nghiệp":"1300229988","Tên doanh nghiệp":"DOANH NGHIỆP TƯ NHÂN PHÚC HÒANG","Địa chỉ trụ sở chính":"Số 38A Ô1, Xã Bình Đại","Người đại diện theo pháp luật":null,"Chủ sở hữu":"PHAN THỊ MỸ","layer_id":288,"fid":1131,"label":"DOANH NGHIỆP TƯ NHÂN PHÚC HÒANG"}},{"type":"Feature","geometry":{"type":"Point","coordinates":[106.701556237,10.192015517]},"properties":{"Mã số doanh nghiệp":null,"Tên doanh nghiệp":"DOANH NGHIỆP TƯ NHÂN TUYỀN TUYẾN BT 5089 TS","Địa chỉ trụ sở chính":"số 470/II,  ấp 2, Xã Bình Đại\n","Người đại diện theo pháp luật":null,"Chủ sở hữu":"VÕ THỊ TRUYỀN","layer_id":288,"fid":1132,"label":"DOANH NGHIỆP TƯ NHÂN TUYỀN TUYẾN BT 5089 TS"}},{"type":"Feature","geometry":{"type":"Point","coordinates":[106.696232367,10.176480527]},"properties":{"Mã số doanh nghiệp":null,"Tên doanh nghiệp":"DOANH NGHIỆP TƯ NHÂN MINH TIẾN I-II","Địa chỉ trụ sở chính":"Ô 3, Xã Bình Đại","Người đại diện theo pháp luật":null,"Chủ sở hữu":"ĐẶNG KIM DUNG","layer_id":288,"fid":1133,"label":"DOANH NGHIỆP TƯ NHÂN MINH TIẾN I-II"}},{"type":"Feature","geometry":{"type":"Point","coordinates":[106.706565772,10.190986029]},"properties":{"Mã số doanh nghiệp":null,"Tên doanh nghiệp":"DOANH NGHIỆP TƯ NHÂN","Địa chỉ trụ sở chính":"86/V, ấp 5, Xã Bình Đại\n","Người đại diện theo pháp luật":null,"Chủ sở hữu":"NGUYỄN VĂN ĐU","layer_id":288,"fid":1134,"label":"DOANH NGHIỆP TƯ NHÂN"}},{"type":"Feature","geometry":{"type":"Point","coordinates":[106.594360816,10.242356083]},"properties":{"Mã số doanh nghiệp":null,"Tên doanh nghiệp":"DOANH NGHIỆP TƯ NHÂN HẢI KIM BT 4870 TS","Địa chỉ trụ sở chính":"067/C, ấp 4, Xã Lộc Thuận","Người đại diện theo pháp luật":null,"Chủ sở hữu":"NGUYỄN VĂN THÀNH","layer_id":288,"fid":1135,"label":"DOANH NGHIỆP TƯ NHÂN HẢI KIM BT 4870 TS"}},{"type":"Feature","geometry":{"type":"Point","coordinates":[106.55753876,10.238039202]},"properties":{"Mã số doanh nghiệp":null,"Tên doanh nghiệp":"DOANH NGHIỆP TƯ NHÂN HẢI LONG BT 4049 TS","Địa chỉ trụ sở chính":"ấp 1, Xã Lộc Thuận\n","Người đại diện theo pháp luật":null,"Chủ sở hữu":"PHẠM VĂN NĂM","layer_id":288,"fid":1136,"label":"DOANH NGHIỆP TƯ NHÂN HẢI LONG BT 4049 TS"}},{"type":"Feature","geometry":{"type":"Point","coordinates":[106.676739939,10.139027976]},"properties":{"Mã số doanh nghiệp":null,"Tên doanh nghiệp":"CÔNG TY TRÁCH NHIỆM HỮU HẠN MỘT THÀNH VIÊN NUÔI TRỒNG THỦY SẢN VIỆT-NGA","Địa chỉ trụ sở chính":"Ấp Bình Lộc, Xã Thạnh Phước\n","Người đại diện theo pháp luật":"BOLMUSOV EGOR ALEKSANDROVICH","Chủ sở hữu":null,"layer_id":288,"fid":1137,"label":"CÔNG TY TRÁCH NHIỆM HỮU HẠN MỘT THÀNH VIÊN NUÔI TRỒNG THỦY SẢN VIỆT-NGA"}},{"type":"Feature","geometry":{"type":"Point","coordinates":[106.703829936,10.196845076]},"properties":{"Mã số doanh nghiệp":null,"Tên doanh nghiệp":"DOANH NGHIỆP TƯ NHÂN THANH BÌNH","Địa chỉ trụ sở chính":"Số 170/III, Ấp 3, Xã Bình Đại","Người đại diện theo pháp luật":null,"Chủ sở hữu":"LÊ THỊ ĐÍNH","layer_id":288,"fid":1138,"label":"DOANH NGHIỆP TƯ NHÂN THANH BÌNH"}},{"type":"Feature","geometry":{"type":"Point","coordinates":[106.708445207,10.197727117]},"properties":{"Mã số doanh nghiệp":"1300420374","Tên doanh nghiệp":"DOANH NGHIỆP TƯ NHÂN THUẬN PHÁT BT 94448TS","Địa chỉ trụ sở chính":"Số 170/IV, ấp 4, Xã Bình Đại","Người đại diện theo pháp luật":null,"Chủ sở hữu":"NGUYỄN THỊ NGỌT","layer_id":288,"fid":1139,"label":"DOANH NGHIỆP TƯ NHÂN THUẬN PHÁT BT 94448TS"}},{"type":"Feature","geometry":{"type":"Point","coordinates":[106.634964513,10.196207921]},"properties":{"Mã số doanh nghiệp":"1300340055","Tên doanh nghiệp":"DOANH NGHIỆP TƯ NHÂN XÂY DỰNG HOÀN KIẾM","Địa chỉ trụ sở chính":"ấp 4 Cây Trôm, Xã Bình Đại","Người đại diện theo pháp luật":null,"Chủ sở hữu":"PHAN THANH HOÀNG","layer_id":288,"fid":1140,"label":"DOANH NGHIỆP TƯ NHÂN XÂY DỰNG HOÀN KIẾM"}},{"type":"Feature","geometry":{"type":"Point","coordinates":[106.701142949,10.195300954]},"properties":{"Mã số doanh nghiệp":"1300227613","Tên doanh nghiệp":"DOANH NGHIỆP TƯ NHÂN LONG CHÂU I","Địa chỉ trụ sở chính":"04/III, ấp 3, Xã Bình Đại\n","Người đại diện theo pháp luật":null,"Chủ sở hữu":"TRẦN THỊ TƯ","layer_id":288,"fid":1141,"label":"DOANH NGHIỆP TƯ NHÂN LONG CHÂU I"}},{"type":"Feature","geometry":{"type":"Point","coordinates":[106.670650829,10.211529081]},"properties":{"Mã số doanh nghiệp":"1300421071","Tên doanh nghiệp":"CÔNG TY CỔ PHẦN THỦY SẢN BA LAI","Địa chỉ trụ sở chính":"lộ Cầu Tầu, Ấp3, Xã Bình Đại","Người đại diện theo pháp luật":"VŨ VIẾT TRỌNG","Chủ sở hữu":null,"layer_id":288,"fid":1142,"label":"CÔNG TY CỔ PHẦN THỦY SẢN BA LAI"}},{"type":"Feature","geometry":{"type":"Point","coordinates":[106.684884341,10.205746267]},"properties":{"Mã số doanh nghiệp":"1300355333","Tên doanh nghiệp":"DOANH NGHIỆP TƯ NHÂN HOÀNG GIA","Địa chỉ trụ sở chính":"Ấp 3, Xã Bình Đại\n","Người đại diện theo pháp luật":null,"Chủ sở hữu":"NGUYỄN HOÀNG DŨNG","layer_id":288,"fid":1143,"label":"DOANH NGHIỆP TƯ NHÂN HOÀNG GIA"}},{"type":"Feature","geometry":{"type":"Point","coordinates":[106.710444788,10.1984237]},"properties":{"Mã số doanh nghiệp":"1300230302-001","Tên doanh nghiệp":"DOANH NGHIỆP TƯ NHÂN DOANH NGHIỆP TƯ NHÂN HỒNG PHÚC BT 4822 TS","Địa chỉ trụ sở chính":"57/4, ấp 4, Xã Bình Đại","Người đại diện theo pháp luật":null,"Chủ sở hữu":"NGÔ THANH LIÊM","layer_id":288,"fid":1144,"label":"DOANH NGHIỆP TƯ NHÂN DOANH NGHIỆP TƯ NHÂN HỒNG PHÚC BT 4822 TS"}},{"type":"Feature","geometry":{"type":"Point","coordinates":[106.472716936,10.291170355]},"properties":{"Mã số doanh nghiệp":"1300237273","Tên doanh nghiệp":"DOANH NGHIỆP TƯ NHÂN THANH BÌNH","Địa chỉ trụ sở chính":"ấp 1, Xã Phú Thuận","Người đại diện theo pháp luật":null,"Chủ sở hữu":"PHẠM THỊ KIỂU","layer_id":288,"fid":1145,"label":"DOANH NGHIỆP TƯ NHÂN THANH BÌNH"}},{"type":"Feature","geometry":{"type":"Point","coordinates":[106.59310966,10.041643459]},"properties":{"Mã số doanh nghiệp":"1300233198","Tên doanh nghiệp":"DOANH NGHIỆP TƯ NHÂN NGỌC NHUNG","Địa chỉ trụ sở chính":"Số 4 Trần Hưng Đạo, Xã Ba Tri","Người đại diện theo pháp luật":null,"Chủ sở hữu":"LÊ THỊ E,","layer_id":288,"fid":1146,"label":"DOANH NGHIỆP TƯ NHÂN NGỌC NHUNG"}},{"type":"Feature","geometry":{"type":"Point","coordinates":[106.602183244,9.988465881]},"properties":{"Mã số doanh nghiệp":null,"Tên doanh nghiệp":"DOANH NGHIỆP TƯ NHÂN CHÍ LỘC THÀNH","Địa chỉ trụ sở chính":"Ấp An Phú 1, xã Tân Thủy","Người đại diện theo pháp luật":null,"Chủ sở hữu":"THƯỢNG THỊ CÚC","layer_id":288,"fid":1147,"label":"DOANH NGHIỆP TƯ NHÂN CHÍ LỘC THÀNH"}},{"type":"Feature","geometry":{"type":"Point","coordinates":[106.56199138,10.099143821]},"properties":{"Mã số doanh nghiệp":null,"Tên doanh nghiệp":"DOANH NGHIỆP TƯ NHÂN TRẦN VĂN SƠN","Địa chỉ trụ sở chính":"Số 171/MH, ấp Mỹ Lợi, xã An Ngãi Trung","Người đại diện theo pháp luật":null,"Chủ sở hữu":"TRẦN VĂN LIẾU","layer_id":288,"fid":1148,"label":"DOANH NGHIỆP TƯ NHÂN TRẦN VĂN SƠN"}},{"type":"Feature","geometry":{"type":"Point","coordinates":[106.628667414,10.120199794]},"properties":{"Mã số doanh nghiệp":null,"Tên doanh nghiệp":"DOANH NGHIỆP TƯ NHÂN NGỌC NGA","Địa chỉ trụ sở chính":"492/TT, ấp Tân Thị, Xã Tân Xuân","Người đại diện theo pháp luật":null,"Chủ sở hữu":"ĐOÀN THỊ ANH THƯ","layer_id":288,"fid":1149,"label":"DOANH NGHIỆP TƯ NHÂN NGỌC NGA"}},{"type":"Feature","geometry":{"type":"Point","coordinates":[106.632499597,9.975430303]},"properties":{"Mã số doanh nghiệp":null,"Tên doanh nghiệp":"DOANH NGHIỆP TƯ NHÂN \nSƠN HẢI","Địa chỉ trụ sở chính":"ấp 3, xã Tân Thủy","Người đại diện theo pháp luật":null,"Chủ sở hữu":"BÙI VĂN NHÚNG","layer_id":288,"fid":1150,"label":"DOANH NGHIỆP TƯ NHÂN \nSƠN HẢI"}},{"type":"Feature","geometry":{"type":"Point","coordinates":[106.639350472,9.9845131]},"properties":{"Mã số doanh nghiệp":null,"Tên doanh nghiệp":"DOANH NGHIỆP TƯ NHÂN NAM TïNG BT 3464 TS","Địa chỉ trụ sở chính":"278/AT Êp 7, xã Tân Thủy","Người đại diện theo pháp luật":null,"Chủ sở hữu":"VÕ HỒNG SƠN","layer_id":288,"fid":1151,"label":"DOANH NGHIỆP TƯ NHÂN NAM TïNG BT 3464 TS"}},{"type":"Feature","geometry":{"type":"Point","coordinates":[106.629850604,10.002409912]},"properties":{"Mã số doanh nghiệp":null,"Tên doanh nghiệp":"DOANH NGHIỆP TƯ NHÂN PHƯỚC HUỀ I","Địa chỉ trụ sở chính":"Số 231AB ấp An Bình, Xã Tân Thủy","Người đại diện theo pháp luật":null,"Chủ sở hữu":"LƯU THỊ NHỊ","layer_id":288,"fid":1152,"label":"DOANH NGHIỆP TƯ NHÂN PHƯỚC HUỀ I"}},{"type":"Feature","geometry":{"type":"Point","coordinates":[106.538484163,10.066812847]},"properties":{"Mã số doanh nghiệp":null,"Tên doanh nghiệp":"DOANH NGHIỆP TƯ NHÂN BÌNH AN","Địa chỉ trụ sở chính":"ấp 1, Xã An Ngãi Trung","Người đại diện theo pháp luật":null,"Chủ sở hữu":"NGUYỄN THỊ THU","layer_id":288,"fid":1153,"label":"DOANH NGHIỆP TƯ NHÂN BÌNH AN"}},{"type":"Feature","geometry":{"type":"Point","coordinates":[106.539470162,10.06736134]},"properties":{"Mã số doanh nghiệp":null,"Tên doanh nghiệp":"DOANH NGHIỆP TƯ NHÂN TÁM THỨC","Địa chỉ trụ sở chính":"173AĐI An Định 1, Xã An Ngãi Trung","Người đại diện theo pháp luật":null,"Chủ sở hữu":"NGUYỄN HIỀN THỨC","layer_id":288,"fid":1154,"label":"DOANH NGHIỆP TƯ NHÂN TÁM THỨC"}},{"type":"Feature","geometry":{"type":"Point","coordinates":[106.626181536,10.041915949]},"properties":{"Mã số doanh nghiệp":"1300462656","Tên doanh nghiệp":"CÔNG TY TNHH RƯỢU VANG BẾN TRE","Địa chỉ trụ sở chính":"255BH ấp Bảo Hòa, Xã Ba Tri","Người đại diện theo pháp luật":"NGUYỄN TRẦN TẤN QUỐC","Chủ sở hữu":null,"layer_id":288,"fid":1155,"label":"CÔNG TY TNHH RƯỢU VANG BẾN TRE"}},{"type":"Feature","geometry":{"type":"Point","coordinates":[106.635679358,10.014920062]},"properties":{"Mã số doanh nghiệp":null,"Tên doanh nghiệp":"DOANH NGHIỆP TƯ NHÂN THANH LONG","Địa chỉ trụ sở chính":"ấp 8, xã Tân Thủy","Người đại diện theo pháp luật":null,"Chủ sở hữu":"NGUYỄN THỊ BA","layer_id":288,"fid":1156,"label":"DOANH NGHIỆP TƯ NHÂN THANH LONG"}},{"type":"Feature","geometry":{"type":"Point","coordinates":[106.611933111,9.983224825]},"properties":{"Mã số doanh nghiệp":null,"Tên doanh nghiệp":"DOANH NGHIỆP TƯ NHÂN HÒANG YẾN","Địa chỉ trụ sở chính":"ấp An Lợi, xã Tân Thủy","Người đại diện theo pháp luật":null,"Chủ sở hữu":"TRẦN VĂN KÍNH","layer_id":288,"fid":1157,"label":"DOANH NGHIỆP TƯ NHÂN HÒANG YẾN"}},{"type":"Feature","geometry":{"type":"Point","coordinates":[106.605261804,9.983037979]},"properties":{"Mã số doanh nghiệp":null,"Tên doanh nghiệp":"DOANH NGHIỆP TƯ NHÂN HOÀNG DŨNG BT 3439TS","Địa chỉ trụ sở chính":"523/AT ấp An Thuận, xã Tân Thủy","Người đại diện theo pháp luật":null,"Chủ sở hữu":"NGUYỄN THỊ BẢNH","layer_id":288,"fid":1158,"label":"DOANH NGHIỆP TƯ NHÂN HOÀNG DŨNG BT 3439TS"}},{"type":"Feature","geometry":{"type":"Point","coordinates":[106.637847169,10.014790925]},"properties":{"Mã số doanh nghiệp":null,"Tên doanh nghiệp":"DOANH NGHIỆP TƯ NHÂN","Địa chỉ trụ sở chính":"Số 128/AT, ấp 8, xã Tân Thủy","Người đại diện theo pháp luật":null,"Chủ sở hữu":"LẤ VĂN CHINH","layer_id":288,"fid":1159,"label":"DOANH NGHIỆP TƯ NHÂN"}},{"type":"Feature","geometry":{"type":"Point","coordinates":[106.620457169,10.121227232]},"properties":{"Mã số doanh nghiệp":null,"Tên doanh nghiệp":"DOANH NGHIỆP TƯ NHÂN \nTUẤN HẢI","Địa chỉ trụ sở chính":"11B, Ô 5, Xã Ba Tri","Người đại diện theo pháp luật":null,"Chủ sở hữu":"VÕ THỊ LỆ","layer_id":288,"fid":1160,"label":"DOANH NGHIỆP TƯ NHÂN \nTUẤN HẢI"}},{"type":"Feature","geometry":{"type":"Point","coordinates":[106.610581894,10.012519846]},"properties":{"Mã số doanh nghiệp":"1300471731","Tên doanh nghiệp":"CÔNG TY TNHH TRUNG THÀNH","Địa chỉ trụ sở chính":"Ấp An Bình, Xã Tân Thủy","Người đại diện theo pháp luật":"TRẦN CHÍ TRUNG","Chủ sở hữu":null,"layer_id":288,"fid":1161,"label":"CÔNG TY TNHH TRUNG THÀNH"}},{"type":"Feature","geometry":{"type":"Point","coordinates":[106.606828674,9.983863895]},"properties":{"Mã số doanh nghiệp":null,"Tên doanh nghiệp":"DOANH NGHIỆP TƯ NHÂN PHƯỚC LỘC 1","Địa chỉ trụ sở chính":"117AI ấp An Thuận, xã Tân Thủy","Người đại diện theo pháp luật":null,"Chủ sở hữu":"NGUYỄN VĂN LỘC","layer_id":288,"fid":1162,"label":"DOANH NGHIỆP TƯ NHÂN PHƯỚC LỘC 1"}},{"type":"Feature","geometry":{"type":"Point","coordinates":[106.597073022,10.032991871]},"properties":{"Mã số doanh nghiệp":"1300441261","Tên doanh nghiệp":"DOANH NGHIỆP TƯ NHÂN HUY CHANH","Địa chỉ trụ sở chính":"Ấp vĩnh Đức Trung, xã Ba Tri","Người đại diện theo pháp luật":null,"Chủ sở hữu":"VŨ HUY CHANH","layer_id":288,"fid":1163,"label":"DOANH NGHIỆP TƯ NHÂN HUY CHANH"}},{"type":"Feature","geometry":{"type":"Point","coordinates":[106.607093536,9.982417461]},"properties":{"Mã số doanh nghiệp":"1300234730","Tên doanh nghiệp":"DNTN PHƯỚC LỢI 1 BT.3655.TS","Địa chỉ trụ sở chính":"443/AT, ấp An Thuận, xã Tân Thủy","Người đại diện theo pháp luật":null,"Chủ sở hữu":"ĐOÀN VĂN EM","layer_id":288,"fid":1164,"label":"DNTN PHƯỚC LỢI 1 BT.3655.TS"}},{"type":"Feature","geometry":{"type":"Point","coordinates":[106.594024713,10.04210444]},"properties":{"Mã số doanh nghiệp":"1300403770","Tên doanh nghiệp":"DOANH NGHIỆP TƯ NHÂN THANH SƠN","Địa chỉ trụ sở chính":"Số 64 Trần Hưng Đạo KP1, Xã Ba Tri","Người đại diện theo pháp luật":null,"Chủ sở hữu":"NGUYỄN TUYẾT MAI","layer_id":288,"fid":1165,"label":"DOANH NGHIỆP TƯ NHÂN THANH SƠN"}},{"type":"Feature","geometry":{"type":"Point","coordinates":[106.606391454,9.9810279]},"properties":{"Mã số doanh nghiệp":null,"Tên doanh nghiệp":"DOANH NGHIỆP TƯ NHÂN THANH SƠN 3 BT 3529 TS","Địa chỉ trụ sở chính":"ấp An Thuận, xã Tân Thủy","Người đại diện theo pháp luật":null,"Chủ sở hữu":"NGUYỄN VĂN KHÓAI","layer_id":288,"fid":1166,"label":"DOANH NGHIỆP TƯ NHÂN THANH SƠN 3 BT 3529 TS"}},{"type":"Feature","geometry":{"type":"Point","coordinates":[106.643091451,9.984285004]},"properties":{"Mã số doanh nghiệp":null,"Tên doanh nghiệp":"DOANH NGHIỆP TƯ NHÂN KIM CƯƠNG","Địa chỉ trụ sở chính":"Xã Tân Thủy","Người đại diện theo pháp luật":null,"Chủ sở hữu":"NGUYỄN VĂN HÒA","layer_id":288,"fid":1167,"label":"DOANH NGHIỆP TƯ NHÂN KIM CƯƠNG"}},{"type":"Feature","geometry":{"type":"Point","coordinates":[106.541232224,10.07360354]},"properties":{"Mã số doanh nghiệp":null,"Tên doanh nghiệp":"DOANH NGHIỆP TƯ NHÂN KIM HÒA","Địa chỉ trụ sở chính":"ấp 2, Xã An Ngãi Trung","Người đại diện theo pháp luật":null,"Chủ sở hữu":"CAO THỊ NGỌC OANH","layer_id":288,"fid":1168,"label":"DOANH NGHIỆP TƯ NHÂN KIM HÒA"}},{"type":"Feature","geometry":{"type":"Point","coordinates":[106.628823922,9.980461636]},"properties":{"Mã số doanh nghiệp":null,"Tên doanh nghiệp":"DOANH NGHIỆP TƯ NHÂN \nTRƯỜNG THÀNH BT 3499 TS","Địa chỉ trụ sở chính":"605/AP, ấp An Phú, Xã Tân Thủy","Người đại diện theo pháp luật":null,"Chủ sở hữu":"PHAN VĂN TRƯỜNG ANH","layer_id":288,"fid":1169,"label":"DOANH NGHIỆP TƯ NHÂN \nTRƯỜNG THÀNH BT 3499 TS"}},{"type":"Feature","geometry":{"type":"Point","coordinates":[106.624802581,10.008208546]},"properties":{"Mã số doanh nghiệp":null,"Tên doanh nghiệp":"DOANH NGHIỆP TƯ NHÂN TÂN PHƯỚC LỢI BT.3690.TS","Địa chỉ trụ sở chính":"Số 91TT ấp 3, Xã Tân Thủy","Người đại diện theo pháp luật":null,"Chủ sở hữu":"TRƯƠNG THỊ SỚT","layer_id":288,"fid":1170,"label":"DOANH NGHIỆP TƯ NHÂN TÂN PHƯỚC LỢI BT.3690.TS"}},{"type":"Feature","geometry":{"type":"Point","coordinates":[106.588781839,10.014698281]},"properties":{"Mã số doanh nghiệp":null,"Tên doanh nghiệp":"DOANH NGHIỆP TƯ NHÂN SONG HƯƠNG 4","Địa chỉ trụ sở chính":"ấp An Quới, Xã Vĩnh An, Xã Ba Tri","Người đại diện theo pháp luật":null,"Chủ sở hữu":"TRẦN THỊ ĐẶNG","layer_id":288,"fid":1171,"label":"DOANH NGHIỆP TƯ NHÂN SONG HƯƠNG 4"}},{"type":"Feature","geometry":{"type":"Point","coordinates":[106.631966928,9.986186699]},"properties":{"Mã số doanh nghiệp":null,"Tên doanh nghiệp":"DOANH NGHIỆP TƯ NHÂN TÂN HÒANG PHÚC BT 3880 TS","Địa chỉ trụ sở chính":"14ATH ấp An Thạnh, xã Tân Thủy","Người đại diện theo pháp luật":null,"Chủ sở hữu":"LÊ VĂN SĨ","layer_id":288,"fid":1172,"label":"DOANH NGHIỆP TƯ NHÂN TÂN HÒANG PHÚC BT 3880 TS"}},{"type":"Feature","geometry":{"type":"Point","coordinates":[106.596337775,10.042918368]},"properties":{"Mã số doanh nghiệp":null,"Tên doanh nghiệp":"DOANH NGHIỆP TƯ NHÂN THÁI BÌNH BT 3653 TS","Địa chỉ trụ sở chính":"số 18 Quang Trung Ô1, xã Ba Tri","Người đại diện theo pháp luật":null,"Chủ sở hữu":"TRẦN VĂN ẨN","layer_id":288,"fid":1173,"label":"DOANH NGHIỆP TƯ NHÂN THÁI BÌNH BT 3653 TS"}},{"type":"Feature","geometry":{"type":"Point","coordinates":[106.645075189,9.980737942]},"properties":{"Mã số doanh nghiệp":null,"Tên doanh nghiệp":"DOANH NGHIỆP TƯ NHÂN LIM LONG BT 3346 TS","Địa chỉ trụ sở chính":"559/AT Áp 7 (An Thạnh), xã Tân Thủy","Người đại diện theo pháp luật":null,"Chủ sở hữu":"NGUYỄN VĂN RẮT","layer_id":288,"fid":1174,"label":"DOANH NGHIỆP TƯ NHÂN LIM LONG BT 3346 TS"}},{"type":"Feature","geometry":{"type":"Point","coordinates":[106.636065075,9.988931905]},"properties":{"Mã số doanh nghiệp":null,"Tên doanh nghiệp":"DOANH NGHIỆP TƯ NHÂN THANH LỘC","Địa chỉ trụ sở chính":"Số 788 ấp 8, xã Tân Thủy","Người đại diện theo pháp luật":null,"Chủ sở hữu":"NGUYỄN VĂN THẮM","layer_id":288,"fid":1175,"label":"DOANH NGHIỆP TƯ NHÂN THANH LỘC"}},{"type":"Feature","geometry":{"type":"Point","coordinates":[106.628612832,10.000231399]},"properties":{"Mã số doanh nghiệp":null,"Tên doanh nghiệp":"DOANH NGHIỆP TƯ NHÂN TẤN ĐẠT","Địa chỉ trụ sở chính":"xã Tân Thủy","Người đại diện theo pháp luật":null,"Chủ sở hữu":"TRƯƠNG TẤN ĐẠT","layer_id":288,"fid":1176,"label":"DOANH NGHIỆP TƯ NHÂN TẤN ĐẠT"}},{"type":"Feature","geometry":{"type":"Point","coordinates":[106.581170702,10.047013779]},"properties":{"Mã số doanh nghiệp":null,"Tên doanh nghiệp":"CÔNG TY TNHH ĐẠI HƯNG PHÁT","Địa chỉ trụ sở chính":"ấp 1, xã Ba Tri","Người đại diện theo pháp luật":"TRỊNH HỮU ĐỨC","Chủ sở hữu":null,"layer_id":288,"fid":1177,"label":"CÔNG TY TNHH ĐẠI HƯNG PHÁT"}},{"type":"Feature","geometry":{"type":"Point","coordinates":[106.605075228,9.981583646]},"properties":{"Mã số doanh nghiệp":null,"Tên doanh nghiệp":"DOANH NGHIỆP TƯ NHÂN PHƯỚC HUỆ","Địa chỉ trụ sở chính":"Số 413/AT, ấp An Thuận, xã Tân Thủy","Người đại diện theo pháp luật":null,"Chủ sở hữu":"LƯU VĂN TIẾT","layer_id":288,"fid":1178,"label":"DOANH NGHIỆP TƯ NHÂN PHƯỚC HUỆ"}},{"type":"Feature","geometry":{"type":"Point","coordinates":[106.539133039,10.066813136]},"properties":{"Mã số doanh nghiệp":"1300478656","Tên doanh nghiệp":"DOANH NGHIỆP TN XÂY DỰNG TRINH TÚ","Địa chỉ trụ sở chính":"Số 220/AĐ1, ấp An Định 1, Xã An Ngãi Trung","Người đại diện theo pháp luật":null,"Chủ sở hữu":"NGUYỄN VĂN TƯƠI","layer_id":288,"fid":1179,"label":"DOANH NGHIỆP TN XÂY DỰNG TRINH TÚ"}},{"type":"Feature","geometry":{"type":"Point","coordinates":[106.626607873,10.107673286]},"properties":{"Mã số doanh nghiệp":"1300262248","Tên doanh nghiệp":"DOANH NGHIỆP TƯ NHÂN  LÊ TRẦN","Địa chỉ trụ sở chính":"Xã Tân Xuân","Người đại diện theo pháp luật":null,"Chủ sở hữu":"DƯƠNG THỊ ANH","layer_id":288,"fid":1180,"label":"DOANH NGHIỆP TƯ NHÂN  LÊ TRẦN"}},{"type":"Feature","geometry":{"type":"Point","coordinates":[106.658217024,10.109870301]},"properties":{"Mã số doanh nghiệp":"1300382545","Tên doanh nghiệp":"CÔNG TY TNHH SX TM TRƯỜNG GIANG","Địa chỉ trụ sở chính":"ấp Thạnh quý, Xã Bảo Thạnh","Người đại diện theo pháp luật":null,"Chủ sở hữu":null,"layer_id":288,"fid":1181,"label":"CÔNG TY TNHH SX TM TRƯỜNG GIANG"}},{"type":"Feature","geometry":{"type":"Point","coordinates":[106.59504085,10.041437141]},"properties":{"Mã số doanh nghiệp":"1300232324","Tên doanh nghiệp":"CÔNG TY TNHH HÒA HƯNG","Địa chỉ trụ sở chính":"43 sương nguyệt anh khu phố 1, Xã Ba Tri","Người đại diện theo pháp luật":"HỒ THANH SANG","Chủ sở hữu":null,"layer_id":288,"fid":1182,"label":"CÔNG TY TNHH HÒA HƯNG"}},{"type":"Feature","geometry":{"type":"Point","coordinates":[106.61870086,10.013845557]},"properties":{"Mã số doanh nghiệp":"1300304635","Tên doanh nghiệp":"DOANH NGHIỆP TƯ NHÂN KIM QUANG","Địa chỉ trụ sở chính":"Xã Tân Thủy","Người đại diện theo pháp luật":null,"Chủ sở hữu":"TRỊNH VĂN NHỨT","layer_id":288,"fid":1183,"label":"DOANH NGHIỆP TƯ NHÂN KIM QUANG"}},{"type":"Feature","geometry":{"type":"Point","coordinates":[106.583760167,10.045001889]},"properties":{"Mã số doanh nghiệp":"1300233279","Tên doanh nghiệp":"DOANH NGHIỆP TƯ NHÂN HÒANG ANH","Địa chỉ trụ sở chính":"số 042/AH ấp 1, xã Ba Tri","Người đại diện theo pháp luật":null,"Chủ sở hữu":"TÔ THỊ SÁU","layer_id":288,"fid":1184,"label":"DOANH NGHIỆP TƯ NHÂN HÒANG ANH"}},{"type":"Feature","geometry":{"type":"Point","coordinates":[106.64203347,9.990986381]},"properties":{"Mã số doanh nghiệp":"1300234681","Tên doanh nghiệp":"DOANH NGHIỆP TƯ NHÂN HẢI THÀNH","Địa chỉ trụ sở chính":"645/AT ấp 8, Xã Tân Thủy","Người đại diện theo pháp luật":null,"Chủ sở hữu":"MAI VĂN EM","layer_id":288,"fid":1185,"label":"DOANH NGHIỆP TƯ NHÂN HẢI THÀNH"}},{"type":"Feature","geometry":{"type":"Point","coordinates":[106.664726051,10.060444194]},"properties":{"Mã số doanh nghiệp":"1300633598","Tên doanh nghiệp":"DOANH NGHIỆP TƯ NHÂN VẬN TẢI TẤN ĐẠT","Địa chỉ trụ sở chính":"Số 415/TP, ấp Thạnh Phước, Xã Bảo Thạnh","Người đại diện theo pháp luật":null,"Chủ sở hữu":"BUI VĂN LONG","layer_id":288,"fid":1186,"label":"DOANH NGHIỆP TƯ NHÂN VẬN TẢI TẤN ĐẠT"}},{"type":"Feature","geometry":{"type":"Point","coordinates":[106.59531726,10.043639222]},"properties":{"Mã số doanh nghiệp":"1300408320","Tên doanh nghiệp":"DOANH NGHIỆP TƯ NHÂN TÍN","Địa chỉ trụ sở chính":"41, khu phố 2, Trần Hưng Đạo, Xã Ba Tri\n","Người đại diện theo pháp luật":null,"Chủ sở hữu":"NGUYỄN THỊ TỈNH","layer_id":288,"fid":1187,"label":"DOANH NGHIỆP TƯ NHÂN TÍN"}},{"type":"Feature","geometry":{"type":"Point","coordinates":[106.604854266,9.996739696]},"properties":{"Mã số doanh nghiệp":"1300226049","Tên doanh nghiệp":"DOANH NGHIỆP TƯ NHÂN ĐẠI LÝ XĂNG DẦU AN BÌNH","Địa chỉ trụ sở chính":"ấp An Bình, xã Tân Thủy","Người đại diện theo pháp luật":null,"Chủ sở hữu":"HUỲNH VĂN PHÁT","layer_id":288,"fid":1188,"label":"DOANH NGHIỆP TƯ NHÂN ĐẠI LÝ XĂNG DẦU AN BÌNH"}},{"type":"Feature","geometry":{"type":"Point","coordinates":[106.523977529,9.90275212]},"properties":{"Mã số doanh nghiệp":"1300360372","Tên doanh nghiệp":"DOANH NGHIỆP TƯ NHÂN PHƯƠNG SANG","Địa chỉ trụ sở chính":"Ấp 1, xã An Qui","Người đại diện theo pháp luật":null,"Chủ sở hữu":"LƯU VĂN TRÍ","layer_id":288,"fid":1189,"label":"DOANH NGHIỆP TƯ NHÂN PHƯƠNG SANG"}},{"type":"Feature","geometry":{"type":"Point","coordinates":[106.595419727,9.930996953]},"properties":{"Mã số doanh nghiệp":"1300389808","Tên doanh nghiệp":"DOANH NGHIỆP TƯ NHÂN PHÁT DANH","Địa chỉ trụ sở chính":"ấp An Khương B, xã Thạnh Hải","Người đại diện theo pháp luật":null,"Chủ sở hữu":"NGUYỄN VĂN DANH","layer_id":288,"fid":1190,"label":"DOANH NGHIỆP TƯ NHÂN PHÁT DANH"}},{"type":"Feature","geometry":{"type":"Point","coordinates":[106.472683463,9.989463927]},"properties":{"Mã số doanh nghiệp":null,"Tên doanh nghiệp":"DOANH NGHIỆP TƯ NHÂN ÚT THUẬN","Địa chỉ trụ sở chính":"Ấp Quí Đức, Xã Quới Điền","Người đại diện theo pháp luật":null,"Chủ sở hữu":"NGUYỄN THỊ THUẬN","layer_id":288,"fid":1191,"label":"DOANH NGHIỆP TƯ NHÂN ÚT THUẬN"}},{"type":"Feature","geometry":{"type":"Point","coordinates":[106.543485289,9.937101937]},"properties":{"Mã số doanh nghiệp":null,"Tên doanh nghiệp":"DOANH NGHIỆP TƯ NHÂN HỮU NGHĨA BT 1033TS","Địa chỉ trụ sở chính":"Số 19/3 Ấp An Hòa, xã Thạnh Phú","Người đại diện theo pháp luật":null,"Chủ sở hữu":"CAO THỊ NI","layer_id":288,"fid":1192,"label":"DOANH NGHIỆP TƯ NHÂN HỮU NGHĨA BT 1033TS"}},{"type":"Feature","geometry":{"type":"Point","coordinates":[106.513769277,9.950994266]},"properties":{"Mã số doanh nghiệp":null,"Tên doanh nghiệp":"DOANH NGHIỆP TƯ NHÂN VẠN PHƯỚC BT1251TS","Địa chỉ trụ sở chính":"236/2, Ấp 10, xã Thạnh Phú","Người đại diện theo pháp luật":null,"Chủ sở hữu":"NGUYỄN VĂN PHÙNG","layer_id":288,"fid":1193,"label":"DOANH NGHIỆP TƯ NHÂN VẠN PHƯỚC BT1251TS"}},{"type":"Feature","geometry":{"type":"Point","coordinates":[106.543254025,9.955941144]},"properties":{"Mã số doanh nghiệp":"1300382915","Tên doanh nghiệp":"DOANH NGHIỆP TƯ NHÂN KIM LOAN","Địa chỉ trụ sở chính":"Số 17/4 Ấp 5, xã Thạnh Phú","Người đại diện theo pháp luật":null,"Chủ sở hữu":"NGUYỄN THỊ KIM LOAN","layer_id":288,"fid":1194,"label":"DOANH NGHIỆP TƯ NHÂN KIM LOAN"}},{"type":"Feature","geometry":{"type":"Point","coordinates":[106.446878373,10.003296241]},"properties":{"Mã số doanh nghiệp":"3600263359","Tên doanh nghiệp":"DOANH NGHIỆP TƯ NHÂN NGỌC THẢO","Địa chỉ trụ sở chính":"Chợ Tân Phong, Ấp Thạnh, xã Đại Điền","Người đại diện theo pháp luật":null,"Chủ sở hữu":"PHAN VĂN THẮNG","layer_id":288,"fid":1195,"label":"DOANH NGHIỆP TƯ NHÂN NGỌC THẢO"}},{"type":"Feature","geometry":{"type":"Point","coordinates":[106.632590498,9.852464273]},"properties":{"Mã số doanh nghiệp":null,"Tên doanh nghiệp":"DOANH NGHIỆP TƯ NHÂN TÂN THÀNH ĐƯỢC BT 1296TS","Địa chỉ trụ sở chính":"Số 159/3 Ấp Thạnh Phước, xã Thạnh Phong","Người đại diện theo pháp luật":null,"Chủ sở hữu":"LÊ THỊ CHIẾN","layer_id":288,"fid":1196,"label":"DOANH NGHIỆP TƯ NHÂN TÂN THÀNH ĐƯỢC BT 1296TS"}},{"type":"Feature","geometry":{"type":"Point","coordinates":[106.513820233,9.950897958]},"properties":{"Mã số doanh nghiệp":"1300240484","Tên doanh nghiệp":"DOANH NGHIỆP TƯ NHÂN CƠ SỞ SẢN XUẤT NƯỚC ĐÁ VĨNH THẠNH","Địa chỉ trụ sở chính":"Ô 1, ấp 10, xã Thạnh Phú","Người đại diện theo pháp luật":null,"Chủ sở hữu":"LÊ XUÂN VŨ","layer_id":288,"fid":1197,"label":"DOANH NGHIỆP TƯ NHÂN CƠ SỞ SẢN XUẤT NƯỚC ĐÁ VĨNH THẠNH"}},{"type":"Feature","geometry":{"type":"Point","coordinates":[106.514654346,9.950662485]},"properties":{"Mã số doanh nghiệp":"1300399588","Tên doanh nghiệp":"CÔNG TY TNHH LONG PHÚ","Địa chỉ trụ sở chính":"Ấp 10, xã Thạnh Phú","Người đại diện theo pháp luật":"PHẠM NGỌC THỦY","Chủ sở hữu":null,"layer_id":288,"fid":1198,"label":"CÔNG TY TNHH LONG PHÚ"}},{"type":"Feature","geometry":{"type":"Point","coordinates":[106.130760474,10.259411415]},"properties":{"Mã số doanh nghiệp":"1300623487","Tên doanh nghiệp":"DOANH NGHIỆP TƯ NHÂN SẢN XUẤT KINH DOANH VĨNH THẠNH","Địa chỉ trụ sở chính":"Số 46/4, Thạnh Trị Hạ, xã Thạnh Phú","Người đại diện theo pháp luật":null,"Chủ sở hữu":"LÊ XUÂN CƯƠNG","layer_id":288,"fid":1199,"label":"DOANH NGHIỆP TƯ NHÂN SẢN XUẤT KINH DOANH VĨNH THẠNH"}},{"type":"Feature","geometry":{"type":"Point","coordinates":[106.446087036,10.021229664]},"properties":{"Mã số doanh nghiệp":"1300233800","Tên doanh nghiệp":"DOANH NGHIỆP TƯ NHÂN KIM PHÁT","Địa chỉ trụ sở chính":"Ấp khu phố, xã Đại Điền","Người đại diện theo pháp luật":null,"Chủ sở hữu":"HỒ TẤN PHÁT","layer_id":288,"fid":1200,"label":"DOANH NGHIỆP TƯ NHÂN KIM PHÁT"}},{"type":"Feature","geometry":{"type":"Point","coordinates":[106.447065722,10.004807886]},"properties":{"Mã số doanh nghiệp":"1300329005","Tên doanh nghiệp":"DOANH NGHIỆP TƯ NHÂN KIM TUYẾN","Địa chỉ trụ sở chính":"71/2, Ấp Thạnh, Xã Đại Điền","Người đại diện theo pháp luật":null,"Chủ sở hữu":"NGUYỄN TIẾN THÀNH","layer_id":288,"fid":1201,"label":"DOANH NGHIỆP TƯ NHÂN KIM TUYẾN"}},{"type":"Feature","geometry":{"type":"Point","coordinates":[106.580435916,9.894548098]},"properties":{"Mã số doanh nghiệp":"1300358849","Tên doanh nghiệp":"DOANH NGHIỆP TƯ NHÂN NGUYỄN ĐẠT NGUYÊN","Địa chỉ trụ sở chính":"20/2, Ấp An Bình, xã An Nhơn","Người đại diện theo pháp luật":null,"Chủ sở hữu":"NGUYỄN VĂN VUÔNG","layer_id":288,"fid":1202,"label":"DOANH NGHIỆP TƯ NHÂN NGUYỄN ĐẠT NGUYÊN"}},{"type":"Feature","geometry":{"type":"Point","coordinates":[106.3381438,9.937992626]},"properties":{"Mã số doanh nghiệp":"2100151944","Tên doanh nghiệp":"DOANH NGHIỆP TƯ NHÂN THU NHÀN","Địa chỉ trụ sở chính":"Đường Phạm Ngũ Lão, khóm 4, Phường Trà Vinh","Người đại diện theo pháp luật":null,"Chủ sở hữu":"PHẠM THỊ THU NHÀN","layer_id":288,"fid":1203,"label":"DOANH NGHIỆP TƯ NHÂN THU NHÀN"}},{"type":"Feature","geometry":{"type":"Point","coordinates":[106.341487172,9.935298842]},"properties":{"Mã số doanh nghiệp":"2100321642","Tên doanh nghiệp":"DOANH NGHIỆP TƯ NHÂN HÙNG PHƯỚC","Địa chỉ trụ sở chính":"Số 20-22 Điện Biên Phủ, Phường Trà Vinh","Người đại diện theo pháp luật":null,"Chủ sở hữu":"NGUYỄN VĂN BẢY","layer_id":288,"fid":1204,"label":"DOANH NGHIỆP TƯ NHÂN HÙNG PHƯỚC"}},{"type":"Feature","geometry":{"type":"Point","coordinates":[106.344146127,9.933380849]},"properties":{"Mã số doanh nghiệp":"2100100555","Tên doanh nghiệp":"DOANH NGHIỆP TƯ NHÂN DƯƠNG PHÁT","Địa chỉ trụ sở chính":"172A Bạch Đằng, khóm 4, Phường 3, Phường Trà Vinh","Người đại diện theo pháp luật":null,"Chủ sở hữu":"LÂM VĂN TRUNG","layer_id":288,"fid":1205,"label":"DOANH NGHIỆP TƯ NHÂN DƯƠNG PHÁT"}},{"type":"Feature","geometry":{"type":"Point","coordinates":[106.345588402,9.930776791]},"properties":{"Mã số doanh nghiệp":"2100403327","Tên doanh nghiệp":"CÔNG TY TNHH MỘT THÀNH VIÊN MINH MẪN","Địa chỉ trụ sở chính":"Số 71, Kho Dầu, Khóm 4, Phường Hòa Thuận","Người đại diện theo pháp luật":"NGUYỄN TRUNG DŨNG","Chủ sở hữu":"NGUYỄN TRUNG DŨNG","layer_id":288,"fid":1206,"label":"CÔNG TY TNHH MỘT THÀNH VIÊN MINH MẪN"}},{"type":"Feature","geometry":{"type":"Point","coordinates":[106.345438185,9.931072737]},"properties":{"Mã số doanh nghiệp":"2100310231","Tên doanh nghiệp":"CÔNG TY TNHH SẢN XUẤT THƯƠNG MẠI HÙNG ĐẠT","Địa chỉ trụ sở chính":"Số 51, Kho Dầu, Khóm 4, Phường Hòa Thuận","Người đại diện theo pháp luật":"ĐỖ ĐẠT VÂN","Chủ sở hữu":null,"layer_id":288,"fid":1207,"label":"CÔNG TY TNHH SẢN XUẤT THƯƠNG MẠI HÙNG ĐẠT"}},{"type":"Feature","geometry":{"type":"Point","coordinates":[106.337765455,9.937275787]},"properties":{"Mã số doanh nghiệp":"2100410564","Tên doanh nghiệp":"CÔNG TY TNHH MỘT THÀNH VIÊN THIẾT KẾ T.K.T","Địa chỉ trụ sở chính":"Số 347B/1, Phạm Ngũ Lão, Khóm 4, Phường 1, Phường Nguyệt Hóa","Người đại diện theo pháp luật":"LƯƠNG CHÂU TRÍ","Chủ sở hữu":"LƯƠNG CHÂU TRÍ","layer_id":288,"fid":1208,"label":"CÔNG TY TNHH MỘT THÀNH VIÊN THIẾT KẾ T.K.T"}},{"type":"Feature","geometry":{"type":"Point","coordinates":[106.333535793,9.931090284]},"properties":{"Mã số doanh nghiệp":"2100259232","Tên doanh nghiệp":"DOANH NGHIỆP TƯ NHÂN NAM CƯỜNG","Địa chỉ trụ sở chính":"Số 217 Nguyễn Thị Minh Khai, khóm 8, Phường Nguyệt Hóa","Người đại diện theo pháp luật":null,"Chủ sở hữu":"LƯƠNG THỊ THU HÀ","layer_id":288,"fid":1209,"label":"DOANH NGHIỆP TƯ NHÂN NAM CƯỜNG"}},{"type":"Feature","geometry":{"type":"Point","coordinates":[106.345204164,9.940427052]},"properties":{"Mã số doanh nghiệp":"2100107952","Tên doanh nghiệp":"DOANH NGHIỆP TƯ NHÂN KIM LOAN","Địa chỉ trụ sở chính":"Số 90 Bạch Đằng, Phường Long Đức","Người đại diện theo pháp luật":null,"Chủ sở hữu":"NGUYỄN THỊ KIM LOAN","layer_id":288,"fid":1210,"label":"DOANH NGHIỆP TƯ NHÂN KIM LOAN"}},{"type":"Feature","geometry":{"type":"Point","coordinates":[106.342532377,9.935670924]},"properties":{"Mã số doanh nghiệp":"2100341208","Tên doanh nghiệp":"CÔNG TY TNHH MỘT THÀNH VIÊN TẤN KÝ","Địa chỉ trụ sở chính":"Số 74, Độc Lập, Khóm 2, Phường 3, Phường Trà Vinh","Người đại diện theo pháp luật":"TRẦN THỊ NGỌC XUÂN","Chủ sở hữu":"TRẦN THỊ NGỌC XUÂN","layer_id":288,"fid":1211,"label":"CÔNG TY TNHH MỘT THÀNH VIÊN TẤN KÝ"}},{"type":"Feature","geometry":{"type":"Point","coordinates":[106.135217406,10.020130847]},"properties":{"Mã số doanh nghiệp":"2100405250","Tên doanh nghiệp":"DOANH NGHIỆP TƯ NHÂN TUẤN KIỆT","Địa chỉ trụ sở chính":"Ấp số 5, xã Càng Long","Người đại diện theo pháp luật":null,"Chủ sở hữu":"LÊ VĂN ÂN","layer_id":288,"fid":1212,"label":"DOANH NGHIỆP TƯ NHÂN TUẤN KIỆT"}},{"type":"Feature","geometry":{"type":"Point","coordinates":[106.350656078,9.939185694]},"properties":{"Mã số doanh nghiệp":"2100257323","Tên doanh nghiệp":"DOANH NGHIỆP TƯ NHÂN ĐỒNG QUÊ","Địa chỉ trụ sở chính":"Ấp Đầu Bờ, Xã Hòa Thuận, phường Hòa Thuận","Người đại diện theo pháp luật":null,"Chủ sở hữu":"ĐƯỜNG CÔNG TẠO","layer_id":288,"fid":1213,"label":"DOANH NGHIỆP TƯ NHÂN ĐỒNG QUÊ"}},{"type":"Feature","geometry":{"type":"Point","coordinates":[106.239401457,9.884154829]},"properties":{"Mã số doanh nghiệp":"2100214418","Tên doanh nghiệp":"DOANH NGHIỆP TƯ NHÂN QUỐC DŨNG","Địa chỉ trụ sở chính":"Quốc lộ 60, ấp Trà Nóc, Xã Song Lộc","Người đại diện theo pháp luật":null,"Chủ sở hữu":"NGUYỄN VĂN CHỈNH","layer_id":288,"fid":1214,"label":"DOANH NGHIỆP TƯ NHÂN QUỐC DŨNG"}},{"type":"Feature","geometry":{"type":"Point","coordinates":[106.080111734,9.796879193]},"properties":{"Mã số doanh nghiệp":"2100394464","Tên doanh nghiệp":"DOANH NGHIỆP TƯ NHÂN TUYẾT LOAN","Địa chỉ trụ sở chính":"Ấp Mỹ Văn, Xã Ninh Thới, Xã Phong Thạnh","Người đại diện theo pháp luật":null,"Chủ sở hữu":"PHAN THANH DŨNG","layer_id":288,"fid":1215,"label":"DOANH NGHIỆP TƯ NHÂN TUYẾT LOAN"}},{"type":"Feature","geometry":{"type":"Point","coordinates":[106.061079751,9.870280367]},"properties":{"Mã số doanh nghiệp":"2100324139","Tên doanh nghiệp":"DOANH NGHIỆP TƯ NHÂN NAM PHONG","Địa chỉ trụ sở chính":"Khóm 3, Xã Cầu Kè","Người đại diện theo pháp luật":null,"Chủ sở hữu":"NGUYỄN VĂN QUÂN","layer_id":288,"fid":1216,"label":"DOANH NGHIỆP TƯ NHÂN NAM PHONG"}},{"type":"Feature","geometry":{"type":"Point","coordinates":[106.073124299,9.903150896]},"properties":{"Mã số doanh nghiệp":"2100260460","Tên doanh nghiệp":"DOANH NGHIỆP TƯ NHÂN HUỲNH HƯNG","Địa chỉ trụ sở chính":"Ấp Giồng Dầu, Xã Cầu Kè","Người đại diện theo pháp luật":null,"Chủ sở hữu":"HUỲNH VĂN HƯNG","layer_id":288,"fid":1217,"label":"DOANH NGHIỆP TƯ NHÂN HUỲNH HƯNG"}},{"type":"Feature","geometry":{"type":"Point","coordinates":[106.185942052,9.81570331]},"properties":{"Mã số doanh nghiệp":"2100321089","Tên doanh nghiệp":"CÔNG TY TNHH XÂY DỰNG NHẬT THANH","Địa chỉ trụ sở chính":"Số 052, Khóm 2, Xã Tiểu Cần","Người đại diện theo pháp luật":"VÕ VĂN CƯ","Chủ sở hữu":null,"layer_id":288,"fid":1218,"label":"CÔNG TY TNHH XÂY DỰNG NHẬT THANH"}},{"type":"Feature","geometry":{"type":"Point","coordinates":[106.449444932,9.850207195]},"properties":{"Mã số doanh nghiệp":"2100383487","Tên doanh nghiệp":"CÔNG TY TNHH MỘT THÀNH VIÊN PHẦM MỀM TRE VIỆT","Địa chỉ trụ sở chính":"Ấp Chà Và, Xã Vinh Kim","Người đại diện theo pháp luật":"CAO HỒNG VŨ","Chủ sở hữu":"CAO HỒNG VŨ","layer_id":288,"fid":1219,"label":"CÔNG TY TNHH MỘT THÀNH VIÊN PHẦM MỀM TRE VIỆT"}},{"type":"Feature","geometry":{"type":"Point","coordinates":[106.484581671,9.750909909]},"properties":{"Mã số doanh nghiệp":"2100195130","Tên doanh nghiệp":"DOANH NGHIỆP TƯ NHÂN NGUYỄN VĂN THỨC","Địa chỉ trụ sở chính":"Ấp Cái Gìa Trên, Xã Hiệp Mỹ","Người đại diện theo pháp luật":null,"Chủ sở hữu":"NGUYỄN VĂN THỨC","layer_id":288,"fid":1220,"label":"DOANH NGHIỆP TƯ NHÂN NGUYỄN VĂN THỨC"}},{"type":"Feature","geometry":{"type":"Point","coordinates":[106.257737002,9.685954697]},"properties":{"Mã số doanh nghiệp":null,"Tên doanh nghiệp":"CÔNG TY TNHH XD-SX-TM-DV HOA HỒNG PHÁT","Địa chỉ trụ sở chính":"Lô 3, Khóm 3, Xã Trà Cú","Người đại diện theo pháp luật":"CHÂU A LY","Chủ sở hữu":null,"layer_id":288,"fid":1221,"label":"CÔNG TY TNHH XD-SX-TM-DV HOA HỒNG PHÁT"}},{"type":"Feature","geometry":{"type":"Point","coordinates":[105.961620705,10.25598042]},"properties":{"Mã số doanh nghiệp":null,"Tên doanh nghiệp":"CÔNG TY TNHH TƯ VẤN - THIẾT KẾ GIAO THÔNG VÀ XÂY DỰNG PHÍA NAM","Địa chỉ trụ sở chính":"Số 264A đường Phạm Hùng, Phường Long Châu","Người đại diện theo pháp luật":"NGUYỄN HÙNG HOÀNG","Chủ sở hữu":null,"layer_id":288,"fid":1222,"label":"CÔNG TY TNHH TƯ VẤN - THIẾT KẾ GIAO THÔNG VÀ XÂY DỰNG PHÍA NAM"}},{"type":"Feature","geometry":{"type":"Point","coordinates":[105.978287994,10.244911528]},"properties":{"Mã số doanh nghiệp":null,"Tên doanh nghiệp":"CÔNG TY TƯ VẤN - ĐẦU TƯ - XÂY DỰNG TÂN LỘC THÀNH (TNHH)","Địa chỉ trụ sở chính":"Số 111/9 đường Phạm Thái Bường, phường Phước Hậu","Người đại diện theo pháp luật":"NGUYỄN THẾ THẮNG","Chủ sở hữu":null,"layer_id":288,"fid":1223,"label":"CÔNG TY TƯ VẤN - ĐẦU TƯ - XÂY DỰNG TÂN LỘC THÀNH (TNHH)"}},{"type":"Feature","geometry":{"type":"Point","coordinates":[105.946307266,10.257851012]},"properties":{"Mã số doanh nghiệp":null,"Tên doanh nghiệp":"CÔNG TY TRÁCH NHIỆM HỮU HẠN XÂY DỰNG PHÁT THÀNH ĐẠT","Địa chỉ trụ sở chính":"Số 18/28 đường Phạm Hùng, Phường Long Châu","Người đại diện theo pháp luật":"NGHIÊM XUÂN ĐẼ","Chủ sở hữu":null,"layer_id":288,"fid":1224,"label":"CÔNG TY TRÁCH NHIỆM HỮU HẠN XÂY DỰNG PHÁT THÀNH ĐẠT"}},{"type":"Feature","geometry":{"type":"Point","coordinates":[105.956233979,10.257642267]},"properties":{"Mã số doanh nghiệp":null,"Tên doanh nghiệp":"DOANH NGHIỆP TƯ NHÂN HOÀ LỢI","Địa chỉ trụ sở chính":"số 177/3 đường Phạm Hùng, Phường Long Châu","Người đại diện theo pháp luật":null,"Chủ sở hữu":"PHẠM TẤN HOÀNG","layer_id":288,"fid":1225,"label":"DOANH NGHIỆP TƯ NHÂN HOÀ LỢI"}},{"type":"Feature","geometry":{"type":"Point","coordinates":[105.943099937,10.260547228]},"properties":{"Mã số doanh nghiệp":"1500416304","Tên doanh nghiệp":"CÔNG TY TNHH MỘT THÀNH VIÊN NGHĨA NHƠN","Địa chỉ trụ sở chính":"Số 29B đường Phạm Hùng, khóm 5, Phường Long Châu","Người đại diện theo pháp luật":"MAI VĂN NHƠN","Chủ sở hữu":"MAI VĂN NHƠN","layer_id":288,"fid":1226,"label":"CÔNG TY TNHH MỘT THÀNH VIÊN NGHĨA NHƠN"}},{"type":"Feature","geometry":{"type":"Point","coordinates":[105.95657549,10.238992924]},"properties":{"Mã số doanh nghiệp":"1500421960","Tên doanh nghiệp":"CÔNG TY TRÁCH NHIỆM HỮU HẠN TĂNG VĨNH TIẾN","Địa chỉ trụ sở chính":"Số 1/4D đường Đinh Tiên Hoàng, phường Tân Hạnh","Người đại diện theo pháp luật":"NGUYỄN THỊ ĐIỆP","Chủ sở hữu":null,"layer_id":288,"fid":1227,"label":"CÔNG TY TRÁCH NHIỆM HỮU HẠN TĂNG VĨNH TIẾN"}},{"type":"Feature","geometry":{"type":"Point","coordinates":[105.973398282,10.256535932]},"properties":{"Mã số doanh nghiệp":null,"Tên doanh nghiệp":"DOANH NGHIỆP TƯ NHÂN TIỆM VÀNG MINH PHÚ","Địa chỉ trụ sở chính":"Số 6 đường 3 tháng 2, phường Long Châu","Người đại diện theo pháp luật":null,"Chủ sở hữu":"NGUYỄN MINH PHÚ","layer_id":288,"fid":1228,"label":"DOANH NGHIỆP TƯ NHÂN TIỆM VÀNG MINH PHÚ"}},{"type":"Feature","geometry":{"type":"Point","coordinates":[105.94922098,10.259228058]},"properties":{"Mã số doanh nghiệp":null,"Tên doanh nghiệp":"CÔNG TY TNHH KHÁNH LONG","Địa chỉ trụ sở chính":"Số 174/4 đường Phạm Hùng, phường Long Châu","Người đại diện theo pháp luật":"ĐINH LONG","Chủ sở hữu":null,"layer_id":288,"fid":1229,"label":"CÔNG TY TNHH KHÁNH LONG"}},{"type":"Feature","geometry":{"type":"Point","coordinates":[105.979599655,10.252733904]},"properties":{"Mã số doanh nghiệp":null,"Tên doanh nghiệp":"DOANH NGHIỆP TƯ NHÂN THANH DANH","Địa chỉ trụ sở chính":"Số 44/1 đường 8 tháng 3, Phường Thanh Đức","Người đại diện theo pháp luật":null,"Chủ sở hữu":"LÊ CÔNG DANH","layer_id":288,"fid":1230,"label":"DOANH NGHIỆP TƯ NHÂN THANH DANH"}},{"type":"Feature","geometry":{"type":"Point","coordinates":[105.941281402,10.260362949]},"properties":{"Mã số doanh nghiệp":"1500645576","Tên doanh nghiệp":"DOANH NGHIỆP TƯ NHÂN  TI61N PHÁT TIẾN","Địa chỉ trụ sở chính":"Số 2A/1, dường Phạm Hùng, khóm 5, phường Long Châu","Người đại diện theo pháp luật":null,"Chủ sở hữu":"BÙI HỮU QUÍ","layer_id":288,"fid":1231,"label":"DOANH NGHIỆP TƯ NHÂN  TI61N PHÁT TIẾN"}},{"type":"Feature","geometry":{"type":"Point","coordinates":[105.947423896,10.258400959]},"properties":{"Mã số doanh nghiệp":null,"Tên doanh nghiệp":"CÔNG TY TNHH TƯ VẤN ĐẦU TƯ VÀ XÂY DỰNG RẠNG ĐÔNG","Địa chỉ trụ sở chính":"Số 164/36 đường Phạm Hùng, phường Long Châu","Người đại diện theo pháp luật":"LÊ TUÂN","Chủ sở hữu":null,"layer_id":288,"fid":1232,"label":"CÔNG TY TNHH TƯ VẤN ĐẦU TƯ VÀ XÂY DỰNG RẠNG ĐÔNG"}},{"type":"Feature","geometry":{"type":"Point","coordinates":[105.958135196,10.238201663]},"properties":{"Mã số doanh nghiệp":null,"Tên doanh nghiệp":"DOANH NGHIỆP TƯ NHÂN PHƯỚC HÒA","Địa chỉ trụ sở chính":"Số 67/27, đường Phó Cơ Điều, phường Tân Hạnh","Người đại diện theo pháp luật":null,"Chủ sở hữu":"ĐẶNG THỊ MỘNG ĐIỆP","layer_id":288,"fid":1233,"label":"DOANH NGHIỆP TƯ NHÂN PHƯỚC HÒA"}},{"type":"Feature","geometry":{"type":"Point","coordinates":[105.960188804,10.248471159]},"properties":{"Mã số doanh nghiệp":null,"Tên doanh nghiệp":"DOANH NGHIỆP TƯ NHÂN  TRUNG TÂM TIN HỌC THANH PHONG","Địa chỉ trụ sở chính":"Số 188, đường Nguyễn Huệ, khóm I, phường Long Châu","Người đại diện theo pháp luật":null,"Chủ sở hữu":"NGUYỄN THANH PHONG","layer_id":288,"fid":1234,"label":"DOANH NGHIỆP TƯ NHÂN  TRUNG TÂM TIN HỌC THANH PHONG"}},{"type":"Feature","geometry":{"type":"Point","coordinates":[105.972552075,10.255994865]},"properties":{"Mã số doanh nghiệp":null,"Tên doanh nghiệp":"DOANH NGHIỆP TƯ NHÂN ĐỖ LỘC","Địa chỉ trụ sở chính":"Chợ mới Vĩnh Long đường Đoàn Thị Điểm, Phường Long Châu","Người đại diện theo pháp luật":null,"Chủ sở hữu":"ĐỖ THỊ LIÊN","layer_id":288,"fid":1235,"label":"DOANH NGHIỆP TƯ NHÂN ĐỖ LỘC"}},{"type":"Feature","geometry":{"type":"Point","coordinates":[105.957821019,10.241653936]},"properties":{"Mã số doanh nghiệp":null,"Tên doanh nghiệp":"DOANH NGHIỆP TƯ NHÂN LÊ KÝ","Địa chỉ trụ sở chính":"Số 157 đường Nguyễn Huệ, Phường Long Châu","Người đại diện theo pháp luật":null,"Chủ sở hữu":"LÊ  THỊ KÝ","layer_id":288,"fid":1236,"label":"DOANH NGHIỆP TƯ NHÂN LÊ KÝ"}},{"type":"Feature","geometry":{"type":"Point","coordinates":[105.947805267,10.216692391]},"properties":{"Mã số doanh nghiệp":null,"Tên doanh nghiệp":"DOANH NGHIỆP TƯ NHÂN ĐẠI THỐNG","Địa chỉ trụ sở chính":"Số 9 D, ấp Tân Hưng, Phường Tân Hạnh","Người đại diện theo pháp luật":null,"Chủ sở hữu":"VÕ THỊ THÚY KIỀU","layer_id":288,"fid":1237,"label":"DOANH NGHIỆP TƯ NHÂN ĐẠI THỐNG"}},{"type":"Feature","geometry":{"type":"Point","coordinates":[105.955660987,10.230586491]},"properties":{"Mã số doanh nghiệp":null,"Tên doanh nghiệp":"DOANH NGHIỆP TƯ NHÂN THƯƠNG MẠI CƯỜNG TIẾN","Địa chỉ trụ sở chính":"Số 91 C đường Đinh Tiên Hoàng, Phường Tân Hạnh","Người đại diện theo pháp luật":null,"Chủ sở hữu":"PHAN CHÍ CƯỜNG","layer_id":288,"fid":1238,"label":"DOANH NGHIỆP TƯ NHÂN THƯƠNG MẠI CƯỜNG TIẾN"}},{"type":"Feature","geometry":{"type":"Point","coordinates":[105.946925648,10.231915825]},"properties":{"Mã số doanh nghiệp":null,"Tên doanh nghiệp":"DOANH NGHIỆP TƯ NHÂN THÁI DƯƠNG","Địa chỉ trụ sở chính":"Số M 124, đường Đinh Tiên Hoàng, Phường Tân Hạnh","Người đại diện theo pháp luật":null,"Chủ sở hữu":"NGUYỄN VĂN CHẤN","layer_id":288,"fid":1239,"label":"DOANH NGHIỆP TƯ NHÂN THÁI DƯƠNG"}},{"type":"Feature","geometry":{"type":"Point","coordinates":[105.974989641,10.252113377]},"properties":{"Mã số doanh nghiệp":null,"Tên doanh nghiệp":"DOANH NGHIỆP TƯ NHÂN CẨM LUÂN","Địa chỉ trụ sở chính":"Số 13/2, đường Hưng Đạo Vương, Phường Long Châu","Người đại diện theo pháp luật":null,"Chủ sở hữu":"THÁI CẨM LUÂN","layer_id":288,"fid":1240,"label":"DOANH NGHIỆP TƯ NHÂN CẨM LUÂN"}},{"type":"Feature","geometry":{"type":"Point","coordinates":[105.958287654,10.238887688]},"properties":{"Mã số doanh nghiệp":"1500653947","Tên doanh nghiệp":"CÔNG TY CỔ PHẦN ÁNH THUỶ","Địa chỉ trụ sở chính":"Số 01 đường Phan Đình Phùng, Phường Tân Hạnh","Người đại diện theo pháp luật":"TRẦN MINH CHÂU","Chủ sở hữu":null,"layer_id":288,"fid":1241,"label":"CÔNG TY CỔ PHẦN ÁNH THUỶ"}},{"type":"Feature","geometry":{"type":"Point","coordinates":[105.960393757,10.256028087]},"properties":{"Mã số doanh nghiệp":null,"Tên doanh nghiệp":"NHÀ HÀNG XUÂN HƯƠNG (DNTN)","Địa chỉ trụ sở chính":"Số 245A đường Phạm Hùng, phường Long Châu","Người đại diện theo pháp luật":null,"Chủ sở hữu":"TRẦN THỊ NHAN","layer_id":288,"fid":1242,"label":"NHÀ HÀNG XUÂN HƯƠNG (DNTN)"}},{"type":"Feature","geometry":{"type":"Point","coordinates":[105.988818072,10.235754633]},"properties":{"Mã số doanh nghiệp":null,"Tên doanh nghiệp":"DOANH NGHIỆP TƯ NHÂN ĐỨC THÀNH","Địa chỉ trụ sở chính":"Số 35/2A, khóm 6, Phường Phước Hậu","Người đại diện theo pháp luật":null,"Chủ sở hữu":"NGUYỄN THỊ DIỆU","layer_id":288,"fid":1243,"label":"DOANH NGHIỆP TƯ NHÂN ĐỨC THÀNH"}},{"type":"Feature","geometry":{"type":"Point","coordinates":[105.97334905,10.25661233]},"properties":{"Mã số doanh nghiệp":null,"Tên doanh nghiệp":"TIỆM VÀNG KIM THÀNH II (DNTN)","Địa chỉ trụ sở chính":"Số 16A đướng 3 tháng 2, phường Long Châu","Người đại diện theo pháp luật":null,"Chủ sở hữu":"NGUYỄN THANH HÙNG","layer_id":288,"fid":1244,"label":"TIỆM VÀNG KIM THÀNH II (DNTN)"}},{"type":"Feature","geometry":{"type":"Point","coordinates":[105.95178706,10.223070245]},"properties":{"Mã số doanh nghiệp":null,"Tên doanh nghiệp":"DOANH NGHIỆP TƯ NHÂN NGỌC HUỆ","Địa chỉ trụ sở chính":"Số 82 F, đường Đinh Tiên Hoàng, phường Tân Hạnh","Người đại diện theo pháp luật":null,"Chủ sở hữu":"TRẦN NGỌC HUỆ","layer_id":288,"fid":1245,"label":"DOANH NGHIỆP TƯ NHÂN NGỌC HUỆ"}},{"type":"Feature","geometry":{"type":"Point","coordinates":[105.95921455,10.239579003]},"properties":{"Mã số doanh nghiệp":null,"Tên doanh nghiệp":"DOANH NGHIỆP TƯ NHÂN  NGỌC ÁNH","Địa chỉ trụ sở chính":"sỐ 21 đường Nguyễn Trung Trực, Phường Tân Hạnh","Người đại diện theo pháp luật":null,"Chủ sở hữu":"PHẠM THỊ NGỌC ÁNH","layer_id":288,"fid":1246,"label":"DOANH NGHIỆP TƯ NHÂN  NGỌC ÁNH"}},{"type":"Feature","geometry":{"type":"Point","coordinates":[105.969685732,10.25202429]},"properties":{"Mã số doanh nghiệp":null,"Tên doanh nghiệp":"DOANH NGHIỆP TƯ NHÂN  SX VÀ TM TÂN TIẾN","Địa chỉ trụ sở chính":"Số 10, đường Võ Thị Sáu, phường Long Châu","Người đại diện theo pháp luật":null,"Chủ sở hữu":"TRẦN THÁI BẢO","layer_id":288,"fid":1247,"label":"DOANH NGHIỆP TƯ NHÂN  SX VÀ TM TÂN TIẾN"}},{"type":"Feature","geometry":{"type":"Point","coordinates":[105.951543253,10.258298934]},"properties":{"Mã số doanh nghiệp":"1500496853","Tên doanh nghiệp":"CÔNG TY CỔ PHẦN VẬN TẢI & GIAO NHẬN BIA SÀI GÒN MIỀN TÂY","Địa chỉ trụ sở chính":"Số 5E, đường Phạm Hùng, phường Long Châu","Người đại diện theo pháp luật":"NGUYỄN QUANG TIẾP","Chủ sở hữu":null,"layer_id":288,"fid":1248,"label":"CÔNG TY CỔ PHẦN VẬN TẢI & GIAO NHẬN BIA SÀI GÒN MIỀN TÂY"}},{"type":"Feature","geometry":{"type":"Point","coordinates":[105.94129746,10.244661739]},"properties":{"Mã số doanh nghiệp":"1500429374","Tên doanh nghiệp":"DOANH NGHIỆP TƯ NHÂN THY VIỆT","Địa chỉ trụ sở chính":"Số A38 khóm 5, phường Long Châu","Người đại diện theo pháp luật":null,"Chủ sở hữu":"NGUYỄN THANH HOÀNG","layer_id":288,"fid":1249,"label":"DOANH NGHIỆP TƯ NHÂN THY VIỆT"}},{"type":"Feature","geometry":{"type":"Point","coordinates":[106.376808205,10.235364384]},"properties":{"Mã số doanh nghiệp":null,"Tên doanh nghiệp":"DOANH NGHIỆP TƯ NHÂN THIÊN THANH","Địa chỉ trụ sở chính":"Số 21, Nguyễn Du, Phường An Hội","Người đại diện theo pháp luật":null,"Chủ sở hữu":"NGUYỄN THỊ LỆ","layer_id":288,"fid":1250,"label":"DOANH NGHIỆP TƯ NHÂN THIÊN THANH"}},{"type":"Feature","geometry":{"type":"Point","coordinates":[106.36894256,10.237602166]},"properties":{"Mã số doanh nghiệp":"1300227211","Tên doanh nghiệp":"DOANH NGHIỆP TƯ NHÂN THANH UYÊN","Địa chỉ trụ sở chính":"Số 351A Trương Định, phường An Hội","Người đại diện theo pháp luật":null,"Chủ sở hữu":"LÊ THỊ ÁNH HUỆ","layer_id":288,"fid":1251,"label":"DOANH NGHIỆP TƯ NHÂN THANH UYÊN"}},{"type":"Feature","geometry":{"type":"Point","coordinates":[106.364442957,10.246723105]},"properties":{"Mã số doanh nghiệp":"1300498740","Tên doanh nghiệp":"CÔNG TY TNHH ĐẦU TƯ XÂY DỰNG - THƯƠNG MẠI VÀ DỊCH VỤ HOÀNG HUÂN","Địa chỉ trụ sở chính":"Số 23B, Trương Định, phường Sơn Đông","Người đại diện theo pháp luật":"ĐOÀN HOÀNG HUÂN","Chủ sở hữu":null,"layer_id":288,"fid":1252,"label":"CÔNG TY TNHH ĐẦU TƯ XÂY DỰNG - THƯƠNG MẠI VÀ DỊCH VỤ HOÀNG HUÂN"}},{"type":"Feature","geometry":{"type":"Point","coordinates":[106.379604848,10.235748077]},"properties":{"Mã số doanh nghiệp":null,"Tên doanh nghiệp":"DOANH NGHIỆP TƯ NHÂN DƯƠNG CÔNG HIỆU","Địa chỉ trụ sở chính":"81 Nguyễn Trung Trực, phường An Hội","Người đại diện theo pháp luật":null,"Chủ sở hữu":"HỨA THỊ MINH PHƯƠNG","layer_id":288,"fid":1253,"label":"DOANH NGHIỆP TƯ NHÂN DƯƠNG CÔNG HIỆU"}},{"type":"Feature","geometry":{"type":"Point","coordinates":[106.357975676,10.25202691]},"properties":{"Mã số doanh nghiệp":"1300388811","Tên doanh nghiệp":"DOANH NGHIỆP TƯ NHÂN NHÀ TRỌ HOA CÚC","Địa chỉ trụ sở chính":"509/1 Quốc lộ 60, ấp 1, Phường Sơn Đông","Người đại diện theo pháp luật":null,"Chủ sở hữu":"VÕ HOÀNG TUẤN","layer_id":288,"fid":1254,"label":"DOANH NGHIỆP TƯ NHÂN NHÀ TRỌ HOA CÚC"}},{"type":"Feature","geometry":{"type":"Point","coordinates":[106.357899123,10.253797175]},"properties":{"Mã số doanh nghiệp":"1300414701","Tên doanh nghiệp":"DOANH NGHIỆP TƯ NHÂN HẢI NGUYÊN","Địa chỉ trụ sở chính":"Số 348/1 Quốc lộ 60, ấp 1, Phường Sơn Đông","Người đại diện theo pháp luật":null,"Chủ sở hữu":"NGÔ THỊ BÌNH","layer_id":288,"fid":1255,"label":"DOANH NGHIỆP TƯ NHÂN HẢI NGUYÊN"}},{"type":"Feature","geometry":{"type":"Point","coordinates":[106.397265152,10.256626225]},"properties":{"Mã số doanh nghiệp":"1300389237","Tên doanh nghiệp":"DOANH NGHIỆP TƯ NHÂN NHÀ NGHỈ PHÚ THÀNH","Địa chỉ trụ sở chính":"286 ấp Phú Thành, Phường Phú Khương","Người đại diện theo pháp luật":null,"Chủ sở hữu":"NGUYỄN THỊ CHÁT","layer_id":288,"fid":1256,"label":"DOANH NGHIỆP TƯ NHÂN NHÀ NGHỈ PHÚ THÀNH"}},{"type":"Feature","geometry":{"type":"Point","coordinates":[106.356463582,10.228817908]},"properties":{"Mã số doanh nghiệp":"1300399299","Tên doanh nghiệp":"DOANH NGHIỆP TƯ NHÂN NHẬT NAM","Địa chỉ trụ sở chính":"48C1, Khóm III, Phường Bến Tre","Người đại diện theo pháp luật":null,"Chủ sở hữu":"NGUYỄN VĂN KIỆT","layer_id":288,"fid":1257,"label":"DOANH NGHIỆP TƯ NHÂN NHẬT NAM"}},{"type":"Feature","geometry":{"type":"Point","coordinates":[106.21911672,10.16321239]},"properties":{"Mã số doanh nghiệp":"1300420060","Tên doanh nghiệp":"DOANH NGHIỆP TƯ NHÂN LÊ ĐỊNH","Địa chỉ trụ sở chính":"Xã Hưng Khánh Trung","Người đại diện theo pháp luật":null,"Chủ sở hữu":"LÊ VĂN ĐỊNH","layer_id":288,"fid":1258,"label":"DOANH NGHIỆP TƯ NHÂN LÊ ĐỊNH"}},{"type":"Feature","geometry":{"type":"Point","coordinates":[106.349064073,10.237309043]},"properties":{"Mã số doanh nghiệp":"1300459879","Tên doanh nghiệp":"DOANH NGHIỆP TƯ NHÂN XĂNG DẦU XUÂN PHÁT","Địa chỉ trụ sở chính":"ấp Bình Thành, Phường Sơn Đông","Người đại diện theo pháp luật":null,"Chủ sở hữu":"TRẦN THỊ THÚY HẰNG","layer_id":288,"fid":1259,"label":"DOANH NGHIỆP TƯ NHÂN XĂNG DẦU XUÂN PHÁT"}},{"type":"Feature","geometry":{"type":"Point","coordinates":[106.349960897,10.22344898]},"properties":{"Mã số doanh nghiệp":null,"Tên doanh nghiệp":"DOANH NGHIỆP TƯ NHÂN TƯ VẤN - XÂY DỰNG HOÀNG PHÚ","Địa chỉ trụ sở chính":"Số 124B, Nguyễn Văn Tư, Phường Bến Tre","Người đại diện theo pháp luật":null,"Chủ sở hữu":"PHẠM HOÀNG PHI","layer_id":288,"fid":1260,"label":"DOANH NGHIỆP TƯ NHÂN TƯ VẤN - XÂY DỰNG HOÀNG PHÚ"}},{"type":"Feature","geometry":{"type":"Point","coordinates":[106.357143196,10.250216942]},"properties":{"Mã số doanh nghiệp":"1300357965","Tên doanh nghiệp":"DOANH NGHIỆP TƯ NHÂN THÂN BẾN THÀNH","Địa chỉ trụ sở chính":"576/1 ấp I, Phường Sơn Đông","Người đại diện theo pháp luật":null,"Chủ sở hữu":"TRƯƠNG THỊ TRÚC MAI","layer_id":288,"fid":1261,"label":"DOANH NGHIỆP TƯ NHÂN THÂN BẾN THÀNH"}},{"type":"Feature","geometry":{"type":"Point","coordinates":[106.369093429,10.235159988]},"properties":{"Mã số doanh nghiệp":"1300406940","Tên doanh nghiệp":"DOANH NGHIỆP TƯ NHÂN AN THÁI","Địa chỉ trụ sở chính":"299C, Hoàng Lam, Phường An Hội","Người đại diện theo pháp luật":null,"Chủ sở hữu":"TRẦN THỊ GƯƠNG","layer_id":288,"fid":1262,"label":"DOANH NGHIỆP TƯ NHÂN AN THÁI"}},{"type":"Feature","geometry":{"type":"Point","coordinates":[106.587913907,10.042266482]},"properties":{"Mã số doanh nghiệp":null,"Tên doanh nghiệp":"DOANH NGHIỆP TƯ NHÂN DANH NGHĨA","Địa chỉ trụ sở chính":"38 Phan Ngọc Tòng, Xã Ba Tri","Người đại diện theo pháp luật":null,"Chủ sở hữu":"NGUYỄN THÀNH CÔNG","layer_id":288,"fid":1263,"label":"DOANH NGHIỆP TƯ NHÂN DANH NGHĨA"}},{"type":"Feature","geometry":{"type":"Point","coordinates":[106.584051767,10.233340768]},"properties":{"Mã số doanh nghiệp":null,"Tên doanh nghiệp":"DOANH NGHIỆP TƯ NHÂN DỊCH VỤ THƯƠNG MẠI HOÀNG KIM","Địa chỉ trụ sở chính":"ấp Phú Thành, Xã Bình Đại","Người đại diện theo pháp luật":null,"Chủ sở hữu":"NGUYỄN THỊ THANH XUÂN","layer_id":288,"fid":1264,"label":"DOANH NGHIỆP TƯ NHÂN DỊCH VỤ THƯƠNG MẠI HOÀNG KIM"}},{"type":"Feature","geometry":{"type":"Point","coordinates":[106.364340558,10.234498297]},"properties":{"Mã số doanh nghiệp":"1300461885","Tên doanh nghiệp":"CÔNG TY TNHH MỘT THÀNH VIÊN ĐIỆN TỬ VIỄN ĐÔNG BẾN TRE","Địa chỉ trụ sở chính":"Số 305D, khu phố 4, Nguyễn Văn Tư, Phường Bến Tre","Người đại diện theo pháp luật":"PHẠM VĂN LƯỢM","Chủ sở hữu":"PHẠM VĂN LƯỢM","layer_id":288,"fid":1265,"label":"CÔNG TY TNHH MỘT THÀNH VIÊN ĐIỆN TỬ VIỄN ĐÔNG BẾN TRE"}},{"type":"Feature","geometry":{"type":"Point","coordinates":[106.522713153,10.137851522]},"properties":{"Mã số doanh nghiệp":"1300491833","Tên doanh nghiệp":"CÔNG TY TNHH MỘT THÀNH VIÊN CỬU LONG","Địa chỉ trụ sở chính":"Số 30C, ấp Bình Thành, Xã Giồng Trôm\n","Người đại diện theo pháp luật":"NGUYỄN MINH TUẤN","Chủ sở hữu":"NGUYỄN MINH TUẤN","layer_id":288,"fid":1266,"label":"CÔNG TY TNHH MỘT THÀNH VIÊN CỬU LONG"}},{"type":"Feature","geometry":{"type":"Point","coordinates":[106.338552381,10.266536736]},"properties":{"Mã số doanh nghiệp":null,"Tên doanh nghiệp":"DOANH NGHIỆP TƯ NHÂN KHỔNG HIỆP","Địa chỉ trụ sở chính":"Số 01, ấp 2, Phường Sơn Đông","Người đại diện theo pháp luật":null,"Chủ sở hữu":"PHẠM VĂN KHIẾT","layer_id":288,"fid":1267,"label":"DOANH NGHIỆP TƯ NHÂN KHỔNG HIỆP"}},{"type":"Feature","geometry":{"type":"Point","coordinates":[106.393062655,10.238127526]},"properties":{"Mã số doanh nghiệp":"1300248035","Tên doanh nghiệp":"DOANH NGHIỆP TƯ NHÂN XÂY DỰNG THƯƠNG MẠI TRẦN ĐẠT","Địa chỉ trụ sở chính":"Số 139B, đường Nguyễn Đình Chiểu, Phường Phú Khương","Người đại diện theo pháp luật":null,"Chủ sở hữu":"NGUYỄN ANH THƯ","layer_id":288,"fid":1268,"label":"DOANH NGHIỆP TƯ NHÂN XÂY DỰNG THƯƠNG MẠI TRẦN ĐẠT"}},{"type":"Feature","geometry":{"type":"Point","coordinates":[106.40397355,10.242462907]},"properties":{"Mã số doanh nghiệp":null,"Tên doanh nghiệp":"DOANH NGHIỆP TƯ NHÂN THANH TRÚC","Địa chỉ trụ sở chính":"460D, ấp Phú Chiến, Phường Phú Khương","Người đại diện theo pháp luật":null,"Chủ sở hữu":"VÕ THỊ THANH TRÚC","layer_id":288,"fid":1269,"label":"DOANH NGHIỆP TƯ NHÂN THANH TRÚC"}},{"type":"Feature","geometry":{"type":"Point","coordinates":[106.383447645,10.236040944]},"properties":{"Mã số doanh nghiệp":"1300350328","Tên doanh nghiệp":"DOANH NGHIỆP TƯ NHÂN NGỌC THÁI","Địa chỉ trụ sở chính":"133D, Khu phố 3, Phường Phú Khương","Người đại diện theo pháp luật":null,"Chủ sở hữu":"NGUYỄN NGỌC THÁI","layer_id":288,"fid":1270,"label":"DOANH NGHIỆP TƯ NHÂN NGỌC THÁI"}},{"type":"Feature","geometry":{"type":"Point","coordinates":[106.376555883,10.255802633]},"properties":{"Mã số doanh nghiệp":"1300375361","Tên doanh nghiệp":"DOANH NGHIỆP TƯ NHÂN QUÊ HƯƠNG","Địa chỉ trụ sở chính":"10/F3, ấp Phú Dân, Phường Phú Khương","Người đại diện theo pháp luật":null,"Chủ sở hữu":"TRẦN HỮU NGHĨA","layer_id":288,"fid":1271,"label":"DOANH NGHIỆP TƯ NHÂN QUÊ HƯƠNG"}},{"type":"Feature","geometry":{"type":"Point","coordinates":[106.357751401,10.250299307]},"properties":{"Mã số doanh nghiệp":"1300340520","Tên doanh nghiệp":"DOANH NGHIỆP TƯ NHÂN XÂY DỰNG NGỌC THÀNH","Địa chỉ trụ sở chính":"281/1, Ấp 1, phường Sơn Đông","Người đại diện theo pháp luật":null,"Chủ sở hữu":"TRẦN THỊ NGỌC HẠNH","layer_id":288,"fid":1272,"label":"DOANH NGHIỆP TƯ NHÂN XÂY DỰNG NGỌC THÀNH"}},{"type":"Feature","geometry":{"type":"Point","coordinates":[106.368604977,10.237919631]},"properties":{"Mã số doanh nghiệp":null,"Tên doanh nghiệp":"DOANH NGHIỆP TƯ NHÂN HẢI ĐĂNG","Địa chỉ trụ sở chính":"106D, Đoàn Hoàng Minh, phường An Hội","Người đại diện theo pháp luật":null,"Chủ sở hữu":"NGUYỄN THỊ LỰU","layer_id":288,"fid":1273,"label":"DOANH NGHIỆP TƯ NHÂN HẢI ĐĂNG"}},{"type":"Feature","geometry":{"type":"Point","coordinates":[106.584609437,10.233468947]},"properties":{"Mã số doanh nghiệp":null,"Tên doanh nghiệp":"DOANH NGHIỆP TƯ NHÂN HÒA LỢI","Địa chỉ trụ sở chính":"250E, Ấp Phú Thành, xã Bình Đại","Người đại diện theo pháp luật":null,"Chủ sở hữu":"PHAN VĂN NHÂN","layer_id":288,"fid":1274,"label":"DOANH NGHIỆP TƯ NHÂN HÒA LỢI"}},{"type":"Feature","geometry":{"type":"Point","coordinates":[106.359307036,10.265411979]},"properties":{"Mã số doanh nghiệp":null,"Tên doanh nghiệp":"DOANH NGHIỆP TƯ NHÂN NHÀ TRỌ 315","Địa chỉ trụ sở chính":"315B1, ấp 1, phường Sơn Đông","Người đại diện theo pháp luật":null,"Chủ sở hữu":"NGUYỄN THỊ THU","layer_id":288,"fid":1275,"label":"DOANH NGHIỆP TƯ NHÂN NHÀ TRỌ 315"}},{"type":"Feature","geometry":{"type":"Point","coordinates":[106.372045397,10.235897822]},"properties":{"Mã số doanh nghiệp":null,"Tên doanh nghiệp":"DOANH NGHIỆP TƯ NHÂN KHÁNH NGÂN","Địa chỉ trụ sở chính":"Số 33 Đường Ngô Quyền, phường An Hội","Người đại diện theo pháp luật":null,"Chủ sở hữu":"VÕ PHI HÙNG","layer_id":288,"fid":1276,"label":"DOANH NGHIỆP TƯ NHÂN KHÁNH NGÂN"}},{"type":"Feature","geometry":{"type":"Point","coordinates":[106.358679735,10.247140807]},"properties":{"Mã số doanh nghiệp":null,"Tên doanh nghiệp":"DOANH NGHIỆP TƯ NHÂN AN","Địa chỉ trụ sở chính":"328A, Khóm Bình Khởi, Phường Sơn Đông","Người đại diện theo pháp luật":null,"Chủ sở hữu":"NGUYỄN BÌNH AN","layer_id":288,"fid":1277,"label":"DOANH NGHIỆP TƯ NHÂN AN"}},{"type":"Feature","geometry":{"type":"Point","coordinates":[106.379697777,10.235626514]},"properties":{"Mã số doanh nghiệp":"1300354234","Tên doanh nghiệp":"DOANH NGHIỆP TƯ NHÂN QUỐC TRUNG","Địa chỉ trụ sở chính":"10A, Nguyễn Trung Trực, phường An Hội","Người đại diện theo pháp luật":null,"Chủ sở hữu":"PHẠM THỊ TÁM","layer_id":288,"fid":1278,"label":"DOANH NGHIỆP TƯ NHÂN QUỐC TRUNG"}},{"type":"Feature","geometry":{"type":"Point","coordinates":[106.379635162,10.236206247]},"properties":{"Mã số doanh nghiệp":null,"Tên doanh nghiệp":"DOANH NGHIỆP TƯ NHÂN PHẠM CÔNG TRỨ","Địa chỉ trụ sở chính":"90, đường Nguyễn Đình Chiểu, phường An Hội","Người đại diện theo pháp luật":null,"Chủ sở hữu":"PHẠM CÔNG TRỨ","layer_id":288,"fid":1279,"label":"DOANH NGHIỆP TƯ NHÂN PHẠM CÔNG TRỨ"}},{"type":"Feature","geometry":{"type":"Point","coordinates":[105.955874453,10.257899045]},"properties":{"Mã số doanh nghiệp":"1500492337","Tên doanh nghiệp":"CÔNG TY TNHH MÔI TRƯỜNG VÀ CÔNG NGHỆ AN LONG","Địa chỉ trụ sở chính":"Số 33/21B đường Phạm Thái Bường, Phường Phước Hậu, Tỉnh Vĩnh Long, Việt Nam","Người đại diện theo pháp luật":"TRẦN CÔNG BÌNH","Chủ sở hữu":null,"layer_id":288,"fid":1280,"label":"CÔNG TY TNHH MÔI TRƯỜNG VÀ CÔNG NGHỆ AN LONG"}},{"type":"Feature","geometry":{"type":"Point","coordinates":[105.943371284,10.257514856]},"properties":{"Mã số doanh nghiệp":null,"Tên doanh nghiệp":"CÔNG TY TNHH TRUNG THIÊN","Địa chỉ trụ sở chính":"Số 39D khóm 2, Phường Long Châu, Tỉnh Vĩnh Long, Việt Nam","Người đại diện theo pháp luật":"LÊ MINH NGHIỆM","Chủ sở hữu":null,"layer_id":288,"fid":1281,"label":"CÔNG TY TNHH TRUNG THIÊN"}},{"type":"Feature","geometry":{"type":"Point","coordinates":[105.953954572,10.251524522]},"properties":{"Mã số doanh nghiệp":"1500497487","Tên doanh nghiệp":"DOANH NGHIỆP TƯ NHÂN KHÁNH DUY","Địa chỉ trụ sở chính":"Số 12A đường Nguyễn Gia Tân, khóm 1, Phường Long Châu, Tỉnh Vĩnh Long, Việt Nam","Người đại diện theo pháp luật":null,"Chủ sở hữu":"TRẦN VĂN KHANG","layer_id":288,"fid":1282,"label":"DOANH NGHIỆP TƯ NHÂN KHÁNH DUY"}},{"type":"Feature","geometry":{"type":"Point","coordinates":[105.960214032,10.238284616]},"properties":{"Mã số doanh nghiệp":"1500574501","Tên doanh nghiệp":"DOANH NGHIỆP TƯ NHÂN  TÚ DUNG","Địa chỉ trụ sở chính":"Số 15,Đường Phó Cơ Điều, Phường Tân Hạnh, Tỉnh Vĩnh Long, Việt Nam","Người đại diện theo pháp luật":null,"Chủ sở hữu":"LIÊU CẨM TÚ","layer_id":288,"fid":1283,"label":"DOANH NGHIỆP TƯ NHÂN  TÚ DUNG"}},{"type":"Feature","geometry":{"type":"Point","coordinates":[105.942754073,10.260417726]},"properties":{"Mã số doanh nghiệp":"1500429487","Tên doanh nghiệp":"DOANH NGHIỆP TƯ NHÂN TIẾN AN","Địa chỉ trụ sở chính":"Số 37 A, tổ 83, khóm 2, đường Phạm Hùng, Phường Long Châu, Tỉnh Vĩnh Long, Việt Nam","Người đại diện theo pháp luật":null,"Chủ sở hữu":"NGUYỄN VĂN DŨNG","layer_id":288,"fid":1284,"label":"DOANH NGHIỆP TƯ NHÂN TIẾN AN"}},{"type":"Feature","geometry":{"type":"Point","coordinates":[105.96956672,10.239168687]},"properties":{"Mã số doanh nghiệp":"1500494101","Tên doanh nghiệp":"DOANH NGHIỆP TƯ NHÂN HOÀNG THÔNG","Địa chỉ trụ sở chính":"Số 56/3A đường Mậu Thân, Phường Phước Hậu, Tỉnh Vĩnh Long, Việt Nam","Người đại diện theo pháp luật":null,"Chủ sở hữu":"PHẠM LÊ QUANG THÔNG","layer_id":288,"fid":1285,"label":"DOANH NGHIỆP TƯ NHÂN HOÀNG THÔNG"}},{"type":"Feature","geometry":{"type":"Point","coordinates":[105.956696223,10.25770486]},"properties":{"Mã số doanh nghiệp":"1500372657","Tên doanh nghiệp":"CÔNG TY TNHH SẢN XUẤT - THƯƠNG MẠI VĨNH PHÚ","Địa chỉ trụ sở chính":"170/2 Phạm Hùng Phường 9, Phường Long Châu, Tỉnh Vĩnh Long, Việt Nam","Người đại diện theo pháp luật":"HỒ VĂN THANH","Chủ sở hữu":null,"layer_id":288,"fid":1286,"label":"CÔNG TY TNHH SẢN XUẤT - THƯƠNG MẠI VĨNH PHÚ"}},{"type":"Feature","geometry":{"type":"Point","coordinates":[105.948773014,10.231314565]},"properties":{"Mã số doanh nghiệp":"1500372713","Tên doanh nghiệp":"CÔNG TY TNHH THƯƠNG MẠI DỊCH VỤ HỒNG LÂM PHÁT","Địa chỉ trụ sở chính":"62A Đinh Tiên Hoàng, Phường Tân Hạnh, Tỉnh Vĩnh Long, Việt Nam","Người đại diện theo pháp luật":"TÔ HOÀNG THÁI LÂM","Chủ sở hữu":null,"layer_id":288,"fid":1287,"label":"CÔNG TY TNHH THƯƠNG MẠI DỊCH VỤ HỒNG LÂM PHÁT"}},{"type":"Feature","geometry":{"type":"Point","coordinates":[105.971646958,10.252987866]},"properties":{"Mã số doanh nghiệp":"1500373410","Tên doanh nghiệp":"CÔNG TY TNHH TÂN CỬU LONG","Địa chỉ trụ sở chính":"Số 82A đường Trưng Nữ Vương, Phường Long Châu, Tỉnh Vĩnh Long, Việt Nam","Người đại diện theo pháp luật":"VÕ VĂN PHƯƠNG","Chủ sở hữu":null,"layer_id":288,"fid":1288,"label":"CÔNG TY TNHH TÂN CỬU LONG"}},{"type":"Feature","geometry":{"type":"Point","coordinates":[105.983437398,10.236628485]},"properties":{"Mã số doanh nghiệp":"1500362560","Tên doanh nghiệp":"DOANH NGHIỆP TƯ NHÂN KHÁNH HUY","Địa chỉ trụ sở chính":"số 68/14B đường Phạm Thái Bường, phường Phước Hậu, Tỉnh Vĩnh Long, Việt Nam","Người đại diện theo pháp luật":null,"Chủ sở hữu":"TRƯƠNG ANH VIỆT PHÚC","layer_id":288,"fid":1289,"label":"DOANH NGHIỆP TƯ NHÂN KHÁNH HUY"}},{"type":"Feature","geometry":{"type":"Point","coordinates":[105.971005299,10.256063312]},"properties":{"Mã số doanh nghiệp":"1500365297","Tên doanh nghiệp":"DOANH NGHIỆP TƯ NHÂN HÙNG LIỄU","Địa chỉ trụ sở chính":"Số 2A4 đường Hùng Vương, Phường Long Châu, Tỉnh Vĩnh Long, Việt Nam","Người đại diện theo pháp luật":null,"Chủ sở hữu":"NGUYỄN THANH HÙNG","layer_id":288,"fid":1290,"label":"DOANH NGHIỆP TƯ NHÂN HÙNG LIỄU"}},{"type":"Feature","geometry":{"type":"Point","coordinates":[105.960096632,10.254670367]},"properties":{"Mã số doanh nghiệp":"1500411810","Tên doanh nghiệp":"DOANH NGHIỆP TƯ NHÂN TRẦN ĐỘ","Địa chỉ trụ sở chính":"Số 2/3 đường Phạm Hùng, Phường Long Châu, Tỉnh Vĩnh Long, Việt Nam","Người đại diện theo pháp luật":null,"Chủ sở hữu":"TRẦN ĐÌNH ĐỘ","layer_id":288,"fid":1291,"label":"DOANH NGHIỆP TƯ NHÂN TRẦN ĐỘ"}},{"type":"Feature","geometry":{"type":"Point","coordinates":[105.966506623,10.255170215]},"properties":{"Mã số doanh nghiệp":"1500411659","Tên doanh nghiệp":"DOANH NGHIỆP TƯ NHÂN TUẤN NGỌC","Địa chỉ trụ sở chính":"Số 26 đường Lưu Văn Liệt, Phường Long Châu, Tỉnh Vĩnh Long, Việt Nam","Người đại diện theo pháp luật":null,"Chủ sở hữu":"NGUYỄN THỊ KIM NGỌC","layer_id":288,"fid":1292,"label":"DOANH NGHIỆP TƯ NHÂN TUẤN NGỌC"}},{"type":"Feature","geometry":{"type":"Point","coordinates":[105.97004414,10.241724577]},"properties":{"Mã số doanh nghiệp":"1500441276","Tên doanh nghiệp":"DOANH NGHIỆP TƯ NHÂN NGUYỄN TẤN LỢI","Địa chỉ trụ sở chính":"Số 50/6 đường Mậu Thân, Phường Phước Hậu, Tỉnh Vĩnh Long, Việt Nam","Người đại diện theo pháp luật":null,"Chủ sở hữu":"NGUYỄN TẤN LỢI","layer_id":288,"fid":1293,"label":"DOANH NGHIỆP TƯ NHÂN NGUYỄN TẤN LỢI"}},{"type":"Feature","geometry":{"type":"Point","coordinates":[105.977801281,10.234078121]},"properties":{"Mã số doanh nghiệp":"1500443428","Tên doanh nghiệp":"DOANH NGHIỆP TƯ NHÂN THÀNH PHONG","Địa chỉ trụ sở chính":"67/19E Phó Cơ Điều, Phường Phước Hậu, Tỉnh Vĩnh Long, Việt Nam","Người đại diện theo pháp luật":null,"Chủ sở hữu":"NGUYỄN VĂN TUẤN","layer_id":288,"fid":1294,"label":"DOANH NGHIỆP TƯ NHÂN THÀNH PHONG"}},{"type":"Feature","geometry":{"type":"Point","coordinates":[105.959186746,10.245921064]},"properties":{"Mã số doanh nghiệp":"1500400262","Tên doanh nghiệp":"CÔNG TY TRÁCH NHIỆM HỮU HẠN PHƯƠNG TRANG","Địa chỉ trụ sở chính":"146C đường Nguyễn Huệ, Phường Long Châu, Tỉnh Vĩnh Long, Việt Nam","Người đại diện theo pháp luật":"TRẦN THỊ KIỀU PHƯƠNG","Chủ sở hữu":null,"layer_id":288,"fid":1295,"label":"CÔNG TY TRÁCH NHIỆM HỮU HẠN PHƯƠNG TRANG"}},{"type":"Feature","geometry":{"type":"Point","coordinates":[105.97034532,10.254457077]},"properties":{"Mã số doanh nghiệp":"1500404323","Tên doanh nghiệp":"CÔNG TY TRÁCH NHIỆM HỮU HẠN GỐM SỨ NGỌC PHỤNG","Địa chỉ trụ sở chính":"Số 46 đường Trưng Nữ Vương, Phường Long Châu, Tỉnh Vĩnh Long, Việt Nam","Người đại diện theo pháp luật":"NGUYỄN MIKE HẠNH","Chủ sở hữu":null,"layer_id":288,"fid":1296,"label":"CÔNG TY TRÁCH NHIỆM HỮU HẠN GỐM SỨ NGỌC PHỤNG"}},{"type":"Feature","geometry":{"type":"Point","coordinates":[105.966310742,10.251385827]},"properties":{"Mã số doanh nghiệp":"1500370385","Tên doanh nghiệp":"DOANH NGHIỆP TƯ NHÂN VŨ CHÂU","Địa chỉ trụ sở chính":"69/34 Lê Thái Tổ, Phường Long Châu, Tỉnh Vĩnh Long, Việt Nam","Người đại diện theo pháp luật":null,"Chủ sở hữu":"HUỲNH THANH VŨ","layer_id":288,"fid":1297,"label":"DOANH NGHIỆP TƯ NHÂN VŨ CHÂU"}},{"type":"Feature","geometry":{"type":"Point","coordinates":[105.910307675,10.272542656]},"properties":{"Mã số doanh nghiệp":"1500370995","Tên doanh nghiệp":"DOANH NGHIỆP TƯ NHÂN GIA TRÂN","Địa chỉ trụ sở chính":"146 Tổ 6 Tân Thuận, xã Tân Hòa, Tỉnh Vĩnh Long, Việt Nam","Người đại diện theo pháp luật":null,"Chủ sở hữu":"DƯƠNG VĂN HIẾU","layer_id":288,"fid":1298,"label":"DOANH NGHIỆP TƯ NHÂN GIA TRÂN"}},{"type":"Feature","geometry":{"type":"Point","coordinates":[105.972749051,10.2509785]},"properties":{"Mã số doanh nghiệp":"1500444767","Tên doanh nghiệp":"DOANH NGHIỆP TƯ NHÂN ALÔ","Địa chỉ trụ sở chính":"Số1/42 đường Trưng Nữ Vương, Phường Long Châu, Tỉnh Vĩnh Long, Việt Nam","Người đại diện theo pháp luật":null,"Chủ sở hữu":"VÕ KIM YẾN","layer_id":288,"fid":1299,"label":"DOANH NGHIỆP TƯ NHÂN ALÔ"}},{"type":"Feature","geometry":{"type":"Point","coordinates":[105.978972581,10.244121735]},"properties":{"Mã số doanh nghiệp":"1500446972","Tên doanh nghiệp":"DOANH NGHIỆP TƯ NHÂN THANH NGUYÊN NGỌC","Địa chỉ trụ sở chính":"Số 68/1C đường Phạm Thái Bường, Phường Phước Hậu, Tỉnh Vĩnh Long, Việt Nam","Người đại diện theo pháp luật":null,"Chủ sở hữu":"MÃ BÍCH HÀ","layer_id":288,"fid":1300,"label":"DOANH NGHIỆP TƯ NHÂN THANH NGUYÊN NGỌC"}},{"type":"Feature","geometry":{"type":"Point","coordinates":[105.972785793,10.251992718]},"properties":{"Mã số doanh nghiệp":"1500655158","Tên doanh nghiệp":"DOANH NGHIỆP TƯ NHÂN  NHÀ NGHỈ MINH ANH","Địa chỉ trụ sở chính":"Số 62- 64, đường Trưng Nữ Vương, Phường Long Châu, Tỉnh Vĩnh Long, Việt Nam","Người đại diện theo pháp luật":null,"Chủ sở hữu":"NGUYỄN THIỆN AN","layer_id":288,"fid":1301,"label":"DOANH NGHIỆP TƯ NHÂN  NHÀ NGHỈ MINH ANH"}},{"type":"Feature","geometry":{"type":"Point","coordinates":[105.956674469,10.235633025]},"properties":{"Mã số doanh nghiệp":"1500449927","Tên doanh nghiệp":"DOANH NGHIỆP TƯ NHÂN DỊCH VỤ PHÂN PHỐI TNT","Địa chỉ trụ sở chính":"Số 29 đường Đinh Tiên Hoàng, Phường Tân Hạnh, Tỉnh Vĩnh Long, Việt Nam","Người đại diện theo pháp luật":null,"Chủ sở hữu":"CHÂU THỐNG NHỨT","layer_id":288,"fid":1302,"label":"DOANH NGHIỆP TƯ NHÂN DỊCH VỤ PHÂN PHỐI TNT"}},{"type":"Feature","geometry":{"type":"Point","coordinates":[105.962796167,10.253210291]},"properties":{"Mã số doanh nghiệp":"1500409988","Tên doanh nghiệp":"CÔNG TY TRÁCH NHIỆM HỮU HẠN HOÀN NHẬT TIẾN","Địa chỉ trụ sở chính":"Số 47 đường Nguyễn Huệ, Phường Long Châu, Tỉnh Vĩnh Long, Việt Nam","Người đại diện theo pháp luật":"NGUYỄN THANH PHONG","Chủ sở hữu":null,"layer_id":288,"fid":1303,"label":"CÔNG TY TRÁCH NHIỆM HỮU HẠN HOÀN NHẬT TIẾN"}},{"type":"Feature","geometry":{"type":"Point","coordinates":[105.976999061,10.255899738]},"properties":{"Mã số doanh nghiệp":"1500475959","Tên doanh nghiệp":"DOANH NGHIỆP TƯ NHÂN TRUNG SƠN","Địa chỉ trụ sở chính":"Số 32/6 đường Nguyễn Chí Thanh, Phường Thanh Đức, Tỉnh Vĩnh Long, Việt Nam","Người đại diện theo pháp luật":null,"Chủ sở hữu":"LÊ VĂN CHANH","layer_id":288,"fid":1304,"label":"DOANH NGHIỆP TƯ NHÂN TRUNG SƠN"}},{"type":"Feature","geometry":{"type":"Point","coordinates":[105.972565412,10.25208425]},"properties":{"Mã số doanh nghiệp":"1500419584","Tên doanh nghiệp":"CÔNG TY TRÁCH NHIỆM HỮU HẠN TIN HỌC TIN LONG","Địa chỉ trụ sở chính":"53 Trưng Nữ Vương, Phường Long Châu, Tỉnh Vĩnh Long, Việt Nam","Người đại diện theo pháp luật":"NGUYỄN LÊ BÁ TÒNG","Chủ sở hữu":null,"layer_id":288,"fid":1305,"label":"CÔNG TY TRÁCH NHIỆM HỮU HẠN TIN HỌC TIN LONG"}},{"type":"Feature","geometry":{"type":"Point","coordinates":[105.969767146,10.234575933]},"properties":{"Mã số doanh nghiệp":"1500428349","Tên doanh nghiệp":"CÔNG TY TNHH NAM PHONG","Địa chỉ trụ sở chính":"Số 73/21A đường Phó Cơ Điều, Phường Phước Hậu, Tỉnh Vĩnh Long, Việt Nam","Người đại diện theo pháp luật":"ĐẶNG THÀNH PHONG","Chủ sở hữu":null,"layer_id":288,"fid":1306,"label":"CÔNG TY TNHH NAM PHONG"}},{"type":"Feature","geometry":{"type":"Point","coordinates":[105.955447201,10.229340181]},"properties":{"Mã số doanh nghiệp":"1500379733","Tên doanh nghiệp":"DOANH NGHIỆP TƯ NHÂN THƯƠNG MẠI - DỊCH VỤ HUỲNH CHÂU","Địa chỉ trụ sở chính":"Số 22C đường Đinh Tiên Hoàng, Phường Tân Hạnh, Tỉnh Vĩnh Long, Việt Nam","Người đại diện theo pháp luật":null,"Chủ sở hữu":"HUỲNH THỊ TUYẾT HỒNG","layer_id":288,"fid":1307,"label":"DOANH NGHIỆP TƯ NHÂN THƯƠNG MẠI - DỊCH VỤ HUỲNH CHÂU"}},{"type":"Feature","geometry":{"type":"Point","coordinates":[105.945290223,10.259750807]},"properties":{"Mã số doanh nghiệp":"1500430309","Tên doanh nghiệp":"CÔNG TY CỔ PHẦN GSVN","Địa chỉ trụ sở chính":"Số 12B Phạm Hùng, Phường Long Châu, Tỉnh Vĩnh Long, Việt Nam","Người đại diện theo pháp luật":"TRƯƠNG CHÍ DŨNG","Chủ sở hữu":null,"layer_id":288,"fid":1308,"label":"CÔNG TY CỔ PHẦN GSVN"}},{"type":"Feature","geometry":{"type":"Point","coordinates":[105.960424448,10.238465502]},"properties":{"Mã số doanh nghiệp":"1500477794","Tên doanh nghiệp":"DOANH NGHIỆP TƯ NHÂN PHÚ CƯỜNG","Địa chỉ trụ sở chính":"15A Đường Phó Cơ Điều, Phường Tân Hạnh, Tỉnh Vĩnh Long, Việt Nam","Người đại diện theo pháp luật":null,"Chủ sở hữu":"VÕ CAM TƯƠI","layer_id":288,"fid":1309,"label":"DOANH NGHIỆP TƯ NHÂN PHÚ CƯỜNG"}},{"type":"Feature","geometry":{"type":"Point","coordinates":[105.967860181,10.252973061]},"properties":{"Mã số doanh nghiệp":"1500394731","Tên doanh nghiệp":"DOANH NGHIỆP TƯ NHÂN THỐNG TÂN","Địa chỉ trụ sở chính":"Số 10/9 đường Lê Thái Tổ, Phường Long Châu, Tỉnh Vĩnh Long, Việt Nam","Người đại diện theo pháp luật":null,"Chủ sở hữu":"CHÂU THỊ HỒNG QUYÊN","layer_id":288,"fid":1310,"label":"DOANH NGHIỆP TƯ NHÂN THỐNG TÂN"}},{"type":"Feature","geometry":{"type":"Point","coordinates":[105.977281901,10.246708009]},"properties":{"Mã số doanh nghiệp":"1500469433","Tên doanh nghiệp":"DOANH NGHIỆP TƯ NHÂN VĨNH NGHĨA","Địa chỉ trụ sở chính":"Số 56/4A đường Phạm Thái Bường, Phường Phước Hậu, Tỉnh Vĩnh Long, Việt Nam","Người đại diện theo pháp luật":null,"Chủ sở hữu":"VÕ VĂN NGHĨA","layer_id":288,"fid":1311,"label":"DOANH NGHIỆP TƯ NHÂN VĨNH NGHĨA"}},{"type":"Feature","geometry":{"type":"Point","coordinates":[105.967376667,10.237583644]},"properties":{"Mã số doanh nghiệp":"1500443530","Tên doanh nghiệp":"CÔNG TY TNHH CƠ KHÍ - XÂY DỰNG PHÚ VIỆT","Địa chỉ trụ sở chính":"Số 58/2 đường Mậu Thân khóm 3, Phường Phước Hậu, Tỉnh Vĩnh Long, Việt Nam","Người đại diện theo pháp luật":"NGÔ HỒNG NHU","Chủ sở hữu":null,"layer_id":288,"fid":1312,"label":"CÔNG TY TNHH CƠ KHÍ - XÂY DỰNG PHÚ VIỆT"}},{"type":"Feature","geometry":{"type":"Point","coordinates":[105.966155394,10.234959573]},"properties":{"Mã số doanh nghiệp":"1500404789","Tên doanh nghiệp":"DOANH NGHIỆP TƯ NHÂN LÊ QUÂN 5","Địa chỉ trụ sở chính":"27/28B Phó Cơ Điều, Phường Phước Hậu, Tỉnh Vĩnh Long, Việt Nam","Người đại diện theo pháp luật":null,"Chủ sở hữu":"THÁI HÙNG TRÁNG","layer_id":288,"fid":1313,"label":"DOANH NGHIỆP TƯ NHÂN LÊ QUÂN 5"}},{"type":"Feature","geometry":{"type":"Point","coordinates":[105.983929832,10.236181135]},"properties":{"Mã số doanh nghiệp":"1500476448","Tên doanh nghiệp":"DOANH NGHIỆP TƯ NHÂN  KHA VY","Địa chỉ trụ sở chính":"Số 68/20 đường Phạm Thái Bường, Phường Phước Hậu, Tỉnh Vĩnh Long, Việt Nam","Người đại diện theo pháp luật":null,"Chủ sở hữu":"NGUYỄN THỊ MINH HÀO","layer_id":288,"fid":1314,"label":"DOANH NGHIỆP TƯ NHÂN  KHA VY"}},{"type":"Feature","geometry":{"type":"Point","coordinates":[105.946036217,10.259878236]},"properties":{"Mã số doanh nghiệp":"1500402407-007","Tên doanh nghiệp":"CÔNG TY TRÁCH NHIỆM HỮU HẠN SẢN XUẤT KINH DOANH XUẤT NHẬP KHẨU PHƯƠNG HẠNH","Địa chỉ trụ sở chính":"Phạm Hùng , Phường 9, Phường Long Châu, Tỉnh Vĩnh Long, Việt Nam","Người đại diện theo pháp luật":"PHAN TẤN HƯNG","Chủ sở hữu":null,"layer_id":288,"fid":1315,"label":"CÔNG TY TRÁCH NHIỆM HỮU HẠN SẢN XUẤT KINH DOANH XUẤT NHẬP KHẨU PHƯƠNG HẠNH"}},{"type":"Feature","geometry":{"type":"Point","coordinates":[105.97926489,10.243296963]},"properties":{"Mã số doanh nghiệp":"1500416216","Tên doanh nghiệp":"DOANH NGHIỆP TƯ NHÂN NGỌC MAI","Địa chỉ trụ sở chính":"Số 51/9C đường Phạm Thái Bường khóm 5","Người đại diện theo pháp luật":null,"Chủ sở hữu":"TRƯƠNG THỊ NGỌC MAI","layer_id":288,"fid":1316,"label":"DOANH NGHIỆP TƯ NHÂN NGỌC MAI"}},{"type":"Feature","geometry":{"type":"Point","coordinates":[105.96969223,10.246779047]},"properties":{"Mã số doanh nghiệp":"1500306950","Tên doanh nghiệp":"DOANH NGHIỆP TƯ NHÂN TÂN HƯNG LONG","Địa chỉ trụ sở chính":"Số 1/1A đường Mậu Thân","Người đại diện theo pháp luật":null,"Chủ sở hữu":"HUỲNH KIM TUYẾT","layer_id":288,"fid":1317,"label":"DOANH NGHIỆP TƯ NHÂN TÂN HƯNG LONG"}},{"type":"Feature","geometry":{"type":"Point","coordinates":[105.959757667,10.257371387]},"properties":{"Mã số doanh nghiệp":"1500467718","Tên doanh nghiệp":"DOANH NGHIỆP TƯ NHÂN THỊNH PHÁT TÀI","Địa chỉ trụ sở chính":"Số 165/4 đường Phạm Hùng, Phường Long Châu","Người đại diện theo pháp luật":null,"Chủ sở hữu":"NGUYỄN QUANG HUY","layer_id":288,"fid":1318,"label":"DOANH NGHIỆP TƯ NHÂN THỊNH PHÁT TÀI"}},{"type":"Feature","geometry":{"type":"Point","coordinates":[105.979443503,10.242383656]},"properties":{"Mã số doanh nghiệp":"1500488919","Tên doanh nghiệp":"CÔNG TY TNHH HOÀNG DŨNG","Địa chỉ trụ sở chính":"Số 33/14E Phạm Thái Bường, Phường Phước Hậu","Người đại diện theo pháp luật":"NGUYỄN VĂN LÃNH","Chủ sở hữu":null,"layer_id":288,"fid":1319,"label":"CÔNG TY TNHH HOÀNG DŨNG"}},{"type":"Feature","geometry":{"type":"Point","coordinates":[105.973394547,10.253608093]},"properties":{"Mã số doanh nghiệp":"1500520175","Tên doanh nghiệp":"CÔNG TY TNHH MINH CƯỜNG","Địa chỉ trụ sở chính":"Số 22/1, đường Hưng Đạo Vương, Phường Long Châu","Người đại diện theo pháp luật":"HUỲNH MINH CƯỜNG","Chủ sở hữu":null,"layer_id":288,"fid":1320,"label":"CÔNG TY TNHH MINH CƯỜNG"}},{"type":"Feature","geometry":{"type":"Point","coordinates":[105.970255987,10.243746092]},"properties":{"Mã số doanh nghiệp":"1500405969","Tên doanh nghiệp":"DOANH NGHIỆP TƯ NHÂN TẤN LỘC","Địa chỉ trụ sở chính":"Số 49/6 đường Mậu Thân khóm 2, Phường Phước Hậu","Người đại diện theo pháp luật":null,"Chủ sở hữu":"TRẦN TẤN LỘC","layer_id":288,"fid":1321,"label":"DOANH NGHIỆP TƯ NHÂN TẤN LỘC"}},{"type":"Feature","geometry":{"type":"Point","coordinates":[105.989469256,10.234875594]},"properties":{"Mã số doanh nghiệp":"1500488309","Tên doanh nghiệp":"DOANH NGHIỆP TƯ NHÂN THIÊN TRUNG","Địa chỉ trụ sở chính":"Số 69/15A đường Trần Phú, Phường Phước Hậu","Người đại diện theo pháp luật":null,"Chủ sở hữu":"HỒ TRỌNG ĐỨC","layer_id":288,"fid":1322,"label":"DOANH NGHIỆP TƯ NHÂN THIÊN TRUNG"}}]}
