{"type":"FeatureCollection","name":"Trường Mầm non, Mẫu giáo","metadata":{"source":"https://hatang.vinhlong.gov.vn/","downloaded_at":"2026-07-20T01:16:10+00:00","layer_id":311,"layer_name":"Trường Mầm non, Mẫu giáo","catalog_endpoints":["/map/publicLayers2?inputs=sogddt"],"requested_bbox":[104.0,8.0,108.0,12.0],"tile_size":0.0,"tile_count":1,"tile_errors":[],"feature_count":374,"coordinate_order":"x,y (thường là longitude,latitude theo cấu hình EPSG:4326 của WebGIS)"},"features":[{"type":"Feature","geometry":{"type":"Point","coordinates":[106.340112882,9.945386437]},"properties":{"Trường Mầm Non, Mẫu Giáo":"THỰC HÀNH SƯ PHẠM","Đơn vị quản lý":"Trường trực thuộc Sở","Hiệu trưởng":null,"Điện thoại hiệu trưởng":null,"Loại hình":"Công lập","Quy mô":"MN - PT","Đạt CQG (MĐ)":null,"Địa chỉ trường":"258 Phạm Ngũ Lão, Phường Trà Vinh.","Thư điện tử":null,"Địa chỉ web trường":null,"Số điện thoại trường":null,"layer_id":311,"fid":427,"label":"THỰC HÀNH SƯ PHẠM"}},{"type":"Feature","geometry":{"type":"Point","coordinates":[106.397122,10.252761]},"properties":{"Trường Mầm Non, Mẫu Giáo":"Trường Mầm non Ánh Dương","Đơn vị quản lý":" Phường Phú Khương","Hiệu trưởng":"Đặng Thảo Thy","Điện thoại hiệu trưởng":"918192557","Loại hình":"Công lập","Quy mô":"Trường mầm non","Đạt CQG (MĐ)":"Đạt chuẩn mức 2","Địa chỉ trường":"Nguyễn Thị Định- KP.Phú Thành- Phường Phú Khương","Thư điện tử":"mnanhduongtp@bentre.edu.vn","Địa chỉ web trường":"https://mamnonanhduong.bentre.edu.vn","Số điện thoại trường":"2753812231","layer_id":311,"fid":428,"label":"Trường Mầm non Ánh Dương"}},{"type":"Feature","geometry":{"type":"Point","coordinates":[106.3938303,10.21286471]},"properties":{"Trường Mầm Non, Mẫu Giáo":"Trường Mẫu giáo Nhơn Thạnh","Đơn vị quản lý":" Phường Phú Khương","Hiệu trưởng":"Nguyễn Thị Trúc Giang","Điện thoại hiệu trưởng":null,"Loại hình":"Công lập","Quy mô":"Trường mẫu giáo","Đạt CQG (MĐ)":null,"Địa chỉ trường":"Khu phố Nhơn An, phường Phú Khương","Thư điện tử":"mgnhonthanhtp@bentre.edu.vn","Địa chỉ web trường":"https://mgnhonthanh.bentre.edu.vn","Số điện thoại trường":"2753814705","layer_id":311,"fid":429,"label":"Trường Mẫu giáo Nhơn Thạnh"}},{"type":"Feature","geometry":{"type":"Point","coordinates":[106.3867508,10.23984383]},"properties":{"Trường Mầm Non, Mẫu Giáo":"Trường Mầm non Rạng Đông","Đơn vị quản lý":" Phường Phú Khương","Hiệu trưởng":"Đặng Thị Mai","Điện thoại hiệu trưởng":"916469842","Loại hình":"Công lập","Quy mô":"Trường mầm non","Đạt CQG (MĐ)":"Đạt chuẩn mức 2","Địa chỉ trường":"Số 379C, đường Nguyễn Đình Chiểu, Phường Phú Khương","Thư điện tử":"mnrangdongtp@bentre.edu.vn","Địa chỉ web trường":"https://mamnonrangdong.bentre.edu.vn","Số điện thoại trường":"2753575526","layer_id":311,"fid":430,"label":"Trường Mầm non Rạng Đông"}},{"type":"Feature","geometry":{"type":"Point","coordinates":[106.3719202,10.21184044]},"properties":{"Trường Mầm Non, Mẫu Giáo":"Trường Mẫu giáo Tuổi Thơ","Đơn vị quản lý":" Phường An Hội","Hiệu trưởng":"Bùi Thị Phương Khanh","Điện thoại hiệu trưởng":"377343689","Loại hình":"Công lập","Quy mô":"Trường mẫu giáo","Đạt CQG (MĐ)":null,"Địa chỉ trường":"Khu phố Phú Nhuận 2, Phường An Hội,","Thư điện tử":"mgtuoithotp@bentre.edu.vn","Địa chỉ web trường":"https://maugiaotuoitho.bentre.edu.vn","Số điện thoại trường":"2753810514","layer_id":311,"fid":431,"label":"Trường Mẫu giáo Tuổi Thơ"}},{"type":"Feature","geometry":{"type":"Point","coordinates":[106.3792021,10.23950765]},"properties":{"Trường Mầm Non, Mẫu Giáo":"Trường Mầm non Hoa Dừa","Đơn vị quản lý":" Phường An Hội","Hiệu trưởng":"Trần Thị Bảo Khuyên","Điện thoại hiệu trưởng":null,"Loại hình":"Công lập","Quy mô":"Trường mầm non","Đạt CQG (MĐ)":"Đạt chuẩn mức 1","Địa chỉ trường":"Số 14, đường Hai Bà Trưng, khu phố 1, Phường An Hội","Thư điện tử":"mnhoadua@tpbentre.edu.vn","Địa chỉ web trường":"https://mamnonhoadua.bentre.edu.vn","Số điện thoại trường":"2753822503","layer_id":311,"fid":432,"label":"Trường Mầm non Hoa Dừa"}},{"type":"Feature","geometry":{"type":"Point","coordinates":[106.3698633,10.23663916]},"properties":{"Trường Mầm Non, Mẫu Giáo":"Trường Mầm non Sao Mai","Đơn vị quản lý":" Phường An Hội","Hiệu trưởng":null,"Điện thoại hiệu trưởng":null,"Loại hình":"Công lập","Quy mô":"Trường mầm non","Đạt CQG (MĐ)":"Đạt chuẩn mức 1","Địa chỉ trường":"số 79 C 1, đường Hoàng Lam, KP 13, Phường An Hội","Thư điện tử":"mnsaomaitp@bentre.edu.vn","Địa chỉ web trường":"https://mamnonsaomai.bentre.edu.vn","Số điện thoại trường":"2753823857","layer_id":311,"fid":433,"label":"Trường Mầm non Sao Mai"}},{"type":"Feature","geometry":{"type":"Point","coordinates":[106.3671666,10.25703321]},"properties":{"Trường Mầm Non, Mẫu Giáo":"Trường Mầm non Hoa Mai","Đơn vị quản lý":" Phường An Hội","Hiệu trưởng":"Đặng Thị Kim Dung","Điện thoại hiệu trưởng":"917932654","Loại hình":"Công lập","Quy mô":"Trường mầm non","Đạt CQG (MĐ)":null,"Địa chỉ trường":"Số 37, Đường Nguyễn Huệ, khu phố 4, Phường An Hội","Thư điện tử":"mnhoamaitp@bentre.edu.vn","Địa chỉ web trường":"https://mamnonhoamai.bentre.edu.vn","Số điện thoại trường":"2753822394","layer_id":311,"fid":434,"label":"Trường Mầm non Hoa Mai"}},{"type":"Feature","geometry":{"type":"Point","coordinates":[106.3794404,10.23300237]},"properties":{"Trường Mầm Non, Mẫu Giáo":"Trường Mầm Non Mỹ Thạnh An","Đơn vị quản lý":" Phường An Hội","Hiệu trưởng":"Lê Thị Kim Xiếu","Điện thoại hiệu trưởng":"834563188","Loại hình":"Công lập","Quy mô":"Trường mầm non","Đạt CQG (MĐ)":"Đạt chuẩn mức 1","Địa chỉ trường":"Khu phố An Thạnh A, Phường An Hội","Thư điện tử":"mnmythanhantp@bentre.edu.vn","Địa chỉ web trường":"https://mamnonmythanhan.bentre.edu.vn","Số điện thoại trường":"2753836073","layer_id":311,"fid":435,"label":"Trường Mầm Non Mỹ Thạnh An"}},{"type":"Feature","geometry":{"type":"Point","coordinates":[106.3726678,10.23774958]},"properties":{"Trường Mầm Non, Mẫu Giáo":"Trường Mầm non Sơn Ca","Đơn vị quản lý":" Phường An Hội","Hiệu trưởng":"Nguyễn Thị Mộng Diễm","Điện thoại hiệu trưởng":null,"Loại hình":"Công lập","Quy mô":"Trường mầm non","Đạt CQG (MĐ)":null,"Địa chỉ trường":"Số 43, Đường Tán Kế, Khu Phố 6, Phường An Hội","Thư điện tử":"mnsoncatp@bentre.edu.vn","Địa chỉ web trường":"https://mamnonsoncatpo.bentre.edu.vn","Số điện thoại trường":"2753829309","layer_id":311,"fid":436,"label":"Trường Mầm non Sơn Ca"}},{"type":"Feature","geometry":{"type":"Point","coordinates":[106.3539577,10.30962567]},"properties":{"Trường Mầm Non, Mẫu Giáo":"Trường Mầm non Sơn Phú","Đơn vị quản lý":" Phường An Hội","Hiệu trưởng":"Lê Thị Thanh Huyền","Điện thoại hiệu trưởng":"975986971","Loại hình":"Công lập","Quy mô":"Trường mầm non","Đạt CQG (MĐ)":"Đạt chuẩn mức 1","Địa chỉ trường":"517, khu phố Phú Hoà, phường An Hội","Thư điện tử":"bentre_mgsonphu_gt@bentre.edu.vn","Địa chỉ web trường":"https://mamnonsonphu.bentre.edu.vn","Số điện thoại trường":"2753885684","layer_id":311,"fid":437,"label":"Trường Mầm non Sơn Phú"}},{"type":"Feature","geometry":{"type":"Point","coordinates":[106.346431,10.264721]},"properties":{"Trường Mầm Non, Mẫu Giáo":"Trường Mầm non Họa Mi","Đơn vị quản lý":" Phường Sơn Đông","Hiệu trưởng":"Trần Thị Ngọc Lan","Điện thoại hiệu trưởng":"918887858","Loại hình":"Công lập","Quy mô":"Trường mầm non","Đạt CQG (MĐ)":null,"Địa chỉ trường":"99c/2, Khu phố 2, Phường Sơn Đông","Thư điện tử":"mghoamitp@bentre.edu.vn","Địa chỉ web trường":"https://maugiaohoami.bentre.edu.vn","Số điện thoại trường":"0275.3828.651","layer_id":311,"fid":438,"label":"Trường Mầm non Họa Mi"}},{"type":"Feature","geometry":{"type":"Point","coordinates":[106.3540247,10.28587641]},"properties":{"Trường Mầm Non, Mẫu Giáo":"Trường Mầm non Tam Phước","Đơn vị quản lý":" Phường Sơn Đông","Hiệu trưởng":null,"Điện thoại hiệu trưởng":null,"Loại hình":"Công lập","Quy mô":"Trường mầm non","Đạt CQG (MĐ)":null,"Địa chỉ trường":"Khu phố Phước Thạnh, Phường Sơn Đông","Thư điện tử":"mgtamphuoc@chauthanh.edu.vn","Địa chỉ web trường":"https://mntamphuoc.bentre.edu.vn","Số điện thoại trường":"2756579778","layer_id":311,"fid":439,"label":"Trường Mầm non Tam Phước"}},{"type":"Feature","geometry":{"type":"Point","coordinates":[106.3498505,10.23865857]},"properties":{"Trường Mầm Non, Mẫu Giáo":"Trường Mầm non Bình Phú","Đơn vị quản lý":" Phường Bến Tre ","Hiệu trưởng":"Trần Kim Ngân","Điện thoại hiệu trưởng":"986786569","Loại hình":"Công lập","Quy mô":"Trường mầm non","Đạt CQG (MĐ)":null,"Địa chỉ trường":"Khu phố Bình Thành, Phường Bến Tre","Thư điện tử":"mnbinhphu@bentre.edu.vn","Địa chỉ web trường":"https://mamnonbinhphu.bentre.edu.vn","Số điện thoại trường":"2753833815","layer_id":311,"fid":440,"label":"Trường Mầm non Bình Phú"}},{"type":"Feature","geometry":{"type":"Point","coordinates":[106.3506296,10.22122613]},"properties":{"Trường Mầm Non, Mẫu Giáo":"Trường Mầm non Bình Minh","Đơn vị quản lý":" Phường Bến Tre ","Hiệu trưởng":null,"Điện thoại hiệu trưởng":null,"Loại hình":"Công lập","Quy mô":"Trường mầm non","Đạt CQG (MĐ)":null,"Địa chỉ trường":"Số 708, Nguyễn Văn Tư, khu phố 3, Phường Bến Tre","Thư điện tử":"mnbinhminhtp@bentre.edu.vn","Địa chỉ web trường":"https://mamnonbinhminh.bentre.edu.vn","Số điện thoại trường":"2753561918","layer_id":311,"fid":441,"label":"Trường Mầm non Bình Minh"}},{"type":"Feature","geometry":{"type":"Point","coordinates":[106.2933845,10.2512888]},"properties":{"Trường Mầm Non, Mẫu Giáo":"Trường Mầm non Thanh Tân","Đơn vị quản lý":" Phường Bến Tre ","Hiệu trưởng":"Hồ Thị Thanh Trúc","Điện thoại hiệu trưởng":"988110568","Loại hình":"Công lập","Quy mô":"Trường mẫu giáo","Đạt CQG (MĐ)":null,"Địa chỉ trường":"Khu phố Tân Thông 2, Phường Bến Tre","Thư điện tử":"mgthanhtan@gmail.com","Địa chỉ web trường":"https://mocaybac.edu.vn/mnthanhtan","Số điện thoại trường":"2753686670","layer_id":311,"fid":442,"label":"Trường Mầm non Thanh Tân"}},{"type":"Feature","geometry":{"type":"Point","coordinates":[106.3999649,10.31941047]},"properties":{"Trường Mầm Non, Mẫu Giáo":"Trường Mầm non Quới Sơn","Đơn vị quản lý":" Xã Giao Long ","Hiệu trưởng":"Nguyễn Thị Thuý Lam","Điện thoại hiệu trưởng":"974237779","Loại hình":"Công lập","Quy mô":"Trường mầm non","Đạt CQG (MĐ)":null,"Địa chỉ trường":"Ấp Quới Hòa Đông, xã Giao Long","Thư điện tử":"mgquoison@chauthanh.edu.vn","Địa chỉ web trường":"https://mnquoison.bentre.edu.vn/","Số điện thoại trường":"2753860177","layer_id":311,"fid":443,"label":"Trường Mầm non Quới Sơn"}},{"type":"Feature","geometry":{"type":"Point","coordinates":[106.4354932,10.28460593]},"properties":{"Trường Mầm Non, Mẫu Giáo":"Trường Mầm non An Hóa","Đơn vị quản lý":" Xã Giao Long ","Hiệu trưởng":"Hồ Thị Hồng Ngọc","Điện thoại hiệu trưởng":"949519639","Loại hình":"Công lập","Quy mô":"Trường mầm non","Đạt CQG (MĐ)":null,"Địa chỉ trường":"Ấp An Hòa, xã Giao Long","Thư điện tử":"mganhoa@chauthanh.edu.vn","Địa chỉ web trường":"https://mganhoa.bentre.edu.vn","Số điện thoại trường":"2753636160","layer_id":311,"fid":444,"label":"Trường Mầm non An Hóa"}},{"type":"Feature","geometry":{"type":"Point","coordinates":[106.404593728,10.2950569]},"properties":{"Trường Mầm Non, Mẫu Giáo":"Trường Mầm non An Phước","Đơn vị quản lý":" Xã Giao Long ","Hiệu trưởng":"Bùi Thị Linh Phương","Điện thoại hiệu trưởng":"907531736","Loại hình":"Công lập","Quy mô":"Trường mầm non","Đạt CQG (MĐ)":null,"Địa chỉ trường":"Ấp Phước Hậu, xã Giao Long","Thư điện tử":"mganphuoc@chauthanh.edu.vn","Địa chỉ web trường":"https://mnanphuoc.bentre.edu.vn","Số điện thoại trường":"2753.635976","layer_id":311,"fid":445,"label":"Trường Mầm non An Phước"}},{"type":"Feature","geometry":{"type":"Point","coordinates":[106.273706642,10.311943695]},"properties":{"Trường Mầm Non, Mẫu Giáo":"Trường Mầm non Phú Túc","Đơn vị quản lý":" Xã Phú Túc","Hiệu trưởng":"Trần Thị Kim Bình","Điện thoại hiệu trưởng":"333308682","Loại hình":"Công lập","Quy mô":"Trường mầm non","Đạt CQG (MĐ)":"Đạt chuẩn mức 1","Địa chỉ trường":"ấp Phú Hòa, xã Phú Túc","Thư điện tử":"mgphutuc@chauthanh.edu.vn","Địa chỉ web trường":"https://mnphutuc.bentre.edu.vn","Số điện thoại trường":"2753618379","layer_id":311,"fid":448,"label":"Trường Mầm non Phú Túc"}},{"type":"Feature","geometry":{"type":"Point","coordinates":[106.4232461,10.3025907]},"properties":{"Trường Mầm Non, Mẫu Giáo":"Trường Mẫu Giáo Giao Long A","Đơn vị quản lý":" Xã Giao Long ","Hiệu trưởng":null,"Điện thoại hiệu trưởng":null,"Loại hình":"Công lập","Quy mô":"Trường mẫu giáo","Đạt CQG (MĐ)":null,"Địa chỉ trường":"Ấp Hoà Long xã Giao Long","Thư điện tử":"mggiaohoa@chauthanh.edu.vn","Địa chỉ web trường":"https://mggiaolonga.bentre.edu.vn","Số điện thoại trường":"02753.636.456","layer_id":311,"fid":446,"label":"Trường Mẫu Giáo Giao Long A"}},{"type":"Feature","geometry":{"type":"Point","coordinates":[106.419576,10.30505211]},"properties":{"Trường Mầm Non, Mẫu Giáo":"Trường Mẫu Giáo Giao Long","Đơn vị quản lý":" Xã Giao Long ","Hiệu trưởng":"Lê Thị Thanh Hiền","Điện thoại hiệu trưởng":"948964479","Loại hình":"Công lập","Quy mô":"Trường mẫu giáo","Đạt CQG (MĐ)":null,"Địa chỉ trường":"Ấp Quới Thạnh Đông, xã Giao Long","Thư điện tử":"mnkcngiaolong@chauthanh.edu.vn","Địa chỉ web trường":"https://mnkcngiaolong.bentre.edu.vn/","Số điện thoại trường":"02753.636.838","layer_id":311,"fid":447,"label":"Trường Mẫu Giáo Giao Long"}},{"type":"Feature","geometry":{"type":"Point","coordinates":[106.553735,10.04297203]},"properties":{"Trường Mầm Non, Mẫu Giáo":"Trường Mầm non An Hiệp","Đơn vị quản lý":" Xã Phú Túc","Hiệu trưởng":null,"Điện thoại hiệu trưởng":null,"Loại hình":"Công lập","Quy mô":"Trường mầm non","Đạt CQG (MĐ)":null,"Địa chỉ trường":"ấp Thuận Điền, xã Phú Túc","Thư điện tử":"mganhiep@chauthanh.edu.vn","Địa chỉ web trường":"http://mnanhiep.bentre.edu.vn","Số điện thoại trường":"2753626378","layer_id":311,"fid":449,"label":"Trường Mầm non An Hiệp"}},{"type":"Feature","geometry":{"type":"Point","coordinates":[106.2996469,10.29173109]},"properties":{"Trường Mầm Non, Mẫu Giáo":"Trường Mầm non Tường Đa","Đơn vị quản lý":" Xã Phú Túc","Hiệu trưởng":"Nguyễn Thị Trúc","Điện thoại hiệu trưởng":"916701369","Loại hình":"Công lập","Quy mô":"Trường mầm non","Đạt CQG (MĐ)":null,"Địa chỉ trường":"ấp Thanh Bình, xã Phú Túc","Thư điện tử":"mgtuongda@chauthanh.edu.vn","Địa chỉ web trường":"https://mgtuongda.bentre.edu.vn","Số điện thoại trường":"2753626787","layer_id":311,"fid":450,"label":"Trường Mầm non Tường Đa"}},{"type":"Feature","geometry":{"type":"Point","coordinates":[106.365233632,10.32817583]},"properties":{"Trường Mầm Non, Mẫu Giáo":"Trường Mầm non ABT","Đơn vị quản lý":" Xã Phú Túc","Hiệu trưởng":"Nguyễn Thị Anh Thư","Điện thoại hiệu trưởng":"968918282","Loại hình":"Công lập","Quy mô":"Trường mầm non","Đạt CQG (MĐ)":null,"Địa chỉ trường":"Ấp Tân An Thượng, xã Phú Túc","Thư điện tử":"mnabt@chauthanh.edu.vn","Địa chỉ web trường":"http://mnabt.bentre.edu.vn.","Số điện thoại trường":"2753895683","layer_id":311,"fid":451,"label":"Trường Mầm non ABT"}},{"type":"Feature","geometry":{"type":"Point","coordinates":[106.3578272,10.29904346]},"properties":{"Trường Mầm Non, Mẫu Giáo":"Trường Mầm Non Nguyễn Thế Hùng","Đơn vị quản lý":" Xã Phú Túc","Hiệu trưởng":"Nguyễn Hồng Diễm","Điện thoại hiệu trưởng":"362323999","Loại hình":"Công lập","Quy mô":"Trường mầm non","Đạt CQG (MĐ)":null,"Địa chỉ trường":"Ấp 3 xã Phú Túc","Thư điện tử":"mnnguyenthehung@chauthanh.edu.vn","Địa chỉ web trường":"https://mnnguyenthehung.bentre.edu.vn","Số điện thoại trường":"2756583789","layer_id":311,"fid":452,"label":"Trường Mầm Non Nguyễn Thế Hùng"}},{"type":"Feature","geometry":{"type":"Point","coordinates":[106.2021246,10.2896593]},"properties":{"Trường Mầm Non, Mẫu Giáo":"Trường Mẫu Giáo Tiên Long","Đơn vị quản lý":" Xã Tân Phú","Hiệu trưởng":"Phan Thị Huyền Châm","Điện thoại hiệu trưởng":"914713057","Loại hình":"Công lập","Quy mô":"Trường mẫu giáo","Đạt CQG (MĐ)":null,"Địa chỉ trường":"Ấp Tiên Chánh, xã Tân Phú","Thư điện tử":"mgtienlong@chauthanh.edu.vn","Địa chỉ web trường":"https://mgtienlong.bentre.edu.vn","Số điện thoại trường":"2753624134","layer_id":311,"fid":453,"label":"Trường Mẫu Giáo Tiên Long"}},{"type":"Feature","geometry":{"type":"Point","coordinates":[106.2044629,10.30242826]},"properties":{"Trường Mầm Non, Mẫu Giáo":"Trường Mầm non Tân Phú","Đơn vị quản lý":" Xã Tân Phú","Hiệu trưởng":"Nguyễn Thị Ngọc Cầm","Điện thoại hiệu trưởng":"987084163","Loại hình":"Công lập","Quy mô":"Trường mầm non","Đạt CQG (MĐ)":null,"Địa chỉ trường":"Ấp Tân Nam, xã Tân Phú","Thư điện tử":"mgtanphu@chauthanh.edu.vn","Địa chỉ web trường":"https://mgtp.bentre.edu.vn","Số điện thoại trường":"2753.620899","layer_id":311,"fid":454,"label":"Trường Mầm non Tân Phú"}},{"type":"Feature","geometry":{"type":"Point","coordinates":[106.2369136,10.31119518]},"properties":{"Trường Mầm Non, Mẫu Giáo":"Trường Mẫu Giáo Phú Đức","Đơn vị quản lý":" Xã Tân Phú","Hiệu trưởng":"Nguyễn Thị Kim Phượng","Điện thoại hiệu trưởng":"372498567","Loại hình":"Công lập","Quy mô":"Trường mẫu giáo","Đạt CQG (MĐ)":null,"Địa chỉ trường":"Ấp Định Lễ, xã Tân Phú","Thư điện tử":"mgphuduc@chauthanh.edu.vn","Địa chỉ web trường":"https://mgpđ.bentre.edu.vn","Số điện thoại trường":"2752243317","layer_id":311,"fid":455,"label":"Trường Mẫu Giáo Phú Đức"}},{"type":"Feature","geometry":{"type":"Point","coordinates":[106.373436,10.255925]},"properties":{"Trường Mầm Non, Mẫu Giáo":"Trường Mầm non Sen Hồng","Đơn vị quản lý":" Phường Phú Tân","Hiệu trưởng":"Lương Thị Hồng Cúc","Điện thoại hiệu trưởng":"947537740","Loại hình":"Công lập","Quy mô":"Trường mầm non","Đạt CQG (MĐ)":"Đạt chuẩn mức 1","Địa chỉ trường":"116A3, khu phố 2, phường Phú Tân","Thư điện tử":"mnsenhongtp@bentre.edu.vn","Địa chỉ web trường":"https://mamnonsenhong.bentre.edu.vn","Số điện thoại trường":"947537740","layer_id":311,"fid":456,"label":"Trường Mầm non Sen Hồng"}},{"type":"Feature","geometry":{"type":"Point","coordinates":[106.4041419,10.27715234]},"properties":{"Trường Mầm Non, Mẫu Giáo":"Trường Mầm Non Trần Văn Ơn","Đơn vị quản lý":" Phường Phú Tân","Hiệu trưởng":"Nguyễn Thị Xuân Thi","Điện thoại hiệu trưởng":"969649370","Loại hình":"Công lập","Quy mô":"Trường mầm non","Đạt CQG (MĐ)":null,"Địa chỉ trường":"Khu phố Phước Định, Phường Phú Tân","Thư điện tử":"mntranvanon@chauthanh.edu.vn","Địa chỉ web trường":"https://mntranvanon.bentre.edu.vn","Số điện thoại trường":"2753865768","layer_id":311,"fid":457,"label":"Trường Mầm Non Trần Văn Ơn"}},{"type":"Feature","geometry":{"type":"Point","coordinates":[106.2430387,10.26371459]},"properties":{"Trường Mầm Non, Mẫu Giáo":"Trường Mẫu Giáo Tiên Thủy","Đơn vị quản lý":" Xã Tiên Thủy","Hiệu trưởng":"Võ Thị Hữu Hiền","Điện thoại hiệu trưởng":"985236016","Loại hình":"Công lập","Quy mô":"Trường mẫu giáo","Đạt CQG (MĐ)":null,"Địa chỉ trường":"ấp Chánh, xã Tiên Thủy","Thư điện tử":"mgtienthuy@chauthanh.edu.vn","Địa chỉ web trường":"https://mgtienthuy.bentre.edu.vn","Số điện thoại trường":"2753623208","layer_id":311,"fid":458,"label":"Trường Mẫu Giáo Tiên Thủy"}},{"type":"Feature","geometry":{"type":"Point","coordinates":[106.2680783,10.29844311]},"properties":{"Trường Mầm Non, Mẫu Giáo":"Trường Mầm non Thành Triệu","Đơn vị quản lý":" Xã Tiên Thủy","Hiệu trưởng":"Phạm Trần Anh Thư","Điện thoại hiệu trưởng":"367928699","Loại hình":"Công lập","Quy mô":"Trường mầm non","Đạt CQG (MĐ)":null,"Địa chỉ trường":"ấp Phước Thạnh 1, xã Tiên Thủy","Thư điện tử":"mgthanhtrieu@chauthanh.edu.vn","Địa chỉ web trường":"https://mgthanhtrieu.bentre.edu.vn/","Số điện thoại trường":"2753626775","layer_id":311,"fid":459,"label":"Trường Mầm non Thành Triệu"}},{"type":"Feature","geometry":{"type":"Point","coordinates":[106.2316598,10.28651894]},"properties":{"Trường Mầm Non, Mẫu Giáo":"Trường Mẫu Giáo Quới Thành","Đơn vị quản lý":" Xã Tiên Thủy","Hiệu trưởng":"Nguyễn Thị Hồng Hương","Điện thoại hiệu trưởng":"944148882","Loại hình":"Công lập","Quy mô":"Trường mẫu giáo","Đạt CQG (MĐ)":null,"Địa chỉ trường":"Ấp Phú Hòa, xã Tiên Thủy","Thư điện tử":"mgquoithanh@chauthanh.edu.vn","Địa chỉ web trường":"https://mgquoithanh.bentre.edu.vn","Số điện thoại trường":"2753623924","layer_id":311,"fid":460,"label":"Trường Mẫu Giáo Quới Thành"}},{"type":"Feature","geometry":{"type":"Point","coordinates":[106.144836,10.249702]},"properties":{"Trường Mầm Non, Mẫu Giáo":"Trường Mầm non Hòa Nghĩa","Đơn vị quản lý":" Xã Chợ Lách ","Hiệu trưởng":"Dương Nhật Phương Giang","Điện thoại hiệu trưởng":null,"Loại hình":"Công lập","Quy mô":"Trường mầm non","Đạt CQG (MĐ)":"Đạt chuẩn mức 1","Địa chỉ trường":"Ấp Nhơn Phú, xã Chợ Lách","Thư điện tử":"bentre_mghoanghia_cl@bentre.edu.vn","Địa chỉ web trường":"https://mamnonhoanghia.bentre.edu.vn","Số điện thoại trường":"2753872632","layer_id":311,"fid":461,"label":"Trường Mầm non Hòa Nghĩa"}},{"type":"Feature","geometry":{"type":"Point","coordinates":[106.2063389,10.22308216]},"properties":{"Trường Mầm Non, Mẫu Giáo":"Trường Mầm non Long Thới","Đơn vị quản lý":" Xã Chợ Lách ","Hiệu trưởng":"Vân Thị Minh Trang","Điện thoại hiệu trưởng":"985570582","Loại hình":"Công lập","Quy mô":"Trường mầm non","Đạt CQG (MĐ)":null,"Địa chỉ trường":"Ấp Long Vinh, xã Chợ Lách","Thư điện tử":"bentre_mglongthoi_cl@bentre.edu.vn","Địa chỉ web trường":"mamnonlongthoi.edu.vn","Số điện thoại trường":null,"layer_id":311,"fid":462,"label":"Trường Mầm non Long Thới"}},{"type":"Feature","geometry":{"type":"Point","coordinates":[106.1192587,10.26719924]},"properties":{"Trường Mầm Non, Mẫu Giáo":"Trường Mầm non Chợ Lách","Đơn vị quản lý":" Xã Chợ Lách ","Hiệu trưởng":"Lê Vân Linh","Điện thoại hiệu trưởng":"797987276","Loại hình":"Công lập","Quy mô":"Trường mầm non","Đạt CQG (MĐ)":"Đạt chuẩn mức 1","Địa chỉ trường":"Ấp 3, Xã Chợ Lách","Thư điện tử":"bentre_mnthitran_cl@bentre.edu.vn","Địa chỉ web trường":"http://mamnonthitranclh.bentre.edu.vn","Số điện thoại trường":"2753871669","layer_id":311,"fid":463,"label":"Trường Mầm non Chợ Lách"}},{"type":"Feature","geometry":{"type":"Point","coordinates":[106.1618385,10.24942653]},"properties":{"Trường Mầm Non, Mẫu Giáo":"Trường Mầm non  Hoa Hồng","Đơn vị quản lý":" Xã Chợ Lách ","Hiệu trưởng":null,"Điện thoại hiệu trưởng":"986258031","Loại hình":"Tư thục","Quy mô":"Trường mầm non","Đạt CQG (MĐ)":null,"Địa chỉ trường":"Ấp Long Vinh, xã Chợ Lách","Thư điện tử":"truongmnhoahong010@gmail.com","Địa chỉ web trường":"không có","Số điện thoại trường":"2753691326","layer_id":311,"fid":464,"label":"Trường Mầm non  Hoa Hồng"}},{"type":"Feature","geometry":{"type":"Point","coordinates":[106.050959,10.27610747]},"properties":{"Trường Mầm Non, Mẫu Giáo":"Trường Mầm non Phú Phụng","Đơn vị quản lý":" Xã Phú Phụng","Hiệu trưởng":"Trần Thị Yến Nhi","Điện thoại hiệu trưởng":"987996652","Loại hình":"Công lập","Quy mô":"Trường mầm non","Đạt CQG (MĐ)":"Đạt chuẩn mức 1","Địa chỉ trường":"Ấp Chợ, xã Phú Phụng","Thư điện tử":"bentre_mgphuphung_cl@bentre.edu.vn","Địa chỉ web trường":"https://mamnonphuphung.bentre.edu.vn/","Số điện thoại trường":"2753712608","layer_id":311,"fid":465,"label":"Trường Mầm non Phú Phụng"}},{"type":"Feature","geometry":{"type":"Point","coordinates":[106.069907,10.25169262]},"properties":{"Trường Mầm Non, Mẫu Giáo":"Trường Mầm non Vĩnh Bình","Đơn vị quản lý":" Xã Phú Phụng","Hiệu trưởng":"Trần Thị Tuyết Nga","Điện thoại hiệu trưởng":"911535901","Loại hình":"Công lập","Quy mô":"Trường mầm non","Đạt CQG (MĐ)":"Đạt chuẩn mức 1","Địa chỉ trường":"Ấp Lộc Hiệp, xã Phú Phụng","Thư điện tử":"bentre_mgmnvinhbinh_cl@bentre.edu.vn","Địa chỉ web trường":"mamnonvinhbinh.bentre.edu.vn","Số điện thoại trường":"2753871697","layer_id":311,"fid":466,"label":"Trường Mầm non Vĩnh Bình"}},{"type":"Feature","geometry":{"type":"Point","coordinates":[106.1115579,10.26418469]},"properties":{"Trường Mầm Non, Mẫu Giáo":"Trường Mầm non Sơn Định","Đơn vị quản lý":" Xã Phú Phụng","Hiệu trưởng":"Ngô Thị Thanh Trà","Điện thoại hiệu trưởng":"907600029","Loại hình":"Công lập","Quy mô":"Trường mầm non","Đạt CQG (MĐ)":null,"Địa chỉ trường":"Ấp Sơn Lân, xã Phú Phụng","Thư điện tử":"bentre_mgsondinh_cl@bentre.edu.vn","Địa chỉ web trường":"mamnonsondinh.bentre.edu.vn","Số điện thoại trường":"2753871953","layer_id":311,"fid":467,"label":"Trường Mầm non Sơn Định"}},{"type":"Feature","geometry":{"type":"Point","coordinates":[106.184563,10.119247]},"properties":{"Trường Mầm Non, Mẫu Giáo":"Trường Mầm non Tân Thiềng","Đơn vị quản lý":" Xã Vĩnh Thành ","Hiệu trưởng":null,"Điện thoại hiệu trưởng":null,"Loại hình":"Công lập","Quy mô":"Trường mầm non","Đạt CQG (MĐ)":null,"Địa chỉ trường":"Ấp Quân Phong, xã Vĩnh Thành","Thư điện tử":"bentre_mgtanthieng_cl@bentre.edu.vn","Địa chỉ web trường":"mamnontanthieng.bentre.edu.vn","Số điện thoại trường":"2753876771","layer_id":311,"fid":468,"label":"Trường Mầm non Tân Thiềng"}},{"type":"Feature","geometry":{"type":"Point","coordinates":[106.2192181,10.20942294]},"properties":{"Trường Mầm Non, Mẫu Giáo":"Trường Mầm non Vĩnh Thành","Đơn vị quản lý":" Xã Vĩnh Thành ","Hiệu trưởng":"Hồ Thị Huỳnh Mai","Điện thoại hiệu trưởng":"942700769","Loại hình":"Công lập","Quy mô":"Trường mầm non","Đạt CQG (MĐ)":"Đạt chuẩn mức 1","Địa chỉ trường":"Ấp Vĩnh Bắc xã Vĩnh Thành","Thư điện tử":"bentre_mgvinhthanh_cl@bentre.edu.vn","Địa chỉ web trường":"https://mamnonvinhthanh.bentre.edu.vn","Số điện thoại trường":"2753875776","layer_id":311,"fid":469,"label":"Trường Mầm non Vĩnh Thành"}},{"type":"Feature","geometry":{"type":"Point","coordinates":[106.2398681,10.23343366]},"properties":{"Trường Mầm Non, Mẫu Giáo":"Trường Mầm non Phú Sơn","Đơn vị quản lý":" Xã Vĩnh Thành ","Hiệu trưởng":"Trần Thị Thanh Thủy","Điện thoại hiệu trưởng":"989928796","Loại hình":"Công lập","Quy mô":"Trường mầm non","Đạt CQG (MĐ)":"Đạt chuẩn mức 1","Địa chỉ trường":"Ấp Phú Hiệp, xã Vĩnh Thành","Thư điện tử":"bentre_mgphuson_cl@bentre.edu.vn","Địa chỉ web trường":"http://mamnonphuson.bentre.edu.vn","Số điện thoại trường":"2753696889","layer_id":311,"fid":470,"label":"Trường Mầm non Phú Sơn"}},{"type":"Feature","geometry":{"type":"Point","coordinates":[106.217718,10.208859]},"properties":{"Trường Mầm Non, Mẫu Giáo":"Trường Mầm non Cái Mơn","Đơn vị quản lý":" Xã Vĩnh Thành ","Hiệu trưởng":null,"Điện thoại hiệu trưởng":"942923738","Loại hình":"Tư thục","Quy mô":"Trường mầm non","Đạt CQG (MĐ)":null,"Địa chỉ trường":"Ấp Vĩnh Bắc, xã Vĩnh Thành","Thư điện tử":"bentre_mnttcaimon_cl@bentre.edu.vn","Địa chỉ web trường":"không có","Số điện thoại trường":"2753898887","layer_id":311,"fid":471,"label":"Trường Mầm non Cái Mơn"}},{"type":"Feature","geometry":{"type":"Point","coordinates":[106.227293,10.169133]},"properties":{"Trường Mầm Non, Mẫu Giáo":"Trường Mầm non Hưng Khánh Trung B","Đơn vị quản lý":" Xã Hưng Khánh Trung ","Hiệu trưởng":"Trương Dạ Thảo","Điện thoại hiệu trưởng":"377504587","Loại hình":"Công lập","Quy mô":"Trường mầm non","Đạt CQG (MĐ)":null,"Địa chỉ trường":"Ấp Tân Trung, xã Hưng Khánh Trung","Thư điện tử":"bentre_mghungkhanhtrung_cl@bentre.edu.vn","Địa chỉ web trường":"mamnonhungkhanhtrungb.bentre.edu.vn","Số điện thoại trường":"2753605957","layer_id":311,"fid":472,"label":"Trường Mầm non Hưng Khánh Trung B"}},{"type":"Feature","geometry":{"type":"Point","coordinates":[106.2526722,10.20919056]},"properties":{"Trường Mầm Non, Mẫu Giáo":"Trường Mầm non Vĩnh Hòa","Đơn vị quản lý":" Xã Hưng Khánh Trung ","Hiệu trưởng":"Nguyễn Thị Huệ","Điện thoại hiệu trưởng":"947916199","Loại hình":"Công lập","Quy mô":"Trường mầm non","Đạt CQG (MĐ)":null,"Địa chỉ trường":"Ấp Đông Thọ, xã Hưng Khánh Trung","Thư điện tử":"bentre_mgvinhhoa_cl@bentre.edu.vn","Địa chỉ web trường":"mamnonvinhhoa.bentre.edu.vn","Số điện thoại trường":"2753696614","layer_id":311,"fid":473,"label":"Trường Mầm non Vĩnh Hòa"}},{"type":"Feature","geometry":{"type":"Point","coordinates":[106.2614243,10.17503745]},"properties":{"Trường Mầm Non, Mẫu Giáo":"Trường Mầm non Hưng Khánh Trung A","Đơn vị quản lý":" Xã Hưng Khánh Trung ","Hiệu trưởng":"Nguyễn Thị Bình","Điện thoại hiệu trưởng":"945488079","Loại hình":"Công lập","Quy mô":"Trường mầm non","Đạt CQG (MĐ)":null,"Địa chỉ trường":"Ấp Tân Nhơn, xã Hưng Khánh Trung","Thư điện tử":"mnhungkhanhtrunga@gmail.com","Địa chỉ web trường":"http://mocaybac.edu.vn/mnhungkhanhtrunga","Số điện thoại trường":"2753669625","layer_id":311,"fid":474,"label":"Trường Mầm non Hưng Khánh Trung A"}},{"type":"Feature","geometry":{"type":"Point","coordinates":[106.3047522,10.11548537]},"properties":{"Trường Mầm Non, Mẫu Giáo":"Trường Mầm non An Thạnh","Đơn vị quản lý":" Xã Mỏ Cày ","Hiệu trưởng":"Nguyễn Thị Âu","Điện thoại hiệu trưởng":"386250970","Loại hình":"Công lập","Quy mô":"Trường mầm non","Đạt CQG (MĐ)":"Đạt chuẩn mức 1","Địa chỉ trường":"Ấp An Lộc Giồng, Xã Mỏ Cày","Thư điện tử":"mganthanhmocaynam@bentre.edu.vn","Địa chỉ web trường":"https://mamnonanthanh.bentre.edu.vn","Số điện thoại trường":"2753678702","layer_id":311,"fid":475,"label":"Trường Mầm non An Thạnh"}},{"type":"Feature","geometry":{"type":"Point","coordinates":[106.3251981,10.11353402]},"properties":{"Trường Mầm Non, Mẫu Giáo":"Trường Mầm non Đa Phước Hội","Đơn vị quản lý":" Xã Mỏ Cày ","Hiệu trưởng":"Lê Thị Hồng Phương","Điện thoại hiệu trưởng":"963755299","Loại hình":"Công lập","Quy mô":"Trường mầm non","Đạt CQG (MĐ)":null,"Địa chỉ trường":"Ấp An Nhơn 1 xã Mỏ Cày","Thư điện tử":"Mamnondaphuochoi_mcn@bentre.edu.vn","Địa chỉ web trường":"Mamnondaphuochoi.bentre.edu.vn","Số điện thoại trường":"2753660454","layer_id":311,"fid":476,"label":"Trường Mầm non Đa Phước Hội"}},{"type":"Feature","geometry":{"type":"Point","coordinates":[106.327085,10.13017678]},"properties":{"Trường Mầm Non, Mẫu Giáo":"Trường Mầm non Mỏ Cày","Đơn vị quản lý":" Xã Mỏ Cày ","Hiệu trưởng":null,"Điện thoại hiệu trưởng":null,"Loại hình":"Công lập","Quy mô":"Trường mầm non","Đạt CQG (MĐ)":"Đạt chuẩn mức 1","Địa chỉ trường":"Đường Công Lý, Ấp 5, Xã Mỏ Cày","Thư điện tử":"mamnonthitranmocay_mcn@bentre.edu.vn","Địa chỉ web trường":"http://mnthitranmocay.bentre.edu.vn","Số điện thoại trường":"2753843769","layer_id":311,"fid":477,"label":"Trường Mầm non Mỏ Cày"}},{"type":"Feature","geometry":{"type":"Point","coordinates":[106.3354683,10.14716999]},"properties":{"Trường Mầm Non, Mẫu Giáo":"Trường Mầm non Tư thục Tuổi Ngọc","Đơn vị quản lý":" Xã Mỏ Cày ","Hiệu trưởng":null,"Điện thoại hiệu trưởng":null,"Loại hình":"Tư thục","Quy mô":"Trường mầm non","Đạt CQG (MĐ)":null,"Địa chỉ trường":"Ấp 5, xã Mỏ Cày","Thư điện tử":"lvinh5576@gmail.com","Địa chỉ web trường":null,"Số điện thoại trường":"2753843474","layer_id":311,"fid":478,"label":"Trường Mầm non Tư thục Tuổi Ngọc"}},{"type":"Feature","geometry":{"type":"Point","coordinates":[106.2833691,10.23859422]},"properties":{"Trường Mầm Non, Mẫu Giáo":"Trường Mầm non Thạnh Ngãi","Đơn vị quản lý":" Xã Phước Mỹ Trung","Hiệu trưởng":null,"Điện thoại hiệu trưởng":null,"Loại hình":"Công lập","Quy mô":"Trường mẫu giáo","Đạt CQG (MĐ)":null,"Địa chỉ trường":"Ấp Ông Cốm, xã Phước Mỹ Trung","Thư điện tử":"mgthanhngaimcb@gmail.com","Địa chỉ web trường":"http://mocaybac.edu.vn/mgthanhngai","Số điện thoại trường":"2753668488","layer_id":311,"fid":479,"label":"Trường Mầm non Thạnh Ngãi"}},{"type":"Feature","geometry":{"type":"Point","coordinates":[106.2926134,10.21377165]},"properties":{"Trường Mầm Non, Mẫu Giáo":"Trường Mầm non Tân Phú Tây","Đơn vị quản lý":" Xã Phước Mỹ Trung","Hiệu trưởng":"Nguyễn Thị Thúy Hằng","Điện thoại hiệu trưởng":"834603877","Loại hình":"Công lập","Quy mô":"Trường mẫu giáo","Đạt CQG (MĐ)":null,"Địa chỉ trường":"Ấp An Bình 1, xã Tân Thủy","Thư điện tử":"maugiaoanhoatay@bentre.edu.vn","Địa chỉ web trường":"https://maugiaoanhoatay.bentre.edu.vn","Số điện thoại trường":"2756291886","layer_id":311,"fid":480,"label":"Trường Mầm non Tân Phú Tây"}},{"type":"Feature","geometry":{"type":"Point","coordinates":[106.2765026,10.18926345]},"properties":{"Trường Mầm Non, Mẫu Giáo":"Trường Mầm non Phước Mỹ Trung","Đơn vị quản lý":" Xã Phước Mỹ Trung","Hiệu trưởng":"Huỳnh Thị Lan Phương","Điện thoại hiệu trưởng":"945680222","Loại hình":"Công lập","Quy mô":"Trường mầm non","Đạt CQG (MĐ)":null,"Địa chỉ trường":"Ấp Phước Khánh, xã Phước Mỹ Trung","Thư điện tử":"mnphuocmytrung2003@gmail.com","Địa chỉ web trường":"http://mocaybac.edu.vn/mnphuocmytrung","Số điện thoại trường":"2753845677","layer_id":311,"fid":481,"label":"Trường Mầm non Phước Mỹ Trung"}},{"type":"Feature","geometry":{"type":"Point","coordinates":[106.261794,10.24638592]},"properties":{"Trường Mầm Non, Mẫu Giáo":"Trường Mầm Non Phú Mỹ","Đơn vị quản lý":" Xã Phước Mỹ Trung","Hiệu trưởng":"Lê Thị Trúc Phương","Điện thoại hiệu trưởng":"379113068","Loại hình":"Công lập","Quy mô":"Trường mầm non","Đạt CQG (MĐ)":null,"Địa chỉ trường":"ấp Kinh gãy xã Phước Mỹ Trung","Thư điện tử":"mnphumy2017@gmail.com","Địa chỉ web trường":"http://mocaybac.edu.vn/mnphumy","Số điện thoại trường":"2753668000","layer_id":311,"fid":482,"label":"Trường Mầm Non Phú Mỹ"}},{"type":"Feature","geometry":{"type":"Point","coordinates":[106.3294764,10.16852348]},"properties":{"Trường Mầm Non, Mẫu Giáo":"Trường Mầm non Hòa Lộc","Đơn vị quản lý":" Xã Tân Thành Bình","Hiệu trưởng":"Nguyễn Thị Ngọc Thi","Điện thoại hiệu trưởng":"377996306","Loại hình":"Công lập","Quy mô":"Trường mầm non","Đạt CQG (MĐ)":"Đạt chuẩn mức 1","Địa chỉ trường":"Ấp Hòa Bình, xã Tân Thành Bình","Thư điện tử":"mghoalocmcb@gmail.com","Địa chỉ web trường":"http://mocaybac.edu.vn/mghoaloc","Số điện thoại trường":"2756284288","layer_id":311,"fid":483,"label":"Trường Mầm non Hòa Lộc"}},{"type":"Feature","geometry":{"type":"Point","coordinates":[106.2969166,10.18073509]},"properties":{"Trường Mầm Non, Mẫu Giáo":"Trường Mầm non Thành An","Đơn vị quản lý":" Xã Tân Thành Bình","Hiệu trưởng":"Lê Thị Ngọc Diễm","Điện thoại hiệu trưởng":"392719326","Loại hình":"Công lập","Quy mô":"Trường mầm non","Đạt CQG (MĐ)":null,"Địa chỉ trường":"Ấp Đông Hoà, Xã Tân Thành Bình","Thư điện tử":"mgthanhan2005@gmail.com","Địa chỉ web trường":"http://mocaybac.edu.vn/mgthanhan","Số điện thoại trường":"2753670370","layer_id":311,"fid":484,"label":"Trường Mầm non Thành An"}},{"type":"Feature","geometry":{"type":"Point","coordinates":[106.29164,10.15179]},"properties":{"Trường Mầm Non, Mẫu Giáo":"Trường Mầm non Tân Bình","Đơn vị quản lý":" Xã Tân Thành Bình","Hiệu trưởng":"Lê Thị Ngọc Luyến","Điện thoại hiệu trưởng":"919755039","Loại hình":"Công lập","Quy mô":"Trường mầm non","Đạt CQG (MĐ)":"Đạt chuẩn mức 1","Địa chỉ trường":"Ấp Tân An, xã Tân Thành Bình","Thư điện tử":"mgtanbinh1@gmail.com","Địa chỉ web trường":"https://mntanbinh.vinhlong.edu.vn/","Số điện thoại trường":"2753844695","layer_id":311,"fid":485,"label":"Trường Mầm non Tân Bình"}},{"type":"Feature","geometry":{"type":"Point","coordinates":[106.333101,10.19898]},"properties":{"Trường Mầm Non, Mẫu Giáo":"Trường Mầm Non Tân Thành Bình","Đơn vị quản lý":" Xã Tân Thành Bình","Hiệu trưởng":null,"Điện thoại hiệu trưởng":null,"Loại hình":"Công lập","Quy mô":"Trường mầm non","Đạt CQG (MĐ)":null,"Địa chỉ trường":"Ấp Chợ Xếp, Xã Tân Thành Bình","Thư điện tử":"mntanthanhbinh@gmail.com","Địa chỉ web trường":"https://mocaybac.edu.vn/mntanthanhbinh","Số điện thoại trường":"2753840847","layer_id":311,"fid":486,"label":"Trường Mầm Non Tân Thành Bình"}},{"type":"Feature","geometry":{"type":"Point","coordinates":[106.3570038,10.14697512]},"properties":{"Trường Mầm Non, Mẫu Giáo":"Trường Mầm non Định Thủy","Đơn vị quản lý":" Xã Đồng Khởi ","Hiệu trưởng":"Huỳnh Thị Thanh Tuyền","Điện thoại hiệu trưởng":"915864693","Loại hình":"Công lập","Quy mô":"Trường mầm non","Đạt CQG (MĐ)":"Đạt chuẩn mức 1","Địa chỉ trường":"Ấp Định Nhơn, Xã Đồng Khởi","Thư điện tử":"mamnondinhthuy_mcn@bentre.edu.vn","Địa chỉ web trường":"mamnondinhthuy.bentre.edu.vn","Số điện thoại trường":"2753842534","layer_id":311,"fid":487,"label":"Trường Mầm non Định Thủy"}},{"type":"Feature","geometry":{"type":"Point","coordinates":[106.397299,10.098225]},"properties":{"Trường Mầm Non, Mẫu Giáo":"Trường Mầm non Bình Khánh","Đơn vị quản lý":" Xã Đồng Khởi ","Hiệu trưởng":null,"Điện thoại hiệu trưởng":null,"Loại hình":"Công lập","Quy mô":"Trường mầm non","Đạt CQG (MĐ)":null,"Địa chỉ trường":"ấp Phú Tây Hạ , xã Đồng Khởi","Thư điện tử":"maugiaobinhkhanh_mcn@bentre.edu.vn","Địa chỉ web trường":"mamnonbinhkhanh.bentre.edu.vn","Số điện thoại trường":"2753662571","layer_id":311,"fid":488,"label":"Trường Mầm non Bình Khánh"}},{"type":"Feature","geometry":{"type":"Point","coordinates":[106.296374811,10.2036031]},"properties":{"Trường Mầm Non, Mẫu Giáo":"Trường Mầm non Tân Thanh Tây","Đơn vị quản lý":" Xã Nhuận Phú Tân ","Hiệu trưởng":"Nguyễn Thị Thanh Minh","Điện thoại hiệu trưởng":"986321179","Loại hình":"Công lập","Quy mô":"Trường mầm non","Đạt CQG (MĐ)":"Đạt chuẩn mức 1","Địa chỉ trường":"Ấp Xóm Gò, Xã Nhuận Phú Tân","Thư điện tử":"mgtanthanhtay@gmail.com","Địa chỉ web trường":"http://mocaybac.edu.vn/mgtanthanhtay","Số điện thoại trường":"2753840940","layer_id":311,"fid":489,"label":"Trường Mầm non Tân Thanh Tây"}},{"type":"Feature","geometry":{"type":"Point","coordinates":[106.3964862,10.06457428]},"properties":{"Trường Mầm Non, Mẫu Giáo":"Trường Mầm non Tân Trung","Đơn vị quản lý":" Xã An Định ","Hiệu trưởng":"Lê Thị Nhi","Điện thoại hiệu trưởng":"398947838","Loại hình":"Công lập","Quy mô":"Trường mầm non","Đạt CQG (MĐ)":null,"Địa chỉ trường":"Ấp Tân Hậu 2, Xã An Định","Thư điện tử":"mamnontantrung_mcn@bentre.edu.vn","Địa chỉ web trường":"http://mamnontantrung.bentre.edu.vn","Số điện thoại trường":"2753849911","layer_id":311,"fid":492,"label":"Trường Mầm non Tân Trung"}},{"type":"Feature","geometry":{"type":"Point","coordinates":[106.2535756,10.12518879]},"properties":{"Trường Mầm Non, Mẫu Giáo":"Trường Mầm non Nhuận Phú Tân","Đơn vị quản lý":" Xã Nhuận Phú Tân ","Hiệu trưởng":"Lê Thị Thanh Thảo","Điện thoại hiệu trưởng":"386425640","Loại hình":"Công lập","Quy mô":"Trường mầm non","Đạt CQG (MĐ)":null,"Địa chỉ trường":"Ấp Giồng Chùa, Xã Nhuận Phú Tân","Thư điện tử":"mgnhuanphutan@gmail.com","Địa chỉ web trường":"http://mocaybac.edu.vn/mgnhuanphutan","Số điện thoại trường":"2753846603","layer_id":311,"fid":490,"label":"Trường Mầm non Nhuận Phú Tân"}},{"type":"Feature","geometry":{"type":"Point","coordinates":[106.2765801,10.11571633]},"properties":{"Trường Mầm Non, Mẫu Giáo":"Trường Mầm non Khánh Thạnh Tân","Đơn vị quản lý":" Xã Nhuận Phú Tân ","Hiệu trưởng":"Nguyễn Thị Sửa","Điện thoại hiệu trưởng":"964532638","Loại hình":"Công lập","Quy mô":"Trường mầm non","Đạt CQG (MĐ)":null,"Địa chỉ trường":"Ấp Tài Đại, Xã Nhuận Phú Tân","Thư điện tử":"mgkhanhthanhtan@gmail.com","Địa chỉ web trường":"http://mocaybac.edu.vn/mgkhanhthanhtan","Số điện thoại trường":"2753673421","layer_id":311,"fid":491,"label":"Trường Mầm non Khánh Thạnh Tân"}},{"type":"Feature","geometry":{"type":"Point","coordinates":[106.3773169,10.08009944]},"properties":{"Trường Mầm Non, Mẫu Giáo":"Trường Mầm non An Định","Đơn vị quản lý":" Xã An Định ","Hiệu trưởng":"Ngô Thị Nhỏ","Điện thoại hiệu trưởng":"946830587","Loại hình":"Công lập","Quy mô":"Trường mầm non","Đạt CQG (MĐ)":null,"Địa chỉ trường":"Ấp Phú Đông 1, xã An Định","Thư điện tử":"mgandinhmocaynam@bentre.edu.vn","Địa chỉ web trường":"mamnonandinh.bentre.edu.vn","Số điện thoại trường":"2753682401","layer_id":311,"fid":493,"label":"Trường Mầm non An Định"}},{"type":"Feature","geometry":{"type":"Point","coordinates":[106.4148449,10.05374138]},"properties":{"Trường Mầm Non, Mẫu Giáo":"Trường Mầm non Minh Đức","Đơn vị quản lý":" Xã An Định ","Hiệu trưởng":"Đặng Thị Kim Cương","Điện thoại hiệu trưởng":"355234620","Loại hình":"Công lập","Quy mô":"Trường mầm non","Đạt CQG (MĐ)":"Đạt chuẩn mức 1","Địa chỉ trường":"Ấp Tân Qưới Tây B, Xã An Định","Thư điện tử":"mgminhducmocaynam@bentre.edu.vn","Địa chỉ web trường":"https://mamnonminhduc.bentre.edu.vn","Số điện thoại trường":"2753685268","layer_id":311,"fid":494,"label":"Trường Mầm non Minh Đức"}},{"type":"Feature","geometry":{"type":"Point","coordinates":[106.3285796,10.06708967]},"properties":{"Trường Mầm Non, Mẫu Giáo":"Trường Mầm non Thành Thới","Đơn vị quản lý":" Xã Thành Thới ","Hiệu trưởng":null,"Điện thoại hiệu trưởng":"382274206","Loại hình":"Công lập","Quy mô":"Trường mầm non","Đạt CQG (MĐ)":null,"Địa chỉ trường":"ấp An Trạch Đông- xã Thành Thới","Thư điện tử":null,"Địa chỉ web trường":null,"Số điện thoại trường":null,"layer_id":311,"fid":495,"label":"Trường Mầm non Thành Thới"}},{"type":"Feature","geometry":{"type":"Point","coordinates":[106.3404062,10.07183387]},"properties":{"Trường Mầm Non, Mẫu Giáo":"Trường Mầm non An Thới","Đơn vị quản lý":" Xã Thành Thới ","Hiệu trưởng":"Phan Thị Kim Liên","Điện thoại hiệu trưởng":"334686076","Loại hình":"Công lập","Quy mô":"Trường mầm non","Đạt CQG (MĐ)":"Đạt chuẩn mức 1","Địa chỉ trường":"ấp An Lợi, xã Thành Thới","Thư điện tử":"mganthoimocaynam@bentre.edu.vn","Địa chỉ web trường":"http://mamnonanthoibentre.edu.vn","Số điện thoại trường":"2753681018","layer_id":311,"fid":496,"label":"Trường Mầm non An Thới"}},{"type":"Feature","geometry":{"type":"Point","coordinates":[106.3994443,10.01950938]},"properties":{"Trường Mầm Non, Mẫu Giáo":"Trường Mầm non Hương Mỹ","Đơn vị quản lý":" Xã Hương Mỹ ","Hiệu trưởng":"Bùi Thị Ngọc Luyến","Điện thoại hiệu trưởng":"366973646","Loại hình":"Công lập","Quy mô":"Trường mầm non","Đạt CQG (MĐ)":null,"Địa chỉ trường":"Ấp Thị, Xã Hương Mỹ","Thư điện tử":"mghuongmymocaynam@bentre.edu.vn","Địa chỉ web trường":"http://mamnonhuongmy.bentre.edu.vn","Số điện thoại trường":"2753849501","layer_id":311,"fid":497,"label":"Trường Mầm non Hương Mỹ"}},{"type":"Feature","geometry":{"type":"Point","coordinates":[106.379097,10.04570598]},"properties":{"Trường Mầm Non, Mẫu Giáo":"Trường Mầm non Cẩm Sơn","Đơn vị quản lý":" Xã Hương Mỹ ","Hiệu trưởng":"Võ Thị Thu Thảo","Điện thoại hiệu trưởng":"389780557","Loại hình":"Công lập","Quy mô":"Trường mầm non","Đạt CQG (MĐ)":"Đạt chuẩn mức 1","Địa chỉ trường":"Ấp Bình Tây 2, xã Hương Mỹ","Thư điện tử":"mgcamsonmocaynam@bentre.edu.vn","Địa chỉ web trường":"mamnoncamson.bentre.edu.vn","Số điện thoại trường":null,"layer_id":311,"fid":498,"label":"Trường Mầm non Cẩm Sơn"}},{"type":"Feature","geometry":{"type":"Point","coordinates":[106.5070168,10.135358]},"properties":{"Trường Mầm Non, Mẫu Giáo":"Trường Mầm non Bình Thành","Đơn vị quản lý":" Xã Giồng Trôm ","Hiệu trưởng":"Nguyễn Thị Tú Thanh","Điện thoại hiệu trưởng":"382451070","Loại hình":"Công lập","Quy mô":"Trường mầm non","Đạt CQG (MĐ)":null,"Địa chỉ trường":"Ấp Bình Phú, xã Giồng Trôm","Thư điện tử":"bentre_mgbinhthanh_gt@bentre.edu.vn","Địa chỉ web trường":"http://mamnonbinhthanh.bentre.edu.vn","Số điện thoại trường":"2753861956","layer_id":311,"fid":499,"label":"Trường Mầm non Bình Thành"}},{"type":"Feature","geometry":{"type":"Point","coordinates":[106.5006531,10.16134608]},"properties":{"Trường Mầm Non, Mẫu Giáo":"Trường Mẫu Giáo Bình Hòa","Đơn vị quản lý":" Xã Giồng Trôm ","Hiệu trưởng":"Trương Thị Thoa","Điện thoại hiệu trưởng":"989044900","Loại hình":"Công lập","Quy mô":"Trường mẫu giáo","Đạt CQG (MĐ)":null,"Địa chỉ trường":"Ấp Kinh Ngoài, xã Giồng Trôm","Thư điện tử":"bentre_mgbinhhoa_gt@bentre.edu.vn","Địa chỉ web trường":"http://maugiaobinhhoa.bentre.edu.vn","Số điện thoại trường":"02753.640.752","layer_id":311,"fid":500,"label":"Trường Mẫu Giáo Bình Hòa"}},{"type":"Feature","geometry":{"type":"Point","coordinates":[106.505761207,10.14481273]},"properties":{"Trường Mầm Non, Mẫu Giáo":"Trường Mầm Non Giồng Trôm","Đơn vị quản lý":" Xã Giồng Trôm ","Hiệu trưởng":"Lê Thị Bé Tý","Điện thoại hiệu trưởng":"363340777","Loại hình":"Công lập","Quy mô":"Trường mầm non","Đạt CQG (MĐ)":"Đạt chuẩn mức 1","Địa chỉ trường":"ấp Bình An xã Giồng Trôm","Thư điện tử":"bentre_mgthitran_gt@bentre.edu.vn","Địa chỉ web trường":"https://mamnonthitrangtm.bentre.edu.vn","Số điện thoại trường":"2753861259","layer_id":311,"fid":501,"label":"Trường Mầm Non Giồng Trôm"}},{"type":"Feature","geometry":{"type":"Point","coordinates":[106.4510786,10.23868035]},"properties":{"Trường Mầm Non, Mẫu Giáo":"Trường Mầm non Phong Nẫm","Đơn vị quản lý":" Xã Lương Hòa ","Hiệu trưởng":null,"Điện thoại hiệu trưởng":null,"Loại hình":"Công lập","Quy mô":"Trường mầm non","Đạt CQG (MĐ)":null,"Địa chỉ trường":"Ấp Giồng Sậy, xã Lương Hòa","Thư điện tử":"bentre_mgphongnam_gt@bentre.edu.vn","Địa chỉ web trường":"https://maugiaophongnam.bentre.edu.vn","Số điện thoại trường":"2753896246","layer_id":311,"fid":502,"label":"Trường Mầm non Phong Nẫm"}},{"type":"Feature","geometry":{"type":"Point","coordinates":[106.4438025,10.19458351]},"properties":{"Trường Mầm Non, Mẫu Giáo":"Trường Mầm Non Moncada","Đơn vị quản lý":" Xã Lương Hòa ","Hiệu trưởng":"Nguyễn Thị Nhung","Điện thoại hiệu trưởng":"915167507","Loại hình":"Công lập","Quy mô":"Trường mầm non","Đạt CQG (MĐ)":null,"Địa chỉ trường":"Ấp Phong Điền, xã Lương Hòa","Thư điện tử":"bentre_mgluonghoa_gt@bentre.edu.vn","Địa chỉ web trường":"mamnonmoncada.bentre.edu.vn","Số điện thoại trường":"2753862852","layer_id":311,"fid":503,"label":"Trường Mầm Non Moncada"}},{"type":"Feature","geometry":{"type":"Point","coordinates":[106.5762559,10.04681913]},"properties":{"Trường Mầm Non, Mẫu Giáo":"Trường Mầm non An Bình Tây","Đơn vị quản lý":" Xã Ba Tri ","Hiệu trưởng":null,"Điện thoại hiệu trưởng":null,"Loại hình":"Công lập","Quy mô":"Trường mầm non","Đạt CQG (MĐ)":null,"Địa chỉ trường":"Ấp An Hoà, xã Ba Tri","Thư điện tử":"maugiaoanbinhtay@bentre.edu.vn","Địa chỉ web trường":"http://maugiaoanbinhtay.bentre.edu.vn","Số điện thoại trường":"2753859213","layer_id":311,"fid":540,"label":"Trường Mầm non An Bình Tây"}},{"type":"Feature","geometry":{"type":"Point","coordinates":[106.433460115,10.18404695]},"properties":{"Trường Mầm Non, Mẫu Giáo":"Trường Mầm non Lương Phú","Đơn vị quản lý":" Xã Lương Phú ","Hiệu trưởng":"Dương Thị Ánh Tuyết","Điện thoại hiệu trưởng":"377181429","Loại hình":"Công lập","Quy mô":"Trường mầm non","Đạt CQG (MĐ)":"Đạt chuẩn mức 1","Địa chỉ trường":"Ấp Xẻo Sâu xã Lương Phú","Thư điện tử":"bentre_mgluongphu_gt@bentre.deu.vn","Địa chỉ web trường":"http://mamnonluongphu.bentre.edu.vn","Số điện thoại trường":"02753.885.817","layer_id":311,"fid":504,"label":"Trường Mầm non Lương Phú"}},{"type":"Feature","geometry":{"type":"Point","coordinates":[106.4339322,10.22393939]},"properties":{"Trường Mầm Non, Mẫu Giáo":"Trường Mầm Non Mỹ Thạnh","Đơn vị quản lý":" Xã Lương Phú ","Hiệu trưởng":"Võ Thị Nhàn","Điện thoại hiệu trưởng":"368756710","Loại hình":"Công lập","Quy mô":"Trường mầm non","Đạt CQG (MĐ)":"Đạt chuẩn mức 1","Địa chỉ trường":"Ấp Căn Cứ xã Lương Phú","Thư điện tử":"bentre_mgmythanh_gt@bentre.edu.vn","Địa chỉ web trường":"https://mamnonmythanhgtm.bentre.edu.vn","Số điện thoại trường":"2753862050","layer_id":311,"fid":505,"label":"Trường Mầm Non Mỹ Thạnh"}},{"type":"Feature","geometry":{"type":"Point","coordinates":[106.4199131,10.17800847]},"properties":{"Trường Mầm Non, Mẫu Giáo":"Trường Mầm non Thuận Điền","Đơn vị quản lý":" Xã Lương Phú ","Hiệu trưởng":"Trương Thị Trúc Linh","Điện thoại hiệu trưởng":"976367441","Loại hình":"Công lập","Quy mô":"Trường mầm non","Đạt CQG (MĐ)":null,"Địa chỉ trường":"Ấp Phú Hòa,xã Lương Phú","Thư điện tử":"bentre_mgthuandien_gt@bentre.edu.vn","Địa chỉ web trường":"http://mamnonthuandien.bentre.edu.vn","Số điện thoại trường":"02753.885.603","layer_id":311,"fid":506,"label":"Trường Mầm non Thuận Điền"}},{"type":"Feature","geometry":{"type":"Point","coordinates":[106.575959,10.139364]},"properties":{"Trường Mầm Non, Mẫu Giáo":"Trường Mầm non Mỹ Hòa","Đơn vị quản lý":" Xã Mỹ Chánh Hòa ","Hiệu trưởng":null,"Điện thoại hiệu trưởng":null,"Loại hình":"Công lập","Quy mô":"Trường mầm non","Đạt CQG (MĐ)":null,"Địa chỉ trường":"Ấp Mỹ Thuận, Xã Mỹ Chánh Hòa","Thư điện tử":"maugiaomyhoa@bentre.edu.vn","Địa chỉ web trường":"https://mamnonmyhoa.bentre.edu.vn","Số điện thoại trường":"2753888854","layer_id":311,"fid":546,"label":"Trường Mầm non Mỹ Hòa"}},{"type":"Feature","geometry":{"type":"Point","coordinates":[106.534611,10.18938092]},"properties":{"Trường Mầm Non, Mẫu Giáo":"Trường Mầm non Châu Bình","Đơn vị quản lý":" Xã Châu Hòa ","Hiệu trưởng":"Nguyễn Thị Hồng Phượng","Điện thoại hiệu trưởng":"366444147","Loại hình":"Công lập","Quy mô":"Trường mầm non","Đạt CQG (MĐ)":"Đạt chuẩn mức 1","Địa chỉ trường":"Ấp Bình Long, xã Châu Hòa","Thư điện tử":"bentre_mgchaubinh_gt@bentre.edu.vn","Địa chỉ web trường":"https://mamnonchaubinh.bentre.edu.vn","Số điện thoại trường":"02753.887.146","layer_id":311,"fid":507,"label":"Trường Mầm non Châu Bình"}},{"type":"Feature","geometry":{"type":"Point","coordinates":[106.479377,10.19747982]},"properties":{"Trường Mầm Non, Mẫu Giáo":"Trường Mầm Non Lương Quới","Đơn vị quản lý":" Xã Châu Hòa ","Hiệu trưởng":"Bùi Thị Ngọc ỬNg","Điện thoại hiệu trưởng":"938017672","Loại hình":"Công lập","Quy mô":"Trường mầm non","Đạt CQG (MĐ)":null,"Địa chỉ trường":"Ấp Đồng Nhơn, xã Châu Hòa","Thư điện tử":"bentre_mgluongquoi_gt@bentre.edu.vn","Địa chỉ web trường":"https://mamnonluongquoi.bentre.edu.vn","Số điện thoại trường":"2753882165","layer_id":311,"fid":508,"label":"Trường Mầm Non Lương Quới"}},{"type":"Feature","geometry":{"type":"Point","coordinates":[106.5051338,10.20617592]},"properties":{"Trường Mầm Non, Mẫu Giáo":"Trường Mầm non Châu Hòa","Đơn vị quản lý":" Xã Châu Hòa ","Hiệu trưởng":"Ngô Kim Quyên","Điện thoại hiệu trưởng":"919826887","Loại hình":"Công lập","Quy mô":"Trường mầm non","Đạt CQG (MĐ)":"Đạt chuẩn mức 1","Địa chỉ trường":"Ấp Thới Hòa, xã Châu Hòa","Thư điện tử":"mnchauhoa.chauhoa@vinhlong.gov.vn","Địa chỉ web trường":"Xã Châu Hòa - Huyện Giồng Trôm -Tỉnh Bến Tre","Số điện thoại trường":"2753882615","layer_id":311,"fid":509,"label":"Trường Mầm non Châu Hòa"}},{"type":"Feature","geometry":{"type":"Point","coordinates":[106.4578935,10.15547898]},"properties":{"Trường Mầm Non, Mẫu Giáo":"Trường Mẫu giáo Long Mỹ","Đơn vị quản lý":" Xã Phước Long ","Hiệu trưởng":"Trần Thị Thu","Điện thoại hiệu trưởng":"944706813","Loại hình":"Công lập","Quy mô":"Trường mẫu giáo","Đạt CQG (MĐ)":null,"Địa chỉ trường":"Ấp Linh Lân, xã Phước Long","Thư điện tử":"bentre_mglongmy_gt@bentre.edu.vn","Địa chỉ web trường":"http://maugiaolongmy.bentre.edu.vn","Số điện thoại trường":"2753863798","layer_id":311,"fid":510,"label":"Trường Mẫu giáo Long Mỹ"}},{"type":"Feature","geometry":{"type":"Point","coordinates":[106.4064106,10.13376562]},"properties":{"Trường Mầm Non, Mẫu Giáo":"Trường Mẫu giáo Hưng Phong","Đơn vị quản lý":" Xã Phước Long ","Hiệu trưởng":null,"Điện thoại hiệu trưởng":null,"Loại hình":"Công lập","Quy mô":"Trường mẫu giáo","Đạt CQG (MĐ)":null,"Địa chỉ trường":"Ấp Hưng Quý, xã Phước Long","Thư điện tử":"bentre_mghungphong_gt@bentre.edu.vn","Địa chỉ web trường":"http://maugiaohungphong.bentre.edu.vn","Số điện thoại trường":"02753.885.294","layer_id":311,"fid":511,"label":"Trường Mẫu giáo Hưng Phong"}},{"type":"Feature","geometry":{"type":"Point","coordinates":[106.660791,9.896754874]},"properties":{"Trường Mầm Non, Mẫu Giáo":"Trường Mầm non Thạnh Hải","Đơn vị quản lý":" Xã Thạnh Hải ","Hiệu trưởng":null,"Điện thoại hiệu trưởng":"333342898","Loại hình":"Công lập","Quy mô":"Trường mầm non","Đạt CQG (MĐ)":null,"Địa chỉ trường":"Ấp Thạnh Thới Đông, Xã Thạnh Hải","Thư điện tử":"mgthanhhai2017@gamil.com","Địa chỉ web trường":"http://mamnonthanhhai.bentre.edu.vn","Số điện thoại trường":"2753886744","layer_id":311,"fid":572,"label":"Trường Mầm non Thạnh Hải"}},{"type":"Feature","geometry":{"type":"Point","coordinates":[106.397939,10.153587]},"properties":{"Trường Mầm Non, Mẫu Giáo":"Trường Mầm non Phước Long","Đơn vị quản lý":" Xã Phước Long ","Hiệu trưởng":"Nguyễn Thị Sang","Điện thoại hiệu trưởng":"382448945","Loại hình":"Công lập","Quy mô":"Trường mầm non","Đạt CQG (MĐ)":null,"Địa chỉ trường":"Ấp Long Thị, xã Phước Long","Thư điện tử":"bentre_mgphuoclong_gt@bentre.edu.vn","Địa chỉ web trường":"https://mamnonphuoclong.bentre.edu.vn","Số điện thoại trường":"2753885690","layer_id":311,"fid":512,"label":"Trường Mầm non Phước Long"}},{"type":"Feature","geometry":{"type":"Point","coordinates":[106.459903,10.130602]},"properties":{"Trường Mầm Non, Mẫu Giáo":"Trường Mầm non Tân Lợi Thạnh","Đơn vị quản lý":" Xã Tân Hào ","Hiệu trưởng":"Huỳnh Thị Nhiên","Điện thoại hiệu trưởng":"917467099","Loại hình":"Công lập","Quy mô":"Trường mầm non","Đạt CQG (MĐ)":"Đạt chuẩn mức 1","Địa chỉ trường":"Ấp Giồng Sâu, xã Tân Hào","Thư điện tử":"bentre_mgtanloithanh_gt@bentre.edu.vn","Địa chỉ web trường":"http://maugiaotanloithanh.bentre.edu.vn","Số điện thoại trường":"2753.864762","layer_id":311,"fid":513,"label":"Trường Mầm non Tân Lợi Thạnh"}},{"type":"Feature","geometry":{"type":"Point","coordinates":[106.4398712,10.10295739]},"properties":{"Trường Mầm Non, Mẫu Giáo":"Trường Mầm Non Thạnh Phú Đông","Đơn vị quản lý":" Xã Tân Hào ","Hiệu trưởng":"Nguyễn Thị Thu Trang","Điện thoại hiệu trưởng":"384027345","Loại hình":"Công lập","Quy mô":"Trường mầm non","Đạt CQG (MĐ)":"Đạt chuẩn mức 1","Địa chỉ trường":"Ấp Hưng Bình A, xã Tân Hào","Thư điện tử":"bentre_mgthanhphudong_gt@bentre.edu.vn","Địa chỉ web trường":"http://maugiaothanhphudong.bentre.edu","Số điện thoại trường":"2753864633","layer_id":311,"fid":514,"label":"Trường Mầm Non Thạnh Phú Đông"}},{"type":"Feature","geometry":{"type":"Point","coordinates":[106.4722077,10.14069478]},"properties":{"Trường Mầm Non, Mẫu Giáo":"Trường Mầm non Tân Hào","Đơn vị quản lý":" Xã Tân Hào ","Hiệu trưởng":null,"Điện thoại hiệu trưởng":null,"Loại hình":"Công lập","Quy mô":"Trường mầm non","Đạt CQG (MĐ)":"Đạt chuẩn mức 1","Địa chỉ trường":"Ấp Giồng Bà Thủ, xã Tân Hào","Thư điện tử":"bentre_mgtanhao_gt@bentre.edu.vn","Địa chỉ web trường":"http://mamnontanhao.bentre.edu.vn","Số điện thoại trường":"2753863737","layer_id":311,"fid":515,"label":"Trường Mầm non Tân Hào"}},{"type":"Feature","geometry":{"type":"Point","coordinates":[106.4967763,10.12914921]},"properties":{"Trường Mầm Non, Mẫu Giáo":"Trường Mầm non Tân Thanh","Đơn vị quản lý":" Xã Hưng Nhượng ","Hiệu trưởng":null,"Điện thoại hiệu trưởng":null,"Loại hình":"Công lập","Quy mô":"Trường mầm non","Đạt CQG (MĐ)":"Đạt chuẩn mức 1","Địa chỉ trường":"Ấp Bình Thuận, xã Hưng Nhượng","Thư điện tử":"bentre_mgtanthanh_gt@bentre.edu.vn","Địa chỉ web trường":"https://mamnontanthanh.bentre.edu.vn","Số điện thoại trường":"2753861775","layer_id":311,"fid":516,"label":"Trường Mầm non Tân Thanh"}},{"type":"Feature","geometry":{"type":"Point","coordinates":[106.4604383,10.08075063]},"properties":{"Trường Mầm Non, Mẫu Giáo":"Trường Mầm non Hưng Lễ","Đơn vị quản lý":" Xã Hưng Nhượng ","Hiệu trưởng":"Trần Thị Tố Đam","Điện thoại hiệu trưởng":"984575302","Loại hình":"Công lập","Quy mô":"Trường mầm non","Đạt CQG (MĐ)":"Đạt chuẩn mức 1","Địa chỉ trường":"Ấp Cái Da, xã Hưng Nhượng","Thư điện tử":"bentre_mghungle_gt@bentre,edu.vn","Địa chỉ web trường":"https://maugiaohungle.bentre.edu.vn","Số điện thoại trường":"2753658208","layer_id":311,"fid":517,"label":"Trường Mầm non Hưng Lễ"}},{"type":"Feature","geometry":{"type":"Point","coordinates":[106.492405,10.09723227]},"properties":{"Trường Mầm Non, Mẫu Giáo":"Trường Mầm non Hưng Nhượng","Đơn vị quản lý":" Xã Hưng Nhượng ","Hiệu trưởng":"Trần Thị Huỳnh Hoa","Điện thoại hiệu trưởng":"828194262","Loại hình":"Công lập","Quy mô":"Trường mầm non","Đạt CQG (MĐ)":null,"Địa chỉ trường":"Ấp Hưng Hòa Tây, xã Hưng Nhượng","Thư điện tử":"bentre_mghungnhuong_gt@bentre,edu.vn","Địa chỉ web trường":"https://mamnonhungnhuong.bentre.edu.vn","Số điện thoại trường":"2753864232","layer_id":311,"fid":518,"label":"Trường Mầm non Hưng Nhượng"}},{"type":"Feature","geometry":{"type":"Point","coordinates":[106.6837418,10.20946903]},"properties":{"Trường Mầm Non, Mẫu Giáo":"Trường Mầm non Sơn Ca","Đơn vị quản lý":" Xã Bình Đại","Hiệu trưởng":"Bùi Thị Ánh Tuyết","Điện thoại hiệu trưởng":"946356044","Loại hình":"Công lập","Quy mô":"Trường mầm non","Đạt CQG (MĐ)":"Đạt chuẩn mức 1","Địa chỉ trường":"Ấp Bình Thới 3, xã Bình Đại","Thư điện tử":"bentre_mgbinhthoi_bd@bentre.edu.vn","Địa chỉ web trường":"http://binhdai.edu.vn/mgsonca","Số điện thoại trường":"Không có","layer_id":311,"fid":519,"label":"Trường Mầm non Sơn Ca"}},{"type":"Feature","geometry":{"type":"Point","coordinates":[106.7044866,10.20255247]},"properties":{"Trường Mầm Non, Mẫu Giáo":"Trường Mầm Non Sen Hồng","Đơn vị quản lý":" Xã Bình Đại","Hiệu trưởng":"Lê Thị Ngọc Thúy","Điện thoại hiệu trưởng":"945303088","Loại hình":"Công lập","Quy mô":"Trường mầm non","Đạt CQG (MĐ)":null,"Địa chỉ trường":"Ấp Bình Đại 3, xã Bình Đại","Thư điện tử":"bentre_mgbinhthang_bd@bentre.edu.vn","Địa chỉ web trường":"mnsenhong.edu.vn","Số điện thoại trường":"2753741568","layer_id":311,"fid":520,"label":"Trường Mầm Non Sen Hồng"}},{"type":"Feature","geometry":{"type":"Point","coordinates":[106.690269,10.182196]},"properties":{"Trường Mầm Non, Mẫu Giáo":"Trường Mầm non Hướng Dương","Đơn vị quản lý":" Xã Bình Đại","Hiệu trưởng":"Đặng Thị Hoài Phương","Điện thoại hiệu trưởng":"978658729","Loại hình":"Công lập","Quy mô":"Trường mầm non","Đạt CQG (MĐ)":"Đạt chuẩn mức 1","Địa chỉ trường":"Ấp Bình Thuận, xã Bình Đại","Thư điện tử":"bentre_mnthitranbinhdai_bd@bentre.edu.vn","Địa chỉ web trường":"mnhuongduong.edu.vn","Số điện thoại trường":"2753851911","layer_id":311,"fid":521,"label":"Trường Mầm non Hướng Dương"}},{"type":"Feature","geometry":{"type":"Point","coordinates":[106.4519155,10.28150884]},"properties":{"Trường Mầm Non, Mẫu Giáo":"Trường Mầm non Sao Mai","Đơn vị quản lý":" Xã Phú Thuận ","Hiệu trưởng":null,"Điện thoại hiệu trưởng":null,"Loại hình":"Công lập","Quy mô":"Trường mầm non","Đạt CQG (MĐ)":null,"Địa chỉ trường":"Ấp Long Hòa 1 - xã Phú Thuận","Thư điện tử":null,"Địa chỉ web trường":null,"Số điện thoại trường":null,"layer_id":311,"fid":522,"label":"Trường Mầm non Sao Mai"}},{"type":"Feature","geometry":{"type":"Point","coordinates":[106.494771,10.269214]},"properties":{"Trường Mầm Non, Mẫu Giáo":"Trường Mầm non Họa Mi","Đơn vị quản lý":" Xã Phú Thuận ","Hiệu trưởng":"Dương Thị Kiều My","Điện thoại hiệu trưởng":"867333622","Loại hình":"Công lập","Quy mô":"Trường mẫu giáo","Đạt CQG (MĐ)":null,"Địa chỉ trường":"Ấp Phú Hưng - xã Phú Thuận","Thư điện tử":"bentre_mghoami_bd@bentre.edu.vn","Địa chỉ web trường":"Không có","Số điện thoại trường":"2753853269","layer_id":311,"fid":523,"label":"Trường Mầm non Họa Mi"}},{"type":"Feature","geometry":{"type":"Point","coordinates":[106.4815336,10.2921232]},"properties":{"Trường Mầm Non, Mẫu Giáo":"Trường Mầm non Hương Nhãn","Đơn vị quản lý":" Xã Phú Thuận ","Hiệu trưởng":"Đặng Thị Thanh Trúc","Điện thoại hiệu trưởng":"388227473","Loại hình":"Công lập","Quy mô":"Trường mẫu giáo","Đạt CQG (MĐ)":null,"Địa chỉ trường":"Ấp 2, xã Phú Thuận","Thư điện tử":"bentre_mgtamhiep_bd@bentre.edu.vn","Địa chỉ web trường":"Không có","Số điện thoại trường":"2753880044","layer_id":311,"fid":524,"label":"Trường Mầm non Hương Nhãn"}},{"type":"Feature","geometry":{"type":"Point","coordinates":[106.373090659,10.25665177]},"properties":{"Trường Mầm Non, Mẫu Giáo":"Trường Mầm non Hoa Phượng","Đơn vị quản lý":" Xã Lộc Thuận","Hiệu trưởng":"Tạ Thị Thu","Điện thoại hiệu trưởng":"392421256","Loại hình":"Công lập","Quy mô":"Trường mẫu giáo","Đạt CQG (MĐ)":null,"Địa chỉ trường":"Ấp Vinh Hội, xã Lộc Thuận","Thư điện tử":"bentre_mgvangquoitay_bd@bentre.edu.vn","Địa chỉ web trường":"không có ","Số điện thoại trường":"2753854241","layer_id":311,"fid":525,"label":"Trường Mầm non Hoa Phượng"}},{"type":"Feature","geometry":{"type":"Point","coordinates":[106.6013934,10.23432705]},"properties":{"Trường Mầm Non, Mẫu Giáo":"Trường Mầm Non Hoa Dừa","Đơn vị quản lý":" Xã Lộc Thuận","Hiệu trưởng":null,"Điện thoại hiệu trưởng":null,"Loại hình":"Công lập","Quy mô":"Trường mầm non","Đạt CQG (MĐ)":"Đạt chuẩn mức 1","Địa chỉ trường":"Ấp Lộc Thành, xã Lộc Thuận","Thư điện tử":"bentre_mglocthuan_bd@bentre.edu.vn","Địa chỉ web trường":"mnhoadua-locthuan.edu.vn","Số điện thoại trường":"2753.85532","layer_id":311,"fid":526,"label":"Trường Mầm Non Hoa Dừa"}},{"type":"Feature","geometry":{"type":"Point","coordinates":[106.3777196,10.24076915]},"properties":{"Trường Mầm Non, Mẫu Giáo":"Trường Mầm non Tuổi Thơ","Đơn vị quản lý":" Xã Lộc Thuận","Hiệu trưởng":"Nguyễn Thị Hưởng","Điện thoại hiệu trưởng":"858754595","Loại hình":"Công lập","Quy mô":"Trường mẫu giáo","Đạt CQG (MĐ)":null,"Địa chỉ trường":"Ấp Vinh Trung - xã Lộc Thuận","Thư điện tử":"Bentre_mgvangquoidong_bd@bentre.edu.vn","Địa chỉ web trường":"Không có","Số điện thoại trường":"2753854890","layer_id":311,"fid":527,"label":"Trường Mầm non Tuổi Thơ"}},{"type":"Feature","geometry":{"type":"Point","coordinates":[106.5331883,10.24413432]},"properties":{"Trường Mầm Non, Mẫu Giáo":"Trường Mầm non Hoa Sen","Đơn vị quản lý":" Xã Châu Hưng","Hiệu trưởng":null,"Điện thoại hiệu trưởng":null,"Loại hình":"Công lập","Quy mô":"Trường mầm non","Đạt CQG (MĐ)":"Đạt chuẩn mức 1","Địa chỉ trường":"Ấp Giồng Bông - xã Châu Hưng","Thư điện tử":"bentre_mgthoilai_bd@bentre.edu.vn","Địa chỉ web trường":"mamnonhoasenbinhdai.edu.vn","Số điện thoại trường":"02753 854 465","layer_id":311,"fid":528,"label":"Trường Mầm non Hoa Sen"}},{"type":"Feature","geometry":{"type":"Point","coordinates":[106.458308,10.272579]},"properties":{"Trường Mầm Non, Mẫu Giáo":"Trường Mầm non Vàng Anh","Đơn vị quản lý":" Xã Châu Hưng","Hiệu trưởng":null,"Điện thoại hiệu trưởng":"977528223","Loại hình":"Công lập","Quy mô":"Trường mầm non","Đạt CQG (MĐ)":"Đạt chuẩn mức 1","Địa chỉ trường":"Ấp Long An- xã Châu Hưng","Thư điện tử":"bentre_mglonghoa_bd@bentre.edu.vn","Địa chỉ web trường":"Không có","Số điện thoại trường":"2753744506","layer_id":311,"fid":529,"label":"Trường Mầm non Vàng Anh"}},{"type":"Feature","geometry":{"type":"Point","coordinates":[106.4858749,10.25157333]},"properties":{"Trường Mầm Non, Mẫu Giáo":"Trường Mầm non Sao Sáng","Đơn vị quản lý":" Xã Châu Hưng","Hiệu trưởng":"Phạm Thị Kiều Oanh","Điện thoại hiệu trưởng":"826593062","Loại hình":"Công lập","Quy mô":"Trường mầm non","Đạt CQG (MĐ)":null,"Địa chỉ trường":"Ấp Hưng Nhơn- xã Châu Hưng","Thư điện tử":"bentre_mgchauhung.bd@bantre,edu,vn","Địa chỉ web trường":null,"Số điện thoại trường":"02753 745336","layer_id":311,"fid":530,"label":"Trường Mầm non Sao Sáng"}},{"type":"Feature","geometry":{"type":"Point","coordinates":[106.6140833,10.21098111]},"properties":{"Trường Mầm Non, Mẫu Giáo":"Trường Mầm non Hoa Mai","Đơn vị quản lý":" Xã Thạnh Trị","Hiệu trưởng":"Lê Thị Thùy Dung","Điện thoại hiệu trưởng":"356472196","Loại hình":"Công lập","Quy mô":"Trường mầm non","Đạt CQG (MĐ)":null,"Địa chỉ trường":"Ấp Tân Định, xã Thạnh Trị","Thư điện tử":"bentre_mgdinhtrung_bd@bentre.edu.vn","Địa chỉ web trường":"Không có","Số điện thoại trường":"2753751042","layer_id":311,"fid":531,"label":"Trường Mầm non Hoa Mai"}},{"type":"Feature","geometry":{"type":"Point","coordinates":[106.6161407,10.17441612]},"properties":{"Trường Mầm Non, Mẫu Giáo":"Trường Mầm Non Phú Long","Đơn vị quản lý":" Xã Thạnh Trị","Hiệu trưởng":"Phan Thị Thanh Nhàn","Điện thoại hiệu trưởng":"844184844","Loại hình":"Công lập","Quy mô":"Trường mầm non","Đạt CQG (MĐ)":null,"Địa chỉ trường":"Ấp Rạch Gừa, xã Thạnh Trị","Thư điện tử":"bentre_mgphulong_bd@bentre.edu.vn","Địa chỉ web trường":null,"Số điện thoại trường":"2753753326","layer_id":311,"fid":532,"label":"Trường Mầm Non Phú Long"}},{"type":"Feature","geometry":{"type":"Point","coordinates":[106.6773423,10.20013968]},"properties":{"Trường Mầm Non, Mẫu Giáo":"Trường Mầm non Thạnh Trị","Đơn vị quản lý":" Xã Thạnh Trị","Hiệu trưởng":"Trần Thị Ánh","Điện thoại hiệu trưởng":null,"Loại hình":"Công lập","Quy mô":"Trường mẫu giáo","Đạt CQG (MĐ)":null,"Địa chỉ trường":"Ấp Bình Thạnh 3, xã Thạnh Trị","Thư điện tử":"bentre_mgthanhtri_bd@bentre.edu.vn","Địa chỉ web trường":"Không có","Số điện thoại trường":"2752213851","layer_id":311,"fid":533,"label":"Trường Mầm non Thạnh Trị"}},{"type":"Feature","geometry":{"type":"Point","coordinates":[106.692077,10.16226698]},"properties":{"Trường Mầm Non, Mẫu Giáo":"Trường Mầm Non Vành Khuyên","Đơn vị quản lý":" Xã Thạnh Phước ","Hiệu trưởng":"Đoàn Thị Lường","Điện thoại hiệu trưởng":"345904383","Loại hình":"Công lập","Quy mô":"Trường mẫu giáo","Đạt CQG (MĐ)":"Đạt chuẩn mức 1","Địa chỉ trường":"Ấp Tân Long, xã Thạnh Phước","Thư điện tử":"mgthanhphuoc@gmail.com","Địa chỉ web trường":"http://mamnonvanhkhuyen.edu.vn","Số điện thoại trường":"2752461112","layer_id":311,"fid":534,"label":"Trường Mầm Non Vành Khuyên"}},{"type":"Feature","geometry":{"type":"Point","coordinates":[106.6833516,10.14916187]},"properties":{"Trường Mầm Non, Mẫu Giáo":"Trường Mầm non Hoa Lan","Đơn vị quản lý":" Xã Thạnh Phước ","Hiệu trưởng":"Lê Thị Nhãn","Điện thoại hiệu trưởng":"917129969","Loại hình":"Công lập","Quy mô":"Trường mầm non","Đạt CQG (MĐ)":null,"Địa chỉ trường":"Ấp Bình Huề 1, xã Thạnh Phước","Thư điện tử":"bentre_mgdaihoaloc_bd@bentre.edu.vn","Địa chỉ web trường":"không có","Số điện thoại trường":"2753742295","layer_id":311,"fid":535,"label":"Trường Mầm non Hoa Lan"}},{"type":"Feature","geometry":{"type":"Point","coordinates":[106.762323,10.16159922]},"properties":{"Trường Mầm Non, Mẫu Giáo":"Trường Mầm non Bình Đông","Đơn vị quản lý":" Xã Thới Thuận ","Hiệu trưởng":"Trần Thị Hoàng Yến","Điện thoại hiệu trưởng":"946613498","Loại hình":"Công lập","Quy mô":"Trường mầm non","Đạt CQG (MĐ)":null,"Địa chỉ trường":"ấp Thừa Trung , xã Thới thuận","Thư điện tử":"bentre_mgthuaduc_bd@bentre.edu.vn","Địa chỉ web trường":"mnbinhdong.edu.vn","Số điện thoại trường":"2753883119","layer_id":311,"fid":536,"label":"Trường Mầm non Bình Đông"}},{"type":"Feature","geometry":{"type":"Point","coordinates":[106.7159606,10.065222]},"properties":{"Trường Mầm Non, Mẫu Giáo":"Trường Mầm non Thới Thuận","Đơn vị quản lý":" Xã Thới Thuận ","Hiệu trưởng":"Trần Thanh Thủy","Điện thoại hiệu trưởng":"974961463","Loại hình":"Công lập","Quy mô":"Trường mầm non","Đạt CQG (MĐ)":"Đạt chuẩn mức 1","Địa chỉ trường":"Ấp Thới An, xã Thới Thuận","Thư điện tử":"bentre_mgthoithuan_bd@bentre.edu.vn","Địa chỉ web trường":"https://edu.viettel.vn/bte-binhdai-mgthoithuan","Số điện thoại trường":"2752641119","layer_id":311,"fid":537,"label":"Trường Mầm non Thới Thuận"}},{"type":"Feature","geometry":{"type":"Point","coordinates":[106.5899902,10.03587057]},"properties":{"Trường Mầm Non, Mẫu Giáo":"Trường Mầm non Ba Tri 1","Đơn vị quản lý":" Xã Ba Tri ","Hiệu trưởng":"Trần Thị Hồng Loan","Điện thoại hiệu trưởng":"983471371","Loại hình":"Công lập","Quy mô":"Trường mầm non","Đạt CQG (MĐ)":"Đạt chuẩn mức 1","Địa chỉ trường":"Ấp 4, xã Ba Tri","Thư điện tử":"mamnonthitran@bentre.edu.vn","Địa chỉ web trường":"https://mnthitranbatri.bentre. edu.vn","Số điện thoại trường":"2753850108","layer_id":311,"fid":538,"label":"Trường Mầm non Ba Tri 1"}},{"type":"Feature","geometry":{"type":"Point","coordinates":[106.6247249,10.07465783]},"properties":{"Trường Mầm Non, Mẫu Giáo":"Trường Mần non Ba Tri 2","Đơn vị quản lý":" Xã Ba Tri ","Hiệu trưởng":"Nguyễn Thị Trúc","Điện thoại hiệu trưởng":null,"Loại hình":"Công lập","Quy mô":"Trường mẫu giáo","Đạt CQG (MĐ)":null,"Địa chỉ trường":"Ấp 2, xã Ba Tri","Thư điện tử":"maugiaothitran@bentre.edu.vn","Địa chỉ web trường":"https://maugiaothitran.bentre.edu.vn","Số điện thoại trường":"2753850226","layer_id":311,"fid":539,"label":"Trường Mần non Ba Tri 2"}},{"type":"Feature","geometry":{"type":"Point","coordinates":[106.6228679,10.05918206]},"properties":{"Trường Mầm Non, Mẫu Giáo":"Trường Mầm non Vĩnh Hòa","Đơn vị quản lý":" Xã Ba Tri ","Hiệu trưởng":"Nguyễn Thị Ánh Hường","Điện thoại hiệu trưởng":"912028991","Loại hình":"Công lập","Quy mô":"Trường mầm non","Đạt CQG (MĐ)":null,"Địa chỉ trường":"Ấp Vĩnh Đức Đông, xã Ba Tri","Thư điện tử":"mnvinhhoa.batri@vinhlong.gov.vn ","Địa chỉ web trường":"https://maugiaovinhhoa.bentre.edu.vn ","Số điện thoại trường":"2753761719","layer_id":311,"fid":541,"label":"Trường Mầm non Vĩnh Hòa"}},{"type":"Feature","geometry":{"type":"Point","coordinates":[106.5776004,10.0280115]},"properties":{"Trường Mầm Non, Mẫu Giáo":"Trường Mầm non An Đức","Đơn vị quản lý":" Xã Ba Tri ","Hiệu trưởng":null,"Điện thoại hiệu trưởng":null,"Loại hình":"Công lập","Quy mô":"Trường mầm non","Đạt CQG (MĐ)":null,"Địa chỉ trường":"Ấp Giồng Chuối, xã Ba Tri","Thư điện tử":"maugiaoanduc@bentre.edu.vn","Địa chỉ web trường":"https://maugiaoanduc.bentre.edu.vn","Số điện thoại trường":"2753761590","layer_id":311,"fid":542,"label":"Trường Mầm non An Đức"}},{"type":"Feature","geometry":{"type":"Point","coordinates":[106.5939307,10.02432126]},"properties":{"Trường Mầm Non, Mẫu Giáo":"Trường Mầm non Vĩnh An","Đơn vị quản lý":" Xã Ba Tri ","Hiệu trưởng":"Mai Thị Chúng","Điện thoại hiệu trưởng":"382276261","Loại hình":"Công lập","Quy mô":"Trường mầm non","Đạt CQG (MĐ)":"Đạt chuẩn mức 1","Địa chỉ trường":"Ấp Vĩnh Đức Tây, xã Ba Tri","Thư điện tử":"maugiaovinhan@bentre.edu.vn","Địa chỉ web trường":"http://maugiaovinhan.bentre.edu.vn","Số điện thoại trường":"2753761904","layer_id":311,"fid":543,"label":"Trường Mầm non Vĩnh An"}},{"type":"Feature","geometry":{"type":"Point","coordinates":[106.162721888,10.231961993]},"properties":{"Trường Mầm Non, Mẫu Giáo":"Trường Mầm non Mỹ Chánh","Đơn vị quản lý":" Xã Mỹ Chánh Hòa ","Hiệu trưởng":"Trịnh Thị Trúc Thư","Điện thoại hiệu trưởng":"382817094","Loại hình":"Công lập","Quy mô":"Trường mầm non","Đạt CQG (MĐ)":"Đạt chuẩn mức 1","Địa chỉ trường":"Ấp Nhơn Thuận, xã Mỹ Chánh Hòa","Thư điện tử":"maugiaomynhon@bentre.edu.vn","Địa chỉ web trường":"https://maugiaomynhon.bentre.edu.vn","Số điện thoại trường":"2753888255","layer_id":311,"fid":544,"label":"Trường Mầm non Mỹ Chánh"}},{"type":"Feature","geometry":{"type":"Point","coordinates":[106.587186,10.08568421]},"properties":{"Trường Mầm Non, Mẫu Giáo":"Trường Mầm non Mỹ Nhơn","Đơn vị quản lý":" Xã Mỹ Chánh Hòa ","Hiệu trưởng":"Hồ Thị Nhung","Điện thoại hiệu trưởng":"975592313","Loại hình":"Công lập","Quy mô":"Trường mầm non","Đạt CQG (MĐ)":null,"Địa chỉ trường":"Ấp Gò Da, xã Mỹ Chánh Hòa","Thư điện tử":"maugiaomychanh@bentre.edu.vn","Địa chỉ web trường":"https://mamnonmychanh.bentre.edu.vn","Số điện thoại trường":"2753888141","layer_id":311,"fid":545,"label":"Trường Mầm non Mỹ Nhơn"}},{"type":"Feature","geometry":{"type":"Point","coordinates":[106.6588379,10.09752755]},"properties":{"Trường Mầm Non, Mẫu Giáo":"Trường Mầm non Bảo Thuận","Đơn vị quản lý":" Xã Bảo Thạnh","Hiệu trưởng":"Nguyễn Thị Kiều Loan","Điện thoại hiệu trưởng":"382276257","Loại hình":"Công lập","Quy mô":"Trường mầm non","Đạt CQG (MĐ)":null,"Địa chỉ trường":"Ấp Thạnh Thới, xã Bảo Thạnh","Thư điện tử":"maugiaobaothuan@bentre.edu.vn","Địa chỉ web trường":"https://maugiaobaothuan.bentre.edu.vn","Số điện thoại trường":"2753775093","layer_id":311,"fid":547,"label":"Trường Mầm non Bảo Thuận"}},{"type":"Feature","geometry":{"type":"Point","coordinates":[106.5071874,9.987812925]},"properties":{"Trường Mầm Non, Mẫu Giáo":"Trường Mầm non Bảo Thạnh","Đơn vị quản lý":" Xã Bảo Thạnh","Hiệu trưởng":"Phan Thị Mỹ Linh","Điện thoại hiệu trưởng":"369620199","Loại hình":"Công lập","Quy mô":"Trường mầm non","Đạt CQG (MĐ)":null,"Địa chỉ trường":"Ấp Thạnh Nghĩa, xã Bảo Thạnh","Thư điện tử":"maugiaobaothanh@bentre.edu.vn","Địa chỉ web trường":"https://maugiaobaothanh.bentre.edu.vn","Số điện thoại trường":"2753775625","layer_id":311,"fid":548,"label":"Trường Mầm non Bảo Thạnh"}},{"type":"Feature","geometry":{"type":"Point","coordinates":[106.6225974,10.12091686]},"properties":{"Trường Mầm Non, Mẫu Giáo":"Trường Mầm non Tân Xuân","Đơn vị quản lý":" Xã Tân Xuân ","Hiệu trưởng":"Trần Thị Thúy","Điện thoại hiệu trưởng":"377148561","Loại hình":"Công lập","Quy mô":"Trường mầm non","Đạt CQG (MĐ)":null,"Địa chỉ trường":"Ấp Tân Hòa, xã Tân Xuân","Thư điện tử":"maugiaotanxuan@bentre.edu.vn","Địa chỉ web trường":"https://mamnontanxuan.bentre.edu.vn","Số điện thoại trường":"2753765062","layer_id":311,"fid":549,"label":"Trường Mầm non Tân Xuân"}},{"type":"Feature","geometry":{"type":"Point","coordinates":[106.6181849,10.07139545]},"properties":{"Trường Mầm Non, Mẫu Giáo":"Trường Mầm Non Phú Lễ","Đơn vị quản lý":" Xã Tân Xuân ","Hiệu trưởng":"Thái Thị Huỳnh Trang","Điện thoại hiệu trưởng":"975781532","Loại hình":"Công lập","Quy mô":"Trường mầm non","Đạt CQG (MĐ)":null,"Địa chỉ trường":"ấp Phú Lợi, xã Tân Xuân","Thư điện tử":"maugiaophule@bentre.edu.vn","Địa chỉ web trường":"https://mamnonphule.bentre.edu.vn","Số điện thoại trường":"2753761497","layer_id":311,"fid":550,"label":"Trường Mầm Non Phú Lễ"}},{"type":"Feature","geometry":{"type":"Point","coordinates":[106.6284044,10.12781648]},"properties":{"Trường Mầm Non, Mẫu Giáo":"Trường Mầm non Phước Ngãi","Đơn vị quản lý":" Xã Tân Xuân ","Hiệu trưởng":"Đỗ Thị Thúy Hằng","Điện thoại hiệu trưởng":"963059797","Loại hình":"Công lập","Quy mô":"Trường mầm non","Đạt CQG (MĐ)":null,"Địa chỉ trường":"Ấp Phước Thới, xã Tân Xuân","Thư điện tử":"maugiaophungai@bentre.edu.vn","Địa chỉ web trường":"https://mamnonphuocngai.bentre.edu.vn","Số điện thoại trường":"2735783018","layer_id":311,"fid":551,"label":"Trường Mầm non Phước Ngãi"}},{"type":"Feature","geometry":{"type":"Point","coordinates":[106.5426487,10.06860089]},"properties":{"Trường Mầm Non, Mẫu Giáo":"Trường Mầm non Mỹ Thạnh","Đơn vị quản lý":" Xã An Ngãi Trung ","Hiệu trưởng":null,"Điện thoại hiệu trưởng":null,"Loại hình":"Công lập","Quy mô":"Trường mầm non","Đạt CQG (MĐ)":null,"Địa chỉ trường":"Ấp Mỹ Lợi, xã An Ngãi Trung","Thư điện tử":"maugiaomythanh@bentre.edu.vn","Địa chỉ web trường":"http://maugiaomythanh.bentre.edu.vn","Số điện thoại trường":"2753858597","layer_id":311,"fid":552,"label":"Trường Mầm non Mỹ Thạnh"}},{"type":"Feature","geometry":{"type":"Point","coordinates":[106.5426495,10.06868909]},"properties":{"Trường Mầm Non, Mẫu Giáo":"Trường Mầm non An Ngãi Trung","Đơn vị quản lý":" Xã An Ngãi Trung ","Hiệu trưởng":"Dương Thị Cẩm Nhiên","Điện thoại hiệu trưởng":"944314301","Loại hình":"Công lập","Quy mô":"Trường mầm non","Đạt CQG (MĐ)":"Đạt chuẩn mức 1","Địa chỉ trường":"Ấp An Định 1, xã An Ngãi Trung","Thư điện tử":"maugiaoanngaitrung@bentre.edu.vn","Địa chỉ web trường":"https://maugiaoanngaitrung.bentre.edu.vn","Số điện thoại trường":"2753769004","layer_id":311,"fid":553,"label":"Trường Mầm non An Ngãi Trung"}},{"type":"Feature","geometry":{"type":"Point","coordinates":[106.5449471,10.10140315]},"properties":{"Trường Mầm Non, Mẫu Giáo":"Trường Mầm non An Phú Trung","Đơn vị quản lý":" Xã An Ngãi Trung ","Hiệu trưởng":"Trần Thị Kim Liên","Điện thoại hiệu trưởng":"793970503","Loại hình":"Công lập","Quy mô":"Trường mầm non","Đạt CQG (MĐ)":"Đạt chuẩn mức 1","Địa chỉ trường":"Ấp An Thái, xã An Ngãi Trung","Thư điện tử":"maugiaoanphutrung@bentre.edu.vn","Địa chỉ web trường":"https://maugiaoanphutrung.bentre.edu.vn","Số điện thoại trường":"2753768543","layer_id":311,"fid":554,"label":"Trường Mầm non An Phú Trung"}},{"type":"Feature","geometry":{"type":"Point","coordinates":[106.5165476,10.06906903]},"properties":{"Trường Mầm Non, Mẫu Giáo":"Trường Mầm non An Ngãi Tây","Đơn vị quản lý":" Xã An Hiệp","Hiệu trưởng":"Mai Thị Vẳng","Điện thoại hiệu trưởng":null,"Loại hình":"Công lập","Quy mô":"Trường mẫu giáo","Đạt CQG (MĐ)":null,"Địa chỉ trường":"Ấp Giồng Quéo, xã An Hiệp","Thư điện tử":"maugiaoanngaitay@bentre.edu.vn","Địa chỉ web trường":"không có","Số điện thoại trường":"2753768610","layer_id":311,"fid":555,"label":"Trường Mầm non An Ngãi Tây"}},{"type":"Feature","geometry":{"type":"Point","coordinates":[106.5536169,10.04297203]},"properties":{"Trường Mầm Non, Mẫu Giáo":"Trường Mầm non An Hiệp","Đơn vị quản lý":" Xã An Hiệp","Hiệu trưởng":"Nguyễn Thị Thúy Hằng","Điện thoại hiệu trưởng":"986763665","Loại hình":"Công lập","Quy mô":"Trường mầm non","Đạt CQG (MĐ)":"Đạt chuẩn mức 1","Địa chỉ trường":"Ấp Giồng Gạch, xã An Hiệp","Thư điện tử":"maugiaoanhiep@bentre.edu.vn","Địa chỉ web trường":"http://maugiaoanhiep.bentre.edu.vn","Số điện thoại trường":"2756270304","layer_id":311,"fid":556,"label":"Trường Mầm non An Hiệp"}},{"type":"Feature","geometry":{"type":"Point","coordinates":[106.5580803,10.03758318]},"properties":{"Trường Mầm Non, Mẫu Giáo":"Trường Mầm non Tân Hưng","Đơn vị quản lý":" Xã An Hiệp","Hiệu trưởng":null,"Điện thoại hiệu trưởng":"792127846","Loại hình":"Công lập","Quy mô":"Trường mẫu giáo","Đạt CQG (MĐ)":null,"Địa chỉ trường":"Ấp Tân Khai, xã An Hiệp","Thư điện tử":"maugiaotanhung@bentre.edu.vn","Địa chỉ web trường":"không có","Số điện thoại trường":"2753768584","layer_id":311,"fid":557,"label":"Trường Mầm non Tân Hưng"}},{"type":"Feature","geometry":{"type":"Point","coordinates":[106.6333976,10.02444101]},"properties":{"Trường Mầm Non, Mẫu Giáo":"Trường Mầm non Tân Thủy","Đơn vị quản lý":" Xã Tân Thủy ","Hiệu trưởng":"Nguyễn Thị Kim Thao","Điện thoại hiệu trưởng":"918255015","Loại hình":"Công lập","Quy mô":"Trường mầm non","Đạt CQG (MĐ)":"Đạt chuẩn mức 1","Địa chỉ trường":"Ấp Tân Thành, xã Tân Thuỷ","Thư điện tử":"mntanthuy.tanthuy@vinhlong.gov.vn","Địa chỉ web trường":"https://mamnontanthuy.bentre.edu.vn","Số điện thoại trường":"0275 3 780 966","layer_id":311,"fid":558,"label":"Trường Mầm non Tân Thủy"}},{"type":"Feature","geometry":{"type":"Point","coordinates":[106.6322195,9.993769975]},"properties":{"Trường Mầm Non, Mẫu Giáo":"Trường Mầm non Tiệm Tôm","Đơn vị quản lý":" Xã Tân Thủy ","Hiệu trưởng":"Nguyễn Thị Thu Phương","Điện thoại hiệu trưởng":null,"Loại hình":"Công lập","Quy mô":"Trường mầm non","Đạt CQG (MĐ)":"Đạt chuẩn mức 1","Địa chỉ trường":"Đường Dx03, Ấp An Thạnh, xã Tân Thuỷ","Thư điện tử":"maugiaoanthuy@bentre.edu.vn","Địa chỉ web trường":"https://mnanthuy.bentre.edu.vn","Số điện thoại trường":"2753780471","layer_id":311,"fid":559,"label":"Trường Mầm non Tiệm Tôm"}},{"type":"Feature","geometry":{"type":"Point","coordinates":[106.5070705,10.13536856]},"properties":{"Trường Mầm Non, Mẫu Giáo":"Trường Mầm non Bình Thạnh","Đơn vị quản lý":" Xã Thạnh Phú ","Hiệu trưởng":"Hồ Thị Hiên","Điện thoại hiệu trưởng":"987575036","Loại hình":"Công lập","Quy mô":"Trường mẫu giáo","Đạt CQG (MĐ)":null,"Địa chỉ trường":"Ấp Thạnh Lợi, xã Thạnh Phú,","Thư điện tử":"mamnonbinhthanh_thanhphu@bentre.edu.vn","Địa chỉ web trường":"https://mamnonbinhthanh.bentre.edu.vn","Số điện thoại trường":"987575036","layer_id":311,"fid":560,"label":"Trường Mầm non Bình Thạnh"}},{"type":"Feature","geometry":{"type":"Point","coordinates":[106.1344827,10.01085324]},"properties":{"Trường Mầm Non, Mẫu Giáo":"Trường Mẫu giáo Sơn Ca","Đơn vị quản lý":" Xã An Trường","Hiệu trưởng":"Tiêu Ngọc Lan","Điện thoại hiệu trưởng":"334310818","Loại hình":"Công lập","Quy mô":"Trường mẫu giáo","Đạt CQG (MĐ)":null,"Địa chỉ trường":"Ấp 9B, xã An Trường","Thư điện tử":"mgsonca.canglong@sgdtravinh.edu.vn","Địa chỉ web trường":null,"Số điện thoại trường":"02943.887.738","layer_id":311,"fid":597,"label":"Trường Mẫu giáo Sơn Ca"}},{"type":"Feature","geometry":{"type":"Point","coordinates":[106.516752761,9.994729135]},"properties":{"Trường Mầm Non, Mẫu Giáo":"Trường Mầm non Thạnh Phú","Đơn vị quản lý":" Xã Thạnh Phú ","Hiệu trưởng":"Phan Thị Mỹ Dung","Điện thoại hiệu trưởng":"969660020","Loại hình":"Công lập","Quy mô":"Trường mầm non","Đạt CQG (MĐ)":"Đạt chuẩn mức 1","Địa chỉ trường":"Ấp Thạnh Hòa b, xã Thạnh Phú","Thư điện tử":"mamnonttthanhphu_thanhphu@bentre.edu.vn","Địa chỉ web trường":"http://mamnonttthanhphu.bentre.edu.vn","Số điện thoại trường":null,"layer_id":311,"fid":561,"label":"Trường Mầm non Thạnh Phú"}},{"type":"Feature","geometry":{"type":"Point","coordinates":[106.3021244,10.10255522]},"properties":{"Trường Mầm Non, Mẫu Giáo":"Trường Mẫu giáo An Thạnh","Đơn vị quản lý":" Xã Thạnh Phú ","Hiệu trưởng":null,"Điện thoại hiệu trưởng":null,"Loại hình":"Công lập","Quy mô":"Trường mẫu giáo","Đạt CQG (MĐ)":null,"Địa chỉ trường":"ấp An Thạnh, xã Thạnh Phú","Thư điện tử":"mamnonanthanh_thanhphu@bentre.edu.vn","Địa chỉ web trường":"https://mamnonanthanhtpu.bentre.edu.vn","Số điện thoại trường":"2753879681","layer_id":311,"fid":562,"label":"Trường Mẫu giáo An Thạnh"}},{"type":"Feature","geometry":{"type":"Point","coordinates":[106.53922719,9.987509032]},"properties":{"Trường Mầm Non, Mẫu Giáo":"Trường Mầm non Mỹ An","Đơn vị quản lý":" Xã Thạnh Phú ","Hiệu trưởng":null,"Điện thoại hiệu trưởng":"939996188","Loại hình":"Công lập","Quy mô":"Trường mầm non","Đạt CQG (MĐ)":null,"Địa chỉ trường":"Ấp Thạnh Mỹ, xã Thạnh Phú","Thư điện tử":"mamnonmyan_thanhphu@bentre.edu.vn","Địa chỉ web trường":"mamnonmyan.bentre.edu.vn","Số điện thoại trường":"2753879095","layer_id":311,"fid":563,"label":"Trường Mầm non Mỹ An"}},{"type":"Feature","geometry":{"type":"Point","coordinates":[106.480803052,9.981163885]},"properties":{"Trường Mầm Non, Mẫu Giáo":"Trường Mẫu giáo Hòa Lợi","Đơn vị quản lý":" Xã Quới Điền ","Hiệu trưởng":"Lê Thị Xuân Hoa","Điện thoại hiệu trưởng":"937674931","Loại hình":"Công lập","Quy mô":"Trường mẫu giáo","Đạt CQG (MĐ)":null,"Địa chỉ trường":"Ấp Quí Hoà, xã Quới Điền","Thư điện tử":"mamnonhoaloi_thanhphu@bentre.edu.vn","Địa chỉ web trường":"mamnonhoaloi.bentre.edu.vn","Số điện thoại trường":"2753739659","layer_id":311,"fid":564,"label":"Trường Mẫu giáo Hòa Lợi"}},{"type":"Feature","geometry":{"type":"Point","coordinates":[106.472778479,9.983974286]},"properties":{"Trường Mầm Non, Mẫu Giáo":"Trường Mầm non Quới Điền","Đơn vị quản lý":" Xã Quới Điền ","Hiệu trưởng":null,"Điện thoại hiệu trưởng":"917431098","Loại hình":"Công lập","Quy mô":"Trường mầm non","Đạt CQG (MĐ)":"Đạt chuẩn mức 1","Địa chỉ trường":"Ấp Quí Đức B, xã Quới Điền","Thư điện tử":"maugiao.quoidien@gmail.com","Địa chỉ web trường":"mamnonquoidien.bentre.edu.vn","Số điện thoại trường":"275739196","layer_id":311,"fid":565,"label":"Trường Mầm non Quới Điền"}},{"type":"Feature","geometry":{"type":"Point","coordinates":[106.4937015,9.981354287]},"properties":{"Trường Mầm Non, Mẫu Giáo":"Trường Mầm non Mỹ Hưng","Đơn vị quản lý":" Xã Quới Điền ","Hiệu trưởng":"Võ Thị Bé Thơ","Điện thoại hiệu trưởng":"979052312","Loại hình":"Công lập","Quy mô":"Trường mầm non","Đạt CQG (MĐ)":null,"Địa chỉ trường":"ấp Thạnh Mỹ, xã Quới Điền","Thư điện tử":"mamnomyhung_thanhphu@bentre.edu.vn","Địa chỉ web trường":"mamnonmyhung.bentre.edu.vn","Số điện thoại trường":"2753879533","layer_id":311,"fid":566,"label":"Trường Mầm non Mỹ Hưng"}},{"type":"Feature","geometry":{"type":"Point","coordinates":[106.4483432,10.04362255]},"properties":{"Trường Mầm Non, Mẫu Giáo":"Trường Mẫu giáo Phú Khánh","Đơn vị quản lý":" Xã Đại Điền ","Hiệu trưởng":null,"Điện thoại hiệu trưởng":"986201443","Loại hình":"Công lập","Quy mô":"Trường mẫu giáo","Đạt CQG (MĐ)":null,"Địa chỉ trường":"Ấp Phú Hòa, xã Đại Điền","Thư điện tử":"mgphukhanh@bentre.edu.vn","Địa chỉ web trường":"http://mamnonphukhanh.bentre.edu.vn","Số điện thoại trường":"2753.739026","layer_id":311,"fid":567,"label":"Trường Mẫu giáo Phú Khánh"}},{"type":"Feature","geometry":{"type":"Point","coordinates":[106.4517538,10.03157784]},"properties":{"Trường Mầm Non, Mẫu Giáo":"Trường Mầm non Đại Điền","Đơn vị quản lý":" Xã Đại Điền ","Hiệu trưởng":"Nguyễn Thị Ái","Điện thoại hiệu trưởng":"382913715","Loại hình":"Công lập","Quy mô":"Trường mầm non","Đạt CQG (MĐ)":"Đạt chuẩn mức 1","Địa chỉ trường":"Ấp Thới, xã Đại Điền","Thư điện tử":"mamnondaidien_thanbphu@bentre.edu.vn","Địa chỉ web trường":"mamnondaidien.bentre.edu.vn","Số điện thoại trường":"2753877812","layer_id":311,"fid":568,"label":"Trường Mầm non Đại Điền"}},{"type":"Feature","geometry":{"type":"Point","coordinates":[106.4479839,10.0034879]},"properties":{"Trường Mầm Non, Mẫu Giáo":"Trường Mầm non Tân Phong","Đơn vị quản lý":" Xã Đại Điền ","Hiệu trưởng":null,"Điện thoại hiệu trưởng":null,"Loại hình":"Công lập","Quy mô":"Trường mầm non","Đạt CQG (MĐ)":"Đạt chuẩn mức 2","Địa chỉ trường":"Ấp Thạnh B, xã Đại Điền","Thư điện tử":"maugiaotanphong@gmail.com","Địa chỉ web trường":"mamnontanphong.bentre.edu.vn","Số điện thoại trường":"2753.727916","layer_id":311,"fid":569,"label":"Trường Mầm non Tân Phong"}},{"type":"Feature","geometry":{"type":"Point","coordinates":[106.458543752,10.03750734]},"properties":{"Trường Mầm Non, Mẫu Giáo":"Trường Mầm non Thới Thạnh","Đơn vị quản lý":" Xã Đại Điền ","Hiệu trưởng":"Đào Diễm Hiền","Điện thoại hiệu trưởng":"978250005","Loại hình":"Công lập","Quy mô":"Trường mầm non","Đạt CQG (MĐ)":"Đạt chuẩn mức 1","Địa chỉ trường":"Ấp Xương Thới I, xã Đại Điền","Thư điện tử":"mamnonthoithanh_thanhphu@bentre.edu.vn","Địa chỉ web trường":"http://mamnonthoithanh.bentre.edu.vn","Số điện thoại trường":"2753727401","layer_id":311,"fid":570,"label":"Trường Mầm non Thới Thạnh"}},{"type":"Feature","geometry":{"type":"Point","coordinates":[106.5196483,9.952269135]},"properties":{"Trường Mầm Non, Mẫu Giáo":"Mầm non Thiên Thần Nhỏ","Đơn vị quản lý":" Xã Đại Điền ","Hiệu trưởng":null,"Điện thoại hiệu trưởng":null,"Loại hình":"Tư thục","Quy mô":"Trường mầm non","Đạt CQG (MĐ)":null,"Địa chỉ trường":"Số 264/2, Khu phố 2, xã Thạnh Phú","Thư điện tử":"Haraynguyen1990@gmail.com","Địa chỉ web trường":"http://truongmamnonthienthannho.bentre.edu.vn","Số điện thoại trường":"2753886886","layer_id":311,"fid":571,"label":"Mầm non Thiên Thần Nhỏ"}},{"type":"Feature","geometry":{"type":"Point","coordinates":[106.601487,9.933683]},"properties":{"Trường Mầm Non, Mẫu Giáo":"Trường Mẫu giáo An Điền","Đơn vị quản lý":" Xã Thạnh Hải ","Hiệu trưởng":"Nguyễn Thị Hồng Pha","Điện thoại hiệu trưởng":"332569729","Loại hình":"Công lập","Quy mô":"Trường mẫu giáo","Đạt CQG (MĐ)":null,"Địa chỉ trường":"Ấp Giang Hà, Xã Thạnh Hải","Thư điện tử":"mamnonandien_thanhphu@bentre.edu.vn","Địa chỉ web trường":"http://mamnonandien.bentre.edu.vn","Số điện thoại trường":"332569729","layer_id":311,"fid":573,"label":"Trường Mẫu giáo An Điền"}},{"type":"Feature","geometry":{"type":"Point","coordinates":[106.5615593,9.916142261]},"properties":{"Trường Mầm Non, Mẫu Giáo":"Trường Mầm non An Qui","Đơn vị quản lý":" Xã An Qui ","Hiệu trưởng":"Trần Thị Tuyết Vân","Điện thoại hiệu trưởng":"965917739","Loại hình":"Công lập","Quy mô":"Trường mầm non","Đạt CQG (MĐ)":null,"Địa chỉ trường":"Ấp An Bình, Xã An Qui","Thư điện tử":"mamnonanqui_thanhphu@bentre.edu.vn","Địa chỉ web trường":"http://  mamnonanqui.bentre.edu.vn","Số điện thoại trường":"2753889757","layer_id":311,"fid":574,"label":"Trường Mầm non An Qui"}},{"type":"Feature","geometry":{"type":"Point","coordinates":[106.543106793,9.913347187]},"properties":{"Trường Mầm Non, Mẫu Giáo":"Trường Mầm non An Thuận","Đơn vị quản lý":" Xã An Qui ","Hiệu trưởng":"Cao Thị Thủy","Điện thoại hiệu trưởng":"335739007","Loại hình":"Công lập","Quy mô":"Trường mầm non","Đạt CQG (MĐ)":null,"Địa chỉ trường":"Ấp An Hội B, xã An Qui","Thư điện tử":"maugiaoanthuan@gmail.com","Địa chỉ web trường":"http://  mamnonanthuan.bentre.edu.vn","Số điện thoại trường":"2753889883","layer_id":311,"fid":575,"label":"Trường Mầm non An Thuận"}},{"type":"Feature","geometry":{"type":"Point","coordinates":[106.5990436,9.996153972]},"properties":{"Trường Mầm Non, Mẫu Giáo":"Trường Mầm non An Nhơn","Đơn vị quản lý":" Xã An Qui ","Hiệu trưởng":null,"Điện thoại hiệu trưởng":"347374140","Loại hình":"Công lập","Quy mô":"Trường mầm non","Đạt CQG (MĐ)":"Đạt chuẩn mức 1","Địa chỉ trường":"Ấp An Hòa, xã An Qui","Thư điện tử":"mamnonannhon_thanhphu@bentre.edu.vn","Địa chỉ web trường":"https://mamnonannhon.bentre.edu.vn","Số điện thoại trường":"2753733239","layer_id":311,"fid":576,"label":"Trường Mầm non An Nhơn"}},{"type":"Feature","geometry":{"type":"Point","coordinates":[106.63586405,9.845834611]},"properties":{"Trường Mầm Non, Mẫu Giáo":"Trường Mầm Non Thạnh Phong","Đơn vị quản lý":" Xã Thạnh Phong ","Hiệu trưởng":"Huỳnh Thị Cẩm","Điện thoại hiệu trưởng":"339802629","Loại hình":"Công lập","Quy mô":"Trường mầm non","Đạt CQG (MĐ)":"Đạt chuẩn mức 1","Địa chỉ trường":"Ấp Thạnh Lợi, xã Thạnh Phong","Thư điện tử":"mgthanhphong@gmail.com","Địa chỉ web trường":"http://mamnonthanhphong.bentre.edu.vn","Số điện thoại trường":"2753737121","layer_id":311,"fid":577,"label":"Trường Mầm Non Thạnh Phong"}},{"type":"Feature","geometry":{"type":"Point","coordinates":[106.610998234,9.879008719]},"properties":{"Trường Mầm Non, Mẫu Giáo":"Trường Mầm non Giao Thạnh","Đơn vị quản lý":" Xã Thạnh Phong ","Hiệu trưởng":null,"Điện thoại hiệu trưởng":"945680367","Loại hình":"Công lập","Quy mô":"Trường mầm non","Đạt CQG (MĐ)":"Đạt chuẩn mức 1","Địa chỉ trường":"Ấp Giao Hòa A, Xã Thạnh Phong","Thư điện tử":"mamnongiaothanh_thanhphu@bentre.edu.vn","Địa chỉ web trường":"https://mamnongiaothanh.bentre.edu.vn","Số điện thoại trường":"2753734290","layer_id":311,"fid":578,"label":"Trường Mầm non Giao Thạnh"}},{"type":"Feature","geometry":{"type":"Point","coordinates":[106.3396459,9.933993869]},"properties":{"Trường Mầm Non, Mẫu Giáo":"Trường MẦM NON MĂNG NON","Đơn vị quản lý":" Phường Trà Vinh","Hiệu trưởng":"Nguyễn Thị Mỹ Lệ","Điện thoại hiệu trưởng":"919204599","Loại hình":"Công lập","Quy mô":"Trường mầm non","Đạt CQG (MĐ)":null,"Địa chỉ trường":"Trần Quốc Tuấn, Khóm 10, Phường Trà Vinh","Thư điện tử":"mgmangnon.travinh@sgdtravinh.edu.vn","Địa chỉ web trường":"http://mgmangnon.pgdtptravinh.edu.vn","Số điện thoại trường":"2943858565","layer_id":311,"fid":579,"label":"Trường MẦM NON MĂNG NON"}},{"type":"Feature","geometry":{"type":"Point","coordinates":[106.343107219,9.939452301]},"properties":{"Trường Mầm Non, Mẫu Giáo":"MẦM NON TUỔI XANH","Đơn vị quản lý":" Phường Trà Vinh","Hiệu trưởng":"Nguyễn Thị Hiền","Điện thoại hiệu trưởng":"919503265","Loại hình":"Công lập","Quy mô":"Trường mầm non","Đạt CQG (MĐ)":null,"Địa chỉ trường":"Số 40, Trần Quốc Tuấn, K9, Phường Trà Vinh","Thư điện tử":"mgtuoixanh.travinh@sgdtravinh.edu.vn","Địa chỉ web trường":null,"Số điện thoại trường":"2943856551","layer_id":311,"fid":580,"label":"MẦM NON TUỔI XANH"}},{"type":"Feature","geometry":{"type":"Point","coordinates":[106.314494717,9.907144931]},"properties":{"Trường Mầm Non, Mẫu Giáo":"Trường Mầm non Tuổi Thơ","Đơn vị quản lý":" Phường Trà Vinh","Hiệu trưởng":"Thạch Thị Thu Thủy","Điện thoại hiệu trưởng":"987325326","Loại hình":"Công lập","Quy mô":"Trường mầm non","Đạt CQG (MĐ)":null,"Địa chỉ trường":"Nguyễn Chí Thanh, Khóm 18, phường Trà Vinh","Thư điện tử":"mgtuoitho.travinh@sgdtravinh.edu.vn","Địa chỉ web trường":null,"Số điện thoại trường":"2943850334","layer_id":311,"fid":581,"label":"Trường Mầm non Tuổi Thơ"}},{"type":"Feature","geometry":{"type":"Point","coordinates":[106.337555223,9.937234873]},"properties":{"Trường Mầm Non, Mẫu Giáo":"trường MẦM NON HỌA MI","Đơn vị quản lý":" Phường Trà Vinh","Hiệu trưởng":"Nguyễn Thị Phượng","Điện thoại hiệu trưởng":"916181045","Loại hình":"Công lập","Quy mô":"Trường mầm non","Đạt CQG (MĐ)":"Đạt chuẩn mức 1","Địa chỉ trường":"Số 3, Nguyễn Thị Minh Khai, khóm 4 , Phường Trà Vinh","Thư điện tử":"mnhoami.travinh@sgdtravinh.edu.vn","Địa chỉ web trường":"http://mnhoami.pgdtptravinh.edu.vn","Số điện thoại trường":"2943862617","layer_id":311,"fid":582,"label":"trường MẦM NON HỌA MI"}},{"type":"Feature","geometry":{"type":"Point","coordinates":[106.340499865,9.947180006]},"properties":{"Trường Mầm Non, Mẫu Giáo":"MẦM NON HOA HỒNG","Đơn vị quản lý":" Phường Trà Vinh","Hiệu trưởng":"Tô Thị Tuyết Trinh","Điện thoại hiệu trưởng":"919583674","Loại hình":"Công lập","Quy mô":"Trường mầm non","Đạt CQG (MĐ)":"Đạt chuẩn mức 1","Địa chỉ trường":"Số 223, Phạm Ngũ Lão, khóm 1, phường Trà Vinh","Thư điện tử":"mnhoahong.travinh@sgdtravinh.edu.vn","Địa chỉ web trường":null,"Số điện thoại trường":"02943 851 008","layer_id":311,"fid":583,"label":"MẦM NON HOA HỒNG"}},{"type":"Feature","geometry":{"type":"Point","coordinates":[106.3320099,9.9475481]},"properties":{"Trường Mầm Non, Mẫu Giáo":"Trường Mầm non Ánh Dương","Đơn vị quản lý":" Phường Trà Vinh","Hiệu trưởng":null,"Điện thoại hiệu trưởng":"939535779","Loại hình":"Công lập","Quy mô":"Trường mầm non","Đạt CQG (MĐ)":"Đạt chuẩn mức 1","Địa chỉ trường":"Số 118/27, Trương Văn Kỉnh, khóm 3, Phường Trà Vinh","Thư điện tử":"mnanhduong.travinh@sgdtravinh.edu.vn","Địa chỉ web trường":"http://mnanhduong.pgdtptravinh.edu.vn","Số điện thoại trường":"2943859494","layer_id":311,"fid":584,"label":"Trường Mầm non Ánh Dương"}},{"type":"Feature","geometry":{"type":"Point","coordinates":[106.3006,9.915307]},"properties":{"Trường Mầm Non, Mẫu Giáo":"Trường Mầm non Tuổi Ngọc","Đơn vị quản lý":" Phường Nguyệt Hóa","Hiệu trưởng":"Nguyễn Thị Ánh Loan","Điện thoại hiệu trưởng":"919900769","Loại hình":"Công lập","Quy mô":"Trường mầm non","Đạt CQG (MĐ)":null,"Địa chỉ trường":"Đường Nguyễn Du, Khóm 13, Phường Nguyệt Hóa","Thư điện tử":"mgtuoingoc.travinh@sgdtravinh.edu.vn","Địa chỉ web trường":"http://mgtuoingoc.pgdtptravinh.edu.vn","Số điện thoại trường":"02943.848.766","layer_id":311,"fid":585,"label":"Trường Mầm non Tuổi Ngọc"}},{"type":"Feature","geometry":{"type":"Point","coordinates":[106.348116543,9.982181582]},"properties":{"Trường Mầm Non, Mẫu Giáo":"Trường Mầm non Hoa Sen","Đơn vị quản lý":" Phường Long Đức","Hiệu trưởng":"Nguyễn Thị Ngọc Tuyền","Điện thoại hiệu trưởng":"989221446","Loại hình":"Công lập","Quy mô":"Trường mầm non","Đạt CQG (MĐ)":"Đạt chuẩn mức 1","Địa chỉ trường":"Khóm Vĩnh Hưng,  Phường Long Đức","Thư điện tử":"mghoasen.travinh@sgdtravinh.edu.vn","Địa chỉ web trường":"http://mghoasen.pgdtptravinh.edu.vn","Số điện thoại trường":"2943846838","layer_id":311,"fid":588,"label":"Trường Mầm non Hoa Sen"}},{"type":"Feature","geometry":{"type":"Point","coordinates":[106.332963108,9.93059372]},"properties":{"Trường Mầm Non, Mẫu Giáo":"Trường Mầm non Hướng Dương","Đơn vị quản lý":" Phường Nguyệt Hóa","Hiệu trưởng":"Hồ Hồng Nhanh","Điện thoại hiệu trưởng":"949691515","Loại hình":"Công lập","Quy mô":"Trường mầm non","Đạt CQG (MĐ)":"Đạt chuẩn mức 1","Địa chỉ trường":"258 Nguyễn Thị Minh Khai, khóm 7, Phường Nguyệt Hóa","Thư điện tử":"mghuongduong.travinh@sdgtravinh.edu.vn","Địa chỉ web trường":"http://mnhuongduong.pgdtptravinh.edu.vn","Số điện thoại trường":"02943.740.345","layer_id":311,"fid":586,"label":"Trường Mầm non Hướng Dương"}},{"type":"Feature","geometry":{"type":"Point","coordinates":[106.310804667,9.930155307]},"properties":{"Trường Mầm Non, Mẫu Giáo":"Trường Mẫu giáo Nguyệt Hóa","Đơn vị quản lý":" Phường Nguyệt Hóa","Hiệu trưởng":null,"Điện thoại hiệu trưởng":null,"Loại hình":"Công lập","Quy mô":"Trường mẫu giáo","Đạt CQG (MĐ)":null,"Địa chỉ trường":"Ấp Cổ Tháp B, phường Nguyệt Hóa","Thư điện tử":"mgnguyethoa.chauthanh@sgdtravinh.edu.vn","Địa chỉ web trường":"https://mgnguyethoa.pgdhchauthanh.edu.vn","Số điện thoại trường":"2943848718","layer_id":311,"fid":587,"label":"Trường Mẫu giáo Nguyệt Hóa"}},{"type":"Feature","geometry":{"type":"Point","coordinates":[106.336091658,9.980742738]},"properties":{"Trường Mầm Non, Mẫu Giáo":"MẦM NON HOA MAI","Đơn vị quản lý":" Phường Long Đức","Hiệu trưởng":"Nguyễn Thị Cẩm Huệ","Điện thoại hiệu trưởng":"919480234","Loại hình":"Công lập","Quy mô":"Trường mầm non","Đạt CQG (MĐ)":"Đạt chuẩn mức 2","Địa chỉ trường":"Đường 30/4 khóm Sa Bình, phường Long Đức","Thư điện tử":"mghoamai.travinh@sgdtravinh.edu.vn","Địa chỉ web trường":"http://mghoamai.pgdtptravinh.edu.vn/","Số điện thoại trường":"2943846456","layer_id":311,"fid":589,"label":"MẦM NON HOA MAI"}},{"type":"Feature","geometry":{"type":"Point","coordinates":[106.3622897,9.9789992]},"properties":{"Trường Mầm Non, Mẫu Giáo":"Trường Mẫu giáo - Tiểu học - Trung học cơ sở Võ Thị Sáu","Đơn vị quản lý":" Phường Long Đức","Hiệu trưởng":"Hồ Minh Châu","Điện thoại hiệu trưởng":"908946699","Loại hình":"Công lập","Quy mô":"MN - PTCS","Đạt CQG (MĐ)":null,"Địa chỉ trường":"Ấp Long Trị, Phường Long Đức","Thư điện tử":"C1_2longtri@sgdtravinh.edu.vn","Địa chỉ web trường":null,"Số điện thoại trường":"2943867577","layer_id":311,"fid":590,"label":"Trường Mẫu giáo - Tiểu học - Trung học cơ sở Võ Thị Sáu"}},{"type":"Feature","geometry":{"type":"Point","coordinates":[106.156262,10.018429]},"properties":{"Trường Mầm Non, Mẫu Giáo":"Trường Mẫu giáo Tuổi Hồng","Đơn vị quản lý":" Xã Càng Long","Hiệu trưởng":"Nguyễn Thị Hồng Luyến","Điện thoại hiệu trưởng":"889548404","Loại hình":"Công lập","Quy mô":"Trường mẫu giáo","Đạt CQG (MĐ)":"Đạt chuẩn mức 1","Địa chỉ trường":"ấp số 4, xã Càng Long","Thư điện tử":"mgtuoihong.canglong@sgdtravinh.edu.vn","Địa chỉ web trường":"không có","Số điện thoại trường":"2943542481","layer_id":311,"fid":591,"label":"Trường Mẫu giáo Tuổi Hồng"}},{"type":"Feature","geometry":{"type":"Point","coordinates":[106.23284,10.03066]},"properties":{"Trường Mầm Non, Mẫu Giáo":"Trường Mẫu giáo Hoa Sen","Đơn vị quản lý":" Xã Càng Long","Hiệu trưởng":"Võ Thị Cẩm","Điện thoại hiệu trưởng":"976787319","Loại hình":"Công lập","Quy mô":"Trường mẫu giáo","Đạt CQG (MĐ)":null,"Địa chỉ trường":"Ấp Hiệp Phú, Xã Càng Long","Thư điện tử":"mghoasen,canglong@sgdtravinh.edu.vn","Địa chỉ web trường":"Không có","Số điện thoại trường":"976787319","layer_id":311,"fid":592,"label":"Trường Mẫu giáo Hoa Sen"}},{"type":"Feature","geometry":{"type":"Point","coordinates":[106.201059593,9.991199044]},"properties":{"Trường Mầm Non, Mẫu Giáo":"Trường Mẫu giáo Tuổi Ngọc","Đơn vị quản lý":" Xã Càng Long","Hiệu trưởng":null,"Điện thoại hiệu trưởng":"946532727","Loại hình":"Công lập","Quy mô":"Trường mẫu giáo","Đạt CQG (MĐ)":null,"Địa chỉ trường":"Ấp Bờ Lộ Mới, xã Càng Long","Thư điện tử":"mgtuoingoc.canglong@sgdtravinh.edu.vn","Địa chỉ web trường":"Không có","Số điện thoại trường":"2943885423","layer_id":311,"fid":593,"label":"Trường Mẫu giáo Tuổi Ngọc"}},{"type":"Feature","geometry":{"type":"Point","coordinates":[106.204769755,9.994738278]},"properties":{"Trường Mầm Non, Mẫu Giáo":"Trường Mầm Non Sao Mai","Đơn vị quản lý":" Xã Càng Long","Hiệu trưởng":"Lê Thị Hồng Thắm","Điện thoại hiệu trưởng":"768625880","Loại hình":"Công lập","Quy mô":"Trường mầm non","Đạt CQG (MĐ)":"Đạt chuẩn mức 1","Địa chỉ trường":"Khóm 4, xã Càng Long","Thư điện tử":"mnsaomai.canglong@sgdtravinh.edu.vn","Địa chỉ web trường":"Không có","Số điện thoại trường":"2943882507","layer_id":311,"fid":594,"label":"Trường Mầm Non Sao Mai"}},{"type":"Feature","geometry":{"type":"Point","coordinates":[106.19331121,9.976606586]},"properties":{"Trường Mầm Non, Mẫu Giáo":"MẪU GIÁO HỌA MI","Đơn vị quản lý":" Xã An Trường","Hiệu trưởng":"Lê Thị Ngọc Diễm","Điện thoại hiệu trưởng":"827626545","Loại hình":"Công lập","Quy mô":"Trường mẫu giáo","Đạt CQG (MĐ)":null,"Địa chỉ trường":"Ấp 5A, xã An Trường","Thư điện tử":"mghoami.canglong@sgdtravinh.edu.vn","Địa chỉ web trường":null,"Số điện thoại trường":null,"layer_id":311,"fid":595,"label":"MẪU GIÁO HỌA MI"}},{"type":"Feature","geometry":{"type":"Point","coordinates":[106.174562937,9.947619941]},"properties":{"Trường Mầm Non, Mẫu Giáo":"MẪU GIÁO TUỔI THƠ","Đơn vị quản lý":" Xã An Trường","Hiệu trưởng":"Phan Thị Kim Ba","Điện thoại hiệu trưởng":"976301936","Loại hình":"Công lập","Quy mô":"Trường mẫu giáo","Đạt CQG (MĐ)":null,"Địa chỉ trường":"Ấp An Định Giồng, xã An Trường","Thư điện tử":"mgtuoitho.canglong@sgdtravinh.edu.vn","Địa chỉ web trường":null,"Số điện thoại trường":"2943580141","layer_id":311,"fid":596,"label":"MẪU GIÁO TUỔI THƠ"}},{"type":"Feature","geometry":{"type":"Point","coordinates":[106.172173782,9.942858638]},"properties":{"Trường Mầm Non, Mẫu Giáo":"Trường Mầm non Bé Ngoan","Đơn vị quản lý":" Xã An Trường","Hiệu trưởng":"Nguyễn Thị Oanh","Điện thoại hiệu trưởng":"396437343","Loại hình":"Công lập","Quy mô":"Trường mầm non","Đạt CQG (MĐ)":null,"Địa chỉ trường":"Ấp 7A, xã An Trường","Thư điện tử":"mnbengoan.canglong@sgdtravinh.edu.vn","Địa chỉ web trường":null,"Số điện thoại trường":"2943575529","layer_id":311,"fid":598,"label":"Trường Mầm non Bé Ngoan"}},{"type":"Feature","geometry":{"type":"Point","coordinates":[106.166961191,9.913549589]},"properties":{"Trường Mầm Non, Mẫu Giáo":"Trường Mẫu giáo Tuổi Xuân","Đơn vị quản lý":" Xã Tân An","Hiệu trưởng":"Trần Thị Hồng Trâm","Điện thoại hiệu trưởng":null,"Loại hình":"Công lập","Quy mô":"Trường mẫu giáo","Đạt CQG (MĐ)":null,"Địa chỉ trường":"ấp Tân An Chợ, xã Tân An","Thư điện tử":"mgtuoixuan.canglong@sgdtravinh.edu.vn","Địa chỉ web trường":null,"Số điện thoại trường":"02943.886.969","layer_id":311,"fid":599,"label":"Trường Mẫu giáo Tuổi Xuân"}},{"type":"Feature","geometry":{"type":"Point","coordinates":[105.9813458,10.02473455]},"properties":{"Trường Mầm Non, Mẫu Giáo":"Trường mẫu giáo Hướng Dương","Đơn vị quản lý":" Xã Tân An","Hiệu trưởng":"Nguyễn Thị Bé Chi","Điện thoại hiệu trưởng":"979359788","Loại hình":"Công lập","Quy mô":"Trường mẫu giáo","Đạt CQG (MĐ)":"Đạt chuẩn mức 1","Địa chỉ trường":"Ấp Lưu Tư, xã Tân An","Thư điện tử":"mghuongduong.canglong@sgdtravinh.edu.vn","Địa chỉ web trường":"Không có","Số điện thoại trường":"2943552181","layer_id":311,"fid":600,"label":"Trường mẫu giáo Hướng Dương"}},{"type":"Feature","geometry":{"type":"Point","coordinates":[106.2519188,9.980622191]},"properties":{"Trường Mầm Non, Mẫu Giáo":"Trường Mẫu giáo Hoa Mai","Đơn vị quản lý":" Xã Bình Phú","Hiệu trưởng":"Lê Thị Kim Thoa","Điện thoại hiệu trưởng":"907343737","Loại hình":"Công lập","Quy mô":"Trường mẫu giáo","Đạt CQG (MĐ)":"Đạt chuẩn mức 1","Địa chỉ trường":"Ấp Nguyệt Lãng A, xã Bình Phú","Thư điện tử":"mghoamai.canglong@sgdtravinh.edu.vn","Địa chỉ web trường":"không có","Số điện thoại trường":"2943888529","layer_id":311,"fid":601,"label":"Trường Mẫu giáo Hoa Mai"}},{"type":"Feature","geometry":{"type":"Point","coordinates":[106.269747843,9.932470764]},"properties":{"Trường Mầm Non, Mẫu Giáo":"Trường Mẫu giáo Ánh Dương","Đơn vị quản lý":" Xã Bình Phú","Hiệu trưởng":"Châu Thị Dung","Điện thoại hiệu trưởng":"975226323","Loại hình":"Công lập","Quy mô":"Trường mẫu giáo","Đạt CQG (MĐ)":"Đạt chuẩn mức 1","Địa chỉ trường":"Ấp Đầu Giồng, xã Bình Phú","Thư điện tử":"mganhduong.canglong@sgdtravinh.edu.vn","Địa chỉ web trường":"không có","Số điện thoại trường":"975226323","layer_id":311,"fid":602,"label":"Trường Mẫu giáo Ánh Dương"}},{"type":"Feature","geometry":{"type":"Point","coordinates":[106.294615638,9.984906418]},"properties":{"Trường Mầm Non, Mẫu Giáo":"Trường Mẫu giáo Thiên Thanh","Đơn vị quản lý":" Xã Bình Phú","Hiệu trưởng":"Nguyễn Thanh Thảo","Điện thoại hiệu trưởng":"973339528","Loại hình":"Công lập","Quy mô":"Trường mẫu giáo","Đạt CQG (MĐ)":"Đạt chuẩn mức 1","Địa chỉ trường":"Ấp Tân Định, xã Bình Phú","Thư điện tử":"mgthienthanh.canglong@sgdtravinh.edu.vn","Địa chỉ web trường":"không có","Số điện thoại trường":"2943880461","layer_id":311,"fid":603,"label":"Trường Mẫu giáo Thiên Thanh"}},{"type":"Feature","geometry":{"type":"Point","coordinates":[106.2613425,10.04364504]},"properties":{"Trường Mầm Non, Mẫu Giáo":"Trường Mẫu giáo Hoàng Oanh","Đơn vị quản lý":" Xã Nhị Long","Hiệu trưởng":"Trần Thị Kiều Chinh","Điện thoại hiệu trưởng":"985213789","Loại hình":"Công lập","Quy mô":"Trường mẫu giáo","Đạt CQG (MĐ)":null,"Địa chỉ trường":"Ấp Mỹ Hiệp A, Xã Nhị Long","Thư điện tử":"mghoangoanh.canglong@sgdtravinh.edu.vn","Địa chỉ web trường":null,"Số điện thoại trường":"2943889331","layer_id":311,"fid":604,"label":"Trường Mẫu giáo Hoàng Oanh"}},{"type":"Feature","geometry":{"type":"Point","coordinates":[106.2827077,10.01214228]},"properties":{"Trường Mầm Non, Mẫu Giáo":"Trường Mẫu giáo Ban Mai","Đơn vị quản lý":" Xã Nhị Long","Hiệu trưởng":"Lê Thị Nga","Điện thoại hiệu trưởng":"989904199","Loại hình":"Công lập","Quy mô":"Trường mẫu giáo","Đạt CQG (MĐ)":"Đạt chuẩn mức 1","Địa chỉ trường":"Ấp Rạch Dừa, xã Nhị Long","Thư điện tử":"mgbanmai.canglong@sgdtravinh.edu.vn","Địa chỉ web trường":"không có","Số điện thoại trường":"989904199","layer_id":311,"fid":605,"label":"Trường Mẫu giáo Ban Mai"}},{"type":"Feature","geometry":{"type":"Point","coordinates":[106.2665033,10.02125797]},"properties":{"Trường Mầm Non, Mẫu Giáo":"MẦM NON TRÚC XANH","Đơn vị quản lý":" Xã Nhị Long","Hiệu trưởng":"Nguyễn Thị Tuyết Nhung","Điện thoại hiệu trưởng":"983615566","Loại hình":"Công lập","Quy mô":"Trường mầm non","Đạt CQG (MĐ)":"Đạt chuẩn mức 1","Địa chỉ trường":"Ấp Rạch Đập, xã Nhị Long","Thư điện tử":"mntrucxanh.nhilong@vinhlong.gov.vn","Địa chỉ web trường":null,"Số điện thoại trường":"2943881109","layer_id":311,"fid":606,"label":"MẦM NON TRÚC XANH"}},{"type":"Feature","geometry":{"type":"Point","coordinates":[106.070347418,9.891538181]},"properties":{"Trường Mầm Non, Mẫu Giáo":"Trường Mầm non Hoà Ân","Đơn vị quản lý":" Xã Cầu Kè","Hiệu trưởng":"Nguyễn Thị Bích Phượng","Điện thoại hiệu trưởng":"394135031","Loại hình":"Công lập","Quy mô":"Trường mầm non","Đạt CQG (MĐ)":"Đạt chuẩn mức 1","Địa chỉ trường":"Ấp Trà Kháo, xã Cầu Kè","Thư điện tử":"mghoaan.cauke@sgdtravinh.edu.vn","Địa chỉ web trường":"https:// mnhoaan.web.vnedu.vn","Số điện thoại trường":"394135031","layer_id":311,"fid":607,"label":"Trường Mầm non Hoà Ân"}},{"type":"Feature","geometry":{"type":"Point","coordinates":[106.060270401,9.867147972]},"properties":{"Trường Mầm Non, Mẫu Giáo":"Trường Mầm non Cầu Kè","Đơn vị quản lý":" Xã Cầu Kè","Hiệu trưởng":null,"Điện thoại hiệu trưởng":"375803997","Loại hình":"Công lập","Quy mô":"Trường mầm non","Đạt CQG (MĐ)":"Đạt chuẩn mức 1","Địa chỉ trường":"Ấp 6, xã Cầu Kè","Thư điện tử":"mnthitran.cauke@sgdtravinh.edu.vn","Địa chỉ web trường":null,"Số điện thoại trường":"2246296668","layer_id":311,"fid":608,"label":"Trường Mầm non Cầu Kè"}},{"type":"Feature","geometry":{"type":"Point","coordinates":[106.080566181,9.858097499]},"properties":{"Trường Mầm Non, Mẫu Giáo":"Trường Mầm Non Châu Điền","Đơn vị quản lý":" Xã Cầu Kè","Hiệu trưởng":"Nguyễn Thị Hằng","Điện thoại hiệu trưởng":"776751867","Loại hình":"Công lập","Quy mô":"Trường mầm non","Đạt CQG (MĐ)":"Đạt chuẩn mức 1","Địa chỉ trường":"Ấp Ô Tưng A, xã Cầu Kè","Thư điện tử":"mnchaudien.cauke@sgdtravinh.edu.vn","Địa chỉ web trường":"http://mnchaudien.web.vnedu.vn","Số điện thoại trường":"2946539717","layer_id":311,"fid":609,"label":"Trường Mầm Non Châu Điền"}},{"type":"Feature","geometry":{"type":"Point","coordinates":[106.0173744,9.882303023]},"properties":{"Trường Mầm Non, Mẫu Giáo":"Trường Mầm non An Phú Tân","Đơn vị quản lý":" Xã An Phú Tân","Hiệu trưởng":"Nguyễn Thị Ngọc Xuân","Điện thoại hiệu trưởng":"987460487","Loại hình":"Công lập","Quy mô":"Trường mầm non","Đạt CQG (MĐ)":"Đạt chuẩn mức 1","Địa chỉ trường":"Ấp An Trại, xã An Phú Tân","Thư điện tử":"mnanphutan.cauke@sgdtravinh.edu.vn","Địa chỉ web trường":"https://edu.viettel.vn/tvh-cauke-mnanphutan","Số điện thoại trường":"987460487","layer_id":311,"fid":610,"label":"Trường Mầm non An Phú Tân"}},{"type":"Feature","geometry":{"type":"Point","coordinates":[106.040846294,9.859366394]},"properties":{"Trường Mầm Non, Mẫu Giáo":"Trường Mầm non Hòa Tân","Đơn vị quản lý":" Xã An Phú Tân","Hiệu trưởng":null,"Điện thoại hiệu trưởng":"974526674","Loại hình":"Công lập","Quy mô":"Trường mầm non","Đạt CQG (MĐ)":null,"Địa chỉ trường":"Ấp Chông Nô 3, xã An Phú Tân","Thư điện tử":"mnhoatan.cauke@sgdtravinh.edu.vn","Địa chỉ web trường":"mnhoatan.web.vnedu.vn","Số điện thoại trường":"974526674","layer_id":311,"fid":611,"label":"Trường Mầm non Hòa Tân"}},{"type":"Feature","geometry":{"type":"Point","coordinates":[106.120859661,9.838879749]},"properties":{"Trường Mầm Non, Mẫu Giáo":"Trường Mầm non Phong Thạnh","Đơn vị quản lý":" Xã Phong Thạnh","Hiệu trưởng":"Trần Thị Kim Triết","Điện thoại hiệu trưởng":"372026968","Loại hình":"Công lập","Quy mô":"Trường mầm non","Đạt CQG (MĐ)":null,"Địa chỉ trường":"Ấp Bắc Sa Ma, xã Phong Thạnh","Thư điện tử":"mgphongthanh.cauke@sgdtravinh.edu.vn","Địa chỉ web trường":"không có","Số điện thoại trường":"372026968","layer_id":311,"fid":612,"label":"Trường Mầm non Phong Thạnh"}},{"type":"Feature","geometry":{"type":"Point","coordinates":[106.056449,9.809272]},"properties":{"Trường Mầm Non, Mẫu Giáo":"Trường Mầm non Ninh Thới","Đơn vị quản lý":" Xã Phong Thạnh","Hiệu trưởng":"Sử Thị Thanh Kiều","Điện thoại hiệu trưởng":"387238474","Loại hình":"Công lập","Quy mô":"Trường mầm non","Đạt CQG (MĐ)":"Đạt chuẩn mức 1","Địa chỉ trường":"Ấp Mỹ Văn, xã Phong Thạnh","Thư điện tử":"mgninhthoi.cauke@sgdtravinh.edu.vn","Địa chỉ web trường":"https://mnninhthoi.web.vnedu.vn","Số điện thoại trường":"2946299626","layer_id":311,"fid":613,"label":"Trường Mầm non Ninh Thới"}},{"type":"Feature","geometry":{"type":"Point","coordinates":[106.078877921,9.799866877]},"properties":{"Trường Mầm Non, Mẫu Giáo":"Trường Mầm non Phong Phú","Đơn vị quản lý":" Xã Phong Thạnh","Hiệu trưởng":"Lưu Thị Tuyết Ngân","Điện thoại hiệu trưởng":"334152585","Loại hình":"Công lập","Quy mô":"Trường mầm non","Đạt CQG (MĐ)":"Đạt chuẩn mức 1","Địa chỉ trường":"Ấp I, xã Phong Thạnh","Thư điện tử":"mnphongphu.cauke@sgdtravinh.edu.vn","Địa chỉ web trường":null,"Số điện thoại trường":"334152585","layer_id":311,"fid":614,"label":"Trường Mầm non Phong Phú"}},{"type":"Feature","geometry":{"type":"Point","coordinates":[106.02378,9.900903]},"properties":{"Trường Mầm Non, Mẫu Giáo":"Trường Mầm non Tam Ngãi","Đơn vị quản lý":" Xã Tam Ngãi","Hiệu trưởng":"Đinh Thị Ngân Trang","Điện thoại hiệu trưởng":"976315450","Loại hình":"Công lập","Quy mô":"Trường mầm non","Đạt CQG (MĐ)":null,"Địa chỉ trường":"Ấp Ngọc Hồ, xã Tam Ngãi","Thư điện tử":"mgtamngai.cauke@sgdtravinh.edu.vn","Địa chỉ web trường":null,"Số điện thoại trường":"365494292","layer_id":311,"fid":615,"label":"Trường Mầm non Tam Ngãi"}},{"type":"Feature","geometry":{"type":"Point","coordinates":[106.07623,9.92037]},"properties":{"Trường Mầm Non, Mẫu Giáo":"MẦM NON THÔNG HÒA","Đơn vị quản lý":" Xã Tam Ngãi","Hiệu trưởng":"Tạ Xuân Huệ","Điện thoại hiệu trưởng":"343743430","Loại hình":"Công lập","Quy mô":"Trường mầm non","Đạt CQG (MĐ)":null,"Địa chỉ trường":"Ấp Ô Chích, xã Tam Ngãi","Thư điện tử":"mgthonghoa.cauke@sgdtravinh.edu.vn","Địa chỉ web trường":"mnthonghoa.web.vnedu.vn","Số điện thoại trường":"343743430","layer_id":311,"fid":616,"label":"MẦM NON THÔNG HÒA"}},{"type":"Feature","geometry":{"type":"Point","coordinates":[106.045380028,9.897907578]},"properties":{"Trường Mầm Non, Mẫu Giáo":"Trường Mầm non Thạnh Phú","Đơn vị quản lý":" Xã Tam Ngãi","Hiệu trưởng":"Nguyễn Thị Khánh Ly","Điện thoại hiệu trưởng":"939528001","Loại hình":"Công lập","Quy mô":"Trường mầm non","Đạt CQG (MĐ)":"Đạt chuẩn mức 1","Địa chỉ trường":"Ấp 3, xã Tam Ngãi","Thư điện tử":"mgthanhphu.cauke@sgdtravinh.edu.vn","Địa chỉ web trường":"mnthanhphu.web.vnedu.vn","Số điện thoại trường":null,"layer_id":311,"fid":617,"label":"Trường Mầm non Thạnh Phú"}},{"type":"Feature","geometry":{"type":"Point","coordinates":[106.165445668,9.79292221]},"properties":{"Trường Mầm Non, Mẫu Giáo":"Trường Mầm non Phú Cần","Đơn vị quản lý":" Xã Tiểu Cần","Hiệu trưởng":"KIM THỊ HOÀNG","Điện thoại hiệu trưởng":"369341625","Loại hình":"Công lập","Quy mô":"Trường mầm non","Đạt CQG (MĐ)":"Đạt chuẩn mức 1","Địa chỉ trường":"Ấp Cầu Tre, xã Tiểu Cần","Thư điện tử":"mg.phucantctv@gmail.com","Địa chỉ web trường":null,"Số điện thoại trường":"369341625","layer_id":311,"fid":618,"label":"Trường Mầm non Phú Cần"}},{"type":"Feature","geometry":{"type":"Point","coordinates":[106.1860775,9.857747995]},"properties":{"Trường Mầm Non, Mẫu Giáo":"Trường Mầm non Hiếu Trung","Đơn vị quản lý":" Xã Tiểu Cần","Hiệu trưởng":"Nguyễn Thị Thanh Thúy","Điện thoại hiệu trưởng":"939466307","Loại hình":"Công lập","Quy mô":"Trường mầm non","Đạt CQG (MĐ)":"Đạt chuẩn mức 1","Địa chỉ trường":"Ấp Tân Trung Giồng A, xã Tiểu Cần","Thư điện tử":"mnhieutrung.tieucan@vinhlong.gov.vn","Địa chỉ web trường":null,"Số điện thoại trường":"2943648227","layer_id":311,"fid":619,"label":"Trường Mầm non Hiếu Trung"}},{"type":"Feature","geometry":{"type":"Point","coordinates":[106.189153394,9.812893596]},"properties":{"Trường Mầm Non, Mẫu Giáo":"Trường Mầm non Tiểu Cần","Đơn vị quản lý":" Xã Tiểu Cần","Hiệu trưởng":"Nguyễn Thị Mỹ Linh","Điện thoại hiệu trưởng":"377539157","Loại hình":"Công lập","Quy mô":"Trường mầm non","Đạt CQG (MĐ)":"Đạt chuẩn mức 1","Địa chỉ trường":"Âp 1, xã Tiểu Cần","Thư điện tử":"mg.tieucantctv@gmail.com","Địa chỉ web trường":"https://mntieucan.web.vnedu.vn/","Số điện thoại trường":"2943.822744","layer_id":311,"fid":620,"label":"Trường Mầm non Tiểu Cần"}},{"type":"Feature","geometry":{"type":"Point","coordinates":[106.204371,9.793522]},"properties":{"Trường Mầm Non, Mẫu Giáo":"Trường Mầm non Tân Hùng","Đơn vị quản lý":" Xã Hùng Hòa","Hiệu trưởng":null,"Điện thoại hiệu trưởng":null,"Loại hình":"Công lập","Quy mô":"Trường mầm non","Đạt CQG (MĐ)":null,"Địa chỉ trường":"Ấp Nhứt, xã Hùng Hoà","Thư điện tử":"mntanhung.hunghoa@vinhlong.gov.vn","Địa chỉ web trường":"không có","Số điện thoại trường":"2943636421","layer_id":311,"fid":621,"label":"Trường Mầm non Tân Hùng"}},{"type":"Feature","geometry":{"type":"Point","coordinates":[106.25663,9.78501]},"properties":{"Trường Mầm Non, Mẫu Giáo":"Trường Mẫu giáo Ngãi Hùng","Đơn vị quản lý":" Xã Hùng Hòa","Hiệu trưởng":"Nguyễn Thị Ly","Điện thoại hiệu trưởng":"386801380","Loại hình":"Công lập","Quy mô":"Trường mẫu giáo","Đạt CQG (MĐ)":null,"Địa chỉ trường":"Ấp Ngãi Chánh, xã Hùng Hoà","Thư điện tử":"mgngaihung.hunghoa@vinhlong.gov.vn","Địa chỉ web trường":null,"Số điện thoại trường":"294.2217503","layer_id":311,"fid":622,"label":"Trường Mẫu giáo Ngãi Hùng"}},{"type":"Feature","geometry":{"type":"Point","coordinates":[106.207716862,9.803881677]},"properties":{"Trường Mầm Non, Mẫu Giáo":"Trường Mầm non Hùng Hòa","Đơn vị quản lý":" Xã Hùng Hòa","Hiệu trưởng":"DO THI TO UYEN","Điện thoại hiệu trưởng":"386047224","Loại hình":"Công lập","Quy mô":"Trường mầm non","Đạt CQG (MĐ)":"Đạt chuẩn mức 1","Địa chỉ trường":"Ấp Từ Ô, xã Hùng Hòa","Thư điện tử":"mnhunghoa.hunghoa@vinhlong.gov.vn","Địa chỉ web trường":"mghunghoa.web.vnedu.vn","Số điện thoại trường":"02943.640.775","layer_id":311,"fid":623,"label":"Trường Mầm non Hùng Hòa"}},{"type":"Feature","geometry":{"type":"Point","coordinates":[106.20277,9.857773]},"properties":{"Trường Mầm Non, Mẫu Giáo":"Trường Mầm non Hiếu Tử","Đơn vị quản lý":" Xã Tập Ngãi","Hiệu trưởng":"Huỳnh Thị Hồng Nhi","Điện thoại hiệu trưởng":"902759174","Loại hình":"Công lập","Quy mô":"Trường mầm non","Đạt CQG (MĐ)":"Đạt chuẩn mức 1","Địa chỉ trường":"Ấp Tân Đại, xã Tập Ngãi","Thư điện tử":"mg.hieututctv@gmail.com","Địa chỉ web trường":"https://mghieutu.web.vnedu.vn","Số điện thoại trường":"2943619449","layer_id":311,"fid":624,"label":"Trường Mầm non Hiếu Tử"}},{"type":"Feature","geometry":{"type":"Point","coordinates":[106.246146,9.810457]},"properties":{"Trường Mầm Non, Mẫu Giáo":"Trường Mầm non Tập Ngãi","Đơn vị quản lý":" Xã Tập Ngãi","Hiệu trưởng":"NGUYỄN THỊ HUỲNH MAI","Điện thoại hiệu trưởng":"977220221","Loại hình":"Công lập","Quy mô":"Trường mầm non","Đạt CQG (MĐ)":null,"Địa chỉ trường":"Ấp Ngãi Trung, xã Tập Ngãi","Thư điện tử":"mg.tapngaitctv@gmail.com","Địa chỉ web trường":null,"Số điện thoại trường":"2943618366","layer_id":311,"fid":625,"label":"Trường Mầm non Tập Ngãi"}},{"type":"Feature","geometry":{"type":"Point","coordinates":[106.15215612,9.801868037]},"properties":{"Trường Mầm Non, Mẫu Giáo":"Trường Mầm non Long Thới","Đơn vị quản lý":" Xã Tân Hòa","Hiệu trưởng":null,"Điện thoại hiệu trưởng":"788824887","Loại hình":"Công lập","Quy mô":"Trường mầm non","Đạt CQG (MĐ)":"Đạt chuẩn mức 1","Địa chỉ trường":"Ấp Trinh Phụ, xã Tân Hòa","Thư điện tử":"mg.longthoitctv@gmail.com","Địa chỉ web trường":"https://sites.google.com/view/truongmamnonlongthoi","Số điện thoại trường":"788824887","layer_id":311,"fid":626,"label":"Trường Mầm non Long Thới"}},{"type":"Feature","geometry":{"type":"Point","coordinates":[106.128011556,9.767684778]},"properties":{"Trường Mầm Non, Mẫu Giáo":"Trường Mầm non Cầu Quan","Đơn vị quản lý":" Xã Tân Hòa","Hiệu trưởng":"Lê Thị Thanh Hồng","Điện thoại hiệu trưởng":null,"Loại hình":"Công lập","Quy mô":"Trường mầm non","Đạt CQG (MĐ)":"Đạt chuẩn mức 2","Địa chỉ trường":"Khóm 3, xã Tân Hoà","Thư điện tử":"mgcauquan.tctv@gmail.com","Địa chỉ web trường":"https://edu.viettel.vn/vlg-mncauquan","Số điện thoại trường":"2943651156","layer_id":311,"fid":627,"label":"Trường Mầm non Cầu Quan"}},{"type":"Feature","geometry":{"type":"Point","coordinates":[106.1426579,9.75619826]},"properties":{"Trường Mầm Non, Mẫu Giáo":"Trường Mầm non Tân Hòa","Đơn vị quản lý":" Xã Tân Hòa","Hiệu trưởng":"Thái Thị Diễm","Điện thoại hiệu trưởng":"396387100","Loại hình":"Công lập","Quy mô":"Trường mầm non","Đạt CQG (MĐ)":null,"Địa chỉ trường":"Ấp Tân Thành Đông, xã Tân Hoà","Thư điện tử":"mntanhoa.tanhoa@vinhlong.gov.vn","Địa chỉ web trường":null,"Số điện thoại trường":"2943651989","layer_id":311,"fid":628,"label":"Trường Mầm non Tân Hòa"}},{"type":"Feature","geometry":{"type":"Point","coordinates":[106.29271,9.809953]},"properties":{"Trường Mầm Non, Mẫu Giáo":"Trường Mẫu giáo Thanh Mỹ","Đơn vị quản lý":" Xã Châu Thành","Hiệu trưởng":null,"Điện thoại hiệu trưởng":"345334645","Loại hình":"Công lập","Quy mô":"Trường mẫu giáo","Đạt CQG (MĐ)":null,"Địa chỉ trường":"Ấp Cây Dương, xã Châu Thành","Thư điện tử":"mgthanhmy.chauthanh@sgdtravinh.edu.vn","Địa chỉ web trường":"http://mgthanhmy.sgdtravinh.edu.vn/","Số điện thoại trường":"2943891195","layer_id":311,"fid":629,"label":"Trường Mẫu giáo Thanh Mỹ"}},{"type":"Feature","geometry":{"type":"Point","coordinates":[106.345756952,9.879447357]},"properties":{"Trường Mầm Non, Mẫu Giáo":"Trường Mẫu Giáo Ban Mai","Đơn vị quản lý":" Xã Châu Thành","Hiệu trưởng":"Trần Thị Thúy Hằng","Điện thoại hiệu trưởng":"366050234","Loại hình":"Công lập","Quy mô":"Trường mẫu giáo","Đạt CQG (MĐ)":null,"Địa chỉ trường":"Ấp 3, xa Châu Thành","Thư điện tử":" mgbanmai.chauthanh@sgdtravinh.edu.vn","Địa chỉ web trường":"http://mgbanmai.pgdhchauthanh.edu.vn","Số điện thoại trường":"2943893455","layer_id":311,"fid":630,"label":"Trường Mẫu Giáo Ban Mai"}},{"type":"Feature","geometry":{"type":"Point","coordinates":[106.3375282,9.807497335]},"properties":{"Trường Mầm Non, Mẫu Giáo":"Trường Mẫu Giáo Tuổi Thơ","Đơn vị quản lý":" Xã Châu Thành","Hiệu trưởng":"Giang Tuyết Liên","Điện thoại hiệu trưởng":"975994246","Loại hình":"Công lập","Quy mô":"Trường mẫu giáo","Đạt CQG (MĐ)":"Đạt chuẩn mức 1","Địa chỉ trường":"Ấp Đầu Giồng A, xã Châu Thành","Thư điện tử":"mgtuoitho.chauthanh@vinhlong.gov.vn","Địa chỉ web trường":"http://mgtuoitho.pgdhchauthanh.edu.vn","Số điện thoại trường":"2943791615","layer_id":311,"fid":631,"label":"Trường Mẫu Giáo Tuổi Thơ"}},{"type":"Feature","geometry":{"type":"Point","coordinates":[106.349436,9.864551]},"properties":{"Trường Mầm Non, Mẫu Giáo":"Trường Mầm Non Tuổi Xanh","Đơn vị quản lý":" Xã Châu Thành","Hiệu trưởng":null,"Điện thoại hiệu trưởng":null,"Loại hình":"Công lập","Quy mô":"Trường mầm non","Đạt CQG (MĐ)":"Đạt chuẩn mức 1","Địa chỉ trường":"Ấp Hương Phụ A, xã Châu Thành, tỉnh Vĩnh Long","Thư điện tử":"mntuoixanh.chauthanh@sgdtravinh.edu.vn","Địa chỉ web trường":"http://mntuoixanh.pgdhchauthanh.edu.vn","Số điện thoại trường":"2943872012","layer_id":311,"fid":632,"label":"Trường Mầm Non Tuổi Xanh"}},{"type":"Feature","geometry":{"type":"Point","coordinates":[106.283797523,9.859903757]},"properties":{"Trường Mầm Non, Mẫu Giáo":"Trường Mẫu giáo Lương Hòa A","Đơn vị quản lý":" Xã Song Lộc","Hiệu trưởng":"Lê Thị Mỹ Lệ","Điện thoại hiệu trưởng":"855484313","Loại hình":"Công lập","Quy mô":"Trường mẫu giáo","Đạt CQG (MĐ)":"Đạt chuẩn mức 1","Địa chỉ trường":"Số 62, ấp Hòa Lạc C, xã Song Lộc","Thư điện tử":"mgluonghoaa.songloc@vinhlong.gov.vn","Địa chỉ web trường":"http://mgluonghoaa.pgdhchauthanh.edu.vn/","Số điện thoại trường":"2943896154","layer_id":311,"fid":633,"label":"Trường Mẫu giáo Lương Hòa A"}},{"type":"Feature","geometry":{"type":"Point","coordinates":[106.309434,9.904775]},"properties":{"Trường Mầm Non, Mẫu Giáo":"Trường Mẫu giáo Hoa Sen","Đơn vị quản lý":" Xã Song Lộc","Hiệu trưởng":"Lê Thị Kiều Nương","Điện thoại hiệu trưởng":"377286366","Loại hình":"Công lập","Quy mô":"Trường mẫu giáo","Đạt CQG (MĐ)":null,"Địa chỉ trường":"Ấp Bình La, xã Song Lộc","Thư điện tử":"mghoasen.chauthanh@sgdtrravinh.edu.vn","Địa chỉ web trường":"mghoasen.pgdchauthanh.edu.vn","Số điện thoại trường":"2943798592","layer_id":311,"fid":634,"label":"Trường Mẫu giáo Hoa Sen"}},{"type":"Feature","geometry":{"type":"Point","coordinates":[106.267020367,9.896844081]},"properties":{"Trường Mầm Non, Mẫu Giáo":"Trường Mẫu giáo Song Lộc","Đơn vị quản lý":" Xã Song Lộc","Hiệu trưởng":"Diệp Thị Xuân Lan","Điện thoại hiệu trưởng":"916175127","Loại hình":"Công lập","Quy mô":"Trường mẫu giáo","Đạt CQG (MĐ)":null,"Địa chỉ trường":"Ấp Phú Lân, xã Song Lộc","Thư điện tử":"mgsongloc.songloc@vinhlong.gov.vn","Địa chỉ web trường":"mgsongloc.pgdhchauthanh.edu.vn","Số điện thoại trường":null,"layer_id":311,"fid":635,"label":"Trường Mẫu giáo Song Lộc"}},{"type":"Feature","geometry":{"type":"Point","coordinates":[106.348212,9.952743833]},"properties":{"Trường Mầm Non, Mẫu Giáo":"MẦM NON SƠN CA","Đơn vị quản lý":" Phường Hòa Thuận","Hiệu trưởng":"Nguyễn Thị Phương Thảo","Điện thoại hiệu trưởng":"988948373","Loại hình":"Công lập","Quy mô":"Trường mầm non","Đạt CQG (MĐ)":null,"Địa chỉ trường":"Đường Nhánh nhựa D5, Khóm 4, phường Hòa Thuận","Thư điện tử":"mgsonca.travinh@sgdtravinh.edu.vn","Địa chỉ web trường":null,"Số điện thoại trường":null,"layer_id":311,"fid":636,"label":"MẦM NON SƠN CA"}},{"type":"Feature","geometry":{"type":"Point","coordinates":[106.36131739,9.941383562]},"properties":{"Trường Mầm Non, Mẫu Giáo":"Trường Mẫu giáo Tuổi Hồng","Đơn vị quản lý":" Phường Hòa Thuận","Hiệu trưởng":"Trần Ngọc Tuyền","Điện thoại hiệu trưởng":"974268737","Loại hình":"Công lập","Quy mô":"Trường mẫu giáo","Đạt CQG (MĐ)":"Khóm Đầu Bờ, Phường Hòa Thuận","Địa chỉ trường":"mgtuoihong.chauthanh@sgdtravinh.edu.vn","Thư điện tử":"http:/mgtuoihong.pgdhchauthanh.edu.vn","Địa chỉ web trường":"2943844754","Số điện thoại trường":null,"layer_id":311,"fid":637,"label":"Trường Mẫu giáo Tuổi Hồng"}},{"type":"Feature","geometry":{"type":"Point","coordinates":[106.4252497,9.903859693]},"properties":{"Trường Mầm Non, Mẫu Giáo":"TRƯỜNG MẪU GIÁO HƯNG MỸ","Đơn vị quản lý":" Xã Hưng Mỹ","Hiệu trưởng":"Trần Thị Ngọc Hưởng","Điện thoại hiệu trưởng":"982756564","Loại hình":"Công lập","Quy mô":"Trường mẫu giáo","Đạt CQG (MĐ)":"Đạt chuẩn mức 1","Địa chỉ trường":"Ấp Đại Thôn, xã Hưng Mỹ","Thư điện tử":"mghungmy.hungmy@vinhlong.gov.vn","Địa chỉ web trường":"http://mghungmy.pgdhchauthanh.edu.vn","Số điện thoại trường":"0294.3599.090","layer_id":311,"fid":638,"label":"TRƯỜNG MẪU GIÁO HƯNG MỸ"}},{"type":"Feature","geometry":{"type":"Point","coordinates":[106.3790025,9.910688152]},"properties":{"Trường Mầm Non, Mẫu Giáo":"Trường Mẫu giáo Hòa Lợi","Đơn vị quản lý":" Xã Hưng Mỹ","Hiệu trưởng":null,"Điện thoại hiệu trưởng":null,"Loại hình":"Công lập","Quy mô":"Trường mẫu giáo","Đạt CQG (MĐ)":null,"Địa chỉ trường":"Ấp Qui Nông A, xã Hưng Mỹ","Thư điện tử":"mghoaloi.chauthanh@sgdtravinh.edu.vn","Địa chỉ web trường":"mghoaloi.pgdhchauthanh.edu.vn","Số điện thoại trường":"2943.790076","layer_id":311,"fid":639,"label":"Trường Mẫu giáo Hòa Lợi"}},{"type":"Feature","geometry":{"type":"Point","coordinates":[106.397267267,9.884035437]},"properties":{"Trường Mầm Non, Mẫu Giáo":"Trường Mẫu Giáo Sơn Ca","Đơn vị quản lý":" Xã Hưng Mỹ","Hiệu trưởng":null,"Điện thoại hiệu trưởng":"933194995","Loại hình":"Công lập","Quy mô":"Trường mẫu giáo","Đạt CQG (MĐ)":"Đạt chuẩn mức 1","Địa chỉ trường":"ấp Phước Hảo, xã Hưng Mỹ ","Thư điện tử":"mgsonca.chauthanh@sgdtravinh.edu.vn","Địa chỉ web trường":"http://mgsonca.pgdhchauthanh.edu.vn/","Số điện thoại trường":"933194995","layer_id":311,"fid":640,"label":"Trường Mẫu Giáo Sơn Ca"}},{"type":"Feature","geometry":{"type":"Point","coordinates":[106.457343,9.916785]},"properties":{"Trường Mầm Non, Mẫu Giáo":"Trường Mẫu giáo Hòa Minh","Đơn vị quản lý":" Xã Hòa Minh","Hiệu trưởng":"Lê Thị Trơn","Điện thoại hiệu trưởng":"982773758","Loại hình":"Công lập","Quy mô":"Trường mẫu giáo","Đạt CQG (MĐ)":"Đạt chuẩn mức 1","Địa chỉ trường":"Ấp Bà Liêm, xã Hòa Minh","Thư điện tử":"mghoaminh.chauthanh@sgdtravinh.edu.vn","Địa chỉ web trường":"mghoaminh.pgdhchauthanh.edu.vn","Số điện thoại trường":"2943899568","layer_id":311,"fid":641,"label":"Trường Mẫu giáo Hòa Minh"}},{"type":"Feature","geometry":{"type":"Point","coordinates":[106.505130013,9.874959455]},"properties":{"Trường Mầm Non, Mẫu Giáo":"Trường Mầm non Long Hòa","Đơn vị quản lý":" Xã Long Hòa","Hiệu trưởng":"NGUYỄN THỊ HỒNG SANG","Điện thoại hiệu trưởng":"939740090","Loại hình":"Công lập","Quy mô":"Trường mầm non","Đạt CQG (MĐ)":null,"Địa chỉ trường":"Ấp Rạch Ngựa, xã Long Hoà","Thư điện tử":"mglonghoa.chauthanh@sgdtravinh.edu.vn","Địa chỉ web trường":"mnlonghoa.pgdhchauthanh.edu.vn","Số điện thoại trường":"2943799776","layer_id":311,"fid":642,"label":"Trường Mầm non Long Hòa"}},{"type":"Feature","geometry":{"type":"Point","coordinates":[106.468703278,9.802316599]},"properties":{"Trường Mầm Non, Mẫu Giáo":"Trường Mẫu giáo Mỹ Hòa","Đơn vị quản lý":" Xã Cầu Ngang","Hiệu trưởng":"Nguyễn Thị Xuyên","Điện thoại hiệu trưởng":"386438591","Loại hình":"Công lập","Quy mô":"Trường mẫu giáo","Đạt CQG (MĐ)":"Đạt chuẩn mức 1","Địa chỉ trường":"Ấp Hòa Hưng, xã Cầu Ngang","Thư điện tử":"mgmyhoa.caungang@vinhlong.gov.vn","Địa chỉ web trường":"https://mgmyhoa.web.vnedu.vn/","Số điện thoại trường":"392364112","layer_id":311,"fid":643,"label":"Trường Mẫu giáo Mỹ Hòa"}},{"type":"Feature","geometry":{"type":"Point","coordinates":[106.448535709,9.781552248]},"properties":{"Trường Mầm Non, Mẫu Giáo":"Trường Mẫu giáo Thuận Hòa","Đơn vị quản lý":" Xã Cầu Ngang","Hiệu trưởng":"Đỗ Thị Miền","Điện thoại hiệu trưởng":"832700123","Loại hình":"Công lập","Quy mô":"Trường mẫu giáo","Đạt CQG (MĐ)":null,"Địa chỉ trường":"Ấp Nô Công, xã Cầu Ngang","Thư điện tử":"maugiaothuanhoa3737gmail.com","Địa chỉ web trường":null,"Số điện thoại trường":null,"layer_id":311,"fid":644,"label":"Trường Mẫu giáo Thuận Hòa"}},{"type":"Feature","geometry":{"type":"Point","coordinates":[106.451464,9.793403]},"properties":{"Trường Mầm Non, Mẫu Giáo":"Trường Mầm non Cầu Ngang","Đơn vị quản lý":" Xã Cầu Ngang","Hiệu trưởng":"LÊ THỊ KIM PHA","Điện thoại hiệu trưởng":"365555097","Loại hình":"Công lập","Quy mô":"Trường mầm non","Đạt CQG (MĐ)":null,"Địa chỉ trường":"Ấp Minh Thuận A, xã Cầu Ngang","Thư điện tử":"mn.ttcaungang@gmail.com","Địa chỉ web trường":"https://mncaungang.web.vnedu.vn","Số điện thoại trường":"365555097","layer_id":311,"fid":645,"label":"Trường Mầm non Cầu Ngang"}},{"type":"Feature","geometry":{"type":"Point","coordinates":[106.47321,9.829010703]},"properties":{"Trường Mầm Non, Mẫu Giáo":"Trường Mầm non Mỹ Long Bắc","Đơn vị quản lý":" Xã Mỹ Long","Hiệu trưởng":null,"Điện thoại hiệu trưởng":"916405505","Loại hình":"Công lập","Quy mô":"Trường mẫu giáo","Đạt CQG (MĐ)":"Đạt chuẩn mức 1","Địa chỉ trường":"Ấp Nhứt A, xã Mỹ Long","Thư điện tử":"mnmylongbacvinhlong@gmail.com","Địa chỉ web trường":"https://mnmylongbac.web.vnedu.vn/","Số điện thoại trường":null,"layer_id":311,"fid":646,"label":"Trường Mầm non Mỹ Long Bắc"}},{"type":"Feature","geometry":{"type":"Point","coordinates":[106.520859036,9.752337471]},"properties":{"Trường Mầm Non, Mẫu Giáo":"Trường Mầm non Mỹ Long Nam","Đơn vị quản lý":" Xã Mỹ Long","Hiệu trưởng":"Đào Thị Thanh Nguyên","Điện thoại hiệu trưởng":"336778774","Loại hình":"Công lập","Quy mô":"Trường mẫu giáo","Đạt CQG (MĐ)":null,"Địa chỉ trường":"Ấp Ba, xã Mỹ Long","Thư điện tử":"mg. Mylongnam@gmail. Com","Địa chỉ web trường":null,"Số điện thoại trường":"336778774","layer_id":311,"fid":647,"label":"Trường Mầm non Mỹ Long Nam"}},{"type":"Feature","geometry":{"type":"Point","coordinates":[106.521150284,9.752909402]},"properties":{"Trường Mầm Non, Mẫu Giáo":"Trường Mầm non Mỹ Long","Đơn vị quản lý":" Xã Mỹ Long","Hiệu trưởng":"PHẠM THỊ KIỀU THOA","Điện thoại hiệu trưởng":"387993270","Loại hình":"Công lập","Quy mô":"Trường mẫu giáo","Đạt CQG (MĐ)":"Đạt chuẩn mức 1","Địa chỉ trường":"Ấp I, xã Mỹ Long","Thư điện tử":"mnmylong.mylong@vinhlong.gov.vn","Địa chỉ web trường":"https://mnmylong.web.vnedu.vn/","Số điện thoại trường":null,"layer_id":311,"fid":648,"label":"Trường Mầm non Mỹ Long"}},{"type":"Feature","geometry":{"type":"Point","coordinates":[106.254160273,10.310641608]},"properties":{"Trường Mầm Non, Mẫu Giáo":"Trường Mẫu giáo Vinh Kim","Đơn vị quản lý":" Xã Vinh Kim","Hiệu trưởng":"NGUYỄN THỊ LOAN","Điện thoại hiệu trưởng":"379415376","Loại hình":"Công lập","Quy mô":"Trường mẫu giáo","Đạt CQG (MĐ)":null,"Địa chỉ trường":"Ấp Vinh Cửu, xã Vinh Kim","Thư điện tử":"maugiaovinhkim@gmail.com","Địa chỉ web trường":"https://maugiaovinhkim.pgdcaungang.edu.vn","Số điện thoại trường":"379415376","layer_id":311,"fid":649,"label":"Trường Mẫu giáo Vinh Kim"}},{"type":"Feature","geometry":{"type":"Point","coordinates":[106.450946194,9.85286089]},"properties":{"Trường Mầm Non, Mẫu Giáo":"MẪU GIÁO TUỔI THƠ","Đơn vị quản lý":" Xã Vinh Kim","Hiệu trưởng":"Lâm Thị Tuyết Hạnh","Điện thoại hiệu trưởng":"907000862","Loại hình":"Công lập","Quy mô":"Trường mẫu giáo","Đạt CQG (MĐ)":"Đạt chuẩn mức 1","Địa chỉ trường":"Ấp Chà Và, xã Vinh Kim","Thư điện tử":"tuoithovk@gmail.com","Địa chỉ web trường":"https://mgtuoitho.web.vnedu.vn/","Số điện thoại trường":"369770759","layer_id":311,"fid":650,"label":"MẪU GIÁO TUỔI THƠ"}},{"type":"Feature","geometry":{"type":"Point","coordinates":[106.4090312,9.815218444]},"properties":{"Trường Mầm Non, Mẫu Giáo":"Trường Mầm non Kim Hòa","Đơn vị quản lý":" Xã Vinh Kim","Hiệu trưởng":"Phạm Thị Diễm Thu","Điện thoại hiệu trưởng":"354334500","Loại hình":"Công lập","Quy mô":"Trường mầm non","Đạt CQG (MĐ)":"Đạt chuẩn mức 1","Địa chỉ trường":"Ấp Kim Hoà, xã Vinh Kim","Thư điện tử":"mnkimhoa.vinhkim@vinhlong.gov.vn","Địa chỉ web trường":"https://mnkimhoa.web.vnedu.vn/","Số điện thoại trường":"354334500","layer_id":311,"fid":651,"label":"Trường Mầm non Kim Hòa"}},{"type":"Feature","geometry":{"type":"Point","coordinates":[106.327032456,9.72748104]},"properties":{"Trường Mầm Non, Mẫu Giáo":"MẪU GIÁO HIỆP HÒA","Đơn vị quản lý":" Xã Nhị Trường","Hiệu trưởng":"Nguyễn Thị Hạnh Dung","Điện thoại hiệu trưởng":"987938664","Loại hình":"Công lập","Quy mô":"Trường mẫu giáo","Đạt CQG (MĐ)":null,"Địa chỉ trường":"Ấp Sóc Xoài, xã Nhị Trường ","Thư điện tử":"maugiaohiephoa@gmail.com","Địa chỉ web trường":"http://mghiephoa,web,vnedu.vn","Số điện thoại trường":null,"layer_id":311,"fid":652,"label":"MẪU GIÁO HIỆP HÒA"}},{"type":"Feature","geometry":{"type":"Point","coordinates":[106.388683621,9.756713658]},"properties":{"Trường Mầm Non, Mẫu Giáo":"Trường Mẫu giáo Nhị Trường","Đơn vị quản lý":" Xã Nhị Trường","Hiệu trưởng":null,"Điện thoại hiệu trưởng":null,"Loại hình":"Công lập","Quy mô":"Trường mẫu giáo","Đạt CQG (MĐ)":"Đạt chuẩn mức 1","Địa chỉ trường":"Ấp Nô Lựa A, xã Nhị Trường","Thư điện tử":"mgnhitruong@gmail.com","Địa chỉ web trường":"https://mgnhitruong.web.vnedu.vn/","Số điện thoại trường":"973332624","layer_id":311,"fid":653,"label":"Trường Mẫu giáo Nhị Trường"}},{"type":"Feature","geometry":{"type":"Point","coordinates":[106.3610458,9.781129617]},"properties":{"Trường Mầm Non, Mẫu Giáo":"Trường Mẫu giáo Trường Thọ","Đơn vị quản lý":" Xã Nhị Trường","Hiệu trưởng":null,"Điện thoại hiệu trưởng":null,"Loại hình":"Công lập","Quy mô":"Trường mẫu giáo","Đạt CQG (MĐ)":null,"Địa chỉ trường":"Ấp Chông Văn, xã Nhị Trường","Thư điện tử":"mg.truongtho@gmail.com","Địa chỉ web trường":"https://mgtruongtho.web.vnedu.vn/","Số điện thoại trường":"2943720000","layer_id":311,"fid":654,"label":"Trường Mẫu giáo Trường Thọ"}},{"type":"Feature","geometry":{"type":"Point","coordinates":[106.439805,9.749657]},"properties":{"Trường Mầm Non, Mẫu Giáo":"Trường Mẫu giáo Long Sơn","Đơn vị quản lý":" Xã Hiệp Mỹ","Hiệu trưởng":null,"Điện thoại hiệu trưởng":"972878790","Loại hình":"Công lập","Quy mô":"Trường mẫu giáo","Đạt CQG (MĐ)":"Đạt chuẩn mức 1","Địa chỉ trường":"Ấp Sơn Lang xã Hiệp Mỹ ","Thư điện tử":"maugiaolongson@gmail.com ","Địa chỉ web trường":null,"Số điện thoại trường":"358670836","layer_id":311,"fid":655,"label":"Trường Mẫu giáo Long Sơn"}},{"type":"Feature","geometry":{"type":"Point","coordinates":[106.477817152,9.732391381]},"properties":{"Trường Mầm Non, Mẫu Giáo":"Trường Mẫu giáo Hiệp Mỹ Tây","Đơn vị quản lý":" Xã Hiệp Mỹ","Hiệu trưởng":null,"Điện thoại hiệu trưởng":"972878790","Loại hình":"Công lập","Quy mô":"Trường mẫu giáo","Đạt CQG (MĐ)":"Đạt chuẩn mức 1","Địa chỉ trường":"Ấp Chợ xã Hiệp Mỹ ","Thư điện tử":"mghiepmytay2@gmail.com","Địa chỉ web trường":"https://mghiepmytay.web.vnedu.vn/","Số điện thoại trường":"294.2214834","layer_id":311,"fid":656,"label":"Trường Mẫu giáo Hiệp Mỹ Tây"}},{"type":"Feature","geometry":{"type":"Point","coordinates":[106.500298296,9.734566455]},"properties":{"Trường Mầm Non, Mẫu Giáo":"Trường Mẫu giáo Hiệp Mỹ Đông","Đơn vị quản lý":" Xã Hiệp Mỹ","Hiệu trưởng":"Dương Thị Huỳnh Như","Điện thoại hiệu trưởng":"366525058","Loại hình":"Công lập","Quy mô":"Trường mẫu giáo","Đạt CQG (MĐ)":"Đạt chuẩn mức 1","Địa chỉ trường":"Ấp Cái Già, xã Hiệp Mỹ","Thư điện tử":"maugiaohiepmydong@gmail.com","Địa chỉ web trường":"http://maugiaohiepmydong.pgdcaungang.edu.vn/","Số điện thoại trường":"270273886","layer_id":311,"fid":657,"label":"Trường Mẫu giáo Hiệp Mỹ Đông"}},{"type":"Feature","geometry":{"type":"Point","coordinates":[106.258401827,9.703585518]},"properties":{"Trường Mầm Non, Mẫu Giáo":"Trường Mầm non Ngãi Xuyên","Đơn vị quản lý":" Xã Trà Cú","Hiệu trưởng":"TẢI THỊ THẮM","Điện thoại hiệu trưởng":"946487656","Loại hình":"Công lập","Quy mô":"Trường mầm non","Đạt CQG (MĐ)":"Đạt chuẩn mức 1","Địa chỉ trường":"Ấp Xoài Thum, xã Trà Cú","Thư điện tử":"mnngaixuyen@vinhlong.gov.vn","Địa chỉ web trường":"Không có","Số điện thoại trường":"2943525779","layer_id":311,"fid":658,"label":"Trường Mầm non Ngãi Xuyên"}},{"type":"Feature","geometry":{"type":"Point","coordinates":[106.2884948,9.685872792]},"properties":{"Trường Mầm Non, Mẫu Giáo":"Trường Mẫu giáo Thanh Sơn","Đơn vị quản lý":" Xã Trà Cú","Hiệu trưởng":"NGÔ THỊ THANH NỮ","Điện thoại hiệu trưởng":"355455246","Loại hình":"Công lập","Quy mô":"Trường mẫu giáo","Đạt CQG (MĐ)":null,"Địa chỉ trường":"Ấp Ba Tục B, xã Trà Cú","Thư điện tử":"mgthanhson.tracu@vinhlong.gov.vn","Địa chỉ web trường":"Không có","Số điện thoại trường":"035 5455246","layer_id":311,"fid":659,"label":"Trường Mẫu giáo Thanh Sơn"}},{"type":"Feature","geometry":{"type":"Point","coordinates":[106.264104,9.680236]},"properties":{"Trường Mầm Non, Mẫu Giáo":"Trường Mầm non Trà Cú","Đơn vị quản lý":" Xã Trà Cú","Hiệu trưởng":"Kim Thị Mỹ Thuận","Điện thoại hiệu trưởng":"355926710","Loại hình":"Công lập","Quy mô":"Trường mầm non","Đạt CQG (MĐ)":"Đạt chuẩn mức 1","Địa chỉ trường":"Ấp 1, xã Trà Cú, tỉnh Vĩnh Long","Thư điện tử":"mntracu.tracu@vinhlong.gov.vn","Địa chỉ web trường":"http://mnthitrantracu.pgdtracu.edu.vn/","Số điện thoại trường":"2943875875","layer_id":311,"fid":660,"label":"Trường Mầm non Trà Cú"}},{"type":"Feature","geometry":{"type":"Point","coordinates":[106.26391,9.737784]},"properties":{"Trường Mầm Non, Mẫu Giáo":"Trường Mầm non Tập Sơn","Đơn vị quản lý":" Xã Tập Sơn","Hiệu trưởng":"Trầm Trúc Nga","Điện thoại hiệu trưởng":"985807626","Loại hình":"Công lập","Quy mô":"Trường mầm non","Đạt CQG (MĐ)":"Đạt chuẩn mức 1","Địa chỉ trường":"Ấp Đông Sơn, xã Tập Sơn","Thư điện tử":"\tmntapson.tapson@vinhlong.gov.vn","Địa chỉ web trường":"không có","Số điện thoại trường":"2943879571","layer_id":311,"fid":661,"label":"Trường Mầm non Tập Sơn"}},{"type":"Feature","geometry":{"type":"Point","coordinates":[106.316928826,9.805319486]},"properties":{"Trường Mầm Non, Mẫu Giáo":"Trường Mầm non Phước Hưng","Đơn vị quản lý":" Xã Tập Sơn","Hiệu trưởng":"Kim Thị Sưa","Điện thoại hiệu trưởng":"939228755","Loại hình":"Công lập","Quy mô":"Trường mầm non","Đạt CQG (MĐ)":"Đạt chuẩn mức 1","Địa chỉ trường":"Ấp Bến Chùa, xã Tập Sơn","Thư điện tử":"mgphuochung.tracu@sgdtravinh.edu.vn","Địa chỉ web trường":"https://mnphuochung.web.vnedu.vn/","Số điện thoại trường":"939228755","layer_id":311,"fid":662,"label":"Trường Mầm non Phước Hưng"}},{"type":"Feature","geometry":{"type":"Point","coordinates":[106.244158,9.739491009]},"properties":{"Trường Mầm Non, Mẫu Giáo":"Trường Mầm non Tân Sơn","Đơn vị quản lý":" Xã Tập Sơn","Hiệu trưởng":null,"Điện thoại hiệu trưởng":null,"Loại hình":"Công lập","Quy mô":"Trường mầm non","Đạt CQG (MĐ)":"Đạt chuẩn mức 1","Địa chỉ trường":"Ấp Thốt Nốt, xã Tập Sơn","Thư điện tử":"mgtanson.tracu@sgdtravinh.edu.vn","Địa chỉ web trường":"http://mgtanson.pgdtracu.edu.vn/","Số điện thoại trường":"không sử dụng","layer_id":311,"fid":663,"label":"Trường Mầm non Tân Sơn"}},{"type":"Feature","geometry":{"type":"Point","coordinates":[106.2293125,9.698890782]},"properties":{"Trường Mầm Non, Mẫu Giáo":"Trường Mầm non Lưu Nghiệp Anh","Đơn vị quản lý":" Xã Lưu Nghiệp Anh","Hiệu trưởng":"Hồng Thị Thơ","Điện thoại hiệu trưởng":"824262999","Loại hình":"Công lập","Quy mô":"Trường mầm non","Đạt CQG (MĐ)":"Đạt chuẩn mức 1","Địa chỉ trường":"Ấp Chợ, xã Lưu Nghiệp Anh","Thư điện tử":"mgluunghiepanh.tracu@sgdtravinh.edu.vn","Địa chỉ web trường":" https://edu.viettel.vn/vlg-mnluunghiepanh","Số điện thoại trường":"2943871296","layer_id":311,"fid":664,"label":"Trường Mầm non Lưu Nghiệp Anh"}},{"type":"Feature","geometry":{"type":"Point","coordinates":[106.183261,9.723479]},"properties":{"Trường Mầm Non, Mẫu Giáo":"Trường Mẫu giáo An Quảng Hữu","Đơn vị quản lý":" Xã Lưu Nghiệp Anh","Hiệu trưởng":"Dương Thị Thanh Nga","Điện thoại hiệu trưởng":"988346962","Loại hình":"Công lập","Quy mô":"Trường mẫu giáo","Đạt CQG (MĐ)":null,"Địa chỉ trường":"Ấp Sóc Tro Giữa, xã Lưu Nghiệp Anh","Thư điện tử":"mganquanghuu.tracu@sgdtravinh.edu.vn","Địa chỉ web trường":"http://mganquanghuu.vinhlong.edu.vn","Số điện thoại trường":"2943870825","layer_id":311,"fid":665,"label":"Trường Mẫu giáo An Quảng Hữu"}},{"type":"Feature","geometry":{"type":"Point","coordinates":[106.294468009,9.665596951]},"properties":{"Trường Mầm Non, Mẫu Giáo":"Trường Mẫu giáo Hàm Giang","Đơn vị quản lý":" Xã Hàm Giang","Hiệu trưởng":"Cam Thị Mỹ Linh","Điện thoại hiệu trưởng":null,"Loại hình":"Công lập","Quy mô":"Trường mẫu giáo","Đạt CQG (MĐ)":null,"Địa chỉ trường":"Ấp Nhuệ Tứ B, xã Hàm Giang","Thư điện tử":"mghamgiang.tracu@sgdtravinh.edu.vn","Địa chỉ web trường":"http://mamnonhamgiang.web.vnedu.vn/","Số điện thoại trường":"2943878206","layer_id":311,"fid":666,"label":"Trường Mẫu giáo Hàm Giang"}},{"type":"Feature","geometry":{"type":"Point","coordinates":[106.234057736,9.671531021]},"properties":{"Trường Mầm Non, Mẫu Giáo":"Trường Mẫu giáo Kim Sơn","Đơn vị quản lý":" Xã Hàm Giang","Hiệu trưởng":null,"Điện thoại hiệu trưởng":"367236090","Loại hình":"Công lập","Quy mô":"Trường mẫu giáo","Đạt CQG (MĐ)":"Đạt chuẩn mức 1","Địa chỉ trường":"Ấp Bãy Xào Dơi B, xã Hàm Giang","Thư điện tử":"mgkimson.tracu@sgdtravinh.edu.vn","Địa chỉ web trường":"https://mamnonkímson.web.vnedu.vn","Số điện thoại trường":"2943676465","layer_id":311,"fid":667,"label":"Trường Mẫu giáo Kim Sơn"}},{"type":"Feature","geometry":{"type":"Point","coordinates":[106.26111,9.654741828]},"properties":{"Trường Mầm Non, Mẫu Giáo":"Trường Mẫu giáo Hàm Tân","Đơn vị quản lý":" Xã Hàm Giang","Hiệu trưởng":"Trần Thị Yêm","Điện thoại hiệu trưởng":"394223881","Loại hình":"Công lập","Quy mô":"Trường mẫu giáo","Đạt CQG (MĐ)":null,"Địa chỉ trường":"Ấp Chợ Hàm Tân, xã Hàm Giang","Thư điện tử":"mghamtan.tracu@sgdtravinh.edu.vn","Địa chỉ web trường":"https://mamnonhamtan.web.vnedu.vn","Số điện thoại trường":"2943696206","layer_id":311,"fid":668,"label":"Trường Mẫu giáo Hàm Tân"}},{"type":"Feature","geometry":{"type":"Point","coordinates":[106.3019095,9.636166428]},"properties":{"Trường Mầm Non, Mẫu Giáo":"Trường Mầm non Đại An","Đơn vị quản lý":" Xã Đại An","Hiệu trưởng":"TRẦN THỊ PHƯỢNG","Điện thoại hiệu trưởng":"974034990","Loại hình":"Công lập","Quy mô":"Trường mẫu giáo","Đạt CQG (MĐ)":"Đạt chuẩn mức 1","Địa chỉ trường":"Ấp Mé Rạch E, Xã Đại An","Thư điện tử":"mndaian.daian@vinhlong.gov.vn","Địa chỉ web trường":"Không có","Số điện thoại trường":"2943609777","layer_id":311,"fid":669,"label":"Trường Mầm non Đại An"}},{"type":"Feature","geometry":{"type":"Point","coordinates":[106.2687027,9.625831769]},"properties":{"Trường Mầm Non, Mẫu Giáo":"Trường Mầm non Định An A","Đơn vị quản lý":" Xã Đại An","Hiệu trưởng":"Dương Thị Nhật","Điện thoại hiệu trưởng":"367981389","Loại hình":"Công lập","Quy mô":"Trường mầm non","Đạt CQG (MĐ)":null,"Địa chỉ trường":"Ấp Bến Chùa, xã Đại An","Thư điện tử":"mgthitrandinhan.tracu@sgdtravinh.edu.vn","Địa chỉ web trường":null,"Số điện thoại trường":"2943607999","layer_id":311,"fid":670,"label":"Trường Mầm non Định An A"}},{"type":"Feature","geometry":{"type":"Point","coordinates":[106.304697591,9.636003031]},"properties":{"Trường Mầm Non, Mẫu Giáo":"Trường Mầm non Định An B","Đơn vị quản lý":" Xã Đại An","Hiệu trưởng":"Thạch Thị DạThảo","Điện thoại hiệu trưởng":"386435612","Loại hình":"Công lập","Quy mô":"Trường mầm non","Đạt CQG (MĐ)":null,"Địa chỉ trường":"Ấp Vàm Bến Tranh, xã Đại An","Thư điện tử":"mgdinhan.tracu@sgdtravinh.edu.vn","Địa chỉ web trường":"Không có","Số điện thoại trường":"386435612","layer_id":311,"fid":671,"label":"Trường Mầm non Định An B"}},{"type":"Feature","geometry":{"type":"Point","coordinates":[106.259508115,9.713456308]},"properties":{"Trường Mầm Non, Mẫu Giáo":"Trường Mầm non Hướng Dương","Đơn vị quản lý":" Xã Đôn Châu","Hiệu trưởng":"Lâm Thị Trúc Mừng","Điện thoại hiệu trưởng":"988348380","Loại hình":"Công lập","Quy mô":"Trường mầm non","Đạt CQG (MĐ)":null,"Địa chỉ trường":"Ấp Cây Da, xã Đôn Châu","Thư điện tử":"mgdonxuan.duyenhai@sgdtravinh.edu.vn","Địa chỉ web trường":"mnhuongduongdonchau.vinhlong.edu.vn","Số điện thoại trường":"2943876227","layer_id":311,"fid":672,"label":"Trường Mầm non Hướng Dương"}},{"type":"Feature","geometry":{"type":"Point","coordinates":[106.380506894,9.656469559]},"properties":{"Trường Mầm Non, Mẫu Giáo":"Trường Mầm non Ánh Dương","Đơn vị quản lý":" Xã Đôn Châu","Hiệu trưởng":null,"Điện thoại hiệu trưởng":"366529022","Loại hình":"Công lập","Quy mô":"Trường mầm non","Đạt CQG (MĐ)":null,"Địa chỉ trường":"Ấp La Bang Chợ, xã Đôn Châu ","Thư điện tử":"mnanhduong.donchau@vinhlong.gov.vn","Địa chỉ web trường":null,"Số điện thoại trường":"366529022","layer_id":311,"fid":673,"label":"Trường Mầm non Ánh Dương"}},{"type":"Feature","geometry":{"type":"Point","coordinates":[106.3403837,9.717902153]},"properties":{"Trường Mầm Non, Mẫu Giáo":"Trường Mầm non Long Hiệp","Đơn vị quản lý":" Xã Long Hiệp","Hiệu trưởng":"ĐỖ THỊ HUẾ THANH","Điện thoại hiệu trưởng":"367980474","Loại hình":"Công lập","Quy mô":"Trường mầm non","Đạt CQG (MĐ)":null,"Địa chỉ trường":"Ấp chợ, xã Long Hiệp","Thư điện tử":"mglonghiep.tracu@sgdtravinh.edu.vn","Địa chỉ web trường":"Không có","Số điện thoại trường":"2943671361","layer_id":311,"fid":674,"label":"Trường Mầm non Long Hiệp"}},{"type":"Feature","geometry":{"type":"Point","coordinates":[106.364724954,9.699279685]},"properties":{"Trường Mầm Non, Mẫu Giáo":"Trường Mầm non Ngọc Biên","Đơn vị quản lý":" Xã Long Hiệp","Hiệu trưởng":"Nguyễn Thị Huỳnh Trân","Điện thoại hiệu trưởng":"343793162","Loại hình":"Công lập","Quy mô":"Trường mầm non","Đạt CQG (MĐ)":null,"Địa chỉ trường":"Ấp Rạch Bót, xã Long Hiệp","Thư điện tử":"mnngocbien.longhiep@vinhlong.gov.vn","Địa chỉ web trường":"https://sites.google.com/view/truongmamnonngocbien/trang-ch%E1%BB%A8","Số điện thoại trường":"2943297859","layer_id":311,"fid":675,"label":"Trường Mầm non Ngọc Biên"}},{"type":"Feature","geometry":{"type":"Point","coordinates":[106.327091936,9.726731513]},"properties":{"Trường Mầm Non, Mẫu Giáo":"Trường Mầm non Tân Hiệp","Đơn vị quản lý":" Xã Long Hiệp","Hiệu trưởng":"Thạch Thị Dân","Điện thoại hiệu trưởng":"395574325","Loại hình":"Công lập","Quy mô":"Trường mầm non","Đạt CQG (MĐ)":"Đạt chuẩn mức 1","Địa chỉ trường":"Ấp Ba Trạch A, xã Long Hiệp","Thư điện tử":"mgtanhiep.tracu@sgdtravinh.edu.vn","Địa chỉ web trường":"Không có","Số điện thoại trường":"2943675261","layer_id":311,"fid":676,"label":"Trường Mầm non Tân Hiệp"}},{"type":"Feature","geometry":{"type":"Point","coordinates":[106.520496,9.598526]},"properties":{"Trường Mầm Non, Mẫu Giáo":"MẪU GIÁO TUỔI XANH","Đơn vị quản lý":" Phường Duyên Hải","Hiệu trưởng":"Hàn Thị Hồng Kha","Điện thoại hiệu trưởng":"974283133","Loại hình":"Công lập","Quy mô":"Trường mầm non","Đạt CQG (MĐ)":"Đạt chuẩn mức 1","Địa chỉ trường":"Ấp Láng Cháo, phường Duyên Hải","Thư điện tử":"mgdanthanh.duyenhai@sgdtravinh.edu.vn","Địa chỉ web trường":"http://mgtuoixanh.pgddttxduyenhai.edu.vn/","Số điện thoại trường":"2943923157","layer_id":311,"fid":677,"label":"MẪU GIÁO TUỔI XANH"}},{"type":"Feature","geometry":{"type":"Point","coordinates":[106.475046094,9.620054494]},"properties":{"Trường Mầm Non, Mẫu Giáo":"Trường Mẫu giáo Sen Hồng","Đơn vị quản lý":" Phường Duyên Hải","Hiệu trưởng":"Hà Thị Tuyết Măng","Điện thoại hiệu trưởng":"918687492","Loại hình":"Công lập","Quy mô":"Trường mẫu giáo","Đạt CQG (MĐ)":null,"Địa chỉ trường":"Khóm Bào Sen, phường Duyên Hải","Thư điện tử":"mglongtoan.duyenhai@sgdtravinh.edu.vn","Địa chỉ web trường":"http://mgsenhong.pgddttxduyenhai.edu.vn","Số điện thoại trường":"2943732213","layer_id":311,"fid":678,"label":"Trường Mẫu giáo Sen Hồng"}},{"type":"Feature","geometry":{"type":"Point","coordinates":[106.497731065,9.635261328]},"properties":{"Trường Mầm Non, Mẫu Giáo":"Trường Mầm non Tuổi Ngọc","Đơn vị quản lý":" Phường Duyên Hải","Hiệu trưởng":"Lê Phương Thúy","Điện thoại hiệu trưởng":"977717864","Loại hình":"Công lập","Quy mô":"Trường mầm non","Đạt CQG (MĐ)":"Đạt chuẩn mức 1","Địa chỉ trường":"Khóm 1, phường Duyên Hải","Thư điện tử":"mnthitranduyenhai.duyenhai@sgdtravinh.edu.vn","Địa chỉ web trường":"http://mntuoingoc.pgddttxduyenhai.edu.vn","Số điện thoại trường":"2942217111","layer_id":311,"fid":679,"label":"Trường Mầm non Tuổi Ngọc"}},{"type":"Feature","geometry":{"type":"Point","coordinates":[106.446106649,9.612989112]},"properties":{"Trường Mầm Non, Mẫu Giáo":"Mầm Non Tuổi Thơ","Đơn vị quản lý":" Xã Long Thành","Hiệu trưởng":null,"Điện thoại hiệu trưởng":null,"Loại hình":"Công lập","Quy mô":"Trường mầm non","Đạt CQG (MĐ)":"Đạt chuẩn mức 1","Địa chỉ trường":"Ấp 3, xã Long Thành","Thư điện tử":"mglongthanh.duyenhai@sgdtravinh.edu.vn","Địa chỉ web trường":"https://mntuoithodh.web.vnedu.vn/","Số điện thoại trường":"2702222722","layer_id":311,"fid":680,"label":"Mầm Non Tuổi Thơ"}},{"type":"Feature","geometry":{"type":"Point","coordinates":[106.497980999,9.635511638]},"properties":{"Trường Mầm Non, Mẫu Giáo":"Trường Mần non Tuổi Hồng","Đơn vị quản lý":" Xã Long Thành","Hiệu trưởng":null,"Điện thoại hiệu trưởng":"393207299","Loại hình":"Công lập","Quy mô":"Trường mầm non","Đạt CQG (MĐ)":null,"Địa chỉ trường":"Ấp Cái Đôi, xã Long Thành","Thư điện tử":"mglongkhanh.duyenhai@sgdtravinh.edu.vn","Địa chỉ web trường":"không có","Số điện thoại trường":"2942468899","layer_id":311,"fid":681,"label":"Trường Mần non Tuổi Hồng"}},{"type":"Feature","geometry":{"type":"Point","coordinates":[106.565225636,9.636505972]},"properties":{"Trường Mầm Non, Mẫu Giáo":"Trường Mẫu giáo Ánh Dương","Đơn vị quản lý":" Phường Trường Long Hòa","Hiệu trưởng":"VÕ THỊ DIỆU LINH","Điện thoại hiệu trưởng":"985614847","Loại hình":"Công lập","Quy mô":"Trường mẫu giáo","Đạt CQG (MĐ)":"Đạt chuẩn mức 1","Địa chỉ trường":"Ấp Khoán Tiều, phường Trường Long Hòa","Thư điện tử":"mgtruonglonghoa.duyenhai@sgdtravinh.edu.vn","Địa chỉ web trường":"http://mganhduong.pgddttxduyenhai.edu.vn/","Số điện thoại trường":null,"layer_id":311,"fid":682,"label":"Trường Mẫu giáo Ánh Dương"}},{"type":"Feature","geometry":{"type":"Point","coordinates":[106.517488938,9.681409303]},"properties":{"Trường Mầm Non, Mẫu Giáo":"Trường Mẫu giáo Sơn Ca","Đơn vị quản lý":" Phường Trường Long Hòa","Hiệu trưởng":null,"Điện thoại hiệu trưởng":"348254910","Loại hình":"Công lập","Quy mô":"Trường mẫu giáo","Đạt CQG (MĐ)":null,"Địa chỉ trường":"Khóm 30/4, phường Trường Long Hòa","Thư điện tử":"mgphuong2.txduyenhai@sgdtravinh.edu.vn","Địa chỉ web trường":"http://mgsonca.pgddttxduyenhai.edu.vn/","Số điện thoại trường":"2943736345","layer_id":311,"fid":683,"label":"Trường Mẫu giáo Sơn Ca"}},{"type":"Feature","geometry":{"type":"Point","coordinates":[106.4869245,9.680072556]},"properties":{"Trường Mầm Non, Mẫu Giáo":"Trường Mẫu giáo Họa Mi","Đơn vị quản lý":" Xã Long Hữu","Hiệu trưởng":"Nguyễn Thị Hồng Cẩm","Điện thoại hiệu trưởng":"987453008","Loại hình":"Công lập","Quy mô":"Trường mẫu giáo","Đạt CQG (MĐ)":"Đạt chuẩn mức 1","Địa chỉ trường":"Ấp 17, xã Long Hữu","Thư điện tử":"mglonghuu.duyenhai@sgdtravinh.edu.vn","Địa chỉ web trường":"http://mghoami.pgddttxduyenhai.edu.vn/","Số điện thoại trường":"2943736195","layer_id":311,"fid":684,"label":"Trường Mẫu giáo Họa Mi"}},{"type":"Feature","geometry":{"type":"Point","coordinates":[106.560067767,9.744560036]},"properties":{"Trường Mầm Non, Mẫu Giáo":"Trường Mẫu giáo Hướng Dương","Đơn vị quản lý":" Xã Long Hữu","Hiệu trưởng":"Dương Thị Phương","Điện thoại hiệu trưởng":"355339294","Loại hình":"Công lập","Quy mô":"Trường mẫu giáo","Đạt CQG (MĐ)":"Đạt chuẩn mức 1","Địa chỉ trường":"Ấp Bào, xã Long Hữu","Thư điện tử":"mghiepthanh.duyenhai@sgdtravinh.edu.vn","Địa chỉ web trường":"http://mghuongduong.pgddttxduyenhai.edu.vn/","Số điện thoại trường":"2943831018","layer_id":311,"fid":685,"label":"Trường Mẫu giáo Hướng Dương"}},{"type":"Feature","geometry":{"type":"Point","coordinates":[106.445103065,9.706505329]},"properties":{"Trường Mầm Non, Mẫu Giáo":"Trường Mầm Non Thạnh Hòa Sơn","Đơn vị quản lý":" Xã Ngũ Lạc","Hiệu trưởng":null,"Điện thoại hiệu trưởng":null,"Loại hình":"Công lập","Quy mô":"Trường mầm non","Đạt CQG (MĐ)":"Đạt chuẩn mức 1","Địa chỉ trường":"Ấp Cầu Vĩ, xã Ngũ Lạc","Thư điện tử":"Mnthachhoason.ngulac@vinhlong.gov.vn","Địa chỉ web trường":null,"Số điện thoại trường":"342862443","layer_id":311,"fid":686,"label":"Trường Mầm Non Thạnh Hòa Sơn"}},{"type":"Feature","geometry":{"type":"Point","coordinates":[106.430956,9.664001]},"properties":{"Trường Mầm Non, Mẫu Giáo":"Trường Mầm non Hoa Hồng","Đơn vị quản lý":" Xã Ngũ Lạc","Hiệu trưởng":"Nguyễn Thị Huỳnh Diệu","Điện thoại hiệu trưởng":"968076175","Loại hình":"Công lập","Quy mô":"Trường mầm non","Đạt CQG (MĐ)":null,"Địa chỉ trường":"Ấp Mé Láng, xã Ngũ Lạc","Thư điện tử":"mnhoahong.ngulac@vinhlong.gov.vn","Địa chỉ web trường":null,"Số điện thoại trường":"2943838294","layer_id":311,"fid":687,"label":"Trường Mầm non Hoa Hồng"}},{"type":"Feature","geometry":{"type":"Point","coordinates":[106.425885,9.679432]},"properties":{"Trường Mầm Non, Mẫu Giáo":"MẦM NON HOA MAI","Đơn vị quản lý":" Xã Ngũ Lạc","Hiệu trưởng":"Dương Thị Kim Huy","Điện thoại hiệu trưởng":"988687675","Loại hình":"Công lập","Quy mô":"Trường mầm non","Đạt CQG (MĐ)":null,"Địa chỉ trường":"Ấp Thốt Lốt, xã Ngũ Lạc ","Thư điện tử":"mnhoamai.ngulac@vinhlong.gov.vn","Địa chỉ web trường":null,"Số điện thoại trường":"2943838234","layer_id":311,"fid":688,"label":"MẦM NON HOA MAI"}},{"type":"Feature","geometry":{"type":"Point","coordinates":[106.36191905,9.602525376]},"properties":{"Trường Mầm Non, Mẫu Giáo":"Trường Mầm non Sen Hồng","Đơn vị quản lý":" Xã Long Vĩnh","Hiệu trưởng":null,"Điện thoại hiệu trưởng":"374998272","Loại hình":"Công lập","Quy mô":"Trường mầm non","Đạt CQG (MĐ)":null,"Địa chỉ trường":"Ấp Thốt Lốt, xã Long Vĩnh","Thư điện tử":"mglongvinh.duyenhai@sgdtravinh.edu.vn","Địa chỉ web trường":null,"Số điện thoại trường":"2943730017","layer_id":311,"fid":689,"label":"Trường Mầm non Sen Hồng"}},{"type":"Feature","geometry":{"type":"Point","coordinates":[106.436101092,9.554067095]},"properties":{"Trường Mầm Non, Mẫu Giáo":"Trường Mầm non Tuổi Ngọc","Đơn vị quản lý":" Xã Đông Hải ","Hiệu trưởng":null,"Điện thoại hiệu trưởng":null,"Loại hình":"Công lập","Quy mô":"Trường mầm non","Đạt CQG (MĐ)":null,"Địa chỉ trường":"Ấp Định An , xã Đông Hải ","Thư điện tử":"mgdonghai.duyenhai@sgdtravinh.edu.vn","Địa chỉ web trường":null,"Số điện thoại trường":"948213953","layer_id":311,"fid":690,"label":"Trường Mầm non Tuổi Ngọc"}},{"type":"Feature","geometry":{"type":"Point","coordinates":[105.9717114,10.25103009]},"properties":{"Trường Mầm Non, Mẫu Giáo":"Mầm non Huỳnh Kim Phụng","Đơn vị quản lý":" Phường Long Châu","Hiệu trưởng":"Trần Trương Thị Tú Trinh","Điện thoại hiệu trưởng":"782942711","Loại hình":"Công lập","Quy mô":"Trường mầm non","Đạt CQG (MĐ)":"Đạt chuẩn mức 1","Địa chỉ trường":"Số 116A, Đường Nguyễn Thị Minh Khai, phường Long Châu, tỉnh Vĩnh Long","Thư điện tử":"mnhuynhkimphung.longchau@vinhlong.gov.vn","Địa chỉ web trường":"https://c0huynhkimphung.vinhlong.edu.vn/","Số điện thoại trường":"2703822749","layer_id":311,"fid":691,"label":"Mầm non Huỳnh Kim Phụng"}},{"type":"Feature","geometry":{"type":"Point","coordinates":[105.9766997,10.25506153]},"properties":{"Trường Mầm Non, Mẫu Giáo":"Trường Mầm non Hoa Lan","Đơn vị quản lý":" Phường Long Châu","Hiệu trưởng":"Quan Thị Thùy Linh","Điện thoại hiệu trưởng":"919327345","Loại hình":"Công lập","Quy mô":"Trường mầm non","Đạt CQG (MĐ)":"Đạt chuẩn mức 1","Địa chỉ trường":"Số 55A đường 30/4, phường Long Châu, tỉnh Vĩnh Long ","Thư điện tử":"mnhoalan.longchau@vinhlong.gov.vn","Địa chỉ web trường":"http://c0hoalanthanhphovinhlong.vinhlong.edu.vn","Số điện thoại trường":"02703 822947","layer_id":311,"fid":692,"label":"Trường Mầm non Hoa Lan"}},{"type":"Feature","geometry":{"type":"Point","coordinates":[105.967393,10.25268957]},"properties":{"Trường Mầm Non, Mẫu Giáo":"Trường Mầm non Long Châu","Đơn vị quản lý":" Phường Long Châu","Hiệu trưởng":"Trần Thị Thạnh","Điện thoại hiệu trưởng":"359942399","Loại hình":"Công lập","Quy mô":"Trường mầm non","Đạt CQG (MĐ)":null,"Địa chỉ trường":"Số 55 đường Lê Thái Tổ, phường Long Châu","Thư điện tử":"mnlongchau.longchau@vinhlong.gov.vn","Địa chỉ web trường":"https://c0mamnonlongchau.vinhlong.edu.vn","Số điện thoại trường":"02703 863 076","layer_id":311,"fid":693,"label":"Trường Mầm non Long Châu"}},{"type":"Feature","geometry":{"type":"Point","coordinates":[105.942523944,10.25038831]},"properties":{"Trường Mầm Non, Mẫu Giáo":"Trường Mầm non Hoa Mặt Trời","Đơn vị quản lý":" Phường Long Châu","Hiệu trưởng":"Đặng Trương Ngọc Tuyến","Điện thoại hiệu trưởng":"774743734","Loại hình":"Công lập","Quy mô":"Trường mầm non","Đạt CQG (MĐ)":null,"Địa chỉ trường":"Số 109D đường Võ Văn Kiệt phường Long Châu","Thư điện tử":"mnhoamattroi.longchau@vinhlong.gov.vn","Địa chỉ web trường":"https://c0hoamattroi.vinhlong.edu.vn","Số điện thoại trường":"2703824467","layer_id":311,"fid":694,"label":"Trường Mầm non Hoa Mặt Trời"}},{"type":"Feature","geometry":{"type":"Point","coordinates":[105.934854,10.257406]},"properties":{"Trường Mầm Non, Mẫu Giáo":"Trường Mầm non Sơn Ca Trường An","Đơn vị quản lý":" Phường Long Châu","Hiệu trưởng":"Phan Thị Quế Hương","Điện thoại hiệu trưởng":"907100038","Loại hình":"Công lập","Quy mô":"Trường mầm non","Đạt CQG (MĐ)":"Đạt chuẩn mức 1","Địa chỉ trường":"Só 579, khóm Tân Quới Đông, phường Long Châu, tỉnh Vĩnh Long","Thư điện tử":"mnsoncatruongan.longchau@vinhlong.gov.vn","Địa chỉ web trường":"https://c0soncatruongan.vinhlong.edu.vn","Số điện thoại trường":"2706289838","layer_id":311,"fid":695,"label":"Trường Mầm non Sơn Ca Trường An"}},{"type":"Feature","geometry":{"type":"Point","coordinates":[105.958066452,10.25796171]},"properties":{"Trường Mầm Non, Mẫu Giáo":"Mầm non Thực hành Măng non","Đơn vị quản lý":" Phường Long Châu","Hiệu trưởng":"Võ Thị Hồng Phơi","Điện thoại hiệu trưởng":"901060037","Loại hình":"Công lập","Quy mô":"Trường mầm non","Đạt CQG (MĐ)":"Đạt chuẩn mức 1","Địa chỉ trường":"Số 200 đường phạm Hùng, Phường Long Châu","Thư điện tử":null,"Địa chỉ web trường":null,"Số điện thoại trường":null,"layer_id":311,"fid":696,"label":"Mầm non Thực hành Măng non"}},{"type":"Feature","geometry":{"type":"Point","coordinates":[105.98488,10.22949]},"properties":{"Trường Mầm Non, Mẫu Giáo":"Trường Mầm non Sao Mai","Đơn vị quản lý":" Phường Phước Hậu","Hiệu trưởng":"Trần Thị Lạc","Điện thoại hiệu trưởng":"336367979","Loại hình":"Công lập","Quy mô":"Trường mầm non","Đạt CQG (MĐ)":"Đạt chuẩn mức 1","Địa chỉ trường":"G1, đường Trần Phú, khóm 6, phường Phước Hậu, tỉnh Vĩnh Long","Thư điện tử":"mnsaomai.tpvl@vinhlong.edu.vn","Địa chỉ web trường":"c0saomaiphuong4.vinhlong.edu.vn","Số điện thoại trường":"2706292798","layer_id":311,"fid":697,"label":"Trường Mầm non Sao Mai"}},{"type":"Feature","geometry":{"type":"Point","coordinates":[105.965726,10.235234]},"properties":{"Trường Mầm Non, Mẫu Giáo":"Mầm non 3","Đơn vị quản lý":" Phường Phước Hậu","Hiệu trưởng":"Trịnh Thị Thủy","Điện thoại hiệu trưởng":"906943208","Loại hình":"Công lập","Quy mô":"Trường mầm non","Đạt CQG (MĐ)":null,"Địa chỉ trường":"Số 71, Mậu Thân, phường Phước Hậu, tỉnh Vĩnh Long.","Thư điện tử":"mamnon3.tpvl@vinhlong.edu.vn","Địa chỉ web trường":"https://c03phuong3.vinhlong.edu.vn/","Số điện thoại trường":"2706250192","layer_id":311,"fid":698,"label":"Mầm non 3"}},{"type":"Feature","geometry":{"type":"Point","coordinates":[105.9779486,10.2517157]},"properties":{"Trường Mầm Non, Mẫu Giáo":"Trường Mầm non 4","Đơn vị quản lý":" Phường Phước Hậu","Hiệu trưởng":null,"Điện thoại hiệu trưởng":null,"Loại hình":"Công lập","Quy mô":"Trường mầm non","Đạt CQG (MĐ)":null,"Địa chỉ trường":"Số 249/5, đường Phạm Thái Bường, phường Phước Hậu, tỉnh Vĩnh Long","Thư điện tử":"mamnon4.tpvl@vinhlong.edu.vn","Địa chỉ web trường":"https://c04phuong4.vinhlong.edu.vn","Số điện thoại trường":"2706271186","layer_id":311,"fid":699,"label":"Trường Mầm non 4"}},{"type":"Feature","geometry":{"type":"Point","coordinates":[105.968191,10.218617]},"properties":{"Trường Mầm Non, Mẫu Giáo":"Mầm Non Phước Hậu","Đơn vị quản lý":" Phường Phước Hậu","Hiệu trưởng":"Lương Thị Hồng Diễm","Điện thoại hiệu trưởng":"794982979","Loại hình":"Công lập","Quy mô":"Trường mầm non","Đạt CQG (MĐ)":"Đạt chuẩn mức 1","Địa chỉ trường":"Khóm Phước Hanh A, phường Phước Hậu, tỉnh Vĩnh Long","Thư điện tử":"mgphuochau.lh@vinhlong.edu.vn","Địa chỉ web trường":"https://c0hoamiphuochau.vinhlong.edu.vn","Số điện thoại trường":"2703963818","layer_id":311,"fid":700,"label":"Mầm Non Phước Hậu"}},{"type":"Feature","geometry":{"type":"Point","coordinates":[105.9249442,10.26533682]},"properties":{"Trường Mầm Non, Mẫu Giáo":"Mầm non Sơn Ca Tân Ngãi","Đơn vị quản lý":" Phường Tân Ngãi","Hiệu trưởng":"Nguyễn Thị Diệu Hiền","Điện thoại hiệu trưởng":"988360475","Loại hình":"Công lập","Quy mô":"Trường mầm non","Đạt CQG (MĐ)":"Đạt chuẩn mức 2","Địa chỉ trường":"Đường số 9ND- Khóm Vĩnh Hoà, Phường Tân Ngãi, Tỉnh Vĩnh Long","Thư điện tử":"mnsoncatanngai.tpvl@vinhlong.edu.vn","Địa chỉ web trường":"https://c0soncatanngai.vinhlong.edu.vn/","Số điện thoại trường":"2703815907","layer_id":311,"fid":701,"label":"Mầm non Sơn Ca Tân Ngãi"}},{"type":"Feature","geometry":{"type":"Point","coordinates":[105.9016988,10.26817897]},"properties":{"Trường Mầm Non, Mẫu Giáo":"Mầm non Tuổi Xanh 1","Đơn vị quản lý":" Phường Tân Ngãi","Hiệu trưởng":"Nguyễn Thị Kim Dung","Điện thoại hiệu trưởng":"939787183","Loại hình":"Công lập","Quy mô":"Trường mầm non","Đạt CQG (MĐ)":"Đạt chuẩn mức 1","Địa chỉ trường":"Khóm Tân Phú, Phường Tân Ngãi,Tỉnh Vĩnh Long","Thư điện tử":"mntuoixanh1.tpvl@vinhlong.edu.vn","Địa chỉ web trường":"https://c0tuoixanh1tanhoa.vinhlong.edu.vn/","Số điện thoại trường":"2702205111","layer_id":311,"fid":702,"label":"Mầm non Tuổi Xanh 1"}},{"type":"Feature","geometry":{"type":"Point","coordinates":[105.8963986,10.2689047]},"properties":{"Trường Mầm Non, Mẫu Giáo":"Mầm non Tuổi Xanh 2","Đơn vị quản lý":" Phường Tân Ngãi","Hiệu trưởng":"Trần Thị Thanh Hà","Điện thoại hiệu trưởng":"946464437","Loại hình":"Công lập","Quy mô":"Trường mầm non","Đạt CQG (MĐ)":"Đạt chuẩn mức 1","Địa chỉ trường":"Khóm Mỹ Thuận, Phường Tân Ngãi, tỉnh Vĩnh Long","Thư điện tử":"mntuoixanh2.tpvl@vinhlong.edu.vn","Địa chỉ web trường":"https://c0tuoixanh2tanhoi.vinhlong.edu.vn/","Số điện thoại trường":"2703815890","layer_id":311,"fid":703,"label":"Mầm non Tuổi Xanh 2"}},{"type":"Feature","geometry":{"type":"Point","coordinates":[105.966269,10.274048]},"properties":{"Trường Mầm Non, Mẫu Giáo":"Mầm non An Bình","Đơn vị quản lý":" Xã An Bình","Hiệu trưởng":"Trần Mộng Trúc","Điện thoại hiệu trưởng":"394896182","Loại hình":"Công lập","Quy mô":"Trường mầm non","Đạt CQG (MĐ)":null,"Địa chỉ trường":"Ấp An Thành, xã An Bình, tỉnh Vĩnh Long","Thư điện tử":"mganbinh.lh@vinhlong.edu.vn","Địa chỉ web trường":"http://c0anbinh.vinhlong.edu.vn","Số điện thoại trường":"2703950308","layer_id":311,"fid":704,"label":"Mầm non An Bình"}},{"type":"Feature","geometry":{"type":"Point","coordinates":[106.010784,10.279698]},"properties":{"Trường Mầm Non, Mẫu Giáo":"Mầm non Bình Hòa Phước","Đơn vị quản lý":" Xã An Bình","Hiệu trưởng":"Long Mỹ Dung","Điện thoại hiệu trưởng":"939117128","Loại hình":"Công lập","Quy mô":"Trường mầm non","Đạt CQG (MĐ)":null,"Địa chỉ trường":"ấp Bình Hòa 1, xã An Bình, tỉnh Vĩnh Long","Thư điện tử":"mgbinhhoaphuoc.lh@vinhlong.vn","Địa chỉ web trường":"https://c0binhhoaphuoc.vinhlong.edu.vm","Số điện thoại trường":"2703956553","layer_id":311,"fid":705,"label":"Mầm non Bình Hòa Phước"}},{"type":"Feature","geometry":{"type":"Point","coordinates":[105.9983277,10.3038524]},"properties":{"Trường Mầm Non, Mẫu Giáo":"Mầm non Đồng Phú","Đơn vị quản lý":" Xã An Bình","Hiệu trưởng":"Trần Thị Tuyết Mai","Điện thoại hiệu trưởng":"932918773","Loại hình":"Công lập","Quy mô":"Trường mầm non","Đạt CQG (MĐ)":null,"Địa chỉ trường":"ấp Phú Thạnh 1, xã An Bình, tỉnh Vĩnh Long ","Thư điện tử":"mgdongphu.lh@vinhlong.edu.vn","Địa chỉ web trường":"https://c0dongphu.vinhlong.edu.vn","Số điện thoại trường":"02703.952.598","layer_id":311,"fid":706,"label":"Mầm non Đồng Phú"}},{"type":"Feature","geometry":{"type":"Point","coordinates":[105.99245,10.282565]},"properties":{"Trường Mầm Non, Mẫu Giáo":"Mầm Non Hòa Ninh","Đơn vị quản lý":" Xã An Bình","Hiệu trưởng":"Đỗ Thị Bạch Duyên","Điện thoại hiệu trưởng":"939935178","Loại hình":"Công lập","Quy mô":"Trường mầm non","Đạt CQG (MĐ)":null,"Địa chỉ trường":"ấp Bình Thuận 1, xã An Bình, tỉnh Vĩnh Long","Thư điện tử":"mghoaninh.lh@vinhlong.edu.vn ","Địa chỉ web trường":"https://c0hoaninh.vinhlong.edu.vn","Số điện thoại trường":"02703.954.567","layer_id":311,"fid":707,"label":"Mầm Non Hòa Ninh"}},{"type":"Feature","geometry":{"type":"Point","coordinates":[105.9878975,10.24095958]},"properties":{"Trường Mầm Non, Mẫu Giáo":"Trường Mầm non 5","Đơn vị quản lý":" Phường Thanh Đức","Hiệu trưởng":null,"Điện thoại hiệu trưởng":"939572942","Loại hình":"Công lập","Quy mô":"Trường mầm non","Đạt CQG (MĐ)":"Đạt chuẩn mức 1","Địa chỉ trường":"Số 100, đường 8/3, phường Thanh Đức, tỉnh Vĩnh Long","Thư điện tử":"mamnon5.tpvl@vinhlong.edu.vn","Địa chỉ web trường":"c05phuong5.vinhlong.edu.vn","Số điện thoại trường":"2706292987","layer_id":311,"fid":708,"label":"Trường Mầm non 5"}},{"type":"Feature","geometry":{"type":"Point","coordinates":[106.015933,10.238543]},"properties":{"Trường Mầm Non, Mẫu Giáo":"Trường Mầm non Thanh Đức","Đơn vị quản lý":" Phường Thanh Đức","Hiệu trưởng":null,"Điện thoại hiệu trưởng":null,"Loại hình":"Công lập","Quy mô":"Trường mầm non","Đạt CQG (MĐ)":null,"Địa chỉ trường":"Khóm Cái Sơn Lớn, phường Thanh Đức","Thư điện tử":"mgthanhduc.lh@vinhlong.edu.vn","Địa chỉ web trường":"https://c0thanhduc.vinhlong.edu.vn/","Số điện thoại trường":"02703 964 484","layer_id":311,"fid":709,"label":"Trường Mầm non Thanh Đức"}},{"type":"Feature","geometry":{"type":"Point","coordinates":[105.947732,10.232264]},"properties":{"Trường Mầm Non, Mẫu Giáo":"Mầm non 8 Phường Tân Hạnh","Đơn vị quản lý":" Phường Tân Hạnh","Hiệu trưởng":"Võ Thị Kim Yến","Điện thoại hiệu trưởng":"916404848","Loại hình":"Công lập","Quy mô":"Trường mầm non","Đạt CQG (MĐ)":"Đạt chuẩn mức 1","Địa chỉ trường":"Số K1, Đinh Tiên Hoàng, Khóm 5, Phường Tân Hạnh, tỉnh Vĩnh Long","Thư điện tử":"mamnon8.tpvl@vinhlong.edu.vn","Địa chỉ web trường":"https://c08phuong8.vinhlong.edu.vn/","Số điện thoại trường":"02703 824326","layer_id":311,"fid":710,"label":"Mầm non 8 Phường Tân Hạnh"}},{"type":"Feature","geometry":{"type":"Point","coordinates":[105.9415399,10.19900846]},"properties":{"Trường Mầm Non, Mẫu Giáo":"Mầm non Tân Hạnh","Đơn vị quản lý":" Phường Tân Hạnh","Hiệu trưởng":"Võ Bích Quyên","Điện thoại hiệu trưởng":"984748464","Loại hình":"Công lập","Quy mô":"Trường mầm non","Đạt CQG (MĐ)":null,"Địa chỉ trường":"Khóm Tân An, Phường Tân Hạnh, tỉnh Vĩnh Long","Thư điện tử":"mntanhanh.lh@vinhlong.edu.vn","Địa chỉ web trường":"https://c0tanhanh.vinhlong.edu.vn/","Số điện thoại trường":null,"layer_id":311,"fid":711,"label":"Mầm non Tân Hạnh"}},{"type":"Feature","geometry":{"type":"Point","coordinates":[105.983299,10.178104]},"properties":{"Trường Mầm Non, Mẫu Giáo":"Trường Mầm non Phú Đức","Đơn vị quản lý":" Xã Long Hồ","Hiệu trưởng":null,"Điện thoại hiệu trưởng":null,"Loại hình":"Công lập","Quy mô":"Trường mầm non","Đạt CQG (MĐ)":"Đạt chuẩn mức 1","Địa chỉ trường":"Ấp An Hòa, xã Long Hồ, tỉnh Vĩnh Long ","Thư điện tử":"mgphuduc.lh@vinhlong.edu.vn","Địa chỉ web trường":"http://c0hoamiphuduc.vinhlong.edu.vn/","Số điện thoại trường":"2702200886","layer_id":311,"fid":712,"label":"Trường Mầm non Phú Đức"}},{"type":"Feature","geometry":{"type":"Point","coordinates":[106.019229,10.186381]},"properties":{"Trường Mầm Non, Mẫu Giáo":"Trường Mầm non Họa Mi Long Hồ","Đơn vị quản lý":" Xã Long Hồ","Hiệu trưởng":"VĂN NGỌC THÙY ANH","Điện thoại hiệu trưởng":"984446261","Loại hình":"Công lập","Quy mô":"Trường mầm non","Đạt CQG (MĐ)":"Đạt chuẩn mức 1","Địa chỉ trường":"Khóm 2, xã Long Hồ, Tỉnh Vĩnh Long","Thư điện tử":"mghoami.lh@vinhlong.edu.vn","Địa chỉ web trường":"http://c0hocmithitran.vinhlong.edu.vn","Số điện thoại trường":"2703942597","layer_id":311,"fid":713,"label":"Trường Mầm non Họa Mi Long Hồ"}},{"type":"Feature","geometry":{"type":"Point","coordinates":[105.989301,10.216374]},"properties":{"Trường Mầm Non, Mẫu Giáo":"Trường Mầm non Long Phước","Đơn vị quản lý":" Xã Long Hồ","Hiệu trưởng":"Nguyễn Thị Kim Ngân","Điện thoại hiệu trưởng":"384982422","Loại hình":"Công lập","Quy mô":"Trường mầm non","Đạt CQG (MĐ)":null,"Địa chỉ trường":"Ấp Long Thuận, xã Long Hồ, tỉnh Vĩnh Long","Thư điện tử":"mglongphuoc.lh@vinhlong.edu.vn","Địa chỉ web trường":"http://c0longphuoc.vinhlong.edu.vn","Số điện thoại trường":"2703850669","layer_id":311,"fid":714,"label":"Trường Mầm non Long Phước"}},{"type":"Feature","geometry":{"type":"Point","coordinates":[106.02183,10.1568081]},"properties":{"Trường Mầm Non, Mẫu Giáo":"Trường Mầm non Long An","Đơn vị quản lý":" Xã Long Hồ","Hiệu trưởng":"Bùi Thị Thùy Linh","Điện thoại hiệu trưởng":"907079685","Loại hình":"Công lập","Quy mô":"Trường mầm non","Đạt CQG (MĐ)":null,"Địa chỉ trường":"Ấp Long Hiệp, xã Long Hồ, tỉnh Vĩnh Long","Thư điện tử":"mglongan.lh@vinhlong.edu.vn","Địa chỉ web trường":"http://c0hoamilongan.vinhlong.edu.vn","Số điện thoại trường":"2706295555","layer_id":311,"fid":715,"label":"Trường Mầm non Long An"}},{"type":"Feature","geometry":{"type":"Point","coordinates":[106.0032805,10.20317402]},"properties":{"Trường Mầm Non, Mẫu Giáo":"Trường Mầm Non Long Hồ","Đơn vị quản lý":" Xã Long Hồ","Hiệu trưởng":"Trịnh Thị Phương Thảo","Điện thoại hiệu trưởng":"939898592","Loại hình":"Công lập","Quy mô":"Trường mầm non","Đạt CQG (MĐ)":null,"Địa chỉ trường":"Ấp Long Thới, Xã Long Hồ, Tỉnh Vĩnh Long","Thư điện tử":"mnthitran.lh@vinhlong.edu.vn","Địa chỉ web trường":"htttps://c0mamnonlongho.vinhlong.edu.vn","Số điện thoại trường":"2703850693","layer_id":311,"fid":716,"label":"Trường Mầm Non Long Hồ"}},{"type":"Feature","geometry":{"type":"Point","coordinates":[105.917,10.203041]},"properties":{"Trường Mầm Non, Mẫu Giáo":"Trường Mẫu giáo Hoa Hồng Lộc Hòa","Đơn vị quản lý":" Xã Phú Quới","Hiệu trưởng":null,"Điện thoại hiệu trưởng":"794228576","Loại hình":"Công lập","Quy mô":"Trường mẫu giáo","Đạt CQG (MĐ)":null,"Địa chỉ trường":"Ấp An Hiệp, xã Phú Quới, tỉnh Vĩnh Long","Thư điện tử":"mghoahong.lh@vinhlong.edu.vn","Địa chỉ web trường":"http://c0hoahonglongho.vinhlong.edu.vn","Số điện thoại trường":"2703957772","layer_id":311,"fid":717,"label":"Trường Mẫu giáo Hoa Hồng Lộc Hòa"}},{"type":"Feature","geometry":{"type":"Point","coordinates":[105.9222136,10.16576741]},"properties":{"Trường Mầm Non, Mẫu Giáo":"Mầm Non Phú Quới","Đơn vị quản lý":" Xã Phú Quới","Hiệu trưởng":"Nguyễn Thị Thúy Hằng","Điện thoại hiệu trưởng":"366271901","Loại hình":"Công lập","Quy mô":"Trường mầm non","Đạt CQG (MĐ)":null,"Địa chỉ trường":"Ấp Phước Yên A, xã Phú Quới, tỉnh Vĩnh Long","Thư điện tử":"mgphuquoi.lh@vinhlong.edu.vn","Địa chỉ web trường":"http://c0rangdong.vinhlong.edu.vn","Số điện thoại trường":"2703960850","layer_id":311,"fid":718,"label":"Mầm Non Phú Quới"}},{"type":"Feature","geometry":{"type":"Point","coordinates":[105.8864265,10.17620829]},"properties":{"Trường Mầm Non, Mẫu Giáo":"Mầm non Thạnh Quới","Đơn vị quản lý":" Xã Phú Quới","Hiệu trưởng":"Bùi Thị Kim Cương","Điện thoại hiệu trưởng":"778194360","Loại hình":"Công lập","Quy mô":"Trường mầm non","Đạt CQG (MĐ)":"Đạt chuẩn mức 1","Địa chỉ trường":"Ấp Thạnh Phú, xã Phú Quới, tỉnh Vĩnh Long","Thư điện tử":"mgthanhquoi.lh@vinhlong.edu.vn","Địa chỉ web trường":"http://c0thanhquoi.vinhlong.edu.vn","Số điện thoại trường":"2702460210","layer_id":311,"fid":719,"label":"Mầm non Thạnh Quới"}},{"type":"Feature","geometry":{"type":"Point","coordinates":[105.939882,10.193979]},"properties":{"Trường Mầm Non, Mẫu Giáo":"Mầm non Lộc Hòa","Đơn vị quản lý":" Xã Phú Quới","Hiệu trưởng":"Nguyễn Thị Tuyến","Điện thoại hiệu trưởng":"779892939","Loại hình":"Công lập","Quy mô":"Trường mầm non","Đạt CQG (MĐ)":"Đạt chuẩn mức 1","Địa chỉ trường":"Ấp Phước Long, xã Phú Quới, tỉnh Vĩnh Long","Thư điện tử":"mnlochoa.lh@vinhlong.edu.vn","Địa chỉ web trường":"http://c0lochoa.vinhlong.edu.vn","Số điện thoại trường":"2703957347","layer_id":311,"fid":720,"label":"Mầm non Lộc Hòa"}},{"type":"Feature","geometry":{"type":"Point","coordinates":[105.9555753,10.16413206]},"properties":{"Trường Mầm Non, Mẫu Giáo":"Mầm non Hòa Phú","Đơn vị quản lý":" Xã Phú Quới","Hiệu trưởng":"Nguyễn Thị Mỹ Lệ","Điện thoại hiệu trưởng":"398282403","Loại hình":"Công lập","Quy mô":"Trường mầm non","Đạt CQG (MĐ)":"Đạt chuẩn mức 1","Địa chỉ trường":"Ấp Lộc Hưng, Xã Phú Quới, tỉnh Vĩnh Long","Thư điện tử":"mghoaphu.lh@vinhlong.edu.vn","Địa chỉ web trường":"http://c0hoaphu.vinhlong.edu.vn","Số điện thoại trường":"2702213596","layer_id":311,"fid":721,"label":"Mầm non Hòa Phú"}},{"type":"Feature","geometry":{"type":"Point","coordinates":[105.9281009,10.17543695]},"properties":{"Trường Mầm Non, Mẫu Giáo":"Mầm non khu công nghiệp Hòa Phú","Đơn vị quản lý":" Xã Phú Quới","Hiệu trưởng":"Võ Thị Bích Loan","Điện thoại hiệu trưởng":"939787773","Loại hình":"Công lập","Quy mô":"Trường mầm non","Đạt CQG (MĐ)":"Đạt chuẩn mức 1","Địa chỉ trường":"Ấp Phước Yên B, xã Phú Quới, tỉnh Vĩnh Long","Thư điện tử":"mnkcnhoaphu@vinhlong.edu.vn","Địa chỉ web trường":"https://c0khucongnghiephoaphu.vinhlong.edu.vn","Số điện thoại trường":"2706272232","layer_id":311,"fid":722,"label":"Mầm non khu công nghiệp Hòa Phú"}},{"type":"Feature","geometry":{"type":"Point","coordinates":[106.0717565,10.23984656]},"properties":{"Trường Mầm Non, Mẫu Giáo":"Mầm Non Măng Non 1 (Mỹ Phước)","Đơn vị quản lý":" Xã Nhơn Phú","Hiệu trưởng":"PHAN ĐÌNH HẢI YẾN","Điện thoại hiệu trưởng":"905263800","Loại hình":"Công lập","Quy mô":"Trường mầm non","Đạt CQG (MĐ)":null,"Địa chỉ trường":"Ấp Cái Kè, Nhơn Phú, Vĩnh Long ","Thư điện tử":"mgmangnon1.mt@.vinhlong.edu.vn ","Địa chỉ web trường":"https://c0mangnon1.vinhlong.edu.vn","Số điện thoại trường":"2723938256","layer_id":311,"fid":723,"label":"Mầm Non Măng Non 1 (Mỹ Phước)"}},{"type":"Feature","geometry":{"type":"Point","coordinates":[106.0833611,10.20550824]},"properties":{"Trường Mầm Non, Mẫu Giáo":"Trường Mầm non Măng Non II","Đơn vị quản lý":" Xã Nhơn Phú","Hiệu trưởng":"Dương Thị Mộng Trinh","Điện thoại hiệu trưởng":"763577457","Loại hình":"Công lập","Quy mô":"Trường mầm non","Đạt CQG (MĐ)":"Đạt chuẩn mức 1","Địa chỉ trường":"Ấp Chợ, xã Nhơn Phú, tỉnh Vĩnh Long","Thư điện tử":"mgmangnon2.mt@.vinhlong.edu.vn","Địa chỉ web trường":"https://c0mangnon2.vinhlong.edu.vn/","Số điện thoại trường":"2703939454","layer_id":311,"fid":724,"label":"Trường Mầm non Măng Non II"}},{"type":"Feature","geometry":{"type":"Point","coordinates":[106.09013,10.209687]},"properties":{"Trường Mầm Non, Mẫu Giáo":"Trường Mầm non Tuổi Thơ III","Đơn vị quản lý":" Xã Nhơn Phú","Hiệu trưởng":"Nguyễn Trúc Chi","Điện thoại hiệu trưởng":"939710316","Loại hình":"Công lập","Quy mô":"Trường mầm non","Đạt CQG (MĐ)":"Đạt chuẩn mức 1","Địa chỉ trường":"Ấp Phú Thọ, Nhơn Phú, Vĩnh Long","Thư điện tử":"mgtuoitho3.mt@.vinhlong.edu.vn","Địa chỉ web trường":"https://c0tuoitho3.vinhlong.edu.vn","Số điện thoại trường":"2703504578","layer_id":311,"fid":725,"label":"Trường Mầm non Tuổi Thơ III"}},{"type":"Feature","geometry":{"type":"Point","coordinates":[106.017601,10.20246471]},"properties":{"Trường Mầm Non, Mẫu Giáo":"Mầm non Sơn Ca I (Hòa Tịnh)","Đơn vị quản lý":" Xã Bình Phước","Hiệu trưởng":"Phan Thanh Trúc","Điện thoại hiệu trưởng":"909201335","Loại hình":"Công lập","Quy mô":"Trường mầm non","Đạt CQG (MĐ)":"Đạt chuẩn mức 1","Địa chỉ trường":"Ấp Bình Tịnh, xã Bình Phước, tỉnhVĩnh Long","Thư điện tử":"mgsonca1.mt@.vinhlong.edu.vn","Địa chỉ web trường":"https://c0sonca1.vinhlong.edu.vn","Số điện thoại trường":null,"layer_id":311,"fid":726,"label":"Mầm non Sơn Ca I (Hòa Tịnh)"}},{"type":"Feature","geometry":{"type":"Point","coordinates":[106.0276422,10.17485979]},"properties":{"Trường Mầm Non, Mẫu Giáo":"Mầm non Sơn Ca 2 (Bình Phước)","Đơn vị quản lý":" Xã Bình Phước","Hiệu trưởng":"Đặng Thị Út","Điện thoại hiệu trưởng":"931919335","Loại hình":"Công lập","Quy mô":"Trường mầm non","Đạt CQG (MĐ)":null,"Địa chỉ trường":"Ấp Phước Lộc Thọ, xã Bình Phước, tỉnh Vĩnh Long","Thư điện tử":"mgsonca2.mt@vinhlong.edu.vn","Địa chỉ web trường":"https://c0sonca2.vinhlong edu.vn","Số điện thoại trường":"2703937359","layer_id":311,"fid":727,"label":"Mầm non Sơn Ca 2 (Bình Phước)"}},{"type":"Feature","geometry":{"type":"Point","coordinates":[106.0276422,10.17485979]},"properties":{"Trường Mầm Non, Mẫu Giáo":"Trường Mầm non Sơn Ca 3","Đơn vị quản lý":" Xã Bình Phước","Hiệu trưởng":null,"Điện thoại hiệu trưởng":null,"Loại hình":"Công lập","Quy mô":"Trường mầm non","Đạt CQG (MĐ)":"Đạt chuẩn mức 1","Địa chỉ trường":"Ấp Long Hoà 2, xã Bình Phước, Vĩnh Long","Thư điện tử":"mgsonca3.mt@vinhlong.edu.vn","Địa chỉ web trường":"https://c0sonca3.vinhlong.edu.vn/","Số điện thoại trường":"2702227686","layer_id":311,"fid":728,"label":"Trường Mầm non Sơn Ca 3"}},{"type":"Feature","geometry":{"type":"Point","coordinates":[106.137742052,10.20313066]},"properties":{"Trường Mầm Non, Mẫu Giáo":"Mầm Non Tuổi Thơ 2 (An Phước)","Đơn vị quản lý":" Xã Cái Nhum","Hiệu trưởng":"Lê Thị Thật","Điện thoại hiệu trưởng":"707351696","Loại hình":"Công lập","Quy mô":"Trường mầm non","Đạt CQG (MĐ)":"Đạt chuẩn mức 1","Địa chỉ trường":"Ấp Thanh Thủy xã Cái Nhum, tỉnh Vĩnh Long","Thư điện tử":"mgtuoitho2.mt@.vinhlong.edu.vn","Địa chỉ web trường":"https://c0tuoitho2.vinhlong.edu.vn","Số điện thoại trường":"20703841850","layer_id":311,"fid":729,"label":"Mầm Non Tuổi Thơ 2 (An Phước)"}},{"type":"Feature","geometry":{"type":"Point","coordinates":[106.1434409,10.17199007]},"properties":{"Trường Mầm Non, Mẫu Giáo":"Mầm non Tuổi Thơ 4 (Chánh An)","Đơn vị quản lý":" Xã Cái Nhum","Hiệu trưởng":"Đặng Mỹ Dung","Điện thoại hiệu trưởng":"936152536","Loại hình":"Công lập","Quy mô":"Trường mầm non","Đạt CQG (MĐ)":"Đạt chuẩn mức 1","Địa chỉ trường":"Ấp Tân Mỹ -xã Cái Nnhum- tỉnh Vĩnh Long","Thư điện tử":"mgtuoitho4.mt@.vinhlong.edu.vn","Địa chỉ web trường":"https://c0tuoitho4.vinhlong.edu.vn","Số điện thoại trường":"2703.841853","layer_id":311,"fid":730,"label":"Mầm non Tuổi Thơ 4 (Chánh An)"}},{"type":"Feature","geometry":{"type":"Point","coordinates":[106.005278,10.200064]},"properties":{"Trường Mầm Non, Mẫu Giáo":"Mầm Non Cái Nhum","Đơn vị quản lý":" Xã Cái Nhum","Hiệu trưởng":"Phạm Thị Ngọc Mai","Điện thoại hiệu trưởng":"377956835","Loại hình":"Công lập","Quy mô":"Trường mầm non","Đạt CQG (MĐ)":"Đạt chuẩn mức 1","Địa chỉ trường":"Khóm 2, xã Cái Nhum, tỉnh Vĩnh Long","Thư điện tử":"mnthitran.mt@vinhlong.edu.vn","Địa chỉ web trường":"https://c0thitran.vinhlong.edu.vn/","Số điện thoại trường":"0703.930.280","layer_id":311,"fid":731,"label":"Mầm Non Cái Nhum"}},{"type":"Feature","geometry":{"type":"Point","coordinates":[106.0412708,10.1664777]},"properties":{"Trường Mầm Non, Mẫu Giáo":"Mầm non Oanh Vũ I","Đơn vị quản lý":" Xã Tân Long Hội","Hiệu trưởng":"Nguyễn Thanh Lan","Điện thoại hiệu trưởng":"343291312","Loại hình":"Công lập","Quy mô":"Trường mầm non","Đạt CQG (MĐ)":null,"Địa chỉ trường":"Ấp Thân Bình - Xã Tân Long Hội\n- Tỉnh Vĩnh Long","Thư điện tử":"mgoanhvu1.mt@vinhlong.edu.vn","Địa chỉ web trường":"https://c0oanhvu1.vinhlong.edu.vn/","Số điện thoại trường":"2703933105","layer_id":311,"fid":732,"label":"Mầm non Oanh Vũ I"}},{"type":"Feature","geometry":{"type":"Point","coordinates":[106.0749722,10.12160493]},"properties":{"Trường Mầm Non, Mẫu Giáo":"Mầm Non Oanh Vũ 2 (Tân Long Hội)","Đơn vị quản lý":" Xã Tân Long Hội","Hiệu trưởng":"Bùi Thị Yến","Điện thoại hiệu trưởng":"947172477","Loại hình":"Công lập","Quy mô":"Trường mầm non","Đạt CQG (MĐ)":"Đạt chuẩn mức 1","Địa chỉ trường":"Ấp Thanh Phong, xã Tân Long Hội, tỉnh Vĩnh Long","Thư điện tử":"mgoanhvu2.mt@vinhlong.edu.vn","Địa chỉ web trường":"https://c0oanhvu2.vinhlong.edu.vn/","Số điện thoại trường":"2703933079","layer_id":311,"fid":733,"label":"Mầm Non Oanh Vũ 2 (Tân Long Hội)"}},{"type":"Feature","geometry":{"type":"Point","coordinates":[106.0936714,10.14041181]},"properties":{"Trường Mầm Non, Mẫu Giáo":"Trường Mầm Non Oanh Vũ 3 (Tân An Hội)","Đơn vị quản lý":" Xã Tân Long Hội","Hiệu trưởng":"Phan Thị Oanh Oanh","Điện thoại hiệu trưởng":"938198365","Loại hình":"Công lập","Quy mô":"Trường mầm non","Đạt CQG (MĐ)":"Đạt chuẩn mức 1","Địa chỉ trường":"Ấp Tân An - Xã Tân Long Hội","Thư điện tử":"mgoanhvu3.mt@vinhlong.edu.vn","Địa chỉ web trường":"https://c0oanhvu3.vinhlong.edu.vn/","Số điện thoại trường":"2703935424","layer_id":311,"fid":734,"label":"Trường Mầm Non Oanh Vũ 3 (Tân An Hội)"}},{"type":"Feature","geometry":{"type":"Point","coordinates":[106.1639518,10.08026493]},"properties":{"Trường Mầm Non, Mẫu Giáo":"Mầm Non Trung Hiếu","Đơn vị quản lý":" Xã Trung Thành","Hiệu trưởng":null,"Điện thoại hiệu trưởng":null,"Loại hình":"Công lập","Quy mô":"Trường mầm non","Đạt CQG (MĐ)":"Đạt chuẩn mức 1","Địa chỉ trường":"Ấp An Điền 1 Xã Trung Thành Tỉnh Vĩnh Long","Thư điện tử":"mgtrunghieu.vlm@vinhlong.edu.vn","Địa chỉ web trường":"https://c0trunghieu.vinhlong.edu.vn/","Số điện thoại trường":"2703870381","layer_id":311,"fid":735,"label":"Mầm Non Trung Hiếu"}},{"type":"Feature","geometry":{"type":"Point","coordinates":[106.1919633,10.07796763]},"properties":{"Trường Mầm Non, Mẫu Giáo":"Mẫu giáo Trung Thành","Đơn vị quản lý":" Xã Trung Thành","Hiệu trưởng":"Đoàn Kim Thì","Điện thoại hiệu trưởng":"336563909","Loại hình":"Công lập","Quy mô":"Trường mẫu giáo","Đạt CQG (MĐ)":"Đạt chuẩn mức 1","Địa chỉ trường":"Ấp Trung Trạch xã Trung Thành Tỉnh Vĩnh Long","Thư điện tử":"mgtrungthanh.vlm@vinhlong.edu.vn","Địa chỉ web trường":"c0trungthanh.vinhlong.edu.vn","Số điện thoại trường":"không có","layer_id":311,"fid":736,"label":"Mẫu giáo Trung Thành"}},{"type":"Feature","geometry":{"type":"Point","coordinates":[106.1891325,10.08802704]},"properties":{"Trường Mầm Non, Mẫu Giáo":"Mầm non Vũng Liêm","Đơn vị quản lý":" Xã Trung Thành","Hiệu trưởng":"Nguyễn Thị Bé Chi","Điện thoại hiệu trưởng":"395217277","Loại hình":"Công lập","Quy mô":"Trường mầm non","Đạt CQG (MĐ)":null,"Địa chỉ trường":"Ấp 2, Xã Trung Thành, tỉnh Vĩnh Long ","Thư điện tử":"mnttvungliem.vlm@vinhlong.edu.vn","Địa chỉ web trường":"https://c0thitranvungliem.vinhlong.edu.vn/","Số điện thoại trường":"2703970202","layer_id":311,"fid":737,"label":"Mầm non Vũng Liêm"}},{"type":"Feature","geometry":{"type":"Point","coordinates":[106.1173725,10.18584211]},"properties":{"Trường Mầm Non, Mẫu Giáo":"Mầm non Quới An","Đơn vị quản lý":" Xã Quới An","Hiệu trưởng":"Nguyễn Thị Hồng Nhung","Điện thoại hiệu trưởng":"976575116","Loại hình":"Công lập","Quy mô":"Trường mầm non","Đạt CQG (MĐ)":"Đạt chuẩn mức 1","Địa chỉ trường":"Ấp Vàm An, Xã Quới An, tỉnh VĩnhLong","Thư điện tử":"mgquoian.vlm@vinhlong.edu.vn","Địa chỉ web trường":"https://c0quoian.vinhlong.edu.vn","Số điện thoại trường":"2706291939","layer_id":311,"fid":738,"label":"Mầm non Quới An"}},{"type":"Feature","geometry":{"type":"Point","coordinates":[106.1905773,10.10449004]},"properties":{"Trường Mầm Non, Mẫu Giáo":"Mầm Non Trung Thành Tây","Đơn vị quản lý":" Xã Quới An","Hiệu trưởng":"Nguyễn Thị Diễm Kiều","Điện thoại hiệu trưởng":"939289288","Loại hình":"Công lập","Quy mô":"Trường mầm non","Đạt CQG (MĐ)":null,"Địa chỉ trường":"Ấp Trung Hậu, xã Quới An, tỉnh Vĩnh Long","Thư điện tử":"mgtrungthanhtay.vlm@vinhlong.edu.vn","Địa chỉ web trường":"https://c0trungthanhtay.vinhlong.edu.vn","Số điện thoại trường":"939289288","layer_id":311,"fid":739,"label":"Mầm Non Trung Thành Tây"}},{"type":"Feature","geometry":{"type":"Point","coordinates":[106.2070938,10.15159533]},"properties":{"Trường Mầm Non, Mẫu Giáo":"Mầm non Quới Thiện","Đơn vị quản lý":" Xã Quới Thiện","Hiệu trưởng":"Âu Thị Thanh Bình","Điện thoại hiệu trưởng":"979997917","Loại hình":"Công lập","Quy mô":"Trường mầm non","Đạt CQG (MĐ)":"Đạt chuẩn mức 1","Địa chỉ trường":"Ấp Rạch Vọp, xã Quới Thiện, tỉnh Vĩnh Long","Thư điện tử":"mgquoithien.vlm@vinhlong.edu.vn","Địa chỉ web trường":"https://c0quoithien.vinhlong.edu.vn","Số điện thoại trường":"2703981001","layer_id":311,"fid":740,"label":"Mầm non Quới Thiện"}},{"type":"Feature","geometry":{"type":"Point","coordinates":[106.251701307,10.09461164]},"properties":{"Trường Mầm Non, Mẫu Giáo":"Mầm Non Thanh Bình","Đơn vị quản lý":" Xã Quới Thiện","Hiệu trưởng":"Tạ Ngọc Phương Châu","Điện thoại hiệu trưởng":"986453711","Loại hình":"Công lập","Quy mô":"Trường mầm non","Đạt CQG (MĐ)":"Đạt chuẩn mức 1","Địa chỉ trường":"Ấp Bình Thuỷ xã Quới Thiện, tĩnh Vĩnh Long ","Thư điện tử":"mgthanhbinh.vlm@vinhlong.edu.vn","Địa chỉ web trường":"c0thanhbinh.vinhlong.edu.vn","Số điện thoại trường":"không có","layer_id":311,"fid":741,"label":"Mầm Non Thanh Bình"}},{"type":"Feature","geometry":{"type":"Point","coordinates":[106.0751,10.095908]},"properties":{"Trường Mầm Non, Mẫu Giáo":"Mầm non Tân An Luông","Đơn vị quản lý":" Xã Trung Hiệp","Hiệu trưởng":"Lê Thị Hồng Ngự","Điện thoại hiệu trưởng":"939183080","Loại hình":"Công lập","Quy mô":"Trường mầm non","Đạt CQG (MĐ)":"Đạt chuẩn mức 1","Địa chỉ trường":"Ấp Nước Xoáy, xã Trung Hiệp, tỉnh Vĩnh Long","Thư điện tử":"mntananluong.trunghiep@vinhlong.gov.vn","Địa chỉ web trường":"https://c0tananluong.vinhlong.edu.vn","Số điện thoại trường":"939183080","layer_id":311,"fid":742,"label":"Mầm non Tân An Luông"}},{"type":"Feature","geometry":{"type":"Point","coordinates":[105.830118,10.05720842]},"properties":{"Trường Mầm Non, Mẫu Giáo":"Trường Mầm non Sen Hồng","Đơn vị quản lý":" Phường Đông Thành","Hiệu trưởng":null,"Điện thoại hiệu trưởng":null,"Loại hình":"Công lập","Quy mô":"Trường mầm non","Đạt CQG (MĐ)":null,"Địa chỉ trường":"Khóm Đông Bình A, phường Đông Thành","Thư điện tử":"mnsenhong.txbm@vinhlong.edu.vn","Địa chỉ web trường":"http://c0senhong.vinhlong.edu.vn","Số điện thoại trường":"2703765405","layer_id":311,"fid":785,"label":"Trường Mầm non Sen Hồng"}},{"type":"Feature","geometry":{"type":"Point","coordinates":[106.132116,10.111073]},"properties":{"Trường Mầm Non, Mẫu Giáo":"Mẫu giáo Trung Hiệp","Đơn vị quản lý":" Xã Trung Hiệp","Hiệu trưởng":"Phạm Thị Bích Hằng","Điện thoại hiệu trưởng":"378764801","Loại hình":"Công lập","Quy mô":"Trường mẫu giáo","Đạt CQG (MĐ)":null,"Địa chỉ trường":"ấp Rạch Ngay, xã Trung Hiệp, tỉnh Vĩnh Long ","Thư điện tử":"mgtrunghiep.vlm@vinhlong.edu.vn","Địa chỉ web trường":"https://c0trunghiep.vinhlong.edu.vn","Số điện thoại trường":"334965422","layer_id":311,"fid":743,"label":"Mẫu giáo Trung Hiệp"}},{"type":"Feature","geometry":{"type":"Point","coordinates":[106.1238,10.128222]},"properties":{"Trường Mầm Non, Mẫu Giáo":"Mẫu giáo Trung Chánh","Đơn vị quản lý":" Xã Trung Hiệp","Hiệu trưởng":"Phan Thị Mai Trang","Điện thoại hiệu trưởng":"979313709","Loại hình":"Công lập","Quy mô":"Trường mẫu giáo","Đạt CQG (MĐ)":null,"Địa chỉ trường":"Ấp Rạch Rô, xã Trung Hiệp, tỉnh Vĩnh Long","Thư điện tử":"mgtrungchanh.trunghiep@vinhlong.gov.vn","Địa chỉ web trường":"https://c0trungchanh.vinhlong.edu.vn","Số điện thoại trường":"979313709","layer_id":311,"fid":744,"label":"Mẫu giáo Trung Chánh"}},{"type":"Feature","geometry":{"type":"Point","coordinates":[106.2002921,10.0377768]},"properties":{"Trường Mầm Non, Mẫu Giáo":"Mẫu giáo Trung Nghĩa","Đơn vị quản lý":" Xã Trung Ngãi","Hiệu trưởng":"Huỳnh Thị Mỹ Loan","Điện thoại hiệu trưởng":"356470889","Loại hình":"Công lập","Quy mô":"Trường mẫu giáo","Đạt CQG (MĐ)":null,"Địa chỉ trường":"Ấp Phú Tiên, xã Trung Ngãi, tỉnh Vĩnh Long","Thư điện tử":"mgtrungnghia.vlm@vinhlong.edu.vn","Địa chỉ web trường":"https://c0trungnghia.vinhlong.edu.vn","Số điện thoại trường":"356470889","layer_id":311,"fid":745,"label":"Mẫu giáo Trung Nghĩa"}},{"type":"Feature","geometry":{"type":"Point","coordinates":[106.200122,10.058344]},"properties":{"Trường Mầm Non, Mẫu Giáo":"Trường Mầm non Trịnh Liên Hoa","Đơn vị quản lý":" Xã Trung Ngãi","Hiệu trưởng":"Trần Thị Thu","Điện thoại hiệu trưởng":null,"Loại hình":"Công lập","Quy mô":"Trường mầm non","Đạt CQG (MĐ)":"Đạt chuẩn mức 1","Địa chỉ trường":"Ấp Giồng Ké xã Trung Ngãi, tỉnh Vĩnh Long ","Thư điện tử":"mgtrinhlinhoa.vlm@vinhlong.edu.vn","Địa chỉ web trường":"https://c0trinhlienhoa.vinhlong.edu.vn/","Số điện thoại trường":"Không có ","layer_id":311,"fid":746,"label":"Trường Mầm non Trịnh Liên Hoa"}},{"type":"Feature","geometry":{"type":"Point","coordinates":[106.1208893,10.08348933]},"properties":{"Trường Mầm Non, Mẫu Giáo":"Mầm Non Hiếu Phụng","Đơn vị quản lý":" Xã Hiếu Phụng","Hiệu trưởng":"Trương Thị Ánh","Điện thoại hiệu trưởng":"898029839","Loại hình":"Công lập","Quy mô":"Trường mầm non","Đạt CQG (MĐ)":null,"Địa chỉ trường":"Ấp Tân Quang, xã Hiếu Phụng, tỉnh Vĩnh Long.","Thư điện tử":null,"Địa chỉ web trường":null,"Số điện thoại trường":null,"layer_id":311,"fid":747,"label":"Mầm Non Hiếu Phụng"}},{"type":"Feature","geometry":{"type":"Point","coordinates":[106.118893,10.08253807]},"properties":{"Trường Mầm Non, Mẫu Giáo":"Mầm non Trung An","Đơn vị quản lý":" Xã Hiếu Phụng","Hiệu trưởng":"Lê Thanh Xuân","Điện thoại hiệu trưởng":"979183261","Loại hình":"Công lập","Quy mô":"Trường mầm non","Đạt CQG (MĐ)":null,"Địa chỉ trường":"Ấp An Phước, xã Hiếu Phụng, tỉnh Vĩnh Long.","Thư điện tử":"mmgtrungan.vlm@vinhlong.edu.vn","Địa chỉ web trường":"c0trungan.vinhlong.edu.vn","Số điện thoại trường":"2703870609","layer_id":311,"fid":748,"label":"Mầm non Trung An"}},{"type":"Feature","geometry":{"type":"Point","coordinates":[106.1118751,10.03259207]},"properties":{"Trường Mầm Non, Mẫu Giáo":"Trường Mầm Non Hiếu Nhơn","Đơn vị quản lý":" Xã Hiếu Thành","Hiệu trưởng":"Lê Thị Kim Ngân","Điện thoại hiệu trưởng":"866851343","Loại hình":"Công lập","Quy mô":"Trường mầm non","Đạt CQG (MĐ)":"Đạt chuẩn mức 1","Địa chỉ trường":"Ấp Hiếu Minh B, xã Hiếu Thành","Thư điện tử":"mghieunhon.vlm@vinhlong.edu.vn","Địa chỉ web trường":"https://c0mghieunhon.vinhlong.edu.vn","Số điện thoại trường":"0866 851 343","layer_id":311,"fid":749,"label":"Trường Mầm Non Hiếu Nhơn"}},{"type":"Feature","geometry":{"type":"Point","coordinates":[106.1153984,10.01601762]},"properties":{"Trường Mầm Non, Mẫu Giáo":"Trường Mầm non Hiếu Nghĩa","Đơn vị quản lý":" Xã Hiếu Thành","Hiệu trưởng":"Nguyễn Dương Ngọc","Điện thoại hiệu trưởng":null,"Loại hình":"Công lập","Quy mô":"Trường mầm non","Đạt CQG (MĐ)":"Đạt chuẩn mức 1","Địa chỉ trường":"ấp Hiếu Trung A, xã Hiếu Thành","Thư điện tử":"mghieunghia.vlm@vinhlong.edu.vn","Địa chỉ web trường":"https://c0mghieunghia.vinhlong.edu.vn","Số điện thoại trường":"2703991568","layer_id":311,"fid":750,"label":"Trường Mầm non Hiếu Nghĩa"}},{"type":"Feature","geometry":{"type":"Point","coordinates":[105.995614,10.0552165]},"properties":{"Trường Mầm Non, Mẫu Giáo":"Mầm non Họa Mi","Đơn vị quản lý":" Xã Tam Bình","Hiệu trưởng":"Phạm Thị Hồng Trang","Điện thoại hiệu trưởng":"369015889","Loại hình":"Công lập","Quy mô":"Trường mầm non","Đạt CQG (MĐ)":"Đạt chuẩn mức 1","Địa chỉ trường":"Ấp 2, xã Tam Bình, tỉnh Vĩnh Long","Thư điện tử":"mnhoami.tb@vinhlong.edu.vn","Địa chỉ web trường":"https://c0hoamitambinh.vinhlong.edu.vn","Số điện thoại trường":"2703860486","layer_id":311,"fid":751,"label":"Mầm non Họa Mi"}},{"type":"Feature","geometry":{"type":"Point","coordinates":[106.0024246,10.05777556]},"properties":{"Trường Mầm Non, Mẫu Giáo":"Trường Mầm non Tuổi Xanh","Đơn vị quản lý":" Xã Tam Bình","Hiệu trưởng":"Nguyễn Thị Ngọc Diệp","Điện thoại hiệu trưởng":"765916913","Loại hình":"Công lập","Quy mô":"Trường mầm non","Đạt CQG (MĐ)":null,"Địa chỉ trường":"Ấp Tường Nhơn B, Xã Tam Bình, Tỉnh Vĩnh Long","Thư điện tử":"mntuoixanh.tb@vinhlong.edu.vn","Địa chỉ web trường":"https//c0tuoixanh.vinhlong.edu.vn","Số điện thoại trường":"765916913","layer_id":311,"fid":752,"label":"Trường Mầm non Tuổi Xanh"}},{"type":"Feature","geometry":{"type":"Point","coordinates":[105.9909976,10.06220062]},"properties":{"Trường Mầm Non, Mẫu Giáo":"Mầm non Hoa Hồng","Đơn vị quản lý":" Xã Tam Bình","Hiệu trưởng":"Lê Thị Cẩm Xuyên","Điện thoại hiệu trưởng":"984738486","Loại hình":"Công lập","Quy mô":"Trường mầm non","Đạt CQG (MĐ)":"Đạt chuẩn mức 1","Địa chỉ trường":"ấp Bằng Tăng,  xã Tam Bình, tỉnh Vĩnh Long","Thư điện tử":"mnhoahong.tb@vinhlong.edu. vn","Địa chỉ web trường":"https//c0hoahong.vinhlong.edu.vn","Số điện thoại trường":"3703714600","layer_id":311,"fid":753,"label":"Mầm non Hoa Hồng"}},{"type":"Feature","geometry":{"type":"Point","coordinates":[105.9712666,10.15184746]},"properties":{"Trường Mầm Non, Mẫu Giáo":"Mầm non Bông Sen","Đơn vị quản lý":" Xã Cái Ngang","Hiệu trưởng":"Trần Thị Thùy Linh","Điện thoại hiệu trưởng":"932977476","Loại hình":"Công lập","Quy mô":"Trường mầm non","Đạt CQG (MĐ)":"Đạt chuẩn mức 1","Địa chỉ trường":"Ấp 8B, Xã Cái Ngang, tỉnh Vĩnh Long","Thư điện tử":"mnbongsen.caingang@vinhlong.gov.vn","Địa chỉ web trường":"https://c0bongsen.vinhlong.edu.vn","Số điện thoại trường":"2703731679","layer_id":311,"fid":754,"label":"Mầm non Bông Sen"}},{"type":"Feature","geometry":{"type":"Point","coordinates":[105.9453034,10.10312751]},"properties":{"Trường Mầm Non, Mẫu Giáo":"Mầm non Sao Mai","Đơn vị quản lý":" Xã Cái Ngang","Hiệu trưởng":"Trần Thị Tuyết Nhanh","Điện thoại hiệu trưởng":"975494977","Loại hình":"Công lập","Quy mô":"Trường mầm non","Đạt CQG (MĐ)":"Đạt chuẩn mức 1","Địa chỉ trường":"Ấp Cây Điều, xã Cái Ngang, tỉnh Vĩnh Long","Thư điện tử":"mnsaomai.caingang@vinhlong.gov.vn","Địa chỉ web trường":"https://c0saomaicaingang.vinhlong.edu.vn;","Số điện thoại trường":"2703731298","layer_id":311,"fid":755,"label":"Mầm non Sao Mai"}},{"type":"Feature","geometry":{"type":"Point","coordinates":[105.9929871,10.11650586]},"properties":{"Trường Mầm Non, Mẫu Giáo":"Mầm non Hoa Mai","Đơn vị quản lý":" Xã Cái Ngang","Hiệu trưởng":"Trần Minh Anh Thư","Điện thoại hiệu trưởng":"392255767","Loại hình":"Công lập","Quy mô":"Trường mầm non","Đạt CQG (MĐ)":"Đạt chuẩn mức 1","Địa chỉ trường":"Ấp 5B, xã Cái Ngang","Thư điện tử":"mnhoamai.tb@vinhlong.edu.vn","Địa chỉ web trường":"https://c0hoamaitambinh.vinhlong.edu.vn","Số điện thoại trường":"974375099","layer_id":311,"fid":756,"label":"Mầm non Hoa Mai"}},{"type":"Feature","geometry":{"type":"Point","coordinates":[105.96765,10.11117]},"properties":{"Trường Mầm Non, Mẫu Giáo":"Mầm Non Cái Ngang","Đơn vị quản lý":" Xã Cái Ngang","Hiệu trưởng":"NGUYỄN THỊ NGUYỆT HẰNG","Điện thoại hiệu trưởng":"916181976","Loại hình":"Công lập","Quy mô":"Trường mầm non","Đạt CQG (MĐ)":"Đạt chuẩn mức 1","Địa chỉ trường":"Ấp Mỹ Phú, xã Cái Ngang, tỉnh Vĩnh Long","Thư điện tử":"mncaingang.tb@vinhlong.edu.vn","Địa chỉ web trường":"https:/c0caingang.vinhlong.edu.vn","Số điện thoại trường":"2703718400","layer_id":311,"fid":757,"label":"Mầm Non Cái Ngang"}},{"type":"Feature","geometry":{"type":"Point","coordinates":[106.0453127,10.12219688]},"properties":{"Trường Mầm Non, Mẫu Giáo":"Mầm non Sơn Ca","Đơn vị quản lý":" Xã Hòa Hiệp","Hiệu trưởng":"Nguyễn Thị Mộng Thu","Điện thoại hiệu trưởng":"986643852","Loại hình":"Công lập","Quy mô":"Trường mầm non","Đạt CQG (MĐ)":"Đạt chuẩn mức 1","Địa chỉ trường":"ấp Thạnh Trí, xã Hòa Hiệp, tỉnh Vĩnh Long","Thư điện tử":"mnsonca.hoahiep@vinhlong.gov.vn","Địa chỉ web trường":"https://c0soncatambinh.vinhlong.edu.vn/","Số điện thoại trường":"2706503999","layer_id":311,"fid":758,"label":"Mầm non Sơn Ca"}},{"type":"Feature","geometry":{"type":"Point","coordinates":[106.0370639,10.08036758]},"properties":{"Trường Mầm Non, Mẫu Giáo":"Trường Mầm non Hoa Sen","Đơn vị quản lý":" Xã Hòa Hiệp","Hiệu trưởng":null,"Điện thoại hiệu trưởng":"972851339","Loại hình":"Công lập","Quy mô":"Trường mầm non","Đạt CQG (MĐ)":"Đạt chuẩn mức 1","Địa chỉ trường":"Ấp 7B, xã Hòa Hiệp, tỉnh Vĩnh Long ","Thư điện tử":"mnhoasen.tb@vinhlong.edu.vn","Địa chỉ web trường":"https://c0hoasentambinh.vinhlong.edu.vn/","Số điện thoại trường":"972851339","layer_id":311,"fid":759,"label":"Trường Mầm non Hoa Sen"}},{"type":"Feature","geometry":{"type":"Point","coordinates":[106.00506,10.084856]},"properties":{"Trường Mầm Non, Mẫu Giáo":"Trường Mầm non Măng Non","Đơn vị quản lý":" Xã Hòa Hiệp","Hiệu trưởng":"Nguyễn Thị Hồng Hạnh","Điện thoại hiệu trưởng":"399780197","Loại hình":"Công lập","Quy mô":"Trường mầm non","Đạt CQG (MĐ)":"Đạt chuẩn mức 1","Địa chỉ trường":"Ấp 2A, xã Hòa Hiệp, tỉnh Vĩnh Long","Thư điện tử":"mnmangnon.tb@vinhlong.edu.vn","Địa chỉ web trường":"https://c0mangnontambinh.vinhlong.edu.vn","Số điện thoại trường":"978749156","layer_id":311,"fid":760,"label":"Trường Mầm non Măng Non"}},{"type":"Feature","geometry":{"type":"Point","coordinates":[105.911293,10.16432063]},"properties":{"Trường Mầm Non, Mẫu Giáo":"Mầm non Hoa Đào","Đơn vị quản lý":" Xã Song Phú","Hiệu trưởng":"Nguyễn Thị Thảo","Điện thoại hiệu trưởng":"763898747","Loại hình":"Công lập","Quy mô":"Trường mầm non","Đạt CQG (MĐ)":"Đạt chuẩn mức 1","Địa chỉ trường":"Ấp Phú Hữu Đông, xã Song Phú, tỉnh Vĩnh Long","Thư điện tử":"mnhoadao.songphu@vinhlong.gov.vn","Địa chỉ web trường":"https:/c0hoadao.vinhlong.edu.vn","Số điện thoại trường":"763898747","layer_id":311,"fid":761,"label":"Mầm non Hoa Đào"}},{"type":"Feature","geometry":{"type":"Point","coordinates":[105.911327581,10.07908965]},"properties":{"Trường Mầm Non, Mẫu Giáo":"Mầm non Tuổi Thơ","Đơn vị quản lý":" Xã Song Phú","Hiệu trưởng":"Nguyễn Thị Mộng Duy","Điện thoại hiệu trưởng":"984801055","Loại hình":"Công lập","Quy mô":"Trường mầm non","Đạt CQG (MĐ)":"Đạt chuẩn mức 1","Địa chỉ trường":"Ấp Phú Sơn A, xã Song Phú, tỉnh Vĩnh Long","Thư điện tử":"mntuoitho.songphu@vinhlong.gov.vn","Địa chỉ web trường":"c0tuoithosongphu.vinhlong.edu.vn","Số điện thoại trường":"2703729231","layer_id":311,"fid":762,"label":"Mầm non Tuổi Thơ"}},{"type":"Feature","geometry":{"type":"Point","coordinates":[105.8961654,10.11113377]},"properties":{"Trường Mầm Non, Mẫu Giáo":"Mầm non Vành Khuyên","Đơn vị quản lý":" Xã Song Phú","Hiệu trưởng":"Đặng Thị Kim Hảo","Điện thoại hiệu trưởng":"907964702","Loại hình":"Công lập","Quy mô":"Trường mầm non","Đạt CQG (MĐ)":null,"Địa chỉ trường":"Ấp Phú Hòa Yên, Xã Song Phú, Tỉnh Vĩnh Long","Thư điện tử":"mnvanhkhuyen.songphu@vinhlong.gov.vn","Địa chỉ web trường":"http://c0vanhkhuyen.vinhlong.edu.vn","Số điện thoại trường":"02703.864.177","layer_id":311,"fid":763,"label":"Mầm non Vành Khuyên"}},{"type":"Feature","geometry":{"type":"Point","coordinates":[105.8649226,10.09184727]},"properties":{"Trường Mầm Non, Mẫu Giáo":"Mầm non Hoa Lan","Đơn vị quản lý":" Xã Song Phú","Hiệu trưởng":"Nguyễn Hữu Duyên","Điện thoại hiệu trưởng":"939893136","Loại hình":"Công lập","Quy mô":"Trường mầm non","Đạt CQG (MĐ)":"Đạt chuẩn mức 2","Địa chỉ trường":"Ấp Phú Yên, xã Song Phú, tỉnh Vĩnh Long","Thư điện tử":"mnhoalan.songphu@vinhlong.gov.vn","Địa chỉ web trường":"https://c0hoalan.vinhlong.edu.vn","Số điện thoại trường":"0270.627.2299","layer_id":311,"fid":764,"label":"Mầm non Hoa Lan"}},{"type":"Feature","geometry":{"type":"Point","coordinates":[105.9669971,10.06250169]},"properties":{"Trường Mầm Non, Mẫu Giáo":"Mầm non Hướng Dương","Đơn vị quản lý":" Xã Ngãi Tứ","Hiệu trưởng":"Lê Mai Thị Huỳnh Mai","Điện thoại hiệu trưởng":"962963299","Loại hình":"Công lập","Quy mô":"Trường mầm non","Đạt CQG (MĐ)":null,"Địa chỉ trường":"Ấp Kỳ Son, xã Ngãi Tứ, tỉnh Vĩnh Long","Thư điện tử":"mnhuongduong.ngaitu@vinhlong.gov.vn","Địa chỉ web trường":"https://c0huongduongngaitu.vinhlong.edu.vn","Số điện thoại trường":"2706271099","layer_id":311,"fid":765,"label":"Mầm non Hướng Dương"}},{"type":"Feature","geometry":{"type":"Point","coordinates":[105.9388082,9.991996705]},"properties":{"Trường Mầm Non, Mẫu Giáo":"Mầm non Kim Đồng","Đơn vị quản lý":" Xã Ngãi Tứ","Hiệu trưởng":"Nguyễn Thị Bích Vân","Điện thoại hiệu trưởng":"976684111","Loại hình":"Công lập","Quy mô":"Trường mầm non","Đạt CQG (MĐ)":"Đạt chuẩn mức 1","Địa chỉ trường":"Ấp An Phú Tân, Xã Ngãi Tứ, Tỉnh Vĩnh Long","Thư điện tử":"mmnkimdongtb@vinhlong.edu.vn","Địa chỉ web trường":"https//c0kimdong.vinhlong.edu.vn","Số điện thoại trường":"976684111","layer_id":311,"fid":766,"label":"Mầm non Kim Đồng"}},{"type":"Feature","geometry":{"type":"Point","coordinates":[105.913573948,10.01312822]},"properties":{"Trường Mầm Non, Mẫu Giáo":"Mầm Non Rạng Đông","Đơn vị quản lý":" Xã Ngãi Tứ","Hiệu trưởng":"Huỳnh Ngọc Thúy","Điện thoại hiệu trưởng":"936489017","Loại hình":"Công lập","Quy mô":"Trường mầm non","Đạt CQG (MĐ)":null,"Địa chỉ trường":"Ấp Nhút, Xã Ngải Tứ, tỉnh Vĩnh Long","Thư điện tử":"mnrangdongtb@vinhlong.edu.vn","Địa chỉ web trường":"https//c0rangdongngaitu.vinhlong.edu.vn","Số điện thoại trường":"2702215905","layer_id":311,"fid":767,"label":"Mầm Non Rạng Đông"}},{"type":"Feature","geometry":{"type":"Point","coordinates":[105.8345973,10.01812809]},"properties":{"Trường Mầm Non, Mẫu Giáo":"Mầm non Mỹ Hòa","Đơn vị quản lý":" Phường Cái Vồn","Hiệu trưởng":"Đặng Thị Chúc","Điện thoại hiệu trưởng":"967935919","Loại hình":"Công lập","Quy mô":"Trường mầm non","Đạt CQG (MĐ)":"Đạt chuẩn mức 1","Địa chỉ trường":"tổ 10 Khóm Mỹ Lợi, phường Cái Vồn","Thư điện tử":"mnmyhoa.txbm@vinhlong.edu.vn","Địa chỉ web trường":"https://c0myhoa.vinhlong.edu.vn","Số điện thoại trường":"2703765876","layer_id":311,"fid":768,"label":"Mầm non Mỹ Hòa"}},{"type":"Feature","geometry":{"type":"Point","coordinates":[105.8103554,10.04860556]},"properties":{"Trường Mầm Non, Mẫu Giáo":"Trường Mầm non Khai Trí","Đơn vị quản lý":" Phường Cái Vồn","Hiệu trưởng":null,"Điện thoại hiệu trưởng":null,"Loại hình":"Công lập","Quy mô":"Trường mầm non","Đạt CQG (MĐ)":"Đạt chuẩn mức 1","Địa chỉ trường":"Mỹ Hưng 1, phường Cái Vồn","Thư điện tử":"mnkhaitri.txbm@vinhlong.edu.vn","Địa chỉ web trường":"https://c0khaitri.vinhlong.edu.vn","Số điện thoại trường":"02703 891 707","layer_id":311,"fid":769,"label":"Trường Mầm non Khai Trí"}},{"type":"Feature","geometry":{"type":"Point","coordinates":[105.8194091,10.06901236]},"properties":{"Trường Mầm Non, Mẫu Giáo":"Trường Mầm non Hoa Hồng","Đơn vị quản lý":" Phường Cái Vồn","Hiệu trưởng":"Nguyễn Thị Hồng Lam","Điện thoại hiệu trưởng":"368515717","Loại hình":"Công lập","Quy mô":"Trường mầm non","Đạt CQG (MĐ)":"Đạt chuẩn mức 1","Địa chỉ trường":"Khóm 2, Phường Cái Vồn","Thư điện tử":"mnhoahong.txbm@vinhlong.edu.vn","Địa chỉ web trường":"http://c0hoahong.vinhlong.edu.vn","Số điện thoại trường":"02702.212.271","layer_id":311,"fid":770,"label":"Trường Mầm non Hoa Hồng"}},{"type":"Feature","geometry":{"type":"Point","coordinates":[105.8290726,10.08738377]},"properties":{"Trường Mầm Non, Mẫu Giáo":"Mầm Non Hoa Lan","Đơn vị quản lý":" Phường Bình Minh","Hiệu trưởng":"Trần Thị Phương Thảo","Điện thoại hiệu trưởng":"939392533","Loại hình":"Công lập","Quy mô":"Trường mầm non","Đạt CQG (MĐ)":"Đạt chuẩn mức 1","Địa chỉ trường":"Ấp Thuận Phú A, Thuận An, P. Bình Minh","Thư điện tử":"mnhoalan.txbm@vinhlong.edu.vn","Địa chỉ web trường":"c0hoalan.vinhlong.edu.vn","Số điện thoại trường":"02703.767.241","layer_id":311,"fid":771,"label":"Mầm Non Hoa Lan"}},{"type":"Feature","geometry":{"type":"Point","coordinates":[105.8316419,10.08407725]},"properties":{"Trường Mầm Non, Mẫu Giáo":"Mầm non Họa Mi (Thuận An)","Đơn vị quản lý":" Phường Bình Minh","Hiệu trưởng":"Lê Thị Thanh Tâm","Điện thoại hiệu trưởng":"939469881","Loại hình":"Công lập","Quy mô":"Trường mầm non","Đạt CQG (MĐ)":"Đạt chuẩn mức 1","Địa chỉ trường":"Ấp Thuận Tiến A, Thuận An, P. Bình Minh","Thư điện tử":"mnhoami.txbm@vinhlong.edu.vn","Địa chỉ web trường":"c0hoami.vinhlong.edu","Số điện thoại trường":"02703.890.998","layer_id":311,"fid":772,"label":"Mầm non Họa Mi (Thuận An)"}},{"type":"Feature","geometry":{"type":"Point","coordinates":[105.797527,10.06875493]},"properties":{"Trường Mầm Non, Mẫu Giáo":"Trường Mầm non Hoa Hồng 2","Đơn vị quản lý":" Phường Bình Minh","Hiệu trưởng":"Bùi Nam Hồng","Điện thoại hiệu trưởng":"984598675","Loại hình":"Công lập","Quy mô":"Trường mầm non","Đạt CQG (MĐ)":"Đạt chuẩn mức 1","Địa chỉ trường":"Khóm 4, phường Bình Minh, tỉnh Vĩnh Long ","Thư điện tử":"mnhoahong2.txbm@vinhlong.edu.vn","Địa chỉ web trường":"c0hoahong2.vinhlong.edu","Số điện thoại trường":"02703.740.323","layer_id":311,"fid":773,"label":"Trường Mầm non Hoa Hồng 2"}},{"type":"Feature","geometry":{"type":"Point","coordinates":[105.7184046,10.1411079]},"properties":{"Trường Mầm Non, Mẫu Giáo":"Mầm non Sơn Ca (Tân Lược)","Đơn vị quản lý":" Xã Tân Lược","Hiệu trưởng":"Giảng Bích Thủy","Điện thoại hiệu trưởng":"939693836","Loại hình":"Công lập","Quy mô":"Trường mầm non","Đạt CQG (MĐ)":"Đạt chuẩn mức 1","Địa chỉ trường":"Tổ 13, ấp Tân Lộc, xã Tân Lược","Thư điện tử":"mnsonca.bt@vinhlong.edu.vn","Địa chỉ web trường":"https://c0sonca.vinhlong.edu.vn/","Số điện thoại trường":"Không có","layer_id":311,"fid":774,"label":"Mầm non Sơn Ca (Tân Lược)"}},{"type":"Feature","geometry":{"type":"Point","coordinates":[105.7140166,10.16056109]},"properties":{"Trường Mầm Non, Mẫu Giáo":"Mầm Non Hoa Phượng","Đơn vị quản lý":" Xã Tân Lược","Hiệu trưởng":"Nguyễn Thanh Hiền","Điện thoại hiệu trưởng":"945282051","Loại hình":"Công lập","Quy mô":"Trường mầm non","Đạt CQG (MĐ)":"Đạt chuẩn mức 1","Địa chỉ trường":"Tổ 2,Ấp An Thới, xã Tân Lược","Thư điện tử":"mghoaphuong.bt@vinhlong.edu.vn","Địa chỉ web trường":"c0hoaphuong.vinhlong.edu.vn","Số điện thoại trường":null,"layer_id":311,"fid":775,"label":"Mầm Non Hoa Phượng"}},{"type":"Feature","geometry":{"type":"Point","coordinates":[105.7725906,10.183878]},"properties":{"Trường Mầm Non, Mẫu Giáo":"Trường Mầm non Họa Mi","Đơn vị quản lý":" Xã Tân Lược","Hiệu trưởng":null,"Điện thoại hiệu trưởng":"979207059","Loại hình":"Công lập","Quy mô":"Trường mầm non","Đạt CQG (MĐ)":"Đạt chuẩn mức 1","Địa chỉ trường":"Tổ 5, ấp Tân Lập, xã Tân Lược","Thư điện tử":"mnhoami.bt@vinhlong.edu.vn","Địa chỉ web trường":"c0tanthanh.vinhlong.edu.vn","Số điện thoại trường":"979207059","layer_id":311,"fid":776,"label":"Trường Mầm non Họa Mi"}},{"type":"Feature","geometry":{"type":"Point","coordinates":[105.797712123,10.11637353]},"properties":{"Trường Mầm Non, Mẫu Giáo":"Mầm non Mỹ Thuận","Đơn vị quản lý":" Xã Mỹ Thuận","Hiệu trưởng":"Trương Thị Kim Thoa","Điện thoại hiệu trưởng":"907330012","Loại hình":"Công lập","Quy mô":"Trường mầm non","Đạt CQG (MĐ)":"Đạt chuẩn mức 1","Địa chỉ trường":"Tổ 7 ấp Mỹ Tú, xã Mỹ Thuận, tỉnh Vĩnh Long","Thư điện tử":"mgmythuan.bt@vinhlong.edu.vn","Địa chỉ web trường":"http://c0mythuan.vinhlong.edu.vn/","Số điện thoại trường":"02703.509.668","layer_id":311,"fid":777,"label":"Mầm non Mỹ Thuận"}},{"type":"Feature","geometry":{"type":"Point","coordinates":[105.822888307,10.145523236]},"properties":{"Trường Mầm Non, Mẫu Giáo":"Mầm Non Nguyễn Văn Thảnh","Đơn vị quản lý":" Xã Mỹ Thuận","Hiệu trưởng":"TRẦN THỊ CÂM PHỤNG","Điện thoại hiệu trưởng":"932832716","Loại hình":"Công lập","Quy mô":"Trường mầm non","Đạt CQG (MĐ)":"Đạt chuẩn mức 1","Địa chỉ trường":"Tổ 6, ấp Hòa Bình, xã Mỹ Thuận","Thư điện tử":"mgnguyenvanthanh.bt@vinhlong.edu.vn","Địa chỉ web trường":"http://c0nguyenvanthanh.vinhlong.edu.vn","Số điện thoại trường":"9032832716","layer_id":311,"fid":778,"label":"Mầm Non Nguyễn Văn Thảnh"}},{"type":"Feature","geometry":{"type":"Point","coordinates":[105.791739,10.152647]},"properties":{"Trường Mầm Non, Mẫu Giáo":"Mầm non Thành Trung","Đơn vị quản lý":" Xã Mỹ Thuận","Hiệu trưởng":"Võ Thị Trúc Linh","Điện thoại hiệu trưởng":"394746292","Loại hình":"Công lập","Quy mô":"Trường mầm non","Đạt CQG (MĐ)":"Đạt chuẩn mức 1","Địa chỉ trường":"Ấp Thành Thuận, xã Mỹ Thuận, tỉnh Vĩnh Long","Thư điện tử":"mgthanhtrung.bt@vinhlong.edu.vn","Địa chỉ web trường":"http://c0thanhtrung.vinhlong.edu.vn","Số điện thoại trường":"0394.746.292","layer_id":311,"fid":779,"label":"Mầm non Thành Trung"}},{"type":"Feature","geometry":{"type":"Point","coordinates":[105.7577848,10.1170908]},"properties":{"Trường Mầm Non, Mẫu Giáo":"Mầm Non Tuổi Thơ (Tân Quới)","Đơn vị quản lý":" Xã Tân Quới","Hiệu trưởng":"Trần Thị Kim Ba","Điện thoại hiệu trưởng":"907512099","Loại hình":"Công lập","Quy mô":"Trường mầm non","Đạt CQG (MĐ)":"Đạt chuẩn mức 1","Địa chỉ trường":"Tổ 19, ấp Thành Quới, xã Tân Quới","Thư điện tử":"mgtuoitho.bt@vinhlong.edu.vn","Địa chỉ web trường":"https://c0tuoitho.vinhlong.edu.vn/","Số điện thoại trường":"2706556855","layer_id":311,"fid":780,"label":"Mầm Non Tuổi Thơ (Tân Quới)"}},{"type":"Feature","geometry":{"type":"Point","coordinates":[105.7884675,10.09013889]},"properties":{"Trường Mầm Non, Mẫu Giáo":"Mầm Non Hoa Mai","Đơn vị quản lý":" Xã Tân Quới","Hiệu trưởng":"Kim Thị Lê","Điện thoại hiệu trưởng":"776564466","Loại hình":"Công lập","Quy mô":"Trường mầm non","Đạt CQG (MĐ)":"Đạt chuẩn mức 1","Địa chỉ trường":"Tổ 14, Ấp Thành Nghĩa, Xã Tân Quới ","Thư điện tử":"mghoamai.bt@vinhlong.edu.vn","Địa chỉ web trường":"c0hoamai.vinhlong.edu.vn","Số điện thoại trường":"Không có","layer_id":311,"fid":781,"label":"Mầm Non Hoa Mai"}},{"type":"Feature","geometry":{"type":"Point","coordinates":[105.958291,10.04245147]},"properties":{"Trường Mầm Non, Mẫu Giáo":"Trường Mẫu giáo Hướng Dương","Đơn vị quản lý":" Xã Tân Quới","Hiệu trưởng":"Phan Thanh Huệ","Điện thoại hiệu trưởng":"939930494","Loại hình":"Công lập","Quy mô":"Trường mẫu giáo","Đạt CQG (MĐ)":null,"Địa chỉ trường":"Tổ 01, ấp Tân Hậu, xã Tân Quới","Thư điện tử":"mghuongduong.bt@vinhlong.edu.vn","Địa chỉ web trường":"c0huongduong.vinhlong.edu.vn","Số điện thoại trường":"Không có","layer_id":311,"fid":782,"label":"Trường Mẫu giáo Hướng Dương"}},{"type":"Feature","geometry":{"type":"Point","coordinates":[105.8294881,10.05436242]},"properties":{"Trường Mầm Non, Mẫu Giáo":"Trường Mầm non Hoa Sen","Đơn vị quản lý":" Phường Đông Thành","Hiệu trưởng":"Nguyễn Thị Ngọc Minh","Điện thoại hiệu trưởng":"939836368","Loại hình":"Công lập","Quy mô":"Trường mầm non","Đạt CQG (MĐ)":"Đạt chuẩn mức 1","Địa chỉ trường":"Đông Hậu, phường Đông Thành","Thư điện tử":"mnhoasen.txbm@vinhlong.edu.vn","Địa chỉ web trường":"https://c0hoasen.vinhlong.edu.vn","Số điện thoại trường":"2703891068","layer_id":311,"fid":783,"label":"Trường Mầm non Hoa Sen"}},{"type":"Feature","geometry":{"type":"Point","coordinates":[105.8793835,10.00216337]},"properties":{"Trường Mầm Non, Mẫu Giáo":"Trường Mầm non Sao Mai","Đơn vị quản lý":" Phường Đông Thành","Hiệu trưởng":"Nguyễn Thị Thắm","Điện thoại hiệu trưởng":"939469759","Loại hình":"Công lập","Quy mô":"Trường mầm non","Đạt CQG (MĐ)":"Đạt chuẩn mức 1","Địa chỉ trường":"Đông  Hòa 2, Đông Thành","Thư điện tử":"mnsaomai.dongthanh@vinhlong.gov.vn","Địa chỉ web trường":"c0saomai.vinhlong.edu.vn","Số điện thoại trường":"2702242173","layer_id":311,"fid":784,"label":"Trường Mầm non Sao Mai"}},{"type":"Feature","geometry":{"type":"Point","coordinates":[105.8637978,10.0560856]},"properties":{"Trường Mầm Non, Mẫu Giáo":"Mầm non Đông Thạnh","Đơn vị quản lý":" Phường Đông Thành","Hiệu trưởng":"Nguyễn Anh Đào","Điện thoại hiệu trưởng":"349308839","Loại hình":"Công lập","Quy mô":"Trường mầm non","Đạt CQG (MĐ)":"Đạt chuẩn mức 1","Địa chỉ trường":"Đông Thạnh B, Đông Thành","Thư điện tử":"mndongthanh.dongthanh@vinhlong.gov.nv","Địa chỉ web trường":"https://c0dongthanh.vinhlong.edu.vn/","Số điện thoại trường":"349308839","layer_id":311,"fid":786,"label":"Mầm non Đông Thạnh"}},{"type":"Feature","geometry":{"type":"Point","coordinates":[105.921410252,9.964021461]},"properties":{"Trường Mầm Non, Mẫu Giáo":"Mầm non Ánh Dương","Đơn vị quản lý":" Xã Trà Ôn","Hiệu trưởng":"Lê Thị Trúc Duyên","Điện thoại hiệu trưởng":"969441693","Loại hình":"Công lập","Quy mô":"Trường mầm non","Đạt CQG (MĐ)":"Đạt chuẩn mức 2","Địa chỉ trường":"ấp 2, Xã Trà Ôn, tỉnh Vĩnh Long.","Thư điện tử":"mnanhduong.to@vinhlong.edu","Địa chỉ web trường":"https://c0anhduongthitrantraon.vinhlong.edu.vn","Số điện thoại trường":"2703770712","layer_id":311,"fid":787,"label":"Mầm non Ánh Dương"}},{"type":"Feature","geometry":{"type":"Point","coordinates":[105.922486209,9.967773094]},"properties":{"Trường Mầm Non, Mẫu Giáo":"Mầm non Thiện Mỹ","Đơn vị quản lý":" Xã Trà Ôn","Hiệu trưởng":"THÁI THỊ KIM PHƯƠNG","Điện thoại hiệu trưởng":"937026400","Loại hình":"Công lập","Quy mô":"Trường mầm non","Đạt CQG (MĐ)":"Đạt chuẩn mức 1","Địa chỉ trường":"Ấp Mỹ Trung, Xã Trà Ôn, Tỉnh Vĩnh Long","Thư điện tử":"mnthienmy.to@vinhlong.edu.vn","Địa chỉ web trường":"https://c0thienmy.vinhlong.edu.vn","Số điện thoại trường":"2703776308","layer_id":311,"fid":788,"label":"Mầm non Thiện Mỹ"}},{"type":"Feature","geometry":{"type":"Point","coordinates":[105.976847108,9.915914556]},"properties":{"Trường Mầm Non, Mẫu Giáo":"Mầm non Tích Thiện","Đơn vị quản lý":" Xã Trà Ôn","Hiệu trưởng":"Võ Thúy Hằng","Điện thoại hiệu trưởng":"783860290","Loại hình":"Công lập","Quy mô":"Trường mầm non","Đạt CQG (MĐ)":"Đạt chuẩn mức 2","Địa chỉ trường":"Ấp Tích Lộc, xã Trà Ôn, tỉnh Vĩnh Long ","Thư điện tử":"mgtichthien.to@vinhlong.edu.vn","Địa chỉ web trường":"https://c0tichthien.vinhlong.edu.vn","Số điện thoại trường":"2703784297","layer_id":311,"fid":789,"label":"Mầm non Tích Thiện"}},{"type":"Feature","geometry":{"type":"Point","coordinates":[106.047372,10.076409]},"properties":{"Trường Mầm Non, Mẫu Giáo":"Mầm Non Xuân Hiệp","Đơn vị quản lý":" Xã Hòa Bình","Hiệu trưởng":"Nguyễn Thị Tơ","Điện thoại hiệu trưởng":"367648062","Loại hình":"Công lập","Quy mô":"Trường mầm non","Đạt CQG (MĐ)":"Đạt chuẩn mức 1","Địa chỉ trường":"ấp Hồi Xuân, xã Hòa Bình, tỉnh Vĩnh Long ","Thư điện tử":"mgxuanhiep.to@vinhlong.edu.vn","Địa chỉ web trường":"https://c0xuanhiep.vinhlong.edu.vn/","Số điện thoại trường":"2703789070","layer_id":311,"fid":790,"label":"Mầm Non Xuân Hiệp"}},{"type":"Feature","geometry":{"type":"Point","coordinates":[106.0635061,10.05111101]},"properties":{"Trường Mầm Non, Mẫu Giáo":"Mầm Non Hòa Bình","Đơn vị quản lý":" Xã Hòa Bình","Hiệu trưởng":"Lê Thị Cẩm Tú","Điện thoại hiệu trưởng":"356468887","Loại hình":"Công lập","Quy mô":"Trường mầm non","Đạt CQG (MĐ)":"Đạt chuẩn mức 1","Địa chỉ trường":"Ấp Tân Thuận, xã Hòa Bình, tỉnh Vĩnh Long","Thư điện tử":"mghoabinh.to@vinhlong.edu.vn","Địa chỉ web trường":"https://c0hoabinh.vinhlong.edu.vn/","Số điện thoại trường":"2703722080","layer_id":311,"fid":791,"label":"Mầm Non Hòa Bình"}},{"type":"Feature","geometry":{"type":"Point","coordinates":[106.038834,9.998858]},"properties":{"Trường Mầm Non, Mẫu Giáo":"Mầm Non Thới Hòa","Đơn vị quản lý":" Xã Hòa Bình","Hiệu trưởng":"Nguyễn Thị Hường","Điện thoại hiệu trưởng":"387219629","Loại hình":"Công lập","Quy mô":"Trường mầm non","Đạt CQG (MĐ)":"Đạt chuẩn mức 1","Địa chỉ trường":"Ấp Tường Hưng, xã Hoà Bình, tỉnh Vĩnh Long ","Thư điện tử":"mnthoihoa.to@vinhlong.edu.vn","Địa chỉ web trường":"https://c0thoihoa.vinhlong.edu.vn","Số điện thoại trường":"2703889370","layer_id":311,"fid":792,"label":"Mầm Non Thới Hòa"}},{"type":"Feature","geometry":{"type":"Point","coordinates":[105.9583524,9.989151541]},"properties":{"Trường Mầm Non, Mẫu Giáo":"Trường Mầm non Tân Mỹ","Đơn vị quản lý":" Xã Trà Côn","Hiệu trưởng":"Nguyễn Thị Thu Trang","Điện thoại hiệu trưởng":"939070269","Loại hình":"Công lập","Quy mô":"Trường mầm non","Đạt CQG (MĐ)":"Đạt chuẩn mức 2","Địa chỉ trường":"Ấp Mỹ An, xã Trà Côn, tỉnh Vĩnh Long","Thư điện tử":"mntanmy.to@vinhlong.edu.vn","Địa chỉ web trường":"https://c0tanmy.vinhlong.edu.vn","Số điện thoại trường":"2703775086","layer_id":311,"fid":793,"label":"Trường Mầm non Tân Mỹ"}},{"type":"Feature","geometry":{"type":"Point","coordinates":[106.0266248,10.04737691]},"properties":{"Trường Mầm Non, Mẫu Giáo":"Mầm Non Nhơn Bình","Đơn vị quản lý":" Xã Trà Côn","Hiệu trưởng":"Lê Thị Hồng Đào","Điện thoại hiệu trưởng":"906348014","Loại hình":"Công lập","Quy mô":"Trường mầm non","Đạt CQG (MĐ)":null,"Địa chỉ trường":"Ấp Tường Ngãi, xã Trà Côn, tỉnh Vĩnh Long","Thư điện tử":"mgnhonbinh.to@vinhlong.edu.vn","Địa chỉ web trường":"https://c0nhonbinh.vinhlong.edu.vn","Số điện thoại trường":"2703721515","layer_id":311,"fid":794,"label":"Mầm Non Nhơn Bình"}},{"type":"Feature","geometry":{"type":"Point","coordinates":[105.9915495,10.01637866]},"properties":{"Trường Mầm Non, Mẫu Giáo":"Mầm non Trà Côn","Đơn vị quản lý":" Xã Trà Côn","Hiệu trưởng":"Nguyễn Hoàng Oanh","Điện thoại hiệu trưởng":"981334446","Loại hình":"Công lập","Quy mô":"Trường mầm non","Đạt CQG (MĐ)":null,"Địa chỉ trường":"Ấp Trà Ngoa, xã Trà Côn, tỉnh Vĩnh Long","Thư điện tử":"mntracon.to@vinhlong.edu.vn","Địa chỉ web trường":"https://c0tracon.vinhlong.edu.vn","Số điện thoại trường":"2703723568","layer_id":311,"fid":795,"label":"Mầm non Trà Côn"}},{"type":"Feature","geometry":{"type":"Point","coordinates":[106.0320341,9.955263592]},"properties":{"Trường Mầm Non, Mẫu Giáo":"Mầm Non Thuận Thới","Đơn vị quản lý":" Xã Vĩnh Xuân","Hiệu trưởng":"Trần Thị Trang","Điện thoại hiệu trưởng":"975112055","Loại hình":"Công lập","Quy mô":"Trường mầm non","Đạt CQG (MĐ)":"Đạt chuẩn mức 1","Địa chỉ trường":"Ấp Cống Đá, xã Vĩnh Xuân, tỉnh Vĩnh Long","Thư điện tử":"mnthuanthoi.to@vinhlong.edu.vn","Địa chỉ web trường":"https://c0thuanthoi.vinhlong.edu.vn","Số điện thoại trường":"2703884460","layer_id":311,"fid":796,"label":"Mầm Non Thuận Thới"}},{"type":"Feature","geometry":{"type":"Point","coordinates":[106.009976409,9.94832227]},"properties":{"Trường Mầm Non, Mẫu Giáo":"Mầm non Vĩnh Xuân","Đơn vị quản lý":" Xã Vĩnh Xuân","Hiệu trưởng":"Huỳnh Thị Trang","Điện thoại hiệu trưởng":"939501479","Loại hình":"Công lập","Quy mô":"Trường mầm non","Đạt CQG (MĐ)":"Đạt chuẩn mức 2","Địa chỉ trường":"Ấp Vĩnh Trinh, xã Vĩnh Xuân, tỉnh Vĩnh Long","Thư điện tử":"mnvinhxuan.to@vinhlong.edu.vn","Địa chỉ web trường":"https://c0vinhxuan.vinhlong.edu.vn","Số điện thoại trường":"2703884533","layer_id":311,"fid":797,"label":"Mầm non Vĩnh Xuân"}},{"type":"Feature","geometry":{"type":"Point","coordinates":[106.08227025,9.960435884]},"properties":{"Trường Mầm Non, Mẫu Giáo":"Mầm Non Hựu Thành","Đơn vị quản lý":" Xã Vĩnh Xuân","Hiệu trưởng":"Mai Phan Nhã Trúc","Điện thoại hiệu trưởng":"794200486","Loại hình":"Công lập","Quy mô":"Trường mầm non","Đạt CQG (MĐ)":"Đạt chuẩn mức 1","Địa chỉ trường":"Ấp Khu Phố, xã Vĩnh Xuân, tỉnh Vĩnh Long","Thư điện tử":"mnhuuthanh.to@vinhlong.edu.vn","Địa chỉ web trường":"https://c0huuthanh.vinhlong.edu.vn/","Số điện thoại trường":"2703889921","layer_id":311,"fid":798,"label":"Mầm Non Hựu Thành"}},{"type":"Feature","geometry":{"type":"Point","coordinates":[105.898446589,9.95210568]},"properties":{"Trường Mầm Non, Mẫu Giáo":"Trường Mầm non Lục Sĩ Thành","Đơn vị quản lý":" Xã Lục Sĩ Thành","Hiệu trưởng":null,"Điện thoại hiệu trưởng":"774810567","Loại hình":"Công lập","Quy mô":"Trường mầm non","Đạt CQG (MĐ)":"Đạt chuẩn mức 1","Địa chỉ trường":"ấp Tân An, xã Lục Sĩ Thành","Thư điện tử":"mglucsi.to@vinhlong.edu.vn","Địa chỉ web trường":"http://c0lucsithanh.vinhlong.edu.vn","Số điện thoại trường":"2703780813","layer_id":311,"fid":799,"label":"Trường Mầm non Lục Sĩ Thành"}},{"type":"Feature","geometry":{"type":"Point","coordinates":[105.880279,9.979311]},"properties":{"Trường Mầm Non, Mẫu Giáo":"Trường Mầm Non Phú Thành","Đơn vị quản lý":" Xã Lục Sĩ Thành","Hiệu trưởng":null,"Điện thoại hiệu trưởng":null,"Loại hình":"Công lập","Quy mô":"Trường mầm non","Đạt CQG (MĐ)":"Đạt chuẩn mức 1","Địa chỉ trường":"Ấp Phú Sung, Xã Lục Sĩ Thành, tỉnh Vĩnh Long","Thư điện tử":"mgphuthanh.to@vinhlong.edu.vn","Địa chỉ web trường":"https://c0phuthanh.vinhlong.edu.vn/","Số điện thoại trường":"2703781353","layer_id":311,"fid":800,"label":"Trường Mầm Non Phú Thành"}}]}
