{"type":"FeatureCollection","name":"Trường Tiểu học","metadata":{"source":"https://hatang.vinhlong.gov.vn/","downloaded_at":"2026-07-20T01:16:16+00:00","layer_id":312,"layer_name":"Trường Tiểu học","catalog_endpoints":["/map/publicLayers2?inputs=sogddt"],"requested_bbox":[104.0,8.0,108.0,12.0],"tile_size":0.0,"tile_count":1,"tile_errors":[],"feature_count":471,"coordinate_order":"x,y (thường là longitude,latitude theo cấu hình EPSG:4326 của WebGIS)"},"features":[{"type":"Feature","geometry":{"type":"Point","coordinates":[105.935014,10.221816]},"properties":{"Trường tiểu học":"Tiểu học Tân Hạnh B","Địa chỉ trường":"Số 4D/17, khóm Tân Hoà, Phường Tân Hạnh","Cấp học":"Tiểu học","Loại hình":null,"Số điện thoại trường":"02703811123","Đạt CQG (MĐ)":null,"layer_id":312,"fid":1255,"label":"Tiểu học Tân Hạnh B"}},{"type":"Feature","geometry":{"type":"Point","coordinates":[105.975026,10.251962]},"properties":{"Trường tiểu học":"Tiểu học Hùng Vương","Địa chỉ trường":"27 Hưng Đạo Vương, Phường Long Châu","Cấp học":"Tiểu học","Loại hình":null,"Số điện thoại trường":"02703822046","Đạt CQG (MĐ)":null,"layer_id":312,"fid":1503,"label":"Tiểu học Hùng Vương"}},{"type":"Feature","geometry":{"type":"Point","coordinates":[106.014152,10.193274]},"properties":{"Trường tiểu học":"Tiểu học Long Hồ","Địa chỉ trường":"Ấp An Đức, Xã Long Hồ","Cấp học":"Tiểu học","Loại hình":null,"Số điện thoại trường":"02703850488","Đạt CQG (MĐ)":null,"layer_id":312,"fid":1256,"label":"Tiểu học Long Hồ"}},{"type":"Feature","geometry":{"type":"Point","coordinates":[106.023183,10.15296]},"properties":{"Trường tiểu học":"Tiểu học Long An A","Địa chỉ trường":"Ấp An Hiệp , Xã Long Hồ","Cấp học":"Tiểu học","Loại hình":null,"Số điện thoại trường":"02703850694","Đạt CQG (MĐ)":null,"layer_id":312,"fid":1257,"label":"Tiểu học Long An A"}},{"type":"Feature","geometry":{"type":"Point","coordinates":[105.962457,10.251759]},"properties":{"Trường tiểu học":"Tiểu học Nguyễn Huệ","Địa chỉ trường":"71 Nguyễn Huệ, Phường Long Châu","Cấp học":"Tiểu học","Loại hình":null,"Số điện thoại trường":"02703.503879","Đạt CQG (MĐ)":null,"layer_id":312,"fid":1504,"label":"Tiểu học Nguyễn Huệ"}},{"type":"Feature","geometry":{"type":"Point","coordinates":[105.98223,10.180077]},"properties":{"Trường tiểu học":"Tiểu học Phú Đức A","Địa chỉ trường":"Ấp An Thành, Xã Long Hồ","Cấp học":"Tiểu học","Loại hình":null,"Số điện thoại trường":"02706271626","Đạt CQG (MĐ)":null,"layer_id":312,"fid":1258,"label":"Tiểu học Phú Đức A"}},{"type":"Feature","geometry":{"type":"Point","coordinates":[106.272072,9.995312]},"properties":{"Trường tiểu học":"Tiểu học Bình Phú B","Địa chỉ trường":"Ấp Phú Phong, Xã Bình Phú","Cấp học":"Tiểu học","Loại hình":null,"Số điện thoại trường":"02946299799","Đạt CQG (MĐ)":null,"layer_id":312,"fid":1286,"label":"Tiểu học Bình Phú B"}},{"type":"Feature","geometry":{"type":"Point","coordinates":[105.971246,10.252041]},"properties":{"Trường tiểu học":"Tiểu học Nguyễn Du","Địa chỉ trường":"58 đường 19/8, Phường Long Châu","Cấp học":"Tiểu học","Loại hình":null,"Số điện thoại trường":"0270.3823402","Đạt CQG (MĐ)":null,"layer_id":312,"fid":1505,"label":"Tiểu học Nguyễn Du"}},{"type":"Feature","geometry":{"type":"Point","coordinates":[105.9106574,10.184216]},"properties":{"Trường tiểu học":"Tiểu học Phú Quới C","Địa chỉ trường":"Ấp Phước Bình B, Xã Phú Quới","Cấp học":"Tiểu học","Loại hình":null,"Số điện thoại trường":"02703960813","Đạt CQG (MĐ)":null,"layer_id":312,"fid":1259,"label":"Tiểu học Phú Quới C"}},{"type":"Feature","geometry":{"type":"Point","coordinates":[105.970839,10.182671]},"properties":{"Trường tiểu học":"Tiểu học Lộc Hòa A","Địa chỉ trường":"Ấp Phước Tân, Xã Phú Quới","Cấp học":"Tiểu học","Loại hình":null,"Số điện thoại trường":"02703811925","Đạt CQG (MĐ)":null,"layer_id":312,"fid":1260,"label":"Tiểu học Lộc Hòa A"}},{"type":"Feature","geometry":{"type":"Point","coordinates":[105.9311307,10.2601044]},"properties":{"Trường tiểu học":"Tiểu học Nguyễn Hữu Huân","Địa chỉ trường":"Số 424 khóm Tân Quới Đông, Phường Long Châu","Cấp học":"Tiểu học","Loại hình":null,"Số điện thoại trường":"02703 823061","Đạt CQG (MĐ)":null,"layer_id":312,"fid":1506,"label":"Tiểu học Nguyễn Hữu Huân"}},{"type":"Feature","geometry":{"type":"Point","coordinates":[105.933379,10.185533]},"properties":{"Trường tiểu học":"Tiểu học Lộc Hòa B","Địa chỉ trường":"Ấp Long Hòa, Xã Phú Quới","Cấp học":"Tiểu học","Loại hình":null,"Số điện thoại trường":"02703811929","Đạt CQG (MĐ)":null,"layer_id":312,"fid":1261,"label":"Tiểu học Lộc Hòa B"}},{"type":"Feature","geometry":{"type":"Point","coordinates":[106.02128,10.20513]},"properties":{"Trường tiểu học":"Tiểu học Hòa Tịnh A","Địa chỉ trường":"Ấp Bình Tịnh A, Xã Bình Phước","Cấp học":"Tiểu học","Loại hình":null,"Số điện thoại trường":"'02703506224","Đạt CQG (MĐ)":null,"layer_id":312,"fid":1262,"label":"Tiểu học Hòa Tịnh A"}},{"type":"Feature","geometry":{"type":"Point","coordinates":[105.980687,10.24212]},"properties":{"Trường tiểu học":"Tiểu học Trần Đại Nghĩa","Địa chỉ trường":"33/1A đường Phạm Thái Bường, Phường Phước Hậu","Cấp học":"Tiểu học","Loại hình":null,"Số điện thoại trường":"02703829175","Đạt CQG (MĐ)":null,"layer_id":312,"fid":1507,"label":"Tiểu học Trần Đại Nghĩa"}},{"type":"Feature","geometry":{"type":"Point","coordinates":[106.028494,10.169621]},"properties":{"Trường tiểu học":"Tiểu học Bình Phước A","Địa chỉ trường":"Ấp Phước Lộc Thọ, Xã Bình Phước","Cấp học":"Tiểu học","Loại hình":null,"Số điện thoại trường":"02706279479","Đạt CQG (MĐ)":null,"layer_id":312,"fid":1263,"label":"Tiểu học Bình Phước A"}},{"type":"Feature","geometry":{"type":"Point","coordinates":[105.989181,10.233744]},"properties":{"Trường tiểu học":"Tiểu học Trần Quốc Tuấn","Địa chỉ trường":"Số 64/3, đường Trần Phú., Phường Phước Hậu","Cấp học":"Tiểu học","Loại hình":null,"Số điện thoại trường":"02703823029","Đạt CQG (MĐ)":null,"layer_id":312,"fid":1508,"label":"Tiểu học Trần Quốc Tuấn"}},{"type":"Feature","geometry":{"type":"Point","coordinates":[106.043994,10.1823046]},"properties":{"Trường tiểu học":"Tiểu học Bình Phước C","Địa chỉ trường":"Ấp Phước Chí, Xã Bình Phước","Cấp học":"Tiểu học","Loại hình":null,"Số điện thoại trường":"02703937380","Đạt CQG (MĐ)":null,"layer_id":312,"fid":1264,"label":"Tiểu học Bình Phước C"}},{"type":"Feature","geometry":{"type":"Point","coordinates":[5.982105,10.249411]},"properties":{"Trường tiểu học":"Tiểu học Thiềng Đức","Địa chỉ trường":"Số 129 đường 8/3, Phường Thanh Đức","Cấp học":"Tiểu học","Loại hình":null,"Số điện thoại trường":"02703823964","Đạt CQG (MĐ)":null,"layer_id":312,"fid":1509,"label":"Tiểu học Thiềng Đức"}},{"type":"Feature","geometry":{"type":"Point","coordinates":[106.041476,10.166471]},"properties":{"Trường tiểu học":"Tiểu học Tân Long ","Địa chỉ trường":"Ấp Thân Bình, Xã Tân Long Hội","Cấp học":"Tiểu học","Loại hình":null,"Số điện thoại trường":"07023933293","Đạt CQG (MĐ)":null,"layer_id":312,"fid":1265,"label":"Tiểu học Tân Long "}},{"type":"Feature","geometry":{"type":"Point","coordinates":[0.0,0.0]},"properties":{"Trường tiểu học":"Tiểu học Trương Định","Địa chỉ trường":"Số 110 đường 8/3, Phường Thanh Đức","Cấp học":"Tiểu học","Loại hình":null,"Số điện thoại trường":"02703.82571","Đạt CQG (MĐ)":null,"layer_id":312,"fid":1510,"label":"Tiểu học Trương Định"}},{"type":"Feature","geometry":{"type":"Point","coordinates":[106.1270291,10.1236581]},"properties":{"Trường tiểu học":"Tiểu học Trung Chánh A","Địa chỉ trường":"Ấp Rạch Chim, Xã Trung Hiệp","Cấp học":"Tiểu học","Loại hình":null,"Số điện thoại trường":"02703870561","Đạt CQG (MĐ)":null,"layer_id":312,"fid":1266,"label":"Tiểu học Trung Chánh A"}},{"type":"Feature","geometry":{"type":"Point","coordinates":[106.11276551,10.087172794]},"properties":{"Trường tiểu học":"Tiểu học Hiếu Phụng A","Địa chỉ trường":"Ấp Hiếu Hiệp, Xã Hiếu Phụng","Cấp học":"Tiểu học","Loại hình":null,"Số điện thoại trường":"02703874789","Đạt CQG (MĐ)":null,"layer_id":312,"fid":1267,"label":"Tiểu học Hiếu Phụng A"}},{"type":"Feature","geometry":{"type":"Point","coordinates":[106.01083,10.25338]},"properties":{"Trường tiểu học":"Tiểu học Thanh Đức C","Địa chỉ trường":"Khóm Sơn Đông, Phường Thanh Đức","Cấp học":"Tiểu học","Loại hình":null,"Số điện thoại trường":"02703850695","Đạt CQG (MĐ)":null,"layer_id":312,"fid":1511,"label":"Tiểu học Thanh Đức C"}},{"type":"Feature","geometry":{"type":"Point","coordinates":[106.109997081,10.052718152]},"properties":{"Trường tiểu học":"Tiểu học Huỳnh Văn Lời","Địa chỉ trường":"Ấp Quang Trường, Xã Hiếu Phụng","Cấp học":"Tiểu học","Loại hình":null,"Số điện thoại trường":"02703987303","Đạt CQG (MĐ)":null,"layer_id":312,"fid":1268,"label":"Tiểu học Huỳnh Văn Lời"}},{"type":"Feature","geometry":{"type":"Point","coordinates":[105.957887,10.234375]},"properties":{"Trường tiểu học":"Tiểu học Chu Văn An","Địa chỉ trường":"Số 25, Phan Đình Phùng, Khóm 2, Phường Tân Hạnh","Cấp học":"Tiểu học","Loại hình":null,"Số điện thoại trường":"02703822913","Đạt CQG (MĐ)":null,"layer_id":312,"fid":1512,"label":"Tiểu học Chu Văn An"}},{"type":"Feature","geometry":{"type":"Point","coordinates":[106.14108,10.02781]},"properties":{"Trường tiểu học":"Tiểu học Trung An A","Địa chỉ trường":"Ắp An Phước, Xã Hiếu Phụng","Cấp học":"Tiểu học","Loại hình":null,"Số điện thoại trường":"02703987023","Đạt CQG (MĐ)":null,"layer_id":312,"fid":1269,"label":"Tiểu học Trung An A"}},{"type":"Feature","geometry":{"type":"Point","coordinates":[106.102528,10.003538]},"properties":{"Trường tiểu học":"Tiểu học Hiếu Nhơn B","Địa chỉ trường":"Ấp Ngã Phú, Xã Hiếu Thành","Cấp học":"Tiểu học","Loại hình":null,"Số điện thoại trường":"02703987808","Đạt CQG (MĐ)":null,"layer_id":312,"fid":1270,"label":"Tiểu học Hiếu Nhơn B"}},{"type":"Feature","geometry":{"type":"Point","coordinates":[105.920603,10.259023]},"properties":{"Trường tiểu học":"Tiểu học Nguyễn Trung Trực","Địa chỉ trường":"Số 139, khóm Vĩnh Hòa , Phường Tân Ngãi","Cấp học":"Tiểu học","Loại hình":null,"Số điện thoại trường":"02703815929","Đạt CQG (MĐ)":null,"layer_id":312,"fid":1513,"label":"Tiểu học Nguyễn Trung Trực"}},{"type":"Feature","geometry":{"type":"Point","coordinates":[106.151686,10.070666]},"properties":{"Trường tiểu học":"Tiểu học Nguyễn Trung Kiên","Địa chỉ trường":"Ấp Bình Thành, Xã Trung Thành","Cấp học":"Tiểu học","Loại hình":null,"Số điện thoại trường":"02703870311","Đạt CQG (MĐ)":null,"layer_id":312,"fid":1271,"label":"Tiểu học Nguyễn Trung Kiên"}},{"type":"Feature","geometry":{"type":"Point","coordinates":[106.192131,10.074647]},"properties":{"Trường tiểu học":"Tiểu học Trung Thành A","Địa chỉ trường":"Ấp Trung Trạch, Xã Trung Thành","Cấp học":"Tiểu học","Loại hình":null,"Số điện thoại trường":"0961596166","Đạt CQG (MĐ)":null,"layer_id":312,"fid":1272,"label":"Tiểu học Trung Thành A"}},{"type":"Feature","geometry":{"type":"Point","coordinates":[105.896182,10.264715]},"properties":{"Trường tiểu học":"Tiểu học Lý Thường Kiệt","Địa chỉ trường":"Hương lộ 18, khóm Mỹ Phú , Phường Tân Ngãi","Cấp học":"Tiểu học","Loại hình":null,"Số điện thoại trường":"02703823940","Đạt CQG (MĐ)":null,"layer_id":312,"fid":1514,"label":"Tiểu học Lý Thường Kiệt"}},{"type":"Feature","geometry":{"type":"Point","coordinates":[105.96236,10.20629]},"properties":{"Trường tiểu học":"Tiểu học Long Phước B","Địa chỉ trường":"Ấp Phước Trinh, Xã Long Hồ","Cấp học":"Tiểu học","Loại hình":null,"Số điện thoại trường":"02703851440","Đạt CQG (MĐ)":null,"layer_id":312,"fid":1515,"label":"Tiểu học Long Phước B"}},{"type":"Feature","geometry":{"type":"Point","coordinates":[105.960535,10.064668]},"properties":{"Trường tiểu học":"Tiểu học Mỹ Thạnh Trung","Địa chỉ trường":"Ấp Bằng Tăng, Xã Tam Bình","Cấp học":"Tiểu học","Loại hình":null,"Số điện thoại trường":"02703717171","Đạt CQG (MĐ)":null,"layer_id":312,"fid":1273,"label":"Tiểu học Mỹ Thạnh Trung"}},{"type":"Feature","geometry":{"type":"Point","coordinates":[105.958763,10.126963]},"properties":{"Trường tiểu học":"Tiểu học Tân Lộc","Địa chỉ trường":"Ấp 2, xã Cái Ngang, Xã Cái Ngang","Cấp học":"Tiểu học","Loại hình":null,"Số điện thoại trường":"02703718579","Đạt CQG (MĐ)":null,"layer_id":312,"fid":1274,"label":"Tiểu học Tân Lộc"}},{"type":"Feature","geometry":{"type":"Point","coordinates":[105.92013,10.159596]},"properties":{"Trường tiểu học":"Tiểu học Phú Quới A","Địa chỉ trường":"Ấp Phú Long A, Xã Phú Quới","Cấp học":"Tiểu học","Loại hình":null,"Số điện thoại trường":"02706277779","Đạt CQG (MĐ)":null,"layer_id":312,"fid":1516,"label":"Tiểu học Phú Quới A"}},{"type":"Feature","geometry":{"type":"Point","coordinates":[105.966913,10.115832]},"properties":{"Trường tiểu học":"Tiểu học Cái Ngang","Địa chỉ trường":"Ấp 6, Xã Cái Ngang","Cấp học":"Tiểu học","Loại hình":null,"Số điện thoại trường":"02703717211","Đạt CQG (MĐ)":null,"layer_id":312,"fid":1275,"label":"Tiểu học Cái Ngang"}},{"type":"Feature","geometry":{"type":"Point","coordinates":[105.816841,10.06669]},"properties":{"Trường tiểu học":"Tiểu học Lê Thánh Tông","Địa chỉ trường":"Đường Lê Văn Vị, khóm 2, Phường Cái Vồn","Cấp học":"Tiểu học","Loại hình":null,"Số điện thoại trường":"02703890767","Đạt CQG (MĐ)":null,"layer_id":312,"fid":1276,"label":"Tiểu học Lê Thánh Tông"}},{"type":"Feature","geometry":{"type":"Point","coordinates":[105.970839,10.182671]},"properties":{"Trường tiểu học":"Tiểu học Lộc Hòa A","Địa chỉ trường":"Ấp Phước Tân, Xã Phú Quới","Cấp học":"Tiểu học","Loại hình":null,"Số điện thoại trường":"02703811925","Đạt CQG (MĐ)":null,"layer_id":312,"fid":1517,"label":"Tiểu học Lộc Hòa A"}},{"type":"Feature","geometry":{"type":"Point","coordinates":[105.897861,10.168185]},"properties":{"Trường tiểu học":"Tiểu học Thạnh Quới A","Địa chỉ trường":"Ấp Thạnh Phú, Xã Phú Quới","Cấp học":"Tiểu học","Loại hình":null,"Số điện thoại trường":"02703811221","Đạt CQG (MĐ)":null,"layer_id":312,"fid":1518,"label":"Tiểu học Thạnh Quới A"}},{"type":"Feature","geometry":{"type":"Point","coordinates":[105.825315807,10.062180308]},"properties":{"Trường tiểu học":"Tiểu học Nguyễn Thị Minh Khai","Địa chỉ trường":"Khóm Đông Bình A, Phường Đông Thành","Cấp học":"Tiểu học","Loại hình":null,"Số điện thoại trường":"02703891175","Đạt CQG (MĐ)":null,"layer_id":312,"fid":1277,"label":"Tiểu học Nguyễn Thị Minh Khai"}},{"type":"Feature","geometry":{"type":"Point","coordinates":[105.875808,10.038771]},"properties":{"Trường tiểu học":"Tiểu học Phan Văn Năm","Địa chỉ trường":"Ấp Thạnh An , Phường Đông Thành","Cấp học":"Tiểu học","Loại hình":null,"Số điện thoại trường":"02703891604","Đạt CQG (MĐ)":null,"layer_id":312,"fid":1278,"label":"Tiểu học Phan Văn Năm"}},{"type":"Feature","geometry":{"type":"Point","coordinates":[105.964036,10.271064]},"properties":{"Trường tiểu học":"Tiểu học An Bình B","Địa chỉ trường":"Ấp An Thuận, Xã An Bình","Cấp học":"Tiểu học","Loại hình":null,"Số điện thoại trường":"02703858872","Đạt CQG (MĐ)":null,"layer_id":312,"fid":1519,"label":"Tiểu học An Bình B"}},{"type":"Feature","geometry":{"type":"Point","coordinates":[105.706267967,10.149536629]},"properties":{"Trường tiểu học":"Tiểu học Tân An Thạnh A","Địa chỉ trường":"Ấp An Thới, Xã Tân Lược","Cấp học":"Tiểu học","Loại hình":null,"Số điện thoại trường":"0946494094","Đạt CQG (MĐ)":null,"layer_id":312,"fid":1279,"label":"Tiểu học Tân An Thạnh A"}},{"type":"Feature","geometry":{"type":"Point","coordinates":[105.762881,10.108819]},"properties":{"Trường tiểu học":"Tiểu học Thành Đông A","Địa chỉ trường":"Ấp Thành Khương, Xã Tân Quới","Cấp học":"Tiểu học","Loại hình":null,"Số điện thoại trường":"0908342847","Đạt CQG (MĐ)":null,"layer_id":312,"fid":1280,"label":"Tiểu học Thành Đông A"}},{"type":"Feature","geometry":{"type":"Point","coordinates":[106.016098,10.282179]},"properties":{"Trường tiểu học":"Tiểu học Bình Hòa Phước A","Địa chỉ trường":"Ấp Bình Hòa 2, Xã An Bình","Cấp học":"Tiểu học","Loại hình":null,"Số điện thoại trường":"02703859761","Đạt CQG (MĐ)":null,"layer_id":312,"fid":1520,"label":"Tiểu học Bình Hòa Phước A"}},{"type":"Feature","geometry":{"type":"Point","coordinates":[106.161535,10.16757]},"properties":{"Trường tiểu học":"Tiểu học Chánh An ","Địa chỉ trường":"Ấp Mỹ Chánh, Xã  Cái Nhum","Cấp học":"Tiểu học","Loại hình":null,"Số điện thoại trường":"02703933977","Đạt CQG (MĐ)":null,"layer_id":312,"fid":1521,"label":"Tiểu học Chánh An "}},{"type":"Feature","geometry":{"type":"Point","coordinates":[105.779753,10.082501]},"properties":{"Trường tiểu học":"Tiểu học Thành Lợi A","Địa chỉ trường":"Tổ 1, ấp Thành Tâm, Xã Tân Quới","Cấp học":"Tiểu học","Loại hình":null,"Số điện thoại trường":"0869623709","Đạt CQG (MĐ)":null,"layer_id":312,"fid":1281,"label":"Tiểu học Thành Lợi A"}},{"type":"Feature","geometry":{"type":"Point","coordinates":[106.097539,10.191693]},"properties":{"Trường tiểu học":"Tiểu học Chánh Hội ","Địa chỉ trường":"Khóm 5, Xã  Cái Nhum","Cấp học":"Tiểu học","Loại hình":null,"Số điện thoại trường":"0986199267","Đạt CQG (MĐ)":null,"layer_id":312,"fid":1522,"label":"Tiểu học Chánh Hội "}},{"type":"Feature","geometry":{"type":"Point","coordinates":[105.756739,10.105299]},"properties":{"Trường tiểu học":"Tiểu học Thành Lợi C","Địa chỉ trường":"Tổ 19, ấp Thành Phú, Xã Tân Quới","Cấp học":"Tiểu học","Loại hình":null,"Số điện thoại trường":"0775946663","Đạt CQG (MĐ)":null,"layer_id":312,"fid":1282,"label":"Tiểu học Thành Lợi C"}},{"type":"Feature","geometry":{"type":"Point","coordinates":[105.821892,10.132999]},"properties":{"Trường tiểu học":"Tiểu học Nguyễn Văn Thảnh A","Địa chỉ trường":"Ấp Mỹ Hòa, Xã Mỹ Thuận","Cấp học":"Tiểu học","Loại hình":null,"Số điện thoại trường":"0907852277","Đạt CQG (MĐ)":null,"layer_id":312,"fid":1283,"label":"Tiểu học Nguyễn Văn Thảnh A"}},{"type":"Feature","geometry":{"type":"Point","coordinates":[106.103766,10.173241]},"properties":{"Trường tiểu học":"Tiểu học Cái Nhum","Địa chỉ trường":"Khóm 2, Xã  Cái Nhum","Cấp học":"Tiểu học","Loại hình":null,"Số điện thoại trường":"02703840675","Đạt CQG (MĐ)":null,"layer_id":312,"fid":1523,"label":"Tiểu học Cái Nhum"}},{"type":"Feature","geometry":{"type":"Point","coordinates":[106.21942,10.00287]},"properties":{"Trường tiểu học":"Tiểu học Càng Long B","Địa chỉ trường":"Khóm 9, Xã Càng Long","Cấp học":"Tiểu học","Loại hình":null,"Số điện thoại trường":"02943882156","Đạt CQG (MĐ)":null,"layer_id":312,"fid":1284,"label":"Tiểu học Càng Long B"}},{"type":"Feature","geometry":{"type":"Point","coordinates":[106.255981161,10.02568113]},"properties":{"Trường tiểu học":"Tiểu học Đỗ Văn Nại","Địa chỉ trường":"Ấp Dừa Đỏ 2, Xã Càng Long","Cấp học":"Tiểu học","Loại hình":null,"Số điện thoại trường":"0387854847","Đạt CQG (MĐ)":null,"layer_id":312,"fid":1285,"label":"Tiểu học Đỗ Văn Nại"}},{"type":"Feature","geometry":{"type":"Point","coordinates":[106.046944,10.215778]},"properties":{"Trường tiểu học":"Tiểu học Hòa Tịnh B","Địa chỉ trường":"Ấp Bình Hòa 2, , Xã Bình Phước","Cấp học":"Tiểu học","Loại hình":null,"Số điện thoại trường":"02703940383","Đạt CQG (MĐ)":null,"layer_id":312,"fid":1524,"label":"Tiểu học Hòa Tịnh B"}},{"type":"Feature","geometry":{"type":"Point","coordinates":[106.004739,10.213228]},"properties":{"Trường tiểu học":"Tiểu học Long Mỹ","Địa chỉ trường":"ấp Long Khánh, Xã Bình Phước","Cấp học":"Tiểu học","Loại hình":null,"Số điện thoại trường":"02703940544","Đạt CQG (MĐ)":null,"layer_id":312,"fid":1525,"label":"Tiểu học Long Mỹ"}},{"type":"Feature","geometry":{"type":"Point","coordinates":[106.15302,9.909777]},"properties":{"Trường tiểu học":"Tiểu học Tân An A","Địa chỉ trường":"Đường tỉnh 911, Ấp Tân An Chợ, Xã Tân An","Cấp học":"Tiểu học","Loại hình":null,"Số điện thoại trường":"02943886310","Đạt CQG (MĐ)":null,"layer_id":312,"fid":1287,"label":"Tiểu học Tân An A"}},{"type":"Feature","geometry":{"type":"Point","coordinates":[106.049699,10.240446]},"properties":{"Trường tiểu học":"Tiểu học Mỹ An A","Địa chỉ trường":"Ấp Hoà Long, Xã Nhơn Phú","Cấp học":"Tiểu học","Loại hình":null,"Số điện thoại trường":"02703849034","Đạt CQG (MĐ)":null,"layer_id":312,"fid":1526,"label":"Tiểu học Mỹ An A"}},{"type":"Feature","geometry":{"type":"Point","coordinates":[106.215974237,9.912349896]},"properties":{"Trường tiểu học":"Tiểu học Huyền Hội B","Địa chỉ trường":"Ấp Sóc, Xã Tân An","Cấp học":"Tiểu học","Loại hình":null,"Số điện thoại trường":null,"Đạt CQG (MĐ)":null,"layer_id":312,"fid":1288,"label":"Tiểu học Huyền Hội B"}},{"type":"Feature","geometry":{"type":"Point","coordinates":[106.134523627,10.002968323]},"properties":{"Trường tiểu học":"Tiểu học A An Trường","Địa chỉ trường":"Ấp 5A, Xã An Trường","Cấp học":"Tiểu học","Loại hình":null,"Số điện thoại trường":"02946294969","Đạt CQG (MĐ)":null,"layer_id":312,"fid":1289,"label":"Tiểu học A An Trường"}},{"type":"Feature","geometry":{"type":"Point","coordinates":[0.0,0.0]},"properties":{"Trường tiểu học":"Tiểu học Mỹ Phước ","Địa chỉ trường":"Ấp Cái Kè, Xã Nhơn Phú","Cấp học":"Tiểu học","Loại hình":null,"Số điện thoại trường":"0984329252","Đạt CQG (MĐ)":null,"layer_id":312,"fid":1527,"label":"Tiểu học Mỹ Phước "}},{"type":"Feature","geometry":{"type":"Point","coordinates":[106.29588,9.989983]},"properties":{"Trường tiểu học":"Tiểu học Đại Phước A","Địa chỉ trường":"Ấp Trà Gút , Xã Nhị Long","Cấp học":"Tiểu học","Loại hình":null,"Số điện thoại trường":"0977711066","Đạt CQG (MĐ)":null,"layer_id":312,"fid":1290,"label":"Tiểu học Đại Phước A"}},{"type":"Feature","geometry":{"type":"Point","coordinates":[106.291161,10.024684]},"properties":{"Trường tiểu học":"Tiểu học Đại Phước C","Địa chỉ trường":"Ấp Trung, Xã Nhị Long","Cấp học":"Tiểu học","Loại hình":null,"Số điện thoại trường":"0363997550","Đạt CQG (MĐ)":null,"layer_id":312,"fid":1291,"label":"Tiểu học Đại Phước C"}},{"type":"Feature","geometry":{"type":"Point","coordinates":[106.089029,10.211292]},"properties":{"Trường tiểu học":"Tiểu học Nhơn Phú A","Địa chỉ trường":"Ấp Phú Thọ, Xã Nhơn Phú","Cấp học":"Tiểu học","Loại hình":null,"Số điện thoại trường":"02703840386","Đạt CQG (MĐ)":null,"layer_id":312,"fid":1528,"label":"Tiểu học Nhơn Phú A"}},{"type":"Feature","geometry":{"type":"Point","coordinates":[106.071536,10.193543]},"properties":{"Trường tiểu học":"Tiểu học Nhơn Phú C","Địa chỉ trường":"Ấp Phú Thạnh C, Xã Nhơn Phú","Cấp học":"Tiểu học","Loại hình":null,"Số điện thoại trường":"0383354802","Đạt CQG (MĐ)":null,"layer_id":312,"fid":1529,"label":"Tiểu học Nhơn Phú C"}},{"type":"Feature","geometry":{"type":"Point","coordinates":[106.0772,9.90945]},"properties":{"Trường tiểu học":"Tiểu học Hoà Ân B","Địa chỉ trường":"Ấp Thông Thảo, Xã Cầu Kè","Cấp học":"Tiểu học","Loại hình":null,"Số điện thoại trường":"0772144593","Đạt CQG (MĐ)":null,"layer_id":312,"fid":1292,"label":"Tiểu học Hoà Ân B"}},{"type":"Feature","geometry":{"type":"Point","coordinates":[106.157252,9.860313]},"properties":{"Trường tiểu học":"Tiểu học Phong Thạnh B","Địa chỉ trường":"Ấp Cả Chương, Xã Phong Thạnh","Cấp học":"Tiểu học","Loại hình":null,"Số điện thoại trường":"0868136277","Đạt CQG (MĐ)":null,"layer_id":312,"fid":1293,"label":"Tiểu học Phong Thạnh B"}},{"type":"Feature","geometry":{"type":"Point","coordinates":[106.096258,10.157012]},"properties":{"Trường tiểu học":"Tiểu học Tân An Hội","Địa chỉ trường":"Ấp Tân An, Xã Tân Long Hội","Cấp học":"Tiểu học","Loại hình":null,"Số điện thoại trường":"0354488070","Đạt CQG (MĐ)":null,"layer_id":312,"fid":1530,"label":"Tiểu học Tân An Hội"}},{"type":"Feature","geometry":{"type":"Point","coordinates":[106.076478,9.935519]},"properties":{"Trường tiểu học":"Tiểu học Thông Hoà A","Địa chỉ trường":"Ấp Trà Mẹt, Xã Tam Ngãi","Cấp học":"Tiểu học","Loại hình":null,"Số điện thoại trường":"0388650440","Đạt CQG (MĐ)":null,"layer_id":312,"fid":1294,"label":"Tiểu học Thông Hoà A"}},{"type":"Feature","geometry":{"type":"Point","coordinates":[106.12776,9.926296]},"properties":{"Trường tiểu học":"Tiểu học Thạnh Phú","Địa chỉ trường":"Ấp 3 , Xã Tam Ngãi","Cấp học":"Tiểu học","Loại hình":null,"Số điện thoại trường":"0988378891","Đạt CQG (MĐ)":null,"layer_id":312,"fid":1295,"label":"Tiểu học Thạnh Phú"}},{"type":"Feature","geometry":{"type":"Point","coordinates":[106.14457,10.093968]},"properties":{"Trường tiểu học":"Tiểu học Trung Hiệp A","Địa chỉ trường":"Ấp Bình Phụng, Xã Trung Hiệp","Cấp học":"Tiểu học","Loại hình":null,"Số điện thoại trường":"0984449271","Đạt CQG (MĐ)":null,"layer_id":312,"fid":1531,"label":"Tiểu học Trung Hiệp A"}},{"type":"Feature","geometry":{"type":"Point","coordinates":[106.18326841,9.857477895]},"properties":{"Trường tiểu học":"Tiểu học Hiếu Trung B","Địa chỉ trường":"Ấp Tân Trung Giồng A, Xã Tiểu Cần","Cấp học":"Tiểu học","Loại hình":null,"Số điện thoại trường":"02943619173","Đạt CQG (MĐ)":null,"layer_id":312,"fid":1296,"label":"Tiểu học Hiếu Trung B"}},{"type":"Feature","geometry":{"type":"Point","coordinates":[106.091468605,9.806691415]},"properties":{"Trường tiểu học":"Tiểu học Phong Phú B","Địa chỉ trường":"Ấp 4, Xã Phong Thạnh","Cấp học":"Tiểu học","Loại hình":null,"Số điện thoại trường":null,"Đạt CQG (MĐ)":null,"layer_id":312,"fid":1412,"label":"Tiểu học Phong Phú B"}},{"type":"Feature","geometry":{"type":"Point","coordinates":[106.110245,10.032464]},"properties":{"Trường tiểu học":"Tiểu học Nguyễn Văn Quỳ","Địa chỉ trường":"Ấp Hiếu Minh B, Xã Hiếu Thành","Cấp học":"Tiểu học","Loại hình":null,"Số điện thoại trường":"02703987340","Đạt CQG (MĐ)":null,"layer_id":312,"fid":1532,"label":"Tiểu học Nguyễn Văn Quỳ"}},{"type":"Feature","geometry":{"type":"Point","coordinates":[106.214129577,9.80393424]},"properties":{"Trường tiểu học":"Tiểu học Cầu Quan","Địa chỉ trường":"Khóm 3, Xã Tân Hòa","Cấp học":"Tiểu học","Loại hình":null,"Số điện thoại trường":"02943824198","Đạt CQG (MĐ)":null,"layer_id":312,"fid":1297,"label":"Tiểu học Cầu Quan"}},{"type":"Feature","geometry":{"type":"Point","coordinates":[6.096909,9.989174]},"properties":{"Trường tiểu học":"Tiểu học Hiếu Thành","Địa chỉ trường":"Ấp Hiếu Xuân, Xã Hiếu Thành","Cấp học":"Tiểu học","Loại hình":null,"Số điện thoại trường":"02703889730","Đạt CQG (MĐ)":null,"layer_id":312,"fid":1533,"label":"Tiểu học Hiếu Thành"}},{"type":"Feature","geometry":{"type":"Point","coordinates":[106.204231,9.793593]},"properties":{"Trường tiểu học":"Tiểu học Tân Hùng A","Địa chỉ trường":"Ấp Nhứt, Xã Hùng Hòa","Cấp học":"Tiểu học","Loại hình":null,"Số điện thoại trường":"02943636649","Đạt CQG (MĐ)":null,"layer_id":312,"fid":1298,"label":"Tiểu học Tân Hùng A"}},{"type":"Feature","geometry":{"type":"Point","coordinates":[106.224361,9.771765]},"properties":{"Trường tiểu học":"Tiểu học Tân Hùng B","Địa chỉ trường":"Ấp Te Te 1, Xã Hùng Hòa","Cấp học":"Tiểu học","Loại hình":null,"Số điện thoại trường":"02943636383","Đạt CQG (MĐ)":null,"layer_id":312,"fid":1299,"label":"Tiểu học Tân Hùng B"}},{"type":"Feature","geometry":{"type":"Point","coordinates":[6.0882,9.965416]},"properties":{"Trường tiểu học":"Tiểu học Đỗ Quang Mười","Địa chỉ trường":"Ấp Hiếu Văn, Xã Hiếu Thành","Cấp học":"Tiểu học","Loại hình":null,"Số điện thoại trường":"02703889194","Đạt CQG (MĐ)":null,"layer_id":312,"fid":1534,"label":"Tiểu học Đỗ Quang Mười"}},{"type":"Feature","geometry":{"type":"Point","coordinates":[106.273044,9.7876233]},"properties":{"Trường tiểu học":"Tiểu học Ngãi Hùng ","Địa chỉ trường":"Ấp Chánh Hội A, Xã Hùng Hòa","Cấp học":"Tiểu học","Loại hình":null,"Số điện thoại trường":"02943618096","Đạt CQG (MĐ)":null,"layer_id":312,"fid":1300,"label":"Tiểu học Ngãi Hùng "}},{"type":"Feature","geometry":{"type":"Point","coordinates":[106.217584896,9.8038074]},"properties":{"Trường tiểu học":"Tiểu học Tập Ngãi A","Địa chỉ trường":"Ấp Lê Văn Quới, Xã Tập Ngãi","Cấp học":"Tiểu học","Loại hình":null,"Số điện thoại trường":"02943618095","Đạt CQG (MĐ)":null,"layer_id":312,"fid":1301,"label":"Tiểu học Tập Ngãi A"}},{"type":"Feature","geometry":{"type":"Point","coordinates":[106.2072895,10.0421284]},"properties":{"Trường tiểu học":"Tiểu học Đặng Thị Chính","Địa chỉ trường":"Ấp Phú Tân, Xã Trung Ngãi","Cấp học":"Tiểu học","Loại hình":null,"Số điện thoại trường":"02703871277","Đạt CQG (MĐ)":null,"layer_id":312,"fid":1535,"label":"Tiểu học Đặng Thị Chính"}},{"type":"Feature","geometry":{"type":"Point","coordinates":[106.183931,10.103434]},"properties":{"Trường tiểu học":"Tiểu học Trung Thành Tây A","Địa chỉ trường":"Ấp Hòa Nghĩa, Xã Quới An","Cấp học":"Tiểu học","Loại hình":null,"Số điện thoại trường":"02703871265","Đạt CQG (MĐ)":null,"layer_id":312,"fid":1536,"label":"Tiểu học Trung Thành Tây A"}},{"type":"Feature","geometry":{"type":"Point","coordinates":[106.249353,9.811627]},"properties":{"Trường tiểu học":"Tiểu học Tập Ngãi B","Địa chỉ trường":"Ấp Ngãi Trung, Xã Tập Ngãi","Cấp học":"Tiểu học","Loại hình":null,"Số điện thoại trường":"02943900303","Đạt CQG (MĐ)":null,"layer_id":312,"fid":1302,"label":"Tiểu học Tập Ngãi B"}},{"type":"Feature","geometry":{"type":"Point","coordinates":[106.332779,9.779141]},"properties":{"Trường tiểu học":"Tiểu học Phước Hưng A","Địa chỉ trường":"Ấp Đầu Giồng A, Xã Tập Sơn","Cấp học":"Tiểu học","Loại hình":null,"Số điện thoại trường":"02943877430","Đạt CQG (MĐ)":null,"layer_id":312,"fid":1303,"label":"Tiểu học Phước Hưng A"}},{"type":"Feature","geometry":{"type":"Point","coordinates":[106.117195,10.160804]},"properties":{"Trường tiểu học":"Tiểu Học Tân Quới Trung A","Địa chỉ trường":"Ấp Rạch Đôi , Xã Quới An","Cấp học":"Tiểu học","Loại hình":null,"Số điện thoại trường":"02703993722","Đạt CQG (MĐ)":null,"layer_id":312,"fid":1537,"label":"Tiểu Học Tân Quới Trung A"}},{"type":"Feature","geometry":{"type":"Point","coordinates":[106.305007,9.755659]},"properties":{"Trường tiểu học":"Tiểu học Phước Hưng B","Địa chỉ trường":"Ấp Chợ Dưới, Xã Tập Sơn","Cấp học":"Tiểu học","Loại hình":null,"Số điện thoại trường":null,"Đạt CQG (MĐ)":null,"layer_id":312,"fid":1304,"label":"Tiểu học Phước Hưng B"}},{"type":"Feature","geometry":{"type":"Point","coordinates":[106.284372,9.618673]},"properties":{"Trường tiểu học":"Tiểu học Định An B","Địa chỉ trường":"Ấp Định An,  Xã Đại An","Cấp học":"Tiểu học","Loại hình":null,"Số điện thoại trường":"02943686195","Đạt CQG (MĐ)":null,"layer_id":312,"fid":1305,"label":"Tiểu học Định An B"}},{"type":"Feature","geometry":{"type":"Point","coordinates":[106.1647,10.153356]},"properties":{"Trường tiểu học":"Tiểu học Nguyễn Văn Kết ","Địa chỉ trường":"Ấp Phước Trường, Xã Quới An","Cấp học":"Tiểu học","Loại hình":null,"Số điện thoại trường":"02703871272","Đạt CQG (MĐ)":null,"layer_id":312,"fid":1538,"label":"Tiểu học Nguyễn Văn Kết "}},{"type":"Feature","geometry":{"type":"Point","coordinates":[106.3882542,9.7104953]},"properties":{"Trường tiểu học":"Tiểu học Ngọc Biên A","Địa chỉ trường":"Ấp Tha La, Xã Long Hiệp","Cấp học":"Tiểu học","Loại hình":null,"Số điện thoại trường":"02943582888","Đạt CQG (MĐ)":null,"layer_id":312,"fid":1306,"label":"Tiểu học Ngọc Biên A"}},{"type":"Feature","geometry":{"type":"Point","coordinates":[106.343624,10.061316]},"properties":{"Trường tiểu học":"Tiểu học   An Thới","Địa chỉ trường":"Ấp An Lợi, Xã Thành Thới","Cấp học":"Tiểu học","Loại hình":null,"Số điện thoại trường":"02753847146","Đạt CQG (MĐ)":null,"layer_id":312,"fid":1678,"label":"Tiểu học   An Thới"}},{"type":"Feature","geometry":{"type":"Point","coordinates":[106.189346,10.145929]},"properties":{"Trường tiểu học":"Tiểu học Võ Ngọc Tốt","Địa chỉ trường":"Ấp Phước Lý Nhất, Xả Quới Thiện","Cấp học":"Tiểu học","Loại hình":null,"Số điện thoại trường":"02706280779","Đạt CQG (MĐ)":null,"layer_id":312,"fid":1539,"label":"Tiểu học Võ Ngọc Tốt"}},{"type":"Feature","geometry":{"type":"Point","coordinates":[106.426317,9.678843]},"properties":{"Trường tiểu học":"Tiểu học Ngũ Lạc B","Địa chỉ trường":"Ấp Sóc Ruộng, Xã Ngũ Lạc","Cấp học":"Tiểu học","Loại hình":null,"Số điện thoại trường":"               02943838262","Đạt CQG (MĐ)":null,"layer_id":312,"fid":1307,"label":"Tiểu học Ngũ Lạc B"}},{"type":"Feature","geometry":{"type":"Point","coordinates":[106.350726,9.667681]},"properties":{"Trường tiểu học":"Tiểu học Đôn Xuân B","Địa chỉ trường":"Ấp Bà Giam A, Xã Đôn Châu","Cấp học":"Tiểu học","Loại hình":null,"Số điện thoại trường":"02946559333","Đạt CQG (MĐ)":null,"layer_id":312,"fid":1308,"label":"Tiểu học Đôn Xuân B"}},{"type":"Feature","geometry":{"type":"Point","coordinates":[106.230698494,10.111102696]},"properties":{"Trường tiểu học":"Tiểu học Tiểu học Thanh Bình","Địa chỉ trường":"Ấp Thái Bình, Xả Quới Thiện","Cấp học":"Tiểu học","Loại hình":null,"Số điện thoại trường":"02703980676","Đạt CQG (MĐ)":null,"layer_id":312,"fid":1540,"label":"Tiểu học Tiểu học Thanh Bình"}},{"type":"Feature","geometry":{"type":"Point","coordinates":[106.37945389,9.604638623]},"properties":{"Trường tiểu học":"Tiểu học Long Vĩnh A","Địa chỉ trường":"Ấp Cái Cỏ, Xã Long Vĩnh","Cấp học":"Tiểu học","Loại hình":null,"Số điện thoại trường":"0369157091","Đạt CQG (MĐ)":null,"layer_id":312,"fid":1309,"label":"Tiểu học Long Vĩnh A"}},{"type":"Feature","geometry":{"type":"Point","coordinates":[106.323916,9.596701]},"properties":{"Trường tiểu học":"Tiểu học Long Vĩnh C","Địa chỉ trường":"Ấp Cái Cối, Xã Long Vĩnh","Cấp học":"Tiểu học","Loại hình":null,"Số điện thoại trường":"0869 938 887","Đạt CQG (MĐ)":null,"layer_id":312,"fid":1310,"label":"Tiểu học Long Vĩnh C"}},{"type":"Feature","geometry":{"type":"Point","coordinates":[106.007728,10.059541]},"properties":{"Trường tiểu học":"Tiểu học Tường Lộc ","Địa chỉ trường":"Ấp Tường Nhơn B, Xã Tam Bình","Cấp học":"Tiểu học","Loại hình":null,"Số điện thoại trường":"02706271071","Đạt CQG (MĐ)":null,"layer_id":312,"fid":1541,"label":"Tiểu học Tường Lộc "}},{"type":"Feature","geometry":{"type":"Point","coordinates":[106.435248,9.551433]},"properties":{"Trường tiểu học":"Tiểu học Đông Hải A","Địa chỉ trường":"Ấp Định An, Xã Đông Hải","Cấp học":"Tiểu học","Loại hình":null,"Số điện thoại trường":"02943737164","Đạt CQG (MĐ)":null,"layer_id":312,"fid":1311,"label":"Tiểu học Đông Hải A"}},{"type":"Feature","geometry":{"type":"Point","coordinates":[106.004539,10.098431]},"properties":{"Trường tiểu học":"Tiểu học Hòa Lộc ","Địa chỉ trường":"Ấp 7A, Xã Hoà Hiệp","Cấp học":"Tiểu học","Loại hình":null,"Số điện thoại trường":"02702200010","Đạt CQG (MĐ)":null,"layer_id":312,"fid":1542,"label":"Tiểu học Hòa Lộc "}},{"type":"Feature","geometry":{"type":"Point","coordinates":[106.488052,9.577828]},"properties":{"Trường tiểu học":"Tiểu học Đông Hải B","Địa chỉ trường":"Ấp Cồn Cù, Xã Đông Hải","Cấp học":"Tiểu học","Loại hình":null,"Số điện thoại trường":"02946505999","Đạt CQG (MĐ)":null,"layer_id":312,"fid":1312,"label":"Tiểu học Đông Hải B"}},{"type":"Feature","geometry":{"type":"Point","coordinates":[106.39010561,9.820538962]},"properties":{"Trường tiểu học":"Tiểu học Kim Hòa B","Địa chỉ trường":"Ấp Kim Hòa, Xã Vinh Kim","Cấp học":"Tiểu học","Loại hình":null,"Số điện thoại trường":"0977719774","Đạt CQG (MĐ)":null,"layer_id":312,"fid":1313,"label":"Tiểu học Kim Hòa B"}},{"type":"Feature","geometry":{"type":"Point","coordinates":[106.02875,10.118056]},"properties":{"Trường tiểu học":"Tiểu học Hòa Thạnh","Địa chỉ trường":"Ấp 2B, xã Hoà Hiệp","Cấp học":"Tiểu học","Loại hình":null,"Số điện thoại trường":"02702216169","Đạt CQG (MĐ)":null,"layer_id":312,"fid":1543,"label":"Tiểu học Hòa Thạnh"}},{"type":"Feature","geometry":{"type":"Point","coordinates":[106.456604,9.811711]},"properties":{"Trường tiểu học":"Tiểu học Mỹ Hoà B","Địa chỉ trường":"Ấp Mỹ Cẩm B, Xã Cầu Ngang","Cấp học":"Tiểu học","Loại hình":null,"Số điện thoại trường":"0939775603","Đạt CQG (MĐ)":null,"layer_id":312,"fid":1314,"label":"Tiểu học Mỹ Hoà B"}},{"type":"Feature","geometry":{"type":"Point","coordinates":[106.355223,9.767561]},"properties":{"Trường tiểu học":"Tiểu học Trường Thọ A","Địa chỉ trường":"Ấp Chông Văn, Xã Nhị Trường","Cấp học":"Tiểu học","Loại hình":null,"Số điện thoại trường":"0989863695","Đạt CQG (MĐ)":null,"layer_id":312,"fid":1315,"label":"Tiểu học Trường Thọ A"}},{"type":"Feature","geometry":{"type":"Point","coordinates":[105.948572,10.096836]},"properties":{"Trường tiểu học":"Tiểu học Phú Lộc","Địa chỉ trường":"Ấp Cây Điều, Xã Cái Ngang","Cấp học":"Tiểu học","Loại hình":null,"Số điện thoại trường":"0702477393","Đạt CQG (MĐ)":null,"layer_id":312,"fid":1544,"label":"Tiểu học Phú Lộc"}},{"type":"Feature","geometry":{"type":"Point","coordinates":[106.404493,9.785515]},"properties":{"Trường tiểu học":"Tiểu học Hiệp Hòa B ","Địa chỉ trường":"Ấp Tri Liêm , Xã Nhị Trường","Cấp học":"Tiểu học","Loại hình":null,"Số điện thoại trường":"02943510467","Đạt CQG (MĐ)":null,"layer_id":312,"fid":1316,"label":"Tiểu học Hiệp Hòa B "}},{"type":"Feature","geometry":{"type":"Point","coordinates":[105.957928,10.09265]},"properties":{"Trường tiểu học":"Tiểu học Mỹ Lộc","Địa chỉ trường":"Ấp 10, xã Cái Ngang","Cấp học":"Tiểu học","Loại hình":null,"Số điện thoại trường":"02703717298","Đạt CQG (MĐ)":null,"layer_id":312,"fid":1545,"label":"Tiểu học Mỹ Lộc"}},{"type":"Feature","geometry":{"type":"Point","coordinates":[105.91779,10.08006]},"properties":{"Trường tiểu học":"Tiểu học Long Phú","Địa chỉ trường":"Ấp Phú Sơn A, xã Song Phú","Cấp học":"Tiểu học","Loại hình":null,"Số điện thoại trường":"02703729739","Đạt CQG (MĐ)":null,"layer_id":312,"fid":1546,"label":"Tiểu học Long Phú"}},{"type":"Feature","geometry":{"type":"Point","coordinates":[106.36971651,9.770669044]},"properties":{"Trường tiểu học":"Tiểu học Trường Thọ B","Địa chỉ trường":"Ấp Sóc Cụt, Xã Nhị Trường","Cấp học":"Tiểu học","Loại hình":null,"Số điện thoại trường":"02943642444","Đạt CQG (MĐ)":null,"layer_id":312,"fid":1317,"label":"Tiểu học Trường Thọ B"}},{"type":"Feature","geometry":{"type":"Point","coordinates":[106.388369,9.756771]},"properties":{"Trường tiểu học":"Tiểu học Nhị Trường A","Địa chỉ trường":"ấp Nô Lựa A, Xã Nhị Trường","Cấp học":"Tiểu học","Loại hình":null,"Số điện thoại trường":null,"Đạt CQG (MĐ)":null,"layer_id":312,"fid":1318,"label":"Tiểu học Nhị Trường A"}},{"type":"Feature","geometry":{"type":"Point","coordinates":[105.888871,10.071798]},"properties":{"Trường tiểu học":"Tiểu học Tô Hùng Vĩ","Địa chỉ trường":"Ấp Phú Yên, xã Song Phú","Cấp học":"Tiểu học","Loại hình":null,"Số điện thoại trường":"02706273969","Đạt CQG (MĐ)":null,"layer_id":312,"fid":1547,"label":"Tiểu học Tô Hùng Vĩ"}},{"type":"Feature","geometry":{"type":"Point","coordinates":[106.520054,9.752134]},"properties":{"Trường tiểu học":"Tiểu học Mỹ Long Nam","Địa chỉ trường":"Ấp Tư, Xã Mỹ Long","Cấp học":"Tiểu học","Loại hình":null,"Số điện thoại trường":"0944324280","Đạt CQG (MĐ)":null,"layer_id":312,"fid":1319,"label":"Tiểu học Mỹ Long Nam"}},{"type":"Feature","geometry":{"type":"Point","coordinates":[106.340056558,9.945470736]},"properties":{"Trường tiểu học":"Trường Thực hành Sư phạm","Địa chỉ trường":"227, Phạm Ngũ Lão, khóm 1, Phường Trà Vinh","Cấp học":"Tiểu học","Loại hình":null,"Số điện thoại trường":"02943853223","Đạt CQG (MĐ)":null,"layer_id":312,"fid":1320,"label":"Trường Thực hành Sư phạm"}},{"type":"Feature","geometry":{"type":"Point","coordinates":[105.896331,10.106152]},"properties":{"Trường tiểu học":"Tiểu học Song Phú ","Địa chỉ trường":"Ấp Phú Hòa Yên, xã Song Phú","Cấp học":"Tiểu học","Loại hình":null,"Số điện thoại trường":"0975280739","Đạt CQG (MĐ)":null,"layer_id":312,"fid":1548,"label":"Tiểu học Song Phú "}},{"type":"Feature","geometry":{"type":"Point","coordinates":[105.887351,10.131794]},"properties":{"Trường tiểu học":"Tiểu học Phú Thịnh A","Địa chỉ trường":"Ấp Phú Thuận, Xã Song Phú","Cấp học":"Tiểu học","Loại hình":null,"Số điện thoại trường":"02703864746","Đạt CQG (MĐ)":null,"layer_id":312,"fid":1549,"label":"Tiểu học Phú Thịnh A"}},{"type":"Feature","geometry":{"type":"Point","coordinates":[106.346893852,9.960525157]},"properties":{"Trường tiểu học":"Tiểu học Lương Định Của","Địa chỉ trường":"Khóm Long Bình, phường Long Đức, Phường Long Đức","Cấp học":"Tiểu học","Loại hình":null,"Số điện thoại trường":"02943854808","Đạt CQG (MĐ)":null,"layer_id":312,"fid":1321,"label":"Tiểu học Lương Định Của"}},{"type":"Feature","geometry":{"type":"Point","coordinates":[5.939871,9.995624]},"properties":{"Trường tiểu học":"Tiểu học Bình Ninh","Địa chỉ trường":"Ấp An Thạnh B, xã Ngãi Tứ, Xã Ngãi Tứ","Cấp học":"Tiểu học","Loại hình":null,"Số điện thoại trường":"02706291399","Đạt CQG (MĐ)":null,"layer_id":312,"fid":1550,"label":"Tiểu học Bình Ninh"}},{"type":"Feature","geometry":{"type":"Point","coordinates":[106.362374,9.978443]},"properties":{"Trường tiểu học":"MG-Tiểu học-THCS Võ Thị Sáu","Địa chỉ trường":"Ấp Long Trị, Phường Long Đức","Cấp học":"Tiểu học","Loại hình":null,"Số điện thoại trường":"02943867577","Đạt CQG (MĐ)":null,"layer_id":312,"fid":1322,"label":"MG-Tiểu học-THCS Võ Thị Sáu"}},{"type":"Feature","geometry":{"type":"Point","coordinates":[106.338035,9.933198]},"properties":{"Trường tiểu học":"Tiểu học Minh Trí","Địa chỉ trường":"227 Trần Phú, Khóm 4, Phường Nguyệt Hóa","Cấp học":"Tiểu học","Loại hình":null,"Số điện thoại trường":"0294 3864 804","Đạt CQG (MĐ)":null,"layer_id":312,"fid":1323,"label":"Tiểu học Minh Trí"}},{"type":"Feature","geometry":{"type":"Point","coordinates":[105.8999741,10.0476345]},"properties":{"Trường tiểu học":"Tiểu học Ngãi Tứ A","Địa chỉ trường":"Ấp Bình Ninh, xã Ngãi Tứ, Xã Ngãi Tứ","Cấp học":"Tiểu học","Loại hình":null,"Số điện thoại trường":"02706.2726.79","Đạt CQG (MĐ)":null,"layer_id":312,"fid":1551,"label":"Tiểu học Ngãi Tứ A"}},{"type":"Feature","geometry":{"type":"Point","coordinates":[106.5214594,9.5989979]},"properties":{"Trường tiểu học":"Tiểu học Lương Thế Vinh","Địa chỉ trường":"Ấp Láng Cháo, Phường Duyên Hải","Cấp học":"Tiểu học","Loại hình":null,"Số điện thoại trường":"02943739541","Đạt CQG (MĐ)":null,"layer_id":312,"fid":1324,"label":"Tiểu học Lương Thế Vinh"}},{"type":"Feature","geometry":{"type":"Point","coordinates":[5.906568,9.990547]},"properties":{"Trường tiểu học":"Tiểu học Ngãi Tứ B","Địa chỉ trường":"Ấp Ngã Cái, xã Ngãi Tứ","Cấp học":"Tiểu học","Loại hình":null,"Số điện thoại trường":"02703720243","Đạt CQG (MĐ)":null,"layer_id":312,"fid":1552,"label":"Tiểu học Ngãi Tứ B"}},{"type":"Feature","geometry":{"type":"Point","coordinates":[0.9540946,10.0263834]},"properties":{"Trường tiểu học":"Tiểu học Thạch Thia","Địa chỉ trường":"Ấp Giữa, Xã Ngãi Tứ","Cấp học":"Tiểu học","Loại hình":null,"Số điện thoại trường":"02703860662","Đạt CQG (MĐ)":null,"layer_id":312,"fid":1553,"label":"Tiểu học Thạch Thia"}},{"type":"Feature","geometry":{"type":"Point","coordinates":[106.4713265,9.6733763]},"properties":{"Trường tiểu học":"Tiểu học Long Hữu B","Địa chỉ trường":"914/Ấp 15, Xã Long Hữu","Cấp học":"Tiểu học","Loại hình":null,"Số điện thoại trường":"0819212478","Đạt CQG (MĐ)":null,"layer_id":312,"fid":1325,"label":"Tiểu học Long Hữu B"}},{"type":"Feature","geometry":{"type":"Point","coordinates":[106.501318,9.883887]},"properties":{"Trường tiểu học":"Tiểu học Long Hòa","Địa chỉ trường":"Ấp Rạch Gốc, Xã Long Hòa","Cấp học":"Tiểu học","Loại hình":null,"Số điện thoại trường":"02943799068","Đạt CQG (MĐ)":null,"layer_id":312,"fid":1326,"label":"Tiểu học Long Hòa"}},{"type":"Feature","geometry":{"type":"Point","coordinates":[105.806953,10.065567]},"properties":{"Trường tiểu học":"Tiểu học Phan Bội Châu","Địa chỉ trường":"Đường Phan Văn Năm, khóm 2, Phường Cái Vồn","Cấp học":"Tiểu học","Loại hình":null,"Số điện thoại trường":"                02703890028","Đạt CQG (MĐ)":null,"layer_id":312,"fid":1554,"label":"Tiểu học Phan Bội Châu"}},{"type":"Feature","geometry":{"type":"Point","coordinates":[106.259321,9.891789]},"properties":{"Trường tiểu học":"Tiểu học Song Lộc A","Địa chỉ trường":"Ấp Phú Lân, Xã Song Lộc","Cấp học":"Tiểu học","Loại hình":null,"Số điện thoại trường":"0353530698","Đạt CQG (MĐ)":null,"layer_id":312,"fid":1327,"label":"Tiểu học Song Lộc A"}},{"type":"Feature","geometry":{"type":"Point","coordinates":[106.309032,9.907171]},"properties":{"Trường tiểu học":"Tiểu học Tô Thị Huỳnh","Địa chỉ trường":"Ấp Sâm Bua, Xã Song Lộc","Cấp học":"Tiểu học","Loại hình":null,"Số điện thoại trường":"02943798193","Đạt CQG (MĐ)":null,"layer_id":312,"fid":1328,"label":"Tiểu học Tô Thị Huỳnh"}},{"type":"Feature","geometry":{"type":"Point","coordinates":[105.8362,10.04557]},"properties":{"Trường tiểu học":"Tiểu học Võ Thị Sáu","Địa chỉ trường":"Tổ 53, khóm Đông Thuận, Phường Đông Thành","Cấp học":"Tiểu học","Loại hình":null,"Số điện thoại trường":"02703752527","Đạt CQG (MĐ)":null,"layer_id":312,"fid":1555,"label":"Tiểu học Võ Thị Sáu"}},{"type":"Feature","geometry":{"type":"Point","coordinates":[106.292194,9.874397]},"properties":{"Trường tiểu học":"Tiểu học Lương Hòa C","Địa chỉ trường":"Ấp Hòa Lạc C, Xã Song Lộc","Cấp học":"Tiểu học","Loại hình":null,"Số điện thoại trường":"0984297876","Đạt CQG (MĐ)":null,"layer_id":312,"fid":1329,"label":"Tiểu học Lương Hòa C"}},{"type":"Feature","geometry":{"type":"Point","coordinates":[0.0,0.0]},"properties":{"Trường tiểu học":"Tiểu học Phù Ly","Địa chỉ trường":"Ấp Phù Ly 1, Phường Đông Thành","Cấp học":"Tiểu học","Loại hình":null,"Số điện thoại trường":"02703752271","Đạt CQG (MĐ)":null,"layer_id":312,"fid":1556,"label":"Tiểu học Phù Ly"}},{"type":"Feature","geometry":{"type":"Point","coordinates":[5.878031,10.00186]},"properties":{"Trường tiểu học":"Tiểu học Nguyễn Văn Trỗi","Địa chỉ trường":"Khóm Đông Hoà 2, Phường Đông Thành","Cấp học":"Tiểu học","Loại hình":null,"Số điện thoại trường":"02703891664","Đạt CQG (MĐ)":null,"layer_id":312,"fid":1557,"label":"Tiểu học Nguyễn Văn Trỗi"}},{"type":"Feature","geometry":{"type":"Point","coordinates":[106.351,9.823]},"properties":{"Trường tiểu học":"Trường Cấp 1-2 Đoàn Công Chánh","Địa chỉ trường":"Ấp Đầu Giồng A, Xã Châu Thành","Cấp học":"Tiểu học","Loại hình":null,"Số điện thoại trường":"02943791560","Đạt CQG (MĐ)":null,"layer_id":312,"fid":1330,"label":"Trường Cấp 1-2 Đoàn Công Chánh"}},{"type":"Feature","geometry":{"type":"Point","coordinates":[106.3692708,10.2294183]},"properties":{"Trường tiểu học":"Tiểu học   Mỹ Thạnh An","Địa chỉ trường":"39/2C, đường Trương Vĩnh Ký, khu phố Mỹ An C, Phường An Hội","Cấp học":"Tiểu học","Loại hình":null,"Số điện thoại trường":"02753824221","Đạt CQG (MĐ)":null,"layer_id":312,"fid":1331,"label":"Tiểu học   Mỹ Thạnh An"}},{"type":"Feature","geometry":{"type":"Point","coordinates":[0.0,0.0]},"properties":{"Trường tiểu học":"Tiểu học Lý Thường Kiệt","Địa chỉ trường":"Khóm Hoá Thành 1, Phường Đông Thành","Cấp học":"Tiểu học","Loại hình":null,"Số điện thoại trường":"02706 554 717","Đạt CQG (MĐ)":null,"layer_id":312,"fid":1558,"label":"Tiểu học Lý Thường Kiệt"}},{"type":"Feature","geometry":{"type":"Point","coordinates":[106.386371,10.236487]},"properties":{"Trường tiểu học":"Tiểu học   Phường 8","Địa chỉ trường":"Đường Nguyễn Đình Chiểu, khu phố 8, Phường Phú Khương","Cấp học":"Tiểu học","Loại hình":null,"Số điện thoại trường":"02753811967","Đạt CQG (MĐ)":null,"layer_id":312,"fid":1332,"label":"Tiểu học   Phường 8"}},{"type":"Feature","geometry":{"type":"Point","coordinates":[106.303158,10.24043]},"properties":{"Trường tiểu học":"Tiểu học   Thanh Tân","Địa chỉ trường":"Khu phố Tân Thông 2, Phường Bến Tre","Cấp học":"Tiểu học","Loại hình":null,"Số điện thoại trường":"02753840203","Đạt CQG (MĐ)":null,"layer_id":312,"fid":1333,"label":"Tiểu học   Thanh Tân"}},{"type":"Feature","geometry":{"type":"Point","coordinates":[105.832622,10.072521]},"properties":{"Trường tiểu học":"Tiểu học Thoại Ngọc Hầu","Địa chỉ trường":"Khóm Thuận Tiến A, phường Bình Minh","Cấp học":"Tiểu học","Loại hình":null,"Số điện thoại trường":"02703890879","Đạt CQG (MĐ)":null,"layer_id":312,"fid":1559,"label":"Tiểu học Thoại Ngọc Hầu"}},{"type":"Feature","geometry":{"type":"Point","coordinates":[105.816065,10.0728641]},"properties":{"Trường tiểu học":"Tiểu học Phan Văn Đáng","Địa chỉ trường":"Khóm Thuận Tân A, Phường Bình Minh","Cấp học":"Tiểu học","Loại hình":null,"Số điện thoại trường":"02703891172","Đạt CQG (MĐ)":null,"layer_id":312,"fid":1560,"label":"Tiểu học Phan Văn Đáng"}},{"type":"Feature","geometry":{"type":"Point","coordinates":[106.373168,10.256308]},"properties":{"Trường tiểu học":"Tiểu học   Chu Văn An","Địa chỉ trường":"116A1, khu phố 2, Phường Phú Tân","Cấp học":"Tiểu học","Loại hình":null,"Số điện thoại trường":"02753829012","Đạt CQG (MĐ)":null,"layer_id":312,"fid":1334,"label":"Tiểu học   Chu Văn An"}},{"type":"Feature","geometry":{"type":"Point","coordinates":[106.393194,10.279444]},"properties":{"Trường tiểu học":"Tiểu học   Trần Văn Ơn","Địa chỉ trường":"Khu phố Phước Định, Phường Phú Tân","Cấp học":"Tiểu học","Loại hình":null,"Số điện thoại trường":"02753 860847","Đạt CQG (MĐ)":null,"layer_id":312,"fid":1335,"label":"Tiểu học   Trần Văn Ơn"}},{"type":"Feature","geometry":{"type":"Point","coordinates":[105.931431639,9.960936036]},"properties":{"Trường tiểu học":"Tiểu học Trà Ôn","Địa chỉ trường":"Ấp 3, Xã Trà Ôn","Cấp học":"Tiểu học","Loại hình":null,"Số điện thoại trường":"02703770016","Đạt CQG (MĐ)":null,"layer_id":312,"fid":1561,"label":"Tiểu học Trà Ôn"}},{"type":"Feature","geometry":{"type":"Point","coordinates":[106.274507,10.308529]},"properties":{"Trường tiểu học":"Tiểu học   Phú Túc","Địa chỉ trường":"Ấp Phú Hoà, Xã Phú Túc","Cấp học":"Tiểu học","Loại hình":null,"Số điện thoại trường":null,"Đạt CQG (MĐ)":null,"layer_id":312,"fid":1336,"label":"Tiểu học   Phú Túc"}},{"type":"Feature","geometry":{"type":"Point","coordinates":[106.418353,10.303191]},"properties":{"Trường tiểu học":"Tiểu học   Giao Long","Địa chỉ trường":"Ấp Long Thạnh, Xã Giao Long","Cấp học":"Tiểu học","Loại hình":null,"Số điện thoại trường":"02753865993","Đạt CQG (MĐ)":null,"layer_id":312,"fid":1337,"label":"Tiểu học   Giao Long"}},{"type":"Feature","geometry":{"type":"Point","coordinates":[105.961884,9.966251]},"properties":{"Trường tiểu học":"Tiểu học Thiện Mỹ A","Địa chỉ trường":"Ấp Mỹ Trung, xã Trà Ôn","Cấp học":"Tiểu học","Loại hình":null,"Số điện thoại trường":"02703770751","Đạt CQG (MĐ)":null,"layer_id":312,"fid":1562,"label":"Tiểu học Thiện Mỹ A"}},{"type":"Feature","geometry":{"type":"Point","coordinates":[105.97831,9.916856]},"properties":{"Trường tiểu học":"Tiểu học Tích Thiện  A","Địa chỉ trường":"Ấp Tích Lộc, Xã Trà Ôn","Cấp học":"Tiểu học","Loại hình":null,"Số điện thoại trường":"02703884220","Đạt CQG (MĐ)":null,"layer_id":312,"fid":1563,"label":"Tiểu học Tích Thiện  A"}},{"type":"Feature","geometry":{"type":"Point","coordinates":[106.242831,10.262584]},"properties":{"Trường tiểu học":"Tiểu học   Tiên Thủy A","Địa chỉ trường":"Ấp Chánh, Xã Tiên Thủy","Cấp học":"Tiểu học","Loại hình":null,"Số điện thoại trường":"02753868113","Đạt CQG (MĐ)":null,"layer_id":312,"fid":1338,"label":"Tiểu học   Tiên Thủy A"}},{"type":"Feature","geometry":{"type":"Point","coordinates":[106.009658,9.949145]},"properties":{"Trường tiểu học":"Tiểu học Vĩnh Xuân","Địa chỉ trường":"Ấp Vĩnh Trinh, Xã Vĩnh Xuân","Cấp học":"Tiểu học","Loại hình":null,"Số điện thoại trường":"02703884536","Đạt CQG (MĐ)":null,"layer_id":312,"fid":1564,"label":"Tiểu học Vĩnh Xuân"}},{"type":"Feature","geometry":{"type":"Point","coordinates":[106.258949,10.29477]},"properties":{"Trường tiểu học":"Tiểu học   Thành Triệu","Địa chỉ trường":"Ấp Chợ, Xã Tiên Thủy ","Cấp học":"Tiểu học","Loại hình":null,"Số điện thoại trường":"02753866241","Đạt CQG (MĐ)":null,"layer_id":312,"fid":1339,"label":"Tiểu học   Thành Triệu"}},{"type":"Feature","geometry":{"type":"Point","coordinates":[106.231528,10.288442]},"properties":{"Trường tiểu học":"Tiểu học   Quới Thành","Địa chỉ trường":"Ấp Phú Phong, Xã Tiên Thủy ","Cấp học":"Tiểu học","Loại hình":null,"Số điện thoại trường":"02753868359","Đạt CQG (MĐ)":null,"layer_id":312,"fid":1340,"label":"Tiểu học   Quới Thành"}},{"type":"Feature","geometry":{"type":"Point","coordinates":[106.055218,9.949774]},"properties":{"Trường tiểu học":"Tiểu học Thuận Thới A","Địa chỉ trường":"Ấp Cống Đá, Xã Vĩnh Xuân","Cấp học":"Tiểu học","Loại hình":null,"Số điện thoại trường":"02703884199","Đạt CQG (MĐ)":null,"layer_id":312,"fid":1565,"label":"Tiểu học Thuận Thới A"}},{"type":"Feature","geometry":{"type":"Point","coordinates":[106.187317,10.265126]},"properties":{"Trường tiểu học":"Tiểu học   Tân Phú B","Địa chỉ trường":"Âp Mỹ Phú, Xã Tân Phú","Cấp học":"Tiểu học","Loại hình":null,"Số điện thoại trường":"0342335828","Đạt CQG (MĐ)":null,"layer_id":312,"fid":1341,"label":"Tiểu học   Tân Phú B"}},{"type":"Feature","geometry":{"type":"Point","coordinates":[106.237354,10.311264]},"properties":{"Trường tiểu học":"Tiểu học   Phú Đức","Địa chỉ trường":"Âp Định Lễ, Xã Tân Phú","Cấp học":"Tiểu học","Loại hình":null,"Số điện thoại trường":"02753868014","Đạt CQG (MĐ)":null,"layer_id":312,"fid":1342,"label":"Tiểu học   Phú Đức"}},{"type":"Feature","geometry":{"type":"Point","coordinates":[106.03308,9.951041]},"properties":{"Trường tiểu học":"Tiểu học Thuận Thới B","Địa chỉ trường":"Ấp Vĩnh Thuận, Xã Vĩnh Xuân","Cấp học":"Tiểu học","Loại hình":null,"Số điện thoại trường":"02703 884 260","Đạt CQG (MĐ)":null,"layer_id":312,"fid":1566,"label":"Tiểu học Thuận Thới B"}},{"type":"Feature","geometry":{"type":"Point","coordinates":[106.218126,10.264351]},"properties":{"Trường tiểu học":"Tiểu học   - THCS Nguyễn Văn Khá","Địa chỉ trường":"Ấp Tiên Chánh, Xã Tân Phú","Cấp học":"Tiểu học","Loại hình":null,"Số điện thoại trường":"02753868041","Đạt CQG (MĐ)":null,"layer_id":312,"fid":1343,"label":"Tiểu học   - THCS Nguyễn Văn Khá"}},{"type":"Feature","geometry":{"type":"Point","coordinates":[106.03308,9.96194]},"properties":{"Trường tiểu học":"Tiểu học Hựu Thành A","Địa chỉ trường":"Ấp Khu phố, Xã Vĩnh Xuân","Cấp học":"Tiểu học","Loại hình":null,"Số điện thoại trường":"02703889156","Đạt CQG (MĐ)":null,"layer_id":312,"fid":1567,"label":"Tiểu học Hựu Thành A"}},{"type":"Feature","geometry":{"type":"Point","coordinates":[106.0514485,10.2769148]},"properties":{"Trường tiểu học":"Tiểu học   Huỳnh Văn Thức","Địa chỉ trường":"Ấp Chợ, Xã Phú Phụng ","Cấp học":"Tiểu học","Loại hình":null,"Số điện thoại trường":"02753874117","Đạt CQG (MĐ)":null,"layer_id":312,"fid":1344,"label":"Tiểu học   Huỳnh Văn Thức"}},{"type":"Feature","geometry":{"type":"Point","coordinates":[106.101039,10.26467]},"properties":{"Trường tiểu học":"Tiểu học   Sơn Định","Địa chỉ trường":"Ấp Sơn Long, Xã Phú Phụng ","Cấp học":"Tiểu học","Loại hình":null,"Số điện thoại trường":"02753871339","Đạt CQG (MĐ)":null,"layer_id":312,"fid":1345,"label":"Tiểu học   Sơn Định"}},{"type":"Feature","geometry":{"type":"Point","coordinates":[106.016286,9.989659]},"properties":{"Trường tiểu học":"Tiểu học Hựu Thành B","Địa chỉ trường":"Ấp Vĩnh Hòa, Xã Vĩnh Xuân","Cấp học":"Tiểu học","Loại hình":null,"Số điện thoại trường":"02703884198","Đạt CQG (MĐ)":null,"layer_id":312,"fid":1568,"label":"Tiểu học Hựu Thành B"}},{"type":"Feature","geometry":{"type":"Point","coordinates":[106.144244,10.232139]},"properties":{"Trường tiểu học":"Tiểu học   Hòa Nghĩa A","Địa chỉ trường":"Ấp Bình An, Xã Chợ Lách","Cấp học":"Tiểu học","Loại hình":null,"Số điện thoại trường":"02753871627","Đạt CQG (MĐ)":null,"layer_id":312,"fid":1346,"label":"Tiểu học   Hòa Nghĩa A"}},{"type":"Feature","geometry":{"type":"Point","coordinates":[106.10087,10.14599]},"properties":{"Trường tiểu học":"Tiểu học   Long Thới A","Địa chỉ trường":"Ấp Long Huê, Xã Chợ Lách","Cấp học":"Tiểu học","Loại hình":null,"Số điện thoại trường":"02753873045","Đạt CQG (MĐ)":null,"layer_id":312,"fid":1347,"label":"Tiểu học   Long Thới A"}},{"type":"Feature","geometry":{"type":"Point","coordinates":[106.059026402,9.982925488]},"properties":{"Trường tiểu học":"Tiểu học Thới Hòa A","Địa chỉ trường":"Ấp Ninh Thuận, Xã Hòa Bình","Cấp học":"Tiểu học","Loại hình":null,"Số điện thoại trường":"0938426687","Đạt CQG (MĐ)":null,"layer_id":312,"fid":1569,"label":"Tiểu học Thới Hòa A"}},{"type":"Feature","geometry":{"type":"Point","coordinates":[106.048139,10.038843]},"properties":{"Trường tiểu học":"Tiểu học Hòa Bình A","Địa chỉ trường":"Ấp Tân Thuận, Xã Hòa Bình","Cấp học":"Tiểu học","Loại hình":null,"Số điện thoại trường":"02703722243","Đạt CQG (MĐ)":null,"layer_id":312,"fid":1570,"label":"Tiểu học Hòa Bình A"}},{"type":"Feature","geometry":{"type":"Point","coordinates":[106.214073,10.203167]},"properties":{"Trường tiểu học":"Tiểu học   Vĩnh Thành B","Địa chỉ trường":"Ấp Vĩnh Hưng 2, Xã Vĩnh Thành","Cấp học":"Tiểu học","Loại hình":null,"Số điện thoại trường":"02753875102","Đạt CQG (MĐ)":null,"layer_id":312,"fid":1348,"label":"Tiểu học   Vĩnh Thành B"}},{"type":"Feature","geometry":{"type":"Point","coordinates":[106.087095394,10.047657926]},"properties":{"Trường tiểu học":"Tiểu học Hòa Bình C","Địa chỉ trường":"Ấp Hiệp Lợi, Xã Hòa Bình","Cấp học":"Tiểu học","Loại hình":null,"Số điện thoại trường":"02703722090","Đạt CQG (MĐ)":null,"layer_id":312,"fid":1571,"label":"Tiểu học Hòa Bình C"}},{"type":"Feature","geometry":{"type":"Point","coordinates":[106.002662267,10.045280099]},"properties":{"Trường tiểu học":"Tiểu học Nhơn Bình A","Địa chỉ trường":"Ấp Tường Trí A , Xã Trà Côn","Cấp học":"Tiểu học","Loại hình":null,"Số điện thoại trường":"02703721260","Đạt CQG (MĐ)":null,"layer_id":312,"fid":1572,"label":"Tiểu học Nhơn Bình A"}},{"type":"Feature","geometry":{"type":"Point","coordinates":[106.2600278,10.169]},"properties":{"Trường tiểu học":"Tiểu học   Hưng Khánh Trung A","Địa chỉ trường":"Ấp Tân Hưng, Xã Hưng Khánh Trung","Cấp học":"Tiểu học","Loại hình":null,"Số điện thoại trường":"02753669608","Đạt CQG (MĐ)":null,"layer_id":312,"fid":1349,"label":"Tiểu học   Hưng Khánh Trung A"}},{"type":"Feature","geometry":{"type":"Point","coordinates":[106.30039,10.235042]},"properties":{"Trường tiểu học":"Tiểu học   Thạnh Ngãi 2","Địa chỉ trường":"Ấp Gia Thạnh, Xã Phước Mỹ Trung","Cấp học":"Tiểu học","Loại hình":null,"Số điện thoại trường":"02753840413","Đạt CQG (MĐ)":null,"layer_id":312,"fid":1350,"label":"Tiểu học   Thạnh Ngãi 2"}},{"type":"Feature","geometry":{"type":"Point","coordinates":[106.2975538,10.1808794]},"properties":{"Trường tiểu học":"Tiểu học   Thành An","Địa chỉ trường":"Ấp Đông Hòa, Xã Tân Thành Bình","Cấp học":"Tiểu học","Loại hình":null,"Số điện thoại trường":"02753845247","Đạt CQG (MĐ)":null,"layer_id":312,"fid":1351,"label":"Tiểu học   Thành An"}},{"type":"Feature","geometry":{"type":"Point","coordinates":[105.990389,10.015993]},"properties":{"Trường tiểu học":"Tiểu học Trà Côn A","Địa chỉ trường":"Ấp Trà Ngoa , Xã Trà Côn","Cấp học":"Tiểu học","Loại hình":null,"Số điện thoại trường":"02703723311","Đạt CQG (MĐ)":null,"layer_id":312,"fid":1573,"label":"Tiểu học Trà Côn A"}},{"type":"Feature","geometry":{"type":"Point","coordinates":[106.008455,10.016453]},"properties":{"Trường tiểu học":"Tiểu học Trà Côn C","Địa chỉ trường":"Ấp Thôn Rôn, Xã Trà Côn","Cấp học":"Tiểu học","Loại hình":null,"Số điện thoại trường":"0986312407","Đạt CQG (MĐ)":null,"layer_id":312,"fid":1574,"label":"Tiểu học Trà Côn C"}},{"type":"Feature","geometry":{"type":"Point","coordinates":[106.252166917,10.124382417]},"properties":{"Trường tiểu học":"Tiểu học   Nhuận Phú Tân 1","Địa chỉ trường":"Ấp Giồng Chùa, Xã Nhuận Phú Tân","Cấp học":"Tiểu học","Loại hình":null,"Số điện thoại trường":"02753846144","Đạt CQG (MĐ)":null,"layer_id":312,"fid":1352,"label":"Tiểu học   Nhuận Phú Tân 1"}},{"type":"Feature","geometry":{"type":"Point","coordinates":[106.008456,10.016453]},"properties":{"Trường tiểu học":"Tiểu học Tân Mỹ A","Địa chỉ trường":"Ấp Sóc Ruộng, Xã Trà Côn","Cấp học":"Tiểu học","Loại hình":null,"Số điện thoại trường":"02703770484","Đạt CQG (MĐ)":null,"layer_id":312,"fid":1575,"label":"Tiểu học Tân Mỹ A"}},{"type":"Feature","geometry":{"type":"Point","coordinates":[106.2518236,10.124224]},"properties":{"Trường tiểu học":"Tiểu học   Nhuận Phú Tân 2","Địa chỉ trường":"Ấp Giồng Trôm, Xã Nhuận Phú Tân","Cấp học":"Tiểu học","Loại hình":null,"Số điện thoại trường":"02753846411","Đạt CQG (MĐ)":null,"layer_id":312,"fid":1353,"label":"Tiểu học   Nhuận Phú Tân 2"}},{"type":"Feature","geometry":{"type":"Point","coordinates":[106.340720032,10.128744163]},"properties":{"Trường tiểu học":"Tiểu học   2  Mỏ Cày","Địa chỉ trường":"Ấp 1, Xã Mỏ Cày","Cấp học":"Tiểu học","Loại hình":null,"Số điện thoại trường":"02753660661","Đạt CQG (MĐ)":null,"layer_id":312,"fid":1354,"label":"Tiểu học   2  Mỏ Cày"}},{"type":"Feature","geometry":{"type":"Point","coordinates":[105.9812606,9.9856347]},"properties":{"Trường tiểu học":"Tiểu học Tân Mỹ B","Địa chỉ trường":"Ấp Trà Mòn, Xã Trà Côn","Cấp học":"Tiểu học","Loại hình":null,"Số điện thoại trường":"02703775464","Đạt CQG (MĐ)":null,"layer_id":312,"fid":1576,"label":"Tiểu học Tân Mỹ B"}},{"type":"Feature","geometry":{"type":"Point","coordinates":[106.28775,10.07964]},"properties":{"Trường tiểu học":"Tiểu học   - THCS Lê Thị Biếu","Địa chỉ trường":"Ấp Bình Thạnh, Xã Thành Thới","Cấp học":"Tiểu học","Loại hình":null,"Số điện thoại trường":"02753848253","Đạt CQG (MĐ)":null,"layer_id":312,"fid":1355,"label":"Tiểu học   - THCS Lê Thị Biếu"}},{"type":"Feature","geometry":{"type":"Point","coordinates":[105.911178,9.95171]},"properties":{"Trường tiểu học":"Tiểu học Lục Sĩ Thành A","Địa chỉ trường":"Ấp Long Thạnh, Xã Lục Sĩ Thành","Cấp học":"Tiểu học","Loại hình":null,"Số điện thoại trường":"02703780067","Đạt CQG (MĐ)":null,"layer_id":312,"fid":1577,"label":"Tiểu học Lục Sĩ Thành A"}},{"type":"Feature","geometry":{"type":"Point","coordinates":[106.44641,10.0363]},"properties":{"Trường tiểu học":"Tiểu học   Huỳnh Thanh Mua ","Địa chỉ trường":"Ấp Phú Lợi, Xã Đại Điền","Cấp học":"Tiểu học","Loại hình":null,"Số điện thoại trường":"0753877592","Đạt CQG (MĐ)":null,"layer_id":312,"fid":1356,"label":"Tiểu học   Huỳnh Thanh Mua "}},{"type":"Feature","geometry":{"type":"Point","coordinates":[105.884098,9.980075]},"properties":{"Trường tiểu học":"Tiểu học Phú Thành","Địa chỉ trường":"Ấp Phú Sung , Xã Lục Sĩ Thành","Cấp học":"Tiểu học","Loại hình":null,"Số điện thoại trường":"02703780512","Đạt CQG (MĐ)":null,"layer_id":312,"fid":1578,"label":"Tiểu học Phú Thành"}},{"type":"Feature","geometry":{"type":"Point","coordinates":[106.514697,9.977955]},"properties":{"Trường tiểu học":"Tiểu học   Quới Điền","Địa chỉ trường":"Ấp Quý Đức B, Xã Quới Điền","Cấp học":"Tiểu học","Loại hình":null,"Số điện thoại trường":"02753877566","Đạt CQG (MĐ)":null,"layer_id":312,"fid":1357,"label":"Tiểu học   Quới Điền"}},{"type":"Feature","geometry":{"type":"Point","coordinates":[106.378801156,9.911646081]},"properties":{"Trường tiểu học":"Tiểu học Hòa Lợi ","Địa chỉ trường":"ấp Quí Hoà, Xã Quới Điền","Cấp học":"Tiểu học","Loại hình":null,"Số điện thoại trường":"02753 877076","Đạt CQG (MĐ)":null,"layer_id":312,"fid":1359,"label":"Tiểu học Hòa Lợi "}},{"type":"Feature","geometry":{"type":"Point","coordinates":[106.501906816,9.985711111]},"properties":{"Trường tiểu học":"Tiểu học   Mỹ Hưng","Địa chỉ trường":"Ấp Thạnh Mỹ, Xã Quới Điền  ","Cấp học":"Tiểu học","Loại hình":null,"Số điện thoại trường":"02753870384","Đạt CQG (MĐ)":null,"layer_id":312,"fid":1358,"label":"Tiểu học   Mỹ Hưng"}},{"type":"Feature","geometry":{"type":"Point","coordinates":[105.71518,10.143165]},"properties":{"Trường tiểu học":"Tiểu học Tân Lược","Địa chỉ trường":"Ấp Tân Vĩnh, Xã Tân Lược","Cấp học":"Tiểu học","Loại hình":null,"Số điện thoại trường":"0949209129","Đạt CQG (MĐ)":null,"layer_id":312,"fid":1579,"label":"Tiểu học Tân Lược"}},{"type":"Feature","geometry":{"type":"Point","coordinates":[106.62576,10.00722]},"properties":{"Trường tiểu học":"Tiểu học   Tân Thủy","Địa chỉ trường":"Ấp Tân Bình, Xã Tân Thủy","Cấp học":"Tiểu học","Loại hình":null,"Số điện thoại trường":"02753859122","Đạt CQG (MĐ)":null,"layer_id":312,"fid":1360,"label":"Tiểu học   Tân Thủy"}},{"type":"Feature","geometry":{"type":"Point","coordinates":[105.732281,10.126535]},"properties":{"Trường tiểu học":"Tiểu học Tân Bình","Địa chỉ trường":"Ấp Tân Qui, Xã Tân Quới","Cấp học":"Tiểu học","Loại hình":null,"Số điện thoại trường":"0907948889","Đạt CQG (MĐ)":null,"layer_id":312,"fid":1580,"label":"Tiểu học Tân Bình"}},{"type":"Feature","geometry":{"type":"Point","coordinates":[105.749725,10.103566]},"properties":{"Trường tiểu học":"Tiểu học Tân Quới ","Địa chỉ trường":"Ấp Tân Thuận, Xã Tân Quới","Cấp học":"Tiểu học","Loại hình":null,"Số điện thoại trường":"02703760267","Đạt CQG (MĐ)":null,"layer_id":312,"fid":1581,"label":"Tiểu học Tân Quới "}},{"type":"Feature","geometry":{"type":"Point","coordinates":[106.606343,9.993672]},"properties":{"Trường tiểu học":"Tiểu học   An Hòa Tây","Địa chỉ trường":"Ấp An Phú 1, Xã Tân Thủy","Cấp học":"Tiểu học","Loại hình":null,"Số điện thoại trường":"02753850776","Đạt CQG (MĐ)":null,"layer_id":312,"fid":1361,"label":"Tiểu học   An Hòa Tây"}},{"type":"Feature","geometry":{"type":"Point","coordinates":[106.610727783,9.98362582]},"properties":{"Trường tiểu học":"Tiểu học   Tiệm Tôm 2","Địa chỉ trường":"Ấp An Lợi, Xã Tân Thủy","Cấp học":"Tiểu học","Loại hình":null,"Số điện thoại trường":"02753856430","Đạt CQG (MĐ)":null,"layer_id":312,"fid":1362,"label":"Tiểu học   Tiệm Tôm 2"}},{"type":"Feature","geometry":{"type":"Point","coordinates":[105.792426,10.153347]},"properties":{"Trường tiểu học":"Tiểu học Thành Trung ","Địa chỉ trường":"Tổ 01 Ấp Thành Thuận, Xã Mỹ Thuận","Cấp học":"Tiểu học","Loại hình":null,"Số điện thoại trường":"0908859444","Đạt CQG (MĐ)":null,"layer_id":312,"fid":1582,"label":"Tiểu học Thành Trung "}},{"type":"Feature","geometry":{"type":"Point","coordinates":[106.660753,10.074053]},"properties":{"Trường tiểu học":"Tiểu học   Bảo Thạnh","Địa chỉ trường":"Ấp Thạnh Lợi, Xã Bảo Thạnh","Cấp học":"Tiểu học","Loại hình":null,"Số điện thoại trường":"02753 881 130","Đạt CQG (MĐ)":null,"layer_id":312,"fid":1363,"label":"Tiểu học   Bảo Thạnh"}},{"type":"Feature","geometry":{"type":"Point","coordinates":[106.621474,10.028869]},"properties":{"Trường tiểu học":"Tiểu học   Vĩnh Hòa","Địa chỉ trường":"Ấp Vĩnh Đức Đông, xã Ba Tri","Cấp học":"Tiểu học","Loại hình":null,"Số điện thoại trường":"02753850775","Đạt CQG (MĐ)":null,"layer_id":312,"fid":1364,"label":"Tiểu học   Vĩnh Hòa"}},{"type":"Feature","geometry":{"type":"Point","coordinates":[105.827559,10.107746]},"properties":{"Trường tiểu học":"Tiểu học Mỹ Thuận","Địa chỉ trường":"Tổ 4, Mỹ Thạnh B, Mỹ Thuận, Xã Mỹ Thuận","Cấp học":"Tiểu học","Loại hình":null,"Số điện thoại trường":"0939802097","Đạt CQG (MĐ)":null,"layer_id":312,"fid":1583,"label":"Tiểu học Mỹ Thuận"}},{"type":"Feature","geometry":{"type":"Point","coordinates":[106.613212,10.122616]},"properties":{"Trường tiểu học":"Tiểu học   Tân Xuân 2","Địa chỉ trường":"Ấp Tân Hòa, Xã Tân Xuân","Cấp học":"Tiểu học","Loại hình":null,"Số điện thoại trường":"02753858698","Đạt CQG (MĐ)":null,"layer_id":312,"fid":1365,"label":"Tiểu học   Tân Xuân 2"}},{"type":"Feature","geometry":{"type":"Point","coordinates":[106.2023367,9.9997191]},"properties":{"Trường tiểu học":"Tiểu học Càng Long A","Địa chỉ trường":"Ấp Mỹ Trường, Xã Càng Long","Cấp học":"Tiểu học","Loại hình":null,"Số điện thoại trường":"02943,882,816","Đạt CQG (MĐ)":null,"layer_id":312,"fid":1584,"label":"Tiểu học Càng Long A"}},{"type":"Feature","geometry":{"type":"Point","coordinates":[106.175637695,10.007859107]},"properties":{"Trường tiểu học":"Tiểu học Mỹ Cẩm","Địa chỉ trường":"Ấp số 4, Xã Càng Long","Cấp học":"Tiểu học","Loại hình":null,"Số điện thoại trường":"02943600063","Đạt CQG (MĐ)":null,"layer_id":312,"fid":1585,"label":"Tiểu học Mỹ Cẩm"}},{"type":"Feature","geometry":{"type":"Point","coordinates":[106.4362025,10.1070686]},"properties":{"Trường tiểu học":"Tiểu học   Phong Điền","Địa chỉ trường":"Ấp Hưng An A, Xã Tân Hào","Cấp học":"Tiểu học","Loại hình":null,"Số điện thoại trường":"02753864703","Đạt CQG (MĐ)":null,"layer_id":312,"fid":1366,"label":"Tiểu học   Phong Điền"}},{"type":"Feature","geometry":{"type":"Point","coordinates":[106.397926,10.154151]},"properties":{"Trường tiểu học":"Tiểu học   Phước Long 1","Địa chỉ trường":"Ấp Long Thị, Xã Phước Long","Cấp học":"Tiểu học","Loại hình":null,"Số điện thoại trường":"02753863112","Đạt CQG (MĐ)":null,"layer_id":312,"fid":1367,"label":"Tiểu học   Phước Long 1"}},{"type":"Feature","geometry":{"type":"Point","coordinates":[106.23937,9.960245]},"properties":{"Trường tiểu học":"Tiểu học Bình Phú A","Địa chỉ trường":"Ấp Nguyệt Lãng C, Xã Bình Phú","Cấp học":"Tiểu học","Loại hình":null,"Số điện thoại trường":"0966139345","Đạt CQG (MĐ)":null,"layer_id":312,"fid":1586,"label":"Tiểu học Bình Phú A"}},{"type":"Feature","geometry":{"type":"Point","coordinates":[106.490469115,10.218240083]},"properties":{"Trường tiểu học":"Tiểu học   Châu Hòa","Địa chỉ trường":"Ấp Phú Hòa, Xã Châu Hòa","Cấp học":"Tiểu học","Loại hình":null,"Số điện thoại trường":"02753882143","Đạt CQG (MĐ)":null,"layer_id":312,"fid":1368,"label":"Tiểu học   Châu Hòa"}},{"type":"Feature","geometry":{"type":"Point","coordinates":[106.554096,10.169412]},"properties":{"Trường tiểu học":"Tiểu học   Châu Bình 2","Địa chỉ trường":"Ấp Bình Long, Xã Châu Hòa","Cấp học":"Tiểu học","Loại hình":null,"Số điện thoại trường":"02753861806","Đạt CQG (MĐ)":null,"layer_id":312,"fid":1369,"label":"Tiểu học   Châu Bình 2"}},{"type":"Feature","geometry":{"type":"Point","coordinates":[106.280785,9.93993]},"properties":{"Trường tiểu học":"Tiểu học Phương Thạnh A","Địa chỉ trường":"Ấp Chợ, Xã Bình Phú","Cấp học":"Tiểu học","Loại hình":null,"Số điện thoại trường":"02943880028","Đạt CQG (MĐ)":null,"layer_id":312,"fid":1587,"label":"Tiểu học Phương Thạnh A"}},{"type":"Feature","geometry":{"type":"Point","coordinates":[106.534895859,10.193962401]},"properties":{"Trường tiểu học":"Tiểu học   Châu Bình 1","Địa chỉ trường":"Ấp Bình Phú, Xã Châu Hòa","Cấp học":"Tiểu học","Loại hình":null,"Số điện thoại trường":"02753887029","Đạt CQG (MĐ)":null,"layer_id":312,"fid":1370,"label":"Tiểu học   Châu Bình 1"}},{"type":"Feature","geometry":{"type":"Point","coordinates":[106.294536,9.98538]},"properties":{"Trường tiểu học":"Tiểu học Đại Phúc","Địa chỉ trường":"Ấp Tân Định , Xã Bình Phú","Cấp học":"Tiểu học","Loại hình":null,"Số điện thoại trường":"02943880206","Đạt CQG (MĐ)":null,"layer_id":312,"fid":1588,"label":"Tiểu học Đại Phúc"}},{"type":"Feature","geometry":{"type":"Point","coordinates":[106.16133,9.89238]},"properties":{"Trường tiểu học":"Tiểu học Tân An B","Địa chỉ trường":"Ấp Tân Trung, Xã Tân An","Cấp học":"Tiểu học","Loại hình":null,"Số điện thoại trường":"02943886334","Đạt CQG (MĐ)":null,"layer_id":312,"fid":1589,"label":"Tiểu học Tân An B"}},{"type":"Feature","geometry":{"type":"Point","coordinates":[106.47869,10.200112]},"properties":{"Trường tiểu học":"Tiểu học   Lương Quới","Địa chỉ trường":"Ấp Đồng Nhơn, Xã Châu Hòa","Cấp học":"Tiểu học","Loại hình":null,"Số điện thoại trường":"02753882087","Đạt CQG (MĐ)":null,"layer_id":312,"fid":1371,"label":"Tiểu học   Lương Quới"}},{"type":"Feature","geometry":{"type":"Point","coordinates":[106.198956,9.919366]},"properties":{"Trường tiểu học":"Tiểu học Huyền Hội A","Địa chỉ trường":"Ấp Kinh A, Xã Tân An","Cấp học":"Tiểu học","Loại hình":null,"Số điện thoại trường":null,"Đạt CQG (MĐ)":null,"layer_id":312,"fid":1590,"label":"Tiểu học Huyền Hội A"}},{"type":"Feature","geometry":{"type":"Point","coordinates":[106.605289,10.208861]},"properties":{"Trường tiểu học":"Tiểu học   Phú Long","Địa chỉ trường":"Ấp Giồng Tre, Xã Thạnh Trị ","Cấp học":"Tiểu học","Loại hình":null,"Số điện thoại trường":"02753751138","Đạt CQG (MĐ)":null,"layer_id":312,"fid":1372,"label":"Tiểu học   Phú Long"}},{"type":"Feature","geometry":{"type":"Point","coordinates":[106.543114,10.255189]},"properties":{"Trường tiểu học":"Tiểu học   Vang Quới Đông","Địa chỉ trường":"Ấp Vinh Huê, Xã Lộc Thuận","Cấp học":"Tiểu học","Loại hình":null,"Số điện thoại trường":"02753854205","Đạt CQG (MĐ)":null,"layer_id":312,"fid":1373,"label":"Tiểu học   Vang Quới Đông"}},{"type":"Feature","geometry":{"type":"Point","coordinates":[106.16488,9.94169]},"properties":{"Trường tiểu học":"Tiểu học Tân Bình B","Địa chỉ trường":"Ấp An Định Giồng, Xã An Trường","Cấp học":"Tiểu học","Loại hình":null,"Số điện thoại trường":"02943503392","Đạt CQG (MĐ)":null,"layer_id":312,"fid":1591,"label":"Tiểu học Tân Bình B"}},{"type":"Feature","geometry":{"type":"Point","coordinates":[106.533871,10.258286]},"properties":{"Trường tiểu học":"Tiểu học   Nguyễn Thị Hoa","Địa chỉ trường":"Ấp Vinh Hội, Xã Lộc Thuận","Cấp học":"Tiểu học","Loại hình":null,"Số điện thoại trường":"02753854210","Đạt CQG (MĐ)":null,"layer_id":312,"fid":1374,"label":"Tiểu học   Nguyễn Thị Hoa"}},{"type":"Feature","geometry":{"type":"Point","coordinates":[106.494579,10.245689]},"properties":{"Trường tiểu học":"Tiểu học   Huỳnh Tấn Phát","Địa chỉ trường":"Ấp Hưng Chánh , Xã Châu Hưng","Cấp học":"Tiểu học","Loại hình":null,"Số điện thoại trường":"02753853175","Đạt CQG (MĐ)":null,"layer_id":312,"fid":1375,"label":"Tiểu học   Huỳnh Tấn Phát"}},{"type":"Feature","geometry":{"type":"Point","coordinates":[106.005278,10.200064]},"properties":{"Trường tiểu học":"Tiểu học Cầu Kè","Địa chỉ trường":"Ấp 5, xã Cầu Kè","Cấp học":"Tiểu học","Loại hình":null,"Số điện thoại trường":"02943834194","Đạt CQG (MĐ)":null,"layer_id":312,"fid":1592,"label":"Tiểu học Cầu Kè"}},{"type":"Feature","geometry":{"type":"Point","coordinates":[106.069496,9.887476]},"properties":{"Trường tiểu học":"Tiểu học Hoà Ân A","Địa chỉ trường":"Ấp Trà Kháo, Xã Cầu Kè","Cấp học":"Tiểu học","Loại hình":null,"Số điện thoại trường":null,"Đạt CQG (MĐ)":null,"layer_id":312,"fid":1593,"label":"Tiểu học Hoà Ân A"}},{"type":"Feature","geometry":{"type":"Point","coordinates":[106.494764,10.270416]},"properties":{"Trường tiểu học":"Tiểu học   Nguyễn Trí Việt","Địa chỉ trường":"Ấp Phú Hưng, Xã Phú Thuận ","Cấp học":"Tiểu học","Loại hình":null,"Số điện thoại trường":"02753853198","Đạt CQG (MĐ)":null,"layer_id":312,"fid":1376,"label":"Tiểu học   Nguyễn Trí Việt"}},{"type":"Feature","geometry":{"type":"Point","coordinates":[106.111910194,9.87680499]},"properties":{"Trường tiểu học":"Tiểu học Châu Điền B","Địa chỉ trường":"Ấp Ô Rồm, Xã Cầu Kè","Cấp học":"Tiểu học","Loại hình":null,"Số điện thoại trường":"0966472345","Đạt CQG (MĐ)":null,"layer_id":312,"fid":1594,"label":"Tiểu học Châu Điền B"}},{"type":"Feature","geometry":{"type":"Point","coordinates":[106.461499938,10.282579592]},"properties":{"Trường tiểu học":"Tiểu học   Long Định","Địa chỉ trường":"Ấp Long Quới, Xã Phú Thuận ","Cấp học":"Tiểu học","Loại hình":null,"Số điện thoại trường":"02753746034","Đạt CQG (MĐ)":null,"layer_id":312,"fid":1377,"label":"Tiểu học   Long Định"}},{"type":"Feature","geometry":{"type":"Point","coordinates":[105.964541585,10.255256893]},"properties":{"Trường tiểu học":"Tiểu học Phạm Hùng","Địa chỉ trường":"Số 39N đường D7A, Khóm 10, Phường Long Châu","Cấp học":"Tiểu học","Loại hình":null,"Số điện thoại trường":"0270.3823513","Đạt CQG (MĐ)":null,"layer_id":312,"fid":1380,"label":"Tiểu học Phạm Hùng"}},{"type":"Feature","geometry":{"type":"Point","coordinates":[106.259124383,10.206531044]},"properties":{"Trường tiểu học":"Tiểu học Vĩnh Hoà","Địa chỉ trường":"ấp Hoà II, xã Hưng Khánh Trung","Cấp học":"Tiểu học","Loại hình":null,"Số điện thoại trường":"02753874604","Đạt CQG (MĐ)":null,"layer_id":312,"fid":1378,"label":"Tiểu học Vĩnh Hoà"}},{"type":"Feature","geometry":{"type":"Point","coordinates":[106.043991,9.861175]},"properties":{"Trường tiểu học":"Tiểu học Hoà Tân B","Địa chỉ trường":"Ấp Chông Nô 2, Xã An Phú Tân","Cấp học":"Tiểu học","Loại hình":null,"Số điện thoại trường":"0987005226","Đạt CQG (MĐ)":null,"layer_id":312,"fid":1595,"label":"Tiểu học Hoà Tân B"}},{"type":"Feature","geometry":{"type":"Point","coordinates":[106.36258,10.255128]},"properties":{"Trường tiểu học":"Trường TH-THCS-THPT IGC Bến Tre","Địa chỉ trường":"Khu Ao Sen - Chợ Chùa, phường Phú Tân, tỉnh Vĩnh Long","Cấp học":"Tiểu học","Loại hình":null,"Số điện thoại trường":"0982766908","Đạt CQG (MĐ)":null,"layer_id":312,"fid":1379,"label":"Trường TH-THCS-THPT IGC Bến Tre"}},{"type":"Feature","geometry":{"type":"Point","coordinates":[106.078848331,10.282931253]},"properties":{"Trường tiểu học":"Tiểu học Lê Lợi","Địa chỉ trường":"Số 58 đường Mậu Thân, Phường Phước Hậu","Cấp học":"Tiểu học","Loại hình":null,"Số điện thoại trường":"02703827463","Đạt CQG (MĐ)":null,"layer_id":312,"fid":1381,"label":"Tiểu học Lê Lợi"}},{"type":"Feature","geometry":{"type":"Point","coordinates":[105.97242875,10.219388614]},"properties":{"Trường tiểu học":"Tiểu học Phước Hậu A","Địa chỉ trường":" Khóm Phước Hanh A, Phường Phước Hậu","Cấp học":"Tiểu học","Loại hình":null,"Số điện thoại trường":"02706297136","Đạt CQG (MĐ)":null,"layer_id":312,"fid":1382,"label":"Tiểu học Phước Hậu A"}},{"type":"Feature","geometry":{"type":"Point","coordinates":[106.0002045,9.8946538]},"properties":{"Trường tiểu học":"Tiểu học An Phú Tân A","Địa chỉ trường":"Ấp Dinh An, Xã An Phú Tân","Cấp học":"Tiểu học","Loại hình":null,"Số điện thoại trường":null,"Đạt CQG (MĐ)":null,"layer_id":312,"fid":1596,"label":"Tiểu học An Phú Tân A"}},{"type":"Feature","geometry":{"type":"Point","coordinates":[105.953698753,10.214631951]},"properties":{"Trường tiểu học":"Tiểu học Phước Hậu C","Địa chỉ trường":"Khóm Phước Lợi B, Phường Phước Hậu","Cấp học":"Tiểu học","Loại hình":null,"Số điện thoại trường":"02703811688","Đạt CQG (MĐ)":null,"layer_id":312,"fid":1383,"label":"Tiểu học Phước Hậu C"}},{"type":"Feature","geometry":{"type":"Point","coordinates":[105.936975992,10.234556936]},"properties":{"Trường tiểu học":"Tiểu học Tân Hạnh c","Địa chỉ trường":"Số 13A, khóm Tân Thới, Phường Tân Hạnh","Cấp học":"Tiểu học","Loại hình":null,"Số điện thoại trường":"02706271025","Đạt CQG (MĐ)":null,"layer_id":312,"fid":1384,"label":"Tiểu học Tân Hạnh c"}},{"type":"Feature","geometry":{"type":"Point","coordinates":[106.078947,9.799177]},"properties":{"Trường tiểu học":"Tiểu học Ninh Thới","Địa chỉ trường":"Ấp Mỹ Văn , Xã Phong Thạnh","Cấp học":"Tiểu học","Loại hình":null,"Số điện thoại trường":"0969634949","Đạt CQG (MĐ)":null,"layer_id":312,"fid":1597,"label":"Tiểu học Ninh Thới"}},{"type":"Feature","geometry":{"type":"Point","coordinates":[105.908778732,10.267521631]},"properties":{"Trường tiểu học":"Tiểu học Lê Hồng Phong","Địa chỉ trường":"Số 5C Khóm Tân Phú , Phường Tân Ngãi","Cấp học":"Tiểu học","Loại hình":null,"Số điện thoại trường":"02703823583","Đạt CQG (MĐ)":null,"layer_id":312,"fid":1385,"label":"Tiểu học Lê Hồng Phong"}},{"type":"Feature","geometry":{"type":"Point","coordinates":[105.947316575,10.157613812]},"properties":{"Trường tiểu học":"Tiểu học Hòa Phú A","Địa chỉ trường":"Ấp Hoà Hưng, Xã Phú Quới","Cấp học":"Tiểu học","Loại hình":null,"Số điện thoại trường":"02703811217","Đạt CQG (MĐ)":null,"layer_id":312,"fid":1386,"label":"Tiểu học Hòa Phú A"}},{"type":"Feature","geometry":{"type":"Point","coordinates":[106.139518517,9.739309198]},"properties":{"Trường tiểu học":"Tiểu học Tân Hòa A","Địa chỉ trường":"Ấp Tân Thành Đông, Xã Tân Hòa","Cấp học":"Tiểu học","Loại hình":null,"Số điện thoại trường":"02942217852 hoặc 0374291303","Đạt CQG (MĐ)":null,"layer_id":312,"fid":1598,"label":"Tiểu học Tân Hòa A"}},{"type":"Feature","geometry":{"type":"Point","coordinates":[106.044616393,10.084546036]},"properties":{"Trường tiểu học":"Tiểu học Hòa Hiệp","Địa chỉ trường":"Ấp 4, Xã Hoà Hiệp","Cấp học":"Tiểu học","Loại hình":null,"Số điện thoại trường":"02702216193","Đạt CQG (MĐ)":null,"layer_id":312,"fid":1396,"label":"Tiểu học Hòa Hiệp"}},{"type":"Feature","geometry":{"type":"Point","coordinates":[106.1379555,9.7770784]},"properties":{"Trường tiểu học":"Tiểu học Long Thới A","Địa chỉ trường":"Ấp Định Phú B, Xã Tân Hòa","Cấp học":"Tiểu học","Loại hình":null,"Số điện thoại trường":"02943824240","Đạt CQG (MĐ)":null,"layer_id":312,"fid":1599,"label":"Tiểu học Long Thới A"}},{"type":"Feature","geometry":{"type":"Point","coordinates":[106.007600425,10.272726363]},"properties":{"Trường tiểu học":"Tiểu học Trương Văn Ba","Địa chỉ trường":"Ấp Hoà Quí ,  Xã An Bình","Cấp học":"Tiểu học","Loại hình":null,"Số điện thoại trường":"02703859629","Đạt CQG (MĐ)":null,"layer_id":312,"fid":1387,"label":"Tiểu học Trương Văn Ba"}},{"type":"Feature","geometry":{"type":"Point","coordinates":[106.151526,9.781133]},"properties":{"Trường tiểu học":"Tiểu học Long Thới B","Địa chỉ trường":"Ấp Trinh Phụ, Xã Tân Hòa","Cấp học":"Tiểu học","Loại hình":null,"Số điện thoại trường":"02943824049","Đạt CQG (MĐ)":null,"layer_id":312,"fid":1600,"label":"Tiểu học Long Thới B"}},{"type":"Feature","geometry":{"type":"Point","coordinates":[105.996983269,10.309407002]},"properties":{"Trường tiểu học":"Tiểu học Đồng Phú A","Địa chỉ trường":"Ấp Phú Mỹ 2, Xã An Bình","Cấp học":"Tiểu học","Loại hình":null,"Số điện thoại trường":"02703859740","Đạt CQG (MĐ)":null,"layer_id":312,"fid":1388,"label":"Tiểu học Đồng Phú A"}},{"type":"Feature","geometry":{"type":"Point","coordinates":[106.120483615,10.222229028]},"properties":{"Trường tiểu học":"Tiểu học An Phước ","Địa chỉ trường":"Ấp Thanh Thủy, Xã Cái Nhum","Cấp học":"Tiểu học","Loại hình":null,"Số điện thoại trường":"02703840686","Đạt CQG (MĐ)":null,"layer_id":312,"fid":1389,"label":"Tiểu học An Phước "}},{"type":"Feature","geometry":{"type":"Point","coordinates":[106.206483,9.764421]},"properties":{"Trường tiểu học":"Tiểu học Hùng Hòa","Địa chỉ trường":"Ấp Từ Ô, Xã Hùng Hòa","Cấp học":"Tiểu học","Loại hình":null,"Số điện thoại trường":"02943640693","Đạt CQG (MĐ)":null,"layer_id":312,"fid":1601,"label":"Tiểu học Hùng Hòa"}},{"type":"Feature","geometry":{"type":"Point","coordinates":[106.037572926,10.24571577]},"properties":{"Trường tiểu học":"Tiểu học Mỹ An B","Địa chỉ trường":"Ấp An Hương 1, Xã Nhơn Phú","Cấp học":"Tiểu học","Loại hình":null,"Số điện thoại trường":"02703849702","Đạt CQG (MĐ)":null,"layer_id":312,"fid":1390,"label":"Tiểu học Mỹ An B"}},{"type":"Feature","geometry":{"type":"Point","coordinates":[106.084874867,10.124035244]},"properties":{"Trường tiểu học":"Tiểu học Tân Long Hội ","Địa chỉ trường":"Ấp Thanh Phong, Xã Tân Long Hội","Cấp học":"Tiểu học","Loại hình":null,"Số điện thoại trường":"907719572","Đạt CQG (MĐ)":null,"layer_id":312,"fid":1391,"label":"Tiểu học Tân Long Hội "}},{"type":"Feature","geometry":{"type":"Point","coordinates":[106.273044,9.7876233]},"properties":{"Trường tiểu học":"Tiểu học Ngãi Hùng ","Địa chỉ trường":"Ấp Chánh Hội A, Xã Hùng Hòa","Cấp học":"Tiểu học","Loại hình":null,"Số điện thoại trường":"02943618096","Đạt CQG (MĐ)":null,"layer_id":312,"fid":1602,"label":"Tiểu học Ngãi Hùng "}},{"type":"Feature","geometry":{"type":"Point","coordinates":[106.262833,9.738389]},"properties":{"Trường tiểu học":"Tiểu học Tập Sơn","Địa chỉ trường":"Ấp Đông Sơn, Xã Tập Sơn","Cấp học":"Tiểu học","Loại hình":null,"Số điện thoại trường":"02943789069","Đạt CQG (MĐ)":null,"layer_id":312,"fid":1603,"label":"Tiểu học Tập Sơn"}},{"type":"Feature","geometry":{"type":"Point","coordinates":[106.085927875,10.120611395]},"properties":{"Trường tiểu học":"Tiểu học Tân An Luông","Địa chỉ trường":"Ấp Gò Ân, Xã Trung Hiệp","Cấp học":"Tiểu học","Loại hình":null,"Số điện thoại trường":"0270387410","Đạt CQG (MĐ)":null,"layer_id":312,"fid":1392,"label":"Tiểu học Tân An Luông"}},{"type":"Feature","geometry":{"type":"Point","coordinates":[106.202845668,10.060757369]},"properties":{"Trường tiểu học":"Tiểu học Nguyễn Văn Thời","Địa chỉ trường":"Ấp Giồng Ké, Xã Trung Ngãi","Cấp học":"Tiểu học","Loại hình":null,"Số điện thoại trường":" 02703870247","Đạt CQG (MĐ)":null,"layer_id":312,"fid":1393,"label":"Tiểu học Nguyễn Văn Thời"}},{"type":"Feature","geometry":{"type":"Point","coordinates":[106.240819,9.734084]},"properties":{"Trường tiểu học":"Tiểu học Tân Sơn","Địa chỉ trường":"Ấp Đồn Điền, Xã Tập Sơn","Cấp học":"Tiểu học","Loại hình":null,"Số điện thoại trường":"02943879147","Đạt CQG (MĐ)":null,"layer_id":312,"fid":1604,"label":"Tiểu học Tân Sơn"}},{"type":"Feature","geometry":{"type":"Point","coordinates":[106.01910808,10.257898175]},"properties":{"Trường tiểu học":"Tiểu học Vũng Liêm","Địa chỉ trường":"Ấp 2, xã Trung Thành, tỉnh Vĩnh Long","Cấp học":"Tiểu học","Loại hình":null,"Số điện thoại trường":"02703870298","Đạt CQG (MĐ)":null,"layer_id":312,"fid":1394,"label":"Tiểu học Vũng Liêm"}},{"type":"Feature","geometry":{"type":"Point","coordinates":[105.998602448,10.044620985]},"properties":{"Trường tiểu học":"Tiểu học Lưu Văn Liệt","Địa chỉ trường":"Khóm 1, Xã Tam Bình","Cấp học":"Tiểu học","Loại hình":null,"Số điện thoại trường":"02703860383","Đạt CQG (MĐ)":null,"layer_id":312,"fid":1395,"label":"Tiểu học Lưu Văn Liệt"}},{"type":"Feature","geometry":{"type":"Point","coordinates":[106.199376394,9.729780088]},"properties":{"Trường tiểu học":"Tiểu học An Quảng Hữu A","Địa chỉ trường":"Ấp Phố, Xã Lưu Nghiệp Anh","Cấp học":"Tiểu học","Loại hình":null,"Số điện thoại trường":"02943555568","Đạt CQG (MĐ)":null,"layer_id":312,"fid":1605,"label":"Tiểu học An Quảng Hữu A"}},{"type":"Feature","geometry":{"type":"Point","coordinates":[106.005278,10.200064]},"properties":{"Trường tiểu học":"Tiểu học Lưu Nghiệp Anh A","Địa chỉ trường":"Ấp Chợ , Xã Lưu Nghiệp Anh","Cấp học":"Tiểu học","Loại hình":null,"Số điện thoại trường":"02943871342","Đạt CQG (MĐ)":null,"layer_id":312,"fid":1606,"label":"Tiểu học Lưu Nghiệp Anh A"}},{"type":"Feature","geometry":{"type":"Point","coordinates":[106.1788937,9.7058508]},"properties":{"Trường tiểu học":"Tiểu học Lưu Nghiệp Anh B","Địa chỉ trường":"Ấp Xoài Lơ, Xã Lưu Nghiệp Anh","Cấp học":"Tiểu học","Loại hình":null,"Số điện thoại trường":"02943870302","Đạt CQG (MĐ)":null,"layer_id":312,"fid":1607,"label":"Tiểu học Lưu Nghiệp Anh B"}},{"type":"Feature","geometry":{"type":"Point","coordinates":[105.805190205,10.06186522]},"properties":{"Trường tiểu học":"Tiểu học Trần Bình Trọng","Địa chỉ trường":"Khóm Mỹ Khánh 2, Phường Cái Vồn","Cấp học":"Tiểu học","Loại hình":null,"Số điện thoại trường":"02703891615","Đạt CQG (MĐ)":null,"layer_id":312,"fid":1397,"label":"Tiểu học Trần Bình Trọng"}},{"type":"Feature","geometry":{"type":"Point","coordinates":[105.852262588,10.025386493]},"properties":{"Trường tiểu học":"Tiểu học Mỹ Hòa C","Địa chỉ trường":"Ấp Mỹ Phước 1, Phường Cái Vồn","Cấp học":"Tiểu học","Loại hình":null,"Số điện thoại trường":"02703891160","Đạt CQG (MĐ)":null,"layer_id":312,"fid":1398,"label":"Tiểu học Mỹ Hòa C"}},{"type":"Feature","geometry":{"type":"Point","coordinates":[106.273793,9.705923]},"properties":{"Trường tiểu học":"Tiểu học Ngãi Xuyên B","Địa chỉ trường":"Ấp Cầu Hanh, Xã Trà Cú","Cấp học":"Tiểu học","Loại hình":null,"Số điện thoại trường":"02943608777","Đạt CQG (MĐ)":null,"layer_id":312,"fid":1608,"label":"Tiểu học Ngãi Xuyên B"}},{"type":"Feature","geometry":{"type":"Point","coordinates":[105.943010849,10.194136544]},"properties":{"Trường tiểu học":"Tiểu học Xuân Hiệp A","Địa chỉ trường":"Ấp Hồi Xuân, Xã Hòa Bình","Cấp học":"Tiểu học","Loại hình":null,"Số điện thoại trường":null,"Đạt CQG (MĐ)":null,"layer_id":312,"fid":1399,"label":"Tiểu học Xuân Hiệp A"}},{"type":"Feature","geometry":{"type":"Point","coordinates":[105.739043392,10.182512047]},"properties":{"Trường tiểu học":"Tiểu học Tân Hưng","Địa chỉ trường":"ấp Hưng Thuận, Xã Tân Lược","Cấp học":"Tiểu học","Loại hình":null,"Số điện thoại trường":"0975492188","Đạt CQG (MĐ)":null,"layer_id":312,"fid":1400,"label":"Tiểu học Tân Hưng"}},{"type":"Feature","geometry":{"type":"Point","coordinates":[106.263765,9.693559]},"properties":{"Trường tiểu học":"Tiểu học Trà Cú A","Địa chỉ trường":"Ấp 5, Xã Trà Cú","Cấp học":"Tiểu học","Loại hình":null,"Số điện thoại trường":"02943663999","Đạt CQG (MĐ)":null,"layer_id":312,"fid":1609,"label":"Tiểu học Trà Cú A"}},{"type":"Feature","geometry":{"type":"Point","coordinates":[106.263381,9.675666]},"properties":{"Trường tiểu học":"Tiểu học Trà Cú B","Địa chỉ trường":"Khóm I, Xã Trà Cú","Cấp học":"Tiểu học","Loại hình":null,"Số điện thoại trường":"02943874354","Đạt CQG (MĐ)":null,"layer_id":312,"fid":1610,"label":"Tiểu học Trà Cú B"}},{"type":"Feature","geometry":{"type":"Point","coordinates":[105.720198454,10.155238027]},"properties":{"Trường tiểu học":"Tiểu học Tân An Thạnh B","Địa chỉ trường":"Ấp An Khánh, Xã Tân Lược","Cấp học":"Tiểu học","Loại hình":null,"Số điện thoại trường":"0896412369","Đạt CQG (MĐ)":null,"layer_id":312,"fid":1401,"label":"Tiểu học Tân An Thạnh B"}},{"type":"Feature","geometry":{"type":"Point","coordinates":[106.284187,9.686764]},"properties":{"Trường tiểu học":"Tiểu học Thanh Sơn","Địa chỉ trường":"Ấp Sóc Chà B, Xã Trà Cú","Cấp học":"Tiểu học","Loại hình":null,"Số điện thoại trường":"không","Đạt CQG (MĐ)":null,"layer_id":312,"fid":1611,"label":"Tiểu học Thanh Sơn"}},{"type":"Feature","geometry":{"type":"Point","coordinates":[106.326270923,9.949038795]},"properties":{"Trường tiểu học":"Tiểu học Phương Thạnh B","Địa chỉ trường":"Ấp Phú Hòa, Xã Bình Phú","Cấp học":"Tiểu học","Loại hình":null,"Số điện thoại trường":null,"Đạt CQG (MĐ)":null,"layer_id":312,"fid":1402,"label":"Tiểu học Phương Thạnh B"}},{"type":"Feature","geometry":{"type":"Point","coordinates":[106.309451261,9.634884703]},"properties":{"Trường tiểu học":"Tiểu học Đại An B","Địa chỉ trường":"Ấp Trà Kha , Xã Đại An","Cấp học":"Tiểu học","Loại hình":null,"Số điện thoại trường":"02943878198","Đạt CQG (MĐ)":null,"layer_id":312,"fid":1614,"label":"Tiểu học Đại An B"}},{"type":"Feature","geometry":{"type":"Point","coordinates":[106.197044788,9.970539639]},"properties":{"Trường tiểu học":"Tiểu học B An Trường","Địa chỉ trường":"Ấp 4A, Xã An Trường","Cấp học":"Tiểu học","Loại hình":null,"Số điện thoại trường":"02943575489","Đạt CQG (MĐ)":null,"layer_id":312,"fid":1403,"label":"Tiểu học B An Trường"}},{"type":"Feature","geometry":{"type":"Point","coordinates":[106.22417,9.67012]},"properties":{"Trường tiểu học":"Tiểu học Kim Sơn","Địa chỉ trường":"Ấp Bảy Xào Giữa, Xã Hàm Giang","Cấp học":"Tiểu học","Loại hình":null,"Số điện thoại trường":"02943504777","Đạt CQG (MĐ)":null,"layer_id":312,"fid":1612,"label":"Tiểu học Kim Sơn"}},{"type":"Feature","geometry":{"type":"Point","coordinates":[106.141733407,10.003475479]},"properties":{"Trường tiểu học":"Tiểu học An Trường A","Địa chỉ trường":"Ấp 9B, Xã An Trường","Cấp học":"Tiểu học","Loại hình":null,"Số điện thoại trường":"02943887526","Đạt CQG (MĐ)":null,"layer_id":312,"fid":1404,"label":"Tiểu học An Trường A"}},{"type":"Feature","geometry":{"type":"Point","coordinates":[6.151074454,9.916574237]},"properties":{"Trường tiểu học":"Tiểu học Tân Bình A","Địa chỉ trường":"Ấp Trà Ốp, Xã An Trường","Cấp học":"Tiểu học","Loại hình":null,"Số điện thoại trường":"02943580055","Đạt CQG (MĐ)":null,"layer_id":312,"fid":1405,"label":"Tiểu học Tân Bình A"}},{"type":"Feature","geometry":{"type":"Point","coordinates":[106.306072194,9.673872162]},"properties":{"Trường tiểu học":"Tiểu học Hàm Giang A","Địa chỉ trường":"Ấp Trà Tro A, Xã Hàm Giang","Cấp học":"Tiểu học","Loại hình":null,"Số điện thoại trường":"02943878213","Đạt CQG (MĐ)":null,"layer_id":312,"fid":1613,"label":"Tiểu học Hàm Giang A"}},{"type":"Feature","geometry":{"type":"Point","coordinates":[106.262180722,10.011103196]},"properties":{"Trường tiểu học":"Tiểu học Nhị Long","Địa chỉ trường":"Ấp Dừa Đỏ 1, Xã Nhị Long","Cấp học":"Tiểu học","Loại hình":null,"Số điện thoại trường":null,"Đạt CQG (MĐ)":null,"layer_id":312,"fid":1406,"label":"Tiểu học Nhị Long"}},{"type":"Feature","geometry":{"type":"Point","coordinates":[106.345492,9.694449]},"properties":{"Trường tiểu học":"Tiểu học Ngọc Biên B","Địa chỉ trường":"Ấp Sà Vần B, Xã Long Hiệp","Cấp học":"Tiểu học","Loại hình":null,"Số điện thoại trường":"02943555165","Đạt CQG (MĐ)":null,"layer_id":312,"fid":1615,"label":"Tiểu học Ngọc Biên B"}},{"type":"Feature","geometry":{"type":"Point","coordinates":[106.24363246,10.060434106]},"properties":{"Trường tiểu học":"Tiểu học Đức Mỹ","Địa chỉ trường":"Ấp Mỹ Hiệp A, Xã Nhị Long","Cấp học":"Tiểu học","Loại hình":null,"Số điện thoại trường":null,"Đạt CQG (MĐ)":null,"layer_id":312,"fid":1407,"label":"Tiểu học Đức Mỹ"}},{"type":"Feature","geometry":{"type":"Point","coordinates":[106.082027972,9.861326389]},"properties":{"Trường tiểu học":"Tiểu học Châu Điền A","Địa chỉ trường":"Ấp Ô Tưng A, Xã Cầu Kè","Cấp học":"Tiểu học","Loại hình":null,"Số điện thoại trường":"0917933677","Đạt CQG (MĐ)":null,"layer_id":312,"fid":1408,"label":"Tiểu học Châu Điền A"}},{"type":"Feature","geometry":{"type":"Point","coordinates":[106.34115,9.70947]},"properties":{"Trường tiểu học":"Tiểu học Long Hiệp A","Địa chỉ trường":"Ấp Chợ, Xã Long Hiệp","Cấp học":"Tiểu học","Loại hình":null,"Số điện thoại trường":"0294,3671165","Đạt CQG (MĐ)":null,"layer_id":312,"fid":1616,"label":"Tiểu học Long Hiệp A"}},{"type":"Feature","geometry":{"type":"Point","coordinates":[106.057193414,9.850750121]},"properties":{"Trường tiểu học":"Tiểu học Hoà Tân A","Địa chỉ trường":"Ấp Chông Nô 3, Xã An Phú Tân","Cấp học":"Tiểu học","Loại hình":null,"Số điện thoại trường":"02943715040","Đạt CQG (MĐ)":null,"layer_id":312,"fid":1409,"label":"Tiểu học Hoà Tân A"}},{"type":"Feature","geometry":{"type":"Point","coordinates":[106.020127583,9.869197659]},"properties":{"Trường tiểu học":"Tiểu học An Phú Tân B","Địa chỉ trường":"Ấp An Hòa, Xã An Phú Tân","Cấp học":"Tiểu học","Loại hình":null,"Số điện thoại trường":"02943719363","Đạt CQG (MĐ)":null,"layer_id":312,"fid":1410,"label":"Tiểu học An Phú Tân B"}},{"type":"Feature","geometry":{"type":"Point","coordinates":[106.005278,10.200064]},"properties":{"Trường tiểu học":"Tiểu học Long Hiệp B","Địa chỉ trường":"Ấp Giồng Chanh B, Xã Long Hiệp","Cấp học":"Tiểu học","Loại hình":null,"Số điện thoại trường":"02943544777","Đạt CQG (MĐ)":null,"layer_id":312,"fid":1617,"label":"Tiểu học Long Hiệp B"}},{"type":"Feature","geometry":{"type":"Point","coordinates":[106.141729554,9.853888541]},"properties":{"Trường tiểu học":"Tiểu học Phong Phú A","Địa chỉ trường":"Ấp Kinh Xáng, Xã Phong Thạnh","Cấp học":"Tiểu học","Loại hình":null,"Số điện thoại trường":"02943816220","Đạt CQG (MĐ)":null,"layer_id":312,"fid":1411,"label":"Tiểu học Phong Phú A"}},{"type":"Feature","geometry":{"type":"Point","coordinates":[106.428267,9.667835]},"properties":{"Trường tiểu học":"Tiểu học Ngũ Lạc A","Địa chỉ trường":"Ấp Rọ Say, Xã Ngũ Lạc","Cấp học":"Tiểu học","Loại hình":null,"Số điện thoại trường":"0917767566","Đạt CQG (MĐ)":null,"layer_id":312,"fid":1618,"label":"Tiểu học Ngũ Lạc A"}},{"type":"Feature","geometry":{"type":"Point","coordinates":[6.183421722,9.852004979]},"properties":{"Trường tiểu học":"Tiểu học Phong Thạnh A","Địa chỉ trường":"Ấp Bắc Sa Ma, Xã Phong Thạnh","Cấp học":"Tiểu học","Loại hình":null,"Số điện thoại trường":"0774814252","Đạt CQG (MĐ)":null,"layer_id":312,"fid":1413,"label":"Tiểu học Phong Thạnh A"}},{"type":"Feature","geometry":{"type":"Point","coordinates":[106.383257,9.658177]},"properties":{"Trường tiểu học":"Tiểu học Đôn Châu A","Địa chỉ trường":"Ấp La Bang Chợ, Xã Đôn Châu","Cấp học":"Tiểu học","Loại hình":null,"Số điện thoại trường":"02943776067","Đạt CQG (MĐ)":null,"layer_id":312,"fid":1619,"label":"Tiểu học Đôn Châu A"}},{"type":"Feature","geometry":{"type":"Point","coordinates":[106.026113344,9.90028365]},"properties":{"Trường tiểu học":"Tiểu học Tam Ngãi","Địa chỉ trường":"Ấp Ngọc Hồ, Xã Tam Ngãi","Cấp học":"Tiểu học","Loại hình":null,"Số điện thoại trường":"0332028897","Đạt CQG (MĐ)":null,"layer_id":312,"fid":1414,"label":"Tiểu học Tam Ngãi"}},{"type":"Feature","geometry":{"type":"Point","coordinates":[106.112206208,9.906954708]},"properties":{"Trường tiểu học":"Tiểu học Thông Hoà B","Địa chỉ trường":"Ấp Trà Ốt, Xã Tam Ngãi","Cấp học":"Tiểu học","Loại hình":null,"Số điện thoại trường":null,"Đạt CQG (MĐ)":null,"layer_id":312,"fid":1415,"label":"Tiểu học Thông Hoà B"}},{"type":"Feature","geometry":{"type":"Point","coordinates":[106.344005,9.644792]},"properties":{"Trường tiểu học":"Tiểu học Đôn Xuân A","Địa chỉ trường":"Ấp Chợ, Xã Đôn Châu","Cấp học":"Tiểu học","Loại hình":null,"Số điện thoại trường":"02943876070","Đạt CQG (MĐ)":null,"layer_id":312,"fid":1620,"label":"Tiểu học Đôn Xuân A"}},{"type":"Feature","geometry":{"type":"Point","coordinates":[106.18947788,9.812755678]},"properties":{"Trường tiểu học":"Tiểu học Tiểu Cần","Địa chỉ trường":"Ấp 2, Xã Tiểu Cần","Cấp học":"Tiểu học","Loại hình":null,"Số điện thoại trường":"02943822456","Đạt CQG (MĐ)":null,"layer_id":312,"fid":1416,"label":"Tiểu học Tiểu Cần"}},{"type":"Feature","geometry":{"type":"Point","coordinates":[6.180060492,9.803397045]},"properties":{"Trường tiểu học":"Tiểu học Phú Cần A","Địa chỉ trường":"Ấp Đại Mong, Xã Tiểu Cần","Cấp học":"Tiểu học","Loại hình":null,"Số điện thoại trường":"02942246.248","Đạt CQG (MĐ)":null,"layer_id":312,"fid":1417,"label":"Tiểu học Phú Cần A"}},{"type":"Feature","geometry":{"type":"Point","coordinates":[106.440141,9.608207]},"properties":{"Trường tiểu học":"Tiểu học Long Thành","Địa chỉ trường":"Ấp 5, Xã Long Thành","Cấp học":"Tiểu học","Loại hình":null,"Số điện thoại trường":"0988383264","Đạt CQG (MĐ)":null,"layer_id":312,"fid":1621,"label":"Tiểu học Long Thành"}},{"type":"Feature","geometry":{"type":"Point","coordinates":[106.169797248,9.795833204]},"properties":{"Trường tiểu học":"Tiểu học Phú Cần B","Địa chỉ trường":"Ấp Cầu Tre, Xã Tiểu Cần","Cấp học":"Tiểu học","Loại hình":null,"Số điện thoại trường":"02943612757","Đạt CQG (MĐ)":null,"layer_id":312,"fid":1418,"label":"Tiểu học Phú Cần B"}},{"type":"Feature","geometry":{"type":"Point","coordinates":[106.399481,9.60302]},"properties":{"Trường tiểu học":"Tiểu học Long Khánh","Địa chỉ trường":"Ấp Cái Đôi, Xã Long Thành","Cấp học":"Tiểu học","Loại hình":null,"Số điện thoại trường":"0984732743","Đạt CQG (MĐ)":null,"layer_id":312,"fid":1622,"label":"Tiểu học Long Khánh"}},{"type":"Feature","geometry":{"type":"Point","coordinates":[106.408906971,9.834495382]},"properties":{"Trường tiểu học":"Tiểu học Kim Hòa A","Địa chỉ trường":"Ấp Kim Câu, Xã Vinh Kim","Cấp học":"Tiểu học","Loại hình":null,"Số điện thoại trường":"0972476775","Đạt CQG (MĐ)":null,"layer_id":312,"fid":1623,"label":"Tiểu học Kim Hòa A"}},{"type":"Feature","geometry":{"type":"Point","coordinates":[106.198888018,9.867052513]},"properties":{"Trường tiểu học":"Tiểu học Hiếu Trung A","Địa chỉ trường":"Ấp Tân Trung Giồng A, Xã Tiểu Cần","Cấp học":"Tiểu học","Loại hình":null,"Số điện thoại trường":"02943 619134","Đạt CQG (MĐ)":null,"layer_id":312,"fid":1419,"label":"Tiểu học Hiếu Trung A"}},{"type":"Feature","geometry":{"type":"Point","coordinates":[106.193549247,9.779881913]},"properties":{"Trường tiểu học":"Tiểu học Tân Hòa B","Địa chỉ trường":"Ấp Tân Thành Đông, Xã Tân Hòa","Cấp học":"Tiểu học","Loại hình":null,"Số điện thoại trường":"0949300404","Đạt CQG (MĐ)":null,"layer_id":312,"fid":1420,"label":"Tiểu học Tân Hòa B"}},{"type":"Feature","geometry":{"type":"Point","coordinates":[106.449354423,9.781232585]},"properties":{"Trường tiểu học":"Tiểu học Thuận Hoà","Địa chỉ trường":"Ấp Thủy Hòa, Xã Cầu Ngang","Cấp học":"Tiểu học","Loại hình":null,"Số điện thoại trường":"02943825931","Đạt CQG (MĐ)":null,"layer_id":312,"fid":1624,"label":"Tiểu học Thuận Hoà"}},{"type":"Feature","geometry":{"type":"Point","coordinates":[106.207069605,9.874781529]},"properties":{"Trường tiểu học":"Tiểu học Hiếu Tử A","Địa chỉ trường":"Ấp Ô Đùng, Xã Tập Ngãi","Cấp học":"Tiểu học","Loại hình":null,"Số điện thoại trường":"02943619169","Đạt CQG (MĐ)":null,"layer_id":312,"fid":1421,"label":"Tiểu học Hiếu Tử A"}},{"type":"Feature","geometry":{"type":"Point","coordinates":[106.202167867,9.856214998]},"properties":{"Trường tiểu học":"Tiểu học Hiếu Tử B","Địa chỉ trường":"Ấp Tân Đại, Xã Tập Ngãi","Cấp học":"Tiểu học","Loại hình":null,"Số điện thoại trường":"02943619206","Đạt CQG (MĐ)":null,"layer_id":312,"fid":1422,"label":"Tiểu học Hiếu Tử B"}},{"type":"Feature","geometry":{"type":"Point","coordinates":[6.252332238,9.704652668]},"properties":{"Trường tiểu học":"Tiểu học Ngãi Xuyên A","Địa chỉ trường":"Ấp Xoài Thum, Xã Trà Cú","Cấp học":"Tiểu học","Loại hình":null,"Số điện thoại trường":".02943665391","Đạt CQG (MĐ)":null,"layer_id":312,"fid":1423,"label":"Tiểu học Ngãi Xuyên A"}},{"type":"Feature","geometry":{"type":"Point","coordinates":[106.447878,9.793799]},"properties":{"Trường tiểu học":"Tiểu học Cầu Ngang ","Địa chỉ trường":"Ấp Minh Thuận A , Xã Cầu Ngang","Cấp học":"Tiểu học","Loại hình":null,"Số điện thoại trường":"02943825845","Đạt CQG (MĐ)":null,"layer_id":312,"fid":1625,"label":"Tiểu học Cầu Ngang "}},{"type":"Feature","geometry":{"type":"Point","coordinates":[106.48384,9.748584]},"properties":{"Trường tiểu học":"Tiểu học Hiệp Mỹ Đông","Địa chỉ trường":"Ấp Cái Già Bến, Xã Hiệp Mỹ","Cấp học":"Tiểu học","Loại hình":null,"Số điện thoại trường":"02943.525050","Đạt CQG (MĐ)":null,"layer_id":312,"fid":1626,"label":"Tiểu học Hiệp Mỹ Đông"}},{"type":"Feature","geometry":{"type":"Point","coordinates":[106.317438775,9.661970523]},"properties":{"Trường tiểu học":"Tiểu học Hàm Giang B","Địa chỉ trường":"Ấp Nhuệ Tứ B, Xã Hàm Giang","Cấp học":"Tiểu học","Loại hình":null,"Số điện thoại trường":null,"Đạt CQG (MĐ)":null,"layer_id":312,"fid":1424,"label":"Tiểu học Hàm Giang B"}},{"type":"Feature","geometry":{"type":"Point","coordinates":[6.370647749,9.692234759]},"properties":{"Trường tiểu học":"Tiểu học Hàm Tân","Địa chỉ trường":"Ấp Vàm Ray, Xã Hàm Giang","Cấp học":"Tiểu học","Loại hình":null,"Số điện thoại trường":"02943662662","Đạt CQG (MĐ)":null,"layer_id":312,"fid":1425,"label":"Tiểu học Hàm Tân"}},{"type":"Feature","geometry":{"type":"Point","coordinates":[106.439612,9.744022]},"properties":{"Trường tiểu học":"Tiểu học Long Sơn A","Địa chỉ trường":"Ấp Sóc Giụp, Xã Hiệp Mỹ","Cấp học":"Tiểu học","Loại hình":null,"Số điện thoại trường":null,"Đạt CQG (MĐ)":null,"layer_id":312,"fid":1627,"label":"Tiểu học Long Sơn A"}},{"type":"Feature","geometry":{"type":"Point","coordinates":[106.314116613,9.71032053]},"properties":{"Trường tiểu học":"Tiểu học Đại An A","Địa chỉ trường":"Ấp Giồng lớn A, Xã Đại An","Cấp học":"Tiểu học","Loại hình":null,"Số điện thoại trường":null,"Đạt CQG (MĐ)":null,"layer_id":312,"fid":1426,"label":"Tiểu học Đại An A"}},{"type":"Feature","geometry":{"type":"Point","coordinates":[6.275815959,9.690401957]},"properties":{"Trường tiểu học":"Tiểu học Định An A","Địa chỉ trường":"Ấp Bến Tranh, Xã Đại An","Cấp học":"Tiểu học","Loại hình":null,"Số điện thoại trường":"02943686092","Đạt CQG (MĐ)":null,"layer_id":312,"fid":1427,"label":"Tiểu học Định An A"}},{"type":"Feature","geometry":{"type":"Point","coordinates":[106.487769925,9.812404104]},"properties":{"Trường tiểu học":"Tiểu học Tân Hiệp A","Địa chỉ trường":"Ấp Bến Nố, Xã Long Hiệp","Cấp học":"Tiểu học","Loại hình":null,"Số điện thoại trường":"02943555215","Đạt CQG (MĐ)":null,"layer_id":312,"fid":1428,"label":"Tiểu học Tân Hiệp A"}},{"type":"Feature","geometry":{"type":"Point","coordinates":[106.500603038,9.816287141]},"properties":{"Trường tiểu học":"Tiểu học Mỹ Long","Địa chỉ trường":"Ấp I, Xã Mỹ Long","Cấp học":"Tiểu học","Loại hình":null,"Số điện thoại trường":"0355451679","Đạt CQG (MĐ)":null,"layer_id":312,"fid":1628,"label":"Tiểu học Mỹ Long"}},{"type":"Feature","geometry":{"type":"Point","coordinates":[106.537107727,9.796570511]},"properties":{"Trường tiểu học":"Tiểu học Tân Hiệp B","Địa chỉ trường":"Ấp Long Trường , Xã Long Hiệp","Cấp học":"Tiểu học","Loại hình":null,"Số điện thoại trường":"02943675052","Đạt CQG (MĐ)":null,"layer_id":312,"fid":1429,"label":"Tiểu học Tân Hiệp B"}},{"type":"Feature","geometry":{"type":"Point","coordinates":[106.340293279,9.938781649]},"properties":{"Trường tiểu học":"Tiểu học Lê Văn Tám","Địa chỉ trường":"Số 12, đường 19/5 Khóm 4, Phường Trà Vinh","Cấp học":"Tiểu học","Loại hình":null,"Số điện thoại trường":"02943854810","Đạt CQG (MĐ)":null,"layer_id":312,"fid":1629,"label":"Tiểu học Lê Văn Tám"}},{"type":"Feature","geometry":{"type":"Point","coordinates":[106.448377728,9.707112677]},"properties":{"Trường tiểu học":"Tiểu học Thạnh Hòa Sơn","Địa chỉ trường":"Ấp Lạc Thạnh A, Xã Ngũ Lạc","Cấp học":"Tiểu học","Loại hình":null,"Số điện thoại trường":"02943821022","Đạt CQG (MĐ)":null,"layer_id":312,"fid":1430,"label":"Tiểu học Thạnh Hòa Sơn"}},{"type":"Feature","geometry":{"type":"Point","coordinates":[106.521379891,9.598964213]},"properties":{"Trường tiểu học":"Tiểu học Lương Thế Vinh","Địa chỉ trường":"Đường Điện Biên Phủ, khóm 14, Phường Trà Vinh","Cấp học":"Tiểu học","Loại hình":null,"Số điện thoại trường":"02943864919","Đạt CQG (MĐ)":null,"layer_id":312,"fid":1630,"label":"Tiểu học Lương Thế Vinh"}},{"type":"Feature","geometry":{"type":"Point","coordinates":[106.353015258,9.66835604]},"properties":{"Trường tiểu học":"Tiểu học Đôn Châu B","Địa chỉ trường":"ấp Bào Môn, Xã Đôn Châu","Cấp học":"Tiểu học","Loại hình":null,"Số điện thoại trường":null,"Đạt CQG (MĐ)":null,"layer_id":312,"fid":1431,"label":"Tiểu học Đôn Châu B"}},{"type":"Feature","geometry":{"type":"Point","coordinates":[106.451088294,9.852833773]},"properties":{"Trường tiểu học":"Tiểu học Vinh Kim A","Địa chỉ trường":"Ấp Chà Và, Xã Vinh Kim","Cấp học":"Tiểu học","Loại hình":null,"Số điện thoại trường":"02943827171","Đạt CQG (MĐ)":null,"layer_id":312,"fid":1432,"label":"Tiểu học Vinh Kim A"}},{"type":"Feature","geometry":{"type":"Point","coordinates":[106.428267,9.667835]},"properties":{"Trường tiểu học":"Tiểu học Nguyễn Hiền","Địa chỉ trường":"Khóm 18, Phường Trà Vinh","Cấp học":"Tiểu học","Loại hình":null,"Số điện thoại trường":"02943.840915","Đạt CQG (MĐ)":null,"layer_id":312,"fid":1631,"label":"Tiểu học Nguyễn Hiền"}},{"type":"Feature","geometry":{"type":"Point","coordinates":[106.459243763,9.826870133]},"properties":{"Trường tiểu học":"Tiểu học Vinh Kim B","Địa chỉ trường":"Ấp Vinh Cửu, Xã Vinh Kim","Cấp học":"Tiểu học","Loại hình":null,"Số điện thoại trường":"0384976775","Đạt CQG (MĐ)":null,"layer_id":312,"fid":1433,"label":"Tiểu học Vinh Kim B"}},{"type":"Feature","geometry":{"type":"Point","coordinates":[106.468990632,9.801682657]},"properties":{"Trường tiểu học":"Tiểu học Mỹ Hoà A","Địa chỉ trường":"Ấp Cẩm Hương, Xã Cầu Ngang","Cấp học":"Tiểu học","Loại hình":null,"Số điện thoại trường":"02943825781","Đạt CQG (MĐ)":null,"layer_id":312,"fid":1434,"label":"Tiểu học Mỹ Hoà A"}},{"type":"Feature","geometry":{"type":"Point","coordinates":[6.42391342,9.726161804]},"properties":{"Trường tiểu học":"Tiểu học Long Sơn B","Địa chỉ trường":"Ấp Long Hanh, Xã Hiệp Mỹ","Cấp học":"Tiểu học","Loại hình":null,"Số điện thoại trường":"02946294888","Đạt CQG (MĐ)":null,"layer_id":312,"fid":1435,"label":"Tiểu học Long Sơn B"}},{"type":"Feature","geometry":{"type":"Point","coordinates":[106.332252,9.946836]},"properties":{"Trường tiểu học":"Tiểu học-THCS-THPT Việt Anh 5","Địa chỉ trường":"118/15/2, Trương Văn Kỉnh, khóm 3, Phường Trà Vinh","Cấp học":"Tiểu học","Loại hình":null,"Số điện thoại trường":"0988424446","Đạt CQG (MĐ)":null,"layer_id":312,"fid":1632,"label":"Tiểu học-THCS-THPT Việt Anh 5"}},{"type":"Feature","geometry":{"type":"Point","coordinates":[106.479526206,9.734272544]},"properties":{"Trường tiểu học":"Tiểu học Hiệp Mỹ Tây ","Địa chỉ trường":"Ấp Chợ, Xã Hiệp Mỹ","Cấp học":"Tiểu học","Loại hình":null,"Số điện thoại trường":"02943820025","Đạt CQG (MĐ)":null,"layer_id":312,"fid":1436,"label":"Tiểu học Hiệp Mỹ Tây "}},{"type":"Feature","geometry":{"type":"Point","coordinates":[6.39910864,9.754434228]},"properties":{"Trường tiểu học":"Tiểu học  Nhị Trường B","Địa chỉ trường":"Ấp Ba So, Xã Nhị Trường","Cấp học":"Tiểu học","Loại hình":null,"Số điện thoại trường":null,"Đạt CQG (MĐ)":null,"layer_id":312,"fid":1437,"label":"Tiểu học  Nhị Trường B"}},{"type":"Feature","geometry":{"type":"Point","coordinates":[106.336249569,9.924165659]},"properties":{"Trường tiểu học":"MN-Tiểu học Tân Minh Trí","Địa chỉ trường":"Số 20, Nguyễn Đáng, khóm 10, Phường Trà Vinh","Cấp học":"Tiểu học","Loại hình":null,"Số điện thoại trường":"02942210236","Đạt CQG (MĐ)":null,"layer_id":312,"fid":1633,"label":"MN-Tiểu học Tân Minh Trí"}},{"type":"Feature","geometry":{"type":"Point","coordinates":[106.408130509,9.811031017]},"properties":{"Trường tiểu học":"Tiểu học Hiệp Hoà A","Địa chỉ trường":"Ấp Hòa Lục, Xã Nhị Trường","Cấp học":"Tiểu học","Loại hình":null,"Số điện thoại trường":"02943821557","Đạt CQG (MĐ)":null,"layer_id":312,"fid":1438,"label":"Tiểu học Hiệp Hoà A"}},{"type":"Feature","geometry":{"type":"Point","coordinates":[106.484438489,9.814013648]},"properties":{"Trường tiểu học":"Tiểu học Mỹ Long Bắc","Địa chỉ trường":"Ấp Bến Kinh, Xã Mỹ Long","Cấp học":"Tiểu học","Loại hình":null,"Số điện thoại trường":null,"Đạt CQG (MĐ)":null,"layer_id":312,"fid":1439,"label":"Tiểu học Mỹ Long Bắc"}},{"type":"Feature","geometry":{"type":"Point","coordinates":[106.319826,9.953595]},"properties":{"Trường tiểu học":"Tiểu học Kim Đồng","Địa chỉ trường":"339 đường Trương Văn Kỉnh, Khóm Phú Hòa, Phường Long Đức","Cấp học":"Tiểu học","Loại hình":null,"Số điện thoại trường":"02943852382","Đạt CQG (MĐ)":null,"layer_id":312,"fid":1634,"label":"Tiểu học Kim Đồng"}},{"type":"Feature","geometry":{"type":"Point","coordinates":[106.340572151,9.940417578]},"properties":{"Trường tiểu học":"Tiểu học Bình Minh","Địa chỉ trường":"1A, Lý Tự Trọng khóm 4 , Phường Trà Vinh","Cấp học":"Tiểu học","Loại hình":null,"Số điện thoại trường":"02943868904","Đạt CQG (MĐ)":null,"layer_id":312,"fid":1440,"label":"Tiểu học Bình Minh"}},{"type":"Feature","geometry":{"type":"Point","coordinates":[106.347139,9.978416]},"properties":{"Trường tiểu học":"Tiểu học Lê Anh Xuân","Địa chỉ trường":"khóm Vĩnh Hưng, Phường Long Đức","Cấp học":"Tiểu học","Loại hình":null,"Số điện thoại trường":"0294 3846 207","Đạt CQG (MĐ)":null,"layer_id":312,"fid":1635,"label":"Tiểu học Lê Anh Xuân"}},{"type":"Feature","geometry":{"type":"Point","coordinates":[106.343864111,9.942971009]},"properties":{"Trường tiểu học":"Trường MH-Tiểu học-THCS Hội nhập Quốc Tế Ischool Trà Vinh","Địa chỉ trường":"36 Quang Trung, khóm 2, Phường Trà Vinh","Cấp học":"Tiểu học","Loại hình":null,"Số điện thoại trường":"02942234555","Đạt CQG (MĐ)":null,"layer_id":312,"fid":1441,"label":"Trường MH-Tiểu học-THCS Hội nhập Quốc Tế Ischool Trà Vinh"}},{"type":"Feature","geometry":{"type":"Point","coordinates":[106.311932,9.914725]},"properties":{"Trường tiểu học":"Tiểu học  Nguyễn Trãi","Địa chỉ trường":"Võ Nguyên Giáp, khóm 15, Phường Nguyệt Hóa","Cấp học":"Tiểu học","Loại hình":null,"Số điện thoại trường":"02943 842330 ","Đạt CQG (MĐ)":null,"layer_id":312,"fid":1636,"label":"Tiểu học  Nguyễn Trãi"}},{"type":"Feature","geometry":{"type":"Point","coordinates":[106.339152885,9.96380004]},"properties":{"Trường tiểu học":"Tiểu học Trần Văn Ẩn","Địa chỉ trường":"Đường 30 tháng 4, Ấp Vĩnh Hội, Phường Long Đức","Cấp học":"Tiểu học","Loại hình":null,"Số điện thoại trường":null,"Đạt CQG (MĐ)":null,"layer_id":312,"fid":1442,"label":"Tiểu học Trần Văn Ẩn"}},{"type":"Feature","geometry":{"type":"Point","coordinates":[106.326096807,9.921807427]},"properties":{"Trường tiểu học":"Tiểu học Nguyễn Bá Ngọc","Địa chỉ trường":"Nguyễn Thị Minh Khai, khóm 7, Phường Nguyệt Hóa","Cấp học":"Tiểu học","Loại hình":null,"Số điện thoại trường":"02943864803","Đạt CQG (MĐ)":null,"layer_id":312,"fid":1443,"label":"Tiểu học Nguyễn Bá Ngọc"}},{"type":"Feature","geometry":{"type":"Point","coordinates":[106.309665,9.931426]},"properties":{"Trường tiểu học":"Tiểu học Nguyệt Hóa A","Địa chỉ trường":"Ấp Cổ Tháp B, Phường Nguyệt Hóa","Cấp học":"Tiểu học","Loại hình":null,"Số điện thoại trường":"02943842770","Đạt CQG (MĐ)":null,"layer_id":312,"fid":1637,"label":"Tiểu học Nguyệt Hóa A"}},{"type":"Feature","geometry":{"type":"Point","coordinates":[106.315066961,9.905660357]},"properties":{"Trường tiểu học":"Tiểu học Kiên Thị Nhẫn","Địa chỉ trường":"Lê Văn Tám, khóm 17, Phường Nguyệt Hóa","Cấp học":"Tiểu học","Loại hình":null,"Số điện thoại trường":"02943798548","Đạt CQG (MĐ)":null,"layer_id":312,"fid":1444,"label":"Tiểu học Kiên Thị Nhẫn"}},{"type":"Feature","geometry":{"type":"Point","coordinates":[106.35072,9.937276]},"properties":{"Trường tiểu học":"Tiểu học Hùng Vương","Địa chỉ trường":"Đường Hùng Vương, khóm 2, Phường Hòa Thuận","Cấp học":"Tiểu học","Loại hình":null,"Số điện thoại trường":"02943854809","Đạt CQG (MĐ)":null,"layer_id":312,"fid":1638,"label":"Tiểu học Hùng Vương"}},{"type":"Feature","geometry":{"type":"Point","coordinates":[106.362767513,9.942548318]},"properties":{"Trường tiểu học":"Tiểu học Hòa Thuận A","Địa chỉ trường":"Số 44 Hương lộ 10, khóm Đầu Bờ, phường Hòa Thuận","Cấp học":"Tiểu học","Loại hình":null,"Số điện thoại trường":"02943900136","Đạt CQG (MĐ)":null,"layer_id":312,"fid":1445,"label":"Tiểu học Hòa Thuận A"}},{"type":"Feature","geometry":{"type":"Point","coordinates":[106.4983552,9.6398996]},"properties":{"Trường tiểu học":"Tiểu học Kim Đồng","Địa chỉ trường":"Khóm 3, Phường Duyên Hải","Cấp học":"Tiểu học","Loại hình":null,"Số điện thoại trường":"02943832309","Đạt CQG (MĐ)":null,"layer_id":312,"fid":1639,"label":"Tiểu học Kim Đồng"}},{"type":"Feature","geometry":{"type":"Point","coordinates":[106.484931294,9.62520688]},"properties":{"Trường tiểu học":"Tiểu học Võ Thị Quí","Địa chỉ trường":"Ấp Bào Sen , Phường Duyên Hải","Cấp học":"Tiểu học","Loại hình":null,"Số điện thoại trường":"0355108354","Đạt CQG (MĐ)":null,"layer_id":312,"fid":1446,"label":"Tiểu học Võ Thị Quí"}},{"type":"Feature","geometry":{"type":"Point","coordinates":[106.544699499,9.646974797]},"properties":{"Trường tiểu học":"Tiểu học Võ Thị Sáu","Địa chỉ trường":"401, Ấp Cồn Trứng, Phường Trường Long Hòa","Cấp học":"Tiểu học","Loại hình":null,"Số điện thoại trường":"0944421448","Đạt CQG (MĐ)":null,"layer_id":312,"fid":1448,"label":"Tiểu học Võ Thị Sáu"}},{"type":"Feature","geometry":{"type":"Point","coordinates":[106.564415222,9.633342621]},"properties":{"Trường tiểu học":"Tiểu học Phan Chu Trinh","Địa chỉ trường":"ấp Ba Động, Phường Trường Long Hòa","Cấp học":"Tiểu học","Loại hình":null,"Số điện thoại trường":"0985303092","Đạt CQG (MĐ)":null,"layer_id":312,"fid":1447,"label":"Tiểu học Phan Chu Trinh"}},{"type":"Feature","geometry":{"type":"Point","coordinates":[106.50739,9.690405]},"properties":{"Trường tiểu học":"Tiểu học  Lê Quý Đôn","Địa chỉ trường":"Khóm 1, Phường Trường Long Hòa","Cấp học":"Tiểu học","Loại hình":null,"Số điện thoại trường":"02943836427","Đạt CQG (MĐ)":null,"layer_id":312,"fid":1640,"label":"Tiểu học  Lê Quý Đôn"}},{"type":"Feature","geometry":{"type":"Point","coordinates":[106.513260155,9.698786623]},"properties":{"Trường tiểu học":"Tiểu học Châu Văn Liêm","Địa chỉ trường":"Ấp 11, Xã Long Hữu","Cấp học":"Tiểu học","Loại hình":null,"Số điện thoại trường":"02943.836777","Đạt CQG (MĐ)":null,"layer_id":312,"fid":1449,"label":"Tiểu học Châu Văn Liêm"}},{"type":"Feature","geometry":{"type":"Point","coordinates":[106.504301,9.955867]},"properties":{"Trường tiểu học":"Tiểu học  Lê Văn Tám","Địa chỉ trường":"khóm 2, Phường Trường Long Hòa","Cấp học":"Tiểu học","Loại hình":null,"Số điện thoại trường":"02943833958","Đạt CQG (MĐ)":null,"layer_id":312,"fid":1641,"label":"Tiểu học  Lê Văn Tám"}},{"type":"Feature","geometry":{"type":"Point","coordinates":[106.4713265,9.6733763]},"properties":{"Trường tiểu học":"Tiểu học Long Hữu B","Địa chỉ trường":"914/Ấp 15, Xã Long Hữu","Cấp học":"Tiểu học","Loại hình":null,"Số điện thoại trường":"0819212478","Đạt CQG (MĐ)":null,"layer_id":312,"fid":1642,"label":"Tiểu học Long Hữu B"}},{"type":"Feature","geometry":{"type":"Point","coordinates":[106.350492975,9.858915609]},"properties":{"Trường tiểu học":"Tiểu học Mỹ Chánh A","Địa chỉ trường":"Ấp Phú Nhiêu, Xã Châu Thành","Cấp học":"Tiểu học","Loại hình":null,"Số điện thoại trường":null,"Đạt CQG (MĐ)":null,"layer_id":312,"fid":1450,"label":"Tiểu học Mỹ Chánh A"}},{"type":"Feature","geometry":{"type":"Point","coordinates":[106.423181221,9.903808111]},"properties":{"Trường tiểu học":"Tiểu học Hưng Mỹ A","Địa chỉ trường":"Ấp Rạch Vồn, Xã Hưng Mỹ","Cấp học":"Tiểu học","Loại hình":null,"Số điện thoại trường":"02943890237","Đạt CQG (MĐ)":null,"layer_id":312,"fid":1451,"label":"Tiểu học Hưng Mỹ A"}},{"type":"Feature","geometry":{"type":"Point","coordinates":[106.5521797,9.7381107]},"properties":{"Trường tiểu học":"Tiểu học Hồ Đức Thắng","Địa chỉ trường":"Ấp Cây Da, Xã Long Hữu","Cấp học":"Tiểu học","Loại hình":null,"Số điện thoại trường":"02943831011","Đạt CQG (MĐ)":null,"layer_id":312,"fid":1643,"label":"Tiểu học Hồ Đức Thắng"}},{"type":"Feature","geometry":{"type":"Point","coordinates":[106.397286537,9.879383585]},"properties":{"Trường tiểu học":"Tiểu học Phước Hảo A","Địa chỉ trường":"Ấp Đại Thôn, Xã Hưng Mỹ","Cấp học":"Tiểu học","Loại hình":null,"Số điện thoại trường":null,"Đạt CQG (MĐ)":null,"layer_id":312,"fid":1452,"label":"Tiểu học Phước Hảo A"}},{"type":"Feature","geometry":{"type":"Point","coordinates":[106.382677878,10.184137687]},"properties":{"Trường tiểu học":"Tiểu học   Sơn Phú","Địa chỉ trường":"Khu phố Long Hiệp, Phường An Hội","Cấp học":"Tiểu học","Loại hình":null,"Số điện thoại trường":"02753863001","Đạt CQG (MĐ)":null,"layer_id":312,"fid":1453,"label":"Tiểu học   Sơn Phú"}},{"type":"Feature","geometry":{"type":"Point","coordinates":[106.474602,9.911641]},"properties":{"Trường tiểu học":"Tiểu học Hòa Minh","Địa chỉ trường":"Ấp Đại Thôn A, Xã Hòa Minh","Cấp học":"Tiểu học","Loại hình":null,"Số điện thoại trường":"0917917649","Đạt CQG (MĐ)":null,"layer_id":312,"fid":1644,"label":"Tiểu học Hòa Minh"}},{"type":"Feature","geometry":{"type":"Point","coordinates":[106.395121994,10.212134143]},"properties":{"Trường tiểu học":"Tiểu học    - Trung học    cơ sở Nhơn Thạnh ","Địa chỉ trường":"Khu phố Nhơn An, Phường Phú Khương","Cấp học":"Tiểu học","Loại hình":null,"Số điện thoại trường":"02753838707","Đạt CQG (MĐ)":null,"layer_id":312,"fid":1454,"label":"Tiểu học    - Trung học    cơ sở Nhơn Thạnh "}},{"type":"Feature","geometry":{"type":"Point","coordinates":[106.36395,9.84739]},"properties":{"Trường tiểu học":"Tiểu học Đa Lộc A","Địa chỉ trường":"Ấp Thanh Trì B , Xã Châu Thành","Cấp học":"Tiểu học","Loại hình":null,"Số điện thoại trường":"02943872879","Đạt CQG (MĐ)":null,"layer_id":312,"fid":1645,"label":"Tiểu học Đa Lộc A"}},{"type":"Feature","geometry":{"type":"Point","coordinates":[106.358205882,10.22932699]},"properties":{"Trường tiểu học":"Tiểu học   Phường 7","Địa chỉ trường":"Khu phố 3, đường Nguyễn Văn Tư, Phường Bến Tre","Cấp học":"Tiểu học","Loại hình":null,"Số điện thoại trường":null,"Đạt CQG (MĐ)":null,"layer_id":312,"fid":1455,"label":"Tiểu học   Phường 7"}},{"type":"Feature","geometry":{"type":"Point","coordinates":[106.36084924,10.299528655]},"properties":{"Trường tiểu học":"Tiểu học   Châu Thành","Địa chỉ trường":"Ấp An Thạnh, Xã Phú Túc","Cấp học":"Tiểu học","Loại hình":null,"Số điện thoại trường":"0976550496","Đạt CQG (MĐ)":null,"layer_id":312,"fid":1458,"label":"Tiểu học   Châu Thành"}},{"type":"Feature","geometry":{"type":"Point","coordinates":[106.335778,10.311786]},"properties":{"Trường tiểu học":"Tiểu học Châu Thành","Địa chỉ trường":"16 đường 3/2, Khóm 2, Xã Châu Thành","Cấp học":"Tiểu học","Loại hình":null,"Số điện thoại trường":"0976550496","Đạt CQG (MĐ)":null,"layer_id":312,"fid":1646,"label":"Tiểu học Châu Thành"}},{"type":"Feature","geometry":{"type":"Point","coordinates":[106.364586828,10.247239744]},"properties":{"Trường tiểu học":"Tiểu học   Phường 6","Địa chỉ trường":"331A, Trương Định, Phường Sơn Đông","Cấp học":"Tiểu học","Loại hình":null,"Số điện thoại trường":"02753824509","Đạt CQG (MĐ)":null,"layer_id":312,"fid":1456,"label":"Tiểu học   Phường 6"}},{"type":"Feature","geometry":{"type":"Point","coordinates":[106.355380951,10.288920178]},"properties":{"Trường tiểu học":"Tiểu học   Tam Phước","Địa chỉ trường":"Khu phố Thạnh Hựu, Phường Sơn Đông","Cấp học":"Tiểu học","Loại hình":null,"Số điện thoại trường":"0919322263","Đạt CQG (MĐ)":null,"layer_id":312,"fid":1457,"label":"Tiểu học   Tam Phước"}},{"type":"Feature","geometry":{"type":"Point","coordinates":[106.290637656,9.81043565]},"properties":{"Trường tiểu học":"Tiểu học Thanh Mỹ B","Địa chỉ trường":"Ấp Cây Dương, Xã Châu Thành","Cấp học":"Tiểu học","Loại hình":null,"Số điện thoại trường":"0294.3891085","Đạt CQG (MĐ)":null,"layer_id":312,"fid":1647,"label":"Tiểu học Thanh Mỹ B"}},{"type":"Feature","geometry":{"type":"Point","coordinates":[106.463485368,9.954148418]},"properties":{"Trường tiểu học":"Tiểu học Hòa Lợi","Địa chỉ trường":"Ấp Qui Nông A, Xã Hưng Mỹ","Cấp học":"Tiểu học","Loại hình":null,"Số điện thoại trường":"0294 3890 429","Đạt CQG (MĐ)":null,"layer_id":312,"fid":1648,"label":"Tiểu học Hòa Lợi"}},{"type":"Feature","geometry":{"type":"Point","coordinates":[106.361990305,10.318058499]},"properties":{"Trường tiểu học":"Tiểu học   Tân Thạch B","Địa chỉ trường":"Ấp Tân Huề Đông, Xã Phú Túc","Cấp học":"Tiểu học","Loại hình":null,"Số điện thoại trường":"02753869181","Đạt CQG (MĐ)":null,"layer_id":312,"fid":1459,"label":"Tiểu học   Tân Thạch B"}},{"type":"Feature","geometry":{"type":"Point","coordinates":[106.32702552,10.299882646]},"properties":{"Trường tiểu học":"Tiểu học   - THCS An Hiệp","Địa chỉ trường":"Ấp Thuận Điền, Xã Phú Túc","Cấp học":"Tiểu học","Loại hình":null,"Số điện thoại trường":"02753866101","Đạt CQG (MĐ)":null,"layer_id":312,"fid":1460,"label":"Tiểu học   - THCS An Hiệp"}},{"type":"Feature","geometry":{"type":"Point","coordinates":[106.3765825,10.2376542]},"properties":{"Trường tiểu học":"Tiểu học   Bến Tre","Địa chỉ trường":"61, Đại lộ Đồng Khởi, Phường An Hội","Cấp học":"Tiểu học","Loại hình":null,"Số điện thoại trường":"02753822284","Đạt CQG (MĐ)":null,"layer_id":312,"fid":1649,"label":"Tiểu học   Bến Tre"}},{"type":"Feature","geometry":{"type":"Point","coordinates":[106.300042659,10.294319644]},"properties":{"Trường tiểu học":"Tiểu học   - THCS Phan Triêm","Địa chỉ trường":"Ấp Thanh Bình, Xã Phú Túc","Cấp học":"Tiểu học","Loại hình":null,"Số điện thoại trường":null,"Đạt CQG (MĐ)":null,"layer_id":312,"fid":1461,"label":"Tiểu học   - THCS Phan Triêm"}},{"type":"Feature","geometry":{"type":"Point","coordinates":[106.429921725,10.279522924]},"properties":{"Trường tiểu học":"Tiểu học   - THCS An Hóa","Địa chỉ trường":"Ấp An Hòa, Xã Giao Long","Cấp học":"Tiểu học","Loại hình":null,"Số điện thoại trường":"02753865351","Đạt CQG (MĐ)":null,"layer_id":312,"fid":1462,"label":"Tiểu học   - THCS An Hóa"}},{"type":"Feature","geometry":{"type":"Point","coordinates":[106.378025,10.237847]},"properties":{"Trường tiểu học":"Tiểu học   Phú Thọ","Địa chỉ trường":"Số 25, đường Lê Quí Đôn, Phường An Hội","Cấp học":"Tiểu học","Loại hình":null,"Số điện thoại trường":"02753812644","Đạt CQG (MĐ)":null,"layer_id":312,"fid":1650,"label":"Tiểu học   Phú Thọ"}},{"type":"Feature","geometry":{"type":"Point","coordinates":[106.411719323,10.290401957]},"properties":{"Trường tiểu học":"Tiểu học   - THCS An Phước","Địa chỉ trường":"Ấp Phước Hậu , Xã Giao Long","Cấp học":"Tiểu học","Loại hình":null,"Số điện thoại trường":"02753635815","Đạt CQG (MĐ)":null,"layer_id":312,"fid":1463,"label":"Tiểu học   - THCS An Phước"}},{"type":"Feature","geometry":{"type":"Point","coordinates":[106.372176157,10.211043149]},"properties":{"Trường tiểu học":"Tiểu học   Phú Nhuận","Địa chỉ trường":"Khu phố Phú Nhuận 2, Phường An Hội","Cấp học":"Tiểu học","Loại hình":null,"Số điện thoại trường":"02753824059","Đạt CQG (MĐ)":null,"layer_id":312,"fid":1651,"label":"Tiểu học   Phú Nhuận"}},{"type":"Feature","geometry":{"type":"Point","coordinates":[106.200504958,10.288423024]},"properties":{"Trường tiểu học":"Tiểu học   Tân Phú A","Địa chỉ trường":"Ấp Tân Đông, Xã Tân Phú","Cấp học":"Tiểu học","Loại hình":null,"Số điện thoại trường":"02753867006","Đạt CQG (MĐ)":null,"layer_id":312,"fid":1464,"label":"Tiểu học   Tân Phú A"}},{"type":"Feature","geometry":{"type":"Point","coordinates":[106.397495,10.253292]},"properties":{"Trường tiểu học":"Tiểu học   Phú Hưng","Địa chỉ trường":"Khu phố Phú Thành, Phường Phú Khương","Cấp học":"Tiểu học","Loại hình":null,"Số điện thoại trường":"02753826209","Đạt CQG (MĐ)":null,"layer_id":312,"fid":1652,"label":"Tiểu học   Phú Hưng"}},{"type":"Feature","geometry":{"type":"Point","coordinates":[106.176947628,10.200832049]},"properties":{"Trường tiểu học":"Tiểu học   Tân Thiềng A","Địa chỉ trường":"Ấp Thiện Mỹ, Xã Vĩnh Thành","Cấp học":"Tiểu học","Loại hình":null,"Số điện thoại trường":"02753876522","Đạt CQG (MĐ)":null,"layer_id":312,"fid":1465,"label":"Tiểu học   Tân Thiềng A"}},{"type":"Feature","geometry":{"type":"Point","coordinates":[106.200294032,10.176737407]},"properties":{"Trường tiểu học":"Tiểu học   Tân Thiềng B","Địa chỉ trường":"Ấp Thanh Yên, Xã Vĩnh Thành","Cấp học":"Tiểu học","Loại hình":null,"Số điện thoại trường":"02753876509","Đạt CQG (MĐ)":null,"layer_id":312,"fid":1466,"label":"Tiểu học   Tân Thiềng B"}},{"type":"Feature","geometry":{"type":"Point","coordinates":[106.404541,10.236831]},"properties":{"Trường tiểu học":"Tiểu học   Nguyễn Trí Hữu","Địa chỉ trường":"Đường Nguyễn Thị Định, Khu phố Phú Chánh, Phường Phú Khương","Cấp học":"Tiểu học","Loại hình":null,"Số điện thoại trường":"02753824220","Đạt CQG (MĐ)":null,"layer_id":312,"fid":1653,"label":"Tiểu học   Nguyễn Trí Hữu"}},{"type":"Feature","geometry":{"type":"Point","coordinates":[106.263359318,10.208312582]},"properties":{"Trường tiểu học":"Tiểu học   Vĩnh Hòa","Địa chỉ trường":"ấp Hòa II, Xã Hưng Khánh Trung","Cấp học":"Tiểu học","Loại hình":null,"Số điện thoại trường":"02753874604","Đạt CQG (MĐ)":null,"layer_id":312,"fid":1467,"label":"Tiểu học   Vĩnh Hòa"}},{"type":"Feature","geometry":{"type":"Point","coordinates":[106.350518,10.238592]},"properties":{"Trường tiểu học":"Tiểu học   Bình Phú","Địa chỉ trường":"Khu phố Bình Thành, Phường Bến Tre","Cấp học":"Tiểu học","Loại hình":null,"Số điện thoại trường":"02752200663","Đạt CQG (MĐ)":null,"layer_id":312,"fid":1654,"label":"Tiểu học   Bình Phú"}},{"type":"Feature","geometry":{"type":"Point","coordinates":[106.272874217,10.19235434]},"properties":{"Trường tiểu học":"Tiểu học   Phước Mỹ Trung","Địa chỉ trường":"Ấp Phước Hậu , Xã Phước Mỹ Trung","Cấp học":"Tiểu học","Loại hình":null,"Số điện thoại trường":"02753845133","Đạt CQG (MĐ)":null,"layer_id":312,"fid":1468,"label":"Tiểu học   Phước Mỹ Trung"}},{"type":"Feature","geometry":{"type":"Point","coordinates":[106.339887,10.2676787]},"properties":{"Trường tiểu học":"Tiểu học   Sơn Đông","Địa chỉ trường":"Khu phố 3, Phường Sơn Đông","Cấp học":"Tiểu học","Loại hình":null,"Số điện thoại trường":"02753828941","Đạt CQG (MĐ)":null,"layer_id":312,"fid":1655,"label":"Tiểu học   Sơn Đông"}},{"type":"Feature","geometry":{"type":"Point","coordinates":[106.272826594,10.243958962]},"properties":{"Trường tiểu học":"Tiểu học   Thạnh Ngãi 1","Địa chỉ trường":"Ấp Chợ Cũ, Xã Phước Mỹ Trung","Cấp học":"Tiểu học","Loại hình":null,"Số điện thoại trường":"02753668116","Đạt CQG (MĐ)":null,"layer_id":312,"fid":1469,"label":"Tiểu học   Thạnh Ngãi 1"}},{"type":"Feature","geometry":{"type":"Point","coordinates":[106.298587219,10.205934353]},"properties":{"Trường tiểu học":"Tiểu học   Tân Phú Tây","Địa chỉ trường":"Ấp Tân Hòa Ngoài, Xã Phước Mỹ Trung","Cấp học":"Tiểu học","Loại hình":null,"Số điện thoại trường":"02753840129","Đạt CQG (MĐ)":null,"layer_id":312,"fid":1470,"label":"Tiểu học   Tân Phú Tây"}},{"type":"Feature","geometry":{"type":"Point","coordinates":[106.372831,10.330039]},"properties":{"Trường tiểu học":"Tiểu học   Tân Thạch A","Địa chỉ trường":"Ấp Tân An Thị, Xã Phú Túc","Cấp học":"Tiểu học","Loại hình":null,"Số điện thoại trường":"02753860364","Đạt CQG (MĐ)":null,"layer_id":312,"fid":1656,"label":"Tiểu học   Tân Thạch A"}},{"type":"Feature","geometry":{"type":"Point","coordinates":[106.267692578,10.113803695]},"properties":{"Trường tiểu học":"Tiểu học   Khánh Thạnh Tân 2","Địa chỉ trường":"ấp Tích Khánh, Xã Nhuận Phú Tân","Cấp học":"Tiểu học","Loại hình":null,"Số điện thoại trường":"02756272829","Đạt CQG (MĐ)":null,"layer_id":312,"fid":1471,"label":"Tiểu học   Khánh Thạnh Tân 2"}},{"type":"Feature","geometry":{"type":"Point","coordinates":[106.431312,10.289268]},"properties":{"Trường tiểu học":"Tiểu học   Giao Long A","Địa chỉ trường":"Ấp Hòa Long, Xã Giao Long","Cấp học":"Tiểu học","Loại hình":null,"Số điện thoại trường":"02753865184","Đạt CQG (MĐ)":null,"layer_id":312,"fid":1657,"label":"Tiểu học   Giao Long A"}},{"type":"Feature","geometry":{"type":"Point","coordinates":[106.401713,10.314241]},"properties":{"Trường tiểu học":"Tiểu học   Quới Sơn","Địa chỉ trường":"Quới Hoà Đông, Xã Giao Long","Cấp học":"Tiểu học","Loại hình":null,"Số điện thoại trường":"02753860433","Đạt CQG (MĐ)":null,"layer_id":312,"fid":1658,"label":"Tiểu học   Quới Sơn"}},{"type":"Feature","geometry":{"type":"Point","coordinates":[106.276984557,10.154894821]},"properties":{"Trường tiểu học":"Tiểu học   - THCS Võ Thị Giàu","Địa chỉ trường":"Ấp Thanh Tây, Xã Nhuận Phú Tân","Cấp học":"Tiểu học","Loại hình":null,"Số điện thoại trường":null,"Đạt CQG (MĐ)":null,"layer_id":312,"fid":1472,"label":"Tiểu học   - THCS Võ Thị Giàu"}},{"type":"Feature","geometry":{"type":"Point","coordinates":[106.362569894,10.163085999]},"properties":{"Trường tiểu học":"Tiểu học   Định Thủy","Địa chỉ trường":"ấp Định Nhơn , Xã Đồng Khởi","Cấp học":"Tiểu học","Loại hình":null,"Số điện thoại trường":"02753843579","Đạt CQG (MĐ)":null,"layer_id":312,"fid":1473,"label":"Tiểu học   Định Thủy"}},{"type":"Feature","geometry":{"type":"Point","coordinates":[106.264336,10.276569]},"properties":{"Trường tiểu học":"Tiểu học   Tiên Thủy B","Địa chỉ trường":"Ấp Tiên Tây Vàm, Xã Tiên Thủy","Cấp học":"Tiểu học","Loại hình":null,"Số điện thoại trường":"02753866238","Đạt CQG (MĐ)":null,"layer_id":312,"fid":1659,"label":"Tiểu học   Tiên Thủy B"}},{"type":"Feature","geometry":{"type":"Point","coordinates":[106.372667766,10.127304099]},"properties":{"Trường tiểu học":"Tiểu học   - THCS Phước Hiệp","Địa chỉ trường":"Ấp An Hoà 2, Xã Đồng Khởi ","Cấp học":"Tiểu học","Loại hình":null,"Số điện thoại trường":null,"Đạt CQG (MĐ)":null,"layer_id":312,"fid":1474,"label":"Tiểu học   - THCS Phước Hiệp"}},{"type":"Feature","geometry":{"type":"Point","coordinates":[106.331632707,10.125903063]},"properties":{"Trường tiểu học":"Tiểu học   1  Mỏ Cày","Địa chỉ trường":"Ấp 4, Xã Mỏ Cày","Cấp học":"Tiểu học","Loại hình":null,"Số điện thoại trường":"02753843329","Đạt CQG (MĐ)":null,"layer_id":312,"fid":1475,"label":"Tiểu học   1  Mỏ Cày"}},{"type":"Feature","geometry":{"type":"Point","coordinates":[106.07813,10.26993]},"properties":{"Trường tiểu học":"Tiểu học   Vĩnh Bình","Địa chỉ trường":"Ấp Lộc Hiệp, Xã Phú Phụng ","Cấp học":"Tiểu học","Loại hình":null,"Số điện thoại trường":"02753871335","Đạt CQG (MĐ)":null,"layer_id":312,"fid":1660,"label":"Tiểu học   Vĩnh Bình"}},{"type":"Feature","geometry":{"type":"Point","coordinates":[106.349180165,10.104347388]},"properties":{"Trường tiểu học":"Tiểu học   - THCS Đa Phước Hội","Địa chỉ trường":"Ấp An Nhơn 2, Xã Mỏ Cày","Cấp học":"Tiểu học","Loại hình":null,"Số điện thoại trường":"02753843294","Đạt CQG (MĐ)":null,"layer_id":312,"fid":1476,"label":"Tiểu học   - THCS Đa Phước Hội"}},{"type":"Feature","geometry":{"type":"Point","coordinates":[106.122839,10.25544]},"properties":{"Trường tiểu học":"Tiểu học   Chợ Lách","Địa chỉ trường":"Ấp 1 , Xã Chợ Lách","Cấp học":"Tiểu học","Loại hình":null,"Số điện thoại trường":"02753871340","Đạt CQG (MĐ)":null,"layer_id":312,"fid":1661,"label":"Tiểu học   Chợ Lách"}},{"type":"Feature","geometry":{"type":"Point","coordinates":[106.324878841,10.050964932]},"properties":{"Trường tiểu học":"Tiểu học   Thành Thới A","Địa chỉ trường":"Ấp An Trạch Đông , Xã Thành Thới","Cấp học":"Tiểu học","Loại hình":null,"Số điện thoại trường":null,"Đạt CQG (MĐ)":null,"layer_id":312,"fid":1477,"label":"Tiểu học   Thành Thới A"}},{"type":"Feature","geometry":{"type":"Point","coordinates":[106.145909,10.250829]},"properties":{"Trường tiểu học":"Tiểu học   Hòa Nghĩa B","Địa chỉ trường":"Ấp Nhơn Phú, xã Chợ Lách","Cấp học":"Tiểu học","Loại hình":null,"Số điện thoại trường":"02753871326","Đạt CQG (MĐ)":null,"layer_id":312,"fid":1662,"label":"Tiểu học   Hòa Nghĩa B"}},{"type":"Feature","geometry":{"type":"Point","coordinates":[106.408250792,10.058772577]},"properties":{"Trường tiểu học":"Tiểu học   Minh Đức","Địa chỉ trường":"Ấp Tân Hoà B, Xã An Định","Cấp học":"Tiểu học","Loại hình":null,"Số điện thoại trường":"02753849342","Đạt CQG (MĐ)":null,"layer_id":312,"fid":1478,"label":"Tiểu học   Minh Đức"}},{"type":"Feature","geometry":{"type":"Point","coordinates":[106.381638664,10.036977846]},"properties":{"Trường tiểu học":"Tiểu học   Cẩm Sơn","Địa chỉ trường":"Ấp Bình Tây 2, Xã Hương Mỹ","Cấp học":"Tiểu học","Loại hình":null,"Số điện thoại trường":null,"Đạt CQG (MĐ)":null,"layer_id":312,"fid":1479,"label":"Tiểu học   Cẩm Sơn"}},{"type":"Feature","geometry":{"type":"Point","coordinates":[106.2236648,10.2236331]},"properties":{"Trường tiểu học":"Tiểu học   Long Thới B","Địa chỉ trường":"Ấp Tân An, Xã Chợ Lách","Cấp học":"Tiểu học","Loại hình":null,"Số điện thoại trường":"02753873145","Đạt CQG (MĐ)":null,"layer_id":312,"fid":1663,"label":"Tiểu học   Long Thới B"}},{"type":"Feature","geometry":{"type":"Point","coordinates":[106.445326503,10.023750966]},"properties":{"Trường tiểu học":"Tiểu học   Đại Điền ","Địa chỉ trường":"Ấp Thới, Xã Đại Điền","Cấp học":"Tiểu học","Loại hình":null,"Số điện thoại trường":"02753877138","Đạt CQG (MĐ)":null,"layer_id":312,"fid":1480,"label":"Tiểu học   Đại Điền "}},{"type":"Feature","geometry":{"type":"Point","coordinates":[106.5868574,10.056358958]},"properties":{"Trường tiểu học":"Tiểu học   Tân Phong","Địa chỉ trường":"Ấp Thạnh B, Xã Đại Điền","Cấp học":"Tiểu học","Loại hình":null,"Số điện thoại trường":"02753877105","Đạt CQG (MĐ)":null,"layer_id":312,"fid":1481,"label":"Tiểu học   Tân Phong"}},{"type":"Feature","geometry":{"type":"Point","coordinates":[106.21686,10.20753]},"properties":{"Trường tiểu học":"Tiểu học   Vĩnh Thành A","Địa chỉ trường":"Ấp Vĩnh Bắc, Xã Vĩnh Thành","Cấp học":"Tiểu học","Loại hình":null,"Số điện thoại trường":"02753875118","Đạt CQG (MĐ)":null,"layer_id":312,"fid":1664,"label":"Tiểu học   Vĩnh Thành A"}},{"type":"Feature","geometry":{"type":"Point","coordinates":[106.234263,10.232413]},"properties":{"Trường tiểu học":"Tiểu học   Phú Sơn","Địa chỉ trường":"Ấp Phú Hiệp, Xã Vĩnh Thành","Cấp học":"Tiểu học","Loại hình":null,"Số điện thoại trường":"02753874699","Đạt CQG (MĐ)":null,"layer_id":312,"fid":1665,"label":"Tiểu học   Phú Sơn"}},{"type":"Feature","geometry":{"type":"Point","coordinates":[106.614298184,9.979266521]},"properties":{"Trường tiểu học":"Tiểu học   Bình Thạnh","Địa chỉ trường":"Ấp Thạnh Quí A, Xã Thạnh Phú","Cấp học":"Tiểu học","Loại hình":null,"Số điện thoại trường":"02753870345","Đạt CQG (MĐ)":null,"layer_id":312,"fid":1482,"label":"Tiểu học   Bình Thạnh"}},{"type":"Feature","geometry":{"type":"Point","coordinates":[106.555028312,9.979177405]},"properties":{"Trường tiểu học":"Tiểu học   Mỹ An","Địa chỉ trường":"ấp An Hòa, Xã Thạnh Phú","Cấp học":"Tiểu học","Loại hình":null,"Số điện thoại trường":null,"Đạt CQG (MĐ)":null,"layer_id":312,"fid":1483,"label":"Tiểu học   Mỹ An"}},{"type":"Feature","geometry":{"type":"Point","coordinates":[106.232543398,10.182743474]},"properties":{"Trường tiểu học":"Tiểu học   Hưng Khánh Trung B","Địa chỉ trường":"Ấp Phú Long, Xã Hưng Khánh Trung","Cấp học":"Tiểu học","Loại hình":null,"Số điện thoại trường":"090 7249638","Đạt CQG (MĐ)":null,"layer_id":312,"fid":1666,"label":"Tiểu học   Hưng Khánh Trung B"}},{"type":"Feature","geometry":{"type":"Point","coordinates":[106.618920705,9.927835365]},"properties":{"Trường tiểu học":"Tiểu học   An Qui","Địa chỉ trường":"Ấp An Bình, Xã An Qui","Cấp học":"Tiểu học","Loại hình":null,"Số điện thoại trường":"02753889008","Đạt CQG (MĐ)":null,"layer_id":312,"fid":1484,"label":"Tiểu học   An Qui"}},{"type":"Feature","geometry":{"type":"Point","coordinates":[6.749515155,10.070923122]},"properties":{"Trường tiểu học":"Tiểu học   Bảo Thuận","Địa chỉ trường":"Ấp Thạnh Thới, Xã Bảo Thạnh","Cấp học":"Tiểu học","Loại hình":null,"Số điện thoại trường":"02753 881132","Đạt CQG (MĐ)":null,"layer_id":312,"fid":1485,"label":"Tiểu học   Bảo Thuận"}},{"type":"Feature","geometry":{"type":"Point","coordinates":[106.224674245,10.163789376]},"properties":{"Trường tiểu học":"Tiểu học   Hưng Khánh Trung C","Địa chỉ trường":"Ấp Tân Trung, Xã Hưng Khánh Trung","Cấp học":"Tiểu học","Loại hình":null,"Số điện thoại trường":"02753875562","Đạt CQG (MĐ)":null,"layer_id":312,"fid":1667,"label":"Tiểu học   Hưng Khánh Trung C"}},{"type":"Feature","geometry":{"type":"Point","coordinates":[106.737274762,10.064934694]},"properties":{"Trường tiểu học":"Tiểu học   Vĩnh An","Địa chỉ trường":"Ấp Vĩnh Đức Tây, Xã Ba Tri","Cấp học":"Tiểu học","Loại hình":null,"Số điện thoại trường":"02753859103","Đạt CQG (MĐ)":null,"layer_id":312,"fid":1486,"label":"Tiểu học   Vĩnh An"}},{"type":"Feature","geometry":{"type":"Point","coordinates":[106.528248363,10.047974769]},"properties":{"Trường tiểu học":"Tiểu học   An Ngãi Tây","Địa chỉ trường":"Ấp Giồng Quéo, Xã An Hiệp","Cấp học":"Tiểu học","Loại hình":null,"Số điện thoại trường":"02753857267","Đạt CQG (MĐ)":null,"layer_id":312,"fid":1487,"label":"Tiểu học   An Ngãi Tây"}},{"type":"Feature","geometry":{"type":"Point","coordinates":[106.267037,10.221407]},"properties":{"Trường tiểu học":"Tiểu học   Phú Mỹ","Địa chỉ trường":"Âp  Phú Thạnh, Xã Phước Mỹ Trung","Cấp học":"Tiểu học","Loại hình":null,"Số điện thoại trường":"02753874606","Đạt CQG (MĐ)":null,"layer_id":312,"fid":1668,"label":"Tiểu học   Phú Mỹ"}},{"type":"Feature","geometry":{"type":"Point","coordinates":[106.575140076,10.07755438]},"properties":{"Trường tiểu học":"Tiểu học   Tân Hưng","Địa chỉ trường":"Ấp Tân Khai, Xã An Hiệp","Cấp học":"Tiểu học","Loại hình":null,"Số điện thoại trường":"02753857195","Đạt CQG (MĐ)":null,"layer_id":312,"fid":1488,"label":"Tiểu học   Tân Hưng"}},{"type":"Feature","geometry":{"type":"Point","coordinates":[106.33198,10.19829]},"properties":{"Trường tiểu học":"Tiểu học   Tân Thành Bình 1","Địa chỉ trường":"Ấp Chợ Xếp, Xã Tân Thành Bình","Cấp học":"Tiểu học","Loại hình":null,"Số điện thoại trường":"02753840710","Đạt CQG (MĐ)":null,"layer_id":312,"fid":1669,"label":"Tiểu học   Tân Thành Bình 1"}},{"type":"Feature","geometry":{"type":"Point","coordinates":[106.695235322,10.048926282]},"properties":{"Trường tiểu học":"Tiểu học   Tân Thanh","Địa chỉ trường":"Ấp Tân Phước, Xã Hưng Nhượng","Cấp học":"Tiểu học","Loại hình":null,"Số điện thoại trường":"02753861574","Đạt CQG (MĐ)":null,"layer_id":312,"fid":1489,"label":"Tiểu học   Tân Thanh"}},{"type":"Feature","geometry":{"type":"Point","coordinates":[106.479428103,10.077737946]},"properties":{"Trường tiểu học":"Tiểu học   Hưng Lễ","Địa chỉ trường":"Ấp Rẫy, Xã Hưng Nhượng","Cấp học":"Tiểu học","Loại hình":null,"Số điện thoại trường":"02753864668","Đạt CQG (MĐ)":null,"layer_id":312,"fid":1490,"label":"Tiểu học   Hưng Lễ"}},{"type":"Feature","geometry":{"type":"Point","coordinates":[106.332658,10.205268]},"properties":{"Trường tiểu học":"Tiểu học   Tân Thành Bình 2","Địa chỉ trường":"Ấp Tân Long 2 , Xã Tân Thành Bình","Cấp học":"Tiểu học","Loại hình":null,"Số điện thoại trường":"02753840105","Đạt CQG (MĐ)":null,"layer_id":312,"fid":1670,"label":"Tiểu học   Tân Thành Bình 2"}},{"type":"Feature","geometry":{"type":"Point","coordinates":[106.495705242,10.17778704]},"properties":{"Trường tiểu học":"Tiểu học   Bình Hoà ","Địa chỉ trường":"Ấp Kinh Ngoài, Xã Giồng Trôm","Cấp học":"Tiểu học","Loại hình":null,"Số điện thoại trường":"02753861257","Đạt CQG (MĐ)":null,"layer_id":312,"fid":1491,"label":"Tiểu học   Bình Hoà "}},{"type":"Feature","geometry":{"type":"Point","coordinates":[106.536858129,10.217734867]},"properties":{"Trường tiểu học":"Tiểu học   Bình Thành 1","Địa chỉ trường":"Ấp Bình Đông, Xã Giồng Trôm","Cấp học":"Tiểu học","Loại hình":null,"Số điện thoại trường":"02753861260","Đạt CQG (MĐ)":null,"layer_id":312,"fid":1492,"label":"Tiểu học   Bình Thành 1"}},{"type":"Feature","geometry":{"type":"Point","coordinates":[106.33057,10.16475]},"properties":{"Trường tiểu học":"Tiểu học   Hòa Lộc","Địa chỉ trường":"Ấp Hòa Hưng, Xã Tân Thành Bình","Cấp học":"Tiểu học","Loại hình":null,"Số điện thoại trường":"02753843454","Đạt CQG (MĐ)":null,"layer_id":312,"fid":1671,"label":"Tiểu học   Hòa Lộc"}},{"type":"Feature","geometry":{"type":"Point","coordinates":[106.737708878,10.187414785]},"properties":{"Trường tiểu học":"Tiểu học   Bình Thành 2","Địa chỉ trường":"Ấp Bình An, Xã Giồng Trôm","Cấp học":"Tiểu học","Loại hình":null,"Số điện thoại trường":"02753861661","Đạt CQG (MĐ)":null,"layer_id":312,"fid":1493,"label":"Tiểu học   Bình Thành 2"}},{"type":"Feature","geometry":{"type":"Point","coordinates":[106.300586,10.145374]},"properties":{"Trường tiểu học":"Tiểu học   Trần Quyết Tâm","Địa chỉ trường":"ấp Tân Đức A, Xã Tân Thành Bình","Cấp học":"Tiểu học","Loại hình":null,"Số điện thoại trường":"02753844136","Đạt CQG (MĐ)":null,"layer_id":312,"fid":1672,"label":"Tiểu học   Trần Quyết Tâm"}},{"type":"Feature","geometry":{"type":"Point","coordinates":[106.46617773,10.138383132]},"properties":{"Trường tiểu học":"Tiểu học   Lê Thọ Xuân","Địa chỉ trường":"Ấp Tân Thị, Xã Tân Hào","Cấp học":"Tiểu học","Loại hình":null,"Số điện thoại trường":"02753863596","Đạt CQG (MĐ)":null,"layer_id":312,"fid":1494,"label":"Tiểu học   Lê Thọ Xuân"}},{"type":"Feature","geometry":{"type":"Point","coordinates":[106.430041618,10.207061011]},"properties":{"Trường tiểu học":"Tiểu học   Lương Phú","Địa chỉ trường":"Ấp Xẻo Sâu, Xã Lương Phú","Cấp học":"Tiểu học","Loại hình":null,"Số điện thoại trường":null,"Đạt CQG (MĐ)":null,"layer_id":312,"fid":1497,"label":"Tiểu học   Lương Phú"}},{"type":"Feature","geometry":{"type":"Point","coordinates":[106.467598251,10.126147824]},"properties":{"Trường tiểu học":"Tiểu học   Tân Lợi Thạnh","Địa chỉ trường":"ấp Giồng Chủ, Xã Tân Hào","Cấp học":"Tiểu học","Loại hình":null,"Số điện thoại trường":"02753864644","Đạt CQG (MĐ)":null,"layer_id":312,"fid":1495,"label":"Tiểu học   Tân Lợi Thạnh"}},{"type":"Feature","geometry":{"type":"Point","coordinates":[106.28232,10.11488]},"properties":{"Trường tiểu học":"Tiểu học   Khánh Thạnh Tân 1","Địa chỉ trường":"Ấp Tài Đại, Xã Nhuận Phú Tân","Cấp học":"Tiểu học","Loại hình":null,"Số điện thoại trường":"02706252678","Đạt CQG (MĐ)":null,"layer_id":312,"fid":1673,"label":"Tiểu học   Khánh Thạnh Tân 1"}},{"type":"Feature","geometry":{"type":"Point","coordinates":[106.399149434,10.133354335]},"properties":{"Trường tiểu học":"Tiểu học   Hưng Phong","Địa chỉ trường":"Ấp Hưng Quý, Xã Phước Long","Cấp học":"Tiểu học","Loại hình":null,"Số điện thoại trường":"02753885028","Đạt CQG (MĐ)":null,"layer_id":312,"fid":1496,"label":"Tiểu học   Hưng Phong"}},{"type":"Feature","geometry":{"type":"Point","coordinates":[106.388515,10.095055]},"properties":{"Trường tiểu học":"Tiểu học   Bình Khánh","Địa chỉ trường":"Ấp Phú Tây Thượng , Xã Đồng Khởi","Cấp học":"Tiểu học","Loại hình":null,"Số điện thoại trường":"02753847362","Đạt CQG (MĐ)":null,"layer_id":312,"fid":1674,"label":"Tiểu học   Bình Khánh"}},{"type":"Feature","geometry":{"type":"Point","coordinates":[106.681186176,10.163549719]},"properties":{"Trường tiểu học":"Tiểu học   Nguyễn Thị Lang","Địa chỉ trường":"Ấp Bình Huề 2, Xã Thạnh Phước","Cấp học":"Tiểu học","Loại hình":null,"Số điện thoại trường":"02753851460","Đạt CQG (MĐ)":null,"layer_id":312,"fid":1498,"label":"Tiểu học   Nguyễn Thị Lang"}},{"type":"Feature","geometry":{"type":"Point","coordinates":[106.3223231,10.125434]},"properties":{"Trường tiểu học":"Tiểu học   Tân Hội","Địa chỉ trường":"Ấp Hội Thành, Xã Mỏ Cày","Cấp học":"Tiểu học","Loại hình":null,"Số điện thoại trường":"02753843783","Đạt CQG (MĐ)":null,"layer_id":312,"fid":1675,"label":"Tiểu học   Tân Hội"}},{"type":"Feature","geometry":{"type":"Point","coordinates":[106.707079431,10.200726066]},"properties":{"Trường tiểu học":"Tiểu học   Bình Thắng","Địa chỉ trường":"Ấp Bình Đại 3, Xã Bình Đại ","Cấp học":"Tiểu học","Loại hình":null,"Số điện thoại trường":"02753851438","Đạt CQG (MĐ)":null,"layer_id":312,"fid":1499,"label":"Tiểu học   Bình Thắng"}},{"type":"Feature","geometry":{"type":"Point","coordinates":[106.617580157,10.228888615]},"properties":{"Trường tiểu học":"Tiểu học   Cao Thành San","Địa chỉ trường":"Ấp Bến Cát, Xã Thạnh Trị ","Cấp học":"Tiểu học","Loại hình":null,"Số điện thoại trường":null,"Đạt CQG (MĐ)":null,"layer_id":312,"fid":1500,"label":"Tiểu học   Cao Thành San"}},{"type":"Feature","geometry":{"type":"Point","coordinates":[106.290769,10.097219]},"properties":{"Trường tiểu học":"Tiểu học   An Thạnh 1","Địa chỉ trường":"Ấp An Lộc Thị, Xã Mỏ Cày","Cấp học":"Tiểu học","Loại hình":null,"Số điện thoại trường":"02753848301","Đạt CQG (MĐ)":null,"layer_id":312,"fid":1676,"label":"Tiểu học   An Thạnh 1"}},{"type":"Feature","geometry":{"type":"Point","coordinates":[106.59602741,10.22783824]},"properties":{"Trường tiểu học":"Tiểu học   Đỗ Nghĩa Trọng","Địa chỉ trường":"Ấp Lộc Thới, Xã Lộc Thuận","Cấp học":"Tiểu học","Loại hình":null,"Số điện thoại trường":"02753855182","Đạt CQG (MĐ)":null,"layer_id":312,"fid":1501,"label":"Tiểu học   Đỗ Nghĩa Trọng"}},{"type":"Feature","geometry":{"type":"Point","coordinates":[106.480389386,10.291522281]},"properties":{"Trường tiểu học":"Tiểu học   - THCS Nguyễn Văn Đồn","Địa chỉ trường":"Ấp 2, Xã Phú Thuận ","Cấp học":"Tiểu học","Loại hình":null,"Số điện thoại trường":"02753880043","Đạt CQG (MĐ)":null,"layer_id":312,"fid":1502,"label":"Tiểu học   - THCS Nguyễn Văn Đồn"}},{"type":"Feature","geometry":{"type":"Point","coordinates":[106.300481,10.098756]},"properties":{"Trường tiểu học":"Tiểu học   An Thạnh 2","Địa chỉ trường":"Ấp An Lộc Giồng, Xã Mỏ Cày","Cấp học":"Tiểu học","Loại hình":null,"Số điện thoại trường":"02753848676","Đạt CQG (MĐ)":null,"layer_id":312,"fid":1677,"label":"Tiểu học   An Thạnh 2"}},{"type":"Feature","geometry":{"type":"Point","coordinates":[106.378858,10.078513]},"properties":{"Trường tiểu học":"Tiểu học   An Định","Địa chỉ trường":"Ấp Phú Đông 1, Xã An Định","Cấp học":"Tiểu học","Loại hình":null,"Số điện thoại trường":"02753847113","Đạt CQG (MĐ)":null,"layer_id":312,"fid":1679,"label":"Tiểu học   An Định"}},{"type":"Feature","geometry":{"type":"Point","coordinates":[106.381002,10.04895]},"properties":{"Trường tiểu học":"Tiểu học   Tân Trung","Địa chỉ trường":"Ấp Tân Hậu 2, Xã An Định","Cấp học":"Tiểu học","Loại hình":null,"Số điện thoại trường":"02753849283","Đạt CQG (MĐ)":null,"layer_id":312,"fid":1680,"label":"Tiểu học   Tân Trung"}},{"type":"Feature","geometry":{"type":"Point","coordinates":[106.399825,10.01459]},"properties":{"Trường tiểu học":"Tiểu học   Hương Mỹ 1","Địa chỉ trường":"Ấp Thị, Xã Hương Mỹ","Cấp học":"Tiểu học","Loại hình":null,"Số điện thoại trường":"02753849137","Đạt CQG (MĐ)":null,"layer_id":312,"fid":1681,"label":"Tiểu học   Hương Mỹ 1"}},{"type":"Feature","geometry":{"type":"Point","coordinates":[106.395479699,10.003160315]},"properties":{"Trường tiểu học":"Tiểu học   Hương Mỹ 2","Địa chỉ trường":"Ấp Bình Đông 1, Xã Hương Mỹ","Cấp học":"Tiểu học","Loại hình":null,"Số điện thoại trường":"02753849668","Đạt CQG (MĐ)":null,"layer_id":312,"fid":1682,"label":"Tiểu học   Hương Mỹ 2"}},{"type":"Feature","geometry":{"type":"Point","coordinates":[106.441696,9.9817]},"properties":{"Trường tiểu học":"Tiểu học   Thới Thạnh","Địa chỉ trường":"ấp Xương Thới I, Xã Đại Điền","Cấp học":"Tiểu học","Loại hình":null,"Số điện thoại trường":"02753877189","Đạt CQG (MĐ)":null,"layer_id":312,"fid":1683,"label":"Tiểu học   Thới Thạnh"}},{"type":"Feature","geometry":{"type":"Point","coordinates":[106.5168929,9.9456773]},"properties":{"Trường tiểu học":"Tiểu học   Thạnh Phú","Địa chỉ trường":"Ấp Thạnh Trị Hạ 3, Xã Thạnh Phú","Cấp học":"Tiểu học","Loại hình":null,"Số điện thoại trường":"0386194863","Đạt CQG (MĐ)":null,"layer_id":312,"fid":1684,"label":"Tiểu học   Thạnh Phú"}},{"type":"Feature","geometry":{"type":"Point","coordinates":[106.544723,9.948706]},"properties":{"Trường tiểu học":"Tiểu học   An Thạnh","Địa chỉ trường":"ấp An Ngãi A, Xã Thạnh Phú ","Cấp học":"Tiểu học","Loại hình":null,"Số điện thoại trường":"02753870343","Đạt CQG (MĐ)":null,"layer_id":312,"fid":1685,"label":"Tiểu học   An Thạnh"}},{"type":"Feature","geometry":{"type":"Point","coordinates":[106.58078,9.89304]},"properties":{"Trường tiểu học":"Tiểu học   An Nhơn","Địa chỉ trường":"Ấp An Hòa, Xã An Qui","Cấp học":"Tiểu học","Loại hình":null,"Số điện thoại trường":"02753889062","Đạt CQG (MĐ)":null,"layer_id":312,"fid":1686,"label":"Tiểu học   An Nhơn"}},{"type":"Feature","geometry":{"type":"Point","coordinates":[106.542983,9.916473]},"properties":{"Trường tiểu học":"Tiểu học   An Thuận","Địa chỉ trường":"ấp An Hội B, Xã An Qui","Cấp học":"Tiểu học","Loại hình":null,"Số điện thoại trường":"02752227927","Đạt CQG (MĐ)":null,"layer_id":312,"fid":1687,"label":"Tiểu học   An Thuận"}},{"type":"Feature","geometry":{"type":"Point","coordinates":[106.654272,9.877939]},"properties":{"Trường tiểu học":"Tiểu học   Thạnh Hải","Địa chỉ trường":"ấp Thạnh Hưng B, Xã Thạnh Hải","Cấp học":"Tiểu học","Loại hình":null,"Số điện thoại trường":"02753 886232","Đạt CQG (MĐ)":null,"layer_id":312,"fid":1688,"label":"Tiểu học   Thạnh Hải"}},{"type":"Feature","geometry":{"type":"Point","coordinates":[106.591893,9.952671]},"properties":{"Trường tiểu học":"Tiểu học   An Điền","Địa chỉ trường":"ấp An Điền, Xã Thạnh Hải","Cấp học":"Tiểu học","Loại hình":null,"Số điện thoại trường":"02753889307","Đạt CQG (MĐ)":null,"layer_id":312,"fid":1689,"label":"Tiểu học   An Điền"}},{"type":"Feature","geometry":{"type":"Point","coordinates":[106.599505,9.829965]},"properties":{"Trường tiểu học":"Tiểu học   Thạnh Phong B","Địa chỉ trường":"Ấp Thạnh Hòa , Xã Thạnh Phong","Cấp học":"Tiểu học","Loại hình":null,"Số điện thoại trường":"02753886287","Đạt CQG (MĐ)":null,"layer_id":312,"fid":1690,"label":"Tiểu học   Thạnh Phong B"}},{"type":"Feature","geometry":{"type":"Point","coordinates":[106.633479,9.854437]},"properties":{"Trường tiểu học":"Tiểu học   Thạnh Phong A","Địa chỉ trường":"Ấp Thạnh Phước , Xã Thạnh Phong","Cấp học":"Tiểu học","Loại hình":null,"Số điện thoại trường":"0396040786","Đạt CQG (MĐ)":null,"layer_id":312,"fid":1691,"label":"Tiểu học   Thạnh Phong A"}},{"type":"Feature","geometry":{"type":"Point","coordinates":[106.610006734,9.876850463]},"properties":{"Trường tiểu học":"Tiểu học   Giao Thạnh","Địa chỉ trường":"Ấp Giao Hòa A, Xã Thạnh Phong","Cấp học":"Tiểu học","Loại hình":null,"Số điện thoại trường":"02753,876109","Đạt CQG (MĐ)":null,"layer_id":312,"fid":1692,"label":"Tiểu học   Giao Thạnh"}},{"type":"Feature","geometry":{"type":"Point","coordinates":[106.625627,9.998307]},"properties":{"Trường tiểu học":"Tiểu học   Tiệm Tôm 1","Địa chỉ trường":"Ấp An Lợi, Xã Tân Thủy","Cấp học":"Tiểu học","Loại hình":null,"Số điện thoại trường":"02753856367","Đạt CQG (MĐ)":null,"layer_id":312,"fid":1693,"label":"Tiểu học   Tiệm Tôm 1"}},{"type":"Feature","geometry":{"type":"Point","coordinates":[106.589358,10.03688]},"properties":{"Trường tiểu học":"Tiểu học   Nguyễn Đình Chiểu","Địa chỉ trường":"Ấp 4, Xã Ba Tri","Cấp học":"Tiểu học","Loại hình":null,"Số điện thoại trường":"02753899558","Đạt CQG (MĐ)":null,"layer_id":312,"fid":1694,"label":"Tiểu học   Nguyễn Đình Chiểu"}},{"type":"Feature","geometry":{"type":"Point","coordinates":[106.576926,10.024747]},"properties":{"Trường tiểu học":"Tiểu học   An Đức","Địa chỉ trường":"Ấp Giồng Chuối, Xã Ba Tri","Cấp học":"Tiểu học","Loại hình":null,"Số điện thoại trường":"02753589942","Đạt CQG (MĐ)":null,"layer_id":312,"fid":1695,"label":"Tiểu học   An Đức"}},{"type":"Feature","geometry":{"type":"Point","coordinates":[106.591102,10.051803]},"properties":{"Trường tiểu học":"Tiểu học   An Bình Tây","Địa chỉ trường":"Ấp An Lợi, Xã Ba Tri","Cấp học":"Tiểu học","Loại hình":null,"Số điện thoại trường":"02753859669","Đạt CQG (MĐ)":null,"layer_id":312,"fid":1696,"label":"Tiểu học   An Bình Tây"}},{"type":"Feature","geometry":{"type":"Point","coordinates":[106.628539,10.127564]},"properties":{"Trường tiểu học":"Tiểu học   Tân Xuân 1","Địa chỉ trường":"Ấp Tân An, Xã Tân Xuân","Cấp học":"Tiểu học","Loại hình":null,"Số điện thoại trường":"02753858658","Đạt CQG (MĐ)":null,"layer_id":312,"fid":1697,"label":"Tiểu học   Tân Xuân 1"}},{"type":"Feature","geometry":{"type":"Point","coordinates":[106.635117,10.075997]},"properties":{"Trường tiểu học":"Tiểu học   Phước Ngãi","Địa chỉ trường":"Ấp Phú Thuận , Xã Tân Xuân","Cấp học":"Tiểu học","Loại hình":null,"Số điện thoại trường":"02753859114","Đạt CQG (MĐ)":null,"layer_id":312,"fid":1698,"label":"Tiểu học   Phước Ngãi"}},{"type":"Feature","geometry":{"type":"Point","coordinates":[106.619626,10.06515]},"properties":{"Trường tiểu học":"Tiểu học   Phú Lễ","Địa chỉ trường":"Ấp Phú Thạnh 1, Xã Tân Xuân","Cấp học":"Tiểu học","Loại hình":null,"Số điện thoại trường":"02753859209","Đạt CQG (MĐ)":null,"layer_id":312,"fid":1699,"label":"Tiểu học   Phú Lễ"}},{"type":"Feature","geometry":{"type":"Point","coordinates":[106.580161,10.119756]},"properties":{"Trường tiểu học":"Tiểu học   Mỹ Chánh","Địa chỉ trường":"Ấp Gò Da, Xã Mỹ Chánh Hòa","Cấp học":"Tiểu học","Loại hình":null,"Số điện thoại trường":"02753858138","Đạt CQG (MĐ)":null,"layer_id":312,"fid":1700,"label":"Tiểu học   Mỹ Chánh"}},{"type":"Feature","geometry":{"type":"Point","coordinates":[105.792426,10.153347]},"properties":{"Trường tiểu học":"Tiểu học   Mỹ Nhơn","Địa chỉ trường":"ấp Nhơn Hoà, Xã Mỹ Chánh Hòa","Cấp học":"Tiểu học","Loại hình":null,"Số điện thoại trường":"02753858244","Đạt CQG (MĐ)":null,"layer_id":312,"fid":1701,"label":"Tiểu học   Mỹ Nhơn"}},{"type":"Feature","geometry":{"type":"Point","coordinates":[106.576618,10.138355]},"properties":{"Trường tiểu học":"Tiểu học   Mỹ Hòa","Địa chỉ trường":"Ấp Mỹ Hòa, Xã Mỹ Chánh Hòa","Cấp học":"Tiểu học","Loại hình":null,"Số điện thoại trường":"02753858236","Đạt CQG (MĐ)":null,"layer_id":312,"fid":1702,"label":"Tiểu học   Mỹ Hòa"}},{"type":"Feature","geometry":{"type":"Point","coordinates":[106.542732,10.067563]},"properties":{"Trường tiểu học":"Tiểu học   An Ngãi Trung","Địa chỉ trường":"ấp An Định 1, Xã An Ngãi Trung","Cấp học":"Tiểu học","Loại hình":null,"Số điện thoại trường":"02753857132","Đạt CQG (MĐ)":null,"layer_id":312,"fid":1703,"label":"Tiểu học   An Ngãi Trung"}},{"type":"Feature","geometry":{"type":"Point","coordinates":[106.428267,9.667835]},"properties":{"Trường tiểu học":"Tiểu học   An Phú Trung","Địa chỉ trường":"Ấp An Thái, Xã An Ngãi Trung","Cấp học":"Tiểu học","Loại hình":null,"Số điện thoại trường":"02753857268","Đạt CQG (MĐ)":null,"layer_id":312,"fid":1704,"label":"Tiểu học   An Phú Trung"}},{"type":"Feature","geometry":{"type":"Point","coordinates":[106.57399,10.09966]},"properties":{"Trường tiểu học":"Tiểu học   Mỹ Thạnh","Địa chỉ trường":"Ấp Mỹ Trung, Xã An Ngãi Trung","Cấp học":"Tiểu học","Loại hình":null,"Số điện thoại trường":"02753858243","Đạt CQG (MĐ)":null,"layer_id":312,"fid":1705,"label":"Tiểu học   Mỹ Thạnh"}},{"type":"Feature","geometry":{"type":"Point","coordinates":[106.548077,10.032874]},"properties":{"Trường tiểu học":"Tiểu học   An Hiệp","Địa chỉ trường":"Ấp Giồng Lớn, Xã An Hiệp","Cấp học":"Tiểu học","Loại hình":null,"Số điện thoại trường":"02753856497","Đạt CQG (MĐ)":null,"layer_id":312,"fid":1706,"label":"Tiểu học   An Hiệp"}},{"type":"Feature","geometry":{"type":"Point","coordinates":[106.5044075,10.0982238]},"properties":{"Trường tiểu học":"Tiểu học   Hưng Nhượng","Địa chỉ trường":"Ấp Hưng Bình, Xã Hưng Nhượng","Cấp học":"Tiểu học","Loại hình":null,"Số điện thoại trường":"02753864119","Đạt CQG (MĐ)":null,"layer_id":312,"fid":1707,"label":"Tiểu học   Hưng Nhượng"}},{"type":"Feature","geometry":{"type":"Point","coordinates":[106.50103,10.161429]},"properties":{"Trường tiểu học":"Tiểu học   Giồng Trôm","Địa chỉ trường":"Ấp 6, Xã Giồng Trôm","Cấp học":"Tiểu học","Loại hình":null,"Số điện thoại trường":"02753861434","Đạt CQG (MĐ)":null,"layer_id":312,"fid":1708,"label":"Tiểu học   Giồng Trôm"}},{"type":"Feature","geometry":{"type":"Point","coordinates":[106.414735,10.142003]},"properties":{"Trường tiểu học":"Tiểu học   Phước Long 2","Địa chỉ trường":"Ấp Phước  Mỹ, Xã Phước Long","Cấp học":"Tiểu học","Loại hình":null,"Số điện thoại trường":"02753885518","Đạt CQG (MĐ)":null,"layer_id":312,"fid":1709,"label":"Tiểu học   Phước Long 2"}},{"type":"Feature","geometry":{"type":"Point","coordinates":[106.45618,10.14028]},"properties":{"Trường tiểu học":"Tiểu học   Linh Phụng","Địa chỉ trường":"Ấp Linh Phụng, Xă Phước Long","Cấp học":"Tiểu học","Loại hình":null,"Số điện thoại trường":"02753 863568","Đạt CQG (MĐ)":null,"layer_id":312,"fid":1710,"label":"Tiểu học   Linh Phụng"}},{"type":"Feature","geometry":{"type":"Point","coordinates":[106.415469,10.189442]},"properties":{"Trường tiểu học":"Tiểu học   Thuận Điền","Địa chỉ trường":"Ấp Phú Thuận, Xã Lương Phú","Cấp học":"Tiểu học","Loại hình":null,"Số điện thoại trường":"02753863086","Đạt CQG (MĐ)":null,"layer_id":312,"fid":1711,"label":"Tiểu học   Thuận Điền"}},{"type":"Feature","geometry":{"type":"Point","coordinates":[106.431913441,10.223400862]},"properties":{"Trường tiểu học":"Tiểu học   Nguyễn Ngọc Thăng","Địa chỉ trường":"Ấp Chợ, Xã Lương Phú","Cấp học":"Tiểu học","Loại hình":null,"Số điện thoại trường":"02753862291","Đạt CQG (MĐ)":null,"layer_id":312,"fid":1712,"label":"Tiểu học   Nguyễn Ngọc Thăng"}},{"type":"Feature","geometry":{"type":"Point","coordinates":[106.444028,10.202848]},"properties":{"Trường tiểu học":"Tiểu học   Moncada","Địa chỉ trường":"Ấp Hoà Bình, Xã Lương Hoà","Cấp học":"Tiểu học","Loại hình":null,"Số điện thoại trường":"02753862012","Đạt CQG (MĐ)":null,"layer_id":312,"fid":1713,"label":"Tiểu học   Moncada"}},{"type":"Feature","geometry":{"type":"Point","coordinates":[106.445953,10.236974]},"properties":{"Trường tiểu học":"Tiểu học   Phong Nẫm","Địa chỉ trường":"Ấp Cầu Hòa, Xã Lương Hòa","Cấp học":"Tiểu học","Loại hình":null,"Số điện thoại trường":"02753862278","Đạt CQG (MĐ)":null,"layer_id":312,"fid":1714,"label":"Tiểu học   Phong Nẫm"}},{"type":"Feature","geometry":{"type":"Point","coordinates":[106.4682892,10.2337275]},"properties":{"Trường tiểu học":"Tiểu học   Phong Mỹ","Địa chỉ trường":"ấp Phong Quới, Xã Lương Hoà","Cấp học":"Tiểu học","Loại hình":null,"Số điện thoại trường":"02753862092","Đạt CQG (MĐ)":null,"layer_id":312,"fid":1715,"label":"Tiểu học   Phong Mỹ"}},{"type":"Feature","geometry":{"type":"Point","coordinates":[106.43274,10.03284]},"properties":{"Trường tiểu học":"Tiểu học   Thới Thuận","Địa chỉ trường":"Ấp Thới Lợi 1, Xã Thới Thuận","Cấp học":"Tiểu học","Loại hình":null,"Số điện thoại trường":"02753852940","Đạt CQG (MĐ)":null,"layer_id":312,"fid":1716,"label":"Tiểu học   Thới Thuận"}},{"type":"Feature","geometry":{"type":"Point","coordinates":[106.744745,10.171866]},"properties":{"Trường tiểu học":"Tiểu học   Thừa Đức","Địa chỉ trường":"Ấp Thừa Long, Xã Thới Thuận","Cấp học":"Tiểu học","Loại hình":null,"Số điện thoại trường":"02753883005","Đạt CQG (MĐ)":null,"layer_id":312,"fid":1717,"label":"Tiểu học   Thừa Đức"}},{"type":"Feature","geometry":{"type":"Point","coordinates":[106.691613,10.11965]},"properties":{"Trường tiểu học":"Tiểu học   Trà Thị Cụt","Địa chỉ trường":"Ấp Tân Long, Xã Thạnh Phước","Cấp học":"Tiểu học","Loại hình":null,"Số điện thoại trường":"02753884054","Đạt CQG (MĐ)":null,"layer_id":312,"fid":1718,"label":"Tiểu học   Trà Thị Cụt"}},{"type":"Feature","geometry":{"type":"Point","coordinates":[106.706123,10.12598]},"properties":{"Trường tiểu học":"Tiểu học   Võ Văn Lân","Địa chỉ trường":"Ấp Phước Hòa, Xã Thạnh Phước","Cấp học":"Tiểu học","Loại hình":null,"Số điện thoại trường":"02753884168","Đạt CQG (MĐ)":null,"layer_id":312,"fid":1719,"label":"Tiểu học   Võ Văn Lân"}},{"type":"Feature","geometry":{"type":"Point","coordinates":[106.68995,10.19401]},"properties":{"Trường tiểu học":"Tiểu học   Trần Hoàn Vũ","Địa chỉ trường":"Ấp Bình Hòa, Xã Bình Đại","Cấp học":"Tiểu học","Loại hình":null,"Số điện thoại trường":"02753851314","Đạt CQG (MĐ)":null,"layer_id":312,"fid":1720,"label":"Tiểu học   Trần Hoàn Vũ"}},{"type":"Feature","geometry":{"type":"Point","coordinates":[105.792426,10.153347]},"properties":{"Trường tiểu học":"Tiểu học   Bùi Sĩ Hùng","Địa chỉ trường":"Ấp Bình Thới 3, Xã Bình Đại","Cấp học":"Tiểu học","Loại hình":null,"Số điện thoại trường":"02753851359","Đạt CQG (MĐ)":null,"layer_id":312,"fid":1721,"label":"Tiểu học   Bùi Sĩ Hùng"}},{"type":"Feature","geometry":{"type":"Point","coordinates":[106.665833,10.177689]},"properties":{"Trường tiểu học":"Tiểu học   Thạnh Trị","Địa chỉ trường":"Ấp Bình Thạnh 2 , Xã Thạnh Trị","Cấp học":"Tiểu học","Loại hình":null,"Số điện thoại trường":"02753851467","Đạt CQG (MĐ)":null,"layer_id":312,"fid":1722,"label":"Tiểu học   Thạnh Trị"}},{"type":"Feature","geometry":{"type":"Point","coordinates":[106.53057,10.22852]},"properties":{"Trường tiểu học":"Tiểu học   Thới Lai","Địa chỉ trường":"Ấp Sân Banh, Xã Châu Hưng","Cấp học":"Tiểu học","Loại hình":null,"Số điện thoại trường":"02753854156","Đạt CQG (MĐ)":null,"layer_id":312,"fid":1723,"label":"Tiểu học   Thới Lai"}},{"type":"Feature","geometry":{"type":"Point","coordinates":[106.459398,10.271755]},"properties":{"Trường tiểu học":"Tiểu học   Long Hòa","Địa chỉ trường":"Ấp Long An, Xã Châu Hưng","Cấp học":"Tiểu học","Loại hình":null,"Số điện thoại trường":"02753744826","Đạt CQG (MĐ)":null,"layer_id":312,"fid":1724,"label":"Tiểu học   Long Hòa"}},{"type":"Feature","geometry":{"type":"Point","coordinates":[106.613212,10.122616]},"properties":{"Trường tiểu học":"Tiểu học Tân Xuân 2","Địa chỉ trường":"Ấp Tân Hòa, xã Tân Xuân","Cấp học":"Tiểu học","Loại hình":null,"Số điện thoại trường":"02753858698","Đạt CQG (MĐ)":null,"layer_id":312,"fid":1725,"label":"Tiểu học Tân Xuân 2"}}]}
