{"type":"FeatureCollection","name":"Trường THCS","metadata":{"source":"https://hatang.vinhlong.gov.vn/","downloaded_at":"2026-07-20T01:16:21+00:00","layer_id":313,"layer_name":"Trường THCS","catalog_endpoints":["/map/publicLayers2?inputs=sogddt"],"requested_bbox":[104.0,8.0,108.0,12.0],"tile_size":0.0,"tile_count":1,"tile_errors":[],"feature_count":331,"coordinate_order":"x,y (thường là longitude,latitude theo cấu hình EPSG:4326 của WebGIS)"},"features":[{"type":"Feature","geometry":{"type":"Point","coordinates":[106.362875196,10.255285924]},"properties":{"Trường THCS":"Trường Tiểu học - Trung học cơ sở - Trung học phổ thông IGC Bến Tre","Đơn vị quản lý":"Trường trực thuộc Sở","Hiệu trưởng":"Bùi Đức Hồng","Số điện thoại Hiệu trưởng":null,"Loại hình":"Tư thục","Loại trường":"Trường phổ thông","Đạt CQG (MĐ)":null,"Địa chỉ  trường":"Đường Số 5, khu Ao Sen Chợ Chùa, Phường Bến Tre.","Thư điện tử":null,"Địa chỉ web trường":null,"Số điện thoại trường":null,"layer_id":313,"fid":338,"label":"Trường Tiểu học - Trung học cơ sở - Trung học phổ thông IGC Bến Tre"}},{"type":"Feature","geometry":{"type":"Point","coordinates":[106.364778636,10.246428583]},"properties":{"Trường THCS":"Trường PT Hermann Gmeiner Bến Tre","Đơn vị quản lý":"Trường trực thuộc Sở","Hiệu trưởng":null,"Số điện thoại Hiệu trưởng":null,"Loại hình":"Tư thục","Loại trường":"Trường phổ thông","Đạt CQG (MĐ)":null,"Địa chỉ  trường":"334A Trương Định, Phường  Bến Tre, ","Thư điện tử":null,"Địa chỉ web trường":null,"Số điện thoại trường":null,"layer_id":313,"fid":339,"label":"Trường PT Hermann Gmeiner Bến Tre"}},{"type":"Feature","geometry":{"type":"Point","coordinates":[106.35871898,10.271871257]},"properties":{"Trường THCS":"Trường Giáo dục chuyên biệt Bến Tre","Đơn vị quản lý":"Trường trực thuộc Sở","Hiệu trưởng":null,"Số điện thoại Hiệu trưởng":null,"Loại hình":"Công lập","Loại trường":"Khuyết tật","Đạt CQG (MĐ)":null,"Địa chỉ  trường":" QL60, Phường Phú Tân","Thư điện tử":null,"Địa chỉ web trường":null,"Số điện thoại trường":null,"layer_id":313,"fid":340,"label":"Trường Giáo dục chuyên biệt Bến Tre"}},{"type":"Feature","geometry":{"type":"Point","coordinates":[106.332326796,9.947005571]},"properties":{"Trường THCS":"TRƯỜNG TH, THCS, THPT VIỆT ANH 5","Đơn vị quản lý":"Trường trực thuộc Sở","Hiệu trưởng":null,"Số điện thoại Hiệu trưởng":null,"Loại hình":"Tư thục","Loại trường":"Trường phổ thông","Đạt CQG (MĐ)":null,"Địa chỉ  trường":"n 12 Đ. Trương Văn Kĩnh, Phường Trà Vinh","Thư điện tử":null,"Địa chỉ web trường":null,"Số điện thoại trường":null,"layer_id":313,"fid":341,"label":"TRƯỜNG TH, THCS, THPT VIỆT ANH 5"}},{"type":"Feature","geometry":{"type":"Point","coordinates":[106.340048509,9.945386437]},"properties":{"Trường THCS":"THỰC HÀNH SƯ PHẠM","Đơn vị quản lý":"Trường trực thuộc Sở","Hiệu trưởng":"Phạm Hải Đăng","Số điện thoại Hiệu trưởng":null,"Loại hình":"Công lập","Loại trường":"Trường phổ thông","Đạt CQG (MĐ)":null,"Địa chỉ  trường":"258 Phạm Ngũ Lão, Phường Trà Vinh, ","Thư điện tử":null,"Địa chỉ web trường":null,"Số điện thoại trường":null,"layer_id":313,"fid":342,"label":"THỰC HÀNH SƯ PHẠM"}},{"type":"Feature","geometry":{"type":"Point","coordinates":[106.441161979,9.929977153]},"properties":{"Trường THCS":"Trường Trung học cơ sở - Trung học phổ thông Hòa Minh","Đơn vị quản lý":"Trường trực thuộc Sở","Hiệu trưởng":null,"Số điện thoại Hiệu trưởng":null,"Loại hình":"Công lập","Loại trường":"Trường phổ thông","Đạt CQG (MĐ)":"Đạt chuẩn mức 1","Địa chỉ  trường":"xã Hòa Minh","Thư điện tử":null,"Địa chỉ web trường":null,"Số điện thoại trường":null,"layer_id":313,"fid":343,"label":"Trường Trung học cơ sở - Trung học phổ thông Hòa Minh"}},{"type":"Feature","geometry":{"type":"Point","coordinates":[106.376678138,9.913767531]},"properties":{"Trường THCS":"THPT HÒA LỢI","Đơn vị quản lý":"Trường trực thuộc Sở","Hiệu trưởng":null,"Số điện thoại Hiệu trưởng":null,"Loại hình":"Công lập","Loại trường":"Trường phổ thông","Đạt CQG (MĐ)":"Đạt chuẩn mức 1","Địa chỉ  trường":"197 QL53, xã Hưng Mỹ","Thư điện tử":null,"Địa chỉ web trường":null,"Số điện thoại trường":null,"layer_id":313,"fid":344,"label":"THPT HÒA LỢI"}},{"type":"Feature","geometry":{"type":"Point","coordinates":[106.277436038,9.857192806]},"properties":{"Trường THCS":"TRƯỜNG THCS VÀ THPT LƯƠNG HÒA A","Đơn vị quản lý":"Trường trực thuộc Sở","Hiệu trưởng":null,"Số điện thoại Hiệu trưởng":null,"Loại hình":"Công lập","Loại trường":"Trường phổ thông","Đạt CQG (MĐ)":null,"Địa chỉ  trường":"xã Song Lộc","Thư điện tử":null,"Địa chỉ web trường":null,"Số điện thoại trường":null,"layer_id":313,"fid":345,"label":"TRƯỜNG THCS VÀ THPT LƯƠNG HÒA A"}},{"type":"Feature","geometry":{"type":"Point","coordinates":[106.529817382,9.600978376]},"properties":{"Trường THCS":"THCS VÀ THPT DÂN THÀNH","Đơn vị quản lý":"Trường trực thuộc Sở","Hiệu trưởng":null,"Số điện thoại Hiệu trưởng":null,"Loại hình":"Công lập","Loại trường":"Trường phổ thông","Đạt CQG (MĐ)":null,"Địa chỉ  trường":"Phường Duyên Hải","Thư điện tử":null,"Địa chỉ web trường":null,"Số điện thoại trường":null,"layer_id":313,"fid":346,"label":"THCS VÀ THPT DÂN THÀNH"}},{"type":"Feature","geometry":{"type":"Point","coordinates":[105.917563365,10.161300638]},"properties":{"Trường THCS":"THCS và THPT Phú Quới","Đơn vị quản lý":"Trường trực thuộc Sở","Hiệu trưởng":"Nguyễn Vĩnh Ca","Số điện thoại Hiệu trưởng":"0935188202","Loại hình":"Công lập","Loại trường":"Trường phổ thông","Đạt CQG (MĐ)":null,"Địa chỉ  trường":"xã Phú Quới","Thư điện tử":null,"Địa chỉ web trường":null,"Số điện thoại trường":null,"layer_id":313,"fid":350,"label":"THCS và THPT Phú Quới"}},{"type":"Feature","geometry":{"type":"Point","coordinates":[106.257290565,9.693979601]},"properties":{"Trường THCS":"Trường Phổ thông Dân tộc nội trú trung học cơ sở và trung học phổ thông Trà Cú","Đơn vị quản lý":"Trường trực thuộc Sở","Hiệu trưởng":"DIỆP CHANH THA","Số điện thoại Hiệu trưởng":"0903039964","Loại hình":"Công lập","Loại trường":"Phổ thông dân tộc nội trú","Đạt CQG (MĐ)":"Đạt chuẩn mức 1","Địa chỉ  trường":"xã Trà Cú","Thư điện tử":null,"Địa chỉ web trường":null,"Số điện thoại trường":null,"layer_id":313,"fid":347,"label":"Trường Phổ thông Dân tộc nội trú trung học cơ sở và trung học phổ thông Trà Cú"}},{"type":"Feature","geometry":{"type":"Point","coordinates":[106.181017623,9.800529974]},"properties":{"Trường THCS":"Trường Phổ thông dân tộc nội trú trung học cơ sở và trung học phổ thông Tiểu Cần","Đơn vị quản lý":"Trường trực thuộc Sở","Hiệu trưởng":null,"Số điện thoại Hiệu trưởng":null,"Loại hình":"Công lập","Loại trường":"Phổ thông dân tộc nội trú","Đạt CQG (MĐ)":"Đạt chuẩn mức 2","Địa chỉ  trường":"QL 60, xã Tiểu Cần","Thư điện tử":null,"Địa chỉ web trường":null,"Số điện thoại trường":null,"layer_id":313,"fid":348,"label":"Trường Phổ thông dân tộc nội trú trung học cơ sở và trung học phổ thông Tiểu Cần"}},{"type":"Feature","geometry":{"type":"Point","coordinates":[105.948106382,10.258960327]},"properties":{"Trường THCS":"THCS Và THPT Trưng Vương","Đơn vị quản lý":"Trường trực thuộc Sở","Hiệu trưởng":"Lê Thị Trang","Số điện thoại Hiệu trưởng":"0975937346","Loại hình":"Công lập","Loại trường":"Trường phổ thông","Đạt CQG (MĐ)":null,"Địa chỉ  trường":"164, Phạm Hùng, Phường Long Châu","Thư điện tử":null,"Địa chỉ web trường":null,"Số điện thoại trường":null,"layer_id":313,"fid":349,"label":"THCS Và THPT Trưng Vương"}},{"type":"Feature","geometry":{"type":"Point","coordinates":[105.910674088,10.081778894]},"properties":{"Trường THCS":"THCS và THPT Long Phú","Đơn vị quản lý":"Trường trực thuộc Sở","Hiệu trưởng":null,"Số điện thoại Hiệu trưởng":null,"Loại hình":"Công lập","Loại trường":"Trường phổ thông","Đạt CQG (MĐ)":null,"Địa chỉ  trường":"xã Song Phú","Thư điện tử":null,"Địa chỉ web trường":null,"Số điện thoại trường":null,"layer_id":313,"fid":351,"label":"THCS và THPT Long Phú"}},{"type":"Feature","geometry":{"type":"Point","coordinates":[106.048151452,10.03754543]},"properties":{"Trường THCS":"Trường THCS và THPT Hòa Bình","Đơn vị quản lý":"Trường trực thuộc Sở","Hiệu trưởng":"Nguyễn Thị Hoài Dung","Số điện thoại Hiệu trưởng":"0932882001","Loại hình":"Công lập","Loại trường":"Trường phổ thông","Đạt CQG (MĐ)":null,"Địa chỉ  trường":"xã Hòa Bình","Thư điện tử":null,"Địa chỉ web trường":null,"Số điện thoại trường":null,"layer_id":313,"fid":352,"label":"Trường THCS và THPT Hòa Bình"}},{"type":"Feature","geometry":{"type":"Point","coordinates":[106.111339886,10.033692608]},"properties":{"Trường THCS":"THCS và THPT Hiếu Nhơn","Đơn vị quản lý":"Trường trực thuộc Sở","Hiệu trưởng":null,"Số điện thoại Hiệu trưởng":null,"Loại hình":"Công lập","Loại trường":"Trường phổ thông","Đạt CQG (MĐ)":null,"Địa chỉ  trường":"ĐT906, xã HiếuThành","Thư điện tử":null,"Địa chỉ web trường":null,"Số điện thoại trường":null,"layer_id":313,"fid":353,"label":"THCS và THPT Hiếu Nhơn"}},{"type":"Feature","geometry":{"type":"Point","coordinates":[106.096556552,10.232989012]},"properties":{"Trường THCS":"THCS và THPT Mỹ Phước","Đơn vị quản lý":"Trường trực thuộc Sở","Hiệu trưởng":null,"Số điện thoại Hiệu trưởng":null,"Loại hình":"Công lập","Loại trường":"Trường phổ thông","Đạt CQG (MĐ)":null,"Địa chỉ  trường":"ĐT 902, xã Cái Nhum","Thư điện tử":null,"Địa chỉ web trường":null,"Số điện thoại trường":null,"layer_id":313,"fid":354,"label":"THCS và THPT Mỹ Phước"}},{"type":"Feature","geometry":{"type":"Point","coordinates":[105.830907894,10.106456489]},"properties":{"Trường THCS":"THCS và THPT Mỹ Thuận","Đơn vị quản lý":"Trường trực thuộc Sở","Hiệu trưởng":null,"Số điện thoại Hiệu trưởng":null,"Loại hình":"Công lập","Loại trường":"Trường phổ thông","Đạt CQG (MĐ)":"Đạt chuẩn mức 1","Địa chỉ  trường":"Xã Mỹ Thuận","Thư điện tử":null,"Địa chỉ web trường":null,"Số điện thoại trường":null,"layer_id":313,"fid":355,"label":"THCS và THPT Mỹ Thuận"}},{"type":"Feature","geometry":{"type":"Point","coordinates":[105.857624425,10.012085568]},"properties":{"Trường THCS":"THCS và THPT Đông Thành","Đơn vị quản lý":"Trường trực thuộc Sở","Hiệu trưởng":"TRẦN HOÀNG PHONG","Số điện thoại Hiệu trưởng":"0907471960","Loại hình":"Công lập","Loại trường":"Trường phổ thông","Đạt CQG (MĐ)":null,"Địa chỉ  trường":"Ấp Đông Thành, Phường Bình Minh","Thư điện tử":null,"Địa chỉ web trường":null,"Số điện thoại trường":null,"layer_id":313,"fid":356,"label":"THCS và THPT Đông Thành"}},{"type":"Feature","geometry":{"type":"Point","coordinates":[106.082590252,10.10192404]},"properties":{"Trường THCS":"THCS và THPT Phan Văn Đáng","Đơn vị quản lý":"Trường trực thuộc Sở","Hiệu trưởng":"Lê Thị Cẩm Loan","Số điện thoại Hiệu trưởng":"0974323400","Loại hình":"Công lập","Loại trường":"Trường phổ thông","Đạt CQG (MĐ)":null,"Địa chỉ  trường":"QL53, Tân An Luông, xã Trung Thành","Thư điện tử":null,"Địa chỉ web trường":null,"Số điện thoại trường":null,"layer_id":313,"fid":357,"label":"THCS và THPT Phan Văn Đáng"}},{"type":"Feature","geometry":{"type":"Point","coordinates":[106.403419,10.251614]},"properties":{"Trường THCS":"Trường THCS Phú Hưng (83829502)","Đơn vị quản lý":" Phường Phú Khương","Hiệu trưởng":"Nguyễn Quốc Hùng","Số điện thoại Hiệu trưởng":"0918676713","Loại hình":"Công lập","Loại trường":"Trường phổ thông","Đạt CQG (MĐ)":"Đạt chuẩn mức 1","Địa chỉ  trường":"Khu phố Phú Hữu, Phường Phú Khương","Thư điện tử":"thcsphuhungtp@bentre.edu.vn","Địa chỉ web trường":"https://thcsphuhung.bentre.edu.vn/","Số điện thoại trường":"02753824232","layer_id":313,"fid":358,"label":"Trường THCS Phú Hưng (83829502)"}},{"type":"Feature","geometry":{"type":"Point","coordinates":[106.394337,10.212403]},"properties":{"Trường THCS":"Trường Tiểu học - Trung học cơ sở Nhơn Thạnh","Đơn vị quản lý":" Phường Phú Khương","Hiệu trưởng":"Lê Thị Diệu","Số điện thoại Hiệu trưởng":"0948778971","Loại hình":"Công lập","Loại trường":"Trường phổ thông","Đạt CQG (MĐ)":null,"Địa chỉ  trường":"Khu phố Nhơn An, Phường Phú Khương","Thư điện tử":"nhonthanhtp@bentre.edu.vn","Địa chỉ web trường":"https://th-thcsnhonthanh.bentre.edu.vn","Số điện thoại trường":"02753838707","layer_id":313,"fid":359,"label":"Trường Tiểu học - Trung học cơ sở Nhơn Thạnh"}},{"type":"Feature","geometry":{"type":"Point","coordinates":[106.379414605,10.238107182]},"properties":{"Trường THCS":"Trường Trung học cơ sở Bến Tre","Đơn vị quản lý":" Phường An Hội","Hiệu trưởng":"Phạm Thị Thúy Hằng","Số điện thoại Hiệu trưởng":"0917458071","Loại hình":"Công lập","Loại trường":"Trường phổ thông","Đạt CQG (MĐ)":null,"Địa chỉ  trường":"Phường An Hội","Thư điện tử":"thcsthanhphotp@bentre.edu.vn","Địa chỉ web trường":"http://thcstpbentre.bentre.edu.vn","Số điện thoại trường":"02753829484","layer_id":313,"fid":360,"label":"Trường Trung học cơ sở Bến Tre"}},{"type":"Feature","geometry":{"type":"Point","coordinates":[106.370192,10.21016]},"properties":{"Trường THCS":"Trường THCS Hoàng Lam (83829507)","Đơn vị quản lý":" Phường An Hội","Hiệu trưởng":"Lê Trần Trung Quốc","Số điện thoại Hiệu trưởng":"0914423543","Loại hình":"Công lập","Loại trường":"Trường phổ thông","Đạt CQG (MĐ)":"Đạt chuẩn mức 1","Địa chỉ  trường":"Khu phố Phú Nhuận 2, Phường An Hội","Thư điện tử":"thcshoanglamtp@bentre.edu.vn","Địa chỉ web trường":"https://thcshoanglamtpo.bentre.edu.vn/","Số điện thoại trường":"02753.812395 \n02753. 814281","layer_id":313,"fid":361,"label":"Trường THCS Hoàng Lam (83829507)"}},{"type":"Feature","geometry":{"type":"Point","coordinates":[106.379351,10.184992]},"properties":{"Trường THCS":"Trường Trung học cơ sở Sơn Phú","Đơn vị quản lý":" Phường An Hội","Hiệu trưởng":"Nguyễn Văn Tý","Số điện thoại Hiệu trưởng":"0837176522","Loại hình":"Công lập","Loại trường":"Trường phổ thông","Đạt CQG (MĐ)":"Đạt chuẩn mức 1","Địa chỉ  trường":"Phường An Hội","Thư điện tử":"bentre_thcscsonphu_gt@bentre.edu.vn","Địa chỉ web trường":"https://thcssonphu.bentre.edu.vn","Số điện thoại trường":"02753863083","layer_id":313,"fid":362,"label":"Trường Trung học cơ sở Sơn Phú"}},{"type":"Feature","geometry":{"type":"Point","coordinates":[106.362447292,9.770278382]},"properties":{"Trường THCS":"THCS TRƯỜNG THỌ","Đơn vị quản lý":" Xã Nhị Trường","Hiệu trưởng":"Nguyễn Ngọc Thiện","Số điện thoại Hiệu trưởng":null,"Loại hình":"Công lập","Loại trường":"Trường phổ thông","Đạt CQG (MĐ)":null,"Địa chỉ  trường":"Xã Nhị Trường","Thư điện tử":null,"Địa chỉ web trường":null,"Số điện thoại trường":null,"layer_id":313,"fid":557,"label":"THCS TRƯỜNG THỌ"}},{"type":"Feature","geometry":{"type":"Point","coordinates":[106.341578259,10.26667376]},"properties":{"Trường THCS":"Trường Trung Học Cơ Sở Sơn Đông (83829504)","Đơn vị quản lý":" Phường Sơn Đông","Hiệu trưởng":"Ngô Ngọc Đãi","Số điện thoại Hiệu trưởng":"0941635539","Loại hình":"Công lập","Loại trường":"Trường phổ thông","Đạt CQG (MĐ)":"Đạt chuẩn mức 1","Địa chỉ  trường":"Phường Sơn Đông","Thư điện tử":"thcssondongtp@bentre.edu.vn","Địa chỉ web trường":"https://thcssondong.bentre.edu.vn","Số điện thoại trường":"0273829020","layer_id":313,"fid":363,"label":"Trường Trung Học Cơ Sở Sơn Đông (83829504)"}},{"type":"Feature","geometry":{"type":"Point","coordinates":[106.355923,10.283778]},"properties":{"Trường THCS":"Trường Trung học cơ sở Tam Phước","Đơn vị quản lý":" Phường Sơn Đông","Hiệu trưởng":"Huỳnh Tấn Hoàng","Số điện thoại Hiệu trưởng":"0947781859","Loại hình":"Công lập","Loại trường":"Trường phổ thông","Đạt CQG (MĐ)":"Đạt chuẩn mức 1","Địa chỉ  trường":"232A, Trần Văn Ơn, Khu phố Thạnh Hựu, phường Sơn Đông, tỉnh Vĩnh Long","Thư điện tử":"thcstamphuoc@chauthanh.edu.vn","Địa chỉ web trường":"https://thcstamphuoc.bentre.edu.vn/","Số điện thoại trường":"02753860913","layer_id":313,"fid":364,"label":"Trường Trung học cơ sở Tam Phước"}},{"type":"Feature","geometry":{"type":"Point","coordinates":[106.36128522,10.234658978]},"properties":{"Trường THCS":"Trường Trung học cơ sở Mỹ Hóa","Đơn vị quản lý":" Phường Bến Tre ","Hiệu trưởng":"Nguyễn Ngọc Thanh Nguyên","Số điện thoại Hiệu trưởng":"0946691009","Loại hình":"Công lập","Loại trường":"Trường phổ thông","Đạt CQG (MĐ)":"Đạt chuẩn mức 1","Địa chỉ  trường":"Phường Bến Tre","Thư điện tử":"thcsmyhoatp@bentre.edu.vn","Địa chỉ web trường":"https://thcsmyhoatpo.bentre.edu.vn","Số điện thoại trường":"02753827334","layer_id":313,"fid":365,"label":"Trường Trung học cơ sở Mỹ Hóa"}},{"type":"Feature","geometry":{"type":"Point","coordinates":[106.306531636,10.24158509]},"properties":{"Trường THCS":"Trường Trung học cơ sở Trần Thị Lự","Đơn vị quản lý":" Phường Bến Tre ","Hiệu trưởng":"Trần Minh Trung","Số điện thoại Hiệu trưởng":"0987084135","Loại hình":"Công lập","Loại trường":"Trường phổ thông","Đạt CQG (MĐ)":"Đạt chuẩn mức 2","Địa chỉ  trường":"Phường Bến Tre","Thư điện tử":"thcsthanhtanmcb@gmail.com","Địa chỉ web trường":"https://mocaybac.edu.vn/thcsthanhtan","Số điện thoại trường":"02753671918","layer_id":313,"fid":366,"label":"Trường Trung học cơ sở Trần Thị Lự"}},{"type":"Feature","geometry":{"type":"Point","coordinates":[106.403899,10.292176]},"properties":{"Trường THCS":"Trường TH-THCS An Phước","Đơn vị quản lý":" Xã Giao Long ","Hiệu trưởng":"Phạm Văn Lý","Số điện thoại Hiệu trưởng":"0945448301","Loại hình":"Công lập","Loại trường":"Trường phổ thông","Đạt CQG (MĐ)":null,"Địa chỉ  trường":"xã Giao Long","Thư điện tử":"thcsanphuoc@chauthanh.edu.vn","Địa chỉ web trường":"https://thcsanphuoc.bentre.edu.vn/","Số điện thoại trường":"02753615835","layer_id":313,"fid":370,"label":"Trường TH-THCS An Phước"}},{"type":"Feature","geometry":{"type":"Point","coordinates":[106.405442,10.311282]},"properties":{"Trường THCS":"Trường THCS Quới Sơn","Đơn vị quản lý":" Xã Giao Long ","Hiệu trưởng":"Huỳnh Khắc Trung","Số điện thoại Hiệu trưởng":"0812131759","Loại hình":"Công lập","Loại trường":"Trường phổ thông","Đạt CQG (MĐ)":"Đạt chuẩn mức 1","Địa chỉ  trường":"Ấp Quới Thạnh Đông Xã Giao Long","Thư điện tử":"thcsquoison@chauthanh.edu.vn","Địa chỉ web trường":"https://thcsquoison.bentre.edu.vn","Số điện thoại trường":"02753860883","layer_id":313,"fid":367,"label":"Trường THCS Quới Sơn"}},{"type":"Feature","geometry":{"type":"Point","coordinates":[0.0,0.0]},"properties":{"Trường THCS":"Trường Trung học cơ sở Giao Long","Đơn vị quản lý":" Xã Giao Long ","Hiệu trưởng":"Nguyễn Văn Châu","Số điện thoại Hiệu trưởng":"0367922436","Loại hình":"Công lập","Loại trường":"Trường phổ thông","Đạt CQG (MĐ)":null,"Địa chỉ  trường":"Xã Giao Long","Thư điện tử":"thcsgiaolong@chauthanh.edu.vn","Địa chỉ web trường":"http://thcsgiaolong.bentre.edu.vn","Số điện thoại trường":"02753636187","layer_id":313,"fid":368,"label":"Trường Trung học cơ sở Giao Long"}},{"type":"Feature","geometry":{"type":"Point","coordinates":[106.432728902,10.281764086]},"properties":{"Trường THCS":"Trường Tiểu học - Trung học cơ sở An Hóa","Đơn vị quản lý":" Xã Giao Long ","Hiệu trưởng":"Đỗ Hữu Hiền","Số điện thoại Hiệu trưởng":"0376123941","Loại hình":"Công lập","Loại trường":"Trường phổ thông","Đạt CQG (MĐ)":null,"Địa chỉ  trường":"Xã Giao Long","Thư điện tử":null,"Địa chỉ web trường":null,"Số điện thoại trường":null,"layer_id":313,"fid":369,"label":"Trường Tiểu học - Trung học cơ sở An Hóa"}},{"type":"Feature","geometry":{"type":"Point","coordinates":[106.364592,10.326212]},"properties":{"Trường THCS":"Trường THCS Tân Thạch","Đơn vị quản lý":" Xã Phú Túc","Hiệu trưởng":"Nguyễn Tấn Sĩ","Số điện thoại Hiệu trưởng":"0947992099","Loại hình":"Công lập","Loại trường":"Trường phổ thông","Đạt CQG (MĐ)":"Đạt chuẩn mức 2","Địa chỉ  trường":"Ấp Tân Phú ","Thư điện tử":"thcstanthach@chauthanh.edu.vn","Địa chỉ web trường":"https://thcstanthach.bentre.edu.vn","Số điện thoại trường":"02753860225","layer_id":313,"fid":371,"label":"Trường THCS Tân Thạch"}},{"type":"Feature","geometry":{"type":"Point","coordinates":[106.17513469,9.806092972]},"properties":{"Trường THCS":"Trường THCS Phú Cần","Đơn vị quản lý":" Xã Tiểu Cần","Hiệu trưởng":"Võ Tuấn Kiệt","Số điện thoại Hiệu trưởng":"0981777001","Loại hình":"Công lập","Loại trường":"Trường phổ thông","Đạt CQG (MĐ)":null,"Địa chỉ  trường":"Xã Tiểu Cần","Thư điện tử":"thcs.phucantctv@gmail.com","Địa chỉ web trường":"Thcsphucan.web.vnedu.vn","Số điện thoại trường":"02943612609","layer_id":313,"fid":525,"label":"Trường THCS Phú Cần"}},{"type":"Feature","geometry":{"type":"Point","coordinates":[106.287791,10.276092]},"properties":{"Trường THCS":"Trường Tiểu học - Trung học cơ sở An Hiệp","Đơn vị quản lý":" Xã Phú Túc","Hiệu trưởng":"Nguyễn Thị Trúc","Số điện thoại Hiệu trưởng":"0355184858","Loại hình":"Công lập","Loại trường":"Trường phổ thông","Đạt CQG (MĐ)":"Đạt chuẩn mức 1","Địa chỉ  trường":"Xã Phú Túc","Thư điện tử":"thcsanhiep@chauthanh.edu.vn","Địa chỉ web trường":"https://thcsanhiep.bentre.edu.vn","Số điện thoại trường":"02753866101","layer_id":313,"fid":372,"label":"Trường Tiểu học - Trung học cơ sở An Hiệp"}},{"type":"Feature","geometry":{"type":"Point","coordinates":[106.253119736,10.306268639]},"properties":{"Trường THCS":"Trường Trung học cơ sở Phú Túc","Đơn vị quản lý":" Xã Phú Túc","Hiệu trưởng":"Lương Hoàng Vũ","Số điện thoại Hiệu trưởng":"0867802275","Loại hình":"Công lập","Loại trường":"Trường phổ thông","Đạt CQG (MĐ)":null,"Địa chỉ  trường":"ấp Phú Khương Xã Phú Túc","Thư điện tử":"thcsphutuc@chauthanh.edu.vn","Địa chỉ web trường":"https://thcsphutuc.bentre.edu.vn","Số điện thoại trường":"02753.618.073","layer_id":313,"fid":373,"label":"Trường Trung học cơ sở Phú Túc"}},{"type":"Feature","geometry":{"type":"Point","coordinates":[106.33529,10.31225]},"properties":{"Trường THCS":"Trường THCS Châu Thành","Đơn vị quản lý":" Xã Phú Túc","Hiệu trưởng":"Nguyễn Hữu Phúc","Số điện thoại Hiệu trưởng":"0946807903","Loại hình":"Công lập","Loại trường":"Trường phổ thông","Đạt CQG (MĐ)":null,"Địa chỉ  trường":"Xã Phú Túc ","Thư điện tử":"thcsankhanh@chauthanh.edu.vn","Địa chỉ web trường":"http://thcsankhanh.bentre.edu","Số điện thoại trường":"02753.894713","layer_id":313,"fid":374,"label":"Trường THCS Châu Thành"}},{"type":"Feature","geometry":{"type":"Point","coordinates":[106.300085575,10.294340756]},"properties":{"Trường THCS":"Trường TH-THCS Phan Triêm","Đơn vị quản lý":" Xã Phú Túc","Hiệu trưởng":"Võ Thị Mai Thảo","Số điện thoại Hiệu trưởng":"0942552925","Loại hình":"Công lập","Loại trường":"Trường phổ thông","Đạt CQG (MĐ)":null,"Địa chỉ  trường":"Xã Phú Túc ","Thư điện tử":"thcsphantriem@chauthanh.edu.vn","Địa chỉ web trường":"http://thcsphantriem.bentre.edu.vn","Số điện thoại trường":null,"layer_id":313,"fid":375,"label":"Trường TH-THCS Phan Triêm"}},{"type":"Feature","geometry":{"type":"Point","coordinates":[106.183453,10.287193]},"properties":{"Trường THCS":"Trường THCS Tân Phú","Đơn vị quản lý":" Xã Tân Phú","Hiệu trưởng":"Cao Thị Bé Hai","Số điện thoại Hiệu trưởng":"0859377155","Loại hình":"Công lập","Loại trường":"Trường phổ thông","Đạt CQG (MĐ)":null,"Địa chỉ  trường":"Ấp Tân Nam, xã Tân Phú","Thư điện tử":"thcstanphu@chauthanh.edu.vn","Địa chỉ web trường":"https://thcstanphu.bentre.edu.vn/","Số điện thoại trường":"02753867124","layer_id":313,"fid":376,"label":"Trường THCS Tân Phú"}},{"type":"Feature","geometry":{"type":"Point","coordinates":[106.218328004,10.264707489]},"properties":{"Trường THCS":"Trường Tiểu học - Trung học cơ sở Nguyễn Văn Khá","Đơn vị quản lý":" Xã Tân Phú","Hiệu trưởng":"Võ Thị Lan","Số điện thoại Hiệu trưởng":"0949739142","Loại hình":"Công lập","Loại trường":"Trường phổ thông","Đạt CQG (MĐ)":null,"Địa chỉ  trường":"xã Châu Thành","Thư điện tử":null,"Địa chỉ web trường":null,"Số điện thoại trường":null,"layer_id":313,"fid":377,"label":"Trường Tiểu học - Trung học cơ sở Nguyễn Văn Khá"}},{"type":"Feature","geometry":{"type":"Point","coordinates":[106.372497748,10.255313692]},"properties":{"Trường THCS":"Trường THCS Vĩnh Phúc (83829506)","Đơn vị quản lý":" Phường Phú Tân","Hiệu trưởng":"Nguyễn Thị Hạnh Dung","Số điện thoại Hiệu trưởng":"0986223032","Loại hình":"Công lập","Loại trường":"Trường phổ thông","Đạt CQG (MĐ)":"Đạt chuẩn mức 1","Địa chỉ  trường":"Phường Phú Tân","Thư điện tử":"thcsvinhphuctp@bentre.edu.vn","Địa chỉ web trường":"http://thcsvinhphuc.bentre.edu.vn","Số điện thoại trường":"02753829490","layer_id":313,"fid":378,"label":"Trường THCS Vĩnh Phúc (83829506)"}},{"type":"Feature","geometry":{"type":"Point","coordinates":[106.2445,10.269302]},"properties":{"Trường THCS":"Trường Trung học cơ sở Tiên Thủy","Đơn vị quản lý":" Xã Tiên Thủy","Hiệu trưởng":"Nguyễn Nhựt An","Số điện thoại Hiệu trưởng":"0919389785","Loại hình":"Công lập","Loại trường":"Trường phổ thông","Đạt CQG (MĐ)":"Đạt chuẩn mức 1","Địa chỉ  trường":"Ấp Chánh, Xã Tiên Thủy","Thư điện tử":"thcstienthuy@chauthanh.edu.vn","Địa chỉ web trường":"https://thcstienthuy.bentre.edu.vn","Số điện thoại trường":"02753868482","layer_id":313,"fid":379,"label":"Trường Trung học cơ sở Tiên Thủy"}},{"type":"Feature","geometry":{"type":"Point","coordinates":[106.129950168,10.268683017]},"properties":{"Trường THCS":"Trường THCS Chợ Lách","Đơn vị quản lý":" Xã Chợ Lách ","Hiệu trưởng":"Võ Hữu Ái","Số điện thoại Hiệu trưởng":"0984842726","Loại hình":"Công lập","Loại trường":"Trường phổ thông","Đạt CQG (MĐ)":null,"Địa chỉ  trường":"xã Chợ Lách","Thư điện tử":null,"Địa chỉ web trường":null,"Số điện thoại trường":null,"layer_id":313,"fid":380,"label":"Trường THCS Chợ Lách"}},{"type":"Feature","geometry":{"type":"Point","coordinates":[106.150520605,10.24944107]},"properties":{"Trường THCS":"Trường Trung học cơ sở Hòa Nghĩa","Đơn vị quản lý":" Xã Chợ Lách ","Hiệu trưởng":"Nguyễn Quốc Tường","Số điện thoại Hiệu trưởng":"0949672268","Loại hình":"Công lập","Loại trường":"Trường phổ thông","Đạt CQG (MĐ)":"Đạt chuẩn mức 1","Địa chỉ  trường":"Xã Chợ Lách","Thư điện tử":"bentre_thcshoanghia_cl@bentre.edu.vn","Địa chỉ web trường":"https://thcshoanghia.bentre.edu.vn/","Số điện thoại trường":"02753871681","layer_id":313,"fid":381,"label":"Trường Trung học cơ sở Hòa Nghĩa"}},{"type":"Feature","geometry":{"type":"Point","coordinates":[106.168937,10.24131]},"properties":{"Trường THCS":"Trường THCS Long Thới","Đơn vị quản lý":" Xã Chợ Lách ","Hiệu trưởng":"Lê Văn Mừng","Số điện thoại Hiệu trưởng":"0949644953","Loại hình":"Công lập","Loại trường":"Trường phổ thông","Đạt CQG (MĐ)":"Đạt chuẩn mức 1","Địa chỉ  trường":"Ấp Long Vinh - Xã Chợ Lách","Thư điện tử":"bentre_thcslongthoi_cl@bentre.edu.vn","Địa chỉ web trường":"https://thcslongthoi.bentre.edu.vn/","Số điện thoại trường":"02753873263","layer_id":313,"fid":382,"label":"Trường THCS Long Thới"}},{"type":"Feature","geometry":{"type":"Point","coordinates":[106.054407014,10.275178212]},"properties":{"Trường THCS":"Trường Trung học cơ sở Phú Phụng","Đơn vị quản lý":" Xã Phú Phụng","Hiệu trưởng":"Nguyễn Văn Luyến","Số điện thoại Hiệu trưởng":"0987060782","Loại hình":"Công lập","Loại trường":"Trường phổ thông","Đạt CQG (MĐ)":"Đạt chuẩn mức 1","Địa chỉ  trường":"Xã Phú Phụng","Thư điện tử":null,"Địa chỉ web trường":null,"Số điện thoại trường":null,"layer_id":313,"fid":383,"label":"Trường Trung học cơ sở Phú Phụng"}},{"type":"Feature","geometry":{"type":"Point","coordinates":[106.080184951,10.27138243]},"properties":{"Trường THCS":"Trường Trung học cơ sở Vĩnh Bình","Đơn vị quản lý":" Xã Phú Phụng","Hiệu trưởng":"Phan Thanh Tính","Số điện thoại Hiệu trưởng":null,"Loại hình":"Công lập","Loại trường":"Trường phổ thông","Đạt CQG (MĐ)":"Đạt chuẩn mức 1","Địa chỉ  trường":"Xã Phú Phụng","Thư điện tử":null,"Địa chỉ web trường":null,"Số điện thoại trường":null,"layer_id":313,"fid":384,"label":"Trường Trung học cơ sở Vĩnh Bình"}},{"type":"Feature","geometry":{"type":"Point","coordinates":[106.110474543,10.263554847]},"properties":{"Trường THCS":"Trường Trung học cơ sở Sơn Định","Đơn vị quản lý":" Xã Phú Phụng","Hiệu trưởng":"Trần Ngọc Trai","Số điện thoại Hiệu trưởng":"0919579332","Loại hình":"Công lập","Loại trường":"Trường phổ thông","Đạt CQG (MĐ)":"Đạt chuẩn mức 1","Địa chỉ  trường":"Xã Phú Phụng","Thư điện tử":null,"Địa chỉ web trường":null,"Số điện thoại trường":null,"layer_id":313,"fid":385,"label":"Trường Trung học cơ sở Sơn Định"}},{"type":"Feature","geometry":{"type":"Point","coordinates":[106.181521636,10.196137681]},"properties":{"Trường THCS":"Trường Trung học cơ sở Lê Hồng","Đơn vị quản lý":" Xã Vĩnh Thành ","Hiệu trưởng":"Phạm Gia Ảnh","Số điện thoại Hiệu trưởng":"0919578779","Loại hình":"Công lập","Loại trường":"Trường phổ thông","Đạt CQG (MĐ)":"Đạt chuẩn mức 1","Địa chỉ  trường":"xã Vĩnh Thành","Thư điện tử":null,"Địa chỉ web trường":null,"Số điện thoại trường":null,"layer_id":313,"fid":386,"label":"Trường Trung học cơ sở Lê Hồng"}},{"type":"Feature","geometry":{"type":"Point","coordinates":[106.220237936,10.197658236]},"properties":{"Trường THCS":"Trường THCS Vĩnh Thành","Đơn vị quản lý":" Xã Vĩnh Thành ","Hiệu trưởng":"Ngô Văn Cửu","Số điện thoại Hiệu trưởng":"0917107071","Loại hình":"Công lập","Loại trường":"Trường phổ thông","Đạt CQG (MĐ)":"Đạt chuẩn mức 2","Địa chỉ  trường":"Xã Vĩnh Thành","Thư điện tử":null,"Địa chỉ web trường":null,"Số điện thoại trường":null,"layer_id":313,"fid":387,"label":"Trường THCS Vĩnh Thành"}},{"type":"Feature","geometry":{"type":"Point","coordinates":[106.26416034,10.208077554]},"properties":{"Trường THCS":"Trường Trung học cơ sở Vĩnh Hòa","Đơn vị quản lý":" Xã Hưng Khánh Trung ","Hiệu trưởng":"Nguyễn Văn Khởi","Số điện thoại Hiệu trưởng":"0395654246","Loại hình":"Công lập","Loại trường":"Trường phổ thông","Đạt CQG (MĐ)":null,"Địa chỉ  trường":"Xã Hưng Khánh Trung","Thư điện tử":"bentre_thcsvinhhoa_cl@bentre.edu.vn","Địa chỉ web trường":"https://thcsvinhhoa.bentre.edu.vn/","Số điện thoại trường":null,"layer_id":313,"fid":388,"label":"Trường Trung học cơ sở Vĩnh Hòa"}},{"type":"Feature","geometry":{"type":"Point","coordinates":[106.227,10.162]},"properties":{"Trường THCS":"Trường Trung học cơ sở Ngô Văn Cấn","Đơn vị quản lý":" Xã Hưng Khánh Trung ","Hiệu trưởng":"Nguyễn Duy Linh","Số điện thoại Hiệu trưởng":"0949794849","Loại hình":"Công lập","Loại trường":"Trường phổ thông","Đạt CQG (MĐ)":null,"Địa chỉ  trường":"Ấp Thanh Trung, Xã Hưng Khánh Trung","Thư điện tử":"- thcsngovancan.hungkhanhtrung@vinhlong.gov.vn\n- bentre_thcshungkhanhtrung_cl@bentre.edu.vn","Địa chỉ web trường":"https://thcsngovancan.bentre.edu.vn ","Số điện thoại trường":"02752.215.567","layer_id":313,"fid":389,"label":"Trường Trung học cơ sở Ngô Văn Cấn"}},{"type":"Feature","geometry":{"type":"Point","coordinates":[106.301017,10.098851]},"properties":{"Trường THCS":"Trường Trung học cơ sở Đặng Thị Hai","Đơn vị quản lý":" Xã Hưng Khánh Trung ","Hiệu trưởng":"Ca Thanh Nhàn","Số điện thoại Hiệu trưởng":"0853108608","Loại hình":"Công lập","Loại trường":"Trường phổ thông","Đạt CQG (MĐ)":null,"Địa chỉ  trường":"Ấp An Lộc Giồng, xã Mỏ Cày","Thư điện tử":"thcstathikieumocaynam@bentre.edu.vn","Địa chỉ web trường":"thcstathikieu.edu.vn","Số điện thoại trường":"02753848101","layer_id":313,"fid":390,"label":"Trường Trung học cơ sở Đặng Thị Hai"}},{"type":"Feature","geometry":{"type":"Point","coordinates":[106.314455271,10.124787401]},"properties":{"Trường THCS":"Trường Trung học cơ sở Tân Hội","Đơn vị quản lý":" Xã Mỏ Cày ","Hiệu trưởng":"Huỳnh Công Phi","Số điện thoại Hiệu trưởng":"0983334075","Loại hình":"Công lập","Loại trường":"Trường phổ thông","Đạt CQG (MĐ)":null,"Địa chỉ  trường":"Xã Mỏ Cày","Thư điện tử":"thcstanhoi@bentre.edu.vn","Địa chỉ web trường":"thcstanhoi.bentre.edu.vn","Số điện thoại trường":"02753660077","layer_id":313,"fid":391,"label":"Trường Trung học cơ sở Tân Hội"}},{"type":"Feature","geometry":{"type":"Point","coordinates":[106.332127,10.126654]},"properties":{"Trường THCS":"Trường Trung học cơ sở Mỏ Cày","Đơn vị quản lý":" Xã Mỏ Cày ","Hiệu trưởng":"Quảng Trọng Út","Số điện thoại Hiệu trưởng":"0943809124","Loại hình":"Công lập","Loại trường":"Trường phổ thông","Đạt CQG (MĐ)":"Đạt chuẩn mức 1","Địa chỉ  trường":"Xã Mỏ Cày","Thư điện tử":"thcsthitran1mocaynam@bentre.edu.vn ","Địa chỉ web trường":"https://thcsthitranmocay.bentre.edu.vn/","Số điện thoại trường":"02753842104","layer_id":313,"fid":392,"label":"Trường Trung học cơ sở Mỏ Cày"}},{"type":"Feature","geometry":{"type":"Point","coordinates":[106.657308255,10.075407087]},"properties":{"Trường THCS":"Trường Trung học cơ sở Bảo Thạnh","Đơn vị quản lý":" Xã Bảo Thạnh","Hiệu trưởng":"Nguyễn Thái Yên","Số điện thoại Hiệu trưởng":"0913786507","Loại hình":"Công lập","Loại trường":"Trường phổ thông","Đạt CQG (MĐ)":null,"Địa chỉ  trường":"Xã Bảo Thạnh ","Thư điện tử":null,"Địa chỉ web trường":null,"Số điện thoại trường":null,"layer_id":313,"fid":459,"label":"Trường Trung học cơ sở Bảo Thạnh"}},{"type":"Feature","geometry":{"type":"Point","coordinates":[106.301017,10.098851]},"properties":{"Trường THCS":"Trường THCS Tạ Thị Kiều","Đơn vị quản lý":" Xã Mỏ Cày ","Hiệu trưởng":"Nguyễn Thị Hồng Phượng","Số điện thoại Hiệu trưởng":"0386020757","Loại hình":"Công lập","Loại trường":"Trường phổ thông","Đạt CQG (MĐ)":"Đạt chuẩn mức 1","Địa chỉ  trường":"Ấp An Lộc Giồng, xã Mỏ Cày","Thư điện tử":"thcstathikieumocaynam@bentre.edu.vn","Địa chỉ web trường":"thcstathikieu.edu.vn","Số điện thoại trường":"02753848101","layer_id":313,"fid":393,"label":"Trường THCS Tạ Thị Kiều"}},{"type":"Feature","geometry":{"type":"Point","coordinates":[106.343486,10.111305]},"properties":{"Trường THCS":"Trường Tiểu học - Trung học cơ sở Đa Phước Hội","Đơn vị quản lý":" Xã Mỏ Cày ","Hiệu trưởng":"Trần Văn Truyền","Số điện thoại Hiệu trưởng":"0942589437","Loại hình":"Công lập","Loại trường":"Trường phổ thông","Đạt CQG (MĐ)":null,"Địa chỉ  trường":"Ấp An Nhơn 2, xã Mỏ Cày","Thư điện tử":"thcsthitran2mocaynam@bentre.edu.vn","Địa chỉ web trường":"thcsdaphuochoi.bentre.edu.vn","Số điện thoại trường":"       02753843294","layer_id":313,"fid":394,"label":"Trường Tiểu học - Trung học cơ sở Đa Phước Hội"}},{"type":"Feature","geometry":{"type":"Point","coordinates":[106.269724,10.246236]},"properties":{"Trường THCS":"Trường Trung học cơ sở Trần Thị Nho","Đơn vị quản lý":" Xã Phước Mỹ Trung","Hiệu trưởng":"Hồ Văn Chuyện","Số điện thoại Hiệu trưởng":"0947381910","Loại hình":"Công lập","Loại trường":"Trường phổ thông","Đạt CQG (MĐ)":null,"Địa chỉ  trường":"ấp Chợ Mới, xã Phước Mỹ Trung","Thư điện tử":"thcsthanhngai@gmai.com","Địa chỉ web trường":"https://mocaybac.edu.vn//thcsthanhngai","Số điện thoại trường":"02753668049","layer_id":313,"fid":395,"label":"Trường Trung học cơ sở Trần Thị Nho"}},{"type":"Feature","geometry":{"type":"Point","coordinates":[106.294878123,10.205960131]},"properties":{"Trường THCS":"THCS LÊ THỊ TIẾN","Đơn vị quản lý":" Xã Phước Mỹ Trung","Hiệu trưởng":"Nguyễn Văn Trường","Số điện thoại Hiệu trưởng":"0944560979","Loại hình":"Công lập","Loại trường":"Trường phổ thông","Đạt CQG (MĐ)":null,"Địa chỉ  trường":"Ấp Tân Hòa Ngoài, xã Phước Mỹ Trung ","Thư điện tử":"thcstanphutaymcb@gmail.com","Địa chỉ web trường":"http://thcslethitien.vinhlong.edu.vn","Số điện thoại trường":"02753840302","layer_id":313,"fid":396,"label":"THCS LÊ THỊ TIẾN"}},{"type":"Feature","geometry":{"type":"Point","coordinates":[106.274050323,10.187523264]},"properties":{"Trường THCS":"Trường THCS Nguyễn Thị Hai","Đơn vị quản lý":" Xã Phước Mỹ Trung","Hiệu trưởng":"Đoàn Văn Vui","Số điện thoại Hiệu trưởng":"0939861338","Loại hình":"Công lập","Loại trường":"Trường phổ thông","Đạt CQG (MĐ)":"Đạt chuẩn mức 1","Địa chỉ  trường":"Ấp Phước Khánh, Xã Phước Mỹ Trung","Thư điện tử":"thcsnguyenthihai.phuocmytrung@vinhlong.gov.vn","Địa chỉ web trường":"https://thcsnguyenthihai.vinhlong.edu.vn","Số điện thoại trường":"02753845033","layer_id":313,"fid":397,"label":"Trường THCS Nguyễn Thị Hai"}},{"type":"Feature","geometry":{"type":"Point","coordinates":[106.256639,10.234528]},"properties":{"Trường THCS":"Trường Trung học cơ sở Nguyễn Thị Nhân","Đơn vị quản lý":" Xã Phước Mỹ Trung","Hiệu trưởng":"Nguyễn Công Lợi","Số điện thoại Hiệu trưởng":"0945218668","Loại hình":"Công lập","Loại trường":"Trường phổ thông","Đạt CQG (MĐ)":null,"Địa chỉ  trường":"Ấp Kinh Gãy, xã Phước Mỹ Trung ","Thư điện tử":"thcsnguyenthinhan.phuocmytrung@vinhlong.gov.vn\n(thcsphumymcb@gmail.com)","Địa chỉ web trường":"http://mocaybac.edu.vn/thcsphumy","Số điện thoại trường":"02753874632","layer_id":313,"fid":398,"label":"Trường Trung học cơ sở Nguyễn Thị Nhân"}},{"type":"Feature","geometry":{"type":"Point","coordinates":[106.335273023,10.204964458]},"properties":{"Trường THCS":"Trường Trung học cơ sở Nguyễn Văn Tư","Đơn vị quản lý":" Xã Tân Thành Bình","Hiệu trưởng":"Phan Thành Long","Số điện thoại Hiệu trưởng":"0985890425","Loại hình":"Công lập","Loại trường":"Trường phổ thông","Đạt CQG (MĐ)":"Đạt chuẩn mức 1","Địa chỉ  trường":"Ấp Tân Long 3, xã Tân Thành Bình","Thư điện tử":"truongthcsnguyenvantu@gmail.com","Địa chỉ web trường":"https://thcsnguyenvantu.vinhlong.edu.vn","Số điện thoại trường":"02753840101","layer_id":313,"fid":399,"label":"Trường Trung học cơ sở Nguyễn Văn Tư"}},{"type":"Feature","geometry":{"type":"Point","coordinates":[106.296765,10.153341]},"properties":{"Trường THCS":"Trường Trung học cơ sở Phạm Văn Bảy","Đơn vị quản lý":" Xã Tân Thành Bình","Hiệu trưởng":"Nguyễn Văn Thường","Số điện thoại Hiệu trưởng":"0972539356","Loại hình":"Công lập","Loại trường":"Trường phổ thông","Đạt CQG (MĐ)":"Đạt chuẩn mức 1","Địa chỉ  trường":"Ấp Tân An, xã Tân Thành Bình","Thư điện tử":"tanbinhthcs2@gmail.com","Địa chỉ web trường":"https://mocaybac.edu.vn/thcstanbinh","Số điện thoại trường":"02753844156","layer_id":313,"fid":400,"label":"Trường Trung học cơ sở Phạm Văn Bảy"}},{"type":"Feature","geometry":{"type":"Point","coordinates":[106.38756,10.10185]},"properties":{"Trường THCS":"Trường Trung học cơ sở Bình Khánh","Đơn vị quản lý":" Xã Đồng Khởi ","Hiệu trưởng":"Lê Văn Ngộ","Số điện thoại Hiệu trưởng":"0947684849","Loại hình":"Công lập","Loại trường":"Trường phổ thông","Đạt CQG (MĐ)":null,"Địa chỉ  trường":"Ấp Phước Lý, Xã Đồng Khởi","Thư điện tử":"thcsbinhkhanhdongmocaynam@bentre.edu.vn","Địa chỉ web trường":"https://thcsbinhkhanh.bentre.edu.vn/","Số điện thoại trường":"0947684849","layer_id":313,"fid":401,"label":"Trường Trung học cơ sở Bình Khánh"}},{"type":"Feature","geometry":{"type":"Point","coordinates":[106.357822,10.147458]},"properties":{"Trường THCS":"Trường Trung học cơ sở Đồng Khởi","Đơn vị quản lý":" Xã Đồng Khởi ","Hiệu trưởng":"Nguyễn Ngọc Quang","Số điện thoại Hiệu trưởng":"0943507019","Loại hình":"Công lập","Loại trường":"Trường phổ thông","Đạt CQG (MĐ)":null,"Địa chỉ  trường":" Ấp Định Nhơn, xã Đồng Khởi","Thư điện tử":"thcsdongkhoimocaynam@bentre.edu.vn","Địa chỉ web trường":"thcsdongkhoi.bentre.edu.vn","Số điện thoại trường":"02753843593","layer_id":313,"fid":402,"label":"Trường Trung học cơ sở Đồng Khởi"}},{"type":"Feature","geometry":{"type":"Point","coordinates":[106.371209,10.13187]},"properties":{"Trường THCS":"Trường Tiểu học - Trung học cơ sở Phước Hiệp","Đơn vị quản lý":" Xã Đồng Khởi ","Hiệu trưởng":"Đinh Thị Thanh Tuyền","Số điện thoại Hiệu trưởng":"0985965625","Loại hình":"Công lập","Loại trường":"Trường phổ thông","Đạt CQG (MĐ)":null,"Địa chỉ  trường":"Xã Đồng Khởi","Thư điện tử":"thcsphuochiepmocaynam@bentre.edu.vn","Địa chỉ web trường":"thcsphuochiep.bentre.edu.vn","Số điện thoại trường":"02753842500","layer_id":313,"fid":403,"label":"Trường Tiểu học - Trung học cơ sở Phước Hiệp"}},{"type":"Feature","geometry":{"type":"Point","coordinates":[106.27724205,10.154889541]},"properties":{"Trường THCS":"Trường Tiểu học và Trung học cơ sở Võ Thị Giàu","Đơn vị quản lý":" Xã Nhuận Phú Tân ","Hiệu trưởng":"Ngô Văn Thu","Số điện thoại Hiệu trưởng":"0942373978","Loại hình":"Công lập","Loại trường":"Trường phổ thông","Đạt CQG (MĐ)":null,"Địa chỉ  trường":"Xã Nhuận Phú Tân","Thư điện tử":"thcstanthanhtaymcb@gmail.com","Địa chỉ web trường":"Không có","Số điện thoại trường":"02753669127","layer_id":313,"fid":404,"label":"Trường Tiểu học và Trung học cơ sở Võ Thị Giàu"}},{"type":"Feature","geometry":{"type":"Point","coordinates":[106.253753,10.125862]},"properties":{"Trường THCS":"Trường THCS Nguyễn Văn Bánh","Đơn vị quản lý":" Xã Nhuận Phú Tân ","Hiệu trưởng":"Huỳnh Trung Đông","Số điện thoại Hiệu trưởng":"0352435393","Loại hình":"Công lập","Loại trường":"Trường phổ thông","Đạt CQG (MĐ)":"Đạt chuẩn mức 1","Địa chỉ  trường":"Ấp Giồng Chùa, Xã Nhuận Phú Tân","Thư điện tử":"thcsnhuanphutannpt@gmail.com","Địa chỉ web trường":"http://mocaybac.edu.vn/thcsnhuanphutan","Số điện thoại trường":"02753846101","layer_id":313,"fid":405,"label":"Trường THCS Nguyễn Văn Bánh"}},{"type":"Feature","geometry":{"type":"Point","coordinates":[106.277618,10.115457]},"properties":{"Trường THCS":"Trường THCS Nguyễn Văn Xiếu","Đơn vị quản lý":" Xã Nhuận Phú Tân ","Hiệu trưởng":"Phan Hoàng Sang","Số điện thoại Hiệu trưởng":"0983179012","Loại hình":"Công lập","Loại trường":"Trường phổ thông","Đạt CQG (MĐ)":null,"Địa chỉ  trường":"Ấp Tài Đại - Xã Nhuận Phú Tân","Thư điện tử":"thcskhanhthanhtanmcb@gmail.com","Địa chỉ web trường":"http://mocaybac.edu.vn/thcskhanhthanhtan","Số điện thoại trường":"02753848838","layer_id":313,"fid":406,"label":"Trường THCS Nguyễn Văn Xiếu"}},{"type":"Feature","geometry":{"type":"Point","coordinates":[106.409960438,10.048817618]},"properties":{"Trường THCS":"Trường Trung học cơ sở Minh Đức","Đơn vị quản lý":" Xã An Định ","Hiệu trưởng":"Nguyễn Văn Riêm","Số điện thoại Hiệu trưởng":"0386194672","Loại hình":"Công lập","Loại trường":"Trường phổ thông","Đạt CQG (MĐ)":null,"Địa chỉ  trường":"xã An Định","Thư điện tử":"thcsminhducmocaynam@bentre.edu.vn","Địa chỉ web trường":"thcsminhduc.bentre.edu.vn","Số điện thoại trường":"02753849150","layer_id":313,"fid":407,"label":"Trường Trung học cơ sở Minh Đức"}},{"type":"Feature","geometry":{"type":"Point","coordinates":[106.397364,10.057458]},"properties":{"Trường THCS":"Trường Trung học cơ sở Tân Trung","Đơn vị quản lý":" Xã An Định ","Hiệu trưởng":"Võ Văn Đồng","Số điện thoại Hiệu trưởng":"0859759979","Loại hình":"Công lập","Loại trường":"Trường phổ thông","Đạt CQG (MĐ)":"Đạt chuẩn mức 1","Địa chỉ  trường":"Xã An Định","Thư điện tử":"thcstantrungmocaynam@bentre.edu.vn","Địa chỉ web trường":"thcstantrung.bentre.edu.vn","Số điện thoại trường":"02753849695","layer_id":313,"fid":408,"label":"Trường Trung học cơ sở Tân Trung"}},{"type":"Feature","geometry":{"type":"Point","coordinates":[106.370466,10.073672]},"properties":{"Trường THCS":"Trường Trung học cơ sở An Định","Đơn vị quản lý":" Xã An Định ","Hiệu trưởng":"Cao Thái Tuấn","Số điện thoại Hiệu trưởng":"0916328128","Loại hình":"Công lập","Loại trường":"Trường phổ thông","Đạt CQG (MĐ)":"Đạt chuẩn mức 1","Địa chỉ  trường":"Xã An Định","Thư điện tử":"thcsandinhmocaynam@bentre.edu.vn","Địa chỉ web trường":"thcsandinh.bentre.edu.vn","Số điện thoại trường":"02753847144","layer_id":313,"fid":409,"label":"Trường Trung học cơ sở An Định"}},{"type":"Feature","geometry":{"type":"Point","coordinates":[106.349142748,10.062057439]},"properties":{"Trường THCS":"Trường THCS An Thới","Đơn vị quản lý":" Xã Thành Thới ","Hiệu trưởng":"Đoàn Anh Tuấn","Số điện thoại Hiệu trưởng":"0855359979","Loại hình":"Công lập","Loại trường":"Trường phổ thông","Đạt CQG (MĐ)":"Đạt chuẩn mức 1","Địa chỉ  trường":"Xã Thành Thới","Thư điện tử":"thcsanthoimocaynam@bentre.edu.vn","Địa chỉ web trường":"thcsanthoi.bentre.edu.vn","Số điện thoại trường":"02753.847.284","layer_id":313,"fid":410,"label":"Trường THCS An Thới"}},{"type":"Feature","geometry":{"type":"Point","coordinates":[106.323068,10.04982]},"properties":{"Trường THCS":"Trường THCS Thành Thới A","Đơn vị quản lý":" Xã Thành Thới ","Hiệu trưởng":"Đỗ Hữu Thật","Số điện thoại Hiệu trưởng":"0917457938","Loại hình":"Công lập","Loại trường":"Trường phổ thông","Đạt CQG (MĐ)":"Đạt chuẩn mức 1","Địa chỉ  trường":"Ấp An Trạch Đông, xã Thành Thới","Thư điện tử":"thcsthanhthoiamocaynam@bentre.edu.vn","Địa chỉ web trường":"thcsthanhthoia.bentre.edu.vn","Số điện thoại trường":"02753847067","layer_id":313,"fid":411,"label":"Trường THCS Thành Thới A"}},{"type":"Feature","geometry":{"type":"Point","coordinates":[106.2875285,10.0794607]},"properties":{"Trường THCS":"Trường Tiểu học - Trung học cơ sở Lê Thị Biếu","Đơn vị quản lý":" Xã Thành Thới ","Hiệu trưởng":"Ngô Văn Trà","Số điện thoại Hiệu trưởng":"0986764784","Loại hình":"Công lập","Loại trường":"Trường phổ thông","Đạt CQG (MĐ)":null,"Địa chỉ  trường":"Xã Thành Thới","Thư điện tử":"tieuhoc_thcsthanhthoib_mcn@bentre.edu.vn","Địa chỉ web trường":"https://th-thcsthanhthoib.bentre.edu.vn/","Số điện thoại trường":"02753678767","layer_id":313,"fid":412,"label":"Trường Tiểu học - Trung học cơ sở Lê Thị Biếu"}},{"type":"Feature","geometry":{"type":"Point","coordinates":[106.402690805,10.014939001]},"properties":{"Trường THCS":"Trường THCS Hồ Hảo Hớn","Đơn vị quản lý":" Xã Hương Mỹ ","Hiệu trưởng":"Ngô Thanh Tao","Số điện thoại Hiệu trưởng":"0395839797","Loại hình":"Công lập","Loại trường":"Trường phổ thông","Đạt CQG (MĐ)":"Đạt chuẩn mức 2","Địa chỉ  trường":"Xã Hương Mỹ","Thư điện tử":"thcshuongmymocaynam@bentre.edu.vn","Địa chỉ web trường":"thcshohaohon.bentre.edu.vn","Số điện thoại trường":"02753849139","layer_id":313,"fid":413,"label":"Trường THCS Hồ Hảo Hớn"}},{"type":"Feature","geometry":{"type":"Point","coordinates":[106.364338,10.028645]},"properties":{"Trường THCS":"Trường THCS Cẩm Sơn","Đơn vị quản lý":" Xã Hương Mỹ ","Hiệu trưởng":"Lê Xuân Bạch","Số điện thoại Hiệu trưởng":"0987519843","Loại hình":"Công lập","Loại trường":"Trường phổ thông","Đạt CQG (MĐ)":"Đạt chuẩn mức 1","Địa chỉ  trường":"Ấp Bình Đông, Xã Hương Mỹ","Thư điện tử":"thcscamsonmocaynam@bentre.edu.vn","Địa chỉ web trường":"thcscamson.bentre.edu.vn","Số điện thoại trường":"02753893050","layer_id":313,"fid":414,"label":"Trường THCS Cẩm Sơn"}},{"type":"Feature","geometry":{"type":"Point","coordinates":[106.504493057,10.158934763]},"properties":{"Trường THCS":"Trường Trung Học Cơ Sở Giồng Trôm","Đơn vị quản lý":" Xã Giồng Trôm ","Hiệu trưởng":"Võ Duy Thái","Số điện thoại Hiệu trưởng":"0916383922","Loại hình":"Công lập","Loại trường":"Trường phổ thông","Đạt CQG (MĐ)":"Đạt chuẩn mức 1","Địa chỉ  trường":"xã Giồng Trôm","Thư điện tử":"bentre_thcsthitran_gt@bentre.edu.vn","Địa chỉ web trường":"https://thcsthitrangiongtrom.bentre.edu.vn","Số điện thoại trường":"02753861004","layer_id":313,"fid":415,"label":"Trường Trung Học Cơ Sở Giồng Trôm"}},{"type":"Feature","geometry":{"type":"Point","coordinates":[106.518236,10.145608]},"properties":{"Trường THCS":"Trường Trung học cơ sở Bình Thành","Đơn vị quản lý":" Xã Giồng Trôm ","Hiệu trưởng":null,"Số điện thoại Hiệu trưởng":null,"Loại hình":"Công lập","Loại trường":"Trường phổ thông","Đạt CQG (MĐ)":"Đạt chuẩn mức 2","Địa chỉ  trường":"Ấp Bình Đông, Xã Giồng Trôm","Thư điện tử":"bentre_thcsbinhthanh_gt@bentre.edu.vn","Địa chỉ web trường":"https://thcsbinhthanh.bentre.edu.vn/","Số điện thoại trường":"02753861562","layer_id":313,"fid":416,"label":"Trường Trung học cơ sở Bình Thành"}},{"type":"Feature","geometry":{"type":"Point","coordinates":[106.450511,10.237561]},"properties":{"Trường THCS":"Trường THCS Phong Nẫm","Đơn vị quản lý":" Xã Lương Hòa ","Hiệu trưởng":"Lê Minh Tuấn","Số điện thoại Hiệu trưởng":"0916832927","Loại hình":"Công lập","Loại trường":"Trường phổ thông","Đạt CQG (MĐ)":"Đạt chuẩn mức 1","Địa chỉ  trường":"xã Lương Hòa","Thư điện tử":"bentre_thcsphongnam_gt@bentre.edu.vn","Địa chỉ web trường":"https://thcsphongnam.bentre.edu.vn/","Số điện thoại trường":"02753 862 071","layer_id":313,"fid":417,"label":"Trường THCS Phong Nẫm"}},{"type":"Feature","geometry":{"type":"Point","coordinates":[106.4641459,10.1718844]},"properties":{"Trường THCS":"Trường Trung học cơ sở Moncada","Đơn vị quản lý":" Xã Lương Hòa ","Hiệu trưởng":"Ngô Thị Thu Nguyệt","Số điện thoại Hiệu trưởng":"0813908390","Loại hình":"Công lập","Loại trường":"Trường phổ thông","Đạt CQG (MĐ)":null,"Địa chỉ  trường":"Xã Lương Hòa","Thư điện tử":"thcsmoncada.luonghoa@vinhlong.gov.vn","Địa chỉ web trường":"https://thcsmoncada.bentre.edu.vn/","Số điện thoại trường":"02753862010","layer_id":313,"fid":418,"label":"Trường Trung học cơ sở Moncada"}},{"type":"Feature","geometry":{"type":"Point","coordinates":[106.413796853,10.193393224]},"properties":{"Trường THCS":"Trường Trung học sơ sở Thuận Điền","Đơn vị quản lý":" Xã Lương Phú ","Hiệu trưởng":"Nguyễn Thị Thanh Thúy","Số điện thoại Hiệu trưởng":"0343016014","Loại hình":"Công lập","Loại trường":"Trường phổ thông","Đạt CQG (MĐ)":null,"Địa chỉ  trường":"xã Lương Phú ","Thư điện tử":"bentre_thcsthuandien_gt@bentre.edu.vn","Địa chỉ web trường":"thcsthuandien.bentre.edu.vn","Số điện thoại trường":"02753863240","layer_id":313,"fid":419,"label":"Trường Trung học sơ sở Thuận Điền"}},{"type":"Feature","geometry":{"type":"Point","coordinates":[106.430848,10.223755]},"properties":{"Trường THCS":"Trường trung học cơ sở Phạm Viết Chánh","Đơn vị quản lý":" Xã Lương Phú ","Hiệu trưởng":"Huỳnh Thị Hà","Số điện thoại Hiệu trưởng":"0945680050","Loại hình":"Công lập","Loại trường":"Trường phổ thông","Đạt CQG (MĐ)":"Đạt chuẩn mức 1","Địa chỉ  trường":"Xã Lương Phú ","Thư điện tử":"thcsmythanh@giongtrom.edu.vn","Địa chỉ web trường":"http://thcsphamvietchanh.bentre.edu.vn.","Số điện thoại trường":"02753862069","layer_id":313,"fid":420,"label":"Trường trung học cơ sở Phạm Viết Chánh"}},{"type":"Feature","geometry":{"type":"Point","coordinates":[106.433771875,10.184906925]},"properties":{"Trường THCS":"Trường Trung học cơ sở Lương Phú","Đơn vị quản lý":" Xã Lương Phú ","Hiệu trưởng":"Nguyễn Hữu Duy","Số điện thoại Hiệu trưởng":"0918975622","Loại hình":"Công lập","Loại trường":"Trường phổ thông","Đạt CQG (MĐ)":null,"Địa chỉ  trường":"Ấp Sẻo Xâu, xã Lương Phú","Thư điện tử":"bentre_thcsluongphu_gt@bentre.edu.vn","Địa chỉ web trường":"https://thcsluongphu.bentre.edu.vn/","Số điện thoại trường":"02753863169","layer_id":313,"fid":421,"label":"Trường Trung học cơ sở Lương Phú"}},{"type":"Feature","geometry":{"type":"Point","coordinates":[106.484627,10.216997]},"properties":{"Trường THCS":"Trường Trung học cơ sở Châu Hòa","Đơn vị quản lý":" Xã Châu Hòa ","Hiệu trưởng":"Cao Văn Khởi","Số điện thoại Hiệu trưởng":"0916931791","Loại hình":"Công lập","Loại trường":"Trường phổ thông","Đạt CQG (MĐ)":"Đạt chuẩn mức 1","Địa chỉ  trường":"Ấp Phú Thuận, Xã Châu Hòa","Thư điện tử":"bentre_thcschauhoa_gt@bentre.edu.vn","Địa chỉ web trường":"http://thcschauhoa.bentre.edu.vn","Số điện thoại trường":"02753882141","layer_id":313,"fid":422,"label":"Trường Trung học cơ sở Châu Hòa"}},{"type":"Feature","geometry":{"type":"Point","coordinates":[106.5344,10.192938]},"properties":{"Trường THCS":"Trường Trung học cơ sở Châu Bình","Đơn vị quản lý":" Xã Châu Hòa ","Hiệu trưởng":"Nguyễn Thị Lệ Hằng","Số điện thoại Hiệu trưởng":"0912524954","Loại hình":"Công lập","Loại trường":"Trường phổ thông","Đạt CQG (MĐ)":"Đạt chuẩn mức 1","Địa chỉ  trường":"Ấp Bình Phú,xã Châu Hòa","Thư điện tử":"bentre_thcschaubinh_gt@bentre.edu.vn","Địa chỉ web trường":"https://Thcschaubinh.bentre.edu.vn","Số điện thoại trường":"02753887031","layer_id":313,"fid":423,"label":"Trường Trung học cơ sở Châu Bình"}},{"type":"Feature","geometry":{"type":"Point","coordinates":[106.3434,10.111305]},"properties":{"Trường THCS":"Trường trung học cơ sở Lương Quới","Đơn vị quản lý":" Xã Châu Hòa ","Hiệu trưởng":"Nguyễn Văn Hiếu","Số điện thoại Hiệu trưởng":"0357290885","Loại hình":"Công lập","Loại trường":"Trường phổ thông","Đạt CQG (MĐ)":null,"Địa chỉ  trường":"Ấp Đồng Nhơn, xã Châu Hòa","Thư điện tử":"bentre_thcsluongquoi_gt@bentre.edu.vn","Địa chỉ web trường":"https://thcsluongquoi.bentre.edu.vn/","Số điện thoại trường":"02753882124","layer_id":313,"fid":424,"label":"Trường trung học cơ sở Lương Quới"}},{"type":"Feature","geometry":{"type":"Point","coordinates":[106.393381519,10.137898587]},"properties":{"Trường THCS":"Trường Trung học cơ sở Hưng Phong","Đơn vị quản lý":" Xã Phước Long ","Hiệu trưởng":"Phạm Thanh Long","Số điện thoại Hiệu trưởng":"0914497772","Loại hình":"Công lập","Loại trường":"Trường phổ thông","Đạt CQG (MĐ)":null,"Địa chỉ  trường":"Ấp Hưng Phú, xã Phước Long","Thư điện tử":"bentre_thcshungphong_gt@bentre.edu.vn","Địa chỉ web trường":"thcshungphong.bentre.edu.vn","Số điện thoại trường":"02753885014","layer_id":313,"fid":425,"label":"Trường Trung học cơ sở Hưng Phong"}},{"type":"Feature","geometry":{"type":"Point","coordinates":[106.408132449,10.167419588]},"properties":{"Trường THCS":"Trường Trung học cơ sở Phước Long","Đơn vị quản lý":" Xã Phước Long ","Hiệu trưởng":"Phạm Thành Đồng","Số điện thoại Hiệu trưởng":"0918975527","Loại hình":"Công lập","Loại trường":"Trường phổ thông","Đạt CQG (MĐ)":null,"Địa chỉ  trường":"Ấp Long Điền, Xã Phước Long","Thư điện tử":"bentre_thcsphuoclong_gt@bentre.edu.vn","Địa chỉ web trường":"http://thcsphuoclong.bentre.edu.vn","Số điện thoại trường":"02753863103","layer_id":313,"fid":426,"label":"Trường Trung học cơ sở Phước Long"}},{"type":"Feature","geometry":{"type":"Point","coordinates":[106.500379,10.124437]},"properties":{"Trường THCS":"Trường Trung học cơ sở Hoàng Lam","Đơn vị quản lý":" Xã Phước Long ","Hiệu trưởng":"Nguyễn Vũ Ân","Số điện thoại Hiệu trưởng":"0942864456","Loại hình":"Công lập","Loại trường":"Trường phổ thông","Đạt CQG (MĐ)":null,"Địa chỉ  trường":"xã Phước Long","Thư điện tử":"bentre_thcshoanglam_gt@bentre.edu.vn","Địa chỉ web trường":"thcshoanglam.bentre.edu.vn","Số điện thoại trường":"02753863799","layer_id":313,"fid":427,"label":"Trường Trung học cơ sở Hoàng Lam"}},{"type":"Feature","geometry":{"type":"Point","coordinates":[106.4655603,10.140698]},"properties":{"Trường THCS":"Trường trung học cơ sở Đồng Văn Cống","Đơn vị quản lý":" Xã Tân Hào ","Hiệu trưởng":"Nguyễn Hoàng Phong","Số điện thoại Hiệu trưởng":"0902530570","Loại hình":"Công lập","Loại trường":"Trường phổ thông","Đạt CQG (MĐ)":null,"Địa chỉ  trường":"Xã Tân Hào","Thư điện tử":"bentre_thcstanhao_gt@bentre.edu.vn","Địa chỉ web trường":"thcsdongvancong.bentre.edu.vn","Số điện thoại trường":"02753863585","layer_id":313,"fid":428,"label":"Trường trung học cơ sở Đồng Văn Cống"}},{"type":"Feature","geometry":{"type":"Point","coordinates":[106.45991627,10.122828394]},"properties":{"Trường THCS":"Trường Trung học cơ sở Tân Lợi Thạnh","Đơn vị quản lý":" Xã Tân Hào ","Hiệu trưởng":"Phạm Văn Nguyện","Số điện thoại Hiệu trưởng":"0945619396","Loại hình":"Công lập","Loại trường":"Trường phổ thông","Đạt CQG (MĐ)":null,"Địa chỉ  trường":"Tân Hào","Thư điện tử":"bentre_thcstanloithanh_gt@bentre.edu.vn","Địa chỉ web trường":"thcstanloithanh.bentre.edu.vn","Số điện thoại trường":"02753658744","layer_id":313,"fid":429,"label":"Trường Trung học cơ sở Tân Lợi Thạnh"}},{"type":"Feature","geometry":{"type":"Point","coordinates":[106.442096051,10.104541014]},"properties":{"Trường THCS":"Trường Trung học cơ sở Thạnh Phú Đông","Đơn vị quản lý":" Xã Tân Hào ","Hiệu trưởng":"Cao Hồ Mai","Số điện thoại Hiệu trưởng":"0845927686","Loại hình":"Công lập","Loại trường":"Trường phổ thông","Đạt CQG (MĐ)":"Đạt chuẩn mức 1","Địa chỉ  trường":"Xã Tân Hào","Thư điện tử":"bentre_thcsthanhphudong_gt@bentre.edu.vn","Địa chỉ web trường":"http://thcsthanhphudong.bentre.edu.vn","Số điện thoại trường":"02753864674","layer_id":313,"fid":430,"label":"Trường Trung học cơ sở Thạnh Phú Đông"}},{"type":"Feature","geometry":{"type":"Point","coordinates":[106.519579159,10.139814453]},"properties":{"Trường THCS":"Trường Trung học cơ sở Tân Thanh","Đơn vị quản lý":" Xã Hưng Nhượng ","Hiệu trưởng":"Trương Văn Giúp","Số điện thoại Hiệu trưởng":"0915742578","Loại hình":"Công lập","Loại trường":"Trường phổ thông","Đạt CQG (MĐ)":"Đạt chuẩn mức 1","Địa chỉ  trường":"Ấp Tân Phước, Xã Hưng Nhượng","Thư điện tử":"bentre_thcstanthanh_gt@bentre.edu.vn","Địa chỉ web trường":"https://thcstanthanh.bentre.edu.vn/","Số điện thoại trường":"02753861261","layer_id":313,"fid":431,"label":"Trường Trung học cơ sở Tân Thanh"}},{"type":"Feature","geometry":{"type":"Point","coordinates":[106.501406,10.097416]},"properties":{"Trường THCS":"Trường Trung học cơ sở Hưng Nhượng","Đơn vị quản lý":" Xã Hưng Nhượng ","Hiệu trưởng":"Lê Văn Minh","Số điện thoại Hiệu trưởng":"0396043072","Loại hình":"Công lập","Loại trường":"Trường phổ thông","Đạt CQG (MĐ)":"Đạt chuẩn mức 1","Địa chỉ  trường":"Ấp Hưng Bình, xã Hưng Nhượng","Thư điện tử":"bentre_thcshungnhuong_gt@bentre.edu.vn","Địa chỉ web trường":"http://thcshungnhuong.bentre.edu.vn/","Số điện thoại trường":"02753864127","layer_id":313,"fid":432,"label":"Trường Trung học cơ sở Hưng Nhượng"}},{"type":"Feature","geometry":{"type":"Point","coordinates":[106.422242054,10.174225016]},"properties":{"Trường THCS":"Trường Trung học cơ sở Hưng Lễ","Đơn vị quản lý":" Xã Hưng Nhượng ","Hiệu trưởng":"Trần Ngọc Minh","Số điện thoại Hiệu trưởng":"0917550931","Loại hình":"Công lập","Loại trường":"Trường phổ thông","Đạt CQG (MĐ)":"Đạt chuẩn mức 1","Địa chỉ  trường":"Xã Hưng Nhượng ","Thư điện tử":"bentre_thcshungle_gt@bentre.edu.vn","Địa chỉ web trường":"https://thcshungle.bentre.edu.vn","Số điện thoại trường":"02753864707","layer_id":313,"fid":433,"label":"Trường Trung học cơ sở Hưng Lễ"}},{"type":"Feature","geometry":{"type":"Point","coordinates":[106.577306003,10.024994091]},"properties":{"Trường THCS":"Trường THCS An Đức","Đơn vị quản lý":" Xã Ba Tri ","Hiệu trưởng":"Nguyễn Văn Hiền","Số điện thoại Hiệu trưởng":"0933252990","Loại hình":"Công lập","Loại trường":"Trường phổ thông","Đạt CQG (MĐ)":null,"Địa chỉ  trường":"Ấp Giồng Cả, xã Ba Tri","Thư điện tử":"thcsanduc.batri@vinhlong.gov.vn\nthcsanduc@bentre.edu.vn\n","Địa chỉ web trường":null,"Số điện thoại trường":"02753859493","layer_id":313,"fid":452,"label":"Trường THCS An Đức"}},{"type":"Feature","geometry":{"type":"Point","coordinates":[106.682741,10.208754]},"properties":{"Trường THCS":"Trường Trung học cơ sở Bùi Sĩ Hùng","Đơn vị quản lý":" Xã Bình Đại","Hiệu trưởng":"Nguyễn Quốc Dũng","Số điện thoại Hiệu trưởng":"0944420811","Loại hình":"Công lập","Loại trường":"Trường phổ thông","Đạt CQG (MĐ)":"Đạt chuẩn mức 1","Địa chỉ  trường":"Ấp 1 Giồng Sầm, Xã Bình Đại","Thư điện tử":"bentre_thcsbinhthoi_bd@bentre.edu.vn","Địa chỉ web trường":"bentre-thcsbuisihung@edu.viettel.vn","Số điện thoại trường":"02753891120","layer_id":313,"fid":434,"label":"Trường Trung học cơ sở Bùi Sĩ Hùng"}},{"type":"Feature","geometry":{"type":"Point","coordinates":[106.690474436,10.186785245]},"properties":{"Trường THCS":"Trường THCS Lê Hoàng Chiếu","Đơn vị quản lý":" Xã Bình Đại","Hiệu trưởng":"Uông Quang Minh","Số điện thoại Hiệu trưởng":"0949059394","Loại hình":"Công lập","Loại trường":"Trường phổ thông","Đạt CQG (MĐ)":null,"Địa chỉ  trường":"Xã Bình Đại","Thư điện tử":"bentre_thcsthitranbinhdai@bentre.edu.vn","Địa chỉ web trường":"thcslehoangchieu.edu.vn","Số điện thoại trường":"02753891628","layer_id":313,"fid":435,"label":"Trường THCS Lê Hoàng Chiếu"}},{"type":"Feature","geometry":{"type":"Point","coordinates":[106.698812407,10.188775551]},"properties":{"Trường THCS":"Trường Trung học cơ sở Bình Thắng","Đơn vị quản lý":" Xã Bình Đại","Hiệu trưởng":"Nguyễn Thanh Nhu","Số điện thoại Hiệu trưởng":"0945675723","Loại hình":"Công lập","Loại trường":"Trường phổ thông","Đạt CQG (MĐ)":"Đạt chuẩn mức 1","Địa chỉ  trường":"Ấp 1 Xã Bình Đại ","Thư điện tử":"bentre_thcsbnhthang_bd@bentre.edu.vn","Địa chỉ web trường":"http://thcsbinhthang.bentre.edu.vn","Số điện thoại trường":"02753891105","layer_id":313,"fid":436,"label":"Trường Trung học cơ sở Bình Thắng"}},{"type":"Feature","geometry":{"type":"Point","coordinates":[106.493643589,10.286514]},"properties":{"Trường THCS":"Trường Tiểu học - Trung học cơ sở Nguyễn Văn Đồn","Đơn vị quản lý":" Xã Phú Thuận ","Hiệu trưởng":"Ngô Văn Trung","Số điện thoại Hiệu trưởng":"0982853927","Loại hình":"Công lập","Loại trường":"Trường phổ thông","Đạt CQG (MĐ)":null,"Địa chỉ  trường":"Ấp Tam Hiệp, xã Bình Đại","Thư điện tử":null,"Địa chỉ web trường":null,"Số điện thoại trường":null,"layer_id":313,"fid":437,"label":"Trường Tiểu học - Trung học cơ sở Nguyễn Văn Đồn"}},{"type":"Feature","geometry":{"type":"Point","coordinates":[106.539735,10.255381]},"properties":{"Trường THCS":"Trường Trung học cơ sở Vang Quới","Đơn vị quản lý":" Xã Lộc Thuận","Hiệu trưởng":"Lê Phạm Thanh Huy","Số điện thoại Hiệu trưởng":"0984172488","Loại hình":"Công lập","Loại trường":"Trường phổ thông","Đạt CQG (MĐ)":null,"Địa chỉ  trường":"Ấp Vinh Thái, Xã Lộc Thuận","Thư điện tử":"bentre_thcsvangquoi_bd@bentre.edu.vn","Địa chỉ web trường":"http://edu.viettel.vn/bte-binhdai-thcsvangquoi","Số điện thoại trường":"02753854168","layer_id":313,"fid":438,"label":"Trường Trung học cơ sở Vang Quới"}},{"type":"Feature","geometry":{"type":"Point","coordinates":[106.591722,10.227811]},"properties":{"Trường THCS":"Trường THCS Đỗ Nghĩa Trọng","Đơn vị quản lý":" Xã Lộc Thuận","Hiệu trưởng":"Lê Hoàng Kiệt","Số điện thoại Hiệu trưởng":"0355708728","Loại hình":"Công lập","Loại trường":"Trường phổ thông","Đạt CQG (MĐ)":"Đạt chuẩn mức 1","Địa chỉ  trường":"Ấp Lộc Thới, xã Lộc Thuận","Thư điện tử":"bentre_thcslocthuan_bd@bentre.edu.vn","Địa chỉ web trường":"thcsdonghiatrong.edu.vn","Số điện thoại trường":"02753855140","layer_id":313,"fid":439,"label":"Trường THCS Đỗ Nghĩa Trọng"}},{"type":"Feature","geometry":{"type":"Point","coordinates":[106.46073369,10.271934414]},"properties":{"Trường THCS":"Trường THCS Định Hòa","Đơn vị quản lý":" Xã Châu Hưng","Hiệu trưởng":"Trần Văn Vũ","Số điện thoại Hiệu trưởng":"0977146185","Loại hình":"Công lập","Loại trường":"Trường phổ thông","Đạt CQG (MĐ)":"Đạt chuẩn mức 1","Địa chỉ  trường":"Xã Châu Hưng ","Thư điện tử":"bentre_thcsdinhhoa_bd@bentre.edu.vn","Địa chỉ web trường":"http://bentre_thcsdinhhoa@edu.viettel.vn","Số điện thoại trường":"02753744722","layer_id":313,"fid":440,"label":"Trường THCS Định Hòa"}},{"type":"Feature","geometry":{"type":"Point","coordinates":[106.496353,10.252048]},"properties":{"Trường THCS":"Trường Trung học cơ sở Huỳnh Tấn Phát","Đơn vị quản lý":" Xã Châu Hưng","Hiệu trưởng":"Nguyễn Thị Hiền","Số điện thoại Hiệu trưởng":"0788835578","Loại hình":"Công lập","Loại trường":"Trường phổ thông","Đạt CQG (MĐ)":"Đạt chuẩn mức 1","Địa chỉ  trường":"xã Châu Hưng","Thư điện tử":"bentre_thcschauhung_bd@bentre.edu.vn","Địa chỉ web trường":"http://thcshuynhtanphat.edu.vn","Số điện thoại trường":"02753.853.507","layer_id":313,"fid":441,"label":"Trường Trung học cơ sở Huỳnh Tấn Phát"}},{"type":"Feature","geometry":{"type":"Point","coordinates":[106.579183576,10.239199696]},"properties":{"Trường THCS":"Trường Trung học cơ sở Thới Lai","Đơn vị quản lý":" Xã Châu Hưng","Hiệu trưởng":"Huỳnh Ngọc Tiển","Số điện thoại Hiệu trưởng":"0375229448","Loại hình":"Công lập","Loại trường":"Trường phổ thông","Đạt CQG (MĐ)":null,"Địa chỉ  trường":"Xã Châu Hưng","Thư điện tử":"bentre_thcsthoilai_bd@bentre.edu.vn","Địa chỉ web trường":"http://thcsthoilai.edu.vn/","Số điện thoại trường":"02753854157","layer_id":313,"fid":442,"label":"Trường Trung học cơ sở Thới Lai"}},{"type":"Feature","geometry":{"type":"Point","coordinates":[106.617981042,10.223008626]},"properties":{"Trường THCS":"Trường Trung học cơ sở Trịnh Viết Bàng","Đơn vị quản lý":" Xã Thạnh Trị","Hiệu trưởng":"Nguyễn Thị Phương","Số điện thoại Hiệu trưởng":"0395176360","Loại hình":"Công lập","Loại trường":"Trường phổ thông","Đạt CQG (MĐ)":null,"Địa chỉ  trường":"Ấp Bến Cát, Xã Thạnh Trị","Thư điện tử":"bentre_thcsdinhtrung_bd@bentre.edu.vn","Địa chỉ web trường":null,"Số điện thoại trường":"02753855605","layer_id":313,"fid":443,"label":"Trường Trung học cơ sở Trịnh Viết Bàng"}},{"type":"Feature","geometry":{"type":"Point","coordinates":[106.603681652,10.206940676]},"properties":{"Trường THCS":"Trường Trung học cơ sở Phú Long","Đơn vị quản lý":" Xã Thạnh Trị","Hiệu trưởng":"Trần Thị Mỹ Chi","Số điện thoại Hiệu trưởng":"0399903607","Loại hình":"Công lập","Loại trường":"Trường phổ thông","Đạt CQG (MĐ)":null,"Địa chỉ  trường":"Ấp Giồng Tre, Xã Thạnh Trị","Thư điện tử":"bentre_thcsphulong_bd@bentre.edu.vn","Địa chỉ web trường":null,"Số điện thoại trường":"02753855838","layer_id":313,"fid":444,"label":"Trường Trung học cơ sở Phú Long"}},{"type":"Feature","geometry":{"type":"Point","coordinates":[106.604175178,10.206961794]},"properties":{"Trường THCS":"Trường Trung học cơ sở Thạnh Trị","Đơn vị quản lý":" Xã Thạnh Trị","Hiệu trưởng":"Trần Anh Vũ","Số điện thoại Hiệu trưởng":"0918103600","Loại hình":"Công lập","Loại trường":"Trường phổ thông","Đạt CQG (MĐ)":"Đạt chuẩn mức 1","Địa chỉ  trường":"Xã Thạnh Trị","Thư điện tử":"bentre_thcsthanhtri_bd@bentre.edu.vn","Địa chỉ web trường":"http:/binhdai.edu.vn/thcsthanhtri","Số điện thoại trường":"02753897435","layer_id":313,"fid":445,"label":"Trường Trung học cơ sở Thạnh Trị"}},{"type":"Feature","geometry":{"type":"Point","coordinates":[106.681303602,10.167907036]},"properties":{"Trường THCS":"Trường Trung học cơ sở Đỗ Hữu Phương","Đơn vị quản lý":" Xã Thạnh Phước ","Hiệu trưởng":"Nguyễn Thiện Nhật","Số điện thoại Hiệu trưởng":"0827019434","Loại hình":"Công lập","Loại trường":"Trường phổ thông","Đạt CQG (MĐ)":null,"Địa chỉ  trường":"Xã Thạnh Phước","Thư điện tử":"bentre_thcsdaihoaloc_bd@bentre.edu.vn","Địa chỉ web trường":"Không có","Số điện thoại trường":"02753851461","layer_id":313,"fid":446,"label":"Trường Trung học cơ sở Đỗ Hữu Phương"}},{"type":"Feature","geometry":{"type":"Point","coordinates":[106.705466578,10.123891011]},"properties":{"Trường THCS":"Trường THCS Võ Văn Lân","Đơn vị quản lý":" Xã Thạnh Phước ","Hiệu trưởng":"Võ Minh Quang","Số điện thoại Hiệu trưởng":"0888717375","Loại hình":"Công lập","Loại trường":"Trường phổ thông","Đạt CQG (MĐ)":"Đạt chuẩn mức 1","Địa chỉ  trường":"Xã Thạnh Phước","Thư điện tử":"bentre_thcsthanhphuoc_bd@bentre.edu.vn","Địa chỉ web trường":"http://thcs-vovanlan-bentre.edu.vn/","Số điện thoại trường":"02753884018","layer_id":313,"fid":447,"label":"Trường THCS Võ Văn Lân"}},{"type":"Feature","geometry":{"type":"Point","coordinates":[106.759611321,10.169368494]},"properties":{"Trường THCS":"Trường THCS Thừa Đức","Đơn vị quản lý":" Xã Thới Thuận ","Hiệu trưởng":"Phạm Tiểu Nga","Số điện thoại Hiệu trưởng":"0917790435","Loại hình":"Công lập","Loại trường":"Trường phổ thông","Đạt CQG (MĐ)":null,"Địa chỉ  trường":"Xã Thới Thuận","Thư điện tử":"bentre_thcsthuaduc_bd@bentre.edu.vn","Địa chỉ web trường":"thcsthuaduc.edu.vn","Số điện thoại trường":"02753883120","layer_id":313,"fid":448,"label":"Trường THCS Thừa Đức"}},{"type":"Feature","geometry":{"type":"Point","coordinates":[106.719868851,10.060137526]},"properties":{"Trường THCS":"Trường Trung học cơ sở Thới Thuận","Đơn vị quản lý":" Xã Thới Thuận ","Hiệu trưởng":"Nguyễn Chí Nguyện","Số điện thoại Hiệu trưởng":"0829850760","Loại hình":"Công lập","Loại trường":"Trường phổ thông","Đạt CQG (MĐ)":"Đạt chuẩn mức 1","Địa chỉ  trường":"Ấp Thới Lợi 1, Xã Thới Thuận","Thư điện tử":"bentre_thcsthoithuan_bd@bentre.edu.vn","Địa chỉ web trường":"thcsthoithuan.edu.vn","Số điện thoại trường":"02753852034","layer_id":313,"fid":449,"label":"Trường Trung học cơ sở Thới Thuận"}},{"type":"Feature","geometry":{"type":"Point","coordinates":[106.572716,10.051053]},"properties":{"Trường THCS":"Trường Trung học cơ sở An Bình Tây","Đơn vị quản lý":" Xã Ba Tri ","Hiệu trưởng":"Đào Minh Hải","Số điện thoại Hiệu trưởng":"0834825823","Loại hình":"Công lập","Loại trường":"Trường phổ thông","Đạt CQG (MĐ)":null,"Địa chỉ  trường":"Ấp An Hòa, Xã Ba Tri ","Thư điện tử":"thcsanbinhtay@bentre.edu.vn","Địa chỉ web trường":null,"Số điện thoại trường":"02753.763880","layer_id":313,"fid":450,"label":"Trường Trung học cơ sở An Bình Tây"}},{"type":"Feature","geometry":{"type":"Point","coordinates":[106.591381,10.049174]},"properties":{"Trường THCS":"Trường Trung học cơ sở Ba Tri","Đơn vị quản lý":" Xã Ba Tri ","Hiệu trưởng":null,"Số điện thoại Hiệu trưởng":null,"Loại hình":"Công lập","Loại trường":"Trường phổ thông","Đạt CQG (MĐ)":"Đạt chuẩn mức 1","Địa chỉ  trường":"Xã Ba Tri","Thư điện tử":"thcsthitran@bentre.edu.vn","Địa chỉ web trường":null,"Số điện thoại trường":"02753850600","layer_id":313,"fid":451,"label":"Trường Trung học cơ sở Ba Tri"}},{"type":"Feature","geometry":{"type":"Point","coordinates":[106.311014173,10.209784174]},"properties":{"Trường THCS":"Trường Trung học cơ sở Vĩnh Hòa","Đơn vị quản lý":" Xã Ba Tri ","Hiệu trưởng":"Hồ Thị Mộng Tuyền","Số điện thoại Hiệu trưởng":"0978888679","Loại hình":"Công lập","Loại trường":"Trường phổ thông","Đạt CQG (MĐ)":"Đạt chuẩn mức 1","Địa chỉ  trường":null,"Thư điện tử":"Xã Ba Tri","Địa chỉ web trường":null,"Số điện thoại trường":null,"layer_id":313,"fid":453,"label":"Trường Trung học cơ sở Vĩnh Hòa"}},{"type":"Feature","geometry":{"type":"Point","coordinates":[106.592500725,10.022447557]},"properties":{"Trường THCS":"Trường Trung học cơ sở Vĩnh An","Đơn vị quản lý":" Xã Ba Tri ","Hiệu trưởng":null,"Số điện thoại Hiệu trưởng":null,"Loại hình":"Công lập","Loại trường":"Trường phổ thông","Đạt CQG (MĐ)":"Đạt chuẩn mức 1","Địa chỉ  trường":"xã Vĩnh An","Thư điện tử":"thcsvinhan.batri@vinhlong.gov.vn","Địa chỉ web trường":null,"Số điện thoại trường":"02753850571","layer_id":313,"fid":454,"label":"Trường Trung học cơ sở Vĩnh An"}},{"type":"Feature","geometry":{"type":"Point","coordinates":[106.58571,10.106813]},"properties":{"Trường THCS":"Trường Trung học cơ sở Ba Mỹ","Đơn vị quản lý":" Xã Mỹ Chánh Hòa ","Hiệu trưởng":"Lê Quang To","Số điện thoại Hiệu trưởng":"0988383708","Loại hình":"Công lập","Loại trường":"Trường phổ thông","Đạt CQG (MĐ)":"Đạt chuẩn mức 1","Địa chỉ  trường":"Ấp Gò Dầu, Xã Mỹ Chánh Hòa","Thư điện tử":"thcsbamy@bentre.edu.vn","Địa chỉ web trường":null,"Số điện thoại trường":"02753858116","layer_id":313,"fid":455,"label":"Trường Trung học cơ sở Ba Mỹ"}},{"type":"Feature","geometry":{"type":"Point","coordinates":[106.57613,10.140102]},"properties":{"Trường THCS":"Trường Trung học cơ sở Mỹ Hòa","Đơn vị quản lý":" Xã Mỹ Chánh Hòa ","Hiệu trưởng":"Trần Anh Tuấn","Số điện thoại Hiệu trưởng":"0946690051","Loại hình":"Công lập","Loại trường":"Trường phổ thông","Đạt CQG (MĐ)":null,"Địa chỉ  trường":"ấp Mỹ Thuận, xã Mỹ Chánh Hòa","Thư điện tử":"thcsmyhoa@bentre.edu.vn","Địa chỉ web trường":null,"Số điện thoại trường":"02753858058","layer_id":313,"fid":456,"label":"Trường Trung học cơ sở Mỹ Hòa"}},{"type":"Feature","geometry":{"type":"Point","coordinates":[106.587548,10.080726]},"properties":{"Trường THCS":"Trường Trung học cơ sở Mỹ Nhơn","Đơn vị quản lý":" Xã Mỹ Chánh Hòa ","Hiệu trưởng":"Lê Văn Minh","Số điện thoại Hiệu trưởng":"0984010212","Loại hình":"Công lập","Loại trường":"Trường phổ thông","Đạt CQG (MĐ)":"Đạt chuẩn mức 1","Địa chỉ  trường":"Ấp Nhơn Qưới, Xã Mỹ Chánh Hoà, tỉnh Vĩnh Long","Thư điện tử":"thcsmynhon@bentre.edu.vn","Địa chỉ web trường":"thcsmynhon.bentre.edu.vn","Số điện thoại trường":"02753858939","layer_id":313,"fid":457,"label":"Trường Trung học cơ sở Mỹ Nhơn"}},{"type":"Feature","geometry":{"type":"Point","coordinates":[106.652695656,10.046498144]},"properties":{"Trường THCS":"Trường Trung học cơ sở Bảo Thuận","Đơn vị quản lý":" Xã Bảo Thạnh","Hiệu trưởng":"Nguyễn Thanh Tòng","Số điện thoại Hiệu trưởng":"0902685134","Loại hình":"Công lập","Loại trường":"Trường phổ thông","Đạt CQG (MĐ)":null,"Địa chỉ  trường":"xã Bảo Thạnh ","Thư điện tử":"thcsbaothuan@bentre.edu.vn","Địa chỉ web trường":"thcsbaothuan.bentre.edu.vn","Số điện thoại trường":"02753881131","layer_id":313,"fid":458,"label":"Trường Trung học cơ sở Bảo Thuận"}},{"type":"Feature","geometry":{"type":"Point","coordinates":[106.627254,10.07413]},"properties":{"Trường THCS":"Trường trung học cơ sở Phước Ngãi","Đơn vị quản lý":" Xã Tân Xuân ","Hiệu trưởng":"Phan Văn Tâm","Số điện thoại Hiệu trưởng":"0858906098","Loại hình":"Công lập","Loại trường":"Trường phổ thông","Đạt CQG (MĐ)":null,"Địa chỉ  trường":"Ấp Phú Long, xã Tân Xuân, tỉnh Vĩnh Long","Thư điện tử":"thcsphungai@bentre.edu.vn","Địa chỉ web trường":"thcsphungai.bentre.edu.vn","Số điện thoại trường":"02753850777","layer_id":313,"fid":460,"label":"Trường trung học cơ sở Phước Ngãi"}},{"type":"Feature","geometry":{"type":"Point","coordinates":[106.628188,10.119976]},"properties":{"Trường THCS":"Trường trung học cơ sở Tân Xuân","Đơn vị quản lý":" Xã Tân Xuân ","Hiệu trưởng":"Lê Thị Lo","Số điện thoại Hiệu trưởng":"0984148853","Loại hình":"Công lập","Loại trường":"Trường phổ thông","Đạt CQG (MĐ)":null,"Địa chỉ  trường":"Xã Tân Xuân","Thư điện tử":"thcstanxuan@bentre.edu.vn","Địa chỉ web trường":null,"Số điện thoại trường":"02753858656","layer_id":313,"fid":461,"label":"Trường trung học cơ sở Tân Xuân"}},{"type":"Feature","geometry":{"type":"Point","coordinates":[106.611311,10.061513]},"properties":{"Trường THCS":"Trường trung học cơ sở Phú Lễ","Đơn vị quản lý":" Xã Tân Xuân ","Hiệu trưởng":"Nguyễn Hoài Ân","Số điện thoại Hiệu trưởng":"0366698961","Loại hình":"Công lập","Loại trường":"Trường phổ thông","Đạt CQG (MĐ)":null,"Địa chỉ  trường":"Xã Tân Xuân","Thư điện tử":"thcsphule@bentre.edu.vn","Địa chỉ web trường":null,"Số điện thoại trường":"02753899127","layer_id":313,"fid":462,"label":"Trường trung học cơ sở Phú Lễ"}},{"type":"Feature","geometry":{"type":"Point","coordinates":[106.545447706,10.069246607]},"properties":{"Trường THCS":"Trường THCS An Ngãi Trung","Đơn vị quản lý":" Xã An Ngãi Trung ","Hiệu trưởng":"Nguyễn Tấn Đạt","Số điện thoại Hiệu trưởng":"0838508079","Loại hình":"Công lập","Loại trường":"Trường phổ thông","Đạt CQG (MĐ)":"Đạt chuẩn mức 1","Địa chỉ  trường":"Xã An Ngãi Trung","Thư điện tử":"thcsanngaitrung@bentre.edu.vn","Địa chỉ web trường":"thcsanngaitrung.bentre.edu.vn","Số điện thoại trường":"02753857050","layer_id":313,"fid":463,"label":"Trường THCS An Ngãi Trung"}},{"type":"Feature","geometry":{"type":"Point","coordinates":[106.545628134,10.100874528]},"properties":{"Trường THCS":"Trường Trung học cơ sở An Phú Trung","Đơn vị quản lý":" Xã An Ngãi Trung ","Hiệu trưởng":"Nguyễn Minh Triết","Số điện thoại Hiệu trưởng":"0386423808","Loại hình":"Công lập","Loại trường":"Trường phổ thông","Đạt CQG (MĐ)":"Đạt chuẩn mức 1","Địa chỉ  trường":"xã An Ngãi Trung","Thư điện tử":"thcsanphutrung@bentre.edu.vn","Địa chỉ web trường":"thcsanphutrung.bentre.edu.vn","Số điện thoại trường":"02753.857.276","layer_id":313,"fid":464,"label":"Trường Trung học cơ sở An Phú Trung"}},{"type":"Feature","geometry":{"type":"Point","coordinates":[106.575835,10.102314]},"properties":{"Trường THCS":"Trường Trung học cơ sở Võ Văn Mẫn","Đơn vị quản lý":" Xã An Ngãi Trung ","Hiệu trưởng":"Phan Thị Minh Tú","Số điện thoại Hiệu trưởng":"0832352252","Loại hình":"Công lập","Loại trường":"Trường phổ thông","Đạt CQG (MĐ)":"Đạt chuẩn mức 1","Địa chỉ  trường":"Ấp Mỹ Trung, xã An Ngãi Trung","Thư điện tử":"thcsmythanh@bentre.edu.vn","Địa chỉ web trường":"thcsmythanh.bentre.edu.vn","Số điện thoại trường":"02753858472","layer_id":313,"fid":465,"label":"Trường Trung học cơ sở Võ Văn Mẫn"}},{"type":"Feature","geometry":{"type":"Point","coordinates":[106.497166,10.057665]},"properties":{"Trường THCS":"Trường Trung học cơ sở Tân Hưng","Đơn vị quản lý":" Xã An Hiệp","Hiệu trưởng":"Đoàn Văn Tiệp","Số điện thoại Hiệu trưởng":"0916384720","Loại hình":"Công lập","Loại trường":"Trường phổ thông","Đạt CQG (MĐ)":"Đạt chuẩn mức 1","Địa chỉ  trường":"Ấp Tân Khai, Xã An Hiệp","Thư điện tử":"thcstanhung@bentre.edu.vn","Địa chỉ web trường":"Không có","Số điện thoại trường":"02753857530","layer_id":313,"fid":466,"label":"Trường Trung học cơ sở Tân Hưng"}},{"type":"Feature","geometry":{"type":"Point","coordinates":[106.518085,10.045541]},"properties":{"Trường THCS":"Trường THCS An Ngãi Tây","Đơn vị quản lý":" Xã An Hiệp","Hiệu trưởng":"Nguyễn Văn Vân","Số điện thoại Hiệu trưởng":"0396680203","Loại hình":"Công lập","Loại trường":"Trường phổ thông","Đạt CQG (MĐ)":null,"Địa chỉ  trường":"Ấp An Hòa,  Xã An Hiệp","Thư điện tử":"thcsanngaitay@bentre.edu.vn","Địa chỉ web trường":null,"Số điện thoại trường":"02753857269","layer_id":313,"fid":467,"label":"Trường THCS An Ngãi Tây"}},{"type":"Feature","geometry":{"type":"Point","coordinates":[106.548835,10.032236]},"properties":{"Trường THCS":"Trường THCS An Hiệp","Đơn vị quản lý":" Xã An Hiệp","Hiệu trưởng":"Nguyễn Thế Mỹ","Số điện thoại Hiệu trưởng":"0985588746","Loại hình":"Công lập","Loại trường":"Trường phổ thông","Đạt CQG (MĐ)":null,"Địa chỉ  trường":"Ấp Giồng Ao, xã An Hiệp","Thư điện tử":"thcsanhiep@bentre.edu.vn","Địa chỉ web trường":"thcsanhiepbti.bentre.edu.vn","Số điện thoại trường":"027583850773","layer_id":313,"fid":468,"label":"Trường THCS An Hiệp"}},{"type":"Feature","geometry":{"type":"Point","coordinates":[106.598839,9.996294]},"properties":{"Trường THCS":"Trường Trung học cơ sở An Hòa Tây","Đơn vị quản lý":" Xã Tân Thủy ","Hiệu trưởng":"Đặng Thanh Bình","Số điện thoại Hiệu trưởng":"0932081514","Loại hình":"Công lập","Loại trường":"Trường phổ thông","Đạt CQG (MĐ)":null,"Địa chỉ  trường":"Ấp An Bình 1, Xã Tân Thủy","Thư điện tử":"thcsanhoatay.tanthuy@vinhlong.gov.vn","Địa chỉ web trường":"http://thcsanhoatay.bentre.edu.vn","Số điện thoại trường":"02756270119","layer_id":313,"fid":469,"label":"Trường Trung học cơ sở An Hòa Tây"}},{"type":"Feature","geometry":{"type":"Point","coordinates":[106.620763,10.007974]},"properties":{"Trường THCS":"Trường Trung học cơ sở Trần Hữu Nghiệp","Đơn vị quản lý":" Xã Tân Thủy ","Hiệu trưởng":"Huỳnh Kim Thái","Số điện thoại Hiệu trưởng":"0918103250","Loại hình":"Công lập","Loại trường":"Trường phổ thông","Đạt CQG (MĐ)":null,"Địa chỉ  trường":"xã Tân Thủy, xã Tân Thủy, tỉnh Vĩnh Long","Thư điện tử":"thcstranhuunghiep.tanthuy@vinhlong.gov.vn","Địa chỉ web trường":null,"Số điện thoại trường":"02753859507","layer_id":313,"fid":470,"label":"Trường Trung học cơ sở Trần Hữu Nghiệp"}},{"type":"Feature","geometry":{"type":"Point","coordinates":[106.62726948,9.997719643]},"properties":{"Trường THCS":"Trường Trung học cơ sở Tiệm Tôm","Đơn vị quản lý":" Xã Tân Thủy ","Hiệu trưởng":"Nguyễn Văn Ngọt","Số điện thoại Hiệu trưởng":"0919276150","Loại hình":"Công lập","Loại trường":"Trường phổ thông","Đạt CQG (MĐ)":"Đạt chuẩn mức 1","Địa chỉ  trường":"Ấp An Lợi, Xã Tân Thủy","Thư điện tử":"thcstiemtom.tanthuy@vinhlong.gov.vn","Địa chỉ web trường":"thcsanthuy.bentre.edu.vn","Số điện thoại trường":"02753856360","layer_id":313,"fid":471,"label":"Trường Trung học cơ sở Tiệm Tôm"}},{"type":"Feature","geometry":{"type":"Point","coordinates":[106.521822685,9.950323233]},"properties":{"Trường THCS":"Trường Trung học cơ sở Thạnh Phú","Đơn vị quản lý":" Xã Thạnh Phú ","Hiệu trưởng":"Trần Văn Giàu","Số điện thoại Hiệu trưởng":"0376123767","Loại hình":"Công lập","Loại trường":"Trường phổ thông","Đạt CQG (MĐ)":"Đạt chuẩn mức 1","Địa chỉ  trường":"Xã Thạnh Phú","Thư điện tử":"thcsthitranthanhphu_thanhphu@bentre.deu.vn","Địa chỉ web trường":"thcsthanhphu.bentre.edu.vn","Số điện thoại trường":"02753870114","layer_id":313,"fid":472,"label":"Trường Trung học cơ sở Thạnh Phú"}},{"type":"Feature","geometry":{"type":"Point","coordinates":[106.541403,9.958274]},"properties":{"Trường THCS":"Trường THCS An Thạnh","Đơn vị quản lý":" Xã Thạnh Phú ","Hiệu trưởng":null,"Số điện thoại Hiệu trưởng":null,"Loại hình":"Công lập","Loại trường":"Trường phổ thông","Đạt CQG (MĐ)":null,"Địa chỉ  trường":"Ấp An Thạnh - Xã Thạnh Phú ","Thư điện tử":"thcsanthanh@bentre.edu.vn","Địa chỉ web trường":"thcsanthanh.bentre.edu.vn","Số điện thoại trường":"02753870379","layer_id":313,"fid":473,"label":"Trường THCS An Thạnh"}},{"type":"Feature","geometry":{"type":"Point","coordinates":[106.5177445,9.9368728]},"properties":{"Trường THCS":"Trường THCS Bình Thạnh","Đơn vị quản lý":" Xã Thạnh Phú ","Hiệu trưởng":"Phạm Văn Lộc","Số điện thoại Hiệu trưởng":"0945503171","Loại hình":"Công lập","Loại trường":"Trường phổ thông","Đạt CQG (MĐ)":null,"Địa chỉ  trường":"Xã Thạnh Phú","Thư điện tử":"thcsbinhthanh@bentre.edu.vn","Địa chỉ web trường":"thcsbinhthanhtpu.bentre.edu.vn","Số điện thoại trường":"02753720722","layer_id":313,"fid":474,"label":"Trường THCS Bình Thạnh"}},{"type":"Feature","geometry":{"type":"Point","coordinates":[106.529133712,9.984415802]},"properties":{"Trường THCS":"Trường THCS Mỹ An","Đơn vị quản lý":" Xã Thạnh Phú ","Hiệu trưởng":"Lê Dũng Chinh","Số điện thoại Hiệu trưởng":"0985039749","Loại hình":"Công lập","Loại trường":"Trường phổ thông","Đạt CQG (MĐ)":"Đạt chuẩn mức 1","Địa chỉ  trường":"Xã Thạnh Phú","Thư điện tử":"thcsmyan_thanhphu@bentre.edu.vn","Địa chỉ web trường":"thcsmyan.bentre.edu.vn","Số điện thoại trường":"02753737739","layer_id":313,"fid":475,"label":"Trường THCS Mỹ An"}},{"type":"Feature","geometry":{"type":"Point","coordinates":[106.464900823,9.955649467]},"properties":{"Trường THCS":"Trường THCS Hòa Lợi","Đơn vị quản lý":" Xã Quới Điền ","Hiệu trưởng":"Võ Văn Đấu","Số điện thoại Hiệu trưởng":"0944182254","Loại hình":"Công lập","Loại trường":"Trường phổ thông","Đạt CQG (MĐ)":null,"Địa chỉ  trường":"Xã Quới Điền","Thư điện tử":"thcshoaloi_thanhphu@bentre.edu.vn","Địa chỉ web trường":"thcshoaloi.edu.vn","Số điện thoại trường":"02753727043","layer_id":313,"fid":478,"label":"Trường THCS Hòa Lợi"}},{"type":"Feature","geometry":{"type":"Point","coordinates":[106.470776894,9.987489219]},"properties":{"Trường THCS":"Trường Trung học cơ sở Quới Điền","Đơn vị quản lý":" Xã Quới Điền ","Hiệu trưởng":"Võ Kim Trang","Số điện thoại Hiệu trưởng":"0947353218","Loại hình":"Công lập","Loại trường":"Trường phổ thông","Đạt CQG (MĐ)":"Đạt chuẩn mức 1","Địa chỉ  trường":"Xã Quới Điền","Thư điện tử":"thcsquoidien_thanhphu@bentre.edu.vn","Địa chỉ web trường":"thcsquoidien.bentre.edu.vn","Số điện thoại trường":"02753877143","layer_id":313,"fid":476,"label":"Trường Trung học cơ sở Quới Điền"}},{"type":"Feature","geometry":{"type":"Point","coordinates":[106.502263,9.98438]},"properties":{"Trường THCS":"Trường Trung học cơ sở Mỹ Hưng","Đơn vị quản lý":" Xã Quới Điền ","Hiệu trưởng":"Trần Thị Nguyệt","Số điện thoại Hiệu trưởng":"0834657479","Loại hình":"Công lập","Loại trường":"Trường phổ thông","Đạt CQG (MĐ)":"Đạt chuẩn mức 1","Địa chỉ  trường":"Ấp Thạnh·Mỹ - Xã Quới Điền","Thư điện tử":"thcsmyhung@bentre.edu.vn","Địa chỉ web trường":"thcsmyhung.bentre.edu.vn","Số điện thoại trường":"02753870449","layer_id":313,"fid":477,"label":"Trường Trung học cơ sở Mỹ Hưng"}},{"type":"Feature","geometry":{"type":"Point","coordinates":[106.444467,10.035973]},"properties":{"Trường THCS":"Trường Trung Học Cơ Sở Phú Khánh","Đơn vị quản lý":" Xã Đại Điền ","Hiệu trưởng":"Trịnh Thị Thùy Trang","Số điện thoại Hiệu trưởng":"0362215999","Loại hình":"Công lập","Loại trường":"Trường phổ thông","Đạt CQG (MĐ)":"Đạt chuẩn mức 1","Địa chỉ  trường":"Ấp Phú Lợi- Xã Đại Điền","Thư điện tử":"thcsphukhanh_thanhphu@bentre.edu.vn","Địa chỉ web trường":"thcsphukhanh.bentre.edu.vn","Số điện thoại trường":"02753877567","layer_id":313,"fid":479,"label":"Trường Trung Học Cơ Sở Phú Khánh"}},{"type":"Feature","geometry":{"type":"Point","coordinates":[106.445453,10.024994]},"properties":{"Trường THCS":"Trường Trung học cơ sở Đại Điền","Đơn vị quản lý":" Xã Đại Điền ","Hiệu trưởng":"Đinh Thị Hiệp","Số điện thoại Hiệu trưởng":"0386486879","Loại hình":"Công lập","Loại trường":"Trường phổ thông","Đạt CQG (MĐ)":"Đạt chuẩn mức 1","Địa chỉ  trường":"Ấp Thới - Xã Đại Điền","Thư điện tử":"thcsdaidien_thanhphu@bentre.edu.vn\n","Địa chỉ web trường":"https://thcsdaidien.bentre.edu.vn","Số điện thoại trường":"02753877115","layer_id":313,"fid":480,"label":"Trường Trung học cơ sở Đại Điền"}},{"type":"Feature","geometry":{"type":"Point","coordinates":[106.441681,9.983374]},"properties":{"Trường THCS":"Trường Trung học cơ sở Thới Thạnh","Đơn vị quản lý":" Xã Đại Điền ","Hiệu trưởng":"Nguyễn Văn Hoàng","Số điện thoại Hiệu trưởng":"0946930206","Loại hình":"Công lập","Loại trường":"Trường phổ thông","Đạt CQG (MĐ)":"Đạt chuẩn mức 1","Địa chỉ  trường":"Ấp Xương Thới I, xã Đại Điền","Thư điện tử":"thcsthoithanh_thanhphu@bentre.edu.vn","Địa chỉ web trường":"thcsthoithanh.bentre.edu.vn","Số điện thoại trường":"02753877073","layer_id":313,"fid":481,"label":"Trường Trung học cơ sở Thới Thạnh"}},{"type":"Feature","geometry":{"type":"Point","coordinates":[106.444304,10.00753]},"properties":{"Trường THCS":"Trường THCS Tân Phong","Đơn vị quản lý":" Xã Đại Điền ","Hiệu trưởng":"Nguyễn Văn Bình","Số điện thoại Hiệu trưởng":"0949478077","Loại hình":"Công lập","Loại trường":"Trường phổ thông","Đạt CQG (MĐ)":"Đạt chuẩn mức 1","Địa chỉ  trường":"Ấp Thạn B, Xã Đại Điền","Thư điện tử":"thcstanphong_thanhphu@bentre.edu.vn","Địa chỉ web trường":"thcstanphong.bentre.edu.vn","Số điện thoại trường":"02753727045","layer_id":313,"fid":482,"label":"Trường THCS Tân Phong"}},{"type":"Feature","geometry":{"type":"Point","coordinates":[106.602696723,9.93427821]},"properties":{"Trường THCS":"Trường trung học cơ sở An Điền","Đơn vị quản lý":" Xã Thạnh Hải ","Hiệu trưởng":"Huỳnh Thị Thu Trang","Số điện thoại Hiệu trưởng":"0352701890","Loại hình":"Công lập","Loại trường":"Trường phổ thông","Đạt CQG (MĐ)":null,"Địa chỉ  trường":"xã Thạnh Hải","Thư điện tử":"thcsandien_thanhphu@bentre.edu.vn","Địa chỉ web trường":"thcsandien.bentre.edu.vn","Số điện thoại trường":"02753889188","layer_id":313,"fid":483,"label":"Trường trung học cơ sở An Điền"}},{"type":"Feature","geometry":{"type":"Point","coordinates":[106.658064428,9.885052173]},"properties":{"Trường THCS":"Trường Trung học cơ sở Thạnh Hải","Đơn vị quản lý":" Xã Thạnh Hải ","Hiệu trưởng":"Huỳnh Tấn Lộc","Số điện thoại Hiệu trưởng":"0834582717","Loại hình":"Công lập","Loại trường":"Trường phổ thông","Đạt CQG (MĐ)":"Đạt chuẩn mức 1","Địa chỉ  trường":"xã Thạnh Hải","Thư điện tử":"thcsthanhhai_thanhphu@bentre.edu.vn","Địa chỉ web trường":"http://thcsthanhhai.bentre.edu.vn","Số điện thoại trường":"02753886222","layer_id":313,"fid":484,"label":"Trường Trung học cơ sở Thạnh Hải"}},{"type":"Feature","geometry":{"type":"Point","coordinates":[106.542161732,9.909882059]},"properties":{"Trường THCS":"Trường Trung học cơ sở An Thuận","Đơn vị quản lý":" Xã An Qui ","Hiệu trưởng":"Lê Văn Tân","Số điện thoại Hiệu trưởng":"0985921044","Loại hình":"Công lập","Loại trường":"Trường phổ thông","Đạt CQG (MĐ)":null,"Địa chỉ  trường":"Xã An Qui","Thư điện tử":"thcsanthuan_thanhphu@bentre.edu.vn","Địa chỉ web trường":"thcsanthuan.bentre.edu.vn","Số điện thoại trường":"02753870385","layer_id":313,"fid":485,"label":"Trường Trung học cơ sở An Thuận"}},{"type":"Feature","geometry":{"type":"Point","coordinates":[106.204111,9.988957]},"properties":{"Trường THCS":"Trường THCS Thái Bình","Đơn vị quản lý":" Xã Càng Long","Hiệu trưởng":"Nguyễn Ngọc Bích","Số điện thoại Hiệu trưởng":"0979003311","Loại hình":"Công lập","Loại trường":"Trường phổ thông","Đạt CQG (MĐ)":null,"Địa chỉ  trường":"Xã Càng Long","Thư điện tử":"c2thitrancanglong.canglong@sgdtravinh.edu.vn","Địa chỉ web trường":"Trang chủ - TRƯỜNG THCS THÁI BÌNH","Số điện thoại trường":"02943882017","layer_id":313,"fid":498,"label":"Trường THCS Thái Bình"}},{"type":"Feature","geometry":{"type":"Point","coordinates":[106.561840123,9.914198871]},"properties":{"Trường THCS":"Trường Trung học cơ sở An Qui","Đơn vị quản lý":" Xã An Qui ","Hiệu trưởng":"Nguyễn Minh Vũ","Số điện thoại Hiệu trưởng":"0918227060","Loại hình":"Công lập","Loại trường":"Trường phổ thông","Đạt CQG (MĐ)":"Đạt chuẩn mức 1","Địa chỉ  trường":"ấp An Bình 1- xã An Qui","Thư điện tử":"thcsanqui_thanhphu@bentre.edu.vn","Địa chỉ web trường":"http://thcsanqui.bentre.edu.vn","Số điện thoại trường":"02753889016","layer_id":313,"fid":486,"label":"Trường Trung học cơ sở An Qui"}},{"type":"Feature","geometry":{"type":"Point","coordinates":[106.581477472,9.893817991]},"properties":{"Trường THCS":"Trường Trung học cơ sở An Nhơn","Đơn vị quản lý":" Xã An Qui ","Hiệu trưởng":"Tống Văn Găng Em","Số điện thoại Hiệu trưởng":"0945226122","Loại hình":"Công lập","Loại trường":"Trường phổ thông","Đạt CQG (MĐ)":"Đạt chuẩn mức 1","Địa chỉ  trường":"xã An Qui ","Thư điện tử":"thcsannhon_thanhphu@bentre.edu.vn","Địa chỉ web trường":"thcsannhon.bentre.edu.vn","Số điện thoại trường":"02753733133","layer_id":313,"fid":487,"label":"Trường Trung học cơ sở An Nhơn"}},{"type":"Feature","geometry":{"type":"Point","coordinates":[106.608487,9.88346087]},"properties":{"Trường THCS":"Trường THCS Trần Thị Tiết","Đơn vị quản lý":" Xã Thạnh Phong ","Hiệu trưởng":"Phan Văn Hùng","Số điện thoại Hiệu trưởng":"0919579500","Loại hình":"Công lập","Loại trường":"Trường phổ thông","Đạt CQG (MĐ)":"Đạt chuẩn mức 1","Địa chỉ  trường":"xã Thạnh Phong","Thư điện tử":"thcstranthitiet_thanhphu@bentre.edu.vn","Địa chỉ web trường":"thcstranthitiet.bentre.edu.vn","Số điện thoại trường":"02753876380","layer_id":313,"fid":488,"label":"Trường THCS Trần Thị Tiết"}},{"type":"Feature","geometry":{"type":"Point","coordinates":[106.63118995,9.878581471]},"properties":{"Trường THCS":"Trường Trung học cơ sở Thạnh Phong","Đơn vị quản lý":" Xã Thạnh Phong ","Hiệu trưởng":"Trần Văn Mộc","Số điện thoại Hiệu trưởng":"0918975880","Loại hình":"Công lập","Loại trường":"Trường phổ thông","Đạt CQG (MĐ)":"Đạt chuẩn mức 1","Địa chỉ  trường":"Thạnh Phong","Thư điện tử":"thcsthanhphong_thanhphu@bentre.edu.vn","Địa chỉ web trường":"http://thcsthanhphong.bentre.edu.vn","Số điện thoại trường":"02753886282","layer_id":313,"fid":489,"label":"Trường Trung học cơ sở Thạnh Phong"}},{"type":"Feature","geometry":{"type":"Point","coordinates":[106.3431882,9.942902328]},"properties":{"Trường THCS":"MN - TH - THCS ISCHOOL","Đơn vị quản lý":" Phường Trà Vinh","Hiệu trưởng":"Đào Thị Hồng Vân","Số điện thoại Hiệu trưởng":null,"Loại hình":"Tư thục","Loại trường":"Trường phổ thông","Đạt CQG (MĐ)":null,"Địa chỉ  trường":"đường Quang Trung, phường Trà Vinh","Thư điện tử":null,"Địa chỉ web trường":null,"Số điện thoại trường":null,"layer_id":313,"fid":490,"label":"MN - TH - THCS ISCHOOL"}},{"type":"Feature","geometry":{"type":"Point","coordinates":[106.342103493,9.94053286]},"properties":{"Trường THCS":"Trường THCS Lý Tự Trọng","Đơn vị quản lý":" Phường Trà Vinh","Hiệu trưởng":"Nguyễn Văn Triết","Số điện thoại Hiệu trưởng":"0909757990","Loại hình":"Công lập","Loại trường":"Trường phổ thông","Đạt CQG (MĐ)":"Đạt chuẩn mức 1","Địa chỉ  trường":"Số 01, Nguyễn Thị Minh Khai, Khóm 4, Phường Trà Vinh","Thư điện tử":"c2lytutrong.travinh@sgdtravinh.edu.vn","Địa chỉ web trường":"http://thcslytutrong.pgdtptravinh.edu.vn","Số điện thoại trường":"02943862607","layer_id":313,"fid":491,"label":"Trường THCS Lý Tự Trọng"}},{"type":"Feature","geometry":{"type":"Point","coordinates":[106.342448759,9.919462717]},"properties":{"Trường THCS":"Trường THCS Minh Trí","Đơn vị quản lý":" Phường Trà Vinh","Hiệu trưởng":"Phan Thanh Nguyên","Số điện thoại Hiệu trưởng":"0972127456","Loại hình":"Công lập","Loại trường":"Trường phổ thông","Đạt CQG (MĐ)":"Đạt chuẩn mức 1","Địa chỉ  trường":"Nguyễn Chí Thanh, khóm 15, phường Trà Vinh","Thư điện tử":"c2minhtri.travinh@sgdtravinh.edu.vn","Địa chỉ web trường":"http://thcsminhtri,pgdtptravinh.edu.vn","Số điện thoại trường":"02943740044","layer_id":313,"fid":492,"label":"Trường THCS Minh Trí"}},{"type":"Feature","geometry":{"type":"Point","coordinates":[106.340181779,9.934335663]},"properties":{"Trường THCS":"Trường THCS Trần Quốc Tuấn","Đơn vị quản lý":" Phường Trà Vinh","Hiệu trưởng":"Lê Thị Thủy Tú","Số điện thoại Hiệu trưởng":"0974295915","Loại hình":"Công lập","Loại trường":"Trường phổ thông","Đạt CQG (MĐ)":null,"Địa chỉ  trường":"Trần Quốc Tuấn, Khóm 10, Phường Trà Vinh","Thư điện tử":"c2tranquoctuan.travinh@sgdtravinh.edu.vn.","Địa chỉ web trường":"http://thcstranquoctuan.pgdtptravinh.edu.vn","Số điện thoại trường":"02943696979","layer_id":313,"fid":493,"label":"Trường THCS Trần Quốc Tuấn"}},{"type":"Feature","geometry":{"type":"Point","coordinates":[106.340002552,9.941005464]},"properties":{"Trường THCS":"THCS PHAN CHÂU TRINH","Đơn vị quản lý":" Phường Trà Vinh","Hiệu trưởng":"Bùi Quốc Cường","Số điện thoại Hiệu trưởng":"0918773077","Loại hình":"Tư thục","Loại trường":"Trường phổ thông","Đạt CQG (MĐ)":null,"Địa chỉ  trường":"36 Phan Châu Trinh, phường Trà Vinh","Thư điện tử":null,"Địa chỉ web trường":null,"Số điện thoại trường":null,"layer_id":313,"fid":494,"label":"THCS PHAN CHÂU TRINH"}},{"type":"Feature","geometry":{"type":"Point","coordinates":[106.454259224,9.963372301]},"properties":{"Trường THCS":"Trường THCS Nguyễn Thị Minh Khai ","Đơn vị quản lý":" Phường Nguyệt Hóa","Hiệu trưởng":"Nguyễn Thị Lệ Huyền","Số điện thoại Hiệu trưởng":"0384976456","Loại hình":"Công lập","Loại trường":"Trường phổ thông","Đạt CQG (MĐ)":"Đạt chuẩn mức 1","Địa chỉ  trường":"Phường Nguyệt Hóa","Thư điện tử":"c2phuong8.travinh@sgdtravinh.edu.vn","Địa chỉ web trường":"http://thcsnguyenthiminhkhai.pgdtptravinh.edu.vn","Số điện thoại trường":"02943848980","layer_id":313,"fid":495,"label":"Trường THCS Nguyễn Thị Minh Khai "}},{"type":"Feature","geometry":{"type":"Point","coordinates":[106.339015,9.963907]},"properties":{"Trường THCS":"Trường THCS Trần Phú","Đơn vị quản lý":" Phường Long Đức","Hiệu trưởng":"Phạm Thị Bích Loan","Số điện thoại Hiệu trưởng":"0985495357","Loại hình":"Công lập","Loại trường":"Trường phổ thông","Đạt CQG (MĐ)":"Đạt chuẩn mức 1","Địa chỉ  trường":"Đường 30/4, Khóm Sa Bình, Phường Long Đức Tỉnh Vĩnh Long","Thư điện tử":"thcstranphu.longduc@vinhlong.gov.vn","Địa chỉ web trường":"http://thcstranphu.pgdtptravinh.edu.vn","Số điện thoại trường":"02943 846162","layer_id":313,"fid":496,"label":"Trường THCS Trần Phú"}},{"type":"Feature","geometry":{"type":"Point","coordinates":[106.358955934,9.978785222]},"properties":{"Trường THCS":"Trường MG-TH-THCS Võ Thị Sáu","Đơn vị quản lý":" Phường Long Đức","Hiệu trưởng":"Hồ Minh Châu","Số điện thoại Hiệu trưởng":"0908946699","Loại hình":"Công lập","Loại trường":"Trường phổ thông","Đạt CQG (MĐ)":null,"Địa chỉ  trường":"Phường Long Đức","Thư điện tử":"c1_2longtri@sgdtravinh.edu.vn","Địa chỉ web trường":"http://mgththcsvothisau.pgdtptravinh.edu.vn","Số điện thoại trường":"02943867577","layer_id":313,"fid":497,"label":"Trường MG-TH-THCS Võ Thị Sáu"}},{"type":"Feature","geometry":{"type":"Point","coordinates":[106.172566909,10.018081173]},"properties":{"Trường THCS":"Trường THCS Mỹ Cẩm","Đơn vị quản lý":" Xã Càng Long","Hiệu trưởng":"Nguyễn Thanh Tú","Số điện thoại Hiệu trưởng":"0963113311","Loại hình":"Công lập","Loại trường":"Trường phổ thông","Đạt CQG (MĐ)":"Đạt chuẩn mức 1","Địa chỉ  trường":"Xã Càng Long ","Thư điện tử":"c2mycam.canglong@sgdtravinh.edu.vn","Địa chỉ web trường":"https://thcsmycam.web.vnedu.vn","Số điện thoại trường":"02943887007","layer_id":313,"fid":499,"label":"Trường THCS Mỹ Cẩm"}},{"type":"Feature","geometry":{"type":"Point","coordinates":[106.238965,10.031943]},"properties":{"Trường THCS":"Trường THCS Nhị Long Phú","Đơn vị quản lý":" Xã Càng Long","Hiệu trưởng":"Lê Bá Thảo","Số điện thoại Hiệu trưởng":"0977711609","Loại hình":"Công lập","Loại trường":"Trường phổ thông","Đạt CQG (MĐ)":"Đạt chuẩn mức 2","Địa chỉ  trường":"Ấp Hiệp Phú, xã Càng Long ","Thư điện tử":"c2nhilongb.canglong@sgdtravinh.edu.vn","Địa chỉ web trường":"https://thcsnhilongphu.web.vnedu.vn/","Số điện thoại trường":"02943663662","layer_id":313,"fid":500,"label":"Trường THCS Nhị Long Phú"}},{"type":"Feature","geometry":{"type":"Point","coordinates":[106.190156371,9.952348498]},"properties":{"Trường THCS":"Trường THCS A An Trường","Đơn vị quản lý":" Xã An Trường","Hiệu trưởng":"Thân Văn An","Số điện thoại Hiệu trưởng":"0834654459","Loại hình":"Công lập","Loại trường":"Trường phổ thông","Đạt CQG (MĐ)":"Đạt chuẩn mức 1","Địa chỉ  trường":"xã An Trường","Thư điện tử":"c2antruonga.canglong@sgdtravinh.edu.vn","Địa chỉ web trường":"https://thcsaantruong-pgdcanglong.edu.vn","Số điện thoại trường":"02943575407","layer_id":313,"fid":501,"label":"Trường THCS A An Trường"}},{"type":"Feature","geometry":{"type":"Point","coordinates":[106.170733902,9.94588]},"properties":{"Trường THCS":"Trường THCS An Trường A","Đơn vị quản lý":" Xã An Trường","Hiệu trưởng":"NGUYỄN HOÀNG PHONG","Số điện thoại Hiệu trưởng":"0843500777","Loại hình":"Công lập","Loại trường":"Trường phổ thông","Đạt CQG (MĐ)":"Đạt chuẩn mức 1","Địa chỉ  trường":"xã An Trường","Thư điện tử":"c2antruongb.canglong@sgdtravinh.edu.vn","Địa chỉ web trường":"https://thcsantruonga.pgdcanglong.edu.vn","Số điện thoại trường":"02943887642","layer_id":313,"fid":502,"label":"Trường THCS An Trường A"}},{"type":"Feature","geometry":{"type":"Point","coordinates":[106.19412,9.96912]},"properties":{"Trường THCS":"Trường THCS B An Trường","Đơn vị quản lý":" Xã An Trường","Hiệu trưởng":"Huỳnh Quốc Dũng","Số điện thoại Hiệu trưởng":"0917846701","Loại hình":"Công lập","Loại trường":"Trường phổ thông","Đạt CQG (MĐ)":"Đạt chuẩn mức 1","Địa chỉ  trường":"Ấp 4A, xã An Trường","Thư điện tử":"c2antruongc.canglong@sgdtravinh.edu.vn","Địa chỉ web trường":"https://thcsbat.web.vnedu.vn","Số điện thoại trường":"02943575488","layer_id":313,"fid":503,"label":"Trường THCS B An Trường"}},{"type":"Feature","geometry":{"type":"Point","coordinates":[106.228221544,9.924099152]},"properties":{"Trường THCS":"Trường THCS Huyền Hội","Đơn vị quản lý":" Xã Tân An","Hiệu trưởng":"Huỳnh Tấn Tiến","Số điện thoại Hiệu trưởng":"0939360007","Loại hình":"Công lập","Loại trường":"Trường phổ thông","Đạt CQG (MĐ)":null,"Địa chỉ  trường":"xã Tân An","Thư điện tử":"c2huyenhoi.canglong@sgdtravinh.edu.vn","Địa chỉ web trường":null,"Số điện thoại trường":"02943552004","layer_id":313,"fid":504,"label":"Trường THCS Huyền Hội"}},{"type":"Feature","geometry":{"type":"Point","coordinates":[106.04352863,9.952856964]},"properties":{"Trường THCS":"Trường THCS Tân An","Đơn vị quản lý":" Xã Tân An","Hiệu trưởng":"TRẦN THỊ ÚT EM","Số điện thoại Hiệu trưởng":"0919415589","Loại hình":"Công lập","Loại trường":"Trường phổ thông","Đạt CQG (MĐ)":null,"Địa chỉ  trường":"Xã Tân An","Thư điện tử":"c2tanan.canglong@sgdtravinh.edu.vn","Địa chỉ web trường":"http://thcs-tanan-travinh.violet.vn","Số điện thoại trường":"02943886056","layer_id":313,"fid":505,"label":"Trường THCS Tân An"}},{"type":"Feature","geometry":{"type":"Point","coordinates":[106.275111539,9.941339224]},"properties":{"Trường THCS":"Trường PTDTNT THCS Càng Long","Đơn vị quản lý":" Xã Tân An","Hiệu trưởng":"Quách Minh Thuận","Số điện thoại Hiệu trưởng":"0976322575","Loại hình":"Công lập","Loại trường":"Phổ thông dân tộc nội trú","Đạt CQG (MĐ)":"Đạt chuẩn mức 2","Địa chỉ  trường":"Xã Tân An","Thư điện tử":"dtntcanglong@sgdtravinh.edu.vn","Địa chỉ web trường":"https://ptdtntcanglong.web.vnedu.vn","Số điện thoại trường":"02943460009","layer_id":313,"fid":506,"label":"Trường PTDTNT THCS Càng Long"}},{"type":"Feature","geometry":{"type":"Point","coordinates":[106.27822,9.940139]},"properties":{"Trường THCS":"Trường THCS Phương Thạnh","Đơn vị quản lý":" Xã Bình Phú","Hiệu trưởng":"Đỗ Văn Trúc","Số điện thoại Hiệu trưởng":"0355832227","Loại hình":"Công lập","Loại trường":"Trường phổ thông","Đạt CQG (MĐ)":"Đạt chuẩn mức 1","Địa chỉ  trường":"Xã Bình Phú","Thư điện tử":"c2phuongthanh.canglong@sgdtravinh.edu.vn","Địa chỉ web trường":"Chưa có","Số điện thoại trường":"02943880187","layer_id":313,"fid":507,"label":"Trường THCS Phương Thạnh"}},{"type":"Feature","geometry":{"type":"Point","coordinates":[106.295579994,9.98502675]},"properties":{"Trường THCS":"Trường THCS Đại Phúc","Đơn vị quản lý":" Xã Bình Phú","Hiệu trưởng":null,"Số điện thoại Hiệu trưởng":null,"Loại hình":"Công lập","Loại trường":"Trường phổ thông","Đạt CQG (MĐ)":"Đạt chuẩn mức 1","Địa chỉ  trường":"Ấp Tân Định, xã Bình Phú","Thư điện tử":"c2daiphuoca.canglong@sgdtravinh.edu.vn","Địa chỉ web trường":"https://thcsdaiphuc.web.vnedu.vn/","Số điện thoại trường":"02943880205","layer_id":313,"fid":508,"label":"Trường THCS Đại Phúc"}},{"type":"Feature","geometry":{"type":"Point","coordinates":[106.245454748,9.967356723]},"properties":{"Trường THCS":"Trường THCS Bình Phú","Đơn vị quản lý":" Xã Bình Phú","Hiệu trưởng":"Phạm Thị Chính","Số điện thoại Hiệu trưởng":"0365171835","Loại hình":"Công lập","Loại trường":"Trường phổ thông","Đạt CQG (MĐ)":"Đạt chuẩn mức 2","Địa chỉ  trường":"Bình Phú","Thư điện tử":"c2binhphu.canglong@sgdtravinh.edu.vn","Địa chỉ web trường":"https://thcsbinhphu.pgdcanglong.edu.vn","Số điện thoại trường":"02943888127","layer_id":313,"fid":509,"label":"Trường THCS Bình Phú"}},{"type":"Feature","geometry":{"type":"Point","coordinates":[106.249554494,10.065030137]},"properties":{"Trường THCS":"Trường THCS Đức Mỹ","Đơn vị quản lý":" Xã Nhị Long","Hiệu trưởng":"Nguyễn Minh Tuấn","Số điện thoại Hiệu trưởng":"0989236207","Loại hình":"Công lập","Loại trường":"Trường phổ thông","Đạt CQG (MĐ)":null,"Địa chỉ  trường":"Xã Nhị Long","Thư điện tử":"c2ducmy.canglong@sgdtravinh.edu.vn","Địa chỉ web trường":null,"Số điện thoại trường":"02943875113","layer_id":313,"fid":510,"label":"Trường THCS Đức Mỹ"}},{"type":"Feature","geometry":{"type":"Point","coordinates":[106.297,10.022]},"properties":{"Trường THCS":"Trường THCS Đại Phước","Đơn vị quản lý":" Xã Nhị Long","Hiệu trưởng":"Lê Ngọc Nuôi","Số điện thoại Hiệu trưởng":"0363524878","Loại hình":"Công lập","Loại trường":"Trường phổ thông","Đạt CQG (MĐ)":"Đạt chuẩn mức 2","Địa chỉ  trường":"Xã Nhị Long","Thư điện tử":"thcsdaiphuoc.nhilong@vinhlong.gov.vn","Địa chỉ web trường":"https://thcsdaiphuocclg.web.vnedu.vn/","Số điện thoại trường":"02943789010","layer_id":313,"fid":511,"label":"Trường THCS Đại Phước"}},{"type":"Feature","geometry":{"type":"Point","coordinates":[106.207341203,9.865808583]},"properties":{"Trường THCS":"Trường THCS Hiếu Tử","Đơn vị quản lý":" Xã Tập Ngãi","Hiệu trưởng":null,"Số điện thoại Hiệu trưởng":null,"Loại hình":"Công lập","Loại trường":"Trường phổ thông","Đạt CQG (MĐ)":null,"Địa chỉ  trường":"Xã Tập Ngãi","Thư điện tử":"thcs.hieututctv@gmail.com","Địa chỉ web trường":null,"Số điện thoại trường":"02943619070","layer_id":313,"fid":530,"label":"Trường THCS Hiếu Tử"}},{"type":"Feature","geometry":{"type":"Point","coordinates":[106.250718,9.999001]},"properties":{"Trường THCS":"Trường THCS Nhị Long","Đơn vị quản lý":" Xã Nhị Long","Hiệu trưởng":"Lê Thị Nhị","Số điện thoại Hiệu trưởng":"0985643353","Loại hình":"Công lập","Loại trường":"Trường phổ thông","Đạt CQG (MĐ)":"Đạt chuẩn mức 2","Địa chỉ  trường":"Xã Nhị Long ","Thư điện tử":"c2nhilong.canglong@sgdtravinh.edu.vn","Địa chỉ web trường":"http://thcsnhilong.clg.web.vnedu.vn","Số điện thoại trường":"02946523639","layer_id":313,"fid":512,"label":"Trường THCS Nhị Long"}},{"type":"Feature","geometry":{"type":"Point","coordinates":[106.171078441,9.942972518]},"properties":{"Trường THCS":"Trường THCS Hòa Ân","Đơn vị quản lý":" Xã Cầu Kè","Hiệu trưởng":"Phạm Văn Ngợi","Số điện thoại Hiệu trưởng":"0966859171","Loại hình":"Công lập","Loại trường":"Trường phổ thông","Đạt CQG (MĐ)":"Đạt chuẩn mức 1","Địa chỉ  trường":"Xã Cầu Kè","Thư điện tử":"c2hoaan.cauke@sgdtravinh.edu.vn","Địa chỉ web trường":"không có","Số điện thoại trường":"02943813333 (0966859171)","layer_id":313,"fid":513,"label":"Trường THCS Hòa Ân"}},{"type":"Feature","geometry":{"type":"Point","coordinates":[106.061526,9.87659]},"properties":{"Trường THCS":"Trường THCS Cầu Kè","Đơn vị quản lý":" Xã Cầu Kè","Hiệu trưởng":"Nguyễn Văn Sâm","Số điện thoại Hiệu trưởng":"0979793567","Loại hình":"Công lập","Loại trường":"Trường phổ thông","Đạt CQG (MĐ)":"Đạt chuẩn mức 1","Địa chỉ  trường":"Ấp 2, xã Cầu Kè","Thư điện tử":"c2thitran.cauke@sgdtravinh.edu.vn","Địa chỉ web trường":"không có","Số điện thoại trường":"02943834186","layer_id":313,"fid":514,"label":"Trường THCS Cầu Kè"}},{"type":"Feature","geometry":{"type":"Point","coordinates":[106.110335438,9.876922026]},"properties":{"Trường THCS":"Trường THCS Châu Điền","Đơn vị quản lý":" Xã Cầu Kè","Hiệu trưởng":"Nguyễn Văn Cường","Số điện thoại Hiệu trưởng":"0867974478","Loại hình":"Công lập","Loại trường":"Trường phổ thông","Đạt CQG (MĐ)":"Đạt chuẩn mức 1","Địa chỉ  trường":"Xã Cầu Kè","Thư điện tử":"c2chaudien.cauke@sgdtravinh.edu.vn","Địa chỉ web trường":"https://edu.viettel.vn/tvh-thcschaudien","Số điện thoại trường":"0867974478","layer_id":313,"fid":515,"label":"Trường THCS Châu Điền"}},{"type":"Feature","geometry":{"type":"Point","coordinates":[106.060692,9.875381]},"properties":{"Trường THCS":"Trường PTDTNT THCS Cầu Kè","Đơn vị quản lý":" Xã Cầu Kè","Hiệu trưởng":null,"Số điện thoại Hiệu trưởng":null,"Loại hình":"Công lập","Loại trường":"Phổ thông dân tộc nội trú","Đạt CQG (MĐ)":null,"Địa chỉ  trường":"Xã Cầu Kè","Thư điện tử":"ptdtntcauke.cauke@vinhlong.gov.vn","Địa chỉ web trường":"Không có","Số điện thoại trường":"02943834734","layer_id":313,"fid":516,"label":"Trường PTDTNT THCS Cầu Kè"}},{"type":"Feature","geometry":{"type":"Point","coordinates":[106.071644799,9.867401328]},"properties":{"Trường THCS":"Trường THCS Hòa Tân","Đơn vị quản lý":" Xã An Phú Tân","Hiệu trưởng":"Lâm Phước Tuyên","Số điện thoại Hiệu trưởng":"0939061579","Loại hình":"Công lập","Loại trường":"Trường phổ thông","Đạt CQG (MĐ)":"Đạt chuẩn mức 1","Địa chỉ  trường":" Ấp Chông nô 3, Xã An Phú Tân","Thư điện tử":"c2hoatan.cauke@sgdtravinh.edu.vn","Địa chỉ web trường":"https://thcshoatan.web.vnedu.vn","Số điện thoại trường":"0939061579","layer_id":313,"fid":517,"label":"Trường THCS Hòa Tân"}},{"type":"Feature","geometry":{"type":"Point","coordinates":[106.016331,9.876849]},"properties":{"Trường THCS":"Trường THCS An Phú Tân","Đơn vị quản lý":" Xã An Phú Tân","Hiệu trưởng":"Đinh Công Danh","Số điện thoại Hiệu trưởng":"0765709123","Loại hình":"Công lập","Loại trường":"Trường phổ thông","Đạt CQG (MĐ)":null,"Địa chỉ  trường":"Ấp An Trại, Xã An Phú Tân","Thư điện tử":"c2anphutana.cauke@sgdtravinh.edu.vn","Địa chỉ web trường":"Không có","Số điện thoại trường":"Không có","layer_id":313,"fid":518,"label":"Trường THCS An Phú Tân"}},{"type":"Feature","geometry":{"type":"Point","coordinates":[106.095771931,9.849350661]},"properties":{"Trường THCS":"Trường THCS Phong Phú","Đơn vị quản lý":" Xã Phong Thạnh","Hiệu trưởng":"Nguyễn Tiến Đức","Số điện thoại Hiệu trưởng":"0848357848","Loại hình":"Công lập","Loại trường":"Trường phổ thông","Đạt CQG (MĐ)":"Đạt chuẩn mức 1","Địa chỉ  trường":"Xã Phong Thạnh ","Thư điện tử":"c2phongphua.cauke@sgdtravinh.edu.vn","Địa chỉ web trường":"https://thcsphongphu.web.vnedu.vn","Số điện thoại trường":"0848357848 ","layer_id":313,"fid":519,"label":"Trường THCS Phong Phú"}},{"type":"Feature","geometry":{"type":"Point","coordinates":[106.084023,9.80207]},"properties":{"Trường THCS":"Trường THCS Ninh Thới ","Đơn vị quản lý":" Xã Phong Thạnh","Hiệu trưởng":"Mai Văn Năm","Số điện thoại Hiệu trưởng":"0908146874","Loại hình":"Công lập","Loại trường":"Trường phổ thông","Đạt CQG (MĐ)":"Đạt chuẩn mức 1","Địa chỉ  trường":"Ấp Mỹ Văn, xã Phong Thạnh","Thư điện tử":"c2ninhthoia.cauke@sgdtravinh.edu.vn","Địa chỉ web trường":"https://thcsninhthoi.web.vnedu.vn","Số điện thoại trường":"02943817981","layer_id":313,"fid":520,"label":"Trường THCS Ninh Thới "}},{"type":"Feature","geometry":{"type":"Point","coordinates":[106.11823,9.932992]},"properties":{"Trường THCS":"Trường THCS Thạnh Phú","Đơn vị quản lý":" Xã Tam Ngãi","Hiệu trưởng":"Nguyễn Thế Truyền","Số điện thoại Hiệu trưởng":"0939803800","Loại hình":"Công lập","Loại trường":"Trường phổ thông","Đạt CQG (MĐ)":null,"Địa chỉ  trường":"Ấp 3 xã Tam Ngãi","Thư điện tử":"c2thanhphu.cauke@sgdtravinh.edu.vn","Địa chỉ web trường":"Không có","Số điện thoại trường":"02946299899","layer_id":313,"fid":521,"label":"Trường THCS Thạnh Phú"}},{"type":"Feature","geometry":{"type":"Point","coordinates":[106.025424305,9.901843409]},"properties":{"Trường THCS":"Trường THCS Tam Ngãi","Đơn vị quản lý":" Xã Tam Ngãi","Hiệu trưởng":"Nguyễn Trường Thọ","Số điện thoại Hiệu trưởng":"0377374999","Loại hình":"Công lập","Loại trường":"Trường phổ thông","Đạt CQG (MĐ)":null,"Địa chỉ  trường":"Xã Tam Ngãi","Thư điện tử":"c2tamngai.cauke@sdgtravinh.edu.vn","Địa chỉ web trường":null,"Số điện thoại trường":"02943.719.920","layer_id":313,"fid":522,"label":"Trường THCS Tam Ngãi"}},{"type":"Feature","geometry":{"type":"Point","coordinates":[106.07623383,9.928257058]},"properties":{"Trường THCS":"Trường THCS Thông Hòa","Đơn vị quản lý":" Xã Tam Ngãi","Hiệu trưởng":"Trần Chiến Trường","Số điện thoại Hiệu trưởng":"0975972973","Loại hình":"Công lập","Loại trường":"Trường phổ thông","Đạt CQG (MĐ)":null,"Địa chỉ  trường":"Xã Tam Ngãi","Thư điện tử":"c2thonghoa.cauke@sgdtravinh.edu.vn","Địa chỉ web trường":null,"Số điện thoại trường":null,"layer_id":313,"fid":523,"label":"Trường THCS Thông Hòa"}},{"type":"Feature","geometry":{"type":"Point","coordinates":[106.185289117,9.85701697]},"properties":{"Trường THCS":"Trường THCS Hiếu Trung","Đơn vị quản lý":" Xã Tiểu Cần","Hiệu trưởng":"HUỲNH THỊ THI","Số điện thoại Hiệu trưởng":"0989318717","Loại hình":"Công lập","Loại trường":"Trường phổ thông","Đạt CQG (MĐ)":"Đạt chuẩn mức 1","Địa chỉ  trường":"Xã Tiểu Cần","Thư điện tử":"thcs.hieutrungtctv@gmail.com","Địa chỉ web trường":null,"Số điện thoại trường":"02942217702","layer_id":313,"fid":524,"label":"Trường THCS Hiếu Trung"}},{"type":"Feature","geometry":{"type":"Point","coordinates":[106.201061148,9.809454842]},"properties":{"Trường THCS":"Trường THCS Tiểu Cần","Đơn vị quản lý":" Xã Tiểu Cần","Hiệu trưởng":"MAI VĂN HIỆP","Số điện thoại Hiệu trưởng":"0965058866","Loại hình":"Công lập","Loại trường":"Trường phổ thông","Đạt CQG (MĐ)":"Đạt chuẩn mức 2","Địa chỉ  trường":"Xã Tiểu Cần","Thư điện tử":"thcs.tieucantctv@gmail.com","Địa chỉ web trường":"http://thcs.tieucantctv.web.vnedu.vn/","Số điện thoại trường":"02943612683 (0965058866)","layer_id":313,"fid":526,"label":"Trường THCS Tiểu Cần"}},{"type":"Feature","geometry":{"type":"Point","coordinates":[106.207607419,9.765017919]},"properties":{"Trường THCS":"Trường THCS Hùng Hòa","Đơn vị quản lý":" Xã Hùng Hòa","Hiệu trưởng":"Nguyễn Ngọc Nhàn","Số điện thoại Hiệu trưởng":"0917254026","Loại hình":"Công lập","Loại trường":"Trường phổ thông","Đạt CQG (MĐ)":"Đạt chuẩn mức 1","Địa chỉ  trường":"xã Hùng Hòa","Thư điện tử":"thcshunghoa.hunghoa@vinhlong.gov.vn","Địa chỉ web trường":"http://thcs.hunghoa.web.vnedu.vn","Số điện thoại trường":"02943640540","layer_id":313,"fid":527,"label":"Trường THCS Hùng Hòa"}},{"type":"Feature","geometry":{"type":"Point","coordinates":[106.256789067,9.784908109]},"properties":{"Trường THCS":"Trường THCS Ngãi Hùng","Đơn vị quản lý":" Xã Hùng Hòa","Hiệu trưởng":"Nguyễn Chí Dũng","Số điện thoại Hiệu trưởng":"0939832994","Loại hình":"Công lập","Loại trường":"Trường phổ thông","Đạt CQG (MĐ)":"Đạt chuẩn mức 1","Địa chỉ  trường":"Xã Hùng Hòa","Thư điện tử":"thcsngaihung.hunghoa@vinhlong.gov.vn","Địa chỉ web trường":null,"Số điện thoại trường":"02943618028","layer_id":313,"fid":528,"label":"Trường THCS Ngãi Hùng"}},{"type":"Feature","geometry":{"type":"Point","coordinates":[106.203854608,9.794561252]},"properties":{"Trường THCS":"Trường THCS Tân Hùng","Đơn vị quản lý":" Xã Hùng Hòa","Hiệu trưởng":"Huỳnh Văn Quốc","Số điện thoại Hiệu trưởng":"0938656916","Loại hình":"Công lập","Loại trường":"Trường phổ thông","Đạt CQG (MĐ)":null,"Địa chỉ  trường":"xã Hùng Hòa","Thư điện tử":"thcs.tanhungtctv@gmail.com","Địa chỉ web trường":null,"Số điện thoại trường":"0347999065","layer_id":313,"fid":529,"label":"Trường THCS Tân Hùng"}},{"type":"Feature","geometry":{"type":"Point","coordinates":[106.251537988,9.813974955]},"properties":{"Trường THCS":"Trường THCS Tập Ngãi","Đơn vị quản lý":" Xã Tập Ngãi","Hiệu trưởng":null,"Số điện thoại Hiệu trưởng":null,"Loại hình":"Công lập","Loại trường":"Trường phổ thông","Đạt CQG (MĐ)":"Đạt chuẩn mức 1","Địa chỉ  trường":"Xã Tập Ngãi","Thư điện tử":"thcs.tapngaitctv@gmail.com","Địa chỉ web trường":null,"Số điện thoại trường":"02943618029","layer_id":313,"fid":531,"label":"Trường THCS Tập Ngãi"}},{"type":"Feature","geometry":{"type":"Point","coordinates":[106.132824677,9.769512475]},"properties":{"Trường THCS":"Trường THCS Cầu Quan","Đơn vị quản lý":" Xã Tân Hòa","Hiệu trưởng":"LÊ THÀNH LỘC","Số điện thoại Hiệu trưởng":"0961540540","Loại hình":"Công lập","Loại trường":"Trường phổ thông","Đạt CQG (MĐ)":"Đạt chuẩn mức 1","Địa chỉ  trường":"Khóm 1, Xã Tân Hòa","Thư điện tử":"thcs.cauquantctv@gmail.com","Địa chỉ web trường":"http://thcscauquan.web.vnedu.vn","Số điện thoại trường":"02943824950","layer_id":313,"fid":532,"label":"Trường THCS Cầu Quan"}},{"type":"Feature","geometry":{"type":"Point","coordinates":[106.153334638,9.774935031]},"properties":{"Trường THCS":"Trường THCS Tân Hòa","Đơn vị quản lý":" Xã Tân Hòa","Hiệu trưởng":"Lý Văn Sở","Số điện thoại Hiệu trưởng":"0987197854","Loại hình":"Công lập","Loại trường":"Trường phổ thông","Đạt CQG (MĐ)":"Đạt chuẩn mức 1","Địa chỉ  trường":"Xã Tân Hòa","Thư điện tử":"thcs.tanhoatctv@gmail.com","Địa chỉ web trường":"http://thcstanhoa.web.vnedu.vn","Số điện thoại trường":"0987197854","layer_id":313,"fid":533,"label":"Trường THCS Tân Hòa"}},{"type":"Feature","geometry":{"type":"Point","coordinates":[106.164616294,9.784575911]},"properties":{"Trường THCS":"Trường THCS Long Thới","Đơn vị quản lý":" Xã Tân Hòa","Hiệu trưởng":"TRẦN AN TRƯỜNG","Số điện thoại Hiệu trưởng":"0909974180","Loại hình":"Công lập","Loại trường":"Trường phổ thông","Đạt CQG (MĐ)":"Đạt chuẩn mức 1","Địa chỉ  trường":"Xã Tân Hòa","Thư điện tử":"thcs.longthoitctv@gmail.com","Địa chỉ web trường":"https://edu.viettel.vn/tvh-thcslongthoi","Số điện thoại trường":"02946271707","layer_id":313,"fid":534,"label":"Trường THCS Long Thới"}},{"type":"Feature","geometry":{"type":"Point","coordinates":[106.304982251,9.812925412]},"properties":{"Trường THCS":"Trường THCS Thanh Mỹ","Đơn vị quản lý":" Xã Châu Thành","Hiệu trưởng":"Lưu Văn Điền","Số điện thoại Hiệu trưởng":"0369682329","Loại hình":"Công lập","Loại trường":"Trường phổ thông","Đạt CQG (MĐ)":"Đạt chuẩn mức 1","Địa chỉ  trường":"Xã Châu Thành","Thư điện tử":"c2thanhmy.chauthanh@sgdtravinh.edu.vn","Địa chỉ web trường":"http://thcsthanhmy.sgdtravinh.edu.vn","Số điện thoại trường":"02943891086","layer_id":313,"fid":535,"label":"Trường THCS Thanh Mỹ"}},{"type":"Feature","geometry":{"type":"Point","coordinates":[106.344993,9.885372]},"properties":{"Trường THCS":"Trường THCS Châu Thành ","Đơn vị quản lý":" Xã Châu Thành","Hiệu trưởng":"Võ Thành Tâm","Số điện thoại Hiệu trưởng":"0393800163","Loại hình":"Công lập","Loại trường":"Trường phổ thông","Đạt CQG (MĐ)":null,"Địa chỉ  trường":"Ấp 4 - xã Châu Thành","Thư điện tử":"c2thitranchauthanh.chauthanh@sgdtravinh.edu.vn","Địa chỉ web trường":"http://thcsttchauthanh.sgdtravinh.edu.vn","Số điện thoại trường":"02943872147","layer_id":313,"fid":536,"label":"Trường THCS Châu Thành "}},{"type":"Feature","geometry":{"type":"Point","coordinates":[106.353665589,9.841330126]},"properties":{"Trường THCS":"Trường THCS Đa Lộc","Đơn vị quản lý":" Xã Châu Thành","Hiệu trưởng":"Phan Văn Khoa","Số điện thoại Hiệu trưởng":"0936292171","Loại hình":"Công lập","Loại trường":"Trường phổ thông","Đạt CQG (MĐ)":null,"Địa chỉ  trường":"ấp Hương Phụ B, Xã Châu Thành","Thư điện tử":"c2daloc.chauthanh@sgdtravinh.edu.vn","Địa chỉ web trường":"http://thcsdaloc.sgdtravinh.edu.vn","Số điện thoại trường":"02943791010","layer_id":313,"fid":537,"label":"Trường THCS Đa Lộc"}},{"type":"Feature","geometry":{"type":"Point","coordinates":[106.351,9.823]},"properties":{"Trường THCS":"Trường Cấp 1-2 Đoàn Công Chánh","Đơn vị quản lý":" Xã Châu Thành","Hiệu trưởng":"PHAN VĂN LƯỠNG","Số điện thoại Hiệu trưởng":"0983851706","Loại hình":"Công lập","Loại trường":"Trường phổ thông","Đạt CQG (MĐ)":null,"Địa chỉ  trường":"Xã Châu Thành","Thư điện tử":"c2mychanh.chauthanh@sgdtravinh.edu.vn","Địa chỉ web trường":"http://thcsdoancongchanh.sgdtravinh.edu.vn","Số điện thoại trường":"02943791560","layer_id":313,"fid":538,"label":"Trường Cấp 1-2 Đoàn Công Chánh"}},{"type":"Feature","geometry":{"type":"Point","coordinates":[106.346214,9.885989]},"properties":{"Trường THCS":"Trường PTDTNT THCS Châu Thành","Đơn vị quản lý":" Xã Châu Thành","Hiệu trưởng":"Huỳnh Thị Kim Hương","Số điện thoại Hiệu trưởng":"0979150778","Loại hình":"Công lập","Loại trường":"Phổ thông dân tộc nội trú","Đạt CQG (MĐ)":"Đạt chuẩn mức 1","Địa chỉ  trường":"Xã Châu Thành","Thư điện tử":"ptdtntchauthanh@sgdtravinh.edu.vn","Địa chỉ web trường":"ptdtntchauthanh.sgdtravinh.edu.vn","Số điện thoại trường":"02943872409","layer_id":313,"fid":539,"label":"Trường PTDTNT THCS Châu Thành"}},{"type":"Feature","geometry":{"type":"Point","coordinates":[106.312430808,9.905838425]},"properties":{"Trường THCS":"Trường THCS Lương Hòa","Đơn vị quản lý":" Xã Song Lộc","Hiệu trưởng":"Lê Kinh Luân","Số điện thoại Hiệu trưởng":"0347880363","Loại hình":"Công lập","Loại trường":"Trường phổ thông","Đạt CQG (MĐ)":"Đạt chuẩn mức 1","Địa chỉ  trường":"Xã Song Lộc","Thư điện tử":null,"Địa chỉ web trường":null,"Số điện thoại trường":null,"layer_id":313,"fid":540,"label":"Trường THCS Lương Hòa"}},{"type":"Feature","geometry":{"type":"Point","coordinates":[106.25632166,9.894506994]},"properties":{"Trường THCS":"Trường THCS Song Lộc","Đơn vị quản lý":" Xã Song Lộc","Hiệu trưởng":"Trần Văn Phú","Số điện thoại Hiệu trưởng":"0939302731","Loại hình":"Công lập","Loại trường":"Trường phổ thông","Đạt CQG (MĐ)":null,"Địa chỉ  trường":"Xã Song Lộc","Thư điện tử":null,"Địa chỉ web trường":null,"Số điện thoại trường":null,"layer_id":313,"fid":541,"label":"Trường THCS Song Lộc"}},{"type":"Feature","geometry":{"type":"Point","coordinates":[106.36150694,9.944421911]},"properties":{"Trường THCS":"Trường THCS Hòa Thuận","Đơn vị quản lý":" Phường Hòa Thuận","Hiệu trưởng":"HUỲNH THỤY THÚY","Số điện thoại Hiệu trưởng":"0909399444","Loại hình":"Công lập","Loại trường":"Trường phổ thông","Đạt CQG (MĐ)":null,"Địa chỉ  trường":"Phường Hòa Thuận","Thư điện tử":"c2hoathuan.chauthanh@sgdtravinh.edu.vn","Địa chỉ web trường":"http://thcshoathuan.sgdtravinh.edu.vn","Số điện thoại trường":"02943853568","layer_id":313,"fid":542,"label":"Trường THCS Hòa Thuận"}},{"type":"Feature","geometry":{"type":"Point","coordinates":[106.396909151,9.879413694]},"properties":{"Trường THCS":"Trường THCS Trương Văn Trì","Đơn vị quản lý":" Xã Hưng Mỹ","Hiệu trưởng":"Trần Đông","Số điện thoại Hiệu trưởng":"0988839840","Loại hình":"Công lập","Loại trường":"Trường phổ thông","Đạt CQG (MĐ)":null,"Địa chỉ  trường":"Xã Hưng Mỹ","Thư điện tử":"c2phuochao.chauthanh@sgdtravinh.edu.vn","Địa chỉ web trường":"http://thcstruongvantri.sgdtravinh.edu.vn","Số điện thoại trường":"02943890447","layer_id":313,"fid":543,"label":"Trường THCS Trương Văn Trì"}},{"type":"Feature","geometry":{"type":"Point","coordinates":[106.41892,9.904114]},"properties":{"Trường THCS":"Trường THCS Hưng Mỹ","Đơn vị quản lý":" Xã Hưng Mỹ","Hiệu trưởng":"Nguyễn Thanh Nhàn","Số điện thoại Hiệu trưởng":"0987857186","Loại hình":"Công lập","Loại trường":"Trường phổ thông","Đạt CQG (MĐ)":"Đạt chuẩn mức 1","Địa chỉ  trường":"Số 11, đường xóm chợ, ấp Rạch Vồn, Xã Hưng Mỹ, Vĩnh Long","Thư điện tử":"c2hungmy.chauthanh@sgdtravinh.edu.vn","Địa chỉ web trường":"http://thcshungmy.sgdtravinh.edu.vn","Số điện thoại trường":"02943.599336","layer_id":313,"fid":544,"label":"Trường THCS Hưng Mỹ"}},{"type":"Feature","geometry":{"type":"Point","coordinates":[106.435371,9.928378]},"properties":{"Trường THCS":"Trường THCS Hòa Minh ","Đơn vị quản lý":" Xã Hòa Minh","Hiệu trưởng":"Hồ Văn Giang","Số điện thoại Hiệu trưởng":"0977027223","Loại hình":"Công lập","Loại trường":"Trường phổ thông","Đạt CQG (MĐ)":"Đạt chuẩn mức 1","Địa chỉ  trường":"Ấp Long Hưng I, Xã Hòa Minh","Thư điện tử":"c2hoaminhb.chauthanh@sgdtravinh.edu.vn","Địa chỉ web trường":"http://thcshoaminhb.sgdtravinh.edu.vn","Số điện thoại trường":"02943899005","layer_id":313,"fid":545,"label":"Trường THCS Hòa Minh "}},{"type":"Feature","geometry":{"type":"Point","coordinates":[106.525198872,9.895238392]},"properties":{"Trường THCS":"Trường THCS Long Hòa","Đơn vị quản lý":" Xã Long Hòa","Hiệu trưởng":"Hứa Văn Phúc","Số điện thoại Hiệu trưởng":"0919480713","Loại hình":"Công lập","Loại trường":"Trường phổ thông","Đạt CQG (MĐ)":null,"Địa chỉ  trường":"Xã Long Hòa","Thư điện tử":"c2longhoa.chauthanh@sgdtravinh.edu.vn","Địa chỉ web trường":"http://thcslonghoa.sgdtravinh.edu.vn","Số điện thoại trường":"02943799157","layer_id":313,"fid":546,"label":"Trường THCS Long Hòa"}},{"type":"Feature","geometry":{"type":"Point","coordinates":[106.453196459,9.792289123]},"properties":{"Trường THCS":"Trường THCS CẦU NGANG","Đơn vị quản lý":" Xã Cầu Ngang","Hiệu trưởng":"Nguyễn Phúc Đức","Số điện thoại Hiệu trưởng":"0915954772","Loại hình":"Công lập","Loại trường":"Trường phổ thông","Đạt CQG (MĐ)":"Đạt chuẩn mức 1","Địa chỉ  trường":"Xã Cầu Ngang","Thư điện tử":null,"Địa chỉ web trường":null,"Số điện thoại trường":null,"layer_id":313,"fid":547,"label":"Trường THCS CẦU NGANG"}},{"type":"Feature","geometry":{"type":"Point","coordinates":[106.500192484,9.835004645]},"properties":{"Trường THCS":"Trường THCS Mỹ Hòa","Đơn vị quản lý":" Xã Cầu Ngang","Hiệu trưởng":null,"Số điện thoại Hiệu trưởng":null,"Loại hình":"Công lập","Loại trường":"Trường phổ thông","Đạt CQG (MĐ)":"Đạt chuẩn mức 1","Địa chỉ  trường":"xã cầu ngang","Thư điện tử":"thcsmyhoa.caungang@vinhlong.gov.vn Hoặc c2myhoa.caungang@sgdtravinh.edu.vn","Địa chỉ web trường":"http://thcsmyhoa.pgdcaungang.edu.vn/gioi-thieu/","Số điện thoại trường":null,"layer_id":313,"fid":548,"label":"Trường THCS Mỹ Hòa"}},{"type":"Feature","geometry":{"type":"Point","coordinates":[106.43485867,9.780685051]},"properties":{"Trường THCS":"Trường PT DTNT THCS  Cầu Ngang","Đơn vị quản lý":" Xã Cầu Ngang","Hiệu trưởng":"Thạch Sa","Số điện thoại Hiệu trưởng":"0384304403","Loại hình":"Công lập","Loại trường":"Trường phổ thông","Đạt CQG (MĐ)":"Đạt chuẩn mức 2","Địa chỉ  trường":"Xã Cầu Ngang","Thư điện tử":null,"Địa chỉ web trường":null,"Số điện thoại trường":null,"layer_id":313,"fid":549,"label":"Trường PT DTNT THCS  Cầu Ngang"}},{"type":"Feature","geometry":{"type":"Point","coordinates":[106.479008932,9.81427628]},"properties":{"Trường THCS":"Trường THCS MỸ LONG BẮC","Đơn vị quản lý":" Xã Mỹ Long","Hiệu trưởng":"Trần Văn Bảy","Số điện thoại Hiệu trưởng":"0356459005","Loại hình":"Công lập","Loại trường":"Trường phổ thông","Đạt CQG (MĐ)":"Đạt chuẩn mức 1","Địa chỉ  trường":"xã Mỹ Long","Thư điện tử":"thcsmylongbac.mylong@vinhlong.gov.vn","Địa chỉ web trường":"http://thcsmylongbac.pgdcaungang.edu.vn","Số điện thoại trường":"0356459005","layer_id":313,"fid":550,"label":"Trường THCS MỸ LONG BẮC"}},{"type":"Feature","geometry":{"type":"Point","coordinates":[106.522119863,9.749749159]},"properties":{"Trường THCS":"Trường THCS Nguyễn Văn Cống ","Đơn vị quản lý":" Xã Mỹ Long","Hiệu trưởng":"Đoàn Ngọc Mười","Số điện thoại Hiệu trưởng":"0763192691","Loại hình":"Công lập","Loại trường":"Trường phổ thông","Đạt CQG (MĐ)":null,"Địa chỉ  trường":"Xã Mỹ Long","Thư điện tử":" thcsnguyenvancong.mylong@vinhlong.gov.vn","Địa chỉ web trường":"http: //thcsnguyenvancong.pgdcaungang.edu.vn","Số điện thoại trường":"0901026909","layer_id":313,"fid":551,"label":"Trường THCS Nguyễn Văn Cống "}},{"type":"Feature","geometry":{"type":"Point","coordinates":[106.508603116,9.808893568]},"properties":{"Trường THCS":"Trường THCS  Mỹ Long","Đơn vị quản lý":" Xã Mỹ Long","Hiệu trưởng":"Huỳnh Văn Phương","Số điện thoại Hiệu trưởng":"0974750338","Loại hình":"Công lập","Loại trường":"Trường phổ thông","Đạt CQG (MĐ)":"Đạt chuẩn mức 1","Địa chỉ  trường":"Xã Mỹ Long","Thư điện tử":"thcsttmylong@gmail.com","Địa chỉ web trường":"http://thcsttmylong.pgdcaungang.edu.vn","Số điện thoại trường":"0974750338","layer_id":313,"fid":552,"label":"Trường THCS  Mỹ Long"}},{"type":"Feature","geometry":{"type":"Point","coordinates":[106.456147913,9.838340443]},"properties":{"Trường THCS":"Trường THCS Vinh Kim VINH KIM","Đơn vị quản lý":" Xã Vinh Kim","Hiệu trưởng":"Lâm Thị Thanh Trúc","Số điện thoại Hiệu trưởng":"0349008102","Loại hình":"Công lập","Loại trường":"Trường phổ thông","Đạt CQG (MĐ)":"Đạt chuẩn mức 1","Địa chỉ  trường":"Xã Vinh Kim","Thư điện tử":"vinhkimthcscn@gmail.com","Địa chỉ web trường":"https://thcsvinhkim.web.vnedu.vn/","Số điện thoại trường":"02943827013","layer_id":313,"fid":553,"label":"Trường THCS Vinh Kim VINH KIM"}},{"type":"Feature","geometry":{"type":"Point","coordinates":[106.409335821,9.827151104]},"properties":{"Trường THCS":"Trường THCS Sơn Vọng","Đơn vị quản lý":" Xã Vinh Kim","Hiệu trưởng":"Lê Quốc Hội","Số điện thoại Hiệu trưởng":"0981333490","Loại hình":"Công lập","Loại trường":"Trường phổ thông","Đạt CQG (MĐ)":null,"Địa chỉ  trường":"xã Vinh Kim ","Thư điện tử":null,"Địa chỉ web trường":null,"Số điện thoại trường":null,"layer_id":313,"fid":554,"label":"Trường THCS Sơn Vọng"}},{"type":"Feature","geometry":{"type":"Point","coordinates":[106.415998931,9.797305731]},"properties":{"Trường THCS":"Trường THCS Hiệp Hòa","Đơn vị quản lý":" Xã Nhị Trường","Hiệu trưởng":null,"Số điện thoại Hiệu trưởng":null,"Loại hình":"Công lập","Loại trường":"Trường phổ thông","Đạt CQG (MĐ)":null,"Địa chỉ  trường":"xã Nhị Trường ","Thư điện tử":"thcshiephoa.nhitruong@vinhlong.gov.vn","Địa chỉ web trường":"http://thcshiephoa.pgddtcaungang.edu.vn","Số điện thoại trường":null,"layer_id":313,"fid":555,"label":"Trường THCS Hiệp Hòa"}},{"type":"Feature","geometry":{"type":"Point","coordinates":[106.38951,9.75748]},"properties":{"Trường THCS":"Trường THCS Nhị Trường","Đơn vị quản lý":" Xã Nhị Trường","Hiệu trưởng":"Trần Văn Tùng","Số điện thoại Hiệu trưởng":"0917917204","Loại hình":"Công lập","Loại trường":"Trường phổ thông","Đạt CQG (MĐ)":null,"Địa chỉ  trường":"Ấp Nô Lựa A, Xã Nhị Trường","Thư điện tử":"thcsnhitruong@gmail.com","Địa chỉ web trường":"http://thcsnhitruong.pgdcaungang.edu.vn","Số điện thoại trường":"02946538555","layer_id":313,"fid":556,"label":"Trường THCS Nhị Trường"}},{"type":"Feature","geometry":{"type":"Point","coordinates":[106.489460563,9.757435705]},"properties":{"Trường THCS":"Trường THCS Hiệp Mỹ Đông","Đơn vị quản lý":" Xã Hiệp Mỹ","Hiệu trưởng":"Nguyễn Minh Thuận","Số điện thoại Hiệu trưởng":null,"Loại hình":"Công lập","Loại trường":"Trường phổ thông","Đạt CQG (MĐ)":"Đạt chuẩn mức 1","Địa chỉ  trường":"xã Hiệp Mỹ","Thư điện tử":null,"Địa chỉ web trường":null,"Số điện thoại trường":null,"layer_id":313,"fid":558,"label":"Trường THCS Hiệp Mỹ Đông"}},{"type":"Feature","geometry":{"type":"Point","coordinates":[106.358841114,9.797284216]},"properties":{"Trường THCS":"Trường THCS Long Sơn","Đơn vị quản lý":" Xã Hiệp Mỹ","Hiệu trưởng":"Trịnh Hồng Quang","Số điện thoại Hiệu trưởng":"0869057067","Loại hình":"Công lập","Loại trường":"Trường phổ thông","Đạt CQG (MĐ)":null,"Địa chỉ  trường":"xã Hiệp Mỹ","Thư điện tử":"longsonthcs@gmail.com","Địa chỉ web trường":null,"Số điện thoại trường":null,"layer_id":313,"fid":559,"label":"Trường THCS Long Sơn"}},{"type":"Feature","geometry":{"type":"Point","coordinates":[106.481758996,9.715092791]},"properties":{"Trường THCS":"Trường THCS Hiệp Mỹ Tây","Đơn vị quản lý":" Xã Hiệp Mỹ","Hiệu trưởng":"Trần Văn Trọn","Số điện thoại Hiệu trưởng":"0389758373","Loại hình":"Công lập","Loại trường":"Trường phổ thông","Đạt CQG (MĐ)":"Đạt chuẩn mức 2","Địa chỉ  trường":"xã Hiệp Mỹ ","Thư điện tử":null,"Địa chỉ web trường":null,"Số điện thoại trường":null,"layer_id":313,"fid":560,"label":"Trường THCS Hiệp Mỹ Tây"}},{"type":"Feature","geometry":{"type":"Point","coordinates":[106.258578595,9.701216794]},"properties":{"Trường THCS":"Trường Trung học cơ sở Trà Cú","Đơn vị quản lý":" Xã Trà Cú","Hiệu trưởng":"Chao Thành Hoang","Số điện thoại Hiệu trưởng":"0977153897","Loại hình":"Công lập","Loại trường":"Trường phổ thông","Đạt CQG (MĐ)":"Đạt chuẩn mức 2","Địa chỉ  trường":"Xã Trà Cú","Thư điện tử":null,"Địa chỉ web trường":null,"Số điện thoại trường":null,"layer_id":313,"fid":561,"label":"Trường Trung học cơ sở Trà Cú"}},{"type":"Feature","geometry":{"type":"Point","coordinates":[106.288264095,9.685640122]},"properties":{"Trường THCS":"Trường THCS Thanh Sơn","Đơn vị quản lý":" Xã Trà Cú","Hiệu trưởng":"Châu Thị Hoàng Yến","Số điện thoại Hiệu trưởng":"0768964225","Loại hình":"Công lập","Loại trường":"Trường phổ thông","Đạt CQG (MĐ)":"Đạt chuẩn mức 1","Địa chỉ  trường":"Xã Trà Cú","Thư điện tử":"thcsthanhson.tracu@vinhlong.gov.vn","Địa chỉ web trường":"http://thcsthanhson.web.vnedu.vn","Số điện thoại trường":"02943676155","layer_id":313,"fid":562,"label":"Trường THCS Thanh Sơn"}},{"type":"Feature","geometry":{"type":"Point","coordinates":[106.25017,9.736518]},"properties":{"Trường THCS":"Trường THCS Tập Sơn","Đơn vị quản lý":" Xã Tập Sơn","Hiệu trưởng":"Trần Thị Kiều Oanh","Số điện thoại Hiệu trưởng":"0988053005","Loại hình":"Công lập","Loại trường":"Trường phổ thông","Đạt CQG (MĐ)":null,"Địa chỉ  trường":"ấp Chợ, xã Tập Sơn","Thư điện tử":"thcstapson.tapson@vinhlong.gov.vn","Địa chỉ web trường":"http://thcstapson.pgdtracu.edu.vn/","Số điện thoại trường":"02943879294","layer_id":313,"fid":563,"label":"Trường THCS Tập Sơn"}},{"type":"Feature","geometry":{"type":"Point","coordinates":[106.310673,9.760813]},"properties":{"Trường THCS":"Trường THCS Phước Hưng","Đơn vị quản lý":" Xã Tập Sơn","Hiệu trưởng":"Hồng Diệp Thanh Tòng","Số điện thoại Hiệu trưởng":"0981443778","Loại hình":"Công lập","Loại trường":"Trường phổ thông","Đạt CQG (MĐ)":null,"Địa chỉ  trường":"ấp Phước Hưng, xã Tập Sơn","Thư điện tử":"thcsphuochung.tapson@vinhlong.gov.vn","Địa chỉ web trường":"http:/thcsphuochung.vinhlong.edu.vn","Số điện thoại trường":"02943877114","layer_id":313,"fid":564,"label":"Trường THCS Phước Hưng"}},{"type":"Feature","geometry":{"type":"Point","coordinates":[106.22086,9.73362]},"properties":{"Trường THCS":"Trường THCS Tân Sơn","Đơn vị quản lý":" Xã Tập Sơn","Hiệu trưởng":"Lâm Văn Nghiệp","Số điện thoại Hiệu trưởng":"0967797984","Loại hình":"Công lập","Loại trường":"Trường phổ thông","Đạt CQG (MĐ)":null,"Địa chỉ  trường":"xã Tập Sơn","Thư điện tử":"thcstanson.tapson@vinhlong.gov.vn","Địa chỉ web trường":"thcstanson.pgdtracu.edu.vn","Số điện thoại trường":"02943660111","layer_id":313,"fid":565,"label":"Trường THCS Tân Sơn"}},{"type":"Feature","geometry":{"type":"Point","coordinates":[106.183057,9.723626]},"properties":{"Trường THCS":"Trường THCS An Quảng Hữu","Đơn vị quản lý":" Xã Lưu Nghiệp Anh","Hiệu trưởng":"Kim Hoàng Nam","Số điện thoại Hiệu trưởng":"0964079289","Loại hình":"Công lập","Loại trường":"Trường phổ thông","Đạt CQG (MĐ)":null,"Địa chỉ  trường":"ấp Sóc Tro Giữa, xã Lưu Nghiệp Anh","Thư điện tử":"thcsanquanghuu.luunghiepanh@vinhlong.gov.vn","Địa chỉ web trường":"http://thcsanquanghuu.web.vnedu.vn","Số điện thoại trường":"02943870161","layer_id":313,"fid":566,"label":"Trường THCS An Quảng Hữu"}},{"type":"Feature","geometry":{"type":"Point","coordinates":[106.219511075,9.699761375]},"properties":{"Trường THCS":"Trường THCS Lưu Nghiệp Anh","Đơn vị quản lý":" Xã Lưu Nghiệp Anh","Hiệu trưởng":"Nguyễn Văn Cẩu","Số điện thoại Hiệu trưởng":"0975865959","Loại hình":"Công lập","Loại trường":"Trường phổ thông","Đạt CQG (MĐ)":"Đạt chuẩn mức 1","Địa chỉ  trường":"xã Lưu Nghiệp Anh","Thư điện tử":"2luunghiepanh.tracu@sgdtravinh.edu.vn","Địa chỉ web trường":"https://thcsluunghiepanh.web.vnedu.vn/","Số điện thoại trường":"02943871196","layer_id":313,"fid":567,"label":"Trường THCS Lưu Nghiệp Anh"}},{"type":"Feature","geometry":{"type":"Point","coordinates":[106.294317,9.665567]},"properties":{"Trường THCS":"Trường THCS Hàm Giang","Đơn vị quản lý":" Xã Hàm Giang","Hiệu trưởng":"Thạch Tấn Thành","Số điện thoại Hiệu trưởng":"0386435699","Loại hình":"Công lập","Loại trường":"Trường phổ thông","Đạt CQG (MĐ)":null,"Địa chỉ  trường":"ấp Chợ, xã Hàm Giang","Thư điện tử":"c2hamgiang.tracu@sgdtravinh.edu.vn","Địa chỉ web trường":"http://thcshamgiang.pdgtracu.edu.vn","Số điện thoại trường":"02943878085","layer_id":313,"fid":568,"label":"Trường THCS Hàm Giang"}},{"type":"Feature","geometry":{"type":"Point","coordinates":[106.253188814,9.67588111]},"properties":{"Trường THCS":"Trường THCS Kim Sơn","Đơn vị quản lý":" Xã Hàm Giang","Hiệu trưởng":"Châu Thanh Hậu","Số điện thoại Hiệu trưởng":"0868491313","Loại hình":"Công lập","Loại trường":"Trường phổ thông","Đạt CQG (MĐ)":null,"Địa chỉ  trường":"xã Hàm Giang","Thư điện tử":"thcskimson.hamgiang@vinhlong.gov.vn","Địa chỉ web trường":"http://thcskimson.web.vnedu.vn","Số điện thoại trường":"02943676037","layer_id":313,"fid":569,"label":"Trường THCS Kim Sơn"}},{"type":"Feature","geometry":{"type":"Point","coordinates":[106.291493056,9.622078097]},"properties":{"Trường THCS":"Trường THCS Định An","Đơn vị quản lý":" Xã Đại An","Hiệu trưởng":"Nguyễn Văn Lượng","Số điện thoại Hiệu trưởng":"0985686303","Loại hình":"Công lập","Loại trường":"Trường phổ thông","Đạt CQG (MĐ)":"Đạt chuẩn mức 1","Địa chỉ  trường":"Ấp Làng Cá, xã Đại An","Thư điện tử":"c2thitrandinhan.tracu@sgdtravinh.edu.vn","Địa chỉ web trường":"http://thcsdinhan.pgdtracu.edu.vn","Số điện thoại trường":"02943686626","layer_id":313,"fid":570,"label":"Trường THCS Định An"}},{"type":"Feature","geometry":{"type":"Point","coordinates":[106.30640976,9.640221085]},"properties":{"Trường THCS":"Trường THCS Đại An","Đơn vị quản lý":" Xã Đại An","Hiệu trưởng":"CAO HOÀNG NAM","Số điện thoại Hiệu trưởng":"0984509766","Loại hình":"Công lập","Loại trường":"Trường phổ thông","Đạt CQG (MĐ)":"Đạt chuẩn mức 1","Địa chỉ  trường":"Đại An","Thư điện tử":"c2daian.tracu@sgdtravinh.edu.vn","Địa chỉ web trường":"http://thcsdaian.pgdtracu.edu.vn","Số điện thoại trường":"02943608999","layer_id":313,"fid":571,"label":"Trường THCS Đại An"}},{"type":"Feature","geometry":{"type":"Point","coordinates":[106.343286892,9.64515578]},"properties":{"Trường THCS":"Trường Trung học cơ sở Đôn Xuân ","Đơn vị quản lý":" Xã Đôn Châu","Hiệu trưởng":"Kiên Ma Ra","Số điện thoại Hiệu trưởng":"0355655279","Loại hình":"Công lập","Loại trường":"Trường phổ thông","Đạt CQG (MĐ)":"Đạt chuẩn mức 2","Địa chỉ  trường":"xã Đôn Châu ","Thư điện tử":"c2donxuan.duyenhai@sgdtravinh.edu.vn","Địa chỉ web trường":"http://thcsdonxuan.pgddthuyenduyenhai.edu.vn/","Số điện thoại trường":"02943591567","layer_id":313,"fid":572,"label":"Trường Trung học cơ sở Đôn Xuân "}},{"type":"Feature","geometry":{"type":"Point","coordinates":[106.384251325,9.658454665]},"properties":{"Trường THCS":"Trường Trung học cơ sở Đôn Châu","Đơn vị quản lý":" Xã Đôn Châu","Hiệu trưởng":"Trần Tấn Đạt","Số điện thoại Hiệu trưởng":"0919849282","Loại hình":"Công lập","Loại trường":"Trường phổ thông","Đạt CQG (MĐ)":"Đạt chuẩn mức 2","Địa chỉ  trường":"Xã Đôn Châu ","Thư điện tử":"c2donchau.duyenhai@sgdtravinh.edu.vn","Địa chỉ web trường":"https://edu.viettel.vn/tvh-duyenhai-thcsdonchau","Số điện thoại trường":"02943592777","layer_id":313,"fid":573,"label":"Trường Trung học cơ sở Đôn Châu"}},{"type":"Feature","geometry":{"type":"Point","coordinates":[6.374055,9.704009]},"properties":{"Trường THCS":"Trường THCS Ngọc Biên","Đơn vị quản lý":" Xã Long Hiệp","Hiệu trưởng":"Nguyễn Văn Hiền","Số điện thoại Hiệu trưởng":"0978114190","Loại hình":"Công lập","Loại trường":"Trường phổ thông","Đạt CQG (MĐ)":"Đạt chuẩn mức 1","Địa chỉ  trường":"Long Hiệp","Thư điện tử":"c2ngocbien.tracu@sgdtravinh.đều.vn","Địa chỉ web trường":"http://thcsngocbien.pgdtracu.edu.vn","Số điện thoại trường":"0294606888","layer_id":313,"fid":574,"label":"Trường THCS Ngọc Biên"}},{"type":"Feature","geometry":{"type":"Point","coordinates":[6.3358869,9.7285898]},"properties":{"Trường THCS":"Trường THCS Tân Hiệp","Đơn vị quản lý":" Xã Long Hiệp","Hiệu trưởng":"Châu Thanh Tùng","Số điện thoại Hiệu trưởng":"0917231474","Loại hình":"Công lập","Loại trường":"Trường phổ thông","Đạt CQG (MĐ)":"Đạt chuẩn mức 1","Địa chỉ  trường":"Long Hiệp","Thư điện tử":"c2tanhiep.tracu@sgdtravinh.edu.vn","Địa chỉ web trường":"http://thcstanhiep.web.vnedu.vn","Số điện thoại trường":"02943675051","layer_id":313,"fid":575,"label":"Trường THCS Tân Hiệp"}},{"type":"Feature","geometry":{"type":"Point","coordinates":[106.340099154,9.70557417]},"properties":{"Trường THCS":"Trường THCS Long Hiệp","Đơn vị quản lý":" Xã Long Hiệp","Hiệu trưởng":"Lê Văn Biểu","Số điện thoại Hiệu trưởng":"0989828605","Loại hình":"Công lập","Loại trường":"Trường phổ thông","Đạt CQG (MĐ)":"Đạt chuẩn mức 1","Địa chỉ  trường":"Long Hiệp","Thư điện tử":"c2longhiep.tracu@sgdtravinh.edu.vn","Địa chỉ web trường":"http://thcslonghiep.web.vnedu.vn","Số điện thoại trường":"02943501313","layer_id":313,"fid":576,"label":"Trường THCS Long Hiệp"}},{"type":"Feature","geometry":{"type":"Point","coordinates":[6.4989,9.635456]},"properties":{"Trường THCS":"Trường Trung học cơ sở Chu Văn An","Đơn vị quản lý":" Phường Duyên Hải","Hiệu trưởng":"Lê Đoàn Vũ Phong","Số điện thoại Hiệu trưởng":"0817704999","Loại hình":"Công lập","Loại trường":"Trường phổ thông","Đạt CQG (MĐ)":"Đạt chuẩn mức 1","Địa chỉ  trường":"Phường Duyên Hải","Thư điện tử":"c2thitranduyenhai.duyenhai@sgdtravinh.edu.vn","Địa chỉ web trường":"http://thcschuvanan.pgddttxduyenhai.edu.vn","Số điện thoại trường":"02943833054","layer_id":313,"fid":577,"label":"Trường Trung học cơ sở Chu Văn An"}},{"type":"Feature","geometry":{"type":"Point","coordinates":[6.445605,9.609551]},"properties":{"Trường THCS":"TRƯỜNG THCS LONG THÀNH","Đơn vị quản lý":" Xã Long Thành","Hiệu trưởng":"Nguyễn Văn Út Mười","Số điện thoại Hiệu trưởng":"0916197212","Loại hình":"Công lập","Loại trường":"Trường phổ thông","Đạt CQG (MĐ)":"Đạt chuẩn mức 1","Địa chỉ  trường":"Ấp3, Xã Long Thành","Thư điện tử":"c2thitranlongthanh.duyenhai@sgdtravinh.edu.vn","Địa chỉ web trường":"http://thcsttlongthanh,sgdtravinh.edu.vn","Số điện thoại trường":"02946511119","layer_id":313,"fid":578,"label":"TRƯỜNG THCS LONG THÀNH"}},{"type":"Feature","geometry":{"type":"Point","coordinates":[106.396156917,9.601803883]},"properties":{"Trường THCS":"THCS LONG KHÁNH","Đơn vị quản lý":" Xã Long Thành","Hiệu trưởng":"Nguyễn Minh Trí","Số điện thoại Hiệu trưởng":"0342383464","Loại hình":"Công lập","Loại trường":"Trường phổ thông","Đạt CQG (MĐ)":null,"Địa chỉ  trường":"Ấp Tân Thành, Xã Long Thành","Thư điện tử":"c2longkhanh.duyenhai@sgdtravinh.edu.vn","Địa chỉ web trường":"hhttps//thcslongkhanh.web.vnedu.vn","Số điện thoại trường":"02946277799","layer_id":313,"fid":579,"label":"THCS LONG KHÁNH"}},{"type":"Feature","geometry":{"type":"Point","coordinates":[6.509376303,9.685744977]},"properties":{"Trường THCS":"Trường Trung học cơ sở Nguyễn Đáng","Đơn vị quản lý":" Phường Trường Long Hòa","Hiệu trưởng":"NGUYỄN VĂN NHỚ","Số điện thoại Hiệu trưởng":"0919026672","Loại hình":"Công lập","Loại trường":"Trường phổ thông","Đạt CQG (MĐ)":"Đạt chuẩn mức 1","Địa chỉ  trường":"Phường Trường Long Hòa","Thư điện tử":"c2longhuu.duyenhai@sgdtravinh.edu.vn","Địa chỉ web trường":"http://thcsnguyendang.pgddttxduyenhai.edu.vn","Số điện thoại trường":"02943836146","layer_id":313,"fid":580,"label":"Trường Trung học cơ sở Nguyễn Đáng"}},{"type":"Feature","geometry":{"type":"Point","coordinates":[106.574930188,9.675209196]},"properties":{"Trường THCS":"Trường Trung học cơ sở Trường Long Hòa","Đơn vị quản lý":" Phường Trường Long Hòa","Hiệu trưởng":"TRẦN VĂN NAM","Số điện thoại Hiệu trưởng":"0868853815","Loại hình":"Công lập","Loại trường":"Trường phổ thông","Đạt CQG (MĐ)":"Đạt chuẩn mức 1","Địa chỉ  trường":"Phường Trường Long Hòa","Thư điện tử":"c2truonglonghoa.duyenhai@sgdtravinh.edu.vn","Địa chỉ web trường":"http://thcstruonglonghoa.pgddttxduyenhai.edu.vn/","Số điện thoại trường":"02943839501","layer_id":313,"fid":581,"label":"Trường Trung học cơ sở Trường Long Hòa"}},{"type":"Feature","geometry":{"type":"Point","coordinates":[106.550715605,9.73865812]},"properties":{"Trường THCS":"Trường Trung học cơ sở Hiệp Thạnh","Đơn vị quản lý":" Xã Long Hữu","Hiệu trưởng":"DƯƠNG QUANG KHỞI","Số điện thoại Hiệu trưởng":"0976991449","Loại hình":"Công lập","Loại trường":"Trường phổ thông","Đạt CQG (MĐ)":null,"Địa chỉ  trường":"Xã Long Hữu","Thư điện tử":null,"Địa chỉ web trường":null,"Số điện thoại trường":null,"layer_id":313,"fid":582,"label":"Trường Trung học cơ sở Hiệp Thạnh"}},{"type":"Feature","geometry":{"type":"Point","coordinates":[6.463607,9.671109]},"properties":{"Trường THCS":"TRƯỜNG THCS NGUYỄN ĐỨC TOÀN","Đơn vị quản lý":" Xã Long Hữu","Hiệu trưởng":"Nguyễn Minh Tâm","Số điện thoại Hiệu trưởng":"0919900705","Loại hình":"Công lập","Loại trường":"Trường phổ thông","Đạt CQG (MĐ)":"Đạt chuẩn mức 1","Địa chỉ  trường":"Xã Long Hữu","Thư điện tử":"c2nguyenductoan.duyenhai@sgdtravinh.edu.vn","Địa chỉ web trường":"http://thcsnguyenductoan.pgddttxduyenhai.edu.vn","Số điện thoại trường":"02943836555","layer_id":313,"fid":583,"label":"TRƯỜNG THCS NGUYỄN ĐỨC TOÀN"}},{"type":"Feature","geometry":{"type":"Point","coordinates":[6.443521117,9.704452449]},"properties":{"Trường THCS":"Trường THCS Thạnh Hòa Sơn","Đơn vị quản lý":" Xã Ngũ Lạc","Hiệu trưởng":"Phạm Văn Ngọt","Số điện thoại Hiệu trưởng":"0984508649","Loại hình":"Công lập","Loại trường":"Trường phổ thông","Đạt CQG (MĐ)":null,"Địa chỉ  trường":"Xã Ngũ Lạc","Thư điện tử":"thcsthanhhooason@gmail.com","Địa chỉ web trường":"http://thcsthanhhoason.pgddtcaungang.edu.vn","Số điện thoại trường":"02943821559","layer_id":313,"fid":584,"label":"Trường THCS Thạnh Hòa Sơn"}},{"type":"Feature","geometry":{"type":"Point","coordinates":[106.427789017,9.672657983]},"properties":{"Trường THCS":"THCS NGŨ LẠC","Đơn vị quản lý":" Xã Ngũ Lạc","Hiệu trưởng":"Huỳnh Bích Phượng","Số điện thoại Hiệu trưởng":"0918687390","Loại hình":"Công lập","Loại trường":"Trường phổ thông","Đạt CQG (MĐ)":null,"Địa chỉ  trường":"Xã Ngũ Lạc","Thư điện tử":"c2dtnt.duyenhai@sgdtravinh.edu.vn","Địa chỉ web trường":"https://dtntduyenhai.web.vnedu.vn/","Số điện thoại trường":"02943838900","layer_id":313,"fid":585,"label":"THCS NGŨ LẠC"}},{"type":"Feature","geometry":{"type":"Point","coordinates":[106.427789017,9.672657983]},"properties":{"Trường THCS":"TRƯỜNG PHỔ THÔNG DÂN TỘC NỘI TRÚ TRUNG HỌC CƠ SỞ NGŨ LẠC","Đơn vị quản lý":" Xã Ngũ Lạc","Hiệu trưởng":"Lý Ngọc Trường","Số điện thoại Hiệu trưởng":"0975929696","Loại hình":"Công lập","Loại trường":"Trường phổ thông","Đạt CQG (MĐ)":"Đạt chuẩn mức 2","Địa chỉ  trường":"Xã Ngũ Lạc","Thư điện tử":"c2dtnt.duyenhai@sgdtravinh.edu.vn","Địa chỉ web trường":"https://dtntduyenhai.web.vnedu.vn/","Số điện thoại trường":"02943838900","layer_id":313,"fid":586,"label":"TRƯỜNG PHỔ THÔNG DÂN TỘC NỘI TRÚ TRUNG HỌC CƠ SỞ NGŨ LẠC"}},{"type":"Feature","geometry":{"type":"Point","coordinates":[106.352656,9.603099]},"properties":{"Trường THCS":"Trường Trung học cơ sở Long Vĩnh","Đơn vị quản lý":" Xã Long Vĩnh","Hiệu trưởng":"Phạm Văn Tiến","Số điện thoại Hiệu trưởng":"0986654517","Loại hình":"Công lập","Loại trường":"Trường phổ thông","Đạt CQG (MĐ)":"Đạt chuẩn mức 1","Địa chỉ  trường":"Ấp Kinh Đào, Xã Long Vĩnh","Thư điện tử":"c2longvinh.duyenhai@sgdtravinh.edu.vn","Địa chỉ web trường":null,"Số điện thoại trường":"0986654517","layer_id":313,"fid":587,"label":"Trường Trung học cơ sở Long Vĩnh"}},{"type":"Feature","geometry":{"type":"Point","coordinates":[106.4354,9.55248]},"properties":{"Trường THCS":"THCS ĐÔNG HẢI","Đơn vị quản lý":" Xã Đông Hải ","Hiệu trưởng":null,"Số điện thoại Hiệu trưởng":null,"Loại hình":"Công lập","Loại trường":"Trường phổ thông","Đạt CQG (MĐ)":null,"Địa chỉ  trường":"Đông Hải","Thư điện tử":"c2donghai.duyenhai@sgdtravinh.edu.","Địa chỉ web trường":"https://thcsdonghai.web.vnedu.vn","Số điện thoại trường":"02943737308","layer_id":313,"fid":588,"label":"THCS ĐÔNG HẢI"}},{"type":"Feature","geometry":{"type":"Point","coordinates":[105.971363146,10.25278508]},"properties":{"Trường THCS":"THCS Lê Quí Đôn","Đơn vị quản lý":" Phường Long Châu","Hiệu trưởng":"Nguyễn Tường Huy","Số điện thoại Hiệu trưởng":"0939496362","Loại hình":"Công lập","Loại trường":"Trường phổ thông","Đạt CQG (MĐ)":null,"Địa chỉ  trường":"Phường Long Châu","Thư điện tử":"thcslequidon.tpvl@vinhlong.edu.vn","Địa chỉ web trường":"https://c2lequidon.vinhlong.edu.vn/","Số điện thoại trường":"02703822946","layer_id":313,"fid":589,"label":"THCS Lê Quí Đôn"}},{"type":"Feature","geometry":{"type":"Point","coordinates":[105.960841767,10.251959611]},"properties":{"Trường THCS":"THCS Nguyễn Trường Tộ","Đơn vị quản lý":" Phường Long Châu","Hiệu trưởng":"Mai Văn Trí","Số điện thoại Hiệu trưởng":"0939441904","Loại hình":"Công lập","Loại trường":"Trường phổ thông","Đạt CQG (MĐ)":"Đạt chuẩn mức 1","Địa chỉ  trường":"Khóm 4, Nguyễn Huệ, Phường Long Châu","Thư điện tử":"thcsnguyentruongto.tpvl@vinhlong.edu.vn","Địa chỉ web trường":"https://c2nguyentruongto.vinhlong.edu.vn/","Số điện thoại trường":"02703822995","layer_id":313,"fid":590,"label":"THCS Nguyễn Trường Tộ"}},{"type":"Feature","geometry":{"type":"Point","coordinates":[105.969846336,10.236988403]},"properties":{"Trường THCS":"Trường Trung học cơ sở Nguyễn Trãi","Đơn vị quản lý":" Phường Phước Hậu","Hiệu trưởng":"Nguyễn Minh Đăng","Số điện thoại Hiệu trưởng":"0906234174","Loại hình":"Công lập","Loại trường":"Trường phổ thông","Đạt CQG (MĐ)":"Đạt chuẩn mức 1","Địa chỉ  trường":"Phường Phước Hậu","Thư điện tử":"thcsnguyentrai.tpvl@vinhlong.edu.vn","Địa chỉ web trường":"https://c2nguyentrai.vinhlong.edu.vn/","Số điện thoại trường":"02703822091","layer_id":313,"fid":591,"label":"Trường Trung học cơ sở Nguyễn Trãi"}},{"type":"Feature","geometry":{"type":"Point","coordinates":[105.983998317,10.242425431]},"properties":{"Trường THCS":"THCS Trần Phú","Đơn vị quản lý":" Phường Phước Hậu","Hiệu trưởng":"Phan Thị Tô Châu","Số điện thoại Hiệu trưởng":"0782872989","Loại hình":"Công lập","Loại trường":"Trường phổ thông","Đạt CQG (MĐ)":"Đạt chuẩn mức 1","Địa chỉ  trường":"Phường Phước Hậu ","Thư điện tử":"thcstranphu.tpvl@vinhlong.edu.vn","Địa chỉ web trường":"https://c2tranphu.vinhlong.edu.vn/","Số điện thoại trường":"02703822384","layer_id":313,"fid":592,"label":"THCS Trần Phú"}},{"type":"Feature","geometry":{"type":"Point","coordinates":[105.930682355,10.267167002]},"properties":{"Trường THCS":"THCS Nguyễn Khuyến","Đơn vị quản lý":" Phường Tân Ngãi","Hiệu trưởng":"Võ Trần Hoàng Dung","Số điện thoại Hiệu trưởng":"0939270942","Loại hình":"Công lập","Loại trường":"Trường phổ thông","Đạt CQG (MĐ)":"Đạt chuẩn mức 1","Địa chỉ  trường":"Khóm Tân Thuận An, Phường Tân Ngãi","Thư điện tử":"thcsnguyenkhuyen.tpvl@vinhlong.edu.vn","Địa chỉ web trường":"https://c2nguyenkhuyen.vinhlong.edu.vn/","Số điện thoại trường":"02703822050","layer_id":313,"fid":593,"label":"THCS Nguyễn Khuyến"}},{"type":"Feature","geometry":{"type":"Point","coordinates":[105.907753,10.267757]},"properties":{"Trường THCS":"THCS Nguyễn Đình Chiểu","Đơn vị quản lý":" Phường Tân Ngãi","Hiệu trưởng":"Nguyễn Anh Tùng","Số điện thoại Hiệu trưởng":"0919439599","Loại hình":"Công lập","Loại trường":"Trường phổ thông","Đạt CQG (MĐ)":"Đạt chuẩn mức 1","Địa chỉ  trường":"Khóm Tân Phú, Phường Tân Ngãi ","Thư điện tử":"thcsnguyendinhchieu.tpvl@vinhlong.edu.vn","Địa chỉ web trường":"https://c2nguyendinhchieu.vinhlong.edu.vn/","Số điện thoại trường":"02703824005","layer_id":313,"fid":594,"label":"THCS Nguyễn Đình Chiểu"}},{"type":"Feature","geometry":{"type":"Point","coordinates":[105.965400218,10.270748871]},"properties":{"Trường THCS":"THCS An Bình","Đơn vị quản lý":" Xã An Bình","Hiệu trưởng":"Nguyễn Hữu Tuấn","Số điện thoại Hiệu trưởng":"0906756579","Loại hình":"Công lập","Loại trường":"Trường phổ thông","Đạt CQG (MĐ)":null,"Địa chỉ  trường":"ấp An Thuận, Xã An Bình","Thư điện tử":"thcsanbinh.lh@vinhlong.edu.vn","Địa chỉ web trường":"https://c2anbinh.vinhlong.edu.vn","Số điện thoại trường":"02703858926","layer_id":313,"fid":595,"label":"THCS An Bình"}},{"type":"Feature","geometry":{"type":"Point","coordinates":[106.009197402,10.27874168]},"properties":{"Trường THCS":"THCS Bình Hòa Phước","Đơn vị quản lý":" Xã An Bình","Hiệu trưởng":"Nguyễn Xuân Sơn","Số điện thoại Hiệu trưởng":"0908547068","Loại hình":"Công lập","Loại trường":"Trường phổ thông","Đạt CQG (MĐ)":"Đạt chuẩn mức 1","Địa chỉ  trường":"xã An Bình","Thư điện tử":"thcsbinhhoaphuoc.lh@vinhlong.edu.vn","Địa chỉ web trường":"https://c2binhhoaphuoc.vinhlong.edu.vn","Số điện thoại trường":"02703859792","layer_id":313,"fid":596,"label":"THCS Bình Hòa Phước"}},{"type":"Feature","geometry":{"type":"Point","coordinates":[105.99189067,10.287932763]},"properties":{"Trường THCS":"THCS HÒA NINH","Đơn vị quản lý":" Xã An Bình","Hiệu trưởng":"Nguyễn Văn Dân","Số điện thoại Hiệu trưởng":"0939302594","Loại hình":"Công lập","Loại trường":"Trường phổ thông","Đạt CQG (MĐ)":"Đạt chuẩn mức 1","Địa chỉ  trường":"xã An Bình","Thư điện tử":" thcshoaninh.lh@vinhlong.edu.vn","Địa chỉ web trường":"https://c2hoaninh.vinhlong.edu.vn/","Số điện thoại trường":"02703859972","layer_id":313,"fid":597,"label":"THCS HÒA NINH"}},{"type":"Feature","geometry":{"type":"Point","coordinates":[105.999847,10.309732]},"properties":{"Trường THCS":"THCS Đồng Phú","Đơn vị quản lý":" Xã An Bình","Hiệu trưởng":"ĐỖ THỊ MỘNG TUYỀN","Số điện thoại Hiệu trưởng":"0982665398","Loại hình":"Công lập","Loại trường":"Trường phổ thông","Đạt CQG (MĐ)":null,"Địa chỉ  trường":"ấp Phú Thạnh 4, xã An Bình","Thư điện tử":"thcsdongphu.lh@vinhlong.edu.vn","Địa chỉ web trường":"https://c2dongphu.vinhlong.edu.vn/","Số điện thoại trường":"02703859347","layer_id":313,"fid":598,"label":"THCS Đồng Phú"}},{"type":"Feature","geometry":{"type":"Point","coordinates":[105.986276845,10.251656496]},"properties":{"Trường THCS":"THCS Cao Thắng","Đơn vị quản lý":" Phường Thanh Đức","Hiệu trưởng":"Nguyễn Thị Minh Châu","Số điện thoại Hiệu trưởng":"0902559681","Loại hình":"Công lập","Loại trường":"Trường phổ thông","Đạt CQG (MĐ)":"Đạt chuẩn mức 1","Địa chỉ  trường":"Khóm 5, Phường Thanh Đức","Thư điện tử":"thcscaothangtpvl@vinhlong.edu.vn","Địa chỉ web trường":"https://c2caothang.vinhlong.edu.vn/","Số điện thoại trường":"02703822791","layer_id":313,"fid":599,"label":"THCS Cao Thắng"}},{"type":"Feature","geometry":{"type":"Point","coordinates":[106.003246967,10.246780087]},"properties":{"Trường THCS":"THCS Thanh Đức","Đơn vị quản lý":" Phường Thanh Đức","Hiệu trưởng":"Nguyễn Minh Trí","Số điện thoại Hiệu trưởng":"0985085651","Loại hình":"Công lập","Loại trường":"Trường phổ thông","Đạt CQG (MĐ)":"Đạt chuẩn mức 1","Địa chỉ  trường":"Khóm Thanh Sơn, phường Thanh Đức","Thư điện tử":"thcsthanhduc@vinhlong.gov.vn","Địa chỉ web trường":"https://c2thanhduc.vinhlong.edu.vn/","Số điện thoại trường":"0399424248","layer_id":313,"fid":600,"label":"THCS Thanh Đức"}},{"type":"Feature","geometry":{"type":"Point","coordinates":[105.955965926,10.235678177]},"properties":{"Trường THCS":"THCS Lương Thế Vinh","Đơn vị quản lý":" Phường Tân Hạnh","Hiệu trưởng":"Phan Thái Đức","Số điện thoại Hiệu trưởng":"0902849939","Loại hình":"Công lập","Loại trường":"Trường phổ thông","Đạt CQG (MĐ)":"Đạt chuẩn mức 1","Địa chỉ  trường":"Phường Tân Hạnh","Thư điện tử":"thcsluongthevinh.tpvl@vinhlong.edu.vn","Địa chỉ web trường":"https://c2luongthevinh.vinhlong.edu.vn/","Số điện thoại trường":"02703824365","layer_id":313,"fid":601,"label":"THCS Lương Thế Vinh"}},{"type":"Feature","geometry":{"type":"Point","coordinates":[105.943446009,10.225593717]},"properties":{"Trường THCS":"THCS Tân Hạnh","Đơn vị quản lý":" Phường Tân Hạnh","Hiệu trưởng":"Võ Thị Bích Liên","Số điện thoại Hiệu trưởng":"0904244508","Loại hình":"Công lập","Loại trường":"Trường phổ thông","Đạt CQG (MĐ)":"Đạt chuẩn mức 1","Địa chỉ  trường":"Phường Tân Hạnh ","Thư điện tử":"thcstanhanh.lh@vinhlong.edu.vn","Địa chỉ web trường":"https://c2tanhanh.vinhlong.edu.vn/","Số điện thoại trường":"02702.210.252","layer_id":313,"fid":602,"label":"THCS Tân Hạnh"}},{"type":"Feature","geometry":{"type":"Point","coordinates":[106.002005,10.202896]},"properties":{"Trường THCS":"Trường Trung học cơ sở Long Hồ","Đơn vị quản lý":" Xã Long Hồ","Hiệu trưởng":"Nguyễn Quốc Trung","Số điện thoại Hiệu trưởng":"0939372680","Loại hình":"Công lập","Loại trường":"Trường phổ thông","Đạt CQG (MĐ)":"Đạt chuẩn mức 1","Địa chỉ  trường":"Ấp Long Thới A, xã Long Hồ","Thư điện tử":"thcsttlongho.lh@vinhlong.edu.vn","Địa chỉ web trường":"https://c2thitranlongho.vinhlong.edu.vn/","Số điện thoại trường":"0270.6.289.489","layer_id":313,"fid":603,"label":"Trường Trung học cơ sở Long Hồ"}},{"type":"Feature","geometry":{"type":"Point","coordinates":[106.023412,10.152719]},"properties":{"Trường THCS":"Trường Trung học cơ sở Long An","Đơn vị quản lý":" Xã Long Hồ","Hiệu trưởng":"Nguyễn Thị Hồng Sương","Số điện thoại Hiệu trưởng":"0395954151","Loại hình":"Công lập","Loại trường":"Trường phổ thông","Đạt CQG (MĐ)":"Đạt chuẩn mức 1","Địa chỉ  trường":"Ấp An Hiệp, Xã Long Hồ","Thư điện tử":"thcslongan.lh@vinhlong.edu.vn","Địa chỉ web trường":"https://c2longan.vinhlong.edu.vn/","Số điện thoại trường":"02703946223","layer_id":313,"fid":604,"label":"Trường Trung học cơ sở Long An"}},{"type":"Feature","geometry":{"type":"Point","coordinates":[105.984167486,10.181710568]},"properties":{"Trường THCS":"Trường Trung học cơ sở Phú Đức","Đơn vị quản lý":" Xã Long Hồ","Hiệu trưởng":"Nguyễn Văn Nho","Số điện thoại Hiệu trưởng":"0772137275","Loại hình":"Công lập","Loại trường":"Trường phổ thông","Đạt CQG (MĐ)":null,"Địa chỉ  trường":"Xã Long Hồ","Thư điện tử":"thcsphuduc.lh@vinhlong.edu.vn","Địa chỉ web trường":"https://c2phuduc.vinhlong.edu.vn/","Số điện thoại trường":"02702219099","layer_id":313,"fid":605,"label":"Trường Trung học cơ sở Phú Đức"}},{"type":"Feature","geometry":{"type":"Point","coordinates":[105.977988332,10.226562799]},"properties":{"Trường THCS":"Trường Trung học cơ sở Long Phước","Đơn vị quản lý":" Xã Long Hồ","Hiệu trưởng":"Trần Huỳnh Phương","Số điện thoại Hiệu trưởng":"0903949178","Loại hình":"Công lập","Loại trường":"Trường phổ thông","Đạt CQG (MĐ)":null,"Địa chỉ  trường":"ấp Phước Ngươn B, xã Long Hồ","Thư điện tử":"thcslongphuoc.lh@vinhlong.edu.vn","Địa chỉ web trường":"https://c2longphuoc.vinhlong.edu.vn/","Số điện thoại trường":"02703851118","layer_id":313,"fid":606,"label":"Trường Trung học cơ sở Long Phước"}},{"type":"Feature","geometry":{"type":"Point","coordinates":[105.940798651,10.195491681]},"properties":{"Trường THCS":"THCS LỘC HÒA","Đơn vị quản lý":" Xã Phú Quới","Hiệu trưởng":"Trần Thanh Hiếu","Số điện thoại Hiệu trưởng":"0365297000","Loại hình":"Công lập","Loại trường":"Trường phổ thông","Đạt CQG (MĐ)":null,"Địa chỉ  trường":"xã Phú Quới","Thư điện tử":"thcslochoa.lh@vinhlong.edu.vn","Địa chỉ web trường":"http://c2lochoa.lh@vinhlong.edu.vn/","Số điện thoại trường":"02703811842","layer_id":313,"fid":607,"label":"THCS LỘC HÒA"}},{"type":"Feature","geometry":{"type":"Point","coordinates":[105.8974139,10.168826]},"properties":{"Trường THCS":"THCS THẠNH QUỚI","Đơn vị quản lý":" Xã Phú Quới","Hiệu trưởng":"Phạm Thị Thanh Trúc","Số điện thoại Hiệu trưởng":"0984513696","Loại hình":"Công lập","Loại trường":"Trường phổ thông","Đạt CQG (MĐ)":"Đạt chuẩn mức 1","Địa chỉ  trường":"Ấp Thạnh Phú, xã Phú Quới","Thư điện tử":"thcsthanhquoi.lh@vinhlong.edu.vn","Địa chỉ web trường":"https://c2thanhquoi.vinhlong.edu.vn/","Số điện thoại trường":"0984513696","layer_id":313,"fid":608,"label":"THCS THẠNH QUỚI"}},{"type":"Feature","geometry":{"type":"Point","coordinates":[105.950910735,10.159567995]},"properties":{"Trường THCS":"THCS HOÀ PHÚ","Đơn vị quản lý":" Xã Phú Quới","Hiệu trưởng":"Lê Thanh Đạm","Số điện thoại Hiệu trưởng":"0794322326","Loại hình":"Công lập","Loại trường":"Trường phổ thông","Đạt CQG (MĐ)":null,"Địa chỉ  trường":"xã Phú Quới","Thư điện tử":"thcshoaphu.lh@vinhlong.edu.vn","Địa chỉ web trường":"https://c2hoaphu.vinhlong.edu.vn/","Số điện thoại trường":"02703959001","layer_id":313,"fid":609,"label":"THCS HOÀ PHÚ"}},{"type":"Feature","geometry":{"type":"Point","coordinates":[106.0483504,10.240637499]},"properties":{"Trường THCS":"Trường Trung học cơ sở Mỹ An","Đơn vị quản lý":" Xã Nhơn Phú","Hiệu trưởng":"Nguyễn Thành Mạnh","Số điện thoại Hiệu trưởng":"0969667284","Loại hình":"Công lập","Loại trường":"Trường phổ thông","Đạt CQG (MĐ)":null,"Địa chỉ  trường":"xã Nhơn Phú","Thư điện tử":"thcsmyan.mt@vinhlong.edu.vn","Địa chỉ web trường":"https://c2myan.vinhlong.edu.vn/","Số điện thoại trường":null,"layer_id":313,"fid":610,"label":"Trường Trung học cơ sở Mỹ An"}},{"type":"Feature","geometry":{"type":"Point","coordinates":[106.089744,10.21181]},"properties":{"Trường THCS":"Trường Trung học cơ sở Nhơn Phú","Đơn vị quản lý":" Xã Nhơn Phú","Hiệu trưởng":"Nguyễn Văn Dững","Số điện thoại Hiệu trưởng":"0984843265","Loại hình":"Công lập","Loại trường":"Trường phổ thông","Đạt CQG (MĐ)":null,"Địa chỉ  trường":"Xã Nhơn Phú","Thư điện tử":"thcsnhonphu.mt@vinhlong.edu.vn","Địa chỉ web trường":"c2nhonphu.vinhlong.edu.vn","Số điện thoại trường":"02703.849.011","layer_id":313,"fid":611,"label":"Trường Trung học cơ sở Nhơn Phú"}},{"type":"Feature","geometry":{"type":"Point","coordinates":[106.026357338,10.169932915]},"properties":{"Trường THCS":"TRƯỜNG THCS BÌNH PHƯỚC","Đơn vị quản lý":" Xã Bình Phước","Hiệu trưởng":"Đặng Thanh Quang","Số điện thoại Hiệu trưởng":"0937040568","Loại hình":"Công lập","Loại trường":"Trường phổ thông","Đạt CQG (MĐ)":"Đạt chuẩn mức 1","Địa chỉ  trường":"Xã Bình Phước ","Thư điện tử":"thcsbinhphuoc.mt@vinhlong.edu.vn","Địa chỉ web trường":"https://c2binhphuoc.vinhlong.edu.vn/","Số điện thoại trường":"02703840789","layer_id":313,"fid":612,"label":"TRƯỜNG THCS BÌNH PHƯỚC"}},{"type":"Feature","geometry":{"type":"Point","coordinates":[106.017988232,10.203242755]},"properties":{"Trường THCS":"Trường Trung học cơ sở Hòa Tịnh","Đơn vị quản lý":" Xã Bình Phước","Hiệu trưởng":null,"Số điện thoại Hiệu trưởng":null,"Loại hình":"Công lập","Loại trường":"Trường phổ thông","Đạt CQG (MĐ)":"Đạt chuẩn mức 1","Địa chỉ  trường":"Xã Bình Phước","Thư điện tử":"thcshoatinh.mt@vinhlong.edu.vn","Địa chỉ web trường":"https://c2hoatinh.vinhlong.edu.vn/","Số điện thoại trường":"02703940346","layer_id":313,"fid":613,"label":"Trường Trung học cơ sở Hòa Tịnh"}},{"type":"Feature","geometry":{"type":"Point","coordinates":[106.006163976,10.212982014]},"properties":{"Trường THCS":"THCS Long Mỹ","Đơn vị quản lý":" Xã Bình Phước","Hiệu trưởng":"Phạm Phú Quốc","Số điện thoại Hiệu trưởng":"0939974724","Loại hình":"Công lập","Loại trường":"Trường phổ thông","Đạt CQG (MĐ)":"Đạt chuẩn mức 1","Địa chỉ  trường":"Xã Bình Phước","Thư điện tử":"thcslongmy.mt@vinhlong.edu.vn","Địa chỉ web trường":"https://c2longmy.vinhlong.edu.vn/","Số điện thoại trường":"02703940545","layer_id":313,"fid":614,"label":"THCS Long Mỹ"}},{"type":"Feature","geometry":{"type":"Point","coordinates":[106.122192704,10.187357161]},"properties":{"Trường THCS":"THCS AN PHƯỚC","Đơn vị quản lý":" Xã Cái Nhum","Hiệu trưởng":"Nguyễn Trọng Kiệt","Số điện thoại Hiệu trưởng":"0983797840","Loại hình":"Công lập","Loại trường":"Trường phổ thông","Đạt CQG (MĐ)":"Đạt chuẩn mức 2","Địa chỉ  trường":"xã Cái Nhum","Thư điện tử":"thcsanphuoc.cainhum@vinhlong.gov.vn","Địa chỉ web trường":"http://c2anphuoc.vinhlong.edu.vn/","Số điện thoại trường":"02703840622","layer_id":313,"fid":615,"label":"THCS AN PHƯỚC"}},{"type":"Feature","geometry":{"type":"Point","coordinates":[106.162878366,10.167517157]},"properties":{"Trường THCS":"TRƯỜNG THCS CHÁNH AN","Đơn vị quản lý":" Xã Cái Nhum","Hiệu trưởng":"Đặng Trung Dũng","Số điện thoại Hiệu trưởng":"0902416987","Loại hình":"Công lập","Loại trường":"Trường phổ thông","Đạt CQG (MĐ)":null,"Địa chỉ  trường":"Xã Cái Nhum","Thư điện tử":"thcschanhan.mt@vinhlong.edu.vn","Địa chỉ web trường":"c2chanhan.vinhlong.edu.vn","Số điện thoại trường":"02703933471","layer_id":313,"fid":616,"label":"TRƯỜNG THCS CHÁNH AN"}},{"type":"Feature","geometry":{"type":"Point","coordinates":[106.105049,10.174172]},"properties":{"Trường THCS":"TRƯỜNG THCS CÁI NHUM","Đơn vị quản lý":" Xã Cái Nhum","Hiệu trưởng":"Cao Văn Thanh","Số điện thoại Hiệu trưởng":"0987140454","Loại hình":"Công lập","Loại trường":"Trường phổ thông","Đạt CQG (MĐ)":"Đạt chuẩn mức 1","Địa chỉ  trường":"xã Cái Nhum","Thư điện tử":"thcsttcainhum.mt@vinhlong.edu.vn","Địa chỉ web trường":"https://c2thitrancainhum.vinhlong.edu.vn","Số điện thoại trường":"02703.930.402","layer_id":313,"fid":617,"label":"TRƯỜNG THCS CÁI NHUM"}},{"type":"Feature","geometry":{"type":"Point","coordinates":[106.041199,10.165919]},"properties":{"Trường THCS":"THCS Tân Long","Đơn vị quản lý":" Xã Tân Long Hội","Hiệu trưởng":"Mai Ngọc Điệp","Số điện thoại Hiệu trưởng":"0906273471","Loại hình":"Công lập","Loại trường":"Trường phổ thông","Đạt CQG (MĐ)":"Đạt chuẩn mức 1","Địa chỉ  trường":"ấp Thân Bình - xã Tân Long Hội","Thư điện tử":"thcstanlong.mt@vinhlong.edu.vn","Địa chỉ web trường":"c2tanlong.vinhlong.edu.vn","Số điện thoại trường":"02703.933.104","layer_id":313,"fid":618,"label":"THCS Tân Long"}},{"type":"Feature","geometry":{"type":"Point","coordinates":[106.074359,10.121014]},"properties":{"Trường THCS":"Trường Trung học cơ sở Tân Long Hội","Đơn vị quản lý":" Xã Tân Long Hội","Hiệu trưởng":"NGUYỄN VĂN SONG","Số điện thoại Hiệu trưởng":"0363815979","Loại hình":"Công lập","Loại trường":"Trường phổ thông","Đạt CQG (MĐ)":null,"Địa chỉ  trường":"Ấp Thanh Phong, xã Tân Long Hội","Thư điện tử":"thcstanlonghoi.mt@vinhlong.edu.vn","Địa chỉ web trường":"c2tanlonghoi.vinhlong.edu.vn","Số điện thoại trường":"02703.941.067","layer_id":313,"fid":619,"label":"Trường Trung học cơ sở Tân Long Hội"}},{"type":"Feature","geometry":{"type":"Point","coordinates":[106.05383,10.08272]},"properties":{"Trường THCS":"Trường Trung học cơ sở Tân An Hội","Đơn vị quản lý":" Xã Tân Long Hội","Hiệu trưởng":"Nguyễn Tấn Lập","Số điện thoại Hiệu trưởng":"0987149722","Loại hình":"Công lập","Loại trường":"Trường phổ thông","Đạt CQG (MĐ)":"Đạt chuẩn mức 1","Địa chỉ  trường":"Ấp Tân An, xã Tân Long Hội","Thư điện tử":"thcstananhoi.mt@vinhlong.edu.vn","Địa chỉ web trường":"c2tananhoi.vinhlong.edu.vn","Số điện thoại trường":"02703.836.021","layer_id":313,"fid":620,"label":"Trường Trung học cơ sở Tân An Hội"}},{"type":"Feature","geometry":{"type":"Point","coordinates":[106.160509,10.076937]},"properties":{"Trường THCS":"Trường THCS Trung Hiếu","Đơn vị quản lý":" Xã Trung Thành","Hiệu trưởng":"Nguyễn Minh Tuấn","Số điện thoại Hiệu trưởng":null,"Loại hình":"Công lập","Loại trường":"Trường phổ thông","Đạt CQG (MĐ)":null,"Địa chỉ  trường":"ấp Trung Điền xã Trung Thành","Thư điện tử":"thcstrunghieu.vlm@vinhlong.edu.vn","Địa chỉ web trường":"c2trunghieu.vinhlong.edu.vn","Số điện thoại trường":"02703870360","layer_id":313,"fid":621,"label":"Trường THCS Trung Hiếu"}},{"type":"Feature","geometry":{"type":"Point","coordinates":[106.197456,10.066611]},"properties":{"Trường THCS":"TRƯỜNG THCS TRUNG THÀNH","Đơn vị quản lý":" Xã Trung Thành","Hiệu trưởng":"Lê Thanh Tùng","Số điện thoại Hiệu trưởng":"0974218009","Loại hình":"Công lập","Loại trường":"Trường phổ thông","Đạt CQG (MĐ)":"Đạt chuẩn mức 1","Địa chỉ  trường":"ấp An Trung, xã Trung Thành","Thư điện tử":"thcstrungthanh.vlm@vinhlong.edu.vn","Địa chỉ web trường":"c2trungthanh.vinhlong.edu.vn","Số điện thoại trường":null,"layer_id":313,"fid":622,"label":"TRƯỜNG THCS TRUNG THÀNH"}},{"type":"Feature","geometry":{"type":"Point","coordinates":[106.189017,10.088665]},"properties":{"Trường THCS":"Trường Trung học cơ sở Vũng Liêm","Đơn vị quản lý":" Xã Trung Thành","Hiệu trưởng":"Kiều Thanh Cần","Số điện thoại Hiệu trưởng":"0347469678","Loại hình":"Công lập","Loại trường":"Trường phổ thông","Đạt CQG (MĐ)":"Đạt chuẩn mức 1","Địa chỉ  trường":"Ấp 2 - xã Trung Thành ","Thư điện tử":"thcsttvungliem.vlm@vinhlong.edu.vn","Địa chỉ web trường":"c2vungliem.vinhlong.edu.vn","Số điện thoại trường":"02703870254","layer_id":313,"fid":623,"label":"Trường Trung học cơ sở Vũng Liêm"}},{"type":"Feature","geometry":{"type":"Point","coordinates":[106.119908164,10.122805997]},"properties":{"Trường THCS":"Trường Trung học cơ sở Hòa Lộc","Đơn vị quản lý":" Xã Hòa Hiệp","Hiệu trưởng":"Lâm Quang Thuận","Số điện thoại Hiệu trưởng":"0918707571","Loại hình":"Công lập","Loại trường":"Trường phổ thông","Đạt CQG (MĐ)":null,"Địa chỉ  trường":"xã Hòa Hiệp","Thư điện tử":null,"Địa chỉ web trường":null,"Số điện thoại trường":null,"layer_id":313,"fid":637,"label":"Trường Trung học cơ sở Hòa Lộc"}},{"type":"Feature","geometry":{"type":"Point","coordinates":[106.1825926,10.1040037]},"properties":{"Trường THCS":"TRƯỜNG THCS NGUYỄN VIỆT HÙNG","Đơn vị quản lý":" Xã Quới An","Hiệu trưởng":"Ban Lợi","Số điện thoại Hiệu trưởng":"0988391098","Loại hình":"Công lập","Loại trường":"Trường phổ thông","Đạt CQG (MĐ)":null,"Địa chỉ  trường":"Hòa Nghĩa, Quới An","Thư điện tử":"thcsnguyenviethung.vlm@vinhlong.edu.vn","Địa chỉ web trường":"c2nguyenviethung.vinhlong.edu.vn","Số điện thoại trường":"02703870196","layer_id":313,"fid":624,"label":"TRƯỜNG THCS NGUYỄN VIỆT HÙNG"}},{"type":"Feature","geometry":{"type":"Point","coordinates":[106.117585,10.160507]},"properties":{"Trường THCS":"THCS Tân Quới Trung","Đơn vị quản lý":" Xã Quới An","Hiệu trưởng":"Nguyễn Văn Thảo","Số điện thoại Hiệu trưởng":"0977310921","Loại hình":"Công lập","Loại trường":"Trường phổ thông","Đạt CQG (MĐ)":"Đạt chuẩn mức 1","Địa chỉ  trường":"Xã Quới An","Thư điện tử":"thcstanquoitrung.vlm@vinhlong.edu.vn","Địa chỉ web trường":"c2tanquoitrung.vinhlong.edu.vn","Số điện thoại trường":"02703993555","layer_id":313,"fid":625,"label":"THCS Tân Quới Trung"}},{"type":"Feature","geometry":{"type":"Point","coordinates":[106.164763128,10.162869913]},"properties":{"Trường THCS":"Trường Trung học cơ sở Nguyễn Thị Thu","Đơn vị quản lý":" Xã Quới An","Hiệu trưởng":"Bùi Văn Một Anh","Số điện thoại Hiệu trưởng":"0389772229","Loại hình":"Công lập","Loại trường":"Trường phổ thông","Đạt CQG (MĐ)":"Đạt chuẩn mức 1","Địa chỉ  trường":"Ấp Vàm An, xã Quới An","Thư điện tử":"thcsnguyenthithu.vlm@vinhlong.edu.vn","Địa chỉ web trường":"https://c2nguyenthithu.vinhlong.edu.vn/","Số điện thoại trường":"02703870462","layer_id":313,"fid":626,"label":"Trường Trung học cơ sở Nguyễn Thị Thu"}},{"type":"Feature","geometry":{"type":"Point","coordinates":[106.206416,10.141188]},"properties":{"Trường THCS":"THCS Lưu Văn Mót","Đơn vị quản lý":" Xã Quới Thiện","Hiệu trưởng":null,"Số điện thoại Hiệu trưởng":null,"Loại hình":"Công lập","Loại trường":"Trường phổ thông","Đạt CQG (MĐ)":null,"Địa chỉ  trường":"Ấp Phú Thới, xã Quới Thiện","Thư điện tử":"thcsluuvanmot.vlm@vinhlong.edu.vn","Địa chỉ web trường":"https://c2luuvanmot.vinhlong.edu.vn/","Số điện thoại trường":"02703980724","layer_id":313,"fid":627,"label":"THCS Lưu Văn Mót"}},{"type":"Feature","geometry":{"type":"Point","coordinates":[106.132003,10.106014]},"properties":{"Trường THCS":"THCS LÊ HỮU THANH","Đơn vị quản lý":" Xã Trung Hiệp","Hiệu trưởng":"Trần Ngọc Thành","Số điện thoại Hiệu trưởng":"0987149852","Loại hình":"Công lập","Loại trường":"Trường phổ thông","Đạt CQG (MĐ)":"Đạt chuẩn mức 1","Địa chỉ  trường":"Ấp Mướp Sát, xã Trung Hiệp ","Thư điện tử":"thcslehuuthanh.vlm@vinhlong.edu.vn","Địa chỉ web trường":"https://c2lehuuthanh.vinhlong.edu.vn","Số điện thoại trường":"02703870158","layer_id":313,"fid":628,"label":"THCS LÊ HỮU THANH"}},{"type":"Feature","geometry":{"type":"Point","coordinates":[106.20098,10.0436]},"properties":{"Trường THCS":"TRƯỜNG THCS NGUYỄN CHÍ TRAI","Đơn vị quản lý":" Xã Trung Ngãi","Hiệu trưởng":"Võ Thị Mỹ Nữ","Số điện thoại Hiệu trưởng":"0395153511","Loại hình":"Công lập","Loại trường":"Trường phổ thông","Đạt CQG (MĐ)":"Đạt chuẩn mức 1","Địa chỉ  trường":"Ấp Phú Tiên, xã Trung Ngãi","Thư điện tử":"thcsnguyenchitrai.vlm@vinhlong.edu.vn","Địa chỉ web trường":"c2nguyenchitrai.vinhlong.edu.vn","Số điện thoại trường":"02703870418","layer_id":313,"fid":629,"label":"TRƯỜNG THCS NGUYỄN CHÍ TRAI"}},{"type":"Feature","geometry":{"type":"Point","coordinates":[106.088423534,9.965140162]},"properties":{"Trường THCS":"THCS Trung An","Đơn vị quản lý":" Xã Hiếu Phụng","Hiệu trưởng":"Lê Thanh Hùng","Số điện thoại Hiệu trưởng":"0384157416","Loại hình":"Công lập","Loại trường":"Trường phổ thông","Đạt CQG (MĐ)":"Đạt chuẩn mức 1","Địa chỉ  trường":"xã Hiếu Thành","Thư điện tử":null,"Địa chỉ web trường":null,"Số điện thoại trường":null,"layer_id":313,"fid":630,"label":"THCS Trung An"}},{"type":"Feature","geometry":{"type":"Point","coordinates":[106.119602,10.082619]},"properties":{"Trường THCS":"Trường Trung học cơ sở Hiếu Phụng","Đơn vị quản lý":" Xã Hiếu Phụng","Hiệu trưởng":"Nguyễn Thế Anh","Số điện thoại Hiệu trưởng":"0367988765","Loại hình":"Công lập","Loại trường":"Trường phổ thông","Đạt CQG (MĐ)":"Đạt chuẩn mức 1","Địa chỉ  trường":"ấp Tân Quang, xã Hiếu Phụng","Thư điện tử":"thcshieuphung.vlm@vinhlong.edu.vn","Địa chỉ web trường":"c2hieuphung.vinhlong.edu.vn","Số điện thoại trường":"02703874302","layer_id":313,"fid":631,"label":"Trường Trung học cơ sở Hiếu Phụng"}},{"type":"Feature","geometry":{"type":"Point","coordinates":[106.095247,9.982493]},"properties":{"Trường THCS":"Trường Trung học cơ sở Hiếu Thành ","Đơn vị quản lý":" Xã Hiếu Thành","Hiệu trưởng":"Lê Văn Dẹn","Số điện thoại Hiệu trưởng":"0366554529","Loại hình":"Công lập","Loại trường":"Trường phổ thông","Đạt CQG (MĐ)":"Đạt chuẩn mức 1","Địa chỉ  trường":"Ấp Hiếu Xuân Tây, xã Hiếu Thành","Thư điện tử":"thcshieuthanh.vlm@vinhlong.edu.vn","Địa chỉ web trường":"c2hieuthanh.vinhlong.edu.vn","Số điện thoại trường":"02703990522","layer_id":313,"fid":632,"label":"Trường Trung học cơ sở Hiếu Thành "}},{"type":"Feature","geometry":{"type":"Point","coordinates":[106.088423534,9.965140162]},"properties":{"Trường THCS":"Trường Trung học cơ sở Trương Văn Chỉ","Đơn vị quản lý":" Xã Hiếu Thành","Hiệu trưởng":"Võ Thành Tú","Số điện thoại Hiệu trưởng":"0969191252","Loại hình":"Công lập","Loại trường":"Trường phổ thông","Đạt CQG (MĐ)":"Đạt chuẩn mức 1","Địa chỉ  trường":"xã Hiếu Thành","Thư điện tử":null,"Địa chỉ web trường":null,"Số điện thoại trường":null,"layer_id":313,"fid":633,"label":"Trường Trung học cơ sở Trương Văn Chỉ"}},{"type":"Feature","geometry":{"type":"Point","coordinates":[105.992955775,10.062991574]},"properties":{"Trường THCS":"THCS MỸ THẠNH TRUNG","Đơn vị quản lý":" Xã Tam Bình","Hiệu trưởng":"Nguyễn Hữu Hiền","Số điện thoại Hiệu trưởng":"0918221155","Loại hình":"Công lập","Loại trường":"Trường phổ thông","Đạt CQG (MĐ)":null,"Địa chỉ  trường":"Ấp Mỹ Trung 1 Xã Tam Bình","Thư điện tử":"thcsmythanhtrung.tb@vinhlong.edu.vn","Địa chỉ web trường":"c2mythanhtrung.vinhlong.edu.vn","Số điện thoại trường":"02703714078","layer_id":313,"fid":634,"label":"THCS MỸ THẠNH TRUNG"}},{"type":"Feature","geometry":{"type":"Point","coordinates":[105.994366,10.053337]},"properties":{"Trường THCS":"THCS TAM BÌNH","Đơn vị quản lý":" Xã Tam Bình","Hiệu trưởng":"Hoàng Thị Mai Huệ","Số điện thoại Hiệu trưởng":"0939423858","Loại hình":"Công lập","Loại trường":"Trường phổ thông","Đạt CQG (MĐ)":"Đạt chuẩn mức 1","Địa chỉ  trường":"Ấp 2, Xã Tam Bình","Thư điện tử":"thcstttambinh.tb@vinhlong.edu.vn","Địa chỉ web trường":"https://c2thitrantambinh.vinhlong.edu.vn/","Số điện thoại trường":"02703860226","layer_id":313,"fid":635,"label":"THCS TAM BÌNH"}},{"type":"Feature","geometry":{"type":"Point","coordinates":[105.965955151,10.117434704]},"properties":{"Trường THCS":"THCS Cái Ngang","Đơn vị quản lý":" Xã Cái Ngang","Hiệu trưởng":"Quách Trung Dung","Số điện thoại Hiệu trưởng":"0906926027","Loại hình":"Công lập","Loại trường":"Trường phổ thông","Đạt CQG (MĐ)":null,"Địa chỉ  trường":"Ấp 6, xã Cái Ngang","Thư điện tử":"thcscaingang.tb@vinhlong.edu.vn","Địa chỉ web trường":"c2caingang.vinhlong.edu.vn","Số điện thoại trường":"02703718039","layer_id":313,"fid":636,"label":"THCS Cái Ngang"}},{"type":"Feature","geometry":{"type":"Point","coordinates":[106.06327,10.12121]},"properties":{"Trường THCS":"Trường Trung học cơ sở Hoà Thạnh","Đơn vị quản lý":" Xã Hòa Hiệp","Hiệu trưởng":"Nguyễn Anh Dũng","Số điện thoại Hiệu trưởng":"0983615035","Loại hình":"Công lập","Loại trường":"Trường phổ thông","Đạt CQG (MĐ)":"Đạt chuẩn mức 1","Địa chỉ  trường":"Ấp Thạnh Trí, Xã Hòa Hiệp","Thư điện tử":"thcshoathanh.tb@vinhlong.edu.vn","Địa chỉ web trường":"c2hoathanh.vinhlong.edu.vn","Số điện thoại trường":"02703874091","layer_id":313,"fid":638,"label":"Trường Trung học cơ sở Hoà Thạnh"}},{"type":"Feature","geometry":{"type":"Point","coordinates":[105.901397,10.118071]},"properties":{"Trường THCS":"THCS Phú Thịnh","Đơn vị quản lý":" Xã Song Phú","Hiệu trưởng":"Nguyễn Phúc Thùy Anh","Số điện thoại Hiệu trưởng":"0939191204","Loại hình":"Công lập","Loại trường":"Trường phổ thông","Đạt CQG (MĐ)":null,"Địa chỉ  trường":"Ấp Phú An, xã Song Phú","Thư điện tử":"thcsphuthinh.tb@vinhlong.edu.vn","Địa chỉ web trường":"c2phuthinh.vinhlong.edu.vn","Số điện thoại trường":"0703864213","layer_id":313,"fid":639,"label":"THCS Phú Thịnh"}},{"type":"Feature","geometry":{"type":"Point","coordinates":[105.958371,10.019659]},"properties":{"Trường THCS":"THCS Loan Mỹ","Đơn vị quản lý":" Xã Ngãi Tứ","Hiệu trưởng":null,"Số điện thoại Hiệu trưởng":null,"Loại hình":"Công lập","Loại trường":"Trường phổ thông","Đạt CQG (MĐ)":"Đạt chuẩn mức 1","Địa chỉ  trường":"Ấp Sóc Rừng, Xã Ngãi Tứ","Thư điện tử":"thcsloanmy.tb@vinhlong.edu.vn","Địa chỉ web trường":"https://c2loanmy.vinhlong.edu.vn","Số điện thoại trường":"02703715035","layer_id":313,"fid":640,"label":"THCS Loan Mỹ"}},{"type":"Feature","geometry":{"type":"Point","coordinates":[105.936391,9.991377]},"properties":{"Trường THCS":"THCS Bình Ninh","Đơn vị quản lý":" Xã Ngãi Tứ","Hiệu trưởng":null,"Số điện thoại Hiệu trưởng":null,"Loại hình":"Công lập","Loại trường":"Trường phổ thông","Đạt CQG (MĐ)":"Đạt chuẩn mức 1","Địa chỉ  trường":"ấp An Phú Tân, xã Ngãi Tứ","Thư điện tử":"thcsbinhninh.tb@vinhlong.edu.vn","Địa chỉ web trường":"c2binhninh.vinhlong.edu.vn","Số điện thoại trường":"0270 3727456","layer_id":313,"fid":641,"label":"THCS Bình Ninh"}},{"type":"Feature","geometry":{"type":"Point","coordinates":[105.909679,10.019235]},"properties":{"Trường THCS":"Trường Trung học cơ sở Ngãi Tứ","Đơn vị quản lý":" Xã Ngãi Tứ","Hiệu trưởng":"DƯƠNG VĂN HƯỞNG","Số điện thoại Hiệu trưởng":"0776622318","Loại hình":"Công lập","Loại trường":"Trường phổ thông","Đạt CQG (MĐ)":"Đạt chuẩn mức 2","Địa chỉ  trường":"Xã Ngãi Tứ","Thư điện tử":"thcsngaitu.tb@vinhlong.edu.vn","Địa chỉ web trường":"htpps://c2ngaitu.vinhlong.edu.vn","Số điện thoại trường":"02703720132","layer_id":313,"fid":642,"label":"Trường Trung học cơ sở Ngãi Tứ"}},{"type":"Feature","geometry":{"type":"Point","coordinates":[105.810576,10.065232]},"properties":{"Trường THCS":"THCS Lý Thái Tổ","Đơn vị quản lý":" Phường Cái Vồn","Hiệu trưởng":"Huỳnh Anh Duy","Số điện thoại Hiệu trưởng":"0969669757","Loại hình":"Công lập","Loại trường":"Trường phổ thông","Đạt CQG (MĐ)":null,"Địa chỉ  trường":"Phường Cái Vồn","Thư điện tử":"thcslythaito.txbm@vinhlong.edu.vn","Địa chỉ web trường":"http://c2lythaito.vinhlong.edu.vn","Số điện thoại trường":"02703890433","layer_id":313,"fid":643,"label":"THCS Lý Thái Tổ"}},{"type":"Feature","geometry":{"type":"Point","coordinates":[105.839838,10.023141]},"properties":{"Trường THCS":"THCS Mỹ Hòa","Đơn vị quản lý":" Phường Cái Vồn","Hiệu trưởng":"Đặng Văn Thắng","Số điện thoại Hiệu trưởng":"0768508759","Loại hình":"Công lập","Loại trường":"Trường phổ thông","Đạt CQG (MĐ)":"Đạt chuẩn mức 1","Địa chỉ  trường":"Tổ 10, Khóm Mỹ Lợi, phường Cái Vồn","Thư điện tử":"thcsmyhoa.txbm@vinhlong.edu.vn","Địa chỉ web trường":"https://c2myhoa.vinhlong.edu.vn","Số điện thoại trường":"02703891158 ","layer_id":313,"fid":644,"label":"THCS Mỹ Hòa"}},{"type":"Feature","geometry":{"type":"Point","coordinates":[105.826562152,10.086854205]},"properties":{"Trường THCS":"Trường Trung học cơ sở Thuận An","Đơn vị quản lý":" Phường Bình Minh","Hiệu trưởng":"Cam Ngân Lực","Số điện thoại Hiệu trưởng":"0984738099","Loại hình":"Công lập","Loại trường":"Trường phổ thông","Đạt CQG (MĐ)":"Đạt chuẩn mức 2","Địa chỉ  trường":"Phường Bình Minh","Thư điện tử":"thcsthuanan.txbm@vinhlong.edu.vn","Địa chỉ web trường":"c2thuanan.vinhlong.edu.vn","Số điện thoại trường":"02703767255","layer_id":313,"fid":645,"label":"Trường Trung học cơ sở Thuận An"}},{"type":"Feature","geometry":{"type":"Point","coordinates":[105.798454536,10.068416035]},"properties":{"Trường THCS":"THCS Thành Phước","Đơn vị quản lý":" Phường Bình Minh","Hiệu trưởng":"Nguyễn Thanh Truyền","Số điện thoại Hiệu trưởng":"0909120917","Loại hình":"Công lập","Loại trường":"Trường phổ thông","Đạt CQG (MĐ)":"Đạt chuẩn mức 1","Địa chỉ  trường":" Khóm 4, Phường Bình Minh","Thư điện tử":"thcsthanhphuoc.txbm@vinhlong.edu.vn","Địa chỉ web trường":"https://c2thanhphuoc.vinhlong.edu.vn ","Số điện thoại trường":"02706266135","layer_id":313,"fid":646,"label":"THCS Thành Phước"}},{"type":"Feature","geometry":{"type":"Point","coordinates":[105.6931757,10.1404512]},"properties":{"Trường THCS":"Trường Trung học cơ sở Tân An Thạnh","Đơn vị quản lý":" Xã Tân Lược","Hiệu trưởng":"Nguyễn Anh Thiện","Số điện thoại Hiệu trưởng":"0989170866","Loại hình":"Công lập","Loại trường":"Trường phổ thông","Đạt CQG (MĐ)":"Đạt chuẩn mức 1","Địa chỉ  trường":"Xã Tân Lược","Thư điện tử":"thcstananthanh.bt@vinhlong.edu.vn","Địa chỉ web trường":"https://c2tananthanh.vinhlong.edu.vn","Số điện thoại trường":"02703756822","layer_id":313,"fid":647,"label":"Trường Trung học cơ sở Tân An Thạnh"}},{"type":"Feature","geometry":{"type":"Point","coordinates":[105.777600432,10.171497874]},"properties":{"Trường THCS":"THCS Tân Thành","Đơn vị quản lý":" Xã Tân Lược","Hiệu trưởng":"Nguyễn Bá Luân","Số điện thoại Hiệu trưởng":"0919636810","Loại hình":"Công lập","Loại trường":"Trường phổ thông","Đạt CQG (MĐ)":"Đạt chuẩn mức 1","Địa chỉ  trường":"Xã Tân Lược","Thư điện tử":"thcstanthanh.bt@vinhlong.edu.vn","Địa chỉ web trường":"c2tanthanh.vinhlong.edu.vn","Số điện thoại trường":"02703763224","layer_id":313,"fid":648,"label":"THCS Tân Thành"}},{"type":"Feature","geometry":{"type":"Point","coordinates":[105.717654226,10.139775419]},"properties":{"Trường THCS":"THCS Tân Lược","Đơn vị quản lý":" Xã Tân Lược","Hiệu trưởng":"Phan Hoài Nam","Số điện thoại Hiệu trưởng":"0985799539","Loại hình":"Công lập","Loại trường":"Trường phổ thông","Đạt CQG (MĐ)":"Đạt chuẩn mức 2","Địa chỉ  trường":"Xã Tân Lược","Thư điện tử":"thcstanluoc.bt@vinhlong.edu.vn","Địa chỉ web trường":"https://edu.viettel.vn/vinhlong-thcstanluoc","Số điện thoại trường":"02703755036","layer_id":313,"fid":649,"label":"THCS Tân Lược"}},{"type":"Feature","geometry":{"type":"Point","coordinates":[105.821984812,10.131860944]},"properties":{"Trường THCS":"THCS Nguyễn Văn Thảnh","Đơn vị quản lý":" Xã Mỹ Thuận","Hiệu trưởng":"Phan Văn Tư","Số điện thoại Hiệu trưởng":"0975323378","Loại hình":"Công lập","Loại trường":"Trường phổ thông","Đạt CQG (MĐ)":"Đạt chuẩn mức 2","Địa chỉ  trường":"Xã Mỹ Thuận","Thư điện tử":"thcsnguyenvanthanh.bt@vinhlong.edu.vn","Địa chỉ web trường":"vinhlong-thcsnguyenvanthanh@edu.viettel.vn","Số điện thoại trường":"02703762333","layer_id":313,"fid":650,"label":"THCS Nguyễn Văn Thảnh"}},{"type":"Feature","geometry":{"type":"Point","coordinates":[105.73009,10.128823]},"properties":{"Trường THCS":"THCS Tân Bình","Đơn vị quản lý":" Xã Tân Quới","Hiệu trưởng":"Lê Mỹ Thúy","Số điện thoại Hiệu trưởng":"0916264426","Loại hình":"Công lập","Loại trường":"Trường phổ thông","Đạt CQG (MĐ)":"Đạt chuẩn mức 2","Địa chỉ  trường":"ấp Tân Qui - Xã Tân Quới","Thư điện tử":"thcstanbinh.bt@vinhlong.edu.vn","Địa chỉ web trường":"c2tanbinh.vinhlong.edu.vn","Số điện thoại trường":"02706250235","layer_id":313,"fid":651,"label":"THCS Tân Bình"}},{"type":"Feature","geometry":{"type":"Point","coordinates":[105.780992978,10.082833937]},"properties":{"Trường THCS":"Trường Trung học cơ sở Thành Lợi","Đơn vị quản lý":" Xã Tân Quới","Hiệu trưởng":"Nguyễn Văn Dội","Số điện thoại Hiệu trưởng":"0919670807","Loại hình":"Công lập","Loại trường":"Trường phổ thông","Đạt CQG (MĐ)":"Đạt chuẩn mức 2","Địa chỉ  trường":"Xã Tân Quới","Thư điện tử":"thcsthanhloi.bt@vinhlong.edu.vn","Địa chỉ web trường":"c2thanhloi.vinhlong.edu.vn","Số điện thoại trường":"02707890202","layer_id":313,"fid":652,"label":"Trường Trung học cơ sở Thành Lợi"}},{"type":"Feature","geometry":{"type":"Point","coordinates":[105.75609909,10.103357652]},"properties":{"Trường THCS":"Trường Trung học cơ sở Thành Đông","Đơn vị quản lý":" Xã Tân Quới","Hiệu trưởng":"TRANG TẤN PHÚC","Số điện thoại Hiệu trưởng":"0982787929","Loại hình":"Công lập","Loại trường":"Trường phổ thông","Đạt CQG (MĐ)":"Đạt chuẩn mức 1","Địa chỉ  trường":"Xã Tân Quới","Thư điện tử":"thcsthanhdong.bt@vinhlong.edu.vn","Địa chỉ web trường":"https://sites.google.com/view/thcsthanhdong","Số điện thoại trường":"02703760143","layer_id":313,"fid":653,"label":"Trường Trung học cơ sở Thành Đông"}},{"type":"Feature","geometry":{"type":"Point","coordinates":[105.862301,10.04383]},"properties":{"Trường THCS":"Trường trung học cơ sở Đông Thạnh","Đơn vị quản lý":" Phường Đông Thành","Hiệu trưởng":"Nguyễn Văn Thanh","Số điện thoại Hiệu trưởng":"0368797985","Loại hình":"Công lập","Loại trường":"Trường phổ thông","Đạt CQG (MĐ)":"Đạt chuẩn mức 1","Địa chỉ  trường":"Khóm Đông Thạnh A, Phường Đông Thành","Thư điện tử":"thcsdongthanh.txbm@vinhlong.edu.vn","Địa chỉ web trường":"https://c2dongthanhbinhminh.vinhlong.edu.vn","Số điện thoại trường":"02703892073","layer_id":313,"fid":654,"label":"Trường trung học cơ sở Đông Thạnh"}},{"type":"Feature","geometry":{"type":"Point","coordinates":[105.833554,10.041578]},"properties":{"Trường THCS":"Trường Trung học cơ sở Đông Bình","Đơn vị quản lý":" Phường Đông Thành","Hiệu trưởng":"Đặng Tấn Trung","Số điện thoại Hiệu trưởng":"0916691770","Loại hình":"Công lập","Loại trường":"Trường phổ thông","Đạt CQG (MĐ)":"Đạt chuẩn mức 1","Địa chỉ  trường":"Phường Cái Vồn","Thư điện tử":"thcsdongbinh.txbm@vinhlong.edu.vn","Địa chỉ web trường":"https://c2dongbinh.vinhlong.edu.vn ","Số điện thoại trường":"02703890990","layer_id":313,"fid":655,"label":"Trường Trung học cơ sở Đông Bình"}},{"type":"Feature","geometry":{"type":"Point","coordinates":[105.924581338,9.964438194]},"properties":{"Trường THCS":"THCS Trà Ôn","Đơn vị quản lý":" Xã Trà Ôn","Hiệu trưởng":"Nguyễn Toàn Vinh","Số điện thoại Hiệu trưởng":"0984539818","Loại hình":"Công lập","Loại trường":"Trường phổ thông","Đạt CQG (MĐ)":"Đạt chuẩn mức 2","Địa chỉ  trường":"Xã Trà Ôn","Thư điện tử":null,"Địa chỉ web trường":null,"Số điện thoại trường":null,"layer_id":313,"fid":656,"label":"THCS Trà Ôn"}},{"type":"Feature","geometry":{"type":"Point","coordinates":[105.976392538,9.915736987]},"properties":{"Trường THCS":"THCS Tích Thiện","Đơn vị quản lý":" Xã Trà Ôn","Hiệu trưởng":"Bạch Thái An","Số điện thoại Hiệu trưởng":"0977228266","Loại hình":"Công lập","Loại trường":"Trường phổ thông","Đạt CQG (MĐ)":"Đạt chuẩn mức 1","Địa chỉ  trường":"Xã Trà Ôn","Thư điện tử":"thcstichthien.to@vinhlong.edu.vn","Địa chỉ web trường":"http://c2tichthien.vinhlong.edu.vn","Số điện thoại trường":"02703 884 230","layer_id":313,"fid":657,"label":"THCS Tích Thiện"}},{"type":"Feature","geometry":{"type":"Point","coordinates":[106.044473445,9.998587006]},"properties":{"Trường THCS":"Trường Trung học cơ sở Thới Hòa","Đơn vị quản lý":" Xã Hòa Bình","Hiệu trưởng":"Trần Minh Hữu","Số điện thoại Hiệu trưởng":"0778185333","Loại hình":"Công lập","Loại trường":"Trường phổ thông","Đạt CQG (MĐ)":"Đạt chuẩn mức 1","Địa chỉ  trường":"Xã Hòa Bình","Thư điện tử":"thcsthoihoa.to@vinhlong.edu.vn","Địa chỉ web trường":"http://c2thoihoa.vinhlong.edu.vn","Số điện thoại trường":"02703889016","layer_id":313,"fid":658,"label":"Trường Trung học cơ sở Thới Hòa"}},{"type":"Feature","geometry":{"type":"Point","coordinates":[106.0530943,10.0818949]},"properties":{"Trường THCS":"Trường Trung học cơ sở Xuân Hiệp","Đơn vị quản lý":" Xã Hòa Bình","Hiệu trưởng":"Phan Văn Sỹ","Số điện thoại Hiệu trưởng":"0354948763","Loại hình":"Công lập","Loại trường":"Trường phổ thông","Đạt CQG (MĐ)":"Đạt chuẩn mức 1","Địa chỉ  trường":"ấp Hồi Thạnh-Xã Hòa Bình","Thư điện tử":"thcsxuanhiep.to@vinhlong.edu.vn","Địa chỉ web trường":"c2xuanhiep.vinhlong.edu.vn","Số điện thoại trường":"02703874197","layer_id":313,"fid":659,"label":"Trường Trung học cơ sở Xuân Hiệp"}},{"type":"Feature","geometry":{"type":"Point","coordinates":[106.002153394,10.047215444]},"properties":{"Trường THCS":"THCS Nhơn Bình","Đơn vị quản lý":" Xã Trà Côn","Hiệu trưởng":"Đỗ Hiếu Trung","Số điện thoại Hiệu trưởng":"0985119327","Loại hình":"Công lập","Loại trường":"Trường phổ thông","Đạt CQG (MĐ)":null,"Địa chỉ  trường":"Xã Trà Côn","Thư điện tử":"thcsnhonbinh.to@vinhlong.edu.vn","Địa chỉ web trường":"c2nhonbinh.vinhlong.edu.vn","Số điện thoại trường":"02703721373","layer_id":313,"fid":660,"label":"THCS Nhơn Bình"}},{"type":"Feature","geometry":{"type":"Point","coordinates":[105.990544873,10.014184843]},"properties":{"Trường THCS":"THCS TRÀ CÔN","Đơn vị quản lý":" Xã Trà Côn","Hiệu trưởng":"Nguyễn Văn Đoàn","Số điện thoại Hiệu trưởng":"0979298233","Loại hình":"Công lập","Loại trường":"Trường phổ thông","Đạt CQG (MĐ)":null,"Địa chỉ  trường":"Ấp Trà Ngoa, Xã Trà Côn","Thư điện tử":"thcstracon.to@vinhlong.edu.vn","Địa chỉ web trường":"c2tracon.vinhlong.edu.vn","Số điện thoại trường":"02703723154","layer_id":313,"fid":661,"label":"THCS TRÀ CÔN"}},{"type":"Feature","geometry":{"type":"Point","coordinates":[105.958284767,9.99015325]},"properties":{"Trường THCS":"THCS TÂN MỸ","Đơn vị quản lý":" Xã Trà Côn","Hiệu trưởng":"Nguyễn Ngọc Nhựt","Số điện thoại Hiệu trưởng":"0932882082","Loại hình":"Công lập","Loại trường":"Trường phổ thông","Đạt CQG (MĐ)":null,"Địa chỉ  trường":"Ấp Sóc Ruộng - Xã Trà Côn","Thư điện tử":"thcstanmy.to@vinhlong.edu.vn","Địa chỉ web trường":"https://c2tanmy.vinhlong.edu.vn/","Số điện thoại trường":"02703770380","layer_id":313,"fid":662,"label":"THCS TÂN MỸ"}},{"type":"Feature","geometry":{"type":"Point","coordinates":[106.051537732,9.948737335]},"properties":{"Trường THCS":"THCS Thuận Thới","Đơn vị quản lý":" Xã Vĩnh Xuân","Hiệu trưởng":"Nguyễn Văn Quýt","Số điện thoại Hiệu trưởng":"0907334416","Loại hình":"Công lập","Loại trường":"Trường phổ thông","Đạt CQG (MĐ)":"Đạt chuẩn mức 1","Địa chỉ  trường":"xã Vĩnh Xuân ","Thư điện tử":"thcsthuanthoi.to@vinhlong.edu.vn","Địa chỉ web trường":"c2thuanthoi.vinhlong.edu.vn","Số điện thoại trường":"0907334416","layer_id":313,"fid":663,"label":"THCS Thuận Thới"}},{"type":"Feature","geometry":{"type":"Point","coordinates":[106.018287767,9.990371512]},"properties":{"Trường THCS":"THCS Hựu Thành B","Đơn vị quản lý":" Xã Vĩnh Xuân","Hiệu trưởng":"Nguyễn Văn Le","Số điện thoại Hiệu trưởng":"0909119948","Loại hình":"Công lập","Loại trường":"Trường phổ thông","Đạt CQG (MĐ)":"Đạt chuẩn mức 1","Địa chỉ  trường":"ấp Vĩnh Hòa, xã Vĩnh Xuân ","Thư điện tử":"thcshuuthanhb.to@vinhlong.edu.vn","Địa chỉ web trường":"c2huuthanhb.vinhlong.edu.vn","Số điện thoại trường":"0703884222","layer_id":313,"fid":664,"label":"THCS Hựu Thành B"}},{"type":"Feature","geometry":{"type":"Point","coordinates":[106.080828648,9.96106663]},"properties":{"Trường THCS":"Trường Trung học cơ sở Hựu Thành A","Đơn vị quản lý":" Xã Vĩnh Xuân","Hiệu trưởng":"Nguyễn Thị Trần Lê","Số điện thoại Hiệu trưởng":"0939571618","Loại hình":"Công lập","Loại trường":"Trường phổ thông","Đạt CQG (MĐ)":"Đạt chuẩn mức 1","Địa chỉ  trường":"ấp Khu Phố xã Vĩnh Xuân ","Thư điện tử":"thcshuuthanha.to@vinhlong.edu.vn","Địa chỉ web trường":"c2huuthanha.vinhlong.edu.vn  ","Số điện thoại trường":"0273884137","layer_id":313,"fid":665,"label":"Trường Trung học cơ sở Hựu Thành A"}},{"type":"Feature","geometry":{"type":"Point","coordinates":[106.005181,9.952783]},"properties":{"Trường THCS":"THCS VĨNH XUÂN","Đơn vị quản lý":" Xã Vĩnh Xuân","Hiệu trưởng":"Nguyễn Văn Tùng","Số điện thoại Hiệu trưởng":"0907969347","Loại hình":"Công lập","Loại trường":"Trường phổ thông","Đạt CQG (MĐ)":"Đạt chuẩn mức 1","Địa chỉ  trường":"Ấp Vĩnh Thành - xã Vĩnh Xuân ","Thư điện tử":"thcsvinhxuan.to@vinhlong.edu.vn","Địa chỉ web trường":"http://c2vinhxuan.vinhlong.edu.vn","Số điện thoại trường":"02703884137","layer_id":313,"fid":666,"label":"THCS VĨNH XUÂN"}},{"type":"Feature","geometry":{"type":"Point","coordinates":[105.908403,9.954955]},"properties":{"Trường THCS":"Trường THCS Lục Sĩ Thành","Đơn vị quản lý":" Xã Lục Sĩ Thành","Hiệu trưởng":"Tăng Hoàng Phúc","Số điện thoại Hiệu trưởng":"0794320593","Loại hình":"Công lập","Loại trường":"Trường phổ thông","Đạt CQG (MĐ)":"Đạt chuẩn mức 1","Địa chỉ  trường":"Ấp Tân An-Xã Lục Sĩ Thành","Thư điện tử":"thcslucsithanh.to@vinhlong.edu.vn","Địa chỉ web trường":"http://c2lucsithanh.vinhlong.edu.vn","Số điện thoại trường":"02703780506","layer_id":313,"fid":667,"label":"Trường THCS Lục Sĩ Thành"}},{"type":"Feature","geometry":{"type":"Point","coordinates":[105.880022134,9.976021189]},"properties":{"Trường THCS":"THCS Phú Thành","Đơn vị quản lý":" Xã Lục Sĩ Thành","Hiệu trưởng":"Nguyễn Thành Châu","Số điện thoại Hiệu trưởng":"0984461603","Loại hình":"Công lập","Loại trường":"Trường phổ thông","Đạt CQG (MĐ)":"Đạt chuẩn mức 1","Địa chỉ  trường":"Xã Lục Sĩ Thành","Thư điện tử":"thcsphuthanh.to@vinhlong.edu.vn","Địa chỉ web trường":"http://c2phuthanh.vinhlong.edu.vn","Số điện thoại trường":"02703780096","layer_id":313,"fid":668,"label":"THCS Phú Thành"}}]}
