{"type":"FeatureCollection","name":"Cơ sở sản xuất kinh doanh ATTP","metadata":{"source":"https://hatang.vinhlong.gov.vn/","downloaded_at":"2026-07-20T01:18:31+00:00","layer_id":353,"layer_name":"Cơ sở sản xuất kinh doanh ATTP","catalog_endpoints":["/map/publicLayers2?inputs=socongthuong"],"requested_bbox":[104.0,8.0,108.0,12.0],"tile_size":0.0,"tile_count":1,"tile_errors":[],"feature_count":240,"coordinate_order":"x,y (thường là longitude,latitude theo cấu hình EPSG:4326 của WebGIS)"},"features":[{"type":"Feature","id":423,"geometry":{"type":"Point","coordinates":[106.153196435,9.912573696]},"properties":{"Cơ sở sản xuất kinh doanh ATTP":"Địa điểm kinh doanh Chi nhánh Công ty Cổ phần Thương mại Bách hóa xanh - Cửa hàng Bách hóa xanh Trà Vinh số 2","Ngành nghề":"Bán lẻ nhóm sản phẩm theo danh mục (Nông nghiệp, Y tế, Công Thương)","Địa điểm":"Tân An Chợ, Xã Tân An","Điện thoại":"02838125960","layer_id":353,"fid":423,"label":"Địa điểm kinh doanh Chi nhánh Công ty Cổ phần Thương mại Bách hóa xanh - Cửa hàng Bách hóa xanh Trà Vinh số 2"}},{"type":"Feature","id":424,"geometry":{"type":"Point","coordinates":[106.225308951,9.966452263]},"properties":{"Cơ sở sản xuất kinh doanh ATTP":"Địa điểm kinh doanh Chi nhánh Công ty Cổ phần Thương mại Bách hóa xanh - Cửa hàng Bách hóa xanh Trà Vinh số 3","Ngành nghề":"Sơ chế, chế biến rau, củ, quả, thịt, gia súc, gia cầm, thủy hải sản; Bán lẻ nhóm sản phẩm theo danh mục","Địa điểm":"Khóm 4, Xã Càng Long","Điện thoại":"02838125960","layer_id":353,"fid":424,"label":"Địa điểm kinh doanh Chi nhánh Công ty Cổ phần Thương mại Bách hóa xanh - Cửa hàng Bách hóa xanh Trà Vinh số 3"}},{"type":"Feature","id":425,"geometry":{"type":"Point","coordinates":[106.342040239,9.937922508]},"properties":{"Cơ sở sản xuất kinh doanh ATTP":"Địa điểm kinh doanh Chi nhánh Công ty Cổ phần Thương mại Bách hóa xanh - Cửa hàng Bách hóa xanh Trà Vinh số 4","Ngành nghề":"Sơ chế, chế biến rau, củ, quả, thịt, gia súc, gia cầm, thủy hải sản; Bán lẻ nhóm sản phẩm theo danh mục","Địa điểm":"70, đường Hùng Vương, Khóm 4, Phường Long Đức","Điện thoại":"02838125960","layer_id":353,"fid":425,"label":"Địa điểm kinh doanh Chi nhánh Công ty Cổ phần Thương mại Bách hóa xanh - Cửa hàng Bách hóa xanh Trà Vinh số 4"}},{"type":"Feature","id":426,"geometry":{"type":"Point","coordinates":[106.493318108,9.633378624]},"properties":{"Cơ sở sản xuất kinh doanh ATTP":"Địa điểm kinh doanh Chi nhánh Công ty Cổ phần Thương mại Bách hóa xanh - Cửa hàng Bách hóa xanh Trà Vinh số 5","Ngành nghề":"Sơ chế, chế biến rau, củ, quả, thịt, gia súc, gia cầm, thủy hải sản; Bán lẻ nhóm sản phẩm theo danh mục","Địa điểm":"Khóm 1, Phường Duyên Hải","Điện thoại":null,"layer_id":353,"fid":426,"label":"Địa điểm kinh doanh Chi nhánh Công ty Cổ phần Thương mại Bách hóa xanh - Cửa hàng Bách hóa xanh Trà Vinh số 5"}},{"type":"Feature","id":427,"geometry":{"type":"Point","coordinates":[106.509195468,9.689051736]},"properties":{"Cơ sở sản xuất kinh doanh ATTP":"Địa điểm kinh doanh Chi nhánh Công ty Cổ phần Thương mại Bách hóa xanh - Cửa hàng Bách hóa xanh Trà Vinh số 6","Ngành nghề":"Sơ chế, chế biến rau, củ, quả, thịt, gia súc, gia cầm, thủy hải sản; Bán lẻ nhóm sản phẩm theo danh mục","Địa điểm":"khóm 1, Phường Trường Long Hòa","Điện thoại":null,"layer_id":353,"fid":427,"label":"Địa điểm kinh doanh Chi nhánh Công ty Cổ phần Thương mại Bách hóa xanh - Cửa hàng Bách hóa xanh Trà Vinh số 6"}},{"type":"Feature","id":428,"geometry":{"type":"Point","coordinates":[106.444508105,9.852838755]},"properties":{"Cơ sở sản xuất kinh doanh ATTP":"Địa điểm kinh doanh Chi nhánh Công ty Cổ phần Thương mại Bách hóa xanh - Cửa hàng Bách hóa xanh Trà Vinh số 7","Ngành nghề":"Sơ chế, chế biến rau, củ, quả, thịt, gia súc, gia cầm, thủy hải sản; Bán lẻ nhóm sản phẩm theo danh mục","Địa điểm":"Chà Và, Xã Vinh Kim","Điện thoại":"02838125960","layer_id":353,"fid":428,"label":"Địa điểm kinh doanh Chi nhánh Công ty Cổ phần Thương mại Bách hóa xanh - Cửa hàng Bách hóa xanh Trà Vinh số 7"}},{"type":"Feature","id":429,"geometry":{"type":"Point","coordinates":[106.347734158,9.87092946]},"properties":{"Cơ sở sản xuất kinh doanh ATTP":"Địa điểm kinh doanh Chi nhánh Công ty Cổ phần Thương mại Bách hóa xanh - Cửa hàng Bách hóa xanh Trà Vinh số 8","Ngành nghề":"Sơ chế, chế biến rau, củ, quả, thịt, gia súc, gia cầm, thủy hải sản; Bán lẻ nhóm sản phẩm theo danh mục","Địa điểm":"khóm 2, Xã Châu Thành","Điện thoại":"02838125960","layer_id":353,"fid":429,"label":"Địa điểm kinh doanh Chi nhánh Công ty Cổ phần Thương mại Bách hóa xanh - Cửa hàng Bách hóa xanh Trà Vinh số 8"}},{"type":"Feature","id":430,"geometry":{"type":"Point","coordinates":[106.341875667,9.923422019]},"properties":{"Cơ sở sản xuất kinh doanh ATTP":"Địa điểm kinh doanh Chi nhánh Công ty Cổ phần Thương mại Bách hóa xanh - Cửa hàng Bách hóa xanh Trà Vinh số 9","Ngành nghề":"Sơ chế, chế biến rau, củ, quả, thịt, gia súc, gia cầm, thủy hải sản; Bán lẻ nhóm sản phẩm theo danh mục","Địa điểm":"số 25 Nguyễn Đáng, Khóm 8, Phường Trà Vinh","Điện thoại":"02838125960","layer_id":353,"fid":430,"label":"Địa điểm kinh doanh Chi nhánh Công ty Cổ phần Thương mại Bách hóa xanh - Cửa hàng Bách hóa xanh Trà Vinh số 9"}},{"type":"Feature","id":431,"geometry":{"type":"Point","coordinates":[106.452940224,9.795637879]},"properties":{"Cơ sở sản xuất kinh doanh ATTP":"Địa điểm kinh doanh Chi nhánh Công ty Cổ phần Thương mại Bách hóa xanh - Cửa hàng Bách hóa xanh Trà Vinh số 10","Ngành nghề":"Sơ chế, chế biến rau, củ, quả, thịt, gia súc, gia cầm, thủy hải sản; Bán lẻ nhóm sản phẩm theo danh mục","Địa điểm":"Khóm Minh thuận B, Xã Cầu Ngang","Điện thoại":"02838125960","layer_id":353,"fid":431,"label":"Địa điểm kinh doanh Chi nhánh Công ty Cổ phần Thương mại Bách hóa xanh - Cửa hàng Bách hóa xanh Trà Vinh số 10"}},{"type":"Feature","id":432,"geometry":{"type":"Point","coordinates":[106.260994037,9.687952025]},"properties":{"Cơ sở sản xuất kinh doanh ATTP":"Địa điểm kinh doanh Chi nhánh Công ty Cổ phần Thương mại Bách hóa xanh - Cửa hàng Bách hóa xanh Trà Vinh số 11","Ngành nghề":"Sơ chế, chế biến rau, củ, quả, thịt, gia súc, gia cầm, thủy hải sản; Bán lẻ nhóm sản phẩm theo danh mục","Địa điểm":"khóm 4, Xã Tiểu Cần","Điện thoại":"02838125960","layer_id":353,"fid":432,"label":"Địa điểm kinh doanh Chi nhánh Công ty Cổ phần Thương mại Bách hóa xanh - Cửa hàng Bách hóa xanh Trà Vinh số 11"}},{"type":"Feature","id":433,"geometry":{"type":"Point","coordinates":[106.202484379,9.983311586]},"properties":{"Cơ sở sản xuất kinh doanh ATTP":"Địa điểm kinh doanh Chi nhánh Công ty Cổ phần Thương mại Bách hóa xanh – Cửa hàng Bách hóa xanh Trà Vinh số 15","Ngành nghề":"Sơ chế, chế biến rau, củ, quả, thịt, gia súc, gia cầm, thủy hải sản; Bán lẻ nhóm sản phẩm theo danh mục","Địa điểm":"Khóm 6, Xã Càng Long","Điện thoại":"02838125960","layer_id":353,"fid":433,"label":"Địa điểm kinh doanh Chi nhánh Công ty Cổ phần Thương mại Bách hóa xanh – Cửa hàng Bách hóa xanh Trà Vinh số 15"}},{"type":"Feature","id":434,"geometry":{"type":"Point","coordinates":[106.278467423,9.940811322]},"properties":{"Cơ sở sản xuất kinh doanh ATTP":"Địa điểm kinh doanh Chi nhánh Công ty Cổ phần Thương mại Bách hóa xanh – Cửa hàng Bách hóa xanh Trà Vinh số 16","Ngành nghề":"Sơ chế, chế biến rau, củ, quả, thịt, gia súc, gia cầm, thủy hải sản; Bán lẻ nhóm sản phẩm theo danh mục","Địa điểm":"Ấp Đầu Giồng, Xã Bình Phú","Điện thoại":"02838125960","layer_id":353,"fid":434,"label":"Địa điểm kinh doanh Chi nhánh Công ty Cổ phần Thương mại Bách hóa xanh – Cửa hàng Bách hóa xanh Trà Vinh số 16"}},{"type":"Feature","id":435,"geometry":{"type":"Point","coordinates":[106.261787898,9.688597006]},"properties":{"Cơ sở sản xuất kinh doanh ATTP":"Địa điểm kinh doanh Chi nhánh Công ty Cổ phần Thương mại Bách hóa xanh – Cửa hàng Bách hóa xanh Trà Vinh số 17","Ngành nghề":"Sơ chế biến rau, củ, quả, thịt gia súc, gia cầm, thủy hải sản các loại. Bán lẻ nhóm sản phẩm theo danh mục.","Địa điểm":"Khóm 4, Xã Trà Cú","Điện thoại":"02838125960","layer_id":353,"fid":435,"label":"Địa điểm kinh doanh Chi nhánh Công ty Cổ phần Thương mại Bách hóa xanh – Cửa hàng Bách hóa xanh Trà Vinh số 17"}},{"type":"Feature","id":436,"geometry":{"type":"Point","coordinates":[106.049301585,9.879568829]},"properties":{"Cơ sở sản xuất kinh doanh ATTP":"Địa điểm kinh doanh Chi nhánh Công ty Cổ phần Thương mại Bách hóa xanh – Cửa hàng Bách hóa xanh Trà Vinh số 18","Ngành nghề":"Sơ chế biến rau, củ, quả, thịt gia súc, gia cầm, thủy hải sản các loại. Bán lẻ nhóm sản phẩm theo danh mục","Địa điểm":"Khóm 6, Xã Cầu Kè","Điện thoại":"02838125960","layer_id":353,"fid":436,"label":"Địa điểm kinh doanh Chi nhánh Công ty Cổ phần Thương mại Bách hóa xanh – Cửa hàng Bách hóa xanh Trà Vinh số 18"}},{"type":"Feature","id":437,"geometry":{"type":"Point","coordinates":[106.304546967,9.637983546]},"properties":{"Cơ sở sản xuất kinh doanh ATTP":"Cửa hàng Bách Hóa xanh Trà Vinh số 22 - Chi nhánh Công ty Cổ phần Thương mại Bách Hóa xanh","Ngành nghề":"Sơ chế biến rau, củ, quả, thịt gia súc, gia cầm, thủy hải sản các loại. Bán lẻ nhóm sản phẩm theo danh mục","Địa điểm":"ấp Trà Kha, Xã Đại An","Điện thoại":"02838125960","layer_id":353,"fid":437,"label":"Cửa hàng Bách Hóa xanh Trà Vinh số 22 - Chi nhánh Công ty Cổ phần Thương mại Bách Hóa xanh"}},{"type":"Feature","id":438,"geometry":{"type":"Point","coordinates":[106.426594069,9.707989826]},"properties":{"Cơ sở sản xuất kinh doanh ATTP":"Cửa hàng Bách Hóa xanh Trà Vinh 9126 - Chi nhánh- Công ty Cổ phần Thương mại Bách hóa xanh","Ngành nghề":"Sơ chế biến rau, củ, quả, thịt gia súc, gia cầm, thủy hải sản các loại. Bán lẻ nhóm sản phẩm theo danh mục","Địa điểm":"rọ say, Xã Ngũ Lạc","Điện thoại":"02838125960","layer_id":353,"fid":438,"label":"Cửa hàng Bách Hóa xanh Trà Vinh 9126 - Chi nhánh- Công ty Cổ phần Thương mại Bách hóa xanh"}},{"type":"Feature","id":453,"geometry":{"type":"Point","coordinates":[106.360481415,9.939272967]},"properties":{"Cơ sở sản xuất kinh doanh ATTP":"Công ty TNHH Sản xuất Rượu Ba Tạo","Ngành nghề":"Rượu nếp than “Ba Tạo”, rượu trắng “Ba Tạo","Địa điểm":"Số 140/1, Ấp Vĩnh Trường, Phường Hòa Thuận","Điện thoại":"02943844136","layer_id":353,"fid":453,"label":"Công ty TNHH Sản xuất Rượu Ba Tạo"}},{"type":"Feature","id":439,"geometry":{"type":"Point","coordinates":[106.336458135,9.936057832]},"properties":{"Cơ sở sản xuất kinh doanh ATTP":"ĐỊA ĐIỂM KINH DOANH WINMART TRÀ VINH - CHI NHÁNH TRÀ VINH - CÔNG TY CỔ PHẦN DỊCH VỤ THƯƠNG MẠI TỔNG HỢP WINCOMMERCE","Ngành nghề":"Bán lẻ thực phẩm và sơ chế, đóng gói rau, củ, quả, thịt, thủy hải sản.","Địa điểm":"Khóm 3, Phường Trà Vinh","Điện thoại":"0247 1066 866","layer_id":353,"fid":439,"label":"ĐỊA ĐIỂM KINH DOANH WINMART TRÀ VINH - CHI NHÁNH TRÀ VINH - CÔNG TY CỔ PHẦN DỊCH VỤ THƯƠNG MẠI TỔNG HỢP WINCOMMERCE"}},{"type":"Feature","id":440,"geometry":{"type":"Point","coordinates":[106.338718854,9.935301607]},"properties":{"Cơ sở sản xuất kinh doanh ATTP":"ĐỊA ĐIỂM KINH DOANH WINMART + TVH 7 - CHI NHÁNH TRÀ VINH - CÔNG TY CỔ PHẦN DỊCH VỤ THƯƠNG MẠI TỔNG HỢP WINCOMMERCE","Ngành nghề":"Bán lẻ thực phẩm và sơ chế, đóng gói rau, củ, quả, thịt, thủy hải sản.","Địa điểm":"Khóm 3, Phường Trà Vinh","Điện thoại":"0247 1066 866","layer_id":353,"fid":440,"label":"ĐỊA ĐIỂM KINH DOANH WINMART + TVH 7 - CHI NHÁNH TRÀ VINH - CÔNG TY CỔ PHẦN DỊCH VỤ THƯƠNG MẠI TỔNG HỢP WINCOMMERCE"}},{"type":"Feature","id":441,"geometry":{"type":"Point","coordinates":[106.347856076,9.937499808]},"properties":{"Cơ sở sản xuất kinh doanh ATTP":"ĐỊA ĐIỂM KINH DOANH WINMART + TVH 01 - CHI NHÁNH TRÀ VINH - CÔNG TY CỔ PHẦN DỊCH VỤ THƯƠNG MẠI TỔNG HỢP WINCOMMWERCE","Ngành nghề":"Bán lẻ thực phẩm và sơ chế, đóng gói rau, củ, quả, thịt, thủy hải sản.","Địa điểm":"28-29 Hùng Vương, Phường Hòa Thuận","Điện thoại":"0247 1066 866","layer_id":353,"fid":441,"label":"ĐỊA ĐIỂM KINH DOANH WINMART + TVH 01 - CHI NHÁNH TRÀ VINH - CÔNG TY CỔ PHẦN DỊCH VỤ THƯƠNG MẠI TỔNG HỢP WINCOMMWERCE"}},{"type":"Feature","id":442,"geometry":{"type":"Point","coordinates":[106.335866753,9.939540827]},"properties":{"Cơ sở sản xuất kinh doanh ATTP":"ĐỊA ĐIỂM KINH DOANH WINMART + TVH 02 - CHI NHÁNH TRÀ VINH - CÔNG TY CỔ PHẦN DỊCH VỤ THƯƠNG MẠI TỔNG HỢP WINCOMMWERCE","Ngành nghề":"Sơ chế, chế biến rau, củ, quả, thịt, gia súc, gia cầm, thủy hải sản; Bán lẻ nhóm sản phẩm theo danh mục","Địa điểm":"21, Khóm 8, Phường Trà Vinh","Điện thoại":"0247 1066 866","layer_id":353,"fid":442,"label":"ĐỊA ĐIỂM KINH DOANH WINMART + TVH 02 - CHI NHÁNH TRÀ VINH - CÔNG TY CỔ PHẦN DỊCH VỤ THƯƠNG MẠI TỔNG HỢP WINCOMMWERCE"}},{"type":"Feature","id":443,"geometry":{"type":"Point","coordinates":[106.331988908,9.929996695]},"properties":{"Cơ sở sản xuất kinh doanh ATTP":"ĐỊA ĐIỂM KINH DOANH WINMART + TVH 3 - CHI NHÁNH TRÀ VINH - CÔNG TY CỔ PHẦN DỊCH VỤ THƯƠNG MẠI TỔNG HỢP WINCOMMERCE","Ngành nghề":"Sơ chế, chế biến rau, củ, quả, thịt, gia súc, gia cầm, thủy hải sản; Bán lẻ nhóm sản phẩm theo danh mục","Địa điểm":"491 Nguyễn Thị Minh Khai, Phường Nguyệt Hóa","Điện thoại":"0247 1066 866","layer_id":353,"fid":443,"label":"ĐỊA ĐIỂM KINH DOANH WINMART + TVH 3 - CHI NHÁNH TRÀ VINH - CÔNG TY CỔ PHẦN DỊCH VỤ THƯƠNG MẠI TỔNG HỢP WINCOMMERCE"}},{"type":"Feature","id":444,"geometry":{"type":"Point","coordinates":[106.336021382,9.939240852]},"properties":{"Cơ sở sản xuất kinh doanh ATTP":"ĐỊA ĐIỂM KINH DOANH WINMART + TVH 4 - CHI NHÁNH TRÀ VINH - CÔNG TY CỔ PHẦN DỊCH VỤ THƯƠNG MẠI TỔNG HỢP WINCOMMERCE","Ngành nghề":"Sơ chế, chế biến rau, củ, quả, thịt, gia súc, gia cầm, thủy hải sản; Bán lẻ nhóm sản phẩm theo danh mục","Địa điểm":"363 Nguyễn Thị Minh Khai, Khóm 8, Phường Nguyệt Hóa","Điện thoại":"0247 1066 866","layer_id":353,"fid":444,"label":"ĐỊA ĐIỂM KINH DOANH WINMART + TVH 4 - CHI NHÁNH TRÀ VINH - CÔNG TY CỔ PHẦN DỊCH VỤ THƯƠNG MẠI TỔNG HỢP WINCOMMERCE"}},{"type":"Feature","id":445,"geometry":{"type":"Point","coordinates":[106.343049913,9.931364864]},"properties":{"Cơ sở sản xuất kinh doanh ATTP":"ĐỊA ĐIỂM KINH DOANH WINMART + TVH 6 - CHI NHÁNH TRÀ VINH - CÔNG TY CỔ PHẦN DỊCH VỤ THƯƠNG MẠI TỔNG HỢP WINCOMMERCE","Ngành nghề":"Sơ chế, chế biến rau, củ, quả, thịt, gia súc, gia cầm, thủy hải sản; Bán lẻ nhóm sản phẩm theo danh mục","Địa điểm":"57 đường Đồng Khởi, Phường Trà Vinh","Điện thoại":"0247 1066 866","layer_id":353,"fid":445,"label":"ĐỊA ĐIỂM KINH DOANH WINMART + TVH 6 - CHI NHÁNH TRÀ VINH - CÔNG TY CỔ PHẦN DỊCH VỤ THƯƠNG MẠI TỔNG HỢP WINCOMMERCE"}},{"type":"Feature","id":457,"geometry":{"type":"Point","coordinates":[106.31552774,9.905585619]},"properties":{"Cơ sở sản xuất kinh doanh ATTP":"HTX Nông nghiệp Thương mại và SXDV Xuân Thành","Ngành nghề":"Rượu thủ công các loại","Địa điểm":"ấp Bình La, Xã Song Lộc","Điện thoại":"0983995284","layer_id":353,"fid":457,"label":"HTX Nông nghiệp Thương mại và SXDV Xuân Thành"}},{"type":"Feature","id":446,"geometry":{"type":"Point","coordinates":[106.344327851,9.942248945]},"properties":{"Cơ sở sản xuất kinh doanh ATTP":"ĐỊA ĐIỂM KINH DOANH WINMART + TVH 5 - CHI NHÁNH TRÀ VINH - CÔNG TY CỔ PHẦN DỊCH VỤ THƯƠNG MẠI TỔNG HỢP WINCOMMERCE","Ngành nghề":"Sơ chế, chế biến rau, củ, quả, thịt, gia súc, gia cầm, thủy hải sản; Bán lẻ nhóm sản phẩm theo danh mục","Địa điểm":"214 Lê Lợi, Phường Trà Vinh","Điện thoại":"0247 1066 866","layer_id":353,"fid":446,"label":"ĐỊA ĐIỂM KINH DOANH WINMART + TVH 5 - CHI NHÁNH TRÀ VINH - CÔNG TY CỔ PHẦN DỊCH VỤ THƯƠNG MẠI TỔNG HỢP WINCOMMERCE"}},{"type":"Feature","id":447,"geometry":{"type":"Point","coordinates":[106.339098969,9.943714945]},"properties":{"Cơ sở sản xuất kinh doanh ATTP":"Chi nhánh Trà Vinh - Công ty Cổ phần Dịch vụ Thương mại Tổng hợp Vincommerce – Cửa hàng Vinmart + TVH 09.","Ngành nghề":"Sơ chế biến rau, củ, quả, thịt gia súc, gia cầm, thủy hải sản. Bán lẻ nhóm sản phẩm theo danh mục.","Địa điểm":"320A Phạm Ngũ Lão, khom 3, Phường Trà Vinh","Điện thoại":"0247 1066 866","layer_id":353,"fid":447,"label":"Chi nhánh Trà Vinh - Công ty Cổ phần Dịch vụ Thương mại Tổng hợp Vincommerce – Cửa hàng Vinmart + TVH 09."}},{"type":"Feature","id":448,"geometry":{"type":"Point","coordinates":[106.335693336,9.939151371]},"properties":{"Cơ sở sản xuất kinh doanh ATTP":"ĐỊA ĐIỂM KINH DOANH WINMART + TVH 10 - CHI NHÁNH TRÀ VINH - CÔNG TY CỔ PHẦN DỊCH VỤ THƯƠNG MẠI TỔNG HỢP WINCOMMERCE","Ngành nghề":"Sơ chế biến rau, củ, quả, thịt gia súc, gia cầm, thủy hải sản. Bán lẻ nhóm sản phẩm theo danh mục.","Địa điểm":"Đường 19/5, Khóm 2, Phường Trà Vinh","Điện thoại":"0247 1066 866","layer_id":353,"fid":448,"label":"ĐỊA ĐIỂM KINH DOANH WINMART + TVH 10 - CHI NHÁNH TRÀ VINH - CÔNG TY CỔ PHẦN DỊCH VỤ THƯƠNG MẠI TỔNG HỢP WINCOMMERCE"}},{"type":"Feature","id":449,"geometry":{"type":"Point","coordinates":[106.343274067,9.934391359]},"properties":{"Cơ sở sản xuất kinh doanh ATTP":"Công ty TNHH MTV Rượu Ba Liêu","Ngành nghề":"Sản xuất rượu","Địa điểm":"Số 76, Ấp Xuân Thạnh, Phường Hòa Thuận","Điện thoại":"0906908287","layer_id":353,"fid":449,"label":"Công ty TNHH MTV Rượu Ba Liêu"}},{"type":"Feature","id":450,"geometry":{"type":"Point","coordinates":[106.335946211,9.9345539]},"properties":{"Cơ sở sản xuất kinh doanh ATTP":"Công ty TNHH Bao Lam Hoang Nguyen","Ngành nghề":"Rượu thảo dược","Địa điểm":"Phường Nguyệt Hóa, tỉnh Vĩnh Long","Điện thoại":"0971899939","layer_id":353,"fid":450,"label":"Công ty TNHH Bao Lam Hoang Nguyen"}},{"type":"Feature","id":451,"geometry":{"type":"Point","coordinates":[106.328549897,9.923366407]},"properties":{"Cơ sở sản xuất kinh doanh ATTP":"Chi nhánh Công ty TNHH Thương mại và Dịch vụ Siêu thị An Lạc tại Trà Vinh.","Ngành nghề":"Chế biến thức ăn sẵn; Sơ chế, đóng gói rau, củ, quả, thủy hải sản, thịt các loại; Sản xuất đồ chua đóng hộp; Sản xuất các loại bánh từ bột; Kinh doanh thực phẩm tổng hợp.","Địa điểm":"Trung tâm Thương mại và Siêu thị Trà Vinh, đường Võ Nguyên Giáp, Phường Nguyệt Hóa","Điện thoại":"02943. 900.222 ","layer_id":353,"fid":451,"label":"Chi nhánh Công ty TNHH Thương mại và Dịch vụ Siêu thị An Lạc tại Trà Vinh."}},{"type":"Feature","id":452,"geometry":{"type":"Point","coordinates":[106.213026218,9.974631398]},"properties":{"Cơ sở sản xuất kinh doanh ATTP":"Công ty TNHH Sản xuất Thương mại Ngọc Mai TV","Ngành nghề":"Rượu Sâm Đinh Lăng “sâm đinh”, rượu Sâm Đinh Lăng “sâm đinh 18”, rượu Sâm Đinh Lăng “sâm đinh 25”, rượu Sâm Đinh Lăng “sâm đinh 12”, rượu Sâm Đinh Lăng “Khang”.","Địa điểm":"Khóm 7, Xã Càng Long","Điện thoại":"02943883874","layer_id":353,"fid":452,"label":"Công ty TNHH Sản xuất Thương mại Ngọc Mai TV"}},{"type":"Feature","id":454,"geometry":{"type":"Point","coordinates":[106.340891777,9.924276256]},"properties":{"Cơ sở sản xuất kinh doanh ATTP":"Công ty TNHH Thương mại dịch vụ Sài Gòn – Trà Vinh – Siêu thị Co.opmart Trà Vinh.","Ngành nghề":"Bán lẻ thực phẩm và sơ chế, đóng gói rau, củ, quả, thịt, thủy hải sản, chế biến thức ăn sẵn.","Địa điểm":"Nguyễn Đáng, Phường Trà Vinh","Điện thoại":"02943.740.707                                            ","layer_id":353,"fid":454,"label":"Công ty TNHH Thương mại dịch vụ Sài Gòn – Trà Vinh – Siêu thị Co.opmart Trà Vinh."}},{"type":"Feature","id":455,"geometry":{"type":"Point","coordinates":[106.341707751,9.942024877]},"properties":{"Cơ sở sản xuất kinh doanh ATTP":"Công ty TNHH Hai Sang","Ngành nghề":"Rượu Xuân Thạnh, Rượu Xuân Thạnh Chuối hột, Rượu Xuân Thạnh Lão Tửu, Rượu Xuân Thạnh Quách, Rượu Xuân Thạnh Mít, Đẳng Sâm Xuân Thạnh","Địa điểm":"Vĩnh Trường, Phường Hòa Thuận","Điện thoại":"0984586829","layer_id":353,"fid":455,"label":"Công ty TNHH Hai Sang"}},{"type":"Feature","id":456,"geometry":{"type":"Point","coordinates":[106.299714711,9.890156651]},"properties":{"Cơ sở sản xuất kinh doanh ATTP":"Công ty TNHH MTV Phát Đặng","Ngành nghề":"Kem dừa sáp, Mứt dừa sáp","Địa điểm":"ấp Bình La, Xã Song Lộc","Điện thoại":"0985006434","layer_id":353,"fid":456,"label":"Công ty TNHH MTV Phát Đặng"}},{"type":"Feature","id":458,"geometry":{"type":"Point","coordinates":[106.344851077,9.956233348]},"properties":{"Cơ sở sản xuất kinh doanh ATTP":"Công ty TNHH MTV Rượu Khổ qua Năm Bắc - Tư Thăm","Ngành nghề":"Rượu Khổ qua","Địa điểm":"71/21 Lê Lợi, khóm 4, Phường Trà Vinh","Điện thoại":"0919363862","layer_id":353,"fid":458,"label":"Công ty TNHH MTV Rượu Khổ qua Năm Bắc - Tư Thăm"}},{"type":"Feature","id":459,"geometry":{"type":"Point","coordinates":[106.123799222,9.913172584]},"properties":{"Cơ sở sản xuất kinh doanh ATTP":"Chi nhánh Công ty Cổ phần Viet Healthy tại Trà Vinh","Ngành nghề":"Dầu dừa, Sữa dừa, Giấm dừa và Cơm dừa sấy khô","Địa điểm":"Ấp Trà Ốt, Xã Tam Ngãi","Điện thoại":"0989754546","layer_id":353,"fid":459,"label":"Chi nhánh Công ty Cổ phần Viet Healthy tại Trà Vinh"}},{"type":"Feature","id":460,"geometry":{"type":"Point","coordinates":[106.340410708,9.956270505]},"properties":{"Cơ sở sản xuất kinh doanh ATTP":"Trung tâm Thông tin và Ứng dụng khoa học công nghệ","Ngành nghề":"Kem dừa sáp","Địa điểm":"Phường Long Đức, tỉnh Vĩnh Long","Điện thoại":"02943846025","layer_id":353,"fid":460,"label":"Trung tâm Thông tin và Ứng dụng khoa học công nghệ"}},{"type":"Feature","id":461,"geometry":{"type":"Point","coordinates":[106.218451257,10.009941863]},"properties":{"Cơ sở sản xuất kinh doanh ATTP":"CÔNG TY TNHH MINH PHÁT TV","Ngành nghề":"Rượu","Địa điểm":"Khóm  9, Xã Càng Long","Điện thoại":"0947739977","layer_id":353,"fid":461,"label":"CÔNG TY TNHH MINH PHÁT TV"}},{"type":"Feature","id":462,"geometry":{"type":"Point","coordinates":[106.497425521,9.63650087]},"properties":{"Cơ sở sản xuất kinh doanh ATTP":"Chi nhánh Liên hiệp HTX Thương mại TP. Hồ Chí Minh - Co.opmart Duyên Hải","Ngành nghề":"Bán lẻ thực phẩm và sơ chế, đóng gói rau, củ, quả, thịt, thủy hải sản, chế biến thức ăn sẵn.","Địa điểm":"Lý Thường Kiệt, Phường Duyên Hải","Điện thoại":"0294 383 2929","layer_id":353,"fid":462,"label":"Chi nhánh Liên hiệp HTX Thương mại TP. Hồ Chí Minh - Co.opmart Duyên Hải"}},{"type":"Feature","id":463,"geometry":{"type":"Point","coordinates":[106.349530837,9.968384961]},"properties":{"Cơ sở sản xuất kinh doanh ATTP":"Công ty TNHH MTV TV Bakery","Ngành nghề":"Sản xuất các loại bánh từ bột","Địa điểm":"Nguyễn Tấn Liềng, Khu công nghiệp Long Đức, Phường Long Đức","Điện thoại":"0859 961 508 ","layer_id":353,"fid":463,"label":"Công ty TNHH MTV TV Bakery"}},{"type":"Feature","id":464,"geometry":{"type":"Point","coordinates":[106.339401727,9.926482058]},"properties":{"Cơ sở sản xuất kinh doanh ATTP":"Công ty TNHH MTV Gia Phát Nông","Ngành nghề":"Sản xuất rượu nếp than","Địa điểm":"Số 131/1 đường Nguyễn Đáng, Phường Nguyệt Hóa","Điện thoại":"0939 800 380 ","layer_id":353,"fid":464,"label":"Công ty TNHH MTV Gia Phát Nông"}},{"type":"Feature","id":465,"geometry":{"type":"Point","coordinates":[106.341044732,9.941119242]},"properties":{"Cơ sở sản xuất kinh doanh ATTP":"ĐỊA ĐIỂM KINH DOANH SẢN XUẤT BÁNH BAO TÀI DUNG – CÔNG TY TNHH MỘT THÀNH VIÊN TÀI DUNG","Ngành nghề":"Sản xuất bánh bao ngọt, bánh bao nhân bí.","Địa điểm":"Đường Trương Văn Kỉnh, khóm 1, Phường Trà Vinh","Điện thoại":"0944 313 057 ","layer_id":353,"fid":465,"label":"ĐỊA ĐIỂM KINH DOANH SẢN XUẤT BÁNH BAO TÀI DUNG – CÔNG TY TNHH MỘT THÀNH VIÊN TÀI DUNG"}},{"type":"Feature","id":466,"geometry":{"type":"Point","coordinates":[106.195973725,9.823039478]},"properties":{"Cơ sở sản xuất kinh doanh ATTP":"Chi nhánh Liên hiệp HTX Thương mại TP. Hồ Chí Minh - Co.opmart Tiểu Cần","Ngành nghề":"Bán lẻ thực phẩm và sơ chế, đóng gói rau, củ, quả, thịt, thủy hải sản, chế biến thức ăn sẵn.","Địa điểm":"khóm 2, Xã Tiểu Cần","Điện thoại":"02943900001","layer_id":353,"fid":466,"label":"Chi nhánh Liên hiệp HTX Thương mại TP. Hồ Chí Minh - Co.opmart Tiểu Cần"}},{"type":"Feature","id":467,"geometry":{"type":"Point","coordinates":[106.340198606,9.95939534]},"properties":{"Cơ sở sản xuất kinh doanh ATTP":"Cửa hàng Bách Hóa xanh Trà Vinh 14459 thuộc Chi nhánh Công ty Cổ phần Thương mại Bách Hóa xanh","Ngành nghề":"Sơ chế, chế biến rau, củ, quả, thịt, gia súc, gia cầm, thủy hải sản; Bán lẻ nhóm sản phẩm theo danh mục","Địa điểm":" 284 Nguyễn Thị Minh Khai, Phường Nguyệt Hóa","Điện thoại":"02838125960","layer_id":353,"fid":467,"label":"Cửa hàng Bách Hóa xanh Trà Vinh 14459 thuộc Chi nhánh Công ty Cổ phần Thương mại Bách Hóa xanh"}},{"type":"Feature","id":468,"geometry":{"type":"Point","coordinates":[106.340467992,9.961645167]},"properties":{"Cơ sở sản xuất kinh doanh ATTP":"Cửa hàng Bách Hóa xanh Trà Vinh 14370 thuộc Chi nhánh Công ty Cổ phần Thương mại Bách Hóa xanh","Ngành nghề":"Sơ chế, chế biến rau, củ, quả, thịt, gia súc, gia cầm, thủy hải sản; Bán lẻ nhóm sản phẩm theo danh mục","Địa điểm":"ấp Sa Bình, Phường Long Đức","Điện thoại":"02838125960","layer_id":353,"fid":468,"label":"Cửa hàng Bách Hóa xanh Trà Vinh 14370 thuộc Chi nhánh Công ty Cổ phần Thương mại Bách Hóa xanh"}},{"type":"Feature","id":469,"geometry":{"type":"Point","coordinates":[106.342170421,9.942589281]},"properties":{"Cơ sở sản xuất kinh doanh ATTP":"Cửa hàng Bách Hóa xanh Trà Vinh 14537 thuộc Chi nhánh Công ty Cổ phần Thương mại Bách Hóa xanh","Ngành nghề":"Sơ chế, chế biến rau, củ, quả, thịt, gia súc, gia cầm, thủy hải sản; Bán lẻ nhóm sản phẩm theo danh mục","Địa điểm":"Khóm 9, Phường Long Đức","Điện thoại":"02838125960","layer_id":353,"fid":469,"label":"Cửa hàng Bách Hóa xanh Trà Vinh 14537 thuộc Chi nhánh Công ty Cổ phần Thương mại Bách Hóa xanh"}},{"type":"Feature","id":470,"geometry":{"type":"Point","coordinates":[106.353513854,9.937809151]},"properties":{"Cơ sở sản xuất kinh doanh ATTP":"Cửa hàng Bách Hóa xanh Trà Vinh 14590 thuộc Chi nhánh Công ty Cổ phần Thương mại Bách Hóa xanh","Ngành nghề":"Sơ chế, chế biến rau, củ, quả, thịt, gia súc, gia cầm, thủy hải sản; Bán lẻ nhóm sản phẩm theo danh mục","Địa điểm":"Đầu Bờ, Phường Hòa Thuận","Điện thoại":"02838125960","layer_id":353,"fid":470,"label":"Cửa hàng Bách Hóa xanh Trà Vinh 14590 thuộc Chi nhánh Công ty Cổ phần Thương mại Bách Hóa xanh"}},{"type":"Feature","id":476,"geometry":{"type":"Point","coordinates":[106.295525685,9.913353072]},"properties":{"Cơ sở sản xuất kinh doanh ATTP":"Công ty TNHH Công Nghệ Sinh Học Nông Nghiệp Xanh TV.","Ngành nghề":"Mứt dừa sáp","Địa điểm":"Xã Song Lộc","Điện thoại":"0983 017 049","layer_id":353,"fid":476,"label":"Công ty TNHH Công Nghệ Sinh Học Nông Nghiệp Xanh TV."}},{"type":"Feature","id":471,"geometry":{"type":"Point","coordinates":[106.307845745,9.911749613]},"properties":{"Cơ sở sản xuất kinh doanh ATTP":"Cửa hàng Bách Hóa xanh Trà Vinh 14618 thuộc Chi nhánh Công ty Cổ phần Thương mại Bách Hóa xanh","Ngành nghề":"Sơ chế, chế biến rau, củ, quả, thịt, gia súc, gia cầm, thủy hải sản; Bán lẻ nhóm sản phẩm theo danh mục","Địa điểm":"\nkhóm 5, Phường Nguyệt Hóa, Vĩnh Long","Điện thoại":"02838125960","layer_id":353,"fid":471,"label":"Cửa hàng Bách Hóa xanh Trà Vinh 14618 thuộc Chi nhánh Công ty Cổ phần Thương mại Bách Hóa xanh"}},{"type":"Feature","id":472,"geometry":{"type":"Point","coordinates":[106.135256654,10.021028017]},"properties":{"Cơ sở sản xuất kinh doanh ATTP":"Công ty TNHH Rượu Quỳnh Ngọc Tửu","Ngành nghề":"Sản xuất Rượu sâm đại hành, Rượu nếp nguyên chất, Rượu chuối hột, Rượu đế.","Địa điểm":"Xã Càng Long, tỉnh Vĩnh Long","Điện thoại":"0981577798","layer_id":353,"fid":472,"label":"Công ty TNHH Rượu Quỳnh Ngọc Tửu"}},{"type":"Feature","id":473,"geometry":{"type":"Point","coordinates":[106.307951336,9.758858329]},"properties":{"Cơ sở sản xuất kinh doanh ATTP":"Cửa hàng Bách Hóa xanh Trà Vinh 14689 thuộc Chi nhánh Công ty Cổ phần Thương mại Bách Hóa xanh.","Ngành nghề":"Sơ chế, chế biến rau, củ, quả, thịt, gia súc, gia cầm, thủy hải sản; Bán lẻ nhóm sản phẩm theo danh mục","Địa điểm":"ấp Chợ Dưới, Xã Tập Sơn","Điện thoại":"02838125960","layer_id":353,"fid":473,"label":"Cửa hàng Bách Hóa xanh Trà Vinh 14689 thuộc Chi nhánh Công ty Cổ phần Thương mại Bách Hóa xanh."}},{"type":"Feature","id":474,"geometry":{"type":"Point","coordinates":[106.130334159,9.773205581]},"properties":{"Cơ sở sản xuất kinh doanh ATTP":"Cửa hàng Bách Hóa xanh Trà Vinh 14733 thuộc Chi nhánh Công ty Cổ phần Thương mại Bách Hóa xanh.","Ngành nghề":"Sơ chế, chế biến rau, củ, quả, thịt, gia súc, gia cầm, thủy hải sản; Bán lẻ nhóm sản phẩm theo danh mục","Địa điểm":"khóm I, Xã Tân Hòa","Điện thoại":"02838125960","layer_id":353,"fid":474,"label":"Cửa hàng Bách Hóa xanh Trà Vinh 14733 thuộc Chi nhánh Công ty Cổ phần Thương mại Bách Hóa xanh."}},{"type":"Feature","id":475,"geometry":{"type":"Point","coordinates":[106.25985182,9.737304786]},"properties":{"Cơ sở sản xuất kinh doanh ATTP":"Cửa hàng Bách Hóa xanh Trà Vinh 14818 thuộc Chi nhánh Công ty Cổ phần Thương mại Bách Hóa xanh","Ngành nghề":"Sơ chế, chế biến rau, củ, quả, thịt, gia súc, gia cầm, thủy hải sản; Bán lẻ nhóm sản phẩm theo danh mục","Địa điểm":"Ấp Chợ, Xã Tập Sơn","Điện thoại":"02838125960","layer_id":353,"fid":475,"label":"Cửa hàng Bách Hóa xanh Trà Vinh 14818 thuộc Chi nhánh Công ty Cổ phần Thương mại Bách Hóa xanh"}},{"type":"Feature","id":477,"geometry":{"type":"Point","coordinates":[106.50655541,9.807754903]},"properties":{"Cơ sở sản xuất kinh doanh ATTP":"Cửa hàng Bách Hóa xanh Trà Vinh 14817 thuộc Chi nhánh Công ty Cổ phần Thương mại Bách Hóa xanh","Ngành nghề":"Sơ chế, chế biến rau, củ, quả, thịt, gia súc, gia cầm, thủy hải sản; Bán lẻ nhóm sản phẩm theo danh mục","Địa điểm":"khóm 1, Xã Mỹ Long","Điện thoại":"02838125960","layer_id":353,"fid":477,"label":"Cửa hàng Bách Hóa xanh Trà Vinh 14817 thuộc Chi nhánh Công ty Cổ phần Thương mại Bách Hóa xanh"}},{"type":"Feature","id":478,"geometry":{"type":"Point","coordinates":[106.062822818,9.8693047]},"properties":{"Cơ sở sản xuất kinh doanh ATTP":"Công ty TNHH SXTMDV Ngọc Phát Cầu Kè","Ngành nghề":"Bánh ống gạo dừa, bánh ống gạo ngũ cốc, bánh ống đậu xanh, bánh ống phô mai, bánh ống gạo rong biển, bánh ống gạo lứt mè, bánh gạo lứt trắng, bánh gạo lứt ngũ cốc, bánh gạo lứt huyết rồng, bánh ống tề thiên, bánh ống gạo chuối, bánh ống gạo khoai lang, cốm bơ sữa, cốm bắp rang bơ, cốm sữa.","Địa điểm":"Xã Cầu Kè","Điện thoại":"0932865686","layer_id":353,"fid":478,"label":"Công ty TNHH SXTMDV Ngọc Phát Cầu Kè"}},{"type":"Feature","id":479,"geometry":{"type":"Point","coordinates":[106.374238092,9.861497402]},"properties":{"Cơ sở sản xuất kinh doanh ATTP":"Hợp Tác Xã Nông Nghiệp Sản xuất, Dịch vụ và Thương mại Dừa PHƯƠNG HUỲNH.","Ngành nghề":"Dầu dừa nguyên chất","Địa điểm":"Xã Châu Thành","Điện thoại":"0383.596.769","layer_id":353,"fid":479,"label":"Hợp Tác Xã Nông Nghiệp Sản xuất, Dịch vụ và Thương mại Dừa PHƯƠNG HUỲNH."}},{"type":"Feature","id":480,"geometry":{"type":"Point","coordinates":[106.175737896,10.008107867]},"properties":{"Cơ sở sản xuất kinh doanh ATTP":"Công ty TNHH Đồng Phát DOPHACO","Ngành nghề":"Bột gấc, tinh dầu gấc","Địa điểm":"Ấp Số 2, Xã Càng Long","Điện thoại":"0919 399 884","layer_id":353,"fid":480,"label":"Công ty TNHH Đồng Phát DOPHACO"}},{"type":"Feature","id":481,"geometry":{"type":"Point","coordinates":[106.4050787,10.2391185]},"properties":{"Cơ sở sản xuất kinh doanh ATTP":"TRUNG TÂM KHOA HỌC VÀ CÔNG NGHỆ","Ngành nghề":"rượu linh chi, rượu đông trùng, trà túi lọc linh chi dừa, trà túi lọc linh chi lim xanh, cao nấm linh chi dừa, cao nấm linh chi lim xanh.","Địa điểm":"số 415A, đường Nguyễn Thị Định, ấp Phú Chánh, Phường Phú Khương","Điện thoại":"02753 827 522","layer_id":353,"fid":481,"label":"TRUNG TÂM KHOA HỌC VÀ CÔNG NGHỆ"}},{"type":"Feature","id":482,"geometry":{"type":"Point","coordinates":[106.3993658,10.3215281]},"properties":{"Cơ sở sản xuất kinh doanh ATTP":"ĐỊA ĐIỂM KINH DOANH CHI NHÁNH CÔNG TY CỔ PHẦN THƯƠNG MẠI BÁCH HÓA XANH - CỬA HÀNG BÁCH HÓA XANH BẾN TRE SỐ 63","Ngành nghề":"Sơ chế rau, củ, quả, thịt gia súc, gia cầm, thủy hải sản các loại","Địa điểm":"226/7B Ấp Quới Thạnh Đông, Xã Giao Long","Điện thoại":"02838 125 960","layer_id":353,"fid":482,"label":"ĐỊA ĐIỂM KINH DOANH CHI NHÁNH CÔNG TY CỔ PHẦN THƯƠNG MẠI BÁCH HÓA XANH - CỬA HÀNG BÁCH HÓA XANH BẾN TRE SỐ 63"}},{"type":"Feature","id":483,"geometry":{"type":"Point","coordinates":[106.3611742,10.0976077]},"properties":{"Cơ sở sản xuất kinh doanh ATTP":"CÔNG TY TNHH MTV DẦU THỰC VẬT PHA LÊ","Ngành nghề":"Dầu thực vật","Địa điểm":"ấp An Hóa Tây, Xã Đồng Khởi","Điện thoại":"0326 642 334","layer_id":353,"fid":483,"label":"CÔNG TY TNHH MTV DẦU THỰC VẬT PHA LÊ"}},{"type":"Feature","id":484,"geometry":{"type":"Point","coordinates":[106.3592158,10.3024052]},"properties":{"Cơ sở sản xuất kinh doanh ATTP":"CÔNG TY TNHH MTV SẢN XUẤT THƯƠNG MẠI VÕ TỐ UYÊN\n","Ngành nghề":"Kẹo dừa","Địa điểm":"số 144B7, khu phố 2, phường  An Hội","Điện thoại":"0975 884477","layer_id":353,"fid":484,"label":"CÔNG TY TNHH MTV SẢN XUẤT THƯƠNG MẠI VÕ TỐ UYÊN\n"}},{"type":"Feature","id":485,"geometry":{"type":"Point","coordinates":[106.3592158,10.3024052]},"properties":{"Cơ sở sản xuất kinh doanh ATTP":"HỢP TÁC XÃ NÔNG NGHIỆP BƯỞI DA XANH \nBẾN TRE\n","Ngành nghề":"Bưởi, Nước ép trái cây, mứt trái cây","Địa điểm":"khu phố 2, Xã Phú Túc","Điện thoại":"02753 895477","layer_id":353,"fid":485,"label":"HỢP TÁC XÃ NÔNG NGHIỆP BƯỞI DA XANH \nBẾN TRE\n"}},{"type":"Feature","id":486,"geometry":{"type":"Point","coordinates":[106.3761718,10.2549287]},"properties":{"Cơ sở sản xuất kinh doanh ATTP":"ĐỊA ĐIỂM KINH DOANH UBG BẾN TRE – CÔNG TY CỔ PHẦN ĐẦU TƯ QUỐC TẾ UBG","Ngành nghề":"nước uống đóng chai, nước khoáng thiên nhiên, các vi chất bổ sung vào thực phẩm, phụ gia, hương liệu, chất hỗ trợ chế biến thực phẩm, nông sản, trứng, mật ong, gia vị, đường, chè, cà phê, hạt tiêu, bia, nước giải khát, sữa chế biến, dầu thực vật, bột, tinh bột, bánh, mứt, kẹo","Địa điểm":"số 1K, đường Nguyễn Thị Định, phường Phú Khương","Điện thoại":"02871 020 222","layer_id":353,"fid":486,"label":"ĐỊA ĐIỂM KINH DOANH UBG BẾN TRE – CÔNG TY CỔ PHẦN ĐẦU TƯ QUỐC TẾ UBG"}},{"type":"Feature","id":490,"geometry":{"type":"Point","coordinates":[106.3550911,10.2281664]},"properties":{"Cơ sở sản xuất kinh doanh ATTP":"ĐỊA ĐIỂM KINH DOANH CHI NHÁNH CÔNG TY CỔ PHẦN THƯƠNG MẠI BÁCH HÓA XANH - CỬA HÀNG BÁCH HÓA XANH BẾN TRE SỐ 15","Ngành nghề":"Sơ chế rau, củ, quả, thịt gia súc, gia cầm, thủy hải sản các loại","Địa điểm":"Đường Nguyễn Văn Tư, Khu phố 4, Phường Bến Tre","Điện thoại":"02838 125 960","layer_id":353,"fid":490,"label":"ĐỊA ĐIỂM KINH DOANH CHI NHÁNH CÔNG TY CỔ PHẦN THƯƠNG MẠI BÁCH HÓA XANH - CỬA HÀNG BÁCH HÓA XANH BẾN TRE SỐ 15"}},{"type":"Feature","id":487,"geometry":{"type":"Point","coordinates":[106.4199755,10.2147665]},"properties":{"Cơ sở sản xuất kinh doanh ATTP":"ĐỊA ĐIỂM KINH DOANH CÔNG TY TNHH SẢN XUẤT KINH DOANH THỰC PHẨM VÀ ĐỒ UỐNG WINBEE - HIỆU BÁNH KHIẾT MINH SỐ 01\n\n","Ngành nghề":"Bánh bông lan kem, bánh bông lan, bánh su kem, bánh mì sandwich, bánh mì mặn, bánh mì ngọt, bánh ngọt, bánh quy, kem lạnh, bánh trung thu, nước giải khát","Địa điểm":"Thửa đất số 64, tờ bản đồ số 16, ấp Căn cứ, Xã An Ngãi Trung","Điện thoại":"0917 366 467","layer_id":353,"fid":487,"label":"ĐỊA ĐIỂM KINH DOANH CÔNG TY TNHH SẢN XUẤT KINH DOANH THỰC PHẨM VÀ ĐỒ UỐNG WINBEE - HIỆU BÁNH KHIẾT MINH SỐ 01\n\n"}},{"type":"Feature","id":488,"geometry":{"type":"Point","coordinates":[106.393853,10.2375879]},"properties":{"Cơ sở sản xuất kinh doanh ATTP":"CÔNG TY TNHH KỸ THUẬT DỪA","Ngành nghề":"Dầu dừa","Địa điểm":"226B Nguyễn Đình Chiểu, Phường Phú Khương","Điện thoại":"02753 833 759","layer_id":353,"fid":488,"label":"CÔNG TY TNHH KỸ THUẬT DỪA"}},{"type":"Feature","id":489,"geometry":{"type":"Point","coordinates":[106.3814836,10.2350202]},"properties":{"Cơ sở sản xuất kinh doanh ATTP":"ĐỊA ĐIỂM KINH DOANH CHI NHÁNH \nCÔNG TY CỔ PHẦN THƯƠNG MẠI BÁCH HÓA XANH \n– CỬA HÀNG BÁCH HÓA XANH BẾN TRE SỐ 05\n","Ngành nghề":"Sơ chế rau, củ, quả, thịt gia súc, gia cầm, thủy hải sản các loại; kinh doanh các nhóm sản phẩm thuộc phạm vi quản lý của Bộ Y tế, Bộ Công Thương, Bộ Nông nghiệp và phát triển nông thôn","Địa điểm":"Thửa đất 523, tờ bản đồ số 4, đường Nguyễn Huệ, khu phố 2, Phường An Hội","Điện thoại":"02838 125 960","layer_id":353,"fid":489,"label":"ĐỊA ĐIỂM KINH DOANH CHI NHÁNH \nCÔNG TY CỔ PHẦN THƯƠNG MẠI BÁCH HÓA XANH \n– CỬA HÀNG BÁCH HÓA XANH BẾN TRE SỐ 05\n"}},{"type":"Feature","id":491,"geometry":{"type":"Point","coordinates":[106.4002408,10.0168617]},"properties":{"Cơ sở sản xuất kinh doanh ATTP":"ĐỊA ĐIỂM KINH DOANH CHI NHÁNH CÔNG TY CỔ PHẦN THƯƠNG MẠI BÁCH HÓA XANH - CỬA HÀNG BÁCH HÓA XANH BẾN TRE SỐ 19","Ngành nghề":"Sơ chế rau, củ, quả, thịt gia súc, gia cầm, thủy hải sản các loại","Địa điểm":" Đường QL57, Ấp Thạnh B, Xã Đại Điền","Điện thoại":"02838 125 960","layer_id":353,"fid":491,"label":"ĐỊA ĐIỂM KINH DOANH CHI NHÁNH CÔNG TY CỔ PHẦN THƯƠNG MẠI BÁCH HÓA XANH - CỬA HÀNG BÁCH HÓA XANH BẾN TRE SỐ 19"}},{"type":"Feature","id":492,"geometry":{"type":"Point","coordinates":[106.50538,10.1751757]},"properties":{"Cơ sở sản xuất kinh doanh ATTP":"ĐỊA ĐIỂM KINH DOANH CHI NHÁNH CÔNG TY CỔ PHẦN THƯƠNG MẠI BÁCH HÓA XANH - CỬA HÀNG BÁCH HÓA XANH BẾN TRE SỐ 21","Ngành nghề":"Sơ chế rau, củ, quả, thịt gia súc, gia cầm, thủy hải sản các loại","Địa điểm":"Đường Đô Thị, Khu Phố 2, Xã Giồng Trôm","Điện thoại":"02838 125 960","layer_id":353,"fid":492,"label":"ĐỊA ĐIỂM KINH DOANH CHI NHÁNH CÔNG TY CỔ PHẦN THƯƠNG MẠI BÁCH HÓA XANH - CỬA HÀNG BÁCH HÓA XANH BẾN TRE SỐ 21"}},{"type":"Feature","id":555,"geometry":{"type":"Point","coordinates":[106.3104765,10.1942631]},"properties":{"Cơ sở sản xuất kinh doanh ATTP":"CÔNG TY TNHH MTV XĂNG DẦU ĐÔNG THÀNH","Ngành nghề":"Bánh ống","Địa điểm":"Ấp Đông Thành, Xã Tân Thành Bình","Điện thoại":"0849 077879","layer_id":353,"fid":555,"label":"CÔNG TY TNHH MTV XĂNG DẦU ĐÔNG THÀNH"}},{"type":"Feature","id":493,"geometry":{"type":"Point","coordinates":[106.5920857,10.0426983]},"properties":{"Cơ sở sản xuất kinh doanh ATTP":"ĐỊA ĐIỂM KINH DOANH CHI NHÁNH CÔNG TY CỔ PHẦN THƯƠNG MẠI BÁCH HÓA XANH - CỬA HÀNG BÁCH HÓA XANH BẾN TRE SỐ 25","Ngành nghề":"Sơ chế rau, củ, quả, thịt gia súc, gia cầm, thủy hải sản các loại","Địa điểm":"Đường Trần Hưng Đạo, Ấp 2, Xã Ba Tri","Điện thoại":"02838 125 960","layer_id":353,"fid":493,"label":"ĐỊA ĐIỂM KINH DOANH CHI NHÁNH CÔNG TY CỔ PHẦN THƯƠNG MẠI BÁCH HÓA XANH - CỬA HÀNG BÁCH HÓA XANH BẾN TRE SỐ 25"}},{"type":"Feature","id":494,"geometry":{"type":"Point","coordinates":[106.4464766,10.2431959]},"properties":{"Cơ sở sản xuất kinh doanh ATTP":"CN CÔNG TY TNHH SX TM MITRACO","Ngành nghề":"Mứt dừa, mứt gừng, mứt bí, mứt khai, mứt cà rốt, mứt hạt sen, mứt mãng cầu và các mứt từ trái cây, bánh, kẹo, thạch dừa, kẹo dừa","Địa điểm":"494, ấp Kính Cũ, Xã Lương Hoà","Điện thoại":"0935286989","layer_id":353,"fid":494,"label":"CN CÔNG TY TNHH SX TM MITRACO"}},{"type":"Feature","id":560,"geometry":{"type":"Point","coordinates":[106.3562797,10.2410232]},"properties":{"Cơ sở sản xuất kinh doanh ATTP":"CÔNG TY TNHH ĐẠI VƯỢNG PHÚ","Ngành nghề":"Dầu dừa, nước cốt dừa","Địa điểm":"ấp Bình Công, Phường Bến Tre","Điện thoại":"0939 697881","layer_id":353,"fid":560,"label":"CÔNG TY TNHH ĐẠI VƯỢNG PHÚ"}},{"type":"Feature","id":495,"geometry":{"type":"Point","coordinates":[106.1051705,10.2715021]},"properties":{"Cơ sở sản xuất kinh doanh ATTP":"CÔNG TY CỔ PHẦN VINAHERB","Ngành nghề":"Rượu các loại; Đông trùng hạ thảo các loại; Nấm các loại; Thảo dược các loại; Nước uống từ thảo dược, rau quả.","Địa điểm":"số 470/8, ấp Sơn Lân, Xã Phú Phụng","Điện thoại":"0949 889 846","layer_id":353,"fid":495,"label":"CÔNG TY CỔ PHẦN VINAHERB"}},{"type":"Feature","id":496,"geometry":{"type":"Point","coordinates":[106.6907603,10.1872464]},"properties":{"Cơ sở sản xuất kinh doanh ATTP":"CÔNG TY TNHH SẢN XUẤT KINH DOANH THỰC PHẨM VÀ ĐỒ UỐNG WINBEE - HIỆU BÁNH KHIẾT MINH ","Ngành nghề":"Chế biến trà sữa; Bánh bông lan kem, bánh bông lan, bánh su kem, bánh mì sandwich, bánh mì mặn, bánh mì ngọt, bánh ngọt, bánh quy, kem lạnh, bánh trung thu, nước giải khá","Địa điểm":"Tổ 2, Khu phố 3, Đường tỉnh 883, Xã Bình Đại","Điện thoại":"0918 101252","layer_id":353,"fid":496,"label":"CÔNG TY TNHH SẢN XUẤT KINH DOANH THỰC PHẨM VÀ ĐỒ UỐNG WINBEE - HIỆU BÁNH KHIẾT MINH "}},{"type":"Feature","id":499,"geometry":{"type":"Point","coordinates":[106.3434358,10.2403718]},"properties":{"Cơ sở sản xuất kinh doanh ATTP":"CÔNG TY TNHH SẢN XUẤT KINH DOANH PHƯƠNG LAN\n","Ngành nghề":"Kẹo dừa, Thạch dừa thành phẩm, Nước màu dừa, Mứt dừa","Địa điểm":"số 179C, Ấp Bình Thành, Phường Bến Tre","Điện thoại":"0963 323 232","layer_id":353,"fid":499,"label":"CÔNG TY TNHH SẢN XUẤT KINH DOANH PHƯƠNG LAN\n"}},{"type":"Feature","id":497,"geometry":{"type":"Point","coordinates":[106.50538,10.1751757]},"properties":{"Cơ sở sản xuất kinh doanh ATTP":"ĐỊA ĐIỂM KINH DOANH CÔNG TY TNHH SẢN XUẤT KINH DOANH THỰC PHẨM VÀ ĐỒ UỐNG WINBEE - HIỆU BÁNH KHIẾT MINH SỐ 02","Ngành nghề":"Chế biến trà sữa; Bánh bông lan kem, bánh bông lan, bánh su kem, bánh mì sandwich, bánh mì mặn, bánh mì ngọt, bánh ngọt, bánh quy, kem lạnh, bánh trung thu, nước giải khá","Địa điểm":"241/2, Khu phố 2, Xã Giồng Trôm","Điện thoại":"0918 101252","layer_id":353,"fid":497,"label":"ĐỊA ĐIỂM KINH DOANH CÔNG TY TNHH SẢN XUẤT KINH DOANH THỰC PHẨM VÀ ĐỒ UỐNG WINBEE - HIỆU BÁNH KHIẾT MINH SỐ 02"}},{"type":"Feature","id":498,"geometry":{"type":"Point","coordinates":[106.3375493,10.1269241]},"properties":{"Cơ sở sản xuất kinh doanh ATTP":"Công ty TNHH SX KD TP và Đồ uống Winbee - Hiệu bánh Khiết Minh","Ngành nghề":null,"Địa điểm":"số 321, khu phố 4, thị trấn Mỏ Cày, Xã Mỏ Cày","Điện thoại":"0918101252","layer_id":353,"fid":498,"label":"Công ty TNHH SX KD TP và Đồ uống Winbee - Hiệu bánh Khiết Minh"}},{"type":"Feature","id":500,"geometry":{"type":"Point","coordinates":[106.3765343,10.2421318]},"properties":{"Cơ sở sản xuất kinh doanh ATTP":"ĐỊA ĐIỂM KINH DOANH 22 – CÔNG TY CỔ PHẦN THƯƠNG MẠI QSR VIỆT NAM – CỬA HÀNG DAIRY QUEEN ","Ngành nghề":"kem và nước uống.","Địa điểm":"Tầng 2, Siêu thị Co.op Mart Bến Tre, số 26A, Trần Quốc Tuấn, Phường An Hội","Điện thoại":"0275 3545650","layer_id":353,"fid":500,"label":"ĐỊA ĐIỂM KINH DOANH 22 – CÔNG TY CỔ PHẦN THƯƠNG MẠI QSR VIỆT NAM – CỬA HÀNG DAIRY QUEEN "}},{"type":"Feature","id":501,"geometry":{"type":"Point","coordinates":[106.3765338,10.2413481]},"properties":{"Cơ sở sản xuất kinh doanh ATTP":"ĐỊA ĐIỂM KINH DOANH 52 – NHÀ HÀNG THE PIZZA COMPANY","Ngành nghề":"bánh Pizza, mì Ý","Địa điểm":"T-03, Tầng trệt, TTTM Sense City, số 26A, Trần Quốc Tuấn, Phường An Hội","Điện thoại":"0275 3554996","layer_id":353,"fid":501,"label":"ĐỊA ĐIỂM KINH DOANH 52 – NHÀ HÀNG THE PIZZA COMPANY"}},{"type":"Feature","id":502,"geometry":{"type":"Point","coordinates":[106.3766424,10.2384125]},"properties":{"Cơ sở sản xuất kinh doanh ATTP":"ĐỊA ĐIỂM KINH DOANH CONG TY CỔ PHẦN PHIM THIÊN NGÂN – RẠP CHIẾU PHIM THIÊN NGÂN – BẾN TRE – TRẦN QUỐC TUẤN","Ngành nghề":"chế biến bắp rang bơ; ","Địa điểm":"Lầu 1, Số 26A, Đường Trần Quốc Tuấn, Phường An Hội","Điện thoại":"0908 198 806","layer_id":353,"fid":502,"label":"ĐỊA ĐIỂM KINH DOANH CONG TY CỔ PHẦN PHIM THIÊN NGÂN – RẠP CHIẾU PHIM THIÊN NGÂN – BẾN TRE – TRẦN QUỐC TUẤN"}},{"type":"Feature","id":503,"geometry":{"type":"Point","coordinates":[106.379734506,10.333285678]},"properties":{"Cơ sở sản xuất kinh doanh ATTP":"CÔNG TY TNHH SẢN XUẤT KINH DOANH THỰC PHẨM VÀ ĐỒ UỐNG WINBEE - HIỆU BÁNH KHIẾT MINH ","Ngành nghề":"Chế biến trà sữa; Bánh bông lan kem, bánh bông lan, bánh su kem, bánh mì sandwich, bánh mì mặn, bánh mì ngọt, bánh ngọt, bánh quy, kem lạnh, bánh trung thu, nước giải khá","Địa điểm":"số 414, Ấp 6, Xã Phú Túc","Điện thoại":"0275 3860579","layer_id":353,"fid":503,"label":"CÔNG TY TNHH SẢN XUẤT KINH DOANH THỰC PHẨM VÀ ĐỒ UỐNG WINBEE - HIỆU BÁNH KHIẾT MINH "}},{"type":"Feature","id":622,"geometry":{"type":"Point","coordinates":[106.3325296,10.2007223]},"properties":{"Cơ sở sản xuất kinh doanh ATTP":"Công ty TNHH SX KD Tổng hợp Đông Á","Ngành nghề":"Kẹo các loại","Địa điểm":"Số 379C, Nguyễn Văn Tư, KP 3, Phường Bến Tre","Điện thoại":"02753822391","layer_id":353,"fid":622,"label":"Công ty TNHH SX KD Tổng hợp Đông Á"}},{"type":"Feature","id":504,"geometry":{"type":"Point","coordinates":[106.246589006,10.264334085]},"properties":{"Cơ sở sản xuất kinh doanh ATTP":"ĐỊA ĐIỂM KINH DOANH CHI NHÁNH CÔNG TY CỔ PHẦN THƯƠNG MẠI BÁCH HÓA XANH - CỬA HÀNG BÁCH HÓA XANH BẾN TRE SỐ 6","Ngành nghề":"Sơ chế rau, củ, quả, thịt gia súc, gia cầm, thủy hải sản các loại","Địa điểm":"Đường ĐHCT-11, Ấp Chánh, Xã Tiên Thủy","Điện thoại":"02838 125 960","layer_id":353,"fid":504,"label":"ĐỊA ĐIỂM KINH DOANH CHI NHÁNH CÔNG TY CỔ PHẦN THƯƠNG MẠI BÁCH HÓA XANH - CỬA HÀNG BÁCH HÓA XANH BẾN TRE SỐ 6"}},{"type":"Feature","id":505,"geometry":{"type":"Point","coordinates":[106.2640266,10.2763657]},"properties":{"Cơ sở sản xuất kinh doanh ATTP":"ĐỊA ĐIỂM KINH DOANH CHI NHÁNH CÔNG TY CỔ PHẦN THƯƠNG MẠI BÁCH HÓA XANH - CỬA HÀNG BÁCH HÓA XANH BẾN TRE SỐ 9","Ngành nghề":"Sơ chế rau, củ, quả, thịt gia súc, gia cầm, thủy hải sản các loại","Địa điểm":"Đường QL57C, Ấp Tiên Tây Vàm, Xã Tiên Thủy","Điện thoại":"02838 125 960","layer_id":353,"fid":505,"label":"ĐỊA ĐIỂM KINH DOANH CHI NHÁNH CÔNG TY CỔ PHẦN THƯƠNG MẠI BÁCH HÓA XANH - CỬA HÀNG BÁCH HÓA XANH BẾN TRE SỐ 9"}},{"type":"Feature","id":506,"geometry":{"type":"Point","coordinates":[106.3575844,10.299397]},"properties":{"Cơ sở sản xuất kinh doanh ATTP":"ĐỊA ĐIỂM KINH DOANH CHI NHÁNH CÔNG TY CỔ PHẦN THƯƠNG MẠI BÁCH HÓA XANH - CỬA HÀNG BÁCH HÓA XANH BẾN TRE SỐ 10","Ngành nghề":"Sơ chế rau, củ, quả, thịt gia súc, gia cầm, thủy hải sản các loại","Địa điểm":"Ấp Phước Hòa, Xã Giao Long","Điện thoại":"02838 125 960","layer_id":353,"fid":506,"label":"ĐỊA ĐIỂM KINH DOANH CHI NHÁNH CÔNG TY CỔ PHẦN THƯƠNG MẠI BÁCH HÓA XANH - CỬA HÀNG BÁCH HÓA XANH BẾN TRE SỐ 10"}},{"type":"Feature","id":507,"geometry":{"type":"Point","coordinates":[106.4351303,10.2211759]},"properties":{"Cơ sở sản xuất kinh doanh ATTP":"ĐỊA ĐIỂM KINH DOANH CHI NHÁNH CÔNG TY CỔ PHẦN THƯƠNG MẠI BÁCH HÓA XANH - CỬA HÀNG BÁCH HÓA XANH BẾN TRE SỐ 11","Ngành nghề":"Sơ chế rau, củ, quả, thịt gia súc, gia cầm, thủy hải sản các loại","Địa điểm":"Ấp Chợ, Xã Mỹ Thạnh, Xã An Ngãi Trung","Điện thoại":"02838 125 960","layer_id":353,"fid":507,"label":"ĐỊA ĐIỂM KINH DOANH CHI NHÁNH CÔNG TY CỔ PHẦN THƯƠNG MẠI BÁCH HÓA XANH - CỬA HÀNG BÁCH HÓA XANH BẾN TRE SỐ 11"}},{"type":"Feature","id":519,"geometry":{"type":"Point","coordinates":[106.3689506,10.2372422]},"properties":{"Cơ sở sản xuất kinh doanh ATTP":"ĐĐKD Công ty TNHH SX KD TP và Đồ uống Winbee - Hiệu bánh Khiết Minh số 06","Ngành nghề":null,"Địa điểm":"Số 356A, đường Đoàn Hoàng Minh, phường An Hội","Điện thoại":"0918101252","layer_id":353,"fid":519,"label":"ĐĐKD Công ty TNHH SX KD TP và Đồ uống Winbee - Hiệu bánh Khiết Minh số 06"}},{"type":"Feature","id":508,"geometry":{"type":"Point","coordinates":[106.3562704,10.2612303]},"properties":{"Cơ sở sản xuất kinh doanh ATTP":"ĐỊA ĐIỂM KINH DOANH CHI NHÁNH CÔNG TY CỔ PHẦN THƯƠNG MẠI BÁCH HÓA XANH - CỬA HÀNG BÁCH HÓA XANH BẾN TRE SỐ 4","Ngành nghề":"Sơ chế rau, củ, quả, thịt gia súc, gia cầm, thủy hải sản các loại","Địa điểm":"Đường ĐT884, Phường Phú Tân","Điện thoại":"02838 125 960","layer_id":353,"fid":508,"label":"ĐỊA ĐIỂM KINH DOANH CHI NHÁNH CÔNG TY CỔ PHẦN THƯƠNG MẠI BÁCH HÓA XANH - CỬA HÀNG BÁCH HÓA XANH BẾN TRE SỐ 4"}},{"type":"Feature","id":509,"geometry":{"type":"Point","coordinates":[106.3739821,10.2542254]},"properties":{"Cơ sở sản xuất kinh doanh ATTP":"ĐỊA ĐIỂM KINH DOANH CHI NHÁNH CÔNG TY CỔ PHẦN THƯƠNG MẠI BÁCH HÓA XANH - CỬA HÀNG BÁCH HÓA XANH BẾN TRE SỐ 12","Ngành nghề":"Sơ chế rau, củ, quả, thịt gia súc, gia cầm, thủy hải sản các loại","Địa điểm":"Đường Nguyễn Thị Định, Khu phố 4, Phường Phú Tân","Điện thoại":"02838 125 960","layer_id":353,"fid":509,"label":"ĐỊA ĐIỂM KINH DOANH CHI NHÁNH CÔNG TY CỔ PHẦN THƯƠNG MẠI BÁCH HÓA XANH - CỬA HÀNG BÁCH HÓA XANH BẾN TRE SỐ 12"}},{"type":"Feature","id":510,"geometry":{"type":"Point","coordinates":[106.5315188,10.077258]},"properties":{"Cơ sở sản xuất kinh doanh ATTP":"ĐỊA ĐIỂM KINH DOANH CHI NHÁNH CÔNG TY CỔ PHẦN THƯƠNG MẠI BÁCH HÓA XANH - CỬA HÀNG BÁCH HÓA XANH BẾN TRE SỐ 2","Ngành nghề":"Sơ chế rau, củ, quả, thịt gia súc, gia cầm, thủy hải sản các loại","Địa điểm":"Đường ĐT885, Ấp An Định 2, Xã An Ngãi Trung","Điện thoại":"02838 125 960","layer_id":353,"fid":510,"label":"ĐỊA ĐIỂM KINH DOANH CHI NHÁNH CÔNG TY CỔ PHẦN THƯƠNG MẠI BÁCH HÓA XANH - CỬA HÀNG BÁCH HÓA XANH BẾN TRE SỐ 2"}},{"type":"Feature","id":623,"geometry":{"type":"Point","coordinates":[106.3333011,10.2038027]},"properties":{"Cơ sở sản xuất kinh doanh ATTP":"DNTN Ngọc Mai","Ngành nghề":"Kẹo các loại","Địa điểm":"Số 73B1, KP2, Nguyễn Văn Tư, Phường Bến Tre","Điện thoại":"0913965290","layer_id":353,"fid":623,"label":"DNTN Ngọc Mai"}},{"type":"Feature","id":632,"geometry":{"type":"Point","coordinates":[106.3404925,10.1078316]},"properties":{"Cơ sở sản xuất kinh doanh ATTP":"Công ty TNHH Minh Tâm","Ngành nghề":"Dầu dừa","Địa điểm":"Ấp Hội An, Xã Mỏ Cày","Điện thoại":"02753663316","layer_id":353,"fid":632,"label":"Công ty TNHH Minh Tâm"}},{"type":"Feature","id":511,"geometry":{"type":"Point","coordinates":[106.5966659,10.0425358]},"properties":{"Cơ sở sản xuất kinh doanh ATTP":"ĐỊA ĐIỂM KINH DOANH CÔNG TY TNHH SẢN XUẤT KINH DOANH THỰC PHẨM VÀ ĐỒ UỐNG WINBEE - HIỆU BÁNH KHIẾT MINH SỐ 04","Ngành nghề":"Bánh bông lan kem, bánh bông lan, bánh su kem, bánh mì sandwich, bánh mì mặn, bánh mì ngọt, bánh ngọt, bánh quy, kem lạnh, bánh trung thu, nước giải khát","Địa điểm":"Xã Ba Tri","Điện thoại":null,"layer_id":353,"fid":511,"label":"ĐỊA ĐIỂM KINH DOANH CÔNG TY TNHH SẢN XUẤT KINH DOANH THỰC PHẨM VÀ ĐỒ UỐNG WINBEE - HIỆU BÁNH KHIẾT MINH SỐ 04"}},{"type":"Feature","id":512,"geometry":{"type":"Point","coordinates":[106.1366532,10.2571058]},"properties":{"Cơ sở sản xuất kinh doanh ATTP":"ĐỊA ĐIỂM KINH DOANH CHI NHÁNH CÔNG TY CỔ PHẦN THƯƠNG MẠI BÁCH HÓA XANH - CỬA HÀNG BÁCH HÓA XANH BẾN TRE SỐ 3","Ngành nghề":"Sơ chế rau, củ, quả, thịt gia súc, gia cầm, thủy hải sản các loại","Địa điểm":"Đường QL57, Xã Chợ Lách","Điện thoại":"02838 125 960","layer_id":353,"fid":512,"label":"ĐỊA ĐIỂM KINH DOANH CHI NHÁNH CÔNG TY CỔ PHẦN THƯƠNG MẠI BÁCH HÓA XANH - CỬA HÀNG BÁCH HÓA XANH BẾN TRE SỐ 3"}},{"type":"Feature","id":513,"geometry":{"type":"Point","coordinates":[106.1366258,10.2570948]},"properties":{"Cơ sở sản xuất kinh doanh ATTP":"ĐỊA ĐIỂM KINH DOANH CHI NHÁNH CÔNG TY CỔ PHẦN THƯƠNG MẠI BÁCH HÓA XANH - CỬA HÀNG BÁCH HÓA XANH BẾN TRE SỐ 8","Ngành nghề":"Sơ chế rau, củ, quả, thịt gia súc, gia cầm, thủy hải sản các loại","Địa điểm":"Đường QL57, Ấp Tân Lộc, Xã Vĩnh Thành","Điện thoại":"02838 125 960","layer_id":353,"fid":513,"label":"ĐỊA ĐIỂM KINH DOANH CHI NHÁNH CÔNG TY CỔ PHẦN THƯƠNG MẠI BÁCH HÓA XANH - CỬA HÀNG BÁCH HÓA XANH BẾN TRE SỐ 8"}},{"type":"Feature","id":514,"geometry":{"type":"Point","coordinates":[106.280166,10.1146002]},"properties":{"Cơ sở sản xuất kinh doanh ATTP":"ĐỊA ĐIỂM KINH DOANH CHI NHÁNH CÔNG TY CỔ PHẦN THƯƠNG MẠI BÁCH HÓA XANH - CỬA HÀNG BÁCH HÓA XANH BẾN TRE SỐ 16","Ngành nghề":"Sơ chế rau, củ, quả, thịt gia súc, gia cầm, thủy hải sản các loại","Địa điểm":"Đường ĐH20, Ấp An Lộc Thị, Xã Mỏ Cày","Điện thoại":"02838 125 960","layer_id":353,"fid":514,"label":"ĐỊA ĐIỂM KINH DOANH CHI NHÁNH CÔNG TY CỔ PHẦN THƯƠNG MẠI BÁCH HÓA XANH - CỬA HÀNG BÁCH HÓA XANH BẾN TRE SỐ 16"}},{"type":"Feature","id":515,"geometry":{"type":"Point","coordinates":[106.5181126,9.9493147]},"properties":{"Cơ sở sản xuất kinh doanh ATTP":"ĐỊA ĐIỂM KINH DOANH CHI NHÁNH CÔNG TY CỔ PHẦN THƯƠNG MẠI BÁCH HÓA XANH - CỬA HÀNG BÁCH HÓA XANH BẾN TRE SỐ 7","Ngành nghề":"Sơ chế rau, củ, quả, thịt gia súc, gia cầm, thủy hải sản các loại","Địa điểm":"Đường Thủy Sản, Xã Thạnh Phú","Điện thoại":"02838 125 960","layer_id":353,"fid":515,"label":"ĐỊA ĐIỂM KINH DOANH CHI NHÁNH CÔNG TY CỔ PHẦN THƯƠNG MẠI BÁCH HÓA XANH - CỬA HÀNG BÁCH HÓA XANH BẾN TRE SỐ 7"}},{"type":"Feature","id":516,"geometry":{"type":"Point","coordinates":[106.5234863,9.9339834]},"properties":{"Cơ sở sản xuất kinh doanh ATTP":"ĐỊA ĐIỂM KINH DOANH CHI NHÁNH CÔNG TY CỔ PHẦN THƯƠNG MẠI BÁCH HÓA XANH - CỬA HÀNG BÁCH HÓA XANH BẾN TRE SỐ 14","Ngành nghề":"Sơ chế rau, củ, quả, thịt gia súc, gia cầm, thủy hải sản các loại","Địa điểm":"Đường QL 57, Ấp An Hội A, Phường An Hội","Điện thoại":"02838 125 960","layer_id":353,"fid":516,"label":"ĐỊA ĐIỂM KINH DOANH CHI NHÁNH CÔNG TY CỔ PHẦN THƯƠNG MẠI BÁCH HÓA XANH - CỬA HÀNG BÁCH HÓA XANH BẾN TRE SỐ 14"}},{"type":"Feature","id":517,"geometry":{"type":"Point","coordinates":[106.3592773,10.2308565]},"properties":{"Cơ sở sản xuất kinh doanh ATTP":"CHI NHÁNH CÔNG TY TNHH SẢN XUẤT KINH DOANH TỔNG HỢP ĐÔNG Á – CƠ SỞ SẢN XUẤT MẠCH NHA","Ngành nghề":"Mạch nha","Địa điểm":"số 252B1, Khu phố 2, đường Nguyễn Văn Tư, Phường Bến Tre","Điện thoại":"0989 683 554","layer_id":353,"fid":517,"label":"CHI NHÁNH CÔNG TY TNHH SẢN XUẤT KINH DOANH TỔNG HỢP ĐÔNG Á – CƠ SỞ SẢN XUẤT MẠCH NHA"}},{"type":"Feature","id":518,"geometry":{"type":"Point","coordinates":[106.4199755,10.2147665]},"properties":{"Cơ sở sản xuất kinh doanh ATTP":"CÔNG TY TRÁCH NHIỆM HỮU HẠN SẢN XUẤT MẠCH NHA HÙNG CƯỜNG","Ngành nghề":"mạch nha, bánh các loại, đường cao cấp","Địa điểm":"Số 841, ấp Nghĩa Huấn, Xã Lương Phú","Điện thoại":"02753 824382","layer_id":353,"fid":518,"label":"CÔNG TY TRÁCH NHIỆM HỮU HẠN SẢN XUẤT MẠCH NHA HÙNG CƯỜNG"}},{"type":"Feature","id":520,"geometry":{"type":"Point","coordinates":[106.3810064,10.2369432]},"properties":{"Cơ sở sản xuất kinh doanh ATTP":"ĐỊA ĐIỂM KINH DOANH WINMART+BTE 1\n - CHI NHÁNH BẾN TRE - CÔNG TY CỔ PHẦN DỊCH VỤ THƯƠNG MẠI TỔNG HỢP WINCOMMERCE\n","Ngành nghề":"Sơ chế rau, củ, quả, thịt gia súc, gia cầm, thủy hải sản các loại","Địa điểm":"Số 80, Nguyễn Huệ, Phường An Hội","Điện thoại":"02471 066 866","layer_id":353,"fid":520,"label":"ĐỊA ĐIỂM KINH DOANH WINMART+BTE 1\n - CHI NHÁNH BẾN TRE - CÔNG TY CỔ PHẦN DỊCH VỤ THƯƠNG MẠI TỔNG HỢP WINCOMMERCE\n"}},{"type":"Feature","id":521,"geometry":{"type":"Point","coordinates":[106.3795287,10.2443715]},"properties":{"Cơ sở sản xuất kinh doanh ATTP":"ĐỊA ĐIỂM KINH DOANH WINMART+BTE 2\n - CHI NHÁNH BẾN TRE - CÔNG TY CỔ PHẦN DỊCH VỤ THƯƠNG MẠI TỔNG HỢP WINCOMMERCE\n","Ngành nghề":"Sơ chế rau, củ, quả, thịt gia súc, gia cầm, thủy hải sản các loại","Địa điểm":"Số 298F, Nguyễn Huệ, \nPhường Phú Khương\n","Điện thoại":"02471 066 866","layer_id":353,"fid":521,"label":"ĐỊA ĐIỂM KINH DOANH WINMART+BTE 2\n - CHI NHÁNH BẾN TRE - CÔNG TY CỔ PHẦN DỊCH VỤ THƯƠNG MẠI TỔNG HỢP WINCOMMERCE\n"}},{"type":"Feature","id":565,"geometry":{"type":"Point","coordinates":[106.3666623,10.2547184]},"properties":{"Cơ sở sản xuất kinh doanh ATTP":"Công ty TNHH bánh kẹo Thanh Tâm","Ngành nghề":"Bánh đuông, bánh ngọt các loại","Địa điểm":"Số 81/1, đường 30/4, KP1, Phường An Hội","Điện thoại":"02753 813204","layer_id":353,"fid":565,"label":"Công ty TNHH bánh kẹo Thanh Tâm"}},{"type":"Feature","id":522,"geometry":{"type":"Point","coordinates":[106.390942,10.2373]},"properties":{"Cơ sở sản xuất kinh doanh ATTP":"ĐỊA ĐIỂM KINH DOANH WINMART+BTE 3\n - CHI NHÁNH BẾN TRE - CÔNG TY CỔ PHẦN DỊCH VỤ THƯƠNG MẠI TỔNG HỢP WINCOMMERCE\n","Ngành nghề":"Sơ chế rau, củ, quả, thịt gia súc, gia cầm, thủy hải sản các loại","Địa điểm":"Số 401B, Nguyễn Đình Chiểu, \nPhường Phú Khương\n","Điện thoại":"02471 066 866","layer_id":353,"fid":522,"label":"ĐỊA ĐIỂM KINH DOANH WINMART+BTE 3\n - CHI NHÁNH BẾN TRE - CÔNG TY CỔ PHẦN DỊCH VỤ THƯƠNG MẠI TỔNG HỢP WINCOMMERCE\n"}},{"type":"Feature","id":523,"geometry":{"type":"Point","coordinates":[106.363181,10.2561306]},"properties":{"Cơ sở sản xuất kinh doanh ATTP":"ĐỊA ĐIỂM KINH DOANH WINMART+BTE 4\n - CHI NHÁNH BẾN TRE - CÔNG TY CỔ PHẦN DỊCH VỤ THƯƠNG MẠI TỔNG HỢP WINCOMMERCE\n","Ngành nghề":"Sơ chế rau, củ, quả, thịt gia súc, gia cầm, thủy hải sản các loại","Địa điểm":"Số 261K, Đường số 1, \nPhường Phú Tân \n","Điện thoại":"02471 066 866","layer_id":353,"fid":523,"label":"ĐỊA ĐIỂM KINH DOANH WINMART+BTE 4\n - CHI NHÁNH BẾN TRE - CÔNG TY CỔ PHẦN DỊCH VỤ THƯƠNG MẠI TỔNG HỢP WINCOMMERCE\n"}},{"type":"Feature","id":578,"geometry":{"type":"Point","coordinates":[106.274224711,10.208273624]},"properties":{"Cơ sở sản xuất kinh doanh ATTP":"Công ty TNHH SX TM Nông sản Kim Long","Ngành nghề":"Dầu dừa","Địa điểm":"Ấp Phú Bình, Xã Phước Mỹ Trung","Điện thoại":"0917737909","layer_id":353,"fid":578,"label":"Công ty TNHH SX TM Nông sản Kim Long"}},{"type":"Feature","id":524,"geometry":{"type":"Point","coordinates":[106.3699598,10.2397691]},"properties":{"Cơ sở sản xuất kinh doanh ATTP":"ĐỊA ĐIỂM KINH DOANH WINMART+BTE 5\n - CHI NHÁNH BẾN TRE - CÔNG TY CỔ PHẦN DỊCH VỤ THƯƠNG MẠI TỔNG HỢP WINCOMMERCE\n","Ngành nghề":"Sơ chế rau, củ, quả, thịt gia súc, gia cầm, thủy hải sản các loại","Địa điểm":"Số 63/2, Phan Đình Phùng, Phường An Hội","Điện thoại":"02471 066 866","layer_id":353,"fid":524,"label":"ĐỊA ĐIỂM KINH DOANH WINMART+BTE 5\n - CHI NHÁNH BẾN TRE - CÔNG TY CỔ PHẦN DỊCH VỤ THƯƠNG MẠI TỔNG HỢP WINCOMMERCE\n"}},{"type":"Feature","id":525,"geometry":{"type":"Point","coordinates":[106.3572445,10.2483307]},"properties":{"Cơ sở sản xuất kinh doanh ATTP":"ĐỊA ĐIỂM KINH DOANH WINMART+BTE 6\n - CHI NHÁNH BẾN TRE - CÔNG TY CỔ PHẦN DỊCH VỤ THƯƠNG MẠI TỔNG HỢP WINCOMMERCE\n","Ngành nghề":"Sơ chế rau, củ, quả, thịt gia súc, gia cầm, thủy hải sản các loại","Địa điểm":"Số 116A1, Trương Định, Phường Sơn Đông","Điện thoại":"02471 066 866","layer_id":353,"fid":525,"label":"ĐỊA ĐIỂM KINH DOANH WINMART+BTE 6\n - CHI NHÁNH BẾN TRE - CÔNG TY CỔ PHẦN DỊCH VỤ THƯƠNG MẠI TỔNG HỢP WINCOMMERCE\n"}},{"type":"Feature","id":526,"geometry":{"type":"Point","coordinates":[106.3741797,10.2541688]},"properties":{"Cơ sở sản xuất kinh doanh ATTP":"ĐỊA ĐIỂM KINH DOANH WINMART+BTE 7\n - CHI NHÁNH BẾN TRE - CÔNG TY CỔ PHẦN DỊCH VỤ THƯƠNG MẠI TỔNG HỢP WINCOMMERCE\n","Ngành nghề":"Sơ chế rau, củ, quả, thịt gia súc, gia cầm, thủy hải sản các loại","Địa điểm":"Số 600B1, Nguyễn Thị Định, Phường Phú Khương","Điện thoại":"02471 066 866","layer_id":353,"fid":526,"label":"ĐỊA ĐIỂM KINH DOANH WINMART+BTE 7\n - CHI NHÁNH BẾN TRE - CÔNG TY CỔ PHẦN DỊCH VỤ THƯƠNG MẠI TỔNG HỢP WINCOMMERCE\n"}},{"type":"Feature","id":527,"geometry":{"type":"Point","coordinates":[106.3592158,10.3024052]},"properties":{"Cơ sở sản xuất kinh doanh ATTP":"DNTN CƠ SỞ ÉP DẦU TẤN CƯỜNG","Ngành nghề":"Dầu dừa","Địa điểm":"Số 332C, Khu phố 2, Phường Phú Khương","Điện thoại":"02753 829460","layer_id":353,"fid":527,"label":"DNTN CƠ SỞ ÉP DẦU TẤN CƯỜNG"}},{"type":"Feature","id":528,"geometry":{"type":"Point","coordinates":[106.3785915,10.2438746]},"properties":{"Cơ sở sản xuất kinh doanh ATTP":"ĐỊA ĐIỂM KINH DOANH PHÚC LONG BTE 01 - KS- CHI NHÁNH BẾN TRE - CÔNG TY CP PHÚC LONG HERITAGE","Ngành nghề":"Cà phê, trà sữa, trà trái cây, nước uống các loại","Địa điểm":"Số 63/2, Phan Đình Phùng, Khu phố 2, Phường An Hội","Điện thoại":"0247 1066866","layer_id":353,"fid":528,"label":"ĐỊA ĐIỂM KINH DOANH PHÚC LONG BTE 01 - KS- CHI NHÁNH BẾN TRE - CÔNG TY CP PHÚC LONG HERITAGE"}},{"type":"Feature","id":529,"geometry":{"type":"Point","coordinates":[106.3741797,10.2541688]},"properties":{"Cơ sở sản xuất kinh doanh ATTP":"ĐỊA ĐIỂM KINH DOANH PHÚC LONG BTE 02 - KS- CHI NHÁNH BẾN TRE - CÔNG TY CP PHÚC LONG HERITAGE","Ngành nghề":"Cà phê, trà sữa, trà trái cây, nước uống các loại","Địa điểm":"Số 600B1, Nguyễn Thị Định, Khu phố 2, Phường Phú Khương","Điện thoại":"0247 1066866","layer_id":353,"fid":529,"label":"ĐỊA ĐIỂM KINH DOANH PHÚC LONG BTE 02 - KS- CHI NHÁNH BẾN TRE - CÔNG TY CP PHÚC LONG HERITAGE"}},{"type":"Feature","id":530,"geometry":{"type":"Point","coordinates":[106.390942,10.2373]},"properties":{"Cơ sở sản xuất kinh doanh ATTP":"ĐỊA ĐIỂM KINH DOANH PHÚC LONG BTE 03 - KS- CHI NHÁNH BẾN TRE - CÔNG TY CP PHÚC LONG HERITAGE","Ngành nghề":"Cà phê, trà sữa, trà trái cây, nước uống các loại","Địa điểm":"Số 401B, Nguyễn Đình Chiểu, Phường Phú Khương","Điện thoại":"0247 1066866","layer_id":353,"fid":530,"label":"ĐỊA ĐIỂM KINH DOANH PHÚC LONG BTE 03 - KS- CHI NHÁNH BẾN TRE - CÔNG TY CP PHÚC LONG HERITAGE"}},{"type":"Feature","id":531,"geometry":{"type":"Point","coordinates":[106.3810064,10.2369432]},"properties":{"Cơ sở sản xuất kinh doanh ATTP":"ĐỊA ĐIỂM KINH DOANH PHÚC LONG BTE 04 - KS- CHI NHÁNH BẾN TRE - CÔNG TY CP PHÚC LONG HERITAGE","Ngành nghề":"Cà phê, trà sữa, trà trái cây, nước uống các loại","Địa điểm":"Số 80, Nguyễn Huệ, Phường An Hội","Điện thoại":"0247 1066866","layer_id":353,"fid":531,"label":"ĐỊA ĐIỂM KINH DOANH PHÚC LONG BTE 04 - KS- CHI NHÁNH BẾN TRE - CÔNG TY CP PHÚC LONG HERITAGE"}},{"type":"Feature","id":532,"geometry":{"type":"Point","coordinates":[106.3995425,10.3015487]},"properties":{"Cơ sở sản xuất kinh doanh ATTP":"CÔNG TY CỔ PHẦN CHẾ BIẾN DỪA Á CHÂU","Ngành nghề":"Dầu dừa các loại","Địa điểm":"Lô EI-2, EI-3, EI-4, KCN Giao Long, giai đoạn II, Xã Giao Long","Điện thoại":"02753 656999","layer_id":353,"fid":532,"label":"CÔNG TY CỔ PHẦN CHẾ BIẾN DỪA Á CHÂU"}},{"type":"Feature","id":533,"geometry":{"type":"Point","coordinates":[106.3765338,10.2413481]},"properties":{"Cơ sở sản xuất kinh doanh ATTP":"CHI NHÁNH CÔNG TY CỔ PHẦN DỊCH VỤ CÀ PHÊ CAO NGUYÊN TẠI BẾN TRE","Ngành nghề":"Trà sữa, trà trái cây, nước uống các loại","Địa điểm":"T06, Tầng trệt Trung tâm thương mại Sense City Bến Tre, số 26A, đường Trần Quốc Tuấn, Phường An Hội","Điện thoại":"0907 600 177","layer_id":353,"fid":533,"label":"CHI NHÁNH CÔNG TY CỔ PHẦN DỊCH VỤ CÀ PHÊ CAO NGUYÊN TẠI BẾN TRE"}},{"type":"Feature","id":534,"geometry":{"type":"Point","coordinates":[106.3366622,10.3217849]},"properties":{"Cơ sở sản xuất kinh doanh ATTP":"CÔNG TY TNHH MẬT DỪA BẾN TRE","Ngành nghề":"Mật hoa dừa, nước giải khát, bánh kẹo","Địa điểm":"Ấp An Thạnh, Xã Giao Long","Điện thoại":"0907 939499","layer_id":353,"fid":534,"label":"CÔNG TY TNHH MẬT DỪA BẾN TRE"}},{"type":"Feature","id":535,"geometry":{"type":"Point","coordinates":[106.3803969,10.2528747]},"properties":{"Cơ sở sản xuất kinh doanh ATTP":"CÔNG TY TNHH MTV SẢN XUẤT LƯƠNG THỰC THỰC PHẨM HOÀNG HUY","Ngành nghề":"Bột nui, sò nui chiên","Địa điểm":"Số 475C, đường Nguyễn Huệ, phường Phú Khương","Điện thoại":"02753 811 518","layer_id":353,"fid":535,"label":"CÔNG TY TNHH MTV SẢN XUẤT LƯƠNG THỰC THỰC PHẨM HOÀNG HUY"}},{"type":"Feature","id":536,"geometry":{"type":"Point","coordinates":[106.3599296,10.2542993]},"properties":{"Cơ sở sản xuất kinh doanh ATTP":"CÔNG TY TRÁCH NHIỆM HỮU HẠN PIZZA VIỆT NAM - CHI NHÁNH TẠI BẾN TRE","Ngành nghề":"Bánh Pizza, mì Ý, cơm, khoai tây chiên, xúp, gà nướng, xúc xích nướng, salad","Địa điểm":"TTTM Go Bến Tre, đường Võ Nguyên Giáp, (Quốc lộ 60), Phường Sơn Đông","Điện thoại":"028 3514 3333","layer_id":353,"fid":536,"label":"CÔNG TY TRÁCH NHIỆM HỮU HẠN PIZZA VIỆT NAM - CHI NHÁNH TẠI BẾN TRE"}},{"type":"Feature","id":537,"geometry":{"type":"Point","coordinates":[106.4080209,10.2340915]},"properties":{"Cơ sở sản xuất kinh doanh ATTP":"ĐỊA ĐIỂM KINH DOANH CHI NHÁNH\n CÔNG TYCỔ PHẦN THƯƠNG MẠI BÁCH HÓA XANH \n- CỬA HÀNG BÁCH HÓA XANH BẾN TRE SỐ 28\n","Ngành nghề":"Sơ chế rau, củ, quả, thịt gia súc, gia cầm, thủy hải sản các loại","Địa điểm":"Ấp Phú Chánh, Phường Phú Khương","Điện thoại":"02838 125 960","layer_id":353,"fid":537,"label":"ĐỊA ĐIỂM KINH DOANH CHI NHÁNH\n CÔNG TYCỔ PHẦN THƯƠNG MẠI BÁCH HÓA XANH \n- CỬA HÀNG BÁCH HÓA XANH BẾN TRE SỐ 28\n"}},{"type":"Feature","id":538,"geometry":{"type":"Point","coordinates":[106.5803894,10.2219866]},"properties":{"Cơ sở sản xuất kinh doanh ATTP":"ĐỊA ĐIỂM KINH DOANH CHI NHÁNH\n CÔNG TYCỔ PHẦN THƯƠNG MẠI BÁCH HÓA XANH \n- CỬA HÀNG BÁCH HÓA XANH BẾN TRE SỐ 30\n","Ngành nghề":"Sơ chế rau, củ, quả, thịt gia súc, gia cầm, thủy hải sản các loại","Địa điểm":"Đường QL57B, ấp Lộc Hoà, xã Lộc Thuận","Điện thoại":"02838 125 960","layer_id":353,"fid":538,"label":"ĐỊA ĐIỂM KINH DOANH CHI NHÁNH\n CÔNG TYCỔ PHẦN THƯƠNG MẠI BÁCH HÓA XANH \n- CỬA HÀNG BÁCH HÓA XANH BẾN TRE SỐ 30\n"}},{"type":"Feature","id":539,"geometry":{"type":"Point","coordinates":[106.6229958,10.0052266]},"properties":{"Cơ sở sản xuất kinh doanh ATTP":"ĐỊA ĐIỂM KINH DOANH CHI NHÁNH\n CÔNG TYCỔ PHẦN THƯƠNG MẠI BÁCH HÓA XANH \n- CỬA HÀNG BÁCH HÓA XANH BẾN TRE SỐ 29\n","Ngành nghề":"Sơ chế rau, củ, quả, thịt gia súc, gia cầm, thủy hải sản các loại","Địa điểm":"Ấp Tân Bình, xã Tân Thuỷ","Điện thoại":"02838 125 960","layer_id":353,"fid":539,"label":"ĐỊA ĐIỂM KINH DOANH CHI NHÁNH\n CÔNG TYCỔ PHẦN THƯƠNG MẠI BÁCH HÓA XANH \n- CỬA HÀNG BÁCH HÓA XANH BẾN TRE SỐ 29\n"}},{"type":"Feature","id":561,"geometry":{"type":"Point","coordinates":[106.4199755,10.2147665]},"properties":{"Cơ sở sản xuất kinh doanh ATTP":"CÔNG TY TNHH THƯƠNG MẠI VÀ SẢN XUẤT HỦ TIẾU THANH TÂM","Ngành nghề":"Hủ tiếu, bún","Địa điểm":"Số 204, ấp Nghĩa Huấn, Xã An Ngãi Trung","Điện thoại":"02753 862265 – 0982 224949","layer_id":353,"fid":561,"label":"CÔNG TY TNHH THƯƠNG MẠI VÀ SẢN XUẤT HỦ TIẾU THANH TÂM"}},{"type":"Feature","id":540,"geometry":{"type":"Point","coordinates":[106.3682568,10.2393165]},"properties":{"Cơ sở sản xuất kinh doanh ATTP":"ĐỊA ĐIỂM KINH DOANH CHI NHÁNH\n CÔNG TYCỔ PHẦN THƯƠNG MẠI BÁCH HÓA XANH \n- CỬA HÀNG BÁCH HÓA XANH BẾN TRE SỐ 18\n","Ngành nghề":"Sơ chế rau, củ, quả, thịt gia súc, gia cầm, thủy hải sản các loại","Địa điểm":"Đường Trương Định, khu phố Bình Khởi, Phường Sơn Đông","Điện thoại":"02838 125 960","layer_id":353,"fid":540,"label":"ĐỊA ĐIỂM KINH DOANH CHI NHÁNH\n CÔNG TYCỔ PHẦN THƯƠNG MẠI BÁCH HÓA XANH \n- CỬA HÀNG BÁCH HÓA XANH BẾN TRE SỐ 18\n"}},{"type":"Feature","id":541,"geometry":{"type":"Point","coordinates":[106.6103308,9.8801617]},"properties":{"Cơ sở sản xuất kinh doanh ATTP":"ĐỊA ĐIỂM KINH DOANH CHI NHÁNH\n CÔNG TYCỔ PHẦN THƯƠNG MẠI BÁCH HÓA XANH \n- CỬA HÀNG BÁCH HÓA XANH BẾN TRE SỐ 27\n","Ngành nghề":"Sơ chế rau, củ, quả, thịt gia súc, gia cầm, thủy hải sản các loại","Địa điểm":"Ấp Giao Hoà B, Xã Thạnh Phong","Điện thoại":"02838 125 960","layer_id":353,"fid":541,"label":"ĐỊA ĐIỂM KINH DOANH CHI NHÁNH\n CÔNG TYCỔ PHẦN THƯƠNG MẠI BÁCH HÓA XANH \n- CỬA HÀNG BÁCH HÓA XANH BẾN TRE SỐ 27\n"}},{"type":"Feature","id":542,"geometry":{"type":"Point","coordinates":[106.333456,10.1291757]},"properties":{"Cơ sở sản xuất kinh doanh ATTP":"ĐỊA ĐIỂM KINH DOANH CHI NHÁNH\n CÔNG TYCỔ PHẦN THƯƠNG MẠI BÁCH HÓA XANH \n- CỬA HÀNG BÁCH HÓA XANH BẾN TRE SỐ 20\n","Ngành nghề":"Sơ chế rau, củ, quả, thịt gia súc, gia cầm, thủy hải sản các loại","Địa điểm":"Đường QL60, ấp Hội Yên, Xã Mỏ Cày","Điện thoại":"02838 125 960","layer_id":353,"fid":542,"label":"ĐỊA ĐIỂM KINH DOANH CHI NHÁNH\n CÔNG TYCỔ PHẦN THƯƠNG MẠI BÁCH HÓA XANH \n- CỬA HÀNG BÁCH HÓA XANH BẾN TRE SỐ 20\n"}},{"type":"Feature","id":543,"geometry":{"type":"Point","coordinates":[106.3319963,10.1492314]},"properties":{"Cơ sở sản xuất kinh doanh ATTP":"ĐỊA ĐIỂM KINH DOANH CHI NHÁNH\n CÔNG TYCỔ PHẦN THƯƠNG MẠI BÁCH HÓA XANH \n- CỬA HÀNG BÁCH HÓA XANH BẾN TRE SỐ 20\n","Ngành nghề":"Sơ chế rau, củ, quả, thịt gia súc, gia cầm, thủy hải sản các loại","Địa điểm":"Đường QL60, ấp Hội Yên, Xã Mỏ Cày","Điện thoại":"02838 125 960","layer_id":353,"fid":543,"label":"ĐỊA ĐIỂM KINH DOANH CHI NHÁNH\n CÔNG TYCỔ PHẦN THƯƠNG MẠI BÁCH HÓA XANH \n- CỬA HÀNG BÁCH HÓA XANH BẾN TRE SỐ 20\n"}},{"type":"Feature","id":544,"geometry":{"type":"Point","coordinates":[106.2715879,10.1933472]},"properties":{"Cơ sở sản xuất kinh doanh ATTP":"ĐỊA ĐIỂM KINH DOANH CHI NHÁNH\n CÔNG TYCỔ PHẦN THƯƠNG MẠI BÁCH HÓA XANH \n- CỬA HÀNG BÁCH HÓA XANH BẾN TRE SỐ 22\n","Ngành nghề":"Sơ chế rau, củ, quả, thịt gia súc, gia cầm, thủy hải sản các loại","Địa điểm":"Đường ĐT882, ấp Phước Khánh, xã Phước Mỹ Trung","Điện thoại":"02838 125 960","layer_id":353,"fid":544,"label":"ĐỊA ĐIỂM KINH DOANH CHI NHÁNH\n CÔNG TYCỔ PHẦN THƯƠNG MẠI BÁCH HÓA XANH \n- CỬA HÀNG BÁCH HÓA XANH BẾN TRE SỐ 22\n"}},{"type":"Feature","id":545,"geometry":{"type":"Point","coordinates":[106.4002408,10.0168617]},"properties":{"Cơ sở sản xuất kinh doanh ATTP":"ĐỊA ĐIỂM KINH DOANH CHI NHÁNH\n CÔNG TYCỔ PHẦN THƯƠNG MẠI BÁCH HÓA XANH \n- CỬA HÀNG BÁCH HÓA XANH BẾN TRE SỐ 23\n","Ngành nghề":"Sơ chế rau, củ, quả, thịt gia súc, gia cầm, thủy hải sản các loại","Địa điểm":"Đường QL57, ấp Bình Tây, Xã Hương Mỹ","Điện thoại":"02838 125 960","layer_id":353,"fid":545,"label":"ĐỊA ĐIỂM KINH DOANH CHI NHÁNH\n CÔNG TYCỔ PHẦN THƯƠNG MẠI BÁCH HÓA XANH \n- CỬA HÀNG BÁCH HÓA XANH BẾN TRE SỐ 23\n"}},{"type":"Feature","id":554,"geometry":{"type":"Point","coordinates":[106.3599296,10.2542993]},"properties":{"Cơ sở sản xuất kinh doanh ATTP":"CHI NHÁNH CÔNG TY TRÁCH NHIỆM HỮU HẠN DỊCH VỤ DI VINA","Ngành nghề":"nước uống đóng chai, nước giải khát","Địa điểm":"Số 1S3, Tầng 1, Go! Bến Tre, Ấp 1, đường Võ Nguyên Giáp, Phường Sơn Đông","Điện thoại":"0902 343991","layer_id":353,"fid":554,"label":"CHI NHÁNH CÔNG TY TRÁCH NHIỆM HỮU HẠN DỊCH VỤ DI VINA"}},{"type":"Feature","id":546,"geometry":{"type":"Point","coordinates":[106.4961004,10.2527815]},"properties":{"Cơ sở sản xuất kinh doanh ATTP":"ĐỊA ĐIỂM KINH DOANH CHI NHÁNH\n CÔNG TYCỔ PHẦN THƯƠNG MẠI BÁCH HÓA XANH \n- CỬA HÀNG BÁCH HÓA XANH BẾN TRE SỐ 35\n","Ngành nghề":"Sơ chế rau, củ, quả, thịt gia súc, gia cầm, thủy hải sản các loại","Địa điểm":"Ấp Hưng Chánh, xã Châu Hưng","Điện thoại":"02838 125 960","layer_id":353,"fid":546,"label":"ĐỊA ĐIỂM KINH DOANH CHI NHÁNH\n CÔNG TYCỔ PHẦN THƯƠNG MẠI BÁCH HÓA XANH \n- CỬA HÀNG BÁCH HÓA XANH BẾN TRE SỐ 35\n"}},{"type":"Feature","id":547,"geometry":{"type":"Point","coordinates":[106.5140539,9.9477365]},"properties":{"Cơ sở sản xuất kinh doanh ATTP":"ĐỊA ĐIỂM KINH DOANH CHI NHÁNH\n CÔNG TYCỔ PHẦN THƯƠNG MẠI BÁCH HÓA XANH \n- CỬA HÀNG BÁCH HÓA XANH BẾN TRE SỐ 31\n","Ngành nghề":"Sơ chế rau, củ, quả, thịt gia súc, gia cầm, thủy hải sản các loại","Địa điểm":"Ấp Thạnh Trị Hạ, Xã Thạnh Phú","Điện thoại":"02838 125 960","layer_id":353,"fid":547,"label":"ĐỊA ĐIỂM KINH DOANH CHI NHÁNH\n CÔNG TYCỔ PHẦN THƯƠNG MẠI BÁCH HÓA XANH \n- CỬA HÀNG BÁCH HÓA XANH BẾN TRE SỐ 31\n"}},{"type":"Feature","id":548,"geometry":{"type":"Point","coordinates":[106.3417781,10.0607855]},"properties":{"Cơ sở sản xuất kinh doanh ATTP":"ĐỊA ĐIỂM KINH DOANH CHI NHÁNH\n CÔNG TYCỔ PHẦN THƯƠNG MẠI BÁCH HÓA XANH \n- CỬA HÀNG BÁCH HÓA XANH BẾN TRE SỐ 33\n","Ngành nghề":"Sơ chế rau, củ, quả, thịt gia súc, gia cầm, thủy hải sản các loại","Địa điểm":"Ấp An Lợi, Xã Thành Thới","Điện thoại":"02838 125 960","layer_id":353,"fid":548,"label":"ĐỊA ĐIỂM KINH DOANH CHI NHÁNH\n CÔNG TYCỔ PHẦN THƯƠNG MẠI BÁCH HÓA XANH \n- CỬA HÀNG BÁCH HÓA XANH BẾN TRE SỐ 33\n"}},{"type":"Feature","id":549,"geometry":{"type":"Point","coordinates":[106.0462335,10.2762799]},"properties":{"Cơ sở sản xuất kinh doanh ATTP":"ĐỊA ĐIỂM KINH DOANH CHI NHÁNH\n CÔNG TYCỔ PHẦN THƯƠNG MẠI BÁCH HÓA XANH \n- CỬA HÀNG BÁCH HÓA XANH BẾN TRE SỐ 26\n","Ngành nghề":"Sơ chế rau, củ, quả, thịt gia súc, gia cầm, thủy hải sản các loại","Địa điểm":"Ấp Chợ, xã Phú Phụng","Điện thoại":"02838 125 960","layer_id":353,"fid":549,"label":"ĐỊA ĐIỂM KINH DOANH CHI NHÁNH\n CÔNG TYCỔ PHẦN THƯƠNG MẠI BÁCH HÓA XANH \n- CỬA HÀNG BÁCH HÓA XANH BẾN TRE SỐ 26\n"}},{"type":"Feature","id":550,"geometry":{"type":"Point","coordinates":[106.370628538,10.243145151]},"properties":{"Cơ sở sản xuất kinh doanh ATTP":"CÔNG TY TNHH MỘT THÀNH VIÊN THỰC PHẨM DỪA THIÊN BẾN TRE VIỆT NAM","Ngành nghề":"Nước cốt dừa, dừa trái, thạch rau câu, thạch thuỷ tinh, nước ép, các sản phẩm từ dừa.","Địa điểm":"Ấp Thanh Sơn 1, Phường Bến Tre","Điện thoại":"0968 870181","layer_id":353,"fid":550,"label":"CÔNG TY TNHH MỘT THÀNH VIÊN THỰC PHẨM DỪA THIÊN BẾN TRE VIỆT NAM"}},{"type":"Feature","id":551,"geometry":{"type":"Point","coordinates":[106.470036,10.1445219]},"properties":{"Cơ sở sản xuất kinh doanh ATTP":"ĐỊA ĐIỂM KINH DOANH CHI NHÁNH\n CÔNG TYCỔ PHẦN THƯƠNG MẠI BÁCH HÓA XANH \n- CỬA HÀNG BÁCH HÓA XANH BẾN TRE SỐ 12797\n","Ngành nghề":"Sơ chế rau, củ, quả, thịt gia súc, gia cầm, thủy hải sản các loại","Địa điểm":"Ấp 1, xã Tân Hào","Điện thoại":"02838 125 960","layer_id":353,"fid":551,"label":"ĐỊA ĐIỂM KINH DOANH CHI NHÁNH\n CÔNG TYCỔ PHẦN THƯƠNG MẠI BÁCH HÓA XANH \n- CỬA HÀNG BÁCH HÓA XANH BẾN TRE SỐ 12797\n"}},{"type":"Feature","id":552,"geometry":{"type":"Point","coordinates":[106.3434358,10.2403718]},"properties":{"Cơ sở sản xuất kinh doanh ATTP":"CÔNG TY TNHH SẢN XUẤT THƯƠNG MẠI XUẤT NHẬP KHẨU ĐẠI PHÁT PHÁT TÀI","Ngành nghề":"Kẹo dừa","Địa điểm":"Số 392Đ, ấp Phú Lợi, Phường Bến Tre","Điện thoại":"0907515354","layer_id":353,"fid":552,"label":"CÔNG TY TNHH SẢN XUẤT THƯƠNG MẠI XUẤT NHẬP KHẨU ĐẠI PHÁT PHÁT TÀI"}},{"type":"Feature","id":553,"geometry":{"type":"Point","coordinates":[106.2646345,10.2765704]},"properties":{"Cơ sở sản xuất kinh doanh ATTP":"CÔNG TY TNHH SẢN XUẤT DẦU DỪA THIÊN ÂN","Ngành nghề":"Dầu dừa, nước màu dừa, kẹo cốm","Địa điểm":"Số 09A, ấp Tiên Tây Vàm, xã Tiên Thuỷ","Điện thoại":"0978 402414","layer_id":353,"fid":553,"label":"CÔNG TY TNHH SẢN XUẤT DẦU DỪA THIÊN ÂN"}},{"type":"Feature","id":556,"geometry":{"type":"Point","coordinates":[106.3693376,10.2108878]},"properties":{"Cơ sở sản xuất kinh doanh ATTP":"ĐỊA ĐIỂM KINH DOANH CHI NHÁNH\n CÔNG TYCỔ PHẦN THƯƠNG MẠI BÁCH HÓA XANH \n- CỬA HÀNG BÁCH HÓA XANH BẾN TRE SỐ 10520\n","Ngành nghề":"Sơ chế rau, củ, quả, thịt gia súc, gia cầm, thủy hải sản các loại","Địa điểm":"Ấp 2, Phường An Hội","Điện thoại":"02838 125 960","layer_id":353,"fid":556,"label":"ĐỊA ĐIỂM KINH DOANH CHI NHÁNH\n CÔNG TYCỔ PHẦN THƯƠNG MẠI BÁCH HÓA XANH \n- CỬA HÀNG BÁCH HÓA XANH BẾN TRE SỐ 10520\n"}},{"type":"Feature","id":557,"geometry":{"type":"Point","coordinates":[106.6930768,10.1881121]},"properties":{"Cơ sở sản xuất kinh doanh ATTP":"ĐỊA ĐIỂM KINH DOANH CHI NHÁNH\n CÔNG TYCỔ PHẦN THƯƠNG MẠI BÁCH HÓA XANH \n- CỬA HÀNG BÁCH HÓA XANH BẾN TRE SỐ 17\n","Ngành nghề":"Sơ chế rau, củ, quả, thịt gia súc, gia cầm, thủy hải sản các loại","Địa điểm":"Đường ĐT883, Xã Bình Đại","Điện thoại":"02838 125 960","layer_id":353,"fid":557,"label":"ĐỊA ĐIỂM KINH DOANH CHI NHÁNH\n CÔNG TYCỔ PHẦN THƯƠNG MẠI BÁCH HÓA XANH \n- CỬA HÀNG BÁCH HÓA XANH BẾN TRE SỐ 17\n"}},{"type":"Feature","id":558,"geometry":{"type":"Point","coordinates":[106.3706975,10.2525323]},"properties":{"Cơ sở sản xuất kinh doanh ATTP":"ĐỊA ĐIỂM KINH DOANH CHI NHÁNH\n CÔNG TYCỔ PHẦN THƯƠNG MẠI BÁCH HÓA XANH \n- CỬA HÀNG BÁCH HÓA XANH BẾN TRE SỐ 37\n","Ngành nghề":"Sơ chế rau, củ, quả, thịt gia súc, gia cầm, thủy hải sản các loại","Địa điểm":"Số 35B, Đoàn Hoàng Minh, phường Phú Khương","Điện thoại":"02838 125 960","layer_id":353,"fid":558,"label":"ĐỊA ĐIỂM KINH DOANH CHI NHÁNH\n CÔNG TYCỔ PHẦN THƯƠNG MẠI BÁCH HÓA XANH \n- CỬA HÀNG BÁCH HÓA XANH BẾN TRE SỐ 37\n"}},{"type":"Feature","id":559,"geometry":{"type":"Point","coordinates":[106.4317533,10.2791825]},"properties":{"Cơ sở sản xuất kinh doanh ATTP":"ĐỊA ĐIỂM KINH DOANH CHI NHÁNH\n CÔNG TYCỔ PHẦN THƯƠNG MẠI BÁCH HÓA XANH \n- CỬA HÀNG BÁCH HÓA XANH BẾN TRE SỐ 39\n","Ngành nghề":"Sơ chế rau, củ, quả, thịt gia súc, gia cầm, thủy hải sản các loại","Địa điểm":"Số 104C, An Hoà Thạnh, Xã Giao Long.","Điện thoại":"02838 125 960","layer_id":353,"fid":559,"label":"ĐỊA ĐIỂM KINH DOANH CHI NHÁNH\n CÔNG TYCỔ PHẦN THƯƠNG MẠI BÁCH HÓA XANH \n- CỬA HÀNG BÁCH HÓA XANH BẾN TRE SỐ 39\n"}},{"type":"Feature","id":562,"geometry":{"type":"Point","coordinates":[106.3311177,10.1326695]},"properties":{"Cơ sở sản xuất kinh doanh ATTP":"CÔNG TY TRÁCH NHIỆM HỮU HẠN MỘT THÀNH VIÊN TUYẾT PHỤNG","Ngành nghề":"Kẹo dừa, kẹo chuối, dầu dừa, bánh, mứt, kẹo các loại","Địa điểm":"Số 56B, Quốc lộ 60, khu phố 7, Xã Mỏ Cày","Điện thoại":"02753 3843011","layer_id":353,"fid":562,"label":"CÔNG TY TRÁCH NHIỆM HỮU HẠN MỘT THÀNH VIÊN TUYẾT PHỤNG"}},{"type":"Feature","id":563,"geometry":{"type":"Point","coordinates":[106.366657,10.2076177]},"properties":{"Cơ sở sản xuất kinh doanh ATTP":"CÔNG TY TRÁCH NHIỆM HỮU HẠN MỘT THÀNH VIÊN XUẤT NHẬP KHẨU DỪA VÀ NÔNG SẢN QUỐC THẮNG","Ngành nghề":"Rượu, thạch dừa","Địa điểm":"Số 226E/1, ấp An Thuận B, Phường An Hội","Điện thoại":"02753 3560738","layer_id":353,"fid":563,"label":"CÔNG TY TRÁCH NHIỆM HỮU HẠN MỘT THÀNH VIÊN XUẤT NHẬP KHẨU DỪA VÀ NÔNG SẢN QUỐC THẮNG"}},{"type":"Feature","id":564,"geometry":{"type":"Point","coordinates":[106.4007736,10.2361128]},"properties":{"Cơ sở sản xuất kinh doanh ATTP":"Công ty TNHH MTV Trương Phú Vinh","Ngành nghề":"Thạch dừa, kẹo dừa, nước màu dừa, sữa chua sấy, đường mật hoa dừa, nước cốt dừa, nước dừa cô đặc","Địa điểm":"Số 348D, Nguyễn Đình Chiểu, Phường Phú Khương","Điện thoại":"02753829530","layer_id":353,"fid":564,"label":"Công ty TNHH MTV Trương Phú Vinh"}},{"type":"Feature","id":566,"geometry":{"type":"Point","coordinates":[106.3765338,10.2413481]},"properties":{"Cơ sở sản xuất kinh doanh ATTP":"CN2- Công ty TNHH TM DV Dũng Phong Food","Ngành nghề":"Thức ăn nhanh","Địa điểm":"Tầng trệt Trung tâm TM Sense city Bến Tre, 26A, Trần Quốc Tuấn, Phường  An Hội","Điện thoại":"0723525796","layer_id":353,"fid":566,"label":"CN2- Công ty TNHH TM DV Dũng Phong Food"}},{"type":"Feature","id":567,"geometry":{"type":"Point","coordinates":[106.3287199,10.0435083]},"properties":{"Cơ sở sản xuất kinh doanh ATTP":"Công ty TNHH MTV Dầu thực vật Tâm Phát","Ngành nghề":"Dầu dừa, nước màu dừa, cơm dừa sấy","Địa điểm":"ấp Tân Phong, Xã Thành Thới","Điện thoại":"0326642334","layer_id":353,"fid":567,"label":"Công ty TNHH MTV Dầu thực vật Tâm Phát"}},{"type":"Feature","id":568,"geometry":{"type":"Point","coordinates":[106.3993658,10.3215281]},"properties":{"Cơ sở sản xuất kinh doanh ATTP":"CN Công ty TNHH MTV SX rượu Chính Hiệu","Ngành nghề":"Rượu các loại","Địa điểm":"Số 293, ấp 9, Xã Giao Long","Điện thoại":"0976300004","layer_id":353,"fid":568,"label":"CN Công ty TNHH MTV SX rượu Chính Hiệu"}},{"type":"Feature","id":569,"geometry":{"type":"Point","coordinates":[106.3745765,10.2462257]},"properties":{"Cơ sở sản xuất kinh doanh ATTP":"Công ty TNHH MTV Hành tinh vui vẻ","Ngành nghề":"Bánh kem, bánh ngọt, bánh mặn các loại","Địa điểm":"Số 142B, Đại Lộ Đồng Khởi, P. Phú Khương","Điện thoại":"0933474470","layer_id":353,"fid":569,"label":"Công ty TNHH MTV Hành tinh vui vẻ"}},{"type":"Feature","id":570,"geometry":{"type":"Point","coordinates":[106.4231337,10.3020378]},"properties":{"Cơ sở sản xuất kinh doanh ATTP":"Công ty TNHH Quốc tế nhà Hạnh Phúc","Ngành nghề":"Dầu dừa, nước dừa đông lạnh/cô đặc/đóng chai, cốt dừa đông lạnh/cô đặc","Địa điểm":"ấp Hòa An, xã Giao Long","Điện thoại":"0902969671","layer_id":353,"fid":570,"label":"Công ty TNHH Quốc tế nhà Hạnh Phúc"}},{"type":"Feature","id":571,"geometry":{"type":"Point","coordinates":[106.2728091,10.1952039]},"properties":{"Cơ sở sản xuất kinh doanh ATTP":"ĐĐKD CN Công ty CP TM Bách Hóa Xanh - CH BHX Bến Tre 43","Ngành nghề":"sơ chế rau, củ, quả, thịt gia súc, gia cầm, thủy hải sản các loại","Địa điểm":"Ấp Phước Hậu, xã Phước Mỹ Trung","Điện thoại":"02838125960","layer_id":353,"fid":571,"label":"ĐĐKD CN Công ty CP TM Bách Hóa Xanh - CH BHX Bến Tre 43"}},{"type":"Feature","id":624,"geometry":{"type":"Point","coordinates":[106.3743605,10.2469249]},"properties":{"Cơ sở sản xuất kinh doanh ATTP":"Công ty TNHH SX KD TP và Đồ uống Winbee - Hiệu bánh Khiết Minh","Ngành nghề":null,"Địa điểm":"Số 123B, Đại lộ Đồng Khởi, phường Phú Khương ","Điện thoại":"0918101252","layer_id":353,"fid":624,"label":"Công ty TNHH SX KD TP và Đồ uống Winbee - Hiệu bánh Khiết Minh"}},{"type":"Feature","id":572,"geometry":{"type":"Point","coordinates":[106.1861565,10.2327913]},"properties":{"Cơ sở sản xuất kinh doanh ATTP":"ĐĐKD CN Công ty CP TM Bách Hóa Xanh - CH BHX Bến Tre 34","Ngành nghề":"sơ chế rau, củ, quả, thịt gia súc, gia cầm, thủy hải sản các loại","Địa điểm":"Ấp Quân An, Xã Chợ Lách","Điện thoại":"02838125960","layer_id":353,"fid":572,"label":"ĐĐKD CN Công ty CP TM Bách Hóa Xanh - CH BHX Bến Tre 34"}},{"type":"Feature","id":573,"geometry":{"type":"Point","coordinates":[106.4087772,10.0575013]},"properties":{"Cơ sở sản xuất kinh doanh ATTP":"ĐĐKD CN Công ty CP TM Bách Hóa Xanh - CH BHX Bến Tre 38","Ngành nghề":"sơ chế rau, củ, quả, thịt gia súc, gia cầm, thủy hải sản các loại","Địa điểm":"Ấp Tân Quới Tây B, Xã An Định","Điện thoại":"02838125960","layer_id":353,"fid":573,"label":"ĐĐKD CN Công ty CP TM Bách Hóa Xanh - CH BHX Bến Tre 38"}},{"type":"Feature","id":574,"geometry":{"type":"Point","coordinates":[106.3639255,10.0682431]},"properties":{"Cơ sở sản xuất kinh doanh ATTP":"ĐĐKD CN Công ty CP TM Bách Hóa Xanh - CH BHX Bến Tre 50","Ngành nghề":"sơ chế rau, củ, quả, thịt gia súc, gia cầm, thủy hải sản các loại","Địa điểm":"Ấp An Hòa, Xã Thành Thới","Điện thoại":"02838125960","layer_id":353,"fid":574,"label":"ĐĐKD CN Công ty CP TM Bách Hóa Xanh - CH BHX Bến Tre 50"}},{"type":"Feature","id":575,"geometry":{"type":"Point","coordinates":[106.2463305,10.1342475]},"properties":{"Cơ sở sản xuất kinh doanh ATTP":"ĐĐKD CN Công ty CP TM Bách Hóa Xanh - CH BHX Bến Tre 42","Ngành nghề":"sơ chế rau, củ, quả, thịt gia súc, gia cầm, thủy hải sản các loại","Địa điểm":"Tân Nhuận, xã Nhuận Phú Tân","Điện thoại":"02838125960","layer_id":353,"fid":575,"label":"ĐĐKD CN Công ty CP TM Bách Hóa Xanh - CH BHX Bến Tre 42"}},{"type":"Feature","id":576,"geometry":{"type":"Point","coordinates":[106.5859287,10.0975663]},"properties":{"Cơ sở sản xuất kinh doanh ATTP":"ĐĐKD CN Công ty CP TM Bách Hóa Xanh - CH BHX Bến Tre 48","Ngành nghề":"sơ chế rau, củ, quả, thịt gia súc, gia cầm, thủy hải sản các loại","Địa điểm":"Số 034/NH, ấp Nhơn Hòa, Xã Mỹ Chánh Hòa","Điện thoại":"02838125960","layer_id":353,"fid":576,"label":"ĐĐKD CN Công ty CP TM Bách Hóa Xanh - CH BHX Bến Tre 48"}},{"type":"Feature","id":577,"geometry":{"type":"Point","coordinates":[106.6824583,10.2082488]},"properties":{"Cơ sở sản xuất kinh doanh ATTP":"ĐĐKD CN Công ty CP TM Bách Hóa Xanh - CH BHX Bến Tre 51","Ngành nghề":"sơ chế rau, củ, quả, thịt gia súc, gia cầm, thủy hải sản các loại","Địa điểm":"Ấp Bình Thới 3, xã Bình Đại","Điện thoại":"02838125960","layer_id":353,"fid":577,"label":"ĐĐKD CN Công ty CP TM Bách Hóa Xanh - CH BHX Bến Tre 51"}},{"type":"Feature","id":579,"geometry":{"type":"Point","coordinates":[106.3911299,10.2377335]},"properties":{"Cơ sở sản xuất kinh doanh ATTP":"Công ty CP TM Trúc Giang Bến Tre","Ngành nghề":null,"Địa điểm":"Số 200B, Nguyễn Đình Chiểu, KP1, Phường Phú Khương","Điện thoại":"02753829693","layer_id":353,"fid":579,"label":"Công ty CP TM Trúc Giang Bến Tre"}},{"type":"Feature","id":580,"geometry":{"type":"Point","coordinates":[106.3562566,10.2612369]},"properties":{"Cơ sở sản xuất kinh doanh ATTP":"ĐĐKD CN Công ty CP TM Bách Hóa Xanh - CH BHX Bến Tre 13","Ngành nghề":"sơ chế rau, củ, quả, thịt gia súc, gia cầm, thủy hải sản các loại","Địa điểm":"QL57C, ấp 3, Phường Sơn Đông","Điện thoại":"02838125960","layer_id":353,"fid":580,"label":"ĐĐKD CN Công ty CP TM Bách Hóa Xanh - CH BHX Bến Tre 13"}},{"type":"Feature","id":581,"geometry":{"type":"Point","coordinates":[106.3610962,10.2340458]},"properties":{"Cơ sở sản xuất kinh doanh ATTP":"CÔNG TY TNHH NGỌC LAN BẾN TRE","Ngành nghề":"Kẹo dừa, Kẹo chuối, Mứt dừa","Địa điểm":"Số 117C, Khóm 3, Phường Bến Tre","Điện thoại":"02753 822 011 – 0939 666 662","layer_id":353,"fid":581,"label":"CÔNG TY TNHH NGỌC LAN BẾN TRE"}},{"type":"Feature","id":582,"geometry":{"type":"Point","coordinates":[106.3767344,10.2422183]},"properties":{"Cơ sở sản xuất kinh doanh ATTP":"CN công ty liên doanh TNHH KFC Việt Nam tại Bến Tre","Ngành nghề":"Sơ chế, chế biến thức ăn nhanh (Gà rán, khoai tây chiên, kem, bánh hamburger, bánh mè)","Địa điểm":"Số 26A, Trần Quốc Tuấn, P.An Hội","Điện thoại":"02753823287","layer_id":353,"fid":582,"label":"CN công ty liên doanh TNHH KFC Việt Nam tại Bến Tre"}},{"type":"Feature","id":583,"geometry":{"type":"Point","coordinates":[106.50538,9.9481665]},"properties":{"Cơ sở sản xuất kinh doanh ATTP":"ĐĐKD Hiệu bánh Khiết Minh số 22 - Công ty TNHH SX KD TP và Đồ uống Winbee","Ngành nghề":"Sơ chế, chế biến thức ăn nhanh (Gà rán, khoai tây chiên, kem, bánh hamburger, bánh mè)","Địa điểm":"Số 34, ấp Thạnh Trị Hạ, Xã Thạnh Phú","Điện thoại":"0917366467","layer_id":353,"fid":583,"label":"ĐĐKD Hiệu bánh Khiết Minh số 22 - Công ty TNHH SX KD TP và Đồ uống Winbee"}},{"type":"Feature","id":625,"geometry":{"type":"Point","coordinates":[106.3669834,10.2608437]},"properties":{"Cơ sở sản xuất kinh doanh ATTP":"Công ty TNHH Vĩnh Tiến","Ngành nghề":"Dầu dừa, thạch dừa thành phẩm, mứt dừa","Địa điểm":"Số 60A4, KP1, phường Phú Tân","Điện thoại":"0987996234","layer_id":353,"fid":625,"label":"Công ty TNHH Vĩnh Tiến"}},{"type":"Feature","id":587,"geometry":{"type":"Point","coordinates":[106.3993658,9.9967097]},"properties":{"Cơ sở sản xuất kinh doanh ATTP":"ĐĐKD Hiệu bánh Khiết Minh số 23 - Công ty TNHH SX KD TP và Đồ uống Winbee","Ngành nghề":"Sơ chế, chế biến thức ăn nhanh (bánh bao, bánh hamburger)","Địa điểm":"Ấp Thị, Xã Hương Mỹ","Điện thoại":"0917366467","layer_id":353,"fid":587,"label":"ĐĐKD Hiệu bánh Khiết Minh số 23 - Công ty TNHH SX KD TP và Đồ uống Winbee"}},{"type":"Feature","id":584,"geometry":{"type":"Point","coordinates":[106.3599296,10.2542993]},"properties":{"Cơ sở sản xuất kinh doanh ATTP":"CN Công ty TNHH TM và DV siêu thị Big C An Lạc tại Bến Tre","Ngành nghề":"sơ chế, đóng gói rau củ quả thịt thủy hải sản; sản xuất bánh từ bột","Địa điểm":"Tầng trệt TTTM GO! Bến Tre, ấp 1, Võ Nguyên Giáp, Phường Sơn Đông","Điện thoại":"02839958368","layer_id":353,"fid":584,"label":"CN Công ty TNHH TM và DV siêu thị Big C An Lạc tại Bến Tre"}},{"type":"Feature","id":585,"geometry":{"type":"Point","coordinates":[106.3632768,10.2466436]},"properties":{"Cơ sở sản xuất kinh doanh ATTP":"Công ty TNHH SX KD TP và đồ uống Winbee - Hiệu bánh Khiết Minh","Ngành nghề":"Sơ chế, chế biến thức ăn nhanh (bánh bao, bánh hamburger)","Địa điểm":"Số 17A1, khóm Bình Khởi, Trương Định, Phường Sơn Đông","Điện thoại":"0917366467","layer_id":353,"fid":585,"label":"Công ty TNHH SX KD TP và đồ uống Winbee - Hiệu bánh Khiết Minh"}},{"type":"Feature","id":586,"geometry":{"type":"Point","coordinates":[106.4464766,10.0051407]},"properties":{"Cơ sở sản xuất kinh doanh ATTP":"ĐĐKD Công ty TNHH SX KD TP và Đồ uống Winbee - Hiệu bánh Khiết Minh số 07","Ngành nghề":null,"Địa điểm":"Số 182/2, Thạnh B, Xã Đại Điền","Điện thoại":"0918101252","layer_id":353,"fid":586,"label":"ĐĐKD Công ty TNHH SX KD TP và Đồ uống Winbee - Hiệu bánh Khiết Minh số 07"}},{"type":"Feature","id":588,"geometry":{"type":"Point","coordinates":[105.9611748,10.2109026]},"properties":{"Cơ sở sản xuất kinh doanh ATTP":"Công ty TNHH SX KD TP và Đồ uống Winbee - Hiệu bánh Khiết Minh","Ngành nghề":"Sơ chế, chế biến thức ăn nhanh (bánh bao, bánh hamburger)","Địa điểm":"Ấp Phước Hậu, xã Phước Mỹ Trung","Điện thoại":"0917366467","layer_id":353,"fid":588,"label":"Công ty TNHH SX KD TP và Đồ uống Winbee - Hiệu bánh Khiết Minh"}},{"type":"Feature","id":589,"geometry":{"type":"Point","coordinates":[106.4074576,10.2473266]},"properties":{"Cơ sở sản xuất kinh doanh ATTP":"Công ty TNHH MTV Mèo Food","Ngành nghề":"Bánh tráng trộn các loại","Địa điểm":"Phú Hữu, Phường Phú Tân","Điện thoại":"0399857279","layer_id":353,"fid":589,"label":"Công ty TNHH MTV Mèo Food"}},{"type":"Feature","id":590,"geometry":{"type":"Point","coordinates":[106.3684552,10.2377325]},"properties":{"Cơ sở sản xuất kinh doanh ATTP":"ĐĐKD Công ty TNHH TM Trúc Hương Bến Tre","Ngành nghề":"Kẹo, mứt các loại","Địa điểm":"Số 478A, Khu phố 1, phường 5, thành phố Bến Tre","Điện thoại":"0913521531","layer_id":353,"fid":590,"label":"ĐĐKD Công ty TNHH TM Trúc Hương Bến Tre"}},{"type":"Feature","id":591,"geometry":{"type":"Point","coordinates":[106.3769052,10.2354608]},"properties":{"Cơ sở sản xuất kinh doanh ATTP":"ĐĐKD Công ty TNHH TM Trúc Hương Bến Tre - số 2","Ngành nghề":"mứt các loại","Địa điểm":"Tổ 12, ấp Phú Hào, Phường Phú Khương","Điện thoại":"0913521531","layer_id":353,"fid":591,"label":"ĐĐKD Công ty TNHH TM Trúc Hương Bến Tre - số 2"}},{"type":"Feature","id":592,"geometry":{"type":"Point","coordinates":[106.4464766,10.2431959]},"properties":{"Cơ sở sản xuất kinh doanh ATTP":"Công ty TNHH MTV Thực phẩm Thanh Phúc","Ngành nghề":"Bánh canh bột xắt","Địa điểm":"Số 549, tổ NDTQ 10, ấp Phong Quới, Xã Lương Hoà","Điện thoại":"0931117825","layer_id":353,"fid":592,"label":"Công ty TNHH MTV Thực phẩm Thanh Phúc"}},{"type":"Feature","id":593,"geometry":{"type":"Point","coordinates":[106.6232359,10.1258199]},"properties":{"Cơ sở sản xuất kinh doanh ATTP":"ĐĐKD CN Công ty CP TM Bách Hóa Xanh - CH BHX Bến Tre 44","Ngành nghề":"sơ chế rau, củ, quả, thịt gia súc, gia cầm, thủy hải sản các loại","Địa điểm":"Tổ 15, ấp Tân Thanh 2, xã Tân Xuân","Điện thoại":"02838125960","layer_id":353,"fid":593,"label":"ĐĐKD CN Công ty CP TM Bách Hóa Xanh - CH BHX Bến Tre 44"}},{"type":"Feature","id":594,"geometry":{"type":"Point","coordinates":[106.4346979,10.103046]},"properties":{"Cơ sở sản xuất kinh doanh ATTP":"ĐĐKD CN Công ty CP TM Bách Hóa Xanh - CH BHX Bến Tre 46","Ngành nghề":"sơ chế rau, củ, quả, thịt gia súc, gia cầm, thủy hải sản các loại","Địa điểm":"Số 210, ấp 1A, Xã Tân Hào","Điện thoại":"02838125960","layer_id":353,"fid":594,"label":"ĐĐKD CN Công ty CP TM Bách Hóa Xanh - CH BHX Bến Tre 46"}},{"type":"Feature","id":595,"geometry":{"type":"Point","coordinates":[106.3767344,10.2422183]},"properties":{"Cơ sở sản xuất kinh doanh ATTP":"CN Liên Hiệp HTX TM TP. HCM - CO.OPMART Bến Tre","Ngành nghề":"sơ chế rau, củ, quả, thịt gia súc, gia cầm, thủy hải sản các loại; chế biến thức ăn sẳn; các loại bánh từ bộ và tinh bột","Địa điểm":"Số 26A, Trần Quốc Tuấn, P. An Hội","Điện thoại":"02753511322","layer_id":353,"fid":595,"label":"CN Liên Hiệp HTX TM TP. HCM - CO.OPMART Bến Tre"}},{"type":"Feature","id":596,"geometry":{"type":"Point","coordinates":[106.3625758,10.1246479]},"properties":{"Cơ sở sản xuất kinh doanh ATTP":"CN Công ty CP TM Trúc Giang Bến Tre - MCN","Ngành nghề":null,"Địa điểm":"Tổ 12, ấp An Nhớn 2, Xã Mỏ Cày","Điện thoại":"02753893979","layer_id":353,"fid":596,"label":"CN Công ty CP TM Trúc Giang Bến Tre - MCN"}},{"type":"Feature","id":597,"geometry":{"type":"Point","coordinates":[106.4037519,10.2351576]},"properties":{"Cơ sở sản xuất kinh doanh ATTP":"Công ty CP TP A-V-C Bến Tre","Ngành nghề":"Kẹo, mứt, cốt dừa cô đặc","Địa điểm":"Số 214A, Nguyễn Đình Chiểu, ấp Phú Chiến, Phường Phú Khương","Điện thoại":"02753833728","layer_id":353,"fid":597,"label":"Công ty CP TP A-V-C Bến Tre"}},{"type":"Feature","id":599,"geometry":{"type":"Point","coordinates":[106.47992178,10.211680168]},"properties":{"Cơ sở sản xuất kinh doanh ATTP":"Công ty TNHH MTV Gia Thái","Ngành nghề":"Rượu, cà phê","Địa điểm":"Ấp Bình Long, Xã Châu Hoà","Điện thoại":"0974990926","layer_id":353,"fid":599,"label":"Công ty TNHH MTV Gia Thái"}},{"type":"Feature","id":598,"geometry":{"type":"Point","coordinates":[106.631269,10.072875]},"properties":{"Cơ sở sản xuất kinh doanh ATTP":"Công ty CP Rượu Phú Lễ","Ngành nghề":"Rượu nếp truyền thống","Địa điểm":"Số 456HL 14, ấp Phú Thạnh, Xã Tân Xuân","Điện thoại":"02753763116","layer_id":353,"fid":598,"label":"Công ty CP Rượu Phú Lễ"}},{"type":"Feature","id":600,"geometry":{"type":"Point","coordinates":[106.5525145,9.8918401]},"properties":{"Cơ sở sản xuất kinh doanh ATTP":"DNTN Vinh Phước Hưng","Ngành nghề":"bánh tráng rế","Địa điểm":"số 225/1, tổ NDTQ số 01, ấp An Bình, Xã Thạnh Phú","Điện thoại":"0939763289","layer_id":353,"fid":600,"label":"DNTN Vinh Phước Hưng"}},{"type":"Feature","id":601,"geometry":{"type":"Point","coordinates":[106.6114474,10.072379]},"properties":{"Cơ sở sản xuất kinh doanh ATTP":"HTX Rượu nếp truyền thống Phú Lễ","Ngành nghề":"Rượu","Địa điểm":"Ấp Phú Lợi, Xã Tân Xuân","Điện thoại":"02753763129","layer_id":353,"fid":601,"label":"HTX Rượu nếp truyền thống Phú Lễ"}},{"type":"Feature","id":602,"geometry":{"type":"Point","coordinates":[106.3566862,10.2142993]},"properties":{"Cơ sở sản xuất kinh doanh ATTP":"Công ty TNHH đầu tư SX TM XNK Trung Lâm","Ngành nghề":"Nước cốt dừa, dừa trái, thạch rau câu, thạch thủy tinh, nước ép, thạch dừa các loại, siro các loại, bột trân châu các loại","Địa điểm":"Số 29B,  Mỹ An B, Phường An Hội","Điện thoại":"0359695117","layer_id":353,"fid":602,"label":"Công ty TNHH đầu tư SX TM XNK Trung Lâm"}},{"type":"Feature","id":603,"geometry":{"type":"Point","coordinates":[106.3811209,10.2512887]},"properties":{"Cơ sở sản xuất kinh doanh ATTP":"ĐĐKD CN Công ty CP TM Bách Hóa Xanh - CH BHX Bến Tre 54","Ngành nghề":"sơ chế rau, củ, quả, thịt gia súc, gia cầm, thủy hải sản các loại","Địa điểm":"Số 349D, khu phố 3, Phường Phú Khương","Điện thoại":"02838125960","layer_id":353,"fid":603,"label":"ĐĐKD CN Công ty CP TM Bách Hóa Xanh - CH BHX Bến Tre 54"}},{"type":"Feature","id":604,"geometry":{"type":"Point","coordinates":[106.3552214,10.2818645]},"properties":{"Cơ sở sản xuất kinh doanh ATTP":"Công ty TNHH SX TM XK Khâu Băng","Ngành nghề":"Dầu dừa","Địa điểm":"Số 04/HT/2022, đường tỉnh 173, ấp Hữu Thành, Phường Phú Tân","Điện thoại":"0971169513","layer_id":353,"fid":604,"label":"Công ty TNHH SX TM XK Khâu Băng"}},{"type":"Feature","id":605,"geometry":{"type":"Point","coordinates":[106.528946,10.141497]},"properties":{"Cơ sở sản xuất kinh doanh ATTP":"ĐĐKD CN Công ty CP TM Bách Hóa Xanh - CH BHX Bến Tre 53","Ngành nghề":"sơ chế rau, củ, quả, thịt gia súc, gia cầm, thủy hải sản các loại","Địa điểm":"Ấp 5, Xã Giồng Trôm","Điện thoại":"02838125960","layer_id":353,"fid":605,"label":"ĐĐKD CN Công ty CP TM Bách Hóa Xanh - CH BHX Bến Tre 53"}},{"type":"Feature","id":606,"geometry":{"type":"Point","coordinates":[106.3765338,10.2413481]},"properties":{"Cơ sở sản xuất kinh doanh ATTP":"Chi Nhánh Công ty Cổ phần dịch vụ Cà phê Cao Nguyên tại Bến Tre","Ngành nghề":"Trà sữa, trà trái cây, nước uống các loại","Địa điểm":"T06, tầng trệt trung tâm thương mại Sense City Bến Tre, số 26A, Trần Quốc Tuấn, phường An Hội","Điện thoại":"0907600177","layer_id":353,"fid":606,"label":"Chi Nhánh Công ty Cổ phần dịch vụ Cà phê Cao Nguyên tại Bến Tre"}},{"type":"Feature","id":607,"geometry":{"type":"Point","coordinates":[106.4258643,10.2198803]},"properties":{"Cơ sở sản xuất kinh doanh ATTP":"HTX bánh tráng Mỹ Lồng","Ngành nghề":"đóng gói bánh các loại","Địa điểm":"Số 850, Nghĩa Huấn, Xã Lương Phú","Điện thoại":"0822477879","layer_id":353,"fid":607,"label":"HTX bánh tráng Mỹ Lồng"}},{"type":"Feature","id":608,"geometry":{"type":"Point","coordinates":[106.4553111,10.2671226]},"properties":{"Cơ sở sản xuất kinh doanh ATTP":"Công ty TNHH Thực Phẩm Dừa Xanh","Ngành nghề":"Dầu dừa nguyên chất, cơm dừa sấy khô, bột dừa","Địa điểm":"Long Nhơn, Xã Châu Hưng","Điện thoại":"02753744668","layer_id":353,"fid":608,"label":"Công ty TNHH Thực Phẩm Dừa Xanh"}},{"type":"Feature","id":609,"geometry":{"type":"Point","coordinates":[106.3599296,10.2542993]},"properties":{"Cơ sở sản xuất kinh doanh ATTP":"ĐĐKD tại Bến Tre - Công ty CP Giải Trí New Việt Nam","Ngành nghề":"Nước uống các loại, dịch vụ ăn uống","Địa điểm":"Tầng trệt, TTTM GO! Bến Tre, ấp 1, đường Võ Nguyễn Giáp, phường Sơn Đông","Điện thoại":"0986989370","layer_id":353,"fid":609,"label":"ĐĐKD tại Bến Tre - Công ty CP Giải Trí New Việt Nam"}},{"type":"Feature","id":610,"geometry":{"type":"Point","coordinates":[106.3599296,10.2542993]},"properties":{"Cơ sở sản xuất kinh doanh ATTP":"Café Amazon Go! Maill Bến Tre","Ngành nghề":"Dịch vụ ăn uống","Địa điểm":"Lô 1S11, TTTM GO! Bến Tre, ấp 1, Võ Nguyên Giáp (QL60), phường Sơn Đông","Điện thoại":"0388600245","layer_id":353,"fid":610,"label":"Café Amazon Go! Maill Bến Tre"}},{"type":"Feature","id":611,"geometry":{"type":"Point","coordinates":[106.3599296,10.2542993]},"properties":{"Cơ sở sản xuất kinh doanh ATTP":"Công ty CP Tập đoàn Golden Gate - CN Miền Nam - ĐĐKD- Nhà Hàng Kichi","Ngành nghề":"Dịch vụ ăn uống","Địa điểm":"Shop 07, TTTM Big C Go Bến Tre, Võ Nguyên Giáp, ấp 1, P. Sơn Đông","Điện thoại":"02873009000","layer_id":353,"fid":611,"label":"Công ty CP Tập đoàn Golden Gate - CN Miền Nam - ĐĐKD- Nhà Hàng Kichi"}},{"type":"Feature","id":612,"geometry":{"type":"Point","coordinates":[106.3323183,10.1376887]},"properties":{"Cơ sở sản xuất kinh doanh ATTP":"CN cơ sở 1 - Công ty TNHH MTV Tuyết Phụng","Ngành nghề":"kẹo dừa các loại, kẹo chuối các loại, kẹo trái cây, nước màu dừa","Địa điểm":"Số 75D, QL 60, KP 7, Xã Mỏ Cày","Điện thoại":"02753843011","layer_id":353,"fid":612,"label":"CN cơ sở 1 - Công ty TNHH MTV Tuyết Phụng"}},{"type":"Feature","id":613,"geometry":{"type":"Point","coordinates":[106.3599296,10.2542993]},"properties":{"Cơ sở sản xuất kinh doanh ATTP":"Công ty CP Tập đoàn Golden Gate - CN Miền Nam - ĐĐKD- Nhà Hàng Gogi House ","Ngành nghề":"Dịch vụ ăn uống","Địa điểm":"Shop 07, TTTM Big C Go Bến Tre, Võ Nguyên Giáp, ấp 1,phường Sơn Đông","Điện thoại":"02873009000","layer_id":353,"fid":613,"label":"Công ty CP Tập đoàn Golden Gate - CN Miền Nam - ĐĐKD- Nhà Hàng Gogi House "}},{"type":"Feature","id":614,"geometry":{"type":"Point","coordinates":[106.3434358,10.2403718]},"properties":{"Cơ sở sản xuất kinh doanh ATTP":"CN Công ty TNHH Ngọc Lan Bến Tre - Phân xưởng I","Ngành nghề":"kẹo dừa các loại, mứt dừa","Địa điểm":"Số 179C, Bình Thành, Phường Bến Tre","Điện thoại":"0909500898","layer_id":353,"fid":614,"label":"CN Công ty TNHH Ngọc Lan Bến Tre - Phân xưởng I"}},{"type":"Feature","id":615,"geometry":{"type":"Point","coordinates":[106.3586707,10.2540771]},"properties":{"Cơ sở sản xuất kinh doanh ATTP":"ĐĐKD CN 2 - Công ty TNHH TM DV Dũng Phong Food","Ngành nghề":"Thức ăn nhanh, Nước giải khát, nước uống đóng chai","Địa điểm":"Tầng 2, TTTM Big C Go, Võ Nguyên Giáp, ấp 1, phường Sơn Đông","Điện thoại":"027523814849","layer_id":353,"fid":615,"label":"ĐĐKD CN 2 - Công ty TNHH TM DV Dũng Phong Food"}},{"type":"Feature","id":616,"geometry":{"type":"Point","coordinates":[106.3192653,10.2591692]},"properties":{"Cơ sở sản xuất kinh doanh ATTP":"CN Công ty Tập đoàn đầu tư địa ốc Bảo Trâm - Sen Mart","Ngành nghề":"Sơ chế, chế biến rau củ quả, thịt cá và sản phẩm từ thịt cá, thủy hải sản và sản phẩm từ thủy sản; ","Địa điểm":"Số 749, ấp Hòa Trung, Xã Phú Túc","Điện thoại":"0949951166","layer_id":353,"fid":616,"label":"CN Công ty Tập đoàn đầu tư địa ốc Bảo Trâm - Sen Mart"}},{"type":"Feature","id":617,"geometry":{"type":"Point","coordinates":[106.631269,10.072875]},"properties":{"Cơ sở sản xuất kinh doanh ATTP":"Công ty CP Rượu Phú Lễ","Ngành nghề":"Rượu nếp truyền thống","Địa điểm":"Số 456HL, 14 ấp Phú Thạnh, Xã Tân Xuân","Điện thoại":"02753763116","layer_id":353,"fid":617,"label":"Công ty CP Rượu Phú Lễ"}},{"type":"Feature","id":618,"geometry":{"type":"Point","coordinates":[106.3705595,10.2363436]},"properties":{"Cơ sở sản xuất kinh doanh ATTP":"CN Công ty CP TM BHX - CH BHX Bến Tre 4250","Ngành nghề":"Sơ chế, chế biến rau củ quả, thịt cá và sản phẩm từ thịt cá, thủy hải sản và sản phẩm từ thủy sản; ","Địa điểm":"Đường Đoàn Hoàng Minh, Phường An Hội","Điện thoại":"02838125960","layer_id":353,"fid":618,"label":"CN Công ty CP TM BHX - CH BHX Bến Tre 4250"}},{"type":"Feature","id":619,"geometry":{"type":"Point","coordinates":[106.369519,10.2037203]},"properties":{"Cơ sở sản xuất kinh doanh ATTP":"Công ty TNHH Happy Ebisu","Ngành nghề":"Bánh, mứt, nông sản sấy các loại","Địa điểm":"Số 133A, Mỹ An A, Phường An Hội","Điện thoại":"0939692013","layer_id":353,"fid":619,"label":"Công ty TNHH Happy Ebisu"}},{"type":"Feature","id":620,"geometry":{"type":"Point","coordinates":[106.3488686,10.3109715]},"properties":{"Cơ sở sản xuất kinh doanh ATTP":"CN Công ty CP TM BHX - CH BHX Bến Tre","Ngành nghề":"Sơ chế, chế biến rau củ quả, thịt cá và sản phẩm từ thịt cá, thủy hải sản và sản phẩm từ thủy sản; ","Địa điểm":"Đường ĐT 883, Xã Phú Túc","Điện thoại":"02838125960","layer_id":353,"fid":620,"label":"CN Công ty CP TM BHX - CH BHX Bến Tre"}},{"type":"Feature","id":621,"geometry":{"type":"Point","coordinates":[106.605797,9.983317]},"properties":{"Cơ sở sản xuất kinh doanh ATTP":"CN Công ty CP TM BHX - CH BHX Bến Tre 9308","Ngành nghề":"Sơ chế, chế biến rau củ quả, thịt cá và sản phẩm từ thịt cá, thủy hải sản và sản phẩm từ thủy sản; ","Địa điểm":"Ấp An Thuận, Xã Ba Tri","Điện thoại":"02838125960","layer_id":353,"fid":621,"label":"CN Công ty CP TM BHX - CH BHX Bến Tre 9308"}},{"type":"Feature","id":626,"geometry":{"type":"Point","coordinates":[106.3860875,10.2366315]},"properties":{"Cơ sở sản xuất kinh doanh ATTP":"Công ty TNHH CB sản phẩm dừa Cửu Long","Ngành nghề":"thạch dừa thô, ống hút dừa, giấy dừa","Địa điểm":"Số 15B, Nguyễn Đình Chiểu, Phường Phú Khương","Điện thoại":"02753829418","layer_id":353,"fid":626,"label":"Công ty TNHH CB sản phẩm dừa Cửu Long"}},{"type":"Feature","id":627,"geometry":{"type":"Point","coordinates":[106.3993658,10.2889905]},"properties":{"Cơ sở sản xuất kinh doanh ATTP":"Công ty CP Bia Sài Gòn - Bến Tre","Ngành nghề":"Sản xuất bia","Địa điểm":"Ấp Phước Hậu, xã An Phước, Xã Phú Túc","Điện thoại":null,"layer_id":353,"fid":627,"label":"Công ty CP Bia Sài Gòn - Bến Tre"}},{"type":"Feature","id":628,"geometry":{"type":"Point","coordinates":[106.3774327,10.234678]},"properties":{"Cơ sở sản xuất kinh doanh ATTP":"Công ty TNHH Kinh doanh tổng hợp Trương Quyên Quyên","Ngành nghề":null,"Địa điểm":"Số 120, Hùng Vương, khu phố 1, phường An Hội","Điện thoại":"0909548992","layer_id":353,"fid":628,"label":"Công ty TNHH Kinh doanh tổng hợp Trương Quyên Quyên"}},{"type":"Feature","id":629,"geometry":{"type":"Point","coordinates":[106.4464766,10.0051407]},"properties":{"Cơ sở sản xuất kinh doanh ATTP":"ĐĐKD Công ty TNHH SX KD TP và Đồ uống Winbee - Hiệu bánh Khiết Minh số 07","Ngành nghề":null,"Địa điểm":"Số 182/2, Thạnh B, Xã Đại Điền","Điện thoại":"0918101252","layer_id":353,"fid":629,"label":"ĐĐKD Công ty TNHH SX KD TP và Đồ uống Winbee - Hiệu bánh Khiết Minh số 07"}},{"type":"Feature","id":630,"geometry":{"type":"Point","coordinates":[106.3787583,10.2493969]},"properties":{"Cơ sở sản xuất kinh doanh ATTP":"Công ty TNHH Dừa Quốc Cường","Ngành nghề":"Kẹo dừa","Địa điểm":"Số 245C, khu phố 6, phường Phú Khương","Điện thoại":"0837262627","layer_id":353,"fid":630,"label":"Công ty TNHH Dừa Quốc Cường"}},{"type":"Feature","id":631,"geometry":{"type":"Point","coordinates":[106.3599296,10.2542993]},"properties":{"Cơ sở sản xuất kinh doanh ATTP":"Công ty TNHH Pizza Việt Nam - Chi Nhánh tại Bến Tre","Ngành nghề":null,"Địa điểm":"TTTM Go Bến Tre, ấp 1, đường Võ Nguyên Giáp, QL 60, phường Sơn Đông","Điện thoại":"02835143333","layer_id":353,"fid":631,"label":"Công ty TNHH Pizza Việt Nam - Chi Nhánh tại Bến Tre"}},{"type":"Feature","id":633,"geometry":{"type":"Point","coordinates":[106.293406,10.2077027]},"properties":{"Cơ sở sản xuất kinh doanh ATTP":"ĐĐKD Công ty TNHH MTV Long Hương","Ngành nghề":"Kẹo dừa","Địa điểm":"Ấp Tân Hòa Trong, Xã Phước Mỹ Trung","Điện thoại":"0913964290","layer_id":353,"fid":633,"label":"ĐĐKD Công ty TNHH MTV Long Hương"}},{"type":"Feature","id":634,"geometry":{"type":"Point","coordinates":[106.6028684,10.182226]},"properties":{"Cơ sở sản xuất kinh doanh ATTP":"CN Công ty Cổ phần TM BHX - CH BHX Bến Tre","Ngành nghề":"Sơ chế, chế biến rau củ quả, thịt cá và sản phẩm từ thịt cá, thủy hải sản và sản phẩm từ thủy sản; ","Địa điểm":"Số 6, ấp Ao Vuông, Xã Thạnh Trị","Điện thoại":"02838125960","layer_id":353,"fid":634,"label":"CN Công ty Cổ phần TM BHX - CH BHX Bến Tre"}},{"type":"Feature","id":635,"geometry":{"type":"Point","coordinates":[106.5525145,9.8918401]},"properties":{"Cơ sở sản xuất kinh doanh ATTP":"Công ty TNHH Vinh Phước Hưng","Ngành nghề":"Bánh tráng rế","Địa điểm":"Số 225/1, tổ NDTQ số 01, ấp AN Bình, Xã An Qui","Điện thoại":"0939763289","layer_id":353,"fid":635,"label":"Công ty TNHH Vinh Phước Hưng"}},{"type":"Feature","id":636,"geometry":{"type":"Point","coordinates":[106.3522658,10.1505375]},"properties":{"Cơ sở sản xuất kinh doanh ATTP":"ĐĐKD CN Công ty CP TM BHX - CH BHX Bến Tre số 61","Ngành nghề":"Sơ chế, chế biến rau củ quả, thịt cá và sản phẩm từ thịt cá, thủy hải sản và sản phẩm từ thủy sản; ","Địa điểm":"Số 39, tổ 14, ấp Định Nhơn, Xã Đồng Khởi","Điện thoại":"02838125960","layer_id":353,"fid":636,"label":"ĐĐKD CN Công ty CP TM BHX - CH BHX Bến Tre số 61"}},{"type":"Feature","id":637,"geometry":{"type":"Point","coordinates":[106.4729811,10.1957914]},"properties":{"Cơ sở sản xuất kinh doanh ATTP":"ĐĐKD CN Công ty CP TM BHX - CH BHX Bến Tre số 62","Ngành nghề":"Sơ chế, chế biến rau củ quả, thịt cá và sản phẩm từ thịt cá, thủy hải sản và sản phẩm từ thủy sản; ","Địa điểm":"Số 425 ấp Đồng Nhơn, Xã Châu Hoà","Điện thoại":"02838125960","layer_id":353,"fid":637,"label":"ĐĐKD CN Công ty CP TM BHX - CH BHX Bến Tre số 62"}},{"type":"Feature","id":638,"geometry":{"type":"Point","coordinates":[106.3669834,10.222906]},"properties":{"Cơ sở sản xuất kinh doanh ATTP":"CÔNG TY TNHH MỘT THÀNH VIÊN SX-TM THỰC PHẨM ĐỒ UỐNG THANH BÌNH","Ngành nghề":"Kẹo dừa, Kẹo chuối, Chanh xí muội, Chanh muối, Tắc xí muội, Đá me hạt mềm, Cocktail, Trà hoa cúc, Trà gừng, Bánh phồng, Thạch dừa, Nước cốt me, \nNước màu dừa, Xí muội mơ.","Địa điểm":"Số 165/1B, Phường An Hội","Điện thoại":"02753 829 199 ","layer_id":353,"fid":638,"label":"CÔNG TY TNHH MỘT THÀNH VIÊN SX-TM THỰC PHẨM ĐỒ UỐNG THANH BÌNH"}},{"type":"Feature","id":639,"geometry":{"type":"Point","coordinates":[106.3995425,10.3015487]},"properties":{"Cơ sở sản xuất kinh doanh ATTP":"Công ty TNHH SX KD Thực phẩm và đồ uống Winbee","Ngành nghề":"Bánh ngọt, bánh mì mặn, bánh mì ngọt, bánh bông lan, bánh kem, bánh quy, bánh trung thu và đồ uống","Địa điểm":"Lô A16, khu Công nghiệp Giao Long, Xã Giao Long","Điện thoại":"0918101252","layer_id":353,"fid":639,"label":"Công ty TNHH SX KD Thực phẩm và đồ uống Winbee"}},{"type":"Feature","id":640,"geometry":{"type":"Point","coordinates":[106.3964218,10.2647472]},"properties":{"Cơ sở sản xuất kinh doanh ATTP":"Công ty TNHH MTV SX Lương Thực Thực phẩm Hoàng Huy","Ngành nghề":"Bột gạo","Địa điểm":"Số 155B, ấp Hữu Thành, Phường Phú Tân","Điện thoại":"0909777660","layer_id":353,"fid":640,"label":"Công ty TNHH MTV SX Lương Thực Thực phẩm Hoàng Huy"}},{"type":"Feature","id":641,"geometry":{"type":"Point","coordinates":[106.3104765,10.1942631]},"properties":{"Cơ sở sản xuất kinh doanh ATTP":"Công ty TNHH SX TM và XNK Đông Thành","Ngành nghề":"Bánh, kẹo, mứt, nước màu dừa","Địa điểm":"Xã Tân Thành Bình","Điện thoại":"0849 077 879","layer_id":353,"fid":641,"label":"Công ty TNHH SX TM và XNK Đông Thành"}},{"type":"Feature","id":642,"geometry":{"type":"Point","coordinates":[106.3315189,10.1446263]},"properties":{"Cơ sở sản xuất kinh doanh ATTP":"CÔNG TY TNHH SẢN XUẤT THƯƠNG MẠI NÔNG SẢN KIM LONG","Ngành nghề":"Dầu dừa, chuối sấy, nước màu dừa","Địa điểm":"Ấp Phú Bình, Xã Phước Mỹ Trung","Điện thoại":"0917 737 909","layer_id":353,"fid":642,"label":"CÔNG TY TNHH SẢN XUẤT THƯƠNG MẠI NÔNG SẢN KIM LONG"}},{"type":"Feature","id":643,"geometry":{"type":"Point","coordinates":[106.4346979,10.0057354]},"properties":{"Cơ sở sản xuất kinh doanh ATTP":"CÔNG TY TNHH MTV DẦU THỰC VẬT TÂM PHÁT","Ngành nghề":"Dầu ăn, dầu dừa, nước màu dừa, cơm dừa nạo sấy","Địa điểm":"Ấp Tân Phong, xã Thành Thới ","Điện thoại":"0356 135 345","layer_id":353,"fid":643,"label":"CÔNG TY TNHH MTV DẦU THỰC VẬT TÂM PHÁT"}},{"type":"Feature","id":644,"geometry":{"type":"Point","coordinates":[106.37572289,10.229047069]},"properties":{"Cơ sở sản xuất kinh doanh ATTP":"CÔNG TY CP THỰC PHẨM VÀ NƯỚC GIẢI KHÁT THANH BÌNH","Ngành nghề":"Nước trà hoa cúc, nước dừa tươi, nước ép trái cây các loại, thạch rau câu trái cây các loại, sơ chế và đóng gói trái cây tươi, bánh, mứt, kẹo, trà, nước giải khát, trứng cút, tôm, cá, bò viên các loại.","Địa điểm":"Số 261/D, An Thuận A, Phường An Hội","Điện thoại":"0275 3811778","layer_id":353,"fid":644,"label":"CÔNG TY CP THỰC PHẨM VÀ NƯỚC GIẢI KHÁT THANH BÌNH"}},{"type":"Feature","id":645,"geometry":{"type":"Point","coordinates":[106.3434358,10.2403718]},"properties":{"Cơ sở sản xuất kinh doanh ATTP":"CÔNG TY TNHH SX KẸO DỪA TUYẾT LAN - MAI LAN","Ngành nghề":"Kẹo dừa, kẹo chuối, kẹo trái cây, mứt dừa","Địa điểm":"Số 171C, ấp Bình Thành, Phường Bến Tre","Điện thoại":"0397959391","layer_id":353,"fid":645,"label":"CÔNG TY TNHH SX KẸO DỪA TUYẾT LAN - MAI LAN"}},{"type":"Feature","id":646,"geometry":{"type":"Point","coordinates":[106.3566862,10.2142993]},"properties":{"Cơ sở sản xuất kinh doanh ATTP":"CÔNG TY TNHH CHẾ BIẾN DỪA LỘC PHÁT","Ngành nghề":"Dầu dừa","Địa điểm":"Ấp Mỹ An B, Phường An Hội","Điện thoại":"0938 091959","layer_id":353,"fid":646,"label":"CÔNG TY TNHH CHẾ BIẾN DỪA LỘC PHÁT"}},{"type":"Feature","id":647,"geometry":{"type":"Point","coordinates":[106.3552214,10.2818645]},"properties":{"Cơ sở sản xuất kinh doanh ATTP":"CÔNG TY TNHH SẢN XUẤT THƯƠNG MẠI XUẤT KHẨU HẢI ĐĂNG","Ngành nghề":"Dầu dừa, cơm dừa nạo sấy","Địa điểm":"Số 04/HT/2022, đường tỉnh 173, Hữu Thành, Phường Phú Tân","Điện thoại":"0971 169 513","layer_id":353,"fid":647,"label":"CÔNG TY TNHH SẢN XUẤT THƯƠNG MẠI XUẤT KHẨU HẢI ĐĂNG"}},{"type":"Feature","id":648,"geometry":{"type":"Point","coordinates":[106.623918821,10.017023256]},"properties":{"Cơ sở sản xuất kinh doanh ATTP":"CÔNG TY TRÁCH NHIỆM HỮU HẠN SOULVN","Ngành nghề":"Rượu thủ công","Địa điểm":"Số 072/TH, ấp Tân Hòa, xã Tân Thủy","Điện thoại":"0753 850215","layer_id":353,"fid":648,"label":"CÔNG TY TRÁCH NHIỆM HỮU HẠN SOULVN"}},{"type":"Feature","id":649,"geometry":{"type":"Point","coordinates":[106.5056035,10.152138]},"properties":{"Cơ sở sản xuất kinh doanh ATTP":"ĐỊA ĐIỂM KINH DOANH WINMART+BTE 8 - CHI NHÁNH BẾN TRE - CÔNG TY CỔ PHẦN DỊCH VỤ THƯƠNG MẠI TỔNG HỢP WINCOMMERCE\n","Ngành nghề":"Sơ chế rau, củ, quả, thịt gia súc, gia cầm, thủy hải sản các loại; Kinh doanh thực phẩm tổng hợp","Địa điểm":"Đường Nguyễn Thị Định, khu phố 1, Xã Giồng Trôm","Điện thoại":"0247 1066866","layer_id":353,"fid":649,"label":"ĐỊA ĐIỂM KINH DOANH WINMART+BTE 8 - CHI NHÁNH BẾN TRE - CÔNG TY CỔ PHẦN DỊCH VỤ THƯƠNG MẠI TỔNG HỢP WINCOMMERCE\n"}},{"type":"Feature","id":650,"geometry":{"type":"Point","coordinates":[106.3652795,10.2351646]},"properties":{"Cơ sở sản xuất kinh doanh ATTP":"CÔNG TY TNHH CHOUCHOU PHÁP PARIS","Ngành nghề":"đậu phộng caramen","Địa điểm":"Số 78D, Đường Nguyễn Văn Tư, Khu phố 4, Phường Bến Tre","Điện thoại":"0907 728 429","layer_id":353,"fid":650,"label":"CÔNG TY TNHH CHOUCHOU PHÁP PARIS"}},{"type":"Feature","id":651,"geometry":{"type":"Point","coordinates":[106.4053001,10.2352026]},"properties":{"Cơ sở sản xuất kinh doanh ATTP":"CÔNG TY TNHH THONG LECOCO-ĐỊA ĐIỂM KINH DOANH XƯỞNG SẢN XUẤT","Ngành nghề":"Dầu dừa, Chips dừa nướng giòn","Địa điểm":"Kho số 10, số 214A, Đường Nguyễn Đình Chiểu, Ấp Phú Chiến, Phường Phú Khương","Điện thoại":"0983 837 121","layer_id":353,"fid":651,"label":"CÔNG TY TNHH THONG LECOCO-ĐỊA ĐIỂM KINH DOANH XƯỞNG SẢN XUẤT"}},{"type":"Feature","id":652,"geometry":{"type":"Point","coordinates":[106.3765338,10.2413481]},"properties":{"Cơ sở sản xuất kinh doanh ATTP":"ĐỊA ĐIỂM KINH DOANH CÔNG TY TNHH JAJANG \nVIỆT NAM\n","Ngành nghề":"Dịch vụ ăn uống","Địa điểm":"L-17 Lầu 1, Trung tâm Thương Mại Sense City Bến Tre, Số 26, Trần Quốc Tuấn, Phường An Hội","Điện thoại":"0939 210 514","layer_id":353,"fid":652,"label":"ĐỊA ĐIỂM KINH DOANH CÔNG TY TNHH JAJANG \nVIỆT NAM\n"}},{"type":"Feature","id":653,"geometry":{"type":"Point","coordinates":[106.5584071,9.9077234]},"properties":{"Cơ sở sản xuất kinh doanh ATTP":"DOANH NGHIỆP TƯ NHÂN XÂY DỰNG THÀNH CHƠN","Ngành nghề":"Kẹo chuối, Mứt dẻo","Địa điểm":"Ấp Thạnh Mỹ (Thửa đất số 345, tờ bản đồ số 22), Tổ 16, Xã Quới Điền","Điện thoại":"0978 659 917","layer_id":353,"fid":653,"label":"DOANH NGHIỆP TƯ NHÂN XÂY DỰNG THÀNH CHƠN"}},{"type":"Feature","id":654,"geometry":{"type":"Point","coordinates":[106.609163455,10.180824474]},"properties":{"Cơ sở sản xuất kinh doanh ATTP":"ĐỊA ĐIỂM KINH DOANH CONG TY CỔ PHẦN PHIM THIÊN NGÂN – RẠP CHIẾU PHIM THIÊN NGÂN – BẾN TRE – TRẦN QUỐC TUẤN","Ngành nghề":"chế biến bắp rang bơ; ","Địa điểm":"Lầu 1, Số 26A, Đường Trần Quốc Tuấn, Phường An Hội","Điện thoại":"0908 198 806","layer_id":353,"fid":654,"label":"ĐỊA ĐIỂM KINH DOANH CONG TY CỔ PHẦN PHIM THIÊN NGÂN – RẠP CHIẾU PHIM THIÊN NGÂN – BẾN TRE – TRẦN QUỐC TUẤN"}},{"type":"Feature","id":655,"geometry":{"type":"Point","coordinates":[106.293406,10.0669209]},"properties":{"Cơ sở sản xuất kinh doanh ATTP":"CÔNG TY TNHH THỰC PHẨM TRUNG LÂM","Ngành nghề":"Thạch rau câu hương trái cây các loại, Thạch dừa thành phẩm, \nThạch dừa thô, Thạch thủy tinh hương trái cây các loại, Bột thạch \ntrân châu các loại, Bột viên bi yến mạch, Bột viên bi bo bo, \nSirô hương các loại, Nước ép các loại","Địa điểm":"Ấp Tân Điền, Xã Thành Thới","Điện thoại":"0359 695 117","layer_id":353,"fid":655,"label":"CÔNG TY TNHH THỰC PHẨM TRUNG LÂM"}},{"type":"Feature","id":656,"geometry":{"type":"Point","coordinates":[106.3592773,10.2308565]},"properties":{"Cơ sở sản xuất kinh doanh ATTP":"DOANH NGHIỆP TƯ NHÂN NGỌC MAI","Ngành nghề":"Kẹo các loại","Địa điểm":"Số 73B1, khu phố 2, đường Nguyễn Văn Tư, phường Bến Tre","Điện thoại":"0913 965 280 ","layer_id":353,"fid":656,"label":"DOANH NGHIỆP TƯ NHÂN NGỌC MAI"}},{"type":"Feature","id":657,"geometry":{"type":"Point","coordinates":[106.458256,10.2642605]},"properties":{"Cơ sở sản xuất kinh doanh ATTP":"ĐỊA ĐIỂM KINH DOANH CHI NHÁNH CÔNG TY CỔ PHẦN THƯƠNG MẠI BÁCH HÓA XANH - CỬA HÀNG BÁCH HÓA XANH BẾN TRE SỐ 15104","Ngành nghề":"Sơ chế rau, củ, quả, thịt gia súc, gia cầm, thủy hải sản các loại","Địa điểm":"Ấp Long An, Xã Châu Hưng","Điện thoại":"02838 125 960","layer_id":353,"fid":657,"label":"ĐỊA ĐIỂM KINH DOANH CHI NHÁNH CÔNG TY CỔ PHẦN THƯƠNG MẠI BÁCH HÓA XANH - CỬA HÀNG BÁCH HÓA XANH BẾN TRE SỐ 15104"}},{"type":"Feature","id":658,"geometry":{"type":"Point","coordinates":[106.314984,10.2111478]},"properties":{"Cơ sở sản xuất kinh doanh ATTP":"CÔNG TY TNHH MỘT THÀNH VIÊN THỰC PHẨM TÀI VƯỢNG\n","Ngành nghề":"Nước cốt dừa, Thạch dừa thô, Thạch rau câu, Thạch thủy tinh, Nước ép, Thạch dừa thành phẩm","Địa điểm":"Ấp Bình Công, Phường Bến Tre","Điện thoại":"0359 695 117","layer_id":353,"fid":658,"label":"CÔNG TY TNHH MỘT THÀNH VIÊN THỰC PHẨM TÀI VƯỢNG\n"}},{"type":"Feature","id":659,"geometry":{"type":"Point","coordinates":[106.3995425,10.3015487]},"properties":{"Cơ sở sản xuất kinh doanh ATTP":"CÔNG TY TNHH THẾ GIỚI VIỆT","Ngành nghề":"Nước dừa, Nước cốt dừa, Nước dừa trộn nước trái cây, Xác dừa sấy khô, Sữa dừa","Địa điểm":"Lô A5, A6, A7, Khu AI, Khu công nghiệp Giao Long, Xã Giao Long","Điện thoại":"02753 613 344","layer_id":353,"fid":659,"label":"CÔNG TY TNHH THẾ GIỚI VIỆT"}},{"type":"Feature","id":660,"geometry":{"type":"Point","coordinates":[106.3398092,10.2089761]},"properties":{"Cơ sở sản xuất kinh doanh ATTP":"CÔNG TY TNHH 1 THÀNH VIÊN THỰC PHẨM \nDỪA THIÊN BẾN TRE VIỆT NAM\n","Ngành nghề":"Nước cốt dừa, Thạch dừa thô, Thạch rau câu, Thạch thủy tinh, Nước ép, Thạch dừa thành phẩm","Địa điểm":"Ấp Thanh Sơn 1, Phường Bến Tre","Điện thoại":"0359 695 117","layer_id":353,"fid":660,"label":"CÔNG TY TNHH 1 THÀNH VIÊN THỰC PHẨM \nDỪA THIÊN BẾN TRE VIỆT NAM\n"}},{"type":"Feature","id":661,"geometry":{"type":"Point","coordinates":[106.4053001,10.2352026]},"properties":{"Cơ sở sản xuất kinh doanh ATTP":"CÔNG TY TNHH THONG LECOCO-ĐỊA ĐIỂM KINH DOANH XƯỞNG SẢN XUẤT","Ngành nghề":"Dầu dừa, Chips dừa nướng giòn, Nước màu dừa, Bột dừa","Địa điểm":"Kho số 10, số 214A, Đường Nguyễn Đình Chiểu, Ấp Phú Chiến, Phường Phú Khương","Điện thoại":"0983 837 121","layer_id":353,"fid":661,"label":"CÔNG TY TNHH THONG LECOCO-ĐỊA ĐIỂM KINH DOANH XƯỞNG SẢN XUẤT"}},{"type":"Feature","id":662,"geometry":{"type":"Point","coordinates":[106.3552092,10.30483]},"properties":{"Cơ sở sản xuất kinh doanh ATTP":"CÔNG TY TNHH BÌNH KHƯƠNG THÔN","Ngành nghề":"Nước uống đóng chai, Nước khoáng thiên nhiên, Rượu, Mật ong, Cà phê, Nước giải khát","Địa điểm":"Số 181, Ấp Phú Nhơn, Xã Phú Túc","Điện thoại":"0966 638 888","layer_id":353,"fid":662,"label":"CÔNG TY TNHH BÌNH KHƯƠNG THÔN"}}]}
