{"type":"FeatureCollection","name":"Chợ","metadata":{"source":"https://hatang.vinhlong.gov.vn/","downloaded_at":"2026-07-20T01:18:36+00:00","layer_id":355,"layer_name":"Chợ","catalog_endpoints":["/map/publicLayers2?inputs=socongthuong"],"requested_bbox":[104.0,8.0,108.0,12.0],"tile_size":0.0,"tile_count":1,"tile_errors":[],"feature_count":335,"coordinate_order":"x,y (thường là longitude,latitude theo cấu hình EPSG:4326 của WebGIS)"},"features":[{"type":"Feature","geometry":{"type":"Point","coordinates":[106.486304353,9.576752608]},"properties":{"Chợ":"Cồn Cù","Địa chỉ ":"Xã Đông Hải","Hiện trạng":"kiên cố","Diện tích (m2)":"250","Số điểm kinh doanh":"34","Phương thức kinh doanh":"Chợ dân sinh","Quy mô chợ":"Hạng 3","Nguồn vốn chợ":"Ngân sách nhà nước","Doanh nghiệp/ HTX":null,"Tổ chức quản lý chợ":"UBND cấp xã quản lý","layer_id":355,"fid":1087,"label":"Cồn Cù"}},{"type":"Feature","geometry":{"type":"Point","coordinates":[106.4323926,9.550317999]},"properties":{"Chợ":"Đông Hải","Địa chỉ ":"Xã Đông Hải","Hiện trạng":"kiên cố","Diện tích (m2)":"983.9","Số điểm kinh doanh":"38","Phương thức kinh doanh":"Chợ dân sinh","Quy mô chợ":"Hạng 3","Nguồn vốn chợ":"Ngân sách nhà nước","Doanh nghiệp/ HTX":null,"Tổ chức quản lý chợ":"UBND cấp xã quản lý","layer_id":355,"fid":1088,"label":"Đông Hải"}},{"type":"Feature","geometry":{"type":"Point","coordinates":[106.135935099,10.210362087]},"properties":{"Chợ":"An Phước","Địa chỉ ":"Xã Cái Nhum","Hiện trạng":"Kiên cố","Diện tích (m2)":"180","Số điểm kinh doanh":"40","Phương thức kinh doanh":"Chợ dân sinh","Quy mô chợ":"Hạng 3","Nguồn vốn chợ":"Ngân sách nhà nước","Doanh nghiệp/ HTX":"DNTN Tâm An Phước","Tổ chức quản lý chợ":null,"layer_id":355,"fid":746,"label":"An Phước"}},{"type":"Feature","geometry":{"type":"Point","coordinates":[106.112275697,10.173327153]},"properties":{"Chợ":"Cái Nhum","Địa chỉ ":"Xã Cái Nhum","Hiện trạng":"Kiên cố","Diện tích (m2)":"2053","Số điểm kinh doanh":"294","Phương thức kinh doanh":"Chợ dân sinh","Quy mô chợ":"Hạng 2","Nguồn vốn chợ":"Ngân sách nhà nước","Doanh nghiệp/ HTX":"HTX kinh doanh điện Mang Thít","Tổ chức quản lý chợ":null,"layer_id":355,"fid":747,"label":"Cái Nhum"}},{"type":"Feature","geometry":{"type":"Point","coordinates":[106.110507845,10.178307373]},"properties":{"Chợ":"Nông sản","Địa chỉ ":"Xã Cái Nhum","Hiện trạng":"Kiên cố","Diện tích (m2)":"1224","Số điểm kinh doanh":"220","Phương thức kinh doanh":"Chợ dân sinh","Quy mô chợ":"Hạng 2","Nguồn vốn chợ":"Ngân sách nhà nước","Doanh nghiệp/ HTX":null,"Tổ chức quản lý chợ":"UBND cấp xã quản lý","layer_id":355,"fid":748,"label":"Nông sản"}},{"type":"Feature","geometry":{"type":"Point","coordinates":[106.112217956,10.173719393]},"properties":{"Chợ":"Bách Hóa","Địa chỉ ":"Xã Cái Nhum","Hiện trạng":"Kiên cố","Diện tích (m2)":"829","Số điểm kinh doanh":"74","Phương thức kinh doanh":"Chợ dân sinh","Quy mô chợ":"Hạng 3","Nguồn vốn chợ":"Ngân sách nhà nước","Doanh nghiệp/ HTX":null,"Tổ chức quản lý chợ":"UBND cấp xã quản lý","layer_id":355,"fid":749,"label":"Bách Hóa"}},{"type":"Feature","geometry":{"type":"Point","coordinates":[106.088859084,10.209480817]},"properties":{"Chợ":"Mỹ An","Địa chỉ ":"Xã Nhơn Phú","Hiện trạng":"Kiên cố","Diện tích (m2)":"1710","Số điểm kinh doanh":"73","Phương thức kinh doanh":"Chợ dân sinh","Quy mô chợ":"Hạng 3","Nguồn vốn chợ":"Ngân sách nhà nước","Doanh nghiệp/ HTX":"HTX điện Mang Thít","Tổ chức quản lý chợ":null,"layer_id":355,"fid":750,"label":"Mỹ An"}},{"type":"Feature","geometry":{"type":"Point","coordinates":[106.053886296,10.24850114]},"properties":{"Chợ":"Nhơn Phú","Địa chỉ ":"Xã Nhơn Phú","Hiện trạng":"Kiên cố","Diện tích (m2)":"3107","Số điểm kinh doanh":"89","Phương thức kinh doanh":"Chợ dân sinh","Quy mô chợ":"Hạng 3","Nguồn vốn chợ":"Ngân sách nhà nước","Doanh nghiệp/ HTX":"HTX chợ Nhơn Phú","Tổ chức quản lý chợ":null,"layer_id":355,"fid":751,"label":"Nhơn Phú"}},{"type":"Feature","geometry":{"type":"Point","coordinates":[106.003753511,10.21528021]},"properties":{"Chợ":"Long Mỹ","Địa chỉ ":"Xã Bình Phước","Hiện trạng":"kiên cố","Diện tích (m2)":"200","Số điểm kinh doanh":"25","Phương thức kinh doanh":"Chợ dân sinh","Quy mô chợ":"Hạng 3","Nguồn vốn chợ":"Ngân sách nhà nước","Doanh nghiệp/ HTX":"HTX xã chợ Long Mỹ","Tổ chức quản lý chợ":null,"layer_id":355,"fid":752,"label":"Long Mỹ"}},{"type":"Feature","geometry":{"type":"Point","coordinates":[105.970117787,10.264880164]},"properties":{"Chợ":"An Bình","Địa chỉ ":"Xã An Bình","Hiện trạng":"Bán kiên cố","Diện tích (m2)":"1558","Số điểm kinh doanh":"24","Phương thức kinh doanh":"Chợ dân sinh","Quy mô chợ":"Hạng 3","Nguồn vốn chợ":"Ngân sách nhà nước","Doanh nghiệp/ HTX":null,"Tổ chức quản lý chợ":"UBND cấp xã quản lý","layer_id":355,"fid":753,"label":"An Bình"}},{"type":"Feature","geometry":{"type":"Point","coordinates":[106.442478432,9.751057494]},"properties":{"Chợ":"Long Sơn","Địa chỉ ":"Xã Hiệp Mỹ","Hiện trạng":"kiên cố","Diện tích (m2)":"3250","Số điểm kinh doanh":"130","Phương thức kinh doanh":"Chợ dân sinh","Quy mô chợ":"Hạng 3","Nguồn vốn chợ":"Ngân sách nhà nước","Doanh nghiệp/ HTX":null,"Tổ chức quản lý chợ":"UBND cấp xã quản lý/Cơ quan chuyên môn về TSKCHT chợ\n(Phòng Kinh tế/ Kinh tế Hạ tầng và Đô thị)","layer_id":355,"fid":838,"label":"Long Sơn"}},{"type":"Feature","geometry":{"type":"Point","coordinates":[106.431328068,9.724463385]},"properties":{"Chợ":"Tân lập","Địa chỉ ":"Xã Hiệp Mỹ","Hiện trạng":"bán kiên cố","Diện tích (m2)":"1500","Số điểm kinh doanh":"104","Phương thức kinh doanh":"Chợ dân sinh","Quy mô chợ":"Hạng 3","Nguồn vốn chợ":"Ngân sách nhà nước","Doanh nghiệp/ HTX":null,"Tổ chức quản lý chợ":"UBND cấp xã quản lý/Cơ quan chuyên môn về TSKCHT chợ\n(Phòng Kinh tế/ Kinh tế Hạ tầng và Đô thị)","layer_id":355,"fid":839,"label":"Tân lập"}},{"type":"Feature","geometry":{"type":"Point","coordinates":[106.190652104,9.81169535]},"properties":{"Chợ":"Tiểu cần","Địa chỉ ":"Xã Tiểu Cần","Hiện trạng":"Kiên cố","Diện tích (m2)":"5719","Số điểm kinh doanh":"566","Phương thức kinh doanh":"Chợ dân sinh","Quy mô chợ":"Hạng 2","Nguồn vốn chợ":"Ngân sách nhà nước","Doanh nghiệp/ HTX":"Cty TNHH Đầu tư Phát triển chợ - Siêu thị Việt Mai","Tổ chức quản lý chợ":null,"layer_id":355,"fid":844,"label":"Tiểu cần"}},{"type":"Feature","geometry":{"type":"Point","coordinates":[105.996626801,10.311111616]},"properties":{"Chợ":"Đồng Phú","Địa chỉ ":"Xã An Bình","Hiện trạng":"Bán kiên cố","Diện tích (m2)":"457.3","Số điểm kinh doanh":"67","Phương thức kinh doanh":"Chợ dân sinh","Quy mô chợ":"Hạng 3","Nguồn vốn chợ":"Ngân sách nhà nước","Doanh nghiệp/ HTX":null,"Tổ chức quản lý chợ":"UBND cấp xã quản lý","layer_id":355,"fid":754,"label":"Đồng Phú"}},{"type":"Feature","geometry":{"type":"Point","coordinates":[105.971329018,10.31644823]},"properties":{"Chợ":"Ba cò","Địa chỉ ":"Xã An Bình","Hiện trạng":"Kiên cố","Diện tích (m2)":"653","Số điểm kinh doanh":"12","Phương thức kinh doanh":"Chợ dân sinh","Quy mô chợ":"Hạng 3","Nguồn vốn chợ":"Ngân sách nhà nước","Doanh nghiệp/ HTX":null,"Tổ chức quản lý chợ":"UBND cấp xã quản lý","layer_id":355,"fid":755,"label":"Ba cò"}},{"type":"Feature","geometry":{"type":"Point","coordinates":[106.015054866,10.282515379]},"properties":{"Chợ":"Bình Hòa Phước","Địa chỉ ":"Xã An Bình","Hiện trạng":"Kiên cố","Diện tích (m2)":"434.61","Số điểm kinh doanh":"60","Phương thức kinh doanh":"Chợ dân sinh","Quy mô chợ":"Hạng 3","Nguồn vốn chợ":"Ngân sách nhà nước","Doanh nghiệp/ HTX":null,"Tổ chức quản lý chợ":"UBND cấp xã quản lý","layer_id":355,"fid":756,"label":"Bình Hòa Phước"}},{"type":"Feature","geometry":{"type":"Point","coordinates":[106.015121244,10.282461501]},"properties":{"Chợ":"Hòa Ninh","Địa chỉ ":"Xã An Bình","Hiện trạng":"Kiên cố","Diện tích (m2)":"2600","Số điểm kinh doanh":"118","Phương thức kinh doanh":"Chợ dân sinh","Quy mô chợ":"Hạng 3","Nguồn vốn chợ":"Ngân sách nhà nước","Doanh nghiệp/ HTX":"HTX TM DV Hòa Ninh","Tổ chức quản lý chợ":null,"layer_id":355,"fid":757,"label":"Hòa Ninh"}},{"type":"Feature","geometry":{"type":"Point","coordinates":[106.437842389,9.611643788]},"properties":{"Chợ":"Long Thành","Địa chỉ ":"Xã Long Thành","Hiện trạng":"Kiên cố","Diện tích (m2)":"1515.8","Số điểm kinh doanh":"112","Phương thức kinh doanh":"Chợ dân sinh","Quy mô chợ":"Hạng 3","Nguồn vốn chợ":"Ngoài Ngân sách nhà nước","Doanh nghiệp/ HTX":"Cty CP ĐTXD chợ Lợi Nhân","Tổ chức quản lý chợ":"Cơ quan chuyên môn về TSKCHT chợ\n(Phòng Kinh tế/ Kinh tế Hạ tầng và Đô thị)","layer_id":355,"fid":840,"label":"Long Thành"}},{"type":"Feature","geometry":{"type":"Point","coordinates":[106.055028925,9.87234755]},"properties":{"Chợ":"Hòa Ân","Địa chỉ ":"Xã Cầu Kè","Hiện trạng":"Kiên cố","Diện tích (m2)":"1000","Số điểm kinh doanh":"2","Phương thức kinh doanh":"Chợ dân sinh","Quy mô chợ":"Hạng 3","Nguồn vốn chợ":"Ngân sách nhà nước","Doanh nghiệp/ HTX":null,"Tổ chức quản lý chợ":"UBND cấp xã quản lý","layer_id":355,"fid":842,"label":"Hòa Ân"}},{"type":"Feature","geometry":{"type":"Point","coordinates":[106.546241437,10.101548706]},"properties":{"Chợ":"An Phú Trung","Địa chỉ ":"Xã An Ngãi Trung","Hiện trạng":"Kiên cố","Diện tích (m2)":"2480","Số điểm kinh doanh":"45","Phương thức kinh doanh":"Chợ dân sinh","Quy mô chợ":"Hạng 3","Nguồn vốn chợ":"Ngân sách nhà nước","Doanh nghiệp/ HTX":null,"Tổ chức quản lý chợ":"UBND cấp xã quản lý","layer_id":355,"fid":1054,"label":"An Phú Trung"}},{"type":"Feature","geometry":{"type":"Point","coordinates":[106.023534034,10.154533593]},"properties":{"Chợ":"Long Hiệp","Địa chỉ ":"Xã Long Hồ","Hiện trạng":"Kiên cố","Diện tích (m2)":"1364.8","Số điểm kinh doanh":"60","Phương thức kinh doanh":"Chợ dân sinh","Quy mô chợ":"Hạng 3","Nguồn vốn chợ":"Ngân sách nhà nước","Doanh nghiệp/ HTX":null,"Tổ chức quản lý chợ":"UBND cấp xã quản lý","layer_id":355,"fid":758,"label":"Long Hiệp"}},{"type":"Feature","geometry":{"type":"Point","coordinates":[106.011978718,10.193432228]},"properties":{"Chợ":"Long Hồ","Địa chỉ ":"Xã Long Hồ","Hiện trạng":"Kiên cố","Diện tích (m2)":"1134.44","Số điểm kinh doanh":"247","Phương thức kinh doanh":"Chợ dân sinh","Quy mô chợ":"Hạng 3","Nguồn vốn chợ":"Ngân sách nhà nước","Doanh nghiệp/ HTX":null,"Tổ chức quản lý chợ":"UBND cấp xã quản lý","layer_id":355,"fid":759,"label":"Long Hồ"}},{"type":"Feature","geometry":{"type":"Point","coordinates":[105.982902107,10.177049675]},"properties":{"Chợ":"Phú Đức","Địa chỉ ":"Xã Long Hồ","Hiện trạng":"Kiên cố","Diện tích (m2)":"648.14","Số điểm kinh doanh":"40","Phương thức kinh doanh":"Chợ dân sinh","Quy mô chợ":"Hạng 3","Nguồn vốn chợ":"Ngân sách nhà nước","Doanh nghiệp/ HTX":"Cty TNHH MTV Gia Thọ","Tổ chức quản lý chợ":null,"layer_id":355,"fid":760,"label":"Phú Đức"}},{"type":"Feature","geometry":{"type":"Point","coordinates":[105.970282851,10.213544371]},"properties":{"Chợ":"Long Phước","Địa chỉ ":"Xã Long Hồ","Hiện trạng":"Kiên cố","Diện tích (m2)":"645.15","Số điểm kinh doanh":"50","Phương thức kinh doanh":"Chợ dân sinh","Quy mô chợ":"Hạng 3","Nguồn vốn chợ":"Ngân sách nhà nước","Doanh nghiệp/ HTX":null,"Tổ chức quản lý chợ":"UBND cấp xã quản lý","layer_id":355,"fid":761,"label":"Long Phước"}},{"type":"Feature","geometry":{"type":"Point","coordinates":[106.118043363,10.083509951]},"properties":{"Chợ":"Hiếu Phụng","Địa chỉ ":"Xã Hiếu Phụng","Hiện trạng":"Bán kiên cố","Diện tích (m2)":"7725.5","Số điểm kinh doanh":"120","Phương thức kinh doanh":"Chợ dân sinh","Quy mô chợ":"Hạng 3","Nguồn vốn chợ":"Ngân sách nhà nước","Doanh nghiệp/ HTX":"HTX TMDV Hiếu Phụng","Tổ chức quản lý chợ":null,"layer_id":355,"fid":762,"label":"Hiếu Phụng"}},{"type":"Feature","geometry":{"type":"Point","coordinates":[106.136592539,10.026513408]},"properties":{"Chợ":"Trung An","Địa chỉ ":"Xã Hiếu Phụng","Hiện trạng":"Bán kiên cố","Diện tích (m2)":"475.6","Số điểm kinh doanh":"15","Phương thức kinh doanh":"Chợ dân sinh","Quy mô chợ":"Hạng 3","Nguồn vốn chợ":"Ngân sách nhà nước","Doanh nghiệp/ HTX":"HTX TMDV Hiếu Nhơn","Tổ chức quản lý chợ":null,"layer_id":355,"fid":763,"label":"Trung An"}},{"type":"Feature","geometry":{"type":"Point","coordinates":[105.921520679,10.163426392]},"properties":{"Chợ":"Phú Quới","Địa chỉ ":"Xã Phú Quới","Hiện trạng":"Kiên cố","Diện tích (m2)":"5913.6","Số điểm kinh doanh":"209","Phương thức kinh doanh":"Chợ dân sinh","Quy mô chợ":"Hạng 2","Nguồn vốn chợ":"Ngân sách nhà nước","Doanh nghiệp/ HTX":"DNTN Minh Hoàng Vĩnh\nLong\n","Tổ chức quản lý chợ":null,"layer_id":355,"fid":764,"label":"Phú Quới"}},{"type":"Feature","geometry":{"type":"Point","coordinates":[105.917663946,10.203842673]},"properties":{"Chợ":"Hàn Thẻ","Địa chỉ ":"Xã Phú Quới","Hiện trạng":"Kiên cố","Diện tích (m2)":"3792.8","Số điểm kinh doanh":"109","Phương thức kinh doanh":"Chợ dân sinh","Quy mô chợ":"Hạng 3","Nguồn vốn chợ":"Ngân sách nhà nước","Doanh nghiệp/ HTX":"Công ty TNHH Kim Bửu","Tổ chức quản lý chợ":null,"layer_id":355,"fid":765,"label":"Hàn Thẻ"}},{"type":"Feature","geometry":{"type":"Point","coordinates":[105.921571626,10.162558567]},"properties":{"Chợ":"Thạnh Quới","Địa chỉ ":"Xã Phú Quới","Hiện trạng":"Kiên cố","Diện tích (m2)":"3297.3","Số điểm kinh doanh":"34","Phương thức kinh doanh":"Chợ dân sinh","Quy mô chợ":"Hạng 3","Nguồn vốn chợ":"Ngân sách nhà nước","Doanh nghiệp/ HTX":null,"Tổ chức quản lý chợ":"UBND cấp xã quản lý","layer_id":355,"fid":766,"label":"Thạnh Quới"}},{"type":"Feature","geometry":{"type":"Point","coordinates":[106.164187087,10.163396619]},"properties":{"Chợ":"Quới An","Địa chỉ ":"Quới An","Hiện trạng":"Bán kiên cố","Diện tích (m2)":"2041","Số điểm kinh doanh":"130","Phương thức kinh doanh":"Chợ dân sinh","Quy mô chợ":"Hạng 3","Nguồn vốn chợ":"Ngân sách nhà nước","Doanh nghiệp/ HTX":"Công ty TNHH Đầu tư Xây dựng Thiên Phát Vĩnh Long","Tổ chức quản lý chợ":null,"layer_id":355,"fid":767,"label":"Quới An"}},{"type":"Feature","geometry":{"type":"Point","coordinates":[106.040757656,10.165200141]},"properties":{"Chợ":"Chợ số 2 Tân Long","Địa chỉ ":"Xã Tân Long Hội","Hiện trạng":"Kiên cố","Diện tích (m2)":"2752","Số điểm kinh doanh":"50","Phương thức kinh doanh":"Chợ dân sinh","Quy mô chợ":"Hạng 3","Nguồn vốn chợ":"Ngân sách nhà nước","Doanh nghiệp/ HTX":"Hợp tác xã chợ Số 2 - Tân Long","Tổ chức quản lý chợ":"Cơ quan chuyên môn về TSKCHT chợ\n(Phòng Kinh tế/ Kinh tế Hạ tầng và Đô thị)","layer_id":355,"fid":768,"label":"Chợ số 2 Tân Long"}},{"type":"Feature","geometry":{"type":"Point","coordinates":[105.983982738,10.115475987]},"properties":{"Chợ":"Cái Ngang","Địa chỉ ":"xã Cái Ngang","Hiện trạng":"kiên cố","Diện tích (m2)":"2890","Số điểm kinh doanh":"284","Phương thức kinh doanh":"Chợ dân sinh","Quy mô chợ":"Hạng 2","Nguồn vốn chợ":"Ngân sách nhà nước","Doanh nghiệp/ HTX":"Công ty Cổ phần đầu tư\nxây dựng Song Phú","Tổ chức quản lý chợ":null,"layer_id":355,"fid":769,"label":"Cái Ngang"}},{"type":"Feature","geometry":{"type":"Point","coordinates":[105.9016865,10.1143835]},"properties":{"Chợ":"Song Phú","Địa chỉ ":"Xã Song Phú","Hiện trạng":"Kiên cố","Diện tích (m2)":"8820","Số điểm kinh doanh":"385","Phương thức kinh doanh":"Chợ dân sinh","Quy mô chợ":"Hạng 2","Nguồn vốn chợ":"Ngoài Ngân sách nhà nước","Doanh nghiệp/ HTX":"Công ty Cổ phần đầu tư\nxây dựng Song Phú","Tổ chức quản lý chợ":null,"layer_id":355,"fid":770,"label":"Song Phú"}},{"type":"Feature","geometry":{"type":"Point","coordinates":[105.9129506,10.078215]},"properties":{"Chợ":"Long Phú","Địa chỉ ":"Xã Song Phú","Hiện trạng":"Kiên cố","Diện tích (m2)":"2244","Số điểm kinh doanh":"93","Phương thức kinh doanh":"Chợ dân sinh","Quy mô chợ":"Hạng 3","Nguồn vốn chợ":"Ngân sách nhà nước","Doanh nghiệp/ HTX":"Cty TMDV Thanh Trúc Tam Bình","Tổ chức quản lý chợ":null,"layer_id":355,"fid":771,"label":"Long Phú"}},{"type":"Feature","geometry":{"type":"Point","coordinates":[106.0014327,10.0497891]},"properties":{"Chợ":"Tam Bình","Địa chỉ ":"Xã Tam Bình","Hiện trạng":"Kiên cố","Diện tích (m2)":"6460","Số điểm kinh doanh":"270","Phương thức kinh doanh":"Chợ dân sinh","Quy mô chợ":"Hạng 2","Nguồn vốn chợ":"Ngân sách nhà nước","Doanh nghiệp/ HTX":"Công ty Cổ phần đầu tư\nxây dựng Song Phú","Tổ chức quản lý chợ":null,"layer_id":355,"fid":772,"label":"Tam Bình"}},{"type":"Feature","geometry":{"type":"Point","coordinates":[105.9905643,10.0593906]},"properties":{"Chợ":"Mỹ Thạnh Trung","Địa chỉ ":"Xã Tam Bình","Hiện trạng":"Kiên cố","Diện tích (m2)":"935","Số điểm kinh doanh":"26","Phương thức kinh doanh":"Chợ dân sinh","Quy mô chợ":"Hạng 3","Nguồn vốn chợ":"Ngân sách nhà nước","Doanh nghiệp/ HTX":"HTX TM-DV Hoàn Thiện","Tổ chức quản lý chợ":null,"layer_id":355,"fid":773,"label":"Mỹ Thạnh Trung"}},{"type":"Feature","geometry":{"type":"Point","coordinates":[105.910773,10.014453]},"properties":{"Chợ":"Ngãi Tứ","Địa chỉ ":"Xã Ngãi Tứ","Hiện trạng":"kiên cố","Diện tích (m2)":"500","Số điểm kinh doanh":"24","Phương thức kinh doanh":"Chợ dân sinh","Quy mô chợ":"Hạng 3","Nguồn vốn chợ":"Ngoài Ngân sách nhà nước","Doanh nghiệp/ HTX":"Hợp tác xã TMDV Hoàn Thiện","Tổ chức quản lý chợ":null,"layer_id":355,"fid":774,"label":"Ngãi Tứ"}},{"type":"Feature","geometry":{"type":"Point","coordinates":[105.9384958,9.9902365]},"properties":{"Chợ":"Ba Phố","Địa chỉ ":"Xã Ngãi Tứ","Hiện trạng":"kiên cố","Diện tích (m2)":"2419","Số điểm kinh doanh":"55","Phương thức kinh doanh":"Chợ dân sinh","Quy mô chợ":"Hạng 3","Nguồn vốn chợ":"Ngân sách nhà nước","Doanh nghiệp/ HTX":"Công ty TNHH MTV\nTMDV và XD Thanh Trúc\nTam Bình","Tổ chức quản lý chợ":null,"layer_id":355,"fid":775,"label":"Ba Phố"}},{"type":"Feature","geometry":{"type":"Point","coordinates":[105.9553771,10.0245124]},"properties":{"Chợ":"Loan Mỹ","Địa chỉ ":"Xã Ngãi Tứ","Hiện trạng":"kiên cố","Diện tích (m2)":"4015","Số điểm kinh doanh":"158","Phương thức kinh doanh":"Chợ dân sinh","Quy mô chợ":"Hạng 3","Nguồn vốn chợ":"Ngân sách nhà nước","Doanh nghiệp/ HTX":"HTX TM-DV Hoàn Thiện.\n","Tổ chức quản lý chợ":null,"layer_id":355,"fid":776,"label":"Loan Mỹ"}},{"type":"Feature","geometry":{"type":"Point","coordinates":[106.0194333,10.121978]},"properties":{"Chợ":"Hòa An","Địa chỉ ":"Xã Hòa Hiệp","Hiện trạng":"Kiên cố","Diện tích (m2)":"2790","Số điểm kinh doanh":"45","Phương thức kinh doanh":"Chợ dân sinh","Quy mô chợ":"Hạng 3","Nguồn vốn chợ":"Ngân sách nhà nước","Doanh nghiệp/ HTX":"Công ty TNHH MTV TM-DV Xây dựng Xuân Tiền","Tổ chức quản lý chợ":"UBND cấp xã quản lý/Cơ quan chuyên môn về TSKCHT chợ\n(Phòng Kinh tế/ Kinh tế Hạ tầng và Đô thị)","layer_id":355,"fid":777,"label":"Hòa An"}},{"type":"Feature","geometry":{"type":"Point","coordinates":[106.0039426,10.0843033]},"properties":{"Chợ":"Ba Kè","Địa chỉ ":"Xã Hòa Hiệp","Hiện trạng":"Kiên cố","Diện tích (m2)":"1338","Số điểm kinh doanh":"15","Phương thức kinh doanh":"Chợ dân sinh","Quy mô chợ":"Hạng 3","Nguồn vốn chợ":"Ngân sách nhà nước","Doanh nghiệp/ HTX":"Công ty TNHH MTV TMDV và XD Thanh Trúc Tam Bình","Tổ chức quản lý chợ":"UBND cấp xã quản lý/Cơ quan chuyên môn về TSKCHT chợ\n(Phòng Kinh tế/ Kinh tế Hạ tầng và Đô thị)","layer_id":355,"fid":778,"label":"Ba Kè"}},{"type":"Feature","geometry":{"type":"Point","coordinates":[105.8818766,10.033178]},"properties":{"Chợ":"Hòa Thạnh","Địa chỉ ":"Xã Hòa Hiệp","Hiện trạng":"Kiên cố","Diện tích (m2)":"635","Số điểm kinh doanh":"10","Phương thức kinh doanh":"Chợ dân sinh","Quy mô chợ":"Hạng 3","Nguồn vốn chợ":"Ngân sách nhà nước","Doanh nghiệp/ HTX":null,"Tổ chức quản lý chợ":"UBND cấp xã quản lý/Cơ quan chuyên môn về TSKCHT chợ\n(Phòng Kinh tế/ Kinh tế Hạ tầng và Đô thị)","layer_id":355,"fid":779,"label":"Hòa Thạnh"}},{"type":"Feature","geometry":{"type":"Point","coordinates":[106.3581527,9.5836975]},"properties":{"Chợ":"Long Vĩnh","Địa chỉ ":"Xã Long Vĩnh","Hiện trạng":"Kiên cố","Diện tích (m2)":"2226.8","Số điểm kinh doanh":"196","Phương thức kinh doanh":"Chợ dân sinh","Quy mô chợ":"Hạng 3","Nguồn vốn chợ":"Ngân sách nhà nước","Doanh nghiệp/ HTX":null,"Tổ chức quản lý chợ":"UBND cấp xã quản lý","layer_id":355,"fid":883,"label":"Long Vĩnh"}},{"type":"Feature","geometry":{"type":"Point","coordinates":[106.0289062,10.0881228]},"properties":{"Chợ":"Hòa Hiệp","Địa chỉ ":"Xã Hòa Hiệp","Hiện trạng":"Kiên cố","Diện tích (m2)":"1000","Số điểm kinh doanh":"10","Phương thức kinh doanh":"Chợ dân sinh","Quy mô chợ":"Hạng 3","Nguồn vốn chợ":"Ngân sách nhà nước","Doanh nghiệp/ HTX":null,"Tổ chức quản lý chợ":"UBND cấp xã quản lý/Cơ quan chuyên môn về TSKCHT chợ\n(Phòng Kinh tế/ Kinh tế Hạ tầng và Đô thị)","layer_id":355,"fid":780,"label":"Hòa Hiệp"}},{"type":"Feature","geometry":{"type":"Point","coordinates":[106.0466866,10.0403906]},"properties":{"Chợ":"Hòa Bình","Địa chỉ ":"Xã Hòa Bình","Hiện trạng":"Kiên cố","Diện tích (m2)":"1155.1","Số điểm kinh doanh":"80","Phương thức kinh doanh":"Chợ dân sinh","Quy mô chợ":"Hạng 3","Nguồn vốn chợ":"Ngoài Ngân sách nhà nước","Doanh nghiệp/ HTX":"Công ty CP đầu tư Xây\ndựng Vĩnh Long","Tổ chức quản lý chợ":null,"layer_id":355,"fid":781,"label":"Hòa Bình"}},{"type":"Feature","geometry":{"type":"Point","coordinates":[106.0474003,10.0791476]},"properties":{"Chợ":"Xuân Hiệp","Địa chỉ ":"Xã Hòa Bình","Hiện trạng":"Kiên cố","Diện tích (m2)":"9311.9","Số điểm kinh doanh":"63","Phương thức kinh doanh":"Chợ dân sinh","Quy mô chợ":"Hạng 3","Nguồn vốn chợ":"Ngoài Ngân sách nhà nước","Doanh nghiệp/ HTX":"Công ty TNHH MTV\nĐầu tư Phát triển chợ\nMekong Mart","Tổ chức quản lý chợ":null,"layer_id":355,"fid":782,"label":"Xuân Hiệp"}},{"type":"Feature","geometry":{"type":"Point","coordinates":[106.0394787,9.9980228]},"properties":{"Chợ":"Thới Hòa","Địa chỉ ":"Xã Hòa Bình","Hiện trạng":"Kiên cố","Diện tích (m2)":"8121.5","Số điểm kinh doanh":"142","Phương thức kinh doanh":"Chợ dân sinh","Quy mô chợ":"Hạng 3","Nguồn vốn chợ":"Ngân sách nhà nước","Doanh nghiệp/ HTX":null,"Tổ chức quản lý chợ":"UBND cấp xã quản lý","layer_id":355,"fid":783,"label":"Thới Hòa"}},{"type":"Feature","geometry":{"type":"Point","coordinates":[106.0664696,10.0142149]},"properties":{"Chợ":"Cầu Bò","Địa chỉ ":"Xã Hòa Bình","Hiện trạng":"Chợ tạm","Diện tích (m2)":"508","Số điểm kinh doanh":"57","Phương thức kinh doanh":"Chợ dân sinh","Quy mô chợ":"Hạng 3","Nguồn vốn chợ":"Ngân sách nhà nước","Doanh nghiệp/ HTX":null,"Tổ chức quản lý chợ":"UBND cấp xã quản lý","layer_id":355,"fid":784,"label":"Cầu Bò"}},{"type":"Feature","geometry":{"type":"Point","coordinates":[105.9893748,10.0168298]},"properties":{"Chợ":"Chợ Trà Côn","Địa chỉ ":"Xã Trà Côn","Hiện trạng":"Kiên cố","Diện tích (m2)":"2024","Số điểm kinh doanh":"205","Phương thức kinh doanh":"Chợ dân sinh","Quy mô chợ":"Hạng 2","Nguồn vốn chợ":"Ngân sách nhà nước","Doanh nghiệp/ HTX":null,"Tổ chức quản lý chợ":"ĐVSN công lập","layer_id":355,"fid":785,"label":"Chợ Trà Côn"}},{"type":"Feature","geometry":{"type":"Point","coordinates":[105.9598149,9.989694]},"properties":{"Chợ":"Tân Mỹ","Địa chỉ ":"Xã Trà Côn","Hiện trạng":"Kiên cố","Diện tích (m2)":"2686.1","Số điểm kinh doanh":"129","Phương thức kinh doanh":"Chợ dân sinh","Quy mô chợ":"Hạng 3","Nguồn vốn chợ":"Ngân sách nhà nước","Doanh nghiệp/ HTX":null,"Tổ chức quản lý chợ":"UBND cấp xã quản lý","layer_id":355,"fid":786,"label":"Tân Mỹ"}},{"type":"Feature","geometry":{"type":"Point","coordinates":[106.082965029,9.960817147]},"properties":{"Chợ":"Hựu Thành","Địa chỉ ":"Xã Vĩnh Xuân","Hiện trạng":"Kiên cố","Diện tích (m2)":"3607","Số điểm kinh doanh":"210","Phương thức kinh doanh":"Chợ dân sinh","Quy mô chợ":"Hạng 2","Nguồn vốn chợ":"Ngoài Ngân sách nhà nước","Doanh nghiệp/ HTX":"Công ty CP đầu tư Xây dựng Vĩnh Long","Tổ chức quản lý chợ":null,"layer_id":355,"fid":788,"label":"Hựu Thành"}},{"type":"Feature","geometry":{"type":"Point","coordinates":[106.0101114,9.9502611]},"properties":{"Chợ":"Vĩnh Xuân","Địa chỉ ":"Xã Vĩnh Xuân","Hiện trạng":"Kiên cố","Diện tích (m2)":"5042.5","Số điểm kinh doanh":"271","Phương thức kinh doanh":"Chợ dân sinh","Quy mô chợ":"Hạng 2","Nguồn vốn chợ":"Ngân sách nhà nước","Doanh nghiệp/ HTX":null,"Tổ chức quản lý chợ":"ĐVSN công lập","layer_id":355,"fid":787,"label":"Vĩnh Xuân"}},{"type":"Feature","geometry":{"type":"Point","coordinates":[105.9215961,9.9662095]},"properties":{"Chợ":"Trà Ôn","Địa chỉ ":"Xã Trà Ôn","Hiện trạng":"Kiên cố","Diện tích (m2)":"5071","Số điểm kinh doanh":"329","Phương thức kinh doanh":"Chợ dân sinh","Quy mô chợ":"Hạng 2","Nguồn vốn chợ":"Ngân sách nhà nước","Doanh nghiệp/ HTX":null,"Tổ chức quản lý chợ":"ĐVSN công lập","layer_id":355,"fid":789,"label":"Trà Ôn"}},{"type":"Feature","geometry":{"type":"Point","coordinates":[105.9765036,9.9146794]},"properties":{"Chợ":"Tích Thiện","Địa chỉ ":"Xã Trà Ôn","Hiện trạng":"Kiên cố","Diện tích (m2)":"960","Số điểm kinh doanh":"95","Phương thức kinh doanh":"Chợ dân sinh","Quy mô chợ":"Hạng 3","Nguồn vốn chợ":"Ngân sách nhà nước","Doanh nghiệp/ HTX":"Công ty TNHH MTV Đầu tư Phát triển chợ Mekong Mart","Tổ chức quản lý chợ":null,"layer_id":355,"fid":790,"label":"Tích Thiện"}},{"type":"Feature","geometry":{"type":"Point","coordinates":[106.199266,10.1474539]},"properties":{"Chợ":"Thanh Bình","Địa chỉ ":"Xã Quới Thiện","Hiện trạng":"Bán kiên cố","Diện tích (m2)":"3152","Số điểm kinh doanh":"57","Phương thức kinh doanh":"Chợ dân sinh","Quy mô chợ":"Hạng 3","Nguồn vốn chợ":"Ngân sách nhà nước","Doanh nghiệp/ HTX":"Công ty TNHH MTV quản lý chợ Thanh Bình","Tổ chức quản lý chợ":null,"layer_id":355,"fid":791,"label":"Thanh Bình"}},{"type":"Feature","geometry":{"type":"Point","coordinates":[106.2091884,10.1494429]},"properties":{"Chợ":"Quới Thiện","Địa chỉ ":"Xã Quới Thiện","Hiện trạng":"Bán kiên cố","Diện tích (m2)":"1897.86","Số điểm kinh doanh":"20","Phương thức kinh doanh":"Chợ dân sinh","Quy mô chợ":"Hạng 3","Nguồn vốn chợ":"Ngân sách nhà nước","Doanh nghiệp/ HTX":"Công ty TNHH MTV quản lý chợ Phụng Nga","Tổ chức quản lý chợ":null,"layer_id":355,"fid":792,"label":"Quới Thiện"}},{"type":"Feature","geometry":{"type":"Point","coordinates":[106.1989843,10.0554971]},"properties":{"Chợ":"Giồng Ké","Địa chỉ ":"Xã Trung Ngãi","Hiện trạng":"Bán kiên cố","Diện tích (m2)":"3492.4","Số điểm kinh doanh":"120","Phương thức kinh doanh":"Chợ dân sinh","Quy mô chợ":"Hạng 3","Nguồn vốn chợ":"Ngoài Ngân sách nhà nước","Doanh nghiệp/ HTX":"Công ty TNHH MTV quản lý chợ Trung Ngãi","Tổ chức quản lý chợ":"UBND cấp xã quản lý","layer_id":355,"fid":793,"label":"Giồng Ké"}},{"type":"Feature","geometry":{"type":"Point","coordinates":[106.1051705,9.9897411]},"properties":{"Chợ":"Hiếu Thành","Địa chỉ ":"Xã Hiếu Thành","Hiện trạng":"Kiên cố","Diện tích (m2)":"1141.9","Số điểm kinh doanh":"43","Phương thức kinh doanh":"Chợ dân sinh","Quy mô chợ":"Hạng 3","Nguồn vốn chợ":"Ngân sách nhà nước","Doanh nghiệp/ HTX":"HTX TMDV Hiếu Nhơn","Tổ chức quản lý chợ":null,"layer_id":355,"fid":794,"label":"Hiếu Thành"}},{"type":"Feature","geometry":{"type":"Point","coordinates":[106.1106133,10.0338481]},"properties":{"Chợ":"Hiếu Nhơn","Địa chỉ ":"Xã Hiếu Thành","Hiện trạng":"Kiên cố","Diện tích (m2)":"3160.3","Số điểm kinh doanh":"210","Phương thức kinh doanh":"Chợ dân sinh","Quy mô chợ":"Hạng 3","Nguồn vốn chợ":"Ngân sách nhà nước","Doanh nghiệp/ HTX":"HTX TMDV Hiếu Nhơn","Tổ chức quản lý chợ":null,"layer_id":355,"fid":795,"label":"Hiếu Nhơn"}},{"type":"Feature","geometry":{"type":"Point","coordinates":[106.0809953,10.103956]},"properties":{"Chợ":"Tân An Luông","Địa chỉ ":"Xã Trung Hiệp","Hiện trạng":"Kiên cố","Diện tích (m2)":"3026.1","Số điểm kinh doanh":"112","Phương thức kinh doanh":"Chợ dân sinh","Quy mô chợ":"Hạng 3","Nguồn vốn chợ":"Ngân sách nhà nước","Doanh nghiệp/ HTX":"Công ty TNHH MTV xây dựng Sơn Trung Thành","Tổ chức quản lý chợ":"Cơ quan chuyên môn về TSKCHT chợ\n(Phòng Kinh tế/ Kinh tế Hạ tầng và Đô thị)","layer_id":355,"fid":796,"label":"Tân An Luông"}},{"type":"Feature","geometry":{"type":"Point","coordinates":[106.131331,10.1162951]},"properties":{"Chợ":"Trung Hiệp","Địa chỉ ":"Xã Trung Hiệp","Hiện trạng":"Kiên cố","Diện tích (m2)":"4271","Số điểm kinh doanh":"78","Phương thức kinh doanh":"Chợ dân sinh","Quy mô chợ":"Hạng 3","Nguồn vốn chợ":"Ngân sách nhà nước","Doanh nghiệp/ HTX":"HTX TMDV Trung Hiệp","Tổ chức quản lý chợ":"Cơ quan chuyên môn về TSKCHT chợ\n(Phòng Kinh tế/ Kinh tế Hạ tầng và Đô thị)","layer_id":355,"fid":797,"label":"Trung Hiệp"}},{"type":"Feature","geometry":{"type":"Point","coordinates":[106.1857593,10.0964834]},"properties":{"Chợ":"Vũng Liêm","Địa chỉ ":"Xã Trung Thành","Hiện trạng":"Kiên cố","Diện tích (m2)":"4679","Số điểm kinh doanh":"544","Phương thức kinh doanh":"Chợ dân sinh","Quy mô chợ":"Hạng 2","Nguồn vốn chợ":"Ngân sách nhà nước","Doanh nghiệp/ HTX":"HTX chợ Vũng Liêm","Tổ chức quản lý chợ":null,"layer_id":355,"fid":798,"label":"Vũng Liêm"}},{"type":"Feature","geometry":{"type":"Point","coordinates":[106.1875016,10.0722316]},"properties":{"Chợ":"Trung Thành","Địa chỉ ":"Xã Trung Thành","Hiện trạng":"Kiên cố","Diện tích (m2)":"764","Số điểm kinh doanh":"43","Phương thức kinh doanh":"Chợ dân sinh","Quy mô chợ":"Hạng 3","Nguồn vốn chợ":"Ngân sách nhà nước","Doanh nghiệp/ HTX":"Công ty TNHH MTV xây dựng Sơn Trung Thành","Tổ chức quản lý chợ":null,"layer_id":355,"fid":799,"label":"Trung Thành"}},{"type":"Feature","geometry":{"type":"Point","coordinates":[106.1559373,10.0716244]},"properties":{"Chợ":"Trung Hiếu","Địa chỉ ":"Xã Trung Thành","Hiện trạng":"Kiên cố","Diện tích (m2)":"4680","Số điểm kinh doanh":"218","Phương thức kinh doanh":"Chợ dân sinh","Quy mô chợ":"Hạng 3","Nguồn vốn chợ":"Ngân sách nhà nước","Doanh nghiệp/ HTX":"HTX TMDV Trung Hiếu","Tổ chức quản lý chợ":null,"layer_id":355,"fid":800,"label":"Trung Hiếu"}},{"type":"Feature","geometry":{"type":"Point","coordinates":[105.8218286,10.1356368]},"properties":{"Chợ":"Nguyễn Văn Thảnh","Địa chỉ ":"Xã Mỹ Thuận","Hiện trạng":"Kiên cố","Diện tích (m2)":"7680","Số điểm kinh doanh":"85","Phương thức kinh doanh":"Chợ dân sinh","Quy mô chợ":"Hạng 3","Nguồn vốn chợ":"Ngân sách nhà nước","Doanh nghiệp/ HTX":"DNTN Quang Vinh Bình Tân","Tổ chức quản lý chợ":"Cơ quan chuyên môn về TSKCHT chợ\n(Phòng Kinh tế/ Kinh tế Hạ tầng và Đô thị)","layer_id":355,"fid":801,"label":"Nguyễn Văn Thảnh"}},{"type":"Feature","geometry":{"type":"Point","coordinates":[105.8624152,10.1458369]},"properties":{"Chợ":"Kinh Tư","Địa chỉ ":"Xã Mỹ Thuận","Hiện trạng":"Kiên cố","Diện tích (m2)":"2678","Số điểm kinh doanh":"85","Phương thức kinh doanh":"Chợ dân sinh","Quy mô chợ":"Hạng 3","Nguồn vốn chợ":"Ngân sách nhà nước","Doanh nghiệp/ HTX":"DNTN Hoàng Phúc Bình Tân","Tổ chức quản lý chợ":"Cơ quan chuyên môn về TSKCHT chợ\n(Phòng Kinh tế/ Kinh tế Hạ tầng và Đô thị)","layer_id":355,"fid":802,"label":"Kinh Tư"}},{"type":"Feature","geometry":{"type":"Point","coordinates":[105.7964103,10.1450723]},"properties":{"Chợ":"Trà Mách","Địa chỉ ":"Xã Mỹ Thuận","Hiện trạng":"Kiên cố","Diện tích (m2)":"4356","Số điểm kinh doanh":"51","Phương thức kinh doanh":"Chợ dân sinh","Quy mô chợ":"Hạng 3","Nguồn vốn chợ":"Ngân sách nhà nước","Doanh nghiệp/ HTX":"DNTN Phước Lộc Hải","Tổ chức quản lý chợ":"Cơ quan chuyên môn về TSKCHT chợ\n(Phòng Kinh tế/ Kinh tế Hạ tầng và Đô thị)","layer_id":355,"fid":803,"label":"Trà Mách"}},{"type":"Feature","geometry":{"type":"Point","coordinates":[105.8270056,10.1060345]},"properties":{"Chợ":"Mỹ Thuận","Địa chỉ ":"Xã Mỹ Thuận","Hiện trạng":"Kiên cố","Diện tích (m2)":"3385","Số điểm kinh doanh":"42","Phương thức kinh doanh":"Chợ dân sinh","Quy mô chợ":"Hạng 3","Nguồn vốn chợ":"Ngân sách nhà nước","Doanh nghiệp/ HTX":"DNTN Phước Lộc Hải","Tổ chức quản lý chợ":"Cơ quan chuyên môn về TSKCHT chợ\n(Phòng Kinh tế/ Kinh tế Hạ tầng và Đô thị)","layer_id":355,"fid":804,"label":"Mỹ Thuận"}},{"type":"Feature","geometry":{"type":"Point","coordinates":[105.7292491,10.1490834]},"properties":{"Chợ":"Tân Lược","Địa chỉ ":"Xã Tân Lược","Hiện trạng":"Kiên cố","Diện tích (m2)":"4500","Số điểm kinh doanh":"237","Phương thức kinh doanh":"Chợ dân sinh","Quy mô chợ":"Hạng 3","Nguồn vốn chợ":"Ngoài Ngân sách nhà nước","Doanh nghiệp/ HTX":"Công ty CP Tư vấn Thiết kế và Đầu tư XD Hồng Trung.","Tổ chức quản lý chợ":null,"layer_id":355,"fid":805,"label":"Tân Lược"}},{"type":"Feature","geometry":{"type":"Point","coordinates":[105.77591171,10.17403345]},"properties":{"Chợ":"Tân Thành","Địa chỉ ":"Xã Tân Lược","Hiện trạng":"Kiên cố","Diện tích (m2)":"4410","Số điểm kinh doanh":"68","Phương thức kinh doanh":"Chợ dân sinh","Quy mô chợ":"Hạng 3","Nguồn vốn chợ":"Ngân sách nhà nước","Doanh nghiệp/ HTX":"DNTN Minh Quang Bình Tân","Tổ chức quản lý chợ":null,"layer_id":355,"fid":806,"label":"Tân Thành"}},{"type":"Feature","geometry":{"type":"Point","coordinates":[105.736000511,10.16079915]},"properties":{"Chợ":"Tân An Thạnh","Địa chỉ ":"Xã Tân Lược","Hiện trạng":"Kiên cố","Diện tích (m2)":"1022","Số điểm kinh doanh":"68","Phương thức kinh doanh":"Chợ dân sinh","Quy mô chợ":"Hạng 3","Nguồn vốn chợ":"Ngân sách nhà nước","Doanh nghiệp/ HTX":"Công ty TNHH MTV Cơ điện lạnh Phương Thịnh","Tổ chức quản lý chợ":null,"layer_id":355,"fid":807,"label":"Tân An Thạnh"}},{"type":"Feature","geometry":{"type":"Point","coordinates":[105.76343877,10.1017078]},"properties":{"Chợ":"Tân Quới","Địa chỉ ":"Xã Tân Quới","Hiện trạng":"Kiên cố","Diện tích (m2)":"1559","Số điểm kinh doanh":"112","Phương thức kinh doanh":"Chợ dân sinh","Quy mô chợ":"Hạng 3","Nguồn vốn chợ":"Ngân sách nhà nước","Doanh nghiệp/ HTX":"Cty TNHH MTV-DV cơ khí Toàn Quốc","Tổ chức quản lý chợ":null,"layer_id":355,"fid":808,"label":"Tân Quới"}},{"type":"Feature","geometry":{"type":"Point","coordinates":[105.76343877,10.1017078]},"properties":{"Chợ":"Đình Thành Lợi","Địa chỉ ":"Xã Tân Quới","Hiện trạng":"Kiên cố","Diện tích (m2)":"1860","Số điểm kinh doanh":"85","Phương thức kinh doanh":"Chợ dân sinh","Quy mô chợ":"Hạng 3","Nguồn vốn chợ":"Ngân sách nhà nước","Doanh nghiệp/ HTX":null,"Tổ chức quản lý chợ":"UBND cấp xã quản lý","layer_id":355,"fid":809,"label":"Đình Thành Lợi"}},{"type":"Feature","geometry":{"type":"Point","coordinates":[105.958884707,10.23727495]},"properties":{"Chợ":"Chợ Phước Thọ","Địa chỉ ":"Phường Tân Hạnh","Hiện trạng":"Kiên cố","Diện tích (m2)":"3283.5","Số điểm kinh doanh":"285","Phương thức kinh doanh":"Chợ dân sinh","Quy mô chợ":"Hạng 2","Nguồn vốn chợ":"Ngân sách nhà nước","Doanh nghiệp/ HTX":null,"Tổ chức quản lý chợ":"UBND cấp xã quản lý/Cơ quan chuyên môn về TSKCHT chợ\n(Phòng Kinh tế/ Kinh tế Hạ tầng và Đô thị)","layer_id":355,"fid":810,"label":"Chợ Phước Thọ"}},{"type":"Feature","geometry":{"type":"Point","coordinates":[105.933483016,10.2213196]},"properties":{"Chợ":"Chợ Đường Chừa","Địa chỉ ":"Phường Tân Hạnh","Hiện trạng":"Bán kiên cố","Diện tích (m2)":"500","Số điểm kinh doanh":"64","Phương thức kinh doanh":"Chợ dân sinh","Quy mô chợ":"Hạng 3","Nguồn vốn chợ":"Ngân sách nhà nước","Doanh nghiệp/ HTX":null,"Tổ chức quản lý chợ":"UBND cấp xã quản lý/Cơ quan chuyên môn về TSKCHT chợ\n(Phòng Kinh tế/ Kinh tế Hạ tầng và Đô thị)","layer_id":355,"fid":811,"label":"Chợ Đường Chừa"}},{"type":"Feature","geometry":{"type":"Point","coordinates":[105.933483016,10.2213196]},"properties":{"Chợ":"Chợ Tân Thới","Địa chỉ ":"Phường Tân Hạnh","Hiện trạng":"Bán kiên cố","Diện tích (m2)":"810","Số điểm kinh doanh":"20","Phương thức kinh doanh":"Chợ dân sinh","Quy mô chợ":"Hạng 3","Nguồn vốn chợ":"Ngân sách nhà nước","Doanh nghiệp/ HTX":null,"Tổ chức quản lý chợ":"UBND cấp xã quản lý/Cơ quan chuyên môn về TSKCHT chợ\n(Phòng Kinh tế/ Kinh tế Hạ tầng và Đô thị)","layer_id":355,"fid":812,"label":"Chợ Tân Thới"}},{"type":"Feature","geometry":{"type":"Point","coordinates":[105.933483016,10.2213196]},"properties":{"Chợ":"Chợ Cầu Đôi","Địa chỉ ":"Phường Tân Hạnh","Hiện trạng":"Bán kiên cố","Diện tích (m2)":"2197.5","Số điểm kinh doanh":"90","Phương thức kinh doanh":"Chợ dân sinh","Quy mô chợ":"Hạng 3","Nguồn vốn chợ":"Ngân sách nhà nước","Doanh nghiệp/ HTX":null,"Tổ chức quản lý chợ":"UBND cấp xã quản lý/Cơ quan chuyên môn về TSKCHT chợ\n(Phòng Kinh tế/ Kinh tế Hạ tầng và Đô thị)","layer_id":355,"fid":813,"label":"Chợ Cầu Đôi"}},{"type":"Feature","geometry":{"type":"Point","coordinates":[105.972772691,10.255594781]},"properties":{"Chợ":"Phường Phước Hậu(điểm chợ P3 cũ)","Địa chỉ ":"Phường Phước Hậu","Hiện trạng":"kiên cố","Diện tích (m2)":"2155.4","Số điểm kinh doanh":"80","Phương thức kinh doanh":"Chợ dân sinh","Quy mô chợ":"Hạng 3","Nguồn vốn chợ":"Ngân sách nhà nước","Doanh nghiệp/ HTX":null,"Tổ chức quản lý chợ":"UBND cấp xã quản lý","layer_id":355,"fid":814,"label":"Phường Phước Hậu(điểm chợ P3 cũ)"}},{"type":"Feature","geometry":{"type":"Point","coordinates":[106.2947443,10.046765]},"properties":{"Chợ":"Phường Phước Hậu(điểm chợ Cầu Lầu cũ)","Địa chỉ ":"Phường Phước Hậu","Hiện trạng":"kiên cố","Diện tích (m2)":"251.9","Số điểm kinh doanh":"20","Phương thức kinh doanh":"Chợ dân sinh","Quy mô chợ":"Hạng 3","Nguồn vốn chợ":"Ngân sách nhà nước","Doanh nghiệp/ HTX":null,"Tổ chức quản lý chợ":"UBND cấp xã quản lý","layer_id":355,"fid":815,"label":"Phường Phước Hậu(điểm chợ Cầu Lầu cũ)"}},{"type":"Feature","geometry":{"type":"Point","coordinates":[105.989249406,10.237269744]},"properties":{"Chợ":"Phường Phước Hậu(điểm chợ Cua cũ)","Địa chỉ ":"Phường Phước Hậu","Hiện trạng":"kiên cố","Diện tích (m2)":"2900.8","Số điểm kinh doanh":"279","Phương thức kinh doanh":"Chợ dân sinh","Quy mô chợ":"Hạng 2","Nguồn vốn chợ":"Ngân sách nhà nước","Doanh nghiệp/ HTX":null,"Tổ chức quản lý chợ":"ĐVSN công lập","layer_id":355,"fid":816,"label":"Phường Phước Hậu(điểm chợ Cua cũ)"}},{"type":"Feature","geometry":{"type":"Point","coordinates":[105.835499875,10.04468465]},"properties":{"Chợ":"Đông Bình","Địa chỉ ":"Phường Đông Thành","Hiện trạng":"Kiên cố","Diện tích (m2)":"4471.2","Số điểm kinh doanh":"185","Phương thức kinh doanh":"Chợ dân sinh","Quy mô chợ":"Hạng 3","Nguồn vốn chợ":"Ngân sách nhà nước","Doanh nghiệp/ HTX":"Công ty TNHH MTV\nNgọc Chinh","Tổ chức quản lý chợ":"Cơ quan chuyên môn về TSKCHT chợ\n(Phòng Kinh tế/ Kinh tế Hạ tầng và Đô thị)","layer_id":355,"fid":817,"label":"Đông Bình"}},{"type":"Feature","geometry":{"type":"Point","coordinates":[105.839049197,10.024378]},"properties":{"Chợ":"Hóa Thành","Địa chỉ ":"Phường Đông Thành","Hiện trạng":"Kiên cố","Diện tích (m2)":"2565.9","Số điểm kinh doanh":"58","Phương thức kinh doanh":"Chợ dân sinh","Quy mô chợ":"Hạng 3","Nguồn vốn chợ":"Ngân sách nhà nước","Doanh nghiệp/ HTX":"DNTN Thanh Hoàng Bình Minh","Tổ chức quản lý chợ":"Cơ quan chuyên môn về TSKCHT chợ\n(Phòng Kinh tế/ Kinh tế Hạ tầng và Đô thị)","layer_id":355,"fid":818,"label":"Hóa Thành"}},{"type":"Feature","geometry":{"type":"Point","coordinates":[105.865084698,10.0464972]},"properties":{"Chợ":"Giáo Mẹo","Địa chỉ ":"Phường Đông Thành","Hiện trạng":"Kiên cố","Diện tích (m2)":"3354","Số điểm kinh doanh":"74","Phương thức kinh doanh":"Chợ dân sinh","Quy mô chợ":"Hạng 3","Nguồn vốn chợ":"Ngân sách nhà nước","Doanh nghiệp/ HTX":"DNTN Thanh Hoàng Bình Minh","Tổ chức quản lý chợ":"Cơ quan chuyên môn về TSKCHT chợ\n(Phòng Kinh tế/ Kinh tế Hạ tầng và Đô thị)","layer_id":355,"fid":819,"label":"Giáo Mẹo"}},{"type":"Feature","geometry":{"type":"Point","coordinates":[105.831529878,10.018573]},"properties":{"Chợ":"Mỹ Hòa","Địa chỉ ":"Phường Cái Vồn","Hiện trạng":"Kiên cố","Diện tích (m2)":"2812.3","Số điểm kinh doanh":"146","Phương thức kinh doanh":"Chợ dân sinh","Quy mô chợ":"Hạng 3","Nguồn vốn chợ":"Ngân sách nhà nước","Doanh nghiệp/ HTX":"Cty TNHH MTV Ngọc Chinh","Tổ chức quản lý chợ":null,"layer_id":355,"fid":820,"label":"Mỹ Hòa"}},{"type":"Feature","geometry":{"type":"Point","coordinates":[105.822719,10.06554515]},"properties":{"Chợ":"Cái Vồn","Địa chỉ ":"Phường Cái Vồn","Hiện trạng":"Kiên cố","Diện tích (m2)":"4810.97","Số điểm kinh doanh":"361","Phương thức kinh doanh":"Chợ dân sinh","Quy mô chợ":"Hạng 2","Nguồn vốn chợ":"Ngoài Ngân sách nhà nước","Doanh nghiệp/ HTX":"Cty TNHH Đt và PT HTKT Bình Minh","Tổ chức quản lý chợ":null,"layer_id":355,"fid":821,"label":"Cái Vồn"}},{"type":"Feature","geometry":{"type":"Point","coordinates":[105.827780135,10.0816896]},"properties":{"Chợ":"Thành Phước","Địa chỉ ":"P.Bình Minh","Hiện trạng":"Kiên cố","Diện tích (m2)":"3641.2","Số điểm kinh doanh":"97","Phương thức kinh doanh":"Chợ dân sinh","Quy mô chợ":"Hạng 3","Nguồn vốn chợ":"Ngân sách nhà nước","Doanh nghiệp/ HTX":"DNTN Thanh Hoàng Bình Minh","Tổ chức quản lý chợ":null,"layer_id":355,"fid":822,"label":"Thành Phước"}},{"type":"Feature","geometry":{"type":"Point","coordinates":[105.827780135,10.0816896]},"properties":{"Chợ":"Thuận An","Địa chỉ ":"P.Bình Minh","Hiện trạng":"Kiên cố","Diện tích (m2)":"1527.8","Số điểm kinh doanh":"60","Phương thức kinh doanh":"Chợ dân sinh","Quy mô chợ":"Hạng 3","Nguồn vốn chợ":"Ngân sách nhà nước","Doanh nghiệp/ HTX":"Công ty TNHH MTV quản lý và phát triển chợ Thuận An","Tổ chức quản lý chợ":null,"layer_id":355,"fid":823,"label":"Thuận An"}},{"type":"Feature","geometry":{"type":"Point","coordinates":[105.903358559,10.2526336]},"properties":{"Chợ":"Tân Hội","Địa chỉ ":"P. Tân Ngãi","Hiện trạng":"kiên cố","Diện tích (m2)":"3096.6","Số điểm kinh doanh":"134","Phương thức kinh doanh":"Chợ dân sinh","Quy mô chợ":"Hạng 3","Nguồn vốn chợ":"Ngân sách nhà nước","Doanh nghiệp/ HTX":null,"Tổ chức quản lý chợ":null,"layer_id":355,"fid":824,"label":"Tân Hội"}},{"type":"Feature","geometry":{"type":"Point","coordinates":[105.932593623,10.2644952]},"properties":{"Chợ":"Trường An","Địa chỉ ":"Phường Long Châu","Hiện trạng":"Kiên cố","Diện tích (m2)":"4974.9","Số điểm kinh doanh":"285","Phương thức kinh doanh":"Chợ dân sinh","Quy mô chợ":"Hạng 2","Nguồn vốn chợ":"Ngân sách nhà nước","Doanh nghiệp/ HTX":null,"Tổ chức quản lý chợ":"UBND cấp xã quản lý/Cơ quan chuyên môn về TSKCHT chợ\n(Phòng Kinh tế/ Kinh tế Hạ tầng và Đô thị)","layer_id":355,"fid":825,"label":"Trường An"}},{"type":"Feature","geometry":{"type":"Point","coordinates":[105.962769315,10.254177]},"properties":{"Chợ":"Long Châu","Địa chỉ ":"Phường Long Châu","Hiện trạng":"Kiên cố","Diện tích (m2)":"1626","Số điểm kinh doanh":"177","Phương thức kinh doanh":"Chợ dân sinh","Quy mô chợ":"Hạng 3","Nguồn vốn chợ":"Ngân sách nhà nước","Doanh nghiệp/ HTX":null,"Tổ chức quản lý chợ":"UBND cấp xã quản lý/Cơ quan chuyên môn về TSKCHT chợ\n(Phòng Kinh tế/ Kinh tế Hạ tầng và Đô thị)","layer_id":355,"fid":826,"label":"Long Châu"}},{"type":"Feature","geometry":{"type":"Point","coordinates":[105.942732651,10.2593003]},"properties":{"Chợ":"Phường 9","Địa chỉ ":"Phường Long Châu","Hiện trạng":"Kiên cố","Diện tích (m2)":"1240","Số điểm kinh doanh":"100","Phương thức kinh doanh":"Chợ dân sinh","Quy mô chợ":"Hạng 3","Nguồn vốn chợ":"Ngân sách nhà nước","Doanh nghiệp/ HTX":null,"Tổ chức quản lý chợ":"UBND cấp xã quản lý/Cơ quan chuyên môn về TSKCHT chợ\n(Phòng Kinh tế/ Kinh tế Hạ tầng và Đô thị)","layer_id":355,"fid":827,"label":"Phường 9"}},{"type":"Feature","geometry":{"type":"Point","coordinates":[105.9641068,10.2484009]},"properties":{"Chợ":"Công Xi","Địa chỉ ":"Phường Long Châu","Hiện trạng":"Kiên cố","Diện tích (m2)":"608.6","Số điểm kinh doanh":"20","Phương thức kinh doanh":"Chợ dân sinh","Quy mô chợ":"Hạng 3","Nguồn vốn chợ":"Ngân sách nhà nước","Doanh nghiệp/ HTX":null,"Tổ chức quản lý chợ":"UBND cấp xã quản lý/Cơ quan chuyên môn về TSKCHT chợ\n(Phòng Kinh tế/ Kinh tế Hạ tầng và Đô thị)","layer_id":355,"fid":828,"label":"Công Xi"}},{"type":"Feature","geometry":{"type":"Point","coordinates":[105.9641068,10.2484009]},"properties":{"Chợ":"Kinh Cụt","Địa chỉ ":"Phường Long Châu","Hiện trạng":"Kiên cố","Diện tích (m2)":"556.5","Số điểm kinh doanh":"20","Phương thức kinh doanh":"Chợ dân sinh","Quy mô chợ":"Hạng 3","Nguồn vốn chợ":"Ngân sách nhà nước","Doanh nghiệp/ HTX":null,"Tổ chức quản lý chợ":"UBND cấp xã quản lý/Cơ quan chuyên môn về TSKCHT chợ\n(Phòng Kinh tế/ Kinh tế Hạ tầng và Đô thị)","layer_id":355,"fid":829,"label":"Kinh Cụt"}},{"type":"Feature","geometry":{"type":"Point","coordinates":[105.972720041,10.25630565]},"properties":{"Chợ":"Vĩnh Long","Địa chỉ ":"Phường Long Châu","Hiện trạng":"Kiên cố","Diện tích (m2)":"13936.7","Số điểm kinh doanh":"1964","Phương thức kinh doanh":"Chợ đầu mối","Quy mô chợ":"Hạng 1","Nguồn vốn chợ":"Ngân sách nhà nước","Doanh nghiệp/ HTX":null,"Tổ chức quản lý chợ":"ĐVSN công lập","layer_id":355,"fid":830,"label":"Vĩnh Long"}},{"type":"Feature","geometry":{"type":"Point","coordinates":[106.175196,9.9463705]},"properties":{"Chợ":"An Trường","Địa chỉ ":"Xã An Trường","Hiện trạng":"Bán Kiên cố","Diện tích (m2)":"3090","Số điểm kinh doanh":"107","Phương thức kinh doanh":"Chợ dân sinh","Quy mô chợ":"Hạng 3","Nguồn vốn chợ":"Ngân sách nhà nước","Doanh nghiệp/ HTX":null,"Tổ chức quản lý chợ":"ĐVSN công lập","layer_id":355,"fid":884,"label":"An Trường"}},{"type":"Feature","geometry":{"type":"Point","coordinates":[106.004445352,10.24378145]},"properties":{"Chợ":"Thanh Mỹ","Địa chỉ ":"Xã Thanh Đức","Hiện trạng":"Kiên cố","Diện tích (m2)":"4853","Số điểm kinh doanh":"120","Phương thức kinh doanh":"Chợ dân sinh","Quy mô chợ":"Hạng 3","Nguồn vốn chợ":"Ngoài Ngân sách nhà nước","Doanh nghiệp/ HTX":null,"Tổ chức quản lý chợ":"UBND cấp xã quản lý/Cơ quan chuyên môn về TSKCHT chợ\n(Phòng Kinh tế/ Kinh tế Hạ tầng và Đô thị)","layer_id":355,"fid":831,"label":"Thanh Mỹ"}},{"type":"Feature","geometry":{"type":"Point","coordinates":[106.004445352,10.24378145]},"properties":{"Chợ":"Thanh Đức","Địa chỉ ":"Xã Thanh Đức","Hiện trạng":"Kiên cố","Diện tích (m2)":"1305","Số điểm kinh doanh":"68","Phương thức kinh doanh":"Chợ dân sinh","Quy mô chợ":"Hạng 3","Nguồn vốn chợ":"Ngân sách nhà nước","Doanh nghiệp/ HTX":null,"Tổ chức quản lý chợ":"UBND cấp xã quản lý/Cơ quan chuyên môn về TSKCHT chợ\n(Phòng Kinh tế/ Kinh tế Hạ tầng và Đô thị)","layer_id":355,"fid":832,"label":"Thanh Đức"}},{"type":"Feature","geometry":{"type":"Point","coordinates":[106.004445352,10.24378145]},"properties":{"Chợ":"Chợ khóm 6","Địa chỉ ":"Xã Thanh Đức","Hiện trạng":"Kiên cố","Diện tích (m2)":"291.9","Số điểm kinh doanh":null,"Phương thức kinh doanh":"Chợ dân sinh","Quy mô chợ":"Hạng 3","Nguồn vốn chợ":"Ngân sách nhà nước","Doanh nghiệp/ HTX":null,"Tổ chức quản lý chợ":"UBND cấp xã quản lý/Cơ quan chuyên môn về TSKCHT chợ\n(Phòng Kinh tế/ Kinh tế Hạ tầng và Đô thị)","layer_id":355,"fid":833,"label":"Chợ khóm 6"}},{"type":"Feature","geometry":{"type":"Point","coordinates":[106.53071162,9.5815192]},"properties":{"Chợ":"Hiệp Mỹ Đông","Địa chỉ ":"Xã Hiệp Mỹ","Hiện trạng":"kiên cố","Diện tích (m2)":"2950","Số điểm kinh doanh":"124","Phương thức kinh doanh":"Chợ dân sinh","Quy mô chợ":"Hạng 3","Nguồn vốn chợ":"Ngân sách nhà nước","Doanh nghiệp/ HTX":null,"Tổ chức quản lý chợ":"UBND cấp xã quản lý/Cơ quan chuyên môn về TSKCHT chợ\n(Phòng Kinh tế/ Kinh tế Hạ tầng và Đô thị)","layer_id":355,"fid":836,"label":"Hiệp Mỹ Đông"}},{"type":"Feature","geometry":{"type":"Point","coordinates":[106.476106,9.731723864]},"properties":{"Chợ":"Hiệp Mỹ Tây","Địa chỉ ":"Xã Hiệp Mỹ","Hiện trạng":"kiên cố","Diện tích (m2)":"2488","Số điểm kinh doanh":"152","Phương thức kinh doanh":"Chợ dân sinh","Quy mô chợ":"Hạng 3","Nguồn vốn chợ":"Ngân sách nhà nước","Doanh nghiệp/ HTX":null,"Tổ chức quản lý chợ":"UBND cấp xã quản lý/Cơ quan chuyên môn về TSKCHT chợ\n(Phòng Kinh tế/ Kinh tế Hạ tầng và Đô thị)","layer_id":355,"fid":837,"label":"Hiệp Mỹ Tây"}},{"type":"Feature","geometry":{"type":"Point","coordinates":[106.553027872,9.731726263]},"properties":{"Chợ":"Hiệp Thạnh","Địa chỉ ":"Xã Long Hữu","Hiện trạng":"Kiên cố","Diện tích (m2)":"6000","Số điểm kinh doanh":"34","Phương thức kinh doanh":"Chợ dân sinh","Quy mô chợ":"Hạng 3","Nguồn vốn chợ":"Ngoài Ngân sách nhà nước","Doanh nghiệp/ HTX":null,"Tổ chức quản lý chợ":"UBND cấp xã quản lý","layer_id":355,"fid":843,"label":"Hiệp Thạnh"}},{"type":"Feature","geometry":{"type":"Point","coordinates":[106.055028925,9.87234755]},"properties":{"Chợ":"Cầu Kè","Địa chỉ ":"Xã Cầu Kè","Hiện trạng":"Kiên cố","Diện tích (m2)":"5928","Số điểm kinh doanh":"281","Phương thức kinh doanh":"Chợ dân sinh","Quy mô chợ":"Hạng 2","Nguồn vốn chợ":"Ngân sách nhà nước","Doanh nghiệp/ HTX":"HTX TMDV Cầu Kè","Tổ chức quản lý chợ":null,"layer_id":355,"fid":841,"label":"Cầu Kè"}},{"type":"Feature","geometry":{"type":"Point","coordinates":[106.1760198,9.8573768]},"properties":{"Chợ":"Hiếu Trung","Địa chỉ ":"Xã Tiểu Cần","Hiện trạng":"Kiên cố","Diện tích (m2)":"2300","Số điểm kinh doanh":"53","Phương thức kinh doanh":"Chợ dân sinh","Quy mô chợ":"Hạng 3","Nguồn vốn chợ":"Ngân sách nhà nước","Doanh nghiệp/ HTX":null,"Tổ chức quản lý chợ":"UBND cấp xã quản lý","layer_id":355,"fid":845,"label":"Hiếu Trung"}},{"type":"Feature","geometry":{"type":"Point","coordinates":[106.2065029,9.8589012]},"properties":{"Chợ":"Hiếu Tử","Địa chỉ ":"Xã Tập Ngãi","Hiện trạng":"Kiên cố","Diện tích (m2)":"2258","Số điểm kinh doanh":"13","Phương thức kinh doanh":"Chợ dân sinh","Quy mô chợ":"Hạng 3","Nguồn vốn chợ":"Ngân sách nhà nước","Doanh nghiệp/ HTX":null,"Tổ chức quản lý chợ":"UBND cấp xã quản lý","layer_id":355,"fid":846,"label":"Hiếu Tử"}},{"type":"Feature","geometry":{"type":"Point","coordinates":[106.2216478,9.8723313]},"properties":{"Chợ":"Lò Ngò","Địa chỉ ":"Xã Tập Ngãi","Hiện trạng":"Kiên cố","Diện tích (m2)":"7155","Số điểm kinh doanh":"127","Phương thức kinh doanh":"Chợ dân sinh","Quy mô chợ":"Hạng 3","Nguồn vốn chợ":"Ngoài Ngân sách nhà nước","Doanh nghiệp/ HTX":"Công ty CP Đầu tư XD chợ Lợi Nhân","Tổ chức quản lý chợ":null,"layer_id":355,"fid":847,"label":"Lò Ngò"}},{"type":"Feature","geometry":{"type":"Point","coordinates":[106.2674598,9.8103673]},"properties":{"Chợ":"Tập Ngãi","Địa chỉ ":"Xã Tập Ngãi","Hiện trạng":"Kiên cố","Diện tích (m2)":"2778","Số điểm kinh doanh":"116","Phương thức kinh doanh":"Chợ dân sinh","Quy mô chợ":"Hạng 3","Nguồn vốn chợ":"Ngân sách nhà nước","Doanh nghiệp/ HTX":null,"Tổ chức quản lý chợ":"UBND cấp xã quản lý","layer_id":355,"fid":848,"label":"Tập Ngãi"}},{"type":"Feature","geometry":{"type":"Point","coordinates":[106.2389098,9.8327963]},"properties":{"Chợ":"Cây Ổi","Địa chỉ ":"Xã Tập Ngãi","Hiện trạng":"Kiên cố","Diện tích (m2)":"5521","Số điểm kinh doanh":"40","Phương thức kinh doanh":"Chợ dân sinh","Quy mô chợ":"Hạng 3","Nguồn vốn chợ":"Ngân sách nhà nước","Doanh nghiệp/ HTX":null,"Tổ chức quản lý chợ":"UBND cấp xã quản lý","layer_id":355,"fid":849,"label":"Cây Ổi"}},{"type":"Feature","geometry":{"type":"Point","coordinates":[105.9993672,9.886771]},"properties":{"Chợ":"An Phú Tân","Địa chỉ ":"Xã An Phú Tân","Hiện trạng":"Kiên cố","Diện tích (m2)":"307.2","Số điểm kinh doanh":"16","Phương thức kinh doanh":"Chợ dân sinh","Quy mô chợ":"Hạng 3","Nguồn vốn chợ":"Ngân sách nhà nước","Doanh nghiệp/ HTX":null,"Tổ chức quản lý chợ":"UBND cấp xã quản lý","layer_id":355,"fid":850,"label":"An Phú Tân"}},{"type":"Feature","geometry":{"type":"Point","coordinates":[106.2667484,9.8974409]},"properties":{"Chợ":"Song Lộc","Địa chỉ ":"Xã Song Lộc","Hiện trạng":"Kiên cố","Diện tích (m2)":"3494","Số điểm kinh doanh":"83","Phương thức kinh doanh":"Chợ dân sinh","Quy mô chợ":"Hạng 3","Nguồn vốn chợ":"Ngân sách nhà nước","Doanh nghiệp/ HTX":null,"Tổ chức quản lý chợ":"UBND cấp xã quản lý","layer_id":355,"fid":851,"label":"Song Lộc"}},{"type":"Feature","geometry":{"type":"Point","coordinates":[106.3121197,9.9072625]},"properties":{"Chợ":"Sâm Bua","Địa chỉ ":"Xã Song Lộc","Hiện trạng":"Kiên cố","Diện tích (m2)":"1197","Số điểm kinh doanh":"94","Phương thức kinh doanh":"Chợ dân sinh","Quy mô chợ":"Hạng 3","Nguồn vốn chợ":"Ngân sách nhà nước","Doanh nghiệp/ HTX":"HTX QL và khai thác chợ Lương Hòa","Tổ chức quản lý chợ":"UBND cấp xã quản lý","layer_id":355,"fid":852,"label":"Sâm Bua"}},{"type":"Feature","geometry":{"type":"Point","coordinates":[106.2804622,9.8572109]},"properties":{"Chợ":"Cầu Xây","Địa chỉ ":"Xã Song Lộc","Hiện trạng":"Kiên cố","Diện tích (m2)":"5165","Số điểm kinh doanh":"82","Phương thức kinh doanh":"Chợ dân sinh","Quy mô chợ":"Hạng 3","Nguồn vốn chợ":"Ngân sách nhà nước","Doanh nghiệp/ HTX":"HTX TMDV Lương Hòa A","Tổ chức quản lý chợ":"UBND cấp xã quản lý","layer_id":355,"fid":853,"label":"Cầu Xây"}},{"type":"Feature","geometry":{"type":"Point","coordinates":[106.1522126,9.7497967]},"properties":{"Chợ":"Tân Hòa","Địa chỉ ":"Xã Tân Hòa","Hiện trạng":"Kiên cố","Diện tích (m2)":"4613.9","Số điểm kinh doanh":"22","Phương thức kinh doanh":"Chợ dân sinh","Quy mô chợ":"Hạng 3","Nguồn vốn chợ":"Ngân sách nhà nước","Doanh nghiệp/ HTX":null,"Tổ chức quản lý chợ":"UBND cấp xã quản lý","layer_id":355,"fid":854,"label":"Tân Hòa"}},{"type":"Feature","geometry":{"type":"Point","coordinates":[106.148897,9.7807271]},"properties":{"Chợ":"Trinh Phụ","Địa chỉ ":"Xã Tân Hòa","Hiện trạng":"Kiên cố","Diện tích (m2)":"1189","Số điểm kinh doanh":"30","Phương thức kinh doanh":"Chợ dân sinh","Quy mô chợ":"Hạng 3","Nguồn vốn chợ":"Ngân sách nhà nước","Doanh nghiệp/ HTX":null,"Tổ chức quản lý chợ":"UBND cấp xã quản lý","layer_id":355,"fid":855,"label":"Trinh Phụ"}},{"type":"Feature","geometry":{"type":"Point","coordinates":[105.831957981,10.08711309]},"properties":{"Chợ":"Thuận An","Địa chỉ ":"Xã Tân Hòa","Hiện trạng":"Kiên cố","Diện tích (m2)":"2445","Số điểm kinh doanh":"150","Phương thức kinh doanh":"Chợ dân sinh","Quy mô chợ":"Hạng 2","Nguồn vốn chợ":"Ngoài Ngân sách nhà nước","Doanh nghiệp/ HTX":"Công ty TNHH MTV quản lý và phát triển chợ Thuận An","Tổ chức quản lý chợ":null,"layer_id":355,"fid":856,"label":"Thuận An"}},{"type":"Feature","geometry":{"type":"Point","coordinates":[106.0287512,9.9015592]},"properties":{"Chợ":"Trà Ốp","Địa chỉ ":"Xã Tam Ngãi","Hiện trạng":"Bán kiên cố","Diện tích (m2)":"906.6","Số điểm kinh doanh":"47","Phương thức kinh doanh":"Chợ dân sinh","Quy mô chợ":"Hạng 3","Nguồn vốn chợ":"Ngân sách nhà nước","Doanh nghiệp/ HTX":null,"Tổ chức quản lý chợ":"UBND cấp xã quản lý","layer_id":355,"fid":857,"label":"Trà Ốp"}},{"type":"Feature","geometry":{"type":"Point","coordinates":[106.0287512,9.9015592]},"properties":{"Chợ":"Ngã Hậu","Địa chỉ ":"Xã Tam Ngãi","Hiện trạng":"Bán kiên cố","Diện tích (m2)":"1600","Số điểm kinh doanh":"40","Phương thức kinh doanh":"Chợ dân sinh","Quy mô chợ":"Hạng 3","Nguồn vốn chợ":"Ngân sách nhà nước","Doanh nghiệp/ HTX":null,"Tổ chức quản lý chợ":"UBND cấp xã quản lý","layer_id":355,"fid":858,"label":"Ngã Hậu"}},{"type":"Feature","geometry":{"type":"Point","coordinates":[106.044854956,9.898090284]},"properties":{"Chợ":"Bà My","Địa chỉ ":"Xã Tam Ngãi","Hiện trạng":"kiên cố","Diện tích (m2)":"4038","Số điểm kinh doanh":"60","Phương thức kinh doanh":"Chợ dân sinh","Quy mô chợ":"Hạng 3","Nguồn vốn chợ":"Ngân sách nhà nước","Doanh nghiệp/ HTX":null,"Tổ chức quản lý chợ":"UBND cấp xã quản lý","layer_id":355,"fid":859,"label":"Bà My"}},{"type":"Feature","geometry":{"type":"Point","coordinates":[106.2492724,10.0069311]},"properties":{"Chợ":"Nhị Long","Địa chỉ ":"Xã Nhị Long","Hiện trạng":"kiên cố","Diện tích (m2)":"4068","Số điểm kinh doanh":"221","Phương thức kinh doanh":"Chợ dân sinh","Quy mô chợ":"Hạng 2","Nguồn vốn chợ":"Ngân sách nhà nước","Doanh nghiệp/ HTX":null,"Tổ chức quản lý chợ":"UBND cấp xã quản lý","layer_id":355,"fid":860,"label":"Nhị Long"}},{"type":"Feature","geometry":{"type":"Point","coordinates":[106.249716145,10.064975029]},"properties":{"Chợ":"Rạch Bàng","Địa chỉ ":"Xã Nhị Long","Hiện trạng":"kiên cố","Diện tích (m2)":"2300","Số điểm kinh doanh":"97","Phương thức kinh doanh":"Chợ dân sinh","Quy mô chợ":"Hạng 3","Nguồn vốn chợ":"Ngân sách nhà nước","Doanh nghiệp/ HTX":null,"Tổ chức quản lý chợ":"UBND cấp xã quản lý","layer_id":355,"fid":861,"label":"Rạch Bàng"}},{"type":"Feature","geometry":{"type":"Point","coordinates":[106.2923508,10.0243378]},"properties":{"Chợ":"Bãi Xan","Địa chỉ ":"Xã Nhị Long","Hiện trạng":"kiên cố","Diện tích (m2)":"600","Số điểm kinh doanh":"47","Phương thức kinh doanh":"Chợ dân sinh","Quy mô chợ":"Hạng 3","Nguồn vốn chợ":"Ngoài Ngân sách nhà nước","Doanh nghiệp/ HTX":"Hộ KD  Huỳnh Công Thiết ","Tổ chức quản lý chợ":"UBND cấp xã quản lý","layer_id":355,"fid":862,"label":"Bãi Xan"}},{"type":"Feature","geometry":{"type":"Point","coordinates":[106.3412018,9.7076788]},"properties":{"Chợ":"Long Hiệp","Địa chỉ ":"Xã Long Hiệp","Hiện trạng":"kiên cố","Diện tích (m2)":"10700","Số điểm kinh doanh":"185","Phương thức kinh doanh":"Chợ dân sinh","Quy mô chợ":"Hạng 3","Nguồn vốn chợ":"Ngân sách nhà nước","Doanh nghiệp/ HTX":null,"Tổ chức quản lý chợ":"UBND cấp xã quản lý","layer_id":355,"fid":863,"label":"Long Hiệp"}},{"type":"Feature","geometry":{"type":"Point","coordinates":[106.3900211,9.7115145]},"properties":{"Chợ":"Tha La","Địa chỉ ":"Xã Long Hiệp","Hiện trạng":"kiên cố","Diện tích (m2)":"1000","Số điểm kinh doanh":"69","Phương thức kinh doanh":"Chợ dân sinh","Quy mô chợ":"Hạng 3","Nguồn vốn chợ":"Ngân sách nhà nước","Doanh nghiệp/ HTX":null,"Tổ chức quản lý chợ":"UBND cấp xã quản lý","layer_id":355,"fid":864,"label":"Tha La"}},{"type":"Feature","geometry":{"type":"Point","coordinates":[106.3346061,9.7355437]},"properties":{"Chợ":"Tân Hiệp","Địa chỉ ":"Xã Long Hiệp","Hiện trạng":"kiên cố","Diện tích (m2)":"4517","Số điểm kinh doanh":"9","Phương thức kinh doanh":"Chợ dân sinh","Quy mô chợ":"Hạng 3","Nguồn vốn chợ":"Ngân sách nhà nước","Doanh nghiệp/ HTX":null,"Tổ chức quản lý chợ":"UBND cấp xã quản lý","layer_id":355,"fid":865,"label":"Tân Hiệp"}},{"type":"Feature","geometry":{"type":"Point","coordinates":[106.153413,9.9122298]},"properties":{"Chợ":"Tân An","Địa chỉ ":"Xã Tân An","Hiện trạng":"Bán kiên cố","Diện tích (m2)":"4000","Số điểm kinh doanh":"290","Phương thức kinh doanh":"Chợ dân sinh","Quy mô chợ":"Hạng 3","Nguồn vốn chợ":"Ngân sách nhà nước","Doanh nghiệp/ HTX":null,"Tổ chức quản lý chợ":"UBND cấp xã quản lý","layer_id":355,"fid":866,"label":"Tân An"}},{"type":"Feature","geometry":{"type":"Point","coordinates":[106.2299639,9.9260101]},"properties":{"Chợ":"Huyền Hội","Địa chỉ ":"Xã Tân An","Hiện trạng":"Bán kiên cố","Diện tích (m2)":"3500","Số điểm kinh doanh":"156","Phương thức kinh doanh":"Chợ dân sinh","Quy mô chợ":"Hạng 3","Nguồn vốn chợ":"Ngân sách nhà nước","Doanh nghiệp/ HTX":null,"Tổ chức quản lý chợ":"UBND cấp xã quản lý","layer_id":355,"fid":867,"label":"Huyền Hội"}},{"type":"Feature","geometry":{"type":"Point","coordinates":[106.2601584,9.7378511]},"properties":{"Chợ":"Tập Sơn","Địa chỉ ":"Xã Tập Sơn","Hiện trạng":"kiên cố","Diện tích (m2)":"3899.8","Số điểm kinh doanh":"214","Phương thức kinh doanh":"Chợ dân sinh","Quy mô chợ":"Hạng 2","Nguồn vốn chợ":"Ngân sách nhà nước","Doanh nghiệp/ HTX":null,"Tổ chức quản lý chợ":"UBND cấp xã quản lý","layer_id":355,"fid":868,"label":"Tập Sơn"}},{"type":"Feature","geometry":{"type":"Point","coordinates":[106.2345633,9.7350257]},"properties":{"Chợ":"Tân Sơn","Địa chỉ ":"Xã Tập Sơn","Hiện trạng":"kiên cố","Diện tích (m2)":"1746","Số điểm kinh doanh":"70","Phương thức kinh doanh":"Chợ dân sinh","Quy mô chợ":"Hạng 3","Nguồn vốn chợ":"Ngân sách nhà nước","Doanh nghiệp/ HTX":null,"Tổ chức quản lý chợ":"UBND cấp xã quản lý","layer_id":355,"fid":869,"label":"Tân Sơn"}},{"type":"Feature","geometry":{"type":"Point","coordinates":[106.3094514,9.7592442]},"properties":{"Chợ":"Phước Hưng","Địa chỉ ":"Xã Tập Sơn","Hiện trạng":"kiên cố","Diện tích (m2)":"5581","Số điểm kinh doanh":"244","Phương thức kinh doanh":"Chợ dân sinh","Quy mô chợ":"Hạng 2","Nguồn vốn chợ":"Ngân sách nhà nước","Doanh nghiệp/ HTX":null,"Tổ chức quản lý chợ":"UBND cấp xã quản lý","layer_id":355,"fid":870,"label":"Phước Hưng"}},{"type":"Feature","geometry":{"type":"Point","coordinates":[106.3279863,9.7728011]},"properties":{"Chợ":"Đầu Giồng","Địa chỉ ":"Xã Tập Sơn","Hiện trạng":"kiên cố","Diện tích (m2)":"4654","Số điểm kinh doanh":"87","Phương thức kinh doanh":"Chợ dân sinh","Quy mô chợ":"Hạng 3","Nguồn vốn chợ":"Ngân sách nhà nước","Doanh nghiệp/ HTX":null,"Tổ chức quản lý chợ":"UBND cấp xã quản lý","layer_id":355,"fid":871,"label":"Đầu Giồng"}},{"type":"Feature","geometry":{"type":"Point","coordinates":[106.1194968,9.836289]},"properties":{"Chợ":"Phong Thạnh","Địa chỉ ":"Xã Phong Thạnh","Hiện trạng":"Bán kiên cố","Diện tích (m2)":"1389","Số điểm kinh doanh":"92","Phương thức kinh doanh":"Chợ dân sinh","Quy mô chợ":"Hạng 3","Nguồn vốn chợ":"Ngân sách nhà nước","Doanh nghiệp/ HTX":null,"Tổ chức quản lý chợ":"UBND cấp xã quản lý","layer_id":355,"fid":872,"label":"Phong Thạnh"}},{"type":"Feature","geometry":{"type":"Point","coordinates":[106.1286901,9.8480695]},"properties":{"Chợ":"Phố","Địa chỉ ":"Xã Phong Thạnh","Hiện trạng":"Kiên cố","Diện tích (m2)":"400","Số điểm kinh doanh":"52","Phương thức kinh doanh":"Chợ dân sinh","Quy mô chợ":"Hạng 3","Nguồn vốn chợ":"Ngân sách nhà nước","Doanh nghiệp/ HTX":null,"Tổ chức quản lý chợ":"UBND cấp xã quản lý","layer_id":355,"fid":873,"label":"Phố"}},{"type":"Feature","geometry":{"type":"Point","coordinates":[106.1286901,9.8480695]},"properties":{"Chợ":"Kinh Xáng","Địa chỉ ":"Xã Phong Thạnh","Hiện trạng":"Kiên cố","Diện tích (m2)":"7000","Số điểm kinh doanh":"32","Phương thức kinh doanh":"Chợ dân sinh","Quy mô chợ":"Hạng 3","Nguồn vốn chợ":"Ngân sách nhà nước","Doanh nghiệp/ HTX":null,"Tổ chức quản lý chợ":"UBND cấp xã quản lý","layer_id":355,"fid":874,"label":"Kinh Xáng"}},{"type":"Feature","geometry":{"type":"Point","coordinates":[106.0801927,9.7961715]},"properties":{"Chợ":"Mỹ Văn","Địa chỉ ":"Xã Phong Thạnh","Hiện trạng":"Kiên cố","Diện tích (m2)":"3236","Số điểm kinh doanh":"46","Phương thức kinh doanh":"Chợ dân sinh","Quy mô chợ":"Hạng 3","Nguồn vốn chợ":"Ngân sách nhà nước","Doanh nghiệp/ HTX":null,"Tổ chức quản lý chợ":"UBND cấp xã quản lý","layer_id":355,"fid":875,"label":"Mỹ Văn"}},{"type":"Feature","geometry":{"type":"Point","coordinates":[106.4288088,9.6663333]},"properties":{"Chợ":"Ngũ Lạc","Địa chỉ ":"Xã Ngũ Lạc","Hiện trạng":"Kiên cố","Diện tích (m2)":"14865","Số điểm kinh doanh":"284","Phương thức kinh doanh":"Chợ dân sinh","Quy mô chợ":"Hạng 2","Nguồn vốn chợ":"Ngân sách nhà nước","Doanh nghiệp/ HTX":null,"Tổ chức quản lý chợ":"UBND cấp xã quản lý","layer_id":355,"fid":876,"label":"Ngũ Lạc"}},{"type":"Feature","geometry":{"type":"Point","coordinates":[106.4449589,9.7059098]},"properties":{"Chợ":"Thạnh Hòa Sơn","Địa chỉ ":"Xã Ngũ Lạc","Hiện trạng":"Kiên cố","Diện tích (m2)":"1110.6","Số điểm kinh doanh":"52","Phương thức kinh doanh":"Chợ dân sinh","Quy mô chợ":"Hạng 3","Nguồn vốn chợ":"Ngân sách nhà nước","Doanh nghiệp/ HTX":null,"Tổ chức quản lý chợ":"UBND cấp xã quản lý","layer_id":355,"fid":877,"label":"Thạnh Hòa Sơn"}},{"type":"Feature","geometry":{"type":"Point","coordinates":[106.2974037,9.6634858]},"properties":{"Chợ":"Hàm Giang","Địa chỉ ":"Xã Hàm Giang","Hiện trạng":"Kiên cố","Diện tích (m2)":"1258","Số điểm kinh doanh":"89","Phương thức kinh doanh":"Chợ dân sinh","Quy mô chợ":"Hạng 3","Nguồn vốn chợ":"Ngân sách nhà nước","Doanh nghiệp/ HTX":null,"Tổ chức quản lý chợ":"UBND cấp xã quản lý","layer_id":355,"fid":878,"label":"Hàm Giang"}},{"type":"Feature","geometry":{"type":"Point","coordinates":[106.2592935,9.6847474]},"properties":{"Chợ":"Trà Cú","Địa chỉ ":"Xã Trà Cú","Hiện trạng":"Kiên cố","Diện tích (m2)":"10500","Số điểm kinh doanh":"271","Phương thức kinh doanh":"Chợ dân sinh","Quy mô chợ":"Hạng 3","Nguồn vốn chợ":"Ngân sách nhà nước","Doanh nghiệp/ HTX":"HTX TMDV Trà Cú","Tổ chức quản lý chợ":"UBND cấp xã quản lý","layer_id":355,"fid":879,"label":"Trà Cú"}},{"type":"Feature","geometry":{"type":"Point","coordinates":[106.1839932,9.7265658]},"properties":{"Chợ":"Chợ An Quảng Hữu","Địa chỉ ":"Xã Lưu Nghiệp Anh","Hiện trạng":"Kiên cố","Diện tích (m2)":"4008","Số điểm kinh doanh":"85","Phương thức kinh doanh":"Chợ dân sinh","Quy mô chợ":"Hạng 3","Nguồn vốn chợ":"Ngân sách nhà nước","Doanh nghiệp/ HTX":null,"Tổ chức quản lý chợ":"UBND cấp xã quản lý","layer_id":355,"fid":880,"label":"Chợ An Quảng Hữu"}},{"type":"Feature","geometry":{"type":"Point","coordinates":[106.1839932,9.7265658]},"properties":{"Chợ":"Chợ Bến Dừa","Địa chỉ ":"Xã Lưu Nghiệp Anh","Hiện trạng":"Kiên cố","Diện tích (m2)":"3859.4","Số điểm kinh doanh":"61","Phương thức kinh doanh":"Chợ dân sinh","Quy mô chợ":"Hạng 3","Nguồn vốn chợ":"Ngân sách nhà nước","Doanh nghiệp/ HTX":null,"Tổ chức quản lý chợ":"UBND cấp xã quản lý","layer_id":355,"fid":881,"label":"Chợ Bến Dừa"}},{"type":"Feature","geometry":{"type":"Point","coordinates":[106.1796457,9.7054208]},"properties":{"Chợ":"Chợ An Nghiệp","Địa chỉ ":"Xã Lưu Nghiệp Anh","Hiện trạng":"Kiên cố","Diện tích (m2)":"2000","Số điểm kinh doanh":"36","Phương thức kinh doanh":"Chợ dân sinh","Quy mô chợ":"Hạng 3","Nguồn vốn chợ":"Ngân sách nhà nước","Doanh nghiệp/ HTX":null,"Tổ chức quản lý chợ":"UBND cấp xã quản lý","layer_id":355,"fid":882,"label":"Chợ An Nghiệp"}},{"type":"Feature","geometry":{"type":"Point","coordinates":[106.1351529,10.0044164]},"properties":{"Chợ":"Lo Co","Địa chỉ ":"Xã An Trường","Hiện trạng":"Bán Kiên cố","Diện tích (m2)":"1500","Số điểm kinh doanh":"38","Phương thức kinh doanh":"Chợ dân sinh","Quy mô chợ":"Hạng 3","Nguồn vốn chợ":"Ngoài Ngân sách nhà nước","Doanh nghiệp/ HTX":"Hộ kinh doanh Nguyễn Quốc Dũng","Tổ chức quản lý chợ":null,"layer_id":355,"fid":885,"label":"Lo Co"}},{"type":"Feature","geometry":{"type":"Point","coordinates":[106.2055193,9.9975331]},"properties":{"Chợ":"Càng Long","Địa chỉ ":"Xã Càng Long","Hiện trạng":"Kiên cố","Diện tích (m2)":"12000","Số điểm kinh doanh":"548","Phương thức kinh doanh":"Chợ dân sinh","Quy mô chợ":"Hạng 1","Nguồn vốn chợ":"Ngân sách nhà nước","Doanh nghiệp/ HTX":"HTX Thương mại dịch vụ Càng Long","Tổ chức quản lý chợ":null,"layer_id":355,"fid":886,"label":"Càng Long"}},{"type":"Feature","geometry":{"type":"Point","coordinates":[106.202215,9.9819943]},"properties":{"Chợ":"Mỹ Huê","Địa chỉ ":"Xã Càng Long","Hiện trạng":"Bán Kiên cố","Diện tích (m2)":"3711","Số điểm kinh doanh":"68","Phương thức kinh doanh":"Chợ dân sinh","Quy mô chợ":"Hạng 3","Nguồn vốn chợ":"Ngân sách nhà nước","Doanh nghiệp/ HTX":null,"Tổ chức quản lý chợ":"UBND cấp xã quản lý","layer_id":355,"fid":887,"label":"Mỹ Huê"}},{"type":"Feature","geometry":{"type":"Point","coordinates":[106.2433886,10.0288571]},"properties":{"Chợ":"Nhị Long Phú","Địa chỉ ":"Xã Càng Long","Hiện trạng":"Kiên cố","Diện tích (m2)":"8964","Số điểm kinh doanh":"37","Phương thức kinh doanh":"Chợ dân sinh","Quy mô chợ":"Hạng 3","Nguồn vốn chợ":"Ngân sách nhà nước","Doanh nghiệp/ HTX":null,"Tổ chức quản lý chợ":"UBND cấp xã quản lý","layer_id":355,"fid":888,"label":"Nhị Long Phú"}},{"type":"Feature","geometry":{"type":"Point","coordinates":[106.3494983,9.8716838]},"properties":{"Chợ":"Châu Thành","Địa chỉ ":"Xã Châu Thành","Hiện trạng":"Kiên cố","Diện tích (m2)":"3800","Số điểm kinh doanh":"326","Phương thức kinh doanh":"Chợ dân sinh","Quy mô chợ":"Hạng 2","Nguồn vốn chợ":"Ngân sách nhà nước","Doanh nghiệp/ HTX":"HTX Thương mại Châu Thành","Tổ chức quản lý chợ":null,"layer_id":355,"fid":889,"label":"Châu Thành"}},{"type":"Feature","geometry":{"type":"Point","coordinates":[106.3517378,9.8247941]},"properties":{"Chợ":"Mỹ Chánh","Địa chỉ ":"Xã Châu Thành","Hiện trạng":"Kiên cố","Diện tích (m2)":"1222.1","Số điểm kinh doanh":"124","Phương thức kinh doanh":"Chợ dân sinh","Quy mô chợ":"Hạng 3","Nguồn vốn chợ":"Ngân sách nhà nước","Doanh nghiệp/ HTX":null,"Tổ chức quản lý chợ":"UBND cấp xã quản lý","layer_id":355,"fid":890,"label":"Mỹ Chánh"}},{"type":"Feature","geometry":{"type":"Point","coordinates":[106.3522975,9.8470546]},"properties":{"Chợ":"Thanh Nguyên B","Địa chỉ ":"Xã Châu Thành","Hiện trạng":"Kiên cố","Diện tích (m2)":"640","Số điểm kinh doanh":"62","Phương thức kinh doanh":"Chợ dân sinh","Quy mô chợ":"Hạng 3","Nguồn vốn chợ":"Ngân sách nhà nước","Doanh nghiệp/ HTX":null,"Tổ chức quản lý chợ":"UBND cấp xã quản lý","layer_id":355,"fid":891,"label":"Thanh Nguyên B"}},{"type":"Feature","geometry":{"type":"Point","coordinates":[106.3760905,9.9145843]},"properties":{"Chợ":"Hoà Lợi","Địa chỉ ":"Xã Hưng Mỹ","Hiện trạng":"Kiên cố","Diện tích (m2)":"359","Số điểm kinh doanh":"166","Phương thức kinh doanh":"Chợ dân sinh","Quy mô chợ":"Hạng 3","Nguồn vốn chợ":"Ngân sách nhà nước","Doanh nghiệp/ HTX":null,"Tổ chức quản lý chợ":"UBND cấp xã quản lý","layer_id":355,"fid":892,"label":"Hoà Lợi"}},{"type":"Feature","geometry":{"type":"Point","coordinates":[106.4246681,9.8939463]},"properties":{"Chợ":"Rạch Vồn","Địa chỉ ":"Xã Hưng Mỹ","Hiện trạng":"Kiên cố","Diện tích (m2)":"230","Số điểm kinh doanh":"81","Phương thức kinh doanh":"Chợ dân sinh","Quy mô chợ":"Hạng 3","Nguồn vốn chợ":"Ngân sách nhà nước","Doanh nghiệp/ HTX":null,"Tổ chức quản lý chợ":"UBND cấp xã quản lý","layer_id":355,"fid":893,"label":"Rạch Vồn"}},{"type":"Feature","geometry":{"type":"Point","coordinates":[106.4370596,9.8916123]},"properties":{"Chợ":"Bãi Vàng","Địa chỉ ":"Xã Hưng Mỹ","Hiện trạng":"Kiên cố","Diện tích (m2)":"1300","Số điểm kinh doanh":"29","Phương thức kinh doanh":"Chợ dân sinh","Quy mô chợ":"Hạng 3","Nguồn vốn chợ":"Ngân sách nhà nước","Doanh nghiệp/ HTX":null,"Tổ chức quản lý chợ":"UBND cấp xã quản lý","layer_id":355,"fid":894,"label":"Bãi Vàng"}},{"type":"Feature","geometry":{"type":"Point","coordinates":[106.3971906,9.878582]},"properties":{"Chợ":"Phước Hảo","Địa chỉ ":"Xã Hưng Mỹ","Hiện trạng":"Kiên cố","Diện tích (m2)":"264","Số điểm kinh doanh":"118","Phương thức kinh doanh":"Chợ dân sinh","Quy mô chợ":"Hạng 3","Nguồn vốn chợ":"Ngân sách nhà nước","Doanh nghiệp/ HTX":null,"Tổ chức quản lý chợ":"UBND cấp xã quản lý","layer_id":355,"fid":895,"label":"Phước Hảo"}},{"type":"Feature","geometry":{"type":"Point","coordinates":[106.4718516,9.9064371]},"properties":{"Chợ":"Hoà Minh","Địa chỉ ":"Xã Hoà Minh","Hiện trạng":"Kiên cố","Diện tích (m2)":"3100","Số điểm kinh doanh":"92","Phương thức kinh doanh":"Chợ dân sinh","Quy mô chợ":"Hạng 3","Nguồn vốn chợ":"Ngân sách nhà nước","Doanh nghiệp/ HTX":"HTX Nông nghiệp Xây dựng TMDV Phước Thành","Tổ chức quản lý chợ":null,"layer_id":355,"fid":896,"label":"Hoà Minh"}},{"type":"Feature","geometry":{"type":"Point","coordinates":[106.437813,9.9285848]},"properties":{"Chợ":"Long Hưng","Địa chỉ ":"Xã Long Hoà","Hiện trạng":"Kiên cố","Diện tích (m2)":"504","Số điểm kinh doanh":"23","Phương thức kinh doanh":"Chợ dân sinh","Quy mô chợ":"Hạng 3","Nguồn vốn chợ":"Ngân sách nhà nước","Doanh nghiệp/ HTX":null,"Tổ chức quản lý chợ":"ĐVSN công lập","layer_id":355,"fid":897,"label":"Long Hưng"}},{"type":"Feature","geometry":{"type":"Point","coordinates":[106.4994889,9.8783217]},"properties":{"Chợ":"Long Hoà","Địa chỉ ":"Xã Long Hoà","Hiện trạng":"Kiên cố","Diện tích (m2)":"1917","Số điểm kinh doanh":"12","Phương thức kinh doanh":"Chợ dân sinh","Quy mô chợ":"Hạng 3","Nguồn vốn chợ":"Ngân sách nhà nước","Doanh nghiệp/ HTX":null,"Tổ chức quản lý chợ":"UBND cấp xã quản lý","layer_id":355,"fid":898,"label":"Long Hoà"}},{"type":"Feature","geometry":{"type":"Point","coordinates":[106.4516153,9.7964116]},"properties":{"Chợ":"Cầu Ngang","Địa chỉ ":"Xã Cầu Ngang","Hiện trạng":"Kiên cố","Diện tích (m2)":"3100","Số điểm kinh doanh":"420","Phương thức kinh doanh":"Chợ dân sinh","Quy mô chợ":"Hạng 2","Nguồn vốn chợ":"Ngân sách nhà nước","Doanh nghiệp/ HTX":"Công ty TNHH MTV quản lý và phát triển chợ Thanh Hoàng quản lý","Tổ chức quản lý chợ":"UBND cấp xã quản lý/Cơ quan chuyên môn về TSKCHT chợ\n(Phòng Kinh tế/ Kinh tế Hạ tầng và Đô thị)","layer_id":355,"fid":899,"label":"Cầu Ngang"}},{"type":"Feature","geometry":{"type":"Point","coordinates":[106.5211231,9.7480583]},"properties":{"Chợ":"Mỹ Long Nam","Địa chỉ ":"Xã Mỹ Long","Hiện trạng":"Kiên cố","Diện tích (m2)":"3309.5","Số điểm kinh doanh":"61","Phương thức kinh doanh":"Chợ dân sinh","Quy mô chợ":"Hạng 3","Nguồn vốn chợ":"Ngân sách nhà nước","Doanh nghiệp/ HTX":null,"Tổ chức quản lý chợ":"UBND cấp xã quản lý","layer_id":355,"fid":900,"label":"Mỹ Long Nam"}},{"type":"Feature","geometry":{"type":"Point","coordinates":[106.481611,9.8229261]},"properties":{"Chợ":"Mỹ Long Bắc","Địa chỉ ":"Xã Mỹ Long","Hiện trạng":"Kiên cố","Diện tích (m2)":"1455","Số điểm kinh doanh":"24","Phương thức kinh doanh":"Chợ dân sinh","Quy mô chợ":"Hạng 3","Nguồn vốn chợ":"Ngân sách nhà nước","Doanh nghiệp/ HTX":null,"Tổ chức quản lý chợ":"UBND cấp xã quản lý/Cơ quan chuyên môn về TSKCHT chợ\n(Phòng Kinh tế/ Kinh tế Hạ tầng và Đô thị)","layer_id":355,"fid":901,"label":"Mỹ Long Bắc"}},{"type":"Feature","geometry":{"type":"Point","coordinates":[106.5083256,9.8104944]},"properties":{"Chợ":"Hải Sản","Địa chỉ ":"Xã Mỹ Long","Hiện trạng":"Kiên cố","Diện tích (m2)":"1625.1","Số điểm kinh doanh":"94","Phương thức kinh doanh":"Chợ dân sinh","Quy mô chợ":"Hạng 3","Nguồn vốn chợ":"Ngân sách nhà nước","Doanh nghiệp/ HTX":"Công ty TNHH tư vấn đầu tư và phát triển Vin","Tổ chức quản lý chợ":null,"layer_id":355,"fid":902,"label":"Hải Sản"}},{"type":"Feature","geometry":{"type":"Point","coordinates":[106.5083256,9.8104944]},"properties":{"Chợ":"Trung Tâm","Địa chỉ ":"Xã Mỹ Long","Hiện trạng":"Kiên cố","Diện tích (m2)":"1606.4","Số điểm kinh doanh":"41","Phương thức kinh doanh":"Chợ dân sinh","Quy mô chợ":"Hạng 3","Nguồn vốn chợ":"Ngân sách nhà nước","Doanh nghiệp/ HTX":null,"Tổ chức quản lý chợ":"UBND cấp xã quản lý","layer_id":355,"fid":903,"label":"Trung Tâm"}},{"type":"Feature","geometry":{"type":"Point","coordinates":[106.406665,9.8576914]},"properties":{"Chợ":"Kim Hoà","Địa chỉ ":"Xã Vinh Kim","Hiện trạng":"Bán Kiên cố","Diện tích (m2)":"1754","Số điểm kinh doanh":"128","Phương thức kinh doanh":"Chợ dân sinh","Quy mô chợ":"Hạng 3","Nguồn vốn chợ":"Ngân sách nhà nước","Doanh nghiệp/ HTX":null,"Tổ chức quản lý chợ":"UBND cấp xã quản lý/Cơ quan chuyên môn về TSKCHT chợ\n(Phòng Kinh tế/ Kinh tế Hạ tầng và Đô thị)","layer_id":355,"fid":904,"label":"Kim Hoà"}},{"type":"Feature","geometry":{"type":"Point","coordinates":[106.4434698,9.853143]},"properties":{"Chợ":"Vinh Kim","Địa chỉ ":"Xã Vinh Kim","Hiện trạng":"Bán Kiên cố","Diện tích (m2)":"2023","Số điểm kinh doanh":"165","Phương thức kinh doanh":"Chợ dân sinh","Quy mô chợ":"Hạng 3","Nguồn vốn chợ":"Ngân sách nhà nước","Doanh nghiệp/ HTX":null,"Tổ chức quản lý chợ":"UBND cấp xã quản lý","layer_id":355,"fid":905,"label":"Vinh Kim"}},{"type":"Feature","geometry":{"type":"Point","coordinates":[106.4593193,9.8264967]},"properties":{"Chợ":"Mai Hương","Địa chỉ ":"Xã Vinh Kim","Hiện trạng":"Bán Kiên cố","Diện tích (m2)":"292.8","Số điểm kinh doanh":"45","Phương thức kinh doanh":"Chợ dân sinh","Quy mô chợ":"Hạng 3","Nguồn vốn chợ":"Ngân sách nhà nước","Doanh nghiệp/ HTX":null,"Tổ chức quản lý chợ":"UBND cấp xã quản lý","layer_id":355,"fid":906,"label":"Mai Hương"}},{"type":"Feature","geometry":{"type":"Point","coordinates":[106.3888711,9.7552346]},"properties":{"Chợ":"Nhị Trường","Địa chỉ ":"Xã Nhị Trường","Hiện trạng":"Kiên cố","Diện tích (m2)":"7998","Số điểm kinh doanh":"269","Phương thức kinh doanh":"Chợ dân sinh","Quy mô chợ":"Hạng 2","Nguồn vốn chợ":"Ngân sách nhà nước","Doanh nghiệp/ HTX":"HTX Nông nghiệp Nhị Trường","Tổ chức quản lý chợ":null,"layer_id":355,"fid":907,"label":"Nhị Trường"}},{"type":"Feature","geometry":{"type":"Point","coordinates":[106.4084283,9.813471]},"properties":{"Chợ":"Hiệp Hoà","Địa chỉ ":"Xã Nhị Trường","Hiện trạng":"Kiên cố","Diện tích (m2)":"2911","Số điểm kinh doanh":"200","Phương thức kinh doanh":"Chợ dân sinh","Quy mô chợ":"Hạng 3","Nguồn vốn chợ":"Ngân sách nhà nước","Doanh nghiệp/ HTX":null,"Tổ chức quản lý chợ":"UBND cấp xã quản lý","layer_id":355,"fid":908,"label":"Hiệp Hoà"}},{"type":"Feature","geometry":{"type":"Point","coordinates":[106.3704865,9.7712719]},"properties":{"Chợ":"Trường Thọ","Địa chỉ ":"Xã Nhị Trường","Hiện trạng":"Kiên cố","Diện tích (m2)":"3516","Số điểm kinh doanh":"45","Phương thức kinh doanh":"Chợ dân sinh","Quy mô chợ":"Hạng 3","Nguồn vốn chợ":"Ngân sách nhà nước","Doanh nghiệp/ HTX":null,"Tổ chức quản lý chợ":"UBND cấp xã quản lý","layer_id":355,"fid":909,"label":"Trường Thọ"}},{"type":"Feature","geometry":{"type":"Point","coordinates":[106.2963486,9.6162575]},"properties":{"Chợ":"Làng Cá","Địa chỉ ":"Xã Đại An","Hiện trạng":"Kiên cố","Diện tích (m2)":"2400","Số điểm kinh doanh":"80","Phương thức kinh doanh":"Chợ dân sinh","Quy mô chợ":"Hạng 3","Nguồn vốn chợ":"Ngân sách nhà nước","Doanh nghiệp/ HTX":null,"Tổ chức quản lý chợ":"UBND cấp xã quản lý/Cơ quan chuyên môn về TSKCHT chợ\n(Phòng Kinh tế/ Kinh tế Hạ tầng và Đô thị)","layer_id":355,"fid":910,"label":"Làng Cá"}},{"type":"Feature","geometry":{"type":"Point","coordinates":[106.3017856,9.6358488]},"properties":{"Chợ":"Đại An","Địa chỉ ":"Xã Đại An","Hiện trạng":"Kiên cố","Diện tích (m2)":"12147","Số điểm kinh doanh":"345","Phương thức kinh doanh":"Chợ dân sinh","Quy mô chợ":"Hạng 2","Nguồn vốn chợ":"Ngân sách nhà nước","Doanh nghiệp/ HTX":null,"Tổ chức quản lý chợ":"UBND cấp xã quản lý","layer_id":355,"fid":911,"label":"Đại An"}},{"type":"Feature","geometry":{"type":"Point","coordinates":[106.2875422,9.617105]},"properties":{"Chợ":"Định An","Địa chỉ ":"Xã Đại An","Hiện trạng":"Chợ tạm","Diện tích (m2)":"400","Số điểm kinh doanh":null,"Phương thức kinh doanh":"Chợ dân sinh","Quy mô chợ":"Hạng 3","Nguồn vốn chợ":"Ngân sách nhà nước","Doanh nghiệp/ HTX":null,"Tổ chức quản lý chợ":"UBND cấp xã quản lý","layer_id":355,"fid":912,"label":"Định An"}},{"type":"Feature","geometry":{"type":"Point","coordinates":[106.3761037,9.6550929]},"properties":{"Chợ":"Đôn Châu","Địa chỉ ":"Xã Đôn Châu","Hiện trạng":"Kiên cố","Diện tích (m2)":"6400","Số điểm kinh doanh":"150","Phương thức kinh doanh":"Chợ dân sinh","Quy mô chợ":"Hạng 3","Nguồn vốn chợ":"Ngân sách nhà nước","Doanh nghiệp/ HTX":null,"Tổ chức quản lý chợ":"UBND cấp xã quản lý","layer_id":355,"fid":913,"label":"Đôn Châu"}},{"type":"Feature","geometry":{"type":"Point","coordinates":[106.3476475,9.6457109]},"properties":{"Chợ":"Đôn Xuân","Địa chỉ ":"Xã Đôn Châu","Hiện trạng":"Kiên cố","Diện tích (m2)":"6039","Số điểm kinh doanh":"206","Phương thức kinh doanh":"Chợ dân sinh","Quy mô chợ":"Hạng 3","Nguồn vốn chợ":"Ngân sách nhà nước","Doanh nghiệp/ HTX":"Công ty TNHH Dịch vụ Nguyễn Gia","Tổ chức quản lý chợ":null,"layer_id":355,"fid":914,"label":"Đôn Xuân"}},{"type":"Feature","geometry":{"type":"Point","coordinates":[106.199266,9.7583026]},"properties":{"Chợ":"Ngã Tư 1","Địa chỉ ":"Xã Hùng Hòa","Hiện trạng":"Kiên cố","Diện tích (m2)":"1957.7","Số điểm kinh doanh":"70","Phương thức kinh doanh":"Chợ dân sinh","Quy mô chợ":"Hạng 3","Nguồn vốn chợ":"Ngân sách nhà nước","Doanh nghiệp/ HTX":null,"Tổ chức quản lý chợ":"UBND cấp xã quản lý","layer_id":355,"fid":915,"label":"Ngã Tư 1"}},{"type":"Feature","geometry":{"type":"Point","coordinates":[106.2539441,9.784633]},"properties":{"Chợ":"Ngãi Hưng","Địa chỉ ":"Xã Hùng Hòa","Hiện trạng":"Kiên cố","Diện tích (m2)":"4024.1","Số điểm kinh doanh":"50","Phương thức kinh doanh":"Chợ dân sinh","Quy mô chợ":"Hạng 3","Nguồn vốn chợ":"Ngân sách nhà nước","Doanh nghiệp/ HTX":null,"Tổ chức quản lý chợ":"UBND cấp xã quản lý","layer_id":355,"fid":916,"label":"Ngãi Hưng"}},{"type":"Feature","geometry":{"type":"Point","coordinates":[106.199266,9.7583026]},"properties":{"Chợ":"Rạch Lợp","Địa chỉ ":"Xã Hùng Hòa","Hiện trạng":"Kiên cố","Diện tích (m2)":"1523.7","Số điểm kinh doanh":"35","Phương thức kinh doanh":"Chợ dân sinh","Quy mô chợ":"Hạng 3","Nguồn vốn chợ":"Ngoài Ngân sách nhà nước","Doanh nghiệp/ HTX":"HTX Nông nghiệp Rạch Lọp","Tổ chức quản lý chợ":null,"layer_id":355,"fid":917,"label":"Rạch Lợp"}},{"type":"Feature","geometry":{"type":"Point","coordinates":[106.199266,9.7583026]},"properties":{"Chợ":"Từ Ô 1","Địa chỉ ":"Xã Hùng Hòa","Hiện trạng":"Kiên cố","Diện tích (m2)":"2320","Số điểm kinh doanh":"35","Phương thức kinh doanh":"Chợ dân sinh","Quy mô chợ":"Hạng 3","Nguồn vốn chợ":"Ngoài Ngân sách nhà nước","Doanh nghiệp/ HTX":"HTX Nông nghiệp Hùng Tiến","Tổ chức quản lý chợ":null,"layer_id":355,"fid":918,"label":"Từ Ô 1"}},{"type":"Feature","geometry":{"type":"Point","coordinates":[106.1829596,9.7536304]},"properties":{"Chợ":"Sóc Cầu","Địa chỉ ":"Xã Hùng Hòa","Hiện trạng":"Kiên cố","Diện tích (m2)":"1750","Số điểm kinh doanh":null,"Phương thức kinh doanh":"Chợ dân sinh","Quy mô chợ":"Hạng 3","Nguồn vốn chợ":"Ngân sách nhà nước","Doanh nghiệp/ HTX":null,"Tổ chức quản lý chợ":"UBND cấp xã quản lý","layer_id":355,"fid":919,"label":"Sóc Cầu"}},{"type":"Feature","geometry":{"type":"Point","coordinates":[106.2798431,9.9391594]},"properties":{"Chợ":"Phương Thạnh","Địa chỉ ":"Xã Bình Phú","Hiện trạng":"Kiên cố","Diện tích (m2)":"1900","Số điểm kinh doanh":"112","Phương thức kinh doanh":"Chợ dân sinh","Quy mô chợ":"Hạng 3","Nguồn vốn chợ":"Ngân sách nhà nước","Doanh nghiệp/ HTX":null,"Tổ chức quản lý chợ":"UBND cấp xã quản lý","layer_id":355,"fid":920,"label":"Phương Thạnh"}},{"type":"Feature","geometry":{"type":"Point","coordinates":[106.243784,9.9596722]},"properties":{"Chợ":"Bình Phú","Địa chỉ ":"Xã Bình Phú","Hiện trạng":"Kiên cố","Diện tích (m2)":"2220","Số điểm kinh doanh":"139","Phương thức kinh doanh":"Chợ dân sinh","Quy mô chợ":"Hạng 3","Nguồn vốn chợ":"Ngân sách nhà nước","Doanh nghiệp/ HTX":null,"Tổ chức quản lý chợ":"UBND cấp xã quản lý","layer_id":355,"fid":921,"label":"Bình Phú"}},{"type":"Feature","geometry":{"type":"Point","coordinates":[106.5096972,9.6873628]},"properties":{"Chợ":"Phường 2","Địa chỉ ":"Phường Trường\nLong Hoà","Hiện trạng":"Kiên cố","Diện tích (m2)":"18951","Số điểm kinh doanh":"288","Phương thức kinh doanh":"Chợ dân sinh","Quy mô chợ":"Hạng 2","Nguồn vốn chợ":"Ngân sách nhà nước","Doanh nghiệp/ HTX":"Công ty TNHH Dịch vụ Nguyễn Gia","Tổ chức quản lý chợ":"Cơ quan chuyên môn về TSKCHT chợ\n(Phòng Kinh tế/ Kinh tế Hạ tầng và Đô thị)","layer_id":355,"fid":922,"label":"Phường 2"}},{"type":"Feature","geometry":{"type":"Point","coordinates":[106.5589382,9.6741628]},"properties":{"Chợ":"Trường Long Hoà","Địa chỉ ":"Phường Trường\nLong Hoà","Hiện trạng":"Kiên cố","Diện tích (m2)":"8542","Số điểm kinh doanh":"60","Phương thức kinh doanh":"Chợ dân sinh","Quy mô chợ":"Hạng 3","Nguồn vốn chợ":"Ngân sách nhà nước","Doanh nghiệp/ HTX":null,"Tổ chức quản lý chợ":"UBND cấp xã quản lý","layer_id":355,"fid":923,"label":"Trường Long Hoà"}},{"type":"Feature","geometry":{"type":"Point","coordinates":[106.3116228,9.9854817]},"properties":{"Chợ":"Ba Trường","Địa chỉ ":"Phường Long Đức","Hiện trạng":"bán kiên cố","Diện tích (m2)":"11644.8","Số điểm kinh doanh":"53","Phương thức kinh doanh":"Chợ dân sinh","Quy mô chợ":"Hạng 3","Nguồn vốn chợ":"Ngân sách nhà nước","Doanh nghiệp/ HTX":null,"Tổ chức quản lý chợ":"UBND cấp xã quản lý","layer_id":355,"fid":924,"label":"Ba Trường"}},{"type":"Feature","geometry":{"type":"Point","coordinates":[106.3388958,9.9613012]},"properties":{"Chợ":"Sóc Ruộng","Địa chỉ ":"Phường Long Đức","Hiện trạng":"Chợ tạm","Diện tích (m2)":"4,377,1","Số điểm kinh doanh":"44","Phương thức kinh doanh":"Chợ dân sinh","Quy mô chợ":"Hạng 3","Nguồn vốn chợ":"Ngân sách nhà nước","Doanh nghiệp/ HTX":null,"Tổ chức quản lý chợ":"UBND cấp xã quản lý","layer_id":355,"fid":925,"label":"Sóc Ruộng"}},{"type":"Feature","geometry":{"type":"Point","coordinates":[106.349835196,9.968028572]},"properties":{"Chợ":"Đêm","Địa chỉ ":"Phường Long Đức","Hiện trạng":"Chợ tạm","Diện tích (m2)":"1710","Số điểm kinh doanh":"120","Phương thức kinh doanh":"Chợ dân sinh","Quy mô chợ":"Hạng 3","Nguồn vốn chợ":"Ngân sách nhà nước","Doanh nghiệp/ HTX":null,"Tổ chức quản lý chợ":"UBND cấp xã quản lý","layer_id":355,"fid":927,"label":"Đêm"}},{"type":"Feature","geometry":{"type":"Point","coordinates":[106.3499413,9.967707]},"properties":{"Chợ":"Vĩnh Yên","Địa chỉ ":"Phường Long Đức","Hiện trạng":"Chợ tạm","Diện tích (m2)":"1,205,9","Số điểm kinh doanh":"57","Phương thức kinh doanh":"Chợ dân sinh","Quy mô chợ":"Hạng 3","Nguồn vốn chợ":"Ngân sách nhà nước","Doanh nghiệp/ HTX":null,"Tổ chức quản lý chợ":"UBND cấp xã quản lý","layer_id":355,"fid":926,"label":"Vĩnh Yên"}},{"type":"Feature","geometry":{"type":"Point","coordinates":[106.3861523,10.0960103]},"properties":{"Chợ":"Chợ Bình Khánh Đông","Địa chỉ ":"Xã Đồng Khởi","Hiện trạng":"Kiên cố","Diện tích (m2)":"1031","Số điểm kinh doanh":"40","Phương thức kinh doanh":"Chợ dân sinh","Quy mô chợ":"Hạng 3","Nguồn vốn chợ":"Ngoài Ngân sách nhà nước","Doanh nghiệp/ HTX":"Cty khai thác chợ Đồng Khởi","Tổ chức quản lý chợ":null,"layer_id":355,"fid":1030,"label":"Chợ Bình Khánh Đông"}},{"type":"Feature","geometry":{"type":"Point","coordinates":[106.3067716,9.9340982]},"properties":{"Chợ":"Chợ Cây dầu (phường 2 cũ)","Địa chỉ ":"Phường Nguyệt Hóa","Hiện trạng":"Tạm","Diện tích (m2)":"1043","Số điểm kinh doanh":"72","Phương thức kinh doanh":"Chợ dân sinh","Quy mô chợ":"Hạng 3","Nguồn vốn chợ":"Ngân sách nhà nước","Doanh nghiệp/ HTX":null,"Tổ chức quản lý chợ":"UBND cấp xã quản lý/Cơ quan chuyên môn về TSKCHT chợ\n(Phòng Kinh tế/ Kinh tế Hạ tầng và Đô thị)","layer_id":355,"fid":928,"label":"Chợ Cây dầu (phường 2 cũ)"}},{"type":"Feature","geometry":{"type":"Point","coordinates":[106.3171056,9.9165887]},"properties":{"Chợ":"Chợ Nguyệt Hóa","Địa chỉ ":"Phường Nguyệt Hóa","Hiện trạng":"Bán kiên cố","Diện tích (m2)":"1800","Số điểm kinh doanh":"40","Phương thức kinh doanh":"Chợ dân sinh","Quy mô chợ":"Hạng 3","Nguồn vốn chợ":"Ngân sách nhà nước","Doanh nghiệp/ HTX":null,"Tổ chức quản lý chợ":"UBND cấp xã quản lý/Cơ quan chuyên môn về TSKCHT chợ\n(Phòng Kinh tế/ Kinh tế Hạ tầng và Đô thị)","layer_id":355,"fid":929,"label":"Chợ Nguyệt Hóa"}},{"type":"Feature","geometry":{"type":"Point","coordinates":[106.360348293,9.941654584]},"properties":{"Chợ":"Hoà Thuận","Địa chỉ ":"Phường Hoà Thuận","Hiện trạng":"Kiên cố","Diện tích (m2)":"501","Số điểm kinh doanh":"82","Phương thức kinh doanh":"Chợ dân sinh","Quy mô chợ":"Hạng 3","Nguồn vốn chợ":"Ngân sách nhà nước","Doanh nghiệp/ HTX":null,"Tổ chức quản lý chợ":"UBND cấp xã quản lý","layer_id":355,"fid":931,"label":"Hoà Thuận"}},{"type":"Feature","geometry":{"type":"Point","coordinates":[106.3611565,9.9398697]},"properties":{"Chợ":"Chợ phường 8 (cũ)","Địa chỉ ":"Phường Nguyệt Hóa","Hiện trạng":"Bán kiên cố","Diện tích (m2)":"470","Số điểm kinh doanh":"34","Phương thức kinh doanh":"Chợ dân sinh","Quy mô chợ":"Hạng 3","Nguồn vốn chợ":"Ngoài Ngân sách nhà nước","Doanh nghiệp/ HTX":null,"Tổ chức quản lý chợ":"UBND cấp xã quản lý","layer_id":355,"fid":930,"label":"Chợ phường 8 (cũ)"}},{"type":"Feature","geometry":{"type":"Point","coordinates":[106.343466,9.8902228]},"properties":{"Chợ":"Phường 9","Địa chỉ ":"Phường Trà Vinh \n","Hiện trạng":"bán kiên cố","Diện tích (m2)":"2458.2","Số điểm kinh doanh":"66","Phương thức kinh doanh":"Chợ dân sinh","Quy mô chợ":"Hạng 3","Nguồn vốn chợ":"Ngân sách nhà nước","Doanh nghiệp/ HTX":null,"Tổ chức quản lý chợ":"ĐVSN công lập","layer_id":355,"fid":933,"label":"Phường 9"}},{"type":"Feature","geometry":{"type":"Point","coordinates":[106.342457475,9.935244851]},"properties":{"Chợ":"Trà Vinh","Địa chỉ ":"Phường Trà Vinh \n","Hiện trạng":"Kiên cố","Diện tích (m2)":"9000","Số điểm kinh doanh":"925","Phương thức kinh doanh":"Chợ dân sinh","Quy mô chợ":"Hạng 1","Nguồn vốn chợ":"Ngân sách nhà nước","Doanh nghiệp/ HTX":null,"Tổ chức quản lý chợ":"ĐVSN công lập","layer_id":355,"fid":932,"label":"Trà Vinh"}},{"type":"Feature","geometry":{"type":"Point","coordinates":[106.3404555,9.9234321]},"properties":{"Chợ":"Phường 1","Địa chỉ ":"Phường Trà Vinh \n","Hiện trạng":"Kiên cố","Diện tích (m2)":"4037.1","Số điểm kinh doanh":"318","Phương thức kinh doanh":"Chợ dân sinh","Quy mô chợ":"Hạng 2","Nguồn vốn chợ":"Ngoài Ngân sách nhà nước","Doanh nghiệp/ HTX":"Cty TNHH Đầu tư Phát triển chợ - Siêu thị Việt Mai","Tổ chức quản lý chợ":null,"layer_id":355,"fid":934,"label":"Phường 1"}},{"type":"Feature","geometry":{"type":"Point","coordinates":[106.3442623,9.9322045]},"properties":{"Chợ":"Phường 6","Địa chỉ ":"Phường Trà Vinh \n","Hiện trạng":"Kiên cố","Diện tích (m2)":"2059.6","Số điểm kinh doanh":"171","Phương thức kinh doanh":"Chợ dân sinh","Quy mô chợ":"Hạng 3","Nguồn vốn chợ":"Ngoài Ngân sách nhà nước","Doanh nghiệp/ HTX":"Cty CP Đầu tư xây dựng chợ Đại Nhân","Tổ chức quản lý chợ":null,"layer_id":355,"fid":935,"label":"Phường 6"}},{"type":"Feature","geometry":{"type":"Point","coordinates":[106.34347242,9.931268249]},"properties":{"Chợ":"Bạch Đằng","Địa chỉ ":"Phường Trà Vinh \n","Hiện trạng":"bán kiên cố","Diện tích (m2)":"5339.9","Số điểm kinh doanh":"296","Phương thức kinh doanh":"Chợ dân sinh","Quy mô chợ":"Hạng 2","Nguồn vốn chợ":"Ngân sách nhà nước","Doanh nghiệp/ HTX":null,"Tổ chức quản lý chợ":"ĐVSN công lập","layer_id":355,"fid":936,"label":"Bạch Đằng"}},{"type":"Feature","geometry":{"type":"Point","coordinates":[106.1345705,10.058632]},"properties":{"Chợ":"Duyên Hải","Địa chỉ ":"Phường Duyên Hải","Hiện trạng":"kiên cố","Diện tích (m2)":"27300","Số điểm kinh doanh":"582","Phương thức kinh doanh":"Chợ dân sinh","Quy mô chợ":"Hạng 1","Nguồn vốn chợ":"Ngân sách nhà nước","Doanh nghiệp/ HTX":"Công ty TNHH Dịch vụ Nguyễn Gia","Tổ chức quản lý chợ":null,"layer_id":355,"fid":937,"label":"Duyên Hải"}},{"type":"Feature","geometry":{"type":"Point","coordinates":[106.518874434,9.598794215]},"properties":{"Chợ":"Dân Thành","Địa chỉ ":"Phường Duyên Hải","Hiện trạng":"Chợ tạm","Diện tích (m2)":"4295","Số điểm kinh doanh":null,"Phương thức kinh doanh":"Chợ dân sinh","Quy mô chợ":"Hạng 3","Nguồn vốn chợ":"Ngân sách nhà nước","Doanh nghiệp/ HTX":null,"Tổ chức quản lý chợ":"UBND cấp xã quản lý","layer_id":355,"fid":938,"label":"Dân Thành"}},{"type":"Feature","geometry":{"type":"Point","coordinates":[106.1345705,10.058632]},"properties":{"Chợ":"Long Hòa","Địa chỉ ":"Xã Châu Hưng","Hiện trạng":"Kiên cố","Diện tích (m2)":"3000","Số điểm kinh doanh":"30","Phương thức kinh doanh":"Chợ dân sinh","Quy mô chợ":"Hạng 3","Nguồn vốn chợ":"Ngoài Ngân sách nhà nước","Doanh nghiệp/ HTX":"DNTN Quản lý Khai thác chợ Thành Long","Tổ chức quản lý chợ":null,"layer_id":355,"fid":939,"label":"Long Hòa"}},{"type":"Feature","geometry":{"type":"Point","coordinates":[106.1345705,10.058632]},"properties":{"Chợ":"Châu Hưng","Địa chỉ ":"Xã Châu Hưng","Hiện trạng":"Kiên cố","Diện tích (m2)":"1350","Số điểm kinh doanh":"25","Phương thức kinh doanh":"Chợ dân sinh","Quy mô chợ":"Hạng 3","Nguồn vốn chợ":"Ngân sách nhà nước","Doanh nghiệp/ HTX":null,"Tổ chức quản lý chợ":"UBND cấp xã quản lý","layer_id":355,"fid":940,"label":"Châu Hưng"}},{"type":"Feature","geometry":{"type":"Point","coordinates":[106.0169971,10.0861281]},"properties":{"Chợ":"Thới Lai","Địa chỉ ":"Xã Châu Hưng","Hiện trạng":"Bán Kiên cố","Diện tích (m2)":"486","Số điểm kinh doanh":"30","Phương thức kinh doanh":"Chợ dân sinh","Quy mô chợ":"Hạng 3","Nguồn vốn chợ":"Ngân sách nhà nước","Doanh nghiệp/ HTX":"HTX DVTM Hồng Phúc","Tổ chức quản lý chợ":null,"layer_id":355,"fid":941,"label":"Thới Lai"}},{"type":"Feature","geometry":{"type":"Point","coordinates":[106.520565797,9.952347761]},"properties":{"Chợ":"Giồng Ớt","Địa chỉ ":"Xã An Qui","Hiện trạng":"Kiên cố","Diện tích (m2)":"7342","Số điểm kinh doanh":"75","Phương thức kinh doanh":"Chợ dân sinh","Quy mô chợ":"Hạng 3","Nguồn vốn chợ":"Ngoài Ngân sách nhà nước","Doanh nghiệp/ HTX":"ctty TNHH xây dựng Thạnh Phú","Tổ chức quản lý chợ":null,"layer_id":355,"fid":942,"label":"Giồng Ớt"}},{"type":"Feature","geometry":{"type":"Point","coordinates":[106.5810918,9.8944336]},"properties":{"Chợ":"Giồng Bảy","Địa chỉ ":"Xã An Qui","Hiện trạng":"Kiên cố","Diện tích (m2)":null,"Số điểm kinh doanh":"59","Phương thức kinh doanh":"Chợ dân sinh","Quy mô chợ":"Hạng 3","Nguồn vốn chợ":"Ngân sách nhà nước","Doanh nghiệp/ HTX":null,"Tổ chức quản lý chợ":"UBND cấp xã quản lý","layer_id":355,"fid":943,"label":"Giồng Bảy"}},{"type":"Feature","geometry":{"type":"Point","coordinates":[106.5053953,10.1494961]},"properties":{"Chợ":"Giồng Trôm","Địa chỉ ":"Xã Giồng Trôm","Hiện trạng":"Kiên cố","Diện tích (m2)":"5449.7","Số điểm kinh doanh":"243","Phương thức kinh doanh":"Chợ dân sinh","Quy mô chợ":"Hạng 2","Nguồn vốn chợ":"Ngân sách nhà nước","Doanh nghiệp/ HTX":null,"Tổ chức quản lý chợ":"UBND cấp xã quản lý","layer_id":355,"fid":944,"label":"Giồng Trôm"}},{"type":"Feature","geometry":{"type":"Point","coordinates":[106.585761036,10.099040606]},"properties":{"Chợ":"Mỹ Nhơn","Địa chỉ ":"Xã Mỹ Chánh Hòa","Hiện trạng":"Bán Kiên cố","Diện tích (m2)":"2147.6","Số điểm kinh doanh":"55","Phương thức kinh doanh":"Chợ dân sinh","Quy mô chợ":"Hạng 3","Nguồn vốn chợ":"Ngân sách nhà nước","Doanh nghiệp/ HTX":null,"Tổ chức quản lý chợ":"UBND cấp xã quản lý","layer_id":355,"fid":945,"label":"Mỹ Nhơn"}},{"type":"Feature","geometry":{"type":"Point","coordinates":[106.581882359,10.130994518]},"properties":{"Chợ":"Mỹ Hòa","Địa chỉ ":"Xã Mỹ Chánh Hòa","Hiện trạng":"Bán Kiên cố","Diện tích (m2)":"1990","Số điểm kinh doanh":"32","Phương thức kinh doanh":"Chợ dân sinh","Quy mô chợ":"Hạng 3","Nguồn vốn chợ":"Ngân sách nhà nước","Doanh nghiệp/ HTX":null,"Tổ chức quản lý chợ":"UBND cấp xã quản lý","layer_id":355,"fid":946,"label":"Mỹ Hòa"}},{"type":"Feature","geometry":{"type":"Point","coordinates":[106.58433205,10.118333914]},"properties":{"Chợ":"Mỹ Chánh","Địa chỉ ":"Xã Mỹ Chánh Hòa","Hiện trạng":"Bán Kiên cố","Diện tích (m2)":"25454","Số điểm kinh doanh":"153","Phương thức kinh doanh":"Chợ dân sinh","Quy mô chợ":"Hạng 3","Nguồn vốn chợ":"Ngoài Ngân sách nhà nước","Doanh nghiệp/ HTX":"DNTN QL và Khai thác chợ Thanh Thảo","Tổ chức quản lý chợ":null,"layer_id":355,"fid":947,"label":"Mỹ Chánh"}},{"type":"Feature","geometry":{"type":"Point","coordinates":[106.601882332,9.935407449]},"properties":{"Chợ":"An Điền","Địa chỉ ":"Xã Thạnh hải","Hiện trạng":"Kiên cố","Diện tích (m2)":"290","Số điểm kinh doanh":"33","Phương thức kinh doanh":"Chợ dân sinh","Quy mô chợ":"Hạng 3","Nguồn vốn chợ":"Ngân sách nhà nước","Doanh nghiệp/ HTX":null,"Tổ chức quản lý chợ":"UBND cấp xã quản lý","layer_id":355,"fid":948,"label":"An Điền"}},{"type":"Feature","geometry":{"type":"Point","coordinates":[106.334612322,10.129848744]},"properties":{"Chợ":"Mỏ Cày","Địa chỉ ":"Xã Mỏ Cày","Hiện trạng":"Kiên cố","Diện tích (m2)":"4301","Số điểm kinh doanh":"477","Phương thức kinh doanh":"Chợ dân sinh","Quy mô chợ":"Hạng 1","Nguồn vốn chợ":"Ngân sách nhà nước","Doanh nghiệp/ HTX":null,"Tổ chức quản lý chợ":"ĐVSN công lập","layer_id":355,"fid":949,"label":"Mỏ Cày"}},{"type":"Feature","geometry":{"type":"Point","coordinates":[106.2883276,10.0982837]},"properties":{"Chợ":"chợ Thom","Địa chỉ ":"Xã Mỏ Cày","Hiện trạng":"Kiên cố","Diện tích (m2)":"2882","Số điểm kinh doanh":"130","Phương thức kinh doanh":"Chợ dân sinh","Quy mô chợ":"Hạng 3","Nguồn vốn chợ":"Ngân sách nhà nước","Doanh nghiệp/ HTX":null,"Tổ chức quản lý chợ":"UBND cấp xã quản lý","layer_id":355,"fid":950,"label":"chợ Thom"}},{"type":"Feature","geometry":{"type":"Point","coordinates":[106.555984144,10.036436717]},"properties":{"Chợ":"An Hiệp","Địa chỉ ":"Xã An Hiệp","Hiện trạng":"kiên cố","Diện tích (m2)":"9711","Số điểm kinh doanh":"60","Phương thức kinh doanh":"Chợ dân sinh","Quy mô chợ":"Hạng 3","Nguồn vốn chợ":"Ngân sách nhà nước","Doanh nghiệp/ HTX":null,"Tổ chức quản lý chợ":"UBND cấp xã quản lý","layer_id":355,"fid":951,"label":"An Hiệp"}},{"type":"Feature","geometry":{"type":"Point","coordinates":[106.531499516,10.051468401]},"properties":{"Chợ":"An Ngãi Tây","Địa chỉ ":"Xã An Hiệp","Hiện trạng":"kiên cố","Diện tích (m2)":"15000","Số điểm kinh doanh":"65","Phương thức kinh doanh":"Chợ dân sinh","Quy mô chợ":"Hạng 3","Nguồn vốn chợ":"Ngân sách nhà nước","Doanh nghiệp/ HTX":null,"Tổ chức quản lý chợ":"UBND cấp xã quản lý","layer_id":355,"fid":952,"label":"An Ngãi Tây"}},{"type":"Feature","geometry":{"type":"Point","coordinates":[106.491007049,10.064580471]},"properties":{"Chợ":"Tân Hưng","Địa chỉ ":"Xã An Hiệp","Hiện trạng":"kiên cố","Diện tích (m2)":"1243","Số điểm kinh doanh":"47","Phương thức kinh doanh":"Chợ dân sinh","Quy mô chợ":"Hạng 3","Nguồn vốn chợ":"Ngân sách nhà nước","Doanh nghiệp/ HTX":null,"Tổ chức quản lý chợ":"UBND cấp xã quản lý","layer_id":355,"fid":953,"label":"Tân Hưng"}},{"type":"Feature","geometry":{"type":"Point","coordinates":[106.081189563,10.268847047]},"properties":{"Chợ":"Vĩnh Bình","Địa chỉ ":"Xã Phú Phụng","Hiện trạng":"Bán kiên cố","Diện tích (m2)":"1.123","Số điểm kinh doanh":"51","Phương thức kinh doanh":"Chợ dân sinh","Quy mô chợ":"Hạng 3","Nguồn vốn chợ":"Ngân sách nhà nước","Doanh nghiệp/ HTX":null,"Tổ chức quản lý chợ":"UBND cấp xã quản lý","layer_id":355,"fid":954,"label":"Vĩnh Bình"}},{"type":"Feature","geometry":{"type":"Point","coordinates":[106.112410409,10.282055883]},"properties":{"Chợ":"Thới Lộc","Địa chỉ ":"Xã Phú Phụng","Hiện trạng":"Bán kiên cố","Diện tích (m2)":"1600","Số điểm kinh doanh":"35","Phương thức kinh doanh":"Chợ dân sinh","Quy mô chợ":"Hạng 3","Nguồn vốn chợ":"Ngân sách nhà nước","Doanh nghiệp/ HTX":null,"Tổ chức quản lý chợ":"UBND cấp xã quản lý","layer_id":355,"fid":955,"label":"Thới Lộc"}},{"type":"Feature","geometry":{"type":"Point","coordinates":[106.044732961,10.276480659]},"properties":{"Chợ":"Phú Phụng","Địa chỉ ":"Xã Phú Phụng","Hiện trạng":"kiên cố","Diện tích (m2)":"4557.1","Số điểm kinh doanh":"275","Phương thức kinh doanh":"Chợ dân sinh","Quy mô chợ":"Hạng 2","Nguồn vốn chợ":"Ngoài Ngân sách nhà nước","Doanh nghiệp/ HTX":"Cty Đầu tư Khai thác chợ An Thuận","Tổ chức quản lý chợ":null,"layer_id":355,"fid":956,"label":"Phú Phụng"}},{"type":"Feature","geometry":{"type":"Point","coordinates":[106.4470713,10.0030805]},"properties":{"Chợ":"Chợ Tân Phong","Địa chỉ ":"Xã Đại Điền","Hiện trạng":"Kiên cố","Diện tích (m2)":"2800","Số điểm kinh doanh":"32","Phương thức kinh doanh":"Chợ dân sinh","Quy mô chợ":"Hạng 3","Nguồn vốn chợ":"Ngân sách nhà nước","Doanh nghiệp/ HTX":null,"Tổ chức quản lý chợ":"UBND cấp xã quản lý","layer_id":355,"fid":957,"label":"Chợ Tân Phong"}},{"type":"Feature","geometry":{"type":"Point","coordinates":[106.4470713,10.0030805]},"properties":{"Chợ":"Chợ Tân Phong","Địa chỉ ":"Xã Đại Điền","Hiện trạng":"Kiên cố","Diện tích (m2)":"1289","Số điểm kinh doanh":"202","Phương thức kinh doanh":"Chợ dân sinh","Quy mô chợ":"Hạng 2","Nguồn vốn chợ":"Ngoài Ngân sách nhà nước","Doanh nghiệp/ HTX":"DNTN vận tải và xây dựng Nguyễn Hùng","Tổ chức quản lý chợ":null,"layer_id":355,"fid":958,"label":"Chợ Tân Phong"}},{"type":"Feature","geometry":{"type":"Point","coordinates":[106.4465225,10.0216278]},"properties":{"Chợ":"Chợ Giồng Luông","Địa chỉ ":"Xã Đại Điền","Hiện trạng":"Kiên cố","Diện tích (m2)":"1200","Số điểm kinh doanh":"105","Phương thức kinh doanh":"Chợ dân sinh","Quy mô chợ":"Hạng 3","Nguồn vốn chợ":"Ngoài Ngân sách nhà nước","Doanh nghiệp/ HTX":"công ty TNHH MTV Ép Rép","Tổ chức quản lý chợ":null,"layer_id":355,"fid":959,"label":"Chợ Giồng Luông"}},{"type":"Feature","geometry":{"type":"Point","coordinates":[106.4472114,10.0391168]},"properties":{"Chợ":"Chợ Phú Khánh","Địa chỉ ":"Xã Đại Điền","Hiện trạng":"Kiên cố","Diện tích (m2)":"5207.2","Số điểm kinh doanh":"48","Phương thức kinh doanh":"Chợ dân sinh","Quy mô chợ":"Hạng 3","Nguồn vốn chợ":"Ngân sách nhà nước","Doanh nghiệp/ HTX":null,"Tổ chức quản lý chợ":"UBND cấp xã quản lý","layer_id":355,"fid":960,"label":"Chợ Phú Khánh"}},{"type":"Feature","geometry":{"type":"Point","coordinates":[106.59439,10.0524606]},"properties":{"Chợ":"Chợ An Bình Tây","Địa chỉ ":"Xã Ba Tri","Hiện trạng":"Kiên cố","Diện tích (m2)":"1318.2","Số điểm kinh doanh":"95","Phương thức kinh doanh":"Chợ dân sinh","Quy mô chợ":"Hạng 3","Nguồn vốn chợ":"Ngân sách nhà nước","Doanh nghiệp/ HTX":null,"Tổ chức quản lý chợ":"UBND cấp xã quản lý","layer_id":355,"fid":961,"label":"Chợ An Bình Tây"}},{"type":"Feature","geometry":{"type":"Point","coordinates":[106.5767286,10.0445988]},"properties":{"Chợ":"Chợ An Hòa","Địa chỉ ":"Xã Ba Tri","Hiện trạng":"Kiên cố","Diện tích (m2)":"973.1","Số điểm kinh doanh":"55","Phương thức kinh doanh":"Chợ dân sinh","Quy mô chợ":"Hạng 3","Nguồn vốn chợ":"Ngân sách nhà nước","Doanh nghiệp/ HTX":null,"Tổ chức quản lý chợ":"UBND cấp xã quản lý","layer_id":355,"fid":962,"label":"Chợ An Hòa"}},{"type":"Feature","geometry":{"type":"Point","coordinates":[106.5772101,10.0258419]},"properties":{"Chợ":"Chợ An Đức","Địa chỉ ":"Xã Ba Tri","Hiện trạng":"Kiên cố","Diện tích (m2)":"9358","Số điểm kinh doanh":"68","Phương thức kinh doanh":"Chợ dân sinh","Quy mô chợ":"Hạng 3","Nguồn vốn chợ":"Ngân sách nhà nước","Doanh nghiệp/ HTX":null,"Tổ chức quản lý chợ":"UBND cấp xã quản lý","layer_id":355,"fid":963,"label":"Chợ An Đức"}},{"type":"Feature","geometry":{"type":"Point","coordinates":[106.593263701,10.046921986]},"properties":{"Chợ":"Chợ Ba Tri","Địa chỉ ":"Xã Ba Tri","Hiện trạng":"Kiên cố","Diện tích (m2)":"12460.6","Số điểm kinh doanh":"402","Phương thức kinh doanh":"Chợ dân sinh","Quy mô chợ":"Hạng 1","Nguồn vốn chợ":"Ngân sách nhà nước","Doanh nghiệp/ HTX":null,"Tổ chức quản lý chợ":"UBND cấp xã quản lý","layer_id":355,"fid":964,"label":"Chợ Ba Tri"}},{"type":"Feature","geometry":{"type":"Point","coordinates":[106.6285183,10.0495782]},"properties":{"Chợ":"Chợ Bến Vựa","Địa chỉ ":"Xã Ba Tri","Hiện trạng":"Kiên cố","Diện tích (m2)":"519.5","Số điểm kinh doanh":"18","Phương thức kinh doanh":"Chợ dân sinh","Quy mô chợ":"Hạng 3","Nguồn vốn chợ":"Ngân sách nhà nước","Doanh nghiệp/ HTX":null,"Tổ chức quản lý chợ":"UBND cấp xã quản lý","layer_id":355,"fid":965,"label":"Chợ Bến Vựa"}},{"type":"Feature","geometry":{"type":"Point","coordinates":[106.6222591,10.0297318]},"properties":{"Chợ":"Chợ Giồng Giá","Địa chỉ ":"Xã Ba Tri","Hiện trạng":"Kiên cố","Diện tích (m2)":"1285.3","Số điểm kinh doanh":"32","Phương thức kinh doanh":"Chợ dân sinh","Quy mô chợ":"Hạng 3","Nguồn vốn chợ":"Ngân sách nhà nước","Doanh nghiệp/ HTX":null,"Tổ chức quản lý chợ":"UBND cấp xã quản lý","layer_id":355,"fid":966,"label":"Chợ Giồng Giá"}},{"type":"Feature","geometry":{"type":"Point","coordinates":[106.5977203,10.0293825]},"properties":{"Chợ":"Chợ Vĩnh An","Địa chỉ ":"Xã Ba Tri","Hiện trạng":"Kiên cố","Diện tích (m2)":"4697","Số điểm kinh doanh":"52","Phương thức kinh doanh":"Chợ dân sinh","Quy mô chợ":"Hạng 3","Nguồn vốn chợ":"Ngân sách nhà nước","Doanh nghiệp/ HTX":null,"Tổ chức quản lý chợ":"UBND cấp xã quản lý","layer_id":355,"fid":967,"label":"Chợ Vĩnh An"}},{"type":"Feature","geometry":{"type":"Point","coordinates":[106.3996847,10.0163749]},"properties":{"Chợ":"Cầu Móng","Địa chỉ ":"Xã Hương Mỹ","Hiện trạng":"Kiên cố","Diện tích (m2)":"2625","Số điểm kinh doanh":"130","Phương thức kinh doanh":"Chợ dân sinh","Quy mô chợ":"Hạng 3","Nguồn vốn chợ":"Ngoài Ngân sách nhà nước","Doanh nghiệp/ HTX":null,"Tổ chức quản lý chợ":"ĐVSN công lập","layer_id":355,"fid":968,"label":"Cầu Móng"}},{"type":"Feature","geometry":{"type":"Point","coordinates":[106.3597627,10.0295217]},"properties":{"Chợ":"Cẩm Sơn","Địa chỉ ":"Xã Hương Mỹ","Hiện trạng":"Bán kiên cố","Diện tích (m2)":"5551","Số điểm kinh doanh":"73","Phương thức kinh doanh":"Chợ dân sinh","Quy mô chợ":"Hạng 3","Nguồn vốn chợ":"Ngoài Ngân sách nhà nước","Doanh nghiệp/ HTX":null,"Tổ chức quản lý chợ":"UBND cấp xã quản lý","layer_id":355,"fid":969,"label":"Cẩm Sơn"}},{"type":"Feature","geometry":{"type":"Point","coordinates":[106.6935197,10.1865494]},"properties":{"Chợ":"Bình Đại","Địa chỉ ":"Xã Bình Đại","Hiện trạng":"Bán kiên cố","Diện tích (m2)":"6272","Số điểm kinh doanh":"235","Phương thức kinh doanh":"Chợ dân sinh","Quy mô chợ":"Hạng 2","Nguồn vốn chợ":"Ngân sách nhà nước","Doanh nghiệp/ HTX":"HTX TM Phương Đông","Tổ chức quản lý chợ":null,"layer_id":355,"fid":970,"label":"Bình Đại"}},{"type":"Feature","geometry":{"type":"Point","coordinates":[106.6703963,10.2099064]},"properties":{"Chợ":"Bình Thới","Địa chỉ ":"Xã Bình Đại","Hiện trạng":"Bán kiên cố","Diện tích (m2)":"2058","Số điểm kinh doanh":"32","Phương thức kinh doanh":"Chợ dân sinh","Quy mô chợ":"Hạng 3","Nguồn vốn chợ":"Ngoài Ngân sách nhà nước","Doanh nghiệp/ HTX":null,"Tổ chức quản lý chợ":"UBND cấp xã quản lý","layer_id":355,"fid":971,"label":"Bình Thới"}},{"type":"Feature","geometry":{"type":"Point","coordinates":[106.514936449,9.959432261]},"properties":{"Chợ":"Chợ Khu dân cư Thạnh Phú","Địa chỉ ":"Xã Thạnh Phú","Hiện trạng":"Kiên cố","Diện tích (m2)":"5622","Số điểm kinh doanh":"112","Phương thức kinh doanh":"Chợ dân sinh","Quy mô chợ":"Hạng 2","Nguồn vốn chợ":"Ngoài Ngân sách nhà nước","Doanh nghiệp/ HTX":"Cty TNHH Út Thắng","Tổ chức quản lý chợ":"UBND cấp xã quản lý","layer_id":355,"fid":973,"label":"Chợ Khu dân cư Thạnh Phú"}},{"type":"Feature","geometry":{"type":"Point","coordinates":[106.2429797,10.1232285]},"properties":{"Chợ":"Bang Tra","Địa chỉ ":"Xã Nhuận Phú Tân","Hiện trạng":"Bán kiên cố","Diện tích (m2)":"3923.9","Số điểm kinh doanh":"228","Phương thức kinh doanh":"Chợ dân sinh","Quy mô chợ":"Hạng 2","Nguồn vốn chợ":"Ngân sách nhà nước","Doanh nghiệp/ HTX":null,"Tổ chức quản lý chợ":"UBND cấp xã quản lý","layer_id":355,"fid":972,"label":"Bang Tra"}},{"type":"Feature","geometry":{"type":"Point","coordinates":[106.5407299,9.9463822]},"properties":{"Chợ":"An Thạnh","Địa chỉ ":"Xã Thạnh Phú","Hiện trạng":"Kiên cố","Diện tích (m2)":"2700","Số điểm kinh doanh":"33","Phương thức kinh doanh":"Chợ dân sinh","Quy mô chợ":"Hạng 3","Nguồn vốn chợ":"Ngân sách nhà nước","Doanh nghiệp/ HTX":null,"Tổ chức quản lý chợ":"ĐVSN công lập/ UBND Cấp xã quản lý","layer_id":355,"fid":974,"label":"An Thạnh"}},{"type":"Feature","geometry":{"type":"Point","coordinates":[106.5280365,9.9847249]},"properties":{"Chợ":"Mỹ An","Địa chỉ ":"Xã Thạnh Phú","Hiện trạng":"Kiên cố","Diện tích (m2)":"720","Số điểm kinh doanh":"55","Phương thức kinh doanh":"Chợ dân sinh","Quy mô chợ":"Hạng 3","Nguồn vốn chợ":"Ngân sách nhà nước","Doanh nghiệp/ HTX":null,"Tổ chức quản lý chợ":"ĐVSN công lập/ UBND Cấp xã quản lý","layer_id":355,"fid":975,"label":"Mỹ An"}},{"type":"Feature","geometry":{"type":"Point","coordinates":[106.6009735,9.8259211]},"properties":{"Chợ":"Khâu Băng","Địa chỉ ":"Xã Thạnh Phong","Hiện trạng":"bán kiên cố","Diện tích (m2)":"100","Số điểm kinh doanh":"12","Phương thức kinh doanh":"Chợ dân sinh","Quy mô chợ":"Hạng 3","Nguồn vốn chợ":"Ngân sách nhà nước","Doanh nghiệp/ HTX":null,"Tổ chức quản lý chợ":"UBND cấp xã quản lý","layer_id":355,"fid":976,"label":"Khâu Băng"}},{"type":"Feature","geometry":{"type":"Point","coordinates":[106.6115125,9.8802953]},"properties":{"Chợ":"Cồn Hươu","Địa chỉ ":"Xã Thạnh Phong","Hiện trạng":"Bán kiên cố","Diện tích (m2)":"1017","Số điểm kinh doanh":"27","Phương thức kinh doanh":"Chợ dân sinh","Quy mô chợ":"Hạng 3","Nguồn vốn chợ":"Ngân sách nhà nước","Doanh nghiệp/ HTX":null,"Tổ chức quản lý chợ":"UBND cấp xã quản lý","layer_id":355,"fid":977,"label":"Cồn Hươu"}},{"type":"Feature","geometry":{"type":"Point","coordinates":[106.49233597,10.272626047]},"properties":{"Chợ":"Chợ Phú Thuận","Địa chỉ ":"Xã Phú Thuận","Hiện trạng":"Kiên cố","Diện tích (m2)":"2800","Số điểm kinh doanh":"25","Phương thức kinh doanh":"Chợ dân sinh","Quy mô chợ":"Hạng 3","Nguồn vốn chợ":"Ngân sách nhà nước","Doanh nghiệp/ HTX":null,"Tổ chức quản lý chợ":"UBND cấp xã quản lý/Cơ quan chuyên môn về TSKCHT chợ\n(Phòng Kinh tế/ Kinh tế Hạ tầng và Đô thị)","layer_id":355,"fid":978,"label":"Chợ Phú Thuận"}},{"type":"Feature","geometry":{"type":"Point","coordinates":[106.4612626,10.2825959]},"properties":{"Chợ":"Chợ Long Quới","Địa chỉ ":"Xã Phú Thuận","Hiện trạng":"Kiên cố","Diện tích (m2)":"704","Số điểm kinh doanh":"12","Phương thức kinh doanh":"Chợ dân sinh","Quy mô chợ":"Hạng 3","Nguồn vốn chợ":"Ngoài Ngân sách nhà nước","Doanh nghiệp/ HTX":null,"Tổ chức quản lý chợ":"UBND cấp xã quản lý/Cơ quan chuyên môn về TSKCHT chợ\n(Phòng Kinh tế/ Kinh tế Hạ tầng và Đô thị)","layer_id":355,"fid":979,"label":"Chợ Long Quới"}},{"type":"Feature","geometry":{"type":"Point","coordinates":[106.4829025,10.2913694]},"properties":{"Chợ":"Chợ Tam Hiệp","Địa chỉ ":"Xã Phú Thuận","Hiện trạng":"Kiên cố","Diện tích (m2)":"250","Số điểm kinh doanh":"32","Phương thức kinh doanh":"Chợ dân sinh","Quy mô chợ":"Hạng 3","Nguồn vốn chợ":"Ngoài Ngân sách nhà nước","Doanh nghiệp/ HTX":null,"Tổ chức quản lý chợ":"UBND cấp xã quản lý/Cơ quan chuyên môn về TSKCHT chợ\n(Phòng Kinh tế/ Kinh tế Hạ tầng và Đô thị)","layer_id":355,"fid":980,"label":"Chợ Tam Hiệp"}},{"type":"Feature","geometry":{"type":"Point","coordinates":[106.655925215,10.078612302]},"properties":{"Chợ":"Bảo Thạnh","Địa chỉ ":"Xã Bảo Thạnh","Hiện trạng":"Kiên cố","Diện tích (m2)":"4638","Số điểm kinh doanh":"100","Phương thức kinh doanh":"Chợ dân sinh","Quy mô chợ":"Hạng 3","Nguồn vốn chợ":"Ngân sách nhà nước","Doanh nghiệp/ HTX":null,"Tổ chức quản lý chợ":"UBND cấp xã quản lý","layer_id":355,"fid":981,"label":"Bảo Thạnh"}},{"type":"Feature","geometry":{"type":"Point","coordinates":[106.654492621,10.049166274]},"properties":{"Chợ":"Bảo Thuận","Địa chỉ ":"Xã Bảo Thạnh","Hiện trạng":"Kiên cố","Diện tích (m2)":"3371","Số điểm kinh doanh":"60","Phương thức kinh doanh":"Chợ dân sinh","Quy mô chợ":"Hạng 3","Nguồn vốn chợ":"Ngân sách nhà nước","Doanh nghiệp/ HTX":null,"Tổ chức quản lý chợ":"UBND cấp xã quản lý","layer_id":355,"fid":982,"label":"Bảo Thuận"}},{"type":"Feature","geometry":{"type":"Point","coordinates":[106.656166658,10.077317916]},"properties":{"Chợ":"Thạnh Thọ","Địa chỉ ":"Xã Bảo Thạnh","Hiện trạng":"Kiên cố","Diện tích (m2)":"705","Số điểm kinh doanh":"25","Phương thức kinh doanh":"Chợ dân sinh","Quy mô chợ":"Hạng 3","Nguồn vốn chợ":"Ngân sách nhà nước","Doanh nghiệp/ HTX":null,"Tổ chức quản lý chợ":"UBND cấp xã quản lý","layer_id":355,"fid":983,"label":"Thạnh Thọ"}},{"type":"Feature","geometry":{"type":"Point","coordinates":[106.613448121,10.211612326]},"properties":{"Chợ":"Định Trung","Địa chỉ ":"Xã Thạnh Trị","Hiện trạng":"Kiên cố","Diện tích (m2)":"2737","Số điểm kinh doanh":"130","Phương thức kinh doanh":"Chợ dân sinh","Quy mô chợ":"Hạng 3","Nguồn vốn chợ":"Ngoài Ngân sách nhà nước","Doanh nghiệp/ HTX":null,"Tổ chức quản lý chợ":"UBND cấp xã quản lý","layer_id":355,"fid":984,"label":"Định Trung"}},{"type":"Feature","geometry":{"type":"Point","coordinates":[106.664167,10.1783568]},"properties":{"Chợ":"Thạnh Trị","Địa chỉ ":"Xã Thạnh Trị","Hiện trạng":"Kiên cố","Diện tích (m2)":"1545.2","Số điểm kinh doanh":"18","Phương thức kinh doanh":"Chợ dân sinh","Quy mô chợ":"Hạng 3","Nguồn vốn chợ":"Ngân sách nhà nước","Doanh nghiệp/ HTX":null,"Tổ chức quản lý chợ":"Cơ quan chuyên môn về TSKCHT chợ\n(Phòng Kinh tế/ Kinh tế Hạ tầng và Đô thị)","layer_id":355,"fid":985,"label":"Thạnh Trị"}},{"type":"Feature","geometry":{"type":"Point","coordinates":[106.2924681,10.2029105]},"properties":{"Chợ":"Ông Tạo","Địa chỉ ":"Xã Phước Mỹ Trung","Hiện trạng":"kiên cố","Diện tích (m2)":"950","Số điểm kinh doanh":"78","Phương thức kinh doanh":"Chợ dân sinh","Quy mô chợ":"Hạng 3","Nguồn vốn chợ":"Ngân sách nhà nước","Doanh nghiệp/ HTX":null,"Tổ chức quản lý chợ":"UBND cấp xã quản lý","layer_id":355,"fid":986,"label":"Ông Tạo"}},{"type":"Feature","geometry":{"type":"Point","coordinates":[106.3016631,10.2348963]},"properties":{"Chợ":"Gia Thạnh","Địa chỉ ":"Xã Phước Mỹ Trung","Hiện trạng":"kiên cố","Diện tích (m2)":"800","Số điểm kinh doanh":"65","Phương thức kinh doanh":"Chợ dân sinh","Quy mô chợ":"Hạng 3","Nguồn vốn chợ":"Ngân sách nhà nước","Doanh nghiệp/ HTX":null,"Tổ chức quản lý chợ":"UBND cấp xã quản lý","layer_id":355,"fid":987,"label":"Gia Thạnh"}},{"type":"Feature","geometry":{"type":"Point","coordinates":[106.2707372,10.2473863]},"properties":{"Chợ":"Trường Thịnh","Địa chỉ ":"Xã Phước Mỹ Trung","Hiện trạng":"kiên cố","Diện tích (m2)":"300","Số điểm kinh doanh":"28","Phương thức kinh doanh":"Chợ dân sinh","Quy mô chợ":"Hạng 3","Nguồn vốn chợ":"Ngân sách nhà nước","Doanh nghiệp/ HTX":null,"Tổ chức quản lý chợ":"UBND cấp xã quản lý","layer_id":355,"fid":988,"label":"Trường Thịnh"}},{"type":"Feature","geometry":{"type":"Point","coordinates":[106.2734104,10.1841229]},"properties":{"Chợ":"Ba Vát","Địa chỉ ":"Xã Phước Mỹ Trung","Hiện trạng":"kiên cố","Diện tích (m2)":"5000","Số điểm kinh doanh":"316","Phương thức kinh doanh":"Chợ dân sinh","Quy mô chợ":"Hạng 2","Nguồn vốn chợ":"Ngoài Ngân sách nhà nước","Doanh nghiệp/ HTX":"CP ĐTXD Chợ Thành Đô","Tổ chức quản lý chợ":"UBND cấp xã quản lý","layer_id":355,"fid":989,"label":"Ba Vát"}},{"type":"Feature","geometry":{"type":"Point","coordinates":[106.4906669,10.2190392]},"properties":{"Chợ":"Chợ Châu Phú","Địa chỉ ":"Xã Châu Hòa","Hiện trạng":"Kiên cố","Diện tích (m2)":"1594","Số điểm kinh doanh":"45","Phương thức kinh doanh":"Chợ dân sinh","Quy mô chợ":"Hạng 3","Nguồn vốn chợ":"Ngân sách nhà nước","Doanh nghiệp/ HTX":null,"Tổ chức quản lý chợ":"UBND cấp xã quản lý","layer_id":355,"fid":990,"label":"Chợ Châu Phú"}},{"type":"Feature","geometry":{"type":"Point","coordinates":[106.5068303,10.2036892]},"properties":{"Chợ":"Chợ Châu Thới","Địa chỉ ":"Xã Châu Hòa","Hiện trạng":"Bán kiên cố","Diện tích (m2)":"510.7","Số điểm kinh doanh":"39","Phương thức kinh doanh":"Chợ dân sinh","Quy mô chợ":"Hạng 3","Nguồn vốn chợ":"Ngân sách nhà nước","Doanh nghiệp/ HTX":null,"Tổ chức quản lý chợ":"UBND cấp xã quản lý","layer_id":355,"fid":991,"label":"Chợ Châu Thới"}},{"type":"Feature","geometry":{"type":"Point","coordinates":[106.5348744,10.1965704]},"properties":{"Chợ":"Chợ Châu Bình","Địa chỉ ":"Xã Châu Hòa","Hiện trạng":"Kiên cố","Diện tích (m2)":"1218","Số điểm kinh doanh":"41","Phương thức kinh doanh":"Chợ dân sinh","Quy mô chợ":"Hạng 3","Nguồn vốn chợ":"Ngân sách nhà nước","Doanh nghiệp/ HTX":null,"Tổ chức quản lý chợ":"UBND cấp xã quản lý","layer_id":355,"fid":992,"label":"Chợ Châu Bình"}},{"type":"Feature","geometry":{"type":"Point","coordinates":[106.5465248,10.1582199]},"properties":{"Chợ":"Chợ Bình Long","Địa chỉ ":"Xã Châu Hòa","Hiện trạng":"Bán kiên cố","Diện tích (m2)":"895","Số điểm kinh doanh":"25","Phương thức kinh doanh":"Chợ dân sinh","Quy mô chợ":"Hạng 3","Nguồn vốn chợ":"Ngân sách nhà nước","Doanh nghiệp/ HTX":null,"Tổ chức quản lý chợ":"UBND cấp xã quản lý","layer_id":355,"fid":993,"label":"Chợ Bình Long"}},{"type":"Feature","geometry":{"type":"Point","coordinates":[106.4792139,10.1995705]},"properties":{"Chợ":"Chợ Lương Quới","Địa chỉ ":"Xã Châu Hòa","Hiện trạng":"Kiên cố","Diện tích (m2)":"6823","Số điểm kinh doanh":"92","Phương thức kinh doanh":"Chợ dân sinh","Quy mô chợ":"Hạng 3","Nguồn vốn chợ":"Ngân sách nhà nước","Doanh nghiệp/ HTX":null,"Tổ chức quản lý chợ":"UBND cấp xã quản lý","layer_id":355,"fid":994,"label":"Chợ Lương Quới"}},{"type":"Feature","geometry":{"type":"Point","coordinates":[106.119246709,10.259633953]},"properties":{"Chợ":"chợ Chợ Lách","Địa chỉ ":"Xã Chợ Lách","Hiện trạng":"Kiên cố","Diện tích (m2)":"2350","Số điểm kinh doanh":"274","Phương thức kinh doanh":"Chợ dân sinh","Quy mô chợ":"Hạng 2","Nguồn vốn chợ":"Ngân sách nhà nước","Doanh nghiệp/ HTX":null,"Tổ chức quản lý chợ":"ĐVSN công lập","layer_id":355,"fid":995,"label":"chợ Chợ Lách"}},{"type":"Feature","geometry":{"type":"Point","coordinates":[106.1457188,10.2500517]},"properties":{"Chợ":"Hòa Nghĩa","Địa chỉ ":"Xã Chợ Lách","Hiện trạng":"Kiên cố","Diện tích (m2)":"4154","Số điểm kinh doanh":"100","Phương thức kinh doanh":"Chợ dân sinh","Quy mô chợ":"Hạng 3","Nguồn vốn chợ":"Ngân sách nhà nước","Doanh nghiệp/ HTX":null,"Tổ chức quản lý chợ":"UBND cấp xã quản lý","layer_id":355,"fid":996,"label":"Hòa Nghĩa"}},{"type":"Feature","geometry":{"type":"Point","coordinates":[106.1316303,10.2674473]},"properties":{"Chợ":"Long Thới (Cái Nhum)","Địa chỉ ":"Xã Chợ Lách","Hiện trạng":"Kiên cố","Diện tích (m2)":"600","Số điểm kinh doanh":"46","Phương thức kinh doanh":"Chợ dân sinh","Quy mô chợ":"Hạng 3","Nguồn vốn chợ":"Ngân sách nhà nước","Doanh nghiệp/ HTX":null,"Tổ chức quản lý chợ":"UBND cấp xã quản lý","layer_id":355,"fid":997,"label":"Long Thới (Cái Nhum)"}},{"type":"Feature","geometry":{"type":"Point","coordinates":[106.1845874,10.2335646]},"properties":{"Chợ":"Cái Gà","Địa chỉ ":"Xã Chợ Lách","Hiện trạng":"Kiên cố","Diện tích (m2)":"4025","Số điểm kinh doanh":"117","Phương thức kinh doanh":"Chợ dân sinh","Quy mô chợ":"Hạng 3","Nguồn vốn chợ":"Ngoài Ngân sách nhà nước","Doanh nghiệp/ HTX":null,"Tổ chức quản lý chợ":"UBND cấp xã quản lý","layer_id":355,"fid":998,"label":"Cái Gà"}},{"type":"Feature","geometry":{"type":"Point","coordinates":[106.625822747,9.988413085]},"properties":{"Chợ":"Chợ Bãi Ngao","Địa chỉ ":"\nXã Tân Thủy","Hiện trạng":"Kiên cố","Diện tích (m2)":"6651","Số điểm kinh doanh":"80","Phương thức kinh doanh":"Chợ dân sinh","Quy mô chợ":"Hạng 3","Nguồn vốn chợ":"Ngoài Ngân sách nhà nước","Doanh nghiệp/ HTX":"DNTN Mai Linh","Tổ chức quản lý chợ":"UBND cấp xã quản lý","layer_id":355,"fid":999,"label":"Chợ Bãi Ngao"}},{"type":"Feature","geometry":{"type":"Point","coordinates":[106.605141697,9.982848177]},"properties":{"Chợ":"Chợ Tiệm Tôm","Địa chỉ ":"\nXã Tân Thủy","Hiện trạng":"Kiên cố","Diện tích (m2)":"3833.6","Số điểm kinh doanh":"82","Phương thức kinh doanh":"Chợ dân sinh","Quy mô chợ":"Hạng 3","Nguồn vốn chợ":"Ngân sách nhà nước","Doanh nghiệp/ HTX":null,"Tổ chức quản lý chợ":"UBND cấp xã quản lý","layer_id":355,"fid":1000,"label":"Chợ Tiệm Tôm"}},{"type":"Feature","geometry":{"type":"Point","coordinates":[106.643503869,10.030168093]},"properties":{"Chợ":"Chợ Tân An","Địa chỉ ":"\nXã Tân Thủy","Hiện trạng":"Kiên cố","Diện tích (m2)":"4024.7","Số điểm kinh doanh":"115","Phương thức kinh doanh":"Chợ dân sinh","Quy mô chợ":"Hạng 3","Nguồn vốn chợ":"Ngân sách nhà nước","Doanh nghiệp/ HTX":null,"Tổ chức quản lý chợ":"UBND cấp xã quản lý","layer_id":355,"fid":1001,"label":"Chợ Tân An"}},{"type":"Feature","geometry":{"type":"Point","coordinates":[106.623360022,10.004273255]},"properties":{"Chợ":"Chợ Tân Bình","Địa chỉ ":"\nXã Tân Thủy","Hiện trạng":"Kiên cố","Diện tích (m2)":"3324.3","Số điểm kinh doanh":"115","Phương thức kinh doanh":"Chợ dân sinh","Quy mô chợ":"Hạng 3","Nguồn vốn chợ":"Ngân sách nhà nước","Doanh nghiệp/ HTX":null,"Tổ chức quản lý chợ":"UBND cấp xã quản lý","layer_id":355,"fid":1002,"label":"Chợ Tân Bình"}},{"type":"Feature","geometry":{"type":"Point","coordinates":[106.607512022,9.99849392]},"properties":{"Chợ":"Chợ An Hòa Tây","Địa chỉ ":"\nXã Tân Thủy","Hiện trạng":"Kiên cố","Diện tích (m2)":"2528.2","Số điểm kinh doanh":"70","Phương thức kinh doanh":"Chợ dân sinh","Quy mô chợ":"Hạng 3","Nguồn vốn chợ":"Ngân sách nhà nước","Doanh nghiệp/ HTX":null,"Tổ chức quản lý chợ":"UBND cấp xã quản lý","layer_id":355,"fid":1003,"label":"Chợ An Hòa Tây"}},{"type":"Feature","geometry":{"type":"Point","coordinates":[106.231864293,10.289800948]},"properties":{"Chợ":"Quới Thành","Địa chỉ ":"Xã Tiên Thủy","Hiện trạng":"Kiên cố","Diện tích (m2)":"1934.6","Số điểm kinh doanh":"54","Phương thức kinh doanh":"Chợ dân sinh","Quy mô chợ":"Hạng 3","Nguồn vốn chợ":"Ngoài Ngân sách nhà nước","Doanh nghiệp/ HTX":"Cty Đầu tư Khai thác chợ An Thuận","Tổ chức quản lý chợ":null,"layer_id":355,"fid":1004,"label":"Quới Thành"}},{"type":"Feature","geometry":{"type":"Point","coordinates":[106.258216239,10.29557231]},"properties":{"Chợ":"Thành Triệu (khu A)","Địa chỉ ":"Xã Tiên Thủy","Hiện trạng":"Kiên cố","Diện tích (m2)":"1266.8","Số điểm kinh doanh":"154","Phương thức kinh doanh":"Chợ dân sinh","Quy mô chợ":"Hạng 3","Nguồn vốn chợ":"Ngoài Ngân sách nhà nước","Doanh nghiệp/ HTX":"Cty Đầu tư Khai thác chợ An Thuận","Tổ chức quản lý chợ":null,"layer_id":355,"fid":1005,"label":"Thành Triệu (khu A)"}},{"type":"Feature","geometry":{"type":"Point","coordinates":[106.258123993,10.295406707]},"properties":{"Chợ":"Thành Triệu (khu B)","Địa chỉ ":"Xã Tiên Thủy","Hiện trạng":"Kiên cố","Diện tích (m2)":"1468.3","Số điểm kinh doanh":"61","Phương thức kinh doanh":"Chợ dân sinh","Quy mô chợ":"Hạng 3","Nguồn vốn chợ":"Ngân sách nhà nước","Doanh nghiệp/ HTX":null,"Tổ chức quản lý chợ":"UBND cấp xã quản lý","layer_id":355,"fid":1006,"label":"Thành Triệu (khu B)"}},{"type":"Feature","geometry":{"type":"Point","coordinates":[106.239555478,10.262663215]},"properties":{"Chợ":"Tiên Thủy","Địa chỉ ":"Xã Tiên Thủy","Hiện trạng":"Bán kiên cố","Diện tích (m2)":"3561.3","Số điểm kinh doanh":"233","Phương thức kinh doanh":"Chợ dân sinh","Quy mô chợ":"Hạng 2","Nguồn vốn chợ":"Ngân sách nhà nước","Doanh nghiệp/ HTX":null,"Tổ chức quản lý chợ":"UBND cấp xã quản lý","layer_id":355,"fid":1007,"label":"Tiên Thủy"}},{"type":"Feature","geometry":{"type":"Point","coordinates":[106.433931078,10.221327758]},"properties":{"Chợ":"Chợ Mỹ Lồng","Địa chỉ ":"Xã Lương Phú","Hiện trạng":"Kiên cố","Diện tích (m2)":"5200","Số điểm kinh doanh":"420","Phương thức kinh doanh":"Chợ dân sinh","Quy mô chợ":"Hạng 2","Nguồn vốn chợ":"Ngoài Ngân sách nhà nước","Doanh nghiệp/ HTX":"Cty cổ phần Tư vấn - xây dựng Thành Lợi","Tổ chức quản lý chợ":null,"layer_id":355,"fid":1008,"label":"Chợ Mỹ Lồng"}},{"type":"Feature","geometry":{"type":"Point","coordinates":[106.428439004,10.216542231]},"properties":{"Chợ":"Chợ ấp 6","Địa chỉ ":"Xã Lương Phú","Hiện trạng":"Bán kiên cố","Diện tích (m2)":"602","Số điểm kinh doanh":"12","Phương thức kinh doanh":"Chợ dân sinh","Quy mô chợ":"Hạng 3","Nguồn vốn chợ":"Ngân sách nhà nước","Doanh nghiệp/ HTX":null,"Tổ chức quản lý chợ":"UBND cấp xã quản lý","layer_id":355,"fid":1010,"label":"Chợ ấp 6"}},{"type":"Feature","geometry":{"type":"Point","coordinates":[106.428524849,10.170212942]},"properties":{"Chợ":"Chợ Phú Điền","Địa chỉ ":"Xã Lương Phú","Hiện trạng":"Bán kiên cố","Diện tích (m2)":"2445","Số điểm kinh doanh":"93","Phương thức kinh doanh":"Chợ dân sinh","Quy mô chợ":"Hạng 3","Nguồn vốn chợ":"Ngân sách nhà nước","Doanh nghiệp/ HTX":null,"Tổ chức quản lý chợ":"UBND cấp xã quản lý","layer_id":355,"fid":1009,"label":"Chợ Phú Điền"}},{"type":"Feature","geometry":{"type":"Point","coordinates":[106.440531051,10.104896833]},"properties":{"Chợ":"Chợ Cái Mít","Địa chỉ ":"Xã Tân Hào","Hiện trạng":"Bán kiên cố","Diện tích (m2)":"1977.3","Số điểm kinh doanh":"110","Phương thức kinh doanh":"Chợ dân sinh","Quy mô chợ":"Hạng 3","Nguồn vốn chợ":"Ngoài Ngân sách nhà nước","Doanh nghiệp/ HTX":"Cty khai thác chợ Đồng Khởi","Tổ chức quản lý chợ":null,"layer_id":355,"fid":1011,"label":"Chợ Cái Mít"}},{"type":"Feature","geometry":{"type":"Point","coordinates":[106.414781007,10.137224372]},"properties":{"Chợ":"Phước Mỹ","Địa chỉ ":"Xã Tân Hào","Hiện trạng":"chợ tạm","Diện tích (m2)":"531.3","Số điểm kinh doanh":"50","Phương thức kinh doanh":"Chợ dân sinh","Quy mô chợ":"Hạng 3","Nguồn vốn chợ":"Ngân sách nhà nước","Doanh nghiệp/ HTX":null,"Tổ chức quản lý chợ":"UBND cấp xã quản lý","layer_id":355,"fid":1012,"label":"Phước Mỹ"}},{"type":"Feature","geometry":{"type":"Point","coordinates":[106.465436245,10.141070175]},"properties":{"Chợ":"Hương Điểm","Địa chỉ ":"Xã Tân Hào","Hiện trạng":"bán kiên cố","Diện tích (m2)":"4434.5","Số điểm kinh doanh":"213","Phương thức kinh doanh":"Chợ dân sinh","Quy mô chợ":"Hạng 3","Nguồn vốn chợ":"Ngân sách nhà nước","Doanh nghiệp/ HTX":null,"Tổ chức quản lý chợ":"UBND cấp xã quản lý","layer_id":355,"fid":1013,"label":"Hương Điểm"}},{"type":"Feature","geometry":{"type":"Point","coordinates":[106.476789,9.9820791]},"properties":{"Chợ":"Cầu Đúc","Địa chỉ ":"Xã Quới Điền","Hiện trạng":"Kiên cố","Diện tích (m2)":"2919","Số điểm kinh doanh":"71","Phương thức kinh doanh":"Chợ dân sinh","Quy mô chợ":"Hạng 3","Nguồn vốn chợ":"Ngân sách nhà nước","Doanh nghiệp/ HTX":null,"Tổ chức quản lý chợ":"UBND cấp xã quản lý","layer_id":355,"fid":1014,"label":"Cầu Đúc"}},{"type":"Feature","geometry":{"type":"Point","coordinates":[106.4650152,9.9526298]},"properties":{"Chợ":"Hòa Lợi","Địa chỉ ":"Xã Quới Điền","Hiện trạng":"Kiên cố","Diện tích (m2)":"1127.4","Số điểm kinh doanh":"35","Phương thức kinh doanh":"Chợ dân sinh","Quy mô chợ":"Hạng 3","Nguồn vốn chợ":"Ngân sách nhà nước","Doanh nghiệp/ HTX":null,"Tổ chức quản lý chợ":"UBND cấp xã quản lý","layer_id":355,"fid":1015,"label":"Hòa Lợi"}},{"type":"Feature","geometry":{"type":"Point","coordinates":[106.5037766,9.9858948]},"properties":{"Chợ":"Giồng Chùa","Địa chỉ ":"Xã Quới Điền","Hiện trạng":"Bán Kiên cố","Diện tích (m2)":"704.5","Số điểm kinh doanh":"34","Phương thức kinh doanh":"Chợ dân sinh","Quy mô chợ":"Hạng 3","Nguồn vốn chợ":"Ngân sách nhà nước","Doanh nghiệp/ HTX":null,"Tổ chức quản lý chợ":"UBND cấp xã quản lý","layer_id":355,"fid":1016,"label":"Giồng Chùa"}},{"type":"Feature","geometry":{"type":"Point","coordinates":[106.3744806,10.0807063]},"properties":{"Chợ":"Chợ Cái Quao","Địa chỉ ":"Xã An Định","Hiện trạng":"Kiên cố","Diện tích (m2)":"1917.6","Số điểm kinh doanh":"92","Phương thức kinh doanh":"Chợ dân sinh","Quy mô chợ":"Hạng 3","Nguồn vốn chợ":"Ngoài Ngân sách nhà nước","Doanh nghiệp/ HTX":"Công ty cổ phần tư vấn và đầu tư xây dựng Hàm Luông","Tổ chức quản lý chợ":null,"layer_id":355,"fid":1017,"label":"Chợ Cái Quao"}},{"type":"Feature","geometry":{"type":"Point","coordinates":[105.964683753,10.271860018]},"properties":{"Chợ":"Chợ An Bình","Địa chỉ ":"Xã An Định","Hiện trạng":"Kiên cố","Diện tích (m2)":"1500","Số điểm kinh doanh":"55","Phương thức kinh doanh":"Chợ dân sinh","Quy mô chợ":"Hạng 3","Nguồn vốn chợ":"Ngoài Ngân sách nhà nước","Doanh nghiệp/ HTX":"DNTN Quang Minh","Tổ chức quản lý chợ":null,"layer_id":355,"fid":1018,"label":"Chợ An Bình"}},{"type":"Feature","geometry":{"type":"Point","coordinates":[106.3802715,10.0397335]},"properties":{"Chợ":"Chợ Tân Trung","Địa chỉ ":"Xã An Định","Hiện trạng":"Kiên cố","Diện tích (m2)":"3953","Số điểm kinh doanh":"50","Phương thức kinh doanh":"Chợ dân sinh","Quy mô chợ":"Hạng 3","Nguồn vốn chợ":"Ngoài Ngân sách nhà nước","Doanh nghiệp/ HTX":"công ty TNHH Khai thác chợ Phước Thịnh ","Tổ chức quản lý chợ":null,"layer_id":355,"fid":1019,"label":"Chợ Tân Trung"}},{"type":"Feature","geometry":{"type":"Point","coordinates":[106.409268,10.0576997]},"properties":{"Chợ":"Chợ Tân Hương","Địa chỉ ":"Xã An Định","Hiện trạng":"Kiên cố","Diện tích (m2)":"1000","Số điểm kinh doanh":"157","Phương thức kinh doanh":"Chợ dân sinh","Quy mô chợ":"Hạng 3","Nguồn vốn chợ":"Ngân sách nhà nước","Doanh nghiệp/ HTX":null,"Tổ chức quản lý chợ":"UBND cấp xã quản lý","layer_id":355,"fid":1020,"label":"Chợ Tân Hương"}},{"type":"Feature","geometry":{"type":"Point","coordinates":[106.340401789,10.06099143]},"properties":{"Chợ":"Giồng Văn","Địa chỉ ":"Xã Thành Thới","Hiện trạng":"Kiên cố","Diện tích (m2)":"3420","Số điểm kinh doanh":"135","Phương thức kinh doanh":"Chợ dân sinh","Quy mô chợ":"Hạng 3","Nguồn vốn chợ":"Ngân sách nhà nước","Doanh nghiệp/ HTX":null,"Tổ chức quản lý chợ":"ĐVSN công lập/Cơ quan chuyên môn về TSKCHT chợ\n(Phòng Kinh tế/ Kinh tế Hạ tầng và Đô thị)","layer_id":355,"fid":1021,"label":"Giồng Văn"}},{"type":"Feature","geometry":{"type":"Point","coordinates":[106.232764122,10.18862228]},"properties":{"Chợ":"Phú Long","Địa chỉ ":"Xã Hưng Khánh Trung","Hiện trạng":"bán Kiên cố","Diện tích (m2)":"1423","Số điểm kinh doanh":"77","Phương thức kinh doanh":"Chợ dân sinh","Quy mô chợ":"Hạng 3","Nguồn vốn chợ":"Ngoài Ngân sách nhà nước","Doanh nghiệp/ HTX":"Cty Đầu tư Khai thác chợ An Thuận","Tổ chức quản lý chợ":"Cơ quan chuyên môn về TSKCHT chợ\n(Phòng Kinh tế/ Kinh tế Hạ tầng và Đô thị)","layer_id":355,"fid":1022,"label":"Phú Long"}},{"type":"Feature","geometry":{"type":"Point","coordinates":[106.25375738,10.209227515]},"properties":{"Chợ":"Vĩnh Hòa","Địa chỉ ":"Xã Hưng Khánh Trung","Hiện trạng":"bán Kiên cố","Diện tích (m2)":"1780.5","Số điểm kinh doanh":"40","Phương thức kinh doanh":"Chợ dân sinh","Quy mô chợ":"Hạng 3","Nguồn vốn chợ":"Ngân sách nhà nước","Doanh nghiệp/ HTX":null,"Tổ chức quản lý chợ":"UBND cấp xã quản lý/Cơ quan chuyên môn về TSKCHT chợ\n(Phòng Kinh tế/ Kinh tế Hạ tầng và Đô thị)","layer_id":355,"fid":1023,"label":"Vĩnh Hòa"}},{"type":"Feature","geometry":{"type":"Point","coordinates":[106.4084958,10.1688428]},"properties":{"Chợ":"Chợ Giồng Quýt","Địa chỉ ":"Xã Phước Long","Hiện trạng":"Kiên cố","Diện tích (m2)":"1155","Số điểm kinh doanh":"13","Phương thức kinh doanh":"Chợ dân sinh","Quy mô chợ":"Hạng 3","Nguồn vốn chợ":"Ngân sách nhà nước","Doanh nghiệp/ HTX":null,"Tổ chức quản lý chợ":"UBND cấp xã quản lý","layer_id":355,"fid":1024,"label":"Chợ Giồng Quýt"}},{"type":"Feature","geometry":{"type":"Point","coordinates":[106.393473036,10.15295408]},"properties":{"Chợ":"Chợ Bến Tranh","Địa chỉ ":"Xã Phước Long","Hiện trạng":"Kiên cố","Diện tích (m2)":"6974","Số điểm kinh doanh":"42","Phương thức kinh doanh":"Chợ dân sinh","Quy mô chợ":"Hạng 3","Nguồn vốn chợ":"Ngân sách nhà nước","Doanh nghiệp/ HTX":null,"Tổ chức quản lý chợ":"UBND cấp xã quản lý","layer_id":355,"fid":1025,"label":"Chợ Bến Tranh"}},{"type":"Feature","geometry":{"type":"Point","coordinates":[106.4477185,10.1484122]},"properties":{"Chợ":"Chợ Linh Phụng","Địa chỉ ":"Xã Phước Long","Hiện trạng":"Kiên cố","Diện tích (m2)":"2346","Số điểm kinh doanh":"20","Phương thức kinh doanh":"Chợ dân sinh","Quy mô chợ":"Hạng 3","Nguồn vốn chợ":"Ngân sách nhà nước","Doanh nghiệp/ HTX":null,"Tổ chức quản lý chợ":"UBND cấp xã quản lý","layer_id":355,"fid":1026,"label":"Chợ Linh Phụng"}},{"type":"Feature","geometry":{"type":"Point","coordinates":[106.722243,10.0560587]},"properties":{"Chợ":"Chợ Thới Thuận","Địa chỉ ":"Xã Thới Thuận","Hiện trạng":"Kiên cố","Diện tích (m2)":"3090","Số điểm kinh doanh":"1","Phương thức kinh doanh":"Chợ dân sinh","Quy mô chợ":"Hạng 3","Nguồn vốn chợ":"Ngân sách nhà nước","Doanh nghiệp/ HTX":null,"Tổ chức quản lý chợ":"UBND cấp xã quản lý","layer_id":355,"fid":1027,"label":"Chợ Thới Thuận"}},{"type":"Feature","geometry":{"type":"Point","coordinates":[106.7642081,10.1656974]},"properties":{"Chợ":"Chợ Thừa Đức","Địa chỉ ":"Xã Thới Thuận","Hiện trạng":"Kiên cố","Diện tích (m2)":"338.2","Số điểm kinh doanh":"1","Phương thức kinh doanh":"Chợ dân sinh","Quy mô chợ":"Hạng 3","Nguồn vốn chợ":"Ngoài Ngân sách nhà nước","Doanh nghiệp/ HTX":"Cty khai thác chợ Đồng Khởi","Tổ chức quản lý chợ":null,"layer_id":355,"fid":1028,"label":"Chợ Thừa Đức"}},{"type":"Feature","geometry":{"type":"Point","coordinates":[106.359872049,10.146413504]},"properties":{"Chợ":"Chợ Định Thủy","Địa chỉ ":"Xã Đồng Khởi","Hiện trạng":"Kiên cố","Diện tích (m2)":"2229","Số điểm kinh doanh":"35","Phương thức kinh doanh":"Chợ dân sinh","Quy mô chợ":"Hạng 3","Nguồn vốn chợ":"Ngoài Ngân sách nhà nước","Doanh nghiệp/ HTX":"DNTN 6 Hữu","Tổ chức quản lý chợ":null,"layer_id":355,"fid":1029,"label":"Chợ Định Thủy"}},{"type":"Feature","geometry":{"type":"Point","coordinates":[106.202004697,10.29010077]},"properties":{"Chợ":"Chợ Tân Phú","Địa chỉ ":"Xã Tân Phú","Hiện trạng":"Kiên cố","Diện tích (m2)":"1100","Số điểm kinh doanh":"101","Phương thức kinh doanh":"Chợ dân sinh","Quy mô chợ":"Hạng 3","Nguồn vốn chợ":"Ngoài Ngân sách nhà nước","Doanh nghiệp/ HTX":"Công ty TNHH MTV khai thác và quản lý chợ Đồng Khởi","Tổ chức quản lý chợ":null,"layer_id":355,"fid":1031,"label":"Chợ Tân Phú"}},{"type":"Feature","geometry":{"type":"Point","coordinates":[106.186754338,10.268955167]},"properties":{"Chợ":"Chợ Mỹ Phú","Địa chỉ ":"Xã Tân Phú","Hiện trạng":"Kiên cố","Diện tích (m2)":"500","Số điểm kinh doanh":"35","Phương thức kinh doanh":"Chợ dân sinh","Quy mô chợ":"Hạng 3","Nguồn vốn chợ":"Ngoài Ngân sách nhà nước","Doanh nghiệp/ HTX":null,"Tổ chức quản lý chợ":"UBND cấp xã quản lý","layer_id":355,"fid":1032,"label":"Chợ Mỹ Phú"}},{"type":"Feature","geometry":{"type":"Point","coordinates":[106.175763615,10.279187044]},"properties":{"Chợ":"Chợ Tân Bắc","Địa chỉ ":"Xã Tân Phú","Hiện trạng":"Bán kiên cố","Diện tích (m2)":"1400","Số điểm kinh doanh":"57","Phương thức kinh doanh":"Chợ dân sinh","Quy mô chợ":"Hạng 3","Nguồn vốn chợ":"Ngoài Ngân sách nhà nước","Doanh nghiệp/ HTX":null,"Tổ chức quản lý chợ":"UBND cấp xã quản lý","layer_id":355,"fid":1033,"label":"Chợ Tân Bắc"}},{"type":"Feature","geometry":{"type":"Point","coordinates":[106.222803114,10.308940167]},"properties":{"Chợ":"Chợ Phú Đức","Địa chỉ ":"Xã Tân Phú","Hiện trạng":"Bán kiên cố","Diện tích (m2)":"180","Số điểm kinh doanh":"15","Phương thức kinh doanh":"Chợ dân sinh","Quy mô chợ":"Hạng 3","Nguồn vốn chợ":"Ngoài Ngân sách nhà nước","Doanh nghiệp/ HTX":null,"Tổ chức quản lý chợ":"UBND cấp xã quản lý","layer_id":355,"fid":1034,"label":"Chợ Phú Đức"}},{"type":"Feature","geometry":{"type":"Point","coordinates":[106.365969704,10.331725716]},"properties":{"Chợ":"Tân Thạch","Địa chỉ ":"Xã Phú Túc","Hiện trạng":"Kiên cố","Diện tích (m2)":"3273.1","Số điểm kinh doanh":"81","Phương thức kinh doanh":"Chợ dân sinh","Quy mô chợ":"Hạng 3","Nguồn vốn chợ":"Ngoài Ngân sách nhà nước","Doanh nghiệp/ HTX":null,"Tổ chức quản lý chợ":"UBND cấp xã quản lý/Cơ quan chuyên môn về TSKCHT chợ\n(Phòng Kinh tế/ Kinh tế Hạ tầng và Đô thị)","layer_id":355,"fid":1035,"label":"Tân Thạch"}},{"type":"Feature","geometry":{"type":"Point","coordinates":[106.359403673,10.310527368]},"properties":{"Chợ":"Tân Huề Đông","Địa chỉ ":"Xã Phú Túc","Hiện trạng":"Kiên cố","Diện tích (m2)":"800","Số điểm kinh doanh":"90","Phương thức kinh doanh":"Chợ dân sinh","Quy mô chợ":"Hạng 3","Nguồn vốn chợ":"Ngoài Ngân sách nhà nước","Doanh nghiệp/ HTX":null,"Tổ chức quản lý chợ":"UBND cấp xã quản lý/Cơ quan chuyên môn về TSKCHT chợ\n(Phòng Kinh tế/ Kinh tế Hạ tầng và Đô thị)","layer_id":355,"fid":1036,"label":"Tân Huề Đông"}},{"type":"Feature","geometry":{"type":"Point","coordinates":[106.287596653,10.311794201]},"properties":{"Chợ":"An HIệp","Địa chỉ ":"Xã Phú Túc","Hiện trạng":"Kiên cố","Diện tích (m2)":"1297.4","Số điểm kinh doanh":"33","Phương thức kinh doanh":"Chợ dân sinh","Quy mô chợ":"Hạng 3","Nguồn vốn chợ":"Ngoài Ngân sách nhà nước","Doanh nghiệp/ HTX":"Công ty TNHH MTV khai thác và quản lý chợ Đồng Khởi","Tổ chức quản lý chợ":"Cơ quan chuyên môn về TSKCHT chợ","layer_id":355,"fid":1037,"label":"An HIệp"}},{"type":"Feature","geometry":{"type":"Point","coordinates":[106.299766349,10.296858322]},"properties":{"Chợ":"Tường Đa (Tam Dương)","Địa chỉ ":"Xã Phú Túc","Hiện trạng":"Kiên cố","Diện tích (m2)":"1459.2","Số điểm kinh doanh":"40","Phương thức kinh doanh":"Chợ dân sinh","Quy mô chợ":"Hạng 3","Nguồn vốn chợ":"Ngoài Ngân sách nhà nước","Doanh nghiệp/ HTX":"Cty Đầu tư Khai thác chợ An Thuận","Tổ chức quản lý chợ":"Cơ quan chuyên môn về TSKCHT chợ\n(Phòng Kinh tế/ Kinh tế Hạ tầng và Đô thị)","layer_id":355,"fid":1038,"label":"Tường Đa (Tam Dương)"}},{"type":"Feature","geometry":{"type":"Point","coordinates":[106.307439161,10.287035826]},"properties":{"Chợ":"Thạnh Hưng","Địa chỉ ":"Xã Phú Túc","Hiện trạng":"Bán kiên cố","Diện tích (m2)":"100","Số điểm kinh doanh":"10","Phương thức kinh doanh":"Chợ dân sinh","Quy mô chợ":"Hạng 3","Nguồn vốn chợ":"Ngoài Ngân sách nhà nước","Doanh nghiệp/ HTX":null,"Tổ chức quản lý chợ":"UBND cấp xã quản lý/Cơ quan chuyên môn về TSKCHT chợ\n(Phòng Kinh tế/ Kinh tế Hạ tầng và Đô thị)","layer_id":355,"fid":1039,"label":"Thạnh Hưng"}},{"type":"Feature","geometry":{"type":"Point","coordinates":[106.273528177,10.309629785]},"properties":{"Chợ":"Phú Túc","Địa chỉ ":"Xã Phú Túc","Hiện trạng":"Kiên cố","Diện tích (m2)":"1115.4","Số điểm kinh doanh":"35","Phương thức kinh doanh":"Chợ dân sinh","Quy mô chợ":"Hạng 3","Nguồn vốn chợ":"Ngoài Ngân sách nhà nước","Doanh nghiệp/ HTX":"Cty Đầu tư Khai thác chợ An Thuận","Tổ chức quản lý chợ":"Cơ quan chuyên môn về TSKCHT chợ\n(Phòng Kinh tế/ Kinh tế Hạ tầng và Đô thị)","layer_id":355,"fid":1040,"label":"Phú Túc"}},{"type":"Feature","geometry":{"type":"Point","coordinates":[106.292229043,10.317089041]},"properties":{"Chợ":"Phú Mỹ","Địa chỉ ":"Xã Phú Túc","Hiện trạng":"Kiên cố","Diện tích (m2)":"3398.9","Số điểm kinh doanh":"81","Phương thức kinh doanh":"Chợ dân sinh","Quy mô chợ":"Hạng 3","Nguồn vốn chợ":"Ngoài Ngân sách nhà nước","Doanh nghiệp/ HTX":"Cty Đầu tư Khai thác chợ An Thuận","Tổ chức quản lý chợ":"Cơ quan chuyên môn về TSKCHT chợ\n(Phòng Kinh tế/ Kinh tế Hạ tầng và Đô thị)","layer_id":355,"fid":1041,"label":"Phú Mỹ"}},{"type":"Feature","geometry":{"type":"Point","coordinates":[106.282295241,10.316877503]},"properties":{"Chợ":"Cái Nứa","Địa chỉ ":"Xã Phú Túc","Hiện trạng":"Kiên cố","Diện tích (m2)":"486.1","Số điểm kinh doanh":"30","Phương thức kinh doanh":"Chợ dân sinh","Quy mô chợ":"Hạng 3","Nguồn vốn chợ":"Ngoài Ngân sách nhà nước","Doanh nghiệp/ HTX":null,"Tổ chức quản lý chợ":"UBND cấp xã quản lý/Cơ quan chuyên môn về TSKCHT chợ\n(Phòng Kinh tế/ Kinh tế Hạ tầng và Đô thị)","layer_id":355,"fid":1042,"label":"Cái Nứa"}},{"type":"Feature","geometry":{"type":"Point","coordinates":[106.442062776,10.281333547]},"properties":{"Chợ":"Chợ An Hóa","Địa chỉ ":"Xã Giao Long","Hiện trạng":"Bán kiên cố","Diện tích (m2)":"2032","Số điểm kinh doanh":"70","Phương thức kinh doanh":"Chợ dân sinh","Quy mô chợ":"Hạng 3","Nguồn vốn chợ":"Ngoài Ngân sách nhà nước","Doanh nghiệp/ HTX":"Công ty TNHH Thương mại Dư Thủy","Tổ chức quản lý chợ":"Cơ quan chuyên môn về TSKCHT chợ\n(Phòng Kinh tế/ Kinh tế Hạ tầng và Đô thị)","layer_id":355,"fid":1043,"label":"Chợ An Hóa"}},{"type":"Feature","geometry":{"type":"Point","coordinates":[106.334559849,10.209179249]},"properties":{"Chợ":"chợ Xếp","Địa chỉ ":"Xã Tân Thành Bình","Hiện trạng":"Bán kiên cố","Diện tích (m2)":"850","Số điểm kinh doanh":"70","Phương thức kinh doanh":"Chợ dân sinh","Quy mô chợ":"Hạng 3","Nguồn vốn chợ":"Ngân sách nhà nước","Doanh nghiệp/ HTX":null,"Tổ chức quản lý chợ":"UBND cấp xã quản lý/Cơ quan chuyên môn về TSKCHT chợ\n(Phòng Kinh tế/ Kinh tế Hạ tầng và Đô thị)","layer_id":355,"fid":1044,"label":"chợ Xếp"}},{"type":"Feature","geometry":{"type":"Point","coordinates":[106.315508591,10.203364173]},"properties":{"Chợ":"Thành An","Địa chỉ ":"Xã Tân Thành Bình","Hiện trạng":"Bán kiên cố","Diện tích (m2)":"600","Số điểm kinh doanh":"50","Phương thức kinh doanh":"Chợ dân sinh","Quy mô chợ":"Hạng 3","Nguồn vốn chợ":"Ngân sách nhà nước","Doanh nghiệp/ HTX":null,"Tổ chức quản lý chợ":"UBND cấp xã quản lý/Cơ quan chuyên môn về TSKCHT chợ\n(Phòng Kinh tế/ Kinh tế Hạ tầng và Đô thị)","layer_id":355,"fid":1045,"label":"Thành An"}},{"type":"Feature","geometry":{"type":"Point","coordinates":[106.6302078,10.075801]},"properties":{"Chợ":"Phú Ngãi","Địa chỉ ":"Xã Tân Xuân","Hiện trạng":"Kiên cố","Diện tích (m2)":"3598.2","Số điểm kinh doanh":"80","Phương thức kinh doanh":"Chợ dân sinh","Quy mô chợ":"Hạng 3","Nguồn vốn chợ":"Ngân sách nhà nước","Doanh nghiệp/ HTX":null,"Tổ chức quản lý chợ":"UBND cấp xã quản lý","layer_id":355,"fid":1056,"label":"Phú Ngãi"}},{"type":"Feature","geometry":{"type":"Point","coordinates":[106.28796782,10.166095545]},"properties":{"Chợ":"Giồng Keo","Địa chỉ ":"Xã Tân Thành Bình","Hiện trạng":"Bán kiên cố","Diện tích (m2)":"905","Số điểm kinh doanh":"114","Phương thức kinh doanh":"Chợ dân sinh","Quy mô chợ":"Hạng 3","Nguồn vốn chợ":"Ngân sách nhà nước","Doanh nghiệp/ HTX":null,"Tổ chức quản lý chợ":"UBND cấp xã quản lý/Cơ quan chuyên môn về TSKCHT chợ\n(Phòng Kinh tế/ Kinh tế Hạ tầng và Đô thị)","layer_id":355,"fid":1046,"label":"Giồng Keo"}},{"type":"Feature","geometry":{"type":"Point","coordinates":[106.585402609,10.221635435]},"properties":{"Chợ":"Lộc Thuận","Địa chỉ ":"Xã Lộc Thuận","Hiện trạng":"Kiên cố","Diện tích (m2)":"485.8","Số điểm kinh doanh":"13","Phương thức kinh doanh":"Chợ dân sinh","Quy mô chợ":"Hạng 3","Nguồn vốn chợ":"Ngoài Ngân sách nhà nước","Doanh nghiệp/ HTX":"công ty TNHH Kinh doanh khai thác chợ Mekong","Tổ chức quản lý chợ":"Cơ quan chuyên môn về TSKCHT chợ\n(Phòng Kinh tế/ Kinh tế Hạ tầng và Đô thị)","layer_id":355,"fid":1047,"label":"Lộc Thuận"}},{"type":"Feature","geometry":{"type":"Point","coordinates":[106.5492927,10.2522672]},"properties":{"Chợ":"Vang Quới Đông","Địa chỉ ":"Xã Lộc Thuận","Hiện trạng":"Kiên cố","Diện tích (m2)":"2230","Số điểm kinh doanh":"24","Phương thức kinh doanh":"Chợ dân sinh","Quy mô chợ":"Hạng 3","Nguồn vốn chợ":"Ngoài Ngân sách nhà nước","Doanh nghiệp/ HTX":null,"Tổ chức quản lý chợ":"UBND cấp xã quản lý/Cơ quan chuyên môn về TSKCHT chợ\n(Phòng Kinh tế/ Kinh tế Hạ tầng và Đô thị)","layer_id":355,"fid":1048,"label":"Vang Quới Đông"}},{"type":"Feature","geometry":{"type":"Point","coordinates":[106.5314011,10.2584732]},"properties":{"Chợ":"Vang Quới Tây","Địa chỉ ":"Xã Lộc Thuận","Hiện trạng":"Kiên cố","Diện tích (m2)":"1200","Số điểm kinh doanh":"33","Phương thức kinh doanh":"Chợ dân sinh","Quy mô chợ":"Hạng 3","Nguồn vốn chợ":"Ngân sách nhà nước","Doanh nghiệp/ HTX":null,"Tổ chức quản lý chợ":"UBND cấp xã quản lý/Cơ quan chuyên môn về TSKCHT chợ\n(Phòng Kinh tế/ Kinh tế Hạ tầng và Đô thị)","layer_id":355,"fid":1049,"label":"Vang Quới Tây"}},{"type":"Feature","geometry":{"type":"Point","coordinates":[106.585648155,10.219237156]},"properties":{"Chợ":"Vĩnh Thành","Địa chỉ ":"Xã Vĩnh Thành","Hiện trạng":"Kiên cố","Diện tích (m2)":"2176.8","Số điểm kinh doanh":"175","Phương thức kinh doanh":"Chợ dân sinh","Quy mô chợ":"Hạng 3","Nguồn vốn chợ":"Ngoài Ngân sách nhà nước","Doanh nghiệp/ HTX":"Cty Đầu tư khai thác chợ An Thuận","Tổ chức quản lý chợ":null,"layer_id":355,"fid":1050,"label":"Vĩnh Thành"}},{"type":"Feature","geometry":{"type":"Point","coordinates":[106.181007443,10.195962825]},"properties":{"Chợ":"Tân Thiềng","Địa chỉ ":"Xã Vĩnh Thành","Hiện trạng":"Bán kiên cố","Diện tích (m2)":"500","Số điểm kinh doanh":"45","Phương thức kinh doanh":"Chợ dân sinh","Quy mô chợ":"Hạng 3","Nguồn vốn chợ":"Ngoài Ngân sách nhà nước","Doanh nghiệp/ HTX":null,"Tổ chức quản lý chợ":"UBND cấp xã quản lý","layer_id":355,"fid":1051,"label":"Tân Thiềng"}},{"type":"Feature","geometry":{"type":"Point","coordinates":[106.378458296,10.18478359]},"properties":{"Chợ":"Phú Sơn","Địa chỉ ":"Xã Vĩnh Thành","Hiện trạng":"Bán kiên cố","Diện tích (m2)":"500","Số điểm kinh doanh":"13","Phương thức kinh doanh":"Chợ dân sinh","Quy mô chợ":"Hạng 3","Nguồn vốn chợ":"Ngoài Ngân sách nhà nước","Doanh nghiệp/ HTX":null,"Tổ chức quản lý chợ":"UBND cấp xã quản lý","layer_id":355,"fid":1052,"label":"Phú Sơn"}},{"type":"Feature","geometry":{"type":"Point","coordinates":[106.542381089,10.073314395]},"properties":{"Chợ":"Cái Bông","Địa chỉ ":"Xã An Ngãi Trung","Hiện trạng":"Kiên cố","Diện tích (m2)":"21885","Số điểm kinh doanh":"180","Phương thức kinh doanh":"Chợ dân sinh","Quy mô chợ":"Hạng 2","Nguồn vốn chợ":"Ngân sách nhà nước","Doanh nghiệp/ HTX":null,"Tổ chức quản lý chợ":"UBND cấp xã quản lý","layer_id":355,"fid":1053,"label":"Cái Bông"}},{"type":"Feature","geometry":{"type":"Point","coordinates":[106.567303837,10.094137383]},"properties":{"Chợ":"Giồng Chàm","Địa chỉ ":"Xã An Ngãi Trung","Hiện trạng":"Bán kiên cố","Diện tích (m2)":"858","Số điểm kinh doanh":"35","Phương thức kinh doanh":"Chợ dân sinh","Quy mô chợ":"Hạng 3","Nguồn vốn chợ":"Ngân sách nhà nước","Doanh nghiệp/ HTX":null,"Tổ chức quản lý chợ":"UBND cấp xã quản lý","layer_id":355,"fid":1055,"label":"Giồng Chàm"}},{"type":"Feature","geometry":{"type":"Point","coordinates":[106.6173415,10.1315311]},"properties":{"Chợ":"Tân Xuân","Địa chỉ ":"Xã Tân Xuân","Hiện trạng":"Kiên cố","Diện tích (m2)":"2450.2","Số điểm kinh doanh":"110","Phương thức kinh doanh":"Chợ dân sinh","Quy mô chợ":"Hạng 3","Nguồn vốn chợ":"Ngân sách nhà nước","Doanh nghiệp/ HTX":null,"Tổ chức quản lý chợ":"UBND cấp xã quản lý","layer_id":355,"fid":1057,"label":"Tân Xuân"}},{"type":"Feature","geometry":{"type":"Point","coordinates":[106.469233109,10.076854034]},"properties":{"Chợ":"Ngã Ba","Địa chỉ ":"Xã Hưng Nhượng","Hiện trạng":"Bán Kiên cố","Diện tích (m2)":"830","Số điểm kinh doanh":"21","Phương thức kinh doanh":"Chợ dân sinh","Quy mô chợ":"Hạng 3","Nguồn vốn chợ":"Ngân sách nhà nước","Doanh nghiệp/ HTX":null,"Tổ chức quản lý chợ":"UBND cấp xã quản lý","layer_id":355,"fid":1060,"label":"Ngã Ba"}},{"type":"Feature","geometry":{"type":"Point","coordinates":[106.6232359,10.0933877]},"properties":{"Chợ":"Phước Tuy","Địa chỉ ":"Xã Tân Xuân","Hiện trạng":"Kiên cố","Diện tích (m2)":"2753.4","Số điểm kinh doanh":"34","Phương thức kinh doanh":"Chợ dân sinh","Quy mô chợ":"Hạng 3","Nguồn vốn chợ":"Ngân sách nhà nước","Doanh nghiệp/ HTX":null,"Tổ chức quản lý chợ":"UBND cấp xã quản lý","layer_id":355,"fid":1058,"label":"Phước Tuy"}},{"type":"Feature","geometry":{"type":"Point","coordinates":[106.6114474,10.072379]},"properties":{"Chợ":"Phú Lễ","Địa chỉ ":"Xã Tân Xuân","Hiện trạng":"Kiên cố","Diện tích (m2)":"3004.1","Số điểm kinh doanh":"72","Phương thức kinh doanh":"Chợ dân sinh","Quy mô chợ":"Hạng 3","Nguồn vốn chợ":"Ngân sách nhà nước","Doanh nghiệp/ HTX":null,"Tổ chức quản lý chợ":"UBND cấp xã quản lý","layer_id":355,"fid":1059,"label":"Phú Lễ"}},{"type":"Feature","geometry":{"type":"Point","coordinates":[106.493155503,10.097275754]},"properties":{"Chợ":"Sơn Đốc","Địa chỉ ":"Xã Hưng Nhượng","Hiện trạng":"Kiên cố","Diện tích (m2)":"4697.7","Số điểm kinh doanh":"110","Phương thức kinh doanh":"Chợ dân sinh","Quy mô chợ":"Hạng 3","Nguồn vốn chợ":"Ngân sách nhà nước","Doanh nghiệp/ HTX":null,"Tổ chức quản lý chợ":"UBND cấp xã quản lý","layer_id":355,"fid":1061,"label":"Sơn Đốc"}},{"type":"Feature","geometry":{"type":"Point","coordinates":[106.3763238,10.2349933]},"properties":{"Chợ":"Nhà lồng chợ Bến Tre","Địa chỉ ":"P. An Hội","Hiện trạng":"Kiên cố","Diện tích (m2)":"6749.9","Số điểm kinh doanh":"980","Phương thức kinh doanh":"Chợ dân sinh","Quy mô chợ":"Hạng 1","Nguồn vốn chợ":"Ngân sách nhà nước","Doanh nghiệp/ HTX":null,"Tổ chức quản lý chợ":"ĐVSN công lập","layer_id":355,"fid":1062,"label":"Nhà lồng chợ Bến Tre"}},{"type":"Feature","geometry":{"type":"Point","coordinates":[106.3770104,10.2358534]},"properties":{"Chợ":"Trung tâm thương mại Bến Tre","Địa chỉ ":"P. An Hội","Hiện trạng":"Kiên cố","Diện tích (m2)":"1833.8","Số điểm kinh doanh":"259","Phương thức kinh doanh":"Chợ dân sinh","Quy mô chợ":"Hạng 2","Nguồn vốn chợ":"Ngân sách nhà nước","Doanh nghiệp/ HTX":null,"Tổ chức quản lý chợ":"ĐVSN công lập","layer_id":355,"fid":1063,"label":"Trung tâm thương mại Bến Tre"}},{"type":"Feature","geometry":{"type":"Point","coordinates":[106.369267,10.236503]},"properties":{"Chợ":"Nhà lồng chợ Ngã Năm","Địa chỉ ":"P. An Hội","Hiện trạng":"Kiên cố","Diện tích (m2)":"937","Số điểm kinh doanh":"130","Phương thức kinh doanh":"Chợ dân sinh","Quy mô chợ":"Hạng 3","Nguồn vốn chợ":"Ngân sách nhà nước","Doanh nghiệp/ HTX":null,"Tổ chức quản lý chợ":"ĐVSN công lập","layer_id":355,"fid":1064,"label":"Nhà lồng chợ Ngã Năm"}},{"type":"Feature","geometry":{"type":"Point","coordinates":[106.369057309,10.210319622]},"properties":{"Chợ":"Chợ Phú Nhuận","Địa chỉ ":"P. An Hội","Hiện trạng":"Kiên cố","Diện tích (m2)":"160","Số điểm kinh doanh":"50","Phương thức kinh doanh":"Chợ dân sinh","Quy mô chợ":"Hạng 3","Nguồn vốn chợ":"Ngân sách nhà nước","Doanh nghiệp/ HTX":null,"Tổ chức quản lý chợ":"UBND cấp xã quản lý","layer_id":355,"fid":1065,"label":"Chợ Phú Nhuận"}},{"type":"Feature","geometry":{"type":"Point","coordinates":[106.378162,10.1846809]},"properties":{"Chợ":"Chợ Sơn Phú","Địa chỉ ":"P. An Hội","Hiện trạng":"Kiên cố","Diện tích (m2)":"336","Số điểm kinh doanh":"62","Phương thức kinh doanh":"Chợ dân sinh","Quy mô chợ":"Hạng 3","Nguồn vốn chợ":"Ngân sách nhà nước","Doanh nghiệp/ HTX":null,"Tổ chức quản lý chợ":"UBND cấp xã quản lý","layer_id":355,"fid":1066,"label":"Chợ Sơn Phú"}},{"type":"Feature","geometry":{"type":"Point","coordinates":[106.3823439,10.2352945]},"properties":{"Chợ":"Chợ Đầu mối nông sản","Địa chỉ ":"P. Phú Khương","Hiện trạng":"kiến cố","Diện tích (m2)":"6053.1","Số điểm kinh doanh":"210","Phương thức kinh doanh":"Chợ đầu mối","Quy mô chợ":"Hạng 3","Nguồn vốn chợ":"Ngân sách nhà nước","Doanh nghiệp/ HTX":null,"Tổ chức quản lý chợ":"ĐVSN công lập","layer_id":355,"fid":1067,"label":"Chợ Đầu mối nông sản"}},{"type":"Feature","geometry":{"type":"Point","coordinates":[106.407096655,10.234162177]},"properties":{"Chợ":"Chợ Giữa","Địa chỉ ":"P. Phú Khương","Hiện trạng":"kiến cố","Diện tích (m2)":"1832.6","Số điểm kinh doanh":"135","Phương thức kinh doanh":"Chợ dân sinh","Quy mô chợ":"Hạng 3","Nguồn vốn chợ":"Ngân sách nhà nước","Doanh nghiệp/ HTX":null,"Tổ chức quản lý chợ":"ĐVSN công lập","layer_id":355,"fid":1068,"label":"Chợ Giữa"}},{"type":"Feature","geometry":{"type":"Point","coordinates":[106.389741449,10.237264824]},"properties":{"Chợ":"An Hòa","Địa chỉ ":"P. Phú Khương","Hiện trạng":"kiến cố","Diện tích (m2)":"435.8","Số điểm kinh doanh":"39","Phương thức kinh doanh":"Chợ dân sinh","Quy mô chợ":"Hạng 3","Nguồn vốn chợ":"Ngân sách nhà nước","Doanh nghiệp/ HTX":null,"Tổ chức quản lý chợ":"ĐVSN công lập","layer_id":355,"fid":1069,"label":"An Hòa"}},{"type":"Feature","geometry":{"type":"Point","coordinates":[106.607489702,9.998336475]},"properties":{"Chợ":"Lạc Hồng","Địa chỉ ":"P. Phú Khương","Hiện trạng":"kiến cố","Diện tích (m2)":"5037.5","Số điểm kinh doanh":"184","Phương thức kinh doanh":"Chợ dân sinh","Quy mô chợ":"Hạng 3","Nguồn vốn chợ":"Ngân sách nhà nước","Doanh nghiệp/ HTX":null,"Tổ chức quản lý chợ":"ĐVSN công lập","layer_id":355,"fid":1070,"label":"Lạc Hồng"}},{"type":"Feature","geometry":{"type":"Point","coordinates":[106.384079518,10.259569039]},"properties":{"Chợ":"Tú Điền","Địa chỉ ":"P. Phú Khương","Hiện trạng":"kiến cố","Diện tích (m2)":"804.9","Số điểm kinh doanh":"101","Phương thức kinh doanh":"Chợ dân sinh","Quy mô chợ":"Hạng 3","Nguồn vốn chợ":"Ngoài Ngân sách nhà nước","Doanh nghiệp/ HTX":null,"Tổ chức quản lý chợ":"ĐVSN công lập","layer_id":355,"fid":1071,"label":"Tú Điền"}},{"type":"Feature","geometry":{"type":"Point","coordinates":[106.3993658,10.2131172]},"properties":{"Chợ":"Nhơn Thạnh","Địa chỉ ":"P. Phú Khương","Hiện trạng":"kiến cố","Diện tích (m2)":"1453","Số điểm kinh doanh":"28","Phương thức kinh doanh":"Chợ dân sinh","Quy mô chợ":"Hạng 3","Nguồn vốn chợ":"Ngân sách nhà nước","Doanh nghiệp/ HTX":null,"Tổ chức quản lý chợ":"UBND cấp xã quản lý","layer_id":355,"fid":1072,"label":"Nhơn Thạnh"}},{"type":"Feature","geometry":{"type":"Point","coordinates":[106.293406,10.2510671]},"properties":{"Chợ":"Thanh tân","Địa chỉ ":"P. Bến Tre","Hiện trạng":"Kiên cố","Diện tích (m2)":"2463","Số điểm kinh doanh":"137","Phương thức kinh doanh":"Chợ dân sinh","Quy mô chợ":"Hạng 3","Nguồn vốn chợ":"Ngân sách nhà nước","Doanh nghiệp/ HTX":null,"Tổ chức quản lý chợ":"UBND cấp xã quản lý","layer_id":355,"fid":1073,"label":"Thanh tân"}},{"type":"Feature","geometry":{"type":"Point","coordinates":[106.3434358,10.2403718]},"properties":{"Chợ":"Bình phú","Địa chỉ ":"P. Bến Tre","Hiện trạng":"Bán Kiên cố","Diện tích (m2)":"600","Số điểm kinh doanh":"22","Phương thức kinh doanh":"Chợ dân sinh","Quy mô chợ":"Hạng 3","Nguồn vốn chợ":"Ngân sách nhà nước","Doanh nghiệp/ HTX":null,"Tổ chức quản lý chợ":"UBND cấp xã quản lý","layer_id":355,"fid":1074,"label":"Bình phú"}},{"type":"Feature","geometry":{"type":"Point","coordinates":[106.35784532,10.233981958]},"properties":{"Chợ":"phường 7","Địa chỉ ":"P. Bến Tre","Hiện trạng":"Bán Kiên cố","Diện tích (m2)":"1000","Số điểm kinh doanh":"156","Phương thức kinh doanh":"Chợ dân sinh","Quy mô chợ":"Hạng 3","Nguồn vốn chợ":"Ngoài Ngân sách nhà nước","Doanh nghiệp/ HTX":"Cty CP Bạch Đằng","Tổ chức quản lý chợ":null,"layer_id":355,"fid":1075,"label":"phường 7"}},{"type":"Feature","geometry":{"type":"Point","coordinates":[106.395192182,10.265753072]},"properties":{"Chợ":"Hữu Định","Địa chỉ ":"P. Phú Tân","Hiện trạng":"Kiên cố","Diện tích (m2)":"876.5","Số điểm kinh doanh":"31","Phương thức kinh doanh":"Chợ dân sinh","Quy mô chợ":"Hạng 3","Nguồn vốn chợ":"Ngoài Ngân sách nhà nước","Doanh nghiệp/ HTX":"Cty CP đầu tư xây dựng chợ An Thuận","Tổ chức quản lý chợ":null,"layer_id":355,"fid":1076,"label":"Hữu Định"}},{"type":"Feature","geometry":{"type":"Point","coordinates":[106.494609917,10.133064318]},"properties":{"Chợ":"Tân Thành","Địa chỉ ":"P. Phú Tân","Hiện trạng":"Kiên cố","Diện tích (m2)":"4838.4","Số điểm kinh doanh":"279","Phương thức kinh doanh":"Chợ dân sinh","Quy mô chợ":"Hạng 3","Nguồn vốn chợ":"Ngoài Ngân sách nhà nước","Doanh nghiệp/ HTX":"CÔNG TY CỔ PHẦN XÂY DỰNG VÀ KINH DOANH NHÀ BẾN TRE","Tổ chức quản lý chợ":null,"layer_id":355,"fid":1077,"label":"Tân Thành"}},{"type":"Feature","geometry":{"type":"Point","coordinates":[106.362048089,10.247149175]},"properties":{"Chợ":"Phường 6","Địa chỉ ":"P. Sơn Đông","Hiện trạng":"Kiên cố","Diện tích (m2)":"1643","Số điểm kinh doanh":"74","Phương thức kinh doanh":"Chợ dân sinh","Quy mô chợ":"Hạng 3","Nguồn vốn chợ":"Ngân sách nhà nước","Doanh nghiệp/ HTX":null,"Tổ chức quản lý chợ":"ĐVSN công lập","layer_id":355,"fid":1078,"label":"Phường 6"}},{"type":"Feature","geometry":{"type":"Point","coordinates":[106.335132736,10.267591976]},"properties":{"Chợ":"Sơn Đông","Địa chỉ ":"P. Sơn Đông","Hiện trạng":"Kiên cố","Diện tích (m2)":"1605.6","Số điểm kinh doanh":"86","Phương thức kinh doanh":"Chợ dân sinh","Quy mô chợ":"Hạng 3","Nguồn vốn chợ":"Ngân sách nhà nước","Doanh nghiệp/ HTX":null,"Tổ chức quản lý chợ":"ĐVSN công lập","layer_id":355,"fid":1079,"label":"Sơn Đông"}},{"type":"Feature","geometry":{"type":"Point","coordinates":[106.3552838,10.287895374]},"properties":{"Chợ":"Tam Phước","Địa chỉ ":"P. Sơn Đông","Hiện trạng":"Kiên cố","Diện tích (m2)":"926.7","Số điểm kinh doanh":"78","Phương thức kinh doanh":"Chợ dân sinh","Quy mô chợ":"Hạng 3","Nguồn vốn chợ":"Ngoài Ngân sách nhà nước","Doanh nghiệp/ HTX":"Cty TNHH MTV Lê Nhựt Quang","Tổ chức quản lý chợ":"UBND cấp xã quản lý","layer_id":355,"fid":1080,"label":"Tam Phước"}}]}
