{"type":"FeatureCollection","name":"Phật giáo Bắc tông","metadata":{"source":"https://hatang.vinhlong.gov.vn/","downloaded_at":"2026-07-20T01:18:53+00:00","layer_id":359,"layer_name":"Phật giáo Bắc tông","catalog_endpoints":["/map/publicLayers2?inputs=sodttg"],"requested_bbox":[104.0,8.0,108.0,12.0],"tile_size":0.0,"tile_count":1,"tile_errors":[],"feature_count":582,"coordinate_order":"x,y (thường là longitude,latitude theo cấu hình EPSG:4326 của WebGIS)"},"features":[{"type":"Feature","geometry":{"type":"Point","coordinates":[105.964326102,10.255556569]},"properties":{"Phật giáo Bắc tông":"Tịnh xá Ngọc Viên","Tôn Kính":null,"Địa chỉ":"14/20/2, Xóm Chài, Phường Long Chậu","Tông phái":null,"layer_id":359,"fid":151,"label":"Tịnh xá Ngọc Viên"}},{"type":"Feature","geometry":{"type":"Point","coordinates":[105.967533104,10.252351111]},"properties":{"Phật giáo Bắc tông":"Tịnh xá Ngọc Thuận","Tôn Kính":null,"Địa chỉ":"8/1, Ngô Quyền, khóm 3, Phường Long Chậu","Tông phái":null,"layer_id":359,"fid":152,"label":"Tịnh xá Ngọc Thuận"}},{"type":"Feature","geometry":{"type":"Point","coordinates":[105.955598782,10.233171004]},"properties":{"Phật giáo Bắc tông":"Tịnh xá Ngọc Nhẫn","Tôn Kính":null,"Địa chỉ":"68, Đinh Tiên Hoàng, Phường Tận Hạnh","Tông phái":null,"layer_id":359,"fid":153,"label":"Tịnh xá Ngọc Nhẫn"}},{"type":"Feature","geometry":{"type":"Point","coordinates":[105.906653383,10.267905448]},"properties":{"Phật giáo Bắc tông":"Tịnh xá Ngọc Chơn","Tôn Kính":null,"Địa chỉ":"275, khóm Tân Phú, phường Tân Ngãi","Tông phái":null,"layer_id":359,"fid":154,"label":"Tịnh xá Ngọc Chơn"}},{"type":"Feature","geometry":{"type":"Point","coordinates":[105.968284602,10.252087042]},"properties":{"Phật giáo Bắc tông":"Tịnh xá Ngọc Vi","Tôn Kính":null,"Địa chỉ":"23/14, khóm 1, Phường Phước Hậu","Tông phái":null,"layer_id":359,"fid":155,"label":"Tịnh xá Ngọc Vi"}},{"type":"Feature","geometry":{"type":"Point","coordinates":[105.906486105,10.248687885]},"properties":{"Phật giáo Bắc tông":"Tịnh xá Ngọc Liên","Tôn Kính":null,"Địa chỉ":"10, khóm Tân Nhơn, phường Tân Ngãi","Tông phái":null,"layer_id":359,"fid":156,"label":"Tịnh xá Ngọc Liên"}},{"type":"Feature","geometry":{"type":"Point","coordinates":[105.947014423,10.259293336]},"properties":{"Phật giáo Bắc tông":"Tịnh xá Ngọc Tân","Tôn Kính":null,"Địa chỉ":"136/1, Phạm Hùng, khóm 5, Phường Long Châu","Tông phái":null,"layer_id":359,"fid":157,"label":"Tịnh xá Ngọc Tân"}},{"type":"Feature","geometry":{"type":"Point","coordinates":[105.899964679,10.273412558]},"properties":{"Phật giáo Bắc tông":"Tịnh xá Ngọc Hoà","Tôn Kính":null,"Địa chỉ":"22, khóm Tân Hưng, phường Tân Ngãi","Tông phái":null,"layer_id":359,"fid":158,"label":"Tịnh xá Ngọc Hoà"}},{"type":"Feature","geometry":{"type":"Point","coordinates":[105.937476794,10.262505048]},"properties":{"Phật giáo Bắc tông":"Thiền viện Ngọc Hạnh","Tôn Kính":null,"Địa chỉ":"167/17, phường Long Châu","Tông phái":null,"layer_id":359,"fid":159,"label":"Thiền viện Ngọc Hạnh"}},{"type":"Feature","geometry":{"type":"Point","coordinates":[105.9835729,10.256020698]},"properties":{"Phật giáo Bắc tông":"Chùa Siêu Lý","Tôn Kính":null,"Địa chỉ":"162/8, đường 14/9, Phường Thanh Đức","Tông phái":null,"layer_id":359,"fid":160,"label":"Chùa Siêu Lý"}},{"type":"Feature","geometry":{"type":"Point","coordinates":[105.986135365,10.239022834]},"properties":{"Phật giáo Bắc tông":"Chùa Viên Giác","Tôn Kính":null,"Địa chỉ":"50/5, Trần Phú, Phường Phước Hậu","Tông phái":null,"layer_id":359,"fid":161,"label":"Chùa Viên Giác"}},{"type":"Feature","geometry":{"type":"Point","coordinates":[105.912363936,10.266893289]},"properties":{"Phật giáo Bắc tông":"Chùa Như Pháp","Tôn Kính":null,"Địa chỉ":"khóm Tân Quới, phường Tân Ngãi","Tông phái":null,"layer_id":359,"fid":162,"label":"Chùa Như Pháp"}},{"type":"Feature","geometry":{"type":"Point","coordinates":[105.930331555,10.265235999]},"properties":{"Phật giáo Bắc tông":"Chùa Phước Hưng","Tôn Kính":null,"Địa chỉ":"khóm 2, Phường Long Châu","Tông phái":null,"layer_id":359,"fid":163,"label":"Chùa Phước Hưng"}},{"type":"Feature","geometry":{"type":"Point","coordinates":[105.912408874,10.266148042]},"properties":{"Phật giáo Bắc tông":"Chùa Phước Hưng","Tôn Kính":null,"Địa chỉ":"56A, khóm Tân Quới, phường Tân Ngãi","Tông phái":null,"layer_id":359,"fid":164,"label":"Chùa Phước Hưng"}},{"type":"Feature","geometry":{"type":"Point","coordinates":[105.982936086,10.25542852]},"properties":{"Phật giáo Bắc tông":"Chùa Phước Hưng","Tôn Kính":null,"Địa chỉ":"144/20, đường 14/9, Phường Thanh Đức","Tông phái":null,"layer_id":359,"fid":165,"label":"Chùa Phước Hưng"}},{"type":"Feature","geometry":{"type":"Point","coordinates":[105.979357474,10.254610284]},"properties":{"Phật giáo Bắc tông":"Chùa Long Quang","Tôn Kính":null,"Địa chỉ":"14/9, khóm 3, Phường Thanh Đức","Tông phái":null,"layer_id":359,"fid":166,"label":"Chùa Long Quang"}},{"type":"Feature","geometry":{"type":"Point","coordinates":[105.918332436,10.249942442]},"properties":{"Phật giáo Bắc tông":"Chùa Trường An","Tôn Kính":null,"Địa chỉ":"khóm Vĩnh Phú, phường Tân Ngãi,","Tông phái":null,"layer_id":359,"fid":167,"label":"Chùa Trường An"}},{"type":"Feature","geometry":{"type":"Point","coordinates":[105.972996567,10.245357368]},"properties":{"Phật giáo Bắc tông":"Chùa Chánh Niệm","Tôn Kính":null,"Địa chỉ":"191/8, Lò Rèn, khóm 1, Phường  Phước Hậu","Tông phái":null,"layer_id":359,"fid":168,"label":"Chùa Chánh Niệm"}},{"type":"Feature","geometry":{"type":"Point","coordinates":[105.968173184,10.251524236]},"properties":{"Phật giáo Bắc tông":"Chùa Long Hoà","Tôn Kính":null,"Địa chỉ":"15/2B, khóm 1, Phường Phước Hậu","Tông phái":null,"layer_id":359,"fid":169,"label":"Chùa Long Hoà"}},{"type":"Feature","geometry":{"type":"Point","coordinates":[105.89893601,10.272356873]},"properties":{"Phật giáo Bắc tông":"Chùa Long Hoà","Tôn Kính":null,"Địa chỉ":"156, khóm Tân Thạnh, phường Tân Ngãi","Tông phái":null,"layer_id":359,"fid":170,"label":"Chùa Long Hoà"}},{"type":"Feature","geometry":{"type":"Point","coordinates":[105.880060819,10.263827779]},"properties":{"Phật giáo Bắc tông":"Chùa Đông Sơn","Tôn Kính":null,"Địa chỉ":"khóm Tân Thạnh, phường Tân Ngãi","Tông phái":null,"layer_id":359,"fid":171,"label":"Chùa Đông Sơn"}},{"type":"Feature","geometry":{"type":"Point","coordinates":[105.934857252,10.264112847]},"properties":{"Phật giáo Bắc tông":"Chùa Hội Đức","Tôn Kính":null,"Địa chỉ":"268, khóm Tân Quới Đông, phường Long Châu","Tông phái":null,"layer_id":359,"fid":172,"label":"Chùa Hội Đức"}},{"type":"Feature","geometry":{"type":"Point","coordinates":[105.919042581,10.258823017]},"properties":{"Phật giáo Bắc tông":"Chùa Phước Thạnh","Tôn Kính":null,"Địa chỉ":"phường Tân Ngãi, ","Tông phái":null,"layer_id":359,"fid":173,"label":"Chùa Phước Thạnh"}},{"type":"Feature","geometry":{"type":"Point","coordinates":[105.898282673,10.270413607]},"properties":{"Phật giáo Bắc tông":"Chùa Long Thạnh","Tôn Kính":null,"Địa chỉ":"142, khóm Mỹ Thuận, phường Tân Ngãi","Tông phái":null,"layer_id":359,"fid":174,"label":"Chùa Long Thạnh"}},{"type":"Feature","geometry":{"type":"Point","coordinates":[105.966739654,10.246153648]},"properties":{"Phật giáo Bắc tông":"Chùa Long Thạnh","Tôn Kính":null,"Địa chỉ":"225/1, Lò Rèn, khóm 1, Phường Phước Hậu","Tông phái":null,"layer_id":359,"fid":175,"label":"Chùa Long Thạnh"}},{"type":"Feature","geometry":{"type":"Point","coordinates":[105.967077355,10.258304923]},"properties":{"Phật giáo Bắc tông":"Chùa Phước Châu","Tôn Kính":null,"Địa chỉ":"54, Lê Thái Tổ, khóm 1, PhườngLong Châu","Tông phái":null,"layer_id":359,"fid":176,"label":"Chùa Phước Châu"}},{"type":"Feature","geometry":{"type":"Point","coordinates":[105.986989671,10.251527435]},"properties":{"Phật giáo Bắc tông":"Chùa Long Khánh","Tôn Kính":null,"Địa chỉ":"28, đường 8/3, Phường 5 Thanh Đức","Tông phái":null,"layer_id":359,"fid":177,"label":"Chùa Long Khánh"}},{"type":"Feature","geometry":{"type":"Point","coordinates":[105.903533123,10.236969445]},"properties":{"Phật giáo Bắc tông":"Chùa Vạn Linh","Tôn Kính":null,"Địa chỉ":"45, khóm Tân Nhơn, phường Tân Ngãi","Tông phái":null,"layer_id":359,"fid":178,"label":"Chùa Vạn Linh"}},{"type":"Feature","geometry":{"type":"Point","coordinates":[105.982295448,10.246798594]},"properties":{"Phật giáo Bắc tông":"Chùa Pháp Hải","Tôn Kính":null,"Địa chỉ":"195/2, khóm 3, Trần Phú, PhườngPhước Hậu","Tông phái":null,"layer_id":359,"fid":179,"label":"Chùa Pháp Hải"}},{"type":"Feature","geometry":{"type":"Point","coordinates":[105.979051279,10.249391897]},"properties":{"Phật giáo Bắc tông":"Chùa Giác Thiên","Tôn Kính":null,"Địa chỉ":"70, Trần Phú, Phường Phước Hậu","Tông phái":null,"layer_id":359,"fid":180,"label":"Chùa Giác Thiên"}},{"type":"Feature","geometry":{"type":"Point","coordinates":[105.970551933,10.246418758]},"properties":{"Phật giáo Bắc tông":"Chùa Bửu Thanh","Tôn Kính":null,"Địa chỉ":"42/4, khóm 2, Phường Phước Hậu","Tông phái":null,"layer_id":359,"fid":181,"label":"Chùa Bửu Thanh"}},{"type":"Feature","geometry":{"type":"Point","coordinates":[105.961911677,10.255212059]},"properties":{"Phật giáo Bắc tông":"Chùa Long An","Tôn Kính":null,"Địa chỉ":"40/2, Nguyễn Huệ, Phường Long Châu","Tông phái":null,"layer_id":359,"fid":182,"label":"Chùa Long An"}},{"type":"Feature","geometry":{"type":"Point","coordinates":[105.92980098,10.266656114]},"properties":{"Phật giáo Bắc tông":"Chùa Quán Âm","Tôn Kính":null,"Địa chỉ":"29, khóm Tân Xuân, phường Tân Ngãi","Tông phái":null,"layer_id":359,"fid":183,"label":"Chùa Quán Âm"}},{"type":"Feature","geometry":{"type":"Point","coordinates":[105.976564338,10.256226594]},"properties":{"Phật giáo Bắc tông":"Chùa Long Thiền","Tôn Kính":null,"Địa chỉ":"82, Nguyễn Chí Thanh, Phường Thanh Đức ","Tông phái":null,"layer_id":359,"fid":184,"label":"Chùa Long Thiền"}},{"type":"Feature","geometry":{"type":"Point","coordinates":[105.924875735,10.27111116]},"properties":{"Phật giáo Bắc tông":"Chùa Bình An","Tôn Kính":null,"Địa chỉ":"247C, khóm Tân Vĩnh Thuận, phường Tân Ngãi","Tông phái":null,"layer_id":359,"fid":185,"label":"Chùa Bình An"}},{"type":"Feature","geometry":{"type":"Point","coordinates":[105.910525753,10.268387467]},"properties":{"Phật giáo Bắc tông":"Tịnh thất Hương Vân","Tôn Kính":null,"Địa chỉ":"309A, khóm Vĩnh Hoà, phường Tân Ngãi,","Tông phái":null,"layer_id":359,"fid":186,"label":"Tịnh thất Hương Vân"}},{"type":"Feature","geometry":{"type":"Point","coordinates":[105.964337045,10.253016104]},"properties":{"Phật giáo Bắc tông":"Chùa Giác Hoà","Tôn Kính":null,"Địa chỉ":"24/1/1, Lê Thị Hồng Gấm, Phường Long Châu","Tông phái":null,"layer_id":359,"fid":187,"label":"Chùa Giác Hoà"}},{"type":"Feature","geometry":{"type":"Point","coordinates":[105.976961552,10.258488807]},"properties":{"Phật giáo Bắc tông":"Chùa Thanh Châu","Tôn Kính":null,"Địa chỉ":"69/3, Nguyễn Chí Thanh, khóm 1, Phường Thanh Đức","Tông phái":null,"layer_id":359,"fid":188,"label":"Chùa Thanh Châu"}},{"type":"Feature","geometry":{"type":"Point","coordinates":[105.892170717,10.249698436]},"properties":{"Phật giáo Bắc tông":"Chùa An Long","Tôn Kính":null,"Địa chỉ":"207, khóm Tân Bình, phường Tân Ngãi","Tông phái":null,"layer_id":359,"fid":189,"label":"Chùa An Long"}},{"type":"Feature","geometry":{"type":"Point","coordinates":[105.980032738,10.247012113]},"properties":{"Phật giáo Bắc tông":"Chùa Long Viễn","Tôn Kính":null,"Địa chỉ":"126/27, Trần Phú, Phường Phước Hậu","Tông phái":null,"layer_id":359,"fid":190,"label":"Chùa Long Viễn"}},{"type":"Feature","geometry":{"type":"Point","coordinates":[105.98218915,10.250003854]},"properties":{"Phật giáo Bắc tông":"Chùa Long Phước","Tôn Kính":null,"Địa chỉ":"129/9, đường 8/3, Phường Thanh Đức","Tông phái":null,"layer_id":359,"fid":191,"label":"Chùa Long Phước"}},{"type":"Feature","geometry":{"type":"Point","coordinates":[105.915494723,10.264912561]},"properties":{"Phật giáo Bắc tông":"Chùa Phật Ngọc Xá Lợi","Tôn Kính":null,"Địa chỉ":"khóm Vĩnh Hoà, phường Tân Ngãi, ","Tông phái":null,"layer_id":359,"fid":192,"label":"Chùa Phật Ngọc Xá Lợi"}},{"type":"Feature","geometry":{"type":"Point","coordinates":[105.904013514,10.270245493]},"properties":{"Phật giáo Bắc tông":"Chùa Giác Huệ","Tôn Kính":null,"Địa chỉ":"72, khóm Tân Hưng, phường Tân Ngãi","Tông phái":null,"layer_id":359,"fid":193,"label":"Chùa Giác Huệ"}},{"type":"Feature","geometry":{"type":"Point","coordinates":[105.896192723,10.256993123]},"properties":{"Phật giáo Bắc tông":"Chùa  Hòa Long","Tôn Kính":null,"Địa chỉ":"99C, khóm Tân Bình, phường Tân Ngãi","Tông phái":null,"layer_id":359,"fid":194,"label":"Chùa  Hòa Long"}},{"type":"Feature","geometry":{"type":"Point","coordinates":[105.947392326,10.238224387]},"properties":{"Phật giáo Bắc tông":"Chùa Phổ Minh","Tôn Kính":null,"Địa chỉ":"khóm 5, Phường Tân Thạnh","Tông phái":null,"layer_id":359,"fid":195,"label":"Chùa Phổ Minh"}},{"type":"Feature","geometry":{"type":"Point","coordinates":[105.985287794,10.250473227]},"properties":{"Phật giáo Bắc tông":"Tịnh xá Ngọc Thường","Tôn Kính":null,"Địa chỉ":"khóm 5, Phường Thanh Đức","Tông phái":null,"layer_id":359,"fid":196,"label":"Tịnh xá Ngọc Thường"}},{"type":"Feature","geometry":{"type":"Point","coordinates":[105.947505696,10.237121373]},"properties":{"Phật giáo Bắc tông":"Chùa Quan Âm","Tôn Kính":null,"Địa chỉ":"khóm 5, Phường Tân Thạnh","Tông phái":null,"layer_id":359,"fid":197,"label":"Chùa Quan Âm"}},{"type":"Feature","geometry":{"type":"Point","coordinates":[105.930934138,10.257141936]},"properties":{"Phật giáo Bắc tông":"Chùa Phổ Hòa","Tôn Kính":null,"Địa chỉ":"khóm Tân Quới Tây, phường Long Châu","Tông phái":null,"layer_id":359,"fid":198,"label":"Chùa Phổ Hòa"}},{"type":"Feature","geometry":{"type":"Point","coordinates":[105.947835635,10.213813478]},"properties":{"Phật giáo Bắc tông":"Tịnh xá Ngọc Phát","Tôn Kính":null,"Địa chỉ":"ấp Tân Hưng, phường Tân Hạnh","Tông phái":null,"layer_id":359,"fid":199,"label":"Tịnh xá Ngọc Phát"}},{"type":"Feature","geometry":{"type":"Point","coordinates":[105.884300694,10.154055707]},"properties":{"Phật giáo Bắc tông":"Tịnh thất Pháp Hoa","Tôn Kính":null,"Địa chỉ":"3, khóm 3,xã Long Hồ,","Tông phái":null,"layer_id":359,"fid":200,"label":"Tịnh thất Pháp Hoa"}},{"type":"Feature","geometry":{"type":"Point","coordinates":[106.000777163,10.313593201]},"properties":{"Phật giáo Bắc tông":"Chùa Phước Vân","Tôn Kính":null,"Địa chỉ":"ấp Thuận Long, xã An Bình","Tông phái":null,"layer_id":359,"fid":201,"label":"Chùa Phước Vân"}},{"type":"Feature","geometry":{"type":"Point","coordinates":[105.985473023,10.219086445]},"properties":{"Phật giáo Bắc tông":"Chùa Vạn Phước","Tôn Kính":null,"Địa chỉ":"ấp Long Thuận, xã Long Hồ","Tông phái":null,"layer_id":359,"fid":202,"label":"Chùa Vạn Phước"}},{"type":"Feature","geometry":{"type":"Point","coordinates":[105.997208252,10.257782021]},"properties":{"Phật giáo Bắc tông":"Thiền Viện Sơn Thắng","Tôn Kính":null,"Địa chỉ":"1/1, ấp Thanh Mỹ 1, phường Thanh Đức, ","Tông phái":null,"layer_id":359,"fid":203,"label":"Thiền Viện Sơn Thắng"}},{"type":"Feature","geometry":{"type":"Point","coordinates":[106.020963923,10.17760279]},"properties":{"Phật giáo Bắc tông":"Chùa Phước Huệ","Tôn Kính":null,"Địa chỉ":"101/5, ấp An Phú A, xã Long Hồ","Tông phái":null,"layer_id":359,"fid":204,"label":"Chùa Phước Huệ"}},{"type":"Feature","geometry":{"type":"Point","coordinates":[105.991302652,10.225939192]},"properties":{"Phật giáo Bắc tông":"Chùa Phước Viên","Tôn Kính":null,"Địa chỉ":"189/11, ấp Long Thuận A, xã Long Hồ","Tông phái":null,"layer_id":359,"fid":205,"label":"Chùa Phước Viên"}},{"type":"Feature","geometry":{"type":"Point","coordinates":[106.006553992,10.203232237]},"properties":{"Phật giáo Bắc tông":"Chùa Long Tín","Tôn Kính":null,"Địa chỉ":"10/1, khóm 6, xã Long Hồ, ","Tông phái":null,"layer_id":359,"fid":206,"label":"Chùa Long Tín"}},{"type":"Feature","geometry":{"type":"Point","coordinates":[105.966026736,10.227180257]},"properties":{"Phật giáo Bắc tông":"Chùa Linh Phước","Tôn Kính":null,"Địa chỉ":"43/3, ấp Phước Hạnh A, phường Phước Hậu, ","Tông phái":null,"layer_id":359,"fid":207,"label":"Chùa Linh Phước"}},{"type":"Feature","geometry":{"type":"Point","coordinates":[105.969078908,10.263123876]},"properties":{"Phật giáo Bắc tông":"Chùa Tiên Châu","Tôn Kính":null,"Địa chỉ":"237/20, ấp Bình Lương, xã An Bình, ","Tông phái":null,"layer_id":359,"fid":208,"label":"Chùa Tiên Châu"}},{"type":"Feature","geometry":{"type":"Point","coordinates":[106.006693467,10.203232237]},"properties":{"Phật giáo Bắc tông":"Chùa Giác Huê","Tôn Kính":null,"Địa chỉ":"137/10, ấp Hoà Phú, xã Hoà Ninh, ","Tông phái":null,"layer_id":359,"fid":209,"label":"Chùa Giác Huê"}},{"type":"Feature","geometry":{"type":"Point","coordinates":[105.997337936,10.200301364]},"properties":{"Phật giáo Bắc tông":"Chùa Phước An","Tôn Kính":null,"Địa chỉ":"148/10, ấp Phước Tân, xã Phú Quới","Tông phái":null,"layer_id":359,"fid":210,"label":"Chùa Phước An"}},{"type":"Feature","geometry":{"type":"Point","coordinates":[105.977502223,10.183809888]},"properties":{"Phật giáo Bắc tông":"Chùa Long Thành","Tôn Kính":null,"Địa chỉ":"121/7, ấp Hưng Quới, phường Thanh Đức,","Tông phái":null,"layer_id":359,"fid":211,"label":"Chùa Long Thành"}},{"type":"Feature","geometry":{"type":"Point","coordinates":[106.004572994,10.182426067]},"properties":{"Phật giáo Bắc tông":"Chùa Linh Khánh","Tôn Kính":null,"Địa chỉ":"38A/3, ấp Bà Lang, xã  Long Hồ ","Tông phái":null,"layer_id":359,"fid":212,"label":"Chùa Linh Khánh"}},{"type":"Feature","geometry":{"type":"Point","coordinates":[105.977534409,10.183894367]},"properties":{"Phật giáo Bắc tông":"Chùa Long Thạnh","Tôn Kính":null,"Địa chỉ":"ấp An Thành, xã Tân Phú","Tông phái":null,"layer_id":359,"fid":213,"label":"Chùa Long Thạnh"}},{"type":"Feature","geometry":{"type":"Point","coordinates":[105.994756567,10.232986304]},"properties":{"Phật giáo Bắc tông":"Chùa Kỳ Viên","Tôn Kính":null,"Địa chỉ":"ấp Hưng Quới, phường Thanh Đức, ","Tông phái":null,"layer_id":359,"fid":214,"label":"Chùa Kỳ Viên"}},{"type":"Feature","geometry":{"type":"Point","coordinates":[105.960731836,10.218746259]},"properties":{"Phật giáo Bắc tông":"Chùa An Lạc","Tôn Kính":null,"Địa chỉ":"221A, ấp Phước Hanh A,phường Phước Hậu, ","Tông phái":null,"layer_id":359,"fid":215,"label":"Chùa An Lạc"}},{"type":"Feature","geometry":{"type":"Point","coordinates":[105.923443865,10.159698817]},"properties":{"Phật giáo Bắc tông":"Chùa Phổ Quang","Tôn Kính":null,"Địa chỉ":"238/19, ấp Phú Long A, xã Phú Quới, ","Tông phái":null,"layer_id":359,"fid":216,"label":"Chùa Phổ Quang"}},{"type":"Feature","geometry":{"type":"Point","coordinates":[106.016852665,10.188959206]},"properties":{"Phật giáo Bắc tông":"Chùa Long Hưng","Tôn Kính":null,"Địa chỉ":"khóm 3, xã Long Hồ ","Tông phái":null,"layer_id":359,"fid":217,"label":"Chùa Long Hưng"}},{"type":"Feature","geometry":{"type":"Point","coordinates":[105.99081115,10.282738699]},"properties":{"Phật giáo Bắc tông":"Chùa Mục Đồng","Tôn Kính":null,"Địa chỉ":"114/7, ấp Hoà Quí, xã An Bình","Tông phái":null,"layer_id":359,"fid":218,"label":"Chùa Mục Đồng"}},{"type":"Feature","geometry":{"type":"Point","coordinates":[105.961833894,10.197705083]},"properties":{"Phật giáo Bắc tông":"Chùa Khánh Long","Tôn Kính":null,"Địa chỉ":"29/3, ấp Phước Lợi C, phường Phước Hậu, ","Tông phái":null,"layer_id":359,"fid":219,"label":"Chùa Khánh Long"}},{"type":"Feature","geometry":{"type":"Point","coordinates":[106.023280623,10.27922567]},"properties":{"Phật giáo Bắc tông":"Chùa Pháp Độ","Tôn Kính":null,"Địa chỉ":"ấp Bình Hoà 1, xã An Bình","Tông phái":null,"layer_id":359,"fid":220,"label":"Chùa Pháp Độ"}},{"type":"Feature","geometry":{"type":"Point","coordinates":[105.979201136,10.209906933]},"properties":{"Phật giáo Bắc tông":"Chùa Vạn Cơ","Tôn Kính":null,"Địa chỉ":"ấp Phước Ngươn, xã  Long Hồ","Tông phái":null,"layer_id":359,"fid":221,"label":"Chùa Vạn Cơ"}},{"type":"Feature","geometry":{"type":"Point","coordinates":[106.009735552,10.255985109]},"properties":{"Phật giáo Bắc tông":"Chùa Sơn An","Tôn Kính":null,"Địa chỉ":"phường Thanh Đức,","Tông phái":null,"layer_id":359,"fid":222,"label":"Chùa Sơn An"}},{"type":"Feature","geometry":{"type":"Point","coordinates":[106.001381092,10.291905277]},"properties":{"Phật giáo Bắc tông":"Thiền viện Thiện Minh","Tôn Kính":null,"Địa chỉ":"ấp Phú An 1, xã An Bình","Tông phái":null,"layer_id":359,"fid":223,"label":"Thiền viện Thiện Minh"}},{"type":"Feature","geometry":{"type":"Point","coordinates":[105.976661294,10.313284578]},"properties":{"Phật giáo Bắc tông":"Tịnh xá Pháp Đăng","Tôn Kính":null,"Địa chỉ":"ấp Phú Hòa 2, xã An Bình","Tông phái":null,"layer_id":359,"fid":224,"label":"Tịnh xá Pháp Đăng"}},{"type":"Feature","geometry":{"type":"Point","coordinates":[105.964580236,10.302038328]},"properties":{"Phật giáo Bắc tông":"Chùa Long Định","Tôn Kính":null,"Địa chỉ":"ấp Phú Thuận 2, xã An Bình","Tông phái":null,"layer_id":359,"fid":225,"label":"Chùa Long Định"}},{"type":"Feature","geometry":{"type":"Point","coordinates":[106.007252736,10.141945886]},"properties":{"Phật giáo Bắc tông":"Chùa Phước Long","Tôn Kính":null,"Địa chỉ":"ấp Long Tân, xã Long Hồ","Tông phái":null,"layer_id":359,"fid":226,"label":"Chùa Phước Long"}},{"type":"Feature","geometry":{"type":"Point","coordinates":[105.977448579,10.183809888]},"properties":{"Phật giáo Bắc tông":"Chùa Long Thành","Tôn Kính":null,"Địa chỉ":"ấp Long Tân, xã Long Hồ","Tông phái":null,"layer_id":359,"fid":227,"label":"Chùa Long Thành"}},{"type":"Feature","geometry":{"type":"Point","coordinates":[106.002859152,10.212647837]},"properties":{"Phật giáo Bắc tông":"Tịnh xá Ngọc An","Tôn Kính":null,"Địa chỉ":"ấp Long Khánh, xã Bình Phước","Tông phái":null,"layer_id":359,"fid":228,"label":"Tịnh xá Ngọc An"}},{"type":"Feature","geometry":{"type":"Point","coordinates":[106.090480992,10.209613479]},"properties":{"Phật giáo Bắc tông":"Chùa Thanh Phú","Tôn Kính":null,"Địa chỉ":"ấp Phú Thọ, xã Nhơn Phú, ","Tông phái":null,"layer_id":359,"fid":229,"label":"Chùa Thanh Phú"}},{"type":"Feature","geometry":{"type":"Point","coordinates":[106.099147252,10.14046557]},"properties":{"Phật giáo Bắc tông":"Chùa An Phước","Tôn Kính":null,"Địa chỉ":"ấp Tân An, xã Tân Long Hội, ","Tông phái":null,"layer_id":359,"fid":230,"label":"Chùa An Phước"}},{"type":"Feature","geometry":{"type":"Point","coordinates":[106.152201865,10.171625413]},"properties":{"Phật giáo Bắc tông":"Chùa Vạn An","Tôn Kính":null,"Địa chỉ":"ấp An Hoà A, xã Cái Nhum","Tông phái":null,"layer_id":359,"fid":231,"label":"Chùa Vạn An"}},{"type":"Feature","geometry":{"type":"Point","coordinates":[106.101749923,10.231947047]},"properties":{"Phật giáo Bắc tông":"Chùa Hưng Long","Tôn Kính":null,"Địa chỉ":"ấp Cái Kè, xã Nhơn Phú","Tông phái":null,"layer_id":359,"fid":232,"label":"Chùa Hưng Long"}},{"type":"Feature","geometry":{"type":"Point","coordinates":[106.035511179,10.213798431]},"properties":{"Phật giáo Bắc tông":"Chùa Linh Quang","Tôn Kính":null,"Địa chỉ":"ấp Bình Hoà 1, xã Bình Phước","Tông phái":null,"layer_id":359,"fid":233,"label":"Chùa Linh Quang"}},{"type":"Feature","geometry":{"type":"Point","coordinates":[106.032854636,10.239637627]},"properties":{"Phật giáo Bắc tông":"Chùa Long An","Tôn Kính":null,"Địa chỉ":"ấp An Hưng, xã Nhơn Phú","Tông phái":null,"layer_id":359,"fid":234,"label":"Chùa Long An"}},{"type":"Feature","geometry":{"type":"Point","coordinates":[106.470174825,10.281351225]},"properties":{"Phật giáo Bắc tông":"chùa Long Vân","Tôn Kính":null,"Địa chỉ":"Ấp Long Hội, xã Phú Thuận","Tông phái":null,"layer_id":359,"fid":382,"label":"chùa Long Vân"}},{"type":"Feature","geometry":{"type":"Point","coordinates":[106.076322036,10.123389079]},"properties":{"Phật giáo Bắc tông":"Chùa Phật Quang","Tôn Kính":null,"Địa chỉ":"ấp Thanh Phong, xã Tân Long Hội","Tông phái":null,"layer_id":359,"fid":235,"label":"Chùa Phật Quang"}},{"type":"Feature","geometry":{"type":"Point","coordinates":[106.065105736,10.170918473]},"properties":{"Phật giáo Bắc tông":"Chùa Du Thới","Tôn Kính":null,"Địa chỉ":"ấp Phước Thới, xã Bình Phước","Tông phái":null,"layer_id":359,"fid":236,"label":"Chùa Du Thới"}},{"type":"Feature","geometry":{"type":"Point","coordinates":[106.026730621,10.191861462]},"properties":{"Phật giáo Bắc tông":"Chùa Long Bình","Tôn Kính":null,"Địa chỉ":"ấp Phước Trinh A, xã Bình Phước","Tông phái":null,"layer_id":359,"fid":237,"label":"Chùa Long Bình"}},{"type":"Feature","geometry":{"type":"Point","coordinates":[106.104852438,10.172515852]},"properties":{"Phật giáo Bắc tông":"Chùa Phước Tường","Tôn Kính":null,"Địa chỉ":"khóm 2, xã Cái Nhum, ","Tông phái":null,"layer_id":359,"fid":238,"label":"Chùa Phước Tường"}},{"type":"Feature","geometry":{"type":"Point","coordinates":[106.101551967,10.185598589]},"properties":{"Phật giáo Bắc tông":"Chùa Phước Hải","Tôn Kính":null,"Địa chỉ":"khóm 2, xã Cái Nhum, ","Tông phái":null,"layer_id":359,"fid":239,"label":"Chùa Phước Hải"}},{"type":"Feature","geometry":{"type":"Point","coordinates":[106.053676409,10.16386686]},"properties":{"Phật giáo Bắc tông":"Chùa Phước Bình","Tôn Kính":null,"Địa chỉ":"ấp Thân Bình, xã Tân Long Hội","Tông phái":null,"layer_id":359,"fid":240,"label":"Chùa Phước Bình"}},{"type":"Feature","geometry":{"type":"Point","coordinates":[106.003786438,10.225934794]},"properties":{"Phật giáo Bắc tông":"Chùa Nhựt Quang","Tôn Kính":null,"Địa chỉ":"ấp Long Phước, xã Bình Phước","Tông phái":null,"layer_id":359,"fid":241,"label":"Chùa Nhựt Quang"}},{"type":"Feature","geometry":{"type":"Point","coordinates":[106.181915252,10.097291305]},"properties":{"Phật giáo Bắc tông":"Chùa Long Khánh","Tôn Kính":null,"Địa chỉ":"ấp Trung Tín, xã Trung Thành","Tông phái":null,"layer_id":359,"fid":242,"label":"Chùa Long Khánh"}},{"type":"Feature","geometry":{"type":"Point","coordinates":[106.218879609,10.119124509]},"properties":{"Phật giáo Bắc tông":"Chùa Thanh Quang","Tôn Kính":null,"Địa chỉ":"ấp Thanh Lương, xã Quới Thiện","Tông phái":null,"layer_id":359,"fid":243,"label":"Chùa Thanh Quang"}},{"type":"Feature","geometry":{"type":"Point","coordinates":[106.188084236,10.089157797]},"properties":{"Phật giáo Bắc tông":"Chùa Hội An","Tôn Kính":null,"Địa chỉ":"khóm 1, xã Trung Thành","Tông phái":null,"layer_id":359,"fid":244,"label":"Chùa Hội An"}},{"type":"Feature","geometry":{"type":"Point","coordinates":[106.187754594,10.09155807]},"properties":{"Phật giáo Bắc tông":"Chùa Bửu Long","Tôn Kính":null,"Địa chỉ":"khóm 2, Xã Trung Thành","Tông phái":null,"layer_id":359,"fid":245,"label":"Chùa Bửu Long"}},{"type":"Feature","geometry":{"type":"Point","coordinates":[106.114048452,10.064942755]},"properties":{"Phật giáo Bắc tông":"Chùa Hội Phước","Tôn Kính":null,"Địa chỉ":"ấp Quang Mỹ, xã Hiếu Phụng","Tông phái":null,"layer_id":359,"fid":246,"label":"Chùa Hội Phước"}},{"type":"Feature","geometry":{"type":"Point","coordinates":[106.101745523,10.15903256]},"properties":{"Phật giáo Bắc tông":"Chùa Vĩnh Lạc","Tôn Kính":null,"Địa chỉ":"ấp Tân Quới, xã Quới An ","Tông phái":null,"layer_id":359,"fid":247,"label":"Chùa Vĩnh Lạc"}},{"type":"Feature","geometry":{"type":"Point","coordinates":[106.157624536,10.074948997]},"properties":{"Phật giáo Bắc tông":"Chùa Vĩnh Quang","Tôn Kính":null,"Địa chỉ":"ấp Trung Điền, xã Trung Thành","Tông phái":null,"layer_id":359,"fid":248,"label":"Chùa Vĩnh Quang"}},{"type":"Feature","geometry":{"type":"Point","coordinates":[106.197345223,10.135320334]},"properties":{"Phật giáo Bắc tông":"Chùa Vạn Cổ","Tôn Kính":null,"Địa chỉ":"ấp Phước Thạnh, xã Phước Thiện","Tông phái":null,"layer_id":359,"fid":249,"label":"Chùa Vạn Cổ"}},{"type":"Feature","geometry":{"type":"Point","coordinates":[106.097593894,9.993047779]},"properties":{"Phật giáo Bắc tông":"Chùa Phước Linh","Tôn Kính":null,"Địa chỉ":"ấp Hiếu Xuân, xã Hiếu Thành, ","Tông phái":null,"layer_id":359,"fid":250,"label":"Chùa Phước Linh"}},{"type":"Feature","geometry":{"type":"Point","coordinates":[106.210227808,10.097296391]},"properties":{"Phật giáo Bắc tông":"Chùa Pháp Bửu","Tôn Kính":null,"Địa chỉ":"ấp Phú An, xã Trung Ngãi","Tông phái":null,"layer_id":359,"fid":251,"label":"Chùa Pháp Bửu"}},{"type":"Feature","geometry":{"type":"Point","coordinates":[106.198272923,10.057130222]},"properties":{"Phật giáo Bắc tông":"Chùa Ngọc Quang","Tôn Kính":null,"Địa chỉ":"ấp Giồng Ké, xã Trung Ngãi ","Tông phái":null,"layer_id":359,"fid":252,"label":"Chùa Ngọc Quang"}},{"type":"Feature","geometry":{"type":"Point","coordinates":[106.183883599,10.101906482]},"properties":{"Phật giáo Bắc tông":"Chùa Phước Long","Tôn Kính":null,"Địa chỉ":"ấp Hoà Nghĩa, xã Tam Bình","Tông phái":null,"layer_id":359,"fid":253,"label":"Chùa Phước Long"}},{"type":"Feature","geometry":{"type":"Point","coordinates":[106.191060952,10.081039412]},"properties":{"Phật giáo Bắc tông":"Chùa Phước Thọ","Tôn Kính":null,"Địa chỉ":"ấp An Nhơn, xã Tam Bình","Tông phái":null,"layer_id":359,"fid":254,"label":"Chùa Phước Thọ"}},{"type":"Feature","geometry":{"type":"Point","coordinates":[106.138863594,10.08750892]},"properties":{"Phật giáo Bắc tông":"Chùa An Thạnh","Tôn Kính":null,"Địa chỉ":"ấp Mướp Sát, xã Trung Hiệp, ","Tông phái":null,"layer_id":359,"fid":255,"label":"Chùa An Thạnh"}},{"type":"Feature","geometry":{"type":"Point","coordinates":[106.228394552,10.122308379]},"properties":{"Phật giáo Bắc tông":"Chùa Linh Phước","Tôn Kính":null,"Địa chỉ":"ấp Thanh Bình, xã Qưới Thiện","Tông phái":null,"layer_id":359,"fid":256,"label":"Chùa Linh Phước"}},{"type":"Feature","geometry":{"type":"Point","coordinates":[106.233891563,10.093841443]},"properties":{"Phật giáo Bắc tông":"Chùa Long Thiền","Tôn Kính":null,"Địa chỉ":"ấp Lăng, xã Qưới Thiện","Tông phái":null,"layer_id":359,"fid":257,"label":"Chùa Long Thiền"}},{"type":"Feature","geometry":{"type":"Point","coordinates":[106.207999663,10.153673072]},"properties":{"Phật giáo Bắc tông":"Chùa Kim Quang","Tôn Kính":null,"Địa chỉ":"xã Quới Thiện","Tông phái":null,"layer_id":359,"fid":258,"label":"Chùa Kim Quang"}},{"type":"Feature","geometry":{"type":"Point","coordinates":[106.07989149,10.101173991]},"properties":{"Phật giáo Bắc tông":"Chùa Bửu An","Tôn Kính":null,"Địa chỉ":"ấp 8, xã Trung Hiệp","Tông phái":null,"layer_id":359,"fid":259,"label":"Chùa Bửu An"}},{"type":"Feature","geometry":{"type":"Point","coordinates":[106.192716881,10.07624563]},"properties":{"Phật giáo Bắc tông":"Chùa Hạnh Phúc Tăng","Tôn Kính":null,"Địa chỉ":"ấp Trung Trạch, xã Trung Thành","Tông phái":null,"layer_id":359,"fid":260,"label":"Chùa Hạnh Phúc Tăng"}},{"type":"Feature","geometry":{"type":"Point","coordinates":[106.051680652,9.955824568]},"properties":{"Phật giáo Bắc tông":"Chùa Phước Thuận","Tôn Kính":null,"Địa chỉ":"ấp Giồng Trôm, xã Vĩnh Xuân","Tông phái":null,"layer_id":359,"fid":261,"label":"Chùa Phước Thuận"}},{"type":"Feature","geometry":{"type":"Point","coordinates":[105.988782065,10.019768264]},"properties":{"Phật giáo Bắc tông":"Chùa Phước Thành","Tôn Kính":null,"Địa chỉ":"ấp Ngãi Lộ A, xã Trà Côn,","Tông phái":null,"layer_id":359,"fid":262,"label":"Chùa Phước Thành"}},{"type":"Feature","geometry":{"type":"Point","coordinates":[105.944558952,9.986219784]},"properties":{"Phật giáo Bắc tông":"Chùa Linh Quang","Tôn Kính":null,"Địa chỉ":"ấp Mỹ Hưng, xã  Trà Ôn","Tông phái":null,"layer_id":359,"fid":263,"label":"Chùa Linh Quang"}},{"type":"Feature","geometry":{"type":"Point","coordinates":[105.922118463,9.966825295]},"properties":{"Phật giáo Bắc tông":"Chùa Thiên Phước","Tôn Kính":null,"Địa chỉ":"khu 5, xã Trà Ôn, ","Tông phái":null,"layer_id":359,"fid":264,"label":"Chùa Thiên Phước"}},{"type":"Feature","geometry":{"type":"Point","coordinates":[105.945122421,9.947022506]},"properties":{"Phật giáo Bắc tông":"Chùa Từ Ân","Tôn Kính":null,"Địa chỉ":"ấp Mỹ Lợi, xã  Trà Ôn","Tông phái":null,"layer_id":359,"fid":265,"label":"Chùa Từ Ân"}},{"type":"Feature","geometry":{"type":"Point","coordinates":[105.924375436,9.974940423]},"properties":{"Phật giáo Bắc tông":"Chùa Nhị Mỹ","Tôn Kính":null,"Địa chỉ":"ấp Mỹ Phó, xã Trà Ôn","Tông phái":null,"layer_id":359,"fid":266,"label":"Chùa Nhị Mỹ"}},{"type":"Feature","geometry":{"type":"Point","coordinates":[105.927732677,9.974006335]},"properties":{"Phật giáo Bắc tông":"Niệm Phật Đường Phước Thành","Tôn Kính":null,"Địa chỉ":"ấp Mỹ Phó, xã  Trà Ôn","Tông phái":null,"layer_id":359,"fid":267,"label":"Niệm Phật Đường Phước Thành"}},{"type":"Feature","geometry":{"type":"Point","coordinates":[105.897413509,9.971480093]},"properties":{"Phật giáo Bắc tông":"Chùa Vĩnh Khánh","Tôn Kính":null,"Địa chỉ":"300, ấp Tân Thạnh, xã Lục Sĩ Thành","Tông phái":null,"layer_id":359,"fid":268,"label":"Chùa Vĩnh Khánh"}},{"type":"Feature","geometry":{"type":"Point","coordinates":[106.003808735,9.950653332]},"properties":{"Phật giáo Bắc tông":"Chùa Phước Xuân","Tôn Kính":null,"Địa chỉ":"ấp Vĩnh Khánh 1, xã Vĩnh Xuân, ","Tông phái":null,"layer_id":359,"fid":269,"label":"Chùa Phước Xuân"}},{"type":"Feature","geometry":{"type":"Point","coordinates":[105.943248892,9.945453272]},"properties":{"Phật giáo Bắc tông":"Chùa Phật Quang","Tôn Kính":null,"Địa chỉ":"ấp Mỹ Lợi, xã  Trà Ôn","Tông phái":null,"layer_id":359,"fid":270,"label":"Chùa Phật Quang"}},{"type":"Feature","geometry":{"type":"Point","coordinates":[105.959574294,9.963069995]},"properties":{"Phật giáo Bắc tông":"Chùa Long An Đồng Đế","Tôn Kính":null,"Địa chỉ":"ấp Mỹ Trung, xã  Trà Ôn","Tông phái":null,"layer_id":359,"fid":271,"label":"Chùa Long An Đồng Đế"}},{"type":"Feature","geometry":{"type":"Point","coordinates":[105.932162305,9.953902813]},"properties":{"Phật giáo Bắc tông":"Niệm Phật Đường Phước Hiếu","Tôn Kính":null,"Địa chỉ":"ấp Mỹ Lợi, xã  Trà Ôn","Tông phái":null,"layer_id":359,"fid":272,"label":"Niệm Phật Đường Phước Hiếu"}},{"type":"Feature","geometry":{"type":"Point","coordinates":[105.894586979,9.972849158]},"properties":{"Phật giáo Bắc tông":"Chùa Phước Mỹ","Tôn Kính":null,"Địa chỉ":"ấp Phú Sung, xã Phú Thành, ","Tông phái":null,"layer_id":359,"fid":273,"label":"Chùa Phước Mỹ"}},{"type":"Feature","geometry":{"type":"Point","coordinates":[105.91419315,9.960095196]},"properties":{"Phật giáo Bắc tông":"Chùa Phước Hưng","Tôn Kính":null,"Địa chỉ":"ấp Tân An, xã Lục Sĩ Thành,","Tông phái":null,"layer_id":359,"fid":274,"label":"Chùa Phước Hưng"}},{"type":"Feature","geometry":{"type":"Point","coordinates":[105.898390663,9.953164529]},"properties":{"Phật giáo Bắc tông":"Chùa Phước Nguyên","Tôn Kính":null,"Địa chỉ":"ấp Long Thạnh, xã Lục Sĩ Thành,","Tông phái":null,"layer_id":359,"fid":275,"label":"Chùa Phước Nguyên"}},{"type":"Feature","geometry":{"type":"Point","coordinates":[106.069800206,10.046730248]},"properties":{"Phật giáo Bắc tông":"Chùa Thanh Hoà","Tôn Kính":null,"Địa chỉ":"ấp Hiệp Hoà, xã Hoà Bình,","Tông phái":null,"layer_id":359,"fid":276,"label":"Chùa Thanh Hoà"}},{"type":"Feature","geometry":{"type":"Point","coordinates":[106.063520421,9.976606556]},"properties":{"Phật giáo Bắc tông":"Chùa Phước Kim","Tôn Kính":null,"Địa chỉ":"ấp Ninh Hoà, xã Hòa Bình","Tông phái":null,"layer_id":359,"fid":277,"label":"Chùa Phước Kim"}},{"type":"Feature","geometry":{"type":"Point","coordinates":[106.012903894,9.985747217]},"properties":{"Phật giáo Bắc tông":"Tịnh thất Phổ Liên","Tôn Kính":null,"Địa chỉ":"ấp Xẻo Tràm, xã Trà Côn ","Tông phái":null,"layer_id":359,"fid":278,"label":"Tịnh thất Phổ Liên"}},{"type":"Feature","geometry":{"type":"Point","coordinates":[105.949277096,9.981290388]},"properties":{"Phật giáo Bắc tông":"Chùa Nhất Tâm","Tôn Kính":null,"Địa chỉ":"ấp Mỹ Hưng, xã Trà Côn","Tông phái":null,"layer_id":359,"fid":279,"label":"Chùa Nhất Tâm"}},{"type":"Feature","geometry":{"type":"Point","coordinates":[106.081473181,9.958632634]},"properties":{"Phật giáo Bắc tông":"Chùa Phước Huệ","Tôn Kính":null,"Địa chỉ":"ấp Vĩnh Thành, xã Vĩnh Xuân","Tông phái":null,"layer_id":359,"fid":280,"label":"Chùa Phước Huệ"}},{"type":"Feature","geometry":{"type":"Point","coordinates":[106.034394565,9.965408296]},"properties":{"Phật giáo Bắc tông":"Chùa Viên Minh","Tôn Kính":null,"Địa chỉ":"Xã Vĩnh Xuân","Tông phái":null,"layer_id":359,"fid":281,"label":"Chùa Viên Minh"}},{"type":"Feature","geometry":{"type":"Point","coordinates":[105.97464115,9.918383081]},"properties":{"Phật giáo Bắc tông":"Chùa Quán Âm","Tôn Kính":null,"Địa chỉ":"Xã  Trà Ôn","Tông phái":null,"layer_id":359,"fid":282,"label":"Chùa Quán Âm"}},{"type":"Feature","geometry":{"type":"Point","coordinates":[105.976770094,9.972292759]},"properties":{"Phật giáo Bắc tông":"Chùa Gia Kiết","Tôn Kính":null,"Địa chỉ":"ấp Gia Kiết, xã Trà Côn","Tông phái":null,"layer_id":359,"fid":283,"label":"Chùa Gia Kiết"}},{"type":"Feature","geometry":{"type":"Point","coordinates":[106.017924711,10.007579927]},"properties":{"Phật giáo Bắc tông":"Chùa Cũ","Tôn Kính":null,"Địa chỉ":"ấp Trà Sơn, xã Vĩnh Xuân","Tông phái":null,"layer_id":359,"fid":284,"label":"Chùa Cũ"}},{"type":"Feature","geometry":{"type":"Point","coordinates":[105.978734108,9.990730516]},"properties":{"Phật giáo Bắc tông":"Chùa Cần Thay","Tôn Kính":null,"Địa chỉ":"ấp Cần Thay, xã Trà Côn","Tông phái":null,"layer_id":359,"fid":285,"label":"Chùa Cần Thay"}},{"type":"Feature","geometry":{"type":"Point","coordinates":[105.994049845,9.981591488]},"properties":{"Phật giáo Bắc tông":"Chùa Gò Xoài","Tôn Kính":null,"Địa chỉ":"ấp Cần Thay, xã Trà Côn","Tông phái":null,"layer_id":359,"fid":286,"label":"Chùa Gò Xoài"}},{"type":"Feature","geometry":{"type":"Point","coordinates":[105.982225481,9.985206672]},"properties":{"Phật giáo Bắc tông":"Chùa Giữa","Tôn Kính":null,"Địa chỉ":"ấp Trà Mòn, xã Trà Côn","Tông phái":null,"layer_id":359,"fid":287,"label":"Chùa Giữa"}},{"type":"Feature","geometry":{"type":"Point","coordinates":[106.017886636,9.989437979]},"properties":{"Phật giáo Bắc tông":"Chùa Pháp Bảo","Tôn Kính":null,"Địa chỉ":"ấp Vĩnh Hòa, xã Vĩnh Xuân","Tông phái":null,"layer_id":359,"fid":288,"label":"Chùa Pháp Bảo"}},{"type":"Feature","geometry":{"type":"Point","coordinates":[106.007630065,9.953520768]},"properties":{"Phật giáo Bắc tông":"Chùa Vĩnh Đức","Tôn Kính":null,"Địa chỉ":"ấp Vĩnh Trinh, xã Vĩnh Xuân, ","Tông phái":null,"layer_id":359,"fid":289,"label":"Chùa Vĩnh Đức"}},{"type":"Feature","geometry":{"type":"Point","coordinates":[105.991769979,10.062720875]},"properties":{"Phật giáo Bắc tông":"Tịnh xá Ngọc Hưng","Tôn Kính":null,"Địa chỉ":"xã Tam Bình","Tông phái":null,"layer_id":359,"fid":290,"label":"Tịnh xá Ngọc Hưng"}},{"type":"Feature","geometry":{"type":"Point","coordinates":[106.002386181,10.066605627]},"properties":{"Phật giáo Bắc tông":"Chùa Bửu Quang","Tôn Kính":null,"Địa chỉ":"ấp Tường Nhơn A, xã Tam Bình","Tông phái":null,"layer_id":359,"fid":291,"label":"Chùa Bửu Quang"}},{"type":"Feature","geometry":{"type":"Point","coordinates":[106.059145194,10.117683058]},"properties":{"Phật giáo Bắc tông":"Chùa Long Hoà","Tôn Kính":null,"Địa chỉ":"12, ấp Thạnh Trí, xãHiệp","Tông phái":null,"layer_id":359,"fid":292,"label":"Chùa Long Hoà"}},{"type":"Feature","geometry":{"type":"Point","coordinates":[106.040661323,10.127254607]},"properties":{"Phật giáo Bắc tông":"Chùa Bảo Nguyên","Tôn Kính":null,"Địa chỉ":"ấp Thạnh An, xã Hoà Hiệp","Tông phái":null,"layer_id":359,"fid":293,"label":"Chùa Bảo Nguyên"}},{"type":"Feature","geometry":{"type":"Point","coordinates":[105.88746795,9.991253882]},"properties":{"Phật giáo Bắc tông":"Chùa Phước Huệ","Tôn Kính":null,"Địa chỉ":"ấp Đông Phú, xã Ngãi Tứ, ","Tông phái":null,"layer_id":359,"fid":294,"label":"Chùa Phước Huệ"}},{"type":"Feature","geometry":{"type":"Point","coordinates":[105.911281136,9.973346591]},"properties":{"Phật giáo Bắc tông":"Chùa Phật Tánh","Tôn Kính":null,"Địa chỉ":"ấp Đông Hậu, xã Ngãi Tứ, ","Tông phái":null,"layer_id":359,"fid":295,"label":"Chùa Phật Tánh"}},{"type":"Feature","geometry":{"type":"Point","coordinates":[105.913760954,9.970213758]},"properties":{"Phật giáo Bắc tông":"Chùa Phước Hậu","Tôn Kính":null,"Địa chỉ":"ấp Đông Hậu, xã Ngãi Tứ,","Tông phái":null,"layer_id":359,"fid":296,"label":"Chùa Phước Hậu"}},{"type":"Feature","geometry":{"type":"Point","coordinates":[106.0602096,10.109656039]},"properties":{"Phật giáo Bắc tông":"Chùa Phước Hưng","Tôn Kính":null,"Địa chỉ":"ấp Phú Sơn A, xã Song Phú","Tông phái":null,"layer_id":359,"fid":297,"label":"Chùa Phước Hưng"}},{"type":"Feature","geometry":{"type":"Point","coordinates":[106.003788679,10.081907459]},"properties":{"Phật giáo Bắc tông":"Chùa Phước Linh","Tôn Kính":null,"Địa chỉ":"ấp Tường Nhơn A, xã Tam Bình","Tông phái":null,"layer_id":359,"fid":298,"label":"Chùa Phước Linh"}},{"type":"Feature","geometry":{"type":"Point","coordinates":[105.949627113,10.011215645]},"properties":{"Phật giáo Bắc tông":"Chùa Phước Tứ","Tôn Kính":null,"Địa chỉ":"ấp An Thạnh B, xã Ngãi Tứ","Tông phái":null,"layer_id":359,"fid":299,"label":"Chùa Phước Tứ"}},{"type":"Feature","geometry":{"type":"Point","coordinates":[105.923772723,10.083856563]},"properties":{"Phật giáo Bắc tông":"Chùa Phước Dân","Tôn Kính":null,"Địa chỉ":"ấp An Phong, xã Ngãi Tứ","Tông phái":null,"layer_id":359,"fid":300,"label":"Chùa Phước Dân"}},{"type":"Feature","geometry":{"type":"Point","coordinates":[106.034513321,10.082329948]},"properties":{"Phật giáo Bắc tông":"Chùa An Lạc","Tôn Kính":null,"Địa chỉ":"ấp 7, xã Hoà Hiệp,","Tông phái":null,"layer_id":359,"fid":301,"label":"Chùa An Lạc"}},{"type":"Feature","geometry":{"type":"Point","coordinates":[105.952569436,10.023117381]},"properties":{"Phật giáo Bắc tông":"Chùa Phước Lâm","Tôn Kính":null,"Địa chỉ":"2427V, ấp Giữa, xã Ngãi Tứ","Tông phái":null,"layer_id":359,"fid":302,"label":"Chùa Phước Lâm"}},{"type":"Feature","geometry":{"type":"Point","coordinates":[105.934960823,9.986945818]},"properties":{"Phật giáo Bắc tông":"Chùa Phước Bình","Tôn Kính":null,"Địa chỉ":"ấp Mỹ An, xã Ngãi Tứ","Tông phái":null,"layer_id":359,"fid":303,"label":"Chùa Phước Bình"}},{"type":"Feature","geometry":{"type":"Point","coordinates":[105.964998038,10.11267596]},"properties":{"Phật giáo Bắc tông":"Chùa Vĩnh An","Tôn Kính":null,"Địa chỉ":"ấp Mỹ Phú, xã Cái Ngang","Tông phái":null,"layer_id":359,"fid":304,"label":"Chùa Vĩnh An"}},{"type":"Feature","geometry":{"type":"Point","coordinates":[105.946038406,10.003999713]},"properties":{"Phật giáo Bắc tông":"Chùa Phước Nghiêm","Tôn Kính":null,"Địa chỉ":"ấp Đại Thọ, xã Ngãi Tứ","Tông phái":null,"layer_id":359,"fid":305,"label":"Chùa Phước Nghiêm"}},{"type":"Feature","geometry":{"type":"Point","coordinates":[105.952547979,10.023127946]},"properties":{"Phật giáo Bắc tông":"Chùa Phước Lâm","Tôn Kính":null,"Địa chỉ":"ấp 5, xã Cái Ngang","Tông phái":null,"layer_id":359,"fid":306,"label":"Chùa Phước Lâm"}},{"type":"Feature","geometry":{"type":"Point","coordinates":[105.930107152,9.980099287]},"properties":{"Phật giáo Bắc tông":"Niệm Phật  Đường Phước Tiến","Tôn Kính":null,"Địa chỉ":"ấp Mỹ An, xã Ngãi Tứ","Tông phái":null,"layer_id":359,"fid":307,"label":"Niệm Phật  Đường Phước Tiến"}},{"type":"Feature","geometry":{"type":"Point","coordinates":[105.889874219,9.988549817]},"properties":{"Phật giáo Bắc tông":"Chùa Báo Ân","Tôn Kính":null,"Địa chỉ":"ấp Đông Phú, xã Ngãi Tứ,","Tông phái":null,"layer_id":359,"fid":308,"label":"Chùa Báo Ân"}},{"type":"Feature","geometry":{"type":"Point","coordinates":[105.995324323,10.107945312]},"properties":{"Phật giáo Bắc tông":"Chùa Phú Hưng","Tôn Kính":null,"Địa chỉ":"ấp 3, xã Cái Ngang","Tông phái":null,"layer_id":359,"fid":309,"label":"Chùa Phú Hưng"}},{"type":"Feature","geometry":{"type":"Point","coordinates":[105.990414794,10.054289528]},"properties":{"Phật giáo Bắc tông":"Chùa Phước Sơn","Tôn Kính":null,"Địa chỉ":"ấp Mỹ Phú 2, xã Tam Bình","Tông phái":null,"layer_id":359,"fid":310,"label":"Chùa Phước Sơn"}},{"type":"Feature","geometry":{"type":"Point","coordinates":[105.869727052,10.104665314]},"properties":{"Phật giáo Bắc tông":"Chùa Linh Phước","Tôn Kính":null,"Địa chỉ":"ấp Phú Hữu Tây, xã Song Phú","Tông phái":null,"layer_id":359,"fid":311,"label":"Chùa Linh Phước"}},{"type":"Feature","geometry":{"type":"Point","coordinates":[106.000463008,10.049842932]},"properties":{"Phật giáo Bắc tông":"Chùa Phước Quang","Tôn Kính":null,"Địa chỉ":"2, Võ Tấn Đức, khóm 2,xã Tam Bình ","Tông phái":null,"layer_id":359,"fid":312,"label":"Chùa Phước Quang"}},{"type":"Feature","geometry":{"type":"Point","coordinates":[105.995345781,10.107945312]},"properties":{"Phật giáo Bắc tông":"Chùa Thành Hoa","Tôn Kính":null,"Địa chỉ":"ấp Nhà Thờ, xã  Tam Bình","Tông phái":null,"layer_id":359,"fid":313,"label":"Chùa Thành Hoa"}},{"type":"Feature","geometry":{"type":"Point","coordinates":[105.894590294,10.109082175]},"properties":{"Phật giáo Bắc tông":"Chùa Kim Quang","Tôn Kính":null,"Địa chỉ":"tổ 1, ấp Phú Hoà Yên, xã Song Phú","Tông phái":null,"layer_id":359,"fid":314,"label":"Chùa Kim Quang"}},{"type":"Feature","geometry":{"type":"Point","coordinates":[106.042154681,10.121952556]},"properties":{"Phật giáo Bắc tông":"Chùa Giác Long","Tôn Kính":null,"Địa chỉ":"Ấp 2, xã Hòa Hiệp","Tông phái":null,"layer_id":359,"fid":315,"label":"Chùa Giác Long"}},{"type":"Feature","geometry":{"type":"Point","coordinates":[105.96038515,10.031634116]},"properties":{"Phật giáo Bắc tông":"Chùa Kỳ Son","Tôn Kính":null,"Địa chỉ":"ấp Sóc Rừng, xã Ngãi Tứ","Tông phái":null,"layer_id":359,"fid":316,"label":"Chùa Kỳ Son"}},{"type":"Feature","geometry":{"type":"Point","coordinates":[105.945822894,10.002607143]},"properties":{"Phật giáo Bắc tông":"Chùa Đại Thọ","Tôn Kính":null,"Địa chỉ":"ấp Đại Thọ, xã Ngãi Tứ","Tông phái":null,"layer_id":359,"fid":317,"label":"Chùa Đại Thọ"}},{"type":"Feature","geometry":{"type":"Point","coordinates":[105.969929338,10.115792593]},"properties":{"Phật giáo Bắc tông":"Tồ đình Minh Đăng Quang","Tôn Kính":null,"Địa chỉ":"ấp 6, xã Cái Ngang","Tông phái":null,"layer_id":359,"fid":318,"label":"Tồ đình Minh Đăng Quang"}},{"type":"Feature","geometry":{"type":"Point","coordinates":[105.910822338,10.085112049]},"properties":{"Phật giáo Bắc tông":"Chùa Phước Hưng","Tôn Kính":null,"Địa chỉ":"ấp, xã Hòa Hiệp","Tông phái":null,"layer_id":359,"fid":319,"label":"Chùa Phước Hưng"}},{"type":"Feature","geometry":{"type":"Point","coordinates":[105.988803523,10.019704873]},"properties":{"Phật giáo Bắc tông":"Chùa Phước Thành","Tôn Kính":null,"Địa chỉ":"ấp 9, xã Hòa Hiệp, ","Tông phái":null,"layer_id":359,"fid":320,"label":"Chùa Phước Thành"}},{"type":"Feature","geometry":{"type":"Point","coordinates":[106.055803094,10.095217419]},"properties":{"Phật giáo Bắc tông":"Chùa Thiên Bửu","Tôn Kính":null,"Địa chỉ":"ấp 6, xã Hòa Hiệp, ","Tông phái":null,"layer_id":359,"fid":321,"label":"Chùa Thiên Bửu"}},{"type":"Feature","geometry":{"type":"Point","coordinates":[106.027323025,10.128479197]},"properties":{"Phật giáo Bắc tông":"Chùa Phật Quang","Tôn Kính":null,"Địa chỉ":"ấp 1, xã Hòa Hiệp","Tông phái":null,"layer_id":359,"fid":322,"label":"Chùa Phật Quang"}},{"type":"Feature","geometry":{"type":"Point","coordinates":[105.829227523,10.054207143]},"properties":{"Phật giáo Bắc tông":"Tịnh thất An Lạc","Tôn Kính":null,"Địa chỉ":"tổ 22, ấp Đông Thuận, phường Đông Thành","Tông phái":null,"layer_id":359,"fid":323,"label":"Tịnh thất An Lạc"}},{"type":"Feature","geometry":{"type":"Point","coordinates":[105.824332821,10.069152643]},"properties":{"Phật giáo Bắc tông":"Chùa Long An","Tôn Kính":null,"Địa chỉ":"464, Phan Văn Năm, phường Cái Vồn ","Tông phái":null,"layer_id":359,"fid":324,"label":"Chùa Long An"}},{"type":"Feature","geometry":{"type":"Point","coordinates":[105.840612938,10.010150738]},"properties":{"Phật giáo Bắc tông":"Chùa An Hoà","Tôn Kính":null,"Địa chỉ":"ấp Mỹ An, phường Cái Vồn","Tông phái":null,"layer_id":359,"fid":325,"label":"Chùa An Hoà"}},{"type":"Feature","geometry":{"type":"Point","coordinates":[105.832018478,10.043900579]},"properties":{"Phật giáo Bắc tông":"Chùa Long Môn","Tôn Kính":null,"Địa chỉ":"ấp Đông Hậu, phường Đông Thành","Tông phái":null,"layer_id":359,"fid":326,"label":"Chùa Long Môn"}},{"type":"Feature","geometry":{"type":"Point","coordinates":[105.806751536,10.061888603]},"properties":{"Phật giáo Bắc tông":"Niệm Phật Đường Liên Hoa","Tôn Kính":null,"Địa chỉ":"tổ 3,ấp Mỹ Khánh 1, phường Cái Vồn","Tông phái":null,"layer_id":359,"fid":327,"label":"Niệm Phật Đường Liên Hoa"}},{"type":"Feature","geometry":{"type":"Point","coordinates":[105.811770635,10.064423955]},"properties":{"Phật giáo Bắc tông":"Chùa Bửu Hưng","Tôn Kính":null,"Địa chỉ":"tổ 3, khóm 4, phường Cái Vồn, ","Tông phái":null,"layer_id":359,"fid":328,"label":"Chùa Bửu Hưng"}},{"type":"Feature","geometry":{"type":"Point","coordinates":[105.827742221,10.051604917]},"properties":{"Phật giáo Bắc tông":"Chùa Đông Phước","Tôn Kính":null,"Địa chỉ":"ấp Đông Thuận, phường Đông Thành","Tông phái":null,"layer_id":359,"fid":329,"label":"Chùa Đông Phước"}},{"type":"Feature","geometry":{"type":"Point","coordinates":[105.814712109,10.038291953]},"properties":{"Phật giáo Bắc tông":"Chùa Bồ Đề","Tôn Kính":null,"Địa chỉ":"ấp Mỹ Hưng, phường Cái Vồn","Tông phái":null,"layer_id":359,"fid":330,"label":"Chùa Bồ Đề"}},{"type":"Feature","geometry":{"type":"Point","coordinates":[105.830285279,10.085987462]},"properties":{"Phật giáo Bắc tông":"Chùa Long Châu","Tôn Kính":null,"Địa chỉ":"ấp Thuận Phú A, phường Bình Minh","Tông phái":null,"layer_id":359,"fid":331,"label":"Chùa Long Châu"}},{"type":"Feature","geometry":{"type":"Point","coordinates":[105.843257967,10.076286497]},"properties":{"Phật giáo Bắc tông":"Tịnh thất Ngọc Quang","Tôn Kính":null,"Địa chỉ":"961/13, ấp Thuận Tiến B, phường Bình Minh","Tông phái":null,"layer_id":359,"fid":332,"label":"Tịnh thất Ngọc Quang"}},{"type":"Feature","geometry":{"type":"Point","coordinates":[105.826804106,10.048061961]},"properties":{"Phật giáo Bắc tông":"Chùa Tịnh Quang","Tôn Kính":null,"Địa chỉ":"ấp Mỹ Khánh 2, phường Cái Vồn","Tông phái":null,"layer_id":359,"fid":333,"label":"Chùa Tịnh Quang"}},{"type":"Feature","geometry":{"type":"Point","coordinates":[105.848338352,10.080142749]},"properties":{"Phật giáo Bắc tông":"Chùa Giác Tâm","Tôn Kính":null,"Địa chỉ":"ấp Thuận Tiến C, phường Bình Minh","Tông phái":null,"layer_id":359,"fid":334,"label":"Chùa Giác Tâm"}},{"type":"Feature","geometry":{"type":"Point","coordinates":[105.855554065,10.076109577]},"properties":{"Phật giáo Bắc tông":"Chùa Tứ Phương Tăng","Tôn Kính":null,"Địa chỉ":"ấp Đông Thạnh C,  phường Đông Thành ","Tông phái":null,"layer_id":359,"fid":335,"label":"Chùa Tứ Phương Tăng"}},{"type":"Feature","geometry":{"type":"Point","coordinates":[105.842971067,10.024864216]},"properties":{"Phật giáo Bắc tông":"chùa Hương Quang","Tôn Kính":null,"Địa chỉ":"ấp Đông Hưng 1,  phường Đông Thành ","Tông phái":null,"layer_id":359,"fid":336,"label":"chùa Hương Quang"}},{"type":"Feature","geometry":{"type":"Point","coordinates":[105.850202938,10.045363249]},"properties":{"Phật giáo Bắc tông":"Chùa Phù Ly I ","Tôn Kính":null,"Địa chỉ":"ấp Phù Ly I,  phường Đông Thành ","Tông phái":null,"layer_id":359,"fid":337,"label":"Chùa Phù Ly I "}},{"type":"Feature","geometry":{"type":"Point","coordinates":[105.841791079,10.053724972]},"properties":{"Phật giáo Bắc tông":"Chùa Phù Ly II","Tôn Kính":null,"Địa chỉ":"ấp Phù Ly II,  phường Đông Thành ","Tông phái":null,"layer_id":359,"fid":338,"label":"Chùa Phù Ly II"}},{"type":"Feature","geometry":{"type":"Point","coordinates":[105.890090736,10.013098637]},"properties":{"Phật giáo Bắc tông":"Chùa Toà Sen ","Tôn Kính":null,"Địa chỉ":"ấp Hoá Thành 1, phường Đông Thành ","Tông phái":null,"layer_id":359,"fid":339,"label":"Chùa Toà Sen "}},{"type":"Feature","geometry":{"type":"Point","coordinates":[105.818761609,10.075227224]},"properties":{"Phật giáo Bắc tông":"Chùa Mỹ Bồn","Tôn Kính":null,"Địa chỉ":"ấp Thuận Tân A, phường  Bình Minh","Tông phái":null,"layer_id":359,"fid":340,"label":"Chùa Mỹ Bồn"}},{"type":"Feature","geometry":{"type":"Point","coordinates":[105.862889167,10.045786762]},"properties":{"Phật giáo Bắc tông":"Chùa Đông Thạnh","Tôn Kính":null,"Địa chỉ":"xã Đông Thạnh, phường Đông Thành","Tông phái":null,"layer_id":359,"fid":341,"label":"Chùa Đông Thạnh"}},{"type":"Feature","geometry":{"type":"Point","coordinates":[105.718294963,10.138908648]},"properties":{"Phật giáo Bắc tông":"Tịnh xá An Huệ","Tôn Kính":null,"Địa chỉ":"419, tổ 15, ấp Tân Lộc, xã Tân Lược","Tông phái":null,"layer_id":359,"fid":342,"label":"Tịnh xá An Huệ"}},{"type":"Feature","geometry":{"type":"Point","coordinates":[105.747903594,10.100209303]},"properties":{"Phật giáo Bắc tông":"Tịnh xá Ngọc Vi","Tôn Kính":null,"Địa chỉ":"ấp Tân Hoà, xã Quới An","Tông phái":null,"layer_id":359,"fid":343,"label":"Tịnh xá Ngọc Vi"}},{"type":"Feature","geometry":{"type":"Point","coordinates":[105.828098594,10.144175057]},"properties":{"Phật giáo Bắc tông":"Tịnh xá Ngọc Minh","Tôn Kính":null,"Địa chỉ":"tổ 4, ấp Hoà Thuận, xã Mỹ Thuận","Tông phái":null,"layer_id":359,"fid":344,"label":"Tịnh xá Ngọc Minh"}},{"type":"Feature","geometry":{"type":"Point","coordinates":[105.709575811,10.158416348]},"properties":{"Phật giáo Bắc tông":"Chùa Phước Linh","Tôn Kính":null,"Địa chỉ":"ấp An Khánh, xã Tân Lược","Tông phái":null,"layer_id":359,"fid":345,"label":"Chùa Phước Linh"}},{"type":"Feature","geometry":{"type":"Point","coordinates":[105.701557694,10.14061347]},"properties":{"Phật giáo Bắc tông":"Chùa Từ Ân","Tôn Kính":null,"Địa chỉ":"ấp An Thạnh, xã Tân Lược","Tông phái":null,"layer_id":359,"fid":346,"label":"Chùa Từ Ân"}},{"type":"Feature","geometry":{"type":"Point","coordinates":[105.740456692,10.119723062]},"properties":{"Phật giáo Bắc tông":"Chùa Trúc Lâm","Tôn Kính":null,"Địa chỉ":"ấp Tân Trung, xã Tân Quới","Tông phái":null,"layer_id":359,"fid":347,"label":"Chùa Trúc Lâm"}},{"type":"Feature","geometry":{"type":"Point","coordinates":[105.751079236,10.106391887]},"properties":{"Phật giáo Bắc tông":"Chùa Hưng Huệ","Tôn Kính":null,"Địa chỉ":"ấp Tân Thuận, xã  Quới An ","Tông phái":null,"layer_id":359,"fid":348,"label":"Chùa Hưng Huệ"}},{"type":"Feature","geometry":{"type":"Point","coordinates":[105.751957636,10.105912263]},"properties":{"Phật giáo Bắc tông":"Chùa Phước Trí","Tôn Kính":null,"Địa chỉ":"ấp Tân Thuận, xã Tân Quới, huyện Bình Tân","Tông phái":null,"layer_id":359,"fid":349,"label":"Chùa Phước Trí"}},{"type":"Feature","geometry":{"type":"Point","coordinates":[105.824089046,10.142269644]},"properties":{"Phật giáo Bắc tông":"Niệm Phật đường Thanh Quang","Tôn Kính":null,"Địa chỉ":"ấp Hòa Thới, xã Mỹ Thuân","Tông phái":null,"layer_id":359,"fid":350,"label":"Niệm Phật đường Thanh Quang"}},{"type":"Feature","geometry":{"type":"Point","coordinates":[105.742481881,10.10862196]},"properties":{"Phật giáo Bắc tông":"Chùa Giác Tánh","Tôn Kính":null,"Địa chỉ":"ấp Tân Thuận, xã Quới An","Tông phái":null,"layer_id":359,"fid":351,"label":"Chùa Giác Tánh"}},{"type":"Feature","geometry":{"type":"Point","coordinates":[105.839854892,10.113959794]},"properties":{"Phật giáo Bắc tông":"Niệm Phật đường Giác Hoa","Tôn Kính":null,"Địa chỉ":"ấp Mỹ Thạnh A, xã Mỹ Thuận, ","Tông phái":null,"layer_id":359,"fid":352,"label":"Niệm Phật đường Giác Hoa"}},{"type":"Feature","geometry":{"type":"Point","coordinates":[105.763708623,10.162081895]},"properties":{"Phật giáo Bắc tông":"Chùa Trí Đức","Tôn Kính":null,"Địa chỉ":"ấp Tân Yên, xã Tân Lược","Tông phái":null,"layer_id":359,"fid":353,"label":"Chùa Trí Đức"}},{"type":"Feature","geometry":{"type":"Point","coordinates":[105.84011669,10.116024141]},"properties":{"Phật giáo Bắc tông":"Niệm Phật đường Giác Thiền","Tôn Kính":null,"Địa chỉ":"ấp Tân Minh, xã Tân Lược","Tông phái":null,"layer_id":359,"fid":354,"label":"Niệm Phật đường Giác Thiền"}},{"type":"Feature","geometry":{"type":"Point","coordinates":[106.30558075,10.239138974]},"properties":{"Phật giáo Bắc tông":"Chùa Kỳ Viên","Tôn Kính":null,"Địa chỉ":"ấp Tân Thông 2, Phường Bến Tre","Tông phái":null,"layer_id":359,"fid":355,"label":"Chùa Kỳ Viên"}},{"type":"Feature","geometry":{"type":"Point","coordinates":[106.275930909,10.253245355]},"properties":{"Phật giáo Bắc tông":"Chùa Đức Vân","Tôn Kính":null,"Địa chỉ":"ấp Thanh Xuân 3, phường Bến Tre","Tông phái":null,"layer_id":359,"fid":356,"label":"Chùa Đức Vân"}},{"type":"Feature","geometry":{"type":"Point","coordinates":[106.306421679,10.228544506]},"properties":{"Phật giáo Bắc tông":"Chùa Gia Hưng","Tôn Kính":null,"Địa chỉ":"ấp Gia Thạnh, xã Phước Mỹ Trung","Tông phái":null,"layer_id":359,"fid":357,"label":"Chùa Gia Hưng"}},{"type":"Feature","geometry":{"type":"Point","coordinates":[106.264839377,10.249510981]},"properties":{"Phật giáo Bắc tông":"Chùa Long Minh","Tôn Kính":null,"Địa chỉ":"ấp Chợ Mới, xã Phước Mỹ Trung","Tông phái":null,"layer_id":359,"fid":358,"label":"Chùa Long Minh"}},{"type":"Feature","geometry":{"type":"Point","coordinates":[106.29215156,10.201132254]},"properties":{"Phật giáo Bắc tông":"Chùa Long Phú","Tôn Kính":null,"Địa chỉ":"ấp Tân Lợi, xã Phước Mỹ Trung","Tông phái":null,"layer_id":359,"fid":359,"label":"Chùa Long Phú"}},{"type":"Feature","geometry":{"type":"Point","coordinates":[106.266288754,10.224382842]},"properties":{"Phật giáo Bắc tông":"Chùa Phật Bửu","Tôn Kính":null,"Địa chỉ":"ấp Tân Hòa Ngoài, xã Phước Mỹ Trung","Tông phái":null,"layer_id":359,"fid":360,"label":"Chùa Phật Bửu"}},{"type":"Feature","geometry":{"type":"Point","coordinates":[106.271690725,10.208326985]},"properties":{"Phật giáo Bắc tông":"Chùa Linh Quang","Tôn Kính":null,"Địa chỉ":"ấp Phước Khánh, xã Phước Mỹ Trung","Tông phái":null,"layer_id":359,"fid":361,"label":"Chùa Linh Quang"}},{"type":"Feature","geometry":{"type":"Point","coordinates":[106.277622052,10.184182927]},"properties":{"Phật giáo Bắc tông":"Chùa Phước Thịnh","Tôn Kính":null,"Địa chỉ":"ấp Phước Lý, xã Phước Mỹ Trung","Tông phái":null,"layer_id":359,"fid":362,"label":"Chùa Phước Thịnh"}},{"type":"Feature","geometry":{"type":"Point","coordinates":[106.285881699,10.170935681]},"properties":{"Phật giáo Bắc tông":"Chùa Tây An","Tôn Kính":null,"Địa chỉ":"ấp Đông Lợi, xã Tân Thanh Bình","Tông phái":null,"layer_id":359,"fid":363,"label":"Chùa Tây An"}},{"type":"Feature","geometry":{"type":"Point","coordinates":[106.328552709,10.209697269]},"properties":{"Phật giáo Bắc tông":"Chùa Long Viên","Tôn Kính":null,"Địa chỉ":"ấp Tân Long 2, xã Tân Thành Bình","Tông phái":null,"layer_id":359,"fid":364,"label":"Chùa Long Viên"}},{"type":"Feature","geometry":{"type":"Point","coordinates":[106.351633952,10.182397969]},"properties":{"Phật giáo Bắc tông":"Chùa Long Bình","Tôn Kính":null,"Địa chỉ":"ấp Thanh Bình 2, xã Tân Thành Bình","Tông phái":null,"layer_id":359,"fid":365,"label":"Chùa Long Bình"}},{"type":"Feature","geometry":{"type":"Point","coordinates":[106.327314376,10.203750934]},"properties":{"Phật giáo Bắc tông":"Chùa Hương Nghiêm","Tôn Kính":null,"Địa chỉ":"ấp Chợ Xếp,xã Tân Thành Bình","Tông phái":null,"layer_id":359,"fid":366,"label":"Chùa Hương Nghiêm"}},{"type":"Feature","geometry":{"type":"Point","coordinates":[106.33519634,10.208412329]},"properties":{"Phật giáo Bắc tông":"Chùa Phước Hoa","Tôn Kính":null,"Địa chỉ":"ấp Tân Long 3, xã Tân Thành Bình","Tông phái":null,"layer_id":359,"fid":367,"label":"Chùa Phước Hoa"}},{"type":"Feature","geometry":{"type":"Point","coordinates":[106.332698157,10.192864769]},"properties":{"Phật giáo Bắc tông":"Chùa Phước Thành","Tôn Kính":null,"Địa chỉ":"ấp Chợ Xếp, xã Tân Thành Bình","Tông phái":null,"layer_id":359,"fid":368,"label":"Chùa Phước Thành"}},{"type":"Feature","geometry":{"type":"Point","coordinates":[106.334159137,10.174946212]},"properties":{"Phật giáo Bắc tông":"Chùa Long Hóa","Tôn Kính":null,"Địa chỉ":"ấp Thành Hóa 2, xã Tân Thành Bình","Tông phái":null,"layer_id":359,"fid":369,"label":"Chùa Long Hóa"}},{"type":"Feature","geometry":{"type":"Point","coordinates":[106.322861121,10.160819423]},"properties":{"Phật giáo Bắc tông":"Chùa Tân Linh","Tôn Kính":null,"Địa chỉ":"ấp Hòa Hưng, xã Tân Thành Bình","Tông phái":null,"layer_id":359,"fid":370,"label":"Chùa Tân Linh"}},{"type":"Feature","geometry":{"type":"Point","coordinates":[106.320771652,10.159485117]},"properties":{"Phật giáo Bắc tông":"Chùa Phổ Quang","Tôn Kính":null,"Địa chỉ":"ấp Hưng Long, xã Tân Thành Bình","Tông phái":null,"layer_id":359,"fid":371,"label":"Chùa Phổ Quang"}},{"type":"Feature","geometry":{"type":"Point","coordinates":[106.289515996,10.16460772]},"properties":{"Phật giáo Bắc tông":"Chùa Bửu Quang","Tôn Kính":null,"Địa chỉ":"ấp Tân Thạnh, xã Tân Quới","Tông phái":null,"layer_id":359,"fid":372,"label":"Chùa Bửu Quang"}},{"type":"Feature","geometry":{"type":"Point","coordinates":[106.275015652,10.161355101]},"properties":{"Phật giáo Bắc tông":"Chùa Tân Thành","Tôn Kính":null,"Địa chỉ":"ấp Thanh Tây, xã Nhuận Phú Tân","Tông phái":null,"layer_id":359,"fid":373,"label":"Chùa Tân Thành"}},{"type":"Feature","geometry":{"type":"Point","coordinates":[106.185500236,10.234773185]},"properties":{"Phật giáo Bắc tông":"Chùa Quốc Thới","Tôn Kính":null,"Địa chỉ":"xã Chợ Lách","Tông phái":null,"layer_id":359,"fid":588,"label":"Chùa Quốc Thới"}},{"type":"Feature","geometry":{"type":"Point","coordinates":[106.254303552,10.125965086]},"properties":{"Phật giáo Bắc tông":"Chùa Long Phước","Tôn Kính":null,"Địa chỉ":"ấp Giồng Chùa, xã Nhuận Phú Tân","Tông phái":null,"layer_id":359,"fid":374,"label":"Chùa Long Phước"}},{"type":"Feature","geometry":{"type":"Point","coordinates":[106.246319796,10.124629461]},"properties":{"Phật giáo Bắc tông":"Chùa Long Hưng","Tôn Kính":null,"Địa chỉ":"ấp Giồng Giữa, xã Nhuận Phú Tân","Tông phái":null,"layer_id":359,"fid":375,"label":"Chùa Long Hưng"}},{"type":"Feature","geometry":{"type":"Point","coordinates":[106.25468025,10.215555889]},"properties":{"Phật giáo Bắc tông":"Chùa Phú Long","Tôn Kính":null,"Địa chỉ":"ấp Phú Thuận, xã Phước Mỹ Trung","Tông phái":null,"layer_id":359,"fid":376,"label":"Chùa Phú Long"}},{"type":"Feature","geometry":{"type":"Point","coordinates":[106.252416852,10.243992824]},"properties":{"Phật giáo Bắc tông":"Chùa Long Quang","Tôn Kính":null,"Địa chỉ":"ấp Mỹ Sơn Đông, xã Phước Mỹ Trung","Tông phái":null,"layer_id":359,"fid":377,"label":"Chùa Long Quang"}},{"type":"Feature","geometry":{"type":"Point","coordinates":[106.289760752,10.103087215]},"properties":{"Phật giáo Bắc tông":"Chùa Vĩnh Bửu","Tôn Kính":null,"Địa chỉ":"ấp Vĩnh Trị, xã Nhuận Phú Tân","Tông phái":null,"layer_id":359,"fid":378,"label":"Chùa Vĩnh Bửu"}},{"type":"Feature","geometry":{"type":"Point","coordinates":[106.257855891,10.117618897]},"properties":{"Phật giáo Bắc tông":"Chùa Long Khánh","Tôn Kính":null,"Địa chỉ":"ấp Tích Khánh, xã Nhuận Phú Tân","Tông phái":null,"layer_id":359,"fid":379,"label":"Chùa Long Khánh"}},{"type":"Feature","geometry":{"type":"Point","coordinates":[106.476866752,10.293685013]},"properties":{"Phật giáo Bắc tông":"chùa Vạn Đức ","Tôn Kính":null,"Địa chỉ":"Ấp 2, xã Tam Hiệp","Tông phái":null,"layer_id":359,"fid":380,"label":"chùa Vạn Đức "}},{"type":"Feature","geometry":{"type":"Point","coordinates":[106.460612621,10.281997451]},"properties":{"Phật giáo Bắc tông":"chùa Thiên Thọ","Tôn Kính":null,"Địa chỉ":"Ấp Long Phú, xã Phú Thuận","Tông phái":null,"layer_id":359,"fid":381,"label":"chùa Thiên Thọ"}},{"type":"Feature","geometry":{"type":"Point","coordinates":[106.530017952,10.237548009]},"properties":{"Phật giáo Bắc tông":"chùa Tân Phước","Tôn Kính":null,"Địa chỉ":"ấp Giồng Bông, xã Thới Lai","Tông phái":null,"layer_id":359,"fid":383,"label":"chùa Tân Phước"}},{"type":"Feature","geometry":{"type":"Point","coordinates":[106.616093552,10.227624749]},"properties":{"Phật giáo Bắc tông":"chùa Tân Lâm","Tôn Kính":null,"Địa chỉ":"ấp Bến Cát, xã Thạnh Trị","Tông phái":null,"layer_id":359,"fid":384,"label":"chùa Tân Lâm"}},{"type":"Feature","geometry":{"type":"Point","coordinates":[106.644328652,10.222754792]},"properties":{"Phật giáo Bắc tông":"chùa Phước Vân","Tôn Kính":null,"Địa chỉ":"ấp Bình Trung, xã Thạnh Trị","Tông phái":null,"layer_id":359,"fid":385,"label":"chùa Phước Vân"}},{"type":"Feature","geometry":{"type":"Point","coordinates":[106.375671132,10.23154712]},"properties":{"Phật giáo Bắc tông":"Tịnh thất Quan Âm","Tôn Kính":null,"Địa chỉ":"ấp Cả Đuối, xã Thạnh Trị","Tông phái":null,"layer_id":359,"fid":386,"label":"Tịnh thất Quan Âm"}},{"type":"Feature","geometry":{"type":"Point","coordinates":[106.679968223,10.114293311]},"properties":{"Phật giáo Bắc tông":"chùa Tân Linh","Tôn Kính":null,"Địa chỉ":"ấp Tân Long, xã Thạnh Phước","Tông phái":null,"layer_id":359,"fid":387,"label":"chùa Tân Linh"}},{"type":"Feature","geometry":{"type":"Point","coordinates":[106.689884038,10.108166751]},"properties":{"Phật giáo Bắc tông":"chùa Phước Linh","Tôn Kính":null,"Địa chỉ":"ấp Tân Long, xã Thạnh Phước","Tông phái":null,"layer_id":359,"fid":388,"label":"chùa Phước Linh"}},{"type":"Feature","geometry":{"type":"Point","coordinates":[106.587290742,10.236545586]},"properties":{"Phật giáo Bắc tông":"chùa Huê Lâm cổ tự","Tôn Kính":null,"Địa chỉ":"ấp Phú Thành, xã Phước Mỹ Trung","Tông phái":null,"layer_id":359,"fid":389,"label":"chùa Huê Lâm cổ tự"}},{"type":"Feature","geometry":{"type":"Point","coordinates":[106.495978638,10.252170526]},"properties":{"Phật giáo Bắc tông":"chùa Hưng Phước","Tôn Kính":null,"Địa chỉ":"ấp Hưng Chánh, xã Châu Hưng","Tông phái":null,"layer_id":359,"fid":390,"label":"chùa Hưng Phước"}},{"type":"Feature","geometry":{"type":"Point","coordinates":[106.491913452,10.270250645]},"properties":{"Phật giáo Bắc tông":"chùa Phú Thọ","Tôn Kính":null,"Địa chỉ":"ấp Phú Thạnh, xã Phú Thuận","Tông phái":null,"layer_id":359,"fid":391,"label":"chùa Phú Thọ"}},{"type":"Feature","geometry":{"type":"Point","coordinates":[106.531304367,10.257123937]},"properties":{"Phật giáo Bắc tông":"chùa Bửu Tháp","Tôn Kính":null,"Địa chỉ":"ấp Vinh Hội, xã Lộc Thuận","Tông phái":null,"layer_id":359,"fid":392,"label":"chùa Bửu Tháp"}},{"type":"Feature","geometry":{"type":"Point","coordinates":[106.528626208,10.25448422]},"properties":{"Phật giáo Bắc tông":"chùa Vinh Thọ","Tôn Kính":null,"Địa chỉ":"ấp Vinh Hội, xã Lộc Thuận","Tông phái":null,"layer_id":359,"fid":393,"label":"chùa Vinh Thọ"}},{"type":"Feature","geometry":{"type":"Point","coordinates":[106.538743763,10.254555724]},"properties":{"Phật giáo Bắc tông":"chùa Phổ Tịnh","Tôn Kính":null,"Địa chỉ":"ấp Vinh Thái, xã Lộc Thuận","Tông phái":null,"layer_id":359,"fid":394,"label":"chùa Phổ Tịnh"}},{"type":"Feature","geometry":{"type":"Point","coordinates":[106.539417267,10.260569491]},"properties":{"Phật giáo Bắc tông":"chùa Huệ Lâm","Tôn Kính":null,"Địa chỉ":"ấp Vinh Hội, xã Lộc Thuận","Tông phái":null,"layer_id":359,"fid":395,"label":"chùa Huệ Lâm"}},{"type":"Feature","geometry":{"type":"Point","coordinates":[106.532578786,10.258083669]},"properties":{"Phật giáo Bắc tông":"chùa Liên Hoa","Tôn Kính":null,"Địa chỉ":"ấp Vinh Châu, xã Lộc Thuận","Tông phái":null,"layer_id":359,"fid":396,"label":"chùa Liên Hoa"}},{"type":"Feature","geometry":{"type":"Point","coordinates":[106.688230779,10.186913565]},"properties":{"Phật giáo Bắc tông":"chùa Đông Phước","Tôn Kính":null,"Địa chỉ":"ấp Bình Hòa, xã Bình Đại","Tông phái":null,"layer_id":359,"fid":397,"label":"chùa Đông Phước"}},{"type":"Feature","geometry":{"type":"Point","coordinates":[106.692023065,10.185374846]},"properties":{"Phật giáo Bắc tông":"chùa Long Hải","Tôn Kính":null,"Địa chỉ":"khu phố 2,xã Bình Đại","Tông phái":null,"layer_id":359,"fid":398,"label":"chùa Long Hải"}},{"type":"Feature","geometry":{"type":"Point","coordinates":[106.706628752,10.164043576]},"properties":{"Phật giáo Bắc tông":"chùa Vạn Phước","Tôn Kính":null,"Địa chỉ":"ấp Bình Chiến, xã Bình Đại","Tông phái":null,"layer_id":359,"fid":399,"label":"chùa Vạn Phước"}},{"type":"Feature","geometry":{"type":"Point","coordinates":[106.539966894,10.249021682]},"properties":{"Phật giáo Bắc tông":"chùa Giác Hòa","Tôn Kính":null,"Địa chỉ":"ấp Vinh Tân, xã Lộc Thuận","Tông phái":null,"layer_id":359,"fid":400,"label":"chùa Giác Hòa"}},{"type":"Feature","geometry":{"type":"Point","coordinates":[106.556498121,10.23473142]},"properties":{"Phật giáo Bắc tông":"chùa Vinh Lâm","Tôn Kính":null,"Địa chỉ":"ấp Vinh Xương, xã Lộc Thuận","Tông phái":null,"layer_id":359,"fid":401,"label":"chùa Vinh Lâm"}},{"type":"Feature","geometry":{"type":"Point","coordinates":[106.593182679,10.227248765]},"properties":{"Phật giáo Bắc tông":"chùa An Lộc","Tôn Kính":null,"Địa chỉ":"ấp Lộc Thới, xã Lộc Thuận","Tông phái":null,"layer_id":359,"fid":402,"label":"chùa An Lộc"}},{"type":"Feature","geometry":{"type":"Point","coordinates":[106.761999052,10.165837915]},"properties":{"Phật giáo Bắc tông":"chùa Lương Hải","Tôn Kính":null,"Địa chỉ":"ấp Thừa Trung, xã Thới Thuận","Tông phái":null,"layer_id":359,"fid":403,"label":"chùa Lương Hải"}},{"type":"Feature","geometry":{"type":"Point","coordinates":[106.650395808,10.164822199]},"properties":{"Phật giáo Bắc tông":"chùa Thái Dương","Tôn Kính":null,"Địa chỉ":"ấp Bình Thạnh 3, xã Thạnh Trị","Tông phái":null,"layer_id":359,"fid":404,"label":"chùa Thái Dương"}},{"type":"Feature","geometry":{"type":"Point","coordinates":[106.668021308,10.147897722]},"properties":{"Phật giáo Bắc tông":"chùa Phước Lộc","Tôn Kính":null,"Địa chỉ":"ấp Bình Lộc, xã Thạnh Phước","Tông phái":null,"layer_id":359,"fid":405,"label":"chùa Phước Lộc"}},{"type":"Feature","geometry":{"type":"Point","coordinates":[106.680127094,10.171753074]},"properties":{"Phật giáo Bắc tông":"chùa Phước Thiện","Tôn Kính":null,"Địa chỉ":"ấp Bình Huề 1, xã Thạnh Phước","Tông phái":null,"layer_id":359,"fid":406,"label":"chùa Phước Thiện"}},{"type":"Feature","geometry":{"type":"Point","coordinates":[106.444156463,10.288812328]},"properties":{"Phật giáo Bắc tông":"Chùa Phật Minh","Tôn Kính":null,"Địa chỉ":"Ấp Hòa An, xã Giao Long","Tông phái":null,"layer_id":359,"fid":407,"label":"Chùa Phật Minh"}},{"type":"Feature","geometry":{"type":"Point","coordinates":[106.41796595,10.299112785]},"properties":{"Phật giáo Bắc tông":"Chùa Hưng Lâm","Tôn Kính":null,"Địa chỉ":"Ấp Long Hòa, xã Giao Long","Tông phái":null,"layer_id":359,"fid":408,"label":"Chùa Hưng Lâm"}},{"type":"Feature","geometry":{"type":"Point","coordinates":[106.422184821,10.297234042]},"properties":{"Phật giáo Bắc tông":"Chùa Giác Nguyên     ","Tôn Kính":null,"Địa chỉ":"Ấp Long Hội, xã Giao Long","Tông phái":null,"layer_id":359,"fid":409,"label":"Chùa Giác Nguyên     "}},{"type":"Feature","geometry":{"type":"Point","coordinates":[106.431812438,10.292994301]},"properties":{"Phật giáo Bắc tông":"Chùa Hòa Sơn","Tôn Kính":null,"Địa chỉ":"Ấp Hòa Long, xã Giao Long","Tông phái":null,"layer_id":359,"fid":410,"label":"Chùa Hòa Sơn"}},{"type":"Feature","geometry":{"type":"Point","coordinates":[106.284817265,10.278427348]},"properties":{"Phật giáo Bắc tông":"Chùa Bửu Quang","Tôn Kính":null,"Địa chỉ":"Ấp Thuận Điền, xã An Hiệp","Tông phái":null,"layer_id":359,"fid":411,"label":"Chùa Bửu Quang"}},{"type":"Feature","geometry":{"type":"Point","coordinates":[106.239664552,10.288517978]},"properties":{"Phật giáo Bắc tông":"Chùa Tâm Thành","Tôn Kính":null,"Địa chỉ":"Ấp Phú Phong, xã Phú Quới","Tông phái":null,"layer_id":359,"fid":412,"label":"Chùa Tâm Thành"}},{"type":"Feature","geometry":{"type":"Point","coordinates":[106.230521452,10.285108854]},"properties":{"Phật giáo Bắc tông":"Chùa Bảo Tâm","Tôn Kính":null,"Địa chỉ":"Ấp Phú Hòa, xã Phú Quới ","Tông phái":null,"layer_id":359,"fid":413,"label":"Chùa Bảo Tâm"}},{"type":"Feature","geometry":{"type":"Point","coordinates":[106.373987993,10.286963892]},"properties":{"Phật giáo Bắc tông":"Chùa Phước Thành","Tôn Kính":null,"Địa chỉ":"Ấp Phước Thành, Phường Sơn Đông","Tông phái":null,"layer_id":359,"fid":414,"label":"Chùa Phước Thành"}},{"type":"Feature","geometry":{"type":"Point","coordinates":[106.373477443,10.332602671]},"properties":{"Phật giáo Bắc tông":"Chùa Phước Đức","Tôn Kính":null,"Địa chỉ":"Ấp Tân An Thị, xã Phú Túc","Tông phái":null,"layer_id":359,"fid":415,"label":"Chùa Phước Đức"}},{"type":"Feature","geometry":{"type":"Point","coordinates":[106.376680065,10.329760249]},"properties":{"Phật giáo Bắc tông":"Chùa Tân Long","Tôn Kính":null,"Địa chỉ":"Ấp Tân Phong Ngoại, xã Phú Túc","Tông phái":null,"layer_id":359,"fid":416,"label":"Chùa Tân Long"}},{"type":"Feature","geometry":{"type":"Point","coordinates":[106.357818108,10.333361748]},"properties":{"Phật giáo Bắc tông":"Chùa Tân Đức","Tôn Kính":null,"Địa chỉ":"Ấp Tân Vinh, xã Phú Túc","Tông phái":null,"layer_id":359,"fid":417,"label":"Chùa Tân Đức"}},{"type":"Feature","geometry":{"type":"Point","coordinates":[106.37720885,10.323306772]},"properties":{"Phật giáo Bắc tông":"Chùa Hội Phước","Tôn Kính":null,"Địa chỉ":"Ấp Tân Quới Nội, xã Phú Túc","Tông phái":null,"layer_id":359,"fid":418,"label":"Chùa Hội Phước"}},{"type":"Feature","geometry":{"type":"Point","coordinates":[106.363380052,10.316646121]},"properties":{"Phật giáo Bắc tông":"Chùa Đức Huệ","Tôn Kính":null,"Địa chỉ":"Ấp Tân Huề Đông, xã Phú Túc","Tông phái":null,"layer_id":359,"fid":419,"label":"Chùa Đức Huệ"}},{"type":"Feature","geometry":{"type":"Point","coordinates":[106.373994994,10.325735541]},"properties":{"Phật giáo Bắc tông":"Chùa Tân Khánh","Tôn Kính":null,"Địa chỉ":"Ấp Tân Quới Ngoại, xã Phú Túc","Tông phái":null,"layer_id":359,"fid":420,"label":"Chùa Tân Khánh"}},{"type":"Feature","geometry":{"type":"Point","coordinates":[106.377833434,10.321497532]},"properties":{"Phật giáo Bắc tông":"Chùa Long Nguyên","Tôn Kính":null,"Địa chỉ":"Ấp Tân Quới Nội, xã Phú Túc","Tông phái":null,"layer_id":359,"fid":421,"label":"Chùa Long Nguyên"}},{"type":"Feature","geometry":{"type":"Point","coordinates":[106.366923223,10.323830562]},"properties":{"Phật giáo Bắc tông":"Chùa Phước Duyên","Tôn Kính":null,"Địa chỉ":"Ấp Tân Phú, xã Phú Túc","Tông phái":null,"layer_id":359,"fid":422,"label":"Chùa Phước Duyên"}},{"type":"Feature","geometry":{"type":"Point","coordinates":[106.256585908,10.293992407]},"properties":{"Phật giáo Bắc tông":"Chùa Bửu Thành","Tôn Kính":null,"Địa chỉ":"Ấp Chợ, xã Tiên Thủy","Tông phái":null,"layer_id":359,"fid":423,"label":"Chùa Bửu Thành"}},{"type":"Feature","geometry":{"type":"Point","coordinates":[106.211041636,10.274794126]},"properties":{"Phật giáo Bắc tông":"Chùa Phúc An","Tôn Kính":null,"Địa chỉ":"Ấp Tiên Phú 2, xã Tân Phú","Tông phái":null,"layer_id":359,"fid":424,"label":"Chùa Phúc An"}},{"type":"Feature","geometry":{"type":"Point","coordinates":[106.209188254,10.259032251]},"properties":{"Phật giáo Bắc tông":"Chùa Giác Viên","Tôn Kính":null,"Địa chỉ":"Ấp Tiên Thạnh, xã Tân Phú","Tông phái":null,"layer_id":359,"fid":425,"label":"Chùa Giác Viên"}},{"type":"Feature","geometry":{"type":"Point","coordinates":[106.222796794,10.309065613]},"properties":{"Phật giáo Bắc tông":"Chùa Bửu Đức","Tôn Kính":null,"Địa chỉ":"Ấp Định Lễ, xã Tân Phú","Tông phái":null,"layer_id":359,"fid":426,"label":"Chùa Bửu Đức"}},{"type":"Feature","geometry":{"type":"Point","coordinates":[106.197907109,10.290734402]},"properties":{"Phật giáo Bắc tông":"Chùa Đông Thiền","Tôn Kính":null,"Địa chỉ":"Ấp Tân Bắc, xã Tân Phú","Tông phái":null,"layer_id":359,"fid":427,"label":"Chùa Đông Thiền"}},{"type":"Feature","geometry":{"type":"Point","coordinates":[106.173634529,10.287663957]},"properties":{"Phật giáo Bắc tông":"Chùa Lâm Sơn Tự ","Tôn Kính":null,"Địa chỉ":"Ấp Tân Nam, xã Tân Phú","Tông phái":null,"layer_id":359,"fid":428,"label":"Chùa Lâm Sơn Tự "}},{"type":"Feature","geometry":{"type":"Point","coordinates":[106.175698479,10.27891774]},"properties":{"Phật giáo Bắc tông":"Chùa Tăng Long","Tôn Kính":null,"Địa chỉ":"Ấp Hàm Luông, xã Tân Phú","Tông phái":null,"layer_id":359,"fid":429,"label":"Chùa Tăng Long"}},{"type":"Feature","geometry":{"type":"Point","coordinates":[106.399385847,10.289045829]},"properties":{"Phật giáo Bắc tông":"Chùa Bửu An Châu Tự","Tôn Kính":null,"Địa chỉ":"Ấp Phước Thới, xã Giao Long","Tông phái":null,"layer_id":359,"fid":430,"label":"Chùa Bửu An Châu Tự"}},{"type":"Feature","geometry":{"type":"Point","coordinates":[106.382552136,10.295921887]},"properties":{"Phật giáo Bắc tông":"Chùa Phước Linh","Tôn Kính":null,"Địa chỉ":"Ấp Hữu Nhơn, xã Phú Tân","Tông phái":null,"layer_id":359,"fid":431,"label":"Chùa Phước Linh"}},{"type":"Feature","geometry":{"type":"Point","coordinates":[106.288451236,10.314847522]},"properties":{"Phật giáo Bắc tông":"Chùa Minh Đức","Tôn Kính":null,"Địa chỉ":"Ấp Phú Mỹ, xã Phú Túc","Tông phái":null,"layer_id":359,"fid":432,"label":"Chùa Minh Đức"}},{"type":"Feature","geometry":{"type":"Point","coordinates":[106.355193978,10.304933886]},"properties":{"Phật giáo Bắc tông":"Chùa Phước Linh","Tôn Kính":null,"Địa chỉ":"Ấp Phú Xuân, xã Phú Túc","Tông phái":null,"layer_id":359,"fid":433,"label":"Chùa Phước Linh"}},{"type":"Feature","geometry":{"type":"Point","coordinates":[106.305847436,10.312111612]},"properties":{"Phật giáo Bắc tông":"Chùa Bửu Phước","Tôn Kính":null,"Địa chỉ":"ấp Phú Thạnh, xã Phú Túc","Tông phái":null,"layer_id":359,"fid":434,"label":"Chùa Bửu Phước"}},{"type":"Feature","geometry":{"type":"Point","coordinates":[106.316016536,10.262991905]},"properties":{"Phật giáo Bắc tông":"Chùa Liên Trì","Tôn Kính":null,"Địa chỉ":"Ấp Hòa Chánh, xã Phú Túc","Tông phái":null,"layer_id":359,"fid":435,"label":"Chùa Liên Trì"}},{"type":"Feature","geometry":{"type":"Point","coordinates":[106.339178894,10.306489581]},"properties":{"Phật giáo Bắc tông":"Chùa Đức Thắng","Tôn Kính":null,"Địa chỉ":"Ấp Phước Tự, xã Phú Túc","Tông phái":null,"layer_id":359,"fid":436,"label":"Chùa Đức Thắng"}},{"type":"Feature","geometry":{"type":"Point","coordinates":[106.355377294,10.325368292]},"properties":{"Phật giáo Bắc tông":"Chùa Lạc Thiện","Tôn Kính":null,"Địa chỉ":"Ấp An Phú, xã Phú Túc","Tông phái":null,"layer_id":359,"fid":437,"label":"Chùa Lạc Thiện"}},{"type":"Feature","geometry":{"type":"Point","coordinates":[106.439542821,10.277934922]},"properties":{"Phật giáo Bắc tông":"Chùa An Phước","Tôn Kính":null,"Địa chỉ":"Ấp An Hòa, xãTân Thủy","Tông phái":null,"layer_id":359,"fid":438,"label":"Chùa An Phước"}},{"type":"Feature","geometry":{"type":"Point","coordinates":[106.354771009,10.302443063]},"properties":{"Phật giáo Bắc tông":"Chùa Vạn Phước","Tôn Kính":null,"Địa chỉ":"Khu phố 4, xã Phú Túc","Tông phái":null,"layer_id":359,"fid":439,"label":"Chùa Vạn Phước"}},{"type":"Feature","geometry":{"type":"Point","coordinates":[106.347767052,10.306523259]},"properties":{"Phật giáo Bắc tông":"Tịnh Thất Từ Quang","Tôn Kính":null,"Địa chỉ":"Ấp Phú Nhơn, xã Phú Túc","Tông phái":null,"layer_id":359,"fid":440,"label":"Tịnh Thất Từ Quang"}},{"type":"Feature","geometry":{"type":"Point","coordinates":[106.340535409,10.292156764]},"properties":{"Phật giáo Bắc tông":"Chùa Thiện Bửu","Tôn Kính":null,"Địa chỉ":"Ấp Thạnh Hựu, Phường Sơn Đông","Tông phái":null,"layer_id":359,"fid":441,"label":"Chùa Thiện Bửu"}},{"type":"Feature","geometry":{"type":"Point","coordinates":[106.353457879,10.289896572]},"properties":{"Phật giáo Bắc tông":"Chùa Từ Huệ","Tôn Kính":null,"Địa chỉ":"Ấp Thạnh Hựu, Phường Sơn Đông","Tông phái":null,"layer_id":359,"fid":442,"label":"Chùa Từ Huệ"}},{"type":"Feature","geometry":{"type":"Point","coordinates":[106.334449063,10.298802374]},"properties":{"Phật giáo Bắc tông":"Chùa Vĩnh Thành","Tôn Kính":null,"Địa chỉ":"Ấp Phước Hựu, Phường Sơn Đông","Tông phái":null,"layer_id":359,"fid":443,"label":"Chùa Vĩnh Thành"}},{"type":"Feature","geometry":{"type":"Point","coordinates":[106.340470475,10.292183917]},"properties":{"Phật giáo Bắc tông":"Chùa Phước Nguyên","Tôn Kính":null,"Địa chỉ":"Ấp Phước Thạnh, Phường Sơn Đông","Tông phái":null,"layer_id":359,"fid":444,"label":"Chùa Phước Nguyên"}},{"type":"Feature","geometry":{"type":"Point","coordinates":[106.289746177,10.295515442]},"properties":{"Phật giáo Bắc tông":"Chùa Bửu Hưng","Tôn Kính":null,"Địa chỉ":"Ấp Bình An, xã Phú Túc","Tông phái":null,"layer_id":359,"fid":445,"label":"Chùa Bửu Hưng"}},{"type":"Feature","geometry":{"type":"Point","coordinates":[106.308270955,10.286530005]},"properties":{"Phật giáo Bắc tông":"Chùa Phước Long","Tôn Kính":null,"Địa chỉ":"Ấp Thạnh Hưng, xã Phú Túc","Tông phái":null,"layer_id":359,"fid":446,"label":"Chùa Phước Long"}},{"type":"Feature","geometry":{"type":"Point","coordinates":[106.308653259,10.292910744]},"properties":{"Phật giáo Bắc tông":"Tịnh xá Ngọc Tường","Tôn Kính":null,"Địa chỉ":"Ấp Định Thọ, xã Phú Túc","Tông phái":null,"layer_id":359,"fid":447,"label":"Tịnh xá Ngọc Tường"}},{"type":"Feature","geometry":{"type":"Point","coordinates":[106.404664208,10.308613003]},"properties":{"Phật giáo Bắc tông":"Chùa Hội Tôn","Tôn Kính":null,"Địa chỉ":"Xã Quới Sơn","Tông phái":null,"layer_id":359,"fid":448,"label":"Chùa Hội Tôn"}},{"type":"Feature","geometry":{"type":"Point","coordinates":[106.399322879,10.289138278]},"properties":{"Phật giáo Bắc tông":"Chùa Bửu An","Tôn Kính":null,"Địa chỉ":"Xã Quới Sơn","Tông phái":null,"layer_id":359,"fid":449,"label":"Chùa Bửu An"}},{"type":"Feature","geometry":{"type":"Point","coordinates":[106.404022982,10.312242146]},"properties":{"Phật giáo Bắc tông":"Chùa Chơn Thanh","Tôn Kính":null,"Địa chỉ":"Xã Quới Sơn","Tông phái":null,"layer_id":359,"fid":450,"label":"Chùa Chơn Thanh"}},{"type":"Feature","geometry":{"type":"Point","coordinates":[106.382509221,10.295837438]},"properties":{"Phật giáo Bắc tông":"Chùa Linh Phước","Tôn Kính":null,"Địa chỉ":"Âp Phước Hòa, xã Giao Long","Tông phái":null,"layer_id":359,"fid":451,"label":"Chùa Linh Phước"}},{"type":"Feature","geometry":{"type":"Point","coordinates":[106.240082436,10.266374218]},"properties":{"Phật giáo Bắc tông":"Chùa Phật Nhựt","Tôn Kính":null,"Địa chỉ":"Ấp Chánh, xã Tiên Thủy","Tông phái":null,"layer_id":359,"fid":452,"label":"Chùa Phật Nhựt"}},{"type":"Feature","geometry":{"type":"Point","coordinates":[106.260890663,10.263616681]},"properties":{"Phật giáo Bắc tông":"Chùa Từ Ân","Tôn Kính":null,"Địa chỉ":"Ấp Khánh Hội Đông, xã Tiên Thủy","Tông phái":null,"layer_id":359,"fid":453,"label":"Chùa Từ Ân"}},{"type":"Feature","geometry":{"type":"Point","coordinates":[106.241711336,10.258410978]},"properties":{"Phật giáo Bắc tông":"Chùa Bửu Tạng","Tôn Kính":null,"Địa chỉ":"Ấp Khánh Hội Đông, xã  Tiên Thủy","Tông phái":null,"layer_id":359,"fid":454,"label":"Chùa Bửu Tạng"}},{"type":"Feature","geometry":{"type":"Point","coordinates":[106.256639552,10.29401352]},"properties":{"Phật giáo Bắc tông":"Chùa Bửu Thành","Tôn Kính":null,"Địa chỉ":"Ấp Tiên Đông Thượng, xã Tiên Thủy","Tông phái":null,"layer_id":359,"fid":455,"label":"Chùa Bửu Thành"}},{"type":"Feature","geometry":{"type":"Point","coordinates":[106.236020136,10.26152582]},"properties":{"Phật giáo Bắc tông":"Chùa Tiên Đài","Tôn Kính":null,"Địa chỉ":"Ấp Khánh Hội Tây, xã Tiên Thủy","Tông phái":null,"layer_id":359,"fid":456,"label":"Chùa Tiên Đài"}},{"type":"Feature","geometry":{"type":"Point","coordinates":[106.337559924,10.126710929]},"properties":{"Phật giáo Bắc tông":"Chùa Phước Quang","Tôn Kính":null,"Địa chỉ":"Khu phố 3, xã Mỏ Cày","Tông phái":null,"layer_id":359,"fid":457,"label":"Chùa Phước Quang"}},{"type":"Feature","geometry":{"type":"Point","coordinates":[106.327647294,10.127850638]},"properties":{"Phật giáo Bắc tông":"Chùa Phước Huệ","Tôn Kính":null,"Địa chỉ":"Khu phố 5, xã Mỏ Cày","Tông phái":null,"layer_id":359,"fid":458,"label":"Chùa Phước Huệ"}},{"type":"Feature","geometry":{"type":"Point","coordinates":[106.329685773,10.126900068]},"properties":{"Phật giáo Bắc tông":"Chùa Hội Phước","Tôn Kính":null,"Địa chỉ":"Khu phố 5, xã Mỏ Cày","Tông phái":null,"layer_id":359,"fid":459,"label":"Chùa Hội Phước"}},{"type":"Feature","geometry":{"type":"Point","coordinates":[106.331244911,10.130291321]},"properties":{"Phật giáo Bắc tông":"Chùa Phước Hoà","Tôn Kính":null,"Địa chỉ":"Khu phố 5, xã Mỏ Cày","Tông phái":null,"layer_id":359,"fid":460,"label":"Chùa Phước Hoà"}},{"type":"Feature","geometry":{"type":"Point","coordinates":[106.329535994,10.128972976]},"properties":{"Phật giáo Bắc tông":"Tịnh xá Bồ Đề","Tôn Kính":null,"Địa chỉ":"Khu phố 5,xã Mỏ Cày","Tông phái":null,"layer_id":359,"fid":461,"label":"Tịnh xá Bồ Đề"}},{"type":"Feature","geometry":{"type":"Point","coordinates":[106.384235367,10.090914745]},"properties":{"Phật giáo Bắc tông":"Chùa Khánh Linh","Tôn Kính":null,"Địa chỉ":"Phú Tây Thượng,  xã Đồng Khởi","Tông phái":null,"layer_id":359,"fid":462,"label":"Chùa Khánh Linh"}},{"type":"Feature","geometry":{"type":"Point","coordinates":[106.397533165,10.10825885]},"properties":{"Phật giáo Bắc tông":"Chùa Thiên Quang","Tôn Kính":null,"Địa chỉ":"Phú Đông Thượng,  xã Đồng Khởi","Tông phái":null,"layer_id":359,"fid":463,"label":"Chùa Thiên Quang"}},{"type":"Feature","geometry":{"type":"Point","coordinates":[106.370904479,10.097658342]},"properties":{"Phật giáo Bắc tông":"Chùa Hòa Linh","Tôn Kính":null,"Địa chỉ":"An Thạnh,  xã Đồng Khởi","Tông phái":null,"layer_id":359,"fid":464,"label":"Chùa Hòa Linh"}},{"type":"Feature","geometry":{"type":"Point","coordinates":[106.366253067,10.15156319]},"properties":{"Phật giáo Bắc tông":"Chùa Thanh Phước","Tôn Kính":null,"Địa chỉ":"ấp Thanh Phước, xã Đồng Khởi","Tông phái":null,"layer_id":359,"fid":465,"label":"Chùa Thanh Phước"}},{"type":"Feature","geometry":{"type":"Point","coordinates":[106.402958256,10.065506371]},"properties":{"Phật giáo Bắc tông":"Chùa Phú Linh","Tôn Kính":null,"Địa chỉ":"ấp Phú Tây, xã Mỏ Cày","Tông phái":null,"layer_id":359,"fid":466,"label":"Chùa Phú Linh"}},{"type":"Feature","geometry":{"type":"Point","coordinates":[106.309825365,10.087488698]},"properties":{"Phật giáo Bắc tông":"Chùa Viên Thông","Tôn Kính":null,"Địa chỉ":"ấp An Hòa, xã Mỏ Cày","Tông phái":null,"layer_id":359,"fid":467,"label":"Chùa Viên Thông"}},{"type":"Feature","geometry":{"type":"Point","coordinates":[106.370631796,10.032309297]},"properties":{"Phật giáo Bắc tông":"Chùa Phước Sơn","Tôn Kính":null,"Địa chỉ":"ấp Bình Tây, xã Hương Mỹ","Tông phái":null,"layer_id":359,"fid":468,"label":"Chùa Phước Sơn"}},{"type":"Feature","geometry":{"type":"Point","coordinates":[106.345965781,10.062284137]},"properties":{"Phật giáo Bắc tông":"Chùa Vĩnh An","Tôn Kính":null,"Địa chỉ":"An Lợi, Thành Thới","Tông phái":null,"layer_id":359,"fid":469,"label":"Chùa Vĩnh An"}},{"type":"Feature","geometry":{"type":"Point","coordinates":[106.320049503,10.115989519]},"properties":{"Phật giáo Bắc tông":"Chùa Thiên Phước","Tôn Kính":null,"Địa chỉ":"Hội An, xã Mỏ Cày","Tông phái":null,"layer_id":359,"fid":470,"label":"Chùa Thiên Phước"}},{"type":"Feature","geometry":{"type":"Point","coordinates":[106.320645135,10.118874932]},"properties":{"Phật giáo Bắc tông":"Chùa Hội Minh","Tôn Kính":null,"Địa chỉ":"Hội An,xã Mỏ Cày","Tông phái":null,"layer_id":359,"fid":471,"label":"Chùa Hội Minh"}},{"type":"Feature","geometry":{"type":"Point","coordinates":[106.295776865,10.061441392]},"properties":{"Phật giáo Bắc tông":"Chùa Viên Minh","Tôn Kính":null,"Địa chỉ":"Tân Điền, Thành Thới ","Tông phái":null,"layer_id":359,"fid":472,"label":"Chùa Viên Minh"}},{"type":"Feature","geometry":{"type":"Point","coordinates":[106.288102594,10.086647476]},"properties":{"Phật giáo Bắc tông":"Tịnh xá Thành Đức","Tôn Kính":null,"Địa chỉ":"An Thiện, Thành Thới ","Tông phái":null,"layer_id":359,"fid":473,"label":"Tịnh xá Thành Đức"}},{"type":"Feature","geometry":{"type":"Point","coordinates":[106.385819918,10.048781253]},"properties":{"Phật giáo Bắc tông":"Chùa Linh Quang","Tôn Kính":null,"Địa chỉ":"Tân Thành Hạ, xã An Định","Tông phái":null,"layer_id":359,"fid":474,"label":"Chùa Linh Quang"}},{"type":"Feature","geometry":{"type":"Point","coordinates":[106.402587566,10.067985956]},"properties":{"Phật giáo Bắc tông":"Chùa Linh Phú","Tôn Kính":null,"Địa chỉ":"Tân Lễ 1, xã An Định","Tông phái":null,"layer_id":359,"fid":475,"label":"Chùa Linh Phú"}},{"type":"Feature","geometry":{"type":"Point","coordinates":[106.397784594,10.048528197]},"properties":{"Phật giáo Bắc tông":"Tịnh xá Linh Bửu","Tôn Kính":null,"Địa chỉ":"Tân Hậu 2, xã An Định","Tông phái":null,"layer_id":359,"fid":476,"label":"Tịnh xá Linh Bửu"}},{"type":"Feature","geometry":{"type":"Point","coordinates":[106.411670836,10.051236503]},"properties":{"Phật giáo Bắc tông":"Chùa Tuyên Linh","Tôn Kính":null,"Địa chỉ":"Tân Quới Đông B, xã An Định","Tông phái":null,"layer_id":359,"fid":477,"label":"Chùa Tuyên Linh"}},{"type":"Feature","geometry":{"type":"Point","coordinates":[106.395806852,10.019542373]},"properties":{"Phật giáo Bắc tông":" Thiền Tự Hương Giác","Tôn Kính":null,"Địa chỉ":"Thạnh Tây, xã Hương Mỹ","Tông phái":null,"layer_id":359,"fid":478,"label":" Thiền Tự Hương Giác"}},{"type":"Feature","geometry":{"type":"Point","coordinates":[106.401894,10.016362074]},"properties":{"Phật giáo Bắc tông":"Chùa Thới Lai","Tôn Kính":null,"Địa chỉ":"Ấp Thị, xã Hương Mỹ","Tông phái":null,"layer_id":359,"fid":479,"label":"Chùa Thới Lai"}},{"type":"Feature","geometry":{"type":"Point","coordinates":[106.400168225,10.013867606]},"properties":{"Phật giáo Bắc tông":"Chùa Tu Viện\n Nguyên Chiếu","Tôn Kính":null,"Địa chỉ":"Ấp Thị, xã Hương Mỹ","Tông phái":null,"layer_id":359,"fid":480,"label":"Chùa Tu Viện\n Nguyên Chiếu"}},{"type":"Feature","geometry":{"type":"Point","coordinates":[106.358317709,10.120422452]},"properties":{"Phật giáo Bắc tông":"Chùa An Long","Tôn Kính":null,"Địa chỉ":"Tân  Phú 2, xã Đồng Khởi","Tông phái":null,"layer_id":359,"fid":481,"label":"Chùa An Long"}},{"type":"Feature","geometry":{"type":"Point","coordinates":[106.350697396,10.126230639]},"properties":{"Phật giáo Bắc tông":"Chùa Pháp Quang","Tôn Kính":null,"Địa chỉ":"Tân Quới 1, xã Đồng Khởi","Tông phái":null,"layer_id":359,"fid":482,"label":"Chùa Pháp Quang"}},{"type":"Feature","geometry":{"type":"Point","coordinates":[106.440811123,10.218453311]},"properties":{"Phật giáo Bắc tông":"Chùa Bửu Thành","Tôn Kính":null,"Địa chỉ":"Ấp Phong Điền, xã Lương Hòa","Tông phái":null,"layer_id":359,"fid":483,"label":"Chùa Bửu Thành"}},{"type":"Feature","geometry":{"type":"Point","coordinates":[106.507190394,10.199579757]},"properties":{"Phật giáo Bắc tông":"Chùa Huệ Linh","Tôn Kính":null,"Địa chỉ":"Ấp Thới Thuận, xã Châu Hòa","Tông phái":null,"layer_id":359,"fid":484,"label":"Chùa Huệ Linh"}},{"type":"Feature","geometry":{"type":"Point","coordinates":[106.486514209,10.217461642]},"properties":{"Phật giáo Bắc tông":"Chùa Linh Châu","Tôn Kính":null,"Địa chỉ":"Ấp Phú Thuận, xã Châu Hòa","Tông phái":null,"layer_id":359,"fid":485,"label":"Chùa Linh Châu"}},{"type":"Feature","geometry":{"type":"Point","coordinates":[106.546512681,10.195321141]},"properties":{"Phật giáo Bắc tông":"Chùa Vĩnh Bình","Tôn Kính":null,"Địa chỉ":"Ấp Bình An, xã Châu Hòa","Tông phái":null,"layer_id":359,"fid":486,"label":"Chùa Vĩnh Bình"}},{"type":"Feature","geometry":{"type":"Point","coordinates":[106.397599952,10.15393708]},"properties":{"Phật giáo Bắc tông":"Chùa Xương Long ","Tôn Kính":null,"Địa chỉ":"Ấp Long Thị, xã Phước Long","Tông phái":null,"layer_id":359,"fid":487,"label":"Chùa Xương Long "}},{"type":"Feature","geometry":{"type":"Point","coordinates":[106.422321694,10.168192976]},"properties":{"Phật giáo Bắc tông":"Chùa Bửu Lâm","Tôn Kính":null,"Địa chỉ":"Ấp Thập Tư, xã Lương Phú","Tông phái":null,"layer_id":359,"fid":488,"label":"Chùa Bửu Lâm"}},{"type":"Feature","geometry":{"type":"Point","coordinates":[106.452051836,10.112185709]},"properties":{"Phật giáo Bắc tông":"Chùa Phước Hòa","Tôn Kính":null,"Địa chỉ":"Ấp 6, xã Tân Hào","Tông phái":null,"layer_id":359,"fid":489,"label":"Chùa Phước Hòa"}},{"type":"Feature","geometry":{"type":"Point","coordinates":[106.487710779,10.133513974]},"properties":{"Phật giáo Bắc tông":"Chùa Pháp Thanh","Tôn Kính":null,"Địa chỉ":"Ấp Tân Lợi,  xã Tân Lược","Tông phái":null,"layer_id":359,"fid":490,"label":"Chùa Pháp Thanh"}},{"type":"Feature","geometry":{"type":"Point","coordinates":[106.491259054,10.121264433]},"properties":{"Phật giáo Bắc tông":"Chùa Qui Thuận","Tôn Kính":null,"Địa chỉ":"Ấp An Thuận, xã Tân Lược","Tông phái":null,"layer_id":359,"fid":491,"label":"Chùa Qui Thuận"}},{"type":"Feature","geometry":{"type":"Point","coordinates":[106.491563467,10.132034328]},"properties":{"Phật giáo Bắc tông":"Chùa Huệ Ân ","Tôn Kính":null,"Địa chỉ":"Ấp Tân Hòa,  xã Tân Lược","Tông phái":null,"layer_id":359,"fid":492,"label":"Chùa Huệ Ân "}},{"type":"Feature","geometry":{"type":"Point","coordinates":[106.495573052,10.130409537]},"properties":{"Phật giáo Bắc tông":"Chùa Hiếu Huệ","Tôn Kính":null,"Địa chỉ":"Ấp Bình Thuận, xã Tân Lược","Tông phái":null,"layer_id":359,"fid":493,"label":"Chùa Hiếu Huệ"}},{"type":"Feature","geometry":{"type":"Point","coordinates":[106.378315452,10.188141422]},"properties":{"Phật giáo Bắc tông":"Chùa Liên Trì","Tôn Kính":null,"Địa chỉ":"Ấp Phú Hoà, phường An Hội","Tông phái":null,"layer_id":359,"fid":494,"label":"Chùa Liên Trì"}},{"type":"Feature","geometry":{"type":"Point","coordinates":[106.470397525,10.125336607]},"properties":{"Phật giáo Bắc tông":"Chùa Mục Đồng","Tôn Kính":null,"Địa chỉ":"Ấp Giồng Ông Xồm, xã Tân Hào","Tông phái":null,"layer_id":359,"fid":495,"label":"Chùa Mục Đồng"}},{"type":"Feature","geometry":{"type":"Point","coordinates":[106.435094952,10.202488159]},"properties":{"Phật giáo Bắc tông":"Chùa Long Hóa","Tôn Kính":null,"Địa chỉ":"Ấp Long Nội, xã Lương Phú","Tông phái":null,"layer_id":359,"fid":496,"label":"Chùa Long Hóa"}},{"type":"Feature","geometry":{"type":"Point","coordinates":[106.542395379,10.174606292]},"properties":{"Phật giáo Bắc tông":"Chùa Khánh Đức","Tôn Kính":null,"Địa chỉ":"Ấp 6, xã Giồng Trôm","Tông phái":null,"layer_id":359,"fid":497,"label":"Chùa Khánh Đức"}},{"type":"Feature","geometry":{"type":"Point","coordinates":[106.498609994,10.164341713]},"properties":{"Phật giáo Bắc tông":"Chùa Huệ Nhãn","Tôn Kính":null,"Địa chỉ":"Ấp 5A, xã Giồng Trôm","Tông phái":null,"layer_id":359,"fid":498,"label":"Chùa Huệ Nhãn"}},{"type":"Feature","geometry":{"type":"Point","coordinates":[106.500547721,10.163552376]},"properties":{"Phật giáo Bắc tông":"Chùa Huệ Khánh","Tôn Kính":null,"Địa chỉ":"Ấp 5A, xã Giồng Trôm","Tông phái":null,"layer_id":359,"fid":499,"label":"Chùa Huệ Khánh"}},{"type":"Feature","geometry":{"type":"Point","coordinates":[106.505168936,10.158192182]},"properties":{"Phật giáo Bắc tông":"Chùa Huệ Quang","Tôn Kính":null,"Địa chỉ":"Ấp 6, xã Giồng Trôm","Tông phái":null,"layer_id":359,"fid":500,"label":"Chùa Huệ Quang"}},{"type":"Feature","geometry":{"type":"Point","coordinates":[106.424941779,10.099163954]},"properties":{"Phật giáo Bắc tông":"Chùa Phước Linh","Tôn Kính":null,"Địa chỉ":"Ấp Quí Điền A,  xã Tân Hào","Tông phái":null,"layer_id":359,"fid":501,"label":"Chùa Phước Linh"}},{"type":"Feature","geometry":{"type":"Point","coordinates":[106.420747596,10.121253371]},"properties":{"Phật giáo Bắc tông":"Chùa Bửu Linh","Tôn Kính":null,"Địa chỉ":"Ấp Hưng Phú B,  xã Tân Hào","Tông phái":null,"layer_id":359,"fid":502,"label":"Chùa Bửu Linh"}},{"type":"Feature","geometry":{"type":"Point","coordinates":[106.441433665,10.104962701]},"properties":{"Phật giáo Bắc tông":"Chùa Phước Thạnh","Tôn Kính":null,"Địa chỉ":"Ấp Hưng An A, xã Tân Hào","Tông phái":null,"layer_id":359,"fid":503,"label":"Chùa Phước Thạnh"}},{"type":"Feature","geometry":{"type":"Point","coordinates":[106.427637081,10.213915331]},"properties":{"Phật giáo Bắc tông":"Chùa Long Nhiễu","Tôn Kính":null,"Địa chỉ":"Ấp Bến Đò, xã phường An Hội","Tông phái":null,"layer_id":359,"fid":504,"label":"Chùa Long Nhiễu"}},{"type":"Feature","geometry":{"type":"Point","coordinates":[106.494118594,10.169618634]},"properties":{"Phật giáo Bắc tông":"Chùa Phước Lâm","Tôn Kính":null,"Địa chỉ":"Ấp Kinh Ngoài, xã Giồng Trôm","Tông phái":null,"layer_id":359,"fid":505,"label":"Chùa Phước Lâm"}},{"type":"Feature","geometry":{"type":"Point","coordinates":[106.438932994,10.233782771]},"properties":{"Phật giáo Bắc tông":"Chùa Phước Long","Tôn Kính":null,"Địa chỉ":"Ấp Cầu Hòa, xã Lương Hòa","Tông phái":null,"layer_id":359,"fid":506,"label":"Chùa Phước Long"}},{"type":"Feature","geometry":{"type":"Point","coordinates":[106.461946881,10.238138844]},"properties":{"Phật giáo Bắc tông":"Chùa Long Thọ","Tôn Kính":null,"Địa chỉ":"Ấp Phong Quới, xã Lương Hòa","Tông phái":null,"layer_id":359,"fid":507,"label":"Chùa Long Thọ"}},{"type":"Feature","geometry":{"type":"Point","coordinates":[106.484173865,10.087829146]},"properties":{"Phật giáo Bắc tông":"Chùa Khánh Vân","Tôn Kính":null,"Địa chỉ":"Ấp Hưng An Tây, xã Hưng Nhượng","Tông phái":null,"layer_id":359,"fid":508,"label":"Chùa Khánh Vân"}},{"type":"Feature","geometry":{"type":"Point","coordinates":[106.497571582,10.101948465]},"properties":{"Phật giáo Bắc tông":"Chùa Bửu Huệ","Tôn Kính":null,"Địa chỉ":"Ấp Hưng Hòa Tây, xã Hưng Nhượng","Tông phái":null,"layer_id":359,"fid":509,"label":"Chùa Bửu Huệ"}},{"type":"Feature","geometry":{"type":"Point","coordinates":[106.480635723,10.107880112]},"properties":{"Phật giáo Bắc tông":"Chùa Thiên Quang","Tôn Kính":null,"Địa chỉ":"Ấp Hưng Hòa Tây, xã Hưng Nhượng","Tông phái":null,"layer_id":359,"fid":510,"label":"Chùa Thiên Quang"}},{"type":"Feature","geometry":{"type":"Point","coordinates":[106.478103794,10.195407441]},"properties":{"Phật giáo Bắc tông":"Chùa Bửu Liên","Tôn Kính":null,"Địa chỉ":"Ấp Đồng Nhơn, xã Châu Hòa","Tông phái":null,"layer_id":359,"fid":511,"label":"Chùa Bửu Liên"}},{"type":"Feature","geometry":{"type":"Point","coordinates":[106.504800436,10.138188848]},"properties":{"Phật giáo Bắc tông":"Chùa Huệ Phước","Tôn Kính":null,"Địa chỉ":"Ấp Bình Phú, xã Giồng Trôm","Tông phái":null,"layer_id":359,"fid":512,"label":"Chùa Huệ Phước"}},{"type":"Feature","geometry":{"type":"Point","coordinates":[106.504652965,10.140825253]},"properties":{"Phật giáo Bắc tông":"An Lạc Tự","Tôn Kính":null,"Địa chỉ":"Ấp Bình An, xã Giồng Trôm","Tông phái":null,"layer_id":359,"fid":513,"label":"An Lạc Tự"}},{"type":"Feature","geometry":{"type":"Point","coordinates":[106.44319574,10.030737563]},"properties":{"Phật giáo Bắc tông":"Chùa Phú Bửu","Tôn Kính":null,"Địa chỉ":"ấp Phú Lợi, xã Đại Điền","Tông phái":null,"layer_id":359,"fid":514,"label":"Chùa Phú Bửu"}},{"type":"Feature","geometry":{"type":"Point","coordinates":[106.447705994,10.044786663]},"properties":{"Phật giáo Bắc tông":"Chùa Đại Phước","Tôn Kính":null,"Địa chỉ":"ấp Phú Hòa,xã Đại Điền","Tông phái":null,"layer_id":359,"fid":515,"label":"Chùa Đại Phước"}},{"type":"Feature","geometry":{"type":"Point","coordinates":[106.446634829,10.024875074]},"properties":{"Phật giáo Bắc tông":"Chùa Viêng Quang","Tôn Kính":null,"Địa chỉ":"ấp Thới, xã Đại Điền","Tông phái":null,"layer_id":359,"fid":516,"label":"Chùa Viêng Quang"}},{"type":"Feature","geometry":{"type":"Point","coordinates":[106.441606023,9.999606693]},"properties":{"Phật giáo Bắc tông":"Chùa Ngọc Linh","Tôn Kính":null,"Địa chỉ":"ấp Thạnh B, xã Đại Điền","Tông phái":null,"layer_id":359,"fid":517,"label":"Chùa Ngọc Linh"}},{"type":"Feature","geometry":{"type":"Point","coordinates":[106.442828109,9.978173556]},"properties":{"Phật giáo Bắc tông":"Tịnh xá Ngọc Thạnh","Tôn Kính":null,"Địa chỉ":"ấp Xương Thới I, xã Đại điền","Tông phái":null,"layer_id":359,"fid":518,"label":"Tịnh xá Ngọc Thạnh"}},{"type":"Feature","geometry":{"type":"Point","coordinates":[106.498460767,9.972992788]},"properties":{"Phật giáo Bắc tông":"Chùa Phước Duyên","Tôn Kính":null,"Địa chỉ":"ấp Thạnh Khương A, xã Qưới Điền","Tông phái":null,"layer_id":359,"fid":519,"label":"Chùa Phước Duyên"}},{"type":"Feature","geometry":{"type":"Point","coordinates":[106.514851694,9.945249302]},"properties":{"Phật giáo Bắc tông":"Chùa Phước Khánh","Tôn Kính":null,"Địa chỉ":"ấp Thạnh Quý,  xã Thạnh Phú","Tông phái":null,"layer_id":359,"fid":520,"label":"Chùa Phước Khánh"}},{"type":"Feature","geometry":{"type":"Point","coordinates":[106.305901081,10.312090501]},"properties":{"Phật giáo Bắc tông":"Chùa Bửu Phước","Tôn Kính":null,"Địa chỉ":"Khu phố 2, xã Thạnh Phú","Tông phái":null,"layer_id":359,"fid":521,"label":"Chùa Bửu Phước"}},{"type":"Feature","geometry":{"type":"Point","coordinates":[106.510197752,9.955757365]},"properties":{"Phật giáo Bắc tông":"Chùa Thạnh Phước","Tôn Kính":null,"Địa chỉ":"ấp Thạnh Hòa A,  xã Thạnh Phú","Tông phái":null,"layer_id":359,"fid":522,"label":"Chùa Thạnh Phước"}},{"type":"Feature","geometry":{"type":"Point","coordinates":[106.518711994,9.946145577]},"properties":{"Phật giáo Bắc tông":"Chùa Tịnh Độ","Tôn Kính":null,"Địa chỉ":"Khu phố 2, xã Thạnh Phú","Tông phái":null,"layer_id":359,"fid":523,"label":"Chùa Tịnh Độ"}},{"type":"Feature","geometry":{"type":"Point","coordinates":[106.584144965,9.886955802]},"properties":{"Phật giáo Bắc tông":"Chùa An Linh","Tôn Kính":null,"Địa chỉ":"ấp An Hòa, xã An Nhơn","Tông phái":null,"layer_id":359,"fid":524,"label":"Chùa An Linh"}},{"type":"Feature","geometry":{"type":"Point","coordinates":[106.377456765,10.236472919]},"properties":{"Phật giáo Bắc tông":" Chùa Viên Minh","Tôn Kính":null,"Địa chỉ":"Số 156, đường Nguyễn Đình Chiểu, phường An Hội","Tông phái":null,"layer_id":359,"fid":525,"label":" Chùa Viên Minh"}},{"type":"Feature","geometry":{"type":"Point","coordinates":[106.372821521,10.240776285]},"properties":{"Phật giáo Bắc tông":" Tịnh xá An Đức","Tôn Kính":null,"Địa chỉ":"Số 98/1, Khu phố 1, phường Bến Tre","Tông phái":null,"layer_id":359,"fid":526,"label":" Tịnh xá An Đức"}},{"type":"Feature","geometry":{"type":"Point","coordinates":[106.375257394,10.241711948]},"properties":{"Phật giáo Bắc tông":" Chùa Phật Quang","Tôn Kính":null,"Địa chỉ":"Số 99/1, Khu phố 1, phường Bến Tre","Tông phái":null,"layer_id":359,"fid":527,"label":" Chùa Phật Quang"}},{"type":"Feature","geometry":{"type":"Point","coordinates":[106.377885452,10.239868753]},"properties":{"Phật giáo Bắc tông":"Chùa Thinh Văn","Tôn Kính":null,"Địa chỉ":"Số 30/3, Khu phố 3, phường Bến Tre","Tông phái":null,"layer_id":359,"fid":528,"label":"Chùa Thinh Văn"}},{"type":"Feature","geometry":{"type":"Point","coordinates":[106.369431867,10.239735249]},"properties":{"Phật giáo Bắc tông":"Tịnh xá Phước An","Tôn Kính":null,"Địa chỉ":"Số 392A, Đường Trương Định, Khu phố 1, phường Bến Trev","Tông phái":null,"layer_id":359,"fid":529,"label":"Tịnh xá Phước An"}},{"type":"Feature","geometry":{"type":"Point","coordinates":[106.369956094,10.235638629]},"properties":{"Phật giáo Bắc tông":"Chùa Viên Giác","Tôn Kính":null,"Địa chỉ":"Số 71C, đường Hoàng Lam, khu phố 3, Phường Bến Tre","Tông phái":null,"layer_id":359,"fid":530,"label":"Chùa Viên Giác"}},{"type":"Feature","geometry":{"type":"Point","coordinates":[106.366839525,10.232977388]},"properties":{"Phật giáo Bắc tông":"Chùa Kim Quang","Tôn Kính":null,"Địa chỉ":"Số 282D, đường Hùng Vương, Khu phố 4, phường Bến Tre","Tông phái":null,"layer_id":359,"fid":531,"label":"Chùa Kim Quang"}},{"type":"Feature","geometry":{"type":"Point","coordinates":[106.363825179,10.243320131]},"properties":{"Phật giáo Bắc tông":"Chùa Bạch Vân","Tôn Kính":null,"Địa chỉ":"Đường Đoàn Hoàng Minh, Khu phố Bình Lợi, P. 6","Tông phái":null,"layer_id":359,"fid":532,"label":"Chùa Bạch Vân"}},{"type":"Feature","geometry":{"type":"Point","coordinates":[106.357604481,10.228433232]},"properties":{"Phật giáo Bắc tông":"Chùa Phật Bửu Phóng Quang","Tôn Kính":null,"Địa chỉ":"Số 117C, Khu phố 3, Phường Sơn Đông","Tông phái":null,"layer_id":359,"fid":533,"label":"Chùa Phật Bửu Phóng Quang"}},{"type":"Feature","geometry":{"type":"Point","coordinates":[106.360034994,10.231867039]},"properties":{"Phật giáo Bắc tông":"Tu viện Quan Âm","Tôn Kính":null,"Địa chỉ":"Số 43D, Khu phố khu phố Mỹ Tân, phường Sơn Đông","Tông phái":null,"layer_id":359,"fid":534,"label":"Tu viện Quan Âm"}},{"type":"Feature","geometry":{"type":"Point","coordinates":[106.374729967,10.247342982]},"properties":{"Phật giáo Bắc tông":"Tịnh xá Ngọc Trước","Tôn Kính":null,"Địa chỉ":"Số 10C, Khu Phố 6, phường Phú Khương","Tông phái":null,"layer_id":359,"fid":535,"label":"Tịnh xá Ngọc Trước"}},{"type":"Feature","geometry":{"type":"Point","coordinates":[106.372202994,10.252423278]},"properties":{"Phật giáo Bắc tông":"Chùa Pháp Tam","Tôn Kính":null,"Địa chỉ":"580B, Khu phố 3, phường Phú Khương","Tông phái":null,"layer_id":359,"fid":536,"label":"Chùa Pháp Tam"}},{"type":"Feature","geometry":{"type":"Point","coordinates":[106.365780794,10.250826238]},"properties":{"Phật giáo Bắc tông":"Tịnh xá Ngọc Hòa","Tôn Kính":null,"Địa chỉ":"Khu phố 3, phường Phú Tân","Tông phái":null,"layer_id":359,"fid":537,"label":"Tịnh xá Ngọc Hòa"}},{"type":"Feature","geometry":{"type":"Point","coordinates":[106.333675609,10.262913619]},"properties":{"Phật giáo Bắc tông":"Chùa Phước Long","Tôn Kính":null,"Địa chỉ":"115A/2, Ấp 2, phường Sơn Đông","Tông phái":null,"layer_id":359,"fid":538,"label":"Chùa Phước Long"}},{"type":"Feature","geometry":{"type":"Point","coordinates":[106.357593752,10.228401557]},"properties":{"Phật giáo Bắc tông":"Chùa Phật Bửu","Tôn Kính":null,"Địa chỉ":"531/3, ấp 3, phường Sơn Động","Tông phái":null,"layer_id":359,"fid":539,"label":"Chùa Phật Bửu"}},{"type":"Feature","geometry":{"type":"Point","coordinates":[106.341257894,10.233607755]},"properties":{"Phật giáo Bắc tông":"Tịnh xá Bình Phước","Tôn Kính":null,"Địa chỉ":"Số 382, ấp Bình Công, phường Bến Tre","Tông phái":null,"layer_id":359,"fid":540,"label":"Tịnh xá Bình Phước"}},{"type":"Feature","geometry":{"type":"Point","coordinates":[106.347683721,10.246416614]},"properties":{"Phật giáo Bắc tông":"Chùa Viên Quang","Tôn Kính":null,"Địa chỉ":"Số 247A, Ấp Bình Thạnh, phường Bến Tre","Tông phái":null,"layer_id":359,"fid":541,"label":"Chùa Viên Quang"}},{"type":"Feature","geometry":{"type":"Point","coordinates":[106.328288609,10.250240181]},"properties":{"Phật giáo Bắc tông":"Chùa Linh Phong","Tôn Kính":null,"Địa chỉ":"Số 227C, Ấp Mỹ Đức, phường Bến Tre","Tông phái":null,"layer_id":359,"fid":542,"label":"Chùa Linh Phong"}},{"type":"Feature","geometry":{"type":"Point","coordinates":[106.406412965,10.250980181]},"properties":{"Phật giáo Bắc tông":" Chùa Trường Quang","Tôn Kính":null,"Địa chỉ":"Ấp Phú Hữu, phường Phú Khương","Tông phái":null,"layer_id":359,"fid":543,"label":" Chùa Trường Quang"}},{"type":"Feature","geometry":{"type":"Point","coordinates":[106.398729909,10.250594142]},"properties":{"Phật giáo Bắc tông":"Chùa Phước Lâm","Tôn Kính":null,"Địa chỉ":"Số 61E, ấp Phú Thành, phường Phú Khương","Tông phái":null,"layer_id":359,"fid":544,"label":"Chùa Phước Lâm"}},{"type":"Feature","geometry":{"type":"Point","coordinates":[106.402113921,10.236102703]},"properties":{"Phật giáo Bắc tông":"Chùa Vạn Quốc","Tôn Kính":null,"Địa chỉ":"Ấp Phú Chiến, phường Phú Khương","Tông phái":null,"layer_id":359,"fid":545,"label":"Chùa Vạn Quốc"}},{"type":"Feature","geometry":{"type":"Point","coordinates":[106.377265108,10.231644972]},"properties":{"Phật giáo Bắc tông":" Tịnh xá Ngọc Thuận","Tôn Kính":null,"Địa chỉ":"Số 94E, ấp An Thuận B, phường An Hội","Tông phái":null,"layer_id":359,"fid":546,"label":" Tịnh xá Ngọc Thuận"}},{"type":"Feature","geometry":{"type":"Point","coordinates":[106.375639708,10.231684305]},"properties":{"Phật giáo Bắc tông":"Chùa Quan Âm","Tôn Kính":null,"Địa chỉ":"Ấp An Thuận A, phường An Hội","Tông phái":null,"layer_id":359,"fid":547,"label":"Chùa Quan Âm"}},{"type":"Feature","geometry":{"type":"Point","coordinates":[106.370926779,10.222450285]},"properties":{"Phật giáo Bắc tông":"Chùa Viên Long","Tôn Kính":null,"Địa chỉ":"Ấp An Thuận A,phường An Hội","Tông phái":null,"layer_id":359,"fid":548,"label":"Chùa Viên Long"}},{"type":"Feature","geometry":{"type":"Point","coordinates":[106.379781094,10.21536413]},"properties":{"Phật giáo Bắc tông":"Chùa Liên hiệp","Tôn Kính":null,"Địa chỉ":"Ấp 3, phường An Hội","Tông phái":null,"layer_id":359,"fid":549,"label":"Chùa Liên hiệp"}},{"type":"Feature","geometry":{"type":"Point","coordinates":[106.386697525,10.222569607]},"properties":{"Phật giáo Bắc tông":"Chùa Liên Sơn ","Tôn Kính":null,"Địa chỉ":"Ấp Nhơn Nghĩa, phường Phú Khương","Tông phái":null,"layer_id":359,"fid":550,"label":"Chùa Liên Sơn "}},{"type":"Feature","geometry":{"type":"Point","coordinates":[106.405565452,10.220088452]},"properties":{"Phật giáo Bắc tông":"Chùa Linh Châu","Tôn Kính":null,"Địa chỉ":"Ấp 3, Phường Phú Khương","Tông phái":null,"layer_id":359,"fid":551,"label":"Chùa Linh Châu"}},{"type":"Feature","geometry":{"type":"Point","coordinates":[106.636716152,10.029732569]},"properties":{"Phật giáo Bắc tông":"Chùa Kim Cang","Tôn Kính":null,"Địa chỉ":"Ấp Tân An, xã Tân Thuỷ","Tông phái":null,"layer_id":359,"fid":552,"label":"Chùa Kim Cang"}},{"type":"Feature","geometry":{"type":"Point","coordinates":[106.553104479,10.033744826]},"properties":{"Phật giáo Bắc tông":"Chùa Vạn Linh","Tôn Kính":null,"Địa chỉ":"Ấp Giồng Ao, xã An Hiệp","Tông phái":null,"layer_id":359,"fid":553,"label":"Chùa Vạn Linh"}},{"type":"Feature","geometry":{"type":"Point","coordinates":[106.657386152,10.077276623]},"properties":{"Phật giáo Bắc tông":"Chùa Bửu Phước","Tôn Kính":null,"Địa chỉ":"Ấp Thạnh Nghĩa, xã Bảo Thạnh","Tông phái":null,"layer_id":359,"fid":554,"label":"Chùa Bửu Phước"}},{"type":"Feature","geometry":{"type":"Point","coordinates":[106.613855409,10.125814231]},"properties":{"Phật giáo Bắc tông":"Chùa Tân Phước","Tôn Kính":null,"Địa chỉ":"Ấp Tân Hoà, xã Tân Xuân","Tông phái":null,"layer_id":359,"fid":555,"label":"Chùa Tân Phước"}},{"type":"Feature","geometry":{"type":"Point","coordinates":[106.623315509,10.126013801]},"properties":{"Phật giáo Bắc tông":"Chùa Tân Lạc","Tôn Kính":null,"Địa chỉ":"Ấp Tân Thị, xã Tân Xuân","Tông phái":null,"layer_id":359,"fid":556,"label":"Chùa Tân Lạc"}},{"type":"Feature","geometry":{"type":"Point","coordinates":[106.614165279,10.067698608]},"properties":{"Phật giáo Bắc tông":"Chùa Bửu Huệ","Tôn Kính":null,"Địa chỉ":"Ấp Phú Lợi, xã Tân Xuân","Tông phái":null,"layer_id":359,"fid":557,"label":"Chùa Bửu Huệ"}},{"type":"Feature","geometry":{"type":"Point","coordinates":[106.607350394,10.060629204]},"properties":{"Phật giáo Bắc tông":"Chùa Linh Phước","Tôn Kính":null,"Địa chỉ":"Ấp Phú Thạnh, xã Tân Xuân","Tông phái":null,"layer_id":359,"fid":558,"label":"Chùa Linh Phước"}},{"type":"Feature","geometry":{"type":"Point","coordinates":[106.542874621,10.080106228]},"properties":{"Phật giáo Bắc tông":"Chùa Thắng Quang","Tôn Kính":null,"Địa chỉ":"Ấp An Nhơn, xã An Ngãi Trung","Tông phái":null,"layer_id":359,"fid":559,"label":"Chùa Thắng Quang"}},{"type":"Feature","geometry":{"type":"Point","coordinates":[106.531061538,10.050217368]},"properties":{"Phật giáo Bắc tông":"Chùa Phước An","Tôn Kính":null,"Địa chỉ":"Ấp Giồng Quéo, xã An Hiệp","Tông phái":null,"layer_id":359,"fid":560,"label":"Chùa Phước An"}},{"type":"Feature","geometry":{"type":"Point","coordinates":[106.627939408,10.047099705]},"properties":{"Phật giáo Bắc tông":"Chùa Toàn Phước","Tôn Kính":null,"Địa chỉ":"Ấp Bến Vựa, xã Hưng Khánh Trung","Tông phái":null,"layer_id":359,"fid":561,"label":"Chùa Toàn Phước"}},{"type":"Feature","geometry":{"type":"Point","coordinates":[106.625890321,10.074060341]},"properties":{"Phật giáo Bắc tông":"Chùa Hoà Nam","Tôn Kính":null,"Địa chỉ":"Ấp Phú Long, xã Tân Xuân","Tông phái":null,"layer_id":359,"fid":562,"label":"Chùa Hoà Nam"}},{"type":"Feature","geometry":{"type":"Point","coordinates":[106.625312494,10.093585369]},"properties":{"Phật giáo Bắc tông":"Chùa Phước Quang","Tôn Kính":null,"Địa chỉ":"Ấp Phước Thới, xã Tân Xuân","Tông phái":null,"layer_id":359,"fid":563,"label":"Chùa Phước Quang"}},{"type":"Feature","geometry":{"type":"Point","coordinates":[106.611794836,10.057198622]},"properties":{"Phật giáo Bắc tông":"Chùa Khải Tường","Tôn Kính":null,"Địa chỉ":"Ấp An Hội, xã Ba Tri","Tông phái":null,"layer_id":359,"fid":564,"label":"Chùa Khải Tường"}},{"type":"Feature","geometry":{"type":"Point","coordinates":[106.595211389,10.043841661]},"properties":{"Phật giáo Bắc tông":"Chùa Long Đức","Tôn Kính":null,"Địa chỉ":"KP 2, xã Ba Tri","Tông phái":null,"layer_id":359,"fid":565,"label":"Chùa Long Đức"}},{"type":"Feature","geometry":{"type":"Point","coordinates":[106.608082679,9.981468788]},"properties":{"Phật giáo Bắc tông":"Chùa Thánh Quan","Tôn Kính":null,"Địa chỉ":"Ấp An Thuận, xã An Hiệp","Tông phái":null,"layer_id":359,"fid":566,"label":"Chùa Thánh Quan"}},{"type":"Feature","geometry":{"type":"Point","coordinates":[106.624691206,9.98472392]},"properties":{"Phật giáo Bắc tông":"Chùa Bửu Sơn","Tôn Kính":null,"Địa chỉ":"Ấp An Thạnh, xã An Hiệp","Tông phái":null,"layer_id":359,"fid":567,"label":"Chùa Bửu Sơn"}},{"type":"Feature","geometry":{"type":"Point","coordinates":[106.631303579,10.004548404]},"properties":{"Phật giáo Bắc tông":"Chùa Tân Bửu","Tôn Kính":null,"Địa chỉ":"Ấp An Bình, xã An Hiệp","Tông phái":null,"layer_id":359,"fid":568,"label":"Chùa Tân Bửu"}},{"type":"Feature","geometry":{"type":"Point","coordinates":[106.582861492,10.111986323]},"properties":{"Phật giáo Bắc tông":"Chùa Vạn Linh","Tôn Kính":null,"Địa chỉ":"Ấp Gò Chùa, xã Mỹ Chánh Hòa","Tông phái":null,"layer_id":359,"fid":569,"label":"Chùa Vạn Linh"}},{"type":"Feature","geometry":{"type":"Point","coordinates":[106.584529881,10.108863237]},"properties":{"Phật giáo Bắc tông":"Chùa Bữu Mỹ","Tôn Kính":null,"Địa chỉ":"Ấp Cây Dầu, xã Mỹ Chánh Hòa","Tông phái":null,"layer_id":359,"fid":570,"label":"Chùa Bữu Mỹ"}},{"type":"Feature","geometry":{"type":"Point","coordinates":[106.573108992,10.043831178]},"properties":{"Phật giáo Bắc tông":"Chùa Long Khánh","Tôn Kính":null,"Địa chỉ":"Ấp An Hoà, xã An Ngãi Trung","Tông phái":null,"layer_id":359,"fid":571,"label":"Chùa Long Khánh"}},{"type":"Feature","geometry":{"type":"Point","coordinates":[106.580622123,10.047030626]},"properties":{"Phật giáo Bắc tông":"Chùa Phật Quang","Tôn Kính":null,"Địa chỉ":"Ấp An Hoà, xã An Ngãi Trung","Tông phái":null,"layer_id":359,"fid":572,"label":"Chùa Phật Quang"}},{"type":"Feature","geometry":{"type":"Point","coordinates":[106.614186736,10.067603536]},"properties":{"Phật giáo Bắc tông":"Chùa Đức Lâm","Tôn Kính":null,"Địa chỉ":"Ấp An Hoà, xã An Ngãi Trung","Tông phái":null,"layer_id":359,"fid":573,"label":"Chùa Đức Lâm"}},{"type":"Feature","geometry":{"type":"Point","coordinates":[106.597573223,10.056324822]},"properties":{"Phật giáo Bắc tông":"Chùa Bửu Quang","Tôn Kính":null,"Địa chỉ":"Ấp An Phú, xã An Ngãi Trung","Tông phái":null,"layer_id":359,"fid":574,"label":"Chùa Bửu Quang"}},{"type":"Feature","geometry":{"type":"Point","coordinates":[106.597273394,10.053083524]},"properties":{"Phật giáo Bắc tông":"Chùa An Phước","Tôn Kính":null,"Địa chỉ":"Ấp An Quới, xã An Ngãi Trung","Tông phái":null,"layer_id":359,"fid":575,"label":"Chùa An Phước"}},{"type":"Feature","geometry":{"type":"Point","coordinates":[106.600052921,10.050581989]},"properties":{"Phật giáo Bắc tông":"Chùa Huệ Năng","Tôn Kính":null,"Địa chỉ":"Ấp An Quới, xã An Bình Tây","Tông phái":null,"layer_id":359,"fid":576,"label":"Chùa Huệ Năng"}},{"type":"Feature","geometry":{"type":"Point","coordinates":[106.586336936,10.085137419]},"properties":{"Phật giáo Bắc tông":"Chùa Mỹ Thành","Tôn Kính":null,"Địa chỉ":"Ấp Nhơn Quới, xã Mỹ Chánh Hòa","Tông phái":null,"layer_id":359,"fid":577,"label":"Chùa Mỹ Thành"}},{"type":"Feature","geometry":{"type":"Point","coordinates":[106.603854023,10.033633167]},"properties":{"Phật giáo Bắc tông":"Chùa Vĩnh Trường","Tôn Kính":null,"Địa chỉ":"Ấp Vĩnh Đức Trung, xã Ba Tri","Tông phái":null,"layer_id":359,"fid":578,"label":"Chùa Vĩnh Trường"}},{"type":"Feature","geometry":{"type":"Point","coordinates":[106.584134236,9.886945233]},"properties":{"Phật giáo Bắc tông":"Chùa An Linh","Tôn Kính":null,"Địa chỉ":"Ấp An Quới, xã Ba Tri","Tông phái":null,"layer_id":359,"fid":579,"label":"Chùa An Linh"}},{"type":"Feature","geometry":{"type":"Point","coordinates":[106.587029681,10.037239801]},"properties":{"Phật giáo Bắc tông":"Chùa Long Phước","Tôn Kính":null,"Địa chỉ":"Ấp Giồng Cục, xã Ba Tri","Tông phái":null,"layer_id":359,"fid":580,"label":"Chùa Long Phước"}},{"type":"Feature","geometry":{"type":"Point","coordinates":[106.575888094,10.028198159]},"properties":{"Phật giáo Bắc tông":"Chùa Kiểng Phước","Tôn Kính":null,"Địa chỉ":"Ấp Giồng Chuối, xã Ba Tri","Tông phái":null,"layer_id":359,"fid":581,"label":"Chùa Kiểng Phước"}},{"type":"Feature","geometry":{"type":"Point","coordinates":[106.610192594,10.173868612]},"properties":{"Phật giáo Bắc tông":"Chùa Vĩnh Khánh","Tôn Kính":null,"Địa chỉ":"Xã Trà Côn","Tông phái":null,"layer_id":359,"fid":582,"label":"Chùa Vĩnh Khánh"}},{"type":"Feature","geometry":{"type":"Point","coordinates":[106.559091379,10.009202939]},"properties":{"Phật giáo Bắc tông":"Thích Ca Tu Viện","Tôn Kính":null,"Địa chỉ":"Ấp Giồng Xoài, xã Ba Tri","Tông phái":null,"layer_id":359,"fid":583,"label":"Thích Ca Tu Viện"}},{"type":"Feature","geometry":{"type":"Point","coordinates":[106.215030352,10.203976991]},"properties":{"Phật giáo Bắc tông":"Chùa Nam Hoa","Tôn Kính":null,"Địa chỉ":"xã Vĩnh Thành","Tông phái":null,"layer_id":359,"fid":584,"label":"Chùa Nam Hoa"}},{"type":"Feature","geometry":{"type":"Point","coordinates":[106.21081295,10.200996656]},"properties":{"Phật giáo Bắc tông":"Chùa Vạn Phước","Tôn Kính":null,"Địa chỉ":"xã Vĩnh Thành","Tông phái":null,"layer_id":359,"fid":585,"label":"Chùa Vạn Phước"}},{"type":"Feature","geometry":{"type":"Point","coordinates":[106.219400396,10.19468212]},"properties":{"Phật giáo Bắc tông":"Chùa Kim Long","Tôn Kính":null,"Địa chỉ":"xã Vĩnh Thành","Tông phái":null,"layer_id":359,"fid":586,"label":"Chùa Kim Long"}},{"type":"Feature","geometry":{"type":"Point","coordinates":[106.158077509,10.22827899]},"properties":{"Phật giáo Bắc tông":"Chùa Bửu Đức","Tôn Kính":null,"Địa chỉ":"xã Chợ Lách","Tông phái":null,"layer_id":359,"fid":587,"label":"Chùa Bửu Đức"}},{"type":"Feature","geometry":{"type":"Point","coordinates":[106.203031209,10.211178168]},"properties":{"Phật giáo Bắc tông":"Chùa Tân Long","Tôn Kính":null,"Địa chỉ":"xã Chợ Lách","Tông phái":null,"layer_id":359,"fid":589,"label":"Chùa Tân Long"}},{"type":"Feature","geometry":{"type":"Point","coordinates":[106.210653036,10.173929791]},"properties":{"Phật giáo Bắc tông":"Chùa Linh Sơn","Tôn Kính":null,"Địa chỉ":"Hưng Khánh Trung ","Tông phái":null,"layer_id":359,"fid":590,"label":"Chùa Linh Sơn"}},{"type":"Feature","geometry":{"type":"Point","coordinates":[106.231811109,10.152223099]},"properties":{"Phật giáo Bắc tông":"Chùa Vạn Đức","Tôn Kính":null,"Địa chỉ":"Hưng Khánh Trung ","Tông phái":null,"layer_id":359,"fid":591,"label":"Chùa Vạn Đức"}},{"type":"Feature","geometry":{"type":"Point","coordinates":[106.232436552,10.181309268]},"properties":{"Phật giáo Bắc tông":"Chùa Phước Long","Tôn Kính":null,"Địa chỉ":"Hưng Khánh Trung ","Tông phái":null,"layer_id":359,"fid":592,"label":"Chùa Phước Long"}},{"type":"Feature","geometry":{"type":"Point","coordinates":[106.166187611,10.204253031]},"properties":{"Phật giáo Bắc tông":"Chùa Phước Long Cổ Tự","Tôn Kính":null,"Địa chỉ":"Xã Vĩnh Thành","Tông phái":null,"layer_id":359,"fid":593,"label":"Chùa Phước Long Cổ Tự"}},{"type":"Feature","geometry":{"type":"Point","coordinates":[106.136165894,10.237705002]},"properties":{"Phật giáo Bắc tông":"Chùa Quốc Ân","Tôn Kính":null,"Địa chỉ":"xã Chợ Lách","Tông phái":null,"layer_id":359,"fid":594,"label":"Chùa Quốc Ân"}},{"type":"Feature","geometry":{"type":"Point","coordinates":[106.156686994,10.254725082]},"properties":{"Phật giáo Bắc tông":"Chùa Thanh Quang","Tôn Kính":null,"Địa chỉ":"xã Chợ Lách","Tông phái":null,"layer_id":359,"fid":595,"label":"Chùa Thanh Quang"}},{"type":"Feature","geometry":{"type":"Point","coordinates":[106.156013365,10.227630007]},"properties":{"Phật giáo Bắc tông":"Chùa Vân Sơn","Tôn Kính":null,"Địa chỉ":"xã Chợ Lách","Tông phái":null,"layer_id":359,"fid":596,"label":"Chùa Vân Sơn"}},{"type":"Feature","geometry":{"type":"Point","coordinates":[106.145485794,10.25898492]},"properties":{"Phật giáo Bắc tông":"Tịnh xá Ngọc Nghĩa","Tôn Kính":null,"Địa chỉ":"xã Chợ Lách","Tông phái":null,"layer_id":359,"fid":597,"label":"Tịnh xá Ngọc Nghĩa"}},{"type":"Feature","geometry":{"type":"Point","coordinates":[106.139452867,10.262749848]},"properties":{"Phật giáo Bắc tông":"Chùa Phước Lâm","Tôn Kính":null,"Địa chỉ":"xã Chợ Lách","Tông phái":null,"layer_id":359,"fid":598,"label":"Chùa Phước Lâm"}},{"type":"Feature","geometry":{"type":"Point","coordinates":[106.120759652,10.257077036]},"properties":{"Phật giáo Bắc tông":"Tịnh xá Ngọc Thành","Tôn Kính":null,"Địa chỉ":"xã Chợ Lách","Tông phái":null,"layer_id":359,"fid":599,"label":"Tịnh xá Ngọc Thành"}},{"type":"Feature","geometry":{"type":"Point","coordinates":[106.232152836,10.195553703]},"properties":{"Phật giáo Bắc tông":"Chùa Tân Vạn Phước","Tôn Kính":null,"Địa chỉ":"xaxHuwng Khánh Trung","Tông phái":null,"layer_id":359,"fid":600,"label":"Chùa Tân Vạn Phước"}},{"type":"Feature","geometry":{"type":"Point","coordinates":[106.110386979,10.282132208]},"properties":{"Phật giáo Bắc tông":"Chùa Long Nhơn","Tôn Kính":null,"Địa chỉ":"xã Phú Phụng","Tông phái":null,"layer_id":359,"fid":601,"label":"Chùa Long Nhơn"}},{"type":"Feature","geometry":{"type":"Point","coordinates":[106.109376965,10.263625133]},"properties":{"Phật giáo Bắc tông":"Tịnh xá Kỳ Viên","Tôn Kính":null,"Địa chỉ":"xã Phú Phụng","Tông phái":null,"layer_id":359,"fid":602,"label":"Tịnh xá Kỳ Viên"}},{"type":"Feature","geometry":{"type":"Point","coordinates":[106.091281965,10.26729346]},"properties":{"Phật giáo Bắc tông":"Chùa Bửu Linh","Tôn Kính":null,"Địa chỉ":"xã Phú Phụng","Tông phái":null,"layer_id":359,"fid":603,"label":"Chùa Bửu Linh"}},{"type":"Feature","geometry":{"type":"Point","coordinates":[106.110408436,10.282100538]},"properties":{"Phật giáo Bắc tông":"Chùa Long Hưng","Tôn Kính":null,"Địa chỉ":"xã Phú Phụng","Tông phái":null,"layer_id":359,"fid":604,"label":"Chùa Long Hưng"}},{"type":"Feature","geometry":{"type":"Point","coordinates":[106.083804667,10.26930483]},"properties":{"Phật giáo Bắc tông":"Chùa Hòa Hưng","Tôn Kính":null,"Địa chỉ":"xã Phú Phụng","Tông phái":null,"layer_id":359,"fid":605,"label":"Chùa Hòa Hưng"}},{"type":"Feature","geometry":{"type":"Point","coordinates":[106.052268194,10.275601655]},"properties":{"Phật giáo Bắc tông":"Chùa Quang Minh","Tôn Kính":null,"Địa chỉ":"xã Phú Phụng","Tông phái":null,"layer_id":359,"fid":606,"label":"Chùa Quang Minh"}},{"type":"Feature","geometry":{"type":"Point","coordinates":[106.217108323,10.225936258]},"properties":{"Phật giáo Bắc tông":"Chùa Bửu Minh","Tôn Kính":null,"Địa chỉ":"Xã Vĩnh Thạnh","Tông phái":null,"layer_id":359,"fid":607,"label":"Chùa Bửu Minh"}},{"type":"Feature","geometry":{"type":"Point","coordinates":[106.223492336,10.229261523]},"properties":{"Phật giáo Bắc tông":"Chùa Long Sơn","Tôn Kính":null,"Địa chỉ":"Xã Vĩnh Thạnh","Tông phái":null,"layer_id":359,"fid":608,"label":"Chùa Long Sơn"}},{"type":"Feature","geometry":{"type":"Point","coordinates":[106.224513336,10.23763266]},"properties":{"Phật giáo Bắc tông":"Chùa Long Huệ","Tôn Kính":null,"Địa chỉ":"Xã Vĩnh Thạnh","Tông phái":null,"layer_id":359,"fid":609,"label":"Chùa Long Huệ"}},{"type":"Feature","geometry":{"type":"Point","coordinates":[106.21062085,10.173993152]},"properties":{"Phật giáo Bắc tông":"Chùa Linh Sơn","Tôn Kính":null,"Địa chỉ":"Xã Vĩnh Thạnh","Tông phái":null,"layer_id":359,"fid":610,"label":"Chùa Linh Sơn"}},{"type":"Feature","geometry":{"type":"Point","coordinates":[106.347624713,9.938156262]},"properties":{"Phật giáo Bắc tông":"Chùa Long Bình","Tôn Kính":null,"Địa chỉ":"Khóm 2, Phường Hòa Thuận","Tông phái":null,"layer_id":359,"fid":611,"label":"Chùa Long Bình"}},{"type":"Feature","geometry":{"type":"Point","coordinates":[106.343580933,9.942567395]},"properties":{"Phật giáo Bắc tông":"Chùa Bửu Châu (Nam tông kinh)","Tôn Kính":null,"Địa chỉ":"Khóm 5, Phường Trà Vinh","Tông phái":null,"layer_id":359,"fid":612,"label":"Chùa Bửu Châu (Nam tông kinh)"}},{"type":"Feature","geometry":{"type":"Point","coordinates":[106.346772536,9.941725721]},"properties":{"Phật giáo Bắc tông":"Chùa Liên Hoa","Tôn Kính":null,"Địa chỉ":"Khóm 1, Phường Hòa Thuận","Tông phái":null,"layer_id":359,"fid":613,"label":"Chùa Liên Hoa"}},{"type":"Feature","geometry":{"type":"Point","coordinates":[106.335231521,9.934154794]},"properties":{"Phật giáo Bắc tông":"Chùa Phước Hòa","Tôn Kính":null,"Địa chỉ":"Số 27, Khóm 1, Phường Trà Vinh","Tông phái":null,"layer_id":359,"fid":614,"label":"Chùa Phước Hòa"}},{"type":"Feature","geometry":{"type":"Point","coordinates":[106.343970322,9.936688256]},"properties":{"Phật giáo Bắc tông":"Chùa Long Khánh","Tôn Kính":null,"Địa chỉ":"Khóm 1, Phường Trà Vinh","Tông phái":null,"layer_id":359,"fid":615,"label":"Chùa Long Khánh"}},{"type":"Feature","geometry":{"type":"Point","coordinates":[106.344072809,9.929557967]},"properties":{"Phật giáo Bắc tông":"Chùa Trúc Lâm","Tôn Kính":null,"Địa chỉ":"Khóm 9, Phường Trà Vinh","Tông phái":null,"layer_id":359,"fid":616,"label":"Chùa Trúc Lâm"}},{"type":"Feature","geometry":{"type":"Point","coordinates":[106.324397165,10.002828542]},"properties":{"Phật giáo Bắc tông":"Chùa Phước Long","Tôn Kính":null,"Địa chỉ":"Long Đại, Phường Long Đức","Tông phái":null,"layer_id":359,"fid":617,"label":"Chùa Phước Long"}},{"type":"Feature","geometry":{"type":"Point","coordinates":[106.339013217,9.925806082]},"properties":{"Phật giáo Bắc tông":"Chùa Phổ Minh","Tôn Kính":null,"Địa chỉ":"Khóm 3, Phường Trà Vinh","Tông phái":null,"layer_id":359,"fid":618,"label":"Chùa Phổ Minh"}},{"type":"Feature","geometry":{"type":"Point","coordinates":[106.303754523,9.921651984]},"properties":{"Phật giáo Bắc tông":"Chùa Phước Nguyên","Tôn Kính":null,"Địa chỉ":"Khóm 3, Phường Nguyệt Hóa","Tông phái":null,"layer_id":359,"fid":619,"label":"Chùa Phước Nguyên"}},{"type":"Feature","geometry":{"type":"Point","coordinates":[106.343972608,9.960259396]},"properties":{"Phật giáo Bắc tông":"Chùa Bình Phước","Tôn Kính":null,"Địa chỉ":"ấp Long Bình, Phường Trà Vinh","Tông phái":null,"layer_id":359,"fid":620,"label":"Chùa Bình Phước"}},{"type":"Feature","geometry":{"type":"Point","coordinates":[106.340985379,9.920710316]},"properties":{"Phật giáo Bắc tông":"Chùa Lâm Phước","Tôn Kính":null,"Địa chỉ":"Khóm 8, Phường Trà V inh","Tông phái":null,"layer_id":359,"fid":621,"label":"Chùa Lâm Phước"}},{"type":"Feature","geometry":{"type":"Point","coordinates":[106.342688523,9.937480712]},"properties":{"Phật giáo Bắc tông":"Liên Quang Thiền Viện","Tôn Kính":null,"Địa chỉ":"Khóm 3, phường Trà Vinh","Tông phái":null,"layer_id":359,"fid":622,"label":"Liên Quang Thiền Viện"}},{"type":"Feature","geometry":{"type":"Point","coordinates":[106.315723165,9.909188028]},"properties":{"Phật giáo Bắc tông":"Chùa Pháp Quang","Tôn Kính":null,"Địa chỉ":"Khóm7, Phường Nguyệt Hóa","Tông phái":null,"layer_id":359,"fid":623,"label":"Chùa Pháp Quang"}},{"type":"Feature","geometry":{"type":"Point","coordinates":[106.332857594,9.930014808]},"properties":{"Phật giáo Bắc tông":"Chùa Liên Thanh","Tôn Kính":null,"Địa chỉ":"Khóm 6, Phường Nguyệt Hóa","Tông phái":null,"layer_id":359,"fid":624,"label":"Chùa Liên Thanh"}},{"type":"Feature","geometry":{"type":"Point","coordinates":[106.345315923,9.940559149]},"properties":{"Phật giáo Bắc tông":"Chùa Long Thành","Tôn Kính":null,"Địa chỉ":"Khóm 5, phường Trà Vinh","Tông phái":null,"layer_id":359,"fid":625,"label":"Chùa Long Thành"}},{"type":"Feature","geometry":{"type":"Point","coordinates":[106.342372508,9.901584447]},"properties":{"Phật giáo Bắc tông":"Chùa Thành Tâm","Tôn Kính":null,"Địa chỉ":"Khóm 6, Phường Trà Vinh","Tông phái":null,"layer_id":359,"fid":626,"label":"Chùa Thành Tâm"}},{"type":"Feature","geometry":{"type":"Point","coordinates":[106.308631105,9.921428302]},"properties":{"Phật giáo Bắc tông":"TX Ngọc Trường (Khất sỹ)","Tôn Kính":null,"Địa chỉ":"Khóm 2, Phường Nguyệt Hóa","Tông phái":null,"layer_id":359,"fid":627,"label":"TX Ngọc Trường (Khất sỹ)"}},{"type":"Feature","geometry":{"type":"Point","coordinates":[106.333011194,9.930237552]},"properties":{"Phật giáo Bắc tông":"TX Ngọc Vân (Khất sỹ)","Tôn Kính":null,"Địa chỉ":"Khóm 6, Phường Nguyệt Hóa","Tông phái":null,"layer_id":359,"fid":628,"label":"TX Ngọc Vân (Khất sỹ)"}},{"type":"Feature","geometry":{"type":"Point","coordinates":[106.332925004,9.930332034]},"properties":{"Phật giáo Bắc tông":"TX Ngọc Vinh (Khất sỹ)","Tôn Kính":null,"Địa chỉ":"Long Bình B, phường Trà Vinh","Tông phái":null,"layer_id":359,"fid":629,"label":"TX Ngọc Vinh (Khất sỹ)"}},{"type":"Feature","geometry":{"type":"Point","coordinates":[106.341551052,9.94370757]},"properties":{"Phật giáo Bắc tông":"Chùa Lưỡng Xuyên","Tôn Kính":null,"Địa chỉ":"Khóm 3, Phường Trà Vinh","Tông phái":null,"layer_id":359,"fid":630,"label":"Chùa Lưỡng Xuyên"}},{"type":"Feature","geometry":{"type":"Point","coordinates":[106.314166452,9.985686218]},"properties":{"Phật giáo Bắc tông":"Chùa Phước Khánh","Tôn Kính":null,"Địa chỉ":"ấp Kinh Lớn, Phường Long Đức","Tông phái":null,"layer_id":359,"fid":631,"label":"Chùa Phước Khánh"}},{"type":"Feature","geometry":{"type":"Point","coordinates":[105.982242794,10.250014412]},"properties":{"Phật giáo Bắc tông":"Chùa Long Phước","Tôn Kính":null,"Địa chỉ":"ấp Long Trị, Phường Long Đức","Tông phái":null,"layer_id":359,"fid":632,"label":"Chùa Long Phước"}},{"type":"Feature","geometry":{"type":"Point","coordinates":[106.160536808,9.934312078]},"properties":{"Phật giáo Bắc tông":"Chùa Long An","Tôn Kính":null,"Địa chỉ":"ấp An Định Cầu, xã An Trường","Tông phái":null,"layer_id":359,"fid":633,"label":"Chùa Long An"}},{"type":"Feature","geometry":{"type":"Point","coordinates":[106.168369092,9.942249609]},"properties":{"Phật giáo Bắc tông":"Chùa Phước An","Tôn Kính":null,"Địa chỉ":"ấp 8A, xã An Trường","Tông phái":null,"layer_id":359,"fid":634,"label":"Chùa Phước An"}},{"type":"Feature","geometry":{"type":"Point","coordinates":[106.205796008,10.00086038]},"properties":{"Phật giáo Bắc tông":"Chùa Quan Âm","Tôn Kính":null,"Địa chỉ":"Khóm 2, xã Càng Long","Tông phái":null,"layer_id":359,"fid":635,"label":"Chùa Quan Âm"}},{"type":"Feature","geometry":{"type":"Point","coordinates":[106.228255394,9.928305081]},"properties":{"Phật giáo Bắc tông":"Chùa Phật Bửu","Tôn Kính":null,"Địa chỉ":"ấp Lưu Tư, xã Huyền Hội","Tông phái":null,"layer_id":359,"fid":636,"label":"Chùa Phật Bửu"}},{"type":"Feature","geometry":{"type":"Point","coordinates":[106.255403779,10.047563754]},"properties":{"Phật giáo Bắc tông":"Chùa Phước Hiệp","Tôn Kính":null,"Địa chỉ":"ấp Đức Hiệp, xã Nhị Long","Tông phái":null,"layer_id":359,"fid":637,"label":"Chùa Phước Hiệp"}},{"type":"Feature","geometry":{"type":"Point","coordinates":[106.250232894,9.972639191]},"properties":{"Phật giáo Bắc tông":"Chùa Phước Huệ","Tôn Kính":null,"Địa chỉ":"ấp Phú Hưng I, xã Bình Phú","Tông phái":null,"layer_id":359,"fid":638,"label":"Chùa Phước Huệ"}},{"type":"Feature","geometry":{"type":"Point","coordinates":[106.279581124,10.002052922]},"properties":{"Phật giáo Bắc tông":"Chùa Long Khánh","Tôn Kính":null,"Địa chỉ":"ấp Nhị Hòa, xã Nhị Long","Tông phái":null,"layer_id":359,"fid":639,"label":"Chùa Long Khánh"}},{"type":"Feature","geometry":{"type":"Point","coordinates":[106.205426167,9.994938714]},"properties":{"Phật giáo Bắc tông":"Chùa Ấn Tâm","Tôn Kính":null,"Địa chỉ":"Khóm 5, xã Càng Long","Tông phái":null,"layer_id":359,"fid":640,"label":"Chùa Ấn Tâm"}},{"type":"Feature","geometry":{"type":"Point","coordinates":[106.255734052,10.035260719]},"properties":{"Phật giáo Bắc tông":"Chùa Khánh Thạnh","Tôn Kính":null,"Địa chỉ":"ấp Sơn Trắng, xã Nhị Long","Tông phái":null,"layer_id":359,"fid":641,"label":"Chùa Khánh Thạnh"}},{"type":"Feature","geometry":{"type":"Point","coordinates":[106.16327169,9.94043749]},"properties":{"Phật giáo Bắc tông":"Chùa Pháp Hoa","Tôn Kính":null,"Địa chỉ":"ấp An Định Giồng, xã An Trường","Tông phái":null,"layer_id":359,"fid":642,"label":"Chùa Pháp Hoa"}},{"type":"Feature","geometry":{"type":"Point","coordinates":[106.215772552,9.972388658]},"properties":{"Phật giáo Bắc tông":"Chùa Hậu Tây An","Tôn Kính":null,"Địa chỉ":"ấp 3, xã An Trường","Tông phái":null,"layer_id":359,"fid":643,"label":"Chùa Hậu Tây An"}},{"type":"Feature","geometry":{"type":"Point","coordinates":[106.267906509,9.97427789]},"properties":{"Phật giáo Bắc tông":"Chùa Phước Hưng","Tôn Kính":null,"Địa chỉ":"ấp Phú Hưng II, Xã Bình Phú","Tông phái":null,"layer_id":359,"fid":644,"label":"Chùa Phước Hưng"}},{"type":"Feature","geometry":{"type":"Point","coordinates":[106.263189336,10.00183188]},"properties":{"Phật giáo Bắc tông":"Chùa Long Bửu","Tôn Kính":null,"Địa chỉ":"ấp Rạch Mát, xã Càng Long","Tông phái":null,"layer_id":359,"fid":645,"label":"Chùa Long Bửu"}},{"type":"Feature","geometry":{"type":"Point","coordinates":[106.196363921,9.972058958]},"properties":{"Phật giáo Bắc tông":"Chùa Phước Trường","Tôn Kính":null,"Địa chỉ":"ấp 3A, xã An Trường","Tông phái":null,"layer_id":359,"fid":646,"label":"Chùa Phước Trường"}},{"type":"Feature","geometry":{"type":"Point","coordinates":[106.242526394,9.916334687]},"properties":{"Phật giáo Bắc tông":"Chùa Như Kiên","Tôn Kính":null,"Địa chỉ":"ấp Bình Hội, xã Tân An","Tông phái":null,"layer_id":359,"fid":647,"label":"Chùa Như Kiên"}},{"type":"Feature","geometry":{"type":"Point","coordinates":[106.136162067,10.022107037]},"properties":{"Phật giáo Bắc tông":"Chùa Phổ Pháp","Tôn Kính":null,"Địa chỉ":"ấp Số 5, xã Càng Long","Tông phái":null,"layer_id":359,"fid":648,"label":"Chùa Phổ Pháp"}},{"type":"Feature","geometry":{"type":"Point","coordinates":[106.162689623,9.899062596]},"properties":{"Phật giáo Bắc tông":"Chùa Long Hội","Tôn Kính":null,"Địa chỉ":"ấp Tân Tiến, xã Tân An","Tông phái":null,"layer_id":359,"fid":649,"label":"Chùa Long Hội"}},{"type":"Feature","geometry":{"type":"Point","coordinates":[106.193508665,9.919419212]},"properties":{"Phật giáo Bắc tông":"Chùa Long Thạnh","Tôn Kính":null,"Địa chỉ":"ấp An Thạnh, xã An Trường","Tông phái":null,"layer_id":359,"fid":650,"label":"Chùa Long Thạnh"}},{"type":"Feature","geometry":{"type":"Point","coordinates":[106.203987465,9.991451216]},"properties":{"Phật giáo Bắc tông":"Chùa Hảo Tâm","Tôn Kính":null,"Địa chỉ":"Khóm 4, xã Càng Long","Tông phái":null,"layer_id":359,"fid":651,"label":"Chùa Hảo Tâm"}},{"type":"Feature","geometry":{"type":"Point","coordinates":[106.263096636,9.788336917]},"properties":{"Phật giáo Bắc tông":"Chùa Long An","Tôn Kính":null,"Địa chỉ":"Chánh Hội A, xã Hùng Hòa","Tông phái":null,"layer_id":359,"fid":652,"label":"Chùa Long An"}},{"type":"Feature","geometry":{"type":"Point","coordinates":[106.21990465,9.873100669]},"properties":{"Phật giáo Bắc tông":"Chùa Liên Hải","Tôn Kính":null,"Địa chỉ":"Kinh Xáng, xã Tập Ngãi","Tông phái":null,"layer_id":359,"fid":653,"label":"Chùa Liên Hải"}},{"type":"Feature","geometry":{"type":"Point","coordinates":[106.204757365,9.770711035]},"properties":{"Phật giáo Bắc tông":"Chùa Long Hòa","Tôn Kính":null,"Địa chỉ":"Hòa Trinh, xã Hùng Hòa","Tông phái":null,"layer_id":359,"fid":654,"label":"Chùa Long Hòa"}},{"type":"Feature","geometry":{"type":"Point","coordinates":[106.186676427,9.856533718]},"properties":{"Phật giáo Bắc tông":"Chùa Như Pháp","Tôn Kính":null,"Địa chỉ":"Tân Trung Giồng A, xã Tiểu Cần","Tông phái":null,"layer_id":359,"fid":655,"label":"Chùa Như Pháp"}},{"type":"Feature","geometry":{"type":"Point","coordinates":[106.149173565,9.782035083]},"properties":{"Phật giáo Bắc tông":"Chùa Phổ Quang","Tôn Kính":null,"Địa chỉ":"Trinh Phụ, xã Tân Hòa","Tông phái":null,"layer_id":359,"fid":656,"label":"Chùa Phổ Quang"}},{"type":"Feature","geometry":{"type":"Point","coordinates":[106.190147554,9.806331773]},"properties":{"Phật giáo Bắc tông":"Chùa Long Sơn","Tôn Kính":null,"Địa chỉ":"Khóm 4, xã Tiểu Cần","Tông phái":null,"layer_id":359,"fid":657,"label":"Chùa Long Sơn"}},{"type":"Feature","geometry":{"type":"Point","coordinates":[106.145998652,9.775877978]},"properties":{"Phật giáo Bắc tông":"Chùa Phổ Tịnh","Tôn Kính":null,"Địa chỉ":"Trinh Phụ, xã Tân Hòa","Tông phái":null,"layer_id":359,"fid":658,"label":"Chùa Phổ Tịnh"}},{"type":"Feature","geometry":{"type":"Point","coordinates":[106.263053721,9.788400353]},"properties":{"Phật giáo Bắc tông":"Chùa Long An ","Tôn Kính":null,"Địa chỉ":"Ngãi Trung, xã Tập Ngãi","Tông phái":null,"layer_id":359,"fid":659,"label":"Chùa Long An "}},{"type":"Feature","geometry":{"type":"Point","coordinates":[106.152234052,9.750008168]},"properties":{"Phật giáo Bắc tông":"Chùa Phổ Hiền","Tôn Kính":null,"Địa chỉ":"ấp Trẹm, xã Tân Hòa","Tông phái":null,"layer_id":359,"fid":660,"label":"Chùa Phổ Hiền"}},{"type":"Feature","geometry":{"type":"Point","coordinates":[106.101518509,9.949023705]},"properties":{"Phật giáo Bắc tông":"Chùa Phật Ân","Tôn Kính":null,"Địa chỉ":"Ấp 2, xã Tam Ngãi","Tông phái":null,"layer_id":359,"fid":661,"label":"Chùa Phật Ân"}},{"type":"Feature","geometry":{"type":"Point","coordinates":[106.060321938,9.87092483]},"properties":{"Phật giáo Bắc tông":"Chùa Hòa Bình","Tôn Kính":null,"Địa chỉ":"Khóm 1, xã Cầu Kè","Tông phái":null,"layer_id":359,"fid":662,"label":"Chùa Hòa Bình"}},{"type":"Feature","geometry":{"type":"Point","coordinates":[106.055686223,9.868944611]},"properties":{"Phật giáo Bắc tông":"Tịnh Xá Ngọc Cầu (Khất sỹ)","Tôn Kính":null,"Địa chỉ":"Khóm 5, xã Cầu Kè","Tông phái":null,"layer_id":359,"fid":663,"label":"Tịnh Xá Ngọc Cầu (Khất sỹ)"}},{"type":"Feature","geometry":{"type":"Point","coordinates":[106.122701494,9.842162641]},"properties":{"Phật giáo Bắc tông":"Chùa Vạn Đức","Tôn Kính":null,"Địa chỉ":"Ấp 1, xã Phong Thạnh","Tông phái":null,"layer_id":359,"fid":664,"label":"Chùa Vạn Đức"}},{"type":"Feature","geometry":{"type":"Point","coordinates":[106.05339965,9.874594148]},"properties":{"Phật giáo Bắc tông":"Chùa Vạn Hòa","Tôn Kính":null,"Địa chỉ":"Khóm 3, xã Cầu Kè","Tông phái":null,"layer_id":359,"fid":665,"label":"Chùa Vạn Hòa"}},{"type":"Feature","geometry":{"type":"Point","coordinates":[106.075716208,9.830488174]},"properties":{"Phật giáo Bắc tông":"Tịnh Thất Giác Huệ","Tôn Kính":null,"Địa chỉ":"Ấp 3, xã Phong Thạnh","Tông phái":null,"layer_id":359,"fid":666,"label":"Tịnh Thất Giác Huệ"}},{"type":"Feature","geometry":{"type":"Point","coordinates":[106.137186294,9.920359338]},"properties":{"Phật giáo Bắc tông":"Chùa Long Hưng","Tôn Kính":null,"Địa chỉ":"Ấp 4, xã Tam Ngãi","Tông phái":null,"layer_id":359,"fid":667,"label":"Chùa Long Hưng"}},{"type":"Feature","geometry":{"type":"Point","coordinates":[106.064604809,9.825462662]},"properties":{"Phật giáo Bắc tông":"Chùa Hội Thắng","Tôn Kính":null,"Địa chỉ":"Ấp Sóc, Châu Điền","Tông phái":null,"layer_id":359,"fid":668,"label":"Chùa Hội Thắng"}},{"type":"Feature","geometry":{"type":"Point","coordinates":[106.086633909,9.841092484]},"properties":{"Phật giáo Bắc tông":"Chùa Phước Tường","Tôn Kính":null,"Địa chỉ":"Ấp 2, xã Phong Thạnh","Tông phái":null,"layer_id":359,"fid":669,"label":"Chùa Phước Tường"}},{"type":"Feature","geometry":{"type":"Point","coordinates":[105.985103809,9.895047637]},"properties":{"Phật giáo Bắc tông":"Chùa Phước Hoa","Tôn Kính":null,"Địa chỉ":"Tân Quy 2, xã An Phú Tân","Tông phái":null,"layer_id":359,"fid":670,"label":"Chùa Phước Hoa"}},{"type":"Feature","geometry":{"type":"Point","coordinates":[105.997172165,9.893127722]},"properties":{"Phật giáo Bắc tông":"Chùa Long Phước","Tôn Kính":null,"Địa chỉ":"Vinh An, xã An Phú Tân","Tông phái":null,"layer_id":359,"fid":671,"label":"Chùa Long Phước"}},{"type":"Feature","geometry":{"type":"Point","coordinates":[106.26144645,9.695435151]},"properties":{"Phật giáo Bắc tông":"Chùa Long Hòa","Tôn Kính":null,"Địa chỉ":" khóm 5, xã Trà Cú","Tông phái":null,"layer_id":359,"fid":672,"label":"Chùa Long Hòa"}},{"type":"Feature","geometry":{"type":"Point","coordinates":[106.181815284,9.727586003]},"properties":{"Phật giáo Bắc tông":"Chùa Phước Long","Tôn Kính":null,"Địa chỉ":"ấp Chợ, xã Lưu Nghiệp Anh","Tông phái":null,"layer_id":359,"fid":673,"label":"Chùa Phước Long"}},{"type":"Feature","geometry":{"type":"Point","coordinates":[106.297711381,9.691832799]},"properties":{"Phật giáo Bắc tông":"Chùa Tân Long","Tôn Kính":null,"Địa chỉ":"Ba Tục B, xã Trà Cú","Tông phái":null,"layer_id":359,"fid":674,"label":"Chùa Tân Long"}},{"type":"Feature","geometry":{"type":"Point","coordinates":[106.221998123,9.695787951]},"properties":{"Phật giáo Bắc tông":"Chùa Thiên Phước","Tôn Kính":null,"Địa chỉ":"ấp Chợ, xã Lưu Nghiệp Anh","Tông phái":null,"layer_id":359,"fid":675,"label":"Chùa Thiên Phước"}},{"type":"Feature","geometry":{"type":"Point","coordinates":[106.39204565,9.713505566]},"properties":{"Phật giáo Bắc tông":"Chùa Hiệp Sơn","Tôn Kính":null,"Địa chỉ":"ấp Tha La, xã Long Hiệp","Tông phái":null,"layer_id":359,"fid":676,"label":"Chùa Hiệp Sơn"}},{"type":"Feature","geometry":{"type":"Point","coordinates":[106.370323223,9.703606696]},"properties":{"Phật giáo Bắc tông":"Chùa Vinh Sơn","Tôn Kính":null,"Địa chỉ":"ấp Giồng Cao, xã Long Hiệp","Tông phái":null,"layer_id":359,"fid":677,"label":"Chùa Vinh Sơn"}},{"type":"Feature","geometry":{"type":"Point","coordinates":[106.195964681,9.680204047]},"properties":{"Phật giáo Bắc tông":"Chùa Long Thành","Tôn Kính":null,"Địa chỉ":"ấp Long Thuận, xã Lưu Nghiệp Anh","Tông phái":null,"layer_id":359,"fid":678,"label":"Chùa Long Thành"}},{"type":"Feature","geometry":{"type":"Point","coordinates":[106.273269608,9.635954898]},"properties":{"Phật giáo Bắc tông":"Chùa An Thành","Tôn Kính":null,"Địa chỉ":" ấp Giồng Giữa, xã Đại An","Tông phái":null,"layer_id":359,"fid":679,"label":"Chùa An Thành"}},{"type":"Feature","geometry":{"type":"Point","coordinates":[106.312165994,9.76079702]},"properties":{"Phật giáo Bắc tông":"Chùa Pháp Võ","Tôn Kính":null,"Địa chỉ":"ấp Chợ, xã Tập Sơn","Tông phái":null,"layer_id":359,"fid":680,"label":"Chùa Pháp Võ"}},{"type":"Feature","geometry":{"type":"Point","coordinates":[106.297649794,9.776536013]},"properties":{"Phật giáo Bắc tông":"Chùa Long Hưng (NTK)","Tôn Kính":null,"Địa chỉ":"ấp Ô Rung, xã Tập Sơn","Tông phái":null,"layer_id":359,"fid":681,"label":"Chùa Long Hưng (NTK)"}},{"type":"Feature","geometry":{"type":"Point","coordinates":[106.279638131,9.719415238]},"properties":{"Phật giáo Bắc tông":"Chùa Phước Long An","Tôn Kính":null,"Địa chỉ":"ấp Xóm Chòi, xã Trà Cú","Tông phái":null,"layer_id":359,"fid":682,"label":"Chùa Phước Long An"}},{"type":"Feature","geometry":{"type":"Point","coordinates":[106.240535179,9.739391226]},"properties":{"Phật giáo Bắc tông":"Niệm Phật đường Bình An","Tôn Kính":null,"Địa chỉ":"ấp Đôn Chụm A, xã Tập Sơn","Tông phái":null,"layer_id":359,"fid":683,"label":"Niệm Phật đường Bình An"}},{"type":"Feature","geometry":{"type":"Point","coordinates":[106.253825238,9.736464151]},"properties":{"Phật giáo Bắc tông":"Chùa Hàn Sơn","Tôn Kính":null,"Địa chỉ":"ấp Chợ, Tập Sơn,","Tông phái":null,"layer_id":359,"fid":684,"label":"Chùa Hàn Sơn"}},{"type":"Feature","geometry":{"type":"Point","coordinates":[106.338635952,9.710782493]},"properties":{"Phật giáo Bắc tông":"Chùa Liên Thành","Tôn Kính":null,"Địa chỉ":"ấp Chợ, xã Long Hiệp","Tông phái":null,"layer_id":359,"fid":685,"label":"Chùa Liên Thành"}},{"type":"Feature","geometry":{"type":"Point","coordinates":[106.493194921,9.634295588]},"properties":{"Phật giáo Bắc tông":"Chùa Phước Long (NTK)","Tôn Kính":null,"Địa chỉ":"Khóm 1, phường Duyên Hải","Tông phái":null,"layer_id":359,"fid":686,"label":"Chùa Phước Long (NTK)"}},{"type":"Feature","geometry":{"type":"Point","coordinates":[106.514657692,9.668303708]},"properties":{"Phật giáo Bắc tông":"Chùa Long Vĩnh","Tôn Kính":null,"Địa chỉ":"Khóm Phước Bình,xã Long Hữu","Tông phái":null,"layer_id":359,"fid":687,"label":"Chùa Long Vĩnh"}},{"type":"Feature","geometry":{"type":"Point","coordinates":[106.571356836,9.645655225]},"properties":{"Phật giáo Bắc tông":"Thiện viện Trúc Lâm Trà Vinh","Tôn Kính":null,"Địa chỉ":"Âp Khoán Tiều, phường Trường Long Hòa","Tông phái":null,"layer_id":359,"fid":688,"label":"Thiện viện Trúc Lâm Trà Vinh"}},{"type":"Feature","geometry":{"type":"Point","coordinates":[106.49599885,9.689661024]},"properties":{"Phật giáo Bắc tông":"Chùa Vạn Hạnh","Tôn Kính":null,"Địa chỉ":"ấp 17, xã Long Hữu ","Tông phái":null,"layer_id":359,"fid":689,"label":"Chùa Vạn Hạnh"}},{"type":"Feature","geometry":{"type":"Point","coordinates":[106.546575365,9.747182948]},"properties":{"Phật giáo Bắc tông":"Chùa Vạn Hưng","Tôn Kính":null,"Địa chỉ":"ấp Chợ, xã Long Hữu","Tông phái":null,"layer_id":359,"fid":690,"label":"Chùa Vạn Hưng"}},{"type":"Feature","geometry":{"type":"Point","coordinates":[106.397766981,9.605697702]},"properties":{"Phật giáo Bắc tông":"Chùa Giác Long","Tôn Kính":null,"Địa chỉ":"Cái Đôi, xã Long Khánh","Tông phái":null,"layer_id":359,"fid":691,"label":"Chùa Giác Long"}},{"type":"Feature","geometry":{"type":"Point","coordinates":[106.479873367,9.574679984]},"properties":{"Phật giáo Bắc tông":"Chùa Giác Chơn","Tôn Kính":null,"Địa chỉ":"ấp Cồn Cù, xã Đông Hải","Tông phái":null,"layer_id":359,"fid":692,"label":"Chùa Giác Chơn"}},{"type":"Feature","geometry":{"type":"Point","coordinates":[106.48770445,9.631352065]},"properties":{"Phật giáo Bắc tông":"Liên Hoa Tu Viện","Tôn Kính":null,"Địa chỉ":"ấp Bà Nhì, xã Đôn Châu","Tông phái":null,"layer_id":359,"fid":693,"label":"Liên Hoa Tu Viện"}},{"type":"Feature","geometry":{"type":"Point","coordinates":[106.395297267,9.656558196]},"properties":{"Phật giáo Bắc tông":"Chùa Giác Ngộ","Tôn Kính":null,"Địa chỉ":"ấp Sa Văng,  Đôn Châu","Tông phái":null,"layer_id":359,"fid":694,"label":"Chùa Giác Ngộ"}},{"type":"Feature","geometry":{"type":"Point","coordinates":[106.351088994,9.648246263]},"properties":{"Phật giáo Bắc tông":"Chùa Liên Phước","Tôn Kính":null,"Địa chỉ":"ấp Cây Da, xã Đôn Châu","Tông phái":null,"layer_id":359,"fid":695,"label":"Chùa Liên Phước"}},{"type":"Feature","geometry":{"type":"Point","coordinates":[106.426260379,9.683610958]},"properties":{"Phật giáo Bắc tông":"Chùa Vạn Phước","Tôn Kính":null,"Địa chỉ":"ấp Sóc Ruộng, xã Ngũ Lạc","Tông phái":null,"layer_id":359,"fid":696,"label":"Chùa Vạn Phước"}},{"type":"Feature","geometry":{"type":"Point","coordinates":[106.473281736,9.815604752]},"properties":{"Phật giáo Bắc tông":"Chùa Liên Giác","Tôn Kính":null,"Địa chỉ":"Sóc Hoang, xã Cầu Ngang","Tông phái":null,"layer_id":359,"fid":697,"label":"Chùa Liên Giác"}},{"type":"Feature","geometry":{"type":"Point","coordinates":[106.407404294,9.815576239]},"properties":{"Phật giáo Bắc tông":"Tịnh Xá Ngọc Hiệp (Khất sỹ)","Tôn Kính":null,"Địa chỉ":"Kim Hòa, xã Vinh Kim","Tông phái":null,"layer_id":359,"fid":698,"label":"Tịnh Xá Ngọc Hiệp (Khất sỹ)"}},{"type":"Feature","geometry":{"type":"Point","coordinates":[106.438303536,9.701134848]},"properties":{"Phật giáo Bắc tông":"Chùa Phước Hiệp","Tôn Kính":null,"Địa chỉ":"Lạc Thạnh A, xã Ngũ lạc","Tông phái":null,"layer_id":359,"fid":699,"label":"Chùa Phước Hiệp"}},{"type":"Feature","geometry":{"type":"Point","coordinates":[106.451217019,9.79388506]},"properties":{"Phật giáo Bắc tông":"Tịnh Xá Ngọc Hòa","Tôn Kính":null,"Địa chỉ":"Khóm Minh Thuận A, xã Cầu Ngang","Tông phái":null,"layer_id":359,"fid":700,"label":"Tịnh Xá Ngọc Hòa"}},{"type":"Feature","geometry":{"type":"Point","coordinates":[106.490598194,9.809072514]},"properties":{"Phật giáo Bắc tông":"Chùa Giác Linh","Tôn Kính":null,"Địa chỉ":"Mỹ Thập, Mỹ Long ","Tông phái":null,"layer_id":359,"fid":701,"label":"Chùa Giác Linh"}},{"type":"Feature","geometry":{"type":"Point","coordinates":[106.463888035,9.784235234]},"properties":{"Phật giáo Bắc tông":"Chùa Phước Minh","Tôn Kính":null,"Địa chỉ":"Khóm Minh Thuận A, xã Cầu Ngang","Tông phái":null,"layer_id":359,"fid":702,"label":"Chùa Phước Minh"}},{"type":"Feature","geometry":{"type":"Point","coordinates":[106.515960994,9.723534864]},"properties":{"Phật giáo Bắc tông":"Chùa Phước Mỹ","Tôn Kính":null,"Địa chỉ":"Bào Bèo, xã Hiệp Mỹ","Tông phái":null,"layer_id":359,"fid":703,"label":"Chùa Phước Mỹ"}},{"type":"Feature","geometry":{"type":"Point","coordinates":[106.407890644,9.789891731]},"properties":{"Phật giáo Bắc tông":"Chùa Bình Phước","Tôn Kính":null,"Địa chỉ":"Bình Tân, xã Nhị Trường","Tông phái":null,"layer_id":359,"fid":704,"label":"Chùa Bình Phước"}},{"type":"Feature","geometry":{"type":"Point","coordinates":[106.347335536,9.767695183]},"properties":{"Phật giáo Bắc tông":"Chùa Khánh Phước","Tôn Kính":null,"Địa chỉ":"Nô Pộk, xã Nhị Trường","Tông phái":null,"layer_id":359,"fid":705,"label":"Chùa Khánh Phước"}},{"type":"Feature","geometry":{"type":"Point","coordinates":[106.455309352,9.815711665]},"properties":{"Phật giáo Bắc tông":"Chùa Phước Thanh","Tôn Kính":null,"Địa chỉ":"Mỹ Cẩm B, xã Cầu Ngang","Tông phái":null,"layer_id":359,"fid":706,"label":"Chùa Phước Thanh"}},{"type":"Feature","geometry":{"type":"Point","coordinates":[106.406920923,9.85430596]},"properties":{"Phật giáo Bắc tông":"Chùa Phước Thành","Tôn Kính":null,"Địa chỉ":"Trà Cuôn, xã Vinh Kim","Tông phái":null,"layer_id":359,"fid":707,"label":"Chùa Phước Thành"}},{"type":"Feature","geometry":{"type":"Point","coordinates":[106.409522336,9.813674837]},"properties":{"Phật giáo Bắc tông":"Chùa Liên Trì","Tôn Kính":null,"Địa chỉ":"Hòa Lục, xã Nhị Trường","Tông phái":null,"layer_id":359,"fid":708,"label":"Chùa Liên Trì"}},{"type":"Feature","geometry":{"type":"Point","coordinates":[106.483397465,9.748849073]},"properties":{"Phật giáo Bắc tông":"Chùa Phước An","Tôn Kính":null,"Địa chỉ":"Cái Già Bến, Hiêp Mỹ ","Tông phái":null,"layer_id":359,"fid":709,"label":"Chùa Phước An"}},{"type":"Feature","geometry":{"type":"Point","coordinates":[106.507337736,9.777224877]},"properties":{"Phật giáo Bắc tông":"Chùa Vạn An","Tôn Kính":null,"Địa chỉ":"ấp Nhứt B, xã Mỹ Long","Tông phái":null,"layer_id":359,"fid":710,"label":"Chùa Vạn An"}},{"type":"Feature","geometry":{"type":"Point","coordinates":[106.395159208,9.756033643]},"properties":{"Phật giáo Bắc tông":"Chùa Phước Duyên","Tôn Kính":null,"Địa chỉ":"ấp Nô Lựa A, xã Nhị Trường","Tông phái":null,"layer_id":359,"fid":711,"label":"Chùa Phước Duyên"}},{"type":"Feature","geometry":{"type":"Point","coordinates":[106.455068681,9.840446639]},"properties":{"Phật giáo Bắc tông":"Chùa Đàm Hoa","Tôn Kính":null,"Địa chỉ":"ấp Giồng Lớn, xã Vinh Kim ","Tông phái":null,"layer_id":359,"fid":712,"label":"Chùa Đàm Hoa"}},{"type":"Feature","geometry":{"type":"Point","coordinates":[106.375606582,9.911430864]},"properties":{"Phật giáo Bắc tông":" Chùa Liên Bửu","Tôn Kính":null,"Địa chỉ":"Quy Nông A, Hưng Mỹ","Tông phái":null,"layer_id":359,"fid":713,"label":" Chùa Liên Bửu"}},{"type":"Feature","geometry":{"type":"Point","coordinates":[106.409852708,9.899718025]},"properties":{"Phật giáo Bắc tông":"Chùa Liên Hoa","Tôn Kính":null,"Địa chỉ":"Ngãi Hiệp, xã Hưng Mỹ","Tông phái":null,"layer_id":359,"fid":714,"label":"Chùa Liên Hoa"}},{"type":"Feature","geometry":{"type":"Point","coordinates":[106.314732479,9.90142615]},"properties":{"Phật giáo Bắc tông":"Chùa Pháp Hòa (KS)","Tôn Kính":null,"Địa chỉ":"Chà Dư, xã Song Lộc","Tông phái":null,"layer_id":359,"fid":715,"label":"Chùa Pháp Hòa (KS)"}},{"type":"Feature","geometry":{"type":"Point","coordinates":[106.423291709,9.875801668]},"properties":{"Phật giáo Bắc tông":"Chùa Phước Huệ","Tôn Kính":null,"Địa chỉ":"Vang Nhất, xã Châu Thành","Tông phái":null,"layer_id":359,"fid":716,"label":"Chùa Phước Huệ"}},{"type":"Feature","geometry":{"type":"Point","coordinates":[106.34550345,9.87139208]},"properties":{"Phật giáo Bắc tông":"Chùa Hưng Long","Tôn Kính":null,"Địa chỉ":"khóm 2, xã Châu Thành","Tông phái":null,"layer_id":359,"fid":717,"label":"Chùa Hưng Long"}},{"type":"Feature","geometry":{"type":"Point","coordinates":[106.264950952,9.896425843]},"properties":{"Phật giáo Bắc tông":"Chùa Liên Minh","Tôn Kính":null,"Địa chỉ":"Phú Khánh, xã Song Lộc","Tông phái":null,"layer_id":359,"fid":718,"label":"Chùa Liên Minh"}},{"type":"Feature","geometry":{"type":"Point","coordinates":[106.395204336,9.884442634]},"properties":{"Phật giáo Bắc tông":"Chùa Vĩnh Phước","Tôn Kính":null,"Địa chỉ":"Đại Thôn, xã Châu Thành","Tông phái":null,"layer_id":359,"fid":719,"label":"Chùa Vĩnh Phước"}},{"type":"Feature","geometry":{"type":"Point","coordinates":[106.361330494,9.945972566]},"properties":{"Phật giáo Bắc tông":"Chùa Giác Quang","Tôn Kính":null,"Địa chỉ":"Kỳ La, Phường Hòa Thuận ","Tông phái":null,"layer_id":359,"fid":720,"label":"Chùa Giác Quang"}},{"type":"Feature","geometry":{"type":"Point","coordinates":[106.369727494,9.917107875]},"properties":{"Phật giáo Bắc tông":"Chùa Liên Quang","Tôn Kính":null,"Địa chỉ":"Truôn, xã Hòa Lợi","Tông phái":null,"layer_id":359,"fid":721,"label":"Chùa Liên Quang"}},{"type":"Feature","geometry":{"type":"Point","coordinates":[106.299894152,9.915056238]},"properties":{"Phật giáo Bắc tông":"Chùa Phật Quang","Tôn Kính":null,"Địa chỉ":"Ba Se B, xã Song Lộc","Tông phái":null,"layer_id":359,"fid":722,"label":"Chùa Phật Quang"}},{"type":"Feature","geometry":{"type":"Point","coordinates":[106.350313094,9.848346381]},"properties":{"Phật giáo Bắc tông":"Chùa Thanh Quang","Tôn Kính":null,"Địa chỉ":"Thanh Nguyên B, xã Châu Thành","Tông phái":null,"layer_id":359,"fid":723,"label":"Chùa Thanh Quang"}},{"type":"Feature","geometry":{"type":"Point","coordinates":[106.393948994,9.88533432]},"properties":{"Phật giáo Bắc tông":"Chùa Phật Tâm","Tôn Kính":null,"Địa chỉ":"Đại Thôn, xã Hưng Mỹ","Tông phái":null,"layer_id":359,"fid":724,"label":"Chùa Phật Tâm"}},{"type":"Feature","geometry":{"type":"Point","coordinates":[106.240307009,9.885474803]},"properties":{"Phật giáo Bắc tông":"Chùa Như Thành","Tôn Kính":null,"Địa chỉ":"Lò Ngò, xã Song Lộc","Tông phái":null,"layer_id":359,"fid":725,"label":"Chùa Như Thành"}},{"type":"Feature","geometry":{"type":"Point","coordinates":[106.290393394,9.811766041]},"properties":{"Phật giáo Bắc tông":"Chùa Phước Vân (NTK)","Tôn Kính":null,"Địa chỉ":"Cây Dương, xã Châu Thành","Tông phái":null,"layer_id":359,"fid":726,"label":"Chùa Phước Vân (NTK)"}},{"type":"Feature","geometry":{"type":"Point","coordinates":[106.454612025,9.915142513]},"properties":{"Phật giáo Bắc tông":"Chùa Khánh Minh","Tôn Kính":null,"Địa chỉ":"Ông Yển, xã Hòa Minh","Tông phái":null,"layer_id":359,"fid":727,"label":"Chùa Khánh Minh"}},{"type":"Feature","geometry":{"type":"Point","coordinates":[106.308554008,9.924406976]},"properties":{"Phật giáo Bắc tông":"Tịnh thất Ngọc Quang (KS)","Tôn Kính":null,"Địa chỉ":"Xóm Trảng, phường Nguyệt Hóa","Tông phái":null,"layer_id":359,"fid":728,"label":"Tịnh thất Ngọc Quang (KS)"}},{"type":"Feature","geometry":{"type":"Point","coordinates":[106.350229511,9.856930695]},"properties":{"Phật giáo Bắc tông":"Tịnh thất Ngọc Liên (KS","Tôn Kính":null,"Địa chỉ":"Phú Nhiêu, xã Châu Thành","Tông phái":null,"layer_id":359,"fid":729,"label":"Tịnh thất Ngọc Liên (KS"}},{"type":"Feature","geometry":{"type":"Point","coordinates":[106.388951852,9.926894682]},"properties":{"Phật giáo Bắc tông":"Chùa Chuẩn Đề","Tôn Kính":null,"Địa chỉ":"Bà Trầm, xã Hưng Mỹ","Tông phái":null,"layer_id":359,"fid":730,"label":"Chùa Chuẩn Đề"}},{"type":"Feature","geometry":{"type":"Point","coordinates":[106.354299452,9.968382728]},"properties":{"Phật giáo Bắc tông":"Chùa Long Hoa","Tôn Kính":null,"Địa chỉ":"ấp Vĩnh Bảo, phường Hòa Thuận","Tông phái":null,"layer_id":359,"fid":731,"label":"Chùa Long Hoa"}},{"type":"Feature","geometry":{"type":"Point","coordinates":[106.293155467,9.853888149]},"properties":{"Phật giáo Bắc tông":"Chùa Linh Ứng","Tôn Kính":null,"Địa chỉ":"ấp Đai Tèn, xã Song Lộc","Tông phái":null,"layer_id":359,"fid":732,"label":"Chùa Linh Ứng"}}]}
