{"type":"FeatureCollection","name":"Bưu cục","metadata":{"source":"https://hatang.vinhlong.gov.vn/","downloaded_at":"2026-07-20T01:19:33+00:00","layer_id":368,"layer_name":"Bưu cục","catalog_endpoints":["/map/publicLayers2?inputs=bcvt"],"requested_bbox":[104.0,8.0,108.0,12.0],"tile_size":0.0,"tile_count":1,"tile_errors":[],"feature_count":316,"coordinate_order":"x,y (thường là longitude,latitude theo cấu hình EPSG:4326 của WebGIS)"},"features":[{"type":"Feature","geometry":{"type":"Point","coordinates":[105.9727974,10.25494732]},"properties":{"Doanh nghiệp bưu chính chuyển phát":"Bưu điện tỉnh Vĩnh Long","Điểm phục vụ bưu chính":null,"Địa chỉ":"Số 14 đường Hoàng Thái Hiếu, phường Long Châu, tỉnh Vĩnh Long","Điện thoại":"2703822473","Số giấy phép ĐKKD":"1500499389","Số giấy phép bưu chính":"55/GP-BTTTT","Ngày bắt đầu hoạt động":"12/27/07 12:00:00 AM","Tình trạng hoạt động":"Đang hoạt động","layer_id":368,"fid":883,"label":"Bưu điện tỉnh Vĩnh Long"}},{"type":"Feature","geometry":{"type":"Point","coordinates":[106.59667,10.042536]},"properties":{"Doanh nghiệp bưu chính chuyển phát":"Bưu điện tỉnh Vĩnh Long","Điểm phục vụ bưu chính":"Ba Tri","Địa chỉ":"Khu phố 1, Xã Ba Tri, tỉnh Vĩnh Long","Điện thoại":"945681868","Số giấy phép ĐKKD":null,"Số giấy phép bưu chính":null,"Ngày bắt đầu hoạt động":null,"Tình trạng hoạt động":"Đang hoạt động","layer_id":368,"fid":884,"label":"Bưu điện tỉnh Vĩnh Long"}},{"type":"Feature","geometry":{"type":"Point","coordinates":[106.54107,10.070744]},"properties":{"Doanh nghiệp bưu chính chuyển phát":"Bưu điện tỉnh Vĩnh Long","Điểm phục vụ bưu chính":"An Ngãi Trung","Địa chỉ":"Ấp 1, Xã An Ngãi Trung, tỉnh Vĩnh Long","Điện thoại":"945681868","Số giấy phép ĐKKD":null,"Số giấy phép bưu chính":null,"Ngày bắt đầu hoạt động":null,"Tình trạng hoạt động":"Đang hoạt động","layer_id":368,"fid":885,"label":"Bưu điện tỉnh Vĩnh Long"}},{"type":"Feature","geometry":{"type":"Point","coordinates":[106.60546,9.9827686]},"properties":{"Doanh nghiệp bưu chính chuyển phát":"Bưu điện tỉnh Vĩnh Long","Điểm phục vụ bưu chính":"An Thủy","Địa chỉ":"Ấp An Thuận, Xã Tân Thủy, tỉnh Vĩnh Long","Điện thoại":"945681868","Số giấy phép ĐKKD":null,"Số giấy phép bưu chính":null,"Ngày bắt đầu hoạt động":null,"Tình trạng hoạt động":"Đang hoạt động","layer_id":368,"fid":886,"label":"Bưu điện tỉnh Vĩnh Long"}},{"type":"Feature","geometry":{"type":"Point","coordinates":[106.62072,10.008551]},"properties":{"Doanh nghiệp bưu chính chuyển phát":"Bưu điện tỉnh Vĩnh Long","Điểm phục vụ bưu chính":"Tân Thủy","Địa chỉ":"Ấp Tân Bình, Xã Tân Thủy, tỉnh Vĩnh Long","Điện thoại":"945681868","Số giấy phép ĐKKD":null,"Số giấy phép bưu chính":"183/QĐ-BĐBT","Ngày bắt đầu hoạt động":"2/2/15 12:00:00 AM","Tình trạng hoạt động":"Đang hoạt động","layer_id":368,"fid":887,"label":"Bưu điện tỉnh Vĩnh Long"}},{"type":"Feature","geometry":{"type":"Point","coordinates":[106.57609,10.020169]},"properties":{"Doanh nghiệp bưu chính chuyển phát":"Bưu điện tỉnh Vĩnh Long","Điểm phục vụ bưu chính":"An Đức","Địa chỉ":"Ấp Giồng Chuối, Xã Ba Tri, tỉnh Vĩnh Long","Điện thoại":"945681868","Số giấy phép ĐKKD":null,"Số giấy phép bưu chính":"04/QĐ-BC","Ngày bắt đầu hoạt động":"8/2/01 12:00:00 AM","Tình trạng hoạt động":"Đang hoạt động","layer_id":368,"fid":888,"label":"Bưu điện tỉnh Vĩnh Long"}},{"type":"Feature","geometry":{"type":"Point","coordinates":[106.59966,9.9973688]},"properties":{"Doanh nghiệp bưu chính chuyển phát":"Bưu điện tỉnh Vĩnh Long","Điểm phục vụ bưu chính":"An Hòa Tây","Địa chỉ":"Ấp An Bình 1, Xã Tân Thủy, tỉnh Vĩnh Long","Điện thoại":"945681868","Số giấy phép ĐKKD":null,"Số giấy phép bưu chính":"04/QĐ-BC","Ngày bắt đầu hoạt động":"8/2/01 12:00:00 AM","Tình trạng hoạt động":"Đang hoạt động","layer_id":368,"fid":889,"label":"Bưu điện tỉnh Vĩnh Long"}},{"type":"Feature","geometry":{"type":"Point","coordinates":[106.53024,10.049846]},"properties":{"Doanh nghiệp bưu chính chuyển phát":"Bưu điện tỉnh Vĩnh Long","Điểm phục vụ bưu chính":"An Ngãi Tây","Địa chỉ":"Ấp Giồng Quéo, Xã An Hiệp, tỉnh Vĩnh Long","Điện thoại":"945681868","Số giấy phép ĐKKD":null,"Số giấy phép bưu chính":"19/QĐ","Ngày bắt đầu hoạt động":"5/3/99 12:00:00 AM","Tình trạng hoạt động":"Đang hoạt động","layer_id":368,"fid":890,"label":"Bưu điện tỉnh Vĩnh Long"}},{"type":"Feature","geometry":{"type":"Point","coordinates":[106.65539,10.076819]},"properties":{"Doanh nghiệp bưu chính chuyển phát":"Bưu điện tỉnh Vĩnh Long","Điểm phục vụ bưu chính":"Bảo Thạnh","Địa chỉ":"Ấp 4, Xã Bảo Thạnh, tỉnh Vĩnh Long","Điện thoại":"945681868","Số giấy phép ĐKKD":null,"Số giấy phép bưu chính":"19/QĐ","Ngày bắt đầu hoạt động":"5/3/99 12:00:00 AM","Tình trạng hoạt động":"Đang hoạt động","layer_id":368,"fid":891,"label":"Bưu điện tỉnh Vĩnh Long"}},{"type":"Feature","geometry":{"type":"Point","coordinates":[106.58268,10.119399]},"properties":{"Doanh nghiệp bưu chính chuyển phát":"Bưu điện tỉnh Vĩnh Long","Điểm phục vụ bưu chính":"Mỹ Chánh","Địa chỉ":"Ấp Gò Da, Xã Mỹ Chánh Hòa, tỉnh Vĩnh Long","Điện thoại":"945681868","Số giấy phép ĐKKD":null,"Số giấy phép bưu chính":"248/QĐ-BD0BT","Ngày bắt đầu hoạt động":"2/26/25 12:00:00 AM","Tình trạng hoạt động":"Đang hoạt động","layer_id":368,"fid":892,"label":"Bưu điện tỉnh Vĩnh Long"}},{"type":"Feature","geometry":{"type":"Point","coordinates":[106.5766455,10.13830447]},"properties":{"Doanh nghiệp bưu chính chuyển phát":"Bưu điện tỉnh Vĩnh Long","Điểm phục vụ bưu chính":"Mỹ Hòa","Địa chỉ":"Ấp Mỹ Hòa, Xã Mỹ Chánh Hòa, tỉnh Vĩnh Long","Điện thoại":"945681868","Số giấy phép ĐKKD":null,"Số giấy phép bưu chính":"04/QĐ-BC","Ngày bắt đầu hoạt động":"8/2/01 12:00:00 AM","Tình trạng hoạt động":"Đang hoạt động","layer_id":368,"fid":893,"label":"Bưu điện tỉnh Vĩnh Long"}},{"type":"Feature","geometry":{"type":"Point","coordinates":[106.5766455,10.13830447]},"properties":{"Doanh nghiệp bưu chính chuyển phát":"Bưu điện tỉnh Vĩnh Long","Điểm phục vụ bưu chính":"Mỹ Thạnh","Địa chỉ":"Ấp 1, Xã An Ngãi Trung, tỉnh Vĩnh Long","Điện thoại":"945681868","Số giấy phép ĐKKD":null,"Số giấy phép bưu chính":"06/QĐ-BC","Ngày bắt đầu hoạt động":"11/1/00 12:00:00 AM","Tình trạng hoạt động":"Đang hoạt động","layer_id":368,"fid":894,"label":"Bưu điện tỉnh Vĩnh Long"}},{"type":"Feature","geometry":{"type":"Point","coordinates":[106.61919,10.065484]},"properties":{"Doanh nghiệp bưu chính chuyển phát":"Bưu điện tỉnh Vĩnh Long","Điểm phục vụ bưu chính":"Phú Lễ","Địa chỉ":"Ấp Phú Thạnh, Xã Tân Xuân, tỉnh Vĩnh Long","Điện thoại":"945681868","Số giấy phép ĐKKD":null,"Số giấy phép bưu chính":"19/QĐ","Ngày bắt đầu hoạt động":"5/3/99 12:00:00 AM","Tình trạng hoạt động":"Đang hoạt động","layer_id":368,"fid":895,"label":"Bưu điện tỉnh Vĩnh Long"}},{"type":"Feature","geometry":{"type":"Point","coordinates":[106.63016,10.075784]},"properties":{"Doanh nghiệp bưu chính chuyển phát":"Bưu điện tỉnh Vĩnh Long","Điểm phục vụ bưu chính":"Phú Ngãi","Địa chỉ":"Ấp Phú Thạnh, Xã Tân Xuân, tỉnh Vĩnh Long","Điện thoại":"945681868","Số giấy phép ĐKKD":null,"Số giấy phép bưu chính":"19/QĐ","Ngày bắt đầu hoạt động":"5/3/99 12:00:00 AM","Tình trạng hoạt động":"Đang hoạt động","layer_id":368,"fid":896,"label":"Bưu điện tỉnh Vĩnh Long"}},{"type":"Feature","geometry":{"type":"Point","coordinates":[106.4919759,10.06272101]},"properties":{"Doanh nghiệp bưu chính chuyển phát":"Bưu điện tỉnh Vĩnh Long","Điểm phục vụ bưu chính":"Tân Hưng","Địa chỉ":"Ấp Tân Khai, Xã An Hiệp, tỉnh Vĩnh Long","Điện thoại":"945681868","Số giấy phép ĐKKD":null,"Số giấy phép bưu chính":"04/QĐ-BC","Ngày bắt đầu hoạt động":"8/2/01 12:00:00 AM","Tình trạng hoạt động":"Đang hoạt động","layer_id":368,"fid":897,"label":"Bưu điện tỉnh Vĩnh Long"}},{"type":"Feature","geometry":{"type":"Point","coordinates":[106.6122197,10.16892821]},"properties":{"Doanh nghiệp bưu chính chuyển phát":"Bưu điện tỉnh Vĩnh Long","Điểm phục vụ bưu chính":"Tân Mỹ","Địa chỉ":"Ấp Tân Quí, Xã Mỹ Chánh Hòa, tỉnh Vĩnh Long","Điện thoại":"945681868","Số giấy phép ĐKKD":null,"Số giấy phép bưu chính":null,"Ngày bắt đầu hoạt động":null,"Tình trạng hoạt động":"Đang hoạt động","layer_id":368,"fid":898,"label":"Bưu điện tỉnh Vĩnh Long"}},{"type":"Feature","geometry":{"type":"Point","coordinates":[106.60261,10.026916]},"properties":{"Doanh nghiệp bưu chính chuyển phát":"Bưu điện tỉnh Vĩnh Long","Điểm phục vụ bưu chính":"Vĩnh An","Địa chỉ":"Ấp Vĩnh Đức Tây, Xã Ba Tri, tỉnh Vĩnh Long","Điện thoại":"945681868","Số giấy phép ĐKKD":null,"Số giấy phép bưu chính":null,"Ngày bắt đầu hoạt động":null,"Tình trạng hoạt động":"Đang hoạt động","layer_id":368,"fid":899,"label":"Bưu điện tỉnh Vĩnh Long"}},{"type":"Feature","geometry":{"type":"Point","coordinates":[106.621722,10.03023424]},"properties":{"Doanh nghiệp bưu chính chuyển phát":"Bưu điện tỉnh Vĩnh Long","Điểm phục vụ bưu chính":"Vĩnh Hòa","Địa chỉ":"Ấp Vĩnh Đức, Xã Ba Tri , tỉnh Vĩnh Long","Điện thoại":"945681868","Số giấy phép ĐKKD":null,"Số giấy phép bưu chính":"04/QĐ-BC","Ngày bắt đầu hoạt động":"8/2/01 12:00:00 AM","Tình trạng hoạt động":"Đang hoạt động","layer_id":368,"fid":900,"label":"Bưu điện tỉnh Vĩnh Long"}},{"type":"Feature","geometry":{"type":"Point","coordinates":[106.70283,10.178462]},"properties":{"Doanh nghiệp bưu chính chuyển phát":"Bưu điện tỉnh Vĩnh Long","Điểm phục vụ bưu chính":"Bình Đại","Địa chỉ":"Ấp Khu Phố 1, Xã Bình Đại, tỉnh Vĩnh Long","Điện thoại":"919194048","Số giấy phép ĐKKD":null,"Số giấy phép bưu chính":null,"Ngày bắt đầu hoạt động":null,"Tình trạng hoạt động":"Đang hoạt động","layer_id":368,"fid":901,"label":"Bưu điện tỉnh Vĩnh Long"}},{"type":"Feature","geometry":{"type":"Point","coordinates":[106.49651,10.252306]},"properties":{"Doanh nghiệp bưu chính chuyển phát":"Bưu điện tỉnh Vĩnh Long","Điểm phục vụ bưu chính":"Châu Hưng","Địa chỉ":"Ấp Hưng Chánh, Xã Châu Hưng, tỉnh Vĩnh Long","Điện thoại":"919194048","Số giấy phép ĐKKD":null,"Số giấy phép bưu chính":null,"Ngày bắt đầu hoạt động":null,"Tình trạng hoạt động":"Đang hoạt động","layer_id":368,"fid":902,"label":"Bưu điện tỉnh Vĩnh Long"}},{"type":"Feature","geometry":{"type":"Point","coordinates":[106.58303,10.2204]},"properties":{"Doanh nghiệp bưu chính chuyển phát":"Bưu điện tỉnh Vĩnh Long","Điểm phục vụ bưu chính":"Lộc Thuận","Địa chỉ":"Ấp Lộc Thành, Xã Lộc Thuận, tỉnh Vĩnh Long","Điện thoại":"919194048","Số giấy phép ĐKKD":null,"Số giấy phép bưu chính":null,"Ngày bắt đầu hoạt động":null,"Tình trạng hoạt động":"Đang hoạt động","layer_id":368,"fid":903,"label":"Bưu điện tỉnh Vĩnh Long"}},{"type":"Feature","geometry":{"type":"Point","coordinates":[106.53087,10.233577]},"properties":{"Doanh nghiệp bưu chính chuyển phát":"Bưu điện tỉnh Vĩnh Long","Điểm phục vụ bưu chính":"Thới Lai","Địa chỉ":"Ấp 1, Xã Châu Hưng, tỉnh Vĩnh Long","Điện thoại":"919194048","Số giấy phép ĐKKD":null,"Số giấy phép bưu chính":null,"Ngày bắt đầu hoạt động":null,"Tình trạng hoạt động":"Đang hoạt động","layer_id":368,"fid":904,"label":"Bưu điện tỉnh Vĩnh Long"}},{"type":"Feature","geometry":{"type":"Point","coordinates":[106.6704,10.209906]},"properties":{"Doanh nghiệp bưu chính chuyển phát":"Bưu điện tỉnh Vĩnh Long","Điểm phục vụ bưu chính":"Bình Thới","Địa chỉ":"Ấp 1, Xã Bình Đại, tỉnh Vĩnh Long","Điện thoại":"919194048","Số giấy phép ĐKKD":null,"Số giấy phép bưu chính":"19/QĐ","Ngày bắt đầu hoạt động":"5/3/99 12:00:00 AM","Tình trạng hoạt động":"Đang hoạt động","layer_id":368,"fid":905,"label":"Bưu điện tỉnh Vĩnh Long"}},{"type":"Feature","geometry":{"type":"Point","coordinates":[106.6704,10.155817]},"properties":{"Doanh nghiệp bưu chính chuyển phát":"Bưu điện tỉnh Vĩnh Long","Điểm phục vụ bưu chính":"Đại Hòa Lộc","Địa chỉ":"Ấp Mắc Miễu, Xã Thạnh Phước, tỉnh Vĩnh Long","Điện thoại":"919194048","Số giấy phép ĐKKD":null,"Số giấy phép bưu chính":null,"Ngày bắt đầu hoạt động":null,"Tình trạng hoạt động":"Đang hoạt động","layer_id":368,"fid":906,"label":"Bưu điện tỉnh Vĩnh Long"}},{"type":"Feature","geometry":{"type":"Point","coordinates":[106.6541954,10.16852734]},"properties":{"Doanh nghiệp bưu chính chuyển phát":"Bưu điện tỉnh Vĩnh Long","Điểm phục vụ bưu chính":"Định Trung","Địa chỉ":"Ấp 1, Xã Thạnh Trị, tỉnh Vĩnh Long","Điện thoại":"919194048","Số giấy phép ĐKKD":null,"Số giấy phép bưu chính":"18/QĐ-BC","Ngày bắt đầu hoạt động":"03/29/2001","Tình trạng hoạt động":"Đang hoạt động","layer_id":368,"fid":907,"label":"Bưu điện tỉnh Vĩnh Long"}},{"type":"Feature","geometry":{"type":"Point","coordinates":[106.4520948,10.26228314]},"properties":{"Doanh nghiệp bưu chính chuyển phát":"Bưu điện tỉnh Vĩnh Long","Điểm phục vụ bưu chính":"Long Hòa","Địa chỉ":"Ấp 3, Xã Châu Hưng, tỉnh Vĩnh Long","Điện thoại":"919194048","Số giấy phép ĐKKD":null,"Số giấy phép bưu chính":"19/QĐ","Ngày bắt đầu hoạt động":"5/3/99 12:00:00 AM","Tình trạng hoạt động":"Đang hoạt động","layer_id":368,"fid":908,"label":"Bưu điện tỉnh Vĩnh Long"}},{"type":"Feature","geometry":{"type":"Point","coordinates":[106.38523,10.204227]},"properties":{"Doanh nghiệp bưu chính chuyển phát":"Bưu điện tỉnh Vĩnh Long","Điểm phục vụ bưu chính":"Phú Long","Địa chỉ":"Ấp 1, Xã Thạnh Trị, tỉnh Vĩnh Long","Điện thoại":"919194048","Số giấy phép ĐKKD":null,"Số giấy phép bưu chính":"16/QĐ-BC","Ngày bắt đầu hoạt động":"01/18/2002","Tình trạng hoạt động":"Đang hoạt động","layer_id":368,"fid":909,"label":"Bưu điện tỉnh Vĩnh Long"}},{"type":"Feature","geometry":{"type":"Point","coordinates":[106.4941152,10.27241294]},"properties":{"Doanh nghiệp bưu chính chuyển phát":"Bưu điện tỉnh Vĩnh Long","Điểm phục vụ bưu chính":"Phú Thuận","Địa chỉ":"Tổ 15 Ấp Phú Thạnh, Xã Phú Thuận, tỉnh Vĩnh Long","Điện thoại":"919194048","Số giấy phép ĐKKD":null,"Số giấy phép bưu chính":"19/QĐ","Ngày bắt đầu hoạt động":"5/3/99 12:00:00 AM","Tình trạng hoạt động":"Đang hoạt động","layer_id":368,"fid":910,"label":"Bưu điện tỉnh Vĩnh Long"}},{"type":"Feature","geometry":{"type":"Point","coordinates":[106.5004582,10.26010507]},"properties":{"Doanh nghiệp bưu chính chuyển phát":"Bưu điện tỉnh Vĩnh Long","Điểm phục vụ bưu chính":"Tam Hiệp","Địa chỉ":"Ấp 2, Xã Phú Thuận, tỉnh Vĩnh Long","Điện thoại":"919194048","Số giấy phép ĐKKD":null,"Số giấy phép bưu chính":null,"Ngày bắt đầu hoạt động":null,"Tình trạng hoạt động":"Đang hoạt động","layer_id":368,"fid":911,"label":"Bưu điện tỉnh Vĩnh Long"}},{"type":"Feature","geometry":{"type":"Point","coordinates":[106.69124,10.118989]},"properties":{"Doanh nghiệp bưu chính chuyển phát":"Bưu điện tỉnh Vĩnh Long","Điểm phục vụ bưu chính":"Thạnh Phước","Địa chỉ":"Ấp Tân Long, Xã Thạnh Phước, tỉnh Vĩnh Long","Điện thoại":"919194048","Số giấy phép ĐKKD":null,"Số giấy phép bưu chính":"1073/QĐ-BD0BT","Ngày bắt đầu hoạt động":"7/14/23 12:00:00 AM","Tình trạng hoạt động":"Đang hoạt động","layer_id":368,"fid":912,"label":"Bưu điện tỉnh Vĩnh Long"}},{"type":"Feature","geometry":{"type":"Point","coordinates":[106.6648705,10.17860079]},"properties":{"Doanh nghiệp bưu chính chuyển phát":"Bưu điện tỉnh Vĩnh Long","Điểm phục vụ bưu chính":"Thạnh Trị","Địa chỉ":"Ấp 2, Xã Thạnh Trị, tỉnh Vĩnh Long","Điện thoại":"919194048","Số giấy phép ĐKKD":null,"Số giấy phép bưu chính":"19/QĐ","Ngày bắt đầu hoạt động":"5/3/99 12:00:00 AM","Tình trạng hoạt động":"Đang hoạt động","layer_id":368,"fid":913,"label":"Bưu điện tỉnh Vĩnh Long"}},{"type":"Feature","geometry":{"type":"Point","coordinates":[106.72243,10.05684]},"properties":{"Doanh nghiệp bưu chính chuyển phát":"Bưu điện tỉnh Vĩnh Long","Điểm phục vụ bưu chính":"Thới Thuận","Địa chỉ":"Ấp Thới Lợi 1, Xã Thới Thuận, tỉnh Vĩnh Long","Điện thoại":"919194048","Số giấy phép ĐKKD":null,"Số giấy phép bưu chính":"183/QĐ-BĐBT","Ngày bắt đầu hoạt động":"2/2/15 12:00:00 AM","Tình trạng hoạt động":"Đang hoạt động","layer_id":368,"fid":914,"label":"Bưu điện tỉnh Vĩnh Long"}},{"type":"Feature","geometry":{"type":"Point","coordinates":[106.764,10.16497]},"properties":{"Doanh nghiệp bưu chính chuyển phát":"Bưu điện tỉnh Vĩnh Long","Điểm phục vụ bưu chính":"Thừa Đức","Địa chỉ":"Ấp Thừa Trung, Xã Thới Thuận, tỉnh Vĩnh Long","Điện thoại":"919194048","Số giấy phép ĐKKD":null,"Số giấy phép bưu chính":"183/QĐ-BĐBT","Ngày bắt đầu hoạt động":"2/2/15 12:00:00 AM","Tình trạng hoạt động":"Đang hoạt động","layer_id":368,"fid":915,"label":"Bưu điện tỉnh Vĩnh Long"}},{"type":"Feature","geometry":{"type":"Point","coordinates":[106.55251,10.248532]},"properties":{"Doanh nghiệp bưu chính chuyển phát":"Bưu điện tỉnh Vĩnh Long","Điểm phục vụ bưu chính":"Vang Quới Đông","Địa chỉ":"Ấp 1, Xã Lộc Thuận, tỉnh Vĩnh Long","Điện thoại":"919194048","Số giấy phép ĐKKD":null,"Số giấy phép bưu chính":"06/QĐ-BC","Ngày bắt đầu hoạt động":"11/1/00 12:00:00 AM","Tình trạng hoạt động":"Đang hoạt động","layer_id":368,"fid":916,"label":"Bưu điện tỉnh Vĩnh Long"}},{"type":"Feature","geometry":{"type":"Point","coordinates":[106.52895,10.249758]},"properties":{"Doanh nghiệp bưu chính chuyển phát":"Bưu điện tỉnh Vĩnh Long","Điểm phục vụ bưu chính":"Vang Quới Tây","Địa chỉ":"Ấp 4, Xã Lộc Thuận, tỉnh Vĩnh Long","Điện thoại":"919194048","Số giấy phép ĐKKD":null,"Số giấy phép bưu chính":"19/QĐ","Ngày bắt đầu hoạt động":"5/3/99 12:00:00 AM","Tình trạng hoạt động":"Đang hoạt động","layer_id":368,"fid":917,"label":"Bưu điện tỉnh Vĩnh Long"}},{"type":"Feature","geometry":{"type":"Point","coordinates":[106.35922,10.302405]},"properties":{"Doanh nghiệp bưu chính chuyển phát":"Bưu điện tỉnh Vĩnh Long","Điểm phục vụ bưu chính":"Châu Thành","Địa chỉ":"Khu phố 2, Xã Phú Túc, tỉnh Vĩnh Long","Điện thoại":"834011555","Số giấy phép ĐKKD":null,"Số giấy phép bưu chính":null,"Ngày bắt đầu hoạt động":null,"Tình trạng hoạt động":"Đang hoạt động","layer_id":368,"fid":918,"label":"Bưu điện tỉnh Vĩnh Long"}},{"type":"Feature","geometry":{"type":"Point","coordinates":[106.28825,10.277329]},"properties":{"Doanh nghiệp bưu chính chuyển phát":"Bưu điện tỉnh Vĩnh Long","Điểm phục vụ bưu chính":"An Hiệp","Địa chỉ":"Ấp Thuận Điền, Xã Phú Túc, tỉnh Vĩnh Long","Điện thoại":"834011555","Số giấy phép ĐKKD":null,"Số giấy phép bưu chính":null,"Ngày bắt đầu hoạt động":null,"Tình trạng hoạt động":"Đang hoạt động","layer_id":368,"fid":919,"label":"Bưu điện tỉnh Vĩnh Long"}},{"type":"Feature","geometry":{"type":"Point","coordinates":[106.40251,10.301475]},"properties":{"Doanh nghiệp bưu chính chuyển phát":"Bưu điện tỉnh Vĩnh Long","Điểm phục vụ bưu chính":"KCN Giao Long","Địa chỉ":"Ấp Phước Hưng, Xã Giao Long, tỉnh Vĩnh Long","Điện thoại":"834011555","Số giấy phép ĐKKD":null,"Số giấy phép bưu chính":null,"Ngày bắt đầu hoạt động":null,"Tình trạng hoạt động":"Đang hoạt động","layer_id":368,"fid":920,"label":"Bưu điện tỉnh Vĩnh Long"}},{"type":"Feature","geometry":{"type":"Point","coordinates":[106.20207,10.290156]},"properties":{"Doanh nghiệp bưu chính chuyển phát":"Bưu điện tỉnh Vĩnh Long","Điểm phục vụ bưu chính":"Tân Phú","Địa chỉ":"Ấp Tân Đông, Xã Tân Phú, tỉnh Vĩnh Long","Điện thoại":"834011555","Số giấy phép ĐKKD":null,"Số giấy phép bưu chính":null,"Ngày bắt đầu hoạt động":null,"Tình trạng hoạt động":"Đang hoạt động","layer_id":368,"fid":921,"label":"Bưu điện tỉnh Vĩnh Long"}},{"type":"Feature","geometry":{"type":"Point","coordinates":[106.23948,10.263109]},"properties":{"Doanh nghiệp bưu chính chuyển phát":"Bưu điện tỉnh Vĩnh Long","Điểm phục vụ bưu chính":"Tiên Thủy","Địa chỉ":"Khu phố Chánh, Xã Tiên Thủy, tỉnh Vĩnh Long","Điện thoại":"834011555","Số giấy phép ĐKKD":null,"Số giấy phép bưu chính":null,"Ngày bắt đầu hoạt động":null,"Tình trạng hoạt động":"Đang hoạt động","layer_id":368,"fid":922,"label":"Bưu điện tỉnh Vĩnh Long"}},{"type":"Feature","geometry":{"type":"Point","coordinates":[106.39053,10.281314]},"properties":{"Doanh nghiệp bưu chính chuyển phát":"Bưu điện tỉnh Vĩnh Long","Điểm phục vụ bưu chính":"An Khánh","Địa chỉ":"Ấp Phước Thạnh, Xã Phú Túc, tỉnh Vĩnh Long","Điện thoại":"834011555","Số giấy phép ĐKKD":null,"Số giấy phép bưu chính":"04/QĐ-BC","Ngày bắt đầu hoạt động":"8/2/01 12:00:00 AM","Tình trạng hoạt động":"Đang hoạt động","layer_id":368,"fid":923,"label":"Bưu điện tỉnh Vĩnh Long"}},{"type":"Feature","geometry":{"type":"Point","coordinates":[106.44648,10.227325]},"properties":{"Doanh nghiệp bưu chính chuyển phát":"Bưu điện tỉnh Vĩnh Long","Điểm phục vụ bưu chính":"Giao Long","Địa chỉ":"Ấp Long Thạnh, Xã Giao Long, tỉnh Vĩnh Long","Điện thoại":"834011555","Số giấy phép ĐKKD":null,"Số giấy phép bưu chính":"06/QĐ-BC","Ngày bắt đầu hoạt động":"11/1/00 12:00:00 AM","Tình trạng hoạt động":"Đang hoạt động","layer_id":368,"fid":924,"label":"Bưu điện tỉnh Vĩnh Long"}},{"type":"Feature","geometry":{"type":"Point","coordinates":[106.39642,10.264747]},"properties":{"Doanh nghiệp bưu chính chuyển phát":"Bưu điện tỉnh Vĩnh Long","Điểm phục vụ bưu chính":"Hữu Định","Địa chỉ":"Ấp 1, Phường Phú Tân, tỉnh Vĩnh Long","Điện thoại":"834011555","Số giấy phép ĐKKD":null,"Số giấy phép bưu chính":"04/QĐ-BC","Ngày bắt đầu hoạt động":"8/2/01 12:00:00 AM","Tình trạng hoạt động":"Đang hoạt động","layer_id":368,"fid":925,"label":"Bưu điện tỉnh Vĩnh Long"}},{"type":"Feature","geometry":{"type":"Point","coordinates":[106.36698,10.298798]},"properties":{"Doanh nghiệp bưu chính chuyển phát":"Bưu điện tỉnh Vĩnh Long","Điểm phục vụ bưu chính":"Phú An Hòa","Địa chỉ":"Ấp Phước Hòa, Xã Giao Long, tỉnh Vĩnh Long","Điện thoại":"834011555","Số giấy phép ĐKKD":null,"Số giấy phép bưu chính":null,"Ngày bắt đầu hoạt động":null,"Tình trạng hoạt động":"Đang hoạt động","layer_id":368,"fid":926,"label":"Bưu điện tỉnh Vĩnh Long"}},{"type":"Feature","geometry":{"type":"Point","coordinates":[106.197532,10.28216137]},"properties":{"Doanh nghiệp bưu chính chuyển phát":"Bưu điện tỉnh Vĩnh Long","Điểm phục vụ bưu chính":"Phú Đức","Địa chỉ":"Ấp Phú Định, Xã Tân Phú, tỉnh Vĩnh Long","Điện thoại":"834011555","Số giấy phép ĐKKD":null,"Số giấy phép bưu chính":"04/QĐ-BC","Ngày bắt đầu hoạt động":"8/2/01 12:00:00 AM","Tình trạng hoạt động":"Đang hoạt động","layer_id":368,"fid":927,"label":"Bưu điện tỉnh Vĩnh Long"}},{"type":"Feature","geometry":{"type":"Point","coordinates":[106.3914878,10.27910449]},"properties":{"Doanh nghiệp bưu chính chuyển phát":"Bưu điện tỉnh Vĩnh Long","Điểm phục vụ bưu chính":"Phước Thạnh","Địa chỉ":"Ấp 1, Phường Phú Tân, tỉnh Vĩnh Long","Điện thoại":"834011555","Số giấy phép ĐKKD":null,"Số giấy phép bưu chính":"19/QĐ","Ngày bắt đầu hoạt động":"5/3/99 12:00:00 AM","Tình trạng hoạt động":"Đang hoạt động","layer_id":368,"fid":928,"label":"Bưu điện tỉnh Vĩnh Long"}},{"type":"Feature","geometry":{"type":"Point","coordinates":[106.39937,10.321528]},"properties":{"Doanh nghiệp bưu chính chuyển phát":"Bưu điện tỉnh Vĩnh Long","Điểm phục vụ bưu chính":"Quới Sơn","Địa chỉ":"Ấp 8, Xã Giao Long, tỉnh Vĩnh Long","Điện thoại":"834011555","Số giấy phép ĐKKD":null,"Số giấy phép bưu chính":"19/QĐ","Ngày bắt đầu hoạt động":"5/3/99 12:00:00 AM","Tình trạng hoạt động":"Đang hoạt động","layer_id":368,"fid":929,"label":"Bưu điện tỉnh Vĩnh Long"}},{"type":"Feature","geometry":{"type":"Point","coordinates":[106.31401,10.263567]},"properties":{"Doanh nghiệp bưu chính chuyển phát":"Bưu điện tỉnh Vĩnh Long","Điểm phục vụ bưu chính":"Sơn Hòa","Địa chỉ":"Ấp Hòa Chánh, Xã Phú Túc, tỉnh Vĩnh Long","Điện thoại":"834011555","Số giấy phép ĐKKD":null,"Số giấy phép bưu chính":"19/QĐ","Ngày bắt đầu hoạt động":"5/3/99 12:00:00 AM","Tình trạng hoạt động":"Đang hoạt động","layer_id":368,"fid":930,"label":"Bưu điện tỉnh Vĩnh Long"}},{"type":"Feature","geometry":{"type":"Point","coordinates":[106.34049,10.29203]},"properties":{"Doanh nghiệp bưu chính chuyển phát":"Bưu điện tỉnh Vĩnh Long","Điểm phục vụ bưu chính":"Tam Phước","Địa chỉ":"Ấp Thạnh Hựu, Phường Sơn Đông, tỉnh Vĩnh Long","Điện thoại":"834011555","Số giấy phép ĐKKD":null,"Số giấy phép bưu chính":"19/QĐ","Ngày bắt đầu hoạt động":"5/3/99 12:00:00 AM","Tình trạng hoạt động":"Đang hoạt động","layer_id":368,"fid":931,"label":"Bưu điện tỉnh Vĩnh Long"}},{"type":"Feature","geometry":{"type":"Point","coordinates":[106.36846,10.329912]},"properties":{"Doanh nghiệp bưu chính chuyển phát":"Bưu điện tỉnh Vĩnh Long","Điểm phục vụ bưu chính":"Tân Thạch","Địa chỉ":"Ấp Tân An Thượng, Xã Phú Túc, tỉnh Vĩnh Long","Điện thoại":"834011555","Số giấy phép ĐKKD":null,"Số giấy phép bưu chính":"1073/QĐ-BD0BT","Ngày bắt đầu hoạt động":"7/14/23 12:00:00 AM","Tình trạng hoạt động":"Đang hoạt động","layer_id":368,"fid":932,"label":"Bưu điện tỉnh Vĩnh Long"}},{"type":"Feature","geometry":{"type":"Point","coordinates":[106.3565455,10.29642018]},"properties":{"Doanh nghiệp bưu chính chuyển phát":"Bưu điện tỉnh Vĩnh Long","Điểm phục vụ bưu chính":"TT Châu Thành","Địa chỉ":"Khu phố 3, Xã Phú Túc, tỉnh Vĩnh Long","Điện thoại":"834011555","Số giấy phép ĐKKD":null,"Số giấy phép bưu chính":"1073/QĐ-BD0BT","Ngày bắt đầu hoạt động":"7/14/23 12:00:00 AM","Tình trạng hoạt động":"Đang hoạt động","layer_id":368,"fid":933,"label":"Bưu điện tỉnh Vĩnh Long"}},{"type":"Feature","geometry":{"type":"Point","coordinates":[106.30518,10.293848]},"properties":{"Doanh nghiệp bưu chính chuyển phát":"Bưu điện tỉnh Vĩnh Long","Điểm phục vụ bưu chính":"Tường Đa","Địa chỉ":"Ấp Định Thọ, Xã Phú Túc, tỉnh Vĩnh Long","Điện thoại":"834011555","Số giấy phép ĐKKD":null,"Số giấy phép bưu chính":"04/QĐ-BC","Ngày bắt đầu hoạt động":"8/2/01 12:00:00 AM","Tình trạng hoạt động":"Đang hoạt động","layer_id":368,"fid":934,"label":"Bưu điện tỉnh Vĩnh Long"}},{"type":"Feature","geometry":{"type":"Point","coordinates":[106.13163,10.267447]},"properties":{"Doanh nghiệp bưu chính chuyển phát":"Bưu điện tỉnh Vĩnh Long","Điểm phục vụ bưu chính":"Chợ Lách","Địa chỉ":"Ấp Khu Phố 1, Xã Chợ Lách, tỉnh Vĩnh Long","Điện thoại":"912692277","Số giấy phép ĐKKD":null,"Số giấy phép bưu chính":null,"Ngày bắt đầu hoạt động":null,"Tình trạng hoạt động":"Đang hoạt động","layer_id":368,"fid":935,"label":"Bưu điện tỉnh Vĩnh Long"}},{"type":"Feature","geometry":{"type":"Point","coordinates":[106.21561,10.206602]},"properties":{"Doanh nghiệp bưu chính chuyển phát":"Bưu điện tỉnh Vĩnh Long","Điểm phục vụ bưu chính":"Cái Mơn","Địa chỉ":"Ấp Vĩnh Hưng 1, Xã Vĩnh Thành, tỉnh Vĩnh Long","Điện thoại":"912692277","Số giấy phép ĐKKD":null,"Số giấy phép bưu chính":null,"Ngày bắt đầu hoạt động":null,"Tình trạng hoạt động":"Đang hoạt động","layer_id":368,"fid":936,"label":"Bưu điện tỉnh Vĩnh Long"}},{"type":"Feature","geometry":{"type":"Point","coordinates":[106.18702,10.232845]},"properties":{"Doanh nghiệp bưu chính chuyển phát":"Bưu điện tỉnh Vĩnh Long","Điểm phục vụ bưu chính":"Long Thới","Địa chỉ":"Ấp Long Vinh, Xã Chợ Lách, tỉnh Vĩnh Long","Điện thoại":"912692277","Số giấy phép ĐKKD":null,"Số giấy phép bưu chính":null,"Ngày bắt đầu hoạt động":null,"Tình trạng hoạt động":"Đang hoạt động","layer_id":368,"fid":937,"label":"Bưu điện tỉnh Vĩnh Long"}},{"type":"Feature","geometry":{"type":"Point","coordinates":[106.04573,10.276202]},"properties":{"Doanh nghiệp bưu chính chuyển phát":"Bưu điện tỉnh Vĩnh Long","Điểm phục vụ bưu chính":"Phú Phụng","Địa chỉ":"Ấp Chợ, Xã Phú Phụng, tỉnh Vĩnh Long","Điện thoại":"912692277","Số giấy phép ĐKKD":null,"Số giấy phép bưu chính":"248/QĐ-BD0BT","Ngày bắt đầu hoạt động":"2/26/25 12:00:00 AM","Tình trạng hoạt động":"Đang hoạt động","layer_id":368,"fid":938,"label":"Bưu điện tỉnh Vĩnh Long"}},{"type":"Feature","geometry":{"type":"Point","coordinates":[106.18003,10.196287]},"properties":{"Doanh nghiệp bưu chính chuyển phát":"Bưu điện tỉnh Vĩnh Long","Điểm phục vụ bưu chính":"Tân Thiềng","Địa chỉ":"Ấp Quân Bình, Xã Vĩnh Thành, tỉnh Vĩnh Long","Điện thoại":"912692277","Số giấy phép ĐKKD":null,"Số giấy phép bưu chính":"248/QĐ-BD0BT","Ngày bắt đầu hoạt động":"2/26/25 12:00:00 AM","Tình trạng hoạt động":"Đang hoạt động","layer_id":368,"fid":939,"label":"Bưu điện tỉnh Vĩnh Long"}},{"type":"Feature","geometry":{"type":"Point","coordinates":[106.09025,10.267345]},"properties":{"Doanh nghiệp bưu chính chuyển phát":"Bưu điện tỉnh Vĩnh Long","Điểm phục vụ bưu chính":"Vĩnh Bình","Địa chỉ":"Ấp Lộc Hiệp, Xã Phú Phụng, tỉnh Vĩnh Long","Điện thoại":"912692277","Số giấy phép ĐKKD":null,"Số giấy phép bưu chính":"04/QĐ-BC","Ngày bắt đầu hoạt động":"8/2/01 12:00:00 AM","Tình trạng hoạt động":"Đang hoạt động","layer_id":368,"fid":940,"label":"Bưu điện tỉnh Vĩnh Long"}},{"type":"Feature","geometry":{"type":"Point","coordinates":[106.25463,10.208875]},"properties":{"Doanh nghiệp bưu chính chuyển phát":"Bưu điện tỉnh Vĩnh Long","Điểm phục vụ bưu chính":"Vĩnh Hòa","Địa chỉ":"Ấp Hòa I, Xã Hưng Khánh Trung, tỉnh Vĩnh Long","Điện thoại":"912692277","Số giấy phép ĐKKD":null,"Số giấy phép bưu chính":"248/QĐ-BD0BT","Ngày bắt đầu hoạt động":"2/26/25 12:00:00 AM","Tình trạng hoạt động":"Đang hoạt động","layer_id":368,"fid":941,"label":"Bưu điện tỉnh Vĩnh Long"}},{"type":"Feature","geometry":{"type":"Point","coordinates":[106.50538,10.175176]},"properties":{"Doanh nghiệp bưu chính chuyển phát":"Bưu điện tỉnh Vĩnh Long","Điểm phục vụ bưu chính":"Giồng Trôm","Địa chỉ":"Khu phố 1, Xã Giồng Trôm, tỉnh Vĩnh Long","Điện thoại":"913823033","Số giấy phép ĐKKD":null,"Số giấy phép bưu chính":null,"Ngày bắt đầu hoạt động":null,"Tình trạng hoạt động":"Đang hoạt động","layer_id":368,"fid":942,"label":"Bưu điện tỉnh Vĩnh Long"}},{"type":"Feature","geometry":{"type":"Point","coordinates":[106.48082,10.198408]},"properties":{"Doanh nghiệp bưu chính chuyển phát":"Bưu điện tỉnh Vĩnh Long","Điểm phục vụ bưu chính":"Lương Quới","Địa chỉ":"Ấp 1, Xã Châu Hòa, tỉnh Vĩnh Long","Điện thoại":"913823033","Số giấy phép ĐKKD":null,"Số giấy phép bưu chính":null,"Ngày bắt đầu hoạt động":null,"Tình trạng hoạt động":"Đang hoạt động","layer_id":368,"fid":943,"label":"Bưu điện tỉnh Vĩnh Long"}},{"type":"Feature","geometry":{"type":"Point","coordinates":[106.4349,10.221184]},"properties":{"Doanh nghiệp bưu chính chuyển phát":"Bưu điện tỉnh Vĩnh Long","Điểm phục vụ bưu chính":"Mỹ Lồng","Địa chỉ":"Ấp Chợ, Xã Lương Phú, tỉnh Vĩnh Long","Điện thoại":"913823033","Số giấy phép ĐKKD":null,"Số giấy phép bưu chính":null,"Ngày bắt đầu hoạt động":null,"Tình trạng hoạt động":"Đang hoạt động","layer_id":368,"fid":944,"label":"Bưu điện tỉnh Vĩnh Long"}},{"type":"Feature","geometry":{"type":"Point","coordinates":[106.41126,10.167636]},"properties":{"Doanh nghiệp bưu chính chuyển phát":"Bưu điện tỉnh Vĩnh Long","Điểm phục vụ bưu chính":"Phước Long","Địa chỉ":"Ấp 8, Xã Phước Long, tỉnh Vĩnh Long","Điện thoại":"913823033","Số giấy phép ĐKKD":null,"Số giấy phép bưu chính":"18/QĐ-KDBCVT-TH","Ngày bắt đầu hoạt động":"01/17/2008","Tình trạng hoạt động":"Đang hoạt động","layer_id":368,"fid":945,"label":"Bưu điện tỉnh Vĩnh Long"}},{"type":"Feature","geometry":{"type":"Point","coordinates":[106.46574,10.139828]},"properties":{"Doanh nghiệp bưu chính chuyển phát":"Bưu điện tỉnh Vĩnh Long","Điểm phục vụ bưu chính":"Tân Hào","Địa chỉ":"Ấp 1, Xã Tân Hào, tỉnh Vĩnh Long","Điện thoại":"913823033","Số giấy phép ĐKKD":null,"Số giấy phép bưu chính":null,"Ngày bắt đầu hoạt động":null,"Tình trạng hoạt động":"Đang hoạt động","layer_id":368,"fid":946,"label":"Bưu điện tỉnh Vĩnh Long"}},{"type":"Feature","geometry":{"type":"Point","coordinates":[106.4874031,10.17658874]},"properties":{"Doanh nghiệp bưu chính chuyển phát":"Bưu điện tỉnh Vĩnh Long","Điểm phục vụ bưu chính":"Bình Hòa","Địa chỉ":"Ấp Kinh Ngoài, Xã Giồng Trôm, tỉnh Vĩnh Long","Điện thoại":"913823033","Số giấy phép ĐKKD":null,"Số giấy phép bưu chính":"19/QĐ","Ngày bắt đầu hoạt động":"5/3/99 12:00:00 AM","Tình trạng hoạt động":"Đang hoạt động","layer_id":368,"fid":947,"label":"Bưu điện tỉnh Vĩnh Long"}},{"type":"Feature","geometry":{"type":"Point","coordinates":[106.4871817,10.16686669]},"properties":{"Doanh nghiệp bưu chính chuyển phát":"Bưu điện tỉnh Vĩnh Long","Điểm phục vụ bưu chính":"Bình Thành","Địa chỉ":"Ấp 3, Xã Giồng Trôm, tỉnh Vĩnh Long","Điện thoại":"913823033","Số giấy phép ĐKKD":null,"Số giấy phép bưu chính":"19/QĐ","Ngày bắt đầu hoạt động":"5/3/99 12:00:00 AM","Tình trạng hoạt động":"Đang hoạt động","layer_id":368,"fid":948,"label":"Bưu điện tỉnh Vĩnh Long"}},{"type":"Feature","geometry":{"type":"Point","coordinates":[106.56841,10.189205]},"properties":{"Doanh nghiệp bưu chính chuyển phát":"Bưu điện tỉnh Vĩnh Long","Điểm phục vụ bưu chính":"Châu Bình","Địa chỉ":"Ấp Bình Thạnh, Xã Châu Hòa, tỉnh Vĩnh Long","Điện thoại":"913823033","Số giấy phép ĐKKD":null,"Số giấy phép bưu chính":null,"Ngày bắt đầu hoạt động":null,"Tình trạng hoạt động":"Đang hoạt động","layer_id":368,"fid":949,"label":"Bưu điện tỉnh Vĩnh Long"}},{"type":"Feature","geometry":{"type":"Point","coordinates":[106.4951193,10.21332571]},"properties":{"Doanh nghiệp bưu chính chuyển phát":"Bưu điện tỉnh Vĩnh Long","Điểm phục vụ bưu chính":"Châu Hòa","Địa chỉ":"Ấp Phú Hòa, Xã Châu Hòa, tỉnh Vĩnh Long","Điện thoại":"913823033","Số giấy phép ĐKKD":null,"Số giấy phép bưu chính":"19/QĐ","Ngày bắt đầu hoạt động":"5/3/99 12:00:00 AM","Tình trạng hoạt động":"Đang hoạt động","layer_id":368,"fid":950,"label":"Bưu điện tỉnh Vĩnh Long"}},{"type":"Feature","geometry":{"type":"Point","coordinates":[106.46805,10.070007]},"properties":{"Doanh nghiệp bưu chính chuyển phát":"Bưu điện tỉnh Vĩnh Long","Điểm phục vụ bưu chính":"Hưng Lễ","Địa chỉ":"Ấp Cái Da, Xã Hưng Nhượng, tỉnh Vĩnh Long","Điện thoại":"913823033","Số giấy phép ĐKKD":null,"Số giấy phép bưu chính":"06/QĐ-BC","Ngày bắt đầu hoạt động":"11/1/00 12:00:00 AM","Tình trạng hoạt động":"Đang hoạt động","layer_id":368,"fid":951,"label":"Bưu điện tỉnh Vĩnh Long"}},{"type":"Feature","geometry":{"type":"Point","coordinates":[106.49898,10.098907]},"properties":{"Doanh nghiệp bưu chính chuyển phát":"Bưu điện tỉnh Vĩnh Long","Điểm phục vụ bưu chính":"Hưng Nhượng","Địa chỉ":"Ấp 2, Xã Hưng Nhượng, tỉnh Vĩnh Long","Điện thoại":"913823033","Số giấy phép ĐKKD":null,"Số giấy phép bưu chính":"18/QĐ-KDBCVT-TH","Ngày bắt đầu hoạt động":"01/17/2008","Tình trạng hoạt động":"Đang hoạt động","layer_id":368,"fid":952,"label":"Bưu điện tỉnh Vĩnh Long"}},{"type":"Feature","geometry":{"type":"Point","coordinates":[106.39053,10.140468]},"properties":{"Doanh nghiệp bưu chính chuyển phát":"Bưu điện tỉnh Vĩnh Long","Điểm phục vụ bưu chính":"Hưng Phong","Địa chỉ":"Ấp 2, Xã Phước Long, tỉnh Vĩnh Long","Điện thoại":"913823033","Số giấy phép ĐKKD":null,"Số giấy phép bưu chính":null,"Ngày bắt đầu hoạt động":null,"Tình trạng hoạt động":"Đang hoạt động","layer_id":368,"fid":953,"label":"Bưu điện tỉnh Vĩnh Long"}},{"type":"Feature","geometry":{"type":"Point","coordinates":[106.45618,10.140373]},"properties":{"Doanh nghiệp bưu chính chuyển phát":"Bưu điện tỉnh Vĩnh Long","Điểm phục vụ bưu chính":"Long Mỹ","Địa chỉ":"Ấp Linh Phụng, Xã Phước Long, tỉnh Vĩnh Long","Điện thoại":"913823033","Số giấy phép ĐKKD":null,"Số giấy phép bưu chính":"06/QĐ-BC","Ngày bắt đầu hoạt động":"11/1/00 12:00:00 AM","Tình trạng hoạt động":"Đang hoạt động","layer_id":368,"fid":954,"label":"Bưu điện tỉnh Vĩnh Long"}},{"type":"Feature","geometry":{"type":"Point","coordinates":[106.44648,10.199863]},"properties":{"Doanh nghiệp bưu chính chuyển phát":"Bưu điện tỉnh Vĩnh Long","Điểm phục vụ bưu chính":"Lương Hòa","Địa chỉ":"Ấp Phong Điền, Xã Lương Hòa, tỉnh Vĩnh Long","Điện thoại":"913823033","Số giấy phép ĐKKD":null,"Số giấy phép bưu chính":"19/QĐ","Ngày bắt đầu hoạt động":"5/3/99 12:00:00 AM","Tình trạng hoạt động":"Đang hoạt động","layer_id":368,"fid":955,"label":"Bưu điện tỉnh Vĩnh Long"}},{"type":"Feature","geometry":{"type":"Point","coordinates":[106.43175,10.187083]},"properties":{"Doanh nghiệp bưu chính chuyển phát":"Bưu điện tỉnh Vĩnh Long","Điểm phục vụ bưu chính":"Lương Phú","Địa chỉ":"Ấp 2, Xã Lương Phú, tỉnh Vĩnh Long","Điện thoại":"913823033","Số giấy phép ĐKKD":null,"Số giấy phép bưu chính":"19/QĐ","Ngày bắt đầu hoạt động":"5/3/99 12:00:00 AM","Tình trạng hoạt động":"Đang hoạt động","layer_id":368,"fid":956,"label":"Bưu điện tỉnh Vĩnh Long"}},{"type":"Feature","geometry":{"type":"Point","coordinates":[106.4261919,10.21418187]},"properties":{"Doanh nghiệp bưu chính chuyển phát":"Bưu điện tỉnh Vĩnh Long","Điểm phục vụ bưu chính":"Mỹ Thạnh","Địa chỉ":"Ấp 5, Xã Lương Phú, tỉnh Vĩnh Long","Điện thoại":"913823033","Số giấy phép ĐKKD":null,"Số giấy phép bưu chính":null,"Ngày bắt đầu hoạt động":null,"Tình trạng hoạt động":"Đang hoạt động","layer_id":368,"fid":957,"label":"Bưu điện tỉnh Vĩnh Long"}},{"type":"Feature","geometry":{"type":"Point","coordinates":[106.4726996,10.22981742]},"properties":{"Doanh nghiệp bưu chính chuyển phát":"Bưu điện tỉnh Vĩnh Long","Điểm phục vụ bưu chính":"Phong Mỹ","Địa chỉ":"Ấp 3, Xã Lương Hòa, tỉnh Vĩnh Long","Điện thoại":"913823033","Số giấy phép ĐKKD":null,"Số giấy phép bưu chính":"19/QĐ","Ngày bắt đầu hoạt động":"5/3/99 12:00:00 AM","Tình trạng hoạt động":"Đang hoạt động","layer_id":368,"fid":958,"label":"Bưu điện tỉnh Vĩnh Long"}},{"type":"Feature","geometry":{"type":"Point","coordinates":[106.4514721,10.23934681]},"properties":{"Doanh nghiệp bưu chính chuyển phát":"Bưu điện tỉnh Vĩnh Long","Điểm phục vụ bưu chính":"Phong Nẫm","Địa chỉ":"Ấp 3, Xã Lương Hòa, tỉnh Vĩnh Long","Điện thoại":"913823033","Số giấy phép ĐKKD":null,"Số giấy phép bưu chính":"19/QĐ","Ngày bắt đầu hoạt động":"5/3/99 12:00:00 AM","Tình trạng hoạt động":"Đang hoạt động","layer_id":368,"fid":959,"label":"Bưu điện tỉnh Vĩnh Long"}},{"type":"Feature","geometry":{"type":"Point","coordinates":[106.38759,10.181224]},"properties":{"Doanh nghiệp bưu chính chuyển phát":"Bưu điện tỉnh Vĩnh Long","Điểm phục vụ bưu chính":"Sơn Phú","Địa chỉ":"Ấp 3, Phường An Hội, tỉnh Vĩnh Long","Điện thoại":"913823033","Số giấy phép ĐKKD":null,"Số giấy phép bưu chính":"04/QĐ-BC","Ngày bắt đầu hoạt động":"8/2/01 12:00:00 AM","Tình trạng hoạt động":"Đang hoạt động","layer_id":368,"fid":960,"label":"Bưu điện tỉnh Vĩnh Long"}},{"type":"Feature","geometry":{"type":"Point","coordinates":[106.44648,10.124084]},"properties":{"Doanh nghiệp bưu chính chuyển phát":"Bưu điện tỉnh Vĩnh Long","Điểm phục vụ bưu chính":"Tân Lợi Thạnh","Địa chỉ":"Ấp 6, Xã Tân Hào, tỉnh Vĩnh Long","Điện thoại":"913823033","Số giấy phép ĐKKD":null,"Số giấy phép bưu chính":null,"Ngày bắt đầu hoạt động":null,"Tình trạng hoạt động":"Đang hoạt động","layer_id":368,"fid":961,"label":"Bưu điện tỉnh Vĩnh Long"}},{"type":"Feature","geometry":{"type":"Point","coordinates":[106.4961198,10.13471642]},"properties":{"Doanh nghiệp bưu chính chuyển phát":"Bưu điện tỉnh Vĩnh Long","Điểm phục vụ bưu chính":"Tân Thanh","Địa chỉ":"Ấp Bình Thuận, Xã Hưng Nhượng, tỉnh Vĩnh Long","Điện thoại":"913823033","Số giấy phép ĐKKD":null,"Số giấy phép bưu chính":null,"Ngày bắt đầu hoạt động":null,"Tình trạng hoạt động":"Đang hoạt động","layer_id":368,"fid":962,"label":"Bưu điện tỉnh Vĩnh Long"}},{"type":"Feature","geometry":{"type":"Point","coordinates":[106.4641303,10.14385739]},"properties":{"Doanh nghiệp bưu chính chuyển phát":"Bưu điện tỉnh Vĩnh Long","Điểm phục vụ bưu chính":"Thạnh Phú Đông","Địa chỉ":"Ấp 1a, Xã Tân Hào, tỉnh Vĩnh Long","Điện thoại":"913823033","Số giấy phép ĐKKD":null,"Số giấy phép bưu chính":"183/QĐ-BĐBT","Ngày bắt đầu hoạt động":"2/2/15 12:00:00 AM","Tình trạng hoạt động":"Đang hoạt động","layer_id":368,"fid":963,"label":"Bưu điện tỉnh Vĩnh Long"}},{"type":"Feature","geometry":{"type":"Point","coordinates":[106.41114,10.190848]},"properties":{"Doanh nghiệp bưu chính chuyển phát":"Bưu điện tỉnh Vĩnh Long","Điểm phục vụ bưu chính":"Thuận Điền","Địa chỉ":"Ấp 4, Xã Lương Phú, tỉnh Vĩnh Long","Điện thoại":"913823033","Số giấy phép ĐKKD":null,"Số giấy phép bưu chính":"04/QĐ-BC","Ngày bắt đầu hoạt động":"8/2/01 12:00:00 AM","Tình trạng hoạt động":"Đang hoạt động","layer_id":368,"fid":964,"label":"Bưu điện tỉnh Vĩnh Long"}},{"type":"Feature","geometry":{"type":"Point","coordinates":[106.27281,10.195204]},"properties":{"Doanh nghiệp bưu chính chuyển phát":"Bưu điện tỉnh Vĩnh Long","Điểm phục vụ bưu chính":"Mỏ Cày Bắc","Địa chỉ":"Khu phố Phước Khánh, Xã Phước Mỹ Trung, tỉnh Vĩnh Long","Điện thoại":"912692277","Số giấy phép ĐKKD":null,"Số giấy phép bưu chính":null,"Ngày bắt đầu hoạt động":null,"Tình trạng hoạt động":"Đang hoạt động","layer_id":368,"fid":965,"label":"Bưu điện tỉnh Vĩnh Long"}},{"type":"Feature","geometry":{"type":"Point","coordinates":[106.2446,10.123735]},"properties":{"Doanh nghiệp bưu chính chuyển phát":"Bưu điện tỉnh Vĩnh Long","Điểm phục vụ bưu chính":"Nhuận Phú Tân","Địa chỉ":"Ấp Tân Nhuận, Xã Nhuận Phú Tân, tỉnh Vĩnh Long","Điện thoại":"912692277","Số giấy phép ĐKKD":null,"Số giấy phép bưu chính":null,"Ngày bắt đầu hoạt động":null,"Tình trạng hoạt động":"Đang hoạt động","layer_id":368,"fid":966,"label":"Bưu điện tỉnh Vĩnh Long"}},{"type":"Feature","geometry":{"type":"Point","coordinates":[106.33275,10.20248]},"properties":{"Doanh nghiệp bưu chính chuyển phát":"Bưu điện tỉnh Vĩnh Long","Điểm phục vụ bưu chính":"Tân Thành Bình","Địa chỉ":"Ấp Chợ Xếp, Xã Tân Thành Bình, tỉnh Vĩnh Long","Điện thoại":"912692277","Số giấy phép ĐKKD":null,"Số giấy phép bưu chính":null,"Ngày bắt đầu hoạt động":null,"Tình trạng hoạt động":"Đang hoạt động","layer_id":368,"fid":967,"label":"Bưu điện tỉnh Vĩnh Long"}},{"type":"Feature","geometry":{"type":"Point","coordinates":[106.3300014,10.16550826]},"properties":{"Doanh nghiệp bưu chính chuyển phát":"Bưu điện tỉnh Vĩnh Long","Điểm phục vụ bưu chính":"Hòa Lộc","Địa chỉ":"Ấp Hòa Hưng, Xã Tân Thành Bình, tỉnh Vĩnh Long","Điện thoại":"912692277","Số giấy phép ĐKKD":null,"Số giấy phép bưu chính":null,"Ngày bắt đầu hoạt động":null,"Tình trạng hoạt động":"Đang hoạt động","layer_id":368,"fid":968,"label":"Bưu điện tỉnh Vĩnh Long"}},{"type":"Feature","geometry":{"type":"Point","coordinates":[106.2581,10.166151]},"properties":{"Doanh nghiệp bưu chính chuyển phát":"Bưu điện tỉnh Vĩnh Long","Điểm phục vụ bưu chính":"Hưng Khánh Trung A","Địa chỉ":"Ấp Cái Tắc, Xã Hưng Khánh Trung, tỉnh Vĩnh Long","Điện thoại":"912692277","Số giấy phép ĐKKD":null,"Số giấy phép bưu chính":"19/QĐ","Ngày bắt đầu hoạt động":"5/3/99 12:00:00 AM","Tình trạng hoạt động":"Đang hoạt động","layer_id":368,"fid":969,"label":"Bưu điện tỉnh Vĩnh Long"}},{"type":"Feature","geometry":{"type":"Point","coordinates":[106.2878,10.11418]},"properties":{"Doanh nghiệp bưu chính chuyển phát":"Bưu điện tỉnh Vĩnh Long","Điểm phục vụ bưu chính":"Khánh Thạnh Tân","Địa chỉ":"Ấp Tích Phúc, Xã Nhuận Phú Tân, tỉnh Vĩnh Long","Điện thoại":"912692277","Số giấy phép ĐKKD":null,"Số giấy phép bưu chính":"04/QĐ-BC","Ngày bắt đầu hoạt động":"8/2/01 12:00:00 AM","Tình trạng hoạt động":"Đang hoạt động","layer_id":368,"fid":970,"label":"Bưu điện tỉnh Vĩnh Long"}},{"type":"Feature","geometry":{"type":"Point","coordinates":[106.2877023,10.16588]},"properties":{"Doanh nghiệp bưu chính chuyển phát":"Bưu điện tỉnh Vĩnh Long","Điểm phục vụ bưu chính":"Tân Bình","Địa chỉ":"Ấp Tân Thạnh, Xã Tân Thành Bình, tỉnh Vĩnh Long","Điện thoại":"912692277","Số giấy phép ĐKKD":null,"Số giấy phép bưu chính":"502/QĐ-BĐBT","Ngày bắt đầu hoạt động":"7/12/10 12:00:00 AM","Tình trạng hoạt động":"Đang hoạt động","layer_id":368,"fid":971,"label":"Bưu điện tỉnh Vĩnh Long"}},{"type":"Feature","geometry":{"type":"Point","coordinates":[106.2768705,10.15543485]},"properties":{"Doanh nghiệp bưu chính chuyển phát":"Bưu điện tỉnh Vĩnh Long","Điểm phục vụ bưu chính":"Tân Thanh Tây","Địa chỉ":"Ấp Thanh Tây, Xã Nhuận Phú Tân, tỉnh Vĩnh Long","Điện thoại":"912692277","Số giấy phép ĐKKD":null,"Số giấy phép bưu chính":"04/QĐ-BC","Ngày bắt đầu hoạt động":"8/2/01 12:00:00 AM","Tình trạng hoạt động":"Đang hoạt động","layer_id":368,"fid":972,"label":"Bưu điện tỉnh Vĩnh Long"}},{"type":"Feature","geometry":{"type":"Point","coordinates":[106.30223,10.182871]},"properties":{"Doanh nghiệp bưu chính chuyển phát":"Bưu điện tỉnh Vĩnh Long","Điểm phục vụ bưu chính":"Thành An","Địa chỉ":"Ấp Đông Trị, Xã Tân Thành Bình, tỉnh Vĩnh Long","Điện thoại":"912692277","Số giấy phép ĐKKD":null,"Số giấy phép bưu chính":"06/QĐ-BC","Ngày bắt đầu hoạt động":"11/1/00 12:00:00 AM","Tình trạng hoạt động":"Đang hoạt động","layer_id":368,"fid":973,"label":"Bưu điện tỉnh Vĩnh Long"}},{"type":"Feature","geometry":{"type":"Point","coordinates":[106.30262,10.240041]},"properties":{"Doanh nghiệp bưu chính chuyển phát":"Bưu điện tỉnh Vĩnh Long","Điểm phục vụ bưu chính":"Thanh Tân","Địa chỉ":"Ấp Tân Thông 2, Phường Bến Tre, tỉnh Vĩnh Long","Điện thoại":"912692277","Số giấy phép ĐKKD":null,"Số giấy phép bưu chính":"06/QĐ-BC","Ngày bắt đầu hoạt động":"11/1/00 12:00:00 AM","Tình trạng hoạt động":"Đang hoạt động","layer_id":368,"fid":974,"label":"Bưu điện tỉnh Vĩnh Long"}},{"type":"Feature","geometry":{"type":"Point","coordinates":[106.33112,10.13284]},"properties":{"Doanh nghiệp bưu chính chuyển phát":"Bưu điện tỉnh Vĩnh Long","Điểm phục vụ bưu chính":"Mỏ Cày Nam","Địa chỉ":"Đường Quốc Lộ 60, Xã Mỏ Cày, tỉnh Vĩnh Long","Điện thoại":"834599490","Số giấy phép ĐKKD":null,"Số giấy phép bưu chính":null,"Ngày bắt đầu hoạt động":null,"Tình trạng hoạt động":"Đang hoạt động","layer_id":368,"fid":975,"label":"Bưu điện tỉnh Vĩnh Long"}},{"type":"Feature","geometry":{"type":"Point","coordinates":[106.37417,10.080132]},"properties":{"Doanh nghiệp bưu chính chuyển phát":"Bưu điện tỉnh Vĩnh Long","Điểm phục vụ bưu chính":"An Định","Địa chỉ":"Ấp Phú Đông 1, Xã An Định, tỉnh Vĩnh Long","Điện thoại":"834599490","Số giấy phép ĐKKD":null,"Số giấy phép bưu chính":null,"Ngày bắt đầu hoạt động":null,"Tình trạng hoạt động":"Đang hoạt động","layer_id":368,"fid":976,"label":"Bưu điện tỉnh Vĩnh Long"}},{"type":"Feature","geometry":{"type":"Point","coordinates":[106.34077,10.061061]},"properties":{"Doanh nghiệp bưu chính chuyển phát":"Bưu điện tỉnh Vĩnh Long","Điểm phục vụ bưu chính":"An Thới","Địa chỉ":"Ấp An Lợi, Xã Thành Thới, tỉnh Vĩnh Long","Điện thoại":"834599490","Số giấy phép ĐKKD":null,"Số giấy phép bưu chính":null,"Ngày bắt đầu hoạt động":null,"Tình trạng hoạt động":"Đang hoạt động","layer_id":368,"fid":977,"label":"Bưu điện tỉnh Vĩnh Long"}},{"type":"Feature","geometry":{"type":"Point","coordinates":[106.3808,10.039687]},"properties":{"Doanh nghiệp bưu chính chuyển phát":"Bưu điện tỉnh Vĩnh Long","Điểm phục vụ bưu chính":"Cẩm Sơn","Địa chỉ":"Ấp Thanh Sơn, Xã Hương Mỹ, tỉnh Vĩnh Long","Điện thoại":"834599490","Số giấy phép ĐKKD":null,"Số giấy phép bưu chính":null,"Ngày bắt đầu hoạt động":null,"Tình trạng hoạt động":"Đang hoạt động","layer_id":368,"fid":978,"label":"Bưu điện tỉnh Vĩnh Long"}},{"type":"Feature","geometry":{"type":"Point","coordinates":[106.29094,10.098705]},"properties":{"Doanh nghiệp bưu chính chuyển phát":"Bưu điện tỉnh Vĩnh Long","Điểm phục vụ bưu chính":"Chợ Thom","Địa chỉ":"Ấp An Lộc Thị, Xã Mỏ Cày, tỉnh Vĩnh Long","Điện thoại":"834599490","Số giấy phép ĐKKD":null,"Số giấy phép bưu chính":null,"Ngày bắt đầu hoạt động":null,"Tình trạng hoạt động":"Đang hoạt động","layer_id":368,"fid":979,"label":"Bưu điện tỉnh Vĩnh Long"}},{"type":"Feature","geometry":{"type":"Point","coordinates":[106.40262,10.015803]},"properties":{"Doanh nghiệp bưu chính chuyển phát":"Bưu điện tỉnh Vĩnh Long","Điểm phục vụ bưu chính":"Hương Mỹ","Địa chỉ":"Ấp Thị, Xã Hương Mỹ, tỉnh Vĩnh Long","Điện thoại":"834599490","Số giấy phép ĐKKD":null,"Số giấy phép bưu chính":null,"Ngày bắt đầu hoạt động":null,"Tình trạng hoạt động":"Đang hoạt động","layer_id":368,"fid":980,"label":"Bưu điện tỉnh Vĩnh Long"}},{"type":"Feature","geometry":{"type":"Point","coordinates":[106.38661,10.096666]},"properties":{"Doanh nghiệp bưu chính chuyển phát":"Bưu điện tỉnh Vĩnh Long","Điểm phục vụ bưu chính":"Bình Khánh Đông","Địa chỉ":"Ấp Phú Tây Thượng, Xã Đồng Khởi , tỉnh Vĩnh Long","Điện thoại":"834599490","Số giấy phép ĐKKD":null,"Số giấy phép bưu chính":null,"Ngày bắt đầu hoạt động":null,"Tình trạng hoạt động":"Đang hoạt động","layer_id":368,"fid":981,"label":"Bưu điện tỉnh Vĩnh Long"}},{"type":"Feature","geometry":{"type":"Point","coordinates":[106.3655,10.096332]},"properties":{"Doanh nghiệp bưu chính chuyển phát":"Bưu điện tỉnh Vĩnh Long","Điểm phục vụ bưu chính":"Bình Khánh Tây","Địa chỉ":"Ấp An Hòa, Xã Đồng Khởi , tỉnh Vĩnh Long","Điện thoại":"834599490","Số giấy phép ĐKKD":null,"Số giấy phép bưu chính":"04/QĐ-BC","Ngày bắt đầu hoạt động":"8/2/01 12:00:00 AM","Tình trạng hoạt động":"Đang hoạt động","layer_id":368,"fid":982,"label":"Bưu điện tỉnh Vĩnh Long"}},{"type":"Feature","geometry":{"type":"Point","coordinates":[106.32766,10.10551]},"properties":{"Doanh nghiệp bưu chính chuyển phát":"Bưu điện tỉnh Vĩnh Long","Điểm phục vụ bưu chính":"Đa Phước Hội","Địa chỉ":"Ấp An Vỉnh 1, Xã Mỏ Cày, tỉnh Vĩnh Long","Điện thoại":"834599490","Số giấy phép ĐKKD":null,"Số giấy phép bưu chính":null,"Ngày bắt đầu hoạt động":null,"Tình trạng hoạt động":"Đang hoạt động","layer_id":368,"fid":983,"label":"Bưu điện tỉnh Vĩnh Long"}},{"type":"Feature","geometry":{"type":"Point","coordinates":[106.35227,10.150538]},"properties":{"Doanh nghiệp bưu chính chuyển phát":"Bưu điện tỉnh Vĩnh Long","Điểm phục vụ bưu chính":"Định Thủy","Địa chỉ":"Ấp Định Nhơn, Xã Đồng Khởi, tỉnh Vĩnh Long","Điện thoại":"834599490","Số giấy phép ĐKKD":null,"Số giấy phép bưu chính":null,"Ngày bắt đầu hoạt động":null,"Tình trạng hoạt động":"Đang hoạt động","layer_id":368,"fid":984,"label":"Bưu điện tỉnh Vĩnh Long"}},{"type":"Feature","geometry":{"type":"Point","coordinates":[105.75566,10.096248]},"properties":{"Doanh nghiệp bưu chính chuyển phát":"Bưu điện tỉnh Vĩnh Long","Điểm phục vụ bưu chính":"Minh Đức","Địa chỉ":"Ấp Tân Quới Tây B, Xã An Định, tỉnh Vĩnh Long","Điện thoại":"834599490","Số giấy phép ĐKKD":null,"Số giấy phép bưu chính":null,"Ngày bắt đầu hoạt động":null,"Tình trạng hoạt động":"Đang hoạt động","layer_id":368,"fid":985,"label":"Bưu điện tỉnh Vĩnh Long"}},{"type":"Feature","geometry":{"type":"Point","coordinates":[106.3611,10.044582]},"properties":{"Doanh nghiệp bưu chính chuyển phát":"Bưu điện tỉnh Vĩnh Long","Điểm phục vụ bưu chính":"Ngãi Đăng","Địa chỉ":"Ấp Bình Sơn, Xã Hương Mỹ, tỉnh Vĩnh Long","Điện thoại":"834599490","Số giấy phép ĐKKD":null,"Số giấy phép bưu chính":"04/QĐ-BC","Ngày bắt đầu hoạt động":"8/2/01 12:00:00 AM","Tình trạng hoạt động":"Đang hoạt động","layer_id":368,"fid":986,"label":"Bưu điện tỉnh Vĩnh Long"}},{"type":"Feature","geometry":{"type":"Point","coordinates":[106.3634111,10.12467358]},"properties":{"Doanh nghiệp bưu chính chuyển phát":"Bưu điện tỉnh Vĩnh Long","Điểm phục vụ bưu chính":"Phước Hiệp","Địa chỉ":"Ấp An Thới, Xã Đồng Khởi, tỉnh Vĩnh Long","Điện thoại":"834599490","Số giấy phép ĐKKD":null,"Số giấy phép bưu chính":null,"Ngày bắt đầu hoạt động":null,"Tình trạng hoạt động":"Đang hoạt động","layer_id":368,"fid":987,"label":"Bưu điện tỉnh Vĩnh Long"}},{"type":"Feature","geometry":{"type":"Point","coordinates":[106.3098795,10.12083983]},"properties":{"Doanh nghiệp bưu chính chuyển phát":"Bưu điện tỉnh Vĩnh Long","Điểm phục vụ bưu chính":"Tân Hội","Địa chỉ":"Ấp Hội Thành, Xã Mỏ Cày, tỉnh Vĩnh Long","Điện thoại":"834599490","Số giấy phép ĐKKD":null,"Số giấy phép bưu chính":null,"Ngày bắt đầu hoạt động":null,"Tình trạng hoạt động":"Đang hoạt động","layer_id":368,"fid":988,"label":"Bưu điện tỉnh Vĩnh Long"}},{"type":"Feature","geometry":{"type":"Point","coordinates":[106.38085,10.039706]},"properties":{"Doanh nghiệp bưu chính chuyển phát":"Bưu điện tỉnh Vĩnh Long","Điểm phục vụ bưu chính":"Tân Trung","Địa chỉ":"Ấp Tân Thành 9, Xã An Định, tỉnh Vĩnh Long","Điện thoại":"834599490","Số giấy phép ĐKKD":null,"Số giấy phép bưu chính":null,"Ngày bắt đầu hoạt động":null,"Tình trạng hoạt động":"Đang hoạt động","layer_id":368,"fid":989,"label":"Bưu điện tỉnh Vĩnh Long"}},{"type":"Feature","geometry":{"type":"Point","coordinates":[106.3245789,10.04965886]},"properties":{"Doanh nghiệp bưu chính chuyển phát":"Bưu điện tỉnh Vĩnh Long","Điểm phục vụ bưu chính":"Thành Thới A","Địa chỉ":"Ấp An Trạch Đông, Xã Thành Thới, tỉnh Vĩnh Long","Điện thoại":"834599490","Số giấy phép ĐKKD":null,"Số giấy phép bưu chính":null,"Ngày bắt đầu hoạt động":null,"Tình trạng hoạt động":"Đang hoạt động","layer_id":368,"fid":990,"label":"Bưu điện tỉnh Vĩnh Long"}},{"type":"Feature","geometry":{"type":"Point","coordinates":[106.0133489,10.1927273]},"properties":{"Doanh nghiệp bưu chính chuyển phát":"Bưu điện tỉnh Vĩnh Long","Điểm phục vụ bưu chính":"Long Hồ","Địa chỉ":"Khóm 1, Xã Long Hồ","Điện thoại":"2703942798","Số giấy phép ĐKKD":null,"Số giấy phép bưu chính":null,"Ngày bắt đầu hoạt động":null,"Tình trạng hoạt động":"Đang hoạt động","layer_id":368,"fid":1021,"label":"Bưu điện tỉnh Vĩnh Long"}},{"type":"Feature","geometry":{"type":"Point","coordinates":[106.29341,10.066921]},"properties":{"Doanh nghiệp bưu chính chuyển phát":"Bưu điện tỉnh Vĩnh Long","Điểm phục vụ bưu chính":"Thành Thới B","Địa chỉ":"Ấp Tân Bình, Xã Thành Thới, tỉnh Vĩnh Long","Điện thoại":"834599490","Số giấy phép ĐKKD":null,"Số giấy phép bưu chính":null,"Ngày bắt đầu hoạt động":null,"Tình trạng hoạt động":"Đang hoạt động","layer_id":368,"fid":991,"label":"Bưu điện tỉnh Vĩnh Long"}},{"type":"Feature","geometry":{"type":"Point","coordinates":[106.61093,9.8801304]},"properties":{"Doanh nghiệp bưu chính chuyển phát":"Bưu điện tỉnh Vĩnh Long","Điểm phục vụ bưu chính":"Giao Thạnh","Địa chỉ":"Ấp Giao Hòa B, Xã Thạnh Phong, tỉnh Vĩnh Long","Điện thoại":"834599490","Số giấy phép ĐKKD":null,"Số giấy phép bưu chính":null,"Ngày bắt đầu hoạt động":null,"Tình trạng hoạt động":"Đang hoạt động","layer_id":368,"fid":992,"label":"Bưu điện tỉnh Vĩnh Long"}},{"type":"Feature","geometry":{"type":"Point","coordinates":[106.44751,10.002553]},"properties":{"Doanh nghiệp bưu chính chuyển phát":"Bưu điện tỉnh Vĩnh Long","Điểm phục vụ bưu chính":"Tân Phong","Địa chỉ":"Ấp Thạnh, Xã Đại Điền, tỉnh Vĩnh Long","Điện thoại":"834599490","Số giấy phép ĐKKD":null,"Số giấy phép bưu chính":null,"Ngày bắt đầu hoạt động":null,"Tình trạng hoạt động":"Đang hoạt động","layer_id":368,"fid":993,"label":"Bưu điện tỉnh Vĩnh Long"}},{"type":"Feature","geometry":{"type":"Point","coordinates":[106.50538,9.9481665]},"properties":{"Doanh nghiệp bưu chính chuyển phát":"Bưu điện tỉnh Vĩnh Long","Điểm phục vụ bưu chính":"Thạnh Phú","Địa chỉ":"Khu phố 4, Xã Thạnh Phú, tỉnh Vĩnh Long","Điện thoại":"834599490","Số giấy phép ĐKKD":null,"Số giấy phép bưu chính":null,"Ngày bắt đầu hoạt động":null,"Tình trạng hoạt động":"Đang hoạt động","layer_id":368,"fid":994,"label":"Bưu điện tỉnh Vĩnh Long"}},{"type":"Feature","geometry":{"type":"Point","coordinates":[106.60176,9.937162]},"properties":{"Doanh nghiệp bưu chính chuyển phát":"Bưu điện tỉnh Vĩnh Long","Điểm phục vụ bưu chính":"An Điền","Địa chỉ":"Ấp Giang Hà, Xã Thạnh Hải, tỉnh Vĩnh Long","Điện thoại":"834599490","Số giấy phép ĐKKD":null,"Số giấy phép bưu chính":"04/QĐ-BC","Ngày bắt đầu hoạt động":"8/2/01 12:00:00 AM","Tình trạng hoạt động":"Đang hoạt động","layer_id":368,"fid":995,"label":"Bưu điện tỉnh Vĩnh Long"}},{"type":"Feature","geometry":{"type":"Point","coordinates":[106.5593734,9.900224136]},"properties":{"Doanh nghiệp bưu chính chuyển phát":"Bưu điện tỉnh Vĩnh Long","Điểm phục vụ bưu chính":"An Nhơn","Địa chỉ":"Ấp An Hòa, Xã An Qui, tỉnh Vĩnh Long","Điện thoại":"834599490","Số giấy phép ĐKKD":null,"Số giấy phép bưu chính":null,"Ngày bắt đầu hoạt động":null,"Tình trạng hoạt động":"Đang hoạt động","layer_id":368,"fid":996,"label":"Bưu điện tỉnh Vĩnh Long"}},{"type":"Feature","geometry":{"type":"Point","coordinates":[106.6470124,9.922415411]},"properties":{"Doanh nghiệp bưu chính chuyển phát":"Bưu điện tỉnh Vĩnh Long","Điểm phục vụ bưu chính":"An Thạnh","Địa chỉ":"Ấp An Thạnh, Xã Thạnh Phú, tỉnh Vĩnh Long","Điện thoại":"834599490","Số giấy phép ĐKKD":null,"Số giấy phép bưu chính":"19/QĐ","Ngày bắt đầu hoạt động":"5/3/99 12:00:00 AM","Tình trạng hoạt động":"Đang hoạt động","layer_id":368,"fid":997,"label":"Bưu điện tỉnh Vĩnh Long"}},{"type":"Feature","geometry":{"type":"Point","coordinates":[106.54308,9.9174799]},"properties":{"Doanh nghiệp bưu chính chuyển phát":"Bưu điện tỉnh Vĩnh Long","Điểm phục vụ bưu chính":"An Thuận","Địa chỉ":"Ấp An Hội B, Xã An Qui, tỉnh Vĩnh Long","Điện thoại":"834599490","Số giấy phép ĐKKD":null,"Số giấy phép bưu chính":"06/QĐ-BC","Ngày bắt đầu hoạt động":"11/1/00 12:00:00 AM","Tình trạng hoạt động":"Đang hoạt động","layer_id":368,"fid":998,"label":"Bưu điện tỉnh Vĩnh Long"}},{"type":"Feature","geometry":{"type":"Point","coordinates":[106.52895,10.141497]},"properties":{"Doanh nghiệp bưu chính chuyển phát":"Bưu điện tỉnh Vĩnh Long","Điểm phục vụ bưu chính":"Bình Thạnh","Địa chỉ":"Ấp Thạnh Quí A, Xã Thạnh Phú, tỉnh Vĩnh Long","Điện thoại":"834599490","Số giấy phép ĐKKD":null,"Số giấy phép bưu chính":"19/QĐ","Ngày bắt đầu hoạt động":"5/3/99 12:00:00 AM","Tình trạng hoạt động":"Đang hoạt động","layer_id":368,"fid":999,"label":"Bưu điện tỉnh Vĩnh Long"}},{"type":"Feature","geometry":{"type":"Point","coordinates":[106.6294946,9.881880021]},"properties":{"Doanh nghiệp bưu chính chuyển phát":"Bưu điện tỉnh Vĩnh Long","Điểm phục vụ bưu chính":"Mỹ An","Địa chỉ":"Ấp Thạnh Mỹ, Xã Thạnh Phú, tỉnh Vĩnh Long","Điện thoại":"834599490","Số giấy phép ĐKKD":null,"Số giấy phép bưu chính":null,"Ngày bắt đầu hoạt động":null,"Tình trạng hoạt động":"Đang hoạt động","layer_id":368,"fid":1002,"label":"Bưu điện tỉnh Vĩnh Long"}},{"type":"Feature","geometry":{"type":"Point","coordinates":[106.44627,10.02288]},"properties":{"Doanh nghiệp bưu chính chuyển phát":"Bưu điện tỉnh Vĩnh Long","Điểm phục vụ bưu chính":"Đại Điền","Địa chỉ":"Ấp Khu Phố, Xã Đại Điền, tỉnh Vĩnh Long","Điện thoại":"834599490","Số giấy phép ĐKKD":null,"Số giấy phép bưu chính":"06/QĐ-BC","Ngày bắt đầu hoạt động":"11/1/00 12:00:00 AM","Tình trạng hoạt động":"Đang hoạt động","layer_id":368,"fid":1000,"label":"Bưu điện tỉnh Vĩnh Long"}},{"type":"Feature","geometry":{"type":"Point","coordinates":[106.4766947,9.99856777]},"properties":{"Doanh nghiệp bưu chính chuyển phát":"Bưu điện tỉnh Vĩnh Long","Điểm phục vụ bưu chính":"Mỹ Hưng","Địa chỉ":"Ấp Thạnh Mỹ, Xã Quới Điền, tỉnh Vĩnh Long","Điện thoại":"834599490","Số giấy phép ĐKKD":null,"Số giấy phép bưu chính":"19/QĐ","Ngày bắt đầu hoạt động":"5/3/99 12:00:00 AM","Tình trạng hoạt động":"Đang hoạt động","layer_id":368,"fid":1003,"label":"Bưu điện tỉnh Vĩnh Long"}},{"type":"Feature","geometry":{"type":"Point","coordinates":[106.46331,9.9547035]},"properties":{"Doanh nghiệp bưu chính chuyển phát":"Bưu điện tỉnh Vĩnh Long","Điểm phục vụ bưu chính":"Hòa Lợi","Địa chỉ":"Ấp Quí Hòa, Xã Quới Điền, tỉnh Vĩnh Long","Điện thoại":"834599490","Số giấy phép ĐKKD":null,"Số giấy phép bưu chính":"04/QĐ-BC","Ngày bắt đầu hoạt động":"8/2/01 12:00:00 AM","Tình trạng hoạt động":"Đang hoạt động","layer_id":368,"fid":1001,"label":"Bưu điện tỉnh Vĩnh Long"}},{"type":"Feature","geometry":{"type":"Point","coordinates":[106.4347,10.048971]},"properties":{"Doanh nghiệp bưu chính chuyển phát":"Bưu điện tỉnh Vĩnh Long","Điểm phục vụ bưu chính":"Phú Khánh","Địa chỉ":"Ấp Phú Lợi, Xã Đại Điền, tỉnh Vĩnh Long","Điện thoại":"834599490","Số giấy phép ĐKKD":null,"Số giấy phép bưu chính":null,"Ngày bắt đầu hoạt động":null,"Tình trạng hoạt động":"Đang hoạt động","layer_id":368,"fid":1004,"label":"Bưu điện tỉnh Vĩnh Long"}},{"type":"Feature","geometry":{"type":"Point","coordinates":[106.47645,9.9826603]},"properties":{"Doanh nghiệp bưu chính chuyển phát":"Bưu điện tỉnh Vĩnh Long","Điểm phục vụ bưu chính":"Quới Điền","Địa chỉ":"Ấp Quí Đức, Xã Quới Điền, tỉnh Vĩnh Long","Điện thoại":"834599490","Số giấy phép ĐKKD":null,"Số giấy phép bưu chính":"06/QĐ-BC","Ngày bắt đầu hoạt động":"11/1/00 12:00:00 AM","Tình trạng hoạt động":"Đang hoạt động","layer_id":368,"fid":1005,"label":"Bưu điện tỉnh Vĩnh Long"}},{"type":"Feature","geometry":{"type":"Point","coordinates":[106.65401,9.877379]},"properties":{"Doanh nghiệp bưu chính chuyển phát":"Bưu điện tỉnh Vĩnh Long","Điểm phục vụ bưu chính":"Thạnh Hải","Địa chỉ":"Ấp Thạnh Hưng B, Xã Thạnh Hải, tỉnh Vĩnh Long","Điện thoại":"834599490","Số giấy phép ĐKKD":null,"Số giấy phép bưu chính":"19/QĐ","Ngày bắt đầu hoạt động":"5/3/99 12:00:00 AM","Tình trạng hoạt động":"Đang hoạt động","layer_id":368,"fid":1006,"label":"Bưu điện tỉnh Vĩnh Long"}},{"type":"Feature","geometry":{"type":"Point","coordinates":[106.62978,9.8500025]},"properties":{"Doanh nghiệp bưu chính chuyển phát":"Bưu điện tỉnh Vĩnh Long","Điểm phục vụ bưu chính":"Thạnh Phong","Địa chỉ":"Ấp Thạnh Phước, Xã Thạnh Phong, tỉnh Vĩnh Long","Điện thoại":"834599490","Số giấy phép ĐKKD":null,"Số giấy phép bưu chính":null,"Ngày bắt đầu hoạt động":null,"Tình trạng hoạt động":"Đang hoạt động","layer_id":368,"fid":1007,"label":"Bưu điện tỉnh Vĩnh Long"}},{"type":"Feature","geometry":{"type":"Point","coordinates":[105.9975294,10.31028748]},"properties":{"Doanh nghiệp bưu chính chuyển phát":"Bưu điện tỉnh Vĩnh Long","Điểm phục vụ bưu chính":"Đồng Phú","Địa chỉ":"Ấp Thuận Long, Xã An Bình","Điện thoại":"2703859510","Số giấy phép ĐKKD":null,"Số giấy phép bưu chính":null,"Ngày bắt đầu hoạt động":null,"Tình trạng hoạt động":"Đang hoạt động","layer_id":368,"fid":1025,"label":"Bưu điện tỉnh Vĩnh Long"}},{"type":"Feature","geometry":{"type":"Point","coordinates":[106.42881,9.9682191]},"properties":{"Doanh nghiệp bưu chính chuyển phát":"Bưu điện tỉnh Vĩnh Long","Điểm phục vụ bưu chính":"Thới Thạnh","Địa chỉ":"Ấp Xương Thạnh A, Xã Đại Điền, tỉnh Vĩnh Long","Điện thoại":"834599490","Số giấy phép ĐKKD":null,"Số giấy phép bưu chính":"04/QĐ-BC","Ngày bắt đầu hoạt động":"8/2/01 12:00:00 AM","Tình trạng hoạt động":"Đang hoạt động","layer_id":368,"fid":1008,"label":"Bưu điện tỉnh Vĩnh Long"}},{"type":"Feature","geometry":{"type":"Point","coordinates":[106.35522,10.245966]},"properties":{"Doanh nghiệp bưu chính chuyển phát":"Bưu điện tỉnh Vĩnh Long","Điểm phục vụ bưu chính":"Bến Tre","Địa chỉ":"3 Đường Đồng Khởi, Phường An Hội, tỉnh Vĩnh Long","Điện thoại":"919800799","Số giấy phép ĐKKD":null,"Số giấy phép bưu chính":null,"Ngày bắt đầu hoạt động":null,"Tình trạng hoạt động":"Đang hoạt động","layer_id":368,"fid":1009,"label":"Bưu điện tỉnh Vĩnh Long"}},{"type":"Feature","geometry":{"type":"Point","coordinates":[106.35523,10.245977]},"properties":{"Doanh nghiệp bưu chính chuyển phát":"Bưu điện tỉnh Vĩnh Long","Điểm phục vụ bưu chính":"KHL Bến Tre","Địa chỉ":"Đường Nguyễn Thị Định, Phường Phú Khương, tỉnh Vĩnh Long","Điện thoại":"919800799","Số giấy phép ĐKKD":null,"Số giấy phép bưu chính":null,"Ngày bắt đầu hoạt động":null,"Tình trạng hoạt động":"Đang hoạt động","layer_id":368,"fid":1010,"label":"Bưu điện tỉnh Vĩnh Long"}},{"type":"Feature","geometry":{"type":"Point","coordinates":[106.358,10.230007]},"properties":{"Doanh nghiệp bưu chính chuyển phát":"Bưu điện tỉnh Vĩnh Long","Điểm phục vụ bưu chính":"Phường 7","Địa chỉ":"Đường Nguyễn Văn Tư, Phường Bến Tre , tỉnh Vĩnh Long","Điện thoại":"919800799","Số giấy phép ĐKKD":null,"Số giấy phép bưu chính":null,"Ngày bắt đầu hoạt động":null,"Tình trạng hoạt động":"Đang hoạt động","layer_id":368,"fid":1011,"label":"Bưu điện tỉnh Vĩnh Long"}},{"type":"Feature","geometry":{"type":"Point","coordinates":[106.33755,10.262358]},"properties":{"Doanh nghiệp bưu chính chuyển phát":"Bưu điện tỉnh Vĩnh Long","Điểm phục vụ bưu chính":"Sơn Đông","Địa chỉ":"Ấp 2, Phường Sơn Đông, tỉnh Vĩnh Long","Điện thoại":"919800799","Số giấy phép ĐKKD":null,"Số giấy phép bưu chính":null,"Ngày bắt đầu hoạt động":null,"Tình trạng hoạt động":"Đang hoạt động","layer_id":368,"fid":1012,"label":"Bưu điện tỉnh Vĩnh Long"}},{"type":"Feature","geometry":{"type":"Point","coordinates":[106.39691,10.250735]},"properties":{"Doanh nghiệp bưu chính chuyển phát":"Bưu điện tỉnh Vĩnh Long","Điểm phục vụ bưu chính":"KTC1 Bến Tre","Địa chỉ":"06/E3 Ấp Phú Thành, Phường Phú Khương , tỉnh Vĩnh Long","Điện thoại":"919800799","Số giấy phép ĐKKD":null,"Số giấy phép bưu chính":null,"Ngày bắt đầu hoạt động":null,"Tình trạng hoạt động":"Đang hoạt động","layer_id":368,"fid":1013,"label":"Bưu điện tỉnh Vĩnh Long"}},{"type":"Feature","geometry":{"type":"Point","coordinates":[106.39766,10.209916]},"properties":{"Doanh nghiệp bưu chính chuyển phát":"Bưu điện tỉnh Vĩnh Long","Điểm phục vụ bưu chính":"Nhơn Thạnh","Địa chỉ":"Ấp Nhơn Nghĩa, Phường Phú Khương, tỉnh Vĩnh Long","Điện thoại":"919800799","Số giấy phép ĐKKD":null,"Số giấy phép bưu chính":"06/QĐ-BC","Ngày bắt đầu hoạt động":"11/1/00 12:00:00 AM","Tình trạng hoạt động":"Đang hoạt động","layer_id":368,"fid":1014,"label":"Bưu điện tỉnh Vĩnh Long"}},{"type":"Feature","geometry":{"type":"Point","coordinates":[106.41358,10.230459]},"properties":{"Doanh nghiệp bưu chính chuyển phát":"Bưu điện tỉnh Vĩnh Long","Điểm phục vụ bưu chính":"Phú Hưng","Địa chỉ":"Đường Tỉnh Lộ 885, Phường Phú Khương, tỉnh Vĩnh Long","Điện thoại":"919800799","Số giấy phép ĐKKD":null,"Số giấy phép bưu chính":null,"Ngày bắt đầu hoạt động":null,"Tình trạng hoạt động":"Đang hoạt động","layer_id":368,"fid":1015,"label":"Bưu điện tỉnh Vĩnh Long"}},{"type":"Feature","geometry":{"type":"Point","coordinates":[105.9733849,10.25519962]},"properties":{"Doanh nghiệp bưu chính chuyển phát":"Bưu điện tỉnh Vĩnh Long","Điểm phục vụ bưu chính":"Vĩnh Long","Địa chỉ":"Số 12C, Đường Hoàng Thái Hiếu, Phường Long Châu","Điện thoại":"2703822550","Số giấy phép ĐKKD":null,"Số giấy phép bưu chính":null,"Ngày bắt đầu hoạt động":null,"Tình trạng hoạt động":"Đang hoạt động","layer_id":368,"fid":1016,"label":"Bưu điện tỉnh Vĩnh Long"}},{"type":"Feature","geometry":{"type":"Point","coordinates":[105.95959,10.24582075]},"properties":{"Doanh nghiệp bưu chính chuyển phát":"Bưu điện tỉnh Vĩnh Long","Điểm phục vụ bưu chính":"Nguyễn Huệ","Địa chỉ":"Số 144, Đường Nguyễn Huệ, Phường Long Châu","Điện thoại":"2703862306","Số giấy phép ĐKKD":null,"Số giấy phép bưu chính":null,"Ngày bắt đầu hoạt động":null,"Tình trạng hoạt động":"Đang hoạt động","layer_id":368,"fid":1017,"label":"Bưu điện tỉnh Vĩnh Long"}},{"type":"Feature","geometry":{"type":"Point","coordinates":[105.9321006,10.26563407]},"properties":{"Doanh nghiệp bưu chính chuyển phát":"Bưu điện tỉnh Vĩnh Long","Điểm phục vụ bưu chính":"Tân Ngãi","Địa chỉ":"Tổ 1 đến 31, Ấp Tân Vĩnh Thuận, Phường Tân Ngãi","Điện thoại":"2703815443","Số giấy phép ĐKKD":null,"Số giấy phép bưu chính":null,"Ngày bắt đầu hoạt động":null,"Tình trạng hoạt động":"Đang hoạt động","layer_id":368,"fid":1018,"label":"Bưu điện tỉnh Vĩnh Long"}},{"type":"Feature","geometry":{"type":"Point","coordinates":[105.958744,10.23895256]},"properties":{"Doanh nghiệp bưu chính chuyển phát":"Bưu điện tỉnh Vĩnh Long","Điểm phục vụ bưu chính":"Phước Thọ","Địa chỉ":"Số 2D, Đường Phó Cơ Điều, Phường Tân Hạnh","Điện thoại":"2703878173","Số giấy phép ĐKKD":null,"Số giấy phép bưu chính":null,"Ngày bắt đầu hoạt động":null,"Tình trạng hoạt động":"Đang hoạt động","layer_id":368,"fid":1019,"label":"Bưu điện tỉnh Vĩnh Long"}},{"type":"Feature","geometry":{"type":"Point","coordinates":[105.9727943,10.25493492]},"properties":{"Doanh nghiệp bưu chính chuyển phát":"Bưu điện tỉnh Vĩnh Long","Điểm phục vụ bưu chính":"KHL Vĩnh Long","Địa chỉ":"Số14, Đường Hoàng Thái Hiếu, Phường Long Châu","Điện thoại":"2703822100","Số giấy phép ĐKKD":null,"Số giấy phép bưu chính":null,"Ngày bắt đầu hoạt động":null,"Tình trạng hoạt động":"Đang hoạt động","layer_id":368,"fid":1020,"label":"Bưu điện tỉnh Vĩnh Long"}},{"type":"Feature","geometry":{"type":"Point","coordinates":[106.0033436,10.25634701]},"properties":{"Doanh nghiệp bưu chính chuyển phát":"Bưu điện tỉnh Vĩnh Long","Điểm phục vụ bưu chính":"Thanh Đức","Địa chỉ":"Ấp Thanh Mỹ II, Phường Thanh Đức","Điện thoại":"2703947979","Số giấy phép ĐKKD":null,"Số giấy phép bưu chính":null,"Ngày bắt đầu hoạt động":null,"Tình trạng hoạt động":"Đang hoạt động","layer_id":368,"fid":1022,"label":"Bưu điện tỉnh Vĩnh Long"}},{"type":"Feature","geometry":{"type":"Point","coordinates":[105.9919987,10.28396034]},"properties":{"Doanh nghiệp bưu chính chuyển phát":"Bưu điện tỉnh Vĩnh Long","Điểm phục vụ bưu chính":"Hoà Ninh","Địa chỉ":"Ấp Bình Thuận 1, Xã An Bình","Điện thoại":"2703859955","Số giấy phép ĐKKD":null,"Số giấy phép bưu chính":null,"Ngày bắt đầu hoạt động":null,"Tình trạng hoạt động":"Đang hoạt động","layer_id":368,"fid":1023,"label":"Bưu điện tỉnh Vĩnh Long"}},{"type":"Feature","geometry":{"type":"Point","coordinates":[106.0157981,10.28259558]},"properties":{"Doanh nghiệp bưu chính chuyển phát":"Bưu điện tỉnh Vĩnh Long","Điểm phục vụ bưu chính":"Bình Hòa Phước","Địa chỉ":"Ấp Bình Hòa 2, Xã An Bình","Điện thoại":"2703859755","Số giấy phép ĐKKD":null,"Số giấy phép bưu chính":null,"Ngày bắt đầu hoạt động":null,"Tình trạng hoạt động":"Đang hoạt động","layer_id":368,"fid":1024,"label":"Bưu điện tỉnh Vĩnh Long"}},{"type":"Feature","geometry":{"type":"Point","coordinates":[105.9919411,10.28404387]},"properties":{"Doanh nghiệp bưu chính chuyển phát":"Bưu điện tỉnh Vĩnh Long","Điểm phục vụ bưu chính":"An Bình","Địa chỉ":"Ấp An Thuận, Xã An Bình","Điện thoại":"2703858555","Số giấy phép ĐKKD":null,"Số giấy phép bưu chính":null,"Ngày bắt đầu hoạt động":null,"Tình trạng hoạt động":"Đang hoạt động","layer_id":368,"fid":1026,"label":"Bưu điện tỉnh Vĩnh Long"}},{"type":"Feature","geometry":{"type":"Point","coordinates":[105.9216334,10.16170399]},"properties":{"Doanh nghiệp bưu chính chuyển phát":"Bưu điện tỉnh Vĩnh Long","Điểm phục vụ bưu chính":"Phú Quới","Địa chỉ":"Ấp Phú Long A, Xã Phú Qưới","Điện thoại":"2703811810","Số giấy phép ĐKKD":null,"Số giấy phép bưu chính":null,"Ngày bắt đầu hoạt động":null,"Tình trạng hoạt động":"Đang hoạt động","layer_id":368,"fid":1027,"label":"Bưu điện tỉnh Vĩnh Long"}},{"type":"Feature","geometry":{"type":"Point","coordinates":[105.8958141,10.16926673]},"properties":{"Doanh nghiệp bưu chính chuyển phát":"Bưu điện tỉnh Vĩnh Long","Điểm phục vụ bưu chính":"Thạnh Quới","Địa chỉ":"Ấp Thạnh Phú, Xã Phú Qưới","Điện thoại":"2703811310","Số giấy phép ĐKKD":null,"Số giấy phép bưu chính":null,"Ngày bắt đầu hoạt động":null,"Tình trạng hoạt động":"Đang hoạt động","layer_id":368,"fid":1028,"label":"Bưu điện tỉnh Vĩnh Long"}},{"type":"Feature","geometry":{"type":"Point","coordinates":[105.9323562,10.1740823]},"properties":{"Doanh nghiệp bưu chính chuyển phát":"Bưu điện tỉnh Vĩnh Long","Điểm phục vụ bưu chính":"Khu công nghiệp Hoà Phú","Địa chỉ":"Ấp Phước Hòa, Xã Phú Qưới","Điện thoại":"2703962999","Số giấy phép ĐKKD":null,"Số giấy phép bưu chính":null,"Ngày bắt đầu hoạt động":null,"Tình trạng hoạt động":"Đang hoạt động","layer_id":368,"fid":1029,"label":"Bưu điện tỉnh Vĩnh Long"}},{"type":"Feature","geometry":{"type":"Point","coordinates":[105.9403716,10.1943785]},"properties":{"Doanh nghiệp bưu chính chuyển phát":"Bưu điện tỉnh Vĩnh Long","Điểm phục vụ bưu chính":"Lộc Hoà","Địa chỉ":"Ấp Phước Tân, Xã Phú Qưới","Điện thoại":"2703957310","Số giấy phép ĐKKD":null,"Số giấy phép bưu chính":null,"Ngày bắt đầu hoạt động":null,"Tình trạng hoạt động":"Đang hoạt động","layer_id":368,"fid":1030,"label":"Bưu điện tỉnh Vĩnh Long"}},{"type":"Feature","geometry":{"type":"Point","coordinates":[105.9720974,10.21184943]},"properties":{"Doanh nghiệp bưu chính chuyển phát":"Bưu điện tỉnh Vĩnh Long","Điểm phục vụ bưu chính":"Phước Hậu","Địa chỉ":"Ấp Phước Lợi A, Phường Phước Hậu","Điện thoại":"2703850610","Số giấy phép ĐKKD":null,"Số giấy phép bưu chính":null,"Ngày bắt đầu hoạt động":null,"Tình trạng hoạt động":"Đang hoạt động","layer_id":368,"fid":1031,"label":"Bưu điện tỉnh Vĩnh Long"}},{"type":"Feature","geometry":{"type":"Point","coordinates":[105.9830696,10.22279077]},"properties":{"Doanh nghiệp bưu chính chuyển phát":"Bưu điện tỉnh Vĩnh Long","Điểm phục vụ bưu chính":"Long Phước","Địa chỉ":"Ấp Phước Nguơn B, Xã Long Hồ","Điện thoại":"2703850609","Số giấy phép ĐKKD":null,"Số giấy phép bưu chính":null,"Ngày bắt đầu hoạt động":null,"Tình trạng hoạt động":"Đang hoạt động","layer_id":368,"fid":1032,"label":"Bưu điện tỉnh Vĩnh Long"}},{"type":"Feature","geometry":{"type":"Point","coordinates":[105.9856495,10.18161825]},"properties":{"Doanh nghiệp bưu chính chuyển phát":"Bưu điện tỉnh Vĩnh Long","Điểm phục vụ bưu chính":"Phú Đức","Địa chỉ":"Ấp An Hòa, Xã Long Hồ","Điện thoại":"2703851510","Số giấy phép ĐKKD":null,"Số giấy phép bưu chính":null,"Ngày bắt đầu hoạt động":null,"Tình trạng hoạt động":"Đang hoạt động","layer_id":368,"fid":1033,"label":"Bưu điện tỉnh Vĩnh Long"}},{"type":"Feature","geometry":{"type":"Point","coordinates":[106.024007,10.15243129]},"properties":{"Doanh nghiệp bưu chính chuyển phát":"Bưu điện tỉnh Vĩnh Long","Điểm phục vụ bưu chính":"Long An","Địa chỉ":"Ấp An Hiệp, Xã Long Hồ","Điện thoại":"2703851610","Số giấy phép ĐKKD":null,"Số giấy phép bưu chính":null,"Ngày bắt đầu hoạt động":null,"Tình trạng hoạt động":"Đang hoạt động","layer_id":368,"fid":1034,"label":"Bưu điện tỉnh Vĩnh Long"}},{"type":"Feature","geometry":{"type":"Point","coordinates":[105.9996947,10.04921781]},"properties":{"Doanh nghiệp bưu chính chuyển phát":"Bưu điện tỉnh Vĩnh Long","Điểm phục vụ bưu chính":"Tam Bình","Địa chỉ":"Tổ 1 đến 12, Khóm 3, Xã Tam Bình","Điện thoại":"2703860222","Số giấy phép ĐKKD":null,"Số giấy phép bưu chính":null,"Ngày bắt đầu hoạt động":null,"Tình trạng hoạt động":"Đang hoạt động","layer_id":368,"fid":1035,"label":"Bưu điện tỉnh Vĩnh Long"}},{"type":"Feature","geometry":{"type":"Point","coordinates":[105.9768924,10.06630957]},"properties":{"Doanh nghiệp bưu chính chuyển phát":"Bưu điện tỉnh Vĩnh Long","Điểm phục vụ bưu chính":"Mỹ Thạnh Trung","Địa chỉ":"Ấp Mỹ Trung I, Xã Tam Bình","Điện thoại":"2703714200","Số giấy phép ĐKKD":null,"Số giấy phép bưu chính":null,"Ngày bắt đầu hoạt động":null,"Tình trạng hoạt động":"Đang hoạt động","layer_id":368,"fid":1036,"label":"Bưu điện tỉnh Vĩnh Long"}},{"type":"Feature","geometry":{"type":"Point","coordinates":[105.9354241,10.01823299]},"properties":{"Doanh nghiệp bưu chính chuyển phát":"Bưu điện tỉnh Vĩnh Long","Điểm phục vụ bưu chính":"Bình Ninh","Địa chỉ":"Ấp Phú Tân, Xã Ngãi Tứ","Điện thoại":"2703886600","Số giấy phép ĐKKD":null,"Số giấy phép bưu chính":null,"Ngày bắt đầu hoạt động":null,"Tình trạng hoạt động":"Đang hoạt động","layer_id":368,"fid":1037,"label":"Bưu điện tỉnh Vĩnh Long"}},{"type":"Feature","geometry":{"type":"Point","coordinates":[105.9304304,9.996622614]},"properties":{"Doanh nghiệp bưu chính chuyển phát":"Bưu điện tỉnh Vĩnh Long","Điểm phục vụ bưu chính":"Ngãi Tứ","Địa chỉ":"Ấp An Phong, Xã Ngãi Tứ","Điện thoại":"2703718822","Số giấy phép ĐKKD":null,"Số giấy phép bưu chính":null,"Ngày bắt đầu hoạt động":null,"Tình trạng hoạt động":"Đang hoạt động","layer_id":368,"fid":1038,"label":"Bưu điện tỉnh Vĩnh Long"}},{"type":"Feature","geometry":{"type":"Point","coordinates":[105.9264977,10.07840197]},"properties":{"Doanh nghiệp bưu chính chuyển phát":"Bưu điện tỉnh Vĩnh Long","Điểm phục vụ bưu chính":"Long Phú","Địa chỉ":"Ấp Phú Sơn A, Xã Song Phú","Điện thoại":"2703864600","Số giấy phép ĐKKD":null,"Số giấy phép bưu chính":null,"Ngày bắt đầu hoạt động":null,"Tình trạng hoạt động":"Đang hoạt động","layer_id":368,"fid":1039,"label":"Bưu điện tỉnh Vĩnh Long"}},{"type":"Feature","geometry":{"type":"Point","coordinates":[105.8872383,10.08086327]},"properties":{"Doanh nghiệp bưu chính chuyển phát":"Bưu điện tỉnh Vĩnh Long","Điểm phục vụ bưu chính":"Tân Phú","Địa chỉ":"Ấp Phú Thọ, Xã Song Phú","Điện thoại":"2703864614","Số giấy phép ĐKKD":null,"Số giấy phép bưu chính":null,"Ngày bắt đầu hoạt động":null,"Tình trạng hoạt động":"Đang hoạt động","layer_id":368,"fid":1040,"label":"Bưu điện tỉnh Vĩnh Long"}},{"type":"Feature","geometry":{"type":"Point","coordinates":[105.9949025,10.12437871]},"properties":{"Doanh nghiệp bưu chính chuyển phát":"Bưu điện tỉnh Vĩnh Long","Điểm phục vụ bưu chính":"Tân Lộc","Địa chỉ":"Tổ 1 đến 32, Ấp Một, Xã Cái Ngang","Điện thoại":"2703718535","Số giấy phép ĐKKD":null,"Số giấy phép bưu chính":null,"Ngày bắt đầu hoạt động":null,"Tình trạng hoạt động":"Đang hoạt động","layer_id":368,"fid":1043,"label":"Bưu điện tỉnh Vĩnh Long"}},{"type":"Feature","geometry":{"type":"Point","coordinates":[105.8975454,10.11388635]},"properties":{"Doanh nghiệp bưu chính chuyển phát":"Bưu điện tỉnh Vĩnh Long","Điểm phục vụ bưu chính":"Ba Càng","Địa chỉ":"Ấp Phú Trường, Xã Song Phú","Điện thoại":"2703724200","Số giấy phép ĐKKD":null,"Số giấy phép bưu chính":null,"Ngày bắt đầu hoạt động":null,"Tình trạng hoạt động":"Đang hoạt động","layer_id":368,"fid":1041,"label":"Bưu điện tỉnh Vĩnh Long"}},{"type":"Feature","geometry":{"type":"Point","coordinates":[105.8855751,10.13897897]},"properties":{"Doanh nghiệp bưu chính chuyển phát":"Bưu điện tỉnh Vĩnh Long","Điểm phục vụ bưu chính":"Phú Thịnh","Địa chỉ":"Ấp Phú Hữu Đông, Xã Song Phú","Điện thoại":"2703864615","Số giấy phép ĐKKD":null,"Số giấy phép bưu chính":null,"Ngày bắt đầu hoạt động":null,"Tình trạng hoạt động":"Đang hoạt động","layer_id":368,"fid":1042,"label":"Bưu điện tỉnh Vĩnh Long"}},{"type":"Feature","geometry":{"type":"Point","coordinates":[105.967399,10.11196109]},"properties":{"Doanh nghiệp bưu chính chuyển phát":"Bưu điện tỉnh Vĩnh Long","Điểm phục vụ bưu chính":"Mỹ Lộc","Địa chỉ":"Tổ 1 đến 21, Ấp Mỹ Phú, Xã Cái Ngang","Điện thoại":"2703717333","Số giấy phép ĐKKD":null,"Số giấy phép bưu chính":null,"Ngày bắt đầu hoạt động":null,"Tình trạng hoạt động":"Đang hoạt động","layer_id":368,"fid":1044,"label":"Bưu điện tỉnh Vĩnh Long"}},{"type":"Feature","geometry":{"type":"Point","coordinates":[105.9676146,10.1161944]},"properties":{"Doanh nghiệp bưu chính chuyển phát":"Bưu điện tỉnh Vĩnh Long","Điểm phục vụ bưu chính":"Hậu Lộc","Địa chỉ":"Tổ 1 đến 15, Ấp Sáu, Xã Cái Ngang","Điện thoại":"2703860620","Số giấy phép ĐKKD":null,"Số giấy phép bưu chính":null,"Ngày bắt đầu hoạt động":null,"Tình trạng hoạt động":"Đang hoạt động","layer_id":368,"fid":1045,"label":"Bưu điện tỉnh Vĩnh Long"}},{"type":"Feature","geometry":{"type":"Point","coordinates":[106.0186873,10.07626685]},"properties":{"Doanh nghiệp bưu chính chuyển phát":"Bưu điện tỉnh Vĩnh Long","Điểm phục vụ bưu chính":"Tường Lộc","Địa chỉ":"Ấp Tường Nhơn, Xã Tam Bình","Điện thoại":"2703860879","Số giấy phép ĐKKD":null,"Số giấy phép bưu chính":null,"Ngày bắt đầu hoạt động":null,"Tình trạng hoạt động":"Đang hoạt động","layer_id":368,"fid":1046,"label":"Bưu điện tỉnh Vĩnh Long"}},{"type":"Feature","geometry":{"type":"Point","coordinates":[105.9801886,10.12038728]},"properties":{"Doanh nghiệp bưu chính chuyển phát":"Bưu điện tỉnh Vĩnh Long","Điểm phục vụ bưu chính":"Hòa Lộc","Địa chỉ":"Ấp Hai, Xã Hòa Hiệp","Điện thoại":"2703860620","Số giấy phép ĐKKD":null,"Số giấy phép bưu chính":null,"Ngày bắt đầu hoạt động":null,"Tình trạng hoạt động":"Đang hoạt động","layer_id":368,"fid":1047,"label":"Bưu điện tỉnh Vĩnh Long"}},{"type":"Feature","geometry":{"type":"Point","coordinates":[106.0116576,10.09712257]},"properties":{"Doanh nghiệp bưu chính chuyển phát":"Bưu điện tỉnh Vĩnh Long","Điểm phục vụ bưu chính":"Hòa Hiệp","Địa chỉ":"Tổ 1 đến 19, Ấp Mười, Xã Hoà Hiệp","Điện thoại":"2703860787","Số giấy phép ĐKKD":null,"Số giấy phép bưu chính":null,"Ngày bắt đầu hoạt động":null,"Tình trạng hoạt động":"Đang hoạt động","layer_id":368,"fid":1048,"label":"Bưu điện tỉnh Vĩnh Long"}},{"type":"Feature","geometry":{"type":"Point","coordinates":[106.0462692,10.12239622]},"properties":{"Doanh nghiệp bưu chính chuyển phát":"Bưu điện tỉnh Vĩnh Long","Điểm phục vụ bưu chính":"Hòa Thạnh","Địa chỉ":"Ấp Hai, Xã Hòa Hiệp","Điện thoại":"2703860089","Số giấy phép ĐKKD":null,"Số giấy phép bưu chính":null,"Ngày bắt đầu hoạt động":null,"Tình trạng hoạt động":"Đang hoạt động","layer_id":368,"fid":1049,"label":"Bưu điện tỉnh Vĩnh Long"}},{"type":"Feature","geometry":{"type":"Point","coordinates":[105.9531784,10.27607286]},"properties":{"Doanh nghiệp bưu chính chuyển phát":"Bưu điện tỉnh Vĩnh Long","Điểm phục vụ bưu chính":"Bình Tân","Địa chỉ":"Tổ 1 đến 16, Ấp Tân Thuận, Xã Tân Qưới","Điện thoại":"2703766456","Số giấy phép ĐKKD":null,"Số giấy phép bưu chính":null,"Ngày bắt đầu hoạt động":null,"Tình trạng hoạt động":"Đang hoạt động","layer_id":368,"fid":1050,"label":"Bưu điện tỉnh Vĩnh Long"}},{"type":"Feature","geometry":{"type":"Point","coordinates":[105.8318935,10.1350149]},"properties":{"Doanh nghiệp bưu chính chuyển phát":"Bưu điện tỉnh Vĩnh Long","Điểm phục vụ bưu chính":"Mỹ Thuận","Địa chỉ":"Ấp Mỹ Thạnh B, Xã Mỹ Thuận","Điện thoại":"2703890667","Số giấy phép ĐKKD":null,"Số giấy phép bưu chính":null,"Ngày bắt đầu hoạt động":null,"Tình trạng hoạt động":"Đang hoạt động","layer_id":368,"fid":1051,"label":"Bưu điện tỉnh Vĩnh Long"}},{"type":"Feature","geometry":{"type":"Point","coordinates":[105.7306622,10.11720548]},"properties":{"Doanh nghiệp bưu chính chuyển phát":"Bưu điện tỉnh Vĩnh Long","Điểm phục vụ bưu chính":"Tân Bình","Địa chỉ":"Tổ 1 đến 10, Ấp Tân Hậu, Xã Tân Quới","Điện thoại":"2703758666","Số giấy phép ĐKKD":null,"Số giấy phép bưu chính":null,"Ngày bắt đầu hoạt động":null,"Tình trạng hoạt động":"Đang hoạt động","layer_id":368,"fid":1052,"label":"Bưu điện tỉnh Vĩnh Long"}},{"type":"Feature","geometry":{"type":"Point","coordinates":[105.7392339,10.18417038]},"properties":{"Doanh nghiệp bưu chính chuyển phát":"Bưu điện tỉnh Vĩnh Long","Điểm phục vụ bưu chính":"Tân Hưng","Địa chỉ":"Ấp Hưng Thuận, Xã Tân Lược","Điện thoại":"2703757109","Số giấy phép ĐKKD":null,"Số giấy phép bưu chính":null,"Ngày bắt đầu hoạt động":null,"Tình trạng hoạt động":"Đang hoạt động","layer_id":368,"fid":1053,"label":"Bưu điện tỉnh Vĩnh Long"}},{"type":"Feature","geometry":{"type":"Point","coordinates":[105.7640797,10.16121185]},"properties":{"Doanh nghiệp bưu chính chuyển phát":"Bưu điện tỉnh Vĩnh Long","Điểm phục vụ bưu chính":"Tân Thành","Địa chỉ":"Tổ 1 đến 12, Ấp Tân Lập, Xã Tân Lược","Điện thoại":"2703763432","Số giấy phép ĐKKD":null,"Số giấy phép bưu chính":null,"Ngày bắt đầu hoạt động":null,"Tình trạng hoạt động":"Đang hoạt động","layer_id":368,"fid":1055,"label":"Bưu điện tỉnh Vĩnh Long"}},{"type":"Feature","geometry":{"type":"Point","coordinates":[105.7306328,10.14626068]},"properties":{"Doanh nghiệp bưu chính chuyển phát":"Bưu điện tỉnh Vĩnh Long","Điểm phục vụ bưu chính":"Tân Lược","Địa chỉ":"Tổ 1 đến 19, Ấp Tân Lộc, Xã Tân Lược","Điện thoại":"2703754632","Số giấy phép ĐKKD":null,"Số giấy phép bưu chính":null,"Ngày bắt đầu hoạt động":null,"Tình trạng hoạt động":"Đang hoạt động","layer_id":368,"fid":1054,"label":"Bưu điện tỉnh Vĩnh Long"}},{"type":"Feature","geometry":{"type":"Point","coordinates":[105.7916824,10.08524281]},"properties":{"Doanh nghiệp bưu chính chuyển phát":"Bưu điện tỉnh Vĩnh Long","Điểm phục vụ bưu chính":"Thành Lợi","Địa chỉ":"Tổ 1 đến 16, Ấp Thành Tâm, Xã Tân Quới","Điện thoại":"2703753671","Số giấy phép ĐKKD":null,"Số giấy phép bưu chính":null,"Ngày bắt đầu hoạt động":null,"Tình trạng hoạt động":"Đang hoạt động","layer_id":368,"fid":1056,"label":"Bưu điện tỉnh Vĩnh Long"}},{"type":"Feature","geometry":{"type":"Point","coordinates":[105.8248287,10.06941089]},"properties":{"Doanh nghiệp bưu chính chuyển phát":"Bưu điện tỉnh Vĩnh Long","Điểm phục vụ bưu chính":"Bình Minh","Địa chỉ":"Số 127/15, Khóm 1, Phường Bình Minh","Điện thoại":"2703890222","Số giấy phép ĐKKD":null,"Số giấy phép bưu chính":null,"Ngày bắt đầu hoạt động":null,"Tình trạng hoạt động":"Đang hoạt động","layer_id":368,"fid":1057,"label":"Bưu điện tỉnh Vĩnh Long"}},{"type":"Feature","geometry":{"type":"Point","coordinates":[105.8199277,10.0476418]},"properties":{"Doanh nghiệp bưu chính chuyển phát":"Bưu điện tỉnh Vĩnh Long","Điểm phục vụ bưu chính":"Đông Thành","Địa chỉ":"Ấp Đông Hòa 2, Phường Đông Thành","Điện thoại":"2703891636","Số giấy phép ĐKKD":null,"Số giấy phép bưu chính":null,"Ngày bắt đầu hoạt động":null,"Tình trạng hoạt động":"Đang hoạt động","layer_id":368,"fid":1058,"label":"Bưu điện tỉnh Vĩnh Long"}},{"type":"Feature","geometry":{"type":"Point","coordinates":[105.8467054,10.02415281]},"properties":{"Doanh nghiệp bưu chính chuyển phát":"Bưu điện tỉnh Vĩnh Long","Điểm phục vụ bưu chính":"Mỹ Hòa","Địa chỉ":"Ấp Mỹ Lợi, Phường Cái Vồn","Điện thoại":"2703890672","Số giấy phép ĐKKD":null,"Số giấy phép bưu chính":null,"Ngày bắt đầu hoạt động":null,"Tình trạng hoạt động":"Đang hoạt động","layer_id":368,"fid":1059,"label":"Bưu điện tỉnh Vĩnh Long"}},{"type":"Feature","geometry":{"type":"Point","coordinates":[105.9211138,9.965773427]},"properties":{"Doanh nghiệp bưu chính chuyển phát":"Bưu điện tỉnh Vĩnh Long","Điểm phục vụ bưu chính":"Trà Ôn","Địa chỉ":"Số 10A, Tổ 1 đến 8, Khu 1, Xã Trà Ôn","Điện thoại":"2703770222","Số giấy phép ĐKKD":null,"Số giấy phép bưu chính":null,"Ngày bắt đầu hoạt động":null,"Tình trạng hoạt động":"Đang hoạt động","layer_id":368,"fid":1060,"label":"Bưu điện tỉnh Vĩnh Long"}},{"type":"Feature","geometry":{"type":"Point","coordinates":[105.9148647,9.9594304]},"properties":{"Doanh nghiệp bưu chính chuyển phát":"Bưu điện tỉnh Vĩnh Long","Điểm phục vụ bưu chính":"Lục Sỹ Thành","Địa chỉ":"Ấp Tân An, Xã Lục Sỹ Thành","Điện thoại":"2703780674","Số giấy phép ĐKKD":null,"Số giấy phép bưu chính":null,"Ngày bắt đầu hoạt động":null,"Tình trạng hoạt động":"Đang hoạt động","layer_id":368,"fid":1061,"label":"Bưu điện tỉnh Vĩnh Long"}},{"type":"Feature","geometry":{"type":"Point","coordinates":[105.877682,9.971715402]},"properties":{"Doanh nghiệp bưu chính chuyển phát":"Bưu điện tỉnh Vĩnh Long","Điểm phục vụ bưu chính":"Phú Thành","Địa chỉ":"Ấp Phú Thạnh, Xã Lục Sỹ Thành","Điện thoại":"2703780700","Số giấy phép ĐKKD":null,"Số giấy phép bưu chính":null,"Ngày bắt đầu hoạt động":null,"Tình trạng hoạt động":"Đang hoạt động","layer_id":368,"fid":1062,"label":"Bưu điện tỉnh Vĩnh Long"}},{"type":"Feature","geometry":{"type":"Point","coordinates":[105.9973349,9.922125053]},"properties":{"Doanh nghiệp bưu chính chuyển phát":"Bưu điện tỉnh Vĩnh Long","Điểm phục vụ bưu chính":"Tích Thiện","Địa chỉ":"Ấp Tích Lộc, Xã Trà Ôn","Điện thoại":"2703884777","Số giấy phép ĐKKD":null,"Số giấy phép bưu chính":null,"Ngày bắt đầu hoạt động":null,"Tình trạng hoạt động":"Đang hoạt động","layer_id":368,"fid":1063,"label":"Bưu điện tỉnh Vĩnh Long"}},{"type":"Feature","geometry":{"type":"Point","coordinates":[106.0198226,9.951376975]},"properties":{"Doanh nghiệp bưu chính chuyển phát":"Bưu điện tỉnh Vĩnh Long","Điểm phục vụ bưu chính":"Vĩnh Xuân","Địa chỉ":"Ấp Vĩnh Trinh, Xã Vĩnh Xuân","Điện thoại":"2703884600","Số giấy phép ĐKKD":null,"Số giấy phép bưu chính":null,"Ngày bắt đầu hoạt động":null,"Tình trạng hoạt động":"Đang hoạt động","layer_id":368,"fid":1064,"label":"Bưu điện tỉnh Vĩnh Long"}},{"type":"Feature","geometry":{"type":"Point","coordinates":[106.0531781,9.94775271]},"properties":{"Doanh nghiệp bưu chính chuyển phát":"Bưu điện tỉnh Vĩnh Long","Điểm phục vụ bưu chính":"Thuận Thới","Địa chỉ":"Ấp Cống Đá, Xã Vĩnh Xuân","Điện thoại":"2703884666","Số giấy phép ĐKKD":null,"Số giấy phép bưu chính":null,"Ngày bắt đầu hoạt động":null,"Tình trạng hoạt động":"Đang hoạt động","layer_id":368,"fid":1065,"label":"Bưu điện tỉnh Vĩnh Long"}},{"type":"Feature","geometry":{"type":"Point","coordinates":[106.087776,9.960421746]},"properties":{"Doanh nghiệp bưu chính chuyển phát":"Bưu điện tỉnh Vĩnh Long","Điểm phục vụ bưu chính":"Hựu Thành","Địa chỉ":"Khu Phố Hựu Thành, Xã Vĩnh Xuân","Điện thoại":"2703777222","Số giấy phép ĐKKD":null,"Số giấy phép bưu chính":null,"Ngày bắt đầu hoạt động":null,"Tình trạng hoạt động":"Đang hoạt động","layer_id":368,"fid":1066,"label":"Bưu điện tỉnh Vĩnh Long"}},{"type":"Feature","geometry":{"type":"Point","coordinates":[106.0592154,10.00336022]},"properties":{"Doanh nghiệp bưu chính chuyển phát":"Bưu điện tỉnh Vĩnh Long","Điểm phục vụ bưu chính":"Thới Hòa","Địa chỉ":"Ấp Tường Thịnh, Xã Hòa Bình","Điện thoại":"2703889605","Số giấy phép ĐKKD":null,"Số giấy phép bưu chính":null,"Ngày bắt đầu hoạt động":null,"Tình trạng hoạt động":"Đang hoạt động","layer_id":368,"fid":1067,"label":"Bưu điện tỉnh Vĩnh Long"}},{"type":"Feature","geometry":{"type":"Point","coordinates":[106.0473982,10.07733497]},"properties":{"Doanh nghiệp bưu chính chuyển phát":"Bưu điện tỉnh Vĩnh Long","Điểm phục vụ bưu chính":"Xuân Hiệp","Địa chỉ":"Ấp Hồi Xuân, Xã Hòa Bình","Điện thoại":"2703789830","Số giấy phép ĐKKD":null,"Số giấy phép bưu chính":null,"Ngày bắt đầu hoạt động":null,"Tình trạng hoạt động":"Đang hoạt động","layer_id":368,"fid":1068,"label":"Bưu điện tỉnh Vĩnh Long"}},{"type":"Feature","geometry":{"type":"Point","coordinates":[106.0478629,10.04067984]},"properties":{"Doanh nghiệp bưu chính chuyển phát":"Bưu điện tỉnh Vĩnh Long","Điểm phục vụ bưu chính":"Hòa Bình","Địa chỉ":"Ấp Ngãi Hòa, Xã Hoà Bình","Điện thoại":"2703722640","Số giấy phép ĐKKD":null,"Số giấy phép bưu chính":null,"Ngày bắt đầu hoạt động":null,"Tình trạng hoạt động":"Đang hoạt động","layer_id":368,"fid":1069,"label":"Bưu điện tỉnh Vĩnh Long"}},{"type":"Feature","geometry":{"type":"Point","coordinates":[106.0291187,10.04389322]},"properties":{"Doanh nghiệp bưu chính chuyển phát":"Bưu điện tỉnh Vĩnh Long","Điểm phục vụ bưu chính":"Nhơn Bình","Địa chỉ":"Ấp Sa Rày, Xã Trà Côn","Điện thoại":"2703721611","Số giấy phép ĐKKD":null,"Số giấy phép bưu chính":null,"Ngày bắt đầu hoạt động":null,"Tình trạng hoạt động":"Đang hoạt động","layer_id":368,"fid":1070,"label":"Bưu điện tỉnh Vĩnh Long"}},{"type":"Feature","geometry":{"type":"Point","coordinates":[106.0205356,10.04169581]},"properties":{"Doanh nghiệp bưu chính chuyển phát":"Bưu điện tỉnh Vĩnh Long","Điểm phục vụ bưu chính":"Trà Côn","Địa chỉ":"Ấp Trà Ngoa, Xã Trà Côn","Điện thoại":"2703723333","Số giấy phép ĐKKD":null,"Số giấy phép bưu chính":null,"Ngày bắt đầu hoạt động":null,"Tình trạng hoạt động":"Đang hoạt động","layer_id":368,"fid":1071,"label":"Bưu điện tỉnh Vĩnh Long"}},{"type":"Feature","geometry":{"type":"Point","coordinates":[105.9591498,9.990545653]},"properties":{"Doanh nghiệp bưu chính chuyển phát":"Bưu điện tỉnh Vĩnh Long","Điểm phục vụ bưu chính":"Tân Mỹ","Địa chỉ":"Ấp Mỹ An, Xã Trà Côn","Điện thoại":"2703770676","Số giấy phép ĐKKD":null,"Số giấy phép bưu chính":null,"Ngày bắt đầu hoạt động":null,"Tình trạng hoạt động":"Đang hoạt động","layer_id":368,"fid":1072,"label":"Bưu điện tỉnh Vĩnh Long"}},{"type":"Feature","geometry":{"type":"Point","coordinates":[105.9580552,9.954938828]},"properties":{"Doanh nghiệp bưu chính chuyển phát":"Bưu điện tỉnh Vĩnh Long","Điểm phục vụ bưu chính":"Thiện Mỹ","Địa chỉ":"Ấp Cây Điệp, Xã Trà Ôn","Điện thoại":"2703770675","Số giấy phép ĐKKD":null,"Số giấy phép bưu chính":null,"Ngày bắt đầu hoạt động":null,"Tình trạng hoạt động":"Đang hoạt động","layer_id":368,"fid":1073,"label":"Bưu điện tỉnh Vĩnh Long"}},{"type":"Feature","geometry":{"type":"Point","coordinates":[106.1864386,10.09563688]},"properties":{"Doanh nghiệp bưu chính chuyển phát":"Bưu điện tỉnh Vĩnh Long","Điểm phục vụ bưu chính":"Vũng Liêm","Địa chỉ":"Khóm 1, Xã Trung Thành","Điện thoại":"2703870222","Số giấy phép ĐKKD":null,"Số giấy phép bưu chính":null,"Ngày bắt đầu hoạt động":null,"Tình trạng hoạt động":"Đang hoạt động","layer_id":368,"fid":1074,"label":"Bưu điện tỉnh Vĩnh Long"}},{"type":"Feature","geometry":{"type":"Point","coordinates":[106.1533544,10.07446468]},"properties":{"Doanh nghiệp bưu chính chuyển phát":"Bưu điện tỉnh Vĩnh Long","Điểm phục vụ bưu chính":"Trung Hiếu","Địa chỉ":"Ấp Bình Thành, Xã Trung Thành","Điện thoại":"2703870698","Số giấy phép ĐKKD":null,"Số giấy phép bưu chính":null,"Ngày bắt đầu hoạt động":null,"Tình trạng hoạt động":"Đang hoạt động","layer_id":368,"fid":1075,"label":"Bưu điện tỉnh Vĩnh Long"}},{"type":"Feature","geometry":{"type":"Point","coordinates":[106.1442554,10.11909999]},"properties":{"Doanh nghiệp bưu chính chuyển phát":"Bưu điện tỉnh Vĩnh Long","Điểm phục vụ bưu chính":"Trung Hiệp","Địa chỉ":"Ấp Mướp Sát, Xã Trung Hiệp","Điện thoại":"2703870651","Số giấy phép ĐKKD":null,"Số giấy phép bưu chính":null,"Ngày bắt đầu hoạt động":null,"Tình trạng hoạt động":"Đang hoạt động","layer_id":368,"fid":1076,"label":"Bưu điện tỉnh Vĩnh Long"}},{"type":"Feature","geometry":{"type":"Point","coordinates":[106.1212498,10.08362409]},"properties":{"Doanh nghiệp bưu chính chuyển phát":"Bưu điện tỉnh Vĩnh Long","Điểm phục vụ bưu chính":"Hiếu Phụng","Địa chỉ":"Ấp Nhơn Ngãi, Xã Hiếu Phụng","Điện thoại":"2703984333","Số giấy phép ĐKKD":null,"Số giấy phép bưu chính":null,"Ngày bắt đầu hoạt động":null,"Tình trạng hoạt động":"Đang hoạt động","layer_id":368,"fid":1077,"label":"Bưu điện tỉnh Vĩnh Long"}},{"type":"Feature","geometry":{"type":"Point","coordinates":[106.1115411,10.0326109]},"properties":{"Doanh nghiệp bưu chính chuyển phát":"Bưu điện tỉnh Vĩnh Long","Điểm phục vụ bưu chính":"Hiếu Nhơn","Địa chỉ":"Ấp Hiếu Minh B, Xã Hiếu Thành","Điện thoại":"2703987694","Số giấy phép ĐKKD":null,"Số giấy phép bưu chính":null,"Ngày bắt đầu hoạt động":null,"Tình trạng hoạt động":"Đang hoạt động","layer_id":368,"fid":1078,"label":"Bưu điện tỉnh Vĩnh Long"}},{"type":"Feature","geometry":{"type":"Point","coordinates":[106.0949662,9.984034998]},"properties":{"Doanh nghiệp bưu chính chuyển phát":"Bưu điện tỉnh Vĩnh Long","Điểm phục vụ bưu chính":"Hiếu Thành","Địa chỉ":"Ấp Hiếu Xân Tây, Xã Hiếu Thành","Điện thoại":"2703990333","Số giấy phép ĐKKD":null,"Số giấy phép bưu chính":null,"Ngày bắt đầu hoạt động":null,"Tình trạng hoạt động":"Đang hoạt động","layer_id":368,"fid":1079,"label":"Bưu điện tỉnh Vĩnh Long"}},{"type":"Feature","geometry":{"type":"Point","coordinates":[106.0938699,9.964659134]},"properties":{"Doanh nghiệp bưu chính chuyển phát":"Bưu điện tỉnh Vĩnh Long","Điểm phục vụ bưu chính":"Hiếu Nghĩa","Địa chỉ":"Ấp Hiếu Văn, Xã Hiếu Thành","Điện thoại":"2703991666","Số giấy phép ĐKKD":null,"Số giấy phép bưu chính":null,"Ngày bắt đầu hoạt động":null,"Tình trạng hoạt động":"Đang hoạt động","layer_id":368,"fid":1080,"label":"Bưu điện tỉnh Vĩnh Long"}},{"type":"Feature","geometry":{"type":"Point","coordinates":[106.0819409,10.10366149]},"properties":{"Doanh nghiệp bưu chính chuyển phát":"Bưu điện tỉnh Vĩnh Long","Điểm phục vụ bưu chính":"Tân An Luông","Địa chỉ":"Ấp Tám, Xã Trung Hiệp","Điện thoại":"2703982666","Số giấy phép ĐKKD":null,"Số giấy phép bưu chính":null,"Ngày bắt đầu hoạt động":null,"Tình trạng hoạt động":"Đang hoạt động","layer_id":368,"fid":1081,"label":"Bưu điện tỉnh Vĩnh Long"}},{"type":"Feature","geometry":{"type":"Point","coordinates":[106.1985491,10.05563898]},"properties":{"Doanh nghiệp bưu chính chuyển phát":"Bưu điện tỉnh Vĩnh Long","Điểm phục vụ bưu chính":"Trung Ngãi","Địa chỉ":"Ấp Giồng Ké, Xã Trung Ngãi","Điện thoại":"2703870639","Số giấy phép ĐKKD":null,"Số giấy phép bưu chính":null,"Ngày bắt đầu hoạt động":null,"Tình trạng hoạt động":"Đang hoạt động","layer_id":368,"fid":1082,"label":"Bưu điện tỉnh Vĩnh Long"}},{"type":"Feature","geometry":{"type":"Point","coordinates":[106.2010035,10.03843977]},"properties":{"Doanh nghiệp bưu chính chuyển phát":"Bưu điện tỉnh Vĩnh Long","Điểm phục vụ bưu chính":"Trung Nghĩa","Địa chỉ":"Ấp Phú Tiên, Xã Trung Ngãi","Điện thoại":"2703870690","Số giấy phép ĐKKD":null,"Số giấy phép bưu chính":null,"Ngày bắt đầu hoạt động":null,"Tình trạng hoạt động":"Đang hoạt động","layer_id":368,"fid":1083,"label":"Bưu điện tỉnh Vĩnh Long"}},{"type":"Feature","geometry":{"type":"Point","coordinates":[106.2509915,10.08725786]},"properties":{"Doanh nghiệp bưu chính chuyển phát":"Bưu điện tỉnh Vĩnh Long","Điểm phục vụ bưu chính":"Trung Thành Đông","Địa chỉ":"Ấp Đại Hòa, Xã Trung Ngãi","Điện thoại":"2703870127","Số giấy phép ĐKKD":null,"Số giấy phép bưu chính":null,"Ngày bắt đầu hoạt động":null,"Tình trạng hoạt động":"Đang hoạt động","layer_id":368,"fid":1084,"label":"Bưu điện tỉnh Vĩnh Long"}},{"type":"Feature","geometry":{"type":"Point","coordinates":[106.1833104,10.10343225]},"properties":{"Doanh nghiệp bưu chính chuyển phát":"Bưu điện tỉnh Vĩnh Long","Điểm phục vụ bưu chính":"Trung Thành Tây","Địa chỉ":"Ấp Hòa Nghĩa, Xã Quới An","Điện thoại":"2703870712","Số giấy phép ĐKKD":null,"Số giấy phép bưu chính":null,"Ngày bắt đầu hoạt động":null,"Tình trạng hoạt động":"Đang hoạt động","layer_id":368,"fid":1085,"label":"Bưu điện tỉnh Vĩnh Long"}},{"type":"Feature","geometry":{"type":"Point","coordinates":[106.1558911,10.02911392]},"properties":{"Doanh nghiệp bưu chính chuyển phát":"Bưu điện tỉnh Vĩnh Long","Điểm phục vụ bưu chính":"Trung An","Địa chỉ":"Ấp An Phước, Xã Hiếu Phụng","Điện thoại":"2703987683","Số giấy phép ĐKKD":null,"Số giấy phép bưu chính":null,"Ngày bắt đầu hoạt động":null,"Tình trạng hoạt động":"Đang hoạt động","layer_id":368,"fid":1086,"label":"Bưu điện tỉnh Vĩnh Long"}},{"type":"Feature","geometry":{"type":"Point","coordinates":[106.1406525,10.02663968]},"properties":{"Doanh nghiệp bưu chính chuyển phát":"Bưu điện tỉnh Vĩnh Long","Điểm phục vụ bưu chính":"Quới An","Địa chỉ":"Ấp Vàm An, Xã Qưới An","Điện thoại":"2730870641","Số giấy phép ĐKKD":null,"Số giấy phép bưu chính":null,"Ngày bắt đầu hoạt động":null,"Tình trạng hoạt động":"Đang hoạt động","layer_id":368,"fid":1087,"label":"Bưu điện tỉnh Vĩnh Long"}},{"type":"Feature","geometry":{"type":"Point","coordinates":[106.1450427,10.15467449]},"properties":{"Doanh nghiệp bưu chính chuyển phát":"Bưu điện tỉnh Vĩnh Long","Điểm phục vụ bưu chính":"Tân Quới Trung","Địa chỉ":"Ấp Rạch Đôi, Xã Quới An","Điện thoại":"2703993882","Số giấy phép ĐKKD":null,"Số giấy phép bưu chính":null,"Ngày bắt đầu hoạt động":null,"Tình trạng hoạt động":"Đang hoạt động","layer_id":368,"fid":1088,"label":"Bưu điện tỉnh Vĩnh Long"}},{"type":"Feature","geometry":{"type":"Point","coordinates":[106.2323516,10.11126027]},"properties":{"Doanh nghiệp bưu chính chuyển phát":"Bưu điện tỉnh Vĩnh Long","Điểm phục vụ bưu chính":"Thanh Bình","Địa chỉ":"Ấp Thái Bình, Xã Quới Thiện","Điện thoại":"2703980693","Số giấy phép ĐKKD":null,"Số giấy phép bưu chính":null,"Ngày bắt đầu hoạt động":null,"Tình trạng hoạt động":"Đang hoạt động","layer_id":368,"fid":1089,"label":"Bưu điện tỉnh Vĩnh Long"}},{"type":"Feature","geometry":{"type":"Point","coordinates":[106.225075,10.15871503]},"properties":{"Doanh nghiệp bưu chính chuyển phát":"Bưu điện tỉnh Vĩnh Long","Điểm phục vụ bưu chính":"Quới Thiện","Địa chỉ":"Ấp Phú Thới, Xã Qưới Thiện","Điện thoại":"2703980699","Số giấy phép ĐKKD":null,"Số giấy phép bưu chính":null,"Ngày bắt đầu hoạt động":null,"Tình trạng hoạt động":"Đang hoạt động","layer_id":368,"fid":1090,"label":"Bưu điện tỉnh Vĩnh Long"}},{"type":"Feature","geometry":{"type":"Point","coordinates":[106.1137178,10.17558803]},"properties":{"Doanh nghiệp bưu chính chuyển phát":"Bưu điện tỉnh Vĩnh Long","Điểm phục vụ bưu chính":"Mang Thít","Địa chỉ":"Khóm 1, Xã Cái Nhum","Điện thoại":"2703840222","Số giấy phép ĐKKD":null,"Số giấy phép bưu chính":null,"Ngày bắt đầu hoạt động":null,"Tình trạng hoạt động":"Đang hoạt động","layer_id":368,"fid":1091,"label":"Bưu điện tỉnh Vĩnh Long"}},{"type":"Feature","geometry":{"type":"Point","coordinates":[106.1669567,10.16855099]},"properties":{"Doanh nghiệp bưu chính chuyển phát":"Bưu điện tỉnh Vĩnh Long","Điểm phục vụ bưu chính":"Chánh An","Địa chỉ":"Ấp Mỹ Chánh, Xã Cái Nhum","Điện thoại":"2703840658","Số giấy phép ĐKKD":null,"Số giấy phép bưu chính":null,"Ngày bắt đầu hoạt động":null,"Tình trạng hoạt động":"Đang hoạt động","layer_id":368,"fid":1092,"label":"Bưu điện tỉnh Vĩnh Long"}},{"type":"Feature","geometry":{"type":"Point","coordinates":[106.1398889,10.20321723]},"properties":{"Doanh nghiệp bưu chính chuyển phát":"Bưu điện tỉnh Vĩnh Long","Điểm phục vụ bưu chính":"An Phước","Địa chỉ":"Ấp Thanh Thủy, Xã Cái Nhum","Điện thoại":"2703840658","Số giấy phép ĐKKD":null,"Số giấy phép bưu chính":null,"Ngày bắt đầu hoạt động":null,"Tình trạng hoạt động":"Đang hoạt động","layer_id":368,"fid":1093,"label":"Bưu điện tỉnh Vĩnh Long"}},{"type":"Feature","geometry":{"type":"Point","coordinates":[106.0493047,10.23426541]},"properties":{"Doanh nghiệp bưu chính chuyển phát":"Bưu điện tỉnh Vĩnh Long","Điểm phục vụ bưu chính":"Mỹ An","Địa chỉ":"Ấp Hòa Long, Xã Nhơn Phú","Điện thoại":"2703849660","Số giấy phép ĐKKD":null,"Số giấy phép bưu chính":null,"Ngày bắt đầu hoạt động":null,"Tình trạng hoạt động":"Đang hoạt động","layer_id":368,"fid":1094,"label":"Bưu điện tỉnh Vĩnh Long"}},{"type":"Feature","geometry":{"type":"Point","coordinates":[106.0333401,10.20672342]},"properties":{"Doanh nghiệp bưu chính chuyển phát":"Bưu điện tỉnh Vĩnh Long","Điểm phục vụ bưu chính":"Bình Phước","Địa chỉ":"Ấp Phước Tường A, Xã Bình Phước","Điện thoại":"2703937442","Số giấy phép ĐKKD":null,"Số giấy phép bưu chính":null,"Ngày bắt đầu hoạt động":null,"Tình trạng hoạt động":"Đang hoạt động","layer_id":368,"fid":1095,"label":"Bưu điện tỉnh Vĩnh Long"}},{"type":"Feature","geometry":{"type":"Point","coordinates":[106.0189005,10.2211094]},"properties":{"Doanh nghiệp bưu chính chuyển phát":"Bưu điện tỉnh Vĩnh Long","Điểm phục vụ bưu chính":"Long Mỹ","Địa chỉ":"Ấp Long Phước, Xã Bình Phước","Điện thoại":"2703940555","Số giấy phép ĐKKD":null,"Số giấy phép bưu chính":null,"Ngày bắt đầu hoạt động":null,"Tình trạng hoạt động":"Đang hoạt động","layer_id":368,"fid":1096,"label":"Bưu điện tỉnh Vĩnh Long"}},{"type":"Feature","geometry":{"type":"Point","coordinates":[106.049253,10.14801358]},"properties":{"Doanh nghiệp bưu chính chuyển phát":"Bưu điện tỉnh Vĩnh Long","Điểm phục vụ bưu chính":"Tân Long","Địa chỉ":"Ấp Tân Hiệp, Xã Tân Long Hội","Điện thoại":"2703933222","Số giấy phép ĐKKD":null,"Số giấy phép bưu chính":null,"Ngày bắt đầu hoạt động":null,"Tình trạng hoạt động":"Đang hoạt động","layer_id":368,"fid":1097,"label":"Bưu điện tỉnh Vĩnh Long"}},{"type":"Feature","geometry":{"type":"Point","coordinates":[106.0862963,10.13107238]},"properties":{"Doanh nghiệp bưu chính chuyển phát":"Bưu điện tỉnh Vĩnh Long","Điểm phục vụ bưu chính":"Tân Long Hội","Địa chỉ":"Ấp Thanh Phong, Xã Tân Long Hội","Điện thoại":"2703874661","Số giấy phép ĐKKD":null,"Số giấy phép bưu chính":null,"Ngày bắt đầu hoạt động":null,"Tình trạng hoạt động":"Đang hoạt động","layer_id":368,"fid":1098,"label":"Bưu điện tỉnh Vĩnh Long"}},{"type":"Feature","geometry":{"type":"Point","coordinates":[106.3421175,9.93754604]},"properties":{"Doanh nghiệp bưu chính chuyển phát":"Bưu điện tỉnh Vĩnh Long","Điểm phục vụ bưu chính":"BĐKV Trà Vinh","Địa chỉ":"Số 70A đường Hùng Vương, phường Long Đức, tỉnh Vĩnh Long","Điện thoại":"2943855186","Số giấy phép ĐKKD":null,"Số giấy phép bưu chính":"55/GP-BTTTT","Ngày bắt đầu hoạt động":null,"Tình trạng hoạt động":"Đang hoạt động","layer_id":368,"fid":1099,"label":"Bưu điện tỉnh Vĩnh Long"}},{"type":"Feature","geometry":{"type":"Point","coordinates":[106.3416796,9.935440144]},"properties":{"Doanh nghiệp bưu chính chuyển phát":"Bưu điện tỉnh Vĩnh Long","Điểm phục vụ bưu chính":"Bưu cục Điện Biên Phủ","Địa chỉ":"Số 01 Điện Biên Phủ, phường Trà Vinh, tỉnh Vĩnh Long","Điện thoại":null,"Số giấy phép ĐKKD":null,"Số giấy phép bưu chính":"55/GP-BTTTT","Ngày bắt đầu hoạt động":null,"Tình trạng hoạt động":"Đang hoạt động","layer_id":368,"fid":1100,"label":"Bưu điện tỉnh Vĩnh Long"}},{"type":"Feature","geometry":{"type":"Point","coordinates":[106.3532323,9.97178204]},"properties":{"Doanh nghiệp bưu chính chuyển phát":"Bưu điện tỉnh Vĩnh Long","Điểm phục vụ bưu chính":"BĐVHX Long Đức","Địa chỉ":"ấp Sa Bình, phường Long Đức, tỉnh Vĩnh Long","Điện thoại":"949459009","Số giấy phép ĐKKD":null,"Số giấy phép bưu chính":"55/GP-BTTTT","Ngày bắt đầu hoạt động":null,"Tình trạng hoạt động":"Đang hoạt động","layer_id":368,"fid":1101,"label":"Bưu điện tỉnh Vĩnh Long"}},{"type":"Feature","geometry":{"type":"Point","coordinates":[106.3611812,9.946636232]},"properties":{"Doanh nghiệp bưu chính chuyển phát":"Bưu điện tỉnh Vĩnh Long","Điểm phục vụ bưu chính":"BĐVHX Hoà Thuận","Địa chỉ":"ấp Bích Trì, phường Hoà Thuận, tỉnh Vĩnh Long","Điện thoại":"947731140","Số giấy phép ĐKKD":null,"Số giấy phép bưu chính":"55/GP-BTTTT","Ngày bắt đầu hoạt động":null,"Tình trạng hoạt động":"Đang hoạt động","layer_id":368,"fid":1102,"label":"Bưu điện tỉnh Vĩnh Long"}},{"type":"Feature","geometry":{"type":"Point","coordinates":[106.3084762,9.93206127]},"properties":{"Doanh nghiệp bưu chính chuyển phát":"Bưu điện tỉnh Vĩnh Long","Điểm phục vụ bưu chính":"BĐVHX Nguyệt Hoá","Địa chỉ":"phường Nguyệt Hoá, tỉnh Vĩnh Long","Điện thoại":null,"Số giấy phép ĐKKD":null,"Số giấy phép bưu chính":"55/GP-BTTTT","Ngày bắt đầu hoạt động":null,"Tình trạng hoạt động":"Tạm dừng","layer_id":368,"fid":1103,"label":"Bưu điện tỉnh Vĩnh Long"}},{"type":"Feature","geometry":{"type":"Point","coordinates":[106.3384361,9.923447409]},"properties":{"Doanh nghiệp bưu chính chuyển phát":"Bưu điện tỉnh Vĩnh Long","Điểm phục vụ bưu chính":"Bưu cục KHL","Địa chỉ":"số 577, đường Mậu Thân, phường Trà Vinh, tỉnh Vĩnh Long","Điện thoại":"2943854666","Số giấy phép ĐKKD":null,"Số giấy phép bưu chính":"55/GP-BTTTT","Ngày bắt đầu hoạt động":null,"Tình trạng hoạt động":"Đang hoạt động","layer_id":368,"fid":1104,"label":"Bưu điện tỉnh Vĩnh Long"}},{"type":"Feature","geometry":{"type":"Point","coordinates":[106.2047454,9.994804391]},"properties":{"Doanh nghiệp bưu chính chuyển phát":"Bưu điện tỉnh Vĩnh Long","Điểm phục vụ bưu chính":"BĐKV Càng Long","Địa chỉ":"ấp Bờ Lộ Mới, xã Càng Long, tĩnh Vĩnh Long","Điện thoại":"2943882200","Số giấy phép ĐKKD":null,"Số giấy phép bưu chính":"55/GP-BTTTT","Ngày bắt đầu hoạt động":null,"Tình trạng hoạt động":"Đang hoạt động","layer_id":368,"fid":1105,"label":"Bưu điện tỉnh Vĩnh Long"}},{"type":"Feature","geometry":{"type":"Point","coordinates":[106.2329417,10.03132833]},"properties":{"Doanh nghiệp bưu chính chuyển phát":"Bưu điện tỉnh Vĩnh Long","Điểm phục vụ bưu chính":"BĐVHX Nhị Long Phú","Địa chỉ":"ấp Hiệp Phú, xã Càng Long, tỉnh Vĩnh Long","Điện thoại":"333674078","Số giấy phép ĐKKD":null,"Số giấy phép bưu chính":"55/GP-BTTTT","Ngày bắt đầu hoạt động":null,"Tình trạng hoạt động":"Đang hoạt động","layer_id":368,"fid":1106,"label":"Bưu điện tỉnh Vĩnh Long"}},{"type":"Feature","geometry":{"type":"Point","coordinates":[106.1699375,10.01957949]},"properties":{"Doanh nghiệp bưu chính chuyển phát":"Bưu điện tỉnh Vĩnh Long","Điểm phục vụ bưu chính":"BĐVHX Mỹ Cẩm","Địa chỉ":"ấp 4, xã Càng Long, tĩnh Vĩnh Long","Điện thoại":"384413019","Số giấy phép ĐKKD":null,"Số giấy phép bưu chính":"55/GP-BTTTT","Ngày bắt đầu hoạt động":null,"Tình trạng hoạt động":"Đang hoạt động","layer_id":368,"fid":1107,"label":"Bưu điện tỉnh Vĩnh Long"}},{"type":"Feature","geometry":{"type":"Point","coordinates":[106.2431812,9.95928071]},"properties":{"Doanh nghiệp bưu chính chuyển phát":"Bưu điện tỉnh Vĩnh Long","Điểm phục vụ bưu chính":"BĐVHX Bình Phú","Địa chỉ":"ấp Nguyệt Lãng B, xã Bình Phú, tỉnh Vĩnh Long","Điện thoại":"977361140","Số giấy phép ĐKKD":null,"Số giấy phép bưu chính":"55/GP-BTTTT","Ngày bắt đầu hoạt động":null,"Tình trạng hoạt động":"Đang hoạt động","layer_id":368,"fid":1108,"label":"Bưu điện tỉnh Vĩnh Long"}},{"type":"Feature","geometry":{"type":"Point","coordinates":[106.2792928,9.93878389]},"properties":{"Doanh nghiệp bưu chính chuyển phát":"Bưu điện tỉnh Vĩnh Long","Điểm phục vụ bưu chính":"BĐVHX Phương Thạnh","Địa chỉ":"ấp Đầu Giồng, xã Bình Phú, tỉnh Vĩnh Long","Điện thoại":"345440456","Số giấy phép ĐKKD":null,"Số giấy phép bưu chính":"55/GP-BTTTT","Ngày bắt đầu hoạt động":null,"Tình trạng hoạt động":"Đang hoạt động","layer_id":368,"fid":1109,"label":"Bưu điện tỉnh Vĩnh Long"}},{"type":"Feature","geometry":{"type":"Point","coordinates":[106.2929056,9.986714681]},"properties":{"Doanh nghiệp bưu chính chuyển phát":"Bưu điện tỉnh Vĩnh Long","Điểm phục vụ bưu chính":"BĐVHX Đại Phúc","Địa chỉ":"ấp Tân Định, xã Bình Phú, tỉnh Vĩnh Long","Điện thoại":null,"Số giấy phép ĐKKD":null,"Số giấy phép bưu chính":"55/GP-BTTTT","Ngày bắt đầu hoạt động":null,"Tình trạng hoạt động":"Tạm dừng","layer_id":368,"fid":1110,"label":"Bưu điện tỉnh Vĩnh Long"}},{"type":"Feature","geometry":{"type":"Point","coordinates":[106.1533557,9.909779272]},"properties":{"Doanh nghiệp bưu chính chuyển phát":"Bưu điện tỉnh Vĩnh Long","Điểm phục vụ bưu chính":"BĐVHX Tân An","Địa chỉ":"ấp Tân An Chợ, xã Tân An, tỉnh Vĩnh Long","Điện thoại":"949643829","Số giấy phép ĐKKD":null,"Số giấy phép bưu chính":"55/GP-BTTTT","Ngày bắt đầu hoạt động":null,"Tình trạng hoạt động":"Đang hoạt động","layer_id":368,"fid":1111,"label":"Bưu điện tỉnh Vĩnh Long"}},{"type":"Feature","geometry":{"type":"Point","coordinates":[106.2289954,9.92550514]},"properties":{"Doanh nghiệp bưu chính chuyển phát":"Bưu điện tỉnh Vĩnh Long","Điểm phục vụ bưu chính":"BĐVHX Huyền Hội","Địa chỉ":"ấp Lưu Tư, xã Tân An, tỉnh Vĩnh Long","Điện thoại":"939660783","Số giấy phép ĐKKD":null,"Số giấy phép bưu chính":"55/GP-BTTTT","Ngày bắt đầu hoạt động":null,"Tình trạng hoạt động":"Đang hoạt động","layer_id":368,"fid":1112,"label":"Bưu điện tỉnh Vĩnh Long"}},{"type":"Feature","geometry":{"type":"Point","coordinates":[106.265535,10.00790466]},"properties":{"Doanh nghiệp bưu chính chuyển phát":"Bưu điện tỉnh Vĩnh Long","Điểm phục vụ bưu chính":"BĐVHX Nhị Long","Địa chỉ":"ấp Đon, xã Nhị Long, tỉnh Vĩnh Long","Điện thoại":"932939223","Số giấy phép ĐKKD":null,"Số giấy phép bưu chính":"55/GP-BTTTT","Ngày bắt đầu hoạt động":null,"Tình trạng hoạt động":"Đang hoạt động","layer_id":368,"fid":1113,"label":"Bưu điện tỉnh Vĩnh Long"}},{"type":"Feature","geometry":{"type":"Point","coordinates":[106.2858636,10.03924676]},"properties":{"Doanh nghiệp bưu chính chuyển phát":"Bưu điện tỉnh Vĩnh Long","Điểm phục vụ bưu chính":"BĐVHX Đức Mỹ","Địa chỉ":"ấp Đức Mỹ, xã Nhị Long, tỉnh Vĩnh Long","Điện thoại":"394789540","Số giấy phép ĐKKD":null,"Số giấy phép bưu chính":"55/GP-BTTTT","Ngày bắt đầu hoạt động":null,"Tình trạng hoạt động":"Đang hoạt động","layer_id":368,"fid":1114,"label":"Bưu điện tỉnh Vĩnh Long"}},{"type":"Feature","geometry":{"type":"Point","coordinates":[106.281609,10.00611233]},"properties":{"Doanh nghiệp bưu chính chuyển phát":"Bưu điện tỉnh Vĩnh Long","Điểm phục vụ bưu chính":"BĐVHX Đại Phước","Địa chỉ":"ấp Long Hoà, xã Nhị Long, tỉnh Vĩnh Long","Điện thoại":null,"Số giấy phép ĐKKD":null,"Số giấy phép bưu chính":"55/GP-BTTTT","Ngày bắt đầu hoạt động":null,"Tình trạng hoạt động":"Tạm dừng","layer_id":368,"fid":1115,"label":"Bưu điện tỉnh Vĩnh Long"}},{"type":"Feature","geometry":{"type":"Point","coordinates":[106.1739363,9.947833773]},"properties":{"Doanh nghiệp bưu chính chuyển phát":"Bưu điện tỉnh Vĩnh Long","Điểm phục vụ bưu chính":"BĐVHX An Trường","Địa chỉ":"ấp 7A, xã An Trường, tỉnh Vĩnh Long","Điện thoại":"835332533","Số giấy phép ĐKKD":null,"Số giấy phép bưu chính":"55/GP-BTTTT","Ngày bắt đầu hoạt động":null,"Tình trạng hoạt động":"Đang hoạt động","layer_id":368,"fid":1116,"label":"Bưu điện tỉnh Vĩnh Long"}},{"type":"Feature","geometry":{"type":"Point","coordinates":[106.1351651,10.000801]},"properties":{"Doanh nghiệp bưu chính chuyển phát":"Bưu điện tỉnh Vĩnh Long","Điểm phục vụ bưu chính":"BĐVHX An Trường A","Địa chỉ":"ấp 9B, xã An Trường, tỉnh Vĩnh Long","Điện thoại":"947638199","Số giấy phép ĐKKD":null,"Số giấy phép bưu chính":"55/GP-BTTTT","Ngày bắt đầu hoạt động":null,"Tình trạng hoạt động":"Đang hoạt động","layer_id":368,"fid":1117,"label":"Bưu điện tỉnh Vĩnh Long"}},{"type":"Feature","geometry":{"type":"Point","coordinates":[106.1509133,9.91964238]},"properties":{"Doanh nghiệp bưu chính chuyển phát":"Bưu điện tỉnh Vĩnh Long","Điểm phục vụ bưu chính":"BĐVHX Tân Bình","Địa chỉ":"ấp An Định Cầu, xã An Trường, tỉnh Vĩnh Long","Điện thoại":null,"Số giấy phép ĐKKD":null,"Số giấy phép bưu chính":"55/GP-BTTTT","Ngày bắt đầu hoạt động":null,"Tình trạng hoạt động":"Tạm dừng","layer_id":368,"fid":1118,"label":"Bưu điện tỉnh Vĩnh Long"}},{"type":"Feature","geometry":{"type":"Point","coordinates":[106.0561117,9.87105921]},"properties":{"Doanh nghiệp bưu chính chuyển phát":"Bưu điện tỉnh Vĩnh Long","Điểm phục vụ bưu chính":"BĐKV Cầu Kè","Địa chỉ":"Số 201, Đường 30/4, ấp 5, xã Cầu Kè, tỉnh Vĩnh Long","Điện thoại":"2943834444","Số giấy phép ĐKKD":null,"Số giấy phép bưu chính":"55/GP-BTTTT","Ngày bắt đầu hoạt động":null,"Tình trạng hoạt động":"Đang hoạt động","layer_id":368,"fid":1119,"label":"Bưu điện tỉnh Vĩnh Long"}},{"type":"Feature","geometry":{"type":"Point","coordinates":[106.0790544,9.86100084]},"properties":{"Doanh nghiệp bưu chính chuyển phát":"Bưu điện tỉnh Vĩnh Long","Điểm phục vụ bưu chính":"BĐVHX Châu Điền","Địa chỉ":"ấp Ô Tưng A, xã Cầu Kè, tỉnh Vĩnh Long","Điện thoại":"358155825","Số giấy phép ĐKKD":null,"Số giấy phép bưu chính":"55/GP-BTTTT","Ngày bắt đầu hoạt động":null,"Tình trạng hoạt động":"Đang hoạt động","layer_id":368,"fid":1120,"label":"Bưu điện tỉnh Vĩnh Long"}},{"type":"Feature","geometry":{"type":"Point","coordinates":[106.0701271,9.88721456]},"properties":{"Doanh nghiệp bưu chính chuyển phát":"Bưu điện tỉnh Vĩnh Long","Điểm phục vụ bưu chính":"BĐVHX Hòa Ân","Địa chỉ":"ấp Trà Kháo, xã Cầu Kè, tỉnh Vĩnh Long","Điện thoại":"901025797","Số giấy phép ĐKKD":null,"Số giấy phép bưu chính":"55/GP-BTTTT","Ngày bắt đầu hoạt động":null,"Tình trạng hoạt động":"Đang hoạt động","layer_id":368,"fid":1121,"label":"Bưu điện tỉnh Vĩnh Long"}},{"type":"Feature","geometry":{"type":"Point","coordinates":[106.1124853,9.93738365]},"properties":{"Doanh nghiệp bưu chính chuyển phát":"Bưu điện tỉnh Vĩnh Long","Điểm phục vụ bưu chính":"BĐVHX Thạnh Phú","Địa chỉ":"ấp 3, xã Tam Ngãi, tỉnh Vĩnh Long","Điện thoại":"939817617","Số giấy phép ĐKKD":null,"Số giấy phép bưu chính":"55/GP-BTTTT","Ngày bắt đầu hoạt động":null,"Tình trạng hoạt động":"Đang hoạt động","layer_id":368,"fid":1122,"label":"Bưu điện tỉnh Vĩnh Long"}},{"type":"Feature","geometry":{"type":"Point","coordinates":[106.0453897,9.89808393]},"properties":{"Doanh nghiệp bưu chính chuyển phát":"Bưu điện tỉnh Vĩnh Long","Điểm phục vụ bưu chính":"BĐVHX Tam Ngãi","Địa chỉ":"ấp Bà My, xã Tam Ngãi, tỉnh Vĩnh Long","Điện thoại":"363935231","Số giấy phép ĐKKD":null,"Số giấy phép bưu chính":"55/GP-BTTTT","Ngày bắt đầu hoạt động":null,"Tình trạng hoạt động":"Đang hoạt động","layer_id":368,"fid":1123,"label":"Bưu điện tỉnh Vĩnh Long"}},{"type":"Feature","geometry":{"type":"Point","coordinates":[106.1128803,9.90822451]},"properties":{"Doanh nghiệp bưu chính chuyển phát":"Bưu điện tỉnh Vĩnh Long","Điểm phục vụ bưu chính":"BĐVHX Thông Hòa","Địa chỉ":"ấp Trà Ốt, xã Tam Ngãi, tỉnh Vĩnh Long","Điện thoại":"939889950","Số giấy phép ĐKKD":null,"Số giấy phép bưu chính":"55/GP-BTTTT","Ngày bắt đầu hoạt động":null,"Tình trạng hoạt động":"Đang hoạt động","layer_id":368,"fid":1124,"label":"Bưu điện tỉnh Vĩnh Long"}},{"type":"Feature","geometry":{"type":"Point","coordinates":[106.0160922,9.87650177]},"properties":{"Doanh nghiệp bưu chính chuyển phát":"Bưu điện tỉnh Vĩnh Long","Điểm phục vụ bưu chính":"BĐVHX An Phú Tân","Địa chỉ":"ấp An Trại, xã An Phú Tân, tỉnh Vĩnh Long","Điện thoại":"963887071","Số giấy phép ĐKKD":null,"Số giấy phép bưu chính":"55/GP-BTTTT","Ngày bắt đầu hoạt động":null,"Tình trạng hoạt động":"Đang hoạt động","layer_id":368,"fid":1125,"label":"Bưu điện tỉnh Vĩnh Long"}},{"type":"Feature","geometry":{"type":"Point","coordinates":[106.0311511,9.85489174]},"properties":{"Doanh nghiệp bưu chính chuyển phát":"Bưu điện tỉnh Vĩnh Long","Điểm phục vụ bưu chính":"BĐVHX Hòa Tân","Địa chỉ":"ấp Chông Nô 3, xã An Phú Tân, tỉnh Vĩnh Long","Điện thoại":"366749402","Số giấy phép ĐKKD":null,"Số giấy phép bưu chính":"55/GP-BTTTT","Ngày bắt đầu hoạt động":null,"Tình trạng hoạt động":"Đang hoạt động","layer_id":368,"fid":1126,"label":"Bưu điện tỉnh Vĩnh Long"}},{"type":"Feature","geometry":{"type":"Point","coordinates":[106.0929259,9.8485011]},"properties":{"Doanh nghiệp bưu chính chuyển phát":"Bưu điện tỉnh Vĩnh Long","Điểm phục vụ bưu chính":"BĐVHX Phong Phú","Địa chỉ":"ấp Kinh Xáng, xã Phong Thạnh, tỉnh Vĩnh Long","Điện thoại":"362874361","Số giấy phép ĐKKD":null,"Số giấy phép bưu chính":"55/GP-BTTTT","Ngày bắt đầu hoạt động":null,"Tình trạng hoạt động":"Đang hoạt động","layer_id":368,"fid":1127,"label":"Bưu điện tỉnh Vĩnh Long"}},{"type":"Feature","geometry":{"type":"Point","coordinates":[106.0799145,9.79648351]},"properties":{"Doanh nghiệp bưu chính chuyển phát":"Bưu điện tỉnh Vĩnh Long","Điểm phục vụ bưu chính":"BĐVHX Ninh Thới","Địa chỉ":"ấp Mỹ Văn, xã Phong Thạnh, tỉnh Vĩnh Long","Điện thoại":"916109526","Số giấy phép ĐKKD":null,"Số giấy phép bưu chính":"55/GP-BTTTT","Ngày bắt đầu hoạt động":null,"Tình trạng hoạt động":"Đang hoạt động","layer_id":368,"fid":1128,"label":"Bưu điện tỉnh Vĩnh Long"}},{"type":"Feature","geometry":{"type":"Point","coordinates":[106.1229033,9.84073813]},"properties":{"Doanh nghiệp bưu chính chuyển phát":"Bưu điện tỉnh Vĩnh Long","Điểm phục vụ bưu chính":"BĐVHX Phong Thạnh","Địa chỉ":"ấp 2, xã Phong Thạnh, tỉnh Vĩnh Long","Điện thoại":null,"Số giấy phép ĐKKD":null,"Số giấy phép bưu chính":"55/GP-BTTTT","Ngày bắt đầu hoạt động":null,"Tình trạng hoạt động":"Đang hoạt động","layer_id":368,"fid":1129,"label":"Bưu điện tỉnh Vĩnh Long"}},{"type":"Feature","geometry":{"type":"Point","coordinates":[106.1895445,9.81256806]},"properties":{"Doanh nghiệp bưu chính chuyển phát":"Bưu điện tỉnh Vĩnh Long","Điểm phục vụ bưu chính":"BĐKV Tiểu Cần","Địa chỉ":"xã Tiểu Cần, tỉnh Vĩnh Long","Điện thoại":"2943822948","Số giấy phép ĐKKD":null,"Số giấy phép bưu chính":"55/GP-BTTTT","Ngày bắt đầu hoạt động":null,"Tình trạng hoạt động":"Đang hoạt động","layer_id":368,"fid":1130,"label":"Bưu điện tỉnh Vĩnh Long"}},{"type":"Feature","geometry":{"type":"Point","coordinates":[106.1809122,9.80331527]},"properties":{"Doanh nghiệp bưu chính chuyển phát":"Bưu điện tỉnh Vĩnh Long","Điểm phục vụ bưu chính":"BĐVHX Phú Cần","Địa chỉ":"ấp Đại Mong, xã Tiểu Cần, tỉnh Vĩnh Long","Điện thoại":null,"Số giấy phép ĐKKD":null,"Số giấy phép bưu chính":"55/GP-BTTTT","Ngày bắt đầu hoạt động":null,"Tình trạng hoạt động":"Tạm dừng","layer_id":368,"fid":1131,"label":"Bưu điện tỉnh Vĩnh Long"}},{"type":"Feature","geometry":{"type":"Point","coordinates":[106.1777433,9.85744249]},"properties":{"Doanh nghiệp bưu chính chuyển phát":"Bưu điện tỉnh Vĩnh Long","Điểm phục vụ bưu chính":"BĐVHX Hiếu Trung","Địa chỉ":"ấp Phú Thọ 2, xã Tiểu Cần, tỉnh Vĩnh Long","Điện thoại":"837296448","Số giấy phép ĐKKD":null,"Số giấy phép bưu chính":"55/GP-BTTTT","Ngày bắt đầu hoạt động":null,"Tình trạng hoạt động":"Đang hoạt động","layer_id":368,"fid":1132,"label":"Bưu điện tỉnh Vĩnh Long"}},{"type":"Feature","geometry":{"type":"Point","coordinates":[106.1502336,9.781606396]},"properties":{"Doanh nghiệp bưu chính chuyển phát":"Bưu điện tỉnh Vĩnh Long","Điểm phục vụ bưu chính":"BĐVHX Long Thới","Địa chỉ":"ấp Trinh Phụ, xã Tân Hoà, tỉnh Vĩnh Long","Điện thoại":"931111625","Số giấy phép ĐKKD":null,"Số giấy phép bưu chính":"55/GP-BTTTT","Ngày bắt đầu hoạt động":null,"Tình trạng hoạt động":"Đang hoạt động","layer_id":368,"fid":1133,"label":"Bưu điện tỉnh Vĩnh Long"}},{"type":"Feature","geometry":{"type":"Point","coordinates":[106.159866,9.763133]},"properties":{"Doanh nghiệp bưu chính chuyển phát":"Bưu điện tỉnh Vĩnh Long","Điểm phục vụ bưu chính":"BĐVHX Tân Hòa","Địa chỉ":"ấp Tân Thành Đông, xã Tân Hoà, tỉnh Vĩnh Long","Điện thoại":"907573334","Số giấy phép ĐKKD":null,"Số giấy phép bưu chính":"55/GP-BTTTT","Ngày bắt đầu hoạt động":null,"Tình trạng hoạt động":"Đang hoạt động","layer_id":368,"fid":1134,"label":"Bưu điện tỉnh Vĩnh Long"}},{"type":"Feature","geometry":{"type":"Point","coordinates":[106.1316291,9.769460129]},"properties":{"Doanh nghiệp bưu chính chuyển phát":"Bưu điện tỉnh Vĩnh Long","Điểm phục vụ bưu chính":"BĐVHX Cầu Quan","Địa chỉ":"ấp 1, xã Tân Hoà, tỉnh Vĩnh Long","Điện thoại":"2943616484","Số giấy phép ĐKKD":null,"Số giấy phép bưu chính":"55/GP-BTTTT","Ngày bắt đầu hoạt động":null,"Tình trạng hoạt động":"Đang hoạt động","layer_id":368,"fid":1135,"label":"Bưu điện tỉnh Vĩnh Long"}},{"type":"Feature","geometry":{"type":"Point","coordinates":[106.281586,9.807095]},"properties":{"Doanh nghiệp bưu chính chuyển phát":"Bưu điện tỉnh Vĩnh Long","Điểm phục vụ bưu chính":"BĐVHX Tập Ngãi","Địa chỉ":"ấp Ngô Văn Kiệt, xã Tập Ngãi, tỉnh Vĩnh Long","Điện thoại":"2943618100","Số giấy phép ĐKKD":null,"Số giấy phép bưu chính":"55/GP-BTTTT","Ngày bắt đầu hoạt động":null,"Tình trạng hoạt động":"Đang hoạt động","layer_id":368,"fid":1136,"label":"Bưu điện tỉnh Vĩnh Long"}},{"type":"Feature","geometry":{"type":"Point","coordinates":[106.3008327,9.633378512]},"properties":{"Doanh nghiệp bưu chính chuyển phát":"Bưu điện tỉnh Vĩnh Long","Điểm phục vụ bưu chính":"BĐVHX Định An","Địa chỉ":"ấp Chợ, xã Đại An, tỉnh Vĩnh Long","Điện thoại":null,"Số giấy phép ĐKKD":null,"Số giấy phép bưu chính":"55/GP-BTTTT","Ngày bắt đầu hoạt động":null,"Tình trạng hoạt động":"tạm dừng","layer_id":368,"fid":1157,"label":"Bưu điện tỉnh Vĩnh Long"}},{"type":"Feature","geometry":{"type":"Point","coordinates":[106.2060501,9.857761616]},"properties":{"Doanh nghiệp bưu chính chuyển phát":"Bưu điện tỉnh Vĩnh Long","Điểm phục vụ bưu chính":"BĐVHX Hiếu Tử","Địa chỉ":"ấp Tân Đại, xã Tập Ngãi, tỉnh Vĩnh Long","Điện thoại":"2943619100","Số giấy phép ĐKKD":null,"Số giấy phép bưu chính":"55/GP-BTTTT","Ngày bắt đầu hoạt động":null,"Tình trạng hoạt động":"Đang hoạt động","layer_id":368,"fid":1137,"label":"Bưu điện tỉnh Vĩnh Long"}},{"type":"Feature","geometry":{"type":"Point","coordinates":[106.2060859,9.764786727]},"properties":{"Doanh nghiệp bưu chính chuyển phát":"Bưu điện tỉnh Vĩnh Long","Điểm phục vụ bưu chính":"BĐVHX Hùng Hòa","Địa chỉ":"ấp Từ Ô, xã Hùng Hoà, tỉnh Vĩnh Long","Điện thoại":"335233845","Số giấy phép ĐKKD":null,"Số giấy phép bưu chính":"55/GP-BTTTT","Ngày bắt đầu hoạt động":null,"Tình trạng hoạt động":"Đang hoạt động","layer_id":368,"fid":1138,"label":"Bưu điện tỉnh Vĩnh Long"}},{"type":"Feature","geometry":{"type":"Point","coordinates":[106.2030024,9.79416867]},"properties":{"Doanh nghiệp bưu chính chuyển phát":"Bưu điện tỉnh Vĩnh Long","Điểm phục vụ bưu chính":"BĐVHX Tân Hùng","Địa chỉ":"ấp Chợ, xã Hùng Hoà, tỉnh Vĩnh Long","Điện thoại":"917433009","Số giấy phép ĐKKD":null,"Số giấy phép bưu chính":"55/GP-BTTTT","Ngày bắt đầu hoạt động":null,"Tình trạng hoạt động":"Đang hoạt động","layer_id":368,"fid":1139,"label":"Bưu điện tỉnh Vĩnh Long"}},{"type":"Feature","geometry":{"type":"Point","coordinates":[106.2529722,9.783729951]},"properties":{"Doanh nghiệp bưu chính chuyển phát":"Bưu điện tỉnh Vĩnh Long","Điểm phục vụ bưu chính":"BĐVHX Ngãi Hùng","Địa chỉ":"ấp Ngãi Hưng, xã Hùng Hoà, tỉnh Vĩnh Long","Điện thoại":"909207307","Số giấy phép ĐKKD":null,"Số giấy phép bưu chính":"55/GP-BTTTT","Ngày bắt đầu hoạt động":null,"Tình trạng hoạt động":"Đang hoạt động","layer_id":368,"fid":1140,"label":"Bưu điện tỉnh Vĩnh Long"}},{"type":"Feature","geometry":{"type":"Point","coordinates":[106.3475068,9.87127975]},"properties":{"Doanh nghiệp bưu chính chuyển phát":"Bưu điện tỉnh Vĩnh Long","Điểm phục vụ bưu chính":"BĐKV Châu Thành","Địa chỉ":"Số 207, Đường 2/9, ấp 2, xã Châu Thành, tỉnh Vĩnh Long","Điện thoại":"2943872200","Số giấy phép ĐKKD":null,"Số giấy phép bưu chính":"55/GP-BTTTT","Ngày bắt đầu hoạt động":null,"Tình trạng hoạt động":"Đang hoạt động","layer_id":368,"fid":1141,"label":"Bưu điện tỉnh Vĩnh Long"}},{"type":"Feature","geometry":{"type":"Point","coordinates":[106.3527953,9.846871867]},"properties":{"Doanh nghiệp bưu chính chuyển phát":"Bưu điện tỉnh Vĩnh Long","Điểm phục vụ bưu chính":"BĐVHX Đa Lộc","Địa chỉ":"ấp Hương Phụ A, xã Châu Thành, tỉnh Vĩnh Long","Điện thoại":null,"Số giấy phép ĐKKD":null,"Số giấy phép bưu chính":"55/GP-BTTTT","Ngày bắt đầu hoạt động":null,"Tình trạng hoạt động":"Tạm dừng","layer_id":368,"fid":1142,"label":"Bưu điện tỉnh Vĩnh Long"}},{"type":"Feature","geometry":{"type":"Point","coordinates":[106.3519987,9.825346401]},"properties":{"Doanh nghiệp bưu chính chuyển phát":"Bưu điện tỉnh Vĩnh Long","Điểm phục vụ bưu chính":"BĐVHX Mỹ Chánh","Địa chỉ":"ấp Đầu Giồng A, xã Châu Thành, tỉnh Vĩnh Long","Điện thoại":"834654818","Số giấy phép ĐKKD":null,"Số giấy phép bưu chính":"55/GP-BTTTT","Ngày bắt đầu hoạt động":null,"Tình trạng hoạt động":"Đang hoạt động","layer_id":368,"fid":1143,"label":"Bưu điện tỉnh Vĩnh Long"}},{"type":"Feature","geometry":{"type":"Point","coordinates":[106.3025913,9.81300806]},"properties":{"Doanh nghiệp bưu chính chuyển phát":"Bưu điện tỉnh Vĩnh Long","Điểm phục vụ bưu chính":"BĐVHX Thanh Mỹ","Địa chỉ":"ấp Kinh Xuôi, xã Châu Thành, tỉnh Vĩnh Long","Điện thoại":"357879229","Số giấy phép ĐKKD":null,"Số giấy phép bưu chính":"55/GP-BTTTT","Ngày bắt đầu hoạt động":null,"Tình trạng hoạt động":"Đang hoạt động","layer_id":368,"fid":1144,"label":"Bưu điện tỉnh Vĩnh Long"}},{"type":"Feature","geometry":{"type":"Point","coordinates":[106.3123604,9.90716252]},"properties":{"Doanh nghiệp bưu chính chuyển phát":"Bưu điện tỉnh Vĩnh Long","Điểm phục vụ bưu chính":"BĐVHX Lương Hòa","Địa chỉ":"ấp Sâm Bua, xã Song Lộc, tỉnh Vĩnh Long","Điện thoại":"949386688","Số giấy phép ĐKKD":null,"Số giấy phép bưu chính":"55/GP-BTTTT","Ngày bắt đầu hoạt động":null,"Tình trạng hoạt động":"Đang hoạt động","layer_id":368,"fid":1145,"label":"Bưu điện tỉnh Vĩnh Long"}},{"type":"Feature","geometry":{"type":"Point","coordinates":[106.2813755,9.85934054]},"properties":{"Doanh nghiệp bưu chính chuyển phát":"Bưu điện tỉnh Vĩnh Long","Điểm phục vụ bưu chính":"BĐVHX Lương Hòa A","Địa chỉ":"ấp Ô Bắp, xã Song Lộc, tỉnh Vĩnh Long","Điện thoại":"384959383","Số giấy phép ĐKKD":null,"Số giấy phép bưu chính":"55/GP-BTTTT","Ngày bắt đầu hoạt động":null,"Tình trạng hoạt động":"Đang hoạt động","layer_id":368,"fid":1146,"label":"Bưu điện tỉnh Vĩnh Long"}},{"type":"Feature","geometry":{"type":"Point","coordinates":[106.2663611,9.8964462]},"properties":{"Doanh nghiệp bưu chính chuyển phát":"Bưu điện tỉnh Vĩnh Long","Điểm phục vụ bưu chính":"BĐVHX Song Lộc","Địa chỉ":"ấp Phú Lân, xã Song Lộc, tỉnh Vĩnh Long","Điện thoại":"917013276","Số giấy phép ĐKKD":null,"Số giấy phép bưu chính":"55/GP-BTTTT","Ngày bắt đầu hoạt động":null,"Tình trạng hoạt động":"Đang hoạt động","layer_id":368,"fid":1147,"label":"Bưu điện tỉnh Vĩnh Long"}},{"type":"Feature","geometry":{"type":"Point","coordinates":[106.3768468,9.9136384]},"properties":{"Doanh nghiệp bưu chính chuyển phát":"Bưu điện tỉnh Vĩnh Long","Điểm phục vụ bưu chính":"BĐVHX Hòa Lợi","Địa chỉ":"ấp Qui Nông A, xã Hưng Mỹ, tỉnh Vĩnh Long","Điện thoại":"979153534","Số giấy phép ĐKKD":null,"Số giấy phép bưu chính":"55/GP-BTTTT","Ngày bắt đầu hoạt động":null,"Tình trạng hoạt động":"Đang hoạt động","layer_id":368,"fid":1148,"label":"Bưu điện tỉnh Vĩnh Long"}},{"type":"Feature","geometry":{"type":"Point","coordinates":[106.3957361,9.88089776]},"properties":{"Doanh nghiệp bưu chính chuyển phát":"Bưu điện tỉnh Vĩnh Long","Điểm phục vụ bưu chính":"BĐVHX Phước Hảo","Địa chỉ":"ấp Đại Thôn, xã Hưng Mỹ, tỉnh Vĩnh Long","Điện thoại":"977994845","Số giấy phép ĐKKD":null,"Số giấy phép bưu chính":"55/GP-BTTTT","Ngày bắt đầu hoạt động":null,"Tình trạng hoạt động":"Đang hoạt động","layer_id":368,"fid":1149,"label":"Bưu điện tỉnh Vĩnh Long"}},{"type":"Feature","geometry":{"type":"Point","coordinates":[106.4195133,9.90360913]},"properties":{"Doanh nghiệp bưu chính chuyển phát":"Bưu điện tỉnh Vĩnh Long","Điểm phục vụ bưu chính":"BĐVHX Hưng Mỹ","Địa chỉ":"ấp Đại Thôn, xã Hưng Mỹ, tỉnh Vĩnh Long","Điện thoại":"355938219","Số giấy phép ĐKKD":null,"Số giấy phép bưu chính":"55/GP-BTTTT","Ngày bắt đầu hoạt động":null,"Tình trạng hoạt động":"Đang hoạt động","layer_id":368,"fid":1150,"label":"Bưu điện tỉnh Vĩnh Long"}},{"type":"Feature","geometry":{"type":"Point","coordinates":[106.471499,9.905812]},"properties":{"Doanh nghiệp bưu chính chuyển phát":"Bưu điện tỉnh Vĩnh Long","Điểm phục vụ bưu chính":"BĐVHX Hòa Minh","Địa chỉ":"ấp Đại Thôn A, xã Hoà Minh, tỉnh Vĩnh Long","Điện thoại":"365911622","Số giấy phép ĐKKD":null,"Số giấy phép bưu chính":"55/GP-BTTTT","Ngày bắt đầu hoạt động":null,"Tình trạng hoạt động":"Đang hoạt động","layer_id":368,"fid":1151,"label":"Bưu điện tỉnh Vĩnh Long"}},{"type":"Feature","geometry":{"type":"Point","coordinates":[106.496361,9.892468]},"properties":{"Doanh nghiệp bưu chính chuyển phát":"Bưu điện tỉnh Vĩnh Long","Điểm phục vụ bưu chính":"BĐVHX Long Hòa","Địa chỉ":"ấp Rạch Gốc, xã Long Hoà, tỉnh Vĩnh Long","Điện thoại":"976730856","Số giấy phép ĐKKD":null,"Số giấy phép bưu chính":"55/GP-BTTTT","Ngày bắt đầu hoạt động":null,"Tình trạng hoạt động":"Đang hoạt động","layer_id":368,"fid":1152,"label":"Bưu điện tỉnh Vĩnh Long"}},{"type":"Feature","geometry":{"type":"Point","coordinates":[106.2597775,9.68930647]},"properties":{"Doanh nghiệp bưu chính chuyển phát":"Bưu điện tỉnh Vĩnh Long","Điểm phục vụ bưu chính":"BĐKV Trà Cú","Địa chỉ":"Số 220, Đường 3/2, ấp 4, xã Trà Cú, tĩnh Vĩnh Long","Điện thoại":"2943874444","Số giấy phép ĐKKD":null,"Số giấy phép bưu chính":"55/GP-BTTTT","Ngày bắt đầu hoạt động":null,"Tình trạng hoạt động":"Đang hoạt động","layer_id":368,"fid":1153,"label":"Bưu điện tỉnh Vĩnh Long"}},{"type":"Feature","geometry":{"type":"Point","coordinates":[106.2922323,9.68920371]},"properties":{"Doanh nghiệp bưu chính chuyển phát":"Bưu điện tỉnh Vĩnh Long","Điểm phục vụ bưu chính":"BĐVHX Thanh Sơn","Địa chỉ":"ấp Giồng Ông Thình, xã Trà Cú, tĩnh Vĩnh Long","Điện thoại":"914951733","Số giấy phép ĐKKD":null,"Số giấy phép bưu chính":"55/GP-BTTTT","Ngày bắt đầu hoạt động":null,"Tình trạng hoạt động":"Đang hoạt động","layer_id":368,"fid":1154,"label":"Bưu điện tỉnh Vĩnh Long"}},{"type":"Feature","geometry":{"type":"Point","coordinates":[106.259403,9.704731]},"properties":{"Doanh nghiệp bưu chính chuyển phát":"Bưu điện tỉnh Vĩnh Long","Điểm phục vụ bưu chính":"BĐVHX Ngãi Xuyên","Địa chỉ":"ấp Xoài Xiêm, xã Trà Cú, tĩnh Vĩnh Long","Điện thoại":"916180888","Số giấy phép ĐKKD":null,"Số giấy phép bưu chính":"55/GP-BTTTT","Ngày bắt đầu hoạt động":null,"Tình trạng hoạt động":"Đang hoạt động","layer_id":368,"fid":1155,"label":"Bưu điện tỉnh Vĩnh Long"}},{"type":"Feature","geometry":{"type":"Point","coordinates":[106.3025191,9.63909906]},"properties":{"Doanh nghiệp bưu chính chuyển phát":"Bưu điện tỉnh Vĩnh Long","Điểm phục vụ bưu chính":"Bưu cục 3 Đại An","Địa chỉ":"ấp Chợ, xã Đại An, tỉnh Vĩnh Long","Điện thoại":"2943878200","Số giấy phép ĐKKD":null,"Số giấy phép bưu chính":"55/GP-BTTTT","Ngày bắt đầu hoạt động":null,"Tình trạng hoạt động":"Đang hoạt động","layer_id":368,"fid":1156,"label":"Bưu điện tỉnh Vĩnh Long"}},{"type":"Feature","geometry":{"type":"Point","coordinates":[106.2877677,9.61562563]},"properties":{"Doanh nghiệp bưu chính chuyển phát":"Bưu điện tỉnh Vĩnh Long","Điểm phục vụ bưu chính":"BĐVHX TT Định An","Địa chỉ":"ấp 4, xã Đại An, tỉnh Vĩnh Long","Điện thoại":"942727700","Số giấy phép ĐKKD":null,"Số giấy phép bưu chính":"55/GP-BTTTT","Ngày bắt đầu hoạt động":null,"Tình trạng hoạt động":"Đang hoạt động","layer_id":368,"fid":1158,"label":"Bưu điện tỉnh Vĩnh Long"}},{"type":"Feature","geometry":{"type":"Point","coordinates":[106.2618481,9.738219822]},"properties":{"Doanh nghiệp bưu chính chuyển phát":"Bưu điện tỉnh Vĩnh Long","Điểm phục vụ bưu chính":"BĐVHX Tập Sơn","Địa chỉ":"ấp Chợ, xã Tập Sơn, tỉnh Vĩnh Long","Điện thoại":"855098698","Số giấy phép ĐKKD":null,"Số giấy phép bưu chính":"55/GP-BTTTT","Ngày bắt đầu hoạt động":null,"Tình trạng hoạt động":"Đang hoạt động","layer_id":368,"fid":1159,"label":"Bưu điện tỉnh Vĩnh Long"}},{"type":"Feature","geometry":{"type":"Point","coordinates":[106.311156,9.76067367]},"properties":{"Doanh nghiệp bưu chính chuyển phát":"Bưu điện tỉnh Vĩnh Long","Điểm phục vụ bưu chính":"BĐVHX Phước Hưng","Địa chỉ":"ấp Chợ, xã Tập Sơn, tỉnh Vĩnh Long","Điện thoại":"2943877200","Số giấy phép ĐKKD":null,"Số giấy phép bưu chính":"55/GP-BTTTT","Ngày bắt đầu hoạt động":null,"Tình trạng hoạt động":"Đang hoạt động","layer_id":368,"fid":1160,"label":"Bưu điện tỉnh Vĩnh Long"}},{"type":"Feature","geometry":{"type":"Point","coordinates":[106.224291,9.73170807]},"properties":{"Doanh nghiệp bưu chính chuyển phát":"Bưu điện tỉnh Vĩnh Long","Điểm phục vụ bưu chính":"BĐVHX Tân Sơn","Địa chỉ":"ấp Đồn Điền, xã Tập Sơn, tỉnh Vĩnh Long","Điện thoại":"356913830","Số giấy phép ĐKKD":null,"Số giấy phép bưu chính":"55/GP-BTTTT","Ngày bắt đầu hoạt động":null,"Tình trạng hoạt động":"Đang hoạt động","layer_id":368,"fid":1161,"label":"Bưu điện tỉnh Vĩnh Long"}},{"type":"Feature","geometry":{"type":"Point","coordinates":[106.340881,9.708505037]},"properties":{"Doanh nghiệp bưu chính chuyển phát":"Bưu điện tỉnh Vĩnh Long","Điểm phục vụ bưu chính":"BĐVHX Long Hiệp","Địa chỉ":"ấp Chợ, xã Long Hiệp, tỉnh Vĩnh Long","Điện thoại":"916093075","Số giấy phép ĐKKD":null,"Số giấy phép bưu chính":"55/GP-BTTTT","Ngày bắt đầu hoạt động":null,"Tình trạng hoạt động":"Đang hoạt động","layer_id":368,"fid":1162,"label":"Bưu điện tỉnh Vĩnh Long"}},{"type":"Feature","geometry":{"type":"Point","coordinates":[106.3358322,9.726943047]},"properties":{"Doanh nghiệp bưu chính chuyển phát":"Bưu điện tỉnh Vĩnh Long","Điểm phục vụ bưu chính":"BĐVHX Tân Hiệp","Địa chỉ":"ấp Long Trường, xã Long Hiệp, tỉnh Vĩnh Long","Điện thoại":"762829757","Số giấy phép ĐKKD":null,"Số giấy phép bưu chính":"55/GP-BTTTT","Ngày bắt đầu hoạt động":null,"Tình trạng hoạt động":"Đang hoạt động","layer_id":368,"fid":1163,"label":"Bưu điện tỉnh Vĩnh Long"}},{"type":"Feature","geometry":{"type":"Point","coordinates":[106.345401,9.69350968]},"properties":{"Doanh nghiệp bưu chính chuyển phát":"Bưu điện tỉnh Vĩnh Long","Điểm phục vụ bưu chính":"BĐVHX Ngọc Biên","Địa chỉ":"ấp Ba Cụm, xã Long Hiệp, tỉnh Vĩnh Long","Điện thoại":"383737382","Số giấy phép ĐKKD":null,"Số giấy phép bưu chính":"55/GP-BTTTT","Ngày bắt đầu hoạt động":null,"Tình trạng hoạt động":"Đang hoạt động","layer_id":368,"fid":1164,"label":"Bưu điện tỉnh Vĩnh Long"}},{"type":"Feature","geometry":{"type":"Point","coordinates":[106.2923773,9.670781915]},"properties":{"Doanh nghiệp bưu chính chuyển phát":"Bưu điện tỉnh Vĩnh Long","Điểm phục vụ bưu chính":"BĐVHX Hàm Giang","Địa chỉ":"ấp Trà Tro A, xã Hàm Giang, tỉnh Vĩnh Long","Điện thoại":"839082555","Số giấy phép ĐKKD":null,"Số giấy phép bưu chính":"55/GP-BTTTT","Ngày bắt đầu hoạt động":null,"Tình trạng hoạt động":"Đang hoạt động","layer_id":368,"fid":1165,"label":"Bưu điện tỉnh Vĩnh Long"}},{"type":"Feature","geometry":{"type":"Point","coordinates":[106.253005,9.676182]},"properties":{"Doanh nghiệp bưu chính chuyển phát":"Bưu điện tỉnh Vĩnh Long","Điểm phục vụ bưu chính":"BĐVHX Kim Sơn","Địa chỉ":"ấp Trà Cú A, xã Hàm Giang, tỉnh Vĩnh Long","Điện thoại":"337433515","Số giấy phép ĐKKD":null,"Số giấy phép bưu chính":"55/GP-BTTTT","Ngày bắt đầu hoạt động":null,"Tình trạng hoạt động":"Đang hoạt động","layer_id":368,"fid":1166,"label":"Bưu điện tỉnh Vĩnh Long"}},{"type":"Feature","geometry":{"type":"Point","coordinates":[106.2793289,9.65691671]},"properties":{"Doanh nghiệp bưu chính chuyển phát":"Bưu điện tỉnh Vĩnh Long","Điểm phục vụ bưu chính":"BĐVHX Hàm Tân","Địa chỉ":"ấp Vàm Ray A, xã Hàm Giang, tỉnh Vĩnh Long","Điện thoại":null,"Số giấy phép ĐKKD":null,"Số giấy phép bưu chính":"55/GP-BTTTT","Ngày bắt đầu hoạt động":null,"Tình trạng hoạt động":"Tạm dừng","layer_id":368,"fid":1167,"label":"Bưu điện tỉnh Vĩnh Long"}},{"type":"Feature","geometry":{"type":"Point","coordinates":[106.1841472,9.724536578]},"properties":{"Doanh nghiệp bưu chính chuyển phát":"Bưu điện tỉnh Vĩnh Long","Điểm phục vụ bưu chính":"BĐVHX An Quãng Hữu","Địa chỉ":"ấp Chợ, xã Lưu Nghiệp Anh, tỉnh Vĩnh Long","Điện thoại":"907276600","Số giấy phép ĐKKD":null,"Số giấy phép bưu chính":"55/GP-BTTTT","Ngày bắt đầu hoạt động":null,"Tình trạng hoạt động":"Đang hoạt động","layer_id":368,"fid":1168,"label":"Bưu điện tỉnh Vĩnh Long"}},{"type":"Feature","geometry":{"type":"Point","coordinates":[106.2198081,9.69866435]},"properties":{"Doanh nghiệp bưu chính chuyển phát":"Bưu điện tỉnh Vĩnh Long","Điểm phục vụ bưu chính":"BĐVHX Lưu Nghiệp Anh","Địa chỉ":"ấp Chợ, xã Lưu Nghiệp Anh, tỉnh Vĩnh Long","Điện thoại":"965860421","Số giấy phép ĐKKD":null,"Số giấy phép bưu chính":"55/GP-BTTTT","Ngày bắt đầu hoạt động":null,"Tình trạng hoạt động":"Đang hoạt động","layer_id":368,"fid":1169,"label":"Bưu điện tỉnh Vĩnh Long"}},{"type":"Feature","geometry":{"type":"Point","coordinates":[106.452407,9.795399869]},"properties":{"Doanh nghiệp bưu chính chuyển phát":"Bưu điện tỉnh Vĩnh Long","Điểm phục vụ bưu chính":"BĐKV Cầu Ngang","Địa chỉ":"Số 293, Đường 3/2, ấp Minh Thuận B, xã Cầu Ngang, tĩnh Vĩnh Long","Điện thoại":"2943825444","Số giấy phép ĐKKD":null,"Số giấy phép bưu chính":"55/GP-BTTTT","Ngày bắt đầu hoạt động":null,"Tình trạng hoạt động":"Đang hoạt động","layer_id":368,"fid":1170,"label":"Bưu điện tỉnh Vĩnh Long"}},{"type":"Feature","geometry":{"type":"Point","coordinates":[106.454391,9.813497]},"properties":{"Doanh nghiệp bưu chính chuyển phát":"Bưu điện tỉnh Vĩnh Long","Điểm phục vụ bưu chính":"BĐVHX Mỹ Hòa","Địa chỉ":"ấp Mỹ Cẩm B, xã Cầu Ngang, tĩnh Vĩnh Long","Điện thoại":"919549743","Số giấy phép ĐKKD":null,"Số giấy phép bưu chính":"55/GP-BTTTT","Ngày bắt đầu hoạt động":null,"Tình trạng hoạt động":"Đang hoạt động","layer_id":368,"fid":1171,"label":"Bưu điện tỉnh Vĩnh Long"}},{"type":"Feature","geometry":{"type":"Point","coordinates":[106.4472803,9.77559959]},"properties":{"Doanh nghiệp bưu chính chuyển phát":"Bưu điện tỉnh Vĩnh Long","Điểm phục vụ bưu chính":"BĐVHX Thuận Hòa","Địa chỉ":"ấp Nô Công, xã Cầu Ngang, tĩnh Vĩnh Long","Điện thoại":"906430751","Số giấy phép ĐKKD":null,"Số giấy phép bưu chính":"55/GP-BTTTT","Ngày bắt đầu hoạt động":null,"Tình trạng hoạt động":"Đang hoạt động","layer_id":368,"fid":1172,"label":"Bưu điện tỉnh Vĩnh Long"}},{"type":"Feature","geometry":{"type":"Point","coordinates":[106.4081667,9.857746124]},"properties":{"Doanh nghiệp bưu chính chuyển phát":"Bưu điện tỉnh Vĩnh Long","Điểm phục vụ bưu chính":"BĐVHX Kim Hòa","Địa chỉ":"ấp Trà Cuôn, xã Vinh Kim, tỉnh Vĩnh Long","Điện thoại":"338568837","Số giấy phép ĐKKD":null,"Số giấy phép bưu chính":"55/GP-BTTTT","Ngày bắt đầu hoạt động":null,"Tình trạng hoạt động":"Đang hoạt động","layer_id":368,"fid":1173,"label":"Bưu điện tỉnh Vĩnh Long"}},{"type":"Feature","geometry":{"type":"Point","coordinates":[106.4509351,9.85163626]},"properties":{"Doanh nghiệp bưu chính chuyển phát":"Bưu điện tỉnh Vĩnh Long","Điểm phục vụ bưu chính":"BĐVHX Vinh Kim","Địa chỉ":"ấp Chà Và, xã Vinh Kim, tỉnh Vĩnh Long","Điện thoại":"978556956","Số giấy phép ĐKKD":null,"Số giấy phép bưu chính":"55/GP-BTTTT","Ngày bắt đầu hoạt động":null,"Tình trạng hoạt động":"Đang hoạt động","layer_id":368,"fid":1174,"label":"Bưu điện tỉnh Vĩnh Long"}},{"type":"Feature","geometry":{"type":"Point","coordinates":[106.5076385,9.80945052]},"properties":{"Doanh nghiệp bưu chính chuyển phát":"Bưu điện tỉnh Vĩnh Long","Điểm phục vụ bưu chính":"BĐVHX Mỹ Long","Địa chỉ":"ấp 2, xã Mỹ Long, tỉnh Vĩnh Long","Điện thoại":"949727696","Số giấy phép ĐKKD":null,"Số giấy phép bưu chính":"55/GP-BTTTT","Ngày bắt đầu hoạt động":null,"Tình trạng hoạt động":"Đang hoạt động","layer_id":368,"fid":1175,"label":"Bưu điện tỉnh Vĩnh Long"}},{"type":"Feature","geometry":{"type":"Point","coordinates":[106.4816789,9.82290332]},"properties":{"Doanh nghiệp bưu chính chuyển phát":"Bưu điện tỉnh Vĩnh Long","Điểm phục vụ bưu chính":"BĐVHX Mỹ Long Bắc","Địa chỉ":"ấp Bến Kinh, xã Mỹ Long, tỉnh Vĩnh Long","Điện thoại":null,"Số giấy phép ĐKKD":null,"Số giấy phép bưu chính":"55/GP-BTTTT","Ngày bắt đầu hoạt động":null,"Tình trạng hoạt động":"Tạm dừng","layer_id":368,"fid":1176,"label":"Bưu điện tỉnh Vĩnh Long"}},{"type":"Feature","geometry":{"type":"Point","coordinates":[106.51929,9.753375]},"properties":{"Doanh nghiệp bưu chính chuyển phát":"Bưu điện tỉnh Vĩnh Long","Điểm phục vụ bưu chính":"BĐVHX Mỹ Long Nam","Địa chỉ":"ấp 4, xã Mỹ Long, tỉnh Vĩnh Long","Điện thoại":"963544949","Số giấy phép ĐKKD":null,"Số giấy phép bưu chính":"55/GP-BTTTT","Ngày bắt đầu hoạt động":null,"Tình trạng hoạt động":"Đang hoạt động","layer_id":368,"fid":1177,"label":"Bưu điện tỉnh Vĩnh Long"}},{"type":"Feature","geometry":{"type":"Point","coordinates":[106.491089,9.76788622]},"properties":{"Doanh nghiệp bưu chính chuyển phát":"Bưu điện tỉnh Vĩnh Long","Điểm phục vụ bưu chính":"BĐVHX Hiệp Mỹ Đông","Địa chỉ":"ấp Cái Già Trên, xã Hiệp Mỹ, tỉnh Vĩnh Long","Điện thoại":"376510111","Số giấy phép ĐKKD":null,"Số giấy phép bưu chính":"55/GP-BTTTT","Ngày bắt đầu hoạt động":null,"Tình trạng hoạt động":"Đang hoạt động","layer_id":368,"fid":1178,"label":"Bưu điện tỉnh Vĩnh Long"}},{"type":"Feature","geometry":{"type":"Point","coordinates":[106.4418151,9.75205843]},"properties":{"Doanh nghiệp bưu chính chuyển phát":"Bưu điện tỉnh Vĩnh Long","Điểm phục vụ bưu chính":"BĐVHX Long Sơn","Địa chỉ":"ấp Sơn Lang, xã Hiệp Mỹ, tỉnh Vĩnh Long","Điện thoại":"865901195","Số giấy phép ĐKKD":null,"Số giấy phép bưu chính":"55/GP-BTTTT","Ngày bắt đầu hoạt động":null,"Tình trạng hoạt động":"Đang hoạt động","layer_id":368,"fid":1179,"label":"Bưu điện tỉnh Vĩnh Long"}},{"type":"Feature","geometry":{"type":"Point","coordinates":[106.4766657,9.73248606]},"properties":{"Doanh nghiệp bưu chính chuyển phát":"Bưu điện tỉnh Vĩnh Long","Điểm phục vụ bưu chính":"BĐVHX Hiệp Mỹ Tây","Địa chỉ":"ấp Chợ, xã Hiệp Mỹ, tỉnh Vĩnh Long","Điện thoại":"915644339","Số giấy phép ĐKKD":null,"Số giấy phép bưu chính":"55/GP-BTTTT","Ngày bắt đầu hoạt động":null,"Tình trạng hoạt động":"Đang hoạt động","layer_id":368,"fid":1180,"label":"Bưu điện tỉnh Vĩnh Long"}},{"type":"Feature","geometry":{"type":"Point","coordinates":[106.4077858,9.81109557]},"properties":{"Doanh nghiệp bưu chính chuyển phát":"Bưu điện tỉnh Vĩnh Long","Điểm phục vụ bưu chính":"BĐVHX Hiệp Hòa","Địa chỉ":"ấp Hoà Lục, xã Nhị Trường, tỉnh Vĩnh Long","Điện thoại":"827742342","Số giấy phép ĐKKD":null,"Số giấy phép bưu chính":"55/GP-BTTTT","Ngày bắt đầu hoạt động":null,"Tình trạng hoạt động":"Đang hoạt động","layer_id":368,"fid":1181,"label":"Bưu điện tỉnh Vĩnh Long"}},{"type":"Feature","geometry":{"type":"Point","coordinates":[106.3891043,9.75607273]},"properties":{"Doanh nghiệp bưu chính chuyển phát":"Bưu điện tỉnh Vĩnh Long","Điểm phục vụ bưu chính":"BĐVHX Nhị Trường","Địa chỉ":"ấp Nô Lựa, xã Nhị Trường, tỉnh Vĩnh Long","Điện thoại":"917767829","Số giấy phép ĐKKD":null,"Số giấy phép bưu chính":"55/GP-BTTTT","Ngày bắt đầu hoạt động":null,"Tình trạng hoạt động":"Đang hoạt động","layer_id":368,"fid":1182,"label":"Bưu điện tỉnh Vĩnh Long"}},{"type":"Feature","geometry":{"type":"Point","coordinates":[106.3716041,9.77165284]},"properties":{"Doanh nghiệp bưu chính chuyển phát":"Bưu điện tỉnh Vĩnh Long","Điểm phục vụ bưu chính":"BĐVHX Trường Thọ","Địa chỉ":"ấp Sóc Cụt, xã Nhị Trường, tỉnh Vĩnh Long","Điện thoại":"906430751","Số giấy phép ĐKKD":null,"Số giấy phép bưu chính":"55/GP-BTTTT","Ngày bắt đầu hoạt động":null,"Tình trạng hoạt động":"Đang hoạt động","layer_id":368,"fid":1183,"label":"Bưu điện tỉnh Vĩnh Long"}},{"type":"Feature","geometry":{"type":"Point","coordinates":[106.4954044,9.632817341]},"properties":{"Doanh nghiệp bưu chính chuyển phát":"Bưu điện tỉnh Vĩnh Long","Điểm phục vụ bưu chính":"BĐKV Duyên Hải","Địa chỉ":"Số 4, Điện Biên Phủ, Phường Duyên Hải, tỉnh Vĩnh Long","Điện thoại":"2943833100","Số giấy phép ĐKKD":null,"Số giấy phép bưu chính":"55/GP-BTTTT","Ngày bắt đầu hoạt động":null,"Tình trạng hoạt động":"Đang hoạt động","layer_id":368,"fid":1184,"label":"Bưu điện tỉnh Vĩnh Long"}},{"type":"Feature","geometry":{"type":"Point","coordinates":[106.5201657,9.59880538]},"properties":{"Doanh nghiệp bưu chính chuyển phát":"Bưu điện tỉnh Vĩnh Long","Điểm phục vụ bưu chính":"BĐVHX Dân Thành","Địa chỉ":"ấp Giồng Giếng, Phường Duyên Hải, tỉnh Vĩnh Long","Điện thoại":"2943739100","Số giấy phép ĐKKD":null,"Số giấy phép bưu chính":"55/GP-BTTTT","Ngày bắt đầu hoạt động":null,"Tình trạng hoạt động":"Đang hoạt động","layer_id":368,"fid":1185,"label":"Bưu điện tỉnh Vĩnh Long"}},{"type":"Feature","geometry":{"type":"Point","coordinates":[106.4829742,9.646384461]},"properties":{"Doanh nghiệp bưu chính chuyển phát":"Bưu điện tỉnh Vĩnh Long","Điểm phục vụ bưu chính":"BĐVHX Long Toàn","Địa chỉ":"khóm Phước Trị, Phường Duyên Hải, tỉnh Vĩnh Long","Điện thoại":null,"Số giấy phép ĐKKD":null,"Số giấy phép bưu chính":"55/GP-BTTTT","Ngày bắt đầu hoạt động":null,"Tình trạng hoạt động":"Tạm dừng","layer_id":368,"fid":1186,"label":"Bưu điện tỉnh Vĩnh Long"}},{"type":"Feature","geometry":{"type":"Point","coordinates":[106.5097093,9.686031]},"properties":{"Doanh nghiệp bưu chính chuyển phát":"Bưu điện tỉnh Vĩnh Long","Điểm phục vụ bưu chính":"Bưu Cục 3 Phường 2","Địa chỉ":"khóm 1, phường Trường Long Hoà, tỉnh Vĩnh Long","Điện thoại":"2943836200","Số giấy phép ĐKKD":null,"Số giấy phép bưu chính":"55/GP-BTTTT","Ngày bắt đầu hoạt động":null,"Tình trạng hoạt động":"Đang hoạt động","layer_id":368,"fid":1187,"label":"Bưu điện tỉnh Vĩnh Long"}},{"type":"Feature","geometry":{"type":"Point","coordinates":[106.5589148,9.67512983]},"properties":{"Doanh nghiệp bưu chính chuyển phát":"Bưu điện tỉnh Vĩnh Long","Điểm phục vụ bưu chính":"BĐVHX Trường Long Hòa","Địa chỉ":"khóm Ba Động, phường Trường Long Hoà, tỉnh Vĩnh Long","Điện thoại":"918687849","Số giấy phép ĐKKD":null,"Số giấy phép bưu chính":"55/GP-BTTTT","Ngày bắt đầu hoạt động":null,"Tình trạng hoạt động":"Đang hoạt động","layer_id":368,"fid":1188,"label":"Bưu điện tỉnh Vĩnh Long"}},{"type":"Feature","geometry":{"type":"Point","coordinates":[106.5494308,9.73876668]},"properties":{"Doanh nghiệp bưu chính chuyển phát":"Bưu điện tỉnh Vĩnh Long","Điểm phục vụ bưu chính":"BĐVHX Hiệp Thạnh","Địa chỉ":"ấp Cây Da, xã Long Hữu, tỉnh Vĩnh Long","Điện thoại":"378522572","Số giấy phép ĐKKD":null,"Số giấy phép bưu chính":"55/GP-BTTTT","Ngày bắt đầu hoạt động":null,"Tình trạng hoạt động":"Đang hoạt động","layer_id":368,"fid":1189,"label":"Bưu điện tỉnh Vĩnh Long"}},{"type":"Feature","geometry":{"type":"Point","coordinates":[106.4872467,9.67895286]},"properties":{"Doanh nghiệp bưu chính chuyển phát":"Bưu điện tỉnh Vĩnh Long","Điểm phục vụ bưu chính":"BĐVHX Long Hữu","Địa chỉ":"ấp 17, xã Long Hữu, tỉnh Vĩnh Long","Điện thoại":"975317901","Số giấy phép ĐKKD":null,"Số giấy phép bưu chính":"55/GP-BTTTT","Ngày bắt đầu hoạt động":null,"Tình trạng hoạt động":"Đang hoạt động","layer_id":368,"fid":1190,"label":"Bưu điện tỉnh Vĩnh Long"}},{"type":"Feature","geometry":{"type":"Point","coordinates":[106.3827449,9.65691349]},"properties":{"Doanh nghiệp bưu chính chuyển phát":"Bưu điện tỉnh Vĩnh Long","Điểm phục vụ bưu chính":"BĐVHX Đôn Châu","Địa chỉ":"ấp La Bang Chợ, xã Đôn Châu, tỉnh Vĩnh Long","Điện thoại":"944933912","Số giấy phép ĐKKD":null,"Số giấy phép bưu chính":"55/GP-BTTTT","Ngày bắt đầu hoạt động":null,"Tình trạng hoạt động":"Đang hoạt động","layer_id":368,"fid":1191,"label":"Bưu điện tỉnh Vĩnh Long"}},{"type":"Feature","geometry":{"type":"Point","coordinates":[106.3414442,9.643350949]},"properties":{"Doanh nghiệp bưu chính chuyển phát":"Bưu điện tỉnh Vĩnh Long","Điểm phục vụ bưu chính":"BĐVHX Đôn Xuân","Địa chỉ":"ấp Chợ, xã Đôn Châu, tỉnh Vĩnh Long","Điện thoại":"941861601","Số giấy phép ĐKKD":null,"Số giấy phép bưu chính":"55/GP-BTTTT","Ngày bắt đầu hoạt động":null,"Tình trạng hoạt động":"Đang hoạt động","layer_id":368,"fid":1192,"label":"Bưu điện tỉnh Vĩnh Long"}},{"type":"Feature","geometry":{"type":"Point","coordinates":[106.4285552,9.665887138]},"properties":{"Doanh nghiệp bưu chính chuyển phát":"Bưu điện tỉnh Vĩnh Long","Điểm phục vụ bưu chính":"BĐVHX Ngũ Lạc","Địa chỉ":"ấp Rọ Say, xã Ngũ Lạc, tỉnh Vĩnh Long","Điện thoại":"327511509","Số giấy phép ĐKKD":null,"Số giấy phép bưu chính":"55/GP-BTTTT","Ngày bắt đầu hoạt động":null,"Tình trạng hoạt động":"Đang hoạt động","layer_id":368,"fid":1193,"label":"Bưu điện tỉnh Vĩnh Long"}},{"type":"Feature","geometry":{"type":"Point","coordinates":[106.4451419,9.70601355]},"properties":{"Doanh nghiệp bưu chính chuyển phát":"Bưu điện tỉnh Vĩnh Long","Điểm phục vụ bưu chính":"BĐVHX Thạnh Hòa Sơn","Địa chỉ":"ấp Lạc Thạnh A, xã Ngũ Lạc, tỉnh Vĩnh Long","Điện thoại":"373859161","Số giấy phép ĐKKD":null,"Số giấy phép bưu chính":"55/GP-BTTTT","Ngày bắt đầu hoạt động":null,"Tình trạng hoạt động":"Đang hoạt động","layer_id":368,"fid":1194,"label":"Bưu điện tỉnh Vĩnh Long"}},{"type":"Feature","geometry":{"type":"Point","coordinates":[106.4351365,9.552045392]},"properties":{"Doanh nghiệp bưu chính chuyển phát":"Bưu điện tỉnh Vĩnh Long","Điểm phục vụ bưu chính":"BĐVHX Đông Hải","Địa chỉ":"ấp Định An, xã Đông Hải, tỉnh Vĩnh Long","Điện thoại":"2943737121","Số giấy phép ĐKKD":null,"Số giấy phép bưu chính":"55/GP-BTTTT","Ngày bắt đầu hoạt động":null,"Tình trạng hoạt động":"Đang hoạt động","layer_id":368,"fid":1195,"label":"Bưu điện tỉnh Vĩnh Long"}},{"type":"Feature","geometry":{"type":"Point","coordinates":[106.4404055,9.60869181]},"properties":{"Doanh nghiệp bưu chính chuyển phát":"Bưu điện tỉnh Vĩnh Long","Điểm phục vụ bưu chính":"BĐVHX Long Thành","Địa chỉ":"ấp 5, xã Long Thành, tỉnh Vĩnh Long","Điện thoại":"945225969","Số giấy phép ĐKKD":null,"Số giấy phép bưu chính":"55/GP-BTTTT","Ngày bắt đầu hoạt động":null,"Tình trạng hoạt động":"Đang hoạt động","layer_id":368,"fid":1196,"label":"Bưu điện tỉnh Vĩnh Long"}},{"type":"Feature","geometry":{"type":"Point","coordinates":[106.4289798,9.596125872]},"properties":{"Doanh nghiệp bưu chính chuyển phát":"Bưu điện tỉnh Vĩnh Long","Điểm phục vụ bưu chính":"BĐVHX Long Khánh","Địa chỉ":"ấp Cái Đôi, xã Long Thành, tỉnh Vĩnh Long","Điện thoại":null,"Số giấy phép ĐKKD":null,"Số giấy phép bưu chính":"55/GP-BTTTT","Ngày bắt đầu hoạt động":null,"Tình trạng hoạt động":"Tạm dừng","layer_id":368,"fid":1197,"label":"Bưu điện tỉnh Vĩnh Long"}},{"type":"Feature","geometry":{"type":"Point","coordinates":[106.354115,9.603792579]},"properties":{"Doanh nghiệp bưu chính chuyển phát":"Bưu điện tỉnh Vĩnh Long","Điểm phục vụ bưu chính":"BĐVHX Long Vĩnh","Địa chỉ":"ấp Kinh Đào, xã Long Vĩnh, tỉnh Vĩnh Long","Điện thoại":"327467754","Số giấy phép ĐKKD":null,"Số giấy phép bưu chính":"55/GP-BTTTT","Ngày bắt đầu hoạt động":null,"Tình trạng hoạt động":"Đang hoạt động","layer_id":368,"fid":1198,"label":"Bưu điện tỉnh Vĩnh Long"}}]}
